step,tag
11,reward,1,6.992925484031147,6.993,SF-P3O-NoFisher,Hopper-v4,1
25,reward,2,12.607426946363747,9.8,SF-P3O-NoFisher,Hopper-v4,1
46,reward,3,17.583749579192762,12.395,SF-P3O-NoFisher,Hopper-v4,1
64,reward,4,11.458202601243878,12.161,SF-P3O-NoFisher,Hopper-v4,1
84,reward,5,13.868098255050754,12.502,SF-P3O-NoFisher,Hopper-v4,1
98,reward,6,6.538588062385245,11.508,SF-P3O-NoFisher,Hopper-v4,1
111,reward,7,9.805011146074124,11.265,SF-P3O-NoFisher,Hopper-v4,1
130,reward,8,8.87040993945974,10.966,SF-P3O-NoFisher,Hopper-v4,1
141,reward,9,7.272588877239265,10.555,SF-P3O-NoFisher,Hopper-v4,1
153,reward,10,3.5437127974656786,9.854,SF-P3O-NoFisher,Hopper-v4,1
172,reward,11,7.79478498298761,9.934,SF-P3O-NoFisher,Hopper-v4,1
223,reward,12,77.48487441445559,16.422,SF-P3O-NoFisher,Hopper-v4,1
231,reward,13,4.778030863050057,15.141,SF-P3O-NoFisher,Hopper-v4,1
245,reward,14,6.904388733067201,14.686,SF-P3O-NoFisher,Hopper-v4,1
271,reward,15,32.90157451220038,16.589,SF-P3O-NoFisher,Hopper-v4,1
286,reward,16,8.409988781218324,16.777,SF-P3O-NoFisher,Hopper-v4,1
303,reward,17,7.216270838894857,16.518,SF-P3O-NoFisher,Hopper-v4,1
322,reward,18,10.225888711022018,16.653,SF-P3O-NoFisher,Hopper-v4,1
350,reward,19,19.15016601883226,17.841,SF-P3O-NoFisher,Hopper-v4,1
362,reward,20,4.213867629528502,17.908,SF-P3O-NoFisher,Hopper-v4,1
384,reward,21,12.216710831843637,18.35,SF-P3O-NoFisher,Hopper-v4,1
399,reward,22,9.9316384635768,11.595,SF-P3O-NoFisher,Hopper-v4,1
428,reward,23,9.40705461664156,12.058,SF-P3O-NoFisher,Hopper-v4,1
449,reward,24,15.46354641199968,12.914,SF-P3O-NoFisher,Hopper-v4,1
457,reward,25,5.113951841624641,10.135,SF-P3O-NoFisher,Hopper-v4,1
468,reward,26,7.444949795191541,10.038,SF-P3O-NoFisher,Hopper-v4,1
477,reward,27,5.674841396490003,9.884,SF-P3O-NoFisher,Hopper-v4,1
495,reward,28,11.742625339210544,10.036,SF-P3O-NoFisher,Hopper-v4,1
519,reward,29,20.27987548642693,10.149,SF-P3O-NoFisher,Hopper-v4,1
533,reward,30,4.075605733748507,10.135,SF-P3O-NoFisher,Hopper-v4,1
547,reward,31,10.998594317741201,10.013,SF-P3O-NoFisher,Hopper-v4,1
579,reward,32,30.63049080939853,12.083,SF-P3O-NoFisher,Hopper-v4,1
628,reward,33,59.393680985534104,17.082,SF-P3O-NoFisher,Hopper-v4,1
641,reward,34,9.878490930023272,16.523,SF-P3O-NoFisher,Hopper-v4,1
664,reward,35,4.501026859427171,16.462,SF-P3O-NoFisher,Hopper-v4,1
678,reward,36,5.0232627545667565,16.22,SF-P3O-NoFisher,Hopper-v4,1
694,reward,37,8.447098405859718,16.497,SF-P3O-NoFisher,Hopper-v4,1
728,reward,38,25.17444310089075,17.84,SF-P3O-NoFisher,Hopper-v4,1
739,reward,39,5.416323524837507,16.354,SF-P3O-NoFisher,Hopper-v4,1
758,reward,40,9.051889321682541,16.852,SF-P3O-NoFisher,Hopper-v4,1
774,reward,41,6.485801683236573,16.4,SF-P3O-NoFisher,Hopper-v4,1
811,reward,42,20.41822539632927,15.379,SF-P3O-NoFisher,Hopper-v4,1
845,reward,43,12.727309287312853,10.712,SF-P3O-NoFisher,Hopper-v4,1
861,reward,44,14.476261575572677,11.172,SF-P3O-NoFisher,Hopper-v4,1
878,reward,45,8.685915603319453,11.591,SF-P3O-NoFisher,Hopper-v4,1
893,reward,46,9.057300312716217,11.994,SF-P3O-NoFisher,Hopper-v4,1
913,reward,47,8.601686330291177,12.01,SF-P3O-NoFisher,Hopper-v4,1
932,reward,48,19.981742079822002,11.49,SF-P3O-NoFisher,Hopper-v4,1
946,reward,49,6.7520724265704715,11.624,SF-P3O-NoFisher,Hopper-v4,1
965,reward,50,17.223068596006417,12.441,SF-P3O-NoFisher,Hopper-v4,1
985,reward,51,16.925560967582417,13.485,SF-P3O-NoFisher,Hopper-v4,1
1031,reward,52,17.768966414198403,13.22,SF-P3O-NoFisher,Hopper-v4,1
1047,reward,53,16.53044458629632,13.6,SF-P3O-NoFisher,Hopper-v4,1
1061,reward,54,5.209843020540238,12.674,SF-P3O-NoFisher,Hopper-v4,1
1077,reward,55,11.153635299940582,12.92,SF-P3O-NoFisher,Hopper-v4,1
1087,reward,56,5.330231952807516,12.548,SF-P3O-NoFisher,Hopper-v4,1
1098,reward,57,9.100104072671938,12.598,SF-P3O-NoFisher,Hopper-v4,1
1127,reward,58,21.700986791535396,12.769,SF-P3O-NoFisher,Hopper-v4,1
1138,reward,59,4.946959874984556,12.589,SF-P3O-NoFisher,Hopper-v4,1
1149,reward,60,8.0062117562029,11.667,SF-P3O-NoFisher,Hopper-v4,1
1184,reward,61,10.37688532283391,11.012,SF-P3O-NoFisher,Hopper-v4,1
1193,reward,62,4.877232800133085,9.723,SF-P3O-NoFisher,Hopper-v4,1
1207,reward,63,13.274945051759394,9.398,SF-P3O-NoFisher,Hopper-v4,1
1219,reward,64,10.103212491571668,9.887,SF-P3O-NoFisher,Hopper-v4,1
1261,reward,65,43.56054781291198,13.128,SF-P3O-NoFisher,Hopper-v4,1
1284,reward,66,8.018606978152846,13.397,SF-P3O-NoFisher,Hopper-v4,1
1301,reward,67,8.420100904576714,13.329,SF-P3O-NoFisher,Hopper-v4,1
1319,reward,68,11.352114507137523,12.294,SF-P3O-NoFisher,Hopper-v4,1
1345,reward,69,10.170356719298418,12.816,SF-P3O-NoFisher,Hopper-v4,1
1363,reward,70,12.151398620445784,13.231,SF-P3O-NoFisher,Hopper-v4,1
1374,reward,71,9.646243599155191,13.157,SF-P3O-NoFisher,Hopper-v4,1
1396,reward,72,12.264093075100108,13.896,SF-P3O-NoFisher,Hopper-v4,1
1409,reward,73,6.511517106468543,13.22,SF-P3O-NoFisher,Hopper-v4,1
1445,reward,74,21.382503724013183,14.348,SF-P3O-NoFisher,Hopper-v4,1
1460,reward,75,11.725823012228757,11.164,SF-P3O-NoFisher,Hopper-v4,1
1473,reward,76,10.268973338600683,11.389,SF-P3O-NoFisher,Hopper-v4,1
1498,reward,77,23.13907831300799,12.861,SF-P3O-NoFisher,Hopper-v4,1
1507,reward,78,4.253216886367717,12.151,SF-P3O-NoFisher,Hopper-v4,1
1526,reward,79,10.83601560157349,12.218,SF-P3O-NoFisher,Hopper-v4,1
1535,reward,80,3.494619143502381,11.352,SF-P3O-NoFisher,Hopper-v4,1
1560,reward,81,5.391429472911064,10.927,SF-P3O-NoFisher,Hopper-v4,1
1577,reward,82,6.359387031500754,10.336,SF-P3O-NoFisher,Hopper-v4,1
1600,reward,83,20.372396492367713,11.722,SF-P3O-NoFisher,Hopper-v4,1
1614,reward,84,4.901373906501252,10.074,SF-P3O-NoFisher,Hopper-v4,1
1626,reward,85,6.428778251981692,9.545,SF-P3O-NoFisher,Hopper-v4,1
1641,reward,86,4.687507811114195,8.986,SF-P3O-NoFisher,Hopper-v4,1
1656,reward,87,9.110695033421624,7.584,SF-P3O-NoFisher,Hopper-v4,1
1665,reward,88,4.273995399327336,7.586,SF-P3O-NoFisher,Hopper-v4,1
1674,reward,89,6.398911918719091,7.142,SF-P3O-NoFisher,Hopper-v4,1
1686,reward,90,3.5379510097489013,7.146,SF-P3O-NoFisher,Hopper-v4,1
1700,reward,91,7.056590163424838,7.313,SF-P3O-NoFisher,Hopper-v4,1
1708,reward,92,5.502002093642099,7.227,SF-P3O-NoFisher,Hopper-v4,1
1722,reward,93,5.677444789222567,5.758,SF-P3O-NoFisher,Hopper-v4,1
1739,reward,94,10.724640983744788,6.34,SF-P3O-NoFisher,Hopper-v4,1
1751,reward,95,4.36291993487689,6.133,SF-P3O-NoFisher,Hopper-v4,1
1763,reward,96,10.120314500114393,6.677,SF-P3O-NoFisher,Hopper-v4,1
1779,reward,97,9.684734116390182,6.734,SF-P3O-NoFisher,Hopper-v4,1
1792,reward,98,5.904244027988467,6.897,SF-P3O-NoFisher,Hopper-v4,1
1819,reward,99,6.5769938040212645,6.915,SF-P3O-NoFisher,Hopper-v4,1
1832,reward,100,7.836453901713674,7.345,SF-P3O-NoFisher,Hopper-v4,1
1861,reward,101,7.711841776668506,7.41,SF-P3O-NoFisher,Hopper-v4,1
1872,reward,102,7.954249694790044,7.655,SF-P3O-NoFisher,Hopper-v4,1
1884,reward,103,4.375831655509186,7.525,SF-P3O-NoFisher,Hopper-v4,1
1910,reward,104,7.983065605372147,7.251,SF-P3O-NoFisher,Hopper-v4,1
1966,reward,105,80.09424686985078,14.824,SF-P3O-NoFisher,Hopper-v4,1
1982,reward,106,9.096835620883674,14.722,SF-P3O-NoFisher,Hopper-v4,1
1995,reward,107,10.034837453908578,14.757,SF-P3O-NoFisher,Hopper-v4,1
2006,reward,108,5.34595946047809,14.701,SF-P3O-NoFisher,Hopper-v4,1
2025,reward,109,11.144210617235622,15.158,SF-P3O-NoFisher,Hopper-v4,1
2036,reward,110,7.2807382870712285,15.102,SF-P3O-NoFisher,Hopper-v4,1
2062,reward,111,18.597099935285783,16.191,SF-P3O-NoFisher,Hopper-v4,1
2075,reward,112,6.661230747223055,16.061,SF-P3O-NoFisher,Hopper-v4,1
2107,reward,113,33.86900803756585,19.011,SF-P3O-NoFisher,Hopper-v4,1
2126,reward,114,7.738933181811992,18.986,SF-P3O-NoFisher,Hopper-v4,1
2144,reward,115,5.887074750251038,11.566,SF-P3O-NoFisher,Hopper-v4,1
2156,reward,116,4.96087470530756,11.152,SF-P3O-NoFisher,Hopper-v4,1
2191,reward,117,11.749717189487656,11.323,SF-P3O-NoFisher,Hopper-v4,1
2226,reward,118,8.38785734187461,11.628,SF-P3O-NoFisher,Hopper-v4,1
2238,reward,119,8.431272780559866,11.356,SF-P3O-NoFisher,Hopper-v4,1
2255,reward,120,12.73741856928895,11.902,SF-P3O-NoFisher,Hopper-v4,1
2274,reward,121,8.307330123344414,10.873,SF-P3O-NoFisher,Hopper-v4,1
2295,reward,122,6.716171729839294,10.879,SF-P3O-NoFisher,Hopper-v4,1
2309,reward,123,6.44061174357851,8.136,SF-P3O-NoFisher,Hopper-v4,1
2322,reward,124,9.932074067514023,8.355,SF-P3O-NoFisher,Hopper-v4,1
2335,reward,125,6.491437416624868,8.415,SF-P3O-NoFisher,Hopper-v4,1
2350,reward,126,4.686682628502791,8.388,SF-P3O-NoFisher,Hopper-v4,1
2364,reward,127,4.6563114052624135,7.679,SF-P3O-NoFisher,Hopper-v4,1
2381,reward,128,8.345117560782507,7.674,SF-P3O-NoFisher,Hopper-v4,1
2400,reward,129,15.991613730209982,8.43,SF-P3O-NoFisher,Hopper-v4,1
2418,reward,130,15.910825702819162,8.748,SF-P3O-NoFisher,Hopper-v4,1
2430,reward,131,5.497628331223047,8.467,SF-P3O-NoFisher,Hopper-v4,1
2454,reward,132,5.938349762683218,8.389,SF-P3O-NoFisher,Hopper-v4,1
2465,reward,133,5.371589789791337,8.282,SF-P3O-NoFisher,Hopper-v4,1
2479,reward,134,8.856036633985939,8.175,SF-P3O-NoFisher,Hopper-v4,1
2492,reward,135,7.828817693083481,8.308,SF-P3O-NoFisher,Hopper-v4,1
2517,reward,136,10.600983951811905,8.9,SF-P3O-NoFisher,Hopper-v4,1
2527,reward,137,4.910752992362372,8.925,SF-P3O-NoFisher,Hopper-v4,1
2536,reward,138,4.9820333252999065,8.589,SF-P3O-NoFisher,Hopper-v4,1
2545,reward,139,4.164154290378258,7.406,SF-P3O-NoFisher,Hopper-v4,1
2561,reward,140,13.808179615398858,7.196,SF-P3O-NoFisher,Hopper-v4,1
2577,reward,141,8.686320959316953,7.515,SF-P3O-NoFisher,Hopper-v4,1
2593,reward,142,12.894486584849556,8.21,SF-P3O-NoFisher,Hopper-v4,1
2607,reward,143,6.512795663411744,8.324,SF-P3O-NoFisher,Hopper-v4,1
2623,reward,144,7.655493532317665,8.204,SF-P3O-NoFisher,Hopper-v4,1
2640,reward,145,7.24879983898029,8.146,SF-P3O-NoFisher,Hopper-v4,1
2657,reward,146,9.461159466870495,8.032,SF-P3O-NoFisher,Hopper-v4,1
2682,reward,147,19.11714848956386,9.453,SF-P3O-NoFisher,Hopper-v4,1
2730,reward,148,68.20990666114179,15.776,SF-P3O-NoFisher,Hopper-v4,1
2743,reward,149,10.272869493797357,16.387,SF-P3O-NoFisher,Hopper-v4,1
2753,reward,150,6.754202609193197,15.681,SF-P3O-NoFisher,Hopper-v4,1
2763,reward,151,7.399169079670551,15.553,SF-P3O-NoFisher,Hopper-v4,1
2789,reward,152,8.078762017987604,15.071,SF-P3O-NoFisher,Hopper-v4,1
2819,reward,153,20.961571477022204,16.516,SF-P3O-NoFisher,Hopper-v4,1
2831,reward,154,3.677438264097386,16.118,SF-P3O-NoFisher,Hopper-v4,1
2847,reward,155,9.176640883692576,16.311,SF-P3O-NoFisher,Hopper-v4,1
2864,reward,156,7.492763358808297,16.114,SF-P3O-NoFisher,Hopper-v4,1
2874,reward,157,6.650674793414053,14.867,SF-P3O-NoFisher,Hopper-v4,1
2889,reward,158,5.13664767422447,8.56,SF-P3O-NoFisher,Hopper-v4,1
2897,reward,159,4.396393393094077,7.972,SF-P3O-NoFisher,Hopper-v4,1
2912,reward,160,10.20089446226187,8.317,SF-P3O-NoFisher,Hopper-v4,1
2927,reward,161,6.959809132671076,8.273,SF-P3O-NoFisher,Hopper-v4,1
2946,reward,162,11.82618374727963,8.648,SF-P3O-NoFisher,Hopper-v4,1
2968,reward,163,13.248039148715506,7.877,SF-P3O-NoFisher,Hopper-v4,1
2981,reward,164,11.052268939590313,8.614,SF-P3O-NoFisher,Hopper-v4,1
2996,reward,165,7.6623226588576765,8.463,SF-P3O-NoFisher,Hopper-v4,1
3015,reward,166,11.187190983847128,8.832,SF-P3O-NoFisher,Hopper-v4,1
3030,reward,167,9.969799167512052,9.164,SF-P3O-NoFisher,Hopper-v4,1
3055,reward,168,5.445427473649726,9.195,SF-P3O-NoFisher,Hopper-v4,1
3077,reward,169,9.002313663803484,9.655,SF-P3O-NoFisher,Hopper-v4,1
3100,reward,170,9.714848048834535,9.607,SF-P3O-NoFisher,Hopper-v4,1
3120,reward,171,15.85543652837405,10.496,SF-P3O-NoFisher,Hopper-v4,1
3135,reward,172,5.586939920240136,9.872,SF-P3O-NoFisher,Hopper-v4,1
3145,reward,173,5.611348196143268,9.109,SF-P3O-NoFisher,Hopper-v4,1
3169,reward,174,17.28952871803937,9.733,SF-P3O-NoFisher,Hopper-v4,1
3216,reward,175,46.161300407494956,13.582,SF-P3O-NoFisher,Hopper-v4,1
3242,reward,176,23.902656010161262,14.854,SF-P3O-NoFisher,Hopper-v4,1
3253,reward,177,5.913172054268893,14.448,SF-P3O-NoFisher,Hopper-v4,1
3272,reward,178,11.045089122493822,15.008,SF-P3O-NoFisher,Hopper-v4,1
3289,reward,179,11.007557897403952,15.209,SF-P3O-NoFisher,Hopper-v4,1
3303,reward,180,14.878054336381638,15.725,SF-P3O-NoFisher,Hopper-v4,1
3323,reward,181,22.285089833407387,16.368,SF-P3O-NoFisher,Hopper-v4,1
3334,reward,182,9.980163010408058,16.807,SF-P3O-NoFisher,Hopper-v4,1
3351,reward,183,15.991208591120166,17.845,SF-P3O-NoFisher,Hopper-v4,1
3372,reward,184,19.029300379603356,18.019,SF-P3O-NoFisher,Hopper-v4,1
3383,reward,185,5.453546164967301,13.949,SF-P3O-NoFisher,Hopper-v4,1
3400,reward,186,10.876362795173655,12.646,SF-P3O-NoFisher,Hopper-v4,1
3417,reward,187,8.96546967076574,12.951,SF-P3O-NoFisher,Hopper-v4,1
3441,reward,188,13.620135240213765,13.209,SF-P3O-NoFisher,Hopper-v4,1
3451,reward,189,8.25479035990597,12.933,SF-P3O-NoFisher,Hopper-v4,1
3464,reward,190,5.880203344061896,12.034,SF-P3O-NoFisher,Hopper-v4,1
3481,reward,191,9.382096969185,10.743,SF-P3O-NoFisher,Hopper-v4,1
3511,reward,192,11.103097196485392,10.856,SF-P3O-NoFisher,Hopper-v4,1
3536,reward,193,13.13548907067268,10.57,SF-P3O-NoFisher,Hopper-v4,1
3551,reward,194,9.791342963366054,9.646,SF-P3O-NoFisher,Hopper-v4,1
3560,reward,195,6.306729483565522,9.732,SF-P3O-NoFisher,Hopper-v4,1
3606,reward,196,32.56498120673029,11.9,SF-P3O-NoFisher,Hopper-v4,1
3630,reward,197,19.00046590101556,12.904,SF-P3O-NoFisher,Hopper-v4,1
3657,reward,198,27.76898216348287,14.319,SF-P3O-NoFisher,Hopper-v4,1
3684,reward,199,8.268695647030189,14.32,SF-P3O-NoFisher,Hopper-v4,1
3703,reward,200,10.495250664593549,14.782,SF-P3O-NoFisher,Hopper-v4,1
3732,reward,201,20.28370323986259,15.872,SF-P3O-NoFisher,Hopper-v4,1
3750,reward,202,7.776738912387707,15.539,SF-P3O-NoFisher,Hopper-v4,1
3802,reward,203,70.07176212627587,21.233,SF-P3O-NoFisher,Hopper-v4,1
3817,reward,204,8.743163790549124,21.128,SF-P3O-NoFisher,Hopper-v4,1
3830,reward,205,6.198641924730997,21.117,SF-P3O-NoFisher,Hopper-v4,1
3852,reward,206,17.714333201281054,19.632,SF-P3O-NoFisher,Hopper-v4,1
3881,reward,207,31.301371743064617,20.862,SF-P3O-NoFisher,Hopper-v4,1
3896,reward,208,8.864441329064029,18.972,SF-P3O-NoFisher,Hopper-v4,1
3923,reward,209,28.037617438943514,20.949,SF-P3O-NoFisher,Hopper-v4,1
3934,reward,210,6.667936133676434,20.566,SF-P3O-NoFisher,Hopper-v4,1
3942,reward,211,5.554566396943241,19.093,SF-P3O-NoFisher,Hopper-v4,1
3959,reward,212,9.995679439958467,19.315,SF-P3O-NoFisher,Hopper-v4,1
3972,reward,213,4.967718780529777,12.805,SF-P3O-NoFisher,Hopper-v4,1
3993,reward,214,8.707890289069613,12.801,SF-P3O-NoFisher,Hopper-v4,1
4007,reward,215,6.4931557766658194,12.83,SF-P3O-NoFisher,Hopper-v4,1
4021,reward,216,5.943764360876999,11.653,SF-P3O-NoFisher,Hopper-v4,1
4053,reward,217,34.796623440410514,12.003,SF-P3O-NoFisher,Hopper-v4,1
4075,reward,218,12.710340140812093,12.388,SF-P3O-NoFisher,Hopper-v4,1
4083,reward,219,5.105494745978819,10.094,SF-P3O-NoFisher,Hopper-v4,1
4091,reward,220,3.619033154654843,9.789,SF-P3O-NoFisher,Hopper-v4,1
4127,reward,221,15.19279812640774,10.753,SF-P3O-NoFisher,Hopper-v4,1
4146,reward,222,8.561589261752134,10.61,SF-P3O-NoFisher,Hopper-v4,1
4158,reward,223,4.526839089990216,10.566,SF-P3O-NoFisher,Hopper-v4,1
4171,reward,224,8.479058018361346,10.543,SF-P3O-NoFisher,Hopper-v4,1
4184,reward,225,5.373578618475809,10.431,SF-P3O-NoFisher,Hopper-v4,1
4215,reward,226,8.551602232819675,10.692,SF-P3O-NoFisher,Hopper-v4,1
4229,reward,227,7.314711964502606,7.944,SF-P3O-NoFisher,Hopper-v4,1
4248,reward,228,12.044105661545174,7.877,SF-P3O-NoFisher,Hopper-v4,1
4258,reward,229,4.718445242418186,7.838,SF-P3O-NoFisher,Hopper-v4,1
4269,reward,230,5.738664537991781,8.05,SF-P3O-NoFisher,Hopper-v4,1
4285,reward,231,11.860160840976532,7.717,SF-P3O-NoFisher,Hopper-v4,1
4299,reward,232,13.21334490974011,8.182,SF-P3O-NoFisher,Hopper-v4,1
4318,reward,233,11.995413303406469,8.929,SF-P3O-NoFisher,Hopper-v4,1
4328,reward,234,4.3941431261416755,8.52,SF-P3O-NoFisher,Hopper-v4,1
4340,reward,235,10.090229918352335,8.992,SF-P3O-NoFisher,Hopper-v4,1
4350,reward,236,6.956677518329471,8.833,SF-P3O-NoFisher,Hopper-v4,1
4373,reward,237,9.13639660560852,9.015,SF-P3O-NoFisher,Hopper-v4,1
4394,reward,238,20.313992425215883,9.842,SF-P3O-NoFisher,Hopper-v4,1
4415,reward,239,9.770550143778781,10.347,SF-P3O-NoFisher,Hopper-v4,1
4434,reward,240,21.435319068223986,11.917,SF-P3O-NoFisher,Hopper-v4,1
4450,reward,241,12.581763484257811,11.989,SF-P3O-NoFisher,Hopper-v4,1
4466,reward,242,5.156471445830323,11.183,SF-P3O-NoFisher,Hopper-v4,1
4478,reward,243,6.771189264837771,10.661,SF-P3O-NoFisher,Hopper-v4,1
4498,reward,244,8.699910597330778,11.091,SF-P3O-NoFisher,Hopper-v4,1
4508,reward,245,7.537755086188975,10.836,SF-P3O-NoFisher,Hopper-v4,1
4517,reward,246,7.016557510989293,10.842,SF-P3O-NoFisher,Hopper-v4,1
4531,reward,247,11.925256171886126,11.121,SF-P3O-NoFisher,Hopper-v4,1
4546,reward,248,10.580583737987032,10.148,SF-P3O-NoFisher,Hopper-v4,1
4571,reward,249,22.2948024099611,11.4,SF-P3O-NoFisher,Hopper-v4,1
4586,reward,250,10.299267491920629,10.286,SF-P3O-NoFisher,Hopper-v4,1
4606,reward,251,13.003604826604533,10.329,SF-P3O-NoFisher,Hopper-v4,1
4624,reward,252,11.45631488802121,10.959,SF-P3O-NoFisher,Hopper-v4,1
4636,reward,253,10.28647659903173,11.31,SF-P3O-NoFisher,Hopper-v4,1
4648,reward,254,8.275312179565804,11.268,SF-P3O-NoFisher,Hopper-v4,1
4662,reward,255,7.241005276012309,11.238,SF-P3O-NoFisher,Hopper-v4,1
4684,reward,256,11.623040240372598,11.699,SF-P3O-NoFisher,Hopper-v4,1
4698,reward,257,4.106075759957571,10.917,SF-P3O-NoFisher,Hopper-v4,1
4713,reward,258,5.2832436481867635,10.387,SF-P3O-NoFisher,Hopper-v4,1
4724,reward,259,3.7042962493302496,8.528,SF-P3O-NoFisher,Hopper-v4,1
4739,reward,260,12.224931113733069,8.72,SF-P3O-NoFisher,Hopper-v4,1
4753,reward,261,12.9580548969373,8.716,SF-P3O-NoFisher,Hopper-v4,1
4770,reward,262,7.11237747742655,8.281,SF-P3O-NoFisher,Hopper-v4,1
4781,reward,263,8.393692052280766,8.092,SF-P3O-NoFisher,Hopper-v4,1
4805,reward,264,8.396180161078036,8.104,SF-P3O-NoFisher,Hopper-v4,1
4817,reward,265,7.420093722962144,8.122,SF-P3O-NoFisher,Hopper-v4,1
4832,reward,266,12.555407891390445,8.215,SF-P3O-NoFisher,Hopper-v4,1
4851,reward,267,17.08658073159851,9.513,SF-P3O-NoFisher,Hopper-v4,1
4872,reward,268,17.933148183751985,10.778,SF-P3O-NoFisher,Hopper-v4,1
4905,reward,269,20.211344603390327,12.429,SF-P3O-NoFisher,Hopper-v4,1
4916,reward,270,5.4630135817875605,11.753,SF-P3O-NoFisher,Hopper-v4,1
4937,reward,271,16.778412405103833,12.135,SF-P3O-NoFisher,Hopper-v4,1
4972,reward,272,39.12721595778896,15.337,SF-P3O-NoFisher,Hopper-v4,1
4988,reward,273,9.081924135091212,15.405,SF-P3O-NoFisher,Hopper-v4,1
5003,reward,274,8.105526187185673,15.376,SF-P3O-NoFisher,Hopper-v4,1
5041,reward,275,41.04297910995216,18.739,SF-P3O-NoFisher,Hopper-v4,1
5056,reward,276,4.353650766373131,17.918,SF-P3O-NoFisher,Hopper-v4,1
5068,reward,277,9.890333993603935,17.199,SF-P3O-NoFisher,Hopper-v4,1
5077,reward,278,4.321889606193758,15.838,SF-P3O-NoFisher,Hopper-v4,1
5099,reward,279,11.552063653061486,14.972,SF-P3O-NoFisher,Hopper-v4,1
5114,reward,280,5.446656305028351,14.97,SF-P3O-NoFisher,Hopper-v4,1
5131,reward,281,20.86205597998207,15.378,SF-P3O-NoFisher,Hopper-v4,1
5144,reward,282,9.889858135451766,12.455,SF-P3O-NoFisher,Hopper-v4,1
5160,reward,283,6.21397800339135,12.168,SF-P3O-NoFisher,Hopper-v4,1
5171,reward,284,4.821710846232401,11.84,SF-P3O-NoFisher,Hopper-v4,1
5185,reward,285,6.764184342438492,8.412,SF-P3O-NoFisher,Hopper-v4,1
5196,reward,286,5.85901801475031,8.562,SF-P3O-NoFisher,Hopper-v4,1
5216,reward,287,9.325000220047789,8.506,SF-P3O-NoFisher,Hopper-v4,1
5237,reward,288,8.791926908274617,8.953,SF-P3O-NoFisher,Hopper-v4,1
5251,reward,289,7.807504125707888,8.578,SF-P3O-NoFisher,Hopper-v4,1
5263,reward,290,5.9927712607130665,8.633,SF-P3O-NoFisher,Hopper-v4,1
5277,reward,291,9.276664451571733,7.474,SF-P3O-NoFisher,Hopper-v4,1
5299,reward,292,10.659746611067508,7.551,SF-P3O-NoFisher,Hopper-v4,1
5310,reward,293,4.145489586808983,7.344,SF-P3O-NoFisher,Hopper-v4,1
5327,reward,294,6.489100497368827,7.511,SF-P3O-NoFisher,Hopper-v4,1
5340,reward,295,7.110998232777124,7.546,SF-P3O-NoFisher,Hopper-v4,1
5351,reward,296,7.902088543037266,7.75,SF-P3O-NoFisher,Hopper-v4,1
5367,reward,297,10.566847337767127,7.874,SF-P3O-NoFisher,Hopper-v4,1
5384,reward,298,8.49144270039071,7.844,SF-P3O-NoFisher,Hopper-v4,1
5406,reward,299,15.100400637848342,8.574,SF-P3O-NoFisher,Hopper-v4,1
5424,reward,300,18.522955455970376,9.827,SF-P3O-NoFisher,Hopper-v4,1
5441,reward,301,8.107410485793547,9.71,SF-P3O-NoFisher,Hopper-v4,1
5475,reward,302,13.939435038214457,10.038,SF-P3O-NoFisher,Hopper-v4,1
5488,reward,303,4.671224393806308,10.09,SF-P3O-NoFisher,Hopper-v4,1
5502,reward,304,10.091899349445061,10.45,SF-P3O-NoFisher,Hopper-v4,1
5526,reward,305,14.687764115843237,11.208,SF-P3O-NoFisher,Hopper-v4,1
5541,reward,306,8.958799011397044,11.314,SF-P3O-NoFisher,Hopper-v4,1
5556,reward,307,4.139933713739782,10.671,SF-P3O-NoFisher,Hopper-v4,1
5576,reward,308,6.162449415151379,10.438,SF-P3O-NoFisher,Hopper-v4,1
5607,reward,309,16.99451643913631,10.628,SF-P3O-NoFisher,Hopper-v4,1
5639,reward,310,27.08373190534894,11.484,SF-P3O-NoFisher,Hopper-v4,1
5651,reward,311,6.627666754511334,11.336,SF-P3O-NoFisher,Hopper-v4,1
5667,reward,312,10.076025791521458,10.949,SF-P3O-NoFisher,Hopper-v4,1
5731,reward,313,73.33616892083757,17.816,SF-P3O-NoFisher,Hopper-v4,1
5758,reward,314,41.14878937468535,20.922,SF-P3O-NoFisher,Hopper-v4,1
5783,reward,315,22.487630528256812,21.702,SF-P3O-NoFisher,Hopper-v4,1
5795,reward,316,8.250646961035423,21.631,SF-P3O-NoFisher,Hopper-v4,1
5809,reward,317,5.790498412594143,21.796,SF-P3O-NoFisher,Hopper-v4,1
5822,reward,318,6.963151693040445,21.876,SF-P3O-NoFisher,Hopper-v4,1
5839,reward,319,5.833321800965244,20.76,SF-P3O-NoFisher,Hopper-v4,1
5857,reward,320,9.728098491725842,19.024,SF-P3O-NoFisher,Hopper-v4,1
5876,reward,321,11.013615117741187,19.463,SF-P3O-NoFisher,Hopper-v4,1
5897,reward,322,17.881884431970327,20.243,SF-P3O-NoFisher,Hopper-v4,1
5917,reward,323,11.04879886820681,14.015,SF-P3O-NoFisher,Hopper-v4,1
5942,reward,324,9.649620255514863,10.865,SF-P3O-NoFisher,Hopper-v4,1
5956,reward,325,6.836586400798865,9.3,SF-P3O-NoFisher,Hopper-v4,1
5969,reward,326,4.471705360793925,8.922,SF-P3O-NoFisher,Hopper-v4,1
5982,reward,327,6.231461892926483,8.966,SF-P3O-NoFisher,Hopper-v4,1
5997,reward,328,6.504434040694099,8.92,SF-P3O-NoFisher,Hopper-v4,1
6008,reward,329,8.831232067337956,9.22,SF-P3O-NoFisher,Hopper-v4,1
6042,reward,330,13.5317809409136,9.6,SF-P3O-NoFisher,Hopper-v4,1
6065,reward,331,20.00142573944017,10.499,SF-P3O-NoFisher,Hopper-v4,1
6079,reward,332,5.678473837953607,9.279,SF-P3O-NoFisher,Hopper-v4,1
6103,reward,333,12.565942387725602,9.43,SF-P3O-NoFisher,Hopper-v4,1
6118,reward,334,12.87150401277043,9.752,SF-P3O-NoFisher,Hopper-v4,1
6129,reward,335,8.30604432144404,9.899,SF-P3O-NoFisher,Hopper-v4,1
6149,reward,336,21.48462534541764,11.601,SF-P3O-NoFisher,Hopper-v4,1
6186,reward,337,37.187167519544055,14.696,SF-P3O-NoFisher,Hopper-v4,1
6205,reward,338,6.736204862207047,14.719,SF-P3O-NoFisher,Hopper-v4,1
6232,reward,339,16.0334719347324,15.44,SF-P3O-NoFisher,Hopper-v4,1
6244,reward,340,9.266829543908147,15.013,SF-P3O-NoFisher,Hopper-v4,1
6263,reward,341,6.038185645281218,13.617,SF-P3O-NoFisher,Hopper-v4,1
6275,reward,342,5.649490414311234,13.614,SF-P3O-NoFisher,Hopper-v4,1
6293,reward,343,10.466286459091217,13.404,SF-P3O-NoFisher,Hopper-v4,1
6312,reward,344,18.03982444908349,13.921,SF-P3O-NoFisher,Hopper-v4,1
6334,reward,345,12.32276489525134,14.322,SF-P3O-NoFisher,Hopper-v4,1
6345,reward,346,8.9793007479443,13.072,SF-P3O-NoFisher,Hopper-v4,1
6358,reward,347,7.784451068378413,10.132,SF-P3O-NoFisher,Hopper-v4,1
6371,reward,348,5.632641689059208,10.021,SF-P3O-NoFisher,Hopper-v4,1
6385,reward,349,13.10008940759535,9.728,SF-P3O-NoFisher,Hopper-v4,1
6403,reward,350,8.913135669707,9.693,SF-P3O-NoFisher,Hopper-v4,1
6415,reward,351,7.851953306063955,9.874,SF-P3O-NoFisher,Hopper-v4,1
6443,reward,352,15.165987277988954,10.826,SF-P3O-NoFisher,Hopper-v4,1
6464,reward,353,12.180230071826042,10.997,SF-P3O-NoFisher,Hopper-v4,1
6475,reward,354,7.715607547765543,9.965,SF-P3O-NoFisher,Hopper-v4,1
6483,reward,355,4.659817413965232,9.198,SF-P3O-NoFisher,Hopper-v4,1
6493,reward,356,6.292840746270088,8.93,SF-P3O-NoFisher,Hopper-v4,1
6513,reward,357,10.095270743391138,9.161,SF-P3O-NoFisher,Hopper-v4,1
6532,reward,358,6.390744388449809,9.237,SF-P3O-NoFisher,Hopper-v4,1
6555,reward,359,7.730644225943161,8.7,SF-P3O-NoFisher,Hopper-v4,1
6585,reward,360,14.472874513211842,9.256,SF-P3O-NoFisher,Hopper-v4,1
6595,reward,361,4.215066881149712,8.892,SF-P3O-NoFisher,Hopper-v4,1
6611,reward,362,7.915208252352748,8.167,SF-P3O-NoFisher,Hopper-v4,1
6626,reward,363,10.267292772215411,7.976,SF-P3O-NoFisher,Hopper-v4,1
6647,reward,364,10.859508052727557,8.29,SF-P3O-NoFisher,Hopper-v4,1
6660,reward,365,9.158333067480978,8.74,SF-P3O-NoFisher,Hopper-v4,1
6678,reward,366,14.673502235920019,9.578,SF-P3O-NoFisher,Hopper-v4,1
6691,reward,367,5.663937810002883,9.135,SF-P3O-NoFisher,Hopper-v4,1
6710,reward,368,9.954343459515503,9.491,SF-P3O-NoFisher,Hopper-v4,1
6736,reward,369,11.899373867084947,9.908,SF-P3O-NoFisher,Hopper-v4,1
6752,reward,370,9.952001261128911,9.456,SF-P3O-NoFisher,Hopper-v4,1
6771,reward,371,15.100022826016678,10.544,SF-P3O-NoFisher,Hopper-v4,1
6788,reward,372,4.702075353073848,10.223,SF-P3O-NoFisher,Hopper-v4,1
6797,reward,373,4.60492383138169,9.657,SF-P3O-NoFisher,Hopper-v4,1
6814,reward,374,10.99262309517799,9.67,SF-P3O-NoFisher,Hopper-v4,1
6843,reward,375,22.375172453424224,10.992,SF-P3O-NoFisher,Hopper-v4,1
6887,reward,376,59.7753344079214,15.502,SF-P3O-NoFisher,Hopper-v4,1
6907,reward,377,10.656327608025311,16.001,SF-P3O-NoFisher,Hopper-v4,1
6918,reward,378,5.635292784421182,15.569,SF-P3O-NoFisher,Hopper-v4,1
6939,reward,379,7.515452247770694,15.131,SF-P3O-NoFisher,Hopper-v4,1
6966,reward,380,26.52894239625875,16.789,SF-P3O-NoFisher,Hopper-v4,1
6978,reward,381,6.875132136807655,15.966,SF-P3O-NoFisher,Hopper-v4,1
6993,reward,382,4.783187908830781,15.974,SF-P3O-NoFisher,Hopper-v4,1
7008,reward,383,8.429902198597214,16.357,SF-P3O-NoFisher,Hopper-v4,1
7023,reward,384,8.159156930732948,16.073,SF-P3O-NoFisher,Hopper-v4,1
7065,reward,385,40.88998340967771,17.925,SF-P3O-NoFisher,Hopper-v4,1
7085,reward,386,17.256522099008752,13.673,SF-P3O-NoFisher,Hopper-v4,1
7097,reward,387,7.027983029764583,13.31,SF-P3O-NoFisher,Hopper-v4,1
7124,reward,388,8.870014992804087,13.634,SF-P3O-NoFisher,Hopper-v4,1
7163,reward,389,21.74218170602037,15.056,SF-P3O-NoFisher,Hopper-v4,1
7196,reward,390,14.803996236616147,13.884,SF-P3O-NoFisher,Hopper-v4,1
7211,reward,391,7.154469259133992,13.912,SF-P3O-NoFisher,Hopper-v4,1
7226,reward,392,5.764023288445214,14.01,SF-P3O-NoFisher,Hopper-v4,1
7235,reward,393,6.0608053581986905,13.773,SF-P3O-NoFisher,Hopper-v4,1
7249,reward,394,11.505831846650057,14.108,SF-P3O-NoFisher,Hopper-v4,1
7312,reward,395,56.98602745369619,15.717,SF-P3O-NoFisher,Hopper-v4,1
7329,reward,396,8.050416664592213,14.797,SF-P3O-NoFisher,Hopper-v4,1
7353,reward,397,12.903137820959598,15.384,SF-P3O-NoFisher,Hopper-v4,1
7372,reward,398,12.003260404830106,15.697,SF-P3O-NoFisher,Hopper-v4,1
7382,reward,399,6.665205990669882,14.19,SF-P3O-NoFisher,Hopper-v4,1
7393,reward,400,8.793373138253266,13.589,SF-P3O-NoFisher,Hopper-v4,1
7403,reward,401,5.9005434193838315,13.463,SF-P3O-NoFisher,Hopper-v4,1
7455,reward,402,73.43058441470848,20.23,SF-P3O-NoFisher,Hopper-v4,1
7471,reward,403,14.360279325978771,21.06,SF-P3O-NoFisher,Hopper-v4,1
7494,reward,404,14.293144062996447,21.339,SF-P3O-NoFisher,Hopper-v4,1
7506,reward,405,6.754053749261322,16.315,SF-P3O-NoFisher,Hopper-v4,1
7521,reward,406,11.366555822419127,16.647,SF-P3O-NoFisher,Hopper-v4,1
7537,reward,407,6.091587374664149,15.966,SF-P3O-NoFisher,Hopper-v4,1
7553,reward,408,13.658008067782445,16.131,SF-P3O-NoFisher,Hopper-v4,1
7602,reward,409,43.97126564999552,19.862,SF-P3O-NoFisher,Hopper-v4,1
7638,reward,410,26.226680114554362,21.605,SF-P3O-NoFisher,Hopper-v4,1
7657,reward,411,9.253902873073407,21.941,SF-P3O-NoFisher,Hopper-v4,1
7678,reward,412,13.473919419856278,15.945,SF-P3O-NoFisher,Hopper-v4,1
7691,reward,413,9.344391734568287,15.443,SF-P3O-NoFisher,Hopper-v4,1
7701,reward,414,6.658561619178764,14.68,SF-P3O-NoFisher,Hopper-v4,1
7733,reward,415,38.98177952645247,17.903,SF-P3O-NoFisher,Hopper-v4,1
7761,reward,416,9.264331093504191,17.692,SF-P3O-NoFisher,Hopper-v4,1
7770,reward,417,6.469220032341857,17.73,SF-P3O-NoFisher,Hopper-v4,1
7799,reward,418,17.172154619405564,18.082,SF-P3O-NoFisher,Hopper-v4,1
7811,reward,419,8.494171378346362,14.534,SF-P3O-NoFisher,Hopper-v4,1
7823,reward,420,7.895334221758315,12.701,SF-P3O-NoFisher,Hopper-v4,1
7837,reward,421,8.73985744701282,12.649,SF-P3O-NoFisher,Hopper-v4,1
7855,reward,422,8.975154921165064,12.199,SF-P3O-NoFisher,Hopper-v4,1
7873,reward,423,8.835532220125103,12.149,SF-P3O-NoFisher,Hopper-v4,1
7890,reward,424,11.563295281163516,12.639,SF-P3O-NoFisher,Hopper-v4,1
7914,reward,425,11.952276695307734,9.936,SF-P3O-NoFisher,Hopper-v4,1
7965,reward,426,34.868618543131475,12.497,SF-P3O-NoFisher,Hopper-v4,1
7978,reward,427,5.158078124802401,12.365,SF-P3O-NoFisher,Hopper-v4,1
7989,reward,428,7.83925101634144,11.432,SF-P3O-NoFisher,Hopper-v4,1
8015,reward,429,12.651892390687092,11.848,SF-P3O-NoFisher,Hopper-v4,1
8040,reward,430,7.473728733168394,11.806,SF-P3O-NoFisher,Hopper-v4,1
8059,reward,431,16.811134998195875,12.613,SF-P3O-NoFisher,Hopper-v4,1
8079,reward,432,8.130492204364266,12.528,SF-P3O-NoFisher,Hopper-v4,1
8107,reward,433,10.699176354133483,12.715,SF-P3O-NoFisher,Hopper-v4,1
8130,reward,434,20.15475415676114,13.574,SF-P3O-NoFisher,Hopper-v4,1
8153,reward,435,7.910139414738704,13.17,SF-P3O-NoFisher,Hopper-v4,1
8177,reward,436,12.532571934895243,10.936,SF-P3O-NoFisher,Hopper-v4,1
8192,loss,-0.035362180322408676,0.29384663701057434,SF-P3O-NoFisher,Hopper-v4,1
8205,reward,437,9.601058333521433,11.38,SF-P3O-NoFisher,Hopper-v4,1
8223,reward,438,14.020050140545848,11.998,SF-P3O-NoFisher,Hopper-v4,1
8236,reward,439,3.7551365928391456,11.109,SF-P3O-NoFisher,Hopper-v4,1
8260,reward,440,4.5334505850101285,10.815,SF-P3O-NoFisher,Hopper-v4,1
8279,reward,441,7.723235478073152,9.906,SF-P3O-NoFisher,Hopper-v4,1
8334,reward,442,41.766518466020386,13.27,SF-P3O-NoFisher,Hopper-v4,1
8345,reward,443,6.229944011380285,12.823,SF-P3O-NoFisher,Hopper-v4,1
8377,reward,444,28.710333201618937,13.678,SF-P3O-NoFisher,Hopper-v4,1
8389,reward,445,8.964958199862576,13.784,SF-P3O-NoFisher,Hopper-v4,1
8403,reward,446,7.209617057972741,13.251,SF-P3O-NoFisher,Hopper-v4,1
8421,reward,447,12.787666024499476,13.57,SF-P3O-NoFisher,Hopper-v4,1
8467,reward,448,76.53216385061614,19.821,SF-P3O-NoFisher,Hopper-v4,1
8490,reward,449,8.815093272619315,20.327,SF-P3O-NoFisher,Hopper-v4,1
8504,reward,450,8.873025101753859,20.761,SF-P3O-NoFisher,Hopper-v4,1
8528,reward,451,24.92987904818675,22.482,SF-P3O-NoFisher,Hopper-v4,1
8557,reward,452,4.984307208271231,18.804,SF-P3O-NoFisher,Hopper-v4,1
8620,reward,453,43.07926850023254,22.489,SF-P3O-NoFisher,Hopper-v4,1
8646,reward,454,28.257009831603124,22.443,SF-P3O-NoFisher,Hopper-v4,1
8688,reward,455,32.25791195635925,24.773,SF-P3O-NoFisher,Hopper-v4,1
8705,reward,456,11.652740553604183,25.217,SF-P3O-NoFisher,Hopper-v4,1
8717,reward,457,6.832899418335117,24.621,SF-P3O-NoFisher,Hopper-v4,1
8772,reward,458,66.57993038811031,23.626,SF-P3O-NoFisher,Hopper-v4,1
8810,reward,459,41.84219014513733,26.929,SF-P3O-NoFisher,Hopper-v4,1
8861,reward,460,72.83846884711322,33.325,SF-P3O-NoFisher,Hopper-v4,1
8896,reward,461,40.338626653370625,34.866,SF-P3O-NoFisher,Hopper-v4,1
8917,reward,462,6.243673827317479,34.992,SF-P3O-NoFisher,Hopper-v4,1
8948,reward,463,13.282479425563,32.013,SF-P3O-NoFisher,Hopper-v4,1
9004,reward,464,32.44699942614577,32.432,SF-P3O-NoFisher,Hopper-v4,1
9026,reward,465,19.71614114597273,31.177,SF-P3O-NoFisher,Hopper-v4,1
9057,reward,466,7.407692475113223,30.753,SF-P3O-NoFisher,Hopper-v4,1
9095,reward,467,47.84528536052907,34.854,SF-P3O-NoFisher,Hopper-v4,1
9109,reward,468,5.696049220419859,28.766,SF-P3O-NoFisher,Hopper-v4,1
9130,reward,469,14.240607766119487,26.006,SF-P3O-NoFisher,Hopper-v4,1
9142,reward,470,8.399031143468205,19.562,SF-P3O-NoFisher,Hopper-v4,1
9183,reward,471,68.99798111217578,22.428,SF-P3O-NoFisher,Hopper-v4,1
9203,reward,472,18.052761379051297,23.609,SF-P3O-NoFisher,Hopper-v4,1
9253,reward,473,23.22513858496135,24.603,SF-P3O-NoFisher,Hopper-v4,1
9271,reward,474,9.992558574165455,22.357,SF-P3O-NoFisher,Hopper-v4,1
9301,reward,475,7.8391569723888495,21.17,SF-P3O-NoFisher,Hopper-v4,1
9325,reward,476,24.28611478435754,22.857,SF-P3O-NoFisher,Hopper-v4,1
9344,reward,477,20.085226224189125,20.081,SF-P3O-NoFisher,Hopper-v4,1
9372,reward,478,16.22178630970856,21.134,SF-P3O-NoFisher,Hopper-v4,1
9385,reward,479,7.625806012292456,20.473,SF-P3O-NoFisher,Hopper-v4,1
9442,reward,480,65.58418779097416,26.191,SF-P3O-NoFisher,Hopper-v4,1
9465,reward,481,21.03008921920814,21.394,SF-P3O-NoFisher,Hopper-v4,1
9486,reward,482,8.029538219663728,20.392,SF-P3O-NoFisher,Hopper-v4,1
9533,reward,483,37.38274250449727,21.808,SF-P3O-NoFisher,Hopper-v4,1
9561,reward,484,17.001218016688572,22.509,SF-P3O-NoFisher,Hopper-v4,1
9590,reward,485,25.577700788591965,24.282,SF-P3O-NoFisher,Hopper-v4,1
9644,reward,486,88.41591900894309,30.695,SF-P3O-NoFisher,Hopper-v4,1
9677,reward,487,15.511816009152238,30.238,SF-P3O-NoFisher,Hopper-v4,1
9685,reward,488,5.026726664284878,29.119,SF-P3O-NoFisher,Hopper-v4,1
9711,reward,489,20.755020644738334,30.431,SF-P3O-NoFisher,Hopper-v4,1
9815,reward,490,129.4809285670815,36.821,SF-P3O-NoFisher,Hopper-v4,1
9870,reward,491,34.0427803057355,38.122,SF-P3O-NoFisher,Hopper-v4,1
9885,reward,492,15.241957280062328,38.844,SF-P3O-NoFisher,Hopper-v4,1
9899,reward,493,8.111183949291114,35.917,SF-P3O-NoFisher,Hopper-v4,1
9913,reward,494,11.708987907044836,35.387,SF-P3O-NoFisher,Hopper-v4,1
9954,reward,495,35.03010413137084,36.333,SF-P3O-NoFisher,Hopper-v4,1
9991,reward,496,24.501552819720104,29.941,SF-P3O-NoFisher,Hopper-v4,1
10000,speed,643.4,0.26,SF-P3O-NoFisher,Hopper-v4,1
10101,reward,497,215.27825823939918,49.918,SF-P3O-NoFisher,Hopper-v4,1
10117,reward,498,9.46786949502092,50.362,SF-P3O-NoFisher,Hopper-v4,1
10149,reward,499,6.374609256831176,48.924,SF-P3O-NoFisher,Hopper-v4,1
10174,reward,500,12.357008552081227,37.211,SF-P3O-NoFisher,Hopper-v4,1
10194,reward,501,20.406023824011278,35.848,SF-P3O-NoFisher,Hopper-v4,1
10212,reward,502,4.0390115882703235,34.727,SF-P3O-NoFisher,Hopper-v4,1
10227,reward,503,12.923312727638075,35.209,SF-P3O-NoFisher,Hopper-v4,1
10250,reward,504,10.739125971694914,35.112,SF-P3O-NoFisher,Hopper-v4,1
10314,reward,505,81.9648441202549,39.805,SF-P3O-NoFisher,Hopper-v4,1
10343,reward,506,10.633589390968595,38.418,SF-P3O-NoFisher,Hopper-v4,1
10395,reward,507,45.32332316596445,21.423,SF-P3O-NoFisher,Hopper-v4,1
10421,reward,508,15.57234494011146,22.033,SF-P3O-NoFisher,Hopper-v4,1
10440,reward,509,7.550753278953138,22.151,SF-P3O-NoFisher,Hopper-v4,1
10492,reward,510,61.628357193983355,27.078,SF-P3O-NoFisher,Hopper-v4,1
10541,reward,511,70.79346736746449,32.117,SF-P3O-NoFisher,Hopper-v4,1
10567,reward,512,17.854883308716797,33.498,SF-P3O-NoFisher,Hopper-v4,1
10588,reward,513,11.072309992505799,33.313,SF-P3O-NoFisher,Hopper-v4,1
10597,reward,514,6.310524766696489,32.87,SF-P3O-NoFisher,Hopper-v4,1
10620,reward,515,23.8624509171109,27.06,SF-P3O-NoFisher,Hopper-v4,1
10634,reward,516,6.908326429155008,26.688,SF-P3O-NoFisher,Hopper-v4,1
10665,reward,517,23.607056935154333,24.516,SF-P3O-NoFisher,Hopper-v4,1
10680,reward,518,8.81697154638544,23.841,SF-P3O-NoFisher,Hopper-v4,1
10708,reward,519,16.61831060152433,24.747,SF-P3O-NoFisher,Hopper-v4,1
10723,reward,520,8.578888288690314,19.442,SF-P3O-NoFisher,Hopper-v4,1
10736,reward,521,4.641285578371935,12.827,SF-P3O-NoFisher,Hopper-v4,1
10754,reward,522,12.091167521619742,12.251,SF-P3O-NoFisher,Hopper-v4,1
10788,reward,523,28.164485628288073,13.96,SF-P3O-NoFisher,Hopper-v4,1
10805,reward,524,12.997013498254407,14.629,SF-P3O-NoFisher,Hopper-v4,1
10818,reward,525,9.600068434586882,13.202,SF-P3O-NoFisher,Hopper-v4,1
10850,reward,526,30.080556866413588,15.52,SF-P3O-NoFisher,Hopper-v4,1
10864,reward,527,5.9719338952899355,13.756,SF-P3O-NoFisher,Hopper-v4,1
10918,reward,528,49.72523649128488,17.847,SF-P3O-NoFisher,Hopper-v4,1
10959,reward,529,41.081644125862425,20.293,SF-P3O-NoFisher,Hopper-v4,1
10983,reward,530,9.941605693064698,20.429,SF-P3O-NoFisher,Hopper-v4,1
11015,reward,531,9.04080989840061,20.869,SF-P3O-NoFisher,Hopper-v4,1
11057,reward,532,41.47738916541518,23.808,SF-P3O-NoFisher,Hopper-v4,1
11074,reward,533,6.500417713540421,21.642,SF-P3O-NoFisher,Hopper-v4,1
11108,reward,534,29.253534350536892,23.267,SF-P3O-NoFisher,Hopper-v4,1
11141,reward,535,16.75952059237907,23.983,SF-P3O-NoFisher,Hopper-v4,1
11196,reward,536,64.28790352147142,27.404,SF-P3O-NoFisher,Hopper-v4,1
11218,reward,537,12.013444873150968,28.008,SF-P3O-NoFisher,Hopper-v4,1
11236,reward,538,8.295756193617018,23.865,SF-P3O-NoFisher,Hopper-v4,1
11263,reward,539,9.00366362271738,20.657,SF-P3O-NoFisher,Hopper-v4,1
11291,reward,540,25.456589522288024,22.209,SF-P3O-NoFisher,Hopper-v4,1
11318,reward,541,7.488961536538321,22.054,SF-P3O-NoFisher,Hopper-v4,1
11331,reward,542,6.159701161861641,18.522,SF-P3O-NoFisher,Hopper-v4,1
11360,reward,543,9.734602355435277,18.845,SF-P3O-NoFisher,Hopper-v4,1
11390,reward,544,14.371411231291027,17.357,SF-P3O-NoFisher,Hopper-v4,1
11400,reward,545,6.27502147864804,16.309,SF-P3O-NoFisher,Hopper-v4,1
11433,reward,546,54.267340900172954,15.307,SF-P3O-NoFisher,Hopper-v4,1
11469,reward,547,13.643969673059928,15.47,SF-P3O-NoFisher,Hopper-v4,1
11480,reward,548,6.3181468735912345,15.272,SF-P3O-NoFisher,Hopper-v4,1
11511,reward,549,29.595839195590074,17.331,SF-P3O-NoFisher,Hopper-v4,1
11529,reward,550,18.93357702571175,16.679,SF-P3O-NoFisher,Hopper-v4,1
11583,reward,551,71.76694078598915,23.107,SF-P3O-NoFisher,Hopper-v4,1
11618,reward,552,19.977796103734683,24.488,SF-P3O-NoFisher,Hopper-v4,1
11638,reward,553,13.35893682632836,24.851,SF-P3O-NoFisher,Hopper-v4,1
11654,reward,554,3.5142907766016362,23.765,SF-P3O-NoFisher,Hopper-v4,1
11722,reward,555,107.82780173948018,33.92,SF-P3O-NoFisher,Hopper-v4,1
11753,reward,556,22.547704519463466,30.749,SF-P3O-NoFisher,Hopper-v4,1
11774,reward,557,5.719799566227591,29.956,SF-P3O-NoFisher,Hopper-v4,1
11785,reward,558,8.83435002377218,30.208,SF-P3O-NoFisher,Hopper-v4,1
11810,reward,559,20.267404736176378,29.275,SF-P3O-NoFisher,Hopper-v4,1
11890,reward,560,111.90184827101955,38.572,SF-P3O-NoFisher,Hopper-v4,1
11901,reward,561,3.960685950246326,31.791,SF-P3O-NoFisher,Hopper-v4,1
11918,reward,562,16.08548575607491,31.402,SF-P3O-NoFisher,Hopper-v4,1
11946,reward,563,9.907069130224594,31.057,SF-P3O-NoFisher,Hopper-v4,1
11964,reward,564,8.4211460696201,31.547,SF-P3O-NoFisher,Hopper-v4,1
11991,reward,565,13.147086640615218,22.079,SF-P3O-NoFisher,Hopper-v4,1
12031,reward,566,15.746966211515778,21.399,SF-P3O-NoFisher,Hopper-v4,1
12055,reward,567,10.480806335227456,21.875,SF-P3O-NoFisher,Hopper-v4,1
12111,reward,568,32.60204799413545,24.252,SF-P3O-NoFisher,Hopper-v4,1
12126,reward,569,6.6680862145058,22.892,SF-P3O-NoFisher,Hopper-v4,1
12146,reward,570,5.621827004931873,12.264,SF-P3O-NoFisher,Hopper-v4,1
12161,reward,571,4.021424260507478,12.27,SF-P3O-NoFisher,Hopper-v4,1
12184,reward,572,18.85066040518725,12.547,SF-P3O-NoFisher,Hopper-v4,1
12217,reward,573,42.87245282361096,15.843,SF-P3O-NoFisher,Hopper-v4,1
12233,reward,574,11.466813863010596,16.148,SF-P3O-NoFisher,Hopper-v4,1
12253,reward,575,12.839348155011157,16.117,SF-P3O-NoFisher,Hopper-v4,1
12273,reward,576,15.393161919884026,16.082,SF-P3O-NoFisher,Hopper-v4,1
12300,reward,577,20.536603700525507,17.087,SF-P3O-NoFisher,Hopper-v4,1
12323,reward,578,13.507095500409438,15.178,SF-P3O-NoFisher,Hopper-v4,1
12412,reward,579,131.20645845146265,27.632,SF-P3O-NoFisher,Hopper-v4,1
12427,reward,580,4.126427636521694,27.482,SF-P3O-NoFisher,Hopper-v4,1
12465,reward,581,9.255695785926807,28.005,SF-P3O-NoFisher,Hopper-v4,1
12482,reward,582,10.52350018522162,27.173,SF-P3O-NoFisher,Hopper-v4,1
12498,reward,583,6.469050155049201,23.532,SF-P3O-NoFisher,Hopper-v4,1
12561,reward,584,44.13666117780149,26.799,SF-P3O-NoFisher,Hopper-v4,1
12574,reward,585,8.402702929891175,26.356,SF-P3O-NoFisher,Hopper-v4,1
12595,reward,586,12.928959148482985,26.109,SF-P3O-NoFisher,Hopper-v4,1
12613,reward,587,16.34038969243691,25.69,SF-P3O-NoFisher,Hopper-v4,1
12633,reward,588,12.488597470276375,25.588,SF-P3O-NoFisher,Hopper-v4,1
12659,reward,589,13.770182232121034,13.844,SF-P3O-NoFisher,Hopper-v4,1
12698,reward,590,24.227120282433592,15.854,SF-P3O-NoFisher,Hopper-v4,1
12723,reward,591,6.007848924190162,15.53,SF-P3O-NoFisher,Hopper-v4,1
12740,reward,592,11.385076860168528,15.616,SF-P3O-NoFisher,Hopper-v4,1
12794,reward,593,43.52423633696414,19.321,SF-P3O-NoFisher,Hopper-v4,1
12867,reward,594,146.01718882045049,29.509,SF-P3O-NoFisher,Hopper-v4,1
12903,reward,595,20.214333295061813,30.69,SF-P3O-NoFisher,Hopper-v4,1
12932,reward,596,15.567998244161839,30.954,SF-P3O-NoFisher,Hopper-v4,1
12987,reward,597,55.912847729452295,34.912,SF-P3O-NoFisher,Hopper-v4,1
12997,reward,598,8.506884520980318,34.513,SF-P3O-NoFisher,Hopper-v4,1
13025,reward,599,6.858255773158534,33.822,SF-P3O-NoFisher,Hopper-v4,1
13142,reward,600,147.7082375570185,46.17,SF-P3O-NoFisher,Hopper-v4,1
13163,reward,601,10.039232917903878,46.573,SF-P3O-NoFisher,Hopper-v4,1
13177,reward,602,7.690111353753508,46.204,SF-P3O-NoFisher,Hopper-v4,1
13213,reward,603,18.69869965257595,43.721,SF-P3O-NoFisher,Hopper-v4,1
13238,reward,604,16.538672446936047,30.774,SF-P3O-NoFisher,Hopper-v4,1
13259,reward,605,10.509489574476476,29.803,SF-P3O-NoFisher,Hopper-v4,1
13282,reward,606,13.640319141708607,29.61,SF-P3O-NoFisher,Hopper-v4,1
13323,reward,607,32.791799583454925,27.298,SF-P3O-NoFisher,Hopper-v4,1
13351,reward,608,7.564364434421904,27.204,SF-P3O-NoFisher,Hopper-v4,1
13370,reward,609,9.184996822770044,27.437,SF-P3O-NoFisher,Hopper-v4,1
13403,reward,610,7.568395061054573,13.423,SF-P3O-NoFisher,Hopper-v4,1
13491,reward,611,144.83814133490262,26.902,SF-P3O-NoFisher,Hopper-v4,1
13508,reward,612,7.886159095005604,26.922,SF-P3O-NoFisher,Hopper-v4,1
13549,reward,613,28.574522812966855,27.91,SF-P3O-NoFisher,Hopper-v4,1
13590,reward,614,17.39684941654248,27.996,SF-P3O-NoFisher,Hopper-v4,1
13622,reward,615,10.99360402365097,28.044,SF-P3O-NoFisher,Hopper-v4,1
13633,reward,616,5.502593116283508,27.23,SF-P3O-NoFisher,Hopper-v4,1
13646,reward,617,4.517087645067937,24.403,SF-P3O-NoFisher,Hopper-v4,1
13679,reward,618,21.016133427033218,25.748,SF-P3O-NoFisher,Hopper-v4,1
13693,reward,619,9.065339569744339,25.736,SF-P3O-NoFisher,Hopper-v4,1
13767,reward,620,135.3009237527328,38.509,SF-P3O-NoFisher,Hopper-v4,1
13844,reward,621,116.6998120481106,35.695,SF-P3O-NoFisher,Hopper-v4,1
13856,reward,622,9.078660076560686,35.815,SF-P3O-NoFisher,Hopper-v4,1
13894,reward,623,27.286390508913076,35.686,SF-P3O-NoFisher,Hopper-v4,1
13908,reward,624,5.352541419578844,34.481,SF-P3O-NoFisher,Hopper-v4,1
13939,reward,625,26.376909807169607,36.02,SF-P3O-NoFisher,Hopper-v4,1
13959,reward,626,14.302162541263549,36.9,SF-P3O-NoFisher,Hopper-v4,1
13982,reward,627,15.428280776585916,37.991,SF-P3O-NoFisher,Hopper-v4,1
14002,reward,628,19.319853479689055,37.821,SF-P3O-NoFisher,Hopper-v4,1
14021,reward,629,11.886033204481793,38.103,SF-P3O-NoFisher,Hopper-v4,1
14095,reward,630,80.09596372979139,32.583,SF-P3O-NoFisher,Hopper-v4,1
14108,reward,631,10.970244383345635,22.01,SF-P3O-NoFisher,Hopper-v4,1
14119,reward,632,8.618748854649185,21.964,SF-P3O-NoFisher,Hopper-v4,1
14144,reward,633,5.907086572657223,19.826,SF-P3O-NoFisher,Hopper-v4,1
14172,reward,634,25.13389634302495,21.804,SF-P3O-NoFisher,Hopper-v4,1
14187,reward,635,9.959398409336737,20.162,SF-P3O-NoFisher,Hopper-v4,1
14208,reward,636,7.629466858665874,19.495,SF-P3O-NoFisher,Hopper-v4,1
14224,reward,637,8.58120852771622,18.81,SF-P3O-NoFisher,Hopper-v4,1
14251,reward,638,28.40180154429827,19.718,SF-P3O-NoFisher,Hopper-v4,1
14269,reward,639,16.146746295118966,20.144,SF-P3O-NoFisher,Hopper-v4,1
14281,reward,640,4.985323645860466,12.633,SF-P3O-NoFisher,Hopper-v4,1
14317,reward,641,35.34434629684596,15.071,SF-P3O-NoFisher,Hopper-v4,1
14343,reward,642,30.109537869320985,17.22,SF-P3O-NoFisher,Hopper-v4,1
14361,reward,643,14.263540460311898,18.056,SF-P3O-NoFisher,Hopper-v4,1
14384,reward,644,17.14070628661437,17.256,SF-P3O-NoFisher,Hopper-v4,1
14400,reward,645,7.721416904869867,17.032,SF-P3O-NoFisher,Hopper-v4,1
14467,reward,646,53.69496415831669,21.639,SF-P3O-NoFisher,Hopper-v4,1
14493,reward,647,9.485698990744014,21.729,SF-P3O-NoFisher,Hopper-v4,1
14618,reward,648,150.63988160858202,33.953,SF-P3O-NoFisher,Hopper-v4,1
14634,reward,649,11.899722948335384,33.529,SF-P3O-NoFisher,Hopper-v4,1
14650,reward,650,12.626680291662405,34.293,SF-P3O-NoFisher,Hopper-v4,1
14668,reward,651,19.984451867684953,32.757,SF-P3O-NoFisher,Hopper-v4,1
14682,reward,652,8.613652568304117,30.607,SF-P3O-NoFisher,Hopper-v4,1
14703,reward,653,17.309278657838043,30.912,SF-P3O-NoFisher,Hopper-v4,1
14721,reward,654,13.687160545230062,30.566,SF-P3O-NoFisher,Hopper-v4,1
14740,reward,655,18.227683999221625,31.617,SF-P3O-NoFisher,Hopper-v4,1
14786,reward,656,63.11771665523067,32.559,SF-P3O-NoFisher,Hopper-v4,1
14808,reward,657,21.63117885924594,33.774,SF-P3O-NoFisher,Hopper-v4,1
14823,reward,658,8.462662800129664,19.556,SF-P3O-NoFisher,Hopper-v4,1
14845,reward,659,14.661751872138723,19.832,SF-P3O-NoFisher,Hopper-v4,1
14878,reward,660,7.954693447015339,19.365,SF-P3O-NoFisher,Hopper-v4,1
14890,reward,661,3.893663562954919,17.756,SF-P3O-NoFisher,Hopper-v4,1
14923,reward,662,27.29014936864712,19.624,SF-P3O-NoFisher,Hopper-v4,1
14959,reward,663,9.938147056076723,18.886,SF-P3O-NoFisher,Hopper-v4,1
14997,reward,664,43.9930799833492,21.917,SF-P3O-NoFisher,Hopper-v4,1
15015,reward,665,7.879138342484384,20.882,SF-P3O-NoFisher,Hopper-v4,1
15035,reward,666,17.614912858911058,16.332,SF-P3O-NoFisher,Hopper-v4,1
15068,reward,667,31.159662072904453,17.285,SF-P3O-NoFisher,Hopper-v4,1
15100,reward,668,17.867336632139683,18.225,SF-P3O-NoFisher,Hopper-v4,1
15144,reward,669,37.75082000687611,20.534,SF-P3O-NoFisher,Hopper-v4,1
15166,reward,670,13.834921947043357,21.122,SF-P3O-NoFisher,Hopper-v4,1
15180,reward,671,8.806639713721575,21.613,SF-P3O-NoFisher,Hopper-v4,1
15228,reward,672,67.57471352447082,25.642,SF-P3O-NoFisher,Hopper-v4,1
15243,reward,673,11.053212807989517,25.753,SF-P3O-NoFisher,Hopper-v4,1
15256,reward,674,9.554203410561627,22.31,SF-P3O-NoFisher,Hopper-v4,1
15284,reward,675,20.775460202790306,23.599,SF-P3O-NoFisher,Hopper-v4,1
15306,reward,676,7.538217417396448,22.592,SF-P3O-NoFisher,Hopper-v4,1
15319,reward,677,4.260403272856892,19.902,SF-P3O-NoFisher,Hopper-v4,1
15398,reward,678,80.58974396771217,26.174,SF-P3O-NoFisher,Hopper-v4,1
15417,reward,679,11.853673468226368,23.584,SF-P3O-NoFisher,Hopper-v4,1
15436,reward,680,9.412813407161016,23.142,SF-P3O-NoFisher,Hopper-v4,1
15502,reward,681,44.59490907800662,26.721,SF-P3O-NoFisher,Hopper-v4,1
15605,reward,682,182.01146166499151,38.164,SF-P3O-NoFisher,Hopper-v4,1
15619,reward,683,7.4086699410431756,37.8,SF-P3O-NoFisher,Hopper-v4,1
15636,reward,684,8.840524622172342,37.729,SF-P3O-NoFisher,Hopper-v4,1
15663,reward,685,15.717514165950236,37.223,SF-P3O-NoFisher,Hopper-v4,1
15697,reward,686,35.68884644448491,40.038,SF-P3O-NoFisher,Hopper-v4,1
15751,reward,687,71.57090878819551,46.769,SF-P3O-NoFisher,Hopper-v4,1
15774,reward,688,23.682983697288254,41.078,SF-P3O-NoFisher,Hopper-v4,1
15785,reward,689,6.639562332895027,40.557,SF-P3O-NoFisher,Hopper-v4,1
15812,reward,690,32.769802237990824,42.893,SF-P3O-NoFisher,Hopper-v4,1
15860,reward,691,70.79482299746827,45.513,SF-P3O-NoFisher,Hopper-v4,1
15909,reward,692,71.863894516441,34.498,SF-P3O-NoFisher,Hopper-v4,1
15930,reward,693,8.348140089757386,34.592,SF-P3O-NoFisher,Hopper-v4,1
15982,reward,694,46.56694423706927,38.364,SF-P3O-NoFisher,Hopper-v4,1
16011,reward,695,10.69712301542115,37.862,SF-P3O-NoFisher,Hopper-v4,1
16030,reward,696,19.381370889739745,36.232,SF-P3O-NoFisher,Hopper-v4,1
16058,reward,697,20.350318003750175,31.109,SF-P3O-NoFisher,Hopper-v4,1
16071,reward,698,8.222677335931092,29.563,SF-P3O-NoFisher,Hopper-v4,1
16097,reward,699,22.57787517092564,31.157,SF-P3O-NoFisher,Hopper-v4,1
16119,reward,700,22.506934424441944,30.131,SF-P3O-NoFisher,Hopper-v4,1
16161,reward,701,21.700822758214905,25.222,SF-P3O-NoFisher,Hopper-v4,1
16180,reward,702,11.950654801364493,19.23,SF-P3O-NoFisher,Hopper-v4,1
16204,reward,703,11.01742032653368,19.497,SF-P3O-NoFisher,Hopper-v4,1
16228,reward,704,29.586429075439877,17.799,SF-P3O-NoFisher,Hopper-v4,1
16254,reward,705,32.546229366832584,19.984,SF-P3O-NoFisher,Hopper-v4,1
16306,reward,706,62.43096403035174,24.289,SF-P3O-NoFisher,Hopper-v4,1
16336,reward,707,20.109095482862998,24.265,SF-P3O-NoFisher,Hopper-v4,1
16355,reward,708,15.511693888667839,24.994,SF-P3O-NoFisher,Hopper-v4,1
16384,loss,0.028061088174581528,0.3596784472465515,SF-P3O-NoFisher,Hopper-v4,1
16384,diagnostics,0.0,53.04,1.9248,0.002982,0.965977,0.1821,-1.0,SF-P3O-NoFisher,Hopper-v4,1
16390,reward,709,10.302883006994787,23.766,SF-P3O-NoFisher,Hopper-v4,1
16462,reward,710,124.8789193825287,34.004,SF-P3O-NoFisher,Hopper-v4,1
16521,reward,711,75.07328541130329,39.341,SF-P3O-NoFisher,Hopper-v4,1
16614,reward,712,156.84239783956897,53.83,SF-P3O-NoFisher,Hopper-v4,1
16638,reward,713,15.035213752966644,54.232,SF-P3O-NoFisher,Hopper-v4,1
16705,reward,714,101.79997760139176,61.453,SF-P3O-NoFisher,Hopper-v4,1
16730,reward,715,14.436075256230344,59.642,SF-P3O-NoFisher,Hopper-v4,1
16741,reward,716,6.606100513016088,54.06,SF-P3O-NoFisher,Hopper-v4,1
16791,reward,717,46.378337895690045,56.686,SF-P3O-NoFisher,Hopper-v4,1
16811,reward,718,10.52297557631221,56.188,SF-P3O-NoFisher,Hopper-v4,1
16870,reward,719,49.79042200370451,60.136,SF-P3O-NoFisher,Hopper-v4,1
16889,reward,720,17.21924162205316,49.37,SF-P3O-NoFisher,Hopper-v4,1
16908,reward,721,12.90652876608033,43.154,SF-P3O-NoFisher,Hopper-v4,1
16986,reward,722,131.1600639884428,40.585,SF-P3O-NoFisher,Hopper-v4,1
17022,reward,723,44.06246410835097,43.488,SF-P3O-NoFisher,Hopper-v4,1
17033,reward,724,5.8876247749800275,33.897,SF-P3O-NoFisher,Hopper-v4,1
17048,reward,725,9.973851993839464,33.451,SF-P3O-NoFisher,Hopper-v4,1
17074,reward,726,31.724719509707427,35.963,SF-P3O-NoFisher,Hopper-v4,1
17115,reward,727,54.61441505925702,36.786,SF-P3O-NoFisher,Hopper-v4,1
17144,reward,728,18.905302068256006,37.624,SF-P3O-NoFisher,Hopper-v4,1
17163,reward,729,16.183114241893364,34.264,SF-P3O-NoFisher,Hopper-v4,1
17215,reward,730,36.429810721295645,36.185,SF-P3O-NoFisher,Hopper-v4,1
17297,reward,731,132.81031557201163,48.175,SF-P3O-NoFisher,Hopper-v4,1
17315,reward,732,10.081361736324697,36.067,SF-P3O-NoFisher,Hopper-v4,1
17351,reward,733,11.77878799639805,32.839,SF-P3O-NoFisher,Hopper-v4,1
17382,reward,734,37.65359250476882,36.016,SF-P3O-NoFisher,Hopper-v4,1
17406,reward,735,27.85524429003762,37.804,SF-P3O-NoFisher,Hopper-v4,1
17497,reward,736,194.22049875180113,54.053,SF-P3O-NoFisher,Hopper-v4,1
17516,reward,737,16.556983235153805,50.248,SF-P3O-NoFisher,Hopper-v4,1
17539,reward,738,8.262851614409872,49.183,SF-P3O-NoFisher,Hopper-v4,1
17598,reward,739,83.82701019375088,55.948,SF-P3O-NoFisher,Hopper-v4,1
17620,reward,740,17.812598158404615,54.086,SF-P3O-NoFisher,Hopper-v4,1
17665,reward,741,62.18002689311297,47.023,SF-P3O-NoFisher,Hopper-v4,1
17800,reward,742,181.95357331083486,64.21,SF-P3O-NoFisher,Hopper-v4,1
17864,reward,743,103.77408761527586,73.41,SF-P3O-NoFisher,Hopper-v4,1
17904,reward,744,33.317275978999376,72.976,SF-P3O-NoFisher,Hopper-v4,1
17942,reward,745,19.580555038546375,72.149,SF-P3O-NoFisher,Hopper-v4,1
18020,reward,746,126.43280430515607,65.37,SF-P3O-NoFisher,Hopper-v4,1
18052,reward,747,36.64420673057101,67.378,SF-P3O-NoFisher,Hopper-v4,1
18152,reward,748,220.1866895725409,88.571,SF-P3O-NoFisher,Hopper-v4,1
18181,reward,749,15.86984401657552,81.775,SF-P3O-NoFisher,Hopper-v4,1
18223,reward,750,59.74468146019242,85.968,SF-P3O-NoFisher,Hopper-v4,1
18260,reward,751,22.21385675341998,81.972,SF-P3O-NoFisher,Hopper-v4,1
18271,reward,752,5.214861117382196,64.298,SF-P3O-NoFisher,Hopper-v4,1
18322,reward,753,59.97480296688337,59.918,SF-P3O-NoFisher,Hopper-v4,1
18353,reward,754,24.672344591695726,59.053,SF-P3O-NoFisher,Hopper-v4,1
18376,reward,755,18.26658190549573,58.922,SF-P3O-NoFisher,Hopper-v4,1
18417,reward,756,57.680264033530044,52.047,SF-P3O-NoFisher,Hopper-v4,1
18482,reward,757,114.76475138847003,59.859,SF-P3O-NoFisher,Hopper-v4,1
18534,reward,758,24.273651000078214,40.268,SF-P3O-NoFisher,Hopper-v4,1
18547,reward,759,8.891276681923935,39.57,SF-P3O-NoFisher,Hopper-v4,1
18583,reward,760,16.374037078274416,35.233,SF-P3O-NoFisher,Hopper-v4,1
18610,reward,761,17.096274782860284,34.721,SF-P3O-NoFisher,Hopper-v4,1
18669,reward,762,100.91294333647615,44.291,SF-P3O-NoFisher,Hopper-v4,1
18691,reward,763,10.641189351390567,39.357,SF-P3O-NoFisher,Hopper-v4,1
18713,reward,764,19.5536753843737,38.845,SF-P3O-NoFisher,Hopper-v4,1
18720,reward,765,4.383429223112363,37.457,SF-P3O-NoFisher,Hopper-v4,1
18750,reward,766,38.0453072768669,35.494,SF-P3O-NoFisher,Hopper-v4,1
18771,reward,767,20.222305211308004,26.039,SF-P3O-NoFisher,Hopper-v4,1
18817,reward,768,43.48548661914389,27.961,SF-P3O-NoFisher,Hopper-v4,1
18859,reward,769,36.96098326590403,30.768,SF-P3O-NoFisher,Hopper-v4,1
18904,reward,770,25.65624806607561,31.696,SF-P3O-NoFisher,Hopper-v4,1
18967,reward,771,70.93785151782964,37.08,SF-P3O-NoFisher,Hopper-v4,1
19018,reward,772,46.93348845151983,31.682,SF-P3O-NoFisher,Hopper-v4,1
19059,reward,773,68.84554779116692,37.502,SF-P3O-NoFisher,Hopper-v4,1
19075,reward,774,9.041729405722343,36.451,SF-P3O-NoFisher,Hopper-v4,1
19107,reward,775,39.009575696746644,39.914,SF-P3O-NoFisher,Hopper-v4,1
19117,reward,776,8.047075980318281,36.914,SF-P3O-NoFisher,Hopper-v4,1
19182,reward,777,103.02220370037976,45.194,SF-P3O-NoFisher,Hopper-v4,1
19205,reward,778,16.43606308748867,42.489,SF-P3O-NoFisher,Hopper-v4,1
19218,reward,779,5.933046065117796,39.386,SF-P3O-NoFisher,Hopper-v4,1
19251,reward,780,37.26828468912315,40.547,SF-P3O-NoFisher,Hopper-v4,1
19284,reward,781,40.937445361279735,37.547,SF-P3O-NoFisher,Hopper-v4,1
19300,reward,782,13.592984140200702,34.213,SF-P3O-NoFisher,Hopper-v4,1
19330,reward,783,31.704575484669558,30.499,SF-P3O-NoFisher,Hopper-v4,1
19361,reward,784,29.06432961863774,32.502,SF-P3O-NoFisher,Hopper-v4,1
19446,reward,785,172.10504221978243,45.811,SF-P3O-NoFisher,Hopper-v4,1
19485,reward,786,47.88278559197066,49.795,SF-P3O-NoFisher,Hopper-v4,1
19514,reward,787,23.076939223762707,41.8,SF-P3O-NoFisher,Hopper-v4,1
19565,reward,788,78.88382804948901,48.045,SF-P3O-NoFisher,Hopper-v4,1
19715,reward,789,325.8682964083842,80.038,SF-P3O-NoFisher,Hopper-v4,1
19725,reward,790,4.020519707752083,76.714,SF-P3O-NoFisher,Hopper-v4,1
19739,reward,791,7.427184290130118,73.363,SF-P3O-NoFisher,Hopper-v4,1
19761,reward,792,15.696125433666893,73.573,SF-P3O-NoFisher,Hopper-v4,1
19773,reward,793,3.933342205987006,70.796,SF-P3O-NoFisher,Hopper-v4,1
19789,reward,794,14.470845838920873,69.336,SF-P3O-NoFisher,Hopper-v4,1
19801,reward,795,5.723292701666809,52.698,SF-P3O-NoFisher,Hopper-v4,1
19894,reward,796,160.059591193393,63.916,SF-P3O-NoFisher,Hopper-v4,1
19915,reward,797,13.853072463669305,62.994,SF-P3O-NoFisher,Hopper-v4,1
19933,reward,798,15.936205933231953,56.699,SF-P3O-NoFisher,Hopper-v4,1
19994,reward,799,102.48478959760646,34.36,SF-P3O-NoFisher,Hopper-v4,1
20000,speed,653.56,0.51,SF-P3O-NoFisher,Hopper-v4,1
20012,reward,800,16.298747330917525,35.588,SF-P3O-NoFisher,Hopper-v4,1
20035,reward,801,5.800089267154831,35.426,SF-P3O-NoFisher,Hopper-v4,1
20078,reward,802,71.94749258781029,41.051,SF-P3O-NoFisher,Hopper-v4,1
20115,reward,803,36.671081500352464,44.325,SF-P3O-NoFisher,Hopper-v4,1
20230,reward,804,205.10450465843948,63.388,SF-P3O-NoFisher,Hopper-v4,1
20250,reward,805,15.893144488691348,64.405,SF-P3O-NoFisher,Hopper-v4,1
20351,reward,806,202.53687533359644,68.653,SF-P3O-NoFisher,Hopper-v4,1
20389,reward,807,52.80634498403142,72.548,SF-P3O-NoFisher,Hopper-v4,1
20403,reward,808,4.541975610244779,71.409,SF-P3O-NoFisher,Hopper-v4,1
20432,reward,809,31.51583927421918,64.312,SF-P3O-NoFisher,Hopper-v4,1
20455,reward,810,12.771348125013578,63.959,SF-P3O-NoFisher,Hopper-v4,1
20508,reward,811,51.18358511119559,68.497,SF-P3O-NoFisher,Hopper-v4,1
20529,reward,812,22.67459665918545,63.57,SF-P3O-NoFisher,Hopper-v4,1
20551,reward,813,23.46262718084689,62.249,SF-P3O-NoFisher,Hopper-v4,1
20628,reward,814,78.29963538543073,49.569,SF-P3O-NoFisher,Hopper-v4,1
20659,reward,815,23.950618315955044,50.374,SF-P3O-NoFisher,Hopper-v4,1
20773,reward,816,182.78555310323526,48.399,SF-P3O-NoFisher,Hopper-v4,1
20789,reward,817,6.22043496518079,43.741,SF-P3O-NoFisher,Hopper-v4,1
20850,reward,818,88.47444217275023,52.134,SF-P3O-NoFisher,Hopper-v4,1
20871,reward,819,16.168876488945198,50.599,SF-P3O-NoFisher,Hopper-v4,1
20900,reward,820,18.48149669271887,51.17,SF-P3O-NoFisher,Hopper-v4,1
20939,reward,821,48.31385713499293,50.883,SF-P3O-NoFisher,Hopper-v4,1
21028,reward,822,109.70939061725987,59.587,SF-P3O-NoFisher,Hopper-v4,1
21100,reward,823,73.75838643550117,64.616,SF-P3O-NoFisher,Hopper-v4,1
21170,reward,824,118.39881712062993,68.626,SF-P3O-NoFisher,Hopper-v4,1
21212,reward,825,19.366609693795176,68.168,SF-P3O-NoFisher,Hopper-v4,1
21251,reward,826,40.52426350314254,53.942,SF-P3O-NoFisher,Hopper-v4,1
21285,reward,827,41.77872184040727,57.497,SF-P3O-NoFisher,Hopper-v4,1
21298,reward,828,7.514192229215521,49.401,SF-P3O-NoFisher,Hopper-v4,1
21369,reward,829,82.04178158211653,55.989,SF-P3O-NoFisher,Hopper-v4,1
21400,reward,830,22.210173008078375,56.362,SF-P3O-NoFisher,Hopper-v4,1
21450,reward,831,73.02769975516473,58.833,SF-P3O-NoFisher,Hopper-v4,1
21465,reward,832,11.554319602870594,49.017,SF-P3O-NoFisher,Hopper-v4,1
21478,reward,833,9.747598326155583,42.616,SF-P3O-NoFisher,Hopper-v4,1
21504,reward,834,8.8366636276195,31.66,SF-P3O-NoFisher,Hopper-v4,1
21528,reward,835,23.56443694873091,32.08,SF-P3O-NoFisher,Hopper-v4,1
21563,reward,836,57.868757022307776,33.814,SF-P3O-NoFisher,Hopper-v4,1
21695,reward,837,188.4522428528389,48.482,SF-P3O-NoFisher,Hopper-v4,1
21754,reward,838,91.97952321994775,56.928,SF-P3O-NoFisher,Hopper-v4,1
21782,reward,839,27.913022746423213,51.515,SF-P3O-NoFisher,Hopper-v4,1
21802,reward,840,14.765769454833581,50.771,SF-P3O-NoFisher,Hopper-v4,1
21849,reward,841,45.32875009868367,48.001,SF-P3O-NoFisher,Hopper-v4,1
21908,reward,842,109.2312510094482,57.769,SF-P3O-NoFisher,Hopper-v4,1
21926,reward,843,11.144043619267675,57.908,SF-P3O-NoFisher,Hopper-v4,1
21943,reward,844,7.6256706691990885,57.787,SF-P3O-NoFisher,Hopper-v4,1
21971,reward,845,16.34427268808473,57.065,SF-P3O-NoFisher,Hopper-v4,1
21998,reward,846,29.42417534979617,54.221,SF-P3O-NoFisher,Hopper-v4,1
22007,reward,847,5.955342510893726,35.971,SF-P3O-NoFisher,Hopper-v4,1
22117,reward,848,204.48292340296294,47.222,SF-P3O-NoFisher,Hopper-v4,1
22156,reward,849,67.83447333681248,51.214,SF-P3O-NoFisher,Hopper-v4,1
22180,reward,850,26.462673789476465,52.383,SF-P3O-NoFisher,Hopper-v4,1
22220,reward,851,58.84292593540693,53.735,SF-P3O-NoFisher,Hopper-v4,1
22271,reward,852,83.68028737700567,51.18,SF-P3O-NoFisher,Hopper-v4,1
22296,reward,853,13.231543785103502,51.388,SF-P3O-NoFisher,Hopper-v4,1
22308,reward,854,11.845648724286603,51.81,SF-P3O-NoFisher,Hopper-v4,1
22337,reward,855,33.63635668214673,53.54,SF-P3O-NoFisher,Hopper-v4,1
22366,reward,856,28.21402095074108,53.419,SF-P3O-NoFisher,Hopper-v4,1
22388,reward,857,22.6428536657226,55.087,SF-P3O-NoFisher,Hopper-v4,1
22399,reward,858,4.403492119903054,35.079,SF-P3O-NoFisher,Hopper-v4,1
22442,reward,859,53.53293714366915,33.649,SF-P3O-NoFisher,Hopper-v4,1
22484,reward,860,43.64256354054489,35.367,SF-P3O-NoFisher,Hopper-v4,1
22573,reward,861,185.18452227158346,48.001,SF-P3O-NoFisher,Hopper-v4,1
22582,reward,862,5.474424314694964,40.181,SF-P3O-NoFisher,Hopper-v4,1
22609,reward,863,30.869725774504303,41.945,SF-P3O-NoFisher,Hopper-v4,1
22632,reward,864,24.267802574276597,43.187,SF-P3O-NoFisher,Hopper-v4,1
22659,reward,865,24.39747958755765,42.263,SF-P3O-NoFisher,Hopper-v4,1
22674,reward,866,6.207858076721185,40.062,SF-P3O-NoFisher,Hopper-v4,1
22687,reward,867,6.747804025969359,38.473,SF-P3O-NoFisher,Hopper-v4,1
22713,reward,868,10.801259681936461,39.113,SF-P3O-NoFisher,Hopper-v4,1
22747,reward,869,26.022311049493837,36.362,SF-P3O-NoFisher,Hopper-v4,1
22808,reward,870,81.29795746661365,40.127,SF-P3O-NoFisher,Hopper-v4,1
22862,reward,871,81.48965151315181,29.758,SF-P3O-NoFisher,Hopper-v4,1
22906,reward,872,30.501769930703098,32.26,SF-P3O-NoFisher,Hopper-v4,1
22924,reward,873,15.702168007933142,30.744,SF-P3O-NoFisher,Hopper-v4,1
22938,reward,874,8.005170661125387,29.117,SF-P3O-NoFisher,Hopper-v4,1
22988,reward,875,61.964692019118736,32.874,SF-P3O-NoFisher,Hopper-v4,1
23065,reward,876,140.78535899515217,46.332,SF-P3O-NoFisher,Hopper-v4,1
23097,reward,877,8.60582208762147,46.518,SF-P3O-NoFisher,Hopper-v4,1
23143,reward,878,42.139104115137506,49.651,SF-P3O-NoFisher,Hopper-v4,1
23166,reward,879,15.650564727634405,48.614,SF-P3O-NoFisher,Hopper-v4,1
23195,reward,880,17.44277233131518,42.229,SF-P3O-NoFisher,Hopper-v4,1
23298,reward,881,141.30644144399997,48.21,SF-P3O-NoFisher,Hopper-v4,1
23406,reward,882,174.712174116006,62.631,SF-P3O-NoFisher,Hopper-v4,1
23418,reward,883,7.436813303629541,61.805,SF-P3O-NoFisher,Hopper-v4,1
23433,reward,884,12.508795082518017,62.255,SF-P3O-NoFisher,Hopper-v4,1
23534,reward,885,198.98333924388498,75.957,SF-P3O-NoFisher,Hopper-v4,1
23575,reward,886,71.0504236440164,68.984,SF-P3O-NoFisher,Hopper-v4,1
23669,reward,887,212.6289709232774,89.386,SF-P3O-NoFisher,Hopper-v4,1
23728,reward,888,94.06763051828946,94.579,SF-P3O-NoFisher,Hopper-v4,1
23749,reward,889,13.636246583530134,94.377,SF-P3O-NoFisher,Hopper-v4,1
23784,reward,890,30.70699074275247,95.704,SF-P3O-NoFisher,Hopper-v4,1
23817,reward,891,8.776730376616147,82.451,SF-P3O-NoFisher,Hopper-v4,1
23837,reward,892,10.161367485735418,65.996,SF-P3O-NoFisher,Hopper-v4,1
23856,reward,893,10.943119195493322,66.346,SF-P3O-NoFisher,Hopper-v4,1
23873,reward,894,9.167965876170074,66.012,SF-P3O-NoFisher,Hopper-v4,1
23883,reward,895,3.1875876141646877,46.433,SF-P3O-NoFisher,Hopper-v4,1
23933,reward,896,63.409320520561856,45.669,SF-P3O-NoFisher,Hopper-v4,1
23954,reward,897,19.688089574886934,26.375,SF-P3O-NoFisher,Hopper-v4,1
23973,reward,898,17.460138950095246,18.714,SF-P3O-NoFisher,Hopper-v4,1
23993,reward,899,9.536062578762905,18.304,SF-P3O-NoFisher,Hopper-v4,1
24010,reward,900,14.19521581642432,16.653,SF-P3O-NoFisher,Hopper-v4,1
24067,reward,901,89.00099850281194,24.675,SF-P3O-NoFisher,Hopper-v4,1
24097,reward,902,28.545023952487945,26.513,SF-P3O-NoFisher,Hopper-v4,1
24156,reward,903,51.14135953661832,30.533,SF-P3O-NoFisher,Hopper-v4,1
24217,reward,904,98.81293960497237,39.498,SF-P3O-NoFisher,Hopper-v4,1
24244,reward,905,27.76250541459892,41.955,SF-P3O-NoFisher,Hopper-v4,1
24288,reward,906,44.351689939011585,40.049,SF-P3O-NoFisher,Hopper-v4,1
24345,reward,907,32.61231662755454,41.342,SF-P3O-NoFisher,Hopper-v4,1
24410,reward,908,78.46889352662701,47.443,SF-P3O-NoFisher,Hopper-v4,1
24434,reward,909,20.842517922306666,48.573,SF-P3O-NoFisher,Hopper-v4,1
24448,reward,910,7.8999935032117214,47.944,SF-P3O-NoFisher,Hopper-v4,1
24495,reward,911,68.02963135677469,45.847,SF-P3O-NoFisher,Hopper-v4,1
24510,reward,912,10.619514707240693,44.054,SF-P3O-NoFisher,Hopper-v4,1
24576,loss,-0.10566245019435883,0.4488269090652466,SF-P3O-NoFisher,Hopper-v4,1
24611,reward,913,196.14428535011027,58.554,SF-P3O-NoFisher,Hopper-v4,1
24675,reward,914,46.148017014756554,53.288,SF-P3O-NoFisher,Hopper-v4,1
24736,reward,915,85.61093766066114,59.073,SF-P3O-NoFisher,Hopper-v4,1
24752,reward,916,10.002990290394582,55.638,SF-P3O-NoFisher,Hopper-v4,1
24772,reward,917,12.310804105284195,53.608,SF-P3O-NoFisher,Hopper-v4,1
24831,reward,918,105.14478869552073,56.275,SF-P3O-NoFisher,Hopper-v4,1
24848,reward,919,7.641927086111435,54.955,SF-P3O-NoFisher,Hopper-v4,1
24877,reward,920,30.550928406670135,57.22,SF-P3O-NoFisher,Hopper-v4,1
24968,reward,921,178.82843501204715,68.3,SF-P3O-NoFisher,Hopper-v4,1
25091,reward,922,240.86674892248257,91.325,SF-P3O-NoFisher,Hopper-v4,1
25194,reward,923,195.35143668463476,91.246,SF-P3O-NoFisher,Hopper-v4,1
25298,reward,924,196.65624975215437,106.297,SF-P3O-NoFisher,Hopper-v4,1
25369,reward,925,92.63224363357779,106.999,SF-P3O-NoFisher,Hopper-v4,1
25386,reward,926,13.08191441520483,107.307,SF-P3O-NoFisher,Hopper-v4,1
25417,reward,927,25.216468373354303,108.597,SF-P3O-NoFisher,Hopper-v4,1
25457,reward,928,64.49306736032804,104.532,SF-P3O-NoFisher,Hopper-v4,1
25542,reward,929,129.03792661347651,116.672,SF-P3O-NoFisher,Hopper-v4,1
25678,reward,930,187.0367110519326,132.32,SF-P3O-NoFisher,Hopper-v4,1
25790,reward,931,199.657554352097,134.403,SF-P3O-NoFisher,Hopper-v4,1
25810,reward,932,18.54633638270339,112.171,SF-P3O-NoFisher,Hopper-v4,1
25845,reward,933,10.968745755157709,93.733,SF-P3O-NoFisher,Hopper-v4,1
25895,reward,934,35.0881254958774,77.576,SF-P3O-NoFisher,Hopper-v4,1
25997,reward,935,124.58838674992879,80.772,SF-P3O-NoFisher,Hopper-v4,1
26077,reward,936,122.00447962392843,91.664,SF-P3O-NoFisher,Hopper-v4,1
26131,reward,937,98.13990895880701,98.956,SF-P3O-NoFisher,Hopper-v4,1
26215,reward,938,61.395365723054695,98.646,SF-P3O-NoFisher,Hopper-v4,1
26230,reward,939,2.367433493243137,85.979,SF-P3O-NoFisher,Hopper-v4,1
26366,reward,940,257.1169960937484,92.987,SF-P3O-NoFisher,Hopper-v4,1
26468,reward,941,216.86115393245862,94.708,SF-P3O-NoFisher,Hopper-v4,1
26517,reward,942,50.70355428190619,97.923,SF-P3O-NoFisher,Hopper-v4,1
26587,reward,943,114.71148227207843,108.298,SF-P3O-NoFisher,Hopper-v4,1
26640,reward,944,80.60239613692983,112.849,SF-P3O-NoFisher,Hopper-v4,1
26727,reward,945,154.90721400405818,115.881,SF-P3O-NoFisher,Hopper-v4,1
26741,reward,946,13.323277134202986,105.013,SF-P3O-NoFisher,Hopper-v4,1
26869,reward,947,226.41450560667323,117.84,SF-P3O-NoFisher,Hopper-v4,1
26987,reward,948,187.44539192685448,130.445,SF-P3O-NoFisher,Hopper-v4,1
27001,reward,949,11.552879355279718,131.364,SF-P3O-NoFisher,Hopper-v4,1
27018,reward,950,12.571304624724338,106.909,SF-P3O-NoFisher,Hopper-v4,1
27050,reward,951,22.281174091461413,87.451,SF-P3O-NoFisher,Hopper-v4,1
27070,reward,952,17.44562538285684,84.126,SF-P3O-NoFisher,Hopper-v4,1
27090,reward,953,14.116371319824335,74.066,SF-P3O-NoFisher,Hopper-v4,1
27137,reward,954,68.36906561223304,72.843,SF-P3O-NoFisher,Hopper-v4,1
27210,reward,955,98.4093342616572,67.193,SF-P3O-NoFisher,Hopper-v4,1
27241,reward,956,23.337162073844784,68.194,SF-P3O-NoFisher,Hopper-v4,1
27274,reward,957,33.024930401993714,48.855,SF-P3O-NoFisher,Hopper-v4,1
27304,reward,958,30.1496614977768,33.126,SF-P3O-NoFisher,Hopper-v4,1
27352,reward,959,83.30296141126757,40.301,SF-P3O-NoFisher,Hopper-v4,1
27407,reward,960,60.53748953696777,45.097,SF-P3O-NoFisher,Hopper-v4,1
27521,reward,961,258.6853248477364,68.738,SF-P3O-NoFisher,Hopper-v4,1
27702,reward,962,320.7759183452565,99.071,SF-P3O-NoFisher,Hopper-v4,1
27759,reward,963,86.9066146088306,106.35,SF-P3O-NoFisher,Hopper-v4,1
27812,reward,964,88.82383341877781,108.395,SF-P3O-NoFisher,Hopper-v4,1
27855,reward,965,60.163045284019155,104.571,SF-P3O-NoFisher,Hopper-v4,1
27965,reward,966,162.17573196603345,118.455,SF-P3O-NoFisher,Hopper-v4,1
27984,reward,967,10.767714150374914,116.229,SF-P3O-NoFisher,Hopper-v4,1
28098,reward,968,241.69413496604895,137.383,SF-P3O-NoFisher,Hopper-v4,1
28120,reward,969,18.24727004976303,130.878,SF-P3O-NoFisher,Hopper-v4,1
28146,reward,970,27.28511500964939,127.552,SF-P3O-NoFisher,Hopper-v4,1
28250,reward,971,235.51283465552672,125.235,SF-P3O-NoFisher,Hopper-v4,1
28344,reward,972,179.59336177356087,111.117,SF-P3O-NoFisher,Hopper-v4,1
28391,reward,973,50.4216518622068,107.468,SF-P3O-NoFisher,Hopper-v4,1
28461,reward,974,104.1104903037277,108.997,SF-P3O-NoFisher,Hopper-v4,1
28491,reward,975,33.281756414172946,106.309,SF-P3O-NoFisher,Hopper-v4,1
28510,reward,976,8.81739759408593,90.973,SF-P3O-NoFisher,Hopper-v4,1
28532,reward,977,16.23261098101928,91.52,SF-P3O-NoFisher,Hopper-v4,1
28654,reward,978,203.68311457346957,87.719,SF-P3O-NoFisher,Hopper-v4,1
28722,reward,979,92.16145774302531,95.11,SF-P3O-NoFisher,Hopper-v4,1
28760,reward,980,45.29803878764835,96.911,SF-P3O-NoFisher,Hopper-v4,1
28859,reward,981,164.13192263726862,89.773,SF-P3O-NoFisher,Hopper-v4,1
28968,reward,982,223.7902810615972,94.193,SF-P3O-NoFisher,Hopper-v4,1
29023,reward,983,87.49029216225654,97.9,SF-P3O-NoFisher,Hopper-v4,1
29057,reward,984,20.146628919185186,89.503,SF-P3O-NoFisher,Hopper-v4,1
29101,reward,985,55.83892794810504,91.759,SF-P3O-NoFisher,Hopper-v4,1
29222,reward,986,217.15729026890136,112.593,SF-P3O-NoFisher,Hopper-v4,1
29323,reward,987,173.47626127916632,128.317,SF-P3O-NoFisher,Hopper-v4,1
29429,reward,988,198.08988046047835,127.758,SF-P3O-NoFisher,Hopper-v4,1
29501,reward,989,114.43230973545336,129.985,SF-P3O-NoFisher,Hopper-v4,1
29607,reward,990,220.34129076435713,147.49,SF-P3O-NoFisher,Hopper-v4,1
29718,reward,991,108.39371787515044,141.916,SF-P3O-NoFisher,Hopper-v4,1
29774,reward,992,52.43703363675919,124.78,SF-P3O-NoFisher,Hopper-v4,1
29828,reward,993,87.15301178953074,124.747,SF-P3O-NoFisher,Hopper-v4,1
29887,reward,994,95.14405428731318,132.246,SF-P3O-NoFisher,Hopper-v4,1
29974,reward,995,185.71909386551243,145.234,SF-P3O-NoFisher,Hopper-v4,1
30000,speed,657.14,0.77,SF-P3O-NoFisher,Hopper-v4,1
30068,reward,996,171.25588239488116,140.644,SF-P3O-NoFisher,Hopper-v4,1
30085,reward,997,8.495659387526143,124.146,SF-P3O-NoFisher,Hopper-v4,1
30119,reward,998,17.97561098518395,106.135,SF-P3O-NoFisher,Hopper-v4,1
30181,reward,999,82.78748077263954,102.97,SF-P3O-NoFisher,Hopper-v4,1
30212,reward,1000,25.246463715506778,83.461,SF-P3O-NoFisher,Hopper-v4,1
30232,reward,1001,6.249626905402522,73.246,SF-P3O-NoFisher,Hopper-v4,1
30253,reward,1002,20.834692588200245,70.086,SF-P3O-NoFisher,Hopper-v4,1
30374,reward,1003,258.13974362155267,87.185,SF-P3O-NoFisher,Hopper-v4,1
30469,reward,1004,167.66914514212468,94.437,SF-P3O-NoFisher,Hopper-v4,1
30485,reward,1005,14.01815224358856,77.267,SF-P3O-NoFisher,Hopper-v4,1
30524,reward,1006,20.226308950986567,62.164,SF-P3O-NoFisher,Hopper-v4,1
30549,reward,1007,19.72026146715459,63.287,SF-P3O-NoFisher,Hopper-v4,1
30597,reward,1008,74.60268160282035,68.949,SF-P3O-NoFisher,Hopper-v4,1
30647,reward,1009,82.18037795705698,68.889,SF-P3O-NoFisher,Hopper-v4,1
30678,reward,1010,36.205370941305226,69.985,SF-P3O-NoFisher,Hopper-v4,1
30690,reward,1011,8.065037785269244,70.166,SF-P3O-NoFisher,Hopper-v4,1
30735,reward,1012,61.04772926015998,74.187,SF-P3O-NoFisher,Hopper-v4,1
30780,reward,1013,69.05846866201438,55.279,SF-P3O-NoFisher,Hopper-v4,1
30801,reward,1014,16.306087362855642,40.143,SF-P3O-NoFisher,Hopper-v4,1
30916,reward,1015,194.59329974613132,58.201,SF-P3O-NoFisher,Hopper-v4,1
30969,reward,1016,77.91974320584495,63.97,SF-P3O-NoFisher,Hopper-v4,1
30988,reward,1017,18.608927555872175,63.859,SF-P3O-NoFisher,Hopper-v4,1
31004,reward,1018,8.781626865793964,57.277,SF-P3O-NoFisher,Hopper-v4,1
31112,reward,1019,218.6630889972815,70.925,SF-P3O-NoFisher,Hopper-v4,1
31240,reward,1020,229.33152914517143,90.238,SF-P3O-NoFisher,Hopper-v4,1
31280,reward,1021,31.990344742660305,92.63,SF-P3O-NoFisher,Hopper-v4,1
31310,reward,1022,37.43769664156369,90.269,SF-P3O-NoFisher,Hopper-v4,1
31366,reward,1023,88.92423518763754,92.256,SF-P3O-NoFisher,Hopper-v4,1
31397,reward,1024,27.379507497592453,93.363,SF-P3O-NoFisher,Hopper-v4,1
31410,reward,1025,8.635539854395162,74.767,SF-P3O-NoFisher,Hopper-v4,1
31443,reward,1026,37.2519929674199,70.7,SF-P3O-NoFisher,Hopper-v4,1
31548,reward,1027,189.60136593113668,87.8,SF-P3O-NoFisher,Hopper-v4,1
31638,reward,1028,146.10629686108987,101.532,SF-P3O-NoFisher,Hopper-v4,1
31710,reward,1029,137.0518655592855,93.371,SF-P3O-NoFisher,Hopper-v4,1
31826,reward,1030,211.66285107887455,91.604,SF-P3O-NoFisher,Hopper-v4,1
31912,reward,1031,145.3540349840167,102.941,SF-P3O-NoFisher,Hopper-v4,1
31958,reward,1032,51.91764619222282,104.389,SF-P3O-NoFisher,Hopper-v4,1
31970,reward,1033,9.377929109700673,96.434,SF-P3O-NoFisher,Hopper-v4,1
32048,reward,1034,71.06062325587331,100.802,SF-P3O-NoFisher,Hopper-v4,1
32064,reward,1035,12.505902955607688,101.189,SF-P3O-NoFisher,Hopper-v4,1
32159,reward,1036,130.51451975797374,110.515,SF-P3O-NoFisher,Hopper-v4,1
32258,reward,1037,154.66187316091293,107.021,SF-P3O-NoFisher,Hopper-v4,1
32279,reward,1038,14.601155612600124,93.871,SF-P3O-NoFisher,Hopper-v4,1
32397,reward,1039,181.69378311488012,98.335,SF-P3O-NoFisher,Hopper-v4,1
32435,reward,1040,43.35110118979218,81.504,SF-P3O-NoFisher,Hopper-v4,1
32517,reward,1041,133.71095525148223,80.34,SF-P3O-NoFisher,Hopper-v4,1
32566,reward,1042,86.6644594556445,83.814,SF-P3O-NoFisher,Hopper-v4,1
32681,reward,1043,157.89097404256918,98.666,SF-P3O-NoFisher,Hopper-v4,1
32768,loss,-0.077892005443573,0.5023426413536072,SF-P3O-NoFisher,Hopper-v4,1
32768,diagnostics,0.0,53.51,2.9799,0.010724,0.964837,0.201,-1.0,SF-P3O-NoFisher,Hopper-v4,1
32801,reward,1044,163.92112545948117,107.952,SF-P3O-NoFisher,Hopper-v4,1
32911,reward,1045,241.71902830952178,130.873,SF-P3O-NoFisher,Hopper-v4,1
32998,reward,1046,170.8501306310884,134.906,SF-P3O-NoFisher,Hopper-v4,1
33063,reward,1047,104.17849505444082,129.858,SF-P3O-NoFisher,Hopper-v4,1
33157,reward,1048,181.0036734511667,146.498,SF-P3O-NoFisher,Hopper-v4,1
33279,reward,1049,186.85047206170827,147.014,SF-P3O-NoFisher,Hopper-v4,1
33389,reward,1050,190.8161513214117,161.761,SF-P3O-NoFisher,Hopper-v4,1
33444,reward,1051,98.57823089479774,158.247,SF-P3O-NoFisher,Hopper-v4,1
33464,reward,1052,24.923332268150588,152.073,SF-P3O-NoFisher,Hopper-v4,1
33561,reward,1053,154.84404156823976,151.768,SF-P3O-NoFisher,Hopper-v4,1
33646,reward,1054,149.3925733012572,150.316,SF-P3O-NoFisher,Hopper-v4,1
33697,reward,1055,84.73879284558255,134.618,SF-P3O-NoFisher,Hopper-v4,1
33758,reward,1056,98.32855436694501,127.365,SF-P3O-NoFisher,Hopper-v4,1
33797,reward,1057,66.02294289199683,123.55,SF-P3O-NoFisher,Hopper-v4,1
33880,reward,1058,174.99140053077986,122.949,SF-P3O-NoFisher,Hopper-v4,1
33905,reward,1059,9.01379569718917,105.165,SF-P3O-NoFisher,Hopper-v4,1
33983,reward,1060,148.04950466818457,100.888,SF-P3O-NoFisher,Hopper-v4,1
34086,reward,1061,208.72476636395143,111.903,SF-P3O-NoFisher,Hopper-v4,1
34104,reward,1062,18.405351493544703,111.251,SF-P3O-NoFisher,Hopper-v4,1
34242,reward,1063,264.6186588018761,122.229,SF-P3O-NoFisher,Hopper-v4,1
34338,reward,1064,196.9400354567559,126.983,SF-P3O-NoFisher,Hopper-v4,1
34358,reward,1065,16.53837924645751,120.163,SF-P3O-NoFisher,Hopper-v4,1
34439,reward,1066,154.70865550769088,125.801,SF-P3O-NoFisher,Hopper-v4,1
34515,reward,1067,119.61961328265099,131.161,SF-P3O-NoFisher,Hopper-v4,1
34644,reward,1068,256.77024394937615,139.339,SF-P3O-NoFisher,Hopper-v4,1
34683,reward,1069,23.476302518231307,140.785,SF-P3O-NoFisher,Hopper-v4,1
34743,reward,1070,111.39714689116245,137.12,SF-P3O-NoFisher,Hopper-v4,1
34763,reward,1071,15.537683852331657,117.801,SF-P3O-NoFisher,Hopper-v4,1
34822,reward,1072,99.34306289728896,125.895,SF-P3O-NoFisher,Hopper-v4,1
34911,reward,1073,167.6389452402421,116.197,SF-P3O-NoFisher,Hopper-v4,1
35026,reward,1074,241.84026691368186,120.687,SF-P3O-NoFisher,Hopper-v4,1
35101,reward,1075,148.74579596071666,133.908,SF-P3O-NoFisher,Hopper-v4,1
35224,reward,1076,264.4102136104578,144.878,SF-P3O-NoFisher,Hopper-v4,1
35308,reward,1077,163.72770177595297,149.289,SF-P3O-NoFisher,Hopper-v4,1
35390,reward,1078,160.01331056621277,139.613,SF-P3O-NoFisher,Hopper-v4,1
35451,reward,1079,108.18612339395543,148.084,SF-P3O-NoFisher,Hopper-v4,1
35501,reward,1080,82.96648778910533,145.241,SF-P3O-NoFisher,Hopper-v4,1
35594,reward,1081,176.28762062452824,161.316,SF-P3O-NoFisher,Hopper-v4,1
35644,reward,1082,79.2235080974123,159.304,SF-P3O-NoFisher,Hopper-v4,1
35718,reward,1083,148.3484597102825,157.375,SF-P3O-NoFisher,Hopper-v4,1
35830,reward,1084,181.89411421995024,151.38,SF-P3O-NoFisher,Hopper-v4,1
35869,reward,1085,64.74245732315758,142.98,SF-P3O-NoFisher,Hopper-v4,1
35902,reward,1086,45.66930868335284,121.106,SF-P3O-NoFisher,Hopper-v4,1
35982,reward,1087,151.98958133335177,119.932,SF-P3O-NoFisher,Hopper-v4,1
36009,reward,1088,27.407270031182286,106.671,SF-P3O-NoFisher,Hopper-v4,1
36070,reward,1089,97.13460322689171,105.566,SF-P3O-NoFisher,Hopper-v4,1
36196,reward,1090,223.97855829636893,119.668,SF-P3O-NoFisher,Hopper-v4,1
36255,reward,1091,75.20975784836351,109.56,SF-P3O-NoFisher,Hopper-v4,1
36336,reward,1092,114.33339008400252,113.071,SF-P3O-NoFisher,Hopper-v4,1
36431,reward,1093,178.2458876986579,116.06,SF-P3O-NoFisher,Hopper-v4,1
36526,reward,1094,195.8291152935596,117.454,SF-P3O-NoFisher,Hopper-v4,1
36544,reward,1095,18.08831617106575,112.789,SF-P3O-NoFisher,Hopper-v4,1
36644,reward,1096,137.11802938752928,121.933,SF-P3O-NoFisher,Hopper-v4,1
36697,reward,1097,93.36974781540466,116.071,SF-P3O-NoFisher,Hopper-v4,1
36737,reward,1098,64.78415901727217,119.809,SF-P3O-NoFisher,Hopper-v4,1
36864,reward,1099,260.0540302892448,136.101,SF-P3O-NoFisher,Hopper-v4,1
36926,reward,1100,112.73167202414844,124.976,SF-P3O-NoFisher,Hopper-v4,1
37031,reward,1101,214.89124711527435,138.945,SF-P3O-NoFisher,Hopper-v4,1
37147,reward,1102,231.64316673580032,150.676,SF-P3O-NoFisher,Hopper-v4,1
37251,reward,1103,207.5019389574831,153.601,SF-P3O-NoFisher,Hopper-v4,1
37337,reward,1104,164.41412050491323,150.46,SF-P3O-NoFisher,Hopper-v4,1
37456,reward,1105,244.2933159610303,173.08,SF-P3O-NoFisher,Hopper-v4,1
37510,reward,1106,69.47624290778303,166.316,SF-P3O-NoFisher,Hopper-v4,1
37540,reward,1107,39.56313936980285,160.935,SF-P3O-NoFisher,Hopper-v4,1
37594,reward,1108,73.05475498700338,161.762,SF-P3O-NoFisher,Hopper-v4,1
37719,reward,1109,231.82585382727734,158.94,SF-P3O-NoFisher,Hopper-v4,1
37835,reward,1110,239.3518272660986,171.602,SF-P3O-NoFisher,Hopper-v4,1
37855,reward,1111,19.638821588947767,152.076,SF-P3O-NoFisher,Hopper-v4,1
37963,reward,1112,206.77012379611813,149.589,SF-P3O-NoFisher,Hopper-v4,1
38016,reward,1113,85.24148714522767,137.363,SF-P3O-NoFisher,Hopper-v4,1
38064,reward,1114,74.96372677933347,128.418,SF-P3O-NoFisher,Hopper-v4,1
38150,reward,1115,118.65708109555439,115.854,SF-P3O-NoFisher,Hopper-v4,1
38249,reward,1116,214.4985532003774,130.357,SF-P3O-NoFisher,Hopper-v4,1
38364,reward,1117,240.5456773714558,150.455,SF-P3O-NoFisher,Hopper-v4,1
38375,reward,1118,8.260900960174768,143.975,SF-P3O-NoFisher,Hopper-v4,1
38431,reward,1119,102.49864802317981,131.043,SF-P3O-NoFisher,Hopper-v4,1
38551,reward,1120,232.15503438119367,130.323,SF-P3O-NoFisher,Hopper-v4,1
38652,reward,1121,185.26475798347616,146.886,SF-P3O-NoFisher,Hopper-v4,1
38734,reward,1122,151.7916912978992,141.388,SF-P3O-NoFisher,Hopper-v4,1
38795,reward,1123,102.58611448822944,143.122,SF-P3O-NoFisher,Hopper-v4,1
38812,reward,1124,16.470497227205275,137.273,SF-P3O-NoFisher,Hopper-v4,1
38894,reward,1125,101.42512691123551,135.55,SF-P3O-NoFisher,Hopper-v4,1
38986,reward,1126,202.6518997018267,134.365,SF-P3O-NoFisher,Hopper-v4,1
39028,reward,1127,48.02779961127699,115.113,SF-P3O-NoFisher,Hopper-v4,1
39094,reward,1128,117.76714989086656,126.064,SF-P3O-NoFisher,Hopper-v4,1
39222,reward,1129,289.8837750512229,144.802,SF-P3O-NoFisher,Hopper-v4,1
39269,reward,1130,73.97718554389746,128.985,SF-P3O-NoFisher,Hopper-v4,1
39303,reward,1131,55.68653004063022,116.027,SF-P3O-NoFisher,Hopper-v4,1
39344,reward,1132,70.55487719670896,107.903,SF-P3O-NoFisher,Hopper-v4,1
39447,reward,1133,208.48493815858416,118.493,SF-P3O-NoFisher,Hopper-v4,1
39530,reward,1134,167.42843800331016,133.589,SF-P3O-NoFisher,Hopper-v4,1
39623,reward,1135,185.30696372322296,141.977,SF-P3O-NoFisher,Hopper-v4,1
39700,reward,1136,135.41428388961256,135.253,SF-P3O-NoFisher,Hopper-v4,1
39714,reward,1137,9.08973369140927,131.359,SF-P3O-NoFisher,Hopper-v4,1
39770,reward,1138,97.96530592440936,129.379,SF-P3O-NoFisher,Hopper-v4,1
39806,reward,1139,59.10735968763793,106.302,SF-P3O-NoFisher,Hopper-v4,1
39901,reward,1140,214.61176237105903,120.365,SF-P3O-NoFisher,Hopper-v4,1
39997,reward,1141,181.13723573672053,132.91,SF-P3O-NoFisher,Hopper-v4,1
40000,speed,666.51,1.02,SF-P3O-NoFisher,Hopper-v4,1
40100,reward,1142,212.15502553009205,147.07,SF-P3O-NoFisher,Hopper-v4,1
40154,reward,1143,97.48480120713756,135.97,SF-P3O-NoFisher,Hopper-v4,1
40266,reward,1144,200.55100069772013,139.282,SF-P3O-NoFisher,Hopper-v4,1
40340,reward,1145,71.09947423225039,127.862,SF-P3O-NoFisher,Hopper-v4,1
40365,reward,1146,21.19984724470463,116.44,SF-P3O-NoFisher,Hopper-v4,1
40445,reward,1147,163.0573022504362,131.837,SF-P3O-NoFisher,Hopper-v4,1
40541,reward,1148,169.8951511393841,139.03,SF-P3O-NoFisher,Hopper-v4,1
40628,reward,1149,140.50264095120295,147.169,SF-P3O-NoFisher,Hopper-v4,1
40718,reward,1150,162.2959934958919,141.938,SF-P3O-NoFisher,Hopper-v4,1
40844,reward,1151,302.6928134268311,154.093,SF-P3O-NoFisher,Hopper-v4,1
40959,reward,1152,222.78684827518282,155.157,SF-P3O-NoFisher,Hopper-v4,1
40960,loss,-0.0674128532409668,0.6204260587692261,SF-P3O-NoFisher,Hopper-v4,1
41056,reward,1153,199.87970849765293,165.396,SF-P3O-NoFisher,Hopper-v4,1
41168,reward,1154,229.41707966564528,168.283,SF-P3O-NoFisher,Hopper-v4,1
41258,reward,1155,162.78510538381875,177.451,SF-P3O-NoFisher,Hopper-v4,1
41314,reward,1156,98.09613645437533,185.141,SF-P3O-NoFisher,Hopper-v4,1
41437,reward,1157,260.85598955120935,194.921,SF-P3O-NoFisher,Hopper-v4,1
41536,reward,1158,215.25739930775273,199.457,SF-P3O-NoFisher,Hopper-v4,1
41608,reward,1159,135.87051512321838,198.994,SF-P3O-NoFisher,Hopper-v4,1
41683,reward,1160,142.18315347551237,196.982,SF-P3O-NoFisher,Hopper-v4,1
41790,reward,1161,214.56012368602683,188.169,SF-P3O-NoFisher,Hopper-v4,1
41902,reward,1162,242.9892231523776,190.189,SF-P3O-NoFisher,Hopper-v4,1
42004,reward,1163,214.07866724240935,191.609,SF-P3O-NoFisher,Hopper-v4,1
42101,reward,1164,173.0012266484196,185.968,SF-P3O-NoFisher,Hopper-v4,1
42180,reward,1165,155.9344534417968,185.283,SF-P3O-NoFisher,Hopper-v4,1
42243,reward,1166,123.36734143386428,187.81,SF-P3O-NoFisher,Hopper-v4,1
42358,reward,1167,265.2374460270513,188.248,SF-P3O-NoFisher,Hopper-v4,1
42448,reward,1168,207.82886721984298,187.505,SF-P3O-NoFisher,Hopper-v4,1
42529,reward,1169,147.70137317627805,188.688,SF-P3O-NoFisher,Hopper-v4,1
42604,reward,1170,146.5761994677036,189.127,SF-P3O-NoFisher,Hopper-v4,1
42658,reward,1171,99.006966724497,177.572,SF-P3O-NoFisher,Hopper-v4,1
42773,reward,1172,241.67954781448512,177.441,SF-P3O-NoFisher,Hopper-v4,1
42854,reward,1173,158.26636512038223,171.86,SF-P3O-NoFisher,Hopper-v4,1
42932,reward,1174,162.22355573922314,170.782,SF-P3O-NoFisher,Hopper-v4,1
43054,reward,1175,272.71994180769934,182.461,SF-P3O-NoFisher,Hopper-v4,1
43102,reward,1176,80.14929513590755,178.139,SF-P3O-NoFisher,Hopper-v4,1
43125,reward,1177,21.210433580065434,153.736,SF-P3O-NoFisher,Hopper-v4,1
43158,reward,1178,55.00870276601148,138.454,SF-P3O-NoFisher,Hopper-v4,1
43227,reward,1179,116.4419576110926,135.328,SF-P3O-NoFisher,Hopper-v4,1
43337,reward,1180,235.74520772470018,144.245,SF-P3O-NoFisher,Hopper-v4,1
43382,reward,1181,75.60395526245503,141.905,SF-P3O-NoFisher,Hopper-v4,1
43423,reward,1182,55.99559689007118,123.337,SF-P3O-NoFisher,Hopper-v4,1
43499,reward,1183,145.33255857156195,122.043,SF-P3O-NoFisher,Hopper-v4,1
43555,reward,1184,80.11723674568806,113.832,SF-P3O-NoFisher,Hopper-v4,1
43630,reward,1185,152.61170869631843,101.822,SF-P3O-NoFisher,Hopper-v4,1
43743,reward,1186,233.936790842493,117.2,SF-P3O-NoFisher,Hopper-v4,1
43849,reward,1187,224.49810584441704,137.529,SF-P3O-NoFisher,Hopper-v4,1
43905,reward,1188,101.55606971395808,142.184,SF-P3O-NoFisher,Hopper-v4,1
44026,reward,1189,255.5387434903376,156.094,SF-P3O-NoFisher,Hopper-v4,1
44043,reward,1190,16.57035106295803,134.176,SF-P3O-NoFisher,Hopper-v4,1
44174,reward,1191,264.08400625772873,153.024,SF-P3O-NoFisher,Hopper-v4,1
44272,reward,1192,218.99544110607854,169.324,SF-P3O-NoFisher,Hopper-v4,1
44327,reward,1193,97.66351616105358,164.557,SF-P3O-NoFisher,Hopper-v4,1
44382,reward,1194,99.00380240845737,166.446,SF-P3O-NoFisher,Hopper-v4,1
44435,reward,1195,94.91644721867058,160.676,SF-P3O-NoFisher,Hopper-v4,1
44524,reward,1196,172.1700215604674,154.5,SF-P3O-NoFisher,Hopper-v4,1
44582,reward,1197,107.0736089851374,142.757,SF-P3O-NoFisher,Hopper-v4,1
44676,reward,1198,164.41092492517217,149.043,SF-P3O-NoFisher,Hopper-v4,1
44754,reward,1199,150.7118674581765,138.56,SF-P3O-NoFisher,Hopper-v4,1
44872,reward,1200,250.25771500169162,161.929,SF-P3O-NoFisher,Hopper-v4,1
44928,reward,1201,100.37547432310167,145.558,SF-P3O-NoFisher,Hopper-v4,1
45027,reward,1202,218.16935763438747,145.475,SF-P3O-NoFisher,Hopper-v4,1
45049,reward,1203,25.531021264814648,138.262,SF-P3O-NoFisher,Hopper-v4,1
45090,reward,1204,67.64039649989765,135.126,SF-P3O-NoFisher,Hopper-v4,1
45170,reward,1205,156.1315658435552,141.247,SF-P3O-NoFisher,Hopper-v4,1
45271,reward,1206,211.40812496949113,145.171,SF-P3O-NoFisher,Hopper-v4,1
45376,reward,1207,220.73713750943298,156.537,SF-P3O-NoFisher,Hopper-v4,1
45464,reward,1208,144.93674650613153,154.59,SF-P3O-NoFisher,Hopper-v4,1
45562,reward,1209,237.80981692152142,163.3,SF-P3O-NoFisher,Hopper-v4,1
45609,reward,1210,82.06708842293912,146.481,SF-P3O-NoFisher,Hopper-v4,1
45672,reward,1211,114.18115738995917,147.861,SF-P3O-NoFisher,Hopper-v4,1
45729,reward,1212,106.49078067222244,136.693,SF-P3O-NoFisher,Hopper-v4,1
45832,reward,1213,208.0968239876249,154.95,SF-P3O-NoFisher,Hopper-v4,1
45910,reward,1214,143.45046510001657,162.531,SF-P3O-NoFisher,Hopper-v4,1
45953,reward,1215,74.5748609691938,154.375,SF-P3O-NoFisher,Hopper-v4,1
46037,reward,1216,156.96136150520442,148.931,SF-P3O-NoFisher,Hopper-v4,1
46098,reward,1217,115.81966239475149,138.439,SF-P3O-NoFisher,Hopper-v4,1
46222,reward,1218,256.387375188914,149.584,SF-P3O-NoFisher,Hopper-v4,1
46341,reward,1219,254.80775778507294,151.284,SF-P3O-NoFisher,Hopper-v4,1
46390,reward,1220,83.48691388746445,151.426,SF-P3O-NoFisher,Hopper-v4,1
46474,reward,1221,167.57662417590797,156.765,SF-P3O-NoFisher,Hopper-v4,1
46608,reward,1222,315.73875378582824,177.69,SF-P3O-NoFisher,Hopper-v4,1
46702,reward,1223,178.16670010871474,174.697,SF-P3O-NoFisher,Hopper-v4,1
46793,reward,1224,197.8384662108787,180.136,SF-P3O-NoFisher,Hopper-v4,1
46886,reward,1225,181.10515149853686,190.789,SF-P3O-NoFisher,Hopper-v4,1
46978,reward,1226,194.53518525364933,194.546,SF-P3O-NoFisher,Hopper-v4,1
47074,reward,1227,189.07484219456614,201.872,SF-P3O-NoFisher,Hopper-v4,1
47175,reward,1228,235.55777513631025,199.789,SF-P3O-NoFisher,Hopper-v4,1
47280,reward,1229,229.0426474329614,197.212,SF-P3O-NoFisher,Hopper-v4,1
47376,reward,1230,199.28747556316193,208.792,SF-P3O-NoFisher,Hopper-v4,1
47420,reward,1231,74.39991106823383,199.475,SF-P3O-NoFisher,Hopper-v4,1
47533,reward,1232,226.54965248427055,190.556,SF-P3O-NoFisher,Hopper-v4,1
47613,reward,1233,163.8874457171313,189.128,SF-P3O-NoFisher,Hopper-v4,1
47674,reward,1234,112.19348203349199,180.563,SF-P3O-NoFisher,Hopper-v4,1
47785,reward,1235,214.99771179468127,183.953,SF-P3O-NoFisher,Hopper-v4,1
47898,reward,1236,243.86986177233163,188.886,SF-P3O-NoFisher,Hopper-v4,1
47981,reward,1237,149.31857362744827,184.91,SF-P3O-NoFisher,Hopper-v4,1
48075,reward,1238,158.99816363337328,177.254,SF-P3O-NoFisher,Hopper-v4,1
48140,reward,1239,110.29491443859804,165.38,SF-P3O-NoFisher,Hopper-v4,1
48224,reward,1240,165.19436922268423,161.97,SF-P3O-NoFisher,Hopper-v4,1
48298,reward,1241,145.14766481007157,169.045,SF-P3O-NoFisher,Hopper-v4,1
48342,reward,1242,74.35743676707162,153.826,SF-P3O-NoFisher,Hopper-v4,1
48430,reward,1243,185.821738604618,156.019,SF-P3O-NoFisher,Hopper-v4,1
48538,reward,1244,189.44492270124462,163.745,SF-P3O-NoFisher,Hopper-v4,1
48618,reward,1245,132.12464705145493,155.457,SF-P3O-NoFisher,Hopper-v4,1
48682,reward,1246,101.0224659023927,141.172,SF-P3O-NoFisher,Hopper-v4,1
48805,reward,1247,246.332676059841,150.874,SF-P3O-NoFisher,Hopper-v4,1
48873,reward,1248,114.1156526049391,146.386,SF-P3O-NoFisher,Hopper-v4,1
48892,reward,1249,14.943027100605056,136.85,SF-P3O-NoFisher,Hopper-v4,1
48939,reward,1250,62.699002898525364,126.601,SF-P3O-NoFisher,Hopper-v4,1
49019,reward,1251,138.19862597811573,125.906,SF-P3O-NoFisher,Hopper-v4,1
49062,reward,1252,74.19881311761237,125.89,SF-P3O-NoFisher,Hopper-v4,1
49144,reward,1253,161.86184126289191,123.494,SF-P3O-NoFisher,Hopper-v4,1
49152,loss,-0.02182517759501934,0.39728835225105286,SF-P3O-NoFisher,Hopper-v4,1
49152,diagnostics,0.0,53.89,5.3309,0.016033,0.961648,0.2345,-1.0,SF-P3O-NoFisher,Hopper-v4,1
49245,reward,1254,232.1825587903125,127.768,SF-P3O-NoFisher,Hopper-v4,1
49349,reward,1255,226.66146175379822,137.222,SF-P3O-NoFisher,Hopper-v4,1
49463,reward,1256,251.406211857611,152.26,SF-P3O-NoFisher,Hopper-v4,1
49585,reward,1257,282.08742557303924,155.835,SF-P3O-NoFisher,Hopper-v4,1
49691,reward,1258,230.99239796098124,167.523,SF-P3O-NoFisher,Hopper-v4,1
49800,reward,1259,240.3863572702691,190.067,SF-P3O-NoFisher,Hopper-v4,1
49918,reward,1260,249.82532714572378,208.78,SF-P3O-NoFisher,Hopper-v4,1
50000,speed,449.5,1.39,SF-P3O-NoFisher,Hopper-v4,1
50001,spectral,0.016033,0.961648,0.2345,SF-P3O-NoFisher,Hopper-v4,1
50051,reward,1261,306.3762726860154,225.598,SF-P3O-NoFisher,Hopper-v4,1
50165,reward,1262,233.60548519311192,241.539,SF-P3O-NoFisher,Hopper-v4,1
50271,reward,1263,216.33762527795284,246.986,SF-P3O-NoFisher,Hopper-v4,1
50347,reward,1264,147.33198497066655,238.501,SF-P3O-NoFisher,Hopper-v4,1
50449,reward,1265,227.21215843286328,238.556,SF-P3O-NoFisher,Hopper-v4,1
50576,reward,1266,257.4833320852352,239.164,SF-P3O-NoFisher,Hopper-v4,1
50654,reward,1267,159.84427168118427,226.94,SF-P3O-NoFisher,Hopper-v4,1
50767,reward,1268,248.01868522965876,228.642,SF-P3O-NoFisher,Hopper-v4,1
50873,reward,1269,226.3638016891182,227.24,SF-P3O-NoFisher,Hopper-v4,1
50964,reward,1270,139.17637065804894,216.175,SF-P3O-NoFisher,Hopper-v4,1
51074,reward,1271,248.07795055868107,210.345,SF-P3O-NoFisher,Hopper-v4,1
51196,reward,1272,295.8970521973497,216.574,SF-P3O-NoFisher,Hopper-v4,1
51313,reward,1273,266.7442433892692,221.615,SF-P3O-NoFisher,Hopper-v4,1
51331,reward,1274,21.704410872618517,209.052,SF-P3O-NoFisher,Hopper-v4,1
51452,reward,1275,264.89942948229276,212.821,SF-P3O-NoFisher,Hopper-v4,1
51501,reward,1276,82.86929129904213,195.36,SF-P3O-NoFisher,Hopper-v4,1
51610,reward,1277,271.4775934821247,206.523,SF-P3O-NoFisher,Hopper-v4,1
51652,reward,1278,70.39718322807937,188.761,SF-P3O-NoFisher,Hopper-v4,1
51716,reward,1279,122.45807520238573,178.37,SF-P3O-NoFisher,Hopper-v4,1
51823,reward,1280,230.1746403897729,187.47,SF-P3O-NoFisher,Hopper-v4,1
51963,reward,1281,266.3937900664484,189.302,SF-P3O-NoFisher,Hopper-v4,1
52095,reward,1282,290.5077050796265,188.763,SF-P3O-NoFisher,Hopper-v4,1
52210,reward,1283,272.79780141200825,189.368,SF-P3O-NoFisher,Hopper-v4,1
52278,reward,1284,126.93630299197744,199.891,SF-P3O-NoFisher,Hopper-v4,1
52412,reward,1285,283.1189892286461,201.713,SF-P3O-NoFisher,Hopper-v4,1
52512,reward,1286,210.08770718802353,214.435,SF-P3O-NoFisher,Hopper-v4,1
52563,reward,1287,89.64707671366362,196.252,SF-P3O-NoFisher,Hopper-v4,1
52655,reward,1288,202.11971708464318,209.424,SF-P3O-NoFisher,Hopper-v4,1
52742,reward,1289,162.91127148049537,213.47,SF-P3O-NoFisher,Hopper-v4,1
52832,reward,1290,200.64950821881573,210.517,SF-P3O-NoFisher,Hopper-v4,1
52952,reward,1291,279.50137562848164,211.828,SF-P3O-NoFisher,Hopper-v4,1
53020,reward,1292,118.79837220097816,194.657,SF-P3O-NoFisher,Hopper-v4,1
53121,reward,1293,232.3778955245281,190.615,SF-P3O-NoFisher,Hopper-v4,1
53215,reward,1294,200.99464470914623,198.021,SF-P3O-NoFisher,Hopper-v4,1
53326,reward,1295,237.3361872812112,193.442,SF-P3O-NoFisher,Hopper-v4,1
53504,reward,1296,295.2056551169558,201.954,SF-P3O-NoFisher,Hopper-v4,1
53572,reward,1297,116.28365702342708,204.618,SF-P3O-NoFisher,Hopper-v4,1
53659,reward,1298,154.64022854840394,199.87,SF-P3O-NoFisher,Hopper-v4,1
53756,reward,1299,190.6630568839434,202.645,SF-P3O-NoFisher,Hopper-v4,1
53809,reward,1300,92.04996866295701,191.785,SF-P3O-NoFisher,Hopper-v4,1
53878,reward,1301,122.9503462698235,176.13,SF-P3O-NoFisher,Hopper-v4,1
53937,reward,1302,104.73935798250457,174.724,SF-P3O-NoFisher,Hopper-v4,1
54049,reward,1303,262.45714511194626,177.732,SF-P3O-NoFisher,Hopper-v4,1
54124,reward,1304,142.13061476457543,171.846,SF-P3O-NoFisher,Hopper-v4,1
54240,reward,1305,256.3473801127638,173.747,SF-P3O-NoFisher,Hopper-v4,1
54329,reward,1306,190.8648623100116,163.313,SF-P3O-NoFisher,Hopper-v4,1
54410,reward,1307,155.6195068618274,167.246,SF-P3O-NoFisher,Hopper-v4,1
54512,reward,1308,229.4905491672198,174.731,SF-P3O-NoFisher,Hopper-v4,1
54614,reward,1309,241.08134519381863,179.773,SF-P3O-NoFisher,Hopper-v4,1
54646,reward,1310,53.89222548540274,175.957,SF-P3O-NoFisher,Hopper-v4,1
54752,reward,1311,242.86475818980762,187.949,SF-P3O-NoFisher,Hopper-v4,1
54852,reward,1312,238.69793693532787,201.345,SF-P3O-NoFisher,Hopper-v4,1
54977,reward,1313,293.0425341813157,204.403,SF-P3O-NoFisher,Hopper-v4,1
55084,reward,1314,228.97473862353647,213.088,SF-P3O-NoFisher,Hopper-v4,1
55185,reward,1315,219.2216674449244,209.375,SF-P3O-NoFisher,Hopper-v4,1
55246,reward,1316,114.09531214522515,201.698,SF-P3O-NoFisher,Hopper-v4,1
55379,reward,1317,318.9723389930774,218.033,SF-P3O-NoFisher,Hopper-v4,1
55433,reward,1318,93.84707680788667,204.469,SF-P3O-NoFisher,Hopper-v4,1
55558,reward,1319,251.92443601012812,205.553,SF-P3O-NoFisher,Hopper-v4,1
55665,reward,1320,228.79531767822715,223.044,SF-P3O-NoFisher,Hopper-v4,1
55785,reward,1321,258.55466858488614,224.613,SF-P3O-NoFisher,Hopper-v4,1
55894,reward,1322,242.89417912269047,225.032,SF-P3O-NoFisher,Hopper-v4,1
56006,reward,1323,233.689800185464,219.097,SF-P3O-NoFisher,Hopper-v4,1
56118,reward,1324,237.02817870413838,219.902,SF-P3O-NoFisher,Hopper-v4,1
56216,reward,1325,210.49292491644698,219.029,SF-P3O-NoFisher,Hopper-v4,1
56329,reward,1326,266.165247964282,234.236,SF-P3O-NoFisher,Hopper-v4,1
56440,reward,1327,220.91316362609777,224.43,SF-P3O-NoFisher,Hopper-v4,1
56511,reward,1328,130.56859074561288,228.103,SF-P3O-NoFisher,Hopper-v4,1
56631,reward,1329,256.64754669600694,228.575,SF-P3O-NoFisher,Hopper-v4,1
56738,reward,1330,227.12495344145333,228.408,SF-P3O-NoFisher,Hopper-v4,1
56789,reward,1331,93.02825478921017,211.855,SF-P3O-NoFisher,Hopper-v4,1
56935,reward,1332,281.7042372938553,215.736,SF-P3O-NoFisher,Hopper-v4,1
57005,reward,1333,144.22629550244463,206.79,SF-P3O-NoFisher,Hopper-v4,1
57116,reward,1334,258.2374062558146,208.911,SF-P3O-NoFisher,Hopper-v4,1
57212,reward,1335,181.96679965267393,206.058,SF-P3O-NoFisher,Hopper-v4,1
57308,reward,1336,209.98130114542585,200.44,SF-P3O-NoFisher,Hopper-v4,1
57344,loss,0.03424013406038284,0.3907274007797241,SF-P3O-NoFisher,Hopper-v4,1
57351,reward,1337,75.9559283392836,185.944,SF-P3O-NoFisher,Hopper-v4,1
57452,reward,1338,217.27582820971435,194.615,SF-P3O-NoFisher,Hopper-v4,1
57563,reward,1339,223.83243467434548,191.333,SF-P3O-NoFisher,Hopper-v4,1
57653,reward,1340,151.93296306432686,183.814,SF-P3O-NoFisher,Hopper-v4,1
57767,reward,1341,245.14399895474315,199.026,SF-P3O-NoFisher,Hopper-v4,1
57892,reward,1342,293.9558848270292,200.251,SF-P3O-NoFisher,Hopper-v4,1
57995,reward,1343,223.03241292921766,208.131,SF-P3O-NoFisher,Hopper-v4,1
58128,reward,1344,275.5288565717422,209.861,SF-P3O-NoFisher,Hopper-v4,1
58260,reward,1345,288.2967125930039,220.494,SF-P3O-NoFisher,Hopper-v4,1
58372,reward,1346,247.32897733279773,224.228,SF-P3O-NoFisher,Hopper-v4,1
58503,reward,1347,281.21841823322745,244.755,SF-P3O-NoFisher,Hopper-v4,1
58626,reward,1348,271.6333326189445,250.19,SF-P3O-NoFisher,Hopper-v4,1
58758,reward,1349,274.67310860758215,255.274,SF-P3O-NoFisher,Hopper-v4,1
58859,reward,1350,221.07467727850798,262.189,SF-P3O-NoFisher,Hopper-v4,1
58992,reward,1351,313.20009182127814,268.994,SF-P3O-NoFisher,Hopper-v4,1
59081,reward,1352,189.60511419446792,258.559,SF-P3O-NoFisher,Hopper-v4,1
59174,reward,1353,207.99517851879187,257.055,SF-P3O-NoFisher,Hopper-v4,1
59287,reward,1354,260.53285603652046,255.556,SF-P3O-NoFisher,Hopper-v4,1
59384,reward,1355,215.66852635017787,248.293,SF-P3O-NoFisher,Hopper-v4,1
59519,reward,1356,315.27033741826637,255.087,SF-P3O-NoFisher,Hopper-v4,1
59653,reward,1357,323.8119378277578,259.347,SF-P3O-NoFisher,Hopper-v4,1
59765,reward,1358,256.3639277631611,257.82,SF-P3O-NoFisher,Hopper-v4,1
59894,reward,1359,295.0917518591741,259.861,SF-P3O-NoFisher,Hopper-v4,1
60000,speed,681.85,1.63,SF-P3O-NoFisher,Hopper-v4,1
60001,spectral,0.017184,0.961573,0.2154,SF-P3O-NoFisher,Hopper-v4,1
60002,reward,1360,247.6774595310431,262.522,SF-P3O-NoFisher,Hopper-v4,1
60108,reward,1361,225.3009326449571,253.732,SF-P3O-NoFisher,Hopper-v4,1
60217,reward,1362,249.57799753200797,259.729,SF-P3O-NoFisher,Hopper-v4,1
60385,reward,1363,324.8324698588611,271.413,SF-P3O-NoFisher,Hopper-v4,1
60483,reward,1364,226.99647378815905,268.059,SF-P3O-NoFisher,Hopper-v4,1
60612,reward,1365,315.5982479482687,278.052,SF-P3O-NoFisher,Hopper-v4,1
60734,reward,1366,251.80587127454157,271.706,SF-P3O-NoFisher,Hopper-v4,1
60847,reward,1367,250.89792692311985,264.414,SF-P3O-NoFisher,Hopper-v4,1
60951,reward,1368,225.3707904976818,261.315,SF-P3O-NoFisher,Hopper-v4,1
61056,reward,1369,231.92405759767695,254.998,SF-P3O-NoFisher,Hopper-v4,1
61170,reward,1370,258.5085783416225,256.081,SF-P3O-NoFisher,Hopper-v4,1
61283,reward,1371,229.77834642039215,256.529,SF-P3O-NoFisher,Hopper-v4,1
61388,reward,1372,226.40555303521523,254.212,SF-P3O-NoFisher,Hopper-v4,1
61496,reward,1373,230.761881277388,244.805,SF-P3O-NoFisher,Hopper-v4,1
61603,reward,1374,227.78363787611872,244.883,SF-P3O-NoFisher,Hopper-v4,1
61670,reward,1375,129.33636525706584,226.257,SF-P3O-NoFisher,Hopper-v4,1
61786,reward,1376,249.87927979104725,226.065,SF-P3O-NoFisher,Hopper-v4,1
61884,reward,1377,205.00576135472264,221.475,SF-P3O-NoFisher,Hopper-v4,1
62017,reward,1378,286.4479231835031,227.583,SF-P3O-NoFisher,Hopper-v4,1
62090,reward,1379,119.1528335349891,216.306,SF-P3O-NoFisher,Hopper-v4,1
62210,reward,1380,282.64683541987904,218.72,SF-P3O-NoFisher,Hopper-v4,1
62342,reward,1381,305.23106245369377,226.265,SF-P3O-NoFisher,Hopper-v4,1
62478,reward,1382,305.5363632267542,234.178,SF-P3O-NoFisher,Hopper-v4,1
62551,reward,1383,143.2414679317629,225.426,SF-P3O-NoFisher,Hopper-v4,1
62659,reward,1384,269.0918859727988,229.557,SF-P3O-NoFisher,Hopper-v4,1
62763,reward,1385,226.01489086212223,239.225,SF-P3O-NoFisher,Hopper-v4,1
62841,reward,1386,156.3062880561157,229.868,SF-P3O-NoFisher,Hopper-v4,1
62925,reward,1387,163.46753610957822,225.714,SF-P3O-NoFisher,Hopper-v4,1
63010,reward,1388,154.06074913084282,212.475,SF-P3O-NoFisher,Hopper-v4,1
63139,reward,1389,289.9522928516966,229.555,SF-P3O-NoFisher,Hopper-v4,1
63243,reward,1390,217.77360485114883,223.068,SF-P3O-NoFisher,Hopper-v4,1
63346,reward,1391,255.66265599731452,218.111,SF-P3O-NoFisher,Hopper-v4,1
63471,reward,1392,310.86383591300256,218.644,SF-P3O-NoFisher,Hopper-v4,1
63564,reward,1393,180.75084008050078,222.394,SF-P3O-NoFisher,Hopper-v4,1
63677,reward,1394,236.3311410496969,219.118,SF-P3O-NoFisher,Hopper-v4,1
63798,reward,1395,262.676797135713,222.785,SF-P3O-NoFisher,Hopper-v4,1
63885,reward,1396,190.1965329273165,226.174,SF-P3O-NoFisher,Hopper-v4,1
63993,reward,1397,227.48416487738933,232.575,SF-P3O-NoFisher,Hopper-v4,1
64130,reward,1398,312.1491710923182,248.384,SF-P3O-NoFisher,Hopper-v4,1
64207,reward,1399,139.18179703214145,233.307,SF-P3O-NoFisher,Hopper-v4,1
64293,reward,1400,182.5443143414861,229.784,SF-P3O-NoFisher,Hopper-v4,1
64398,reward,1401,250.76293130435485,229.294,SF-P3O-NoFisher,Hopper-v4,1
64505,reward,1402,227.31750591936716,220.94,SF-P3O-NoFisher,Hopper-v4,1
64627,reward,1403,261.0368550053456,228.968,SF-P3O-NoFisher,Hopper-v4,1
64738,reward,1404,244.16150073884484,229.751,SF-P3O-NoFisher,Hopper-v4,1
64840,reward,1405,219.72134118340392,225.456,SF-P3O-NoFisher,Hopper-v4,1
64942,reward,1406,224.97810204691547,228.934,SF-P3O-NoFisher,Hopper-v4,1
64995,reward,1407,97.29360008751924,215.915,SF-P3O-NoFisher,Hopper-v4,1
65106,reward,1408,262.9165392293635,210.991,SF-P3O-NoFisher,Hopper-v4,1
65224,reward,1409,253.65643775580912,222.439,SF-P3O-NoFisher,Hopper-v4,1
65345,reward,1410,283.6544473646098,232.55,SF-P3O-NoFisher,Hopper-v4,1
65415,reward,1411,129.6913034360955,220.443,SF-P3O-NoFisher,Hopper-v4,1
65451,reward,1412,56.50997680702906,203.362,SF-P3O-NoFisher,Hopper-v4,1
65536,loss,-0.06255164742469788,0.31249141693115234,SF-P3O-NoFisher,Hopper-v4,1
65536,diagnostics,0.0,54.14,5.6562,0.018024,0.96202,0.1981,-1.0,SF-P3O-NoFisher,Hopper-v4,1
65568,reward,1413,275.8676745188254,204.845,SF-P3O-NoFisher,Hopper-v4,1
65691,reward,1414,285.54235418506926,208.983,SF-P3O-NoFisher,Hopper-v4,1
65822,reward,1415,310.24156948212243,218.035,SF-P3O-NoFisher,Hopper-v4,1
65942,reward,1416,264.62910231663295,222.0,SF-P3O-NoFisher,Hopper-v4,1
66060,reward,1417,263.39184860540325,238.61,SF-P3O-NoFisher,Hopper-v4,1
66110,reward,1418,85.77501872184283,220.896,SF-P3O-NoFisher,Hopper-v4,1
66205,reward,1419,204.87721357855986,216.018,SF-P3O-NoFisher,Hopper-v4,1
66350,reward,1420,331.7255910620595,220.825,SF-P3O-NoFisher,Hopper-v4,1
66466,reward,1421,270.08914137963444,234.865,SF-P3O-NoFisher,Hopper-v4,1
66587,reward,1422,268.7357970172103,256.088,SF-P3O-NoFisher,Hopper-v4,1
66704,reward,1423,274.0911238258702,255.91,SF-P3O-NoFisher,Hopper-v4,1
66827,reward,1424,265.1663041784559,253.872,SF-P3O-NoFisher,Hopper-v4,1
66922,reward,1425,204.5532795589766,243.303,SF-P3O-NoFisher,Hopper-v4,1
67026,reward,1426,239.4526318391302,240.786,SF-P3O-NoFisher,Hopper-v4,1
67140,reward,1427,246.23135722826856,239.07,SF-P3O-NoFisher,Hopper-v4,1
67255,reward,1428,257.5021277019236,256.242,SF-P3O-NoFisher,Hopper-v4,1
67347,reward,1429,205.4346438087108,256.298,SF-P3O-NoFisher,Hopper-v4,1
67455,reward,1430,245.68003180430782,247.694,SF-P3O-NoFisher,Hopper-v4,1
67509,reward,1431,97.87488706584102,230.472,SF-P3O-NoFisher,Hopper-v4,1
67635,reward,1432,299.0370908780053,233.502,SF-P3O-NoFisher,Hopper-v4,1
67747,reward,1433,272.1914276650174,233.312,SF-P3O-NoFisher,Hopper-v4,1
67857,reward,1434,242.88543825273132,231.084,SF-P3O-NoFisher,Hopper-v4,1
67966,reward,1435,247.98043666419562,235.427,SF-P3O-NoFisher,Hopper-v4,1
68087,reward,1436,295.80184161168603,241.062,SF-P3O-NoFisher,Hopper-v4,1
68169,reward,1437,145.9195756577304,231.031,SF-P3O-NoFisher,Hopper-v4,1
68290,reward,1438,278.35527029512764,233.116,SF-P3O-NoFisher,Hopper-v4,1
68380,reward,1439,210.32016325812705,233.605,SF-P3O-NoFisher,Hopper-v4,1
68496,reward,1440,277.2717663983843,236.764,SF-P3O-NoFisher,Hopper-v4,1
68614,reward,1441,285.66095115865346,255.542,SF-P3O-NoFisher,Hopper-v4,1
68734,reward,1442,259.2518265807857,251.564,SF-P3O-NoFisher,Hopper-v4,1
68872,reward,1443,289.12592518192236,253.257,SF-P3O-NoFisher,Hopper-v4,1
68984,reward,1444,239.9925078798309,252.968,SF-P3O-NoFisher,Hopper-v4,1
69082,reward,1445,206.39978162071753,248.81,SF-P3O-NoFisher,Hopper-v4,1
69207,reward,1446,290.1244838475724,248.242,SF-P3O-NoFisher,Hopper-v4,1
69333,reward,1447,299.95954862538997,263.646,SF-P3O-NoFisher,Hopper-v4,1
69437,reward,1448,241.03670364473294,259.914,SF-P3O-NoFisher,Hopper-v4,1
69555,reward,1449,256.42230939209094,264.525,SF-P3O-NoFisher,Hopper-v4,1
69686,reward,1450,304.2820707741647,267.226,SF-P3O-NoFisher,Hopper-v4,1
69776,reward,1451,183.28054082210892,256.988,SF-P3O-NoFisher,Hopper-v4,1
69899,reward,1452,309.82121952507464,262.045,SF-P3O-NoFisher,Hopper-v4,1
70000,speed,664.19,1.88,SF-P3O-NoFisher,Hopper-v4,1
70001,spectral,0.018024,0.96202,0.1981,SF-P3O-NoFisher,Hopper-v4,1
70033,reward,1453,326.30508377381966,265.762,SF-P3O-NoFisher,Hopper-v4,1
70151,reward,1454,266.8123717386986,268.444,SF-P3O-NoFisher,Hopper-v4,1
70255,reward,1455,234.5960871505527,271.264,SF-P3O-NoFisher,Hopper-v4,1
70371,reward,1456,266.91365933880166,268.943,SF-P3O-NoFisher,Hopper-v4,1
70471,reward,1457,231.62274337316876,262.109,SF-P3O-NoFisher,Hopper-v4,1
70599,reward,1458,308.96622595376215,268.902,SF-P3O-NoFisher,Hopper-v4,1
70727,reward,1459,311.3085081143878,274.391,SF-P3O-NoFisher,Hopper-v4,1
70807,reward,1460,164.18127980670226,260.381,SF-P3O-NoFisher,Hopper-v4,1
70850,reward,1461,68.20234341774821,248.873,SF-P3O-NoFisher,Hopper-v4,1
70945,reward,1462,214.1046719159636,239.301,SF-P3O-NoFisher,Hopper-v4,1
71058,reward,1463,250.12221912512226,231.683,SF-P3O-NoFisher,Hopper-v4,1
71162,reward,1464,228.23724494254486,227.825,SF-P3O-NoFisher,Hopper-v4,1
71277,reward,1465,268.6449407071409,231.23,SF-P3O-NoFisher,Hopper-v4,1
71394,reward,1466,258.60112440489326,230.399,SF-P3O-NoFisher,Hopper-v4,1
71507,reward,1467,236.54116807808143,230.891,SF-P3O-NoFisher,Hopper-v4,1
71616,reward,1468,252.73354331938452,225.268,SF-P3O-NoFisher,Hopper-v4,1
71755,reward,1469,321.25685400611206,226.263,SF-P3O-NoFisher,Hopper-v4,1
71886,reward,1470,283.8093430708746,238.225,SF-P3O-NoFisher,Hopper-v4,1
71988,reward,1471,231.133266789624,254.518,SF-P3O-NoFisher,Hopper-v4,1
72113,reward,1472,279.705956234681,261.079,SF-P3O-NoFisher,Hopper-v4,1
72222,reward,1473,251.94622421076858,261.261,SF-P3O-NoFisher,Hopper-v4,1
72330,reward,1474,231.52476195536423,261.59,SF-P3O-NoFisher,Hopper-v4,1
72457,reward,1475,290.5645849118774,263.782,SF-P3O-NoFisher,Hopper-v4,1
72561,reward,1476,231.79193372383185,261.101,SF-P3O-NoFisher,Hopper-v4,1
72610,reward,1477,84.19049480175424,245.866,SF-P3O-NoFisher,Hopper-v4,1
72725,reward,1478,252.12500940057328,245.805,SF-P3O-NoFisher,Hopper-v4,1
72848,reward,1479,300.00936918300584,243.68,SF-P3O-NoFisher,Hopper-v4,1
72890,reward,1480,71.25626039456117,222.425,SF-P3O-NoFisher,Hopper-v4,1
73013,reward,1481,260.0541750574349,225.317,SF-P3O-NoFisher,Hopper-v4,1
73139,reward,1482,298.05851412270783,227.152,SF-P3O-NoFisher,Hopper-v4,1
73261,reward,1483,264.53565266456843,228.411,SF-P3O-NoFisher,Hopper-v4,1
73371,reward,1484,230.29741007479254,228.288,SF-P3O-NoFisher,Hopper-v4,1
73472,reward,1485,222.30586147521234,221.462,SF-P3O-NoFisher,Hopper-v4,1
73581,reward,1486,260.88778061437444,224.372,SF-P3O-NoFisher,Hopper-v4,1
73700,reward,1487,279.35253176649053,243.888,SF-P3O-NoFisher,Hopper-v4,1
73728,loss,0.053003329783678055,0.2655033469200134,SF-P3O-NoFisher,Hopper-v4,1
73816,reward,1488,273.31914808072963,246.008,SF-P3O-NoFisher,Hopper-v4,1
73924,reward,1489,232.15640834347164,239.222,SF-P3O-NoFisher,Hopper-v4,1
74050,reward,1490,319.80431893683146,264.077,SF-P3O-NoFisher,Hopper-v4,1
74164,reward,1491,274.53926034171695,265.526,SF-P3O-NoFisher,Hopper-v4,1
74250,reward,1492,175.00104826746707,253.22,SF-P3O-NoFisher,Hopper-v4,1
74366,reward,1493,267.639320229496,253.53,SF-P3O-NoFisher,Hopper-v4,1
74484,reward,1494,276.4942401488945,258.15,SF-P3O-NoFisher,Hopper-v4,1
74613,reward,1495,314.9033377524291,267.41,SF-P3O-NoFisher,Hopper-v4,1
74712,reward,1496,214.19180034843177,262.74,SF-P3O-NoFisher,Hopper-v4,1
74802,reward,1497,201.08494848037552,254.913,SF-P3O-NoFisher,Hopper-v4,1
74913,reward,1498,248.93599613155132,252.475,SF-P3O-NoFisher,Hopper-v4,1
75018,reward,1499,236.6247671558663,252.922,SF-P3O-NoFisher,Hopper-v4,1
75118,reward,1500,223.16215212220627,243.258,SF-P3O-NoFisher,Hopper-v4,1
75195,reward,1501,156.82680791610306,231.486,SF-P3O-NoFisher,Hopper-v4,1
75290,reward,1502,207.41699236550275,234.728,SF-P3O-NoFisher,Hopper-v4,1
75399,reward,1503,242.43975374348926,232.208,SF-P3O-NoFisher,Hopper-v4,1
75473,reward,1504,154.65924060928546,220.025,SF-P3O-NoFisher,Hopper-v4,1
75571,reward,1505,219.79662441214683,210.514,SF-P3O-NoFisher,Hopper-v4,1
75680,reward,1506,259.01484855634027,214.996,SF-P3O-NoFisher,Hopper-v4,1
75769,reward,1507,175.32402961749168,212.42,SF-P3O-NoFisher,Hopper-v4,1
75868,reward,1508,221.15255281736873,209.642,SF-P3O-NoFisher,Hopper-v4,1
75990,reward,1509,293.83367686679276,215.363,SF-P3O-NoFisher,Hopper-v4,1
76109,reward,1510,276.5299247835702,220.699,SF-P3O-NoFisher,Hopper-v4,1
76212,reward,1511,239.31609790688086,228.948,SF-P3O-NoFisher,Hopper-v4,1
76332,reward,1512,270.712608361107,235.278,SF-P3O-NoFisher,Hopper-v4,1
76434,reward,1513,231.91462484851337,234.225,SF-P3O-NoFisher,Hopper-v4,1
76550,reward,1514,260.13422363109925,244.773,SF-P3O-NoFisher,Hopper-v4,1
76675,reward,1515,295.82107217778855,252.375,SF-P3O-NoFisher,Hopper-v4,1
76793,reward,1516,285.08693205264836,254.983,SF-P3O-NoFisher,Hopper-v4,1
76905,reward,1517,260.33646178645944,263.484,SF-P3O-NoFisher,Hopper-v4,1
77007,reward,1518,229.58707813528684,264.327,SF-P3O-NoFisher,Hopper-v4,1
77104,reward,1519,204.49969291089877,255.394,SF-P3O-NoFisher,Hopper-v4,1
77207,reward,1520,245.50533161169687,252.291,SF-P3O-NoFisher,Hopper-v4,1
77344,reward,1521,299.783101317218,258.338,SF-P3O-NoFisher,Hopper-v4,1
77456,reward,1522,268.45251959712726,258.112,SF-P3O-NoFisher,Hopper-v4,1
77573,reward,1523,276.3680598343326,262.557,SF-P3O-NoFisher,Hopper-v4,1
77678,reward,1524,238.74841204930377,260.419,SF-P3O-NoFisher,Hopper-v4,1
77801,reward,1525,298.0219149230031,260.639,SF-P3O-NoFisher,Hopper-v4,1
77919,reward,1526,290.49873227627603,261.18,SF-P3O-NoFisher,Hopper-v4,1
78020,reward,1527,232.31501777478476,258.378,SF-P3O-NoFisher,Hopper-v4,1
78128,reward,1528,231.40520810926546,258.56,SF-P3O-NoFisher,Hopper-v4,1
78240,reward,1529,275.02721947868315,265.613,SF-P3O-NoFisher,Hopper-v4,1
78359,reward,1530,286.30515904782993,269.693,SF-P3O-NoFisher,Hopper-v4,1
78467,reward,1531,256.921237946307,265.406,SF-P3O-NoFisher,Hopper-v4,1
78588,reward,1532,282.3673173045875,266.798,SF-P3O-NoFisher,Hopper-v4,1
78704,reward,1533,262.6359272514396,265.425,SF-P3O-NoFisher,Hopper-v4,1
78819,reward,1534,262.57199575201753,267.807,SF-P3O-NoFisher,Hopper-v4,1
78942,reward,1535,264.30709609631333,264.435,SF-P3O-NoFisher,Hopper-v4,1
79054,reward,1536,282.0969894475624,263.595,SF-P3O-NoFisher,Hopper-v4,1
79166,reward,1537,243.33721958993587,264.698,SF-P3O-NoFisher,Hopper-v4,1
79207,reward,1538,69.49542341995999,248.507,SF-P3O-NoFisher,Hopper-v4,1
79325,reward,1539,273.8292405414865,248.387,SF-P3O-NoFisher,Hopper-v4,1
79431,reward,1540,224.78376333960094,242.235,SF-P3O-NoFisher,Hopper-v4,1
79558,reward,1541,293.26598440160694,245.869,SF-P3O-NoFisher,Hopper-v4,1
79676,reward,1542,279.0695836175468,245.539,SF-P3O-NoFisher,Hopper-v4,1
79789,reward,1543,248.5828602049519,244.134,SF-P3O-NoFisher,Hopper-v4,1
79893,reward,1544,242.95820365850827,242.173,SF-P3O-NoFisher,Hopper-v4,1
80000,speed,677.64,2.13,SF-P3O-NoFisher,Hopper-v4,1
80001,spectral,0.018663,0.961884,0.1883,SF-P3O-NoFisher,Hopper-v4,1
80003,reward,1545,252.97233505859103,241.039,SF-P3O-NoFisher,Hopper-v4,1
80102,reward,1546,229.73847500950464,235.803,SF-P3O-NoFisher,Hopper-v4,1
80202,reward,1547,225.8500939486463,234.055,SF-P3O-NoFisher,Hopper-v4,1
80312,reward,1548,267.7267603791836,253.878,SF-P3O-NoFisher,Hopper-v4,1
80439,reward,1549,286.01151209743,255.096,SF-P3O-NoFisher,Hopper-v4,1
80564,reward,1550,250.3129661223712,257.649,SF-P3O-NoFisher,Hopper-v4,1
80588,reward,1551,28.90825197543061,231.213,SF-P3O-NoFisher,Hopper-v4,1
80712,reward,1552,268.1911554145593,230.125,SF-P3O-NoFisher,Hopper-v4,1
80815,reward,1553,249.20779406314236,230.188,SF-P3O-NoFisher,Hopper-v4,1
80929,reward,1554,258.98865885781174,231.791,SF-P3O-NoFisher,Hopper-v4,1
81043,reward,1555,287.16759692953144,235.21,SF-P3O-NoFisher,Hopper-v4,1
81167,reward,1556,271.37116628565366,239.374,SF-P3O-NoFisher,Hopper-v4,1
81294,reward,1557,299.06128492442633,246.695,SF-P3O-NoFisher,Hopper-v4,1
81419,reward,1558,294.7047481485145,249.393,SF-P3O-NoFisher,Hopper-v4,1
81537,reward,1559,269.4535601618101,247.737,SF-P3O-NoFisher,Hopper-v4,1
81661,reward,1560,294.9459283588504,252.2,SF-P3O-NoFisher,Hopper-v4,1
81777,reward,1561,263.09987885252673,275.619,SF-P3O-NoFisher,Hopper-v4,1
81912,reward,1562,323.2958922139554,281.13,SF-P3O-NoFisher,Hopper-v4,1
81920,loss,0.0417620949447155,0.2885727286338806,SF-P3O-NoFisher,Hopper-v4,1
81920,diagnostics,0.0,54.3,9.4927,0.019283,0.962342,0.1862,-1.0,SF-P3O-NoFisher,Hopper-v4,1
82038,reward,1563,313.5779777260138,287.567,SF-P3O-NoFisher,Hopper-v4,1
82160,reward,1564,283.10775965326303,289.979,SF-P3O-NoFisher,Hopper-v4,1
82298,reward,1565,309.89178309037965,292.251,SF-P3O-NoFisher,Hopper-v4,1
82433,reward,1566,316.50853329165074,296.765,SF-P3O-NoFisher,Hopper-v4,1
82550,reward,1567,252.7534234649392,292.134,SF-P3O-NoFisher,Hopper-v4,1
82685,reward,1568,322.9343532436255,294.957,SF-P3O-NoFisher,Hopper-v4,1
82799,reward,1569,253.56453675374294,293.368,SF-P3O-NoFisher,Hopper-v4,1
82915,reward,1570,291.1426944783537,292.988,SF-P3O-NoFisher,Hopper-v4,1
83035,reward,1571,288.6501197810834,295.543,SF-P3O-NoFisher,Hopper-v4,1
83147,reward,1572,223.151974071321,285.528,SF-P3O-NoFisher,Hopper-v4,1
83275,reward,1573,300.3939312142706,284.21,SF-P3O-NoFisher,Hopper-v4,1
83405,reward,1574,272.15673451043284,283.115,SF-P3O-NoFisher,Hopper-v4,1
83495,reward,1575,189.02591581812536,271.028,SF-P3O-NoFisher,Hopper-v4,1
83639,reward,1576,329.2787238241907,272.305,SF-P3O-NoFisher,Hopper-v4,1
83749,reward,1577,236.51367418003016,270.681,SF-P3O-NoFisher,Hopper-v4,1
83868,reward,1578,282.5528602389665,266.643,SF-P3O-NoFisher,Hopper-v4,1
83988,reward,1579,274.4340773554415,268.73,SF-P3O-NoFisher,Hopper-v4,1
84116,reward,1580,302.9677285280672,269.913,SF-P3O-NoFisher,Hopper-v4,1
84254,reward,1581,293.99492593049257,270.447,SF-P3O-NoFisher,Hopper-v4,1
84320,reward,1582,129.30698497988132,261.063,SF-P3O-NoFisher,Hopper-v4,1
84454,reward,1583,324.8786892243418,263.511,SF-P3O-NoFisher,Hopper-v4,1
84583,reward,1584,276.6989666395713,263.965,SF-P3O-NoFisher,Hopper-v4,1
84696,reward,1585,254.80370627322145,270.543,SF-P3O-NoFisher,Hopper-v4,1
84836,reward,1586,323.6405974678889,269.979,SF-P3O-NoFisher,Hopper-v4,1
84969,reward,1587,311.58359481960434,277.486,SF-P3O-NoFisher,Hopper-v4,1
85036,reward,1588,119.21022719485545,261.152,SF-P3O-NoFisher,Hopper-v4,1
85168,reward,1589,314.59311584150043,265.168,SF-P3O-NoFisher,Hopper-v4,1
85290,reward,1590,310.05202261369936,265.876,SF-P3O-NoFisher,Hopper-v4,1
85428,reward,1591,335.31433715423606,270.008,SF-P3O-NoFisher,Hopper-v4,1
85561,reward,1592,314.62317337106344,288.54,SF-P3O-NoFisher,Hopper-v4,1
85689,reward,1593,314.64270126713643,287.516,SF-P3O-NoFisher,Hopper-v4,1
85814,reward,1594,285.75536372367225,288.422,SF-P3O-NoFisher,Hopper-v4,1
85876,reward,1595,116.60986457937726,274.602,SF-P3O-NoFisher,Hopper-v4,1
86007,reward,1596,333.44670802788863,275.583,SF-P3O-NoFisher,Hopper-v4,1
86114,reward,1597,250.76515025014393,269.501,SF-P3O-NoFisher,Hopper-v4,1
86237,reward,1598,292.0529140131965,286.786,SF-P3O-NoFisher,Hopper-v4,1
86372,reward,1599,324.85737616141824,287.812,SF-P3O-NoFisher,Hopper-v4,1
86485,reward,1600,273.92219096949293,284.199,SF-P3O-NoFisher,Hopper-v4,1
86605,reward,1601,295.8052215049487,280.248,SF-P3O-NoFisher,Hopper-v4,1
86707,reward,1602,203.04144846758027,269.09,SF-P3O-NoFisher,Hopper-v4,1
86837,reward,1603,313.4053870262414,268.966,SF-P3O-NoFisher,Hopper-v4,1
86954,reward,1604,269.5448846392213,267.345,SF-P3O-NoFisher,Hopper-v4,1
87056,reward,1605,222.22387241160027,277.907,SF-P3O-NoFisher,Hopper-v4,1
87179,reward,1606,287.79059006976127,273.341,SF-P3O-NoFisher,Hopper-v4,1
87304,reward,1607,297.86668404213333,278.051,SF-P3O-NoFisher,Hopper-v4,1
87418,reward,1608,260.4033228558312,274.886,SF-P3O-NoFisher,Hopper-v4,1
87538,reward,1609,295.28875152164426,271.929,SF-P3O-NoFisher,Hopper-v4,1
87649,reward,1610,264.0886610651885,270.946,SF-P3O-NoFisher,Hopper-v4,1
87711,reward,1611,117.1106966509816,253.076,SF-P3O-NoFisher,Hopper-v4,1
87816,reward,1612,249.50981895989068,257.723,SF-P3O-NoFisher,Hopper-v4,1
87944,reward,1613,309.06433421872447,257.289,SF-P3O-NoFisher,Hopper-v4,1
88067,reward,1614,303.84896017855164,260.72,SF-P3O-NoFisher,Hopper-v4,1
88211,reward,1615,326.14518570794866,271.112,SF-P3O-NoFisher,Hopper-v4,1
88334,reward,1616,295.2745741398563,271.86,SF-P3O-NoFisher,Hopper-v4,1
88458,reward,1617,303.46841763888045,272.42,SF-P3O-NoFisher,Hopper-v4,1
88586,reward,1618,319.0533260105188,278.285,SF-P3O-NoFisher,Hopper-v4,1
88697,reward,1619,259.98944422386256,274.755,SF-P3O-NoFisher,Hopper-v4,1
88815,reward,1620,273.2874802158931,275.675,SF-P3O-NoFisher,Hopper-v4,1
88928,reward,1621,266.7353918384161,290.638,SF-P3O-NoFisher,Hopper-v4,1
89042,reward,1622,280.88145574470315,293.775,SF-P3O-NoFisher,Hopper-v4,1
89158,reward,1623,275.6723469256669,290.436,SF-P3O-NoFisher,Hopper-v4,1
89291,reward,1624,302.11775090523804,290.263,SF-P3O-NoFisher,Hopper-v4,1
89412,reward,1625,260.0585143582187,283.654,SF-P3O-NoFisher,Hopper-v4,1
89541,reward,1626,310.7800807299217,285.204,SF-P3O-NoFisher,Hopper-v4,1
89661,reward,1627,278.8323681184573,282.741,SF-P3O-NoFisher,Hopper-v4,1
89796,reward,1628,301.5023358928562,280.986,SF-P3O-NoFisher,Hopper-v4,1
89924,reward,1629,309.5956106103381,285.946,SF-P3O-NoFisher,Hopper-v4,1
90000,speed,673.72,2.38,SF-P3O-NoFisher,Hopper-v4,1
90001,spectral,0.019283,0.962342,0.1862,SF-P3O-NoFisher,Hopper-v4,1
90036,reward,1630,284.45254226562355,287.063,SF-P3O-NoFisher,Hopper-v4,1
90112,loss,0.029961232095956802,0.2584401071071625,SF-P3O-NoFisher,Hopper-v4,1
90148,reward,1631,248.04608028987974,285.194,SF-P3O-NoFisher,Hopper-v4,1
90260,reward,1632,285.2930552512483,285.635,SF-P3O-NoFisher,Hopper-v4,1
90385,reward,1633,302.90498200606964,288.358,SF-P3O-NoFisher,Hopper-v4,1
90510,reward,1634,287.455105651994,286.892,SF-P3O-NoFisher,Hopper-v4,1
90637,reward,1635,315.0717140369408,292.393,SF-P3O-NoFisher,Hopper-v4,1
90772,reward,1636,314.368343733585,292.752,SF-P3O-NoFisher,Hopper-v4,1
90902,reward,1637,322.1970132322961,297.089,SF-P3O-NoFisher,Hopper-v4,1
91018,reward,1638,289.53584054052135,295.892,SF-P3O-NoFisher,Hopper-v4,1
91138,reward,1639,280.9423496056214,293.027,SF-P3O-NoFisher,Hopper-v4,1
91197,reward,1640,100.27670332527659,274.609,SF-P3O-NoFisher,Hopper-v4,1
91332,reward,1641,323.3370178589126,282.138,SF-P3O-NoFisher,Hopper-v4,1
91422,reward,1642,201.47885663586388,273.757,SF-P3O-NoFisher,Hopper-v4,1
91517,reward,1643,209.46311310665493,264.413,SF-P3O-NoFisher,Hopper-v4,1
91627,reward,1644,271.081276313707,262.775,SF-P3O-NoFisher,Hopper-v4,1
91761,reward,1645,315.6248022088518,262.831,SF-P3O-NoFisher,Hopper-v4,1
91890,reward,1646,312.8641387885636,262.68,SF-P3O-NoFisher,Hopper-v4,1
92020,reward,1647,310.54182374978774,261.515,SF-P3O-NoFisher,Hopper-v4,1
92116,reward,1648,222.0222524778893,254.763,SF-P3O-NoFisher,Hopper-v4,1
92220,reward,1649,224.40107447492312,249.109,SF-P3O-NoFisher,Hopper-v4,1
92336,reward,1650,280.37421958802094,267.119,SF-P3O-NoFisher,Hopper-v4,1
92464,reward,1651,314.02576635039685,266.188,SF-P3O-NoFisher,Hopper-v4,1
92590,reward,1652,293.84481352380186,275.424,SF-P3O-NoFisher,Hopper-v4,1
92692,reward,1653,204.79190416456004,274.957,SF-P3O-NoFisher,Hopper-v4,1
92814,reward,1654,294.3344271381224,277.283,SF-P3O-NoFisher,Hopper-v4,1
92940,reward,1655,298.3193244251113,275.552,SF-P3O-NoFisher,Hopper-v4,1
93070,reward,1656,314.73423822888867,275.739,SF-P3O-NoFisher,Hopper-v4,1
93201,reward,1657,316.77926022508063,276.363,SF-P3O-NoFisher,Hopper-v4,1
93327,reward,1658,312.096991501667,285.37,SF-P3O-NoFisher,Hopper-v4,1
93404,reward,1659,157.3944845772666,278.67,SF-P3O-NoFisher,Hopper-v4,1
93530,reward,1660,309.4870729014966,281.581,SF-P3O-NoFisher,Hopper-v4,1
93661,reward,1661,324.3297835090931,282.611,SF-P3O-NoFisher,Hopper-v4,1
93795,reward,1662,302.8234824395149,283.509,SF-P3O-NoFisher,Hopper-v4,1
93929,reward,1663,309.34391138849196,293.964,SF-P3O-NoFisher,Hopper-v4,1
94062,reward,1664,315.30065545406075,296.061,SF-P3O-NoFisher,Hopper-v4,1
94150,reward,1665,187.29104351901927,284.958,SF-P3O-NoFisher,Hopper-v4,1
94340,reward,1666,357.1457932392252,289.199,SF-P3O-NoFisher,Hopper-v4,1
94484,reward,1667,325.2017267447076,290.041,SF-P3O-NoFisher,Hopper-v4,1
94594,reward,1668,220.01065905069515,280.833,SF-P3O-NoFisher,Hopper-v4,1
94729,reward,1669,314.8157508430141,296.575,SF-P3O-NoFisher,Hopper-v4,1
94854,reward,1670,305.3027926896747,296.157,SF-P3O-NoFisher,Hopper-v4,1
94949,reward,1671,220.83871288892072,285.807,SF-P3O-NoFisher,Hopper-v4,1
95082,reward,1672,322.61317618839826,287.786,SF-P3O-NoFisher,Hopper-v4,1
95207,reward,1673,317.2393951836852,288.576,SF-P3O-NoFisher,Hopper-v4,1
95326,reward,1674,284.10642686382243,285.457,SF-P3O-NoFisher,Hopper-v4,1
95458,reward,1675,314.7366235849465,298.201,SF-P3O-NoFisher,Hopper-v4,1
95590,reward,1676,312.0969918512297,293.696,SF-P3O-NoFisher,Hopper-v4,1
95710,reward,1677,282.28548312505256,289.405,SF-P3O-NoFisher,Hopper-v4,1
95828,reward,1678,277.6855301480252,295.172,SF-P3O-NoFisher,Hopper-v4,1
95959,reward,1679,308.52201916509154,294.543,SF-P3O-NoFisher,Hopper-v4,1
96073,reward,1680,256.8335856818022,289.696,SF-P3O-NoFisher,Hopper-v4,1
96181,reward,1681,268.0790661527754,294.42,SF-P3O-NoFisher,Hopper-v4,1
96299,reward,1682,271.71004971200836,289.33,SF-P3O-NoFisher,Hopper-v4,1
96438,reward,1683,327.0884563370558,290.314,SF-P3O-NoFisher,Hopper-v4,1
96557,reward,1684,285.1742114274144,290.421,SF-P3O-NoFisher,Hopper-v4,1
96667,reward,1685,257.5677185118415,284.704,SF-P3O-NoFisher,Hopper-v4,1
96767,reward,1686,221.81238712654533,275.676,SF-P3O-NoFisher,Hopper-v4,1
96882,reward,1687,288.28886865133893,276.276,SF-P3O-NoFisher,Hopper-v4,1
97008,reward,1688,294.66265833830266,277.974,SF-P3O-NoFisher,Hopper-v4,1
97120,reward,1689,260.8741475394253,273.209,SF-P3O-NoFisher,Hopper-v4,1
97249,reward,1690,322.5343673184184,279.779,SF-P3O-NoFisher,Hopper-v4,1
97376,reward,1691,298.0956116946831,282.781,SF-P3O-NoFisher,Hopper-v4,1
97501,reward,1692,309.72025039498857,286.582,SF-P3O-NoFisher,Hopper-v4,1
97618,reward,1693,260.30675402920946,279.904,SF-P3O-NoFisher,Hopper-v4,1
97715,reward,1694,199.1803999669646,271.304,SF-P3O-NoFisher,Hopper-v4,1
97835,reward,1695,294.4677831409697,274.994,SF-P3O-NoFisher,Hopper-v4,1
97974,reward,1696,322.6379840033751,285.077,SF-P3O-NoFisher,Hopper-v4,1
98098,reward,1697,286.61605040701454,284.91,SF-P3O-NoFisher,Hopper-v4,1
98200,reward,1698,234.14892178246868,278.858,SF-P3O-NoFisher,Hopper-v4,1
98304,loss,0.12230312824249268,0.3448866605758667,SF-P3O-NoFisher,Hopper-v4,1
98304,diagnostics,0.0,54.55,18.4496,0.021239,0.96131,0.214,-1.0,SF-P3O-NoFisher,Hopper-v4,1
98332,reward,1699,320.91745358179725,284.863,SF-P3O-NoFisher,Hopper-v4,1
98456,reward,1700,305.6497139394729,283.174,SF-P3O-NoFisher,Hopper-v4,1
98587,reward,1701,316.92767691788356,285.057,SF-P3O-NoFisher,Hopper-v4,1
98734,reward,1702,327.49549708559056,286.835,SF-P3O-NoFisher,Hopper-v4,1
98863,reward,1703,296.92522112284684,290.497,SF-P3O-NoFisher,Hopper-v4,1
99000,reward,1704,331.2361559818717,303.702,SF-P3O-NoFisher,Hopper-v4,1
99132,reward,1705,316.4358926054069,305.899,SF-P3O-NoFisher,Hopper-v4,1
99260,reward,1706,326.4211692483787,306.277,SF-P3O-NoFisher,Hopper-v4,1
99377,reward,1707,271.0170439336298,304.717,SF-P3O-NoFisher,Hopper-v4,1
99494,reward,1708,292.49893503939586,310.552,SF-P3O-NoFisher,Hopper-v4,1
99595,reward,1709,235.90241435191274,302.051,SF-P3O-NoFisher,Hopper-v4,1
99713,reward,1710,277.4048136447232,299.226,SF-P3O-NoFisher,Hopper-v4,1
99853,reward,1711,349.9510161624238,302.529,SF-P3O-NoFisher,Hopper-v4,1
99977,reward,1712,302.7884608850413,300.058,SF-P3O-NoFisher,Hopper-v4,1
100000,speed,462.19,2.74,SF-P3O-NoFisher,Hopper-v4,1
100001,spectral,0.021239,0.96131,0.214,SF-P3O-NoFisher,Hopper-v4,1
100104,reward,1713,307.2080582817851,301.086,SF-P3O-NoFisher,Hopper-v4,1
100224,reward,1714,297.6679294825564,297.73,SF-P3O-NoFisher,Hopper-v4,1
100349,reward,1715,305.6844791870654,296.654,SF-P3O-NoFisher,Hopper-v4,1
100464,reward,1716,257.04719114574146,289.717,SF-P3O-NoFisher,Hopper-v4,1
100600,reward,1717,326.31643494841114,295.247,SF-P3O-NoFisher,Hopper-v4,1
100730,reward,1718,313.5585901237387,297.353,SF-P3O-NoFisher,Hopper-v4,1
100862,reward,1719,321.24465414557403,305.887,SF-P3O-NoFisher,Hopper-v4,1
100994,reward,1720,304.92708554104223,308.639,SF-P3O-NoFisher,Hopper-v4,1
101116,reward,1721,290.00123129836055,302.644,SF-P3O-NoFisher,Hopper-v4,1
101188,reward,1722,138.94440711977776,286.26,SF-P3O-NoFisher,Hopper-v4,1
101315,reward,1723,316.8186158395294,287.221,SF-P3O-NoFisher,Hopper-v4,1
101448,reward,1724,316.9768579976484,289.152,SF-P3O-NoFisher,Hopper-v4,1
101519,reward,1725,137.14495845647744,272.298,SF-P3O-NoFisher,Hopper-v4,1
101661,reward,1726,331.2553822093459,279.719,SF-P3O-NoFisher,Hopper-v4,1
101796,reward,1727,320.5139135025704,279.139,SF-P3O-NoFisher,Hopper-v4,1
101931,reward,1728,314.34377757496964,279.217,SF-P3O-NoFisher,Hopper-v4,1
102048,reward,1729,287.97981245621094,275.891,SF-P3O-NoFisher,Hopper-v4,1
102185,reward,1730,329.8622451183414,278.384,SF-P3O-NoFisher,Hopper-v4,1
102303,reward,1731,273.32491918097793,276.716,SF-P3O-NoFisher,Hopper-v4,1
102436,reward,1732,292.84915789592156,292.107,SF-P3O-NoFisher,Hopper-v4,1
102572,reward,1733,311.1559709585697,291.541,SF-P3O-NoFisher,Hopper-v4,1
102610,reward,1734,55.07527503649885,265.351,SF-P3O-NoFisher,Hopper-v4,1
102714,reward,1735,221.54425244175368,273.79,SF-P3O-NoFisher,Hopper-v4,1
102841,reward,1736,312.6160748924819,271.927,SF-P3O-NoFisher,Hopper-v4,1
102970,reward,1737,312.8292413830608,271.158,SF-P3O-NoFisher,Hopper-v4,1
103098,reward,1738,281.70159964200747,267.894,SF-P3O-NoFisher,Hopper-v4,1
103215,reward,1739,254.68897896016108,264.565,SF-P3O-NoFisher,Hopper-v4,1
103341,reward,1740,306.0488880442241,262.183,SF-P3O-NoFisher,Hopper-v4,1
103477,reward,1741,335.85387682144955,268.436,SF-P3O-NoFisher,Hopper-v4,1
103541,reward,1742,117.85789885664937,250.937,SF-P3O-NoFisher,Hopper-v4,1
103677,reward,1743,321.38438536160487,251.96,SF-P3O-NoFisher,Hopper-v4,1
103802,reward,1744,305.3756788667406,276.99,SF-P3O-NoFisher,Hopper-v4,1
103934,reward,1745,317.54560312189125,286.59,SF-P3O-NoFisher,Hopper-v4,1
104073,reward,1746,337.55128805926444,289.084,SF-P3O-NoFisher,Hopper-v4,1
104201,reward,1747,309.4873411274327,288.75,SF-P3O-NoFisher,Hopper-v4,1
104333,reward,1748,320.91888587306585,292.671,SF-P3O-NoFisher,Hopper-v4,1
104443,reward,1749,259.2539722730468,293.128,SF-P3O-NoFisher,Hopper-v4,1
104576,reward,1750,297.37236891718567,292.26,SF-P3O-NoFisher,Hopper-v4,1
104710,reward,1751,308.0156304234017,289.476,SF-P3O-NoFisher,Hopper-v4,1
104841,reward,1752,303.8355523201907,308.074,SF-P3O-NoFisher,Hopper-v4,1
104960,reward,1753,290.1854307601369,304.954,SF-P3O-NoFisher,Hopper-v4,1
105099,reward,1754,325.71859853098783,306.988,SF-P3O-NoFisher,Hopper-v4,1
105229,reward,1755,316.15375296846247,306.849,SF-P3O-NoFisher,Hopper-v4,1
105353,reward,1756,298.5608786122408,302.95,SF-P3O-NoFisher,Hopper-v4,1
105497,reward,1757,355.5105853299011,307.553,SF-P3O-NoFisher,Hopper-v4,1
105618,reward,1758,317.7882334202814,307.24,SF-P3O-NoFisher,Hopper-v4,1
105752,reward,1759,328.34810084835306,314.149,SF-P3O-NoFisher,Hopper-v4,1
105861,reward,1760,253.3988707607451,309.752,SF-P3O-NoFisher,Hopper-v4,1
105997,reward,1761,316.44140422047667,310.594,SF-P3O-NoFisher,Hopper-v4,1
106114,reward,1762,275.21238768302953,307.732,SF-P3O-NoFisher,Hopper-v4,1
106236,reward,1763,285.4264589257441,307.256,SF-P3O-NoFisher,Hopper-v4,1
106366,reward,1764,305.2104606700942,305.205,SF-P3O-NoFisher,Hopper-v4,1
106495,reward,1765,320.3351001427111,305.623,SF-P3O-NoFisher,Hopper-v4,1
106496,loss,0.013854067772626877,0.26570162177085876,SF-P3O-NoFisher,Hopper-v4,1
106632,reward,1766,323.23891716836084,308.091,SF-P3O-NoFisher,Hopper-v4,1
106765,reward,1767,354.2029676439218,307.96,SF-P3O-NoFisher,Hopper-v4,1
106886,reward,1768,287.00677521534567,304.882,SF-P3O-NoFisher,Hopper-v4,1
106997,reward,1769,246.49615784451092,296.697,SF-P3O-NoFisher,Hopper-v4,1
107123,reward,1770,306.9023893902907,302.047,SF-P3O-NoFisher,Hopper-v4,1
107246,reward,1771,296.03394614461104,300.007,SF-P3O-NoFisher,Hopper-v4,1
107393,reward,1772,356.1442789552177,308.1,SF-P3O-NoFisher,Hopper-v4,1
107523,reward,1773,313.5624907013718,310.913,SF-P3O-NoFisher,Hopper-v4,1
107660,reward,1774,341.9179628939073,314.584,SF-P3O-NoFisher,Hopper-v4,1
107789,reward,1775,315.76938709872354,314.128,SF-P3O-NoFisher,Hopper-v4,1
107887,reward,1776,217.83388889770112,303.587,SF-P3O-NoFisher,Hopper-v4,1
108009,reward,1777,295.6766114000768,297.734,SF-P3O-NoFisher,Hopper-v4,1
108139,reward,1778,314.79172182811806,300.513,SF-P3O-NoFisher,Hopper-v4,1
108260,reward,1779,289.9765980086326,304.861,SF-P3O-NoFisher,Hopper-v4,1
108375,reward,1780,265.17888069483973,300.689,SF-P3O-NoFisher,Hopper-v4,1
108496,reward,1781,289.5651748531238,300.042,SF-P3O-NoFisher,Hopper-v4,1
108629,reward,1782,323.2760702161461,296.755,SF-P3O-NoFisher,Hopper-v4,1
108765,reward,1783,317.3556334191041,297.134,SF-P3O-NoFisher,Hopper-v4,1
108825,reward,1784,107.41696823677367,273.684,SF-P3O-NoFisher,Hopper-v4,1
108963,reward,1785,350.6805272217289,277.175,SF-P3O-NoFisher,Hopper-v4,1
109087,reward,1786,284.9941810862704,283.891,SF-P3O-NoFisher,Hopper-v4,1
109205,reward,1787,291.6967451835071,283.493,SF-P3O-NoFisher,Hopper-v4,1
109322,reward,1788,290.2892443886404,281.043,SF-P3O-NoFisher,Hopper-v4,1
109453,reward,1789,334.18521043503887,285.464,SF-P3O-NoFisher,Hopper-v4,1
109587,reward,1790,319.38746294901466,290.885,SF-P3O-NoFisher,Hopper-v4,1
109727,reward,1791,321.55408257793255,294.084,SF-P3O-NoFisher,Hopper-v4,1
109855,reward,1792,312.2125803390332,292.977,SF-P3O-NoFisher,Hopper-v4,1
109992,reward,1793,324.3530835107171,293.677,SF-P3O-NoFisher,Hopper-v4,1
110000,speed,676.27,2.98,SF-P3O-NoFisher,Hopper-v4,1
110001,spectral,0.022113,0.960283,0.2372,SF-P3O-NoFisher,Hopper-v4,1
110085,reward,1794,195.68550856740612,302.504,SF-P3O-NoFisher,Hopper-v4,1
110211,reward,1795,318.6028114521186,299.296,SF-P3O-NoFisher,Hopper-v4,1
110327,reward,1796,283.6850992331483,299.165,SF-P3O-NoFisher,Hopper-v4,1
110462,reward,1797,313.9346118596851,301.389,SF-P3O-NoFisher,Hopper-v4,1
110596,reward,1798,331.7667867046142,305.537,SF-P3O-NoFisher,Hopper-v4,1
110722,reward,1799,307.2018660616063,302.838,SF-P3O-NoFisher,Hopper-v4,1
110830,reward,1800,262.0155732441828,297.101,SF-P3O-NoFisher,Hopper-v4,1
110960,reward,1801,317.1441935664737,296.66,SF-P3O-NoFisher,Hopper-v4,1
111061,reward,1802,235.73866633460185,289.013,SF-P3O-NoFisher,Hopper-v4,1
111165,reward,1803,223.66379240022954,278.944,SF-P3O-NoFisher,Hopper-v4,1
111274,reward,1804,250.54370890170355,284.43,SF-P3O-NoFisher,Hopper-v4,1
111393,reward,1805,290.4428574424278,281.614,SF-P3O-NoFisher,Hopper-v4,1
111518,reward,1806,291.72718272593,282.418,SF-P3O-NoFisher,Hopper-v4,1
111645,reward,1807,311.68576104094757,282.193,SF-P3O-NoFisher,Hopper-v4,1
111781,reward,1808,335.8462883446628,282.601,SF-P3O-NoFisher,Hopper-v4,1
111912,reward,1809,335.498255316787,285.431,SF-P3O-NoFisher,Hopper-v4,1
112052,reward,1810,318.68682819461395,291.098,SF-P3O-NoFisher,Hopper-v4,1
112176,reward,1811,314.24754741746847,290.808,SF-P3O-NoFisher,Hopper-v4,1
112300,reward,1812,303.3402953514899,297.568,SF-P3O-NoFisher,Hopper-v4,1
112430,reward,1813,330.7663558139397,308.279,SF-P3O-NoFisher,Hopper-v4,1
112558,reward,1814,310.8196457730061,314.306,SF-P3O-NoFisher,Hopper-v4,1
112677,reward,1815,290.6072818632578,314.323,SF-P3O-NoFisher,Hopper-v4,1
112814,reward,1816,315.9246661073101,316.742,SF-P3O-NoFisher,Hopper-v4,1
112942,reward,1817,311.45814142538444,316.72,SF-P3O-NoFisher,Hopper-v4,1
113076,reward,1818,326.5693335037464,315.792,SF-P3O-NoFisher,Hopper-v4,1
113190,reward,1819,270.7072506568525,309.313,SF-P3O-NoFisher,Hopper-v4,1
113313,reward,1820,313.643558109697,308.808,SF-P3O-NoFisher,Hopper-v4,1
113436,reward,1821,303.36610832388544,307.72,SF-P3O-NoFisher,Hopper-v4,1
113574,reward,1822,322.53971052806446,309.64,SF-P3O-NoFisher,Hopper-v4,1
113697,reward,1823,309.6817168394376,307.532,SF-P3O-NoFisher,Hopper-v4,1
113825,reward,1824,292.56913161178926,305.707,SF-P3O-NoFisher,Hopper-v4,1
113953,reward,1825,312.37419355131954,307.883,SF-P3O-NoFisher,Hopper-v4,1
114064,reward,1826,253.17651853748265,301.609,SF-P3O-NoFisher,Hopper-v4,1
114202,reward,1827,343.0823941796471,304.771,SF-P3O-NoFisher,Hopper-v4,1
114335,reward,1828,327.49405693982027,304.863,SF-P3O-NoFisher,Hopper-v4,1
114465,reward,1829,315.1908136354384,309.312,SF-P3O-NoFisher,Hopper-v4,1
114569,reward,1830,242.5638529682477,302.204,SF-P3O-NoFisher,Hopper-v4,1
114688,loss,-0.009281687438488007,0.3455130159854889,SF-P3O-NoFisher,Hopper-v4,1
114688,diagnostics,0.0,54.8,9.6696,0.022683,0.960556,0.2457,-1.0,SF-P3O-NoFisher,Hopper-v4,1
114694,reward,1831,295.6006057192257,301.427,SF-P3O-NoFisher,Hopper-v4,1
114830,reward,1832,326.63389257926866,301.837,SF-P3O-NoFisher,Hopper-v4,1
114930,reward,1833,230.45010531794028,293.914,SF-P3O-NoFisher,Hopper-v4,1
115055,reward,1834,318.1163801306699,296.468,SF-P3O-NoFisher,Hopper-v4,1
115184,reward,1835,317.9201633751568,297.023,SF-P3O-NoFisher,Hopper-v4,1
115306,reward,1836,293.92278522434776,301.098,SF-P3O-NoFisher,Hopper-v4,1
115429,reward,1837,300.85158011214776,296.874,SF-P3O-NoFisher,Hopper-v4,1
115553,reward,1838,312.3453112303643,295.36,SF-P3O-NoFisher,Hopper-v4,1
115683,reward,1839,330.81383832430123,296.922,SF-P3O-NoFisher,Hopper-v4,1
115817,reward,1840,320.4359603592819,304.709,SF-P3O-NoFisher,Hopper-v4,1
115929,reward,1841,270.82604165392877,302.232,SF-P3O-NoFisher,Hopper-v4,1
116060,reward,1842,288.99246223715227,298.467,SF-P3O-NoFisher,Hopper-v4,1
116184,reward,1843,286.1882307882356,304.041,SF-P3O-NoFisher,Hopper-v4,1
116299,reward,1844,299.52765507418394,302.182,SF-P3O-NoFisher,Hopper-v4,1
116424,reward,1845,307.6475766692111,301.155,SF-P3O-NoFisher,Hopper-v4,1
116552,reward,1846,318.6283351676035,303.626,SF-P3O-NoFisher,Hopper-v4,1
116672,reward,1847,306.63567240786136,304.204,SF-P3O-NoFisher,Hopper-v4,1
116803,reward,1848,322.29927420231587,305.2,SF-P3O-NoFisher,Hopper-v4,1
116935,reward,1849,328.81874927238675,305.0,SF-P3O-NoFisher,Hopper-v4,1
117061,reward,1850,334.4684210835741,306.403,SF-P3O-NoFisher,Hopper-v4,1
117177,reward,1851,290.36894019895755,308.358,SF-P3O-NoFisher,Hopper-v4,1
117313,reward,1852,331.91051951006307,312.649,SF-P3O-NoFisher,Hopper-v4,1
117441,reward,1853,312.0155853361982,315.232,SF-P3O-NoFisher,Hopper-v4,1
117575,reward,1854,333.48278709565585,318.628,SF-P3O-NoFisher,Hopper-v4,1
117708,reward,1855,314.67762204840545,319.331,SF-P3O-NoFisher,Hopper-v4,1
117839,reward,1856,317.2197242576607,319.19,SF-P3O-NoFisher,Hopper-v4,1
117968,reward,1857,326.1947734923918,321.146,SF-P3O-NoFisher,Hopper-v4,1
118094,reward,1858,304.3057996481056,319.346,SF-P3O-NoFisher,Hopper-v4,1
118225,reward,1859,326.9178702703914,319.156,SF-P3O-NoFisher,Hopper-v4,1
118343,reward,1860,294.1492304525073,315.124,SF-P3O-NoFisher,Hopper-v4,1
118465,reward,1861,293.9216761671622,315.48,SF-P3O-NoFisher,Hopper-v4,1
118578,reward,1862,282.9405958456856,310.583,SF-P3O-NoFisher,Hopper-v4,1
118706,reward,1863,318.8366582221595,311.265,SF-P3O-NoFisher,Hopper-v4,1
118837,reward,1864,319.07051074048985,309.823,SF-P3O-NoFisher,Hopper-v4,1
118970,reward,1865,330.5937667152887,311.415,SF-P3O-NoFisher,Hopper-v4,1
119103,reward,1866,334.91697041688616,313.185,SF-P3O-NoFisher,Hopper-v4,1
119233,reward,1867,326.79947719529565,313.245,SF-P3O-NoFisher,Hopper-v4,1
119364,reward,1868,317.03514448478296,314.518,SF-P3O-NoFisher,Hopper-v4,1
119483,reward,1869,285.30952158576696,310.357,SF-P3O-NoFisher,Hopper-v4,1
119607,reward,1870,298.04375733296644,310.747,SF-P3O-NoFisher,Hopper-v4,1
119691,reward,1871,170.7670959284563,298.431,SF-P3O-NoFisher,Hopper-v4,1
119809,reward,1872,300.20111791538176,300.157,SF-P3O-NoFisher,Hopper-v4,1
119930,reward,1873,312.2433910158777,299.498,SF-P3O-NoFisher,Hopper-v4,1
120000,speed,661.74,3.24,SF-P3O-NoFisher,Hopper-v4,1
120001,spectral,0.022683,0.960556,0.2457,SF-P3O-NoFisher,Hopper-v4,1
120048,reward,1874,290.29286324237245,296.62,SF-P3O-NoFisher,Hopper-v4,1
120172,reward,1875,309.3942747581293,294.5,SF-P3O-NoFisher,Hopper-v4,1
120307,reward,1876,319.3967703800658,292.948,SF-P3O-NoFisher,Hopper-v4,1
120442,reward,1877,331.00963292356886,293.369,SF-P3O-NoFisher,Hopper-v4,1
120569,reward,1878,306.13874545831413,292.28,SF-P3O-NoFisher,Hopper-v4,1
120709,reward,1879,329.26469668518246,296.675,SF-P3O-NoFisher,Hopper-v4,1
120837,reward,1880,299.3198326289323,296.803,SF-P3O-NoFisher,Hopper-v4,1
120971,reward,1881,353.29859683370023,315.056,SF-P3O-NoFisher,Hopper-v4,1
121099,reward,1882,318.7397058334413,316.91,SF-P3O-NoFisher,Hopper-v4,1
121231,reward,1883,315.05113863831446,317.191,SF-P3O-NoFisher,Hopper-v4,1
121370,reward,1884,323.8501283311484,320.546,SF-P3O-NoFisher,Hopper-v4,1
121495,reward,1885,310.8134655523775,320.688,SF-P3O-NoFisher,Hopper-v4,1
121629,reward,1886,322.86990006276415,321.036,SF-P3O-NoFisher,Hopper-v4,1
121757,reward,1887,314.33566623994045,319.368,SF-P3O-NoFisher,Hopper-v4,1
121890,reward,1888,323.09281344209506,321.064,SF-P3O-NoFisher,Hopper-v4,1
122014,reward,1889,315.6120581429465,319.698,SF-P3O-NoFisher,Hopper-v4,1
122139,reward,1890,303.82100615183685,320.148,SF-P3O-NoFisher,Hopper-v4,1
122268,reward,1891,317.52527937615895,316.571,SF-P3O-NoFisher,Hopper-v4,1
122402,reward,1892,317.87849136773383,316.485,SF-P3O-NoFisher,Hopper-v4,1
122529,reward,1893,316.9182378288492,316.672,SF-P3O-NoFisher,Hopper-v4,1
122664,reward,1894,335.62270234147,317.849,SF-P3O-NoFisher,Hopper-v4,1
122781,reward,1895,296.6190224197632,316.43,SF-P3O-NoFisher,Hopper-v4,1
122880,loss,-0.0755579024553299,0.18494059145450592,SF-P3O-NoFisher,Hopper-v4,1
122911,reward,1896,313.8207616341763,315.525,SF-P3O-NoFisher,Hopper-v4,1
123041,reward,1897,335.2014304350272,317.611,SF-P3O-NoFisher,Hopper-v4,1
123169,reward,1898,311.87384466277274,316.489,SF-P3O-NoFisher,Hopper-v4,1
123290,reward,1899,295.98408440081096,314.526,SF-P3O-NoFisher,Hopper-v4,1
123418,reward,1900,311.65329027401884,315.31,SF-P3O-NoFisher,Hopper-v4,1
123541,reward,1901,322.4390404038436,315.801,SF-P3O-NoFisher,Hopper-v4,1
123683,reward,1902,372.6503374604916,321.278,SF-P3O-NoFisher,Hopper-v4,1
123813,reward,1903,310.23406710994874,320.61,SF-P3O-NoFisher,Hopper-v4,1
123943,reward,1904,339.26940973503315,320.975,SF-P3O-NoFisher,Hopper-v4,1
124082,reward,1905,339.37182366048216,325.25,SF-P3O-NoFisher,Hopper-v4,1
124211,reward,1906,328.69229702226704,326.737,SF-P3O-NoFisher,Hopper-v4,1
124331,reward,1907,304.8356537290845,323.7,SF-P3O-NoFisher,Hopper-v4,1
124453,reward,1908,308.6836415565253,323.381,SF-P3O-NoFisher,Hopper-v4,1
124581,reward,1909,315.69199350910174,325.352,SF-P3O-NoFisher,Hopper-v4,1
124706,reward,1910,323.2474483919459,326.512,SF-P3O-NoFisher,Hopper-v4,1
124823,reward,1911,289.5900264753981,323.227,SF-P3O-NoFisher,Hopper-v4,1
124957,reward,1912,324.5382594429512,318.415,SF-P3O-NoFisher,Hopper-v4,1
125079,reward,1913,304.8745069428239,317.88,SF-P3O-NoFisher,Hopper-v4,1
125206,reward,1914,318.777337734309,315.83,SF-P3O-NoFisher,Hopper-v4,1
125321,reward,1915,282.50094131799676,310.143,SF-P3O-NoFisher,Hopper-v4,1
125449,reward,1916,309.21698515083335,308.196,SF-P3O-NoFisher,Hopper-v4,1
125535,reward,1917,184.42450274761256,296.155,SF-P3O-NoFisher,Hopper-v4,1
125674,reward,1918,329.3992130219495,298.226,SF-P3O-NoFisher,Hopper-v4,1
125805,reward,1919,329.816504349512,299.639,SF-P3O-NoFisher,Hopper-v4,1
125926,reward,1920,321.067905375315,299.421,SF-P3O-NoFisher,Hopper-v4,1
126061,reward,1921,313.36173739106033,301.798,SF-P3O-NoFisher,Hopper-v4,1
126175,reward,1922,287.78375508291117,298.122,SF-P3O-NoFisher,Hopper-v4,1
126307,reward,1923,339.17001210492504,301.552,SF-P3O-NoFisher,Hopper-v4,1
126423,reward,1924,287.7038530862371,298.445,SF-P3O-NoFisher,Hopper-v4,1
126547,reward,1925,299.75617648399674,300.17,SF-P3O-NoFisher,Hopper-v4,1
126677,reward,1926,323.3871229362224,301.587,SF-P3O-NoFisher,Hopper-v4,1
126800,reward,1927,292.94884877344435,312.44,SF-P3O-NoFisher,Hopper-v4,1
126932,reward,1928,318.84119147895876,311.384,SF-P3O-NoFisher,Hopper-v4,1
127054,reward,1929,305.846203195772,308.987,SF-P3O-NoFisher,Hopper-v4,1
127182,reward,1930,306.7465264126907,307.555,SF-P3O-NoFisher,Hopper-v4,1
127323,reward,1931,350.2583213287424,311.244,SF-P3O-NoFisher,Hopper-v4,1
127448,reward,1932,319.78390332726275,314.444,SF-P3O-NoFisher,Hopper-v4,1
127571,reward,1933,309.7163140848965,311.499,SF-P3O-NoFisher,Hopper-v4,1
127698,reward,1934,315.72310423347415,314.301,SF-P3O-NoFisher,Hopper-v4,1
127824,reward,1935,325.9475122398629,316.92,SF-P3O-NoFisher,Hopper-v4,1
127954,reward,1936,331.2929979946087,317.71,SF-P3O-NoFisher,Hopper-v4,1
128079,reward,1937,325.83634848649336,320.999,SF-P3O-NoFisher,Hopper-v4,1
128202,reward,1938,303.1328150952331,319.428,SF-P3O-NoFisher,Hopper-v4,1
128283,reward,1939,165.6769223358061,305.411,SF-P3O-NoFisher,Hopper-v4,1
128412,reward,1940,336.50486163731307,308.387,SF-P3O-NoFisher,Hopper-v4,1
128543,reward,1941,343.5611309443727,307.718,SF-P3O-NoFisher,Hopper-v4,1
128662,reward,1942,252.29268874339684,300.968,SF-P3O-NoFisher,Hopper-v4,1
128789,reward,1943,316.5595554734364,301.653,SF-P3O-NoFisher,Hopper-v4,1
128911,reward,1944,301.7618203598637,300.257,SF-P3O-NoFisher,Hopper-v4,1
129015,reward,1945,239.90358780393348,291.652,SF-P3O-NoFisher,Hopper-v4,1
129138,reward,1946,290.5022333974591,287.573,SF-P3O-NoFisher,Hopper-v4,1
129260,reward,1947,298.6268707589451,284.852,SF-P3O-NoFisher,Hopper-v4,1
129377,reward,1948,288.11216127735696,283.35,SF-P3O-NoFisher,Hopper-v4,1
129519,reward,1949,328.98586800210757,299.681,SF-P3O-NoFisher,Hopper-v4,1
129652,reward,1950,322.72523591687434,298.303,SF-P3O-NoFisher,Hopper-v4,1
129772,reward,1951,296.6333580410199,293.61,SF-P3O-NoFisher,Hopper-v4,1
129902,reward,1952,321.268670862468,300.508,SF-P3O-NoFisher,Hopper-v4,1
130000,speed,666.06,3.49,SF-P3O-NoFisher,Hopper-v4,1
130001,spectral,0.023508,0.960329,0.2323,SF-P3O-NoFisher,Hopper-v4,1
130033,reward,1953,323.28763448528275,301.181,SF-P3O-NoFisher,Hopper-v4,1
130156,reward,1954,296.07888621166785,300.612,SF-P3O-NoFisher,Hopper-v4,1
130279,reward,1955,304.0266050806054,307.025,SF-P3O-NoFisher,Hopper-v4,1
130406,reward,1956,310.9609808793979,309.071,SF-P3O-NoFisher,Hopper-v4,1
130538,reward,1957,323.45699777753504,311.554,SF-P3O-NoFisher,Hopper-v4,1
130650,reward,1958,270.3920892216743,309.782,SF-P3O-NoFisher,Hopper-v4,1
130767,reward,1959,294.0788032294239,306.291,SF-P3O-NoFisher,Hopper-v4,1
130885,reward,1960,309.8809936392109,305.007,SF-P3O-NoFisher,Hopper-v4,1
131017,reward,1961,325.07194997623066,307.85,SF-P3O-NoFisher,Hopper-v4,1
131072,loss,0.07289263606071472,0.27313974499702454,SF-P3O-NoFisher,Hopper-v4,1
131072,diagnostics,0.0,55.03,11.1331,0.024197,0.959363,0.2312,-1.0,SF-P3O-NoFisher,Hopper-v4,1
131150,reward,1962,316.751016913255,307.399,SF-P3O-NoFisher,Hopper-v4,1
131276,reward,1963,295.0503671537066,304.575,SF-P3O-NoFisher,Hopper-v4,1
131399,reward,1964,324.4162007337605,307.409,SF-P3O-NoFisher,Hopper-v4,1
131526,reward,1965,343.17152321545683,311.323,SF-P3O-NoFisher,Hopper-v4,1
131656,reward,1966,318.17256416781316,312.044,SF-P3O-NoFisher,Hopper-v4,1
131781,reward,1967,331.1798162172226,312.817,SF-P3O-NoFisher,Hopper-v4,1
131910,reward,1968,317.70261766774934,317.548,SF-P3O-NoFisher,Hopper-v4,1
132035,reward,1969,304.39953432214406,318.58,SF-P3O-NoFisher,Hopper-v4,1
132165,reward,1970,314.08455148668355,319.0,SF-P3O-NoFisher,Hopper-v4,1
132296,reward,1971,323.54969058190136,318.848,SF-P3O-NoFisher,Hopper-v4,1
132420,reward,1972,307.5005473762307,317.923,SF-P3O-NoFisher,Hopper-v4,1
132529,reward,1973,250.99909122044792,313.518,SF-P3O-NoFisher,Hopper-v4,1
132656,reward,1974,323.3222525546043,313.408,SF-P3O-NoFisher,Hopper-v4,1
132782,reward,1975,323.5161835992345,311.443,SF-P3O-NoFisher,Hopper-v4,1
132883,reward,1976,231.70768330611983,302.796,SF-P3O-NoFisher,Hopper-v4,1
132983,reward,1977,226.79243317841647,292.357,SF-P3O-NoFisher,Hopper-v4,1
133111,reward,1978,314.13305024113686,292.001,SF-P3O-NoFisher,Hopper-v4,1
133218,reward,1979,264.5074916759063,288.011,SF-P3O-NoFisher,Hopper-v4,1
133346,reward,1980,317.31076148312485,288.334,SF-P3O-NoFisher,Hopper-v4,1
133464,reward,1981,268.65621877236157,282.845,SF-P3O-NoFisher,Hopper-v4,1
133597,reward,1982,331.85246615791965,285.28,SF-P3O-NoFisher,Hopper-v4,1
133731,reward,1983,361.6906486952182,296.349,SF-P3O-NoFisher,Hopper-v4,1
133862,reward,1984,306.9983851775706,294.717,SF-P3O-NoFisher,Hopper-v4,1
133992,reward,1985,323.5153696595668,294.716,SF-P3O-NoFisher,Hopper-v4,1
134121,reward,1986,317.7585104318286,303.322,SF-P3O-NoFisher,Hopper-v4,1
134234,reward,1987,277.5609776491392,308.398,SF-P3O-NoFisher,Hopper-v4,1
134359,reward,1988,327.8794175168576,309.773,SF-P3O-NoFisher,Hopper-v4,1
134482,reward,1989,307.68960143470974,314.091,SF-P3O-NoFisher,Hopper-v4,1
134605,reward,1990,319.45283151768075,314.305,SF-P3O-NoFisher,Hopper-v4,1
134728,reward,1991,311.7535435754432,318.615,SF-P3O-NoFisher,Hopper-v4,1
134840,reward,1992,278.1340106481619,313.243,SF-P3O-NoFisher,Hopper-v4,1
134959,reward,1993,298.534507294691,306.928,SF-P3O-NoFisher,Hopper-v4,1
135078,reward,1994,303.34153425609605,306.562,SF-P3O-NoFisher,Hopper-v4,1
135210,reward,1995,303.2333732794118,304.534,SF-P3O-NoFisher,Hopper-v4,1
135334,reward,1996,334.3656306096935,306.195,SF-P3O-NoFisher,Hopper-v4,1
135443,reward,1997,238.12936259044764,302.251,SF-P3O-NoFisher,Hopper-v4,1
135568,reward,1998,304.4987428759081,299.913,SF-P3O-NoFisher,Hopper-v4,1
135673,reward,1999,248.52519887570912,293.997,SF-P3O-NoFisher,Hopper-v4,1
135796,reward,2000,305.05366821002326,292.557,SF-P3O-NoFisher,Hopper-v4,1
135923,reward,2001,307.82344343156313,292.164,SF-P3O-NoFisher,Hopper-v4,1
136043,reward,2002,299.61771104697664,294.312,SF-P3O-NoFisher,Hopper-v4,1
136174,reward,2003,327.32684589911105,297.192,SF-P3O-NoFisher,Hopper-v4,1
136307,reward,2004,332.54501633318154,300.112,SF-P3O-NoFisher,Hopper-v4,1
136436,reward,2005,333.9533133933647,303.184,SF-P3O-NoFisher,Hopper-v4,1
136547,reward,2006,265.0176858267815,296.249,SF-P3O-NoFisher,Hopper-v4,1
136680,reward,2007,319.9979657777513,304.436,SF-P3O-NoFisher,Hopper-v4,1
136809,reward,2008,330.88655058944136,307.075,SF-P3O-NoFisher,Hopper-v4,1
136941,reward,2009,343.2646790605534,316.549,SF-P3O-NoFisher,Hopper-v4,1
137062,reward,2010,320.220605885637,318.065,SF-P3O-NoFisher,Hopper-v4,1
137191,reward,2011,321.9763935660066,319.481,SF-P3O-NoFisher,Hopper-v4,1
137298,reward,2012,267.5472418992215,316.274,SF-P3O-NoFisher,Hopper-v4,1
137426,reward,2013,327.868498260822,316.328,SF-P3O-NoFisher,Hopper-v4,1
137541,reward,2014,280.8824633622768,311.162,SF-P3O-NoFisher,Hopper-v4,1
137663,reward,2015,290.7237502468155,306.839,SF-P3O-NoFisher,Hopper-v4,1
137784,reward,2016,309.6033592019271,311.297,SF-P3O-NoFisher,Hopper-v4,1
137906,reward,2017,318.3826492625605,311.136,SF-P3O-NoFisher,Hopper-v4,1
138034,reward,2018,312.6865452774098,309.316,SF-P3O-NoFisher,Hopper-v4,1
138165,reward,2019,321.4322039214107,307.132,SF-P3O-NoFisher,Hopper-v4,1
138302,reward,2020,357.384711570509,310.849,SF-P3O-NoFisher,Hopper-v4,1
138423,reward,2021,300.02373334508263,308.654,SF-P3O-NoFisher,Hopper-v4,1
138547,reward,2022,322.96121726341613,314.195,SF-P3O-NoFisher,Hopper-v4,1
138671,reward,2023,305.9962845262664,312.008,SF-P3O-NoFisher,Hopper-v4,1
138793,reward,2024,309.3519135562724,314.855,SF-P3O-NoFisher,Hopper-v4,1
138910,reward,2025,272.8326927075163,313.066,SF-P3O-NoFisher,Hopper-v4,1
139042,reward,2026,337.43614593708844,315.849,SF-P3O-NoFisher,Hopper-v4,1
139165,reward,2027,324.85525468680305,316.496,SF-P3O-NoFisher,Hopper-v4,1
139264,loss,0.005137674510478973,0.3450413644313812,SF-P3O-NoFisher,Hopper-v4,1
139279,reward,2028,283.0304918526757,313.53,SF-P3O-NoFisher,Hopper-v4,1
139409,reward,2029,325.6411492163369,313.951,SF-P3O-NoFisher,Hopper-v4,1
139551,reward,2030,331.51016928743957,311.364,SF-P3O-NoFisher,Hopper-v4,1
139674,reward,2031,317.8195603752894,313.143,SF-P3O-NoFisher,Hopper-v4,1
139793,reward,2032,306.364070619665,311.484,SF-P3O-NoFisher,Hopper-v4,1
139911,reward,2033,312.3305145652375,312.117,SF-P3O-NoFisher,Hopper-v4,1
140000,speed,458.86,3.85,SF-P3O-NoFisher,Hopper-v4,1
140001,spectral,0.025267,0.958178,0.27,SF-P3O-NoFisher,Hopper-v4,1
140039,reward,2034,316.73456625414565,312.855,SF-P3O-NoFisher,Hopper-v4,1
140173,reward,2035,341.8564751335789,319.758,SF-P3O-NoFisher,Hopper-v4,1
140286,reward,2036,279.44547355936203,313.959,SF-P3O-NoFisher,Hopper-v4,1
140410,reward,2037,310.5193903062878,312.525,SF-P3O-NoFisher,Hopper-v4,1
140533,reward,2038,311.1872501324004,315.341,SF-P3O-NoFisher,Hopper-v4,1
140673,reward,2039,349.625119612414,317.739,SF-P3O-NoFisher,Hopper-v4,1
140798,reward,2040,309.81910669913583,315.57,SF-P3O-NoFisher,Hopper-v4,1
140926,reward,2041,314.256546323148,315.214,SF-P3O-NoFisher,Hopper-v4,1
141047,reward,2042,312.6429995474632,315.842,SF-P3O-NoFisher,Hopper-v4,1
141167,reward,2043,306.88268569608516,315.297,SF-P3O-NoFisher,Hopper-v4,1
141291,reward,2044,314.40012139630113,315.064,SF-P3O-NoFisher,Hopper-v4,1
141423,reward,2045,320.6731688360348,312.945,SF-P3O-NoFisher,Hopper-v4,1
141538,reward,2046,289.04346647920124,313.905,SF-P3O-NoFisher,Hopper-v4,1
141667,reward,2047,320.99273881739543,314.952,SF-P3O-NoFisher,Hopper-v4,1
141801,reward,2048,341.10083250816496,317.944,SF-P3O-NoFisher,Hopper-v4,1
141924,reward,2049,305.6482290863746,313.546,SF-P3O-NoFisher,Hopper-v4,1
142045,reward,2050,301.6637289568476,312.73,SF-P3O-NoFisher,Hopper-v4,1
142170,reward,2051,311.5447146241493,312.459,SF-P3O-NoFisher,Hopper-v4,1
142302,reward,2052,332.3481764913204,314.43,SF-P3O-NoFisher,Hopper-v4,1
142429,reward,2053,317.38214339191,315.48,SF-P3O-NoFisher,Hopper-v4,1
142549,reward,2054,286.4039420469838,312.68,SF-P3O-NoFisher,Hopper-v4,1
142648,reward,2055,230.96788979818515,303.71,SF-P3O-NoFisher,Hopper-v4,1
142773,reward,2056,310.1373113447743,305.819,SF-P3O-NoFisher,Hopper-v4,1
142901,reward,2057,354.1894608079158,309.139,SF-P3O-NoFisher,Hopper-v4,1
143030,reward,2058,321.64249567647124,307.193,SF-P3O-NoFisher,Hopper-v4,1
143150,reward,2059,312.6101730079348,307.889,SF-P3O-NoFisher,Hopper-v4,1
143288,reward,2060,355.083129442245,313.231,SF-P3O-NoFisher,Hopper-v4,1
143414,reward,2061,312.3783945582026,313.314,SF-P3O-NoFisher,Hopper-v4,1
143540,reward,2062,330.4576881232072,313.125,SF-P3O-NoFisher,Hopper-v4,1
143677,reward,2063,353.933626677517,316.78,SF-P3O-NoFisher,Hopper-v4,1
143790,reward,2064,277.7597777820235,315.916,SF-P3O-NoFisher,Hopper-v4,1
143923,reward,2065,338.93106667181615,326.712,SF-P3O-NoFisher,Hopper-v4,1
144042,reward,2066,306.6390729390629,326.362,SF-P3O-NoFisher,Hopper-v4,1
144160,reward,2067,280.79053530198337,319.023,SF-P3O-NoFisher,Hopper-v4,1
144283,reward,2068,314.8741310818977,318.346,SF-P3O-NoFisher,Hopper-v4,1
144383,reward,2069,226.33672937288154,309.718,SF-P3O-NoFisher,Hopper-v4,1
144522,reward,2070,350.70844704053127,309.281,SF-P3O-NoFisher,Hopper-v4,1
144647,reward,2071,317.3618075694324,309.779,SF-P3O-NoFisher,Hopper-v4,1
144776,reward,2072,318.2567789439552,308.559,SF-P3O-NoFisher,Hopper-v4,1
144911,reward,2073,333.41523205190975,306.507,SF-P3O-NoFisher,Hopper-v4,1
145037,reward,2074,318.50454559324254,310.582,SF-P3O-NoFisher,Hopper-v4,1
145159,reward,2075,295.8885196141438,306.278,SF-P3O-NoFisher,Hopper-v4,1
145285,reward,2076,309.08172534307926,306.522,SF-P3O-NoFisher,Hopper-v4,1
145403,reward,2077,298.29360520226464,308.272,SF-P3O-NoFisher,Hopper-v4,1
145523,reward,2078,295.918832253395,306.377,SF-P3O-NoFisher,Hopper-v4,1
145654,reward,2079,332.24916676438534,316.968,SF-P3O-NoFisher,Hopper-v4,1
145779,reward,2080,324.76533782157384,314.374,SF-P3O-NoFisher,Hopper-v4,1
145915,reward,2081,369.6367299734059,319.601,SF-P3O-NoFisher,Hopper-v4,1
146041,reward,2082,307.90713194081377,318.566,SF-P3O-NoFisher,Hopper-v4,1
146166,reward,2083,322.72642018841407,317.497,SF-P3O-NoFisher,Hopper-v4,1
146292,reward,2084,314.47930536346024,317.095,SF-P3O-NoFisher,Hopper-v4,1
146426,reward,2085,331.8030911757915,320.686,SF-P3O-NoFisher,Hopper-v4,1
146544,reward,2086,290.7828493650184,318.856,SF-P3O-NoFisher,Hopper-v4,1
146666,reward,2087,300.92443930399617,319.119,SF-P3O-NoFisher,Hopper-v4,1
146797,reward,2088,324.2165412193894,321.949,SF-P3O-NoFisher,Hopper-v4,1
146922,reward,2089,303.7502563454086,319.099,SF-P3O-NoFisher,Hopper-v4,1
147055,reward,2090,352.4334168429318,321.866,SF-P3O-NoFisher,Hopper-v4,1
147182,reward,2091,332.3466415015098,318.137,SF-P3O-NoFisher,Hopper-v4,1
147296,reward,2092,273.51198715122695,314.697,SF-P3O-NoFisher,Hopper-v4,1
147430,reward,2093,326.2157166787254,315.046,SF-P3O-NoFisher,Hopper-v4,1
147456,loss,0.009807538241147995,0.4419669210910797,SF-P3O-NoFisher,Hopper-v4,1
147456,diagnostics,0.0,55.27,36.9018,0.025958,0.958133,0.2896,-1.0,SF-P3O-NoFisher,Hopper-v4,1
147566,reward,2094,352.6495945293598,318.863,SF-P3O-NoFisher,Hopper-v4,1
147683,reward,2095,271.7492795825459,312.858,SF-P3O-NoFisher,Hopper-v4,1
147803,reward,2096,317.30641434589984,315.51,SF-P3O-NoFisher,Hopper-v4,1
147926,reward,2097,315.17418849261014,316.935,SF-P3O-NoFisher,Hopper-v4,1
148056,reward,2098,322.96458528729664,316.81,SF-P3O-NoFisher,Hopper-v4,1
148190,reward,2099,343.7275001380481,320.808,SF-P3O-NoFisher,Hopper-v4,1
148315,reward,2100,318.0895206598575,317.374,SF-P3O-NoFisher,Hopper-v4,1
148429,reward,2101,271.0381891100993,311.243,SF-P3O-NoFisher,Hopper-v4,1
148557,reward,2102,314.04103688134654,315.296,SF-P3O-NoFisher,Hopper-v4,1
148683,reward,2103,310.41190846910274,313.715,SF-P3O-NoFisher,Hopper-v4,1
148816,reward,2104,330.24801837263345,311.475,SF-P3O-NoFisher,Hopper-v4,1
148952,reward,2105,330.39629200770395,317.34,SF-P3O-NoFisher,Hopper-v4,1
149069,reward,2106,282.5015146488289,313.859,SF-P3O-NoFisher,Hopper-v4,1
149197,reward,2107,300.982016754936,312.44,SF-P3O-NoFisher,Hopper-v4,1
149323,reward,2108,325.4116937527336,312.685,SF-P3O-NoFisher,Hopper-v4,1
149461,reward,2109,356.18196105920333,313.93,SF-P3O-NoFisher,Hopper-v4,1
149597,reward,2110,320.1319652035077,314.134,SF-P3O-NoFisher,Hopper-v4,1
149727,reward,2111,337.896708084183,320.82,SF-P3O-NoFisher,Hopper-v4,1
149855,reward,2112,337.70831858990886,323.187,SF-P3O-NoFisher,Hopper-v4,1
149984,reward,2113,318.94159408813294,324.04,SF-P3O-NoFisher,Hopper-v4,1
150000,speed,670.34,4.1,SF-P3O-NoFisher,Hopper-v4,1
150001,spectral,0.025958,0.958133,0.2896,SF-P3O-NoFisher,Hopper-v4,1
150102,reward,2114,298.0802420202835,320.823,SF-P3O-NoFisher,Hopper-v4,1
150231,reward,2115,321.8004655991887,319.964,SF-P3O-NoFisher,Hopper-v4,1
150364,reward,2116,344.30070147591,326.144,SF-P3O-NoFisher,Hopper-v4,1
150493,reward,2117,320.1622792935395,328.062,SF-P3O-NoFisher,Hopper-v4,1
150603,reward,2118,263.0204679647839,321.822,SF-P3O-NoFisher,Hopper-v4,1
150738,reward,2119,334.87379995533115,319.692,SF-P3O-NoFisher,Hopper-v4,1
150872,reward,2120,348.31742100629015,322.51,SF-P3O-NoFisher,Hopper-v4,1
150993,reward,2121,314.05327432088603,320.126,SF-P3O-NoFisher,Hopper-v4,1
151120,reward,2122,317.80499947638054,318.136,SF-P3O-NoFisher,Hopper-v4,1
151260,reward,2123,345.38903306999055,320.78,SF-P3O-NoFisher,Hopper-v4,1
151400,reward,2124,330.9458824560361,324.067,SF-P3O-NoFisher,Hopper-v4,1
151521,reward,2125,308.7795484717276,322.765,SF-P3O-NoFisher,Hopper-v4,1
151644,reward,2126,298.36122193600175,318.171,SF-P3O-NoFisher,Hopper-v4,1
151779,reward,2127,322.17430280275374,318.372,SF-P3O-NoFisher,Hopper-v4,1
151892,reward,2128,280.1930228383299,320.089,SF-P3O-NoFisher,Hopper-v4,1
152008,reward,2129,279.33636639307207,314.536,SF-P3O-NoFisher,Hopper-v4,1
152144,reward,2130,341.9339632061708,313.897,SF-P3O-NoFisher,Hopper-v4,1
152267,reward,2131,293.535530259939,311.845,SF-P3O-NoFisher,Hopper-v4,1
152389,reward,2132,295.83166671025725,309.648,SF-P3O-NoFisher,Hopper-v4,1
152513,reward,2133,311.07727485174144,306.217,SF-P3O-NoFisher,Hopper-v4,1
152645,reward,2134,337.1865035563173,306.841,SF-P3O-NoFisher,Hopper-v4,1
152786,reward,2135,355.05613284658915,311.469,SF-P3O-NoFisher,Hopper-v4,1
152919,reward,2136,326.521266820326,314.285,SF-P3O-NoFisher,Hopper-v4,1
153059,reward,2137,334.14592609817106,315.482,SF-P3O-NoFisher,Hopper-v4,1
153168,reward,2138,265.4831516225434,314.011,SF-P3O-NoFisher,Hopper-v4,1
153300,reward,2139,339.1310099416769,319.99,SF-P3O-NoFisher,Hopper-v4,1
153408,reward,2140,258.69329966042943,311.666,SF-P3O-NoFisher,Hopper-v4,1
153524,reward,2141,295.1134342031435,311.824,SF-P3O-NoFisher,Hopper-v4,1
153636,reward,2142,275.54437710953914,309.795,SF-P3O-NoFisher,Hopper-v4,1
153758,reward,2143,295.8807476342059,308.276,SF-P3O-NoFisher,Hopper-v4,1
153878,reward,2144,298.722713014183,304.429,SF-P3O-NoFisher,Hopper-v4,1
153989,reward,2145,281.3392588742389,297.058,SF-P3O-NoFisher,Hopper-v4,1
154120,reward,2146,320.91395522290605,296.497,SF-P3O-NoFisher,Hopper-v4,1
154242,reward,2147,300.4161367153577,293.124,SF-P3O-NoFisher,Hopper-v4,1
154364,reward,2148,309.7785984495089,297.553,SF-P3O-NoFisher,Hopper-v4,1
154494,reward,2149,345.76850834805407,298.217,SF-P3O-NoFisher,Hopper-v4,1
154629,reward,2150,354.13123520598066,307.761,SF-P3O-NoFisher,Hopper-v4,1
154753,reward,2151,304.41876132758796,308.691,SF-P3O-NoFisher,Hopper-v4,1
154878,reward,2152,311.84521363818646,312.322,SF-P3O-NoFisher,Hopper-v4,1
155015,reward,2153,360.52689408767606,318.786,SF-P3O-NoFisher,Hopper-v4,1
155143,reward,2154,329.4021598970232,321.854,SF-P3O-NoFisher,Hopper-v4,1
155270,reward,2155,304.31810011343583,324.152,SF-P3O-NoFisher,Hopper-v4,1
155393,reward,2156,303.55641994956255,322.416,SF-P3O-NoFisher,Hopper-v4,1
155506,reward,2157,258.89110473569065,318.264,SF-P3O-NoFisher,Hopper-v4,1
155621,reward,2158,280.5621484207455,315.342,SF-P3O-NoFisher,Hopper-v4,1
155648,loss,-0.04944448173046112,0.3396090865135193,SF-P3O-NoFisher,Hopper-v4,1
155751,reward,2159,335.4760096856623,314.313,SF-P3O-NoFisher,Hopper-v4,1
155879,reward,2160,330.96477936599535,311.996,SF-P3O-NoFisher,Hopper-v4,1
155983,reward,2161,247.2492645068751,306.279,SF-P3O-NoFisher,Hopper-v4,1
156115,reward,2162,322.154174042789,307.31,SF-P3O-NoFisher,Hopper-v4,1
156237,reward,2163,311.70271421694036,302.428,SF-P3O-NoFisher,Hopper-v4,1
156372,reward,2164,335.51135753395874,303.039,SF-P3O-NoFisher,Hopper-v4,1
156494,reward,2165,314.54834496557294,304.062,SF-P3O-NoFisher,Hopper-v4,1
156612,reward,2166,298.10412192560767,303.516,SF-P3O-NoFisher,Hopper-v4,1
156737,reward,2167,334.03804832693623,311.031,SF-P3O-NoFisher,Hopper-v4,1
156837,reward,2168,228.47716794592813,305.823,SF-P3O-NoFisher,Hopper-v4,1
156964,reward,2169,310.8732545636341,303.362,SF-P3O-NoFisher,Hopper-v4,1
157093,reward,2170,331.82863239481134,303.449,SF-P3O-NoFisher,Hopper-v4,1
157230,reward,2171,338.59515474396704,312.583,SF-P3O-NoFisher,Hopper-v4,1
157372,reward,2172,352.0887795094104,315.577,SF-P3O-NoFisher,Hopper-v4,1
157495,reward,2173,313.3112527298654,315.738,SF-P3O-NoFisher,Hopper-v4,1
157630,reward,2174,332.7464247281073,315.461,SF-P3O-NoFisher,Hopper-v4,1
157755,reward,2175,327.02133664863516,316.708,SF-P3O-NoFisher,Hopper-v4,1
157882,reward,2176,335.6317463389779,320.461,SF-P3O-NoFisher,Hopper-v4,1
158005,reward,2177,312.4396350252079,318.301,SF-P3O-NoFisher,Hopper-v4,1
158139,reward,2178,332.2494207851699,328.679,SF-P3O-NoFisher,Hopper-v4,1
158266,reward,2179,333.3613758562448,330.927,SF-P3O-NoFisher,Hopper-v4,1
158385,reward,2180,308.17573935753836,328.562,SF-P3O-NoFisher,Hopper-v4,1
158531,reward,2181,367.00368011135987,331.403,SF-P3O-NoFisher,Hopper-v4,1
158651,reward,2182,308.5970398347353,327.054,SF-P3O-NoFisher,Hopper-v4,1
158780,reward,2183,316.6855795289988,327.391,SF-P3O-NoFisher,Hopper-v4,1
158891,reward,2184,269.15877332688234,321.032,SF-P3O-NoFisher,Hopper-v4,1
159012,reward,2185,316.2422681035827,319.955,SF-P3O-NoFisher,Hopper-v4,1
159158,reward,2186,391.92970719010964,325.584,SF-P3O-NoFisher,Hopper-v4,1
159289,reward,2187,339.11170968371226,328.252,SF-P3O-NoFisher,Hopper-v4,1
159402,reward,2188,284.47300812817167,323.474,SF-P3O-NoFisher,Hopper-v4,1
159522,reward,2189,313.31996037338433,321.47,SF-P3O-NoFisher,Hopper-v4,1
159651,reward,2190,329.3691092025224,323.589,SF-P3O-NoFisher,Hopper-v4,1
159785,reward,2191,336.36201082336953,320.525,SF-P3O-NoFisher,Hopper-v4,1
159916,reward,2192,322.05651173428424,321.871,SF-P3O-NoFisher,Hopper-v4,1
160000,speed,654.5,4.35,SF-P3O-NoFisher,Hopper-v4,1
160001,spectral,0.026762,0.957371,0.3096,SF-P3O-NoFisher,Hopper-v4,1
160031,reward,2193,290.2304202435946,319.225,SF-P3O-NoFisher,Hopper-v4,1
160131,reward,2194,239.08891117377675,316.218,SF-P3O-NoFisher,Hopper-v4,1
160272,reward,2195,357.7066912757911,320.365,SF-P3O-NoFisher,Hopper-v4,1
160405,reward,2196,337.71147838348236,314.943,SF-P3O-NoFisher,Hopper-v4,1
160542,reward,2197,347.7016081049372,315.802,SF-P3O-NoFisher,Hopper-v4,1
160674,reward,2198,334.58786141354136,320.813,SF-P3O-NoFisher,Hopper-v4,1
160787,reward,2199,290.06139496183556,318.488,SF-P3O-NoFisher,Hopper-v4,1
160886,reward,2200,231.93635470342352,308.744,SF-P3O-NoFisher,Hopper-v4,1
161002,reward,2201,291.02948442797316,304.211,SF-P3O-NoFisher,Hopper-v4,1
161130,reward,2202,326.19774912988834,304.625,SF-P3O-NoFisher,Hopper-v4,1
161263,reward,2203,322.87763226422186,307.89,SF-P3O-NoFisher,Hopper-v4,1
161403,reward,2204,371.3944311207383,321.12,SF-P3O-NoFisher,Hopper-v4,1
161529,reward,2205,322.4578791772098,317.596,SF-P3O-NoFisher,Hopper-v4,1
161666,reward,2206,366.0865242335103,320.433,SF-P3O-NoFisher,Hopper-v4,1
161794,reward,2207,320.5243039392466,317.715,SF-P3O-NoFisher,Hopper-v4,1
161931,reward,2208,331.5442577680136,317.411,SF-P3O-NoFisher,Hopper-v4,1
162053,reward,2209,297.0312437364947,318.108,SF-P3O-NoFisher,Hopper-v4,1
162179,reward,2210,334.650020306141,328.379,SF-P3O-NoFisher,Hopper-v4,1
162308,reward,2211,325.5513572153468,331.832,SF-P3O-NoFisher,Hopper-v4,1
162404,reward,2212,215.78847103037776,320.791,SF-P3O-NoFisher,Hopper-v4,1
162533,reward,2213,344.25481388843673,322.928,SF-P3O-NoFisher,Hopper-v4,1
162654,reward,2214,308.2115332188353,316.61,SF-P3O-NoFisher,Hopper-v4,1
162787,reward,2215,342.86207870044007,318.65,SF-P3O-NoFisher,Hopper-v4,1
162912,reward,2216,307.4529261862821,312.787,SF-P3O-NoFisher,Hopper-v4,1
163049,reward,2217,350.6402077221278,315.799,SF-P3O-NoFisher,Hopper-v4,1
163178,reward,2218,310.4665973638634,313.691,SF-P3O-NoFisher,Hopper-v4,1
163305,reward,2219,331.55186418049453,317.143,SF-P3O-NoFisher,Hopper-v4,1
163428,reward,2220,327.596852361265,316.438,SF-P3O-NoFisher,Hopper-v4,1
163559,reward,2221,324.8094411317108,316.363,SF-P3O-NoFisher,Hopper-v4,1
163683,reward,2222,320.4080070884498,326.825,SF-P3O-NoFisher,Hopper-v4,1
163809,reward,2223,328.4205288646239,325.242,SF-P3O-NoFisher,Hopper-v4,1
163840,loss,0.0034154728055000305,0.33033591508865356,SF-P3O-NoFisher,Hopper-v4,1
163840,diagnostics,0.0,55.48,12.6332,0.027438,0.956104,0.3361,-1.0,SF-P3O-NoFisher,Hopper-v4,1
163931,reward,2224,306.70397610201076,325.091,SF-P3O-NoFisher,Hopper-v4,1
164055,reward,2225,311.88472110957235,321.994,SF-P3O-NoFisher,Hopper-v4,1
164188,reward,2226,335.0073809853492,324.749,SF-P3O-NoFisher,Hopper-v4,1
164311,reward,2227,326.7699102647569,322.362,SF-P3O-NoFisher,Hopper-v4,1
164440,reward,2228,345.19894508093756,325.835,SF-P3O-NoFisher,Hopper-v4,1
164574,reward,2229,350.27960362595496,327.708,SF-P3O-NoFisher,Hopper-v4,1
164713,reward,2230,372.235529348836,332.172,SF-P3O-NoFisher,Hopper-v4,1
164849,reward,2231,346.5817492991533,334.349,SF-P3O-NoFisher,Hopper-v4,1
164965,reward,2232,291.6219415210752,331.47,SF-P3O-NoFisher,Hopper-v4,1
165081,reward,2233,282.6798239519549,326.896,SF-P3O-NoFisher,Hopper-v4,1
165208,reward,2234,319.4788575482711,328.174,SF-P3O-NoFisher,Hopper-v4,1
165297,reward,2235,196.39819460196082,316.625,SF-P3O-NoFisher,Hopper-v4,1
165430,reward,2236,335.61151876646596,316.686,SF-P3O-NoFisher,Hopper-v4,1
165548,reward,2237,296.71348632627246,313.68,SF-P3O-NoFisher,Hopper-v4,1
165684,reward,2238,359.4507277008742,315.105,SF-P3O-NoFisher,Hopper-v4,1
165796,reward,2239,279.45254978682544,308.022,SF-P3O-NoFisher,Hopper-v4,1
165930,reward,2240,310.7993918243002,301.879,SF-P3O-NoFisher,Hopper-v4,1
166064,reward,2241,349.7218347203931,302.193,SF-P3O-NoFisher,Hopper-v4,1
166157,reward,2242,212.07128357341867,294.238,SF-P3O-NoFisher,Hopper-v4,1
166279,reward,2243,299.76512141589984,295.946,SF-P3O-NoFisher,Hopper-v4,1
166403,reward,2244,334.87508040471363,297.486,SF-P3O-NoFisher,Hopper-v4,1
166530,reward,2245,331.1812218128142,310.964,SF-P3O-NoFisher,Hopper-v4,1
166634,reward,2246,238.91332115254855,301.294,SF-P3O-NoFisher,Hopper-v4,1
166773,reward,2247,350.8479736427844,306.708,SF-P3O-NoFisher,Hopper-v4,1
166907,reward,2248,347.8663243438983,305.549,SF-P3O-NoFisher,Hopper-v4,1
167012,reward,2249,259.1535605908243,303.52,SF-P3O-NoFisher,Hopper-v4,1
167147,reward,2250,339.8701969159659,306.427,SF-P3O-NoFisher,Hopper-v4,1
167276,reward,2251,324.24141443060495,303.879,SF-P3O-NoFisher,Hopper-v4,1
167406,reward,2252,313.5764445517967,314.029,SF-P3O-NoFisher,Hopper-v4,1
167538,reward,2253,357.88053882240945,319.841,SF-P3O-NoFisher,Hopper-v4,1
167663,reward,2254,332.5537133361023,319.608,SF-P3O-NoFisher,Hopper-v4,1
167798,reward,2255,332.07092320466455,319.697,SF-P3O-NoFisher,Hopper-v4,1
167926,reward,2256,342.62743792966694,330.069,SF-P3O-NoFisher,Hopper-v4,1
168063,reward,2257,359.1303824230424,330.897,SF-P3O-NoFisher,Hopper-v4,1
168179,reward,2258,295.61861010790875,325.672,SF-P3O-NoFisher,Hopper-v4,1
168313,reward,2259,345.82958181329394,334.34,SF-P3O-NoFisher,Hopper-v4,1
168447,reward,2260,353.07885613200364,335.661,SF-P3O-NoFisher,Hopper-v4,1
168575,reward,2261,341.60982677932805,337.398,SF-P3O-NoFisher,Hopper-v4,1
168710,reward,2262,360.15019867694633,342.055,SF-P3O-NoFisher,Hopper-v4,1
168844,reward,2263,357.57101854995324,342.024,SF-P3O-NoFisher,Hopper-v4,1
168976,reward,2264,344.3887926244844,343.208,SF-P3O-NoFisher,Hopper-v4,1
169111,reward,2265,345.92718816210004,344.593,SF-P3O-NoFisher,Hopper-v4,1
169239,reward,2266,333.40176761733187,343.671,SF-P3O-NoFisher,Hopper-v4,1
169355,reward,2267,300.0545669622877,337.763,SF-P3O-NoFisher,Hopper-v4,1
169481,reward,2268,333.9637893215879,341.598,SF-P3O-NoFisher,Hopper-v4,1
169596,reward,2269,294.3613355113227,336.451,SF-P3O-NoFisher,Hopper-v4,1
169720,reward,2270,325.0382873582797,333.647,SF-P3O-NoFisher,Hopper-v4,1
169852,reward,2271,358.117946684894,335.297,SF-P3O-NoFisher,Hopper-v4,1
169960,reward,2272,265.91269193055643,325.874,SF-P3O-NoFisher,Hopper-v4,1
170000,speed,652.28,4.61,SF-P3O-NoFisher,Hopper-v4,1
170001,spectral,0.027438,0.956104,0.3361,SF-P3O-NoFisher,Hopper-v4,1
170094,reward,2273,355.84945526736163,325.702,SF-P3O-NoFisher,Hopper-v4,1
170221,reward,2274,333.532187856214,324.616,SF-P3O-NoFisher,Hopper-v4,1
170348,reward,2275,318.35280263194875,321.858,SF-P3O-NoFisher,Hopper-v4,1
170478,reward,2276,338.56147321185153,322.374,SF-P3O-NoFisher,Hopper-v4,1
170584,reward,2277,254.31304633135048,317.8,SF-P3O-NoFisher,Hopper-v4,1
170720,reward,2278,359.3386284760265,320.338,SF-P3O-NoFisher,Hopper-v4,1
170842,reward,2279,311.18232797370615,322.02,SF-P3O-NoFisher,Hopper-v4,1
170978,reward,2280,355.5337552940906,325.069,SF-P3O-NoFisher,Hopper-v4,1
171104,reward,2281,310.8721249031774,320.345,SF-P3O-NoFisher,Hopper-v4,1
171247,reward,2282,377.75133787597184,331.529,SF-P3O-NoFisher,Hopper-v4,1
171379,reward,2283,350.58952219735966,331.003,SF-P3O-NoFisher,Hopper-v4,1
171506,reward,2284,330.69645973193985,330.719,SF-P3O-NoFisher,Hopper-v4,1
171608,reward,2285,238.82270723048526,322.766,SF-P3O-NoFisher,Hopper-v4,1
171745,reward,2286,345.5280656396402,323.463,SF-P3O-NoFisher,Hopper-v4,1
171886,reward,2287,333.1249521105543,331.344,SF-P3O-NoFisher,Hopper-v4,1
172010,reward,2288,322.86965586165263,327.697,SF-P3O-NoFisher,Hopper-v4,1
172032,loss,0.13134346902370453,0.6375911235809326,SF-P3O-NoFisher,Hopper-v4,1
172128,reward,2289,296.4458986806279,326.223,SF-P3O-NoFisher,Hopper-v4,1
172256,reward,2290,331.95920030002486,323.866,SF-P3O-NoFisher,Hopper-v4,1
172395,reward,2291,360.9265348648034,328.871,SF-P3O-NoFisher,Hopper-v4,1
172533,reward,2292,328.83903422281554,323.98,SF-P3O-NoFisher,Hopper-v4,1
172682,reward,2293,398.20105798302154,328.741,SF-P3O-NoFisher,Hopper-v4,1
172790,reward,2294,261.235874854499,321.795,SF-P3O-NoFisher,Hopper-v4,1
172924,reward,2295,362.90846126308713,334.204,SF-P3O-NoFisher,Hopper-v4,1
173058,reward,2296,376.455444969004,337.297,SF-P3O-NoFisher,Hopper-v4,1
173192,reward,2297,364.2479601365848,340.409,SF-P3O-NoFisher,Hopper-v4,1
173330,reward,2298,358.75967106568544,343.998,SF-P3O-NoFisher,Hopper-v4,1
173464,reward,2299,355.6847878330084,349.922,SF-P3O-NoFisher,Hopper-v4,1
173602,reward,2300,348.67836151509226,351.594,SF-P3O-NoFisher,Hopper-v4,1
173737,reward,2301,355.23920054497336,351.025,SF-P3O-NoFisher,Hopper-v4,1
173866,reward,2302,348.4893549300122,352.99,SF-P3O-NoFisher,Hopper-v4,1
173999,reward,2303,357.7794509590685,348.948,SF-P3O-NoFisher,Hopper-v4,1
174136,reward,2304,356.7207676285331,358.496,SF-P3O-NoFisher,Hopper-v4,1
174276,reward,2305,368.81570481503445,359.087,SF-P3O-NoFisher,Hopper-v4,1
174411,reward,2306,351.1117090177501,356.553,SF-P3O-NoFisher,Hopper-v4,1
174554,reward,2307,372.82381846781516,357.41,SF-P3O-NoFisher,Hopper-v4,1
174697,reward,2308,382.09498091098834,359.744,SF-P3O-NoFisher,Hopper-v4,1
174835,reward,2309,349.8556671651576,359.161,SF-P3O-NoFisher,Hopper-v4,1
174964,reward,2310,343.0063957933543,358.594,SF-P3O-NoFisher,Hopper-v4,1
175107,reward,2311,386.97725156951856,361.768,SF-P3O-NoFisher,Hopper-v4,1
175233,reward,2312,344.18164542367737,361.337,SF-P3O-NoFisher,Hopper-v4,1
175365,reward,2313,346.12998059049147,360.172,SF-P3O-NoFisher,Hopper-v4,1
175498,reward,2314,335.8737191224593,358.087,SF-P3O-NoFisher,Hopper-v4,1
175644,reward,2315,376.9446561751907,358.9,SF-P3O-NoFisher,Hopper-v4,1
175774,reward,2316,345.7564189499374,358.364,SF-P3O-NoFisher,Hopper-v4,1
175870,reward,2317,224.77619674320368,343.56,SF-P3O-NoFisher,Hopper-v4,1
175997,reward,2318,339.0989357443868,339.26,SF-P3O-NoFisher,Hopper-v4,1
176136,reward,2319,383.1045740264273,342.585,SF-P3O-NoFisher,Hopper-v4,1
176265,reward,2320,347.6614727323047,343.05,SF-P3O-NoFisher,Hopper-v4,1
176397,reward,2321,361.1496781939233,340.468,SF-P3O-NoFisher,Hopper-v4,1
176524,reward,2322,328.879041719458,338.937,SF-P3O-NoFisher,Hopper-v4,1
176631,reward,2323,246.02130098978935,328.927,SF-P3O-NoFisher,Hopper-v4,1
176776,reward,2324,379.0770888967966,333.247,SF-P3O-NoFisher,Hopper-v4,1
176883,reward,2325,243.3328442403761,319.886,SF-P3O-NoFisher,Hopper-v4,1
177030,reward,2326,387.58765577675246,324.069,SF-P3O-NoFisher,Hopper-v4,1
177152,reward,2327,321.8513586391195,333.776,SF-P3O-NoFisher,Hopper-v4,1
177297,reward,2328,368.9738441380582,336.764,SF-P3O-NoFisher,Hopper-v4,1
177432,reward,2329,372.02411947998695,335.656,SF-P3O-NoFisher,Hopper-v4,1
177575,reward,2330,361.0671966585913,336.996,SF-P3O-NoFisher,Hopper-v4,1
177716,reward,2331,368.10182530692555,337.692,SF-P3O-NoFisher,Hopper-v4,1
177843,reward,2332,323.53984241845103,337.158,SF-P3O-NoFisher,Hopper-v4,1
177959,reward,2333,286.60615512198217,341.216,SF-P3O-NoFisher,Hopper-v4,1
178083,reward,2334,325.3538873505326,335.844,SF-P3O-NoFisher,Hopper-v4,1
178215,reward,2335,347.401596298805,346.251,SF-P3O-NoFisher,Hopper-v4,1
178350,reward,2336,341.3515438747072,341.627,SF-P3O-NoFisher,Hopper-v4,1
178489,reward,2337,367.8589001204409,346.228,SF-P3O-NoFisher,Hopper-v4,1
178626,reward,2338,331.797853485575,342.51,SF-P3O-NoFisher,Hopper-v4,1
178760,reward,2339,324.79775888893,337.788,SF-P3O-NoFisher,Hopper-v4,1
178888,reward,2340,343.72113983480557,336.053,SF-P3O-NoFisher,Hopper-v4,1
179018,reward,2341,317.18504248176833,330.961,SF-P3O-NoFisher,Hopper-v4,1
179159,reward,2342,351.75767982894536,333.783,SF-P3O-NoFisher,Hopper-v4,1
179305,reward,2343,364.4207282148775,341.565,SF-P3O-NoFisher,Hopper-v4,1
179438,reward,2344,347.5052467766642,343.78,SF-P3O-NoFisher,Hopper-v4,1
179574,reward,2345,363.48696916121406,345.388,SF-P3O-NoFisher,Hopper-v4,1
179705,reward,2346,342.83046612201287,345.536,SF-P3O-NoFisher,Hopper-v4,1
179841,reward,2347,357.3323892435495,344.484,SF-P3O-NoFisher,Hopper-v4,1
179974,reward,2348,351.52103063730516,346.456,SF-P3O-NoFisher,Hopper-v4,1
180000,speed,658.27,4.86,SF-P3O-NoFisher,Hopper-v4,1
180001,spectral,0.028385,0.954461,0.3892,SF-P3O-NoFisher,Hopper-v4,1
180101,reward,2349,336.19680335005273,347.596,SF-P3O-NoFisher,Hopper-v4,1
180224,loss,0.027684219181537628,0.4767201542854309,SF-P3O-NoFisher,Hopper-v4,1
180224,diagnostics,0.0,55.67,17.7843,0.029181,0.953177,0.4171,-1.0,SF-P3O-NoFisher,Hopper-v4,1
180228,reward,2350,338.1097616525414,347.035,SF-P3O-NoFisher,Hopper-v4,1
180347,reward,2351,308.46481272501046,346.163,SF-P3O-NoFisher,Hopper-v4,1
180408,reward,2352,116.66419272138744,322.653,SF-P3O-NoFisher,Hopper-v4,1
180553,reward,2353,372.7974399939278,323.491,SF-P3O-NoFisher,Hopper-v4,1
180671,reward,2354,300.51427667266597,318.792,SF-P3O-NoFisher,Hopper-v4,1
180812,reward,2355,345.7841256772828,317.022,SF-P3O-NoFisher,Hopper-v4,1
180953,reward,2356,367.8920790464423,319.528,SF-P3O-NoFisher,Hopper-v4,1
181080,reward,2357,328.4962031678843,316.644,SF-P3O-NoFisher,Hopper-v4,1
181221,reward,2358,349.4074480712975,316.433,SF-P3O-NoFisher,Hopper-v4,1
181358,reward,2359,359.9642603577389,318.809,SF-P3O-NoFisher,Hopper-v4,1
181499,reward,2360,385.0806003485764,323.507,SF-P3O-NoFisher,Hopper-v4,1
181629,reward,2361,350.12683924475135,327.673,SF-P3O-NoFisher,Hopper-v4,1
181753,reward,2362,330.4997199504376,349.056,SF-P3O-NoFisher,Hopper-v4,1
181883,reward,2363,339.57889386413933,345.734,SF-P3O-NoFisher,Hopper-v4,1
182015,reward,2364,343.1764726712445,350.001,SF-P3O-NoFisher,Hopper-v4,1
182148,reward,2365,349.9592816882362,350.418,SF-P3O-NoFisher,Hopper-v4,1
182289,reward,2366,382.9913484224191,351.928,SF-P3O-NoFisher,Hopper-v4,1
182431,reward,2367,387.75057999936047,357.854,SF-P3O-NoFisher,Hopper-v4,1
182562,reward,2368,345.10563606697366,357.423,SF-P3O-NoFisher,Hopper-v4,1
182736,reward,2369,466.072632485242,368.034,SF-P3O-NoFisher,Hopper-v4,1
182877,reward,2370,390.53055014343244,368.579,SF-P3O-NoFisher,Hopper-v4,1
183005,reward,2371,343.5953860399225,367.926,SF-P3O-NoFisher,Hopper-v4,1
183142,reward,2372,371.28674885416734,372.005,SF-P3O-NoFisher,Hopper-v4,1
183274,reward,2373,354.45465889456386,373.492,SF-P3O-NoFisher,Hopper-v4,1
183405,reward,2374,344.44592059245184,373.619,SF-P3O-NoFisher,Hopper-v4,1
183532,reward,2375,327.45568285550416,371.369,SF-P3O-NoFisher,Hopper-v4,1
183662,reward,2376,359.99748521101,369.07,SF-P3O-NoFisher,Hopper-v4,1
183784,reward,2377,323.1994388879725,362.614,SF-P3O-NoFisher,Hopper-v4,1
183924,reward,2378,373.6911872629646,365.473,SF-P3O-NoFisher,Hopper-v4,1
184009,reward,2379,191.79863637541155,338.046,SF-P3O-NoFisher,Hopper-v4,1
184115,reward,2380,268.21762917416976,325.814,SF-P3O-NoFisher,Hopper-v4,1
184251,reward,2381,385.264190987664,329.981,SF-P3O-NoFisher,Hopper-v4,1
184369,reward,2382,302.5933468351883,323.112,SF-P3O-NoFisher,Hopper-v4,1
184482,reward,2383,276.02930129255105,315.269,SF-P3O-NoFisher,Hopper-v4,1
184621,reward,2384,382.404110058487,319.065,SF-P3O-NoFisher,Hopper-v4,1
184730,reward,2385,278.044988841404,314.124,SF-P3O-NoFisher,Hopper-v4,1
184871,reward,2386,386.08694183930066,316.733,SF-P3O-NoFisher,Hopper-v4,1
184989,reward,2387,306.8301204246313,315.096,SF-P3O-NoFisher,Hopper-v4,1
185116,reward,2388,349.15732869121257,312.643,SF-P3O-NoFisher,Hopper-v4,1
185223,reward,2389,261.4127017755638,319.604,SF-P3O-NoFisher,Hopper-v4,1
185364,reward,2390,352.9482038697126,328.077,SF-P3O-NoFisher,Hopper-v4,1
185494,reward,2391,321.06313555032114,321.657,SF-P3O-NoFisher,Hopper-v4,1
185631,reward,2392,357.64752890693063,327.162,SF-P3O-NoFisher,Hopper-v4,1
185771,reward,2393,374.55798521045335,337.015,SF-P3O-NoFisher,Hopper-v4,1
185905,reward,2394,362.83222263566927,335.058,SF-P3O-NoFisher,Hopper-v4,1
186029,reward,2395,327.67781012861036,340.021,SF-P3O-NoFisher,Hopper-v4,1
186169,reward,2396,385.05357260853197,339.918,SF-P3O-NoFisher,Hopper-v4,1
186300,reward,2397,357.5386462605352,344.989,SF-P3O-NoFisher,Hopper-v4,1
186448,reward,2398,393.7944511030866,349.453,SF-P3O-NoFisher,Hopper-v4,1
186577,reward,2399,349.45611792056235,358.257,SF-P3O-NoFisher,Hopper-v4,1
186704,reward,2400,325.14839737083844,355.477,SF-P3O-NoFisher,Hopper-v4,1
186841,reward,2401,362.25270476203264,359.596,SF-P3O-NoFisher,Hopper-v4,1
186973,reward,2402,346.96539808433783,358.528,SF-P3O-NoFisher,Hopper-v4,1
187107,reward,2403,357.4363108368529,356.816,SF-P3O-NoFisher,Hopper-v4,1
187254,reward,2404,402.4025822591436,360.773,SF-P3O-NoFisher,Hopper-v4,1
187387,reward,2405,348.0192432605168,362.807,SF-P3O-NoFisher,Hopper-v4,1
187523,reward,2406,377.0742579916488,362.009,SF-P3O-NoFisher,Hopper-v4,1
187647,reward,2407,333.1953593009859,359.574,SF-P3O-NoFisher,Hopper-v4,1
187784,reward,2408,363.87715407854296,356.583,SF-P3O-NoFisher,Hopper-v4,1
187913,reward,2409,333.72241263329414,355.009,SF-P3O-NoFisher,Hopper-v4,1
188036,reward,2410,339.34898878223066,356.429,SF-P3O-NoFisher,Hopper-v4,1
188165,reward,2411,337.95792095949827,354.0,SF-P3O-NoFisher,Hopper-v4,1
188300,reward,2412,341.96449212819215,353.5,SF-P3O-NoFisher,Hopper-v4,1
188416,loss,-0.11326927691698074,0.4212360382080078,SF-P3O-NoFisher,Hopper-v4,1
188434,reward,2413,368.6334146500482,354.62,SF-P3O-NoFisher,Hopper-v4,1
188563,reward,2414,345.5014648691625,348.929,SF-P3O-NoFisher,Hopper-v4,1
188687,reward,2415,309.63363157884106,345.091,SF-P3O-NoFisher,Hopper-v4,1
188824,reward,2416,368.24768567553457,344.208,SF-P3O-NoFisher,Hopper-v4,1
188959,reward,2417,369.7087355622318,347.86,SF-P3O-NoFisher,Hopper-v4,1
189095,reward,2418,352.72824552474765,346.745,SF-P3O-NoFisher,Hopper-v4,1
189233,reward,2419,362.1467495251972,349.587,SF-P3O-NoFisher,Hopper-v4,1
189364,reward,2420,351.3636029748219,350.789,SF-P3O-NoFisher,Hopper-v4,1
189500,reward,2421,356.15302366660234,352.608,SF-P3O-NoFisher,Hopper-v4,1
189628,reward,2422,330.6958974081886,351.481,SF-P3O-NoFisher,Hopper-v4,1
189769,reward,2423,401.0507361688577,354.723,SF-P3O-NoFisher,Hopper-v4,1
189908,reward,2424,373.1966844665624,357.492,SF-P3O-NoFisher,Hopper-v4,1
190000,speed,452.96,5.23,SF-P3O-NoFisher,Hopper-v4,1
190001,spectral,0.030112,0.95278,0.4305,SF-P3O-NoFisher,Hopper-v4,1
190036,reward,2425,324.3044627804069,358.96,SF-P3O-NoFisher,Hopper-v4,1
190175,reward,2426,369.7689150427619,359.112,SF-P3O-NoFisher,Hopper-v4,1
190322,reward,2427,399.0048714820895,362.041,SF-P3O-NoFisher,Hopper-v4,1
190463,reward,2428,366.48251312683675,363.417,SF-P3O-NoFisher,Hopper-v4,1
190598,reward,2429,348.89130472955105,362.091,SF-P3O-NoFisher,Hopper-v4,1
190733,reward,2430,346.4157287170261,361.596,SF-P3O-NoFisher,Hopper-v4,1
190875,reward,2431,372.85649398479137,363.267,SF-P3O-NoFisher,Hopper-v4,1
190997,reward,2432,307.351965561762,360.932,SF-P3O-NoFisher,Hopper-v4,1
191137,reward,2433,372.4957871844279,358.077,SF-P3O-NoFisher,Hopper-v4,1
191281,reward,2434,382.1282908442446,358.97,SF-P3O-NoFisher,Hopper-v4,1
191424,reward,2435,370.1730608307089,363.557,SF-P3O-NoFisher,Hopper-v4,1
191565,reward,2436,378.26900156492417,364.407,SF-P3O-NoFisher,Hopper-v4,1
191705,reward,2437,355.8888696357499,360.095,SF-P3O-NoFisher,Hopper-v4,1
191838,reward,2438,359.1996479259542,359.367,SF-P3O-NoFisher,Hopper-v4,1
191970,reward,2439,342.0705255562082,358.685,SF-P3O-NoFisher,Hopper-v4,1
192122,reward,2440,402.0057628613803,364.244,SF-P3O-NoFisher,Hopper-v4,1
192260,reward,2441,353.4111614806525,362.299,SF-P3O-NoFisher,Hopper-v4,1
192385,reward,2442,312.2465937488785,362.789,SF-P3O-NoFisher,Hopper-v4,1
192522,reward,2443,345.3821271761832,360.078,SF-P3O-NoFisher,Hopper-v4,1
192655,reward,2444,358.0336543962139,357.668,SF-P3O-NoFisher,Hopper-v4,1
192788,reward,2445,349.0359199422538,355.554,SF-P3O-NoFisher,Hopper-v4,1
192924,reward,2446,367.78641343659064,354.506,SF-P3O-NoFisher,Hopper-v4,1
193053,reward,2447,355.0968592418671,354.427,SF-P3O-NoFisher,Hopper-v4,1
193188,reward,2448,355.31821130877535,354.039,SF-P3O-NoFisher,Hopper-v4,1
193321,reward,2449,361.4429852984935,355.976,SF-P3O-NoFisher,Hopper-v4,1
193454,reward,2450,347.6551226232876,350.541,SF-P3O-NoFisher,Hopper-v4,1
193590,reward,2451,371.25431184427265,352.325,SF-P3O-NoFisher,Hopper-v4,1
193740,reward,2452,368.75680757153316,357.976,SF-P3O-NoFisher,Hopper-v4,1
193890,reward,2453,398.46880207608666,363.285,SF-P3O-NoFisher,Hopper-v4,1
194025,reward,2454,369.9737463642892,364.479,SF-P3O-NoFisher,Hopper-v4,1
194162,reward,2455,359.94978264782867,365.57,SF-P3O-NoFisher,Hopper-v4,1
194302,reward,2456,352.8584323698439,364.078,SF-P3O-NoFisher,Hopper-v4,1
194441,reward,2457,370.951451677741,365.663,SF-P3O-NoFisher,Hopper-v4,1
194576,reward,2458,352.8296366278731,365.414,SF-P3O-NoFisher,Hopper-v4,1
194697,reward,2459,294.7993325947437,358.75,SF-P3O-NoFisher,Hopper-v4,1
194839,reward,2460,353.9400946562009,359.378,SF-P3O-NoFisher,Hopper-v4,1
194970,reward,2461,322.96980950420226,354.55,SF-P3O-NoFisher,Hopper-v4,1
195106,reward,2462,359.2617062008609,353.6,SF-P3O-NoFisher,Hopper-v4,1
195246,reward,2463,370.4787251467342,350.801,SF-P3O-NoFisher,Hopper-v4,1
195375,reward,2464,329.93527594318067,346.797,SF-P3O-NoFisher,Hopper-v4,1
195506,reward,2465,330.05700737138505,343.808,SF-P3O-NoFisher,Hopper-v4,1
195649,reward,2466,374.6975487077212,345.992,SF-P3O-NoFisher,Hopper-v4,1
195769,reward,2467,303.9106008947178,339.288,SF-P3O-NoFisher,Hopper-v4,1
195885,reward,2468,308.8968460702476,334.895,SF-P3O-NoFisher,Hopper-v4,1
196016,reward,2469,351.29819283035886,340.545,SF-P3O-NoFisher,Hopper-v4,1
196136,reward,2470,303.3511998557074,335.486,SF-P3O-NoFisher,Hopper-v4,1
196265,reward,2471,343.2526998410174,337.514,SF-P3O-NoFisher,Hopper-v4,1
196401,reward,2472,355.0519733384666,337.093,SF-P3O-NoFisher,Hopper-v4,1
196541,reward,2473,388.83082974681747,338.928,SF-P3O-NoFisher,Hopper-v4,1
196608,loss,-0.004172418266534805,0.558891236782074,SF-P3O-NoFisher,Hopper-v4,1
196608,diagnostics,0.0,55.88,12.4821,0.031033,0.953501,0.4353,-1.0,SF-P3O-NoFisher,Hopper-v4,1
196688,reward,2474,391.86620108955333,345.121,SF-P3O-NoFisher,Hopper-v4,1
196792,reward,2475,249.87219845086943,337.103,SF-P3O-NoFisher,Hopper-v4,1
196933,reward,2476,358.20393011492644,335.453,SF-P3O-NoFisher,Hopper-v4,1
197076,reward,2477,390.50946349628964,344.113,SF-P3O-NoFisher,Hopper-v4,1
197210,reward,2478,348.55319924774045,348.079,SF-P3O-NoFisher,Hopper-v4,1
197367,reward,2479,445.80791110836566,357.53,SF-P3O-NoFisher,Hopper-v4,1
197515,reward,2480,391.12073393184465,366.307,SF-P3O-NoFisher,Hopper-v4,1
197591,reward,2481,149.54010444622148,346.936,SF-P3O-NoFisher,Hopper-v4,1
197716,reward,2482,324.3626966200222,343.867,SF-P3O-NoFisher,Hopper-v4,1
197853,reward,2483,350.9663661485632,340.08,SF-P3O-NoFisher,Hopper-v4,1
198031,reward,2484,482.2633474913728,349.12,SF-P3O-NoFisher,Hopper-v4,1
198170,reward,2485,390.81529953782825,363.214,SF-P3O-NoFisher,Hopper-v4,1
198305,reward,2486,367.33820834472664,364.128,SF-P3O-NoFisher,Hopper-v4,1
198438,reward,2487,350.9343642672128,360.17,SF-P3O-NoFisher,Hopper-v4,1
198594,reward,2488,438.7216673895717,369.187,SF-P3O-NoFisher,Hopper-v4,1
198736,reward,2489,374.2835072365878,362.035,SF-P3O-NoFisher,Hopper-v4,1
198878,reward,2490,374.4389426081451,360.366,SF-P3O-NoFisher,Hopper-v4,1
199026,reward,2491,362.90896607020363,381.703,SF-P3O-NoFisher,Hopper-v4,1
199179,reward,2492,392.8197817968814,388.549,SF-P3O-NoFisher,Hopper-v4,1
199306,reward,2493,351.57056696189426,388.609,SF-P3O-NoFisher,Hopper-v4,1
199439,reward,2494,353.5162649706586,375.735,SF-P3O-NoFisher,Hopper-v4,1
199576,reward,2495,361.2473340693053,372.778,SF-P3O-NoFisher,Hopper-v4,1
199703,reward,2496,333.5103886841529,369.395,SF-P3O-NoFisher,Hopper-v4,1
199837,reward,2497,340.3496111124454,368.337,SF-P3O-NoFisher,Hopper-v4,1
199967,reward,2498,353.74009763781197,359.839,SF-P3O-NoFisher,Hopper-v4,1
200000,speed,659.23,5.48,SF-P3O-NoFisher,Hopper-v4,1
200001,spectral,0.031033,0.953501,0.4353,SF-P3O-NoFisher,Hopper-v4,1
200102,reward,2499,366.68285820472437,359.078,SF-P3O-NoFisher,Hopper-v4,1
200213,reward,2500,277.6653789451432,349.401,SF-P3O-NoFisher,Hopper-v4,1
200350,reward,2501,355.1938803315513,348.63,SF-P3O-NoFisher,Hopper-v4,1
200488,reward,2502,374.4950809556898,346.797,SF-P3O-NoFisher,Hopper-v4,1
200633,reward,2503,409.4800476313913,352.588,SF-P3O-NoFisher,Hopper-v4,1
200768,reward,2504,348.5381813764597,352.09,SF-P3O-NoFisher,Hopper-v4,1
200902,reward,2505,339.0626751143905,349.872,SF-P3O-NoFisher,Hopper-v4,1
201017,reward,2506,294.1265549736086,345.933,SF-P3O-NoFisher,Hopper-v4,1
201155,reward,2507,368.4977189717336,348.748,SF-P3O-NoFisher,Hopper-v4,1
201258,reward,2508,253.32579048448625,338.707,SF-P3O-NoFisher,Hopper-v4,1
201397,reward,2509,374.70780005467594,339.509,SF-P3O-NoFisher,Hopper-v4,1
201548,reward,2510,404.5791162778303,352.201,SF-P3O-NoFisher,Hopper-v4,1
201678,reward,2511,354.21103216508095,352.102,SF-P3O-NoFisher,Hopper-v4,1
201819,reward,2512,383.3274015082632,352.986,SF-P3O-NoFisher,Hopper-v4,1
201956,reward,2513,362.5120747400829,348.289,SF-P3O-NoFisher,Hopper-v4,1
202087,reward,2514,368.7977913679676,350.315,SF-P3O-NoFisher,Hopper-v4,1
202231,reward,2515,376.63009430721024,354.072,SF-P3O-NoFisher,Hopper-v4,1
202379,reward,2516,407.5604590501304,365.415,SF-P3O-NoFisher,Hopper-v4,1
202523,reward,2517,386.39452803130473,367.205,SF-P3O-NoFisher,Hopper-v4,1
202662,reward,2518,343.25938640877337,376.198,SF-P3O-NoFisher,Hopper-v4,1
202787,reward,2519,329.629394106877,371.69,SF-P3O-NoFisher,Hopper-v4,1
202917,reward,2520,328.92330675037135,364.125,SF-P3O-NoFisher,Hopper-v4,1
203052,reward,2521,373.0541856921241,366.009,SF-P3O-NoFisher,Hopper-v4,1
203187,reward,2522,351.8036002786502,362.856,SF-P3O-NoFisher,Hopper-v4,1
203323,reward,2523,367.9701635138046,363.402,SF-P3O-NoFisher,Hopper-v4,1
203455,reward,2524,359.1977725391649,362.442,SF-P3O-NoFisher,Hopper-v4,1
203587,reward,2525,360.8005746345771,360.859,SF-P3O-NoFisher,Hopper-v4,1
203725,reward,2526,366.81196080314925,356.784,SF-P3O-NoFisher,Hopper-v4,1
203871,reward,2527,398.11272996889255,357.956,SF-P3O-NoFisher,Hopper-v4,1
204018,reward,2528,394.32160822440005,363.063,SF-P3O-NoFisher,Hopper-v4,1
204162,reward,2529,373.7210805325002,367.472,SF-P3O-NoFisher,Hopper-v4,1
204307,reward,2530,386.24784852024806,373.204,SF-P3O-NoFisher,Hopper-v4,1
204435,reward,2531,328.601387695798,368.759,SF-P3O-NoFisher,Hopper-v4,1
204563,reward,2532,326.2584445174427,366.204,SF-P3O-NoFisher,Hopper-v4,1
204684,reward,2533,317.15018893688614,361.122,SF-P3O-NoFisher,Hopper-v4,1
204800,loss,0.009960301220417023,0.35288164019584656,SF-P3O-NoFisher,Hopper-v4,1
204819,reward,2534,363.7100931806948,361.574,SF-P3O-NoFisher,Hopper-v4,1
204953,reward,2535,366.36234591554353,362.13,SF-P3O-NoFisher,Hopper-v4,1
205080,reward,2536,346.91367207015327,360.14,SF-P3O-NoFisher,Hopper-v4,1
205213,reward,2537,344.6298521227147,354.792,SF-P3O-NoFisher,Hopper-v4,1
205343,reward,2538,340.5860237430721,349.418,SF-P3O-NoFisher,Hopper-v4,1
205450,reward,2539,270.37977723950297,339.084,SF-P3O-NoFisher,Hopper-v4,1
205586,reward,2540,354.09627462330934,335.869,SF-P3O-NoFisher,Hopper-v4,1
205721,reward,2541,363.5693631911392,339.366,SF-P3O-NoFisher,Hopper-v4,1
205739,reward,2542,21.91114130182759,308.931,SF-P3O-NoFisher,Hopper-v4,1
205880,reward,2543,370.1909192780471,314.235,SF-P3O-NoFisher,Hopper-v4,1
206009,reward,2544,355.61709027204137,313.426,SF-P3O-NoFisher,Hopper-v4,1
206148,reward,2545,390.9567658171797,315.885,SF-P3O-NoFisher,Hopper-v4,1
206277,reward,2546,331.2445171879715,314.318,SF-P3O-NoFisher,Hopper-v4,1
206417,reward,2547,387.0392563215207,318.559,SF-P3O-NoFisher,Hopper-v4,1
206552,reward,2548,355.5084781687081,320.051,SF-P3O-NoFisher,Hopper-v4,1
206692,reward,2549,353.1802784505876,328.331,SF-P3O-NoFisher,Hopper-v4,1
206808,reward,2550,291.37677001077986,322.059,SF-P3O-NoFisher,Hopper-v4,1
206964,reward,2551,424.3677920651004,328.139,SF-P3O-NoFisher,Hopper-v4,1
207110,reward,2552,386.77931570586526,364.626,SF-P3O-NoFisher,Hopper-v4,1
207243,reward,2553,366.48054672170235,364.255,SF-P3O-NoFisher,Hopper-v4,1
207388,reward,2554,395.7879148834758,368.272,SF-P3O-NoFisher,Hopper-v4,1
207531,reward,2555,388.63000026822084,368.039,SF-P3O-NoFisher,Hopper-v4,1
207668,reward,2556,355.52562003672375,370.468,SF-P3O-NoFisher,Hopper-v4,1
207811,reward,2557,404.45117658754447,372.209,SF-P3O-NoFisher,Hopper-v4,1
207952,reward,2558,387.3947140935894,375.397,SF-P3O-NoFisher,Hopper-v4,1
208096,reward,2559,410.4315136754911,381.123,SF-P3O-NoFisher,Hopper-v4,1
208234,reward,2560,358.55906621840774,387.841,SF-P3O-NoFisher,Hopper-v4,1
208367,reward,2561,366.3484534869268,382.039,SF-P3O-NoFisher,Hopper-v4,1
208491,reward,2562,328.53140955577186,376.214,SF-P3O-NoFisher,Hopper-v4,1
208627,reward,2563,355.7298631602882,375.139,SF-P3O-NoFisher,Hopper-v4,1
208755,reward,2564,350.2081847008979,370.581,SF-P3O-NoFisher,Hopper-v4,1
208896,reward,2565,379.0730103737091,369.625,SF-P3O-NoFisher,Hopper-v4,1
209035,reward,2566,376.9642134762712,371.769,SF-P3O-NoFisher,Hopper-v4,1
209168,reward,2567,368.8120666729261,368.205,SF-P3O-NoFisher,Hopper-v4,1
209303,reward,2568,360.8915416648491,365.555,SF-P3O-NoFisher,Hopper-v4,1
209448,reward,2569,360.2268372398766,360.534,SF-P3O-NoFisher,Hopper-v4,1
209603,reward,2570,446.6497906072708,369.344,SF-P3O-NoFisher,Hopper-v4,1
209736,reward,2571,376.03001659124106,370.312,SF-P3O-NoFisher,Hopper-v4,1
209879,reward,2572,398.9908481486377,377.358,SF-P3O-NoFisher,Hopper-v4,1
210000,speed,674.71,5.73,SF-P3O-NoFisher,Hopper-v4,1
210001,spectral,0.032091,0.951512,0.4721,SF-P3O-NoFisher,Hopper-v4,1
210028,reward,2573,409.5884276406204,382.743,SF-P3O-NoFisher,Hopper-v4,1
210160,reward,2574,356.5692280334129,383.38,SF-P3O-NoFisher,Hopper-v4,1
210297,reward,2575,371.9164581033001,382.664,SF-P3O-NoFisher,Hopper-v4,1
210409,reward,2576,283.6518717237865,373.333,SF-P3O-NoFisher,Hopper-v4,1
210555,reward,2577,407.263726871353,377.178,SF-P3O-NoFisher,Hopper-v4,1
210689,reward,2578,354.1555155925022,376.504,SF-P3O-NoFisher,Hopper-v4,1
210825,reward,2579,361.4409127273309,376.626,SF-P3O-NoFisher,Hopper-v4,1
210967,reward,2580,386.7204863747604,370.633,SF-P3O-NoFisher,Hopper-v4,1
211104,reward,2581,357.80158701698906,368.81,SF-P3O-NoFisher,Hopper-v4,1
211199,reward,2582,208.83294119732784,349.794,SF-P3O-NoFisher,Hopper-v4,1
211330,reward,2583,357.06934857439586,344.542,SF-P3O-NoFisher,Hopper-v4,1
211449,reward,2584,309.4735313001498,339.833,SF-P3O-NoFisher,Hopper-v4,1
211574,reward,2585,321.0854928673368,334.75,SF-P3O-NoFisher,Hopper-v4,1
211714,reward,2586,367.7003320670178,343.154,SF-P3O-NoFisher,Hopper-v4,1
211818,reward,2587,257.46055541701895,328.174,SF-P3O-NoFisher,Hopper-v4,1
211952,reward,2588,365.24650775302723,329.283,SF-P3O-NoFisher,Hopper-v4,1
212093,reward,2589,380.0482175882302,331.144,SF-P3O-NoFisher,Hopper-v4,1
212231,reward,2590,377.97407150492114,330.269,SF-P3O-NoFisher,Hopper-v4,1
212365,reward,2591,362.4379910313349,330.733,SF-P3O-NoFisher,Hopper-v4,1
212501,reward,2592,369.9881780890509,346.848,SF-P3O-NoFisher,Hopper-v4,1
212639,reward,2593,355.0498831021626,346.646,SF-P3O-NoFisher,Hopper-v4,1
212764,reward,2594,323.4810818210095,348.047,SF-P3O-NoFisher,Hopper-v4,1
212896,reward,2595,335.5243863597871,349.491,SF-P3O-NoFisher,Hopper-v4,1
212992,loss,0.007668577134609222,0.5717676281929016,SF-P3O-NoFisher,Hopper-v4,1
212992,diagnostics,0.0,56.09,25.2933,0.032733,0.950893,0.4237,-1.0,SF-P3O-NoFisher,Hopper-v4,1
213029,reward,2596,356.9185143404572,348.413,SF-P3O-NoFisher,Hopper-v4,1
213155,reward,2597,320.5903829432827,354.726,SF-P3O-NoFisher,Hopper-v4,1
213301,reward,2598,383.3976661201358,356.541,SF-P3O-NoFisher,Hopper-v4,1
213442,reward,2599,382.8795361744852,356.824,SF-P3O-NoFisher,Hopper-v4,1
213579,reward,2600,351.7431222551898,354.201,SF-P3O-NoFisher,Hopper-v4,1
213721,reward,2601,396.15230371613245,357.573,SF-P3O-NoFisher,Hopper-v4,1
213848,reward,2602,334.94772173562905,354.068,SF-P3O-NoFisher,Hopper-v4,1
213974,reward,2603,324.0717409398099,350.971,SF-P3O-NoFisher,Hopper-v4,1
214114,reward,2604,372.3536769268994,355.858,SF-P3O-NoFisher,Hopper-v4,1
214252,reward,2605,381.24980020619165,360.43,SF-P3O-NoFisher,Hopper-v4,1
214393,reward,2606,376.6823914559732,362.407,SF-P3O-NoFisher,Hopper-v4,1
214529,reward,2607,361.2869514198627,366.476,SF-P3O-NoFisher,Hopper-v4,1
214665,reward,2608,362.2075138180088,364.357,SF-P3O-NoFisher,Hopper-v4,1
214804,reward,2609,377.00897816873425,363.77,SF-P3O-NoFisher,Hopper-v4,1
214940,reward,2610,367.26096598633103,365.322,SF-P3O-NoFisher,Hopper-v4,1
215077,reward,2611,365.42890944088737,362.25,SF-P3O-NoFisher,Hopper-v4,1
215215,reward,2612,376.64477511680013,366.42,SF-P3O-NoFisher,Hopper-v4,1
215354,reward,2613,383.1172780062397,372.324,SF-P3O-NoFisher,Hopper-v4,1
215490,reward,2614,337.72274507714025,368.861,SF-P3O-NoFisher,Hopper-v4,1
215613,reward,2615,336.4018284304562,364.376,SF-P3O-NoFisher,Hopper-v4,1
215749,reward,2616,371.0599686841166,363.814,SF-P3O-NoFisher,Hopper-v4,1
215891,reward,2617,390.5534723703071,366.741,SF-P3O-NoFisher,Hopper-v4,1
216033,reward,2618,378.9271426810376,368.413,SF-P3O-NoFisher,Hopper-v4,1
216178,reward,2619,393.913025649454,370.103,SF-P3O-NoFisher,Hopper-v4,1
216303,reward,2620,328.69061324123487,366.246,SF-P3O-NoFisher,Hopper-v4,1
216443,reward,2621,375.3903234421516,367.242,SF-P3O-NoFisher,Hopper-v4,1
216582,reward,2622,394.9325156964531,369.071,SF-P3O-NoFisher,Hopper-v4,1
216722,reward,2623,383.2528506642569,369.084,SF-P3O-NoFisher,Hopper-v4,1
216858,reward,2624,360.71146618402577,371.383,SF-P3O-NoFisher,Hopper-v4,1
216983,reward,2625,331.286518515519,370.872,SF-P3O-NoFisher,Hopper-v4,1
217107,reward,2626,321.5044817815546,365.916,SF-P3O-NoFisher,Hopper-v4,1
217246,reward,2627,376.5710032776144,364.518,SF-P3O-NoFisher,Hopper-v4,1
217378,reward,2628,361.38790542896083,362.764,SF-P3O-NoFisher,Hopper-v4,1
217515,reward,2629,375.3889532422191,360.912,SF-P3O-NoFisher,Hopper-v4,1
217649,reward,2630,369.4663048584543,364.989,SF-P3O-NoFisher,Hopper-v4,1
217782,reward,2631,336.6509157009563,361.115,SF-P3O-NoFisher,Hopper-v4,1
217921,reward,2632,373.2103071687834,358.943,SF-P3O-NoFisher,Hopper-v4,1
218046,reward,2633,326.53340655922545,353.271,SF-P3O-NoFisher,Hopper-v4,1
218175,reward,2634,344.5596138125523,351.656,SF-P3O-NoFisher,Hopper-v4,1
218304,reward,2635,335.5140043605025,352.079,SF-P3O-NoFisher,Hopper-v4,1
218445,reward,2636,386.86083060879065,358.614,SF-P3O-NoFisher,Hopper-v4,1
218577,reward,2637,358.25797408731916,356.783,SF-P3O-NoFisher,Hopper-v4,1
218717,reward,2638,370.04116240514173,357.648,SF-P3O-NoFisher,Hopper-v4,1
218847,reward,2639,352.73793590744685,355.383,SF-P3O-NoFisher,Hopper-v4,1
218976,reward,2640,347.0392067448292,353.141,SF-P3O-NoFisher,Hopper-v4,1
219111,reward,2641,363.095416439907,355.785,SF-P3O-NoFisher,Hopper-v4,1
219252,reward,2642,381.1735669103168,356.581,SF-P3O-NoFisher,Hopper-v4,1
219400,reward,2643,381.5246969222454,362.08,SF-P3O-NoFisher,Hopper-v4,1
219537,reward,2644,369.2348297750224,364.548,SF-P3O-NoFisher,Hopper-v4,1
219669,reward,2645,351.60465681186724,366.157,SF-P3O-NoFisher,Hopper-v4,1
219806,reward,2646,355.4041524888912,363.011,SF-P3O-NoFisher,Hopper-v4,1
219944,reward,2647,370.06442014648286,364.192,SF-P3O-NoFisher,Hopper-v4,1
220000,speed,667.23,5.98,SF-P3O-NoFisher,Hopper-v4,1
220001,spectral,0.032733,0.950893,0.4237,SF-P3O-NoFisher,Hopper-v4,1
220083,reward,2648,379.31244709514044,365.119,SF-P3O-NoFisher,Hopper-v4,1
220212,reward,2649,335.2856129140825,363.374,SF-P3O-NoFisher,Hopper-v4,1
220364,reward,2650,404.2906779496492,369.099,SF-P3O-NoFisher,Hopper-v4,1
220507,reward,2651,389.4824671676773,371.738,SF-P3O-NoFisher,Hopper-v4,1
220652,reward,2652,377.414472231562,371.362,SF-P3O-NoFisher,Hopper-v4,1
220801,reward,2653,404.96910707232377,373.706,SF-P3O-NoFisher,Hopper-v4,1
220947,reward,2654,402.2366758726037,377.006,SF-P3O-NoFisher,Hopper-v4,1
221070,reward,2655,328.2394834939625,374.67,SF-P3O-NoFisher,Hopper-v4,1
221184,loss,0.05759148299694061,0.6256963014602661,SF-P3O-NoFisher,Hopper-v4,1
221205,reward,2656,369.7003695242356,376.1,SF-P3O-NoFisher,Hopper-v4,1
221319,reward,2657,288.28966476840884,367.922,SF-P3O-NoFisher,Hopper-v4,1
221436,reward,2658,309.37273104783344,360.928,SF-P3O-NoFisher,Hopper-v4,1
221569,reward,2659,355.1134668391022,362.911,SF-P3O-NoFisher,Hopper-v4,1
221700,reward,2660,356.05097805478584,358.087,SF-P3O-NoFisher,Hopper-v4,1
221813,reward,2661,290.2688471156366,348.166,SF-P3O-NoFisher,Hopper-v4,1
221951,reward,2662,383.0986561163907,348.734,SF-P3O-NoFisher,Hopper-v4,1
222090,reward,2663,383.6087981388905,346.598,SF-P3O-NoFisher,Hopper-v4,1
222232,reward,2664,394.84737459966277,345.859,SF-P3O-NoFisher,Hopper-v4,1
222371,reward,2665,364.299959086803,349.465,SF-P3O-NoFisher,Hopper-v4,1
222505,reward,2666,360.328121625607,348.528,SF-P3O-NoFisher,Hopper-v4,1
222639,reward,2667,366.43233368330124,356.342,SF-P3O-NoFisher,Hopper-v4,1
222768,reward,2668,354.6909118318383,360.874,SF-P3O-NoFisher,Hopper-v4,1
222912,reward,2669,405.9236620259667,365.955,SF-P3O-NoFisher,Hopper-v4,1
223058,reward,2670,414.7225101785328,371.822,SF-P3O-NoFisher,Hopper-v4,1
223198,reward,2671,366.7012306566356,379.465,SF-P3O-NoFisher,Hopper-v4,1
223316,reward,2672,316.26920690194015,372.782,SF-P3O-NoFisher,Hopper-v4,1
223462,reward,2673,387.7029335474259,373.192,SF-P3O-NoFisher,Hopper-v4,1
223609,reward,2674,413.21051701410954,375.028,SF-P3O-NoFisher,Hopper-v4,1
223731,reward,2675,324.8642026045582,371.085,SF-P3O-NoFisher,Hopper-v4,1
223854,reward,2676,309.9023503101397,366.042,SF-P3O-NoFisher,Hopper-v4,1
223988,reward,2677,349.39330479367715,364.338,SF-P3O-NoFisher,Hopper-v4,1
224148,reward,2678,452.32821250511154,374.102,SF-P3O-NoFisher,Hopper-v4,1
224277,reward,2679,336.2042514449234,367.13,SF-P3O-NoFisher,Hopper-v4,1
224414,reward,2680,380.40424987752465,363.698,SF-P3O-NoFisher,Hopper-v4,1
224534,reward,2681,322.8479383855792,359.313,SF-P3O-NoFisher,Hopper-v4,1
224662,reward,2682,351.0261282190545,362.788,SF-P3O-NoFisher,Hopper-v4,1
224801,reward,2683,397.73056325895874,363.791,SF-P3O-NoFisher,Hopper-v4,1
224934,reward,2684,357.5976588334442,358.23,SF-P3O-NoFisher,Hopper-v4,1
225057,reward,2685,326.02100914681176,358.346,SF-P3O-NoFisher,Hopper-v4,1
225188,reward,2686,354.6366798345095,362.819,SF-P3O-NoFisher,Hopper-v4,1
225319,reward,2687,359.00803228653837,363.78,SF-P3O-NoFisher,Hopper-v4,1
225476,reward,2688,450.56241853486125,363.604,SF-P3O-NoFisher,Hopper-v4,1
225612,reward,2689,357.41193436177434,365.725,SF-P3O-NoFisher,Hopper-v4,1
225744,reward,2690,361.5038912828212,363.835,SF-P3O-NoFisher,Hopper-v4,1
225867,reward,2691,317.5824474563627,363.308,SF-P3O-NoFisher,Hopper-v4,1
226007,reward,2692,385.2396860281402,366.729,SF-P3O-NoFisher,Hopper-v4,1
226143,reward,2693,360.13452011545223,362.97,SF-P3O-NoFisher,Hopper-v4,1
226275,reward,2694,355.8896116858252,362.799,SF-P3O-NoFisher,Hopper-v4,1
226413,reward,2695,375.4484540778904,367.742,SF-P3O-NoFisher,Hopper-v4,1
226548,reward,2696,360.1877259634118,368.297,SF-P3O-NoFisher,Hopper-v4,1
226688,reward,2697,377.6790548142704,370.164,SF-P3O-NoFisher,Hopper-v4,1
226835,reward,2698,402.7634452631555,365.384,SF-P3O-NoFisher,Hopper-v4,1
226978,reward,2699,401.25533883512844,369.768,SF-P3O-NoFisher,Hopper-v4,1
227103,reward,2700,336.9657937023163,367.315,SF-P3O-NoFisher,Hopper-v4,1
227242,reward,2701,361.3267055115064,371.689,SF-P3O-NoFisher,Hopper-v4,1
227385,reward,2702,401.5663257400111,373.322,SF-P3O-NoFisher,Hopper-v4,1
227525,reward,2703,378.1560350995439,375.124,SF-P3O-NoFisher,Hopper-v4,1
227673,reward,2704,403.68757386762917,379.904,SF-P3O-NoFisher,Hopper-v4,1
227801,reward,2705,332.15282706594826,375.574,SF-P3O-NoFisher,Hopper-v4,1
227939,reward,2706,383.6052213477125,377.916,SF-P3O-NoFisher,Hopper-v4,1
228067,reward,2707,339.7035780110547,374.118,SF-P3O-NoFisher,Hopper-v4,1
228204,reward,2708,387.7004029669014,372.612,SF-P3O-NoFisher,Hopper-v4,1
228341,reward,2709,366.84118902087596,369.171,SF-P3O-NoFisher,Hopper-v4,1
228482,reward,2710,387.35511163835645,374.209,SF-P3O-NoFisher,Hopper-v4,1
228607,reward,2711,333.5998073246252,371.437,SF-P3O-NoFisher,Hopper-v4,1
228743,reward,2712,343.40251296515726,365.62,SF-P3O-NoFisher,Hopper-v4,1
228888,reward,2713,401.2620751799811,367.931,SF-P3O-NoFisher,Hopper-v4,1
229026,reward,2714,371.89899559189854,364.752,SF-P3O-NoFisher,Hopper-v4,1
229178,reward,2715,430.6327483163751,374.6,SF-P3O-NoFisher,Hopper-v4,1
229305,reward,2716,340.98394462750366,370.338,SF-P3O-NoFisher,Hopper-v4,1
229376,loss,-0.08000364899635315,0.4010433852672577,SF-P3O-NoFisher,Hopper-v4,1
229376,diagnostics,0.0,56.31,14.5543,0.034246,0.951293,0.4953,-1.0,SF-P3O-NoFisher,Hopper-v4,1
229439,reward,2717,368.1921304270014,373.187,SF-P3O-NoFisher,Hopper-v4,1
229571,reward,2718,363.2509960605599,370.742,SF-P3O-NoFisher,Hopper-v4,1
229702,reward,2719,348.63246117094184,368.921,SF-P3O-NoFisher,Hopper-v4,1
229845,reward,2720,383.92392908807227,368.578,SF-P3O-NoFisher,Hopper-v4,1
229964,reward,2721,310.52629410621176,366.271,SF-P3O-NoFisher,Hopper-v4,1
230000,speed,450.75,6.35,SF-P3O-NoFisher,Hopper-v4,1
230001,spectral,0.034246,0.951293,0.4953,SF-P3O-NoFisher,Hopper-v4,1
230097,reward,2722,363.80962386773746,368.311,SF-P3O-NoFisher,Hopper-v4,1
230236,reward,2723,389.9283182771897,367.178,SF-P3O-NoFisher,Hopper-v4,1
230367,reward,2724,353.04879421348835,365.293,SF-P3O-NoFisher,Hopper-v4,1
230513,reward,2725,406.5362112823369,362.883,SF-P3O-NoFisher,Hopper-v4,1
230641,reward,2726,359.8414075447444,364.769,SF-P3O-NoFisher,Hopper-v4,1
230779,reward,2727,392.63700168312255,367.214,SF-P3O-NoFisher,Hopper-v4,1
230912,reward,2728,363.54537334341177,367.243,SF-P3O-NoFisher,Hopper-v4,1
231049,reward,2729,378.83166524188175,370.263,SF-P3O-NoFisher,Hopper-v4,1
231189,reward,2730,388.3567755666009,370.706,SF-P3O-NoFisher,Hopper-v4,1
231313,reward,2731,335.43882803939647,373.197,SF-P3O-NoFisher,Hopper-v4,1
231452,reward,2732,381.8904482670204,375.005,SF-P3O-NoFisher,Hopper-v4,1
231582,reward,2733,357.62805413064785,371.775,SF-P3O-NoFisher,Hopper-v4,1
231713,reward,2734,341.54414533459374,370.625,SF-P3O-NoFisher,Hopper-v4,1
231842,reward,2735,349.6109090575875,364.932,SF-P3O-NoFisher,Hopper-v4,1
231967,reward,2736,336.64700943168526,362.613,SF-P3O-NoFisher,Hopper-v4,1
232100,reward,2737,368.641158552087,360.213,SF-P3O-NoFisher,Hopper-v4,1
232239,reward,2738,386.23274794541356,362.482,SF-P3O-NoFisher,Hopper-v4,1
232367,reward,2739,353.0806046802605,359.907,SF-P3O-NoFisher,Hopper-v4,1
232499,reward,2740,357.939951067283,356.865,SF-P3O-NoFisher,Hopper-v4,1
232642,reward,2741,394.64410435957785,362.786,SF-P3O-NoFisher,Hopper-v4,1
232774,reward,2742,374.743203047728,362.071,SF-P3O-NoFisher,Hopper-v4,1
232909,reward,2743,383.26574898177967,364.635,SF-P3O-NoFisher,Hopper-v4,1
233048,reward,2744,376.7685599458538,368.157,SF-P3O-NoFisher,Hopper-v4,1
233187,reward,2745,388.3076158045024,372.027,SF-P3O-NoFisher,Hopper-v4,1
233316,reward,2746,357.97055036520993,374.159,SF-P3O-NoFisher,Hopper-v4,1
233442,reward,2747,335.16678991402614,370.812,SF-P3O-NoFisher,Hopper-v4,1
233577,reward,2748,370.4633918195362,369.235,SF-P3O-NoFisher,Hopper-v4,1
233714,reward,2749,373.3378650488128,371.261,SF-P3O-NoFisher,Hopper-v4,1
233862,reward,2750,421.1065628495574,377.577,SF-P3O-NoFisher,Hopper-v4,1
234004,reward,2751,366.83055087253115,374.796,SF-P3O-NoFisher,Hopper-v4,1
234141,reward,2752,387.98281765121726,376.12,SF-P3O-NoFisher,Hopper-v4,1
234250,reward,2753,276.52145457608606,365.446,SF-P3O-NoFisher,Hopper-v4,1
234385,reward,2754,356.1551031002657,363.384,SF-P3O-NoFisher,Hopper-v4,1
234533,reward,2755,403.6222626292629,364.916,SF-P3O-NoFisher,Hopper-v4,1
234674,reward,2756,395.30266693903155,368.649,SF-P3O-NoFisher,Hopper-v4,1
234808,reward,2757,356.9501933905129,370.827,SF-P3O-NoFisher,Hopper-v4,1
234936,reward,2758,348.4094872639225,368.622,SF-P3O-NoFisher,Hopper-v4,1
235072,reward,2759,363.1151029607317,367.6,SF-P3O-NoFisher,Hopper-v4,1
235207,reward,2760,360.6235168190522,361.551,SF-P3O-NoFisher,Hopper-v4,1
235348,reward,2761,390.57445343652194,363.926,SF-P3O-NoFisher,Hopper-v4,1
235473,reward,2762,333.73552580762174,358.501,SF-P3O-NoFisher,Hopper-v4,1
235610,reward,2763,364.49162589442886,367.298,SF-P3O-NoFisher,Hopper-v4,1
235752,reward,2764,391.1643763075994,370.799,SF-P3O-NoFisher,Hopper-v4,1
235878,reward,2765,324.398436078843,362.877,SF-P3O-NoFisher,Hopper-v4,1
236012,reward,2766,371.6719163940613,360.513,SF-P3O-NoFisher,Hopper-v4,1
236150,reward,2767,381.62734407728857,362.981,SF-P3O-NoFisher,Hopper-v4,1
236285,reward,2768,369.75035125198644,365.115,SF-P3O-NoFisher,Hopper-v4,1
236430,reward,2769,394.53577969144186,368.257,SF-P3O-NoFisher,Hopper-v4,1
236568,reward,2770,382.7193982206653,370.467,SF-P3O-NoFisher,Hopper-v4,1
236702,reward,2771,351.3263434063577,366.542,SF-P3O-NoFisher,Hopper-v4,1
236837,reward,2772,363.78370777585457,369.547,SF-P3O-NoFisher,Hopper-v4,1
236975,reward,2773,380.00388477679616,371.098,SF-P3O-NoFisher,Hopper-v4,1
237067,reward,2774,210.0739692946688,352.989,SF-P3O-NoFisher,Hopper-v4,1
237208,reward,2775,387.89084144642436,359.338,SF-P3O-NoFisher,Hopper-v4,1
237344,reward,2776,382.4370948140223,360.415,SF-P3O-NoFisher,Hopper-v4,1
237476,reward,2777,356.85555424257797,357.938,SF-P3O-NoFisher,Hopper-v4,1
237568,loss,-0.047721944749355316,0.2774270176887512,SF-P3O-NoFisher,Hopper-v4,1
237607,reward,2778,356.8764083938195,356.65,SF-P3O-NoFisher,Hopper-v4,1
237744,reward,2779,373.1752469255236,354.514,SF-P3O-NoFisher,Hopper-v4,1
237872,reward,2780,361.5020261785481,352.393,SF-P3O-NoFisher,Hopper-v4,1
238005,reward,2781,355.4363379914722,352.804,SF-P3O-NoFisher,Hopper-v4,1
238146,reward,2782,392.2099531856451,355.646,SF-P3O-NoFisher,Hopper-v4,1
238280,reward,2783,372.8607254677823,354.932,SF-P3O-NoFisher,Hopper-v4,1
238414,reward,2784,368.71501121293295,370.796,SF-P3O-NoFisher,Hopper-v4,1
238555,reward,2785,389.5451550345004,370.961,SF-P3O-NoFisher,Hopper-v4,1
238701,reward,2786,406.9975731522448,373.417,SF-P3O-NoFisher,Hopper-v4,1
238842,reward,2787,375.1626260352479,375.248,SF-P3O-NoFisher,Hopper-v4,1
238976,reward,2788,371.5999239135037,376.72,SF-P3O-NoFisher,Hopper-v4,1
239111,reward,2789,380.31634225960664,377.435,SF-P3O-NoFisher,Hopper-v4,1
239223,reward,2790,296.399405116395,370.924,SF-P3O-NoFisher,Hopper-v4,1
239355,reward,2791,371.4131172803285,372.522,SF-P3O-NoFisher,Hopper-v4,1
239492,reward,2792,396.1408233468001,372.915,SF-P3O-NoFisher,Hopper-v4,1
239620,reward,2793,343.76831202894533,370.006,SF-P3O-NoFisher,Hopper-v4,1
239766,reward,2794,393.2136430755551,372.456,SF-P3O-NoFisher,Hopper-v4,1
239900,reward,2795,362.75984319046074,369.777,SF-P3O-NoFisher,Hopper-v4,1
240000,speed,674.7,6.6,SF-P3O-NoFisher,Hopper-v4,1
240001,spectral,0.035145,0.951769,0.5677,SF-P3O-NoFisher,Hopper-v4,1
240037,reward,2796,389.65796274272645,368.043,SF-P3O-NoFisher,Hopper-v4,1
240170,reward,2797,355.0535131162318,366.032,SF-P3O-NoFisher,Hopper-v4,1
240294,reward,2798,344.40725577369324,363.313,SF-P3O-NoFisher,Hopper-v4,1
240421,reward,2799,333.07902641437516,358.589,SF-P3O-NoFisher,Hopper-v4,1
240559,reward,2800,388.1435885682972,367.764,SF-P3O-NoFisher,Hopper-v4,1
240696,reward,2801,373.16798124560154,367.939,SF-P3O-NoFisher,Hopper-v4,1
240836,reward,2802,388.26712286339193,367.152,SF-P3O-NoFisher,Hopper-v4,1
240967,reward,2803,361.4959033000745,368.925,SF-P3O-NoFisher,Hopper-v4,1
241098,reward,2804,362.01072432367386,365.804,SF-P3O-NoFisher,Hopper-v4,1
241237,reward,2805,392.08214639627226,368.737,SF-P3O-NoFisher,Hopper-v4,1
241368,reward,2806,369.54762278092784,366.725,SF-P3O-NoFisher,Hopper-v4,1
241502,reward,2807,361.4015806164672,367.36,SF-P3O-NoFisher,Hopper-v4,1
241638,reward,2808,366.09421903766975,369.529,SF-P3O-NoFisher,Hopper-v4,1
241759,reward,2809,314.6338702806379,367.684,SF-P3O-NoFisher,Hopper-v4,1
241890,reward,2810,336.6847230564937,362.539,SF-P3O-NoFisher,Hopper-v4,1
242030,reward,2811,398.6498959616792,365.087,SF-P3O-NoFisher,Hopper-v4,1
242165,reward,2812,374.8567644925349,363.746,SF-P3O-NoFisher,Hopper-v4,1
242293,reward,2813,350.3069595551801,362.627,SF-P3O-NoFisher,Hopper-v4,1
242429,reward,2814,385.76167316349216,365.002,SF-P3O-NoFisher,Hopper-v4,1
242561,reward,2815,337.31154416256555,359.525,SF-P3O-NoFisher,Hopper-v4,1
242684,reward,2816,330.13748587100076,355.584,SF-P3O-NoFisher,Hopper-v4,1
242808,reward,2817,324.8375378779089,351.927,SF-P3O-NoFisher,Hopper-v4,1
242939,reward,2818,349.67791449970485,350.286,SF-P3O-NoFisher,Hopper-v4,1
243078,reward,2819,379.3661834113191,356.759,SF-P3O-NoFisher,Hopper-v4,1
243219,reward,2820,371.42613961302993,360.233,SF-P3O-NoFisher,Hopper-v4,1
243355,reward,2821,378.7460324510435,358.243,SF-P3O-NoFisher,Hopper-v4,1
243488,reward,2822,358.35336573175783,356.592,SF-P3O-NoFisher,Hopper-v4,1
243627,reward,2823,366.12674790617865,358.174,SF-P3O-NoFisher,Hopper-v4,1
243765,reward,2824,382.3084608113613,357.829,SF-P3O-NoFisher,Hopper-v4,1
243902,reward,2825,366.9616075888722,360.794,SF-P3O-NoFisher,Hopper-v4,1
244021,reward,2826,316.1473682960782,359.395,SF-P3O-NoFisher,Hopper-v4,1
244167,reward,2827,408.87203517794717,367.799,SF-P3O-NoFisher,Hopper-v4,1
244290,reward,2828,338.5902080558059,366.69,SF-P3O-NoFisher,Hopper-v4,1
244410,reward,2829,316.72406310139,360.426,SF-P3O-NoFisher,Hopper-v4,1
244550,reward,2830,394.52870255720217,362.736,SF-P3O-NoFisher,Hopper-v4,1
244674,reward,2831,335.1001571019389,358.371,SF-P3O-NoFisher,Hopper-v4,1
244811,reward,2832,373.5264948418665,359.889,SF-P3O-NoFisher,Hopper-v4,1
244950,reward,2833,375.8368576708657,360.86,SF-P3O-NoFisher,Hopper-v4,1
245090,reward,2834,391.5102627806071,361.78,SF-P3O-NoFisher,Hopper-v4,1
245226,reward,2835,373.45307801275163,362.429,SF-P3O-NoFisher,Hopper-v4,1
245368,reward,2836,395.0512100711769,370.319,SF-P3O-NoFisher,Hopper-v4,1
245502,reward,2837,371.8552922116863,366.618,SF-P3O-NoFisher,Hopper-v4,1
245654,reward,2838,430.9116885614291,375.85,SF-P3O-NoFisher,Hopper-v4,1
245760,loss,0.0010759234428405762,0.5199164748191833,SF-P3O-NoFisher,Hopper-v4,1
245760,diagnostics,0.0,56.5,21.0754,0.036015,0.951339,0.5273,-1.0,SF-P3O-NoFisher,Hopper-v4,1
245799,reward,2839,400.34766573822185,384.212,SF-P3O-NoFisher,Hopper-v4,1
245959,reward,2840,469.86141905481367,391.745,SF-P3O-NoFisher,Hopper-v4,1
246091,reward,2841,362.46150118163,394.482,SF-P3O-NoFisher,Hopper-v4,1
246228,reward,2842,384.9500790780095,395.624,SF-P3O-NoFisher,Hopper-v4,1
246357,reward,2843,343.7719139328244,392.417,SF-P3O-NoFisher,Hopper-v4,1
246498,reward,2844,383.3670180769928,391.603,SF-P3O-NoFisher,Hopper-v4,1
246633,reward,2845,366.64296701472944,390.922,SF-P3O-NoFisher,Hopper-v4,1
246770,reward,2846,383.4048184181385,389.757,SF-P3O-NoFisher,Hopper-v4,1
246902,reward,2847,352.92298963615417,387.864,SF-P3O-NoFisher,Hopper-v4,1
247048,reward,2848,409.0340728358537,385.676,SF-P3O-NoFisher,Hopper-v4,1
247176,reward,2849,337.1123272685113,379.353,SF-P3O-NoFisher,Hopper-v4,1
247303,reward,2850,339.4676552119068,366.314,SF-P3O-NoFisher,Hopper-v4,1
247438,reward,2851,347.52990028802344,364.82,SF-P3O-NoFisher,Hopper-v4,1
247568,reward,2852,351.5844020386363,361.484,SF-P3O-NoFisher,Hopper-v4,1
247697,reward,2853,341.5416177381961,361.261,SF-P3O-NoFisher,Hopper-v4,1
247837,reward,2854,378.9093913983531,360.815,SF-P3O-NoFisher,Hopper-v4,1
247977,reward,2855,396.8869009434395,363.839,SF-P3O-NoFisher,Hopper-v4,1
248128,reward,2856,427.3189633766691,368.231,SF-P3O-NoFisher,Hopper-v4,1
248261,reward,2857,372.43349457013466,370.182,SF-P3O-NoFisher,Hopper-v4,1
248380,reward,2858,322.2668765428929,361.505,SF-P3O-NoFisher,Hopper-v4,1
248512,reward,2859,370.20262624990164,364.814,SF-P3O-NoFisher,Hopper-v4,1
248641,reward,2860,355.87579485202775,366.455,SF-P3O-NoFisher,Hopper-v4,1
248803,reward,2861,460.38593344909305,377.741,SF-P3O-NoFisher,Hopper-v4,1
248940,reward,2862,359.84591460710595,378.567,SF-P3O-NoFisher,Hopper-v4,1
249075,reward,2863,370.7570700254973,381.488,SF-P3O-NoFisher,Hopper-v4,1
249206,reward,2864,353.7164919278829,378.969,SF-P3O-NoFisher,Hopper-v4,1
249344,reward,2865,384.54112113718185,377.734,SF-P3O-NoFisher,Hopper-v4,1
249467,reward,2866,325.75497468806225,367.578,SF-P3O-NoFisher,Hopper-v4,1
249607,reward,2867,391.9496229369096,369.53,SF-P3O-NoFisher,Hopper-v4,1
249742,reward,2868,364.180915957702,373.721,SF-P3O-NoFisher,Hopper-v4,1
249865,reward,2869,323.7955902951643,369.08,SF-P3O-NoFisher,Hopper-v4,1
250000,speed,674.75,6.84,SF-P3O-NoFisher,Hopper-v4,1
250001,spectral,0.036015,0.951339,0.5273,SF-P3O-NoFisher,Hopper-v4,1
250003,reward,2870,384.63485369916236,371.956,SF-P3O-NoFisher,Hopper-v4,1
250141,reward,2871,376.8265735759838,363.6,SF-P3O-NoFisher,Hopper-v4,1
250281,reward,2872,379.6623171626912,365.582,SF-P3O-NoFisher,Hopper-v4,1
250415,reward,2873,380.5179511908823,366.558,SF-P3O-NoFisher,Hopper-v4,1
250558,reward,2874,388.32392652444145,370.019,SF-P3O-NoFisher,Hopper-v4,1
250695,reward,2875,380.9024890512244,369.655,SF-P3O-NoFisher,Hopper-v4,1
250829,reward,2876,358.3550452037779,372.915,SF-P3O-NoFisher,Hopper-v4,1
250956,reward,2877,334.3062642577934,367.151,SF-P3O-NoFisher,Hopper-v4,1
251093,reward,2878,379.626952155292,368.695,SF-P3O-NoFisher,Hopper-v4,1
251233,reward,2879,375.54662119302066,373.87,SF-P3O-NoFisher,Hopper-v4,1
251370,reward,2880,371.5818215426308,372.565,SF-P3O-NoFisher,Hopper-v4,1
251510,reward,2881,368.5722822186168,371.74,SF-P3O-NoFisher,Hopper-v4,1
251660,reward,2882,410.9583480983373,374.869,SF-P3O-NoFisher,Hopper-v4,1
251795,reward,2883,362.7605734214672,373.093,SF-P3O-NoFisher,Hopper-v4,1
251931,reward,2884,369.2124195908286,371.182,SF-P3O-NoFisher,Hopper-v4,1
252046,reward,2885,288.62773503105535,361.955,SF-P3O-NoFisher,Hopper-v4,1
252201,reward,2886,447.3209837749862,370.851,SF-P3O-NoFisher,Hopper-v4,1
252325,reward,2887,335.8910709807609,371.01,SF-P3O-NoFisher,Hopper-v4,1
252448,reward,2888,325.92354150095684,365.64,SF-P3O-NoFisher,Hopper-v4,1
252590,reward,2889,397.1565871414856,367.801,SF-P3O-NoFisher,Hopper-v4,1
252718,reward,2890,343.96926469684246,365.039,SF-P3O-NoFisher,Hopper-v4,1
252840,reward,2891,334.77413937386535,361.659,SF-P3O-NoFisher,Hopper-v4,1
252967,reward,2892,341.98524797540244,354.762,SF-P3O-NoFisher,Hopper-v4,1
253104,reward,2893,360.78305455848755,354.564,SF-P3O-NoFisher,Hopper-v4,1
253230,reward,2894,345.678320698824,352.211,SF-P3O-NoFisher,Hopper-v4,1
253356,reward,2895,332.81474876029864,356.63,SF-P3O-NoFisher,Hopper-v4,1
253489,reward,2896,367.0494502822924,348.603,SF-P3O-NoFisher,Hopper-v4,1
253623,reward,2897,350.1371843878036,350.027,SF-P3O-NoFisher,Hopper-v4,1
253772,reward,2898,406.00947466069437,358.036,SF-P3O-NoFisher,Hopper-v4,1
253922,reward,2899,404.3646534445396,358.757,SF-P3O-NoFisher,Hopper-v4,1
253952,loss,-0.07335621863603592,0.39623215794563293,SF-P3O-NoFisher,Hopper-v4,1
254062,reward,2900,386.25366967460076,362.985,SF-P3O-NoFisher,Hopper-v4,1
254202,reward,2901,397.0149540214988,369.209,SF-P3O-NoFisher,Hopper-v4,1
254327,reward,2902,335.2883860514702,368.539,SF-P3O-NoFisher,Hopper-v4,1
254460,reward,2903,369.4512815552897,369.406,SF-P3O-NoFisher,Hopper-v4,1
254589,reward,2904,357.149817542864,370.553,SF-P3O-NoFisher,Hopper-v4,1
254718,reward,2905,356.3822818395229,372.91,SF-P3O-NoFisher,Hopper-v4,1
254861,reward,2906,400.0869172491082,376.214,SF-P3O-NoFisher,Hopper-v4,1
255003,reward,2907,388.22427103028133,380.023,SF-P3O-NoFisher,Hopper-v4,1
255119,reward,2908,296.02199726774404,369.024,SF-P3O-NoFisher,Hopper-v4,1
255246,reward,2909,339.64112135594155,362.551,SF-P3O-NoFisher,Hopper-v4,1
255380,reward,2910,371.76283901760803,361.102,SF-P3O-NoFisher,Hopper-v4,1
255506,reward,2911,353.0802764399133,356.709,SF-P3O-NoFisher,Hopper-v4,1
255639,reward,2912,357.7778273758505,358.958,SF-P3O-NoFisher,Hopper-v4,1
255770,reward,2913,347.4352457887062,356.756,SF-P3O-NoFisher,Hopper-v4,1
255914,reward,2914,410.5740479374818,362.099,SF-P3O-NoFisher,Hopper-v4,1
256050,reward,2915,366.045469658474,363.065,SF-P3O-NoFisher,Hopper-v4,1
256165,reward,2916,299.0896418590399,352.965,SF-P3O-NoFisher,Hopper-v4,1
256307,reward,2917,393.46838288455876,353.49,SF-P3O-NoFisher,Hopper-v4,1
256435,reward,2918,343.64831397337156,358.252,SF-P3O-NoFisher,Hopper-v4,1
256569,reward,2919,369.8560107589235,361.274,SF-P3O-NoFisher,Hopper-v4,1
256703,reward,2920,365.51546895857217,360.649,SF-P3O-NoFisher,Hopper-v4,1
256842,reward,2921,383.64692412550994,363.706,SF-P3O-NoFisher,Hopper-v4,1
256974,reward,2922,362.49740670270677,364.178,SF-P3O-NoFisher,Hopper-v4,1
257103,reward,2923,347.51441375349947,364.186,SF-P3O-NoFisher,Hopper-v4,1
257233,reward,2924,347.8650976976861,357.915,SF-P3O-NoFisher,Hopper-v4,1
257363,reward,2925,342.852756799547,355.595,SF-P3O-NoFisher,Hopper-v4,1
257502,reward,2926,381.2685881174288,363.813,SF-P3O-NoFisher,Hopper-v4,1
257645,reward,2927,398.4899023998542,364.315,SF-P3O-NoFisher,Hopper-v4,1
257783,reward,2928,389.91166583288265,368.942,SF-P3O-NoFisher,Hopper-v4,1
257926,reward,2929,388.87529721567057,370.844,SF-P3O-NoFisher,Hopper-v4,1
258069,reward,2930,393.7547843341512,373.668,SF-P3O-NoFisher,Hopper-v4,1
258215,reward,2931,412.5220958501382,376.555,SF-P3O-NoFisher,Hopper-v4,1
258334,reward,2932,317.7744649924857,372.083,SF-P3O-NoFisher,Hopper-v4,1
258470,reward,2933,382.3372800027929,375.565,SF-P3O-NoFisher,Hopper-v4,1
258608,reward,2934,381.3837636940463,378.917,SF-P3O-NoFisher,Hopper-v4,1
258753,reward,2935,413.7796426298773,386.01,SF-P3O-NoFisher,Hopper-v4,1
258883,reward,2936,339.87691292385904,381.871,SF-P3O-NoFisher,Hopper-v4,1
259017,reward,2937,363.4693186475966,378.369,SF-P3O-NoFisher,Hopper-v4,1
259133,reward,2938,297.7570734510282,369.153,SF-P3O-NoFisher,Hopper-v4,1
259277,reward,2939,399.86574065100535,370.252,SF-P3O-NoFisher,Hopper-v4,1
259408,reward,2940,352.7111738953785,366.148,SF-P3O-NoFisher,Hopper-v4,1
259550,reward,2941,396.2240694895506,364.518,SF-P3O-NoFisher,Hopper-v4,1
259675,reward,2942,334.64696359264644,366.205,SF-P3O-NoFisher,Hopper-v4,1
259818,reward,2943,402.9054619957167,368.262,SF-P3O-NoFisher,Hopper-v4,1
259962,reward,2944,405.76669154687073,370.7,SF-P3O-NoFisher,Hopper-v4,1
260000,speed,669.98,7.09,SF-P3O-NoFisher,Hopper-v4,1
260001,spectral,0.03675,0.950133,0.5028,SF-P3O-NoFisher,Hopper-v4,1
260089,reward,2945,345.62184881332763,363.885,SF-P3O-NoFisher,Hopper-v4,1
260218,reward,2946,349.9066601268879,364.888,SF-P3O-NoFisher,Hopper-v4,1
260354,reward,2947,366.3770236763441,365.178,SF-P3O-NoFisher,Hopper-v4,1
260445,reward,2948,204.99228000028975,355.902,SF-P3O-NoFisher,Hopper-v4,1
260580,reward,2949,357.5532172093676,351.671,SF-P3O-NoFisher,Hopper-v4,1
260699,reward,2950,314.8010525145357,347.88,SF-P3O-NoFisher,Hopper-v4,1
260828,reward,2951,350.25532462146833,343.283,SF-P3O-NoFisher,Hopper-v4,1
260957,reward,2952,334.72071702298905,343.29,SF-P3O-NoFisher,Hopper-v4,1
261098,reward,2953,395.1464684032963,342.514,SF-P3O-NoFisher,Hopper-v4,1
261225,reward,2954,343.4463443775842,336.282,SF-P3O-NoFisher,Hopper-v4,1
261358,reward,2955,358.30330912055604,337.55,SF-P3O-NoFisher,Hopper-v4,1
261494,reward,2956,365.45098862793503,339.105,SF-P3O-NoFisher,Hopper-v4,1
261637,reward,2957,398.26882388365283,342.294,SF-P3O-NoFisher,Hopper-v4,1
261771,reward,2958,361.60071191963095,357.955,SF-P3O-NoFisher,Hopper-v4,1
261890,reward,2959,304.39223479035263,352.639,SF-P3O-NoFisher,Hopper-v4,1
262033,reward,2960,397.252582028701,360.884,SF-P3O-NoFisher,Hopper-v4,1
262144,loss,-0.040527429431676865,0.5638260245323181,SF-P3O-NoFisher,Hopper-v4,1
262144,diagnostics,0.0,56.69,25.3254,0.037298,0.9488,0.499,-1.0,SF-P3O-NoFisher,Hopper-v4,1
262154,reward,2961,322.4555816598323,358.104,SF-P3O-NoFisher,Hopper-v4,1
262282,reward,2962,344.0897029399513,359.041,SF-P3O-NoFisher,Hopper-v4,1
262410,reward,2963,343.86031179737347,353.912,SF-P3O-NoFisher,Hopper-v4,1
262538,reward,2964,339.9561843183061,353.563,SF-P3O-NoFisher,Hopper-v4,1
262673,reward,2965,373.29633649135485,355.062,SF-P3O-NoFisher,Hopper-v4,1
262813,reward,2966,385.34766191025824,357.052,SF-P3O-NoFisher,Hopper-v4,1
262945,reward,2967,350.9395188939233,352.319,SF-P3O-NoFisher,Hopper-v4,1
263078,reward,2968,356.8462349454524,351.844,SF-P3O-NoFisher,Hopper-v4,1
263217,reward,2969,388.19096685862496,360.224,SF-P3O-NoFisher,Hopper-v4,1
263354,reward,2970,375.821063294695,358.08,SF-P3O-NoFisher,Hopper-v4,1
263482,reward,2971,350.0526535869975,360.84,SF-P3O-NoFisher,Hopper-v4,1
263620,reward,2972,375.8463385282679,364.016,SF-P3O-NoFisher,Hopper-v4,1
263753,reward,2973,364.0187270408868,366.032,SF-P3O-NoFisher,Hopper-v4,1
263894,reward,2974,394.1164635088816,371.448,SF-P3O-NoFisher,Hopper-v4,1
264028,reward,2975,372.7708953817843,371.395,SF-P3O-NoFisher,Hopper-v4,1
264167,reward,2976,391.6825919376198,372.029,SF-P3O-NoFisher,Hopper-v4,1
264308,reward,2977,386.3856553468185,375.573,SF-P3O-NoFisher,Hopper-v4,1
264439,reward,2978,366.25487349730616,376.514,SF-P3O-NoFisher,Hopper-v4,1
264579,reward,2979,379.33480219348706,375.628,SF-P3O-NoFisher,Hopper-v4,1
264717,reward,2980,370.1999857193368,375.066,SF-P3O-NoFisher,Hopper-v4,1
264849,reward,2981,364.3422643023643,376.495,SF-P3O-NoFisher,Hopper-v4,1
264979,reward,2982,365.23081610466835,375.434,SF-P3O-NoFisher,Hopper-v4,1
265111,reward,2983,361.68789301376506,375.201,SF-P3O-NoFisher,Hopper-v4,1
265244,reward,2984,366.4003554311237,372.429,SF-P3O-NoFisher,Hopper-v4,1
265379,reward,2985,364.8597402501611,371.638,SF-P3O-NoFisher,Hopper-v4,1
265527,reward,2986,411.3789482424249,373.608,SF-P3O-NoFisher,Hopper-v4,1
265665,reward,2987,383.06087539288825,373.275,SF-P3O-NoFisher,Hopper-v4,1
265797,reward,2988,364.2124378090808,373.071,SF-P3O-NoFisher,Hopper-v4,1
265926,reward,2989,354.8378264440807,370.621,SF-P3O-NoFisher,Hopper-v4,1
266052,reward,2990,347.4107591933647,368.342,SF-P3O-NoFisher,Hopper-v4,1
266192,reward,2991,391.29088047666954,371.037,SF-P3O-NoFisher,Hopper-v4,1
266321,reward,2992,359.08230668767493,370.422,SF-P3O-NoFisher,Hopper-v4,1
266453,reward,2993,370.97575113659457,371.351,SF-P3O-NoFisher,Hopper-v4,1
266580,reward,2994,333.3356445807348,368.045,SF-P3O-NoFisher,Hopper-v4,1
266713,reward,2995,362.23979342966413,367.783,SF-P3O-NoFisher,Hopper-v4,1
266854,reward,2996,395.7542474843839,366.22,SF-P3O-NoFisher,Hopper-v4,1
266983,reward,2997,359.3749394217569,363.851,SF-P3O-NoFisher,Hopper-v4,1
267106,reward,2998,328.9194261478692,360.322,SF-P3O-NoFisher,Hopper-v4,1
267243,reward,2999,372.68312691471596,362.107,SF-P3O-NoFisher,Hopper-v4,1
267379,reward,3000,374.32942349999394,364.799,SF-P3O-NoFisher,Hopper-v4,1
267508,reward,3001,350.2604950884799,360.696,SF-P3O-NoFisher,Hopper-v4,1
267638,reward,3002,356.214877985374,360.409,SF-P3O-NoFisher,Hopper-v4,1
267777,reward,3003,389.5159919874243,362.263,SF-P3O-NoFisher,Hopper-v4,1
267913,reward,3004,375.34587824181983,366.464,SF-P3O-NoFisher,Hopper-v4,1
268049,reward,3005,382.23838984221385,368.464,SF-P3O-NoFisher,Hopper-v4,1
268196,reward,3006,416.13252033272863,370.502,SF-P3O-NoFisher,Hopper-v4,1
268319,reward,3007,332.7333793483472,367.837,SF-P3O-NoFisher,Hopper-v4,1
268463,reward,3008,418.1265794438476,376.758,SF-P3O-NoFisher,Hopper-v4,1
268588,reward,3009,340.4709537674653,373.537,SF-P3O-NoFisher,Hopper-v4,1
268715,reward,3010,346.12141601798,370.716,SF-P3O-NoFisher,Hopper-v4,1
268861,reward,3011,409.6130291740348,376.651,SF-P3O-NoFisher,Hopper-v4,1
268994,reward,3012,368.73205016918615,377.903,SF-P3O-NoFisher,Hopper-v4,1
269134,reward,3013,392.7644470824426,378.228,SF-P3O-NoFisher,Hopper-v4,1
269270,reward,3014,388.39015433140435,379.532,SF-P3O-NoFisher,Hopper-v4,1
269405,reward,3015,376.66362280464915,378.975,SF-P3O-NoFisher,Hopper-v4,1
269530,reward,3016,335.6673966207884,370.928,SF-P3O-NoFisher,Hopper-v4,1
269666,reward,3017,388.18965962056825,376.474,SF-P3O-NoFisher,Hopper-v4,1
269797,reward,3018,359.1377847658098,370.575,SF-P3O-NoFisher,Hopper-v4,1
269929,reward,3019,365.72844748640017,373.101,SF-P3O-NoFisher,Hopper-v4,1
270000,speed,666.55,7.34,SF-P3O-NoFisher,Hopper-v4,1
270001,spectral,0.037298,0.9488,0.499,SF-P3O-NoFisher,Hopper-v4,1
270072,reward,3020,394.96667153181545,377.985,SF-P3O-NoFisher,Hopper-v4,1
270211,reward,3021,387.97062407063845,375.821,SF-P3O-NoFisher,Hopper-v4,1
270336,loss,-0.021263286471366882,0.43036872148513794,SF-P3O-NoFisher,Hopper-v4,1
270342,reward,3022,367.03818956932804,375.652,SF-P3O-NoFisher,Hopper-v4,1
270473,reward,3023,359.58348183915905,372.334,SF-P3O-NoFisher,Hopper-v4,1
270605,reward,3024,359.99099381918825,369.494,SF-P3O-NoFisher,Hopper-v4,1
270739,reward,3025,375.31914832085903,369.359,SF-P3O-NoFisher,Hopper-v4,1
270885,reward,3026,405.6394354742782,376.356,SF-P3O-NoFisher,Hopper-v4,1
271015,reward,3027,354.1522996788233,372.953,SF-P3O-NoFisher,Hopper-v4,1
271143,reward,3028,344.71710474210823,371.511,SF-P3O-NoFisher,Hopper-v4,1
271278,reward,3029,380.17992684591104,372.956,SF-P3O-NoFisher,Hopper-v4,1
271408,reward,3030,359.10346304578195,369.369,SF-P3O-NoFisher,Hopper-v4,1
271545,reward,3031,380.73410505750417,368.646,SF-P3O-NoFisher,Hopper-v4,1
271676,reward,3032,365.2682616412093,368.469,SF-P3O-NoFisher,Hopper-v4,1
271815,reward,3033,397.7009624075851,372.281,SF-P3O-NoFisher,Hopper-v4,1
271939,reward,3034,335.79496635382833,369.861,SF-P3O-NoFisher,Hopper-v4,1
272076,reward,3035,378.76914751835295,370.206,SF-P3O-NoFisher,Hopper-v4,1
272215,reward,3036,376.9353416070771,367.336,SF-P3O-NoFisher,Hopper-v4,1
272351,reward,3037,381.84366783786834,370.105,SF-P3O-NoFisher,Hopper-v4,1
272499,reward,3038,423.750009274776,378.008,SF-P3O-NoFisher,Hopper-v4,1
272608,reward,3039,290.35112068457425,369.025,SF-P3O-NoFisher,Hopper-v4,1
272746,reward,3040,382.56055433679643,371.371,SF-P3O-NoFisher,Hopper-v4,1
272879,reward,3041,360.0534374330528,369.303,SF-P3O-NoFisher,Hopper-v4,1
273016,reward,3042,387.85445331351576,371.561,SF-P3O-NoFisher,Hopper-v4,1
273151,reward,3043,376.5624116169626,369.448,SF-P3O-NoFisher,Hopper-v4,1
273294,reward,3044,402.2733639580546,376.095,SF-P3O-NoFisher,Hopper-v4,1
273431,reward,3045,395.8257220218642,377.801,SF-P3O-NoFisher,Hopper-v4,1
273548,reward,3046,305.8222148771873,370.69,SF-P3O-NoFisher,Hopper-v4,1
273685,reward,3047,382.08338809680464,370.714,SF-P3O-NoFisher,Hopper-v4,1
273811,reward,3048,349.7521793497558,363.314,SF-P3O-NoFisher,Hopper-v4,1
273945,reward,3049,373.36332247624125,371.615,SF-P3O-NoFisher,Hopper-v4,1
274077,reward,3050,368.1568703334576,370.175,SF-P3O-NoFisher,Hopper-v4,1
274202,reward,3051,337.522404301835,367.922,SF-P3O-NoFisher,Hopper-v4,1
274328,reward,3052,338.3329762378852,362.969,SF-P3O-NoFisher,Hopper-v4,1
274462,reward,3053,368.54494009503634,362.168,SF-P3O-NoFisher,Hopper-v4,1
274600,reward,3054,385.3748013004006,360.478,SF-P3O-NoFisher,Hopper-v4,1
274722,reward,3055,332.2665636067321,354.122,SF-P3O-NoFisher,Hopper-v4,1
274854,reward,3056,369.8776227401951,360.528,SF-P3O-NoFisher,Hopper-v4,1
274980,reward,3057,350.9984901046285,357.419,SF-P3O-NoFisher,Hopper-v4,1
275102,reward,3058,329.04090739971747,355.348,SF-P3O-NoFisher,Hopper-v4,1
275241,reward,3059,384.6406777244503,356.476,SF-P3O-NoFisher,Hopper-v4,1
275377,reward,3060,372.4864660350362,356.909,SF-P3O-NoFisher,Hopper-v4,1
275540,reward,3061,475.2301601799359,370.679,SF-P3O-NoFisher,Hopper-v4,1
275674,reward,3062,363.6642790043761,373.212,SF-P3O-NoFisher,Hopper-v4,1
275798,reward,3063,321.2297299016646,368.481,SF-P3O-NoFisher,Hopper-v4,1
275928,reward,3064,350.9508574435828,365.039,SF-P3O-NoFisher,Hopper-v4,1
276054,reward,3065,353.73212568109693,367.185,SF-P3O-NoFisher,Hopper-v4,1
276188,reward,3066,372.57788015374143,367.455,SF-P3O-NoFisher,Hopper-v4,1
276314,reward,3067,337.92458808213905,366.148,SF-P3O-NoFisher,Hopper-v4,1
276448,reward,3068,373.6868066190476,370.612,SF-P3O-NoFisher,Hopper-v4,1
276577,reward,3069,352.6487114052909,367.413,SF-P3O-NoFisher,Hopper-v4,1
276713,reward,3070,375.7569953738442,367.74,SF-P3O-NoFisher,Hopper-v4,1
276846,reward,3071,345.6321185773729,354.78,SF-P3O-NoFisher,Hopper-v4,1
276978,reward,3072,365.5326714673184,354.967,SF-P3O-NoFisher,Hopper-v4,1
277113,reward,3073,377.9712912769941,360.641,SF-P3O-NoFisher,Hopper-v4,1
277249,reward,3074,375.1807541023373,363.064,SF-P3O-NoFisher,Hopper-v4,1
277387,reward,3075,375.7109738810911,365.262,SF-P3O-NoFisher,Hopper-v4,1
277520,reward,3076,363.7560784793158,364.38,SF-P3O-NoFisher,Hopper-v4,1
277656,reward,3077,381.27398758584803,368.715,SF-P3O-NoFisher,Hopper-v4,1
277788,reward,3078,372.06397784749487,368.553,SF-P3O-NoFisher,Hopper-v4,1
277916,reward,3079,339.08502611494447,367.196,SF-P3O-NoFisher,Hopper-v4,1
278048,reward,3080,365.94927008737034,366.216,SF-P3O-NoFisher,Hopper-v4,1
278177,reward,3081,353.8038205167602,367.033,SF-P3O-NoFisher,Hopper-v4,1
278316,reward,3082,396.66619341117735,370.146,SF-P3O-NoFisher,Hopper-v4,1
278446,reward,3083,366.10841321749814,368.96,SF-P3O-NoFisher,Hopper-v4,1
278528,loss,-0.0009220428764820099,0.865510106086731,SF-P3O-NoFisher,Hopper-v4,1
278528,diagnostics,0.0,56.9,52.362,0.038967,0.9495,0.4844,-1.0,SF-P3O-NoFisher,Hopper-v4,1
278553,reward,3084,269.69449231671217,358.411,SF-P3O-NoFisher,Hopper-v4,1
278694,reward,3085,396.5240011949359,360.493,SF-P3O-NoFisher,Hopper-v4,1
278828,reward,3086,376.6065256807376,361.778,SF-P3O-NoFisher,Hopper-v4,1
278969,reward,3087,389.0986048813422,362.56,SF-P3O-NoFisher,Hopper-v4,1
279094,reward,3088,333.38198634975566,358.692,SF-P3O-NoFisher,Hopper-v4,1
279227,reward,3089,369.5920485856349,361.743,SF-P3O-NoFisher,Hopper-v4,1
279365,reward,3090,396.26398288722766,364.774,SF-P3O-NoFisher,Hopper-v4,1
279505,reward,3091,396.13433352229737,369.007,SF-P3O-NoFisher,Hopper-v4,1
279644,reward,3092,382.4895546071258,367.589,SF-P3O-NoFisher,Hopper-v4,1
279797,reward,3093,445.35185333118505,375.514,SF-P3O-NoFisher,Hopper-v4,1
279935,reward,3094,384.8016171582673,387.024,SF-P3O-NoFisher,Hopper-v4,1
280000,speed,454.09,7.71,SF-P3O-NoFisher,Hopper-v4,1
280001,spectral,0.038967,0.9495,0.4844,SF-P3O-NoFisher,Hopper-v4,1
280065,reward,3095,361.9183737180714,383.564,SF-P3O-NoFisher,Hopper-v4,1
280202,reward,3096,386.17738849181444,384.521,SF-P3O-NoFisher,Hopper-v4,1
280327,reward,3097,323.6643108374331,377.978,SF-P3O-NoFisher,Hopper-v4,1
280449,reward,3098,334.9320672364309,378.133,SF-P3O-NoFisher,Hopper-v4,1
280586,reward,3099,393.35457980722543,380.509,SF-P3O-NoFisher,Hopper-v4,1
280716,reward,3100,368.91423852400845,377.774,SF-P3O-NoFisher,Hopper-v4,1
280844,reward,3101,336.0839944886175,371.769,SF-P3O-NoFisher,Hopper-v4,1
280982,reward,3102,392.7912773430151,372.799,SF-P3O-NoFisher,Hopper-v4,1
281116,reward,3103,375.2225785546395,365.786,SF-P3O-NoFisher,Hopper-v4,1
281251,reward,3104,371.94202287288795,364.5,SF-P3O-NoFisher,Hopper-v4,1
281387,reward,3105,366.02197181059324,364.91,SF-P3O-NoFisher,Hopper-v4,1
281524,reward,3106,383.5038256115749,364.643,SF-P3O-NoFisher,Hopper-v4,1
281661,reward,3107,385.29502238053186,370.806,SF-P3O-NoFisher,Hopper-v4,1
281781,reward,3108,326.1077457701505,369.924,SF-P3O-NoFisher,Hopper-v4,1
281907,reward,3109,346.7359587497082,365.262,SF-P3O-NoFisher,Hopper-v4,1
282040,reward,3110,361.45901045346136,364.516,SF-P3O-NoFisher,Hopper-v4,1
282177,reward,3111,371.48493674237034,368.056,SF-P3O-NoFisher,Hopper-v4,1
282308,reward,3112,361.6519316106678,364.943,SF-P3O-NoFisher,Hopper-v4,1
282437,reward,3113,347.26108143348955,362.146,SF-P3O-NoFisher,Hopper-v4,1
282570,reward,3114,366.01731956879854,361.554,SF-P3O-NoFisher,Hopper-v4,1
282700,reward,3115,356.6178384426097,360.613,SF-P3O-NoFisher,Hopper-v4,1
282834,reward,3116,379.7127205487944,360.234,SF-P3O-NoFisher,Hopper-v4,1
282958,reward,3117,334.97630491497904,355.202,SF-P3O-NoFisher,Hopper-v4,1
283088,reward,3118,359.26423088283224,358.518,SF-P3O-NoFisher,Hopper-v4,1
283215,reward,3119,352.58254729275365,359.103,SF-P3O-NoFisher,Hopper-v4,1
283355,reward,3120,380.0508207500667,360.962,SF-P3O-NoFisher,Hopper-v4,1
283488,reward,3121,360.21964798610344,359.835,SF-P3O-NoFisher,Hopper-v4,1
283628,reward,3122,400.61732263509157,363.732,SF-P3O-NoFisher,Hopper-v4,1
283761,reward,3123,364.30751351808175,365.437,SF-P3O-NoFisher,Hopper-v4,1
283892,reward,3124,369.9848859212285,365.833,SF-P3O-NoFisher,Hopper-v4,1
284025,reward,3125,363.82873998933036,366.554,SF-P3O-NoFisher,Hopper-v4,1
284159,reward,3126,378.5744785093732,366.441,SF-P3O-NoFisher,Hopper-v4,1
284294,reward,3127,376.2807315873465,370.571,SF-P3O-NoFisher,Hopper-v4,1
284438,reward,3128,412.9275524189803,375.937,SF-P3O-NoFisher,Hopper-v4,1
284572,reward,3129,362.75234568194384,376.954,SF-P3O-NoFisher,Hopper-v4,1
284695,reward,3130,334.2015045280471,372.369,SF-P3O-NoFisher,Hopper-v4,1
284864,reward,3131,500.9961908169833,386.447,SF-P3O-NoFisher,Hopper-v4,1
284999,reward,3132,368.90408326717954,383.276,SF-P3O-NoFisher,Hopper-v4,1
285133,reward,3133,345.8183179928955,381.427,SF-P3O-NoFisher,Hopper-v4,1
285265,reward,3134,357.5840554074696,380.187,SF-P3O-NoFisher,Hopper-v4,1
285401,reward,3135,377.04520613478996,381.508,SF-P3O-NoFisher,Hopper-v4,1
285538,reward,3136,383.07353970382695,381.958,SF-P3O-NoFisher,Hopper-v4,1
285668,reward,3137,345.1928133437894,378.85,SF-P3O-NoFisher,Hopper-v4,1
285792,reward,3138,333.5685822926762,370.914,SF-P3O-NoFisher,Hopper-v4,1
285950,reward,3139,463.3866062398902,380.977,SF-P3O-NoFisher,Hopper-v4,1
286074,reward,3140,347.3935048222052,382.296,SF-P3O-NoFisher,Hopper-v4,1
286200,reward,3141,340.8215089684206,366.279,SF-P3O-NoFisher,Hopper-v4,1
286322,reward,3142,339.97402141150747,363.386,SF-P3O-NoFisher,Hopper-v4,1
286459,reward,3143,385.2146722139323,367.325,SF-P3O-NoFisher,Hopper-v4,1
286591,reward,3144,371.7541501378256,368.742,SF-P3O-NoFisher,Hopper-v4,1
286720,loss,0.06780457496643066,0.6711004972457886,SF-P3O-NoFisher,Hopper-v4,1
286728,reward,3145,397.15042202423115,370.753,SF-P3O-NoFisher,Hopper-v4,1
286863,reward,3146,368.52547274365935,369.298,SF-P3O-NoFisher,Hopper-v4,1
286992,reward,3147,346.62301874819093,369.441,SF-P3O-NoFisher,Hopper-v4,1
287106,reward,3148,296.765978175797,365.761,SF-P3O-NoFisher,Hopper-v4,1
287251,reward,3149,407.422835795235,360.165,SF-P3O-NoFisher,Hopper-v4,1
287384,reward,3150,373.81111956408245,362.806,SF-P3O-NoFisher,Hopper-v4,1
287513,reward,3151,354.40486006188314,364.165,SF-P3O-NoFisher,Hopper-v4,1
287644,reward,3152,359.43376681449445,366.111,SF-P3O-NoFisher,Hopper-v4,1
287791,reward,3153,413.7676150237757,368.966,SF-P3O-NoFisher,Hopper-v4,1
287919,reward,3154,352.3832854147696,367.029,SF-P3O-NoFisher,Hopper-v4,1
288059,reward,3155,391.16140857881345,366.43,SF-P3O-NoFisher,Hopper-v4,1
288188,reward,3156,343.41252324638333,363.919,SF-P3O-NoFisher,Hopper-v4,1
288323,reward,3157,377.57452086758076,367.014,SF-P3O-NoFisher,Hopper-v4,1
288456,reward,3158,369.54263255177153,374.291,SF-P3O-NoFisher,Hopper-v4,1
288591,reward,3159,374.3517068152381,370.984,SF-P3O-NoFisher,Hopper-v4,1
288728,reward,3160,378.41318503977584,371.445,SF-P3O-NoFisher,Hopper-v4,1
288862,reward,3161,367.4145143076885,372.746,SF-P3O-NoFisher,Hopper-v4,1
288997,reward,3162,372.2970115037715,374.032,SF-P3O-NoFisher,Hopper-v4,1
289136,reward,3163,393.0584289862724,371.961,SF-P3O-NoFisher,Hopper-v4,1
289273,reward,3164,388.74808043200613,375.597,SF-P3O-NoFisher,Hopper-v4,1
289409,reward,3165,382.46917051523593,374.728,SF-P3O-NoFisher,Hopper-v4,1
289542,reward,3166,373.2271310879202,377.71,SF-P3O-NoFisher,Hopper-v4,1
289686,reward,3167,408.60096972926294,380.812,SF-P3O-NoFisher,Hopper-v4,1
289809,reward,3168,319.16074146243653,375.774,SF-P3O-NoFisher,Hopper-v4,1
289945,reward,3169,380.44637689642536,376.384,SF-P3O-NoFisher,Hopper-v4,1
290000,speed,650.09,7.97,SF-P3O-NoFisher,Hopper-v4,1
290001,spectral,0.039787,0.948272,0.5698,SF-P3O-NoFisher,Hopper-v4,1
290079,reward,3170,367.704482707836,375.313,SF-P3O-NoFisher,Hopper-v4,1
290207,reward,3171,348.0163527147255,373.373,SF-P3O-NoFisher,Hopper-v4,1
290340,reward,3172,381.22684376105286,374.266,SF-P3O-NoFisher,Hopper-v4,1
290472,reward,3173,361.5000580800226,371.11,SF-P3O-NoFisher,Hopper-v4,1
290606,reward,3174,374.1282511852129,369.648,SF-P3O-NoFisher,Hopper-v4,1
290742,reward,3175,387.4992748186054,370.151,SF-P3O-NoFisher,Hopper-v4,1
290875,reward,3176,370.97476987147394,369.926,SF-P3O-NoFisher,Hopper-v4,1
291010,reward,3177,363.8419687093487,365.45,SF-P3O-NoFisher,Hopper-v4,1
291174,reward,3178,488.2910946163218,382.363,SF-P3O-NoFisher,Hopper-v4,1
291307,reward,3179,361.0647000774394,380.425,SF-P3O-NoFisher,Hopper-v4,1
291447,reward,3180,400.743293093269,383.729,SF-P3O-NoFisher,Hopper-v4,1
291582,reward,3181,378.88932044044975,386.816,SF-P3O-NoFisher,Hopper-v4,1
291724,reward,3182,396.82994536303175,388.376,SF-P3O-NoFisher,Hopper-v4,1
291859,reward,3183,375.5656168469879,389.783,SF-P3O-NoFisher,Hopper-v4,1
291988,reward,3184,348.05602906372536,387.176,SF-P3O-NoFisher,Hopper-v4,1
292125,reward,3185,380.9576400906785,386.521,SF-P3O-NoFisher,Hopper-v4,1
292257,reward,3186,360.3394280642471,385.458,SF-P3O-NoFisher,Hopper-v4,1
292361,reward,3187,265.8689678225137,375.661,SF-P3O-NoFisher,Hopper-v4,1
292492,reward,3188,366.53029057231277,363.485,SF-P3O-NoFisher,Hopper-v4,1
292622,reward,3189,351.69303983113105,362.547,SF-P3O-NoFisher,Hopper-v4,1
292779,reward,3190,464.0714280026733,368.88,SF-P3O-NoFisher,Hopper-v4,1
292912,reward,3191,369.97265170317866,367.989,SF-P3O-NoFisher,Hopper-v4,1
293045,reward,3192,368.8851295153133,365.194,SF-P3O-NoFisher,Hopper-v4,1
293189,reward,3193,399.2113346384657,367.559,SF-P3O-NoFisher,Hopper-v4,1
293329,reward,3194,399.87525174587574,372.741,SF-P3O-NoFisher,Hopper-v4,1
293463,reward,3195,377.1767609618781,372.362,SF-P3O-NoFisher,Hopper-v4,1
293593,reward,3196,359.31551971404707,372.26,SF-P3O-NoFisher,Hopper-v4,1
293714,reward,3197,339.4829949643717,379.621,SF-P3O-NoFisher,Hopper-v4,1
293842,reward,3198,345.9155140172172,377.56,SF-P3O-NoFisher,Hopper-v4,1
293973,reward,3199,366.0717690949067,378.998,SF-P3O-NoFisher,Hopper-v4,1
294109,reward,3200,373.9380789303301,369.985,SF-P3O-NoFisher,Hopper-v4,1
294245,reward,3201,384.8202600064226,371.469,SF-P3O-NoFisher,Hopper-v4,1
294382,reward,3202,380.4688006059586,372.628,SF-P3O-NoFisher,Hopper-v4,1
294519,reward,3203,389.40805211465363,371.647,SF-P3O-NoFisher,Hopper-v4,1
294661,reward,3204,407.0410940067,372.364,SF-P3O-NoFisher,Hopper-v4,1
294789,reward,3205,351.20790336081933,369.767,SF-P3O-NoFisher,Hopper-v4,1
294853,reward,3206,118.05185365406203,345.641,SF-P3O-NoFisher,Hopper-v4,1
294912,loss,-0.0767555832862854,0.6989033818244934,SF-P3O-NoFisher,Hopper-v4,1
294912,diagnostics,0.0,57.1,32.434,0.040467,0.947685,0.506,-1.0,SF-P3O-NoFisher,Hopper-v4,1
294986,reward,3207,370.77255028698846,348.77,SF-P3O-NoFisher,Hopper-v4,1
295112,reward,3208,356.24019950695373,349.802,SF-P3O-NoFisher,Hopper-v4,1
295243,reward,3209,356.2883628428075,348.824,SF-P3O-NoFisher,Hopper-v4,1
295380,reward,3210,383.45704315579883,349.776,SF-P3O-NoFisher,Hopper-v4,1
295515,reward,3211,378.64661652106383,349.158,SF-P3O-NoFisher,Hopper-v4,1
295646,reward,3212,353.8602682435001,346.497,SF-P3O-NoFisher,Hopper-v4,1
295780,reward,3213,366.69158407316235,344.226,SF-P3O-NoFisher,Hopper-v4,1
295916,reward,3214,382.8433061066448,341.806,SF-P3O-NoFisher,Hopper-v4,1
296054,reward,3215,382.19743511620175,344.905,SF-P3O-NoFisher,Hopper-v4,1
296183,reward,3216,351.1071802407028,368.21,SF-P3O-NoFisher,Hopper-v4,1
296317,reward,3217,383.6182085848748,369.495,SF-P3O-NoFisher,Hopper-v4,1
296440,reward,3218,333.100450821937,367.181,SF-P3O-NoFisher,Hopper-v4,1
296569,reward,3219,342.68089806605735,365.82,SF-P3O-NoFisher,Hopper-v4,1
296705,reward,3220,384.4826880224692,365.923,SF-P3O-NoFisher,Hopper-v4,1
296839,reward,3221,378.5506983397986,365.913,SF-P3O-NoFisher,Hopper-v4,1
296979,reward,3222,397.607718440059,370.288,SF-P3O-NoFisher,Hopper-v4,1
297117,reward,3223,387.9316337527455,372.412,SF-P3O-NoFisher,Hopper-v4,1
297241,reward,3224,327.3688373209632,366.865,SF-P3O-NoFisher,Hopper-v4,1
297372,reward,3225,363.7074561798235,365.016,SF-P3O-NoFisher,Hopper-v4,1
297507,reward,3226,377.605452436076,367.665,SF-P3O-NoFisher,Hopper-v4,1
297641,reward,3227,372.2380404353344,366.527,SF-P3O-NoFisher,Hopper-v4,1
297777,reward,3228,385.2163233430819,371.739,SF-P3O-NoFisher,Hopper-v4,1
297912,reward,3229,366.2840284639486,374.099,SF-P3O-NoFisher,Hopper-v4,1
298032,reward,3230,319.48255885716264,367.599,SF-P3O-NoFisher,Hopper-v4,1
298166,reward,3231,376.07063850353103,367.351,SF-P3O-NoFisher,Hopper-v4,1
298305,reward,3232,385.8255511140125,366.173,SF-P3O-NoFisher,Hopper-v4,1
298438,reward,3233,373.5205658879941,364.732,SF-P3O-NoFisher,Hopper-v4,1
298568,reward,3234,353.8617370117554,367.381,SF-P3O-NoFisher,Hopper-v4,1
298702,reward,3235,375.91199659041973,368.602,SF-P3O-NoFisher,Hopper-v4,1
298829,reward,3236,354.663784781133,366.308,SF-P3O-NoFisher,Hopper-v4,1
298961,reward,3237,367.48214001742485,365.832,SF-P3O-NoFisher,Hopper-v4,1
299096,reward,3238,383.6608621576403,365.676,SF-P3O-NoFisher,Hopper-v4,1
299232,reward,3239,376.3306579853571,366.681,SF-P3O-NoFisher,Hopper-v4,1
299364,reward,3240,367.88505100353257,371.521,SF-P3O-NoFisher,Hopper-v4,1
299497,reward,3241,373.5938254534102,371.274,SF-P3O-NoFisher,Hopper-v4,1
299648,reward,3242,434.0425778913389,376.095,SF-P3O-NoFisher,Hopper-v4,1
299786,reward,3243,403.7715775256631,379.12,SF-P3O-NoFisher,Hopper-v4,1
299920,reward,3244,375.6537575368211,381.3,SF-P3O-NoFisher,Hopper-v4,1
300000,speed,663.43,8.22,SF-P3O-NoFisher,Hopper-v4,1
300001,spectral,0.040467,0.947685,0.506,SF-P3O-NoFisher,Hopper-v4,1
300056,reward,3245,377.1752281533051,381.426,SF-P3O-NoFisher,Hopper-v4,1
300201,reward,3246,411.6434728919799,387.124,SF-P3O-NoFisher,Hopper-v4,1
300331,reward,3247,358.1745920267083,386.193,SF-P3O-NoFisher,Hopper-v4,1
300462,reward,3248,357.96779844511383,383.624,SF-P3O-NoFisher,Hopper-v4,1
300592,reward,3249,360.0910033955863,382.0,SF-P3O-NoFisher,Hopper-v4,1
300720,reward,3250,352.51942067830964,380.463,SF-P3O-NoFisher,Hopper-v4,1
300859,reward,3251,388.5271269591294,381.957,SF-P3O-NoFisher,Hopper-v4,1
301000,reward,3252,377.0461686258058,376.257,SF-P3O-NoFisher,Hopper-v4,1
301139,reward,3253,392.5745978076402,375.137,SF-P3O-NoFisher,Hopper-v4,1
301275,reward,3254,378.480295558667,375.42,SF-P3O-NoFisher,Hopper-v4,1
301396,reward,3255,320.5764458536404,369.76,SF-P3O-NoFisher,Hopper-v4,1
301531,reward,3256,369.7385213025665,365.57,SF-P3O-NoFisher,Hopper-v4,1
301649,reward,3257,310.3226509483014,360.784,SF-P3O-NoFisher,Hopper-v4,1
301780,reward,3258,368.08283431825134,361.796,SF-P3O-NoFisher,Hopper-v4,1
301908,reward,3259,358.6519645024056,361.652,SF-P3O-NoFisher,Hopper-v4,1
302040,reward,3260,362.4840485469653,362.648,SF-P3O-NoFisher,Hopper-v4,1
302175,reward,3261,386.9324669671959,362.489,SF-P3O-NoFisher,Hopper-v4,1
302314,reward,3262,389.265992551368,363.711,SF-P3O-NoFisher,Hopper-v4,1
302446,reward,3263,355.9012599860237,360.044,SF-P3O-NoFisher,Hopper-v4,1
302585,reward,3264,396.9665900463135,361.892,SF-P3O-NoFisher,Hopper-v4,1
302721,reward,3265,366.793748954017,366.514,SF-P3O-NoFisher,Hopper-v4,1
302846,reward,3266,331.22898514502754,362.663,SF-P3O-NoFisher,Hopper-v4,1
302986,reward,3267,392.5875896101098,370.89,SF-P3O-NoFisher,Hopper-v4,1
303104,loss,0.0835794061422348,1.5700539350509644,SF-P3O-NoFisher,Hopper-v4,1
303120,reward,3268,374.3835774153033,371.52,SF-P3O-NoFisher,Hopper-v4,1
303253,reward,3269,367.4475348195706,372.399,SF-P3O-NoFisher,Hopper-v4,1
303385,reward,3270,367.97004620535444,372.948,SF-P3O-NoFisher,Hopper-v4,1
303512,reward,3271,337.33690940318377,367.988,SF-P3O-NoFisher,Hopper-v4,1
303646,reward,3272,372.60068515629274,366.322,SF-P3O-NoFisher,Hopper-v4,1
303785,reward,3273,387.5825029176209,369.49,SF-P3O-NoFisher,Hopper-v4,1
303919,reward,3274,365.2164018172217,366.315,SF-P3O-NoFisher,Hopper-v4,1
304036,reward,3275,309.4578764581642,360.581,SF-P3O-NoFisher,Hopper-v4,1
304172,reward,3276,376.9934505047519,365.158,SF-P3O-NoFisher,Hopper-v4,1
304303,reward,3277,360.3073524476443,361.93,SF-P3O-NoFisher,Hopper-v4,1
304462,reward,3278,454.3159811128897,369.923,SF-P3O-NoFisher,Hopper-v4,1
304597,reward,3279,375.01398495928424,370.68,SF-P3O-NoFisher,Hopper-v4,1
304720,reward,3280,320.2272771725257,365.905,SF-P3O-NoFisher,Hopper-v4,1
304853,reward,3281,376.56124802872904,369.828,SF-P3O-NoFisher,Hopper-v4,1
304983,reward,3282,366.79148736808867,369.247,SF-P3O-NoFisher,Hopper-v4,1
305117,reward,3283,384.96548417010456,368.985,SF-P3O-NoFisher,Hopper-v4,1
305251,reward,3284,377.7673003145543,370.24,SF-P3O-NoFisher,Hopper-v4,1
305380,reward,3285,357.9277881585277,375.087,SF-P3O-NoFisher,Hopper-v4,1
305506,reward,3286,347.69601679405037,372.157,SF-P3O-NoFisher,Hopper-v4,1
305644,reward,3287,392.59933167235033,375.387,SF-P3O-NoFisher,Hopper-v4,1
305776,reward,3288,379.09820694019106,367.865,SF-P3O-NoFisher,Hopper-v4,1
305918,reward,3289,411.0587924592883,371.469,SF-P3O-NoFisher,Hopper-v4,1
306042,reward,3290,341.58717810916596,373.605,SF-P3O-NoFisher,Hopper-v4,1
306171,reward,3291,352.7658978857229,371.226,SF-P3O-NoFisher,Hopper-v4,1
306299,reward,3292,344.1581014896958,368.962,SF-P3O-NoFisher,Hopper-v4,1
306438,reward,3293,394.16019862249976,369.882,SF-P3O-NoFisher,Hopper-v4,1
306575,reward,3294,376.86110122803456,369.791,SF-P3O-NoFisher,Hopper-v4,1
306711,reward,3295,379.66325956919246,371.965,SF-P3O-NoFisher,Hopper-v4,1
306853,reward,3296,397.04004558059415,376.899,SF-P3O-NoFisher,Hopper-v4,1
306969,reward,3297,304.2161889323252,368.061,SF-P3O-NoFisher,Hopper-v4,1
307122,reward,3298,438.6849584358703,374.02,SF-P3O-NoFisher,Hopper-v4,1
307253,reward,3299,374.57550292074797,370.371,SF-P3O-NoFisher,Hopper-v4,1
307382,reward,3300,351.8521433271611,371.398,SF-P3O-NoFisher,Hopper-v4,1
307523,reward,3301,396.10132915690195,375.731,SF-P3O-NoFisher,Hopper-v4,1
307656,reward,3302,368.9928571316162,378.215,SF-P3O-NoFisher,Hopper-v4,1
307786,reward,3303,358.2981088491782,374.629,SF-P3O-NoFisher,Hopper-v4,1
307929,reward,3304,403.7977904145313,377.322,SF-P3O-NoFisher,Hopper-v4,1
308064,reward,3305,372.7685051436016,376.633,SF-P3O-NoFisher,Hopper-v4,1
308202,reward,3306,382.64297928131003,375.193,SF-P3O-NoFisher,Hopper-v4,1
308332,reward,3307,357.03955689732277,380.475,SF-P3O-NoFisher,Hopper-v4,1
308467,reward,3308,383.63629244182346,374.971,SF-P3O-NoFisher,Hopper-v4,1
308662,reward,3309,570.1831129114156,394.531,SF-P3O-NoFisher,Hopper-v4,1
308798,reward,3310,376.55601612348715,397.002,SF-P3O-NoFisher,Hopper-v4,1
308933,reward,3311,381.7647789704382,395.568,SF-P3O-NoFisher,Hopper-v4,1
309066,reward,3312,362.4952773035033,394.918,SF-P3O-NoFisher,Hopper-v4,1
309197,reward,3313,359.1358916347988,395.002,SF-P3O-NoFisher,Hopper-v4,1
309333,reward,3314,374.5004695247296,392.072,SF-P3O-NoFisher,Hopper-v4,1
309470,reward,3315,393.25234931632605,394.121,SF-P3O-NoFisher,Hopper-v4,1
309595,reward,3316,334.48102849804036,389.304,SF-P3O-NoFisher,Hopper-v4,1
309719,reward,3317,339.39486739863145,387.54,SF-P3O-NoFisher,Hopper-v4,1
309858,reward,3318,387.36876610874987,387.913,SF-P3O-NoFisher,Hopper-v4,1
309987,reward,3319,359.1770084927145,366.813,SF-P3O-NoFisher,Hopper-v4,1
310000,speed,660.36,8.47,SF-P3O-NoFisher,Hopper-v4,1
310001,spectral,0.041324,0.948518,0.4704,SF-P3O-NoFisher,Hopper-v4,1
310115,reward,3320,345.8267765400622,363.74,SF-P3O-NoFisher,Hopper-v4,1
310253,reward,3321,392.10956600124035,364.774,SF-P3O-NoFisher,Hopper-v4,1
310382,reward,3322,343.88323566559166,362.913,SF-P3O-NoFisher,Hopper-v4,1
310523,reward,3323,390.61252501668895,366.061,SF-P3O-NoFisher,Hopper-v4,1
310659,reward,3324,391.0435554503619,367.715,SF-P3O-NoFisher,Hopper-v4,1
310793,reward,3325,369.60937337110676,365.351,SF-P3O-NoFisher,Hopper-v4,1
310907,reward,3326,303.39830706043426,362.242,SF-P3O-NoFisher,Hopper-v4,1
311043,reward,3327,370.38644625442095,365.342,SF-P3O-NoFisher,Hopper-v4,1
311201,reward,3328,456.0176554422743,372.206,SF-P3O-NoFisher,Hopper-v4,1
311296,loss,0.0417720228433609,0.6869214773178101,SF-P3O-NoFisher,Hopper-v4,1
311296,diagnostics,0.0,57.26,12.0192,0.04205,0.949264,0.3414,-1.0,SF-P3O-NoFisher,Hopper-v4,1
311335,reward,3329,368.2957988256509,373.118,SF-P3O-NoFisher,Hopper-v4,1
311472,reward,3330,376.2753778197993,376.163,SF-P3O-NoFisher,Hopper-v4,1
311612,reward,3331,389.39000712473205,375.891,SF-P3O-NoFisher,Hopper-v4,1
311747,reward,3332,374.6849373600283,378.971,SF-P3O-NoFisher,Hopper-v4,1
311877,reward,3333,351.23894849063254,375.034,SF-P3O-NoFisher,Hopper-v4,1
312011,reward,3334,366.1113672671663,372.541,SF-P3O-NoFisher,Hopper-v4,1
312140,reward,3335,358.8011075473299,371.46,SF-P3O-NoFisher,Hopper-v4,1
312282,reward,3336,405.0988449354713,381.63,SF-P3O-NoFisher,Hopper-v4,1
312409,reward,3337,352.88446896580587,379.88,SF-P3O-NoFisher,Hopper-v4,1
312541,reward,3338,361.84073063132377,370.462,SF-P3O-NoFisher,Hopper-v4,1
312672,reward,3339,359.81094257742484,369.614,SF-P3O-NoFisher,Hopper-v4,1
312804,reward,3340,361.373056550884,368.123,SF-P3O-NoFisher,Hopper-v4,1
312940,reward,3341,373.1321334166705,366.498,SF-P3O-NoFisher,Hopper-v4,1
313079,reward,3342,392.0467798518217,368.234,SF-P3O-NoFisher,Hopper-v4,1
313215,reward,3343,390.47754149853444,372.158,SF-P3O-NoFisher,Hopper-v4,1
313349,reward,3344,376.62369233569467,373.209,SF-P3O-NoFisher,Hopper-v4,1
313485,reward,3345,383.0980293034373,375.639,SF-P3O-NoFisher,Hopper-v4,1
313618,reward,3346,365.1776535078505,371.647,SF-P3O-NoFisher,Hopper-v4,1
313753,reward,3347,364.9281494201424,372.851,SF-P3O-NoFisher,Hopper-v4,1
313886,reward,3348,369.8322191759338,373.65,SF-P3O-NoFisher,Hopper-v4,1
314014,reward,3349,350.66291033940894,372.735,SF-P3O-NoFisher,Hopper-v4,1
314143,reward,3350,363.9817027492353,372.996,SF-P3O-NoFisher,Hopper-v4,1
314280,reward,3351,393.72502359910806,375.055,SF-P3O-NoFisher,Hopper-v4,1
314423,reward,3352,412.87317911182845,377.138,SF-P3O-NoFisher,Hopper-v4,1
314566,reward,3353,412.55167425044425,379.345,SF-P3O-NoFisher,Hopper-v4,1
314698,reward,3354,365.7405613559332,378.257,SF-P3O-NoFisher,Hopper-v4,1
314829,reward,3355,374.346151988482,377.382,SF-P3O-NoFisher,Hopper-v4,1
314963,reward,3356,379.1961166391963,378.784,SF-P3O-NoFisher,Hopper-v4,1
315095,reward,3357,365.32664279049874,378.824,SF-P3O-NoFisher,Hopper-v4,1
315233,reward,3358,391.6021953128798,381.001,SF-P3O-NoFisher,Hopper-v4,1
315360,reward,3359,335.69058015447996,379.503,SF-P3O-NoFisher,Hopper-v4,1
315498,reward,3360,396.468490137325,382.752,SF-P3O-NoFisher,Hopper-v4,1
315632,reward,3361,370.8105401574054,380.461,SF-P3O-NoFisher,Hopper-v4,1
315758,reward,3362,343.93654897851786,373.567,SF-P3O-NoFisher,Hopper-v4,1
315904,reward,3363,417.4148115394312,374.053,SF-P3O-NoFisher,Hopper-v4,1
316038,reward,3364,374.8678783373929,374.966,SF-P3O-NoFisher,Hopper-v4,1
316175,reward,3365,388.4017398652812,376.372,SF-P3O-NoFisher,Hopper-v4,1
316314,reward,3366,391.70395006236816,377.622,SF-P3O-NoFisher,Hopper-v4,1
316452,reward,3367,378.71786515978533,378.961,SF-P3O-NoFisher,Hopper-v4,1
316593,reward,3368,392.84793544442806,379.086,SF-P3O-NoFisher,Hopper-v4,1
316733,reward,3369,387.1393332242483,384.231,SF-P3O-NoFisher,Hopper-v4,1
316869,reward,3370,381.0642975972409,382.69,SF-P3O-NoFisher,Hopper-v4,1
317007,reward,3371,392.61760637995735,384.871,SF-P3O-NoFisher,Hopper-v4,1
317151,reward,3372,404.46236889005576,390.924,SF-P3O-NoFisher,Hopper-v4,1
317281,reward,3373,357.9438797046899,384.977,SF-P3O-NoFisher,Hopper-v4,1
317436,reward,3374,446.2850677609051,392.118,SF-P3O-NoFisher,Hopper-v4,1
317595,reward,3375,464.80549768073524,399.759,SF-P3O-NoFisher,Hopper-v4,1
317734,reward,3376,395.4513681781577,400.134,SF-P3O-NoFisher,Hopper-v4,1
317868,reward,3377,365.80965079392655,398.843,SF-P3O-NoFisher,Hopper-v4,1
318005,reward,3378,383.3848334663599,397.896,SF-P3O-NoFisher,Hopper-v4,1
318146,reward,3379,404.1851899311751,399.601,SF-P3O-NoFisher,Hopper-v4,1
318279,reward,3380,366.4794251126489,398.142,SF-P3O-NoFisher,Hopper-v4,1
318416,reward,3381,381.51352312225856,397.032,SF-P3O-NoFisher,Hopper-v4,1
318550,reward,3382,380.70592736143755,394.656,SF-P3O-NoFisher,Hopper-v4,1
318689,reward,3383,383.1765065124176,397.18,SF-P3O-NoFisher,Hopper-v4,1
318826,reward,3384,374.841025295132,390.035,SF-P3O-NoFisher,Hopper-v4,1
318964,reward,3385,385.70719784742477,382.125,SF-P3O-NoFisher,Hopper-v4,1
319091,reward,3386,346.56613663283684,377.237,SF-P3O-NoFisher,Hopper-v4,1
319224,reward,3387,376.2026765845218,378.276,SF-P3O-NoFisher,Hopper-v4,1
319354,reward,3388,353.1412302472666,375.252,SF-P3O-NoFisher,Hopper-v4,1
319488,loss,-0.1250055879354477,0.5123138427734375,SF-P3O-NoFisher,Hopper-v4,1
319488,reward,3389,372.0264271660505,372.036,SF-P3O-NoFisher,Hopper-v4,1
319627,reward,3390,389.6069403197421,374.349,SF-P3O-NoFisher,Hopper-v4,1
319761,reward,3391,383.8797399398368,374.585,SF-P3O-NoFisher,Hopper-v4,1
319890,reward,3392,364.7879954394047,372.994,SF-P3O-NoFisher,Hopper-v4,1
320000,speed,456.4,8.83,SF-P3O-NoFisher,Hopper-v4,1
320001,spectral,0.042789,0.949289,0.3407,SF-P3O-NoFisher,Hopper-v4,1
320026,reward,3393,377.1407006113446,372.39,SF-P3O-NoFisher,Hopper-v4,1
320173,reward,3394,415.6021264369826,376.466,SF-P3O-NoFisher,Hopper-v4,1
320334,reward,3395,452.08057648380594,383.103,SF-P3O-NoFisher,Hopper-v4,1
320480,reward,3396,416.4344329435002,390.09,SF-P3O-NoFisher,Hopper-v4,1
320650,reward,3397,516.2436305107339,404.094,SF-P3O-NoFisher,Hopper-v4,1
320788,reward,3398,394.1893652904269,408.199,SF-P3O-NoFisher,Hopper-v4,1
320925,reward,3399,385.7693542158067,409.573,SF-P3O-NoFisher,Hopper-v4,1
321052,reward,3400,350.7392809345163,405.687,SF-P3O-NoFisher,Hopper-v4,1
321182,reward,3401,366.85628218992485,403.984,SF-P3O-NoFisher,Hopper-v4,1
321319,reward,3402,385.300122529835,406.036,SF-P3O-NoFisher,Hopper-v4,1
321455,reward,3403,384.5248539489084,406.774,SF-P3O-NoFisher,Hopper-v4,1
321592,reward,3404,386.08263336081257,403.822,SF-P3O-NoFisher,Hopper-v4,1
321735,reward,3405,398.17808358645107,398.432,SF-P3O-NoFisher,Hopper-v4,1
321851,reward,3406,311.8953497895045,387.978,SF-P3O-NoFisher,Hopper-v4,1
321974,reward,3407,329.5903519026526,369.313,SF-P3O-NoFisher,Hopper-v4,1
322107,reward,3408,377.97141233577275,367.691,SF-P3O-NoFisher,Hopper-v4,1
322241,reward,3409,371.4133120715075,366.255,SF-P3O-NoFisher,Hopper-v4,1
322381,reward,3410,395.64951189843975,370.746,SF-P3O-NoFisher,Hopper-v4,1
322522,reward,3411,398.86395177489806,373.947,SF-P3O-NoFisher,Hopper-v4,1
322654,reward,3412,371.27383970256244,372.544,SF-P3O-NoFisher,Hopper-v4,1
322824,reward,3413,517.9791739219014,385.89,SF-P3O-NoFisher,Hopper-v4,1
322946,reward,3414,312.14416089440766,378.496,SF-P3O-NoFisher,Hopper-v4,1
323070,reward,3415,334.35373117164636,372.113,SF-P3O-NoFisher,Hopper-v4,1
323202,reward,3416,369.0839093561569,377.832,SF-P3O-NoFisher,Hopper-v4,1
323341,reward,3417,394.51426740417867,384.325,SF-P3O-NoFisher,Hopper-v4,1
323483,reward,3418,401.1415698050564,386.642,SF-P3O-NoFisher,Hopper-v4,1
323615,reward,3419,357.86610981603405,385.287,SF-P3O-NoFisher,Hopper-v4,1
323747,reward,3420,362.4914975968219,381.971,SF-P3O-NoFisher,Hopper-v4,1
323886,reward,3421,394.2506830510744,381.51,SF-P3O-NoFisher,Hopper-v4,1
324025,reward,3422,385.6044178024151,382.943,SF-P3O-NoFisher,Hopper-v4,1
324157,reward,3423,359.15180656006623,367.06,SF-P3O-NoFisher,Hopper-v4,1
324284,reward,3424,357.68769389273626,371.615,SF-P3O-NoFisher,Hopper-v4,1
324418,reward,3425,376.9486784483774,375.874,SF-P3O-NoFisher,Hopper-v4,1
324544,reward,3426,333.77719659489793,372.343,SF-P3O-NoFisher,Hopper-v4,1
324707,reward,3427,487.6690095647392,381.659,SF-P3O-NoFisher,Hopper-v4,1
324838,reward,3428,356.826445616754,377.227,SF-P3O-NoFisher,Hopper-v4,1
324974,reward,3429,382.40876921756444,379.682,SF-P3O-NoFisher,Hopper-v4,1
325109,reward,3430,371.1499262554327,380.547,SF-P3O-NoFisher,Hopper-v4,1
325244,reward,3431,376.7565491557677,378.798,SF-P3O-NoFisher,Hopper-v4,1
325367,reward,3432,332.334791545865,373.471,SF-P3O-NoFisher,Hopper-v4,1
325504,reward,3433,390.31617965730373,376.588,SF-P3O-NoFisher,Hopper-v4,1
325649,reward,3434,425.0113773656017,383.32,SF-P3O-NoFisher,Hopper-v4,1
325780,reward,3435,360.0241817394448,381.627,SF-P3O-NoFisher,Hopper-v4,1
325918,reward,3436,379.4416842665753,386.194,SF-P3O-NoFisher,Hopper-v4,1
326054,reward,3437,378.61780210430885,375.289,SF-P3O-NoFisher,Hopper-v4,1
326194,reward,3438,389.4941973829438,378.556,SF-P3O-NoFisher,Hopper-v4,1
326337,reward,3439,403.8248880343209,380.697,SF-P3O-NoFisher,Hopper-v4,1
326475,reward,3440,396.2802181271205,383.21,SF-P3O-NoFisher,Hopper-v4,1
326609,reward,3441,366.7934994983979,382.214,SF-P3O-NoFisher,Hopper-v4,1
326727,reward,3442,324.1484181300016,381.395,SF-P3O-NoFisher,Hopper-v4,1
326857,reward,3443,360.2385263491234,378.387,SF-P3O-NoFisher,Hopper-v4,1
326992,reward,3444,365.4198535629441,372.428,SF-P3O-NoFisher,Hopper-v4,1
327121,reward,3445,363.0915475735125,372.735,SF-P3O-NoFisher,Hopper-v4,1
327261,reward,3446,397.5542664654911,374.546,SF-P3O-NoFisher,Hopper-v4,1
327382,reward,3447,319.4874988875582,368.633,SF-P3O-NoFisher,Hopper-v4,1
327513,reward,3448,361.084853345636,365.792,SF-P3O-NoFisher,Hopper-v4,1
327672,reward,3449,489.1213865087312,374.322,SF-P3O-NoFisher,Hopper-v4,1
327680,loss,-0.09041008353233337,0.35674774646759033,SF-P3O-NoFisher,Hopper-v4,1
327680,diagnostics,0.0,57.46,10.6747,0.043836,0.948763,0.4276,-1.0,SF-P3O-NoFisher,Hopper-v4,1
327819,reward,3450,419.3715395326257,376.631,SF-P3O-NoFisher,Hopper-v4,1
327960,reward,3451,408.01227602472363,380.753,SF-P3O-NoFisher,Hopper-v4,1
328096,reward,3452,364.7179815766526,384.81,SF-P3O-NoFisher,Hopper-v4,1
328231,reward,3453,381.0336228216311,386.889,SF-P3O-NoFisher,Hopper-v4,1
328371,reward,3454,405.41941201330184,390.889,SF-P3O-NoFisher,Hopper-v4,1
328508,reward,3455,392.006195187355,393.781,SF-P3O-NoFisher,Hopper-v4,1
328645,reward,3456,382.3252422992723,392.258,SF-P3O-NoFisher,Hopper-v4,1
328779,reward,3457,382.8082939398039,398.59,SF-P3O-NoFisher,Hopper-v4,1
328916,reward,3458,380.53617958470625,400.535,SF-P3O-NoFisher,Hopper-v4,1
329052,reward,3459,365.85099335986257,388.208,SF-P3O-NoFisher,Hopper-v4,1
329194,reward,3460,401.73615040015864,386.445,SF-P3O-NoFisher,Hopper-v4,1
329327,reward,3461,363.84203863259165,382.028,SF-P3O-NoFisher,Hopper-v4,1
329460,reward,3462,377.5946408647637,383.315,SF-P3O-NoFisher,Hopper-v4,1
329596,reward,3463,373.51167508560167,382.563,SF-P3O-NoFisher,Hopper-v4,1
329740,reward,3464,414.8512237822884,383.506,SF-P3O-NoFisher,Hopper-v4,1
329880,reward,3465,392.21839471916707,383.527,SF-P3O-NoFisher,Hopper-v4,1
330000,speed,655.12,9.09,SF-P3O-NoFisher,Hopper-v4,1
330001,spectral,0.043836,0.948763,0.4276,SF-P3O-NoFisher,Hopper-v4,1
330014,reward,3466,382.95828147824216,383.591,SF-P3O-NoFisher,Hopper-v4,1
330151,reward,3467,375.34647486065194,382.845,SF-P3O-NoFisher,Hopper-v4,1
330287,reward,3468,382.88414357755346,383.079,SF-P3O-NoFisher,Hopper-v4,1
330422,reward,3469,363.3159440366978,382.826,SF-P3O-NoFisher,Hopper-v4,1
330574,reward,3470,447.69330186384076,387.422,SF-P3O-NoFisher,Hopper-v4,1
330675,reward,3471,247.45619008207524,375.783,SF-P3O-NoFisher,Hopper-v4,1
330805,reward,3472,353.59937817377846,373.384,SF-P3O-NoFisher,Hopper-v4,1
330943,reward,3473,389.4901226485449,374.981,SF-P3O-NoFisher,Hopper-v4,1
331069,reward,3474,351.044475441347,368.601,SF-P3O-NoFisher,Hopper-v4,1
331208,reward,3475,387.0651290660974,368.085,SF-P3O-NoFisher,Hopper-v4,1
331348,reward,3476,398.65628374836865,369.655,SF-P3O-NoFisher,Hopper-v4,1
331484,reward,3477,377.6523579516594,369.886,SF-P3O-NoFisher,Hopper-v4,1
331624,reward,3478,399.2382512330705,371.521,SF-P3O-NoFisher,Hopper-v4,1
331757,reward,3479,360.68524058012815,371.258,SF-P3O-NoFisher,Hopper-v4,1
331879,reward,3480,340.8284879454324,360.572,SF-P3O-NoFisher,Hopper-v4,1
332015,reward,3481,384.3340742561373,374.259,SF-P3O-NoFisher,Hopper-v4,1
332150,reward,3482,387.8855167792895,377.688,SF-P3O-NoFisher,Hopper-v4,1
332286,reward,3483,385.16626816077854,377.256,SF-P3O-NoFisher,Hopper-v4,1
332419,reward,3484,367.0522434642387,378.856,SF-P3O-NoFisher,Hopper-v4,1
332570,reward,3485,440.6523461285378,384.215,SF-P3O-NoFisher,Hopper-v4,1
332705,reward,3486,378.9942555254317,382.249,SF-P3O-NoFisher,Hopper-v4,1
332835,reward,3487,358.24931403831,380.309,SF-P3O-NoFisher,Hopper-v4,1
332964,reward,3488,363.6040537570675,376.745,SF-P3O-NoFisher,Hopper-v4,1
333094,reward,3489,365.3739066217188,377.214,SF-P3O-NoFisher,Hopper-v4,1
333225,reward,3490,375.1790240801111,380.649,SF-P3O-NoFisher,Hopper-v4,1
333355,reward,3491,355.47126309958696,377.763,SF-P3O-NoFisher,Hopper-v4,1
333491,reward,3492,367.89086546282005,375.763,SF-P3O-NoFisher,Hopper-v4,1
333623,reward,3493,348.14099974862,372.061,SF-P3O-NoFisher,Hopper-v4,1
333763,reward,3494,398.90116292616983,375.246,SF-P3O-NoFisher,Hopper-v4,1
333893,reward,3495,361.12685544588385,367.293,SF-P3O-NoFisher,Hopper-v4,1
334032,reward,3496,393.3903084839695,368.733,SF-P3O-NoFisher,Hopper-v4,1
334173,reward,3497,402.92435090376233,373.2,SF-P3O-NoFisher,Hopper-v4,1
334308,reward,3498,379.14691059547744,374.755,SF-P3O-NoFisher,Hopper-v4,1
334444,reward,3499,370.886996955541,375.306,SF-P3O-NoFisher,Hopper-v4,1
334577,reward,3500,385.3691576164828,376.325,SF-P3O-NoFisher,Hopper-v4,1
334722,reward,3501,422.0908166061723,382.987,SF-P3O-NoFisher,Hopper-v4,1
334848,reward,3502,348.2778998949063,381.026,SF-P3O-NoFisher,Hopper-v4,1
334980,reward,3503,364.1729612792369,382.629,SF-P3O-NoFisher,Hopper-v4,1
335116,reward,3504,383.25534509798956,381.064,SF-P3O-NoFisher,Hopper-v4,1
335250,reward,3505,380.8519366399863,383.037,SF-P3O-NoFisher,Hopper-v4,1
335381,reward,3506,357.02548641302815,379.4,SF-P3O-NoFisher,Hopper-v4,1
335516,reward,3507,372.8742872075175,376.395,SF-P3O-NoFisher,Hopper-v4,1
335644,reward,3508,358.0395037449783,374.284,SF-P3O-NoFisher,Hopper-v4,1
335768,reward,3509,330.6877639453069,370.265,SF-P3O-NoFisher,Hopper-v4,1
335872,loss,-0.06886261701583862,0.9231625199317932,SF-P3O-NoFisher,Hopper-v4,1
335912,reward,3510,408.34150273344954,372.562,SF-P3O-NoFisher,Hopper-v4,1
336065,reward,3511,450.28182713160425,375.381,SF-P3O-NoFisher,Hopper-v4,1
336203,reward,3512,383.6297642002539,378.916,SF-P3O-NoFisher,Hopper-v4,1
336335,reward,3513,362.38208806810997,378.737,SF-P3O-NoFisher,Hopper-v4,1
336470,reward,3514,374.1949422300316,377.831,SF-P3O-NoFisher,Hopper-v4,1
336637,reward,3515,490.7390996154643,388.82,SF-P3O-NoFisher,Hopper-v4,1
336802,reward,3516,482.4424649392626,401.361,SF-P3O-NoFisher,Hopper-v4,1
336934,reward,3517,377.4726613032746,401.821,SF-P3O-NoFisher,Hopper-v4,1
337069,reward,3518,374.2870060561323,403.446,SF-P3O-NoFisher,Hopper-v4,1
337203,reward,3519,386.0860558553207,408.986,SF-P3O-NoFisher,Hopper-v4,1
337339,reward,3520,383.2210356892816,406.474,SF-P3O-NoFisher,Hopper-v4,1
337492,reward,3521,430.5590822867524,404.501,SF-P3O-NoFisher,Hopper-v4,1
337638,reward,3522,416.982661738071,407.837,SF-P3O-NoFisher,Hopper-v4,1
337773,reward,3523,380.2682091559842,409.625,SF-P3O-NoFisher,Hopper-v4,1
337914,reward,3524,397.0698353183146,411.913,SF-P3O-NoFisher,Hopper-v4,1
338036,reward,3525,333.97307564492644,396.236,SF-P3O-NoFisher,Hopper-v4,1
338172,reward,3526,373.3494275728406,385.327,SF-P3O-NoFisher,Hopper-v4,1
338308,reward,3527,379.492289974904,385.529,SF-P3O-NoFisher,Hopper-v4,1
338446,reward,3528,383.8201929439362,386.482,SF-P3O-NoFisher,Hopper-v4,1
338608,reward,3529,480.0511161809794,395.879,SF-P3O-NoFisher,Hopper-v4,1
338749,reward,3530,401.06206765782593,397.663,SF-P3O-NoFisher,Hopper-v4,1
338882,reward,3531,371.46945496971443,391.754,SF-P3O-NoFisher,Hopper-v4,1
339014,reward,3532,360.7008929941896,386.126,SF-P3O-NoFisher,Hopper-v4,1
339153,reward,3533,389.72200942218876,387.071,SF-P3O-NoFisher,Hopper-v4,1
339283,reward,3534,364.4010949060856,383.804,SF-P3O-NoFisher,Hopper-v4,1
339427,reward,3535,417.17030441347987,392.124,SF-P3O-NoFisher,Hopper-v4,1
339571,reward,3536,416.54811018146944,396.444,SF-P3O-NoFisher,Hopper-v4,1
339705,reward,3537,364.98500152129236,394.993,SF-P3O-NoFisher,Hopper-v4,1
339835,reward,3538,353.81598945252915,391.993,SF-P3O-NoFisher,Hopper-v4,1
339969,reward,3539,375.58310744540705,381.546,SF-P3O-NoFisher,Hopper-v4,1
340000,speed,665.4,9.34,SF-P3O-NoFisher,Hopper-v4,1
340001,spectral,0.044385,0.949162,0.4311,SF-P3O-NoFisher,Hopper-v4,1
340107,reward,3540,393.2584698378755,380.765,SF-P3O-NoFisher,Hopper-v4,1
340253,reward,3541,414.9953773238641,385.118,SF-P3O-NoFisher,Hopper-v4,1
340390,reward,3542,380.8995966585188,387.138,SF-P3O-NoFisher,Hopper-v4,1
340522,reward,3543,367.81169059043174,384.947,SF-P3O-NoFisher,Hopper-v4,1
340658,reward,3544,390.9011770398114,387.597,SF-P3O-NoFisher,Hopper-v4,1
340798,reward,3545,394.2249160533349,385.302,SF-P3O-NoFisher,Hopper-v4,1
340937,reward,3546,393.7852207815345,383.026,SF-P3O-NoFisher,Hopper-v4,1
341098,reward,3547,475.14324253749896,394.042,SF-P3O-NoFisher,Hopper-v4,1
341228,reward,3548,363.8014801644119,395.04,SF-P3O-NoFisher,Hopper-v4,1
341368,reward,3549,395.87643139530104,397.07,SF-P3O-NoFisher,Hopper-v4,1
341519,reward,3550,436.1044474309322,401.354,SF-P3O-NoFisher,Hopper-v4,1
341657,reward,3551,388.3025247309748,398.685,SF-P3O-NoFisher,Hopper-v4,1
341798,reward,3552,400.81704850409346,400.677,SF-P3O-NoFisher,Hopper-v4,1
341944,reward,3553,415.4075306304272,405.436,SF-P3O-NoFisher,Hopper-v4,1
342076,reward,3554,364.5852960123955,402.805,SF-P3O-NoFisher,Hopper-v4,1
342218,reward,3555,413.27138572190535,404.709,SF-P3O-NoFisher,Hopper-v4,1
342371,reward,3556,449.9864489501898,410.33,SF-P3O-NoFisher,Hopper-v4,1
342507,reward,3557,379.2144578264973,400.737,SF-P3O-NoFisher,Hopper-v4,1
342646,reward,3558,392.69759007956975,403.626,SF-P3O-NoFisher,Hopper-v4,1
342789,reward,3559,409.50443456369965,404.989,SF-P3O-NoFisher,Hopper-v4,1
342916,reward,3560,356.3802762052762,397.017,SF-P3O-NoFisher,Hopper-v4,1
343052,reward,3561,375.0970755407834,395.696,SF-P3O-NoFisher,Hopper-v4,1
343191,reward,3562,389.6177775098245,394.576,SF-P3O-NoFisher,Hopper-v4,1
343323,reward,3563,362.7542233801377,389.311,SF-P3O-NoFisher,Hopper-v4,1
343450,reward,3564,343.26918731352055,387.179,SF-P3O-NoFisher,Hopper-v4,1
343598,reward,3565,434.718984536878,389.324,SF-P3O-NoFisher,Hopper-v4,1
343716,reward,3566,318.28920845664004,376.154,SF-P3O-NoFisher,Hopper-v4,1
343862,reward,3567,416.91218884991815,379.924,SF-P3O-NoFisher,Hopper-v4,1
343998,reward,3568,377.00470953012854,378.355,SF-P3O-NoFisher,Hopper-v4,1
344064,loss,0.018533477559685707,1.3884449005126953,SF-P3O-NoFisher,Hopper-v4,1
344064,diagnostics,0.0,57.63,61.9749,0.044999,0.949285,0.4089,-1.0,SF-P3O-NoFisher,Hopper-v4,1
344134,reward,3569,379.3769726697459,375.342,SF-P3O-NoFisher,Hopper-v4,1
344274,reward,3570,393.6669678330924,379.071,SF-P3O-NoFisher,Hopper-v4,1
344414,reward,3571,399.4648306295665,381.508,SF-P3O-NoFisher,Hopper-v4,1
344543,reward,3572,352.62484325914323,377.808,SF-P3O-NoFisher,Hopper-v4,1
344678,reward,3573,367.3463007443227,378.267,SF-P3O-NoFisher,Hopper-v4,1
344822,reward,3574,408.3542902588243,384.776,SF-P3O-NoFisher,Hopper-v4,1
344967,reward,3575,395.92681333093276,380.897,SF-P3O-NoFisher,Hopper-v4,1
345102,reward,3576,368.22189092015105,385.89,SF-P3O-NoFisher,Hopper-v4,1
345251,reward,3577,433.72602598951516,387.571,SF-P3O-NoFisher,Hopper-v4,1
345385,reward,3578,353.784548548752,385.249,SF-P3O-NoFisher,Hopper-v4,1
345525,reward,3579,393.32904080274903,386.645,SF-P3O-NoFisher,Hopper-v4,1
345666,reward,3580,397.1990870253301,386.998,SF-P3O-NoFisher,Hopper-v4,1
345792,reward,3581,346.01832065149813,381.653,SF-P3O-NoFisher,Hopper-v4,1
345930,reward,3582,380.46234198433183,384.437,SF-P3O-NoFisher,Hopper-v4,1
346072,reward,3583,409.4278854426859,388.645,SF-P3O-NoFisher,Hopper-v4,1
346226,reward,3584,446.2452892197861,392.434,SF-P3O-NoFisher,Hopper-v4,1
346364,reward,3585,391.9790275662625,392.039,SF-P3O-NoFisher,Hopper-v4,1
346502,reward,3586,381.1748086229748,393.335,SF-P3O-NoFisher,Hopper-v4,1
346637,reward,3587,384.8716906878707,388.449,SF-P3O-NoFisher,Hopper-v4,1
346769,reward,3588,371.6869245283917,390.239,SF-P3O-NoFisher,Hopper-v4,1
346911,reward,3589,407.9710436998972,391.704,SF-P3O-NoFisher,Hopper-v4,1
347050,reward,3590,391.77004628074155,391.161,SF-P3O-NoFisher,Hopper-v4,1
347185,reward,3591,377.99651210398304,394.359,SF-P3O-NoFisher,Hopper-v4,1
347332,reward,3592,421.68341553533855,398.481,SF-P3O-NoFisher,Hopper-v4,1
347473,reward,3593,403.34833302624594,397.873,SF-P3O-NoFisher,Hopper-v4,1
347613,reward,3594,388.1996559988357,392.068,SF-P3O-NoFisher,Hopper-v4,1
347753,reward,3595,385.475887168981,391.418,SF-P3O-NoFisher,Hopper-v4,1
347893,reward,3596,398.62912298995207,393.163,SF-P3O-NoFisher,Hopper-v4,1
348027,reward,3597,380.5250832234896,392.729,SF-P3O-NoFisher,Hopper-v4,1
348168,reward,3598,393.916509081694,394.952,SF-P3O-NoFisher,Hopper-v4,1
348325,reward,3599,466.4763718903924,400.802,SF-P3O-NoFisher,Hopper-v4,1
348478,reward,3600,437.7473706979486,405.4,SF-P3O-NoFisher,Hopper-v4,1
348630,reward,3601,438.1200968570386,411.412,SF-P3O-NoFisher,Hopper-v4,1
348769,reward,3602,383.9259573499197,407.636,SF-P3O-NoFisher,Hopper-v4,1
348906,reward,3603,384.8554036958756,405.787,SF-P3O-NoFisher,Hopper-v4,1
349052,reward,3604,418.23780851290616,408.791,SF-P3O-NoFisher,Hopper-v4,1
349198,reward,3605,421.6635024927627,412.41,SF-P3O-NoFisher,Hopper-v4,1
349357,reward,3606,473.5670360855719,419.904,SF-P3O-NoFisher,Hopper-v4,1
349491,reward,3607,373.5133157083912,419.202,SF-P3O-NoFisher,Hopper-v4,1
349642,reward,3608,444.7055384228117,424.281,SF-P3O-NoFisher,Hopper-v4,1
349788,reward,3609,422.413726847241,419.875,SF-P3O-NoFisher,Hopper-v4,1
349941,reward,3610,437.52052735340027,419.852,SF-P3O-NoFisher,Hopper-v4,1
350000,speed,661.65,9.59,SF-P3O-NoFisher,Hopper-v4,1
350001,spectral,0.044999,0.949285,0.4089,SF-P3O-NoFisher,Hopper-v4,1
350108,reward,3611,512.6663948982895,427.307,SF-P3O-NoFisher,Hopper-v4,1
350255,reward,3612,416.4899219390927,430.563,SF-P3O-NoFisher,Hopper-v4,1
350383,reward,3613,352.6636175490604,427.344,SF-P3O-NoFisher,Hopper-v4,1
350533,reward,3614,429.2720161399047,428.448,SF-P3O-NoFisher,Hopper-v4,1
350699,reward,3615,499.9722594582257,436.278,SF-P3O-NoFisher,Hopper-v4,1
350858,reward,3616,461.18677195250865,435.04,SF-P3O-NoFisher,Hopper-v4,1
351009,reward,3617,439.89790632541195,441.679,SF-P3O-NoFisher,Hopper-v4,1
351148,reward,3618,398.82371726876175,437.091,SF-P3O-NoFisher,Hopper-v4,1
351285,reward,3619,386.7841894183138,433.528,SF-P3O-NoFisher,Hopper-v4,1
351419,reward,3620,375.00641845529776,427.276,SF-P3O-NoFisher,Hopper-v4,1
351562,reward,3621,421.46075813393395,418.156,SF-P3O-NoFisher,Hopper-v4,1
351709,reward,3622,423.5266678818833,418.859,SF-P3O-NoFisher,Hopper-v4,1
351840,reward,3623,362.4540705398956,419.838,SF-P3O-NoFisher,Hopper-v4,1
351968,reward,3624,366.09397424175955,413.521,SF-P3O-NoFisher,Hopper-v4,1
352097,reward,3625,351.1815275622151,398.642,SF-P3O-NoFisher,Hopper-v4,1
352231,reward,3626,364.5792979132917,388.981,SF-P3O-NoFisher,Hopper-v4,1
352256,loss,-0.0007888469845056534,0.7686992287635803,SF-P3O-NoFisher,Hopper-v4,1
352391,reward,3627,479.90172789229814,392.981,SF-P3O-NoFisher,Hopper-v4,1
352533,reward,3628,409.0437451774192,394.003,SF-P3O-NoFisher,Hopper-v4,1
352682,reward,3629,443.1274049080794,399.638,SF-P3O-NoFisher,Hopper-v4,1
352826,reward,3630,405.75246846559986,402.712,SF-P3O-NoFisher,Hopper-v4,1
352962,reward,3631,371.42105958570653,397.708,SF-P3O-NoFisher,Hopper-v4,1
353113,reward,3632,452.89054298155526,400.645,SF-P3O-NoFisher,Hopper-v4,1
353245,reward,3633,364.0866137325635,400.808,SF-P3O-NoFisher,Hopper-v4,1
353406,reward,3634,485.4125711592599,412.74,SF-P3O-NoFisher,Hopper-v4,1
353549,reward,3635,410.4855836173317,418.67,SF-P3O-NoFisher,Hopper-v4,1
353721,reward,3636,529.4574802753147,435.158,SF-P3O-NoFisher,Hopper-v4,1
353867,reward,3637,417.7069138961047,428.938,SF-P3O-NoFisher,Hopper-v4,1
354006,reward,3638,406.2917083940351,428.663,SF-P3O-NoFisher,Hopper-v4,1
354139,reward,3639,361.2458455729574,420.475,SF-P3O-NoFisher,Hopper-v4,1
354313,reward,3640,524.9058271768556,432.39,SF-P3O-NoFisher,Hopper-v4,1
354446,reward,3641,365.6210772818787,431.81,SF-P3O-NoFisher,Hopper-v4,1
354579,reward,3642,374.9789237331107,424.019,SF-P3O-NoFisher,Hopper-v4,1
354713,reward,3643,376.0036795882629,425.211,SF-P3O-NoFisher,Hopper-v4,1
354851,reward,3644,400.254883354761,416.695,SF-P3O-NoFisher,Hopper-v4,1
354994,reward,3645,410.00128252880256,416.647,SF-P3O-NoFisher,Hopper-v4,1
355133,reward,3646,393.4318297595426,403.044,SF-P3O-NoFisher,Hopper-v4,1
355272,reward,3647,395.084423348223,400.782,SF-P3O-NoFisher,Hopper-v4,1
355396,reward,3648,345.6189858037533,394.715,SF-P3O-NoFisher,Hopper-v4,1
355539,reward,3649,414.9877968541939,400.089,SF-P3O-NoFisher,Hopper-v4,1
355715,reward,3650,535.3255370129169,401.131,SF-P3O-NoFisher,Hopper-v4,1
355854,reward,3651,392.3654499376572,403.805,SF-P3O-NoFisher,Hopper-v4,1
356002,reward,3652,428.4743492872527,409.155,SF-P3O-NoFisher,Hopper-v4,1
356133,reward,3653,353.37759246578463,406.892,SF-P3O-NoFisher,Hopper-v4,1
356267,reward,3654,371.93391227715074,404.06,SF-P3O-NoFisher,Hopper-v4,1
356401,reward,3655,377.53672625548364,400.814,SF-P3O-NoFisher,Hopper-v4,1
356536,reward,3656,376.18350145403247,399.089,SF-P3O-NoFisher,Hopper-v4,1
356675,reward,3657,397.3006288406801,399.31,SF-P3O-NoFisher,Hopper-v4,1
356815,reward,3658,398.2101917194442,404.57,SF-P3O-NoFisher,Hopper-v4,1
356932,reward,3659,302.687596057869,393.34,SF-P3O-NoFisher,Hopper-v4,1
357097,reward,3660,503.7745798308292,390.184,SF-P3O-NoFisher,Hopper-v4,1
357235,reward,3661,380.63414726480215,389.011,SF-P3O-NoFisher,Hopper-v4,1
357373,reward,3662,391.2906592092436,385.293,SF-P3O-NoFisher,Hopper-v4,1
357526,reward,3663,436.94284038776533,393.649,SF-P3O-NoFisher,Hopper-v4,1
357674,reward,3664,431.02954137937206,399.559,SF-P3O-NoFisher,Hopper-v4,1
357806,reward,3665,373.54353001802593,399.16,SF-P3O-NoFisher,Hopper-v4,1
357939,reward,3666,372.1165875932618,398.753,SF-P3O-NoFisher,Hopper-v4,1
358066,reward,3667,345.67601049512643,393.591,SF-P3O-NoFisher,Hopper-v4,1
358222,reward,3668,471.54814551409396,400.924,SF-P3O-NoFisher,Hopper-v4,1
358356,reward,3669,369.3117824771753,407.587,SF-P3O-NoFisher,Hopper-v4,1
358523,reward,3670,498.79480991587025,407.089,SF-P3O-NoFisher,Hopper-v4,1
358661,reward,3671,386.62232627750717,407.688,SF-P3O-NoFisher,Hopper-v4,1
358803,reward,3672,406.15580125770975,409.174,SF-P3O-NoFisher,Hopper-v4,1
358942,reward,3673,401.4312803282947,405.623,SF-P3O-NoFisher,Hopper-v4,1
359092,reward,3674,432.10926200364406,405.731,SF-P3O-NoFisher,Hopper-v4,1
359222,reward,3675,363.10221517458257,404.687,SF-P3O-NoFisher,Hopper-v4,1
359366,reward,3676,412.3990819871805,408.715,SF-P3O-NoFisher,Hopper-v4,1
359502,reward,3677,385.9547674679747,412.743,SF-P3O-NoFisher,Hopper-v4,1
359642,reward,3678,410.5319166857163,406.641,SF-P3O-NoFisher,Hopper-v4,1
359779,reward,3679,396.4259794010776,409.353,SF-P3O-NoFisher,Hopper-v4,1
359928,reward,3680,437.34269636147434,403.208,SF-P3O-NoFisher,Hopper-v4,1
360000,speed,671.81,9.84,SF-P3O-NoFisher,Hopper-v4,1
360001,spectral,0.045645,0.949546,0.4064,SF-P3O-NoFisher,Hopper-v4,1
360064,reward,3681,387.27973772268496,403.273,SF-P3O-NoFisher,Hopper-v4,1
360210,reward,3682,416.2278453041958,404.28,SF-P3O-NoFisher,Hopper-v4,1
360367,reward,3683,463.90102348380765,410.527,SF-P3O-NoFisher,Hopper-v4,1
360448,loss,-0.07191339135169983,0.3993213176727295,SF-P3O-NoFisher,Hopper-v4,1
360448,diagnostics,0.0,57.81,12.1402,0.046467,0.949044,0.3981,-1.0,SF-P3O-NoFisher,Hopper-v4,1
360498,reward,3684,367.7849580551668,404.095,SF-P3O-NoFisher,Hopper-v4,1
360656,reward,3685,467.07048726108746,414.492,SF-P3O-NoFisher,Hopper-v4,1
360794,reward,3686,387.87425945921035,412.039,SF-P3O-NoFisher,Hopper-v4,1
360932,reward,3687,392.470831814558,412.691,SF-P3O-NoFisher,Hopper-v4,1
361078,reward,3688,417.3160813556538,413.369,SF-P3O-NoFisher,Hopper-v4,1
361209,reward,3689,363.34725777610146,410.062,SF-P3O-NoFisher,Hopper-v4,1
361353,reward,3690,410.5810015197409,407.385,SF-P3O-NoFisher,Hopper-v4,1
361511,reward,3691,471.964057417492,415.854,SF-P3O-NoFisher,Hopper-v4,1
361658,reward,3692,437.99925945237277,418.031,SF-P3O-NoFisher,Hopper-v4,1
361805,reward,3693,426.59319469587126,414.3,SF-P3O-NoFisher,Hopper-v4,1
361945,reward,3694,399.4992374424566,417.472,SF-P3O-NoFisher,Hopper-v4,1
362094,reward,3695,428.59963396086926,413.624,SF-P3O-NoFisher,Hopper-v4,1
362238,reward,3696,411.75283748151236,416.012,SF-P3O-NoFisher,Hopper-v4,1
362378,reward,3697,394.62312853396253,416.228,SF-P3O-NoFisher,Hopper-v4,1
362527,reward,3698,433.98471870681414,417.894,SF-P3O-NoFisher,Hopper-v4,1
362668,reward,3699,401.00284579349767,421.66,SF-P3O-NoFisher,Hopper-v4,1
362808,reward,3700,392.2713078043767,419.829,SF-P3O-NoFisher,Hopper-v4,1
362944,reward,3701,381.17530099139617,410.75,SF-P3O-NoFisher,Hopper-v4,1
363081,reward,3702,386.37702776690014,405.588,SF-P3O-NoFisher,Hopper-v4,1
363214,reward,3703,365.46790278846265,399.475,SF-P3O-NoFisher,Hopper-v4,1
363351,reward,3704,379.8187790514081,397.507,SF-P3O-NoFisher,Hopper-v4,1
363488,reward,3705,388.1402729522176,393.461,SF-P3O-NoFisher,Hopper-v4,1
363643,reward,3706,452.1523683776059,397.501,SF-P3O-NoFisher,Hopper-v4,1
363776,reward,3707,374.1113266897738,395.45,SF-P3O-NoFisher,Hopper-v4,1
363925,reward,3708,429.7995861295988,395.032,SF-P3O-NoFisher,Hopper-v4,1
364076,reward,3709,444.6411606008074,399.396,SF-P3O-NoFisher,Hopper-v4,1
364216,reward,3710,393.2474929108315,399.493,SF-P3O-NoFisher,Hopper-v4,1
364350,reward,3711,377.32798267028664,399.108,SF-P3O-NoFisher,Hopper-v4,1
364482,reward,3712,373.6844349043975,397.839,SF-P3O-NoFisher,Hopper-v4,1
364638,reward,3713,465.0649582643292,407.799,SF-P3O-NoFisher,Hopper-v4,1
364785,reward,3714,425.6624406617636,412.383,SF-P3O-NoFisher,Hopper-v4,1
364926,reward,3715,402.16226614680664,413.785,SF-P3O-NoFisher,Hopper-v4,1
365056,reward,3716,367.770084577256,405.347,SF-P3O-NoFisher,Hopper-v4,1
365195,reward,3717,385.58455244628396,406.494,SF-P3O-NoFisher,Hopper-v4,1
365350,reward,3718,459.67132158492007,409.482,SF-P3O-NoFisher,Hopper-v4,1
365486,reward,3719,391.5458605093261,404.172,SF-P3O-NoFisher,Hopper-v4,1
365650,reward,3720,491.30315962001106,413.978,SF-P3O-NoFisher,Hopper-v4,1
365786,reward,3721,380.3763505684325,414.283,SF-P3O-NoFisher,Hopper-v4,1
365924,reward,3722,379.6764588240824,414.882,SF-P3O-NoFisher,Hopper-v4,1
366061,reward,3723,403.98205930208803,408.773,SF-P3O-NoFisher,Hopper-v4,1
366212,reward,3724,434.77885617985316,409.685,SF-P3O-NoFisher,Hopper-v4,1
366348,reward,3725,373.89501229556333,406.858,SF-P3O-NoFisher,Hopper-v4,1
366525,reward,3726,548.1103212916728,424.892,SF-P3O-NoFisher,Hopper-v4,1
366668,reward,3727,398.16073200249275,426.15,SF-P3O-NoFisher,Hopper-v4,1
366825,reward,3728,482.9193885584254,428.475,SF-P3O-NoFisher,Hopper-v4,1
366957,reward,3729,361.88999219047645,425.509,SF-P3O-NoFisher,Hopper-v4,1
367101,reward,3730,423.9796162120319,418.777,SF-P3O-NoFisher,Hopper-v4,1
367234,reward,3731,363.1667714488008,417.056,SF-P3O-NoFisher,Hopper-v4,1
367374,reward,3732,402.99444992189945,419.388,SF-P3O-NoFisher,Hopper-v4,1
367522,reward,3733,413.0536342467177,420.295,SF-P3O-NoFisher,Hopper-v4,1
367658,reward,3734,391.08199686191364,415.925,SF-P3O-NoFisher,Hopper-v4,1
367809,reward,3735,446.4417053484763,423.18,SF-P3O-NoFisher,Hopper-v4,1
367943,reward,3736,371.8678811828941,405.556,SF-P3O-NoFisher,Hopper-v4,1
368098,reward,3737,465.2417462466739,412.264,SF-P3O-NoFisher,Hopper-v4,1
368220,reward,3738,332.64179597774086,397.236,SF-P3O-NoFisher,Hopper-v4,1
368363,reward,3739,406.1743620611546,401.664,SF-P3O-NoFisher,Hopper-v4,1
368509,reward,3740,420.1393403385378,401.28,SF-P3O-NoFisher,Hopper-v4,1
368640,loss,0.06415240466594696,0.8700835704803467,SF-P3O-NoFisher,Hopper-v4,1
368646,reward,3741,389.26993881609496,403.891,SF-P3O-NoFisher,Hopper-v4,1
368804,reward,3742,473.46994101496006,410.938,SF-P3O-NoFisher,Hopper-v4,1
368951,reward,3743,433.8174378511249,413.015,SF-P3O-NoFisher,Hopper-v4,1
369112,reward,3744,466.4276148723916,420.549,SF-P3O-NoFisher,Hopper-v4,1
369255,reward,3745,406.65961060403146,416.571,SF-P3O-NoFisher,Hopper-v4,1
369395,reward,3746,380.48018499684963,417.432,SF-P3O-NoFisher,Hopper-v4,1
369532,reward,3747,371.45777781863154,408.054,SF-P3O-NoFisher,Hopper-v4,1
369665,reward,3748,374.1382005179693,412.203,SF-P3O-NoFisher,Hopper-v4,1
369829,reward,3749,498.4726026966681,421.433,SF-P3O-NoFisher,Hopper-v4,1
370000,speed,456.77,10.2,SF-P3O-NoFisher,Hopper-v4,1
370001,spectral,0.046835,0.950475,0.3828,SF-P3O-NoFisher,Hopper-v4,1
370025,reward,3750,600.9733083176786,439.517,SF-P3O-NoFisher,Hopper-v4,1
370156,reward,3751,374.4164252149511,438.031,SF-P3O-NoFisher,Hopper-v4,1
370297,reward,3752,404.68107293047433,431.152,SF-P3O-NoFisher,Hopper-v4,1
370444,reward,3753,431.2747737742368,430.898,SF-P3O-NoFisher,Hopper-v4,1
370594,reward,3754,442.5405956648751,428.509,SF-P3O-NoFisher,Hopper-v4,1
370737,reward,3755,403.406955323738,428.184,SF-P3O-NoFisher,Hopper-v4,1
370867,reward,3756,367.7426816139455,426.91,SF-P3O-NoFisher,Hopper-v4,1
371007,reward,3757,396.7987204723113,429.445,SF-P3O-NoFisher,Hopper-v4,1
371175,reward,3758,512.5577083927503,443.286,SF-P3O-NoFisher,Hopper-v4,1
371327,reward,3759,444.376280463322,437.877,SF-P3O-NoFisher,Hopper-v4,1
371480,reward,3760,447.8571724080087,422.565,SF-P3O-NoFisher,Hopper-v4,1
371636,reward,3761,467.49949742773725,431.874,SF-P3O-NoFisher,Hopper-v4,1
371772,reward,3762,387.0426516405043,430.11,SF-P3O-NoFisher,Hopper-v4,1
371919,reward,3763,431.4462696936704,430.127,SF-P3O-NoFisher,Hopper-v4,1
372070,reward,3764,434.43318597444363,429.316,SF-P3O-NoFisher,Hopper-v4,1
372222,reward,3765,469.2136591053332,435.897,SF-P3O-NoFisher,Hopper-v4,1
372364,reward,3766,398.6836949969081,438.991,SF-P3O-NoFisher,Hopper-v4,1
372504,reward,3767,395.0888613454368,438.82,SF-P3O-NoFisher,Hopper-v4,1
372646,reward,3768,405.03250284007936,428.067,SF-P3O-NoFisher,Hopper-v4,1
372783,reward,3769,363.59334679192074,419.989,SF-P3O-NoFisher,Hopper-v4,1
372926,reward,3770,411.6236608503278,416.366,SF-P3O-NoFisher,Hopper-v4,1
373066,reward,3771,390.4819897972229,408.664,SF-P3O-NoFisher,Hopper-v4,1
373215,reward,3772,424.82986986410293,412.443,SF-P3O-NoFisher,Hopper-v4,1
373354,reward,3773,389.72324939889154,408.27,SF-P3O-NoFisher,Hopper-v4,1
373502,reward,3774,430.7601384120601,407.903,SF-P3O-NoFisher,Hopper-v4,1
373680,reward,3775,550.3430074603963,416.016,SF-P3O-NoFisher,Hopper-v4,1
373812,reward,3776,360.26287167812063,412.174,SF-P3O-NoFisher,Hopper-v4,1
373946,reward,3777,381.6540260013245,410.83,SF-P3O-NoFisher,Hopper-v4,1
374110,reward,3778,489.1866576775279,419.246,SF-P3O-NoFisher,Hopper-v4,1
374256,reward,3779,424.67204921777557,425.354,SF-P3O-NoFisher,Hopper-v4,1
374398,reward,3780,409.23000775737205,425.114,SF-P3O-NoFisher,Hopper-v4,1
374530,reward,3781,368.82685756189073,422.949,SF-P3O-NoFisher,Hopper-v4,1
374667,reward,3782,382.00297515543093,418.666,SF-P3O-NoFisher,Hopper-v4,1
374808,reward,3783,390.97915267421433,418.792,SF-P3O-NoFisher,Hopper-v4,1
375009,reward,3784,621.8038728440681,437.896,SF-P3O-NoFisher,Hopper-v4,1
375130,reward,3785,341.31340834744606,416.993,SF-P3O-NoFisher,Hopper-v4,1
375272,reward,3786,395.7894315153736,420.546,SF-P3O-NoFisher,Hopper-v4,1
375423,reward,3787,447.3637213863147,427.117,SF-P3O-NoFisher,Hopper-v4,1
375566,reward,3788,412.85226162505774,419.483,SF-P3O-NoFisher,Hopper-v4,1
375710,reward,3789,389.5895766759661,415.975,SF-P3O-NoFisher,Hopper-v4,1
375847,reward,3790,381.8175976613525,413.234,SF-P3O-NoFisher,Hopper-v4,1
375990,reward,3791,413.9789430309421,417.749,SF-P3O-NoFisher,Hopper-v4,1
376125,reward,3792,386.9102657355419,418.24,SF-P3O-NoFisher,Hopper-v4,1
376278,reward,3793,463.74784446461325,425.517,SF-P3O-NoFisher,Hopper-v4,1
376437,reward,3794,477.3655902394984,411.073,SF-P3O-NoFisher,Hopper-v4,1
376574,reward,3795,385.9045640066938,415.532,SF-P3O-NoFisher,Hopper-v4,1
376710,reward,3796,394.63494928918414,415.417,SF-P3O-NoFisher,Hopper-v4,1
376832,loss,0.10601697862148285,0.5104303359985352,SF-P3O-NoFisher,Hopper-v4,1
376832,diagnostics,0.0,58.03,19.1988,0.04752,0.95051,0.4262,-1.0,SF-P3O-NoFisher,Hopper-v4,1
376838,reward,3797,357.9825400357766,406.478,SF-P3O-NoFisher,Hopper-v4,1
376975,reward,3798,387.79683611388253,403.973,SF-P3O-NoFisher,Hopper-v4,1
377116,reward,3799,405.41965881981235,405.556,SF-P3O-NoFisher,Hopper-v4,1
377263,reward,3800,428.45009705605725,410.219,SF-P3O-NoFisher,Hopper-v4,1
377399,reward,3801,372.9225908766895,406.113,SF-P3O-NoFisher,Hopper-v4,1
377557,reward,3802,489.3482461903938,416.357,SF-P3O-NoFisher,Hopper-v4,1
377694,reward,3803,386.5659251322833,408.639,SF-P3O-NoFisher,Hopper-v4,1
377839,reward,3804,430.75808179128467,403.978,SF-P3O-NoFisher,Hopper-v4,1
378000,reward,3805,470.341421435945,412.422,SF-P3O-NoFisher,Hopper-v4,1
378145,reward,3806,424.38600649458016,415.397,SF-P3O-NoFisher,Hopper-v4,1
378298,reward,3807,454.8413757882669,425.083,SF-P3O-NoFisher,Hopper-v4,1
378436,reward,3808,395.0653270942914,425.81,SF-P3O-NoFisher,Hopper-v4,1
378580,reward,3809,415.8118014560004,426.849,SF-P3O-NoFisher,Hopper-v4,1
378719,reward,3810,394.0078391202451,423.405,SF-P3O-NoFisher,Hopper-v4,1
378873,reward,3811,455.736571442291,431.686,SF-P3O-NoFisher,Hopper-v4,1
379015,reward,3812,409.0901869082868,423.66,SF-P3O-NoFisher,Hopper-v4,1
379173,reward,3813,457.2016703864365,430.724,SF-P3O-NoFisher,Hopper-v4,1
379322,reward,3814,438.6274334606358,431.511,SF-P3O-NoFisher,Hopper-v4,1
379461,reward,3815,400.6327368749927,424.54,SF-P3O-NoFisher,Hopper-v4,1
379618,reward,3816,466.3000444907958,428.731,SF-P3O-NoFisher,Hopper-v4,1
379770,reward,3817,451.05895194383055,428.353,SF-P3O-NoFisher,Hopper-v4,1
379903,reward,3818,364.8136811026403,425.328,SF-P3O-NoFisher,Hopper-v4,1
380000,speed,657.44,10.46,SF-P3O-NoFisher,Hopper-v4,1
380001,spectral,0.04752,0.95051,0.4262,SF-P3O-NoFisher,Hopper-v4,1
380049,reward,3819,427.7578665014769,426.523,SF-P3O-NoFisher,Hopper-v4,1
380203,reward,3820,461.42957330434524,433.265,SF-P3O-NoFisher,Hopper-v4,1
380353,reward,3821,453.0733303796108,432.999,SF-P3O-NoFisher,Hopper-v4,1
380486,reward,3822,367.0901686481385,428.799,SF-P3O-NoFisher,Hopper-v4,1
380646,reward,3823,477.78010357872574,430.856,SF-P3O-NoFisher,Hopper-v4,1
380806,reward,3824,483.13561054000473,435.307,SF-P3O-NoFisher,Hopper-v4,1
380943,reward,3825,384.1888934065132,433.663,SF-P3O-NoFisher,Hopper-v4,1
381084,reward,3826,408.84504432537386,427.917,SF-P3O-NoFisher,Hopper-v4,1
381237,reward,3827,448.9925669459741,427.711,SF-P3O-NoFisher,Hopper-v4,1
381375,reward,3828,397.98438911069604,431.028,SF-P3O-NoFisher,Hopper-v4,1
381555,reward,3829,536.9211929566218,441.944,SF-P3O-NoFisher,Hopper-v4,1
381725,reward,3830,505.7656931575922,446.378,SF-P3O-NoFisher,Hopper-v4,1
381870,reward,3831,425.51329675950376,443.622,SF-P3O-NoFisher,Hopper-v4,1
382038,reward,3832,507.80736428046714,457.693,SF-P3O-NoFisher,Hopper-v4,1
382236,reward,3833,607.7209140498309,470.687,SF-P3O-NoFisher,Hopper-v4,1
382382,reward,3834,421.9340017644763,464.567,SF-P3O-NoFisher,Hopper-v4,1
382551,reward,3835,488.77108010286815,475.026,SF-P3O-NoFisher,Hopper-v4,1
382695,reward,3836,403.09377111371265,474.45,SF-P3O-NoFisher,Hopper-v4,1
382860,reward,3837,500.8885686974547,479.64,SF-P3O-NoFisher,Hopper-v4,1
383031,reward,3838,519.9675508387215,491.838,SF-P3O-NoFisher,Hopper-v4,1
383183,reward,3839,447.94504678106074,482.941,SF-P3O-NoFisher,Hopper-v4,1
383359,reward,3840,525.6846633104682,484.933,SF-P3O-NoFisher,Hopper-v4,1
383490,reward,3841,359.3345330435551,478.315,SF-P3O-NoFisher,Hopper-v4,1
383629,reward,3842,395.81346650367135,467.115,SF-P3O-NoFisher,Hopper-v4,1
383761,reward,3843,368.6954666791854,443.213,SF-P3O-NoFisher,Hopper-v4,1
383943,reward,3844,544.8430912963413,455.504,SF-P3O-NoFisher,Hopper-v4,1
384085,reward,3845,405.63037001130425,447.19,SF-P3O-NoFisher,Hopper-v4,1
384253,reward,3846,515.9562694162612,458.476,SF-P3O-NoFisher,Hopper-v4,1
384387,reward,3847,371.1525234033361,445.502,SF-P3O-NoFisher,Hopper-v4,1
384520,reward,3848,372.8806829827938,430.794,SF-P3O-NoFisher,Hopper-v4,1
384672,reward,3849,452.4274515601028,431.242,SF-P3O-NoFisher,Hopper-v4,1
384823,reward,3850,445.6045021908814,423.234,SF-P3O-NoFisher,Hopper-v4,1
384977,reward,3851,441.0898607247353,431.409,SF-P3O-NoFisher,Hopper-v4,1
385024,loss,0.03855476155877113,0.5695576071739197,SF-P3O-NoFisher,Hopper-v4,1
385127,reward,3852,427.5430264790085,434.582,SF-P3O-NoFisher,Hopper-v4,1
385334,reward,3853,622.3502887718104,459.948,SF-P3O-NoFisher,Hopper-v4,1
385494,reward,3854,480.5165138535174,453.515,SF-P3O-NoFisher,Hopper-v4,1
385632,reward,3855,399.0729098365921,452.859,SF-P3O-NoFisher,Hopper-v4,1
385796,reward,3856,474.5677619172291,448.721,SF-P3O-NoFisher,Hopper-v4,1
385954,reward,3857,474.32678431845386,459.038,SF-P3O-NoFisher,Hopper-v4,1
386103,reward,3858,435.23711963969714,465.274,SF-P3O-NoFisher,Hopper-v4,1
386263,reward,3859,470.9124866618394,467.122,SF-P3O-NoFisher,Hopper-v4,1
386424,reward,3860,477.9374110904116,470.355,SF-P3O-NoFisher,Hopper-v4,1
386577,reward,3861,447.4795107119421,470.994,SF-P3O-NoFisher,Hopper-v4,1
386732,reward,3862,461.4171548590797,474.382,SF-P3O-NoFisher,Hopper-v4,1
386894,reward,3863,487.75959554192303,460.923,SF-P3O-NoFisher,Hopper-v4,1
387058,reward,3864,498.14624104232456,462.686,SF-P3O-NoFisher,Hopper-v4,1
387196,reward,3865,396.9410698209735,462.473,SF-P3O-NoFisher,Hopper-v4,1
387341,reward,3866,397.48216648105887,454.764,SF-P3O-NoFisher,Hopper-v4,1
387516,reward,3867,535.2806060013577,460.859,SF-P3O-NoFisher,Hopper-v4,1
387659,reward,3868,411.5598253672183,458.492,SF-P3O-NoFisher,Hopper-v4,1
387805,reward,3869,424.2608609139241,453.826,SF-P3O-NoFisher,Hopper-v4,1
387949,reward,3870,399.36488439545394,445.969,SF-P3O-NoFisher,Hopper-v4,1
388099,reward,3871,445.2398705583193,445.745,SF-P3O-NoFisher,Hopper-v4,1
388248,reward,3872,430.4182391379262,442.645,SF-P3O-NoFisher,Hopper-v4,1
388434,reward,3873,571.2106447495727,450.99,SF-P3O-NoFisher,Hopper-v4,1
388590,reward,3874,461.40644301185176,447.316,SF-P3O-NoFisher,Hopper-v4,1
388757,reward,3875,511.0243152665102,458.725,SF-P3O-NoFisher,Hopper-v4,1
388889,reward,3876,372.55301624738604,456.232,SF-P3O-NoFisher,Hopper-v4,1
389033,reward,3877,417.2230304754634,444.426,SF-P3O-NoFisher,Hopper-v4,1
389163,reward,3878,354.83891288490673,438.754,SF-P3O-NoFisher,Hopper-v4,1
389337,reward,3879,515.7230265333944,447.9,SF-P3O-NoFisher,Hopper-v4,1
389473,reward,3880,383.71151909774346,446.335,SF-P3O-NoFisher,Hopper-v4,1
389631,reward,3881,486.3031135214578,450.441,SF-P3O-NoFisher,Hopper-v4,1
389752,reward,3882,325.06825886278875,439.906,SF-P3O-NoFisher,Hopper-v4,1
389908,reward,3883,471.82979475415254,429.968,SF-P3O-NoFisher,Hopper-v4,1
390000,speed,666.11,10.71,SF-P3O-NoFisher,Hopper-v4,1
390001,spectral,0.048047,0.950242,0.4153,SF-P3O-NoFisher,Hopper-v4,1
390058,reward,3884,427.9061799178583,426.618,SF-P3O-NoFisher,Hopper-v4,1
390200,reward,3885,399.9057472195794,415.506,SF-P3O-NoFisher,Hopper-v4,1
390353,reward,3886,459.3804539618868,424.189,SF-P3O-NoFisher,Hopper-v4,1
390490,reward,3887,388.79554233188134,421.346,SF-P3O-NoFisher,Hopper-v4,1
390645,reward,3888,468.9661865169382,432.759,SF-P3O-NoFisher,Hopper-v4,1
390779,reward,3889,364.740033306183,417.661,SF-P3O-NoFisher,Hopper-v4,1
390924,reward,3890,406.38768636832964,419.928,SF-P3O-NoFisher,Hopper-v4,1
391062,reward,3891,391.9148907849518,410.489,SF-P3O-NoFisher,Hopper-v4,1
391235,reward,3892,529.9188084515339,430.975,SF-P3O-NoFisher,Hopper-v4,1
391380,reward,3893,413.55119031054613,425.147,SF-P3O-NoFisher,Hopper-v4,1
391510,reward,3894,370.0773515588369,419.364,SF-P3O-NoFisher,Hopper-v4,1
391665,reward,3895,459.9807846292397,425.371,SF-P3O-NoFisher,Hopper-v4,1
391814,reward,3896,416.73395919836946,421.107,SF-P3O-NoFisher,Hopper-v4,1
391957,reward,3897,417.2732596571802,423.954,SF-P3O-NoFisher,Hopper-v4,1
392122,reward,3898,482.5023828672386,425.308,SF-P3O-NoFisher,Hopper-v4,1
392255,reward,3899,373.8616474962164,426.22,SF-P3O-NoFisher,Hopper-v4,1
392398,reward,3900,406.3848409643774,426.22,SF-P3O-NoFisher,Hopper-v4,1
392563,reward,3901,504.8949697044353,437.518,SF-P3O-NoFisher,Hopper-v4,1
392722,reward,3902,471.92710937401273,431.719,SF-P3O-NoFisher,Hopper-v4,1
392866,reward,3903,415.111255869831,431.875,SF-P3O-NoFisher,Hopper-v4,1
393004,reward,3904,389.9665774926947,433.864,SF-P3O-NoFisher,Hopper-v4,1
393167,reward,3905,498.0822567338735,437.674,SF-P3O-NoFisher,Hopper-v4,1
393216,loss,-0.10842453688383102,0.49368882179260254,SF-P3O-NoFisher,Hopper-v4,1
393216,diagnostics,0.0,58.25,33.905,0.048686,0.949338,0.4726,-1.0,SF-P3O-NoFisher,Hopper-v4,1
393304,reward,3906,386.88789608033943,434.689,SF-P3O-NoFisher,Hopper-v4,1
393453,reward,3907,429.0217834535531,435.864,SF-P3O-NoFisher,Hopper-v4,1
393607,reward,3908,459.3633477446379,433.55,SF-P3O-NoFisher,Hopper-v4,1
393794,reward,3909,555.9100633790771,451.755,SF-P3O-NoFisher,Hopper-v4,1
393946,reward,3910,458.33448622201433,456.95,SF-P3O-NoFisher,Hopper-v4,1
394094,reward,3911,433.8649189434983,449.847,SF-P3O-NoFisher,Hopper-v4,1
394258,reward,3912,497.9405409579224,452.448,SF-P3O-NoFisher,Hopper-v4,1
394417,reward,3913,470.05739572130307,457.943,SF-P3O-NoFisher,Hopper-v4,1
394594,reward,3914,526.599173903428,471.606,SF-P3O-NoFisher,Hopper-v4,1
394768,reward,3915,527.8242774432788,474.58,SF-P3O-NoFisher,Hopper-v4,1
394933,reward,3916,492.8256232875274,485.174,SF-P3O-NoFisher,Hopper-v4,1
395103,reward,3917,513.3267104905477,493.605,SF-P3O-NoFisher,Hopper-v4,1
395245,reward,3918,404.796010398343,488.148,SF-P3O-NoFisher,Hopper-v4,1
395402,reward,3919,481.0062572641375,480.658,SF-P3O-NoFisher,Hopper-v4,1
395549,reward,3920,426.9398090226564,477.518,SF-P3O-NoFisher,Hopper-v4,1
395712,reward,3921,496.04425467702936,483.736,SF-P3O-NoFisher,Hopper-v4,1
395866,reward,3922,458.14880389713295,479.757,SF-P3O-NoFisher,Hopper-v4,1
396021,reward,3923,461.35560867416876,478.887,SF-P3O-NoFisher,Hopper-v4,1
396214,reward,3924,594.46942636477,485.674,SF-P3O-NoFisher,Hopper-v4,1
396374,reward,3925,463.1387045971856,479.205,SF-P3O-NoFisher,Hopper-v4,1
396537,reward,3926,480.99482687879083,478.022,SF-P3O-NoFisher,Hopper-v4,1
396669,reward,3927,362.985485150641,462.988,SF-P3O-NoFisher,Hopper-v4,1
396823,reward,3928,457.2924671381202,468.238,SF-P3O-NoFisher,Hopper-v4,1
396975,reward,3929,457.7299403679841,465.91,SF-P3O-NoFisher,Hopper-v4,1
397126,reward,3930,462.65751345990367,469.482,SF-P3O-NoFisher,Hopper-v4,1
397273,reward,3931,416.7711166181622,461.554,SF-P3O-NoFisher,Hopper-v4,1
397433,reward,3932,484.1449484067737,464.154,SF-P3O-NoFisher,Hopper-v4,1
397606,reward,3933,524.3620312573413,470.455,SF-P3O-NoFisher,Hopper-v4,1
397751,reward,3934,408.4501130578026,451.853,SF-P3O-NoFisher,Hopper-v4,1
397914,reward,3935,477.44517225002215,453.283,SF-P3O-NoFisher,Hopper-v4,1
398077,reward,3936,485.28513326916294,453.712,SF-P3O-NoFisher,Hopper-v4,1
398209,reward,3937,364.0139094254329,453.815,SF-P3O-NoFisher,Hopper-v4,1
398343,reward,3938,378.28338010443287,445.914,SF-P3O-NoFisher,Hopper-v4,1
398484,reward,3939,400.05317059660547,440.147,SF-P3O-NoFisher,Hopper-v4,1
398646,reward,3940,488.36302747549627,442.717,SF-P3O-NoFisher,Hopper-v4,1
398848,reward,3941,626.8607353502767,463.726,SF-P3O-NoFisher,Hopper-v4,1
398996,reward,3942,424.3656639182452,457.748,SF-P3O-NoFisher,Hopper-v4,1
399159,reward,3943,496.0983278378987,454.922,SF-P3O-NoFisher,Hopper-v4,1
399316,reward,3944,463.9360673041969,460.47,SF-P3O-NoFisher,Hopper-v4,1
399452,reward,3945,379.895913191975,450.716,SF-P3O-NoFisher,Hopper-v4,1
399609,reward,3946,465.5879933040819,448.746,SF-P3O-NoFisher,Hopper-v4,1
399773,reward,3947,500.8384499131654,462.428,SF-P3O-NoFisher,Hopper-v4,1
399945,reward,3948,515.032024195234,476.103,SF-P3O-NoFisher,Hopper-v4,1
400000,speed,659.58,10.96,SF-P3O-NoFisher,Hopper-v4,1
400001,spectral,0.048686,0.949338,0.4726,SF-P3O-NoFisher,Hopper-v4,1
400109,reward,3949,501.07517064637204,486.205,SF-P3O-NoFisher,Hopper-v4,1
400246,reward,3950,384.83038648717246,475.852,SF-P3O-NoFisher,Hopper-v4,1
400384,reward,3951,396.8504442242885,452.851,SF-P3O-NoFisher,Hopper-v4,1
400534,reward,3952,428.1024366884497,453.225,SF-P3O-NoFisher,Hopper-v4,1
400694,reward,3953,478.43266549312676,451.458,SF-P3O-NoFisher,Hopper-v4,1
400839,reward,3954,397.33347702370435,444.798,SF-P3O-NoFisher,Hopper-v4,1
401023,reward,3955,567.1390674366355,463.522,SF-P3O-NoFisher,Hopper-v4,1
401175,reward,3956,454.6341960092319,462.427,SF-P3O-NoFisher,Hopper-v4,1
401318,reward,3957,427.842382903744,455.127,SF-P3O-NoFisher,Hopper-v4,1
401408,loss,0.02197624370455742,0.6520154476165771,SF-P3O-NoFisher,Hopper-v4,1
401492,reward,3958,497.9753524539037,453.422,SF-P3O-NoFisher,Hopper-v4,1
401652,reward,3959,473.2390227614661,450.638,SF-P3O-NoFisher,Hopper-v4,1
401801,reward,3960,434.03574469313554,455.558,SF-P3O-NoFisher,Hopper-v4,1
401977,reward,3961,536.0518642511352,469.479,SF-P3O-NoFisher,Hopper-v4,1
402127,reward,3962,442.95016488960346,470.963,SF-P3O-NoFisher,Hopper-v4,1
402301,reward,3963,532.5372851952471,476.374,SF-P3O-NoFisher,Hopper-v4,1
402464,reward,3964,491.59936564099644,485.8,SF-P3O-NoFisher,Hopper-v4,1
402606,reward,3965,402.17313962497565,469.304,SF-P3O-NoFisher,Hopper-v4,1
402757,reward,3966,424.76853989043883,466.317,SF-P3O-NoFisher,Hopper-v4,1
402914,reward,3967,468.9471331357791,470.428,SF-P3O-NoFisher,Hopper-v4,1
403060,reward,3968,404.45610578156925,461.076,SF-P3O-NoFisher,Hopper-v4,1
403209,reward,3969,436.6379890043889,457.416,SF-P3O-NoFisher,Hopper-v4,1
403345,reward,3970,381.624615698918,452.175,SF-P3O-NoFisher,Hopper-v4,1
403511,reward,3971,498.69262978209264,448.439,SF-P3O-NoFisher,Hopper-v4,1
403663,reward,3972,448.84965719670623,449.029,SF-P3O-NoFisher,Hopper-v4,1
403839,reward,3973,540.65954814973,449.841,SF-P3O-NoFisher,Hopper-v4,1
404033,reward,3974,599.6625058587201,460.647,SF-P3O-NoFisher,Hopper-v4,1
404205,reward,3975,527.2514268841467,473.155,SF-P3O-NoFisher,Hopper-v4,1
404342,reward,3976,380.49023187676346,468.727,SF-P3O-NoFisher,Hopper-v4,1
404501,reward,3977,482.84504353479576,470.117,SF-P3O-NoFisher,Hopper-v4,1
404651,reward,3978,420.62615724537113,471.734,SF-P3O-NoFisher,Hopper-v4,1
404800,reward,3979,419.9845679450911,470.069,SF-P3O-NoFisher,Hopper-v4,1
404962,reward,3980,481.69876732225896,480.076,SF-P3O-NoFisher,Hopper-v4,1
405131,reward,3981,502.12977625359315,480.42,SF-P3O-NoFisher,Hopper-v4,1
405292,reward,3982,495.7817001846546,485.113,SF-P3O-NoFisher,Hopper-v4,1
405459,reward,3983,513.568432805928,482.404,SF-P3O-NoFisher,Hopper-v4,1
405626,reward,3984,498.03659855640353,472.241,SF-P3O-NoFisher,Hopper-v4,1
405772,reward,3985,413.44407657701856,460.861,SF-P3O-NoFisher,Hopper-v4,1
405925,reward,3986,441.6627861412895,466.978,SF-P3O-NoFisher,Hopper-v4,1
406075,reward,3987,426.2181617446424,461.315,SF-P3O-NoFisher,Hopper-v4,1
406229,reward,3988,443.79065806107593,463.632,SF-P3O-NoFisher,Hopper-v4,1
406389,reward,3989,471.90282182721324,468.823,SF-P3O-NoFisher,Hopper-v4,1
406524,reward,3990,388.38058477014596,459.492,SF-P3O-NoFisher,Hopper-v4,1
406681,reward,3991,466.41462517336726,455.92,SF-P3O-NoFisher,Hopper-v4,1
406819,reward,3992,375.37277945972346,443.879,SF-P3O-NoFisher,Hopper-v4,1
406978,reward,3993,476.54303626444147,440.177,SF-P3O-NoFisher,Hopper-v4,1
407119,reward,3994,393.30109839218926,429.703,SF-P3O-NoFisher,Hopper-v4,1
407283,reward,3995,500.53853011064604,438.413,SF-P3O-NoFisher,Hopper-v4,1
407444,reward,3996,470.6686626483934,441.313,SF-P3O-NoFisher,Hopper-v4,1
407650,reward,3997,645.1763681255004,463.209,SF-P3O-NoFisher,Hopper-v4,1
407828,reward,3998,542.082350190569,473.038,SF-P3O-NoFisher,Hopper-v4,1
407971,reward,3999,408.20490717622096,466.668,SF-P3O-NoFisher,Hopper-v4,1
408134,reward,4000,492.9675014087283,477.127,SF-P3O-NoFisher,Hopper-v4,1
408303,reward,4001,517.815467815131,482.267,SF-P3O-NoFisher,Hopper-v4,1
408487,reward,4002,568.9012687138224,501.62,SF-P3O-NoFisher,Hopper-v4,1
408651,reward,4003,486.40015004643834,502.606,SF-P3O-NoFisher,Hopper-v4,1
408813,reward,4004,494.9629760774075,512.772,SF-P3O-NoFisher,Hopper-v4,1
408960,reward,4005,439.74485955669826,506.692,SF-P3O-NoFisher,Hopper-v4,1
409121,reward,4006,481.4594935077834,507.772,SF-P3O-NoFisher,Hopper-v4,1
409282,reward,4007,489.7321520456776,492.227,SF-P3O-NoFisher,Hopper-v4,1
409441,reward,4008,479.55612728528627,485.974,SF-P3O-NoFisher,Hopper-v4,1
409600,loss,0.06180070340633392,0.6240454912185669,SF-P3O-NoFisher,Hopper-v4,1
409600,diagnostics,0.0,58.45,58.4952,0.049721,0.949965,0.5075,-1.0,SF-P3O-NoFisher,Hopper-v4,1
409619,reward,4009,547.3250892028163,499.887,SF-P3O-NoFisher,Hopper-v4,1
409775,reward,4010,476.66520297947244,498.256,SF-P3O-NoFisher,Hopper-v4,1
409937,reward,4011,490.52163004482185,495.527,SF-P3O-NoFisher,Hopper-v4,1
410000,speed,453.11,11.33,SF-P3O-NoFisher,Hopper-v4,1
410001,spectral,0.049721,0.949965,0.5075,SF-P3O-NoFisher,Hopper-v4,1
410102,reward,4012,504.495972086484,489.086,SF-P3O-NoFisher,Hopper-v4,1
410256,reward,4013,459.27383822127996,486.374,SF-P3O-NoFisher,Hopper-v4,1
410414,reward,4014,474.4221585544956,484.32,SF-P3O-NoFisher,Hopper-v4,1
410561,reward,4015,413.6984970471878,481.715,SF-P3O-NoFisher,Hopper-v4,1
410710,reward,4016,443.8052703069893,477.95,SF-P3O-NoFisher,Hopper-v4,1
410884,reward,4017,528.8894632915765,481.865,SF-P3O-NoFisher,Hopper-v4,1
411061,reward,4018,520.4668154242047,485.956,SF-P3O-NoFisher,Hopper-v4,1
411220,reward,4019,481.7495449706446,479.399,SF-P3O-NoFisher,Hopper-v4,1
411373,reward,4020,457.2896122042652,477.461,SF-P3O-NoFisher,Hopper-v4,1
411562,reward,4021,584.840318085939,486.893,SF-P3O-NoFisher,Hopper-v4,1
411724,reward,4022,487.41782312027,485.185,SF-P3O-NoFisher,Hopper-v4,1
411878,reward,4023,461.7613301646539,485.434,SF-P3O-NoFisher,Hopper-v4,1
412034,reward,4024,457.8470118951112,483.777,SF-P3O-NoFisher,Hopper-v4,1
412211,reward,4025,554.2874095719188,497.835,SF-P3O-NoFisher,Hopper-v4,1
412376,reward,4026,495.5477115434647,503.01,SF-P3O-NoFisher,Hopper-v4,1
412567,reward,4027,593.3617439244246,509.457,SF-P3O-NoFisher,Hopper-v4,1
412715,reward,4028,427.6053662333734,500.171,SF-P3O-NoFisher,Hopper-v4,1
412873,reward,4029,463.2466909986102,498.321,SF-P3O-NoFisher,Hopper-v4,1
413038,reward,4030,502.01404892406646,502.793,SF-P3O-NoFisher,Hopper-v4,1
413189,reward,4031,448.33336032361325,489.142,SF-P3O-NoFisher,Hopper-v4,1
413348,reward,4032,471.06755772751535,487.507,SF-P3O-NoFisher,Hopper-v4,1
413504,reward,4033,461.30872964940454,487.462,SF-P3O-NoFisher,Hopper-v4,1
413634,reward,4034,352.8733329104958,476.965,SF-P3O-NoFisher,Hopper-v4,1
413825,reward,4035,586.3612021253554,480.172,SF-P3O-NoFisher,Hopper-v4,1
413993,reward,4036,516.0485680847027,482.222,SF-P3O-NoFisher,Hopper-v4,1
414108,reward,4037,297.90572474716464,452.676,SF-P3O-NoFisher,Hopper-v4,1
414254,reward,4038,429.9816299968548,452.914,SF-P3O-NoFisher,Hopper-v4,1
414395,reward,4039,417.9877386205716,448.388,SF-P3O-NoFisher,Hopper-v4,1
414563,reward,4040,511.8492766983304,449.372,SF-P3O-NoFisher,Hopper-v4,1
414752,reward,4041,578.0146804870933,462.34,SF-P3O-NoFisher,Hopper-v4,1
414918,reward,4042,505.4288706867997,465.776,SF-P3O-NoFisher,Hopper-v4,1
415043,reward,4043,349.52167626775673,454.597,SF-P3O-NoFisher,Hopper-v4,1
415209,reward,4044,515.9736053434168,470.907,SF-P3O-NoFisher,Hopper-v4,1
415357,reward,4045,452.1045500569306,457.482,SF-P3O-NoFisher,Hopper-v4,1
415513,reward,4046,455.0488926112542,451.382,SF-P3O-NoFisher,Hopper-v4,1
415661,reward,4047,431.5793172334097,464.749,SF-P3O-NoFisher,Hopper-v4,1
415828,reward,4048,517.8771310080406,473.539,SF-P3O-NoFisher,Hopper-v4,1
415989,reward,4049,486.13832299894466,480.354,SF-P3O-NoFisher,Hopper-v4,1
416153,reward,4050,493.8593590883318,478.555,SF-P3O-NoFisher,Hopper-v4,1
416311,reward,4051,483.8566586915685,469.139,SF-P3O-NoFisher,Hopper-v4,1
416469,reward,4052,475.79411377996416,466.175,SF-P3O-NoFisher,Hopper-v4,1
416638,reward,4053,519.563619966257,483.18,SF-P3O-NoFisher,Hopper-v4,1
416789,reward,4054,451.99388428356997,476.782,SF-P3O-NoFisher,Hopper-v4,1
416935,reward,4055,414.3449709904264,473.006,SF-P3O-NoFisher,Hopper-v4,1
417079,reward,4056,412.72350631933665,468.773,SF-P3O-NoFisher,Hopper-v4,1
417231,reward,4057,454.7517080764523,471.09,SF-P3O-NoFisher,Hopper-v4,1
417389,reward,4058,472.21987665422046,466.525,SF-P3O-NoFisher,Hopper-v4,1
417570,reward,4059,556.819160890443,473.593,SF-P3O-NoFisher,Hopper-v4,1
417727,reward,4060,463.6087033873487,470.568,SF-P3O-NoFisher,Hopper-v4,1
417792,loss,-0.011387079022824764,0.7317006587982178,SF-P3O-NoFisher,Hopper-v4,1
417893,reward,4061,510.0208631151194,473.184,SF-P3O-NoFisher,Hopper-v4,1
418065,reward,4062,518.9075558712748,477.495,SF-P3O-NoFisher,Hopper-v4,1
418224,reward,4063,477.2575908072169,473.265,SF-P3O-NoFisher,Hopper-v4,1
418376,reward,4064,460.9759501480493,474.163,SF-P3O-NoFisher,Hopper-v4,1
418528,reward,4065,452.25539056056203,477.954,SF-P3O-NoFisher,Hopper-v4,1
418701,reward,4066,511.08243580190066,487.79,SF-P3O-NoFisher,Hopper-v4,1
418865,reward,4067,493.22401138497236,491.637,SF-P3O-NoFisher,Hopper-v4,1
419036,reward,4068,528.5374658287666,497.269,SF-P3O-NoFisher,Hopper-v4,1
419194,reward,4069,475.78249204665514,489.165,SF-P3O-NoFisher,Hopper-v4,1
419362,reward,4070,517.3664544043467,494.541,SF-P3O-NoFisher,Hopper-v4,1
419524,reward,4071,489.52196623337045,492.491,SF-P3O-NoFisher,Hopper-v4,1
419690,reward,4072,513.7744751058466,491.978,SF-P3O-NoFisher,Hopper-v4,1
419867,reward,4073,525.9102391456082,496.843,SF-P3O-NoFisher,Hopper-v4,1
420000,speed,663.07,11.58,SF-P3O-NoFisher,Hopper-v4,1
420001,perturb,0.050342,0.949288,0.5534,-1,-1,0.02,1,SF-P3O-NoFisher,Hopper-v4,1
420049,reward,4074,547.5193257624811,505.497,SF-P3O-NoFisher,Hopper-v4,1
420215,reward,4075,500.41195635510104,510.313,SF-P3O-NoFisher,Hopper-v4,1
420392,reward,4076,543.5135947682995,513.556,SF-P3O-NoFisher,Hopper-v4,1
420585,reward,4077,598.1855147148123,524.052,SF-P3O-NoFisher,Hopper-v4,1
420769,reward,4078,561.4929130125737,527.348,SF-P3O-NoFisher,Hopper-v4,1
420959,reward,4079,582.8229457121714,538.052,SF-P3O-NoFisher,Hopper-v4,1
421107,reward,4080,431.498784508539,529.465,SF-P3O-NoFisher,Hopper-v4,1
421248,reward,4081,390.0533472617158,519.518,SF-P3O-NoFisher,Hopper-v4,1
421455,reward,4082,636.9883782467974,531.84,SF-P3O-NoFisher,Hopper-v4,1
421618,reward,4083,485.1609783923318,527.765,SF-P3O-NoFisher,Hopper-v4,1
421788,reward,4084,511.0847566663212,524.121,SF-P3O-NoFisher,Hopper-v4,1
421917,reward,4085,342.0179679383248,508.282,SF-P3O-NoFisher,Hopper-v4,1
422091,reward,4086,526.1667848054736,506.547,SF-P3O-NoFisher,Hopper-v4,1
422266,reward,4087,529.851355363575,499.714,SF-P3O-NoFisher,Hopper-v4,1
422435,reward,4088,511.2889174627889,494.693,SF-P3O-NoFisher,Hopper-v4,1
422603,reward,4089,501.5133745255419,486.562,SF-P3O-NoFisher,Hopper-v4,1
422749,reward,4090,432.8126040112161,486.694,SF-P3O-NoFisher,Hopper-v4,1
422916,reward,4091,514.4422580484137,499.133,SF-P3O-NoFisher,Hopper-v4,1
423082,reward,4092,505.12064196014626,485.946,SF-P3O-NoFisher,Hopper-v4,1
423259,reward,4093,538.2686541438391,491.257,SF-P3O-NoFisher,Hopper-v4,1
423448,reward,4094,573.6733992046103,497.516,SF-P3O-NoFisher,Hopper-v4,1
423598,reward,4095,445.2088043334843,507.835,SF-P3O-NoFisher,Hopper-v4,1
423766,reward,4096,502.35312476722675,505.453,SF-P3O-NoFisher,Hopper-v4,1
423924,reward,4097,465.79104149206387,499.047,SF-P3O-NoFisher,Hopper-v4,1
424101,reward,4098,546.0906160505054,502.527,SF-P3O-NoFisher,Hopper-v4,1
424267,reward,4099,482.6566989420445,500.642,SF-P3O-NoFisher,Hopper-v4,1
424391,reward,4100,317.72220319899776,489.133,SF-P3O-NoFisher,Hopper-v4,1
424541,reward,4101,435.4194555474708,481.23,SF-P3O-NoFisher,Hopper-v4,1
424650,reward,4102,255.03137769175345,456.222,SF-P3O-NoFisher,Hopper-v4,1
424841,reward,4103,586.9533544915811,461.09,SF-P3O-NoFisher,Hopper-v4,1
425001,reward,4104,459.2093705349116,449.644,SF-P3O-NoFisher,Hopper-v4,1
425165,reward,4105,500.81176017220736,455.204,SF-P3O-NoFisher,Hopper-v4,1
425326,reward,4106,473.53393038685397,452.322,SF-P3O-NoFisher,Hopper-v4,1
425479,reward,4107,445.8416110364393,450.327,SF-P3O-NoFisher,Hopper-v4,1
425653,reward,4108,521.7655671100308,447.895,SF-P3O-NoFisher,Hopper-v4,1
425804,reward,4109,425.0281598587377,442.132,SF-P3O-NoFisher,Hopper-v4,1
425979,reward,4110,537.7612233364551,464.136,SF-P3O-NoFisher,Hopper-v4,1
425984,loss,-0.023111214861273766,0.5770519971847534,SF-P3O-NoFisher,Hopper-v4,1
425984,diagnostics,0.0,59.09,34.8795,0.048599,0.95067,0.4691,-1.0,SF-P3O-NoFisher,Hopper-v4,1
426093,reward,4111,281.2694182990803,448.721,SF-P3O-NoFisher,Hopper-v4,1
426196,reward,4112,223.02036594669832,445.519,SF-P3O-NoFisher,Hopper-v4,1
426302,reward,4113,247.34297349892933,411.558,SF-P3O-NoFisher,Hopper-v4,1
426408,reward,4114,243.68002258148843,390.006,SF-P3O-NoFisher,Hopper-v4,1
426516,reward,4115,264.63051913168795,366.387,SF-P3O-NoFisher,Hopper-v4,1
426630,reward,4116,276.14774746123567,346.649,SF-P3O-NoFisher,Hopper-v4,1
426743,reward,4117,265.59501117883104,328.624,SF-P3O-NoFisher,Hopper-v4,1
426865,reward,4118,302.8144346195379,306.729,SF-P3O-NoFisher,Hopper-v4,1
427006,reward,4119,386.9567993013791,302.922,SF-P3O-NoFisher,Hopper-v4,1
427127,reward,4120,281.34761853831105,277.28,SF-P3O-NoFisher,Hopper-v4,1
427240,reward,4121,272.28302879868437,276.382,SF-P3O-NoFisher,Hopper-v4,1
427357,reward,4122,280.79367456673214,282.159,SF-P3O-NoFisher,Hopper-v4,1
427539,reward,4123,539.8972550781548,311.415,SF-P3O-NoFisher,Hopper-v4,1
427653,reward,4124,271.9079567529168,314.237,SF-P3O-NoFisher,Hopper-v4,1
427771,reward,4125,292.2185054103641,316.996,SF-P3O-NoFisher,Hopper-v4,1
427884,reward,4126,265.6154712248334,315.943,SF-P3O-NoFisher,Hopper-v4,1
427992,reward,4127,249.57345528738134,314.341,SF-P3O-NoFisher,Hopper-v4,1
428092,reward,4128,220.51277440456653,306.111,SF-P3O-NoFisher,Hopper-v4,1
428208,reward,4129,270.19120517566864,294.434,SF-P3O-NoFisher,Hopper-v4,1
428345,reward,4130,370.3001097695399,303.329,SF-P3O-NoFisher,Hopper-v4,1
428463,reward,4131,287.27911074788426,304.829,SF-P3O-NoFisher,Hopper-v4,1
428575,reward,4132,269.3669822199118,303.686,SF-P3O-NoFisher,Hopper-v4,1
428737,reward,4133,483.0856989584384,298.005,SF-P3O-NoFisher,Hopper-v4,1
428848,reward,4134,265.68791440452065,297.383,SF-P3O-NoFisher,Hopper-v4,1
428958,reward,4135,252.61902035617433,293.423,SF-P3O-NoFisher,Hopper-v4,1
429106,reward,4136,405.59672963972844,307.421,SF-P3O-NoFisher,Hopper-v4,1
429218,reward,4137,258.2104354399926,308.285,SF-P3O-NoFisher,Hopper-v4,1
429339,reward,4138,304.5879647500789,316.693,SF-P3O-NoFisher,Hopper-v4,1
429443,reward,4139,230.73646491012894,312.747,SF-P3O-NoFisher,Hopper-v4,1
429555,reward,4140,267.1090688722928,302.428,SF-P3O-NoFisher,Hopper-v4,1
429704,reward,4141,418.75597409884085,315.576,SF-P3O-NoFisher,Hopper-v4,1
429843,reward,4142,369.0340599419417,325.542,SF-P3O-NoFisher,Hopper-v4,1
429963,reward,4143,295.3439658167933,306.768,SF-P3O-NoFisher,Hopper-v4,1
430000,speed,650.39,11.84,SF-P3O-NoFisher,Hopper-v4,1
430001,spectral,0.048599,0.95067,0.4691,SF-P3O-NoFisher,Hopper-v4,1
430068,reward,4144,241.8690424277428,304.386,SF-P3O-NoFisher,Hopper-v4,1
430178,reward,4145,263.5237623461267,305.477,SF-P3O-NoFisher,Hopper-v4,1
430283,reward,4146,247.3589924604919,289.653,SF-P3O-NoFisher,Hopper-v4,1
430404,reward,4147,301.53115941146376,293.985,SF-P3O-NoFisher,Hopper-v4,1
430517,reward,4148,273.3208444758306,290.858,SF-P3O-NoFisher,Hopper-v4,1
430660,reward,4149,391.0614175795397,306.891,SF-P3O-NoFisher,Hopper-v4,1
430773,reward,4150,264.9508326335213,306.675,SF-P3O-NoFisher,Hopper-v4,1
430911,reward,4151,357.45156710201604,300.545,SF-P3O-NoFisher,Hopper-v4,1
431060,reward,4152,411.94509848240097,304.836,SF-P3O-NoFisher,Hopper-v4,1
431173,reward,4153,268.8959249541376,302.191,SF-P3O-NoFisher,Hopper-v4,1
431281,reward,4154,251.81148903616506,303.185,SF-P3O-NoFisher,Hopper-v4,1
431396,reward,4155,277.2052919308347,304.553,SF-P3O-NoFisher,Hopper-v4,1
431509,reward,4156,270.569440238539,306.874,SF-P3O-NoFisher,Hopper-v4,1
431618,reward,4157,260.21509092871804,302.743,SF-P3O-NoFisher,Hopper-v4,1
431729,reward,4158,261.05518728205874,301.516,SF-P3O-NoFisher,Hopper-v4,1
431894,reward,4159,514.7745007771894,313.887,SF-P3O-NoFisher,Hopper-v4,1
432003,reward,4160,257.2479834070845,313.117,SF-P3O-NoFisher,Hopper-v4,1
432144,reward,4161,388.40102859261657,316.212,SF-P3O-NoFisher,Hopper-v4,1
432253,reward,4162,257.4559104515617,300.763,SF-P3O-NoFisher,Hopper-v4,1
432371,reward,4163,282.546213604478,302.128,SF-P3O-NoFisher,Hopper-v4,1
432539,reward,4164,511.2950872075169,328.077,SF-P3O-NoFisher,Hopper-v4,1
432670,reward,4165,313.55204722971354,331.711,SF-P3O-NoFisher,Hopper-v4,1
432784,reward,4166,274.83548317832276,332.138,SF-P3O-NoFisher,Hopper-v4,1
432888,reward,4167,243.5246676631378,330.469,SF-P3O-NoFisher,Hopper-v4,1
433002,reward,4168,274.35851068119433,331.799,SF-P3O-NoFisher,Hopper-v4,1
433112,reward,4169,265.83814334328054,306.906,SF-P3O-NoFisher,Hopper-v4,1
433212,reward,4170,227.87476912707527,303.968,SF-P3O-NoFisher,Hopper-v4,1
433323,reward,4171,265.07532209735473,291.636,SF-P3O-NoFisher,Hopper-v4,1
433441,reward,4172,291.9735241542333,295.087,SF-P3O-NoFisher,Hopper-v4,1
433546,reward,4173,236.98487554451225,290.531,SF-P3O-NoFisher,Hopper-v4,1
433664,reward,4174,284.69727362946077,267.871,SF-P3O-NoFisher,Hopper-v4,1
433768,reward,4175,240.3712725072846,260.553,SF-P3O-NoFisher,Hopper-v4,1
433872,reward,4176,234.78111120434173,256.548,SF-P3O-NoFisher,Hopper-v4,1
433977,reward,4177,245.41803078626478,256.737,SF-P3O-NoFisher,Hopper-v4,1
434090,reward,4178,275.86510560761997,256.888,SF-P3O-NoFisher,Hopper-v4,1
434176,loss,0.05067089945077896,0.229915052652359,SF-P3O-NoFisher,Hopper-v4,1
434266,reward,4179,536.4333373387881,283.947,SF-P3O-NoFisher,Hopper-v4,1
434378,reward,4180,272.6519067300499,288.425,SF-P3O-NoFisher,Hopper-v4,1
434555,reward,4181,540.271943646806,315.945,SF-P3O-NoFisher,Hopper-v4,1
434657,reward,4182,237.72064455013617,310.52,SF-P3O-NoFisher,Hopper-v4,1
434772,reward,4183,280.59869681328297,314.881,SF-P3O-NoFisher,Hopper-v4,1
434886,reward,4184,280.5728761094729,314.468,SF-P3O-NoFisher,Hopper-v4,1
434999,reward,4185,276.60412376497385,318.092,SF-P3O-NoFisher,Hopper-v4,1
435121,reward,4186,289.8676153065659,323.6,SF-P3O-NoFisher,Hopper-v4,1
435234,reward,4187,265.939995836314,325.653,SF-P3O-NoFisher,Hopper-v4,1
435354,reward,4188,298.3905545860245,327.905,SF-P3O-NoFisher,Hopper-v4,1
435497,reward,4189,384.8828010034602,312.75,SF-P3O-NoFisher,Hopper-v4,1
435667,reward,4190,522.2535150860682,337.71,SF-P3O-NoFisher,Hopper-v4,1
435808,reward,4191,366.31446542364256,320.315,SF-P3O-NoFisher,Hopper-v4,1
435957,reward,4192,441.63042402934934,340.706,SF-P3O-NoFisher,Hopper-v4,1
436043,reward,4193,176.92789263298422,330.338,SF-P3O-NoFisher,Hopper-v4,1
436200,reward,4194,455.29899236232256,347.811,SF-P3O-NoFisher,Hopper-v4,1
436305,reward,4195,243.1335050173522,344.464,SF-P3O-NoFisher,Hopper-v4,1
436452,reward,4196,417.03531082982715,357.181,SF-P3O-NoFisher,Hopper-v4,1
436563,reward,4197,268.68549852226914,357.455,SF-P3O-NoFisher,Hopper-v4,1
436675,reward,4198,260.03282228095804,353.62,SF-P3O-NoFisher,Hopper-v4,1
436789,reward,4199,282.8059500207369,343.412,SF-P3O-NoFisher,Hopper-v4,1
436900,reward,4200,267.07329982390337,317.894,SF-P3O-NoFisher,Hopper-v4,1
437053,reward,4201,443.68149235753054,325.631,SF-P3O-NoFisher,Hopper-v4,1
437165,reward,4202,274.2628237224136,308.894,SF-P3O-NoFisher,Hopper-v4,1
437302,reward,4203,380.58761496377497,329.26,SF-P3O-NoFisher,Hopper-v4,1
437444,reward,4204,381.91135651642645,321.921,SF-P3O-NoFisher,Hopper-v4,1
437561,reward,4205,283.12414504911277,325.92,SF-P3O-NoFisher,Hopper-v4,1
437698,reward,4206,383.46037464565836,322.563,SF-P3O-NoFisher,Hopper-v4,1
437807,reward,4207,262.94783895925474,321.989,SF-P3O-NoFisher,Hopper-v4,1
437958,reward,4208,410.79804215906074,337.065,SF-P3O-NoFisher,Hopper-v4,1
438077,reward,4209,291.35679256558956,337.92,SF-P3O-NoFisher,Hopper-v4,1
438186,reward,4210,243.6503517915062,335.578,SF-P3O-NoFisher,Hopper-v4,1
438296,reward,4211,263.69748626576956,317.58,SF-P3O-NoFisher,Hopper-v4,1
438411,reward,4212,269.7789273099624,317.131,SF-P3O-NoFisher,Hopper-v4,1
438558,reward,4213,408.53155635731713,319.926,SF-P3O-NoFisher,Hopper-v4,1
438664,reward,4214,246.44653330665705,306.379,SF-P3O-NoFisher,Hopper-v4,1
438778,reward,4215,273.7394482338714,305.441,SF-P3O-NoFisher,Hopper-v4,1
438943,reward,4216,493.8455911906269,316.479,SF-P3O-NoFisher,Hopper-v4,1
439109,reward,4217,504.5312141690921,340.638,SF-P3O-NoFisher,Hopper-v4,1
439268,reward,4218,465.7398926136372,346.132,SF-P3O-NoFisher,Hopper-v4,1
439389,reward,4219,290.26804631500136,346.023,SF-P3O-NoFisher,Hopper-v4,1
439540,reward,4220,439.213634545492,365.579,SF-P3O-NoFisher,Hopper-v4,1
439695,reward,4221,427.8029444875513,381.99,SF-P3O-NoFisher,Hopper-v4,1
439835,reward,4222,394.6799987323963,394.48,SF-P3O-NoFisher,Hopper-v4,1
439967,reward,4223,382.23651794145553,391.85,SF-P3O-NoFisher,Hopper-v4,1
440000,speed,664.73,12.09,SF-P3O-NoFisher,Hopper-v4,1
440001,spectral,0.049106,0.950419,0.4636,SF-P3O-NoFisher,Hopper-v4,1
440075,reward,4224,258.71331329675166,393.077,SF-P3O-NoFisher,Hopper-v4,1
440210,reward,4225,359.8743511026405,401.691,SF-P3O-NoFisher,Hopper-v4,1
440370,reward,4226,455.80461158518017,397.886,SF-P3O-NoFisher,Hopper-v4,1
440469,reward,4227,228.15262130192403,370.249,SF-P3O-NoFisher,Hopper-v4,1
440615,reward,4228,408.79879643882674,364.554,SF-P3O-NoFisher,Hopper-v4,1
440759,reward,4229,397.8926329751102,375.317,SF-P3O-NoFisher,Hopper-v4,1
440866,reward,4230,252.21238450999715,356.617,SF-P3O-NoFisher,Hopper-v4,1
440977,reward,4231,264.53339171485453,340.29,SF-P3O-NoFisher,Hopper-v4,1
441079,reward,4232,234.88642441437497,324.311,SF-P3O-NoFisher,Hopper-v4,1
441206,reward,4233,369.5268637582467,323.04,SF-P3O-NoFisher,Hopper-v4,1
441319,reward,4234,270.13060301212954,324.181,SF-P3O-NoFisher,Hopper-v4,1
441426,reward,4235,249.03153590951013,313.097,SF-P3O-NoFisher,Hopper-v4,1
441568,reward,4236,389.03851300104384,306.42,SF-P3O-NoFisher,Hopper-v4,1
441717,reward,4237,414.3121627605411,325.036,SF-P3O-NoFisher,Hopper-v4,1
441837,reward,4238,294.65465921687644,313.622,SF-P3O-NoFisher,Hopper-v4,1
441940,reward,4239,243.0854260713013,298.141,SF-P3O-NoFisher,Hopper-v4,1
442122,reward,4240,546.6431598731273,327.584,SF-P3O-NoFisher,Hopper-v4,1
442266,reward,4241,411.10155860474447,342.241,SF-P3O-NoFisher,Hopper-v4,1
442368,loss,0.016237495467066765,0.29589253664016724,SF-P3O-NoFisher,Hopper-v4,1
442368,diagnostics,0.0,59.16,20.4783,0.049562,0.950858,0.4388,-1.0,SF-P3O-NoFisher,Hopper-v4,1
442423,reward,4242,461.50874038720104,364.903,SF-P3O-NoFisher,Hopper-v4,1
442596,reward,4243,535.243681258539,381.475,SF-P3O-NoFisher,Hopper-v4,1
442730,reward,4244,363.6526118433679,390.827,SF-P3O-NoFisher,Hopper-v4,1
442875,reward,4245,410.3668513858383,406.961,SF-P3O-NoFisher,Hopper-v4,1
443037,reward,4246,503.7764370176804,418.435,SF-P3O-NoFisher,Hopper-v4,1
443199,reward,4247,472.26884522438246,424.23,SF-P3O-NoFisher,Hopper-v4,1
443350,reward,4248,432.4516291029456,438.01,SF-P3O-NoFisher,Hopper-v4,1
443453,reward,4249,244.41102022382267,438.142,SF-P3O-NoFisher,Hopper-v4,1
443614,reward,4250,487.4598991847349,432.224,SF-P3O-NoFisher,Hopper-v4,1
443790,reward,4251,532.5189697018028,444.366,SF-P3O-NoFisher,Hopper-v4,1
443925,reward,4252,363.12297356706523,434.527,SF-P3O-NoFisher,Hopper-v4,1
444041,reward,4253,285.75164597265893,409.578,SF-P3O-NoFisher,Hopper-v4,1
444216,reward,4254,548.0061332182154,428.013,SF-P3O-NoFisher,Hopper-v4,1
444332,reward,4255,282.2589611525773,415.203,SF-P3O-NoFisher,Hopper-v4,1
444471,reward,4256,392.9008923566267,404.115,SF-P3O-NoFisher,Hopper-v4,1
444613,reward,4257,400.4866349886171,396.937,SF-P3O-NoFisher,Hopper-v4,1
444757,reward,4258,410.23342512078256,394.715,SF-P3O-NoFisher,Hopper-v4,1
444934,reward,4259,528.9050663238728,423.164,SF-P3O-NoFisher,Hopper-v4,1
445110,reward,4260,542.096637616208,428.628,SF-P3O-NoFisher,Hopper-v4,1
445242,reward,4261,357.5537697866963,411.132,SF-P3O-NoFisher,Hopper-v4,1
445396,reward,4262,423.433456813425,417.163,SF-P3O-NoFisher,Hopper-v4,1
445561,reward,4263,492.3859202607264,437.826,SF-P3O-NoFisher,Hopper-v4,1
445705,reward,4264,409.31533935079545,423.957,SF-P3O-NoFisher,Hopper-v4,1
445859,reward,4265,468.69148946633464,442.6,SF-P3O-NoFisher,Hopper-v4,1
446039,reward,4266,559.2297985343173,459.233,SF-P3O-NoFisher,Hopper-v4,1
446200,reward,4267,468.44461077893294,466.029,SF-P3O-NoFisher,Hopper-v4,1
446382,reward,4268,558.7330390599843,480.879,SF-P3O-NoFisher,Hopper-v4,1
446555,reward,4269,529.5552479077933,480.944,SF-P3O-NoFisher,Hopper-v4,1
446742,reward,4270,577.757470994908,484.51,SF-P3O-NoFisher,Hopper-v4,1
446893,reward,4271,443.0089601878914,493.056,SF-P3O-NoFisher,Hopper-v4,1
447045,reward,4272,444.8419911436011,495.196,SF-P3O-NoFisher,Hopper-v4,1
447182,reward,4273,382.3261297066909,484.19,SF-P3O-NoFisher,Hopper-v4,1
447385,reward,4274,630.4599117331522,506.305,SF-P3O-NoFisher,Hopper-v4,1
447550,reward,4275,494.26071211989955,508.862,SF-P3O-NoFisher,Hopper-v4,1
447701,reward,4276,420.4108332488009,494.98,SF-P3O-NoFisher,Hopper-v4,1
447862,reward,4277,487.4200549211541,496.877,SF-P3O-NoFisher,Hopper-v4,1
447965,reward,4278,241.06526607036886,465.111,SF-P3O-NoFisher,Hopper-v4,1
448112,reward,4279,424.52329413233775,454.607,SF-P3O-NoFisher,Hopper-v4,1
448269,reward,4280,462.5821096467738,443.09,SF-P3O-NoFisher,Hopper-v4,1
448453,reward,4281,546.8221709127148,453.471,SF-P3O-NoFisher,Hopper-v4,1
448618,reward,4282,485.72334596205314,457.559,SF-P3O-NoFisher,Hopper-v4,1
448776,reward,4283,484.38053223386686,467.765,SF-P3O-NoFisher,Hopper-v4,1
448925,reward,4284,433.58683119309023,448.078,SF-P3O-NoFisher,Hopper-v4,1
449085,reward,4285,476.92970363381625,446.344,SF-P3O-NoFisher,Hopper-v4,1
449251,reward,4286,509.2481280960366,455.228,SF-P3O-NoFisher,Hopper-v4,1
449385,reward,4287,365.45237842238123,443.031,SF-P3O-NoFisher,Hopper-v4,1
449548,reward,4288,506.9849378606092,469.623,SF-P3O-NoFisher,Hopper-v4,1
449708,reward,4289,482.28210375328194,475.399,SF-P3O-NoFisher,Hopper-v4,1
449816,reward,4290,249.31897787857494,454.073,SF-P3O-NoFisher,Hopper-v4,1
449975,reward,4291,472.22802046150383,446.613,SF-P3O-NoFisher,Hopper-v4,1
450000,speed,671.45,12.33,SF-P3O-NoFisher,Hopper-v4,1
450001,spectral,0.049562,0.950858,0.4388,SF-P3O-NoFisher,Hopper-v4,1
450120,reward,4292,414.5592908836837,439.497,SF-P3O-NoFisher,Hopper-v4,1
450223,reward,4293,246.86941317802382,415.746,SF-P3O-NoFisher,Hopper-v4,1
450369,reward,4294,408.11762467905794,413.199,SF-P3O-NoFisher,Hopper-v4,1
450530,reward,4295,487.30826249953975,414.237,SF-P3O-NoFisher,Hopper-v4,1
450560,loss,-0.0813407152891159,0.6560737490653992,SF-P3O-NoFisher,Hopper-v4,1
450722,reward,4296,595.9561551238304,422.908,SF-P3O-NoFisher,Hopper-v4,1
450886,reward,4297,495.7897924160124,435.941,SF-P3O-NoFisher,Hopper-v4,1
451051,reward,4298,497.792629910131,435.022,SF-P3O-NoFisher,Hopper-v4,1
451229,reward,4299,537.1382142021207,440.508,SF-P3O-NoFisher,Hopper-v4,1
451369,reward,4300,406.35065286655555,456.211,SF-P3O-NoFisher,Hopper-v4,1
451495,reward,4301,350.1436144079071,444.003,SF-P3O-NoFisher,Hopper-v4,1
451644,reward,4302,444.29419806002977,446.976,SF-P3O-NoFisher,Hopper-v4,1
451810,reward,4303,511.0600122932381,473.395,SF-P3O-NoFisher,Hopper-v4,1
451965,reward,4304,465.44838151779527,479.128,SF-P3O-NoFisher,Hopper-v4,1
452122,reward,4305,476.61135231112996,478.059,SF-P3O-NoFisher,Hopper-v4,1
452296,reward,4306,529.972402335605,471.46,SF-P3O-NoFisher,Hopper-v4,1
452477,reward,4307,551.8635088692772,477.067,SF-P3O-NoFisher,Hopper-v4,1
452639,reward,4308,500.86965698560545,477.375,SF-P3O-NoFisher,Hopper-v4,1
452781,reward,4309,413.20453492575837,464.982,SF-P3O-NoFisher,Hopper-v4,1
452922,reward,4310,408.592540864499,465.206,SF-P3O-NoFisher,Hopper-v4,1
453092,reward,4311,522.9269325767635,482.484,SF-P3O-NoFisher,Hopper-v4,1
453264,reward,4312,530.9796556973527,491.153,SF-P3O-NoFisher,Hopper-v4,1
453434,reward,4313,517.9577497017548,491.843,SF-P3O-NoFisher,Hopper-v4,1
453602,reward,4314,512.587049418534,496.557,SF-P3O-NoFisher,Hopper-v4,1
453740,reward,4315,389.5564194908778,487.851,SF-P3O-NoFisher,Hopper-v4,1
453936,reward,4316,594.7359245803109,494.327,SF-P3O-NoFisher,Hopper-v4,1
454077,reward,4317,401.38121593548595,479.279,SF-P3O-NoFisher,Hopper-v4,1
454184,reward,4318,257.3459783880284,454.927,SF-P3O-NoFisher,Hopper-v4,1
454330,reward,4319,403.3937495134534,453.946,SF-P3O-NoFisher,Hopper-v4,1
454499,reward,4320,513.2813498322845,464.415,SF-P3O-NoFisher,Hopper-v4,1
454649,reward,4321,431.44436029632914,455.266,SF-P3O-NoFisher,Hopper-v4,1
454839,reward,4322,582.0960971812042,460.378,SF-P3O-NoFisher,Hopper-v4,1
454996,reward,4323,471.36706709634495,455.719,SF-P3O-NoFisher,Hopper-v4,1
455149,reward,4324,447.8362780101487,449.244,SF-P3O-NoFisher,Hopper-v4,1
455315,reward,4325,506.0624952498642,460.894,SF-P3O-NoFisher,Hopper-v4,1
455472,reward,4326,467.32810552670486,448.154,SF-P3O-NoFisher,Hopper-v4,1
455616,reward,4327,407.60287490457523,448.776,SF-P3O-NoFisher,Hopper-v4,1
455762,reward,4328,421.03000955144216,465.144,SF-P3O-NoFisher,Hopper-v4,1
455916,reward,4329,439.9690748544441,468.802,SF-P3O-NoFisher,Hopper-v4,1
456074,reward,4330,475.20898181957716,464.995,SF-P3O-NoFisher,Hopper-v4,1
456217,reward,4331,419.8291947263219,463.833,SF-P3O-NoFisher,Hopper-v4,1
456328,reward,4332,268.9207760205988,432.515,SF-P3O-NoFisher,Hopper-v4,1
456483,reward,4333,447.09881675554067,430.089,SF-P3O-NoFisher,Hopper-v4,1
456677,reward,4334,599.0490464147385,445.21,SF-P3O-NoFisher,Hopper-v4,1
456840,reward,4335,502.41508723772563,444.845,SF-P3O-NoFisher,Hopper-v4,1
456997,reward,4336,445.29117189202645,442.642,SF-P3O-NoFisher,Hopper-v4,1
457141,reward,4337,412.1251490552579,443.094,SF-P3O-NoFisher,Hopper-v4,1
457286,reward,4338,406.24393561323814,441.615,SF-P3O-NoFisher,Hopper-v4,1
457462,reward,4339,550.2714706644363,452.645,SF-P3O-NoFisher,Hopper-v4,1
457617,reward,4340,459.7037415826187,451.095,SF-P3O-NoFisher,Hopper-v4,1
457774,reward,4341,466.70087354682767,455.782,SF-P3O-NoFisher,Hopper-v4,1
457926,reward,4342,452.8015499935951,474.17,SF-P3O-NoFisher,Hopper-v4,1
458097,reward,4343,518.5346713358863,481.314,SF-P3O-NoFisher,Hopper-v4,1
458261,reward,4344,496.3697715980629,471.046,SF-P3O-NoFisher,Hopper-v4,1
458450,reward,4345,578.0766269679594,478.612,SF-P3O-NoFisher,Hopper-v4,1
458630,reward,4346,550.9517275923977,489.178,SF-P3O-NoFisher,Hopper-v4,1
458752,loss,0.012544628232717514,0.3339517116546631,SF-P3O-NoFisher,Hopper-v4,1
458752,diagnostics,0.0,59.3,20.5839,0.050638,0.949611,0.4947,-1.0,SF-P3O-NoFisher,Hopper-v4,1
458790,reward,4347,470.0793999595234,494.973,SF-P3O-NoFisher,Hopper-v4,1
458952,reward,4348,485.01662522848414,502.851,SF-P3O-NoFisher,Hopper-v4,1
459127,reward,4349,521.6451968384399,499.988,SF-P3O-NoFisher,Hopper-v4,1
459287,reward,4350,481.4068646584616,502.158,SF-P3O-NoFisher,Hopper-v4,1
459439,reward,4351,455.2871837643023,501.017,SF-P3O-NoFisher,Hopper-v4,1
459601,reward,4352,498.11513284652136,505.548,SF-P3O-NoFisher,Hopper-v4,1
459758,reward,4353,469.5960959479138,500.654,SF-P3O-NoFisher,Hopper-v4,1
459873,reward,4354,286.19000452891214,479.636,SF-P3O-NoFisher,Hopper-v4,1
460000,speed,526.18,12.65,SF-P3O-NoFisher,Hopper-v4,1
460001,spectral,0.050638,0.949611,0.4947,SF-P3O-NoFisher,Hopper-v4,1
460049,reward,4355,546.740669994103,476.503,SF-P3O-NoFisher,Hopper-v4,1
460188,reward,4356,391.4823807088957,460.556,SF-P3O-NoFisher,Hopper-v4,1
460348,reward,4357,489.88118267326246,462.536,SF-P3O-NoFisher,Hopper-v4,1
460509,reward,4358,492.69491507281475,463.304,SF-P3O-NoFisher,Hopper-v4,1
460673,reward,4359,493.56296334229285,460.496,SF-P3O-NoFisher,Hopper-v4,1
460827,reward,4360,466.9911127151876,459.054,SF-P3O-NoFisher,Hopper-v4,1
460983,reward,4361,484.2283958284645,461.948,SF-P3O-NoFisher,Hopper-v4,1
461131,reward,4362,426.90179984212966,454.827,SF-P3O-NoFisher,Hopper-v4,1
461286,reward,4363,454.9623634020903,453.364,SF-P3O-NoFisher,Hopper-v4,1
461452,reward,4364,509.42018531237636,475.687,SF-P3O-NoFisher,Hopper-v4,1
461607,reward,4365,451.77863116152616,466.19,SF-P3O-NoFisher,Hopper-v4,1
461769,reward,4366,484.30864400777546,475.473,SF-P3O-NoFisher,Hopper-v4,1
461942,reward,4367,529.1053075665659,479.395,SF-P3O-NoFisher,Hopper-v4,1
462107,reward,4368,494.9346992353608,479.619,SF-P3O-NoFisher,Hopper-v4,1
462264,reward,4369,467.94154513880744,477.057,SF-P3O-NoFisher,Hopper-v4,1
462436,reward,4370,524.3803986686695,482.796,SF-P3O-NoFisher,Hopper-v4,1
462620,reward,4371,556.9433718240556,490.068,SF-P3O-NoFisher,Hopper-v4,1
462786,reward,4372,504.03062085781204,497.781,SF-P3O-NoFisher,Hopper-v4,1
462974,reward,4373,569.1826823325302,509.203,SF-P3O-NoFisher,Hopper-v4,1
463136,reward,4374,500.58317841744605,508.319,SF-P3O-NoFisher,Hopper-v4,1
463290,reward,4375,451.837468158783,508.325,SF-P3O-NoFisher,Hopper-v4,1
463445,reward,4376,464.6119126232766,506.355,SF-P3O-NoFisher,Hopper-v4,1
463604,reward,4377,482.6283398045073,501.707,SF-P3O-NoFisher,Hopper-v4,1
463770,reward,4378,506.44411363260195,502.858,SF-P3O-NoFisher,Hopper-v4,1
463943,reward,4379,537.8468025242111,509.849,SF-P3O-NoFisher,Hopper-v4,1
464097,reward,4380,448.29524414593806,502.24,SF-P3O-NoFisher,Hopper-v4,1
464306,reward,4381,652.1848326205892,511.765,SF-P3O-NoFisher,Hopper-v4,1
464467,reward,4382,491.3190270166826,510.493,SF-P3O-NoFisher,Hopper-v4,1
464620,reward,4383,452.89312623840993,498.864,SF-P3O-NoFisher,Hopper-v4,1
464729,reward,4384,263.24507719723465,475.131,SF-P3O-NoFisher,Hopper-v4,1
464885,reward,4385,456.28326763184987,475.575,SF-P3O-NoFisher,Hopper-v4,1
465050,reward,4386,490.22426388044687,478.136,SF-P3O-NoFisher,Hopper-v4,1
465196,reward,4387,439.7403739562131,473.848,SF-P3O-NoFisher,Hopper-v4,1
465378,reward,4388,541.7578830203852,477.379,SF-P3O-NoFisher,Hopper-v4,1
465525,reward,4389,420.9759862900609,465.692,SF-P3O-NoFisher,Hopper-v4,1
465689,reward,4390,500.7114796338884,470.934,SF-P3O-NoFisher,Hopper-v4,1
465848,reward,4391,468.95031841768713,452.61,SF-P3O-NoFisher,Hopper-v4,1
466032,reward,4392,568.0162192037055,460.28,SF-P3O-NoFisher,Hopper-v4,1
466190,reward,4393,472.9497929009428,462.285,SF-P3O-NoFisher,Hopper-v4,1
466338,reward,4394,441.74070953474325,480.135,SF-P3O-NoFisher,Hopper-v4,1
466511,reward,4395,530.1232815766239,487.519,SF-P3O-NoFisher,Hopper-v4,1
466674,reward,4396,495.2068766394173,488.017,SF-P3O-NoFisher,Hopper-v4,1
466854,reward,4397,547.5705286281906,498.8,SF-P3O-NoFisher,Hopper-v4,1
466944,loss,-0.023841746151447296,0.349725604057312,SF-P3O-NoFisher,Hopper-v4,1
467014,reward,4398,480.6640408778109,492.691,SF-P3O-NoFisher,Hopper-v4,1
467180,reward,4399,504.7155026897463,501.065,SF-P3O-NoFisher,Hopper-v4,1
467343,reward,4400,500.5823357321269,501.052,SF-P3O-NoFisher,Hopper-v4,1
467509,reward,4401,503.63701082034214,504.521,SF-P3O-NoFisher,Hopper-v4,1
467667,reward,4402,477.00030690237116,495.419,SF-P3O-NoFisher,Hopper-v4,1
467826,reward,4403,472.07170025361535,495.331,SF-P3O-NoFisher,Hopper-v4,1
467987,reward,4404,504.1142085516625,501.569,SF-P3O-NoFisher,Hopper-v4,1
468121,reward,4405,378.26172260168454,486.382,SF-P3O-NoFisher,Hopper-v4,1
468288,reward,4406,512.5688219187555,488.119,SF-P3O-NoFisher,Hopper-v4,1
468439,reward,4407,452.17085662515626,478.579,SF-P3O-NoFisher,Hopper-v4,1
468620,reward,4408,550.9709266358295,485.609,SF-P3O-NoFisher,Hopper-v4,1
468777,reward,4409,459.472083238253,481.085,SF-P3O-NoFisher,Hopper-v4,1
468941,reward,4410,500.4203507100325,481.069,SF-P3O-NoFisher,Hopper-v4,1
469116,reward,4411,550.9080067405545,485.796,SF-P3O-NoFisher,Hopper-v4,1
469286,reward,4412,521.575046340285,490.253,SF-P3O-NoFisher,Hopper-v4,1
469449,reward,4413,499.30728692283765,492.977,SF-P3O-NoFisher,Hopper-v4,1
469628,reward,4414,552.6749812487977,497.833,SF-P3O-NoFisher,Hopper-v4,1
469801,reward,4415,545.2960441345361,514.536,SF-P3O-NoFisher,Hopper-v4,1
469958,reward,4416,460.7930542313583,509.359,SF-P3O-NoFisher,Hopper-v4,1
470000,speed,889.12,12.84,SF-P3O-NoFisher,Hopper-v4,1
470001,spectral,0.051045,0.949439,0.576,SF-P3O-NoFisher,Hopper-v4,1
470111,reward,4417,457.02019648784034,509.844,SF-P3O-NoFisher,Hopper-v4,1
470248,reward,4418,394.93895440827794,494.241,SF-P3O-NoFisher,Hopper-v4,1
470409,reward,4419,476.46148874848217,495.94,SF-P3O-NoFisher,Hopper-v4,1
470566,reward,4420,478.9218737002624,493.79,SF-P3O-NoFisher,Hopper-v4,1
470726,reward,4421,486.93817340647934,487.393,SF-P3O-NoFisher,Hopper-v4,1
470900,reward,4422,546.8034497214077,489.916,SF-P3O-NoFisher,Hopper-v4,1
471078,reward,4423,542.5166599637014,494.236,SF-P3O-NoFisher,Hopper-v4,1
471258,reward,4424,559.0546895008767,494.874,SF-P3O-NoFisher,Hopper-v4,1
471451,reward,4425,589.6442821109871,499.309,SF-P3O-NoFisher,Hopper-v4,1
471623,reward,4426,527.5533377241193,505.985,SF-P3O-NoFisher,Hopper-v4,1
471786,reward,4427,491.11872473302026,509.395,SF-P3O-NoFisher,Hopper-v4,1
471920,reward,4428,374.4365789222332,507.345,SF-P3O-NoFisher,Hopper-v4,1
472088,reward,4429,503.7553863676073,510.074,SF-P3O-NoFisher,Hopper-v4,1
472205,reward,4430,296.2180989715376,491.804,SF-P3O-NoFisher,Hopper-v4,1
472378,reward,4431,518.7685716390646,494.987,SF-P3O-NoFisher,Hopper-v4,1
472538,reward,4432,476.1627520797242,487.923,SF-P3O-NoFisher,Hopper-v4,1
472700,reward,4433,483.2231241757013,481.994,SF-P3O-NoFisher,Hopper-v4,1
472858,reward,4434,468.47597558985706,472.936,SF-P3O-NoFisher,Hopper-v4,1
473033,reward,4435,548.3122764860942,468.802,SF-P3O-NoFisher,Hopper-v4,1
473193,reward,4436,482.32269777007514,464.279,SF-P3O-NoFisher,Hopper-v4,1
473351,reward,4437,487.2414761046532,463.892,SF-P3O-NoFisher,Hopper-v4,1
473498,reward,4438,425.9810082092386,469.046,SF-P3O-NoFisher,Hopper-v4,1
473643,reward,4439,418.39677056197985,460.51,SF-P3O-NoFisher,Hopper-v4,1
473799,reward,4440,457.2544774696488,476.614,SF-P3O-NoFisher,Hopper-v4,1
473944,reward,4441,420.80529263593525,466.818,SF-P3O-NoFisher,Hopper-v4,1
474114,reward,4442,527.0727882901639,471.909,SF-P3O-NoFisher,Hopper-v4,1
474261,reward,4443,427.43066083613496,466.329,SF-P3O-NoFisher,Hopper-v4,1
474424,reward,4444,491.1023474301304,468.592,SF-P3O-NoFisher,Hopper-v4,1
474593,reward,4445,514.6470241410107,465.225,SF-P3O-NoFisher,Hopper-v4,1
474753,reward,4446,488.6228068091624,465.855,SF-P3O-NoFisher,Hopper-v4,1
474901,reward,4447,439.9617756942384,461.127,SF-P3O-NoFisher,Hopper-v4,1
475062,reward,4448,478.50142034234983,466.38,SF-P3O-NoFisher,Hopper-v4,1
475136,loss,-0.041837986558675766,0.3399490714073181,SF-P3O-NoFisher,Hopper-v4,1
475136,diagnostics,0.0,59.48,19.1272,0.05188,0.949078,0.6053,-1.0,SF-P3O-NoFisher,Hopper-v4,1
475217,reward,4449,459.3331842085461,470.473,SF-P3O-NoFisher,Hopper-v4,1
475366,reward,4450,458.95446885334235,470.643,SF-P3O-NoFisher,Hopper-v4,1
475525,reward,4451,459.5800950984291,474.521,SF-P3O-NoFisher,Hopper-v4,1
475674,reward,4452,422.9307120492953,464.106,SF-P3O-NoFisher,Hopper-v4,1
475831,reward,4453,481.2694602194379,469.49,SF-P3O-NoFisher,Hopper-v4,1
475996,reward,4454,501.8661677711632,470.567,SF-P3O-NoFisher,Hopper-v4,1
476148,reward,4455,455.491616849079,464.651,SF-P3O-NoFisher,Hopper-v4,1
476310,reward,4456,491.12572160862413,464.901,SF-P3O-NoFisher,Hopper-v4,1
476476,reward,4457,508.0962510490512,471.715,SF-P3O-NoFisher,Hopper-v4,1
476637,reward,4458,491.21897281742,472.987,SF-P3O-NoFisher,Hopper-v4,1
476801,reward,4459,491.0250826039254,476.156,SF-P3O-NoFisher,Hopper-v4,1
476958,reward,4460,477.91948186300556,478.052,SF-P3O-NoFisher,Hopper-v4,1
477101,reward,4461,406.0941783556014,472.704,SF-P3O-NoFisher,Hopper-v4,1
477260,reward,4462,481.3669717302169,478.547,SF-P3O-NoFisher,Hopper-v4,1
477421,reward,4463,496.5972467327791,480.08,SF-P3O-NoFisher,Hopper-v4,1
477593,reward,4464,529.1293077706841,482.806,SF-P3O-NoFisher,Hopper-v4,1
477766,reward,4465,540.8375217374775,491.341,SF-P3O-NoFisher,Hopper-v4,1
477944,reward,4466,555.9580059498613,497.824,SF-P3O-NoFisher,Hopper-v4,1
478101,reward,4467,474.37601574996603,494.452,SF-P3O-NoFisher,Hopper-v4,1
478268,reward,4468,522.8794948546903,497.618,SF-P3O-NoFisher,Hopper-v4,1
478429,reward,4469,479.0778802457512,496.424,SF-P3O-NoFisher,Hopper-v4,1
478597,reward,4470,518.3652272810646,500.468,SF-P3O-NoFisher,Hopper-v4,1
478756,reward,4471,483.0294277593602,508.162,SF-P3O-NoFisher,Hopper-v4,1
478911,reward,4472,475.67940456426027,507.593,SF-P3O-NoFisher,Hopper-v4,1
479070,reward,4473,490.2489637577821,506.958,SF-P3O-NoFisher,Hopper-v4,1
479227,reward,4474,466.2345172643968,500.669,SF-P3O-NoFisher,Hopper-v4,1
479386,reward,4475,491.5592155788184,495.741,SF-P3O-NoFisher,Hopper-v4,1
479535,reward,4476,442.0756236862767,484.353,SF-P3O-NoFisher,Hopper-v4,1
479700,reward,4477,516.8767172722996,488.603,SF-P3O-NoFisher,Hopper-v4,1
479867,reward,4478,518.1335116653286,488.128,SF-P3O-NoFisher,Hopper-v4,1
480000,speed,885.51,13.03,SF-P3O-NoFisher,Hopper-v4,1
480001,spectral,0.05188,0.949078,0.6053,SF-P3O-NoFisher,Hopper-v4,1
480031,reward,4479,507.1788996443805,490.938,SF-P3O-NoFisher,Hopper-v4,1
480175,reward,4480,423.1117369956874,481.413,SF-P3O-NoFisher,Hopper-v4,1
480324,reward,4481,412.7162907749942,474.381,SF-P3O-NoFisher,Hopper-v4,1
480510,reward,4482,580.0686600626188,484.82,SF-P3O-NoFisher,Hopper-v4,1
480701,reward,4483,590.086182568334,494.804,SF-P3O-NoFisher,Hopper-v4,1
480858,reward,4484,472.7463765317645,495.455,SF-P3O-NoFisher,Hopper-v4,1
481024,reward,4485,516.6061432757795,497.96,SF-P3O-NoFisher,Hopper-v4,1
481184,reward,4486,494.0813411908447,503.161,SF-P3O-NoFisher,Hopper-v4,1
481345,reward,4487,494.2913372466151,500.902,SF-P3O-NoFisher,Hopper-v4,1
481493,reward,4488,434.0118970114859,492.49,SF-P3O-NoFisher,Hopper-v4,1
481654,reward,4489,488.760195135619,490.648,SF-P3O-NoFisher,Hopper-v4,1
481826,reward,4490,524.053206067601,500.742,SF-P3O-NoFisher,Hopper-v4,1
482016,reward,4491,588.5142199004401,518.322,SF-P3O-NoFisher,Hopper-v4,1
482174,reward,4492,485.0191694581566,508.817,SF-P3O-NoFisher,Hopper-v4,1
482341,reward,4493,517.0184434708215,501.51,SF-P3O-NoFisher,Hopper-v4,1
482502,reward,4494,481.93623999587913,502.429,SF-P3O-NoFisher,Hopper-v4,1
482657,reward,4495,460.5091550127624,496.82,SF-P3O-NoFisher,Hopper-v4,1
482850,reward,4496,594.2080680063309,506.832,SF-P3O-NoFisher,Hopper-v4,1
483014,reward,4497,500.1055169235021,507.414,SF-P3O-NoFisher,Hopper-v4,1
483152,reward,4498,400.2041292721156,504.033,SF-P3O-NoFisher,Hopper-v4,1
483319,reward,4499,502.154697538917,505.372,SF-P3O-NoFisher,Hopper-v4,1
483328,loss,0.06205202266573906,0.7386431097984314,SF-P3O-NoFisher,Hopper-v4,1
483494,reward,4500,552.414548705043,508.208,SF-P3O-NoFisher,Hopper-v4,1
483676,reward,4501,562.6526079851494,505.622,SF-P3O-NoFisher,Hopper-v4,1
483833,reward,4502,479.21918669105,505.042,SF-P3O-NoFisher,Hopper-v4,1
483990,reward,4503,467.32875268265263,500.073,SF-P3O-NoFisher,Hopper-v4,1
484178,reward,4504,580.5404009110408,509.934,SF-P3O-NoFisher,Hopper-v4,1
484350,reward,4505,516.3261888299553,515.515,SF-P3O-NoFisher,Hopper-v4,1
484519,reward,4506,509.99464533034165,507.094,SF-P3O-NoFisher,Hopper-v4,1
484685,reward,4507,518.2315166016949,508.907,SF-P3O-NoFisher,Hopper-v4,1
484879,reward,4508,598.1819105969781,528.704,SF-P3O-NoFisher,Hopper-v4,1
485030,reward,4509,459.66803546696303,524.456,SF-P3O-NoFisher,Hopper-v4,1
485197,reward,4510,509.9251781982455,520.207,SF-P3O-NoFisher,Hopper-v4,1
485357,reward,4511,491.116155155805,513.053,SF-P3O-NoFisher,Hopper-v4,1
485524,reward,4512,511.22937194952095,516.254,SF-P3O-NoFisher,Hopper-v4,1
485686,reward,4513,496.10107631633565,519.131,SF-P3O-NoFisher,Hopper-v4,1
485856,reward,4514,517.1506477862099,512.792,SF-P3O-NoFisher,Hopper-v4,1
486008,reward,4515,454.7300038646779,506.633,SF-P3O-NoFisher,Hopper-v4,1
486168,reward,4516,497.360346722096,505.369,SF-P3O-NoFisher,Hopper-v4,1
486336,reward,4517,513.585153338423,504.905,SF-P3O-NoFisher,Hopper-v4,1
486497,reward,4518,487.6269531153686,493.849,SF-P3O-NoFisher,Hopper-v4,1
486645,reward,4519,417.566458367354,489.639,SF-P3O-NoFisher,Hopper-v4,1
486791,reward,4520,422.81028632449545,480.928,SF-P3O-NoFisher,Hopper-v4,1
486976,reward,4521,585.894561359915,490.405,SF-P3O-NoFisher,Hopper-v4,1
487134,reward,4522,482.7381051769577,487.556,SF-P3O-NoFisher,Hopper-v4,1
487295,reward,4523,480.2287860493973,485.969,SF-P3O-NoFisher,Hopper-v4,1
487465,reward,4524,528.1672073242368,487.071,SF-P3O-NoFisher,Hopper-v4,1
487612,reward,4525,450.47005755769385,486.645,SF-P3O-NoFisher,Hopper-v4,1
487794,reward,4526,564.8776406813894,493.397,SF-P3O-NoFisher,Hopper-v4,1
487963,reward,4527,528.2755048061624,494.866,SF-P3O-NoFisher,Hopper-v4,1
488161,reward,4528,629.742710510373,509.077,SF-P3O-NoFisher,Hopper-v4,1
488307,reward,4529,444.8264852158092,511.803,SF-P3O-NoFisher,Hopper-v4,1
488462,reward,4530,475.8186317441545,517.104,SF-P3O-NoFisher,Hopper-v4,1
488629,reward,4531,517.0383380831971,510.218,SF-P3O-NoFisher,Hopper-v4,1
488787,reward,4532,485.80208187073475,510.525,SF-P3O-NoFisher,Hopper-v4,1
488944,reward,4533,466.01479236461415,509.103,SF-P3O-NoFisher,Hopper-v4,1
489088,reward,4534,430.06535453547826,499.293,SF-P3O-NoFisher,Hopper-v4,1
489253,reward,4535,501.41249141351994,504.387,SF-P3O-NoFisher,Hopper-v4,1
489434,reward,4536,553.4930302705352,503.249,SF-P3O-NoFisher,Hopper-v4,1
489610,reward,4537,549.1501574557353,505.336,SF-P3O-NoFisher,Hopper-v4,1
489773,reward,4538,491.13859581237995,491.476,SF-P3O-NoFisher,Hopper-v4,1
489932,reward,4539,482.8397622649906,495.277,SF-P3O-NoFisher,Hopper-v4,1
490000,speed,879.75,13.22,SF-P3O-NoFisher,Hopper-v4,1
490001,spectral,0.052418,0.948794,0.6401,SF-P3O-NoFisher,Hopper-v4,1
490090,reward,4540,484.66926961136045,496.162,SF-P3O-NoFisher,Hopper-v4,1
490242,reward,4541,454.8530629408165,489.944,SF-P3O-NoFisher,Hopper-v4,1
490393,reward,4542,445.13908845119903,485.878,SF-P3O-NoFisher,Hopper-v4,1
490559,reward,4543,517.7663747652992,491.053,SF-P3O-NoFisher,Hopper-v4,1
490730,reward,4544,532.1747770892762,501.264,SF-P3O-NoFisher,Hopper-v4,1
490891,reward,4545,492.3408805540566,500.356,SF-P3O-NoFisher,Hopper-v4,1
491050,reward,4546,476.42420741439554,492.65,SF-P3O-NoFisher,Hopper-v4,1
491232,reward,4547,563.1964637269542,494.054,SF-P3O-NoFisher,Hopper-v4,1
491393,reward,4548,497.69082733241146,494.709,SF-P3O-NoFisher,Hopper-v4,1
491520,loss,-0.12730145454406738,0.4584704041481018,SF-P3O-NoFisher,Hopper-v4,1
491520,diagnostics,0.0,59.67,14.5407,0.05289,0.948807,0.7274,-1.0,SF-P3O-NoFisher,Hopper-v4,1
491563,reward,4549,538.8703852476949,500.313,SF-P3O-NoFisher,Hopper-v4,1
491711,reward,4550,434.22911689095594,495.269,SF-P3O-NoFisher,Hopper-v4,1
491876,reward,4551,500.3430573977943,499.818,SF-P3O-NoFisher,Hopper-v4,1
492091,reward,4552,660.4119841712142,521.345,SF-P3O-NoFisher,Hopper-v4,1
492257,reward,4553,502.67469913221333,519.836,SF-P3O-NoFisher,Hopper-v4,1
492407,reward,4554,433.9957812119988,510.018,SF-P3O-NoFisher,Hopper-v4,1
492571,reward,4555,506.02837816234796,511.386,SF-P3O-NoFisher,Hopper-v4,1
492727,reward,4556,470.09887934961665,510.754,SF-P3O-NoFisher,Hopper-v4,1
492892,reward,4557,516.2898451449819,506.063,SF-P3O-NoFisher,Hopper-v4,1
493053,reward,4558,488.7853677349613,505.173,SF-P3O-NoFisher,Hopper-v4,1
493213,reward,4559,489.9038045605277,500.276,SF-P3O-NoFisher,Hopper-v4,1
493336,reward,4560,330.9659909884615,489.95,SF-P3O-NoFisher,Hopper-v4,1
493517,reward,4561,560.8896860076626,496.004,SF-P3O-NoFisher,Hopper-v4,1
493678,reward,4562,486.5937243978918,478.623,SF-P3O-NoFisher,Hopper-v4,1
493872,reward,4563,617.1471362536888,490.07,SF-P3O-NoFisher,Hopper-v4,1
494033,reward,4564,496.20661639751154,496.291,SF-P3O-NoFisher,Hopper-v4,1
494187,reward,4565,465.3496325265074,492.223,SF-P3O-NoFisher,Hopper-v4,1
494365,reward,4566,549.6158001378557,500.175,SF-P3O-NoFisher,Hopper-v4,1
494563,reward,4567,622.3463307099706,510.78,SF-P3O-NoFisher,Hopper-v4,1
494728,reward,4568,511.2407284982622,513.026,SF-P3O-NoFisher,Hopper-v4,1
494916,reward,4569,575.9023705078761,521.626,SF-P3O-NoFisher,Hopper-v4,1
495087,reward,4570,529.862422231782,541.515,SF-P3O-NoFisher,Hopper-v4,1
495246,reward,4571,484.24109679486634,533.851,SF-P3O-NoFisher,Hopper-v4,1
495391,reward,4572,430.70744396547155,528.262,SF-P3O-NoFisher,Hopper-v4,1
495552,reward,4573,473.1048759424268,513.858,SF-P3O-NoFisher,Hopper-v4,1
495692,reward,4574,413.99352575024403,505.636,SF-P3O-NoFisher,Hopper-v4,1
495872,reward,4575,553.6905618703181,514.471,SF-P3O-NoFisher,Hopper-v4,1
496032,reward,4576,480.642254332185,507.573,SF-P3O-NoFisher,Hopper-v4,1
496201,reward,4577,524.4106679215492,497.78,SF-P3O-NoFisher,Hopper-v4,1
496357,reward,4578,466.618338480846,493.317,SF-P3O-NoFisher,Hopper-v4,1
496511,reward,4579,467.34253419155175,482.461,SF-P3O-NoFisher,Hopper-v4,1
496686,reward,4580,552.3868281197257,484.714,SF-P3O-NoFisher,Hopper-v4,1
496862,reward,4581,538.4376887455511,490.133,SF-P3O-NoFisher,Hopper-v4,1
497060,reward,4582,621.1728579336132,509.18,SF-P3O-NoFisher,Hopper-v4,1
497261,reward,4583,635.430750065292,525.413,SF-P3O-NoFisher,Hopper-v4,1
497497,reward,4584,764.285100230062,560.442,SF-P3O-NoFisher,Hopper-v4,1
497652,reward,4585,474.9436015708337,552.567,SF-P3O-NoFisher,Hopper-v4,1
497828,reward,4586,539.7056621472855,558.473,SF-P3O-NoFisher,Hopper-v4,1
497971,reward,4587,413.3568462733997,547.368,SF-P3O-NoFisher,Hopper-v4,1
498135,reward,4588,502.20998995926846,550.927,SF-P3O-NoFisher,Hopper-v4,1
498303,reward,4589,522.4391719238725,556.437,SF-P3O-NoFisher,Hopper-v4,1
498473,reward,4590,522.510701884937,553.449,SF-P3O-NoFisher,Hopper-v4,1
498635,reward,4591,496.9783678911409,549.303,SF-P3O-NoFisher,Hopper-v4,1
498789,reward,4592,454.340917821407,532.62,SF-P3O-NoFisher,Hopper-v4,1
498959,reward,4593,515.3646159993439,520.613,SF-P3O-NoFisher,Hopper-v4,1
499114,reward,4594,460.1228343346781,490.197,SF-P3O-NoFisher,Hopper-v4,1
499305,reward,4595,591.393529682506,501.842,SF-P3O-NoFisher,Hopper-v4,1
499473,reward,4596,526.2209323576527,500.494,SF-P3O-NoFisher,Hopper-v4,1
499642,reward,4597,526.9020291939561,511.848,SF-P3O-NoFisher,Hopper-v4,1
499712,loss,-0.028627004474401474,0.4725531041622162,SF-P3O-NoFisher,Hopper-v4,1
499813,reward,4598,533.2492194181674,514.952,SF-P3O-NoFisher,Hopper-v4,1
499971,reward,4599,469.42079552514565,509.65,SF-P3O-NoFisher,Hopper-v4,1
500000,speed,587.94,13.5,SF-P3O-NoFisher,Hopper-v4,1
500001,perturb,0.053548,0.94843,0.6978,-1,-1,0.02,2,SF-P3O-NoFisher,Hopper-v4,1
500131,reward,4600,505.071193023043,507.906,SF-P3O-NoFisher,Hopper-v4,1
500341,reward,4601,666.2705790429342,524.836,SF-P3O-NoFisher,Hopper-v4,1
500506,reward,4602,504.22858447889416,529.824,SF-P3O-NoFisher,Hopper-v4,1
500715,reward,4603,647.9029933226294,543.078,SF-P3O-NoFisher,Hopper-v4,1
500887,reward,4604,528.6996100411945,549.936,SF-P3O-NoFisher,Hopper-v4,1
501042,reward,4605,454.93529517189836,536.29,SF-P3O-NoFisher,Hopper-v4,1
501227,reward,4606,576.8884933490029,541.357,SF-P3O-NoFisher,Hopper-v4,1
501398,reward,4607,537.9135319433439,542.458,SF-P3O-NoFisher,Hopper-v4,1
501592,reward,4608,593.0658930235435,548.44,SF-P3O-NoFisher,Hopper-v4,1
501776,reward,4609,578.9088019155784,559.388,SF-P3O-NoFisher,Hopper-v4,1
501940,reward,4610,493.4824553270525,558.23,SF-P3O-NoFisher,Hopper-v4,1
502121,reward,4611,563.7175723961776,547.974,SF-P3O-NoFisher,Hopper-v4,1
502282,reward,4612,485.46613446957764,546.098,SF-P3O-NoFisher,Hopper-v4,1
502461,reward,4613,550.55809774023,536.364,SF-P3O-NoFisher,Hopper-v4,1
502656,reward,4614,623.2804306052074,545.822,SF-P3O-NoFisher,Hopper-v4,1
502819,reward,4615,496.9425042248556,550.022,SF-P3O-NoFisher,Hopper-v4,1
502987,reward,4616,515.1974405053024,543.853,SF-P3O-NoFisher,Hopper-v4,1
503167,reward,4617,555.7893803441452,545.641,SF-P3O-NoFisher,Hopper-v4,1
503352,reward,4618,569.4260702459547,543.277,SF-P3O-NoFisher,Hopper-v4,1
503516,reward,4619,507.2009807194145,536.106,SF-P3O-NoFisher,Hopper-v4,1
503687,reward,4620,526.1114998382985,539.369,SF-P3O-NoFisher,Hopper-v4,1
503869,reward,4621,562.9749107859055,539.295,SF-P3O-NoFisher,Hopper-v4,1
504020,reward,4622,447.0812485509945,535.456,SF-P3O-NoFisher,Hopper-v4,1
504205,reward,4623,569.2721606432272,537.328,SF-P3O-NoFisher,Hopper-v4,1
504403,reward,4624,631.6527655202904,538.165,SF-P3O-NoFisher,Hopper-v4,1
504572,reward,4625,522.1045275870922,540.681,SF-P3O-NoFisher,Hopper-v4,1
504779,reward,4626,630.6015751857602,552.222,SF-P3O-NoFisher,Hopper-v4,1
504979,reward,4627,636.7936678886456,560.322,SF-P3O-NoFisher,Hopper-v4,1
505175,reward,4628,605.2009863428559,563.899,SF-P3O-NoFisher,Hopper-v4,1
505372,reward,4629,621.7177361271431,575.351,SF-P3O-NoFisher,Hopper-v4,1
505567,reward,4630,615.1973064802405,584.26,SF-P3O-NoFisher,Hopper-v4,1
505767,reward,4631,630.1105290643362,590.973,SF-P3O-NoFisher,Hopper-v4,1
505938,reward,4632,524.7718712800482,598.742,SF-P3O-NoFisher,Hopper-v4,1
506114,reward,4633,546.4482014375916,596.46,SF-P3O-NoFisher,Hopper-v4,1
506308,reward,4634,607.6191494659225,594.057,SF-P3O-NoFisher,Hopper-v4,1
506444,reward,4635,414.7723402359345,583.323,SF-P3O-NoFisher,Hopper-v4,1
506624,reward,4636,552.1109817518768,575.474,SF-P3O-NoFisher,Hopper-v4,1
506774,reward,4637,447.43199302074294,556.538,SF-P3O-NoFisher,Hopper-v4,1
506971,reward,4638,623.9555294704804,558.414,SF-P3O-NoFisher,Hopper-v4,1
507152,reward,4639,558.9534737131434,552.137,SF-P3O-NoFisher,Hopper-v4,1
507324,reward,4640,524.0740125345176,543.025,SF-P3O-NoFisher,Hopper-v4,1
507525,reward,4641,633.3271946464948,543.346,SF-P3O-NoFisher,Hopper-v4,1
507703,reward,4642,556.8981444206595,546.559,SF-P3O-NoFisher,Hopper-v4,1
507885,reward,4643,565.5494576275883,548.469,SF-P3O-NoFisher,Hopper-v4,1
507904,loss,0.05898713320493698,0.5081482529640198,SF-P3O-NoFisher,Hopper-v4,1
507904,diagnostics,0.0,60.34,17.6267,0.052178,0.949061,0.693,-1.0,SF-P3O-NoFisher,Hopper-v4,1
508084,reward,4644,631.663898022845,550.874,SF-P3O-NoFisher,Hopper-v4,1
508232,reward,4645,452.2342035002358,554.62,SF-P3O-NoFisher,Hopper-v4,1
508416,reward,4646,570.5300607997068,556.462,SF-P3O-NoFisher,Hopper-v4,1
508616,reward,4647,616.1591350257927,573.335,SF-P3O-NoFisher,Hopper-v4,1
508825,reward,4648,661.245801853771,577.064,SF-P3O-NoFisher,Hopper-v4,1
509030,reward,4649,653.5853880927148,586.527,SF-P3O-NoFisher,Hopper-v4,1
509209,reward,4650,569.3191031980124,591.051,SF-P3O-NoFisher,Hopper-v4,1
509390,reward,4651,564.3340506718506,584.152,SF-P3O-NoFisher,Hopper-v4,1
509584,reward,4652,583.5245606372999,586.815,SF-P3O-NoFisher,Hopper-v4,1
509752,reward,4653,520.5752683966755,582.317,SF-P3O-NoFisher,Hopper-v4,1
509925,reward,4654,532.9761672258419,572.448,SF-P3O-NoFisher,Hopper-v4,1
510000,speed,875.03,13.69,SF-P3O-NoFisher,Hopper-v4,1
510001,spectral,0.052178,0.949061,0.693,SF-P3O-NoFisher,Hopper-v4,1
510111,reward,4655,544.7758056909057,581.703,SF-P3O-NoFisher,Hopper-v4,1
510286,reward,4656,534.5285143620569,578.102,SF-P3O-NoFisher,Hopper-v4,1
510455,reward,4657,527.4144912296506,569.228,SF-P3O-NoFisher,Hopper-v4,1
510646,reward,4658,596.8759301929613,562.791,SF-P3O-NoFisher,Hopper-v4,1
510858,reward,4659,674.50354974772,564.883,SF-P3O-NoFisher,Hopper-v4,1
511029,reward,4660,521.2930980412677,560.08,SF-P3O-NoFisher,Hopper-v4,1
511201,reward,4661,530.140006195591,556.661,SF-P3O-NoFisher,Hopper-v4,1
511375,reward,4662,545.2356154701168,552.832,SF-P3O-NoFisher,Hopper-v4,1
511565,reward,4663,588.9010714569858,559.664,SF-P3O-NoFisher,Hopper-v4,1
511735,reward,4664,493.3215610073052,555.699,SF-P3O-NoFisher,Hopper-v4,1
511933,reward,4665,626.0562969364648,563.827,SF-P3O-NoFisher,Hopper-v4,1
512120,reward,4666,577.4057323544183,568.115,SF-P3O-NoFisher,Hopper-v4,1
512322,reward,4667,645.5503686517472,579.928,SF-P3O-NoFisher,Hopper-v4,1
512529,reward,4668,650.7824259844958,585.319,SF-P3O-NoFisher,Hopper-v4,1
512721,reward,4669,592.8020587609013,577.149,SF-P3O-NoFisher,Hopper-v4,1
512894,reward,4670,541.5914333238823,579.179,SF-P3O-NoFisher,Hopper-v4,1
513071,reward,4671,559.3765147797466,582.102,SF-P3O-NoFisher,Hopper-v4,1
513252,reward,4672,561.3224037212804,583.711,SF-P3O-NoFisher,Hopper-v4,1
513449,reward,4673,616.2235442390216,586.443,SF-P3O-NoFisher,Hopper-v4,1
513625,reward,4674,554.1396865834653,592.525,SF-P3O-NoFisher,Hopper-v4,1
513826,reward,4675,620.9375409731696,592.013,SF-P3O-NoFisher,Hopper-v4,1
514006,reward,4676,560.9625511872401,590.369,SF-P3O-NoFisher,Hopper-v4,1
514181,reward,4677,531.6909730889337,578.983,SF-P3O-NoFisher,Hopper-v4,1
514372,reward,4678,591.933740992435,573.098,SF-P3O-NoFisher,Hopper-v4,1
514567,reward,4679,595.3179977519667,573.35,SF-P3O-NoFisher,Hopper-v4,1
514730,reward,4680,491.32437052586016,568.323,SF-P3O-NoFisher,Hopper-v4,1
514929,reward,4681,611.7588279682475,573.561,SF-P3O-NoFisher,Hopper-v4,1
515120,reward,4682,596.7882135903479,577.108,SF-P3O-NoFisher,Hopper-v4,1
515286,reward,4683,513.4577898046998,566.831,SF-P3O-NoFisher,Hopper-v4,1
515466,reward,4684,550.8719127847519,566.504,SF-P3O-NoFisher,Hopper-v4,1
515670,reward,4685,638.6451797409229,568.275,SF-P3O-NoFisher,Hopper-v4,1
515863,reward,4686,603.404599872671,572.519,SF-P3O-NoFisher,Hopper-v4,1
516059,reward,4687,608.5723630577129,580.207,SF-P3O-NoFisher,Hopper-v4,1
516096,loss,0.07189281284809113,0.5965775847434998,SF-P3O-NoFisher,Hopper-v4,1
516261,reward,4688,619.659402260959,582.98,SF-P3O-NoFisher,Hopper-v4,1
516447,reward,4689,593.6046182221962,582.809,SF-P3O-NoFisher,Hopper-v4,1
516661,reward,4690,656.4871451468574,599.325,SF-P3O-NoFisher,Hopper-v4,1
516825,reward,4691,506.7921438856294,588.828,SF-P3O-NoFisher,Hopper-v4,1
517016,reward,4692,597.5672976379518,588.906,SF-P3O-NoFisher,Hopper-v4,1
517183,reward,4693,517.4639562768801,589.307,SF-P3O-NoFisher,Hopper-v4,1
517361,reward,4694,568.5428188210446,591.074,SF-P3O-NoFisher,Hopper-v4,1
517575,reward,4695,665.6935043571269,593.779,SF-P3O-NoFisher,Hopper-v4,1
517717,reward,4696,425.6128847591371,576.0,SF-P3O-NoFisher,Hopper-v4,1
517915,reward,4697,611.4237661306129,576.285,SF-P3O-NoFisher,Hopper-v4,1
518109,reward,4698,610.2106875973323,575.34,SF-P3O-NoFisher,Hopper-v4,1
518294,reward,4699,581.7983064712514,574.159,SF-P3O-NoFisher,Hopper-v4,1
518465,reward,4700,522.694390147029,560.78,SF-P3O-NoFisher,Hopper-v4,1
518631,reward,4701,526.7383045237735,562.775,SF-P3O-NoFisher,Hopper-v4,1
518816,reward,4702,583.6776048600686,561.386,SF-P3O-NoFisher,Hopper-v4,1
518988,reward,4703,534.9605598488956,563.135,SF-P3O-NoFisher,Hopper-v4,1
519170,reward,4704,571.9856268322944,563.48,SF-P3O-NoFisher,Hopper-v4,1
519363,reward,4705,600.6767833690069,556.978,SF-P3O-NoFisher,Hopper-v4,1
519563,reward,4706,636.732271456249,578.09,SF-P3O-NoFisher,Hopper-v4,1
519767,reward,4707,644.9405387116705,581.442,SF-P3O-NoFisher,Hopper-v4,1
519918,reward,4708,469.750956467245,567.396,SF-P3O-NoFisher,Hopper-v4,1
520000,speed,874.09,13.88,SF-P3O-NoFisher,Hopper-v4,1
520001,spectral,0.052777,0.949125,0.7417,SF-P3O-NoFisher,Hopper-v4,1
520076,reward,4709,489.6006193856321,558.176,SF-P3O-NoFisher,Hopper-v4,1
520298,reward,4710,695.9599956045082,575.502,SF-P3O-NoFisher,Hopper-v4,1
520468,reward,4711,539.3302991091978,576.762,SF-P3O-NoFisher,Hopper-v4,1
520650,reward,4712,571.8125514532659,575.575,SF-P3O-NoFisher,Hopper-v4,1
520805,reward,4713,423.8402024963394,564.463,SF-P3O-NoFisher,Hopper-v4,1
520981,reward,4714,541.1208616660408,561.377,SF-P3O-NoFisher,Hopper-v4,1
521198,reward,4715,702.4339708544915,571.552,SF-P3O-NoFisher,Hopper-v4,1
521369,reward,4716,531.6799072303696,561.047,SF-P3O-NoFisher,Hopper-v4,1
521549,reward,4717,562.8337320830489,552.836,SF-P3O-NoFisher,Hopper-v4,1
521739,reward,4718,592.5578000038155,565.117,SF-P3O-NoFisher,Hopper-v4,1
521908,reward,4719,527.4311281936943,568.9,SF-P3O-NoFisher,Hopper-v4,1
522107,reward,4720,629.9239264775462,562.296,SF-P3O-NoFisher,Hopper-v4,1
522280,reward,4721,527.1459472700349,561.078,SF-P3O-NoFisher,Hopper-v4,1
522450,reward,4722,510.654224201363,554.962,SF-P3O-NoFisher,Hopper-v4,1
522623,reward,4723,534.9272378218305,566.071,SF-P3O-NoFisher,Hopper-v4,1
522823,reward,4724,635.851021582338,575.544,SF-P3O-NoFisher,Hopper-v4,1
522998,reward,4725,552.0730691182014,560.508,SF-P3O-NoFisher,Hopper-v4,1
523181,reward,4726,569.6596389535498,564.306,SF-P3O-NoFisher,Hopper-v4,1
523378,reward,4727,627.8427063532698,570.807,SF-P3O-NoFisher,Hopper-v4,1
523564,reward,4728,586.095724089189,570.16,SF-P3O-NoFisher,Hopper-v4,1
523764,reward,4729,643.8762817567472,581.805,SF-P3O-NoFisher,Hopper-v4,1
523961,reward,4730,630.3892447844032,581.852,SF-P3O-NoFisher,Hopper-v4,1
524130,reward,4731,508.64872859587297,580.002,SF-P3O-NoFisher,Hopper-v4,1
524288,loss,0.02873774990439415,0.5060843825340271,SF-P3O-NoFisher,Hopper-v4,1
524288,diagnostics,0.0,60.56,14.0392,0.05335,0.949427,0.7718,-1.0,SF-P3O-NoFisher,Hopper-v4,1
524334,reward,4732,637.2745326336868,592.664,SF-P3O-NoFisher,Hopper-v4,1
524530,reward,4733,624.0212360694619,601.573,SF-P3O-NoFisher,Hopper-v4,1
524719,reward,4734,582.9174971572187,596.28,SF-P3O-NoFisher,Hopper-v4,1
524888,reward,4735,521.2584692960074,593.198,SF-P3O-NoFisher,Hopper-v4,1
525042,reward,4736,482.09656118013936,584.442,SF-P3O-NoFisher,Hopper-v4,1
525219,reward,4737,543.9045258177663,576.048,SF-P3O-NoFisher,Hopper-v4,1
525391,reward,4738,521.6552841696268,569.604,SF-P3O-NoFisher,Hopper-v4,1
525552,reward,4739,487.13456388639656,553.93,SF-P3O-NoFisher,Hopper-v4,1
525710,reward,4740,485.2106887903554,539.412,SF-P3O-NoFisher,Hopper-v4,1
525866,reward,4741,498.2934819946013,538.377,SF-P3O-NoFisher,Hopper-v4,1
526053,reward,4742,589.203104148271,533.57,SF-P3O-NoFisher,Hopper-v4,1
526272,reward,4743,708.1599494821739,541.983,SF-P3O-NoFisher,Hopper-v4,1
526444,reward,4744,533.3443548195145,537.026,SF-P3O-NoFisher,Hopper-v4,1
526638,reward,4745,607.272098945286,545.627,SF-P3O-NoFisher,Hopper-v4,1
526820,reward,4746,561.5940868021567,553.577,SF-P3O-NoFisher,Hopper-v4,1
527014,reward,4747,605.5415079031329,559.741,SF-P3O-NoFisher,Hopper-v4,1
527190,reward,4748,548.8283471343377,562.458,SF-P3O-NoFisher,Hopper-v4,1
527413,reward,4749,697.2522850291766,583.47,SF-P3O-NoFisher,Hopper-v4,1
527582,reward,4750,530.6590538277846,588.015,SF-P3O-NoFisher,Hopper-v4,1
527764,reward,4751,543.832460279302,592.569,SF-P3O-NoFisher,Hopper-v4,1
527935,reward,4752,526.6018097781968,586.309,SF-P3O-NoFisher,Hopper-v4,1
528136,reward,4753,636.5973698549419,579.152,SF-P3O-NoFisher,Hopper-v4,1
528311,reward,4754,546.7952883824418,580.497,SF-P3O-NoFisher,Hopper-v4,1
528506,reward,4755,610.8443832191828,580.855,SF-P3O-NoFisher,Hopper-v4,1
528755,reward,4756,748.4329248685781,599.539,SF-P3O-NoFisher,Hopper-v4,1
528952,reward,4757,630.8028901848352,602.065,SF-P3O-NoFisher,Hopper-v4,1
529130,reward,4758,553.4253023819044,602.524,SF-P3O-NoFisher,Hopper-v4,1
529298,reward,4759,512.9341081477709,584.093,SF-P3O-NoFisher,Hopper-v4,1
529468,reward,4760,515.9828331576649,582.625,SF-P3O-NoFisher,Hopper-v4,1
529668,reward,4761,636.3626019107705,591.878,SF-P3O-NoFisher,Hopper-v4,1
529891,reward,4762,716.4237806381423,610.86,SF-P3O-NoFisher,Hopper-v4,1
530000,speed,886.62,14.07,SF-P3O-NoFisher,Hopper-v4,1
530001,spectral,0.05335,0.949427,0.7718,SF-P3O-NoFisher,Hopper-v4,1
530064,reward,4763,537.2150972499992,600.922,SF-P3O-NoFisher,Hopper-v4,1
530239,reward,4764,549.4628312202741,601.189,SF-P3O-NoFisher,Hopper-v4,1
530422,reward,4765,573.0738471711994,597.412,SF-P3O-NoFisher,Hopper-v4,1
530597,reward,4766,556.5678134262039,578.225,SF-P3O-NoFisher,Hopper-v4,1
530776,reward,4767,558.5660695124196,571.001,SF-P3O-NoFisher,Hopper-v4,1
530945,reward,4768,525.653971641159,568.224,SF-P3O-NoFisher,Hopper-v4,1
531182,reward,4769,755.9341252104009,592.524,SF-P3O-NoFisher,Hopper-v4,1
531355,reward,4770,516.8239363671429,592.608,SF-P3O-NoFisher,Hopper-v4,1
531490,reward,4771,387.4280088397734,567.715,SF-P3O-NoFisher,Hopper-v4,1
531653,reward,4772,495.0193129023019,545.575,SF-P3O-NoFisher,Hopper-v4,1
531817,reward,4773,507.6270564117085,542.616,SF-P3O-NoFisher,Hopper-v4,1
531994,reward,4774,559.4502732478464,543.614,SF-P3O-NoFisher,Hopper-v4,1
532170,reward,4775,545.7149459812651,540.879,SF-P3O-NoFisher,Hopper-v4,1
532376,reward,4776,657.0655387978928,550.928,SF-P3O-NoFisher,Hopper-v4,1
532480,loss,-0.001805054023861885,0.4994794428348541,SF-P3O-NoFisher,Hopper-v4,1
532545,reward,4777,514.1195139826248,546.484,SF-P3O-NoFisher,Hopper-v4,1
532698,reward,4778,468.49496420682203,540.768,SF-P3O-NoFisher,Hopper-v4,1
532883,reward,4779,591.8479333126926,524.359,SF-P3O-NoFisher,Hopper-v4,1
533052,reward,4780,524.1969101498277,525.096,SF-P3O-NoFisher,Hopper-v4,1
533223,reward,4781,531.2355038137853,539.477,SF-P3O-NoFisher,Hopper-v4,1
533410,reward,4782,588.2304389681411,548.798,SF-P3O-NoFisher,Hopper-v4,1
533586,reward,4783,555.125070451067,553.548,SF-P3O-NoFisher,Hopper-v4,1
533753,reward,4784,526.5328691988772,550.256,SF-P3O-NoFisher,Hopper-v4,1
533920,reward,4785,530.4170724861983,548.727,SF-P3O-NoFisher,Hopper-v4,1
534092,reward,4786,531.2291704315531,536.143,SF-P3O-NoFisher,Hopper-v4,1
534296,reward,4787,644.6534835973321,549.196,SF-P3O-NoFisher,Hopper-v4,1
534414,reward,4788,344.8806725280184,536.835,SF-P3O-NoFisher,Hopper-v4,1
534557,reward,4789,428.4686220264409,520.497,SF-P3O-NoFisher,Hopper-v4,1
534733,reward,4790,552.0737147914067,523.285,SF-P3O-NoFisher,Hopper-v4,1
534919,reward,4791,581.0806062436058,528.269,SF-P3O-NoFisher,Hopper-v4,1
535084,reward,4792,505.261183227735,519.972,SF-P3O-NoFisher,Hopper-v4,1
535206,reward,4793,360.9119812313822,500.551,SF-P3O-NoFisher,Hopper-v4,1
535367,reward,4794,508.3691328016336,498.735,SF-P3O-NoFisher,Hopper-v4,1
535545,reward,4795,560.0534467378974,501.698,SF-P3O-NoFisher,Hopper-v4,1
535714,reward,4796,534.8089819178496,502.056,SF-P3O-NoFisher,Hopper-v4,1
535904,reward,4797,595.5773924735428,497.149,SF-P3O-NoFisher,Hopper-v4,1
536079,reward,4798,545.7782413124354,517.238,SF-P3O-NoFisher,Hopper-v4,1
536269,reward,4799,604.5370652795763,534.845,SF-P3O-NoFisher,Hopper-v4,1
536446,reward,4800,559.3104976258197,535.569,SF-P3O-NoFisher,Hopper-v4,1
536628,reward,4801,577.8653645216049,535.247,SF-P3O-NoFisher,Hopper-v4,1
536805,reward,4802,561.3851861638199,540.86,SF-P3O-NoFisher,Hopper-v4,1
536965,reward,4803,483.6288283277546,553.131,SF-P3O-NoFisher,Hopper-v4,1
537176,reward,4804,669.9674620639689,569.291,SF-P3O-NoFisher,Hopper-v4,1
537326,reward,4805,477.4432429249097,561.03,SF-P3O-NoFisher,Hopper-v4,1
537513,reward,4806,594.3706285037383,566.986,SF-P3O-NoFisher,Hopper-v4,1
537667,reward,4807,464.96680258045944,553.925,SF-P3O-NoFisher,Hopper-v4,1
537814,reward,4808,461.0951088784653,545.457,SF-P3O-NoFisher,Hopper-v4,1
537980,reward,4809,509.83624231126066,535.987,SF-P3O-NoFisher,Hopper-v4,1
538148,reward,4810,515.8073779534337,531.637,SF-P3O-NoFisher,Hopper-v4,1
538351,reward,4811,650.7104466001144,538.921,SF-P3O-NoFisher,Hopper-v4,1
538554,reward,4812,652.8879370610218,548.071,SF-P3O-NoFisher,Hopper-v4,1
538717,reward,4813,516.29674946053,551.338,SF-P3O-NoFisher,Hopper-v4,1
538845,reward,4814,385.66005016295554,522.907,SF-P3O-NoFisher,Hopper-v4,1
538995,reward,4815,447.5731898345061,519.92,SF-P3O-NoFisher,Hopper-v4,1
539177,reward,4816,566.5017812033224,517.134,SF-P3O-NoFisher,Hopper-v4,1
539353,reward,4817,564.2130349857349,527.058,SF-P3O-NoFisher,Hopper-v4,1
539482,reward,4818,384.8376873723638,519.432,SF-P3O-NoFisher,Hopper-v4,1
539656,reward,4819,544.8652508838252,522.935,SF-P3O-NoFisher,Hopper-v4,1
539818,reward,4820,505.5064353972252,521.905,SF-P3O-NoFisher,Hopper-v4,1
539983,reward,4821,502.4366562530345,507.078,SF-P3O-NoFisher,Hopper-v4,1
540000,speed,882.42,14.26,SF-P3O-NoFisher,Hopper-v4,1
540001,spectral,0.053625,0.949452,0.7675,SF-P3O-NoFisher,Hopper-v4,1
540140,reward,4822,500.8406690736566,491.873,SF-P3O-NoFisher,Hopper-v4,1
540317,reward,4823,557.5150346934302,495.995,SF-P3O-NoFisher,Hopper-v4,1
540494,reward,4824,555.0127142281063,512.93,SF-P3O-NoFisher,Hopper-v4,1
540646,reward,4825,473.87655589745685,515.561,SF-P3O-NoFisher,Hopper-v4,1
540672,loss,0.00958447065204382,0.4879775047302246,SF-P3O-NoFisher,Hopper-v4,1
540672,diagnostics,0.0,60.81,16.9235,0.054178,0.950007,0.8019,-1.0,SF-P3O-NoFisher,Hopper-v4,1
540820,reward,4826,549.7261753439042,513.883,SF-P3O-NoFisher,Hopper-v4,1
540980,reward,4827,490.6650190151356,506.528,SF-P3O-NoFisher,Hopper-v4,1
541153,reward,4828,552.3776679473527,523.282,SF-P3O-NoFisher,Hopper-v4,1
541317,reward,4829,506.07932533075603,519.404,SF-P3O-NoFisher,Hopper-v4,1
541490,reward,4830,538.1076609740395,522.664,SF-P3O-NoFisher,Hopper-v4,1
541659,reward,4831,516.2802187814547,524.048,SF-P3O-NoFisher,Hopper-v4,1
541823,reward,4832,510.00811871475645,524.965,SF-P3O-NoFisher,Hopper-v4,1
541994,reward,4833,515.5988385235828,520.773,SF-P3O-NoFisher,Hopper-v4,1
542159,reward,4834,517.9796930934754,517.07,SF-P3O-NoFisher,Hopper-v4,1
542332,reward,4835,542.9156831849723,523.974,SF-P3O-NoFisher,Hopper-v4,1
542498,reward,4836,517.7466650519585,520.776,SF-P3O-NoFisher,Hopper-v4,1
542671,reward,4837,532.8641811942675,524.996,SF-P3O-NoFisher,Hopper-v4,1
542847,reward,4838,551.0839258841752,524.866,SF-P3O-NoFisher,Hopper-v4,1
543023,reward,4839,546.6954036081709,528.928,SF-P3O-NoFisher,Hopper-v4,1
543209,reward,4840,594.9367151076624,534.611,SF-P3O-NoFisher,Hopper-v4,1
543384,reward,4841,542.3500526286674,537.218,SF-P3O-NoFisher,Hopper-v4,1
543591,reward,4842,653.0242108152462,551.52,SF-P3O-NoFisher,Hopper-v4,1
543771,reward,4843,564.767200614822,556.436,SF-P3O-NoFisher,Hopper-v4,1
543949,reward,4844,563.044655553201,560.943,SF-P3O-NoFisher,Hopper-v4,1
544108,reward,4845,477.0845027298814,554.36,SF-P3O-NoFisher,Hopper-v4,1
544231,reward,4846,335.2503310528995,536.11,SF-P3O-NoFisher,Hopper-v4,1
544429,reward,4847,559.6785236651274,538.792,SF-P3O-NoFisher,Hopper-v4,1
544633,reward,4848,664.4310658746066,550.126,SF-P3O-NoFisher,Hopper-v4,1
544792,reward,4849,485.0461172189651,543.961,SF-P3O-NoFisher,Hopper-v4,1
544977,reward,4850,582.1469941765289,542.682,SF-P3O-NoFisher,Hopper-v4,1
545112,reward,4851,398.2773279766904,528.275,SF-P3O-NoFisher,Hopper-v4,1
545253,reward,4852,406.8188987100875,503.655,SF-P3O-NoFisher,Hopper-v4,1
545418,reward,4853,504.05943627261854,497.584,SF-P3O-NoFisher,Hopper-v4,1
545597,reward,4854,547.887502720238,496.068,SF-P3O-NoFisher,Hopper-v4,1
545766,reward,4855,540.0221606438746,502.362,SF-P3O-NoFisher,Hopper-v4,1
545967,reward,4856,628.473416449853,531.684,SF-P3O-NoFisher,Hopper-v4,1
546138,reward,4857,519.222578971513,527.639,SF-P3O-NoFisher,Hopper-v4,1
546309,reward,4858,533.436613161746,514.539,SF-P3O-NoFisher,Hopper-v4,1
546489,reward,4859,558.3828061083062,521.873,SF-P3O-NoFisher,Hopper-v4,1
546656,reward,4860,521.1107171906277,515.769,SF-P3O-NoFisher,Hopper-v4,1
546851,reward,4861,633.0065440418573,539.242,SF-P3O-NoFisher,Hopper-v4,1
547027,reward,4862,563.2677848262401,554.887,SF-P3O-NoFisher,Hopper-v4,1
547226,reward,4863,640.0210936673254,568.483,SF-P3O-NoFisher,Hopper-v4,1
547421,reward,4864,621.3815573744822,575.833,SF-P3O-NoFisher,Hopper-v4,1
547586,reward,4865,514.5713125752136,573.287,SF-P3O-NoFisher,Hopper-v4,1
547760,reward,4866,550.6763676250343,565.508,SF-P3O-NoFisher,Hopper-v4,1
547931,reward,4867,543.8983224896439,567.975,SF-P3O-NoFisher,Hopper-v4,1
548101,reward,4868,515.4393255426962,566.176,SF-P3O-NoFisher,Hopper-v4,1
548273,reward,4869,533.2576582693316,563.663,SF-P3O-NoFisher,Hopper-v4,1
548442,reward,4870,508.38025470556863,562.39,SF-P3O-NoFisher,Hopper-v4,1
548625,reward,4871,578.157416987095,556.905,SF-P3O-NoFisher,Hopper-v4,1
548802,reward,4872,551.9318364390256,555.772,SF-P3O-NoFisher,Hopper-v4,1
548864,loss,0.05141381174325943,1.117906093597412,SF-P3O-NoFisher,Hopper-v4,1
548976,reward,4873,548.9587782440433,546.665,SF-P3O-NoFisher,Hopper-v4,1
549162,reward,4874,580.1462347572776,542.542,SF-P3O-NoFisher,Hopper-v4,1
549341,reward,4875,555.8520619028404,546.67,SF-P3O-NoFisher,Hopper-v4,1
549516,reward,4876,548.6805793678664,546.47,SF-P3O-NoFisher,Hopper-v4,1
549671,reward,4877,480.9780537576924,540.178,SF-P3O-NoFisher,Hopper-v4,1
549854,reward,4878,573.2373833865944,545.958,SF-P3O-NoFisher,Hopper-v4,1
550000,speed,576.19,14.55,SF-P3O-NoFisher,Hopper-v4,1
550001,spectral,0.054548,0.950632,0.7911,SF-P3O-NoFisher,Hopper-v4,1
550020,reward,4879,508.75481781269474,543.508,SF-P3O-NoFisher,Hopper-v4,1
550194,reward,4880,555.4535674451975,548.215,SF-P3O-NoFisher,Hopper-v4,1
550362,reward,4881,537.9830529001108,544.198,SF-P3O-NoFisher,Hopper-v4,1
550508,reward,4882,464.0983058968054,535.414,SF-P3O-NoFisher,Hopper-v4,1
550665,reward,4883,481.2102499278439,528.639,SF-P3O-NoFisher,Hopper-v4,1
550844,reward,4884,567.8132450964252,527.406,SF-P3O-NoFisher,Hopper-v4,1
551016,reward,4885,531.3715624329253,524.958,SF-P3O-NoFisher,Hopper-v4,1
551202,reward,4886,581.9160161049385,528.282,SF-P3O-NoFisher,Hopper-v4,1
551375,reward,4887,539.2751235090622,534.111,SF-P3O-NoFisher,Hopper-v4,1
551549,reward,4888,544.627389319355,531.25,SF-P3O-NoFisher,Hopper-v4,1
551724,reward,4889,552.5932019284043,535.634,SF-P3O-NoFisher,Hopper-v4,1
551896,reward,4890,536.8987803193436,533.779,SF-P3O-NoFisher,Hopper-v4,1
552105,reward,4891,682.4790365762008,548.228,SF-P3O-NoFisher,Hopper-v4,1
552275,reward,4892,533.2368317791002,555.142,SF-P3O-NoFisher,Hopper-v4,1
552467,reward,4893,607.8172844593606,567.803,SF-P3O-NoFisher,Hopper-v4,1
552667,reward,4894,622.8272155279005,573.304,SF-P3O-NoFisher,Hopper-v4,1
552866,reward,4895,632.6884282694397,583.436,SF-P3O-NoFisher,Hopper-v4,1
553046,reward,4896,560.4706968068937,581.291,SF-P3O-NoFisher,Hopper-v4,1
553216,reward,4897,529.304696633656,580.294,SF-P3O-NoFisher,Hopper-v4,1
553380,reward,4898,505.0745781549248,576.339,SF-P3O-NoFisher,Hopper-v4,1
553560,reward,4899,558.5368929879007,576.933,SF-P3O-NoFisher,Hopper-v4,1
553729,reward,4900,524.9972444418787,575.743,SF-P3O-NoFisher,Hopper-v4,1
553933,reward,4901,653.9315564549253,572.889,SF-P3O-NoFisher,Hopper-v4,1
554111,reward,4902,546.4704588885934,574.212,SF-P3O-NoFisher,Hopper-v4,1
554292,reward,4903,571.9155539309642,570.622,SF-P3O-NoFisher,Hopper-v4,1
554469,reward,4904,550.1259488452516,563.352,SF-P3O-NoFisher,Hopper-v4,1
554607,reward,4905,414.41259347008,541.524,SF-P3O-NoFisher,Hopper-v4,1
554725,reward,4906,335.56549808471914,519.034,SF-P3O-NoFisher,Hopper-v4,1
554883,reward,4907,487.630955723637,514.866,SF-P3O-NoFisher,Hopper-v4,1
555043,reward,4908,496.5101429717528,514.01,SF-P3O-NoFisher,Hopper-v4,1
555197,reward,4909,402.2734783690319,498.383,SF-P3O-NoFisher,Hopper-v4,1
555421,reward,4910,724.1377046345509,518.297,SF-P3O-NoFisher,Hopper-v4,1
555607,reward,4911,590.9565074769986,512.0,SF-P3O-NoFisher,Hopper-v4,1
555782,reward,4912,545.6217600968222,511.915,SF-P3O-NoFisher,Hopper-v4,1
555971,reward,4913,591.5701044891968,513.88,SF-P3O-NoFisher,Hopper-v4,1
556139,reward,4914,518.605502164143,510.728,SF-P3O-NoFisher,Hopper-v4,1
556291,reward,4915,466.58319547640957,515.945,SF-P3O-NoFisher,Hopper-v4,1
556399,reward,4916,301.4490569988499,512.534,SF-P3O-NoFisher,Hopper-v4,1
556576,reward,4917,546.2896536407364,518.4,SF-P3O-NoFisher,Hopper-v4,1
556760,reward,4918,572.3744983908103,525.986,SF-P3O-NoFisher,Hopper-v4,1
556925,reward,4919,519.0213683934141,537.661,SF-P3O-NoFisher,Hopper-v4,1
557056,loss,0.02670764923095703,0.618116021156311,SF-P3O-NoFisher,Hopper-v4,1
557056,diagnostics,0.0,61.09,21.1476,0.055129,0.950791,0.8079,-1.0,SF-P3O-NoFisher,Hopper-v4,1
557113,reward,4920,587.1131925260637,523.958,SF-P3O-NoFisher,Hopper-v4,1
557294,reward,4921,560.4993941597925,520.913,SF-P3O-NoFisher,Hopper-v4,1
557482,reward,4922,586.672913009082,525.018,SF-P3O-NoFisher,Hopper-v4,1
557652,reward,4923,529.089488962881,518.77,SF-P3O-NoFisher,Hopper-v4,1
557816,reward,4924,521.3313003330848,519.042,SF-P3O-NoFisher,Hopper-v4,1
558034,reward,4925,681.3976285684573,540.524,SF-P3O-NoFisher,Hopper-v4,1
558215,reward,4926,562.5706442396868,566.636,SF-P3O-NoFisher,Hopper-v4,1
558422,reward,4927,665.9442503537807,578.601,SF-P3O-NoFisher,Hopper-v4,1
558594,reward,4928,531.753916460986,574.539,SF-P3O-NoFisher,Hopper-v4,1
558761,reward,4929,525.2028360002322,575.158,SF-P3O-NoFisher,Hopper-v4,1
558950,reward,4930,582.9308414171185,574.739,SF-P3O-NoFisher,Hopper-v4,1
559114,reward,4931,499.9645125515705,568.686,SF-P3O-NoFisher,Hopper-v4,1
559282,reward,4932,517.417714049314,561.76,SF-P3O-NoFisher,Hopper-v4,1
559485,reward,4933,669.8968472543488,575.841,SF-P3O-NoFisher,Hopper-v4,1
559660,reward,4934,551.579278543789,578.866,SF-P3O-NoFisher,Hopper-v4,1
559881,reward,4935,727.1079177806507,583.437,SF-P3O-NoFisher,Hopper-v4,1
560000,speed,869.55,14.74,SF-P3O-NoFisher,Hopper-v4,1
560001,spectral,0.055129,0.950791,0.8079,SF-P3O-NoFisher,Hopper-v4,1
560032,reward,4936,462.72244629027057,573.452,SF-P3O-NoFisher,Hopper-v4,1
560199,reward,4937,506.2447809107706,557.482,SF-P3O-NoFisher,Hopper-v4,1
560396,reward,4938,621.9183452391337,566.499,SF-P3O-NoFisher,Hopper-v4,1
560587,reward,4939,611.570497776074,575.135,SF-P3O-NoFisher,Hopper-v4,1
560764,reward,4940,560.5310168674083,572.895,SF-P3O-NoFisher,Hopper-v4,1
560938,reward,4941,547.6690724227384,577.666,SF-P3O-NoFisher,Hopper-v4,1
561115,reward,4942,550.3290210940361,580.957,SF-P3O-NoFisher,Hopper-v4,1
561322,reward,4943,653.864373025491,579.354,SF-P3O-NoFisher,Hopper-v4,1
561521,reward,4944,621.2224807296986,586.318,SF-P3O-NoFisher,Hopper-v4,1
561686,reward,4945,508.54503150797564,564.462,SF-P3O-NoFisher,Hopper-v4,1
561866,reward,4946,566.490778474914,574.839,SF-P3O-NoFisher,Hopper-v4,1
561997,reward,4947,394.40899150641735,563.655,SF-P3O-NoFisher,Hopper-v4,1
562191,reward,4948,613.658722242178,562.829,SF-P3O-NoFisher,Hopper-v4,1
562367,reward,4949,544.6871849228909,556.141,SF-P3O-NoFisher,Hopper-v4,1
562566,reward,4950,629.6904779126083,563.057,SF-P3O-NoFisher,Hopper-v4,1
562761,reward,4951,625.7149345230325,570.861,SF-P3O-NoFisher,Hopper-v4,1
562954,reward,4952,614.2045977926201,577.249,SF-P3O-NoFisher,Hopper-v4,1
563172,reward,4953,704.8889119723847,582.351,SF-P3O-NoFisher,Hopper-v4,1
563339,reward,4954,524.8616102103866,572.715,SF-P3O-NoFisher,Hopper-v4,1
563529,reward,4955,596.1576088574275,581.476,SF-P3O-NoFisher,Hopper-v4,1
563721,reward,4956,611.4021478010161,585.968,SF-P3O-NoFisher,Hopper-v4,1
563909,reward,4957,585.9076520286471,605.117,SF-P3O-NoFisher,Hopper-v4,1
564077,reward,4958,517.8131218251535,595.533,SF-P3O-NoFisher,Hopper-v4,1
564241,reward,4959,511.0516289624281,592.169,SF-P3O-NoFisher,Hopper-v4,1
564455,reward,4960,696.8629103648541,598.887,SF-P3O-NoFisher,Hopper-v4,1
564632,reward,4961,547.138490749334,591.029,SF-P3O-NoFisher,Hopper-v4,1
564817,reward,4962,597.5498946487335,589.363,SF-P3O-NoFisher,Hopper-v4,1
564980,reward,4963,508.5432207829143,569.729,SF-P3O-NoFisher,Hopper-v4,1
565154,reward,4964,556.5251137816849,572.895,SF-P3O-NoFisher,Hopper-v4,1
565248,loss,-0.10695840418338776,0.3826630115509033,SF-P3O-NoFisher,Hopper-v4,1
565336,reward,4965,574.1363342956498,570.693,SF-P3O-NoFisher,Hopper-v4,1
565523,reward,4966,590.6380000571819,568.617,SF-P3O-NoFisher,Hopper-v4,1
565684,reward,4967,506.50716358893567,560.677,SF-P3O-NoFisher,Hopper-v4,1
565867,reward,4968,584.1645792784578,567.312,SF-P3O-NoFisher,Hopper-v4,1
566038,reward,4969,520.9410533534884,568.301,SF-P3O-NoFisher,Hopper-v4,1
566195,reward,4970,489.8452627377739,547.599,SF-P3O-NoFisher,Hopper-v4,1
566393,reward,4971,609.7792224020632,553.863,SF-P3O-NoFisher,Hopper-v4,1
566575,reward,4972,575.4010283935839,551.648,SF-P3O-NoFisher,Hopper-v4,1
566747,reward,4973,539.7531089673078,554.769,SF-P3O-NoFisher,Hopper-v4,1
566933,reward,4974,591.8012148801685,558.297,SF-P3O-NoFisher,Hopper-v4,1
567103,reward,4975,538.460771873264,554.729,SF-P3O-NoFisher,Hopper-v4,1
567268,reward,4976,520.7483048001075,547.74,SF-P3O-NoFisher,Hopper-v4,1
567451,reward,4977,577.9906763110547,554.889,SF-P3O-NoFisher,Hopper-v4,1
567615,reward,4978,517.5941097172306,548.231,SF-P3O-NoFisher,Hopper-v4,1
567776,reward,4979,508.97731850645596,547.035,SF-P3O-NoFisher,Hopper-v4,1
567949,reward,4980,549.5638795689695,553.007,SF-P3O-NoFisher,Hopper-v4,1
568122,reward,4981,550.747927216835,547.104,SF-P3O-NoFisher,Hopper-v4,1
568310,reward,4982,583.9578649838098,547.96,SF-P3O-NoFisher,Hopper-v4,1
568478,reward,4983,529.2007844680852,546.904,SF-P3O-NoFisher,Hopper-v4,1
568664,reward,4984,583.1965093538873,546.044,SF-P3O-NoFisher,Hopper-v4,1
568828,reward,4985,527.1720312830334,544.915,SF-P3O-NoFisher,Hopper-v4,1
568990,reward,4986,509.71374735360143,543.811,SF-P3O-NoFisher,Hopper-v4,1
569186,reward,4987,606.4497640685793,546.657,SF-P3O-NoFisher,Hopper-v4,1
569367,reward,4988,564.9652736950995,551.395,SF-P3O-NoFisher,Hopper-v4,1
569542,reward,4989,549.7185611717875,555.469,SF-P3O-NoFisher,Hopper-v4,1
569622,reward,4990,180.254721071887,518.538,SF-P3O-NoFisher,Hopper-v4,1
569794,reward,4991,532.0873618324252,516.672,SF-P3O-NoFisher,Hopper-v4,1
569982,reward,4992,597.0458686819411,517.98,SF-P3O-NoFisher,Hopper-v4,1
570000,speed,732.65,14.97,SF-P3O-NoFisher,Hopper-v4,1
570001,spectral,0.055565,0.950655,0.8455,SF-P3O-NoFisher,Hopper-v4,1
570141,reward,4993,494.60538102863336,514.521,SF-P3O-NoFisher,Hopper-v4,1
570316,reward,4994,559.3872038728559,512.14,SF-P3O-NoFisher,Hopper-v4,1
570493,reward,4995,554.5620525829061,514.879,SF-P3O-NoFisher,Hopper-v4,1
570666,reward,4996,545.9233935715673,518.5,SF-P3O-NoFisher,Hopper-v4,1
570819,reward,4997,457.3121184417123,503.586,SF-P3O-NoFisher,Hopper-v4,1
570975,reward,4998,490.7310649423099,496.163,SF-P3O-NoFisher,Hopper-v4,1
571147,reward,4999,531.2695490300559,494.318,SF-P3O-NoFisher,Hopper-v4,1
571324,reward,5000,550.6994538496708,531.362,SF-P3O-NoFisher,Hopper-v4,1
571505,reward,5001,573.4875884050509,535.502,SF-P3O-NoFisher,Hopper-v4,1
571715,reward,5002,678.265685174452,543.624,SF-P3O-NoFisher,Hopper-v4,1
571895,reward,5003,576.2195330312637,551.786,SF-P3O-NoFisher,Hopper-v4,1
572078,reward,5004,580.7874321948016,553.926,SF-P3O-NoFisher,Hopper-v4,1
572258,reward,5005,571.1484031229145,555.584,SF-P3O-NoFisher,Hopper-v4,1
572457,reward,5006,632.676880114605,564.26,SF-P3O-NoFisher,Hopper-v4,1
572621,reward,5007,532.153697927871,571.744,SF-P3O-NoFisher,Hopper-v4,1
572795,reward,5008,550.8043271878875,577.751,SF-P3O-NoFisher,Hopper-v4,1
572965,reward,5009,540.5500653662763,578.679,SF-P3O-NoFisher,Hopper-v4,1
573143,reward,5010,558.0079169707479,579.41,SF-P3O-NoFisher,Hopper-v4,1
573301,reward,5011,465.4655172218158,568.608,SF-P3O-NoFisher,Hopper-v4,1
573440,loss,-0.032806817442178726,0.6296403408050537,SF-P3O-NoFisher,Hopper-v4,1
573440,diagnostics,0.0,61.26,50.7996,0.056178,0.950466,0.8312,-1.0,SF-P3O-NoFisher,Hopper-v4,1
573476,reward,5012,554.6283073639489,556.244,SF-P3O-NoFisher,Hopper-v4,1
573635,reward,5013,486.24873351546734,547.247,SF-P3O-NoFisher,Hopper-v4,1
573818,reward,5014,585.0671438022704,547.675,SF-P3O-NoFisher,Hopper-v4,1
573983,reward,5015,517.0429461360415,542.265,SF-P3O-NoFisher,Hopper-v4,1
574162,reward,5016,565.040830619351,535.501,SF-P3O-NoFisher,Hopper-v4,1
574336,reward,5017,547.0664596983167,536.992,SF-P3O-NoFisher,Hopper-v4,1
574532,reward,5018,621.5331674658157,544.065,SF-P3O-NoFisher,Hopper-v4,1
574698,reward,5019,535.2972835777296,543.54,SF-P3O-NoFisher,Hopper-v4,1
574885,reward,5020,592.3888369742268,546.978,SF-P3O-NoFisher,Hopper-v4,1
575073,reward,5021,594.3333860344698,559.865,SF-P3O-NoFisher,Hopper-v4,1
575243,reward,5022,524.5173874357356,556.854,SF-P3O-NoFisher,Hopper-v4,1
575405,reward,5023,518.8629613483274,560.115,SF-P3O-NoFisher,Hopper-v4,1
575594,reward,5024,591.2348065462393,560.732,SF-P3O-NoFisher,Hopper-v4,1
575761,reward,5025,525.1169860783322,561.539,SF-P3O-NoFisher,Hopper-v4,1
575928,reward,5026,530.8642069104071,558.122,SF-P3O-NoFisher,Hopper-v4,1
576089,reward,5027,508.0724094956982,554.222,SF-P3O-NoFisher,Hopper-v4,1
576212,reward,5028,355.20391410432484,527.589,SF-P3O-NoFisher,Hopper-v4,1
576386,reward,5029,535.9637464676694,527.656,SF-P3O-NoFisher,Hopper-v4,1
576559,reward,5030,543.8013761750746,522.797,SF-P3O-NoFisher,Hopper-v4,1
576726,reward,5031,524.4362915799942,515.807,SF-P3O-NoFisher,Hopper-v4,1
576909,reward,5032,574.7467414410311,520.83,SF-P3O-NoFisher,Hopper-v4,1
577031,reward,5033,354.3850346719188,504.383,SF-P3O-NoFisher,Hopper-v4,1
577238,reward,5034,661.8201640120019,511.441,SF-P3O-NoFisher,Hopper-v4,1
577419,reward,5035,570.0629923212032,515.936,SF-P3O-NoFisher,Hopper-v4,1
577587,reward,5036,531.6045622870912,516.01,SF-P3O-NoFisher,Hopper-v4,1
577748,reward,5037,496.18785596337403,514.821,SF-P3O-NoFisher,Hopper-v4,1
577894,reward,5038,443.84111535019593,523.685,SF-P3O-NoFisher,Hopper-v4,1
578063,reward,5039,526.985296145421,522.787,SF-P3O-NoFisher,Hopper-v4,1
578239,reward,5040,563.4367454434537,524.751,SF-P3O-NoFisher,Hopper-v4,1
578428,reward,5041,582.519599280594,530.559,SF-P3O-NoFisher,Hopper-v4,1
578588,reward,5042,516.7250798774547,524.757,SF-P3O-NoFisher,Hopper-v4,1
578777,reward,5043,599.6387814323934,549.282,SF-P3O-NoFisher,Hopper-v4,1
578931,reward,5044,469.2472581405384,530.025,SF-P3O-NoFisher,Hopper-v4,1
579104,reward,5045,540.5214664902167,527.071,SF-P3O-NoFisher,Hopper-v4,1
579289,reward,5046,588.298136548146,532.74,SF-P3O-NoFisher,Hopper-v4,1
579460,reward,5047,522.5941838195176,535.381,SF-P3O-NoFisher,Hopper-v4,1
579641,reward,5048,575.5667009803867,548.553,SF-P3O-NoFisher,Hopper-v4,1
579814,reward,5049,540.594447043621,549.914,SF-P3O-NoFisher,Hopper-v4,1
579975,reward,5050,495.57022943631233,543.128,SF-P3O-NoFisher,Hopper-v4,1
580000,speed,596.16,15.25,SF-P3O-NoFisher,Hopper-v4,1
580001,perturb,0.056178,0.950466,0.8312,-1,-1,0.02,3,SF-P3O-NoFisher,Hopper-v4,1
580151,reward,5051,537.2166715807309,538.597,SF-P3O-NoFisher,Hopper-v4,1
580319,reward,5052,514.1805836367068,538.343,SF-P3O-NoFisher,Hopper-v4,1
580499,reward,5053,573.0806537682361,535.687,SF-P3O-NoFisher,Hopper-v4,1
580672,reward,5054,539.6377613331955,542.726,SF-P3O-NoFisher,Hopper-v4,1
580821,reward,5055,478.8114275267435,536.555,SF-P3O-NoFisher,Hopper-v4,1
581004,reward,5056,572.7355906205615,534.999,SF-P3O-NoFisher,Hopper-v4,1
581189,reward,5057,563.5140131979604,539.091,SF-P3O-NoFisher,Hopper-v4,1
581360,reward,5058,547.4094230242843,536.275,SF-P3O-NoFisher,Hopper-v4,1
581526,reward,5059,504.59361774563774,532.675,SF-P3O-NoFisher,Hopper-v4,1
581632,loss,-0.03462383151054382,0.34017083048820496,SF-P3O-NoFisher,Hopper-v4,1
581715,reward,5060,510.41363753672704,534.159,SF-P3O-NoFisher,Hopper-v4,1
581889,reward,5061,544.4093399647825,534.879,SF-P3O-NoFisher,Hopper-v4,1
582055,reward,5062,521.2442819098248,535.585,SF-P3O-NoFisher,Hopper-v4,1
582231,reward,5063,550.6442581343277,533.341,SF-P3O-NoFisher,Hopper-v4,1
582424,reward,5064,616.0571024167818,540.983,SF-P3O-NoFisher,Hopper-v4,1
582606,reward,5065,561.5723158948705,549.259,SF-P3O-NoFisher,Hopper-v4,1
582785,reward,5066,506.5117921577989,542.637,SF-P3O-NoFisher,Hopper-v4,1
582930,reward,5067,424.45036245642245,528.731,SF-P3O-NoFisher,Hopper-v4,1
583105,reward,5068,555.60533138554,529.55,SF-P3O-NoFisher,Hopper-v4,1
583284,reward,5069,559.8288316827661,535.074,SF-P3O-NoFisher,Hopper-v4,1
583462,reward,5070,544.6034013279333,538.493,SF-P3O-NoFisher,Hopper-v4,1
583634,reward,5071,538.4817631894994,537.9,SF-P3O-NoFisher,Hopper-v4,1
583822,reward,5072,601.0744270575966,545.883,SF-P3O-NoFisher,Hopper-v4,1
584000,reward,5073,573.5161325150088,548.17,SF-P3O-NoFisher,Hopper-v4,1
584165,reward,5074,510.5509702324576,537.62,SF-P3O-NoFisher,Hopper-v4,1
584329,reward,5075,518.230149450296,533.285,SF-P3O-NoFisher,Hopper-v4,1
584521,reward,5076,604.378028597313,543.072,SF-P3O-NoFisher,Hopper-v4,1
584709,reward,5077,587.1332559207101,559.34,SF-P3O-NoFisher,Hopper-v4,1
584881,reward,5078,532.3644343152722,557.016,SF-P3O-NoFisher,Hopper-v4,1
585056,reward,5079,503.41906178753123,551.375,SF-P3O-NoFisher,Hopper-v4,1
585225,reward,5080,531.3100538684139,550.046,SF-P3O-NoFisher,Hopper-v4,1
585406,reward,5081,567.4651838828288,552.944,SF-P3O-NoFisher,Hopper-v4,1
585581,reward,5082,538.8830646090655,546.725,SF-P3O-NoFisher,Hopper-v4,1
585759,reward,5083,555.2016463003157,544.894,SF-P3O-NoFisher,Hopper-v4,1
585869,reward,5084,275.20117930666936,521.359,SF-P3O-NoFisher,Hopper-v4,1
586045,reward,5085,554.2219191596448,524.958,SF-P3O-NoFisher,Hopper-v4,1
586238,reward,5086,599.8988786854289,524.51,SF-P3O-NoFisher,Hopper-v4,1
586434,reward,5087,617.6585907650957,527.562,SF-P3O-NoFisher,Hopper-v4,1
586592,reward,5088,492.82323600125454,523.608,SF-P3O-NoFisher,Hopper-v4,1
586761,reward,5089,534.003194630149,526.667,SF-P3O-NoFisher,Hopper-v4,1
586934,reward,5090,543.8406861467914,527.92,SF-P3O-NoFisher,Hopper-v4,1
587111,reward,5091,552.8171615370562,526.455,SF-P3O-NoFisher,Hopper-v4,1
587266,reward,5092,491.193673332356,521.686,SF-P3O-NoFisher,Hopper-v4,1
587442,reward,5093,551.2080552563266,521.287,SF-P3O-NoFisher,Hopper-v4,1
587618,reward,5094,554.5969396207674,549.226,SF-P3O-NoFisher,Hopper-v4,1
587803,reward,5095,585.6603951253275,552.37,SF-P3O-NoFisher,Hopper-v4,1
587974,reward,5096,536.5060042393667,546.031,SF-P3O-NoFisher,Hopper-v4,1
588146,reward,5097,537.3131612968093,537.996,SF-P3O-NoFisher,Hopper-v4,1
588332,reward,5098,587.4668527249255,547.461,SF-P3O-NoFisher,Hopper-v4,1
588497,reward,5099,449.37162870640645,538.997,SF-P3O-NoFisher,Hopper-v4,1
588659,reward,5100,503.71917319110617,534.985,SF-P3O-NoFisher,Hopper-v4,1
588834,reward,5101,553.580563823914,535.062,SF-P3O-NoFisher,Hopper-v4,1
589032,reward,5102,635.7268207347103,549.515,SF-P3O-NoFisher,Hopper-v4,1
589216,reward,5103,581.4261752335993,552.537,SF-P3O-NoFisher,Hopper-v4,1
589391,reward,5104,549.8611238430942,552.063,SF-P3O-NoFisher,Hopper-v4,1
589560,reward,5105,530.0104260928207,546.498,SF-P3O-NoFisher,Hopper-v4,1
589731,reward,5106,520.7416112657721,544.922,SF-P3O-NoFisher,Hopper-v4,1
589824,loss,0.028272096067667007,0.6296846866607666,SF-P3O-NoFisher,Hopper-v4,1
589824,diagnostics,0.0,61.88,30.6881,0.055233,0.951064,0.8446,-1.0,SF-P3O-NoFisher,Hopper-v4,1
589905,reward,5107,545.283910847706,545.719,SF-P3O-NoFisher,Hopper-v4,1
590000,speed,449.84,15.62,SF-P3O-NoFisher,Hopper-v4,1
590001,spectral,0.055233,0.951064,0.8446,SF-P3O-NoFisher,Hopper-v4,1
590099,reward,5108,614.6401717124915,548.436,SF-P3O-NoFisher,Hopper-v4,1
590303,reward,5109,661.3263324215645,569.632,SF-P3O-NoFisher,Hopper-v4,1
590473,reward,5110,541.7942360601692,573.439,SF-P3O-NoFisher,Hopper-v4,1
590640,reward,5111,537.5724071961577,571.838,SF-P3O-NoFisher,Hopper-v4,1
590826,reward,5112,593.8519117681857,567.651,SF-P3O-NoFisher,Hopper-v4,1
591020,reward,5113,620.1597602968545,571.524,SF-P3O-NoFisher,Hopper-v4,1
591189,reward,5114,535.5130811434284,570.089,SF-P3O-NoFisher,Hopper-v4,1
591375,reward,5115,587.3701562004136,575.825,SF-P3O-NoFisher,Hopper-v4,1
591567,reward,5116,604.2593380797689,584.177,SF-P3O-NoFisher,Hopper-v4,1
591749,reward,5117,567.9055154056249,586.439,SF-P3O-NoFisher,Hopper-v4,1
591935,reward,5118,588.5146096778008,583.827,SF-P3O-NoFisher,Hopper-v4,1
592116,reward,5119,571.5765382046264,574.852,SF-P3O-NoFisher,Hopper-v4,1
592287,reward,5120,535.962025710649,574.269,SF-P3O-NoFisher,Hopper-v4,1
592462,reward,5121,562.5716595716974,576.768,SF-P3O-NoFisher,Hopper-v4,1
592646,reward,5122,586.0116011108262,575.984,SF-P3O-NoFisher,Hopper-v4,1
592815,reward,5123,533.1523508918511,567.284,SF-P3O-NoFisher,Hopper-v4,1
592997,reward,5124,572.9646394697852,571.029,SF-P3O-NoFisher,Hopper-v4,1
593188,reward,5125,597.4182901538741,572.034,SF-P3O-NoFisher,Hopper-v4,1
593357,reward,5126,532.6628638658789,564.874,SF-P3O-NoFisher,Hopper-v4,1
593538,reward,5127,577.0460271209064,565.788,SF-P3O-NoFisher,Hopper-v4,1
593725,reward,5128,584.8786016118099,565.424,SF-P3O-NoFisher,Hopper-v4,1
593894,reward,5129,514.8665078865124,559.753,SF-P3O-NoFisher,Hopper-v4,1
594072,reward,5130,553.4192499629778,561.499,SF-P3O-NoFisher,Hopper-v4,1
594211,reward,5131,413.80090865318914,546.622,SF-P3O-NoFisher,Hopper-v4,1
594382,reward,5132,536.3763028992967,541.659,SF-P3O-NoFisher,Hopper-v4,1
594536,reward,5133,464.3550071479372,534.779,SF-P3O-NoFisher,Hopper-v4,1
594701,reward,5134,515.3561073374191,529.018,SF-P3O-NoFisher,Hopper-v4,1
594894,reward,5135,617.9180029158457,531.068,SF-P3O-NoFisher,Hopper-v4,1
595060,reward,5136,510.0614853157219,528.808,SF-P3O-NoFisher,Hopper-v4,1
595252,reward,5137,604.5895596479678,531.562,SF-P3O-NoFisher,Hopper-v4,1
595439,reward,5138,589.3472336196223,532.009,SF-P3O-NoFisher,Hopper-v4,1
595626,reward,5139,585.0481069428519,539.027,SF-P3O-NoFisher,Hopper-v4,1
595820,reward,5140,609.9271010178466,544.678,SF-P3O-NoFisher,Hopper-v4,1
595998,reward,5141,551.6001907122487,558.458,SF-P3O-NoFisher,Hopper-v4,1
596187,reward,5142,596.8140203874323,564.502,SF-P3O-NoFisher,Hopper-v4,1
596353,reward,5143,522.175121298874,570.284,SF-P3O-NoFisher,Hopper-v4,1
596525,reward,5144,536.2103854220256,572.369,SF-P3O-NoFisher,Hopper-v4,1
596698,reward,5145,540.0311521645671,564.58,SF-P3O-NoFisher,Hopper-v4,1
596881,reward,5146,578.4456671187643,571.419,SF-P3O-NoFisher,Hopper-v4,1
597048,reward,5147,513.132030456189,562.273,SF-P3O-NoFisher,Hopper-v4,1
597241,reward,5148,619.8124243555975,565.32,SF-P3O-NoFisher,Hopper-v4,1
597417,reward,5149,557.0755376193268,562.522,SF-P3O-NoFisher,Hopper-v4,1
597584,reward,5150,506.422805576564,552.172,SF-P3O-NoFisher,Hopper-v4,1
597759,reward,5151,550.2443593750326,552.036,SF-P3O-NoFisher,Hopper-v4,1
597938,reward,5152,554.153325423314,547.77,SF-P3O-NoFisher,Hopper-v4,1
598016,loss,0.05217690020799637,0.7670559287071228,SF-P3O-NoFisher,Hopper-v4,1
598136,reward,5153,639.3008537883567,559.483,SF-P3O-NoFisher,Hopper-v4,1
598308,reward,5154,538.4154346630627,559.703,SF-P3O-NoFisher,Hopper-v4,1
598511,reward,5155,649.2111078353996,570.621,SF-P3O-NoFisher,Hopper-v4,1
598694,reward,5156,571.7596048299245,569.953,SF-P3O-NoFisher,Hopper-v4,1
598864,reward,5157,539.8744665242838,572.627,SF-P3O-NoFisher,Hopper-v4,1
599037,reward,5158,546.2367771715051,565.269,SF-P3O-NoFisher,Hopper-v4,1
599214,reward,5159,560.2009391935023,565.582,SF-P3O-NoFisher,Hopper-v4,1
599388,reward,5160,540.2934941643883,568.969,SF-P3O-NoFisher,Hopper-v4,1
599579,reward,5161,594.5345217937081,573.398,SF-P3O-NoFisher,Hopper-v4,1
599761,reward,5162,571.1507012021302,575.098,SF-P3O-NoFisher,Hopper-v4,1
599928,reward,5163,524.8487260275423,563.653,SF-P3O-NoFisher,Hopper-v4,1
600000,speed,734.11,15.84,SF-P3O-NoFisher,Hopper-v4,1
600001,spectral,0.05567,0.95015,0.903,SF-P3O-NoFisher,Hopper-v4,1
600097,reward,5164,532.4269019482277,563.054,SF-P3O-NoFisher,Hopper-v4,1
600274,reward,5165,559.2712768808426,554.06,SF-P3O-NoFisher,Hopper-v4,1
600464,reward,5166,601.7525870838199,557.059,SF-P3O-NoFisher,Hopper-v4,1
600664,reward,5167,636.8008513068097,566.752,SF-P3O-NoFisher,Hopper-v4,1
600841,reward,5168,554.3900646948991,567.567,SF-P3O-NoFisher,Hopper-v4,1
601004,reward,5169,508.6519786395263,562.412,SF-P3O-NoFisher,Hopper-v4,1
601175,reward,5170,538.0001939539414,562.183,SF-P3O-NoFisher,Hopper-v4,1
601347,reward,5171,535.4594926235276,556.275,SF-P3O-NoFisher,Hopper-v4,1
601523,reward,5172,569.1230820073334,556.073,SF-P3O-NoFisher,Hopper-v4,1
601713,reward,5173,598.9606995937947,563.484,SF-P3O-NoFisher,Hopper-v4,1
601889,reward,5174,556.8158944931793,565.923,SF-P3O-NoFisher,Hopper-v4,1
602061,reward,5175,534.133650637596,563.409,SF-P3O-NoFisher,Hopper-v4,1
602257,reward,5176,631.1437497033068,566.348,SF-P3O-NoFisher,Hopper-v4,1
602439,reward,5177,582.5934546202594,560.927,SF-P3O-NoFisher,Hopper-v4,1
602628,reward,5178,589.931590794246,564.481,SF-P3O-NoFisher,Hopper-v4,1
602816,reward,5179,589.9082971053876,572.607,SF-P3O-NoFisher,Hopper-v4,1
603008,reward,5180,603.6051076641047,579.168,SF-P3O-NoFisher,Hopper-v4,1
603177,reward,5181,531.2637735232387,578.748,SF-P3O-NoFisher,Hopper-v4,1
603363,reward,5182,587.3018228798772,580.566,SF-P3O-NoFisher,Hopper-v4,1
603564,reward,5183,627.7178596284003,583.442,SF-P3O-NoFisher,Hopper-v4,1
603727,reward,5184,507.1973803482073,578.48,SF-P3O-NoFisher,Hopper-v4,1
603914,reward,5185,602.3024891569099,585.297,SF-P3O-NoFisher,Hopper-v4,1
604077,reward,5186,501.745070731471,572.357,SF-P3O-NoFisher,Hopper-v4,1
604269,reward,5187,603.7246895257975,574.47,SF-P3O-NoFisher,Hopper-v4,1
604443,reward,5188,542.5652098874917,569.733,SF-P3O-NoFisher,Hopper-v4,1
604619,reward,5189,537.6164503368044,564.504,SF-P3O-NoFisher,Hopper-v4,1
604797,reward,5190,564.4831902599003,560.592,SF-P3O-NoFisher,Hopper-v4,1
604975,reward,5191,558.8964738538632,563.355,SF-P3O-NoFisher,Hopper-v4,1
605165,reward,5192,611.6268150326007,565.788,SF-P3O-NoFisher,Hopper-v4,1
605354,reward,5193,598.3714085605568,562.853,SF-P3O-NoFisher,Hopper-v4,1
605551,reward,5194,634.8552215276972,575.619,SF-P3O-NoFisher,Hopper-v4,1
605732,reward,5195,569.4653490978949,572.335,SF-P3O-NoFisher,Hopper-v4,1
605898,reward,5196,515.1420482885935,573.675,SF-P3O-NoFisher,Hopper-v4,1
606079,reward,5197,564.5040873024797,569.753,SF-P3O-NoFisher,Hopper-v4,1
606208,loss,-0.00021178927272558212,0.46122485399246216,SF-P3O-NoFisher,Hopper-v4,1
606208,diagnostics,0.0,62.03,38.3553,0.056007,0.950158,0.9067,-1.0,SF-P3O-NoFisher,Hopper-v4,1
606247,reward,5198,509.37728321775916,566.434,SF-P3O-NoFisher,Hopper-v4,1
606422,reward,5199,560.2072775253695,568.693,SF-P3O-NoFisher,Hopper-v4,1
606619,reward,5200,637.8041927381972,576.025,SF-P3O-NoFisher,Hopper-v4,1
606784,reward,5201,517.3568370079822,571.871,SF-P3O-NoFisher,Hopper-v4,1
606985,reward,5202,640.9555302910466,574.804,SF-P3O-NoFisher,Hopper-v4,1
607147,reward,5203,502.0049186567198,565.167,SF-P3O-NoFisher,Hopper-v4,1
607332,reward,5204,585.6130713576126,560.243,SF-P3O-NoFisher,Hopper-v4,1
607531,reward,5205,639.5326987965684,567.25,SF-P3O-NoFisher,Hopper-v4,1
607711,reward,5206,562.9191805035316,572.028,SF-P3O-NoFisher,Hopper-v4,1
607894,reward,5207,589.9787238886879,574.575,SF-P3O-NoFisher,Hopper-v4,1
608073,reward,5208,565.0245004716563,580.14,SF-P3O-NoFisher,Hopper-v4,1
608246,reward,5209,546.9495365379155,578.814,SF-P3O-NoFisher,Hopper-v4,1
608420,reward,5210,533.6394171238644,568.397,SF-P3O-NoFisher,Hopper-v4,1
608589,reward,5211,537.9629572975251,570.458,SF-P3O-NoFisher,Hopper-v4,1
608760,reward,5212,547.2969820181964,561.092,SF-P3O-NoFisher,Hopper-v4,1
608928,reward,5213,535.42327420017,564.434,SF-P3O-NoFisher,Hopper-v4,1
609121,reward,5214,597.7938944106899,565.652,SF-P3O-NoFisher,Hopper-v4,1
609294,reward,5215,535.1026709313995,555.209,SF-P3O-NoFisher,Hopper-v4,1
609468,reward,5216,554.3865640348494,554.356,SF-P3O-NoFisher,Hopper-v4,1
609652,reward,5217,590.1364382077281,554.372,SF-P3O-NoFisher,Hopper-v4,1
609826,reward,5218,541.6875442718272,552.038,SF-P3O-NoFisher,Hopper-v4,1
610000,speed,723.75,16.07,SF-P3O-NoFisher,Hopper-v4,1
610001,spectral,0.056007,0.950158,0.9067,SF-P3O-NoFisher,Hopper-v4,1
610004,reward,5219,554.2971553114721,552.773,SF-P3O-NoFisher,Hopper-v4,1
610190,reward,5220,589.7298932140337,558.382,SF-P3O-NoFisher,Hopper-v4,1
610363,reward,5221,545.2555479909008,559.111,SF-P3O-NoFisher,Hopper-v4,1
610539,reward,5222,549.2472200862302,559.306,SF-P3O-NoFisher,Hopper-v4,1
610707,reward,5223,522.6764067424083,558.031,SF-P3O-NoFisher,Hopper-v4,1
610908,reward,5224,643.7260191065294,562.625,SF-P3O-NoFisher,Hopper-v4,1
611058,reward,5225,471.7991420624401,556.294,SF-P3O-NoFisher,Hopper-v4,1
611240,reward,5226,569.5291256463357,557.808,SF-P3O-NoFisher,Hopper-v4,1
611420,reward,5227,572.655338872646,556.06,SF-P3O-NoFisher,Hopper-v4,1
611598,reward,5228,565.7901970029225,558.471,SF-P3O-NoFisher,Hopper-v4,1
611788,reward,5229,611.8625483585458,564.227,SF-P3O-NoFisher,Hopper-v4,1
611953,reward,5230,519.0395665814257,557.158,SF-P3O-NoFisher,Hopper-v4,1
612141,reward,5231,584.6329207635723,561.096,SF-P3O-NoFisher,Hopper-v4,1
612321,reward,5232,571.6220733199505,563.333,SF-P3O-NoFisher,Hopper-v4,1
612504,reward,5233,568.6974666182532,567.935,SF-P3O-NoFisher,Hopper-v4,1
612687,reward,5234,576.7087877350843,561.234,SF-P3O-NoFisher,Hopper-v4,1
612846,reward,5235,477.6793995551132,561.822,SF-P3O-NoFisher,Hopper-v4,1
613032,reward,5236,576.8370729120755,562.553,SF-P3O-NoFisher,Hopper-v4,1
613217,reward,5237,586.7154738979024,563.959,SF-P3O-NoFisher,Hopper-v4,1
613393,reward,5238,567.8284038800675,564.162,SF-P3O-NoFisher,Hopper-v4,1
613571,reward,5239,570.0643962689915,559.983,SF-P3O-NoFisher,Hopper-v4,1
613750,reward,5240,564.8716894602549,564.566,SF-P3O-NoFisher,Hopper-v4,1
613929,reward,5241,567.7209220242494,562.875,SF-P3O-NoFisher,Hopper-v4,1
614117,reward,5242,613.3054462755957,567.043,SF-P3O-NoFisher,Hopper-v4,1
614296,reward,5243,567.8741580008056,566.961,SF-P3O-NoFisher,Hopper-v4,1
614400,loss,0.05272981524467468,0.7286254167556763,SF-P3O-NoFisher,Hopper-v4,1
614490,reward,5244,621.2843202835033,571.418,SF-P3O-NoFisher,Hopper-v4,1
614676,reward,5245,600.4432893562987,583.695,SF-P3O-NoFisher,Hopper-v4,1
614857,reward,5246,573.6388245276164,583.375,SF-P3O-NoFisher,Hopper-v4,1
615070,reward,5247,696.8888093350052,594.392,SF-P3O-NoFisher,Hopper-v4,1
615237,reward,5248,521.2171012028739,589.731,SF-P3O-NoFisher,Hopper-v4,1
615409,reward,5249,546.7719920608774,587.402,SF-P3O-NoFisher,Hopper-v4,1
615600,reward,5250,613.3761263540023,592.252,SF-P3O-NoFisher,Hopper-v4,1
615792,reward,5251,607.476807937591,596.228,SF-P3O-NoFisher,Hopper-v4,1
615980,reward,5252,592.4484211486717,594.142,SF-P3O-NoFisher,Hopper-v4,1
616180,reward,5253,648.2417472059178,602.179,SF-P3O-NoFisher,Hopper-v4,1
616357,reward,5254,555.9528045987372,595.646,SF-P3O-NoFisher,Hopper-v4,1
616533,reward,5255,568.7139782370534,592.473,SF-P3O-NoFisher,Hopper-v4,1
616694,reward,5256,499.3508985675921,585.044,SF-P3O-NoFisher,Hopper-v4,1
616860,reward,5257,504.8711447762616,565.842,SF-P3O-NoFisher,Hopper-v4,1
617033,reward,5258,540.3243441419824,567.753,SF-P3O-NoFisher,Hopper-v4,1
617214,reward,5259,560.3318179959091,569.109,SF-P3O-NoFisher,Hopper-v4,1
617399,reward,5260,590.4185296699357,566.813,SF-P3O-NoFisher,Hopper-v4,1
617578,reward,5261,569.1692104425467,562.982,SF-P3O-NoFisher,Hopper-v4,1
617777,reward,5262,636.8474508283683,567.422,SF-P3O-NoFisher,Hopper-v4,1
617953,reward,5263,549.6952555053331,557.568,SF-P3O-NoFisher,Hopper-v4,1
618125,reward,5264,539.9601567506601,555.968,SF-P3O-NoFisher,Hopper-v4,1
618331,reward,5265,679.3122703695083,567.028,SF-P3O-NoFisher,Hopper-v4,1
618507,reward,5266,555.3367396588441,572.627,SF-P3O-NoFisher,Hopper-v4,1
618682,reward,5267,548.3161259004164,576.971,SF-P3O-NoFisher,Hopper-v4,1
618891,reward,5268,684.4830183377,591.387,SF-P3O-NoFisher,Hopper-v4,1
619080,reward,5269,614.7413220230808,596.828,SF-P3O-NoFisher,Hopper-v4,1
619257,reward,5270,561.1534317582208,593.901,SF-P3O-NoFisher,Hopper-v4,1
619436,reward,5271,560.551968186826,593.04,SF-P3O-NoFisher,Hopper-v4,1
619606,reward,5272,537.7696904077161,583.132,SF-P3O-NoFisher,Hopper-v4,1
619794,reward,5273,603.7060469531268,588.533,SF-P3O-NoFisher,Hopper-v4,1
619980,reward,5274,600.0007872931753,594.537,SF-P3O-NoFisher,Hopper-v4,1
620000,speed,654.11,16.33,SF-P3O-NoFisher,Hopper-v4,1
620001,spectral,0.056234,0.950136,0.9105,SF-P3O-NoFisher,Hopper-v4,1
620161,reward,5275,569.142604907028,583.52,SF-P3O-NoFisher,Hopper-v4,1
620337,reward,5276,562.3821834983768,584.225,SF-P3O-NoFisher,Hopper-v4,1
620524,reward,5277,586.0430301001282,587.997,SF-P3O-NoFisher,Hopper-v4,1
620725,reward,5278,646.1057944085394,584.16,SF-P3O-NoFisher,Hopper-v4,1
620902,reward,5279,554.9395575424082,578.18,SF-P3O-NoFisher,Hopper-v4,1
621084,reward,5280,568.56218514235,578.92,SF-P3O-NoFisher,Hopper-v4,1
621264,reward,5281,579.2681275715724,580.792,SF-P3O-NoFisher,Hopper-v4,1
621461,reward,5282,644.5442924061543,591.469,SF-P3O-NoFisher,Hopper-v4,1
621643,reward,5283,581.6248446308575,589.261,SF-P3O-NoFisher,Hopper-v4,1
621819,reward,5284,553.4166347456128,584.603,SF-P3O-NoFisher,Hopper-v4,1
621998,reward,5285,564.6638288063857,584.155,SF-P3O-NoFisher,Hopper-v4,1
622177,reward,5286,565.760527675821,584.493,SF-P3O-NoFisher,Hopper-v4,1
622382,reward,5287,660.2481959148696,591.913,SF-P3O-NoFisher,Hopper-v4,1
622553,reward,5288,529.7713503356442,580.28,SF-P3O-NoFisher,Hopper-v4,1
622592,loss,0.0029223598539829254,0.5962506532669067,SF-P3O-NoFisher,Hopper-v4,1
622592,diagnostics,0.0,62.15,13.9609,0.056702,0.949723,0.9267,-1.0,SF-P3O-NoFisher,Hopper-v4,1
622764,reward,5289,683.4029113076865,593.126,SF-P3O-NoFisher,Hopper-v4,1
622945,reward,5290,567.4701081399844,593.017,SF-P3O-NoFisher,Hopper-v4,1
623123,reward,5291,570.0399700568797,592.094,SF-P3O-NoFisher,Hopper-v4,1
623327,reward,5292,653.6751291217225,593.007,SF-P3O-NoFisher,Hopper-v4,1
623511,reward,5293,575.003928272676,592.345,SF-P3O-NoFisher,Hopper-v4,1
623701,reward,5294,603.9004908563118,597.394,SF-P3O-NoFisher,Hopper-v4,1
623885,reward,5295,577.1494088051124,598.642,SF-P3O-NoFisher,Hopper-v4,1
624054,reward,5296,525.6101833171142,594.627,SF-P3O-NoFisher,Hopper-v4,1
624260,reward,5297,652.5531793762177,593.858,SF-P3O-NoFisher,Hopper-v4,1
624460,reward,5298,647.7676732769977,605.657,SF-P3O-NoFisher,Hopper-v4,1
624639,reward,5299,571.0986986858921,594.427,SF-P3O-NoFisher,Hopper-v4,1
624851,reward,5300,697.140223578892,607.394,SF-P3O-NoFisher,Hopper-v4,1
625031,reward,5301,574.2853939107323,607.818,SF-P3O-NoFisher,Hopper-v4,1
625227,reward,5302,621.1249608204461,604.563,SF-P3O-NoFisher,Hopper-v4,1
625416,reward,5303,608.3832383092962,607.901,SF-P3O-NoFisher,Hopper-v4,1
625613,reward,5304,620.4850117022819,609.56,SF-P3O-NoFisher,Hopper-v4,1
625813,reward,5305,645.1055947757657,616.355,SF-P3O-NoFisher,Hopper-v4,1
625990,reward,5306,564.7380828090353,620.268,SF-P3O-NoFisher,Hopper-v4,1
626173,reward,5307,579.6277043719667,612.976,SF-P3O-NoFisher,Hopper-v4,1
626360,reward,5308,597.1400153236846,607.913,SF-P3O-NoFisher,Hopper-v4,1
626543,reward,5309,585.912348329197,609.394,SF-P3O-NoFisher,Hopper-v4,1
626740,reward,5310,622.493776947038,601.93,SF-P3O-NoFisher,Hopper-v4,1
626918,reward,5311,555.5478006738858,600.056,SF-P3O-NoFisher,Hopper-v4,1
627092,reward,5312,550.1793190049283,592.961,SF-P3O-NoFisher,Hopper-v4,1
627264,reward,5313,543.8710744222884,586.51,SF-P3O-NoFisher,Hopper-v4,1
627468,reward,5314,658.0695029785555,590.269,SF-P3O-NoFisher,Hopper-v4,1
627648,reward,5315,568.1200079646413,582.57,SF-P3O-NoFisher,Hopper-v4,1
627840,reward,5316,617.2350016907527,587.82,SF-P3O-NoFisher,Hopper-v4,1
628023,reward,5317,585.0111591855175,588.358,SF-P3O-NoFisher,Hopper-v4,1
628215,reward,5318,602.3595723189536,588.88,SF-P3O-NoFisher,Hopper-v4,1
628395,reward,5319,556.8196444286028,585.971,SF-P3O-NoFisher,Hopper-v4,1
628580,reward,5320,571.8394574700013,580.905,SF-P3O-NoFisher,Hopper-v4,1
628761,reward,5321,565.6158537043773,581.912,SF-P3O-NoFisher,Hopper-v4,1
628949,reward,5322,588.086548159271,585.703,SF-P3O-NoFisher,Hopper-v4,1
629153,reward,5323,651.1429200268911,596.43,SF-P3O-NoFisher,Hopper-v4,1
629349,reward,5324,632.6372326023553,593.887,SF-P3O-NoFisher,Hopper-v4,1
629531,reward,5325,583.2299182910319,595.398,SF-P3O-NoFisher,Hopper-v4,1
629705,reward,5326,545.8426565557769,588.258,SF-P3O-NoFisher,Hopper-v4,1
629893,reward,5327,580.2467494392481,587.782,SF-P3O-NoFisher,Hopper-v4,1
630000,speed,661.93,16.58,SF-P3O-NoFisher,Hopper-v4,1
630001,spectral,0.056702,0.949723,0.9267,SF-P3O-NoFisher,Hopper-v4,1
630072,reward,5328,567.8454035333858,584.331,SF-P3O-NoFisher,Hopper-v4,1
630269,reward,5329,619.5603298731089,590.605,SF-P3O-NoFisher,Hopper-v4,1
630452,reward,5330,564.1159626503238,589.832,SF-P3O-NoFisher,Hopper-v4,1
630639,reward,5331,590.0107884635779,592.272,SF-P3O-NoFisher,Hopper-v4,1
630784,loss,-0.05626952275633812,0.5387876033782959,SF-P3O-NoFisher,Hopper-v4,1
630860,reward,5332,736.8987552319843,607.153,SF-P3O-NoFisher,Hopper-v4,1
631047,reward,5333,595.095667716414,601.548,SF-P3O-NoFisher,Hopper-v4,1
631213,reward,5334,520.7318162717361,590.358,SF-P3O-NoFisher,Hopper-v4,1
631414,reward,5335,645.6733952256677,596.602,SF-P3O-NoFisher,Hopper-v4,1
631616,reward,5336,647.9344204406814,606.811,SF-P3O-NoFisher,Hopper-v4,1
631809,reward,5337,612.4329556867793,610.03,SF-P3O-NoFisher,Hopper-v4,1
631987,reward,5338,558.4381845923781,609.089,SF-P3O-NoFisher,Hopper-v4,1
632184,reward,5339,633.5313368287304,610.486,SF-P3O-NoFisher,Hopper-v4,1
632364,reward,5340,557.5520543377564,609.83,SF-P3O-NoFisher,Hopper-v4,1
632540,reward,5341,550.8398985365313,605.913,SF-P3O-NoFisher,Hopper-v4,1
632737,reward,5342,633.7407109878737,595.597,SF-P3O-NoFisher,Hopper-v4,1
632959,reward,5343,733.239800342376,609.411,SF-P3O-NoFisher,Hopper-v4,1
633160,reward,5344,659.8514377637343,623.323,SF-P3O-NoFisher,Hopper-v4,1
633341,reward,5345,566.1944678913902,615.376,SF-P3O-NoFisher,Hopper-v4,1
633548,reward,5346,669.9527763893894,617.577,SF-P3O-NoFisher,Hopper-v4,1
633745,reward,5347,631.3254992168472,619.467,SF-P3O-NoFisher,Hopper-v4,1
633948,reward,5348,657.3296435688501,629.356,SF-P3O-NoFisher,Hopper-v4,1
634141,reward,5349,612.9125536067414,627.294,SF-P3O-NoFisher,Hopper-v4,1
634335,reward,5350,624.9847871727573,634.037,SF-P3O-NoFisher,Hopper-v4,1
634514,reward,5351,565.252858154454,635.478,SF-P3O-NoFisher,Hopper-v4,1
634682,reward,5352,531.0295711133087,625.207,SF-P3O-NoFisher,Hopper-v4,1
634871,reward,5353,596.7452277445578,611.558,SF-P3O-NoFisher,Hopper-v4,1
635050,reward,5354,566.0389403821379,602.177,SF-P3O-NoFisher,Hopper-v4,1
635257,reward,5355,668.178903559681,612.375,SF-P3O-NoFisher,Hopper-v4,1
635449,reward,5356,604.2575521521009,605.806,SF-P3O-NoFisher,Hopper-v4,1
635676,reward,5357,752.3860603177402,617.912,SF-P3O-NoFisher,Hopper-v4,1
635854,reward,5358,571.020440467836,609.281,SF-P3O-NoFisher,Hopper-v4,1
636046,reward,5359,621.6136571789012,610.151,SF-P3O-NoFisher,Hopper-v4,1
636228,reward,5360,580.2500529187935,605.677,SF-P3O-NoFisher,Hopper-v4,1
636416,reward,5361,596.7250557441243,608.825,SF-P3O-NoFisher,Hopper-v4,1
636576,reward,5362,497.1157687943187,605.433,SF-P3O-NoFisher,Hopper-v4,1
636784,reward,5363,673.1984486794277,613.078,SF-P3O-NoFisher,Hopper-v4,1
636939,reward,5364,490.8047098042488,605.555,SF-P3O-NoFisher,Hopper-v4,1
637121,reward,5365,583.9891033168667,597.136,SF-P3O-NoFisher,Hopper-v4,1
637326,reward,5366,663.6097216484968,603.071,SF-P3O-NoFisher,Hopper-v4,1
637519,reward,5367,604.936133254868,588.326,SF-P3O-NoFisher,Hopper-v4,1
637715,reward,5368,610.9724979246274,592.322,SF-P3O-NoFisher,Hopper-v4,1
637902,reward,5369,589.7997787921385,589.14,SF-P3O-NoFisher,Hopper-v4,1
638102,reward,5370,636.5029653091545,594.765,SF-P3O-NoFisher,Hopper-v4,1
638284,reward,5371,567.6200770873296,591.855,SF-P3O-NoFisher,Hopper-v4,1
638481,reward,5372,623.8399777252503,604.527,SF-P3O-NoFisher,Hopper-v4,1
638664,reward,5373,572.4278238322422,594.45,SF-P3O-NoFisher,Hopper-v4,1
638853,reward,5374,607.9464759086153,606.164,SF-P3O-NoFisher,Hopper-v4,1
638976,loss,0.027881473302841187,0.47654086351394653,SF-P3O-NoFisher,Hopper-v4,1
638976,diagnostics,0.0,62.31,16.3495,0.057588,0.949373,0.9165,-1.0,SF-P3O-NoFisher,Hopper-v4,1
639038,reward,5375,603.3168403566939,608.097,SF-P3O-NoFisher,Hopper-v4,1
639220,reward,5376,584.5073131387004,600.187,SF-P3O-NoFisher,Hopper-v4,1
639433,reward,5377,703.4301409164674,610.036,SF-P3O-NoFisher,Hopper-v4,1
639625,reward,5378,606.9923169010221,609.638,SF-P3O-NoFisher,Hopper-v4,1
639829,reward,5379,648.6116281330688,615.52,SF-P3O-NoFisher,Hopper-v4,1
640000,speed,407.81,16.99,SF-P3O-NoFisher,Hopper-v4,1
640001,spectral,0.057588,0.949373,0.9165,SF-P3O-NoFisher,Hopper-v4,1
640033,reward,5380,660.8951133943983,617.959,SF-P3O-NoFisher,Hopper-v4,1
640251,reward,5381,728.4376426855952,634.041,SF-P3O-NoFisher,Hopper-v4,1
640430,reward,5382,574.2512609935598,629.082,SF-P3O-NoFisher,Hopper-v4,1
640611,reward,5383,574.4760772397793,629.286,SF-P3O-NoFisher,Hopper-v4,1
640793,reward,5384,574.1043212597904,625.902,SF-P3O-NoFisher,Hopper-v4,1
640983,reward,5385,610.2859601951927,626.599,SF-P3O-NoFisher,Hopper-v4,1
641208,reward,5386,740.8914446099967,642.238,SF-P3O-NoFisher,Hopper-v4,1
641392,reward,5387,584.9196628053754,630.387,SF-P3O-NoFisher,Hopper-v4,1
641572,reward,5388,570.9888990232741,626.786,SF-P3O-NoFisher,Hopper-v4,1
641782,reward,5389,673.3934654351428,629.264,SF-P3O-NoFisher,Hopper-v4,1
641987,reward,5390,674.9884561957475,630.674,SF-P3O-NoFisher,Hopper-v4,1
642175,reward,5391,601.714865859928,618.001,SF-P3O-NoFisher,Hopper-v4,1
642387,reward,5392,695.7520860479102,630.152,SF-P3O-NoFisher,Hopper-v4,1
642598,reward,5393,682.5042831884566,640.954,SF-P3O-NoFisher,Hopper-v4,1
642792,reward,5394,620.2663051256362,645.571,SF-P3O-NoFisher,Hopper-v4,1
642986,reward,5395,625.9409317061202,647.136,SF-P3O-NoFisher,Hopper-v4,1
643199,reward,5396,686.3537131993843,641.682,SF-P3O-NoFisher,Hopper-v4,1
643391,reward,5397,612.9566476536543,644.486,SF-P3O-NoFisher,Hopper-v4,1
643573,reward,5398,574.8824159763141,644.875,SF-P3O-NoFisher,Hopper-v4,1
643771,reward,5399,644.1734568341466,641.953,SF-P3O-NoFisher,Hopper-v4,1
643962,reward,5400,609.7463773941764,635.429,SF-P3O-NoFisher,Hopper-v4,1
644139,reward,5401,551.5443302799252,630.412,SF-P3O-NoFisher,Hopper-v4,1
644336,reward,5402,630.6649612071873,623.903,SF-P3O-NoFisher,Hopper-v4,1
644554,reward,5403,715.1809429706645,627.171,SF-P3O-NoFisher,Hopper-v4,1
644747,reward,5404,630.8751912495038,628.232,SF-P3O-NoFisher,Hopper-v4,1
644940,reward,5405,623.2589142172304,627.964,SF-P3O-NoFisher,Hopper-v4,1
645109,reward,5406,527.2589980524293,612.054,SF-P3O-NoFisher,Hopper-v4,1
645301,reward,5407,607.5907075947173,611.518,SF-P3O-NoFisher,Hopper-v4,1
645491,reward,5408,607.1579378412939,614.745,SF-P3O-NoFisher,Hopper-v4,1
645676,reward,5409,577.4461856131609,608.072,SF-P3O-NoFisher,Hopper-v4,1
645859,reward,5410,590.3123268241487,606.129,SF-P3O-NoFisher,Hopper-v4,1
646056,reward,5411,637.9406222827762,614.769,SF-P3O-NoFisher,Hopper-v4,1
646244,reward,5412,600.8008868219335,611.782,SF-P3O-NoFisher,Hopper-v4,1
646424,reward,5413,576.1542223467845,597.88,SF-P3O-NoFisher,Hopper-v4,1
646628,reward,5414,653.0652215841113,600.099,SF-P3O-NoFisher,Hopper-v4,1
646813,reward,5415,582.7978462873976,596.052,SF-P3O-NoFisher,Hopper-v4,1
647025,reward,5416,671.2848383350573,610.455,SF-P3O-NoFisher,Hopper-v4,1
647168,loss,-0.05483301728963852,0.35625699162483215,SF-P3O-NoFisher,Hopper-v4,1
647205,reward,5417,567.876446579559,606.484,SF-P3O-NoFisher,Hopper-v4,1
647406,reward,5418,648.0623669300523,610.574,SF-P3O-NoFisher,Hopper-v4,1
647597,reward,5419,610.2595256444413,613.855,SF-P3O-NoFisher,Hopper-v4,1
647785,reward,5420,602.3024493136936,615.054,SF-P3O-NoFisher,Hopper-v4,1
647959,reward,5421,540.1216675370687,605.273,SF-P3O-NoFisher,Hopper-v4,1
648157,reward,5422,637.2231508568796,608.915,SF-P3O-NoFisher,Hopper-v4,1
648352,reward,5423,616.0866031645855,612.908,SF-P3O-NoFisher,Hopper-v4,1
648546,reward,5424,615.7376792417872,609.175,SF-P3O-NoFisher,Hopper-v4,1
648725,reward,5425,558.3365552553637,606.729,SF-P3O-NoFisher,Hopper-v4,1
648926,reward,5426,642.4336718804083,603.844,SF-P3O-NoFisher,Hopper-v4,1
649132,reward,5427,662.6005641027028,613.316,SF-P3O-NoFisher,Hopper-v4,1
649311,reward,5428,553.2881653742086,603.839,SF-P3O-NoFisher,Hopper-v4,1
649527,reward,5429,703.7567675634613,613.189,SF-P3O-NoFisher,Hopper-v4,1
649724,reward,5430,612.1890941037278,614.177,SF-P3O-NoFisher,Hopper-v4,1
649912,reward,5431,597.082769691802,619.874,SF-P3O-NoFisher,Hopper-v4,1
650000,speed,565.18,17.28,SF-P3O-NoFisher,Hopper-v4,1
650001,spectral,0.058002,0.9495,0.9047,SF-P3O-NoFisher,Hopper-v4,1
650114,reward,5432,654.8692492475416,621.638,SF-P3O-NoFisher,Hopper-v4,1
650305,reward,5433,589.9500100331227,619.024,SF-P3O-NoFisher,Hopper-v4,1
650498,reward,5434,613.3394246245017,618.785,SF-P3O-NoFisher,Hopper-v4,1
650731,reward,5435,780.5626402715894,641.007,SF-P3O-NoFisher,Hopper-v4,1
650955,reward,5436,734.9204130359185,650.256,SF-P3O-NoFisher,Hopper-v4,1
651160,reward,5437,650.0436454729829,649.0,SF-P3O-NoFisher,Hopper-v4,1
651349,reward,5438,590.3305349116995,652.704,SF-P3O-NoFisher,Hopper-v4,1
651545,reward,5439,630.0411951617587,645.333,SF-P3O-NoFisher,Hopper-v4,1
651753,reward,5440,681.5701107598362,652.271,SF-P3O-NoFisher,Hopper-v4,1
651910,reward,5441,467.96380304632595,639.359,SF-P3O-NoFisher,Hopper-v4,1
652110,reward,5442,648.0093436898196,638.673,SF-P3O-NoFisher,Hopper-v4,1
652299,reward,5443,597.5210684279108,639.43,SF-P3O-NoFisher,Hopper-v4,1
652523,reward,5444,734.5178115392168,651.548,SF-P3O-NoFisher,Hopper-v4,1
652697,reward,5445,549.1993682309075,628.412,SF-P3O-NoFisher,Hopper-v4,1
652899,reward,5446,651.3009409322374,620.05,SF-P3O-NoFisher,Hopper-v4,1
653091,reward,5447,607.0471103747399,615.75,SF-P3O-NoFisher,Hopper-v4,1
653286,reward,5448,620.223984566228,618.739,SF-P3O-NoFisher,Hopper-v4,1
653490,reward,5449,643.5437395775996,620.09,SF-P3O-NoFisher,Hopper-v4,1
653678,reward,5450,596.4495626307029,611.578,SF-P3O-NoFisher,Hopper-v4,1
653854,reward,5451,561.1972086277841,620.901,SF-P3O-NoFisher,Hopper-v4,1
654044,reward,5452,606.9497390824921,616.795,SF-P3O-NoFisher,Hopper-v4,1
654268,reward,5453,755.7284982429255,632.616,SF-P3O-NoFisher,Hopper-v4,1
654445,reward,5454,559.424328972188,615.106,SF-P3O-NoFisher,Hopper-v4,1
654642,reward,5455,621.3729477026276,622.324,SF-P3O-NoFisher,Hopper-v4,1
654836,reward,5456,615.6627092847298,618.76,SF-P3O-NoFisher,Hopper-v4,1
655020,reward,5457,576.8924150947071,615.745,SF-P3O-NoFisher,Hopper-v4,1
655218,reward,5458,631.4518866624136,616.867,SF-P3O-NoFisher,Hopper-v4,1
655360,loss,-0.007331574335694313,0.5420559048652649,SF-P3O-NoFisher,Hopper-v4,1
655360,diagnostics,0.0,62.5,20.5828,0.05847,0.949901,0.8975,-1.0,SF-P3O-NoFisher,Hopper-v4,1
655404,reward,5459,593.1869303262944,611.832,SF-P3O-NoFisher,Hopper-v4,1
655617,reward,5460,702.956648357416,622.482,SF-P3O-NoFisher,Hopper-v4,1
655818,reward,5461,646.0173901457333,630.964,SF-P3O-NoFisher,Hopper-v4,1
656021,reward,5462,653.2322980648112,635.593,SF-P3O-NoFisher,Hopper-v4,1
656218,reward,5463,624.2986944769692,622.45,SF-P3O-NoFisher,Hopper-v4,1
656408,reward,5464,590.9102109131421,625.598,SF-P3O-NoFisher,Hopper-v4,1
656619,reward,5465,680.7980296891003,631.541,SF-P3O-NoFisher,Hopper-v4,1
656829,reward,5466,680.7853091566974,638.053,SF-P3O-NoFisher,Hopper-v4,1
657018,reward,5467,598.3729414115817,640.201,SF-P3O-NoFisher,Hopper-v4,1
657208,reward,5468,590.0966107469981,636.066,SF-P3O-NoFisher,Hopper-v4,1
657392,reward,5469,588.1637048975394,635.563,SF-P3O-NoFisher,Hopper-v4,1
657582,reward,5470,600.2716007586976,625.295,SF-P3O-NoFisher,Hopper-v4,1
657788,reward,5471,661.4416630895042,626.837,SF-P3O-NoFisher,Hopper-v4,1
657975,reward,5472,591.5981533409729,620.674,SF-P3O-NoFisher,Hopper-v4,1
658158,reward,5473,587.6041321547638,617.004,SF-P3O-NoFisher,Hopper-v4,1
658358,reward,5474,645.5397715676208,622.467,SF-P3O-NoFisher,Hopper-v4,1
658561,reward,5475,657.7707954992413,620.164,SF-P3O-NoFisher,Hopper-v4,1
658752,reward,5476,599.7479033392441,612.061,SF-P3O-NoFisher,Hopper-v4,1
658967,reward,5477,726.4009915165949,624.864,SF-P3O-NoFisher,Hopper-v4,1
659159,reward,5478,615.8102598709098,627.435,SF-P3O-NoFisher,Hopper-v4,1
659339,reward,5479,559.6594270064086,624.584,SF-P3O-NoFisher,Hopper-v4,1
659528,reward,5480,598.9474751504363,624.452,SF-P3O-NoFisher,Hopper-v4,1
659738,reward,5481,680.1660037418643,626.324,SF-P3O-NoFisher,Hopper-v4,1
659954,reward,5482,712.8270989151537,638.447,SF-P3O-NoFisher,Hopper-v4,1
660000,speed,593.42,17.56,SF-P3O-NoFisher,Hopper-v4,1
660001,perturb,0.05847,0.949901,0.8975,-1,-1,0.02,4,SF-P3O-NoFisher,Hopper-v4,1
660164,reward,5483,695.1211176263087,649.199,SF-P3O-NoFisher,Hopper-v4,1
660380,reward,5484,715.6098541481291,656.206,SF-P3O-NoFisher,Hopper-v4,1
660578,reward,5485,635.7816127073286,654.007,SF-P3O-NoFisher,Hopper-v4,1
660780,reward,5486,644.295809664757,658.462,SF-P3O-NoFisher,Hopper-v4,1
660993,reward,5487,702.3730809123226,656.059,SF-P3O-NoFisher,Hopper-v4,1
661175,reward,5488,584.5802643346844,652.936,SF-P3O-NoFisher,Hopper-v4,1
661373,reward,5489,633.4728009334946,660.318,SF-P3O-NoFisher,Hopper-v4,1
661567,reward,5490,612.2299561578485,661.646,SF-P3O-NoFisher,Hopper-v4,1
661792,reward,5491,750.9138983007671,668.721,SF-P3O-NoFisher,Hopper-v4,1
661983,reward,5492,604.9898099252101,657.937,SF-P3O-NoFisher,Hopper-v4,1
662180,reward,5493,616.3546928420556,650.06,SF-P3O-NoFisher,Hopper-v4,1
662383,reward,5494,654.9467708722032,643.994,SF-P3O-NoFisher,Hopper-v4,1
662484,reward,5495,248.38083710321996,605.254,SF-P3O-NoFisher,Hopper-v4,1
662673,reward,5496,595.8560700032543,600.41,SF-P3O-NoFisher,Hopper-v4,1
662858,reward,5497,598.8441176240756,590.057,SF-P3O-NoFisher,Hopper-v4,1
663073,reward,5498,704.6182254601022,602.061,SF-P3O-NoFisher,Hopper-v4,1
663281,reward,5499,681.024133681724,606.816,SF-P3O-NoFisher,Hopper-v4,1
663473,reward,5500,608.3853536869187,606.431,SF-P3O-NoFisher,Hopper-v4,1
663552,loss,-0.05355531722307205,0.8117480278015137,SF-P3O-NoFisher,Hopper-v4,1
663668,reward,5501,633.2642819797252,594.666,SF-P3O-NoFisher,Hopper-v4,1
663857,reward,5502,600.5909165228791,594.227,SF-P3O-NoFisher,Hopper-v4,1
664058,reward,5503,656.6042641177569,598.251,SF-P3O-NoFisher,Hopper-v4,1
664255,reward,5504,630.5221981109011,595.809,SF-P3O-NoFisher,Hopper-v4,1
664449,reward,5505,623.2139321794206,633.292,SF-P3O-NoFisher,Hopper-v4,1
664637,reward,5506,608.6827229103062,634.575,SF-P3O-NoFisher,Hopper-v4,1
664824,reward,5507,607.1640532206803,635.407,SF-P3O-NoFisher,Hopper-v4,1
665026,reward,5508,660.2329308087137,630.968,SF-P3O-NoFisher,Hopper-v4,1
665226,reward,5509,639.3874769643543,626.805,SF-P3O-NoFisher,Hopper-v4,1
665405,reward,5510,559.3735686462934,621.904,SF-P3O-NoFisher,Hopper-v4,1
665617,reward,5511,692.6478560698522,627.842,SF-P3O-NoFisher,Hopper-v4,1
665821,reward,5512,669.7075495511247,634.754,SF-P3O-NoFisher,Hopper-v4,1
666036,reward,5513,720.7324249161767,641.166,SF-P3O-NoFisher,Hopper-v4,1
666250,reward,5514,687.5081698751567,646.865,SF-P3O-NoFisher,Hopper-v4,1
666455,reward,5515,667.9371634745966,651.337,SF-P3O-NoFisher,Hopper-v4,1
666660,reward,5516,671.9078805443739,657.66,SF-P3O-NoFisher,Hopper-v4,1
666852,reward,5517,613.2699769011533,658.27,SF-P3O-NoFisher,Hopper-v4,1
667040,reward,5518,589.6698787523798,651.214,SF-P3O-NoFisher,Hopper-v4,1
667229,reward,5519,614.533293991393,648.729,SF-P3O-NoFisher,Hopper-v4,1
667411,reward,5520,568.143457325395,649.606,SF-P3O-NoFisher,Hopper-v4,1
667611,reward,5521,646.5342264455289,644.994,SF-P3O-NoFisher,Hopper-v4,1
667811,reward,5522,644.1762421262212,642.441,SF-P3O-NoFisher,Hopper-v4,1
668019,reward,5523,679.6541705579175,638.333,SF-P3O-NoFisher,Hopper-v4,1
668226,reward,5524,674.297476107248,637.012,SF-P3O-NoFisher,Hopper-v4,1
668432,reward,5525,668.212460188495,637.04,SF-P3O-NoFisher,Hopper-v4,1
668631,reward,5526,628.3858900611145,632.688,SF-P3O-NoFisher,Hopper-v4,1
668831,reward,5527,643.1191625484554,635.673,SF-P3O-NoFisher,Hopper-v4,1
669037,reward,5528,668.2803851112005,643.534,SF-P3O-NoFisher,Hopper-v4,1
669227,reward,5529,592.234422167609,641.304,SF-P3O-NoFisher,Hopper-v4,1
669434,reward,5530,669.5296747467696,651.442,SF-P3O-NoFisher,Hopper-v4,1
669619,reward,5531,584.6753670112689,645.257,SF-P3O-NoFisher,Hopper-v4,1
669814,reward,5532,611.8363044109345,642.023,SF-P3O-NoFisher,Hopper-v4,1
670000,speed,587.61,17.85,SF-P3O-NoFisher,Hopper-v4,1
670001,spectral,0.057165,0.950547,0.9079,SF-P3O-NoFisher,Hopper-v4,1
670021,reward,5533,669.8572157332754,641.043,SF-P3O-NoFisher,Hopper-v4,1
670232,reward,5534,685.8820346194261,642.201,SF-P3O-NoFisher,Hopper-v4,1
670444,reward,5535,695.981864121944,644.978,SF-P3O-NoFisher,Hopper-v4,1
670624,reward,5536,574.5183709554717,639.591,SF-P3O-NoFisher,Hopper-v4,1
670802,reward,5537,563.5681427993973,631.636,SF-P3O-NoFisher,Hopper-v4,1
670996,reward,5538,611.8396478097887,625.992,SF-P3O-NoFisher,Hopper-v4,1
671195,reward,5539,644.0774491811277,631.177,SF-P3O-NoFisher,Hopper-v4,1
671424,reward,5540,764.7681188849765,640.7,SF-P3O-NoFisher,Hopper-v4,1
671615,reward,5541,609.2726466660343,643.16,SF-P3O-NoFisher,Hopper-v4,1
671744,loss,-0.05828697234392166,0.5343258380889893,SF-P3O-NoFisher,Hopper-v4,1
671744,diagnostics,0.0,63.06,29.2824,0.057548,0.950649,0.8876,-1.0,SF-P3O-NoFisher,Hopper-v4,1
671833,reward,5542,718.507037639012,653.827,SF-P3O-NoFisher,Hopper-v4,1
672009,reward,5543,548.4848173482479,641.69,SF-P3O-NoFisher,Hopper-v4,1
672189,reward,5544,575.9855398071659,630.7,SF-P3O-NoFisher,Hopper-v4,1
672395,reward,5545,663.11191639271,627.413,SF-P3O-NoFisher,Hopper-v4,1
672572,reward,5546,554.496270586583,625.411,SF-P3O-NoFisher,Hopper-v4,1
672744,reward,5547,543.234502320849,623.378,SF-P3O-NoFisher,Hopper-v4,1
672925,reward,5548,571.5217740024702,619.346,SF-P3O-NoFisher,Hopper-v4,1
673129,reward,5549,667.584860022546,621.697,SF-P3O-NoFisher,Hopper-v4,1
673300,reward,5550,538.5902431547721,599.079,SF-P3O-NoFisher,Hopper-v4,1
673503,reward,5551,654.0316762462678,603.555,SF-P3O-NoFisher,Hopper-v4,1
673687,reward,5552,580.5251970456903,589.757,SF-P3O-NoFisher,Hopper-v4,1
673861,reward,5553,557.3259389961214,590.641,SF-P3O-NoFisher,Hopper-v4,1
674055,reward,5554,621.2174140688556,595.164,SF-P3O-NoFisher,Hopper-v4,1
674246,reward,5555,614.5990388596776,590.313,SF-P3O-NoFisher,Hopper-v4,1
674459,reward,5556,714.1891905370385,606.282,SF-P3O-NoFisher,Hopper-v4,1
674668,reward,5557,686.887929315271,620.647,SF-P3O-NoFisher,Hopper-v4,1
674869,reward,5558,646.2813853807595,628.123,SF-P3O-NoFisher,Hopper-v4,1
675076,reward,5559,683.9088788556986,629.756,SF-P3O-NoFisher,Hopper-v4,1
675268,reward,5560,634.661688759408,639.363,SF-P3O-NoFisher,Hopper-v4,1
675471,reward,5561,651.6104308944354,639.121,SF-P3O-NoFisher,Hopper-v4,1
675673,reward,5562,650.887338612836,646.157,SF-P3O-NoFisher,Hopper-v4,1
675851,reward,5563,563.0311334662545,646.727,SF-P3O-NoFisher,Hopper-v4,1
676053,reward,5564,642.6571614601459,648.871,SF-P3O-NoFisher,Hopper-v4,1
676263,reward,5565,686.5285070246663,656.064,SF-P3O-NoFisher,Hopper-v4,1
676466,reward,5566,657.5394361009309,650.399,SF-P3O-NoFisher,Hopper-v4,1
676660,reward,5567,627.0759838429244,644.418,SF-P3O-NoFisher,Hopper-v4,1
676850,reward,5568,611.4409319713601,640.934,SF-P3O-NoFisher,Hopper-v4,1
677029,reward,5569,564.5635158411278,629.0,SF-P3O-NoFisher,Hopper-v4,1
677223,reward,5570,625.3409702638103,628.068,SF-P3O-NoFisher,Hopper-v4,1
677420,reward,5571,636.040332619688,626.511,SF-P3O-NoFisher,Hopper-v4,1
677608,reward,5572,601.5087355044847,621.573,SF-P3O-NoFisher,Hopper-v4,1
677834,reward,5573,747.4851040734503,640.018,SF-P3O-NoFisher,Hopper-v4,1
678028,reward,5574,624.3260776738064,638.185,SF-P3O-NoFisher,Hopper-v4,1
678210,reward,5575,590.9818437352751,628.63,SF-P3O-NoFisher,Hopper-v4,1
678401,reward,5576,606.441747114561,623.521,SF-P3O-NoFisher,Hopper-v4,1
678591,reward,5577,593.5673671008338,620.17,SF-P3O-NoFisher,Hopper-v4,1
678792,reward,5578,643.3675642387902,623.362,SF-P3O-NoFisher,Hopper-v4,1
678979,reward,5579,578.6424844942907,624.77,SF-P3O-NoFisher,Hopper-v4,1
679173,reward,5580,610.4770931458794,623.284,SF-P3O-NoFisher,Hopper-v4,1
679375,reward,5581,655.3178644791013,625.212,SF-P3O-NoFisher,Hopper-v4,1
679557,reward,5582,573.1322600479944,622.374,SF-P3O-NoFisher,Hopper-v4,1
679739,reward,5583,581.0880102689131,605.734,SF-P3O-NoFisher,Hopper-v4,1
679929,reward,5584,603.5160941687391,603.653,SF-P3O-NoFisher,Hopper-v4,1
679936,loss,-0.0425763875246048,0.3939179480075836,SF-P3O-NoFisher,Hopper-v4,1
680000,speed,355.42,18.32,SF-P3O-NoFisher,Hopper-v4,1
680001,spectral,0.057806,0.950828,0.9012,SF-P3O-NoFisher,Hopper-v4,1
680143,reward,5585,692.8491619267256,613.84,SF-P3O-NoFisher,Hopper-v4,1
680338,reward,5586,625.3820632657926,615.734,SF-P3O-NoFisher,Hopper-v4,1
680543,reward,5587,660.1621178976704,622.393,SF-P3O-NoFisher,Hopper-v4,1
680733,reward,5588,611.1181678332478,619.169,SF-P3O-NoFisher,Hopper-v4,1
680936,reward,5589,665.20467912299,627.825,SF-P3O-NoFisher,Hopper-v4,1
681129,reward,5590,608.538921099964,627.631,SF-P3O-NoFisher,Hopper-v4,1
681308,reward,5591,571.3945816149547,619.239,SF-P3O-NoFisher,Hopper-v4,1
681506,reward,5592,631.2771284643795,625.053,SF-P3O-NoFisher,Hopper-v4,1
681728,reward,5593,737.1958969218032,640.664,SF-P3O-NoFisher,Hopper-v4,1
681924,reward,5594,633.2408627523683,643.636,SF-P3O-NoFisher,Hopper-v4,1
682108,reward,5595,572.4165907046299,631.593,SF-P3O-NoFisher,Hopper-v4,1
682301,reward,5596,617.2941748059826,630.784,SF-P3O-NoFisher,Hopper-v4,1
682512,reward,5597,695.3070675609883,634.299,SF-P3O-NoFisher,Hopper-v4,1
682712,reward,5598,645.4396054618041,637.731,SF-P3O-NoFisher,Hopper-v4,1
682942,reward,5599,766.4962076500129,647.86,SF-P3O-NoFisher,Hopper-v4,1
683118,reward,5600,559.9411996969425,643.0,SF-P3O-NoFisher,Hopper-v4,1
683314,reward,5601,622.5866230232358,648.12,SF-P3O-NoFisher,Hopper-v4,1
683545,reward,5602,778.4371595957583,662.836,SF-P3O-NoFisher,Hopper-v4,1
683741,reward,5603,623.3280556447183,651.449,SF-P3O-NoFisher,Hopper-v4,1
683924,reward,5604,582.1768468754676,646.342,SF-P3O-NoFisher,Hopper-v4,1
684124,reward,5605,633.4189107860338,652.443,SF-P3O-NoFisher,Hopper-v4,1
684304,reward,5606,572.3630429899947,647.949,SF-P3O-NoFisher,Hopper-v4,1
684503,reward,5607,646.1458114542963,643.033,SF-P3O-NoFisher,Hopper-v4,1
684701,reward,5608,638.3930426726067,642.329,SF-P3O-NoFisher,Hopper-v4,1
684890,reward,5609,595.8532389029274,625.264,SF-P3O-NoFisher,Hopper-v4,1
685104,reward,5610,702.1634064398722,639.487,SF-P3O-NoFisher,Hopper-v4,1
685281,reward,5611,562.2772727706414,633.456,SF-P3O-NoFisher,Hopper-v4,1
685483,reward,5612,653.356727741443,620.948,SF-P3O-NoFisher,Hopper-v4,1
685665,reward,5613,572.7478212451813,615.89,SF-P3O-NoFisher,Hopper-v4,1
685861,reward,5614,620.7792871555714,619.75,SF-P3O-NoFisher,Hopper-v4,1
686035,reward,5615,554.8800096853198,611.896,SF-P3O-NoFisher,Hopper-v4,1
686237,reward,5616,649.6828456733585,619.628,SF-P3O-NoFisher,Hopper-v4,1
686438,reward,5617,647.8984290100734,619.803,SF-P3O-NoFisher,Hopper-v4,1
686619,reward,5618,567.2566439262991,612.69,SF-P3O-NoFisher,Hopper-v4,1
686839,reward,5619,724.1215318172949,625.516,SF-P3O-NoFisher,Hopper-v4,1
687053,reward,5620,706.5517460769468,625.955,SF-P3O-NoFisher,Hopper-v4,1
687238,reward,5621,594.2888025928166,629.156,SF-P3O-NoFisher,Hopper-v4,1
687417,reward,5622,572.5074487935108,621.071,SF-P3O-NoFisher,Hopper-v4,1
687615,reward,5623,636.0376849304918,627.4,SF-P3O-NoFisher,Hopper-v4,1
687792,reward,5624,551.8358328317995,620.506,SF-P3O-NoFisher,Hopper-v4,1
687974,reward,5625,581.2454326918811,623.143,SF-P3O-NoFisher,Hopper-v4,1
688128,loss,0.030953016132116318,0.7364736199378967,SF-P3O-NoFisher,Hopper-v4,1
688128,diagnostics,0.0,63.24,44.9602,0.058262,0.950682,0.899,-1.0,SF-P3O-NoFisher,Hopper-v4,1
688174,reward,5626,646.1800156353039,622.792,SF-P3O-NoFisher,Hopper-v4,1
688399,reward,5627,749.2431090873893,632.927,SF-P3O-NoFisher,Hopper-v4,1
688602,reward,5628,648.8488679516033,641.086,SF-P3O-NoFisher,Hopper-v4,1
688796,reward,5629,629.354874748027,631.609,SF-P3O-NoFisher,Hopper-v4,1
688996,reward,5630,645.579459373794,625.512,SF-P3O-NoFisher,Hopper-v4,1
689175,reward,5631,564.5810494427102,622.541,SF-P3O-NoFisher,Hopper-v4,1
689396,reward,5632,732.3504876128444,638.526,SF-P3O-NoFisher,Hopper-v4,1
689580,reward,5633,587.7155914861049,633.693,SF-P3O-NoFisher,Hopper-v4,1
689789,reward,5634,687.4093489479781,647.251,SF-P3O-NoFisher,Hopper-v4,1
689992,reward,5635,661.9667752369799,655.323,SF-P3O-NoFisher,Hopper-v4,1
690000,speed,526.93,18.63,SF-P3O-NoFisher,Hopper-v4,1
690001,spectral,0.058262,0.950682,0.899,SF-P3O-NoFisher,Hopper-v4,1
690195,reward,5636,657.4793181077106,656.453,SF-P3O-NoFisher,Hopper-v4,1
690387,reward,5637,610.5921522543838,642.588,SF-P3O-NoFisher,Hopper-v4,1
690590,reward,5638,659.3954716800448,643.642,SF-P3O-NoFisher,Hopper-v4,1
690776,reward,5639,590.4147817325127,639.748,SF-P3O-NoFisher,Hopper-v4,1
690961,reward,5640,590.4316608588807,634.234,SF-P3O-NoFisher,Hopper-v4,1
691158,reward,5641,637.106553665697,641.486,SF-P3O-NoFisher,Hopper-v4,1
691349,reward,5642,595.1097152815286,627.762,SF-P3O-NoFisher,Hopper-v4,1
691564,reward,5643,702.2433478103937,639.215,SF-P3O-NoFisher,Hopper-v4,1
691759,reward,5644,636.565126787703,634.13,SF-P3O-NoFisher,Hopper-v4,1
691967,reward,5645,669.2759489687862,634.861,SF-P3O-NoFisher,Hopper-v4,1
692160,reward,5646,617.4333880035359,630.857,SF-P3O-NoFisher,Hopper-v4,1
692378,reward,5647,728.7613139404302,642.674,SF-P3O-NoFisher,Hopper-v4,1
692590,reward,5648,699.474103739757,646.682,SF-P3O-NoFisher,Hopper-v4,1
692773,reward,5649,587.3313886553386,646.373,SF-P3O-NoFisher,Hopper-v4,1
692963,reward,5650,612.1431021652858,648.544,SF-P3O-NoFisher,Hopper-v4,1
693149,reward,5651,585.0619249621212,643.34,SF-P3O-NoFisher,Hopper-v4,1
693335,reward,5652,599.304004492848,643.759,SF-P3O-NoFisher,Hopper-v4,1
693503,reward,5653,526.399854053157,626.175,SF-P3O-NoFisher,Hopper-v4,1
693685,reward,5654,582.1703881044596,620.736,SF-P3O-NoFisher,Hopper-v4,1
693889,reward,5655,659.8740144326589,619.795,SF-P3O-NoFisher,Hopper-v4,1
694069,reward,5656,576.2187940952822,615.674,SF-P3O-NoFisher,Hopper-v4,1
694267,reward,5657,636.7988675712055,606.478,SF-P3O-NoFisher,Hopper-v4,1
694457,reward,5658,605.384915438068,597.069,SF-P3O-NoFisher,Hopper-v4,1
694680,reward,5659,743.7970704713046,612.715,SF-P3O-NoFisher,Hopper-v4,1
694873,reward,5660,609.0802294223714,612.409,SF-P3O-NoFisher,Hopper-v4,1
694972,reward,5661,241.02245084988022,578.005,SF-P3O-NoFisher,Hopper-v4,1
695151,reward,5662,571.4876106361679,575.223,SF-P3O-NoFisher,Hopper-v4,1
695375,reward,5663,752.7371075297493,597.857,SF-P3O-NoFisher,Hopper-v4,1
695573,reward,5664,621.8771567577883,601.828,SF-P3O-NoFisher,Hopper-v4,1
695781,reward,5665,687.7474116062298,604.615,SF-P3O-NoFisher,Hopper-v4,1
695978,reward,5666,625.5943491260128,609.553,SF-P3O-NoFisher,Hopper-v4,1
696208,reward,5667,781.3469565580264,624.008,SF-P3O-NoFisher,Hopper-v4,1
696320,loss,0.007944231852889061,0.7086836099624634,SF-P3O-NoFisher,Hopper-v4,1
696412,reward,5668,668.9366001053334,630.363,SF-P3O-NoFisher,Hopper-v4,1
696620,reward,5669,672.6360930261615,623.247,SF-P3O-NoFisher,Hopper-v4,1
696812,reward,5670,604.4742344912581,622.786,SF-P3O-NoFisher,Hopper-v4,1
697011,reward,5671,639.1523081993087,662.599,SF-P3O-NoFisher,Hopper-v4,1
697230,reward,5672,731.9116879058143,678.641,SF-P3O-NoFisher,Hopper-v4,1
697428,reward,5673,629.9754166140972,666.365,SF-P3O-NoFisher,Hopper-v4,1
697619,reward,5674,591.9215518743728,663.37,SF-P3O-NoFisher,Hopper-v4,1
697836,reward,5675,709.9867674137278,665.594,SF-P3O-NoFisher,Hopper-v4,1
698015,reward,5676,571.2095344978891,660.155,SF-P3O-NoFisher,Hopper-v4,1
698201,reward,5677,592.2861261636938,641.249,SF-P3O-NoFisher,Hopper-v4,1
698426,reward,5678,753.0861694284852,649.664,SF-P3O-NoFisher,Hopper-v4,1
698647,reward,5679,730.1479351709343,655.415,SF-P3O-NoFisher,Hopper-v4,1
698839,reward,5680,611.36182230977,656.104,SF-P3O-NoFisher,Hopper-v4,1
699042,reward,5681,663.7090059725548,658.56,SF-P3O-NoFisher,Hopper-v4,1
699257,reward,5682,704.4029290710192,655.809,SF-P3O-NoFisher,Hopper-v4,1
699452,reward,5683,637.4918052429883,656.56,SF-P3O-NoFisher,Hopper-v4,1
699667,reward,5684,704.0000580266137,667.768,SF-P3O-NoFisher,Hopper-v4,1
699852,reward,5685,594.0569641426407,656.175,SF-P3O-NoFisher,Hopper-v4,1
700000,speed,567.76,18.93,SF-P3O-NoFisher,Hopper-v4,1
700001,spectral,0.058512,0.950821,0.8993,SF-P3O-NoFisher,Hopper-v4,1
700052,reward,5686,635.6696477213778,662.621,SF-P3O-NoFisher,Hopper-v4,1
700246,reward,5687,618.1623530801827,665.209,SF-P3O-NoFisher,Hopper-v4,1
700429,reward,5688,584.3123444941286,648.331,SF-P3O-NoFisher,Hopper-v4,1
700628,reward,5689,644.9422352247084,639.811,SF-P3O-NoFisher,Hopper-v4,1
700808,reward,5690,558.9194180769063,634.567,SF-P3O-NoFisher,Hopper-v4,1
700997,reward,5691,597.6000970957039,627.956,SF-P3O-NoFisher,Hopper-v4,1
701198,reward,5692,644.3187710160058,621.947,SF-P3O-NoFisher,Hopper-v4,1
701396,reward,5693,626.6170819934543,620.86,SF-P3O-NoFisher,Hopper-v4,1
701599,reward,5694,663.3215206112,616.792,SF-P3O-NoFisher,Hopper-v4,1
701803,reward,5695,655.6514521017538,622.951,SF-P3O-NoFisher,Hopper-v4,1
702010,reward,5696,670.4279822323183,626.427,SF-P3O-NoFisher,Hopper-v4,1
702216,reward,5697,672.8574913247014,631.897,SF-P3O-NoFisher,Hopper-v4,1
702394,reward,5698,562.4189339580523,629.707,SF-P3O-NoFisher,Hopper-v4,1
702590,reward,5699,635.9318123177532,628.806,SF-P3O-NoFisher,Hopper-v4,1
702787,reward,5700,624.6556019591634,635.38,SF-P3O-NoFisher,Hopper-v4,1
702998,reward,5701,693.5376196220628,644.974,SF-P3O-NoFisher,Hopper-v4,1
703205,reward,5702,668.3895131633417,647.381,SF-P3O-NoFisher,Hopper-v4,1
703402,reward,5703,634.718781203066,648.191,SF-P3O-NoFisher,Hopper-v4,1
703592,reward,5704,603.7621712107416,642.235,SF-P3O-NoFisher,Hopper-v4,1
703786,reward,5705,623.8100247559508,639.051,SF-P3O-NoFisher,Hopper-v4,1
704010,reward,5706,751.795171773055,647.188,SF-P3O-NoFisher,Hopper-v4,1
704211,reward,5707,654.8260367867131,645.385,SF-P3O-NoFisher,Hopper-v4,1
704407,reward,5708,632.435956666993,652.386,SF-P3O-NoFisher,Hopper-v4,1
704512,loss,-0.01408330351114273,0.7744092345237732,SF-P3O-NoFisher,Hopper-v4,1
704512,diagnostics,0.0,63.39,43.7692,0.058747,0.950912,0.8685,-1.0,SF-P3O-NoFisher,Hopper-v4,1
704613,reward,5709,682.2110564203241,657.014,SF-P3O-NoFisher,Hopper-v4,1
704818,reward,5710,660.4379736766374,660.592,SF-P3O-NoFisher,Hopper-v4,1
705032,reward,5711,716.1669096905791,662.855,SF-P3O-NoFisher,Hopper-v4,1
705219,reward,5712,595.15623351878,655.532,SF-P3O-NoFisher,Hopper-v4,1
705402,reward,5713,581.2710329163908,650.187,SF-P3O-NoFisher,Hopper-v4,1
705601,reward,5714,633.439521984508,653.155,SF-P3O-NoFisher,Hopper-v4,1
705798,reward,5715,627.9074058521736,653.565,SF-P3O-NoFisher,Hopper-v4,1
706010,reward,5716,698.4059151811543,648.226,SF-P3O-NoFisher,Hopper-v4,1
706214,reward,5717,665.6775622302157,649.311,SF-P3O-NoFisher,Hopper-v4,1
706442,reward,5718,766.0265122501263,662.67,SF-P3O-NoFisher,Hopper-v4,1
706608,reward,5719,500.4407742523906,644.493,SF-P3O-NoFisher,Hopper-v4,1
706819,reward,5720,689.8962048349645,647.439,SF-P3O-NoFisher,Hopper-v4,1
707051,reward,5721,789.3636427490522,654.758,SF-P3O-NoFisher,Hopper-v4,1
707263,reward,5722,698.3316025248832,665.076,SF-P3O-NoFisher,Hopper-v4,1
707467,reward,5723,658.405159712986,672.789,SF-P3O-NoFisher,Hopper-v4,1
707660,reward,5724,616.7235843224233,671.118,SF-P3O-NoFisher,Hopper-v4,1
707870,reward,5725,691.8244756485113,677.51,SF-P3O-NoFisher,Hopper-v4,1
708031,reward,5726,501.19977094012785,657.789,SF-P3O-NoFisher,Hopper-v4,1
708224,reward,5727,616.2191296494775,652.843,SF-P3O-NoFisher,Hopper-v4,1
708430,reward,5728,670.0649503846363,643.247,SF-P3O-NoFisher,Hopper-v4,1
708630,reward,5729,644.7384478095007,657.677,SF-P3O-NoFisher,Hopper-v4,1
708827,reward,5730,634.9473789934835,652.182,SF-P3O-NoFisher,Hopper-v4,1
709029,reward,5731,640.6412744070268,637.31,SF-P3O-NoFisher,Hopper-v4,1
709228,reward,5732,642.9851061641727,631.775,SF-P3O-NoFisher,Hopper-v4,1
709418,reward,5733,608.5922967830502,626.794,SF-P3O-NoFisher,Hopper-v4,1
709609,reward,5734,621.2812549222713,627.249,SF-P3O-NoFisher,Hopper-v4,1
709781,reward,5735,521.9825238159384,610.265,SF-P3O-NoFisher,Hopper-v4,1
709988,reward,5736,678.3988305882754,627.985,SF-P3O-NoFisher,Hopper-v4,1
710000,speed,528.25,19.24,SF-P3O-NoFisher,Hopper-v4,1
710001,spectral,0.058747,0.950912,0.8685,SF-P3O-NoFisher,Hopper-v4,1
710194,reward,5737,661.9300128697106,632.556,SF-P3O-NoFisher,Hopper-v4,1
710413,reward,5738,724.9815003649508,638.048,SF-P3O-NoFisher,Hopper-v4,1
710608,reward,5739,623.4160873085805,635.916,SF-P3O-NoFisher,Hopper-v4,1
710809,reward,5740,649.9556992225313,637.416,SF-P3O-NoFisher,Hopper-v4,1
711014,reward,5741,665.4935796537866,639.902,SF-P3O-NoFisher,Hopper-v4,1
711206,reward,5742,607.343803058754,636.338,SF-P3O-NoFisher,Hopper-v4,1
711410,reward,5743,658.4028013526095,641.319,SF-P3O-NoFisher,Hopper-v4,1
711608,reward,5744,635.4758897257991,642.738,SF-P3O-NoFisher,Hopper-v4,1
711814,reward,5745,674.0839908173989,657.948,SF-P3O-NoFisher,Hopper-v4,1
712021,reward,5746,664.4659831398702,656.555,SF-P3O-NoFisher,Hopper-v4,1
712215,reward,5747,616.7362970283801,652.036,SF-P3O-NoFisher,Hopper-v4,1
712434,reward,5748,732.8002158649098,652.817,SF-P3O-NoFisher,Hopper-v4,1
712636,reward,5749,650.2632757067265,655.502,SF-P3O-NoFisher,Hopper-v4,1
712704,loss,-0.02324206940829754,0.6831958889961243,SF-P3O-NoFisher,Hopper-v4,1
712844,reward,5750,675.3117004272052,658.038,SF-P3O-NoFisher,Hopper-v4,1
713053,reward,5751,691.8254291418042,660.671,SF-P3O-NoFisher,Hopper-v4,1
713261,reward,5752,680.620924924512,667.999,SF-P3O-NoFisher,Hopper-v4,1
713463,reward,5753,640.4180820676941,666.2,SF-P3O-NoFisher,Hopper-v4,1
713666,reward,5754,654.3987033204069,668.092,SF-P3O-NoFisher,Hopper-v4,1
713855,reward,5755,602.5780351216059,660.942,SF-P3O-NoFisher,Hopper-v4,1
714067,reward,5756,696.5666244091494,664.152,SF-P3O-NoFisher,Hopper-v4,1
714278,reward,5757,696.1170211686971,672.09,SF-P3O-NoFisher,Hopper-v4,1
714479,reward,5758,634.6253441349743,662.273,SF-P3O-NoFisher,Hopper-v4,1
714684,reward,5759,666.11833893468,663.858,SF-P3O-NoFisher,Hopper-v4,1
714903,reward,5760,736.4256059907198,669.969,SF-P3O-NoFisher,Hopper-v4,1
715100,reward,5761,622.9053659177933,663.077,SF-P3O-NoFisher,Hopper-v4,1
715309,reward,5762,681.3633853440455,663.152,SF-P3O-NoFisher,Hopper-v4,1
715516,reward,5763,685.1809460413264,667.628,SF-P3O-NoFisher,Hopper-v4,1
715730,reward,5764,703.844034555708,672.572,SF-P3O-NoFisher,Hopper-v4,1
715940,reward,5765,673.8980226393431,679.704,SF-P3O-NoFisher,Hopper-v4,1
716149,reward,5766,685.6004484517462,678.608,SF-P3O-NoFisher,Hopper-v4,1
716349,reward,5767,654.1364577561196,674.41,SF-P3O-NoFisher,Hopper-v4,1
716552,reward,5768,658.9323559671755,676.84,SF-P3O-NoFisher,Hopper-v4,1
716705,reward,5769,460.4913428107329,656.278,SF-P3O-NoFisher,Hopper-v4,1
716915,reward,5770,684.7464707402274,651.11,SF-P3O-NoFisher,Hopper-v4,1
717114,reward,5771,645.6709454013594,653.386,SF-P3O-NoFisher,Hopper-v4,1
717324,reward,5772,683.8565864308815,653.636,SF-P3O-NoFisher,Hopper-v4,1
717541,reward,5773,718.9957362671647,657.017,SF-P3O-NoFisher,Hopper-v4,1
717749,reward,5774,676.1986653463626,654.253,SF-P3O-NoFisher,Hopper-v4,1
717962,reward,5775,700.5834838090732,656.921,SF-P3O-NoFisher,Hopper-v4,1
718170,reward,5776,672.3257978266696,655.594,SF-P3O-NoFisher,Hopper-v4,1
718374,reward,5777,656.4172018029054,655.822,SF-P3O-NoFisher,Hopper-v4,1
718583,reward,5778,676.577852486476,657.586,SF-P3O-NoFisher,Hopper-v4,1
718783,reward,5779,641.6585879026425,675.703,SF-P3O-NoFisher,Hopper-v4,1
718990,reward,5780,678.2757272717508,675.056,SF-P3O-NoFisher,Hopper-v4,1
719182,reward,5781,613.4778894275698,671.837,SF-P3O-NoFisher,Hopper-v4,1
719397,reward,5782,715.565503550882,675.008,SF-P3O-NoFisher,Hopper-v4,1
719594,reward,5783,633.8902591218296,666.497,SF-P3O-NoFisher,Hopper-v4,1
719801,reward,5784,671.892878730647,666.067,SF-P3O-NoFisher,Hopper-v4,1
720000,speed,506.06,19.57,SF-P3O-NoFisher,Hopper-v4,1
720001,spectral,0.059139,0.951347,0.851,SF-P3O-NoFisher,Hopper-v4,1
720011,reward,5785,691.9170335761698,665.2,SF-P3O-NoFisher,Hopper-v4,1
720223,reward,5786,696.4566443495158,667.613,SF-P3O-NoFisher,Hopper-v4,1
720429,reward,5787,664.0855045988019,668.38,SF-P3O-NoFisher,Hopper-v4,1
720638,reward,5788,678.7077724296248,668.593,SF-P3O-NoFisher,Hopper-v4,1
720838,reward,5789,644.0082836112141,668.828,SF-P3O-NoFisher,Hopper-v4,1
720896,loss,0.022020289674401283,0.341917484998703,SF-P3O-NoFisher,Hopper-v4,1
720896,diagnostics,0.0,63.54,17.736,0.059441,0.951212,0.8289,-1.0,SF-P3O-NoFisher,Hopper-v4,1
721063,reward,5790,759.4637637966952,676.947,SF-P3O-NoFisher,Hopper-v4,1
721277,reward,5791,701.8417924990872,685.783,SF-P3O-NoFisher,Hopper-v4,1
721483,reward,5792,667.7791204967061,681.004,SF-P3O-NoFisher,Hopper-v4,1
721679,reward,5793,627.3208959955474,680.347,SF-P3O-NoFisher,Hopper-v4,1
721888,reward,5794,676.6091652420555,680.819,SF-P3O-NoFisher,Hopper-v4,1
722103,reward,5795,711.8364383962341,682.811,SF-P3O-NoFisher,Hopper-v4,1
722313,reward,5796,694.2957544935263,682.595,SF-P3O-NoFisher,Hopper-v4,1
722523,reward,5797,681.846189230787,684.371,SF-P3O-NoFisher,Hopper-v4,1
722723,reward,5798,641.4798506989478,680.648,SF-P3O-NoFisher,Hopper-v4,1
722926,reward,5799,657.4718578872286,681.994,SF-P3O-NoFisher,Hopper-v4,1
723135,reward,5800,677.7747219534265,673.826,SF-P3O-NoFisher,Hopper-v4,1
723332,reward,5801,628.8473896948786,666.526,SF-P3O-NoFisher,Hopper-v4,1
723545,reward,5802,703.6050080333804,670.109,SF-P3O-NoFisher,Hopper-v4,1
723754,reward,5803,673.0020775678023,674.677,SF-P3O-NoFisher,Hopper-v4,1
723974,reward,5804,745.2450345656981,681.54,SF-P3O-NoFisher,Hopper-v4,1
724182,reward,5805,672.7257341833518,677.629,SF-P3O-NoFisher,Hopper-v4,1
724389,reward,5806,670.4763228531237,675.247,SF-P3O-NoFisher,Hopper-v4,1
724597,reward,5807,683.5532923276852,675.418,SF-P3O-NoFisher,Hopper-v4,1
724809,reward,5808,687.6815434218757,680.038,SF-P3O-NoFisher,Hopper-v4,1
725016,reward,5809,680.0189563223481,682.293,SF-P3O-NoFisher,Hopper-v4,1
725225,reward,5810,677.9853957050123,682.314,SF-P3O-NoFisher,Hopper-v4,1
725441,reward,5811,708.1992768599163,690.249,SF-P3O-NoFisher,Hopper-v4,1
725658,reward,5812,726.1544411000476,692.504,SF-P3O-NoFisher,Hopper-v4,1
725872,reward,5813,707.7021371361315,695.974,SF-P3O-NoFisher,Hopper-v4,1
726059,reward,5814,594.5609839901282,680.906,SF-P3O-NoFisher,Hopper-v4,1
726277,reward,5815,728.9388670074835,686.527,SF-P3O-NoFisher,Hopper-v4,1
726488,reward,5816,676.7669437019172,687.156,SF-P3O-NoFisher,Hopper-v4,1
726686,reward,5817,626.1474700958785,681.416,SF-P3O-NoFisher,Hopper-v4,1
726883,reward,5818,630.7024661524424,675.718,SF-P3O-NoFisher,Hopper-v4,1
727111,reward,5819,776.4888845454572,685.365,SF-P3O-NoFisher,Hopper-v4,1
727313,reward,5820,647.5998931492904,682.326,SF-P3O-NoFisher,Hopper-v4,1
727522,reward,5821,685.1565682795722,680.022,SF-P3O-NoFisher,Hopper-v4,1
727733,reward,5822,691.226813860679,676.529,SF-P3O-NoFisher,Hopper-v4,1
727941,reward,5823,683.3548360921646,674.094,SF-P3O-NoFisher,Hopper-v4,1
728132,reward,5824,607.6310948836785,675.401,SF-P3O-NoFisher,Hopper-v4,1
728340,reward,5825,677.9016919925128,670.298,SF-P3O-NoFisher,Hopper-v4,1
728547,reward,5826,665.8284550661806,669.204,SF-P3O-NoFisher,Hopper-v4,1
728756,reward,5827,663.2642916163767,672.915,SF-P3O-NoFisher,Hopper-v4,1
728973,reward,5828,729.5372213843316,682.799,SF-P3O-NoFisher,Hopper-v4,1
729088,loss,-0.021442975848913193,1.0397093296051025,SF-P3O-NoFisher,Hopper-v4,1
729177,reward,5829,649.3416622535947,670.084,SF-P3O-NoFisher,Hopper-v4,1
729408,reward,5830,780.4270623667709,683.367,SF-P3O-NoFisher,Hopper-v4,1
729595,reward,5831,597.1491845651938,674.566,SF-P3O-NoFisher,Hopper-v4,1
729805,reward,5832,673.3551716053778,672.779,SF-P3O-NoFisher,Hopper-v4,1
730000,speed,351.45,20.05,SF-P3O-NoFisher,Hopper-v4,1
730001,spectral,0.060025,0.950195,0.8834,SF-P3O-NoFisher,Hopper-v4,1
730020,reward,5833,704.5998698259829,674.904,SF-P3O-NoFisher,Hopper-v4,1
730233,reward,5834,681.8959099322702,682.33,SF-P3O-NoFisher,Hopper-v4,1
730442,reward,5835,675.3540074577044,682.075,SF-P3O-NoFisher,Hopper-v4,1
730674,reward,5836,790.3228837551371,694.525,SF-P3O-NoFisher,Hopper-v4,1
730891,reward,5837,720.4111181372226,700.239,SF-P3O-NoFisher,Hopper-v4,1
731097,reward,5838,659.5537769816032,693.241,SF-P3O-NoFisher,Hopper-v4,1
731284,reward,5839,602.1099909902687,688.518,SF-P3O-NoFisher,Hopper-v4,1
731520,reward,5840,801.5755102270707,690.633,SF-P3O-NoFisher,Hopper-v4,1
731717,reward,5841,650.9885932050868,696.017,SF-P3O-NoFisher,Hopper-v4,1
731926,reward,5842,690.2176946591951,697.703,SF-P3O-NoFisher,Hopper-v4,1
732143,reward,5843,739.4010123568214,701.183,SF-P3O-NoFisher,Hopper-v4,1
732348,reward,5844,642.1239505491224,697.206,SF-P3O-NoFisher,Hopper-v4,1
732562,reward,5845,699.2859768361319,699.599,SF-P3O-NoFisher,Hopper-v4,1
732774,reward,5846,696.2586566746771,690.193,SF-P3O-NoFisher,Hopper-v4,1
732987,reward,5847,696.8598366864544,687.837,SF-P3O-NoFisher,Hopper-v4,1
733187,reward,5848,645.3852487599243,686.421,SF-P3O-NoFisher,Hopper-v4,1
733397,reward,5849,678.6508698517911,694.075,SF-P3O-NoFisher,Hopper-v4,1
733636,reward,5850,806.9066493890575,694.608,SF-P3O-NoFisher,Hopper-v4,1
733868,reward,5851,779.7324687987963,707.482,SF-P3O-NoFisher,Hopper-v4,1
734100,reward,5852,785.5682898239087,717.017,SF-P3O-NoFisher,Hopper-v4,1
734296,reward,5853,638.6278768819602,706.94,SF-P3O-NoFisher,Hopper-v4,1
734552,reward,5854,861.6683740270892,728.894,SF-P3O-NoFisher,Hopper-v4,1
734763,reward,5855,691.3512965668058,728.101,SF-P3O-NoFisher,Hopper-v4,1
734955,reward,5856,613.6201006929302,719.837,SF-P3O-NoFisher,Hopper-v4,1
735178,reward,5857,748.3342781648008,724.985,SF-P3O-NoFisher,Hopper-v4,1
735401,reward,5858,737.5252961157947,734.199,SF-P3O-NoFisher,Hopper-v4,1
735616,reward,5859,707.0470751184579,737.038,SF-P3O-NoFisher,Hopper-v4,1
735821,reward,5860,656.0182489430875,721.949,SF-P3O-NoFisher,Hopper-v4,1
736042,reward,5861,735.2835858371335,717.504,SF-P3O-NoFisher,Hopper-v4,1
736267,reward,5862,762.0197775116765,715.15,SF-P3O-NoFisher,Hopper-v4,1
736480,reward,5863,693.7418838751788,720.661,SF-P3O-NoFisher,Hopper-v4,1
736685,reward,5864,671.6690851719254,701.661,SF-P3O-NoFisher,Hopper-v4,1
736892,reward,5865,661.5828595842988,698.684,SF-P3O-NoFisher,Hopper-v4,1
737101,reward,5866,676.464732086726,704.969,SF-P3O-NoFisher,Hopper-v4,1
737280,loss,0.06948938220739365,0.3583962619304657,SF-P3O-NoFisher,Hopper-v4,1
737280,diagnostics,0.0,63.77,17.4914,0.060998,0.949477,0.92,-1.0,SF-P3O-NoFisher,Hopper-v4,1
737324,reward,5867,744.890785131655,704.624,SF-P3O-NoFisher,Hopper-v4,1
737526,reward,5868,651.9688384037875,696.069,SF-P3O-NoFisher,Hopper-v4,1
737742,reward,5869,727.0500691957064,698.069,SF-P3O-NoFisher,Hopper-v4,1
737938,reward,5870,627.4549613448999,695.213,SF-P3O-NoFisher,Hopper-v4,1
738169,reward,5871,802.4081657086509,701.925,SF-P3O-NoFisher,Hopper-v4,1
738387,reward,5872,732.1286203615529,698.936,SF-P3O-NoFisher,Hopper-v4,1
738605,reward,5873,733.3633870777851,702.898,SF-P3O-NoFisher,Hopper-v4,1
738808,reward,5874,652.9380851528736,701.025,SF-P3O-NoFisher,Hopper-v4,1
739002,reward,5875,615.8198129330624,696.449,SF-P3O-NoFisher,Hopper-v4,1
739195,reward,5876,611.8767115110176,689.99,SF-P3O-NoFisher,Hopper-v4,1
739421,reward,5877,782.8822293434323,693.789,SF-P3O-NoFisher,Hopper-v4,1
739635,reward,5878,711.9628566359715,699.788,SF-P3O-NoFisher,Hopper-v4,1
739832,reward,5879,618.0909903604572,688.893,SF-P3O-NoFisher,Hopper-v4,1
740000,speed,516.74,20.37,SF-P3O-NoFisher,Hopper-v4,1
740001,perturb,0.060998,0.949477,0.92,-1,-1,0.02,5,SF-P3O-NoFisher,Hopper-v4,1
740046,reward,5880,704.9856252927201,696.646,SF-P3O-NoFisher,Hopper-v4,1
740272,reward,5881,777.5801059239008,694.163,SF-P3O-NoFisher,Hopper-v4,1
740486,reward,5882,695.5363261035991,690.504,SF-P3O-NoFisher,Hopper-v4,1
740713,reward,5883,748.1344863222646,691.981,SF-P3O-NoFisher,Hopper-v4,1
740930,reward,5884,721.0267799823367,698.79,SF-P3O-NoFisher,Hopper-v4,1
741175,reward,5885,834.0259265494424,720.61,SF-P3O-NoFisher,Hopper-v4,1
741424,reward,5886,854.0830672451101,744.831,SF-P3O-NoFisher,Hopper-v4,1
741645,reward,5887,737.588445786212,740.301,SF-P3O-NoFisher,Hopper-v4,1
741855,reward,5888,688.3596540500482,737.941,SF-P3O-NoFisher,Hopper-v4,1
742057,reward,5889,640.9277921396512,740.225,SF-P3O-NoFisher,Hopper-v4,1
742290,reward,5890,800.2431113372531,749.751,SF-P3O-NoFisher,Hopper-v4,1
742521,reward,5891,775.5712330057966,749.55,SF-P3O-NoFisher,Hopper-v4,1
742738,reward,5892,709.4979326581313,750.946,SF-P3O-NoFisher,Hopper-v4,1
742958,reward,5893,725.66925691259,748.699,SF-P3O-NoFisher,Hopper-v4,1
743201,reward,5894,826.5654730268923,759.253,SF-P3O-NoFisher,Hopper-v4,1
743418,reward,5895,702.2464070549618,746.075,SF-P3O-NoFisher,Hopper-v4,1
743642,reward,5896,744.5198337382463,735.119,SF-P3O-NoFisher,Hopper-v4,1
743877,reward,5897,820.3514090886808,743.395,SF-P3O-NoFisher,Hopper-v4,1
744095,reward,5898,718.1520947058688,746.374,SF-P3O-NoFisher,Hopper-v4,1
744318,reward,5899,736.9561912016899,755.977,SF-P3O-NoFisher,Hopper-v4,1
744507,reward,5900,600.6166163299231,736.015,SF-P3O-NoFisher,Hopper-v4,1
744704,reward,5901,618.2985205328749,720.287,SF-P3O-NoFisher,Hopper-v4,1
744929,reward,5902,759.6859060643583,725.306,SF-P3O-NoFisher,Hopper-v4,1
745185,reward,5903,854.0995183185817,738.149,SF-P3O-NoFisher,Hopper-v4,1
745420,reward,5904,807.5420685634668,736.247,SF-P3O-NoFisher,Hopper-v4,1
745472,loss,-0.025560198351740837,0.4418937861919403,SF-P3O-NoFisher,Hopper-v4,1
745632,reward,5905,696.55007070839,735.677,SF-P3O-NoFisher,Hopper-v4,1
745865,reward,5906,772.2725208635845,738.452,SF-P3O-NoFisher,Hopper-v4,1
746094,reward,5907,773.2305246461812,733.74,SF-P3O-NoFisher,Hopper-v4,1
746312,reward,5908,722.3520631841903,734.16,SF-P3O-NoFisher,Hopper-v4,1
746528,reward,5909,704.6860125277244,730.933,SF-P3O-NoFisher,Hopper-v4,1
746735,reward,5910,669.7712607570472,737.849,SF-P3O-NoFisher,Hopper-v4,1
746960,reward,5911,758.059756816444,751.825,SF-P3O-NoFisher,Hopper-v4,1
747173,reward,5912,712.001906076835,747.057,SF-P3O-NoFisher,Hopper-v4,1
747380,reward,5913,672.1753313710061,728.864,SF-P3O-NoFisher,Hopper-v4,1
747593,reward,5914,686.7931443629567,716.789,SF-P3O-NoFisher,Hopper-v4,1
747822,reward,5915,778.6195564382796,724.996,SF-P3O-NoFisher,Hopper-v4,1
748050,reward,5916,775.7871879533616,725.348,SF-P3O-NoFisher,Hopper-v4,1
748264,reward,5917,701.7886143482156,718.203,SF-P3O-NoFisher,Hopper-v4,1
748482,reward,5918,719.764590286954,717.945,SF-P3O-NoFisher,Hopper-v4,1
748694,reward,5919,677.4882712661318,715.225,SF-P3O-NoFisher,Hopper-v4,1
748903,reward,5920,676.5794856310031,715.906,SF-P3O-NoFisher,Hopper-v4,1
749127,reward,5921,749.2830935112016,715.028,SF-P3O-NoFisher,Hopper-v4,1
749331,reward,5922,651.3832342465012,708.966,SF-P3O-NoFisher,Hopper-v4,1
749540,reward,5923,674.0140664800142,709.15,SF-P3O-NoFisher,Hopper-v4,1
749787,reward,5924,861.0485131082925,726.576,SF-P3O-NoFisher,Hopper-v4,1
750000,speed,520.89,20.69,SF-P3O-NoFisher,Hopper-v4,1
750001,spectral,0.059917,0.949823,0.9026,SF-P3O-NoFisher,Hopper-v4,1
750003,reward,5925,714.5917068387554,720.173,SF-P3O-NoFisher,Hopper-v4,1
750227,reward,5926,761.6202606470891,718.756,SF-P3O-NoFisher,Hopper-v4,1
750489,reward,5927,891.5080117886928,737.728,SF-P3O-NoFisher,Hopper-v4,1
750714,reward,5928,754.326296402964,741.184,SF-P3O-NoFisher,Hopper-v4,1
750927,reward,5929,681.684671679655,741.604,SF-P3O-NoFisher,Hopper-v4,1
751146,reward,5930,731.7578149438741,747.122,SF-P3O-NoFisher,Hopper-v4,1
751354,reward,5931,664.8727598092553,738.681,SF-P3O-NoFisher,Hopper-v4,1
751547,reward,5932,617.1039273228881,735.253,SF-P3O-NoFisher,Hopper-v4,1
751792,reward,5933,837.5021646869266,751.602,SF-P3O-NoFisher,Hopper-v4,1
752000,reward,5934,678.7830153179236,733.375,SF-P3O-NoFisher,Hopper-v4,1
752211,reward,5935,686.5354150297491,730.569,SF-P3O-NoFisher,Hopper-v4,1
752475,reward,5936,874.6498028058809,741.872,SF-P3O-NoFisher,Hopper-v4,1
752681,reward,5937,646.5479272947142,717.376,SF-P3O-NoFisher,Hopper-v4,1
752921,reward,5938,852.3349377268913,727.177,SF-P3O-NoFisher,Hopper-v4,1
753132,reward,5939,691.2480335682608,728.134,SF-P3O-NoFisher,Hopper-v4,1
753390,reward,5940,858.9522454818016,740.853,SF-P3O-NoFisher,Hopper-v4,1
753598,reward,5941,684.7509556923363,742.841,SF-P3O-NoFisher,Hopper-v4,1
753664,loss,0.005594050511717796,0.4407268762588501,SF-P3O-NoFisher,Hopper-v4,1
753664,diagnostics,0.0,64.37,43.992,0.060079,0.950373,0.8985,-1.0,SF-P3O-NoFisher,Hopper-v4,1
753819,reward,5942,719.5683003860157,753.087,SF-P3O-NoFisher,Hopper-v4,1
754035,reward,5943,710.7872725406322,740.416,SF-P3O-NoFisher,Hopper-v4,1
754255,reward,5944,731.6060350350914,745.698,SF-P3O-NoFisher,Hopper-v4,1
754442,reward,5945,595.709495190082,736.616,SF-P3O-NoFisher,Hopper-v4,1
754701,reward,5946,884.6751267808278,737.618,SF-P3O-NoFisher,Hopper-v4,1
754926,reward,5947,757.1631005076694,748.68,SF-P3O-NoFisher,Hopper-v4,1
755143,reward,5948,733.56175966682,736.802,SF-P3O-NoFisher,Hopper-v4,1
755359,reward,5949,711.2773061592545,738.805,SF-P3O-NoFisher,Hopper-v4,1
755577,reward,5950,704.9708526254352,723.407,SF-P3O-NoFisher,Hopper-v4,1
755817,reward,5951,815.2747150492233,736.459,SF-P3O-NoFisher,Hopper-v4,1
756033,reward,5952,715.9184946743098,736.094,SF-P3O-NoFisher,Hopper-v4,1
756243,reward,5953,685.5002246739909,733.566,SF-P3O-NoFisher,Hopper-v4,1
756462,reward,5954,733.0015207267603,733.705,SF-P3O-NoFisher,Hopper-v4,1
756665,reward,5955,646.4999309088612,738.784,SF-P3O-NoFisher,Hopper-v4,1
756886,reward,5956,747.7714430416593,725.094,SF-P3O-NoFisher,Hopper-v4,1
757118,reward,5957,791.2651459853704,728.504,SF-P3O-NoFisher,Hopper-v4,1
757347,reward,5958,755.9171221205602,730.74,SF-P3O-NoFisher,Hopper-v4,1
757579,reward,5959,787.7750717504429,738.389,SF-P3O-NoFisher,Hopper-v4,1
757894,reward,5960,1100.3813065788613,777.93,SF-P3O-NoFisher,Hopper-v4,1
758116,reward,5961,746.5623271397585,771.059,SF-P3O-NoFisher,Hopper-v4,1
758334,reward,5962,712.3042946860082,770.698,SF-P3O-NoFisher,Hopper-v4,1
758547,reward,5963,686.5781491499456,770.806,SF-P3O-NoFisher,Hopper-v4,1
758753,reward,5964,686.5339303743526,766.159,SF-P3O-NoFisher,Hopper-v4,1
758963,reward,5965,696.9819973770817,771.207,SF-P3O-NoFisher,Hopper-v4,1
759196,reward,5966,788.2889352838309,775.259,SF-P3O-NoFisher,Hopper-v4,1
759423,reward,5967,760.7579540310337,772.208,SF-P3O-NoFisher,Hopper-v4,1
759614,reward,5968,597.5687415313554,756.373,SF-P3O-NoFisher,Hopper-v4,1
759841,reward,5969,765.1719058998164,754.113,SF-P3O-NoFisher,Hopper-v4,1
760000,speed,552.26,20.99,SF-P3O-NoFisher,Hopper-v4,1
760001,spectral,0.060079,0.950373,0.8985,SF-P3O-NoFisher,Hopper-v4,1
760079,reward,5970,809.8372091186586,725.059,SF-P3O-NoFisher,Hopper-v4,1
760291,reward,5971,693.7104718488965,719.773,SF-P3O-NoFisher,Hopper-v4,1
760507,reward,5972,701.2845695392272,718.671,SF-P3O-NoFisher,Hopper-v4,1
760730,reward,5973,728.7488057609905,722.888,SF-P3O-NoFisher,Hopper-v4,1
760966,reward,5974,805.1453913606792,734.75,SF-P3O-NoFisher,Hopper-v4,1
761181,reward,5975,706.1594014729735,735.667,SF-P3O-NoFisher,Hopper-v4,1
761416,reward,5976,817.8051443903457,738.619,SF-P3O-NoFisher,Hopper-v4,1
761588,reward,5977,574.1463657435382,719.958,SF-P3O-NoFisher,Hopper-v4,1
761856,loss,-0.05691719800233841,0.5205152630805969,SF-P3O-NoFisher,Hopper-v4,1
761890,reward,5978,1039.0621762437818,764.107,SF-P3O-NoFisher,Hopper-v4,1
762107,reward,5979,715.2681217399179,759.117,SF-P3O-NoFisher,Hopper-v4,1
762305,reward,5980,621.3783041727179,740.271,SF-P3O-NoFisher,Hopper-v4,1
762552,reward,5981,839.4933773267387,754.849,SF-P3O-NoFisher,Hopper-v4,1
762757,reward,5982,642.5491447028238,748.976,SF-P3O-NoFisher,Hopper-v4,1
762973,reward,5983,716.3122181481806,747.732,SF-P3O-NoFisher,Hopper-v4,1
763210,reward,5984,819.3071069491518,749.148,SF-P3O-NoFisher,Hopper-v4,1
763441,reward,5985,775.4895297038094,756.081,SF-P3O-NoFisher,Hopper-v4,1
763636,reward,5986,631.2659817521053,737.427,SF-P3O-NoFisher,Hopper-v4,1
763851,reward,5987,708.6321335749095,750.876,SF-P3O-NoFisher,Hopper-v4,1
764118,reward,5988,906.3415135038964,737.604,SF-P3O-NoFisher,Hopper-v4,1
764333,reward,5989,697.7718250026442,735.854,SF-P3O-NoFisher,Hopper-v4,1
764568,reward,5990,805.5383737328634,754.27,SF-P3O-NoFisher,Hopper-v4,1
764790,reward,5991,759.2557883214434,746.246,SF-P3O-NoFisher,Hopper-v4,1
765017,reward,5992,776.9972547529759,759.691,SF-P3O-NoFisher,Hopper-v4,1
765238,reward,5993,742.4187780057002,762.302,SF-P3O-NoFisher,Hopper-v4,1
765461,reward,5994,750.0082594587275,755.372,SF-P3O-NoFisher,Hopper-v4,1
765686,reward,5995,751.2704356564414,752.95,SF-P3O-NoFisher,Hopper-v4,1
765884,reward,5996,643.8666660766459,754.21,SF-P3O-NoFisher,Hopper-v4,1
766127,reward,5997,816.1119981065033,764.958,SF-P3O-NoFisher,Hopper-v4,1
766337,reward,5998,698.1990773970828,744.144,SF-P3O-NoFisher,Hopper-v4,1
766581,reward,5999,821.9840368934427,756.565,SF-P3O-NoFisher,Hopper-v4,1
766810,reward,6000,790.482148092794,755.059,SF-P3O-NoFisher,Hopper-v4,1
767042,reward,6001,797.4851792712636,758.882,SF-P3O-NoFisher,Hopper-v4,1
767284,reward,6002,829.5231164072636,764.135,SF-P3O-NoFisher,Hopper-v4,1
767507,reward,6003,732.4573700017722,763.139,SF-P3O-NoFisher,Hopper-v4,1
767718,reward,6004,679.3683099193775,756.075,SF-P3O-NoFisher,Hopper-v4,1
767928,reward,6005,684.5899168732917,749.407,SF-P3O-NoFisher,Hopper-v4,1
768093,reward,6006,528.4244174713676,737.863,SF-P3O-NoFisher,Hopper-v4,1
768324,reward,6007,784.3011054486475,734.681,SF-P3O-NoFisher,Hopper-v4,1
768538,reward,6008,705.8830513426699,735.45,SF-P3O-NoFisher,Hopper-v4,1
768716,reward,6009,599.6505242715018,713.217,SF-P3O-NoFisher,Hopper-v4,1
768920,reward,6010,663.199791027719,700.488,SF-P3O-NoFisher,Hopper-v4,1
769163,reward,6011,820.8739050086333,702.827,SF-P3O-NoFisher,Hopper-v4,1
769424,reward,6012,854.2679286491184,705.302,SF-P3O-NoFisher,Hopper-v4,1
769652,reward,6013,746.8280318585606,706.739,SF-P3O-NoFisher,Hopper-v4,1
769860,reward,6014,685.4541576599933,707.347,SF-P3O-NoFisher,Hopper-v4,1
770000,speed,532.95,21.3,SF-P3O-NoFisher,Hopper-v4,1
770001,spectral,0.060361,0.950825,0.9168,SF-P3O-NoFisher,Hopper-v4,1
770048,loss,-0.10975033789873123,0.8308070302009583,SF-P3O-NoFisher,Hopper-v4,1
770048,diagnostics,0.0,64.52,51.9563,0.060535,0.950638,0.9284,-1.0,SF-P3O-NoFisher,Hopper-v4,1
770068,reward,6015,673.7264053185919,706.261,SF-P3O-NoFisher,Hopper-v4,1
770300,reward,6016,770.1630431800231,730.435,SF-P3O-NoFisher,Hopper-v4,1
770534,reward,6017,803.1837071091755,732.323,SF-P3O-NoFisher,Hopper-v4,1
770720,reward,6018,613.4530248745764,723.08,SF-P3O-NoFisher,Hopper-v4,1
770931,reward,6019,703.8694011878075,733.502,SF-P3O-NoFisher,Hopper-v4,1
771106,reward,6020,585.2075570594725,725.703,SF-P3O-NoFisher,Hopper-v4,1
771319,reward,6021,695.8501267579173,713.2,SF-P3O-NoFisher,Hopper-v4,1
771524,reward,6022,660.0863680165645,693.782,SF-P3O-NoFisher,Hopper-v4,1
771748,reward,6023,761.7890890254349,695.278,SF-P3O-NoFisher,Hopper-v4,1
771948,reward,6024,635.482651023404,690.281,SF-P3O-NoFisher,Hopper-v4,1
772167,reward,6025,737.9408247584018,696.703,SF-P3O-NoFisher,Hopper-v4,1
772412,reward,6026,850.2315652688069,704.709,SF-P3O-NoFisher,Hopper-v4,1
772620,reward,6027,671.0761134318738,691.499,SF-P3O-NoFisher,Hopper-v4,1
772828,reward,6028,676.3319132993081,697.787,SF-P3O-NoFisher,Hopper-v4,1
773045,reward,6029,714.6561644563309,698.865,SF-P3O-NoFisher,Hopper-v4,1
773252,reward,6030,667.3577127651954,707.08,SF-P3O-NoFisher,Hopper-v4,1
773502,reward,6031,856.7956471664428,723.175,SF-P3O-NoFisher,Hopper-v4,1
773743,reward,6032,835.0645449075298,740.673,SF-P3O-NoFisher,Hopper-v4,1
773983,reward,6033,839.3605936230912,748.43,SF-P3O-NoFisher,Hopper-v4,1
774197,reward,6034,710.7872630055227,755.96,SF-P3O-NoFisher,Hopper-v4,1
774409,reward,6035,698.8911176239568,752.055,SF-P3O-NoFisher,Hopper-v4,1
774653,reward,6036,843.3238709795916,751.364,SF-P3O-NoFisher,Hopper-v4,1
774877,reward,6037,743.6129960434632,758.618,SF-P3O-NoFisher,Hopper-v4,1
775080,reward,6038,652.1500492457554,756.2,SF-P3O-NoFisher,Hopper-v4,1
775323,reward,6039,840.7230430770825,768.807,SF-P3O-NoFisher,Hopper-v4,1
775540,reward,6040,734.8116623585172,775.552,SF-P3O-NoFisher,Hopper-v4,1
775760,reward,6041,730.1164843362158,762.884,SF-P3O-NoFisher,Hopper-v4,1
775966,reward,6042,680.5378347889762,747.431,SF-P3O-NoFisher,Hopper-v4,1
776177,reward,6043,686.9814793455326,732.194,SF-P3O-NoFisher,Hopper-v4,1
776393,reward,6044,723.2068080054927,733.436,SF-P3O-NoFisher,Hopper-v4,1
776645,reward,6045,859.694791188965,749.516,SF-P3O-NoFisher,Hopper-v4,1
776851,reward,6046,667.6422236815608,731.948,SF-P3O-NoFisher,Hopper-v4,1
777093,reward,6047,817.3921837930013,739.326,SF-P3O-NoFisher,Hopper-v4,1
777310,reward,6048,722.4977080683617,746.36,SF-P3O-NoFisher,Hopper-v4,1
777530,reward,6049,745.950084378197,736.883,SF-P3O-NoFisher,Hopper-v4,1
777747,reward,6050,715.2588827467677,734.928,SF-P3O-NoFisher,Hopper-v4,1
778004,reward,6051,858.5688215625563,747.773,SF-P3O-NoFisher,Hopper-v4,1
778233,reward,6052,768.8163164727038,756.601,SF-P3O-NoFisher,Hopper-v4,1
778240,loss,0.0028510484844446182,0.38268283009529114,SF-P3O-NoFisher,Hopper-v4,1
778432,reward,6053,634.810648512332,751.384,SF-P3O-NoFisher,Hopper-v4,1
778620,reward,6054,604.6041230253741,739.524,SF-P3O-NoFisher,Hopper-v4,1
778851,reward,6055,796.6173406384956,733.216,SF-P3O-NoFisher,Hopper-v4,1
779059,reward,6056,666.5950362257346,733.111,SF-P3O-NoFisher,Hopper-v4,1
779276,reward,6057,719.2560189191322,723.297,SF-P3O-NoFisher,Hopper-v4,1
779496,reward,6058,744.3834679968505,725.486,SF-P3O-NoFisher,Hopper-v4,1
779717,reward,6059,748.0661664757049,725.698,SF-P3O-NoFisher,Hopper-v4,1
779923,reward,6060,666.9572720313417,720.868,SF-P3O-NoFisher,Hopper-v4,1
780000,speed,360.4,21.77,SF-P3O-NoFisher,Hopper-v4,1
780001,spectral,0.060852,0.95088,0.9267,SF-P3O-NoFisher,Hopper-v4,1
780103,reward,6061,592.8119398809298,694.292,SF-P3O-NoFisher,Hopper-v4,1
780344,reward,6062,834.5439767666776,700.865,SF-P3O-NoFisher,Hopper-v4,1
780561,reward,6063,737.416451045193,711.125,SF-P3O-NoFisher,Hopper-v4,1
780809,reward,6064,873.9759940969956,738.062,SF-P3O-NoFisher,Hopper-v4,1
781001,reward,6065,608.0595765045351,719.207,SF-P3O-NoFisher,Hopper-v4,1
781245,reward,6066,832.1879288512954,735.766,SF-P3O-NoFisher,Hopper-v4,1
781503,reward,6067,869.2117654799287,750.761,SF-P3O-NoFisher,Hopper-v4,1
781716,reward,6068,696.2114789967704,745.944,SF-P3O-NoFisher,Hopper-v4,1
781935,reward,6069,723.2058331580693,743.458,SF-P3O-NoFisher,Hopper-v4,1
782126,reward,6070,607.5121144912788,737.514,SF-P3O-NoFisher,Hopper-v4,1
782353,reward,6071,774.7736316471687,755.71,SF-P3O-NoFisher,Hopper-v4,1
782558,reward,6072,652.5840136011467,737.514,SF-P3O-NoFisher,Hopper-v4,1
782775,reward,6073,729.8264425392165,736.755,SF-P3O-NoFisher,Hopper-v4,1
782982,reward,6074,669.6055349682968,716.318,SF-P3O-NoFisher,Hopper-v4,1
783232,reward,6075,872.9385791030319,742.806,SF-P3O-NoFisher,Hopper-v4,1
783461,reward,6076,770.8235452389412,736.669,SF-P3O-NoFisher,Hopper-v4,1
783681,reward,6077,717.1146739251642,721.46,SF-P3O-NoFisher,Hopper-v4,1
783934,reward,6078,873.9262316766111,739.231,SF-P3O-NoFisher,Hopper-v4,1
784156,reward,6079,744.3858008562162,741.349,SF-P3O-NoFisher,Hopper-v4,1
784343,reward,6080,607.0719608170286,741.305,SF-P3O-NoFisher,Hopper-v4,1
784559,reward,6081,724.146233003587,736.242,SF-P3O-NoFisher,Hopper-v4,1
784747,reward,6082,583.3333965222695,729.317,SF-P3O-NoFisher,Hopper-v4,1
784959,reward,6083,706.3959319452088,726.974,SF-P3O-NoFisher,Hopper-v4,1
785165,reward,6084,667.554950690211,726.769,SF-P3O-NoFisher,Hopper-v4,1
785369,reward,6085,654.1043208627359,704.886,SF-P3O-NoFisher,Hopper-v4,1
785573,reward,6086,672.6972388200139,695.073,SF-P3O-NoFisher,Hopper-v4,1
785773,reward,6087,652.6381005419391,688.625,SF-P3O-NoFisher,Hopper-v4,1
786009,reward,6088,813.2148952751182,682.554,SF-P3O-NoFisher,Hopper-v4,1
786235,reward,6089,754.8057307467764,683.596,SF-P3O-NoFisher,Hopper-v4,1
786432,loss,0.06725511699914932,0.3904946744441986,SF-P3O-NoFisher,Hopper-v4,1
786432,diagnostics,0.0,64.74,17.8163,0.06114,0.951028,0.9386,-1.0,SF-P3O-NoFisher,Hopper-v4,1
786448,reward,6090,698.8002007770931,692.769,SF-P3O-NoFisher,Hopper-v4,1
786633,reward,6091,589.104344641755,679.265,SF-P3O-NoFisher,Hopper-v4,1
786856,reward,6092,765.7596386261837,697.508,SF-P3O-NoFisher,Hopper-v4,1
787078,reward,6093,724.9867998906727,699.367,SF-P3O-NoFisher,Hopper-v4,1
787302,reward,6094,757.7160253108829,708.383,SF-P3O-NoFisher,Hopper-v4,1
787523,reward,6095,730.4154420442635,716.014,SF-P3O-NoFisher,Hopper-v4,1
787737,reward,6096,693.321176693743,718.076,SF-P3O-NoFisher,Hopper-v4,1
787963,reward,6097,750.5593124464206,727.868,SF-P3O-NoFisher,Hopper-v4,1
788181,reward,6098,736.9178747508558,720.239,SF-P3O-NoFisher,Hopper-v4,1
788403,reward,6099,750.5658202971689,719.815,SF-P3O-NoFisher,Hopper-v4,1
788605,reward,6100,648.476770133455,714.782,SF-P3O-NoFisher,Hopper-v4,1
788837,reward,6101,801.5240629252919,736.024,SF-P3O-NoFisher,Hopper-v4,1
789065,reward,6102,763.84333369201,735.833,SF-P3O-NoFisher,Hopper-v4,1
789290,reward,6103,766.7153900251755,740.006,SF-P3O-NoFisher,Hopper-v4,1
789515,reward,6104,753.9821506328956,739.632,SF-P3O-NoFisher,Hopper-v4,1
789742,reward,6105,769.4062179810004,743.531,SF-P3O-NoFisher,Hopper-v4,1
789935,reward,6106,621.5020496099213,736.349,SF-P3O-NoFisher,Hopper-v4,1
790000,speed,541.97,22.07,SF-P3O-NoFisher,Hopper-v4,1
790001,spectral,0.06114,0.951028,0.9386,SF-P3O-NoFisher,Hopper-v4,1
790147,reward,6107,692.373109996076,730.531,SF-P3O-NoFisher,Hopper-v4,1
790317,reward,6108,563.8664752914283,713.226,SF-P3O-NoFisher,Hopper-v4,1
790533,reward,6109,711.6985817674806,709.339,SF-P3O-NoFisher,Hopper-v4,1
790752,reward,6110,733.1870315800354,717.81,SF-P3O-NoFisher,Hopper-v4,1
790966,reward,6111,695.8454116356327,707.242,SF-P3O-NoFisher,Hopper-v4,1
791180,reward,6112,679.8726511585184,698.845,SF-P3O-NoFisher,Hopper-v4,1
791427,reward,6113,847.7104167984609,706.944,SF-P3O-NoFisher,Hopper-v4,1
791631,reward,6114,654.5408979523195,697.0,SF-P3O-NoFisher,Hopper-v4,1
791846,reward,6115,715.8952688340274,691.649,SF-P3O-NoFisher,Hopper-v4,1
792059,reward,6116,682.2820861522038,697.727,SF-P3O-NoFisher,Hopper-v4,1
792306,reward,6117,847.8752791656345,713.277,SF-P3O-NoFisher,Hopper-v4,1
792491,reward,6118,586.017112028095,715.492,SF-P3O-NoFisher,Hopper-v4,1
792755,reward,6119,893.0446815997195,733.627,SF-P3O-NoFisher,Hopper-v4,1
792996,reward,6120,820.6314297651672,742.372,SF-P3O-NoFisher,Hopper-v4,1
793254,reward,6121,863.4177789823303,759.129,SF-P3O-NoFisher,Hopper-v4,1
793479,reward,6122,747.4093911581461,765.882,SF-P3O-NoFisher,Hopper-v4,1
793732,reward,6123,867.7741947991868,767.889,SF-P3O-NoFisher,Hopper-v4,1
793947,reward,6124,710.9261980525187,773.527,SF-P3O-NoFisher,Hopper-v4,1
794156,reward,6125,681.5897989910806,770.097,SF-P3O-NoFisher,Hopper-v4,1
794409,reward,6126,864.1793779242432,788.287,SF-P3O-NoFisher,Hopper-v4,1
794624,loss,-0.05602165311574936,0.8905594348907471,SF-P3O-NoFisher,Hopper-v4,1
794630,reward,6127,738.4495298119889,777.344,SF-P3O-NoFisher,Hopper-v4,1
794843,reward,6128,708.4729520959304,789.59,SF-P3O-NoFisher,Hopper-v4,1
795051,reward,6129,670.5585356578215,767.341,SF-P3O-NoFisher,Hopper-v4,1
795282,reward,6130,766.7554996127168,761.953,SF-P3O-NoFisher,Hopper-v4,1
795496,reward,6131,713.3981051077993,746.951,SF-P3O-NoFisher,Hopper-v4,1
795712,reward,6132,718.7899585442703,744.089,SF-P3O-NoFisher,Hopper-v4,1
795941,reward,6133,781.7931241219956,735.491,SF-P3O-NoFisher,Hopper-v4,1
796178,reward,6134,813.1849081059208,745.717,SF-P3O-NoFisher,Hopper-v4,1
796421,reward,6135,841.6058224315752,761.719,SF-P3O-NoFisher,Hopper-v4,1
796605,reward,6136,604.7653443236609,735.777,SF-P3O-NoFisher,Hopper-v4,1
796854,reward,6137,881.2391617213167,750.056,SF-P3O-NoFisher,Hopper-v4,1
797094,reward,6138,822.9674364124352,761.506,SF-P3O-NoFisher,Hopper-v4,1
797318,reward,6139,744.299367422738,768.88,SF-P3O-NoFisher,Hopper-v4,1
797560,reward,6140,844.3324582145332,776.638,SF-P3O-NoFisher,Hopper-v4,1
797778,reward,6141,741.7574564113233,779.474,SF-P3O-NoFisher,Hopper-v4,1
798001,reward,6142,745.0119366532424,782.096,SF-P3O-NoFisher,Hopper-v4,1
798232,reward,6143,786.1504195075256,782.531,SF-P3O-NoFisher,Hopper-v4,1
798474,reward,6144,841.2702157296378,785.34,SF-P3O-NoFisher,Hopper-v4,1
798716,reward,6145,837.9708989321268,784.976,SF-P3O-NoFisher,Hopper-v4,1
798954,reward,6146,814.3064661134082,805.931,SF-P3O-NoFisher,Hopper-v4,1
799201,reward,6147,857.9955308965563,803.606,SF-P3O-NoFisher,Hopper-v4,1
799420,reward,6148,739.6237901410159,795.272,SF-P3O-NoFisher,Hopper-v4,1
799615,reward,6149,623.7386804892037,783.216,SF-P3O-NoFisher,Hopper-v4,1
799826,reward,6150,685.2034546015893,767.303,SF-P3O-NoFisher,Hopper-v4,1
800000,speed,520.64,22.39,SF-P3O-NoFisher,Hopper-v4,1
800001,spectral,0.061298,0.950843,0.9364,SF-P3O-NoFisher,Hopper-v4,1
800042,reward,6151,702.4422995164451,763.371,SF-P3O-NoFisher,Hopper-v4,1
800286,reward,6152,835.9041319157185,772.461,SF-P3O-NoFisher,Hopper-v4,1
800495,reward,6153,708.8021593076593,764.726,SF-P3O-NoFisher,Hopper-v4,1
800710,reward,6154,723.9111994307784,752.99,SF-P3O-NoFisher,Hopper-v4,1
800949,reward,6155,820.8672625282821,751.279,SF-P3O-NoFisher,Hopper-v4,1
801177,reward,6156,764.2546305720799,746.274,SF-P3O-NoFisher,Hopper-v4,1
801400,reward,6157,757.3544229396612,736.21,SF-P3O-NoFisher,Hopper-v4,1
801608,reward,6158,659.6650475739651,728.214,SF-P3O-NoFisher,Hopper-v4,1
801850,reward,6159,842.2698922337713,750.067,SF-P3O-NoFisher,Hopper-v4,1
802066,reward,6160,706.79656746448,752.227,SF-P3O-NoFisher,Hopper-v4,1
802282,reward,6161,704.8389597686333,752.466,SF-P3O-NoFisher,Hopper-v4,1
802516,reward,6162,808.8205092500964,749.758,SF-P3O-NoFisher,Hopper-v4,1
802741,reward,6163,760.4200470117732,754.92,SF-P3O-NoFisher,Hopper-v4,1
802816,loss,0.023309452459216118,1.0521843433380127,SF-P3O-NoFisher,Hopper-v4,1
802816,diagnostics,0.0,64.97,40.417,0.06162,0.951039,0.9442,-1.0,SF-P3O-NoFisher,Hopper-v4,1
802938,reward,6164,648.7192549949295,747.401,SF-P3O-NoFisher,Hopper-v4,1
803170,reward,6165,781.0530588330116,743.419,SF-P3O-NoFisher,Hopper-v4,1
803403,reward,6166,765.4610395279575,743.54,SF-P3O-NoFisher,Hopper-v4,1
803657,reward,6167,857.9678121267369,753.601,SF-P3O-NoFisher,Hopper-v4,1
803937,reward,6168,933.2241203963224,780.957,SF-P3O-NoFisher,Hopper-v4,1
804149,reward,6169,703.9523886290674,767.125,SF-P3O-NoFisher,Hopper-v4,1
804339,reward,6170,622.4242621049079,758.688,SF-P3O-NoFisher,Hopper-v4,1
804474,reward,6171,336.99653297220294,721.904,SF-P3O-NoFisher,Hopper-v4,1
804700,reward,6172,729.0811420530421,713.93,SF-P3O-NoFisher,Hopper-v4,1
805010,reward,6173,1034.203477421852,741.308,SF-P3O-NoFisher,Hopper-v4,1
805240,reward,6174,779.6565333132136,754.402,SF-P3O-NoFisher,Hopper-v4,1
805463,reward,6175,713.6017548118083,747.657,SF-P3O-NoFisher,Hopper-v4,1
805697,reward,6176,797.2840884351623,750.839,SF-P3O-NoFisher,Hopper-v4,1
805932,reward,6177,797.2559337387612,744.768,SF-P3O-NoFisher,Hopper-v4,1
806144,reward,6178,689.7044996105533,720.416,SF-P3O-NoFisher,Hopper-v4,1
806363,reward,6179,706.6956667491346,720.69,SF-P3O-NoFisher,Hopper-v4,1
806604,reward,6180,795.9510302530945,738.043,SF-P3O-NoFisher,Hopper-v4,1
806842,reward,6181,780.29088943218,782.373,SF-P3O-NoFisher,Hopper-v4,1
807137,reward,6182,1015.7241393604598,811.037,SF-P3O-NoFisher,Hopper-v4,1
807352,reward,6183,680.3981795006663,775.656,SF-P3O-NoFisher,Hopper-v4,1
807562,reward,6184,682.4115765995997,765.932,SF-P3O-NoFisher,Hopper-v4,1
807786,reward,6185,747.2954880031245,769.301,SF-P3O-NoFisher,Hopper-v4,1
808033,reward,6186,837.8391013912344,773.357,SF-P3O-NoFisher,Hopper-v4,1
808263,reward,6187,758.4205104623577,769.473,SF-P3O-NoFisher,Hopper-v4,1
808448,reward,6188,612.8545312720735,761.788,SF-P3O-NoFisher,Hopper-v4,1
808697,reward,6189,832.4910087329563,774.368,SF-P3O-NoFisher,Hopper-v4,1
808956,reward,6190,883.3451348091191,783.107,SF-P3O-NoFisher,Hopper-v4,1
809209,reward,6191,868.8791705423155,791.966,SF-P3O-NoFisher,Hopper-v4,1
809483,reward,6192,923.4879716535511,782.742,SF-P3O-NoFisher,Hopper-v4,1
809706,reward,6193,726.6178976773252,787.364,SF-P3O-NoFisher,Hopper-v4,1
809949,reward,6194,817.0518948034567,800.828,SF-P3O-NoFisher,Hopper-v4,1
810000,speed,525.04,22.71,SF-P3O-NoFisher,Hopper-v4,1
810001,spectral,0.06162,0.951039,0.9442,SF-P3O-NoFisher,Hopper-v4,1
810227,reward,6195,932.7857124305647,819.377,SF-P3O-NoFisher,Hopper-v4,1
810506,reward,6196,940.3495133280122,829.628,SF-P3O-NoFisher,Hopper-v4,1
810725,reward,6197,728.7781747468688,826.664,SF-P3O-NoFisher,Hopper-v4,1
810967,reward,6198,840.808437362911,849.459,SF-P3O-NoFisher,Hopper-v4,1
811008,loss,0.0639556348323822,1.0176810026168823,SF-P3O-NoFisher,Hopper-v4,1
811103,reward,6199,348.9419427077979,801.105,SF-P3O-NoFisher,Hopper-v4,1
811233,reward,6200,326.3831160285149,745.408,SF-P3O-NoFisher,Hopper-v4,1
811460,reward,6201,728.4542524262453,731.366,SF-P3O-NoFisher,Hopper-v4,1
811730,reward,6202,901.1747200331106,729.135,SF-P3O-NoFisher,Hopper-v4,1
811990,reward,6203,881.7724367813515,744.65,SF-P3O-NoFisher,Hopper-v4,1
812123,reward,6204,343.2007767876782,697.265,SF-P3O-NoFisher,Hopper-v4,1
812383,reward,6205,877.0719526105945,691.694,SF-P3O-NoFisher,Hopper-v4,1
812612,reward,6206,759.2871198955398,673.587,SF-P3O-NoFisher,Hopper-v4,1
812881,reward,6207,922.6692764170267,692.976,SF-P3O-NoFisher,Hopper-v4,1
813212,reward,6208,1146.8818964197126,723.584,SF-P3O-NoFisher,Hopper-v4,1
813457,reward,6209,811.9942987772085,769.889,SF-P3O-NoFisher,Hopper-v4,1
813691,reward,6210,784.95472065815,815.746,SF-P3O-NoFisher,Hopper-v4,1
813952,reward,6211,898.9823177504076,832.799,SF-P3O-NoFisher,Hopper-v4,1
814190,reward,6212,810.1564454470192,823.697,SF-P3O-NoFisher,Hopper-v4,1
814416,reward,6213,737.0297422445504,809.223,SF-P3O-NoFisher,Hopper-v4,1
814695,reward,6214,945.9876759033446,869.502,SF-P3O-NoFisher,Hopper-v4,1
814906,reward,6215,693.4119003680528,851.136,SF-P3O-NoFisher,Hopper-v4,1
815136,reward,6216,758.921977573586,851.099,SF-P3O-NoFisher,Hopper-v4,1
815380,reward,6217,820.601534414931,840.892,SF-P3O-NoFisher,Hopper-v4,1
815613,reward,6218,808.6357094330093,807.068,SF-P3O-NoFisher,Hopper-v4,1
815871,reward,6219,869.3763797612049,812.806,SF-P3O-NoFisher,Hopper-v4,1
816104,reward,6220,775.6944801885019,811.88,SF-P3O-NoFisher,Hopper-v4,1
816360,reward,6221,867.3508104843139,808.717,SF-P3O-NoFisher,Hopper-v4,1
816573,reward,6222,693.5059385215799,797.052,SF-P3O-NoFisher,Hopper-v4,1
816802,reward,6223,734.5443208555403,796.803,SF-P3O-NoFisher,Hopper-v4,1
816932,reward,6224,324.58622945882877,734.663,SF-P3O-NoFisher,Hopper-v4,1
817163,reward,6225,775.2997298752288,742.852,SF-P3O-NoFisher,Hopper-v4,1
817382,reward,6226,724.9499535479456,739.455,SF-P3O-NoFisher,Hopper-v4,1
817615,reward,6227,783.8187473841012,735.776,SF-P3O-NoFisher,Hopper-v4,1
817835,reward,6228,711.2996561426614,726.043,SF-P3O-NoFisher,Hopper-v4,1
818052,reward,6229,699.9021120730594,709.095,SF-P3O-NoFisher,Hopper-v4,1
818294,reward,6230,823.7193489070277,713.898,SF-P3O-NoFisher,Hopper-v4,1
818547,reward,6231,857.5332816256664,712.916,SF-P3O-NoFisher,Hopper-v4,1
818803,reward,6232,863.8584399662674,729.951,SF-P3O-NoFisher,Hopper-v4,1
818926,reward,6233,312.91908777171386,687.789,SF-P3O-NoFisher,Hopper-v4,1
819154,reward,6234,776.1678626600977,732.947,SF-P3O-NoFisher,Hopper-v4,1
819200,loss,0.02815803699195385,0.5551206469535828,SF-P3O-NoFisher,Hopper-v4,1
819200,diagnostics,0.0,65.1,25.5349,0.062302,0.950283,0.9023,-1.0,SF-P3O-NoFisher,Hopper-v4,1
819405,reward,6235,860.541420542728,741.471,SF-P3O-NoFisher,Hopper-v4,1
819628,reward,6236,727.9094686232672,741.767,SF-P3O-NoFisher,Hopper-v4,1
819841,reward,6237,690.9258831299497,732.478,SF-P3O-NoFisher,Hopper-v4,1
820000,speed,363.7,23.17,SF-P3O-NoFisher,Hopper-v4,1
820001,perturb,0.062302,0.950283,0.9023,-1,-1,0.02,6,SF-P3O-NoFisher,Hopper-v4,1
820056,reward,6238,693.0520320042,730.653,SF-P3O-NoFisher,Hopper-v4,1
820279,reward,6239,725.4921836718106,733.212,SF-P3O-NoFisher,Hopper-v4,1
820548,reward,6240,899.598827315587,740.8,SF-P3O-NoFisher,Hopper-v4,1
820812,reward,6241,894.7536692965404,744.522,SF-P3O-NoFisher,Hopper-v4,1
820936,reward,6242,316.169529996304,689.753,SF-P3O-NoFisher,Hopper-v4,1
821160,reward,6243,732.1433400981637,731.675,SF-P3O-NoFisher,Hopper-v4,1
821407,reward,6244,819.5434817655969,736.013,SF-P3O-NoFisher,Hopper-v4,1
821677,reward,6245,887.6836030093527,738.727,SF-P3O-NoFisher,Hopper-v4,1
821923,reward,6246,811.5564238473988,747.092,SF-P3O-NoFisher,Hopper-v4,1
822164,reward,6247,820.8425953394593,760.084,SF-P3O-NoFisher,Hopper-v4,1
822414,reward,6248,815.4319549916137,772.322,SF-P3O-NoFisher,Hopper-v4,1
822696,reward,6249,923.4958767222805,792.122,SF-P3O-NoFisher,Hopper-v4,1
823001,reward,6250,1053.6342022923996,807.525,SF-P3O-NoFisher,Hopper-v4,1
823242,reward,6251,806.1565832177839,798.666,SF-P3O-NoFisher,Hopper-v4,1
823468,reward,6252,749.3481664241626,841.984,SF-P3O-NoFisher,Hopper-v4,1
823702,reward,6253,783.844572708006,847.154,SF-P3O-NoFisher,Hopper-v4,1
823934,reward,6254,769.6736665116563,842.167,SF-P3O-NoFisher,Hopper-v4,1
824208,reward,6255,949.5537109547882,848.354,SF-P3O-NoFisher,Hopper-v4,1
824474,reward,6256,888.056169671011,856.004,SF-P3O-NoFisher,Hopper-v4,1
824706,reward,6257,769.9620080326588,850.916,SF-P3O-NoFisher,Hopper-v4,1
824943,reward,6258,797.1958175426062,849.092,SF-P3O-NoFisher,Hopper-v4,1
825262,reward,6259,1076.899852456475,864.432,SF-P3O-NoFisher,Hopper-v4,1
825506,reward,6260,801.1164856465838,839.181,SF-P3O-NoFisher,Hopper-v4,1
825732,reward,6261,720.6842879299381,830.633,SF-P3O-NoFisher,Hopper-v4,1
826009,reward,6262,919.9712176004535,847.696,SF-P3O-NoFisher,Hopper-v4,1
826267,reward,6263,872.1775364729149,856.529,SF-P3O-NoFisher,Hopper-v4,1
826498,reward,6264,782.8069341551557,857.842,SF-P3O-NoFisher,Hopper-v4,1
826734,reward,6265,800.0962302709763,842.897,SF-P3O-NoFisher,Hopper-v4,1
826979,reward,6266,791.2028911655971,833.211,SF-P3O-NoFisher,Hopper-v4,1
827238,reward,6267,847.4660255275446,840.962,SF-P3O-NoFisher,Hopper-v4,1
827392,loss,-0.13882489502429962,0.3133361339569092,SF-P3O-NoFisher,Hopper-v4,1
827473,reward,6268,788.3056126372051,840.073,SF-P3O-NoFisher,Hopper-v4,1
827740,reward,6269,917.3477946359117,824.118,SF-P3O-NoFisher,Hopper-v4,1
827978,reward,6270,808.3815973354605,824.844,SF-P3O-NoFisher,Hopper-v4,1
828205,reward,6271,720.9547633017044,824.871,SF-P3O-NoFisher,Hopper-v4,1
828677,reward,6272,1572.08682925668,890.083,SF-P3O-NoFisher,Hopper-v4,1
828921,reward,6273,823.7338957340173,885.238,SF-P3O-NoFisher,Hopper-v4,1
829145,reward,6274,731.0464531627014,880.062,SF-P3O-NoFisher,Hopper-v4,1
829468,reward,6275,1086.8218814308814,908.735,SF-P3O-NoFisher,Hopper-v4,1
829711,reward,6276,785.2779771955165,908.142,SF-P3O-NoFisher,Hopper-v4,1
829986,reward,6277,828.6746434472351,906.263,SF-P3O-NoFisher,Hopper-v4,1
830000,speed,523.61,23.49,SF-P3O-NoFisher,Hopper-v4,1
830001,spectral,0.061212,0.950822,0.8996,SF-P3O-NoFisher,Hopper-v4,1
830228,reward,6278,818.5202094491353,909.285,SF-P3O-NoFisher,Hopper-v4,1
830530,reward,6279,1045.8876164033923,922.139,SF-P3O-NoFisher,Hopper-v4,1
830862,reward,6280,1104.9354268361978,951.794,SF-P3O-NoFisher,Hopper-v4,1
831107,reward,6281,806.8133345119674,960.38,SF-P3O-NoFisher,Hopper-v4,1
831348,reward,6282,794.5574817994047,882.627,SF-P3O-NoFisher,Hopper-v4,1
831643,reward,6283,1033.6423760171406,903.618,SF-P3O-NoFisher,Hopper-v4,1
831968,reward,6284,1086.228267066503,939.136,SF-P3O-NoFisher,Hopper-v4,1
832194,reward,6285,733.1427656766249,903.768,SF-P3O-NoFisher,Hopper-v4,1
832470,reward,6286,951.9262302039186,920.433,SF-P3O-NoFisher,Hopper-v4,1
832721,reward,6287,829.9400311010384,920.559,SF-P3O-NoFisher,Hopper-v4,1
832848,reward,6288,321.8178331847747,870.889,SF-P3O-NoFisher,Hopper-v4,1
833088,reward,6289,795.991018202967,845.899,SF-P3O-NoFisher,Hopper-v4,1
833483,reward,6290,1351.911973649184,870.597,SF-P3O-NoFisher,Hopper-v4,1
833709,reward,6291,746.9656309675514,864.612,SF-P3O-NoFisher,Hopper-v4,1
833994,reward,6292,943.6430883958792,879.521,SF-P3O-NoFisher,Hopper-v4,1
834292,reward,6293,988.8382592195563,875.041,SF-P3O-NoFisher,Hopper-v4,1
834563,reward,6294,888.7626463612781,855.294,SF-P3O-NoFisher,Hopper-v4,1
834809,reward,6295,807.041553501173,862.684,SF-P3O-NoFisher,Hopper-v4,1
835059,reward,6296,851.463877556701,852.638,SF-P3O-NoFisher,Hopper-v4,1
835299,reward,6297,795.9696143666071,849.241,SF-P3O-NoFisher,Hopper-v4,1
835547,reward,6298,843.4986229907994,901.409,SF-P3O-NoFisher,Hopper-v4,1
835584,loss,0.03546733409166336,0.42804956436157227,SF-P3O-NoFisher,Hopper-v4,1
835584,diagnostics,0.0,65.7,20.6992,0.061651,0.950977,0.8935,-1.0,SF-P3O-NoFisher,Hopper-v4,1
835863,reward,6299,1078.9594619230531,929.705,SF-P3O-NoFisher,Hopper-v4,1
836114,reward,6300,843.4051293930465,878.855,SF-P3O-NoFisher,Hopper-v4,1
836435,reward,6301,1084.613092409039,912.62,SF-P3O-NoFisher,Hopper-v4,1
836661,reward,6302,749.085095232119,893.164,SF-P3O-NoFisher,Hopper-v4,1
836901,reward,6303,812.3192424295744,875.512,SF-P3O-NoFisher,Hopper-v4,1
837144,reward,6304,834.8950099043991,870.125,SF-P3O-NoFisher,Hopper-v4,1
837391,reward,6305,817.5851581008175,871.179,SF-P3O-NoFisher,Hopper-v4,1
837631,reward,6306,795.6184163762191,865.595,SF-P3O-NoFisher,Hopper-v4,1
837870,reward,6307,802.0892871143542,866.207,SF-P3O-NoFisher,Hopper-v4,1
838102,reward,6308,815.916498938923,863.449,SF-P3O-NoFisher,Hopper-v4,1
838377,reward,6309,930.8943616179521,848.642,SF-P3O-NoFisher,Hopper-v4,1
838610,reward,6310,773.383551087832,841.64,SF-P3O-NoFisher,Hopper-v4,1
838845,reward,6311,781.7640701956611,811.355,SF-P3O-NoFisher,Hopper-v4,1
839056,reward,6312,722.4339244227994,808.69,SF-P3O-NoFisher,Hopper-v4,1
839286,reward,6313,760.2254277977368,803.481,SF-P3O-NoFisher,Hopper-v4,1
839556,reward,6314,917.4797496810372,811.739,SF-P3O-NoFisher,Hopper-v4,1
839942,reward,6315,1273.9457271254691,857.375,SF-P3O-NoFisher,Hopper-v4,1
840000,speed,522.07,23.81,SF-P3O-NoFisher,Hopper-v4,1
840001,spectral,0.061651,0.950977,0.8935,SF-P3O-NoFisher,Hopper-v4,1
840156,reward,6316,722.5286815287319,850.066,SF-P3O-NoFisher,Hopper-v4,1
840411,reward,6317,863.4432960407707,856.202,SF-P3O-NoFisher,Hopper-v4,1
840659,reward,6318,807.005935296725,855.31,SF-P3O-NoFisher,Hopper-v4,1
840869,reward,6319,730.9626057046863,835.317,SF-P3O-NoFisher,Hopper-v4,1
841103,reward,6320,767.520502374778,834.731,SF-P3O-NoFisher,Hopper-v4,1
841335,reward,6321,762.7509216505209,832.83,SF-P3O-NoFisher,Hopper-v4,1
841693,reward,6322,1170.9248147935825,877.679,SF-P3O-NoFisher,Hopper-v4,1
841981,reward,6323,1002.6214120380891,901.918,SF-P3O-NoFisher,Hopper-v4,1
842227,reward,6324,816.5494068525186,891.825,SF-P3O-NoFisher,Hopper-v4,1
842407,reward,6325,572.5210586767076,821.683,SF-P3O-NoFisher,Hopper-v4,1
842637,reward,6326,779.3683030646498,827.367,SF-P3O-NoFisher,Hopper-v4,1
842869,reward,6327,792.4170992750061,820.264,SF-P3O-NoFisher,Hopper-v4,1
843188,reward,6328,1102.1278391682245,849.776,SF-P3O-NoFisher,Hopper-v4,1
843567,reward,6329,1299.4274030708489,906.623,SF-P3O-NoFisher,Hopper-v4,1
843776,loss,-0.01936766318976879,0.23475483059883118,SF-P3O-NoFisher,Hopper-v4,1
843807,reward,6330,827.4975076298831,912.621,SF-P3O-NoFisher,Hopper-v4,1
844017,reward,6331,685.5978381841461,904.905,SF-P3O-NoFisher,Hopper-v4,1
844386,reward,6332,1284.329395357773,916.246,SF-P3O-NoFisher,Hopper-v4,1
844609,reward,6333,771.6894805070355,893.153,SF-P3O-NoFisher,Hopper-v4,1
844868,reward,6334,874.931905002795,898.991,SF-P3O-NoFisher,Hopper-v4,1
845182,reward,6335,1097.200969965297,951.459,SF-P3O-NoFisher,Hopper-v4,1
845405,reward,6336,752.5256812236888,948.775,SF-P3O-NoFisher,Hopper-v4,1
845736,reward,6337,1112.1324125905119,980.746,SF-P3O-NoFisher,Hopper-v4,1
845969,reward,6338,785.3515606925373,949.068,SF-P3O-NoFisher,Hopper-v4,1
846272,reward,6339,1032.1427269453104,922.34,SF-P3O-NoFisher,Hopper-v4,1
846537,reward,6340,885.4941796662931,928.14,SF-P3O-NoFisher,Hopper-v4,1
846772,reward,6341,807.2220477862393,940.302,SF-P3O-NoFisher,Hopper-v4,1
847023,reward,6342,853.802793569725,897.249,SF-P3O-NoFisher,Hopper-v4,1
847338,reward,6343,1086.5283178704829,928.733,SF-P3O-NoFisher,Hopper-v4,1
847571,reward,6344,802.1656555314082,921.457,SF-P3O-NoFisher,Hopper-v4,1
847796,reward,6345,736.0557778989682,885.342,SF-P3O-NoFisher,Hopper-v4,1
848024,reward,6346,773.3791308581073,887.427,SF-P3O-NoFisher,Hopper-v4,1
848259,reward,6347,781.8458304690876,854.399,SF-P3O-NoFisher,Hopper-v4,1
848496,reward,6348,780.1109040102328,853.875,SF-P3O-NoFisher,Hopper-v4,1
848733,reward,6349,788.7582408738774,829.536,SF-P3O-NoFisher,Hopper-v4,1
848966,reward,6350,800.6547256810621,821.052,SF-P3O-NoFisher,Hopper-v4,1
849207,reward,6351,805.6664046527005,820.897,SF-P3O-NoFisher,Hopper-v4,1
849437,reward,6352,766.0926208501055,812.126,SF-P3O-NoFisher,Hopper-v4,1
849695,reward,6353,868.119164718019,790.285,SF-P3O-NoFisher,Hopper-v4,1
849997,reward,6354,1042.8264698092646,814.351,SF-P3O-NoFisher,Hopper-v4,1
850000,speed,508.53,24.13,SF-P3O-NoFisher,Hopper-v4,1
850001,spectral,0.062006,0.951285,0.8997,SF-P3O-NoFisher,Hopper-v4,1
850341,reward,6355,1191.8562837894538,859.931,SF-P3O-NoFisher,Hopper-v4,1
850589,reward,6356,853.4723428285803,867.94,SF-P3O-NoFisher,Hopper-v4,1
850846,reward,6357,886.9075234356828,878.446,SF-P3O-NoFisher,Hopper-v4,1
851075,reward,6358,776.9261674721863,878.128,SF-P3O-NoFisher,Hopper-v4,1
851312,reward,6359,780.6150374993796,877.314,SF-P3O-NoFisher,Hopper-v4,1
851541,reward,6360,773.8746477633867,874.636,SF-P3O-NoFisher,Hopper-v4,1
851779,reward,6361,803.124817791996,874.382,SF-P3O-NoFisher,Hopper-v4,1
851968,loss,0.07076261937618256,0.8544174432754517,SF-P3O-NoFisher,Hopper-v4,1
851968,diagnostics,0.0,65.89,45.3827,0.06256,0.950793,0.9016,-1.0,SF-P3O-NoFisher,Hopper-v4,1
852109,reward,6362,1110.4426450234694,908.817,SF-P3O-NoFisher,Hopper-v4,1
852421,reward,6363,1088.1827695132129,930.823,SF-P3O-NoFisher,Hopper-v4,1
852649,reward,6364,764.0746342733813,902.948,SF-P3O-NoFisher,Hopper-v4,1
852982,reward,6365,1134.5417186045156,897.216,SF-P3O-NoFisher,Hopper-v4,1
853168,reward,6366,604.971992837785,872.366,SF-P3O-NoFisher,Hopper-v4,1
853360,reward,6367,619.7956145835842,845.655,SF-P3O-NoFisher,Hopper-v4,1
853552,reward,6368,605.8324811297977,828.546,SF-P3O-NoFisher,Hopper-v4,1
853789,reward,6369,806.9936617666333,831.183,SF-P3O-NoFisher,Hopper-v4,1
854055,reward,6370,894.027112188366,843.199,SF-P3O-NoFisher,Hopper-v4,1
854233,reward,6371,605.566563129733,823.443,SF-P3O-NoFisher,Hopper-v4,1
854581,reward,6372,1199.4307279922327,832.342,SF-P3O-NoFisher,Hopper-v4,1
854840,reward,6373,865.3838256210213,810.062,SF-P3O-NoFisher,Hopper-v4,1
855063,reward,6374,731.0608545572924,806.76,SF-P3O-NoFisher,Hopper-v4,1
855323,reward,6375,883.2988642628499,781.636,SF-P3O-NoFisher,Hopper-v4,1
855570,reward,6376,844.7809520696256,805.617,SF-P3O-NoFisher,Hopper-v4,1
855764,reward,6377,631.9214328432793,806.83,SF-P3O-NoFisher,Hopper-v4,1
855992,reward,6378,762.5252066740223,822.499,SF-P3O-NoFisher,Hopper-v4,1
856248,reward,6379,885.4058768693683,830.34,SF-P3O-NoFisher,Hopper-v4,1
856500,reward,6380,847.2884651499978,825.666,SF-P3O-NoFisher,Hopper-v4,1
856747,reward,6381,824.0289163664582,847.513,SF-P3O-NoFisher,Hopper-v4,1
857007,reward,6382,883.4846254114085,815.918,SF-P3O-NoFisher,Hopper-v4,1
857254,reward,6383,839.7970353994267,813.359,SF-P3O-NoFisher,Hopper-v4,1
857470,reward,6384,722.1564837693222,812.469,SF-P3O-NoFisher,Hopper-v4,1
857663,reward,6385,625.0093435373021,786.64,SF-P3O-NoFisher,Hopper-v4,1
857913,reward,6386,837.6803577346112,785.93,SF-P3O-NoFisher,Hopper-v4,1
858184,reward,6387,920.2510845913972,814.763,SF-P3O-NoFisher,Hopper-v4,1
858484,reward,6388,1036.0845175915244,842.119,SF-P3O-NoFisher,Hopper-v4,1
858716,reward,6389,781.2714528397187,831.705,SF-P3O-NoFisher,Hopper-v4,1
858971,reward,6390,850.4682262815332,832.023,SF-P3O-NoFisher,Hopper-v4,1
859211,reward,6391,831.9092675310351,832.811,SF-P3O-NoFisher,Hopper-v4,1
859432,reward,6392,632.1226811159155,807.675,SF-P3O-NoFisher,Hopper-v4,1
859630,reward,6393,627.412671771537,786.437,SF-P3O-NoFisher,Hopper-v4,1
859872,reward,6394,802.6303466658151,794.484,SF-P3O-NoFisher,Hopper-v4,1
860000,speed,498.4,24.47,SF-P3O-NoFisher,Hopper-v4,1
860001,spectral,0.06256,0.950793,0.9016,SF-P3O-NoFisher,Hopper-v4,1
860110,reward,6395,812.1893494652663,813.202,SF-P3O-NoFisher,Hopper-v4,1
860160,loss,0.08263146132230759,0.7712948322296143,SF-P3O-NoFisher,Hopper-v4,1
860365,reward,6396,879.1942139501144,817.353,SF-P3O-NoFisher,Hopper-v4,1
860713,reward,6397,1206.0596703037866,845.934,SF-P3O-NoFisher,Hopper-v4,1
860917,reward,6398,662.2902382032697,808.555,SF-P3O-NoFisher,Hopper-v4,1
861112,reward,6399,646.5296337322109,795.081,SF-P3O-NoFisher,Hopper-v4,1
861400,reward,6400,1012.2727995107954,811.261,SF-P3O-NoFisher,Hopper-v4,1
861637,reward,6401,831.5174695407609,811.222,SF-P3O-NoFisher,Hopper-v4,1
861872,reward,6402,801.0924332753841,828.119,SF-P3O-NoFisher,Hopper-v4,1
862052,reward,6403,592.7863827847837,824.656,SF-P3O-NoFisher,Hopper-v4,1
862252,reward,6404,670.7692264184279,811.47,SF-P3O-NoFisher,Hopper-v4,1
862481,reward,6405,720.8627208891585,802.337,SF-P3O-NoFisher,Hopper-v4,1
862717,reward,6406,812.0279478504056,795.621,SF-P3O-NoFisher,Hopper-v4,1
862966,reward,6407,851.53626611669,760.169,SF-P3O-NoFisher,Hopper-v4,1
863247,reward,6408,978.8455998122887,791.824,SF-P3O-NoFisher,Hopper-v4,1
863499,reward,6409,841.2732183940067,811.298,SF-P3O-NoFisher,Hopper-v4,1
863731,reward,6410,785.4222013948286,788.613,SF-P3O-NoFisher,Hopper-v4,1
863953,reward,6411,752.3285770706103,780.694,SF-P3O-NoFisher,Hopper-v4,1
864192,reward,6412,786.1616542838788,779.201,SF-P3O-NoFisher,Hopper-v4,1
864433,reward,6413,815.302130133366,801.453,SF-P3O-NoFisher,Hopper-v4,1
864629,reward,6414,644.2233894943829,798.798,SF-P3O-NoFisher,Hopper-v4,1
864855,reward,6415,775.6907978060399,804.281,SF-P3O-NoFisher,Hopper-v4,1
865091,reward,6416,805.0588113379736,803.584,SF-P3O-NoFisher,Hopper-v4,1
865477,reward,6417,1324.6337754476272,850.894,SF-P3O-NoFisher,Hopper-v4,1
865700,reward,6418,730.6204803155508,826.072,SF-P3O-NoFisher,Hopper-v4,1
865939,reward,6419,801.0301256507871,822.047,SF-P3O-NoFisher,Hopper-v4,1
866168,reward,6420,779.0935667819426,821.414,SF-P3O-NoFisher,Hopper-v4,1
866402,reward,6421,785.3043235550516,824.712,SF-P3O-NoFisher,Hopper-v4,1
866644,reward,6422,818.4184440637587,827.938,SF-P3O-NoFisher,Hopper-v4,1
866858,reward,6423,710.492641661629,817.457,SF-P3O-NoFisher,Hopper-v4,1
867062,reward,6424,675.4227850918121,820.577,SF-P3O-NoFisher,Hopper-v4,1
867300,reward,6425,819.5946660298202,824.967,SF-P3O-NoFisher,Hopper-v4,1
867523,reward,6426,743.335057292294,818.795,SF-P3O-NoFisher,Hopper-v4,1
867731,reward,6427,701.8470438295924,756.516,SF-P3O-NoFisher,Hopper-v4,1
867975,reward,6428,833.9950277525046,766.853,SF-P3O-NoFisher,Hopper-v4,1
868211,reward,6429,821.0361285189961,768.854,SF-P3O-NoFisher,Hopper-v4,1
868352,loss,-0.044190071523189545,0.266396701335907,SF-P3O-NoFisher,Hopper-v4,1
868352,diagnostics,0.0,66.08,22.7966,0.063141,0.950064,0.9129,-1.0,SF-P3O-NoFisher,Hopper-v4,1
868426,reward,6430,717.6829275145197,762.713,SF-P3O-NoFisher,Hopper-v4,1
868623,reward,6431,669.4762999698067,751.13,SF-P3O-NoFisher,Hopper-v4,1
868789,reward,6432,549.056086154416,724.194,SF-P3O-NoFisher,Hopper-v4,1
868965,reward,6433,597.1966735275365,712.864,SF-P3O-NoFisher,Hopper-v4,1
869211,reward,6434,839.5431548071962,729.276,SF-P3O-NoFisher,Hopper-v4,1
869446,reward,6435,829.3103082729098,730.248,SF-P3O-NoFisher,Hopper-v4,1
869649,reward,6436,663.3695292035632,722.251,SF-P3O-NoFisher,Hopper-v4,1
869866,reward,6437,731.0767002477395,725.174,SF-P3O-NoFisher,Hopper-v4,1
870000,speed,340.26,24.96,SF-P3O-NoFisher,Hopper-v4,1
870001,spectral,0.063141,0.950064,0.9129,SF-P3O-NoFisher,Hopper-v4,1
870062,reward,6438,634.053716908271,705.18,SF-P3O-NoFisher,Hopper-v4,1
870280,reward,6439,746.9083725581097,697.767,SF-P3O-NoFisher,Hopper-v4,1
870504,reward,6440,750.0987645432793,701.009,SF-P3O-NoFisher,Hopper-v4,1
870746,reward,6441,810.8056214595762,715.142,SF-P3O-NoFisher,Hopper-v4,1
870944,reward,6442,684.8607234337005,728.722,SF-P3O-NoFisher,Hopper-v4,1
871152,reward,6443,704.2078182526242,739.423,SF-P3O-NoFisher,Hopper-v4,1
871385,reward,6444,794.923666499087,734.962,SF-P3O-NoFisher,Hopper-v4,1
871562,reward,6445,576.8089636732932,709.711,SF-P3O-NoFisher,Hopper-v4,1
871781,reward,6446,733.3970615971442,716.714,SF-P3O-NoFisher,Hopper-v4,1
871996,reward,6447,721.914511144157,715.798,SF-P3O-NoFisher,Hopper-v4,1
872197,reward,6448,672.4641516705568,719.639,SF-P3O-NoFisher,Hopper-v4,1
872367,reward,6449,558.8808626582024,700.836,SF-P3O-NoFisher,Hopper-v4,1
872577,reward,6450,716.6430740658508,697.491,SF-P3O-NoFisher,Hopper-v4,1
872811,reward,6451,779.7647957235632,694.387,SF-P3O-NoFisher,Hopper-v4,1
873032,reward,6452,734.3293457767168,699.333,SF-P3O-NoFisher,Hopper-v4,1
873287,reward,6453,867.1748330163215,715.63,SF-P3O-NoFisher,Hopper-v4,1
873519,reward,6454,787.4390813952145,714.882,SF-P3O-NoFisher,Hopper-v4,1
873728,reward,6455,690.3307599962737,726.234,SF-P3O-NoFisher,Hopper-v4,1
873934,reward,6456,686.3911672380151,721.533,SF-P3O-NoFisher,Hopper-v4,1
874167,reward,6457,799.4466808930671,729.286,SF-P3O-NoFisher,Hopper-v4,1
874391,reward,6458,778.2552525062223,739.866,SF-P3O-NoFisher,Hopper-v4,1
874653,reward,6459,916.888825516043,775.666,SF-P3O-NoFisher,Hopper-v4,1
874856,reward,6460,708.0037267428534,774.802,SF-P3O-NoFisher,Hopper-v4,1
875070,reward,6461,720.4434932871842,768.87,SF-P3O-NoFisher,Hopper-v4,1
875302,reward,6462,805.9955040365137,776.037,SF-P3O-NoFisher,Hopper-v4,1
875523,reward,6463,753.4675002046714,764.666,SF-P3O-NoFisher,Hopper-v4,1
875748,reward,6464,754.5075450553068,761.373,SF-P3O-NoFisher,Hopper-v4,1
875959,reward,6465,719.7830759908525,764.318,SF-P3O-NoFisher,Hopper-v4,1
876144,reward,6466,597.2772040947559,755.407,SF-P3O-NoFisher,Hopper-v4,1
876395,reward,6467,858.2030629398816,761.283,SF-P3O-NoFisher,Hopper-v4,1
876544,loss,0.05512945353984833,1.0708849430084229,SF-P3O-NoFisher,Hopper-v4,1
876615,reward,6468,750.0084783986026,758.458,SF-P3O-NoFisher,Hopper-v4,1
876822,reward,6469,707.9160919872079,737.561,SF-P3O-NoFisher,Hopper-v4,1
877041,reward,6470,732.31776019933,739.992,SF-P3O-NoFisher,Hopper-v4,1
877285,reward,6471,811.2320317816576,749.071,SF-P3O-NoFisher,Hopper-v4,1
877500,reward,6472,733.4858671836182,741.82,SF-P3O-NoFisher,Hopper-v4,1
877703,reward,6473,690.3978003991601,735.513,SF-P3O-NoFisher,Hopper-v4,1
877927,reward,6474,762.2470782371018,736.287,SF-P3O-NoFisher,Hopper-v4,1
878142,reward,6475,745.5094141270412,738.859,SF-P3O-NoFisher,Hopper-v4,1
878338,reward,6476,660.6963522466431,745.201,SF-P3O-NoFisher,Hopper-v4,1
878528,reward,6477,632.5484808350811,722.636,SF-P3O-NoFisher,Hopper-v4,1
878705,reward,6478,569.5291617949713,704.588,SF-P3O-NoFisher,Hopper-v4,1
878898,reward,6479,644.7933098387982,698.276,SF-P3O-NoFisher,Hopper-v4,1
879135,reward,6480,797.6581939778903,704.81,SF-P3O-NoFisher,Hopper-v4,1
879332,reward,6481,664.0335332400739,690.09,SF-P3O-NoFisher,Hopper-v4,1
879548,reward,6482,731.3957627805266,689.881,SF-P3O-NoFisher,Hopper-v4,1
879780,reward,6483,799.9237109748912,700.833,SF-P3O-NoFisher,Hopper-v4,1
879988,reward,6484,701.8187763786643,694.791,SF-P3O-NoFisher,Hopper-v4,1
880000,speed,505.9,25.29,SF-P3O-NoFisher,Hopper-v4,1
880001,spectral,0.063224,0.950316,0.9233,SF-P3O-NoFisher,Hopper-v4,1
880188,reward,6485,685.3804296742042,688.778,SF-P3O-NoFisher,Hopper-v4,1
880366,reward,6486,586.4788062432503,681.356,SF-P3O-NoFisher,Hopper-v4,1
880541,reward,6487,588.6828943586203,676.969,SF-P3O-NoFisher,Hopper-v4,1
880724,reward,6488,584.7503760127511,678.492,SF-P3O-NoFisher,Hopper-v4,1
880914,reward,6489,623.040123244357,676.316,SF-P3O-NoFisher,Hopper-v4,1
881161,reward,6490,848.8594103542015,681.436,SF-P3O-NoFisher,Hopper-v4,1
881343,reward,6491,577.7307822683289,672.806,SF-P3O-NoFisher,Hopper-v4,1
881527,reward,6492,593.7998952006033,659.047,SF-P3O-NoFisher,Hopper-v4,1
881698,reward,6493,568.8290395570768,635.937,SF-P3O-NoFisher,Hopper-v4,1
881934,reward,6494,818.5505323684501,647.61,SF-P3O-NoFisher,Hopper-v4,1
882191,reward,6495,880.828675530274,667.155,SF-P3O-NoFisher,Hopper-v4,1
882389,reward,6496,674.9331270217663,676.0,SF-P3O-NoFisher,Hopper-v4,1
882568,reward,6497,579.9746476624922,675.13,SF-P3O-NoFisher,Hopper-v4,1
882767,reward,6498,653.12597592916,681.967,SF-P3O-NoFisher,Hopper-v4,1
882952,reward,6499,601.9605577050999,679.859,SF-P3O-NoFisher,Hopper-v4,1
883170,reward,6500,720.1977242587478,666.993,SF-P3O-NoFisher,Hopper-v4,1
883393,reward,6501,766.6329725297103,685.883,SF-P3O-NoFisher,Hopper-v4,1
883674,reward,6502,954.4015681183565,721.943,SF-P3O-NoFisher,Hopper-v4,1
883886,reward,6503,722.3192863414046,737.293,SF-P3O-NoFisher,Hopper-v4,1
884113,reward,6504,792.6334351998594,734.701,SF-P3O-NoFisher,Hopper-v4,1
884309,reward,6505,644.6391417303585,711.082,SF-P3O-NoFisher,Hopper-v4,1
884520,reward,6506,697.4437676208653,713.333,SF-P3O-NoFisher,Hopper-v4,1
884718,reward,6507,653.9239403186315,720.728,SF-P3O-NoFisher,Hopper-v4,1
884736,loss,-0.005200687795877457,0.8890995383262634,SF-P3O-NoFisher,Hopper-v4,1
884736,diagnostics,0.0,66.24,60.4087,0.063619,0.950003,0.9253,-1.0,SF-P3O-NoFisher,Hopper-v4,1
884920,reward,6508,675.6482249948797,722.98,SF-P3O-NoFisher,Hopper-v4,1
885095,reward,6509,578.041924598039,720.588,SF-P3O-NoFisher,Hopper-v4,1
885285,reward,6510,648.0209432266587,713.371,SF-P3O-NoFisher,Hopper-v4,1
885461,reward,6511,582.7035303016462,694.978,SF-P3O-NoFisher,Hopper-v4,1
885669,reward,6512,706.0915348238619,670.147,SF-P3O-NoFisher,Hopper-v4,1
885867,reward,6513,675.7335843867744,665.488,SF-P3O-NoFisher,Hopper-v4,1
886106,reward,6514,820.0801398544161,668.233,SF-P3O-NoFisher,Hopper-v4,1
886312,reward,6515,690.9262411653648,672.861,SF-P3O-NoFisher,Hopper-v4,1
886538,reward,6516,770.0782371924671,680.125,SF-P3O-NoFisher,Hopper-v4,1
886763,reward,6517,773.9824527538035,692.131,SF-P3O-NoFisher,Hopper-v4,1
886979,reward,6518,738.958441902413,698.462,SF-P3O-NoFisher,Hopper-v4,1
887176,reward,6519,634.6871443479711,704.126,SF-P3O-NoFisher,Hopper-v4,1
887393,reward,6520,731.9874382746827,712.523,SF-P3O-NoFisher,Hopper-v4,1
887559,reward,6521,553.5241025559792,709.605,SF-P3O-NoFisher,Hopper-v4,1
887738,reward,6522,591.1337671647153,698.109,SF-P3O-NoFisher,Hopper-v4,1
887960,reward,6523,765.76797005441,707.113,SF-P3O-NoFisher,Hopper-v4,1
888211,reward,6524,845.6390887546874,709.668,SF-P3O-NoFisher,Hopper-v4,1
888383,reward,6525,572.1677975269023,697.793,SF-P3O-NoFisher,Hopper-v4,1
888602,reward,6526,747.7239673874759,695.557,SF-P3O-NoFisher,Hopper-v4,1
888821,reward,6527,749.2196890526621,693.081,SF-P3O-NoFisher,Hopper-v4,1
888998,reward,6528,583.3566061954926,677.521,SF-P3O-NoFisher,Hopper-v4,1
889210,reward,6529,718.694089358982,685.921,SF-P3O-NoFisher,Hopper-v4,1
889403,reward,6530,640.8298649931271,676.806,SF-P3O-NoFisher,Hopper-v4,1
889598,reward,6531,657.2107454925216,687.174,SF-P3O-NoFisher,Hopper-v4,1
889827,reward,6532,786.78648506272,706.74,SF-P3O-NoFisher,Hopper-v4,1
890000,speed,514.52,25.61,SF-P3O-NoFisher,Hopper-v4,1
890001,spectral,0.063619,0.950003,0.9253,SF-P3O-NoFisher,Hopper-v4,1
890015,reward,6533,608.0288196871812,690.966,SF-P3O-NoFisher,Hopper-v4,1
890215,reward,6534,680.180898397852,674.42,SF-P3O-NoFisher,Hopper-v4,1
890402,reward,6535,622.6716378065189,679.47,SF-P3O-NoFisher,Hopper-v4,1
890604,reward,6536,665.7625861638406,671.274,SF-P3O-NoFisher,Hopper-v4,1
890827,reward,6537,764.5508466191068,672.807,SF-P3O-NoFisher,Hopper-v4,1
891072,reward,6538,842.9555061074628,698.767,SF-P3O-NoFisher,Hopper-v4,1
891192,reward,6539,342.4511579019351,661.143,SF-P3O-NoFisher,Hopper-v4,1
891395,reward,6540,671.1692816751951,664.177,SF-P3O-NoFisher,Hopper-v4,1
891596,reward,6541,681.3561266968318,666.591,SF-P3O-NoFisher,Hopper-v4,1
891777,reward,6542,593.0839709423948,647.221,SF-P3O-NoFisher,Hopper-v4,1
891965,reward,6543,617.2647928893257,648.145,SF-P3O-NoFisher,Hopper-v4,1
892152,reward,6544,602.1067809742551,640.337,SF-P3O-NoFisher,Hopper-v4,1
892337,reward,6545,590.3087494917353,637.101,SF-P3O-NoFisher,Hopper-v4,1
892616,reward,6546,964.4959959310452,666.974,SF-P3O-NoFisher,Hopper-v4,1
892834,reward,6547,753.3011773883871,665.849,SF-P3O-NoFisher,Hopper-v4,1
892928,loss,-0.01243885699659586,1.169898271560669,SF-P3O-NoFisher,Hopper-v4,1
893006,reward,6548,558.0052151963164,637.354,SF-P3O-NoFisher,Hopper-v4,1
893251,reward,6549,837.8582735967574,686.895,SF-P3O-NoFisher,Hopper-v4,1
893460,reward,6550,703.8838034962109,690.166,SF-P3O-NoFisher,Hopper-v4,1
893658,reward,6551,639.1606194694924,685.947,SF-P3O-NoFisher,Hopper-v4,1
893865,reward,6552,705.4481224050029,697.183,SF-P3O-NoFisher,Hopper-v4,1
894059,reward,6553,635.2382091254439,698.981,SF-P3O-NoFisher,Hopper-v4,1
894292,reward,6554,788.4934371198642,717.619,SF-P3O-NoFisher,Hopper-v4,1
894532,reward,6555,833.5937327163773,741.948,SF-P3O-NoFisher,Hopper-v4,1
894782,reward,6556,862.9651122452311,731.795,SF-P3O-NoFisher,Hopper-v4,1
894985,reward,6557,683.5130450570246,724.816,SF-P3O-NoFisher,Hopper-v4,1
895188,reward,6558,675.5804634059425,736.573,SF-P3O-NoFisher,Hopper-v4,1
895382,reward,6559,620.1521318790453,714.803,SF-P3O-NoFisher,Hopper-v4,1
895592,reward,6560,724.1734645364213,716.832,SF-P3O-NoFisher,Hopper-v4,1
895813,reward,6561,744.7457534282682,727.39,SF-P3O-NoFisher,Hopper-v4,1
896041,reward,6562,802.7330343688999,737.119,SF-P3O-NoFisher,Hopper-v4,1
896232,reward,6563,638.9787586497882,737.493,SF-P3O-NoFisher,Hopper-v4,1
896461,reward,6564,775.2147307417177,736.165,SF-P3O-NoFisher,Hopper-v4,1
896703,reward,6565,829.8858740920443,735.794,SF-P3O-NoFisher,Hopper-v4,1
896891,reward,6566,640.7604471667983,713.574,SF-P3O-NoFisher,Hopper-v4,1
897081,reward,6567,616.9484569331337,706.917,SF-P3O-NoFisher,Hopper-v4,1
897273,reward,6568,609.9602787009942,700.355,SF-P3O-NoFisher,Hopper-v4,1
897463,reward,6569,640.4584535844566,702.386,SF-P3O-NoFisher,Hopper-v4,1
897668,reward,6570,693.972905496706,699.366,SF-P3O-NoFisher,Hopper-v4,1
897859,reward,6571,638.3040842467848,688.722,SF-P3O-NoFisher,Hopper-v4,1
898048,reward,6572,614.9290064684224,669.941,SF-P3O-NoFisher,Hopper-v4,1
898241,reward,6573,625.2864037754407,668.572,SF-P3O-NoFisher,Hopper-v4,1
898422,reward,6574,596.9382718188696,650.744,SF-P3O-NoFisher,Hopper-v4,1
898662,reward,6575,816.7770869541226,649.434,SF-P3O-NoFisher,Hopper-v4,1
898842,reward,6576,591.1217654064677,644.47,SF-P3O-NoFisher,Hopper-v4,1
899116,reward,6577,946.4755644663957,677.422,SF-P3O-NoFisher,Hopper-v4,1
899333,reward,6578,736.7783033385987,690.104,SF-P3O-NoFisher,Hopper-v4,1
899512,reward,6579,584.2347353934375,684.482,SF-P3O-NoFisher,Hopper-v4,1
899722,reward,6580,711.241970559177,686.209,SF-P3O-NoFisher,Hopper-v4,1
899925,reward,6581,694.323436150078,691.811,SF-P3O-NoFisher,Hopper-v4,1
900000,speed,503.7,25.94,SF-P3O-NoFisher,Hopper-v4,1
900001,perturb,0.063779,0.950384,0.9156,-1,-1,0.02,7,SF-P3O-NoFisher,Hopper-v4,1
900257,reward,6582,1143.658900282082,744.684,SF-P3O-NoFisher,Hopper-v4,1
900471,reward,6583,722.7042980486665,754.425,SF-P3O-NoFisher,Hopper-v4,1
900742,reward,6584,938.5563186882492,788.587,SF-P3O-NoFisher,Hopper-v4,1
900938,reward,6585,665.0682668931703,773.416,SF-P3O-NoFisher,Hopper-v4,1
901120,loss,0.03286090865731239,0.4618831276893616,SF-P3O-NoFisher,Hopper-v4,1
901120,diagnostics,0.0,66.8,51.3268,0.062765,0.950659,0.9332,-1.0,SF-P3O-NoFisher,Hopper-v4,1
901129,reward,6586,619.2104129799402,776.225,SF-P3O-NoFisher,Hopper-v4,1
901349,reward,6587,743.7637580552195,755.954,SF-P3O-NoFisher,Hopper-v4,1
901559,reward,6588,726.2783322757052,754.904,SF-P3O-NoFisher,Hopper-v4,1
901784,reward,6589,762.7524780594724,772.756,SF-P3O-NoFisher,Hopper-v4,1
902003,reward,6590,723.3070241466384,773.962,SF-P3O-NoFisher,Hopper-v4,1
902184,reward,6591,595.5779622829634,764.088,SF-P3O-NoFisher,Hopper-v4,1
902404,reward,6592,757.9087777339223,725.513,SF-P3O-NoFisher,Hopper-v4,1
902626,reward,6593,765.0446618528354,729.747,SF-P3O-NoFisher,Hopper-v4,1
902836,reward,6594,709.1101324305918,706.802,SF-P3O-NoFisher,Hopper-v4,1
903045,reward,6595,722.5601850811436,712.551,SF-P3O-NoFisher,Hopper-v4,1
903281,reward,6596,800.1575643031711,730.646,SF-P3O-NoFisher,Hopper-v4,1
903503,reward,6597,778.453233985739,734.115,SF-P3O-NoFisher,Hopper-v4,1
903713,reward,6598,721.4833081817818,733.636,SF-P3O-NoFisher,Hopper-v4,1
903901,reward,6599,625.6605882824899,719.926,SF-P3O-NoFisher,Hopper-v4,1
904119,reward,6600,748.5473462637846,722.45,SF-P3O-NoFisher,Hopper-v4,1
904171,reward,6601,86.96376742658006,671.589,SF-P3O-NoFisher,Hopper-v4,1
904403,reward,6602,809.0723986607366,676.705,SF-P3O-NoFisher,Hopper-v4,1
904607,reward,6603,702.3491103682684,670.436,SF-P3O-NoFisher,Hopper-v4,1
904801,reward,6604,653.8434154598995,664.909,SF-P3O-NoFisher,Hopper-v4,1
905027,reward,6605,791.363777608225,671.789,SF-P3O-NoFisher,Hopper-v4,1
905232,reward,6606,694.2899683452949,661.203,SF-P3O-NoFisher,Hopper-v4,1
905456,reward,6607,769.1688365410554,660.274,SF-P3O-NoFisher,Hopper-v4,1
905664,reward,6608,718.6047881730655,659.986,SF-P3O-NoFisher,Hopper-v4,1
905847,reward,6609,613.6058264275645,658.781,SF-P3O-NoFisher,Hopper-v4,1
906031,reward,6610,605.7828261533195,644.504,SF-P3O-NoFisher,Hopper-v4,1
906209,reward,6611,597.0574817962345,695.514,SF-P3O-NoFisher,Hopper-v4,1
906422,reward,6612,720.2546798745087,686.632,SF-P3O-NoFisher,Hopper-v4,1
906640,reward,6613,745.898462592689,690.987,SF-P3O-NoFisher,Hopper-v4,1
906851,reward,6614,720.7108571732967,697.674,SF-P3O-NoFisher,Hopper-v4,1
907041,reward,6615,610.649632271399,679.602,SF-P3O-NoFisher,Hopper-v4,1
907247,reward,6616,688.0200745757913,678.975,SF-P3O-NoFisher,Hopper-v4,1
907446,reward,6617,671.5366216694688,669.212,SF-P3O-NoFisher,Hopper-v4,1
907651,reward,6618,699.6379348135068,667.315,SF-P3O-NoFisher,Hopper-v4,1
907871,reward,6619,765.0478428236744,682.46,SF-P3O-NoFisher,Hopper-v4,1
908063,reward,6620,649.3033630396914,686.812,SF-P3O-NoFisher,Hopper-v4,1
908281,reward,6621,725.3282410273159,699.639,SF-P3O-NoFisher,Hopper-v4,1
908473,reward,6622,632.3540809337834,690.849,SF-P3O-NoFisher,Hopper-v4,1
908680,reward,6623,709.653859025055,687.224,SF-P3O-NoFisher,Hopper-v4,1
908888,reward,6624,682.9653091446902,683.45,SF-P3O-NoFisher,Hopper-v4,1
909076,reward,6625,644.1194242583775,686.797,SF-P3O-NoFisher,Hopper-v4,1
909254,reward,6626,564.2669418702637,674.421,SF-P3O-NoFisher,Hopper-v4,1
909312,loss,-0.13612516224384308,0.3764305114746094,SF-P3O-NoFisher,Hopper-v4,1
909476,reward,6627,765.819786491446,683.85,SF-P3O-NoFisher,Hopper-v4,1
909686,reward,6628,717.6004995254591,685.646,SF-P3O-NoFisher,Hopper-v4,1
909907,reward,6629,767.197357352147,685.861,SF-P3O-NoFisher,Hopper-v4,1
910000,speed,347.91,26.42,SF-P3O-NoFisher,Hopper-v4,1
910001,spectral,0.063123,0.950677,0.9408,SF-P3O-NoFisher,Hopper-v4,1
910125,reward,6630,726.4367976578734,693.574,SF-P3O-NoFisher,Hopper-v4,1
910344,reward,6631,731.7453109655629,694.216,SF-P3O-NoFisher,Hopper-v4,1
910539,reward,6632,637.8477664188122,694.765,SF-P3O-NoFisher,Hopper-v4,1
910733,reward,6633,632.9099775944784,687.091,SF-P3O-NoFisher,Hopper-v4,1
910954,reward,6634,757.8295027896513,694.577,SF-P3O-NoFisher,Hopper-v4,1
911190,reward,6635,805.9520220450063,710.761,SF-P3O-NoFisher,Hopper-v4,1
911403,reward,6636,736.824838725662,728.016,SF-P3O-NoFisher,Hopper-v4,1
911636,reward,6637,805.144122199561,731.949,SF-P3O-NoFisher,Hopper-v4,1
911851,reward,6638,731.6056840232557,733.349,SF-P3O-NoFisher,Hopper-v4,1
912095,reward,6639,829.6534916724585,739.595,SF-P3O-NoFisher,Hopper-v4,1
912345,reward,6640,856.7670283667705,752.628,SF-P3O-NoFisher,Hopper-v4,1
912575,reward,6641,774.891716289666,756.943,SF-P3O-NoFisher,Hopper-v4,1
912806,reward,6642,788.5780165083387,772.016,SF-P3O-NoFisher,Hopper-v4,1
912988,reward,6643,590.3340260483814,767.758,SF-P3O-NoFisher,Hopper-v4,1
913205,reward,6644,740.7499636756033,766.05,SF-P3O-NoFisher,Hopper-v4,1
913417,reward,6645,719.9495537753234,757.45,SF-P3O-NoFisher,Hopper-v4,1
913620,reward,6646,683.6552224741387,752.133,SF-P3O-NoFisher,Hopper-v4,1
913838,reward,6647,731.8916923397378,744.808,SF-P3O-NoFisher,Hopper-v4,1
914046,reward,6648,702.9688202251762,741.944,SF-P3O-NoFisher,Hopper-v4,1
914291,reward,6649,846.3983625108963,743.618,SF-P3O-NoFisher,Hopper-v4,1
914532,reward,6650,825.1831062476934,740.46,SF-P3O-NoFisher,Hopper-v4,1
914777,reward,6651,847.2891733525503,747.7,SF-P3O-NoFisher,Hopper-v4,1
914965,reward,6652,621.6184456376276,731.004,SF-P3O-NoFisher,Hopper-v4,1
915202,reward,6653,828.0788945567756,754.778,SF-P3O-NoFisher,Hopper-v4,1
915430,reward,6654,763.4524163942393,757.049,SF-P3O-NoFisher,Hopper-v4,1
915658,reward,6655,781.5368897842881,763.207,SF-P3O-NoFisher,Hopper-v4,1
915892,reward,6656,803.7324849367429,775.215,SF-P3O-NoFisher,Hopper-v4,1
916113,reward,6657,753.5869420968293,777.385,SF-P3O-NoFisher,Hopper-v4,1
916361,reward,6658,866.6200331678541,793.75,SF-P3O-NoFisher,Hopper-v4,1
916613,reward,6659,860.866892132617,795.197,SF-P3O-NoFisher,Hopper-v4,1
916829,reward,6660,729.4129885187333,785.62,SF-P3O-NoFisher,Hopper-v4,1
917042,reward,6661,751.7124805577885,776.062,SF-P3O-NoFisher,Hopper-v4,1
917286,reward,6662,856.7090967469718,799.571,SF-P3O-NoFisher,Hopper-v4,1
917504,loss,-0.1264006346464157,0.6796164512634277,SF-P3O-NoFisher,Hopper-v4,1
917504,diagnostics,0.0,66.95,44.0252,0.063495,0.950653,0.9493,-1.0,SF-P3O-NoFisher,Hopper-v4,1
917532,reward,6663,845.163386701961,801.279,SF-P3O-NoFisher,Hopper-v4,1
917760,reward,6664,771.0715841527956,802.041,SF-P3O-NoFisher,Hopper-v4,1
917972,reward,6665,745.092646644003,798.397,SF-P3O-NoFisher,Hopper-v4,1
918175,reward,6666,676.701679941898,785.694,SF-P3O-NoFisher,Hopper-v4,1
918404,reward,6667,787.5272638763621,789.088,SF-P3O-NoFisher,Hopper-v4,1
918675,reward,6668,949.2134029525334,797.347,SF-P3O-NoFisher,Hopper-v4,1
918857,reward,6669,578.8229601320681,769.143,SF-P3O-NoFisher,Hopper-v4,1
919088,reward,6670,792.2609021912906,775.428,SF-P3O-NoFisher,Hopper-v4,1
919307,reward,6671,738.609525312826,774.117,SF-P3O-NoFisher,Hopper-v4,1
919552,reward,6672,841.0844137103562,772.555,SF-P3O-NoFisher,Hopper-v4,1
919742,reward,6673,652.5212674127049,753.291,SF-P3O-NoFisher,Hopper-v4,1
919978,reward,6674,812.8070473524596,757.464,SF-P3O-NoFisher,Hopper-v4,1
920000,speed,513.05,26.75,SF-P3O-NoFisher,Hopper-v4,1
920001,spectral,0.063495,0.950653,0.9493,SF-P3O-NoFisher,Hopper-v4,1
920163,reward,6675,610.6464589475061,744.019,SF-P3O-NoFisher,Hopper-v4,1
920297,reward,6676,383.1101764044563,714.66,SF-P3O-NoFisher,Hopper-v4,1
920539,reward,6677,835.984004201209,719.506,SF-P3O-NoFisher,Hopper-v4,1
920727,reward,6678,601.8928699721209,684.774,SF-P3O-NoFisher,Hopper-v4,1
920963,reward,6679,817.909219196877,708.683,SF-P3O-NoFisher,Hopper-v4,1
921180,reward,6680,715.9788158071476,701.054,SF-P3O-NoFisher,Hopper-v4,1
921379,reward,6681,667.9125282572556,693.985,SF-P3O-NoFisher,Hopper-v4,1
921636,reward,6682,885.2475439245904,698.401,SF-P3O-NoFisher,Hopper-v4,1
921852,reward,6683,759.4528175911255,709.094,SF-P3O-NoFisher,Hopper-v4,1
922038,reward,6684,642.9217956659269,692.106,SF-P3O-NoFisher,Hopper-v4,1
922294,reward,6685,890.9674447278709,720.138,SF-P3O-NoFisher,Hopper-v4,1
922526,reward,6686,786.1327070324594,760.44,SF-P3O-NoFisher,Hopper-v4,1
922757,reward,6687,779.2245048656866,754.764,SF-P3O-NoFisher,Hopper-v4,1
922977,reward,6688,742.3664580507412,768.811,SF-P3O-NoFisher,Hopper-v4,1
923180,reward,6689,672.6358363466491,754.284,SF-P3O-NoFisher,Hopper-v4,1
923410,reward,6690,782.3581276213419,760.922,SF-P3O-NoFisher,Hopper-v4,1
923660,reward,6691,846.6236008812856,778.793,SF-P3O-NoFisher,Hopper-v4,1
923909,reward,6692,832.7557249558338,773.544,SF-P3O-NoFisher,Hopper-v4,1
924097,reward,6693,620.2763796059046,759.626,SF-P3O-NoFisher,Hopper-v4,1
924322,reward,6694,759.3611111820338,771.27,SF-P3O-NoFisher,Hopper-v4,1
924554,reward,6695,792.9240470507502,761.466,SF-P3O-NoFisher,Hopper-v4,1
924742,reward,6696,605.5005589357461,743.403,SF-P3O-NoFisher,Hopper-v4,1
924930,reward,6697,607.4165045192594,726.222,SF-P3O-NoFisher,Hopper-v4,1
925146,reward,6698,730.0616546502835,724.991,SF-P3O-NoFisher,Hopper-v4,1
925377,reward,6699,777.3701051292913,735.465,SF-P3O-NoFisher,Hopper-v4,1
925610,reward,6700,824.2078797476006,739.65,SF-P3O-NoFisher,Hopper-v4,1
925696,loss,-0.07562857866287231,0.47939935326576233,SF-P3O-NoFisher,Hopper-v4,1
925854,reward,6701,832.0427875914077,738.192,SF-P3O-NoFisher,Hopper-v4,1
926092,reward,6702,813.5232937732276,736.268,SF-P3O-NoFisher,Hopper-v4,1
926281,reward,6703,629.1979360798459,737.161,SF-P3O-NoFisher,Hopper-v4,1
926489,reward,6704,718.0388768858841,733.028,SF-P3O-NoFisher,Hopper-v4,1
926719,reward,6705,792.4497118212868,732.981,SF-P3O-NoFisher,Hopper-v4,1
926957,reward,6706,830.4987648735056,755.481,SF-P3O-NoFisher,Hopper-v4,1
927144,reward,6707,588.0407613586905,753.543,SF-P3O-NoFisher,Hopper-v4,1
927391,reward,6708,854.3974621594427,765.977,SF-P3O-NoFisher,Hopper-v4,1
927605,reward,6709,679.600683545678,756.2,SF-P3O-NoFisher,Hopper-v4,1
927850,reward,6710,844.2516943582181,758.204,SF-P3O-NoFisher,Hopper-v4,1
928196,reward,6711,1194.4244967429913,794.442,SF-P3O-NoFisher,Hopper-v4,1
928401,reward,6712,694.3438936450507,782.524,SF-P3O-NoFisher,Hopper-v4,1
928621,reward,6713,740.7570462812696,793.68,SF-P3O-NoFisher,Hopper-v4,1
928866,reward,6714,857.1317858032787,807.59,SF-P3O-NoFisher,Hopper-v4,1
929093,reward,6715,776.5529540554294,806.0,SF-P3O-NoFisher,Hopper-v4,1
929304,reward,6716,702.4962959400478,793.2,SF-P3O-NoFisher,Hopper-v4,1
929529,reward,6717,763.5831868086937,810.754,SF-P3O-NoFisher,Hopper-v4,1
929748,reward,6718,738.3839914612238,799.153,SF-P3O-NoFisher,Hopper-v4,1
930000,speed,503.12,27.08,SF-P3O-NoFisher,Hopper-v4,1
930001,spectral,0.063943,0.950739,0.9495,SF-P3O-NoFisher,Hopper-v4,1
930023,reward,6719,944.8267254300233,825.675,SF-P3O-NoFisher,Hopper-v4,1
930247,reward,6720,762.0525661171017,817.455,SF-P3O-NoFisher,Hopper-v4,1
930439,reward,6721,630.7781309439205,761.091,SF-P3O-NoFisher,Hopper-v4,1
930647,reward,6722,697.3312867227118,761.389,SF-P3O-NoFisher,Hopper-v4,1
930877,reward,6723,793.5855499277232,766.672,SF-P3O-NoFisher,Hopper-v4,1
931129,reward,6724,883.5424729879439,769.313,SF-P3O-NoFisher,Hopper-v4,1
931374,reward,6725,861.1082061906486,777.769,SF-P3O-NoFisher,Hopper-v4,1
931573,reward,6726,657.1947467775376,773.239,SF-P3O-NoFisher,Hopper-v4,1
931806,reward,6727,786.944279478318,775.575,SF-P3O-NoFisher,Hopper-v4,1
932002,reward,6728,659.4519707998762,767.682,SF-P3O-NoFisher,Hopper-v4,1
932216,reward,6729,725.7451068890376,745.773,SF-P3O-NoFisher,Hopper-v4,1
932431,reward,6730,710.1618593776969,740.584,SF-P3O-NoFisher,Hopper-v4,1
932696,reward,6731,904.971801247799,768.004,SF-P3O-NoFisher,Hopper-v4,1
932918,reward,6732,752.3772269154972,773.508,SF-P3O-NoFisher,Hopper-v4,1
933098,reward,6733,609.9296961899064,755.143,SF-P3O-NoFisher,Hopper-v4,1
933324,reward,6734,777.542610459744,744.543,SF-P3O-NoFisher,Hopper-v4,1
933510,reward,6735,597.8209760983993,718.214,SF-P3O-NoFisher,Hopper-v4,1
933741,reward,6736,788.9529368490549,731.39,SF-P3O-NoFisher,Hopper-v4,1
933888,loss,-0.0009612161666154861,0.36761146783828735,SF-P3O-NoFisher,Hopper-v4,1
933888,diagnostics,0.0,67.16,37.988,0.063989,0.951083,0.9509,-1.0,SF-P3O-NoFisher,Hopper-v4,1
933950,reward,6737,677.5738729016147,720.453,SF-P3O-NoFisher,Hopper-v4,1
934176,reward,6738,773.8372333697408,731.891,SF-P3O-NoFisher,Hopper-v4,1
934390,reward,6739,708.2071218371345,730.138,SF-P3O-NoFisher,Hopper-v4,1
934584,reward,6740,622.7841806515822,721.4,SF-P3O-NoFisher,Hopper-v4,1
934802,reward,6741,732.6263343084263,704.165,SF-P3O-NoFisher,Hopper-v4,1
935023,reward,6742,744.4684118728491,703.374,SF-P3O-NoFisher,Hopper-v4,1
935297,reward,6743,941.4885114726314,736.53,SF-P3O-NoFisher,Hopper-v4,1
935518,reward,6744,742.9719081476084,733.073,SF-P3O-NoFisher,Hopper-v4,1
935769,reward,6745,865.4004661177735,759.831,SF-P3O-NoFisher,Hopper-v4,1
935998,reward,6746,788.9280077286078,759.829,SF-P3O-NoFisher,Hopper-v4,1
936229,reward,6747,798.1898508580381,771.89,SF-P3O-NoFisher,Hopper-v4,1
936454,reward,6748,776.0988080294322,772.116,SF-P3O-NoFisher,Hopper-v4,1
936643,reward,6749,611.4386104547947,762.44,SF-P3O-NoFisher,Hopper-v4,1
936859,reward,6750,725.5752425880945,772.719,SF-P3O-NoFisher,Hopper-v4,1
937093,reward,6751,793.457223763534,778.802,SF-P3O-NoFisher,Hopper-v4,1
937321,reward,6752,777.5685116111033,782.112,SF-P3O-NoFisher,Hopper-v4,1
937489,reward,6753,550.6782148530701,743.031,SF-P3O-NoFisher,Hopper-v4,1
937713,reward,6754,778.3951914097828,746.573,SF-P3O-NoFisher,Hopper-v4,1
937930,reward,6755,732.6056113448087,733.294,SF-P3O-NoFisher,Hopper-v4,1
938177,reward,6756,870.3750907258099,741.438,SF-P3O-NoFisher,Hopper-v4,1
938370,reward,6757,634.1588305050716,725.035,SF-P3O-NoFisher,Hopper-v4,1
938585,reward,6758,704.6398303293944,717.889,SF-P3O-NoFisher,Hopper-v4,1
938798,reward,6759,731.4454171668207,729.89,SF-P3O-NoFisher,Hopper-v4,1
939030,reward,6760,806.7146768189309,738.004,SF-P3O-NoFisher,Hopper-v4,1
939257,reward,6761,778.150626501612,736.473,SF-P3O-NoFisher,Hopper-v4,1
939521,reward,6762,884.4278087952647,747.159,SF-P3O-NoFisher,Hopper-v4,1
939736,reward,6763,732.3999132862461,765.331,SF-P3O-NoFisher,Hopper-v4,1
939958,reward,6764,766.2302624774945,764.115,SF-P3O-NoFisher,Hopper-v4,1
940000,speed,501.21,27.41,SF-P3O-NoFisher,Hopper-v4,1
940001,spectral,0.063989,0.951083,0.9509,SF-P3O-NoFisher,Hopper-v4,1
940228,reward,6765,923.1331552383739,783.168,SF-P3O-NoFisher,Hopper-v4,1
940430,reward,6766,652.5923793775274,761.389,SF-P3O-NoFisher,Hopper-v4,1
940646,reward,6767,706.6982680874091,768.643,SF-P3O-NoFisher,Hopper-v4,1
940883,reward,6768,833.0022095149857,781.479,SF-P3O-NoFisher,Hopper-v4,1
941132,reward,6769,867.461810173165,795.081,SF-P3O-NoFisher,Hopper-v4,1
941380,reward,6770,860.2236571484927,800.432,SF-P3O-NoFisher,Hopper-v4,1
941605,reward,6771,760.310369770921,798.648,SF-P3O-NoFisher,Hopper-v4,1
941824,reward,6772,721.6044405174417,782.366,SF-P3O-NoFisher,Hopper-v4,1
942023,reward,6773,652.0722356029253,774.333,SF-P3O-NoFisher,Hopper-v4,1
942080,loss,-0.004518630914390087,0.5246330499649048,SF-P3O-NoFisher,Hopper-v4,1
942235,reward,6774,709.3135652728497,768.641,SF-P3O-NoFisher,Hopper-v4,1
942462,reward,6775,778.1676403262256,754.145,SF-P3O-NoFisher,Hopper-v4,1
942691,reward,6776,801.5666298086743,769.042,SF-P3O-NoFisher,Hopper-v4,1
942926,reward,6777,810.2190002864983,779.394,SF-P3O-NoFisher,Hopper-v4,1
943135,reward,6778,667.3187218990856,762.826,SF-P3O-NoFisher,Hopper-v4,1
943354,reward,6779,764.0319208024733,752.483,SF-P3O-NoFisher,Hopper-v4,1
943553,reward,6780,680.3317984507802,734.494,SF-P3O-NoFisher,Hopper-v4,1
943758,reward,6781,703.4380029712679,728.806,SF-P3O-NoFisher,Hopper-v4,1
943947,reward,6782,632.7018167320463,719.916,SF-P3O-NoFisher,Hopper-v4,1
944130,reward,6783,611.7259552870905,715.882,SF-P3O-NoFisher,Hopper-v4,1
944342,reward,6784,721.5864045035521,717.109,SF-P3O-NoFisher,Hopper-v4,1
944568,reward,6785,782.9083240102036,717.583,SF-P3O-NoFisher,Hopper-v4,1
944789,reward,6786,749.531207336277,712.379,SF-P3O-NoFisher,Hopper-v4,1
945014,reward,6787,767.8730406794576,708.145,SF-P3O-NoFisher,Hopper-v4,1
945191,reward,6788,588.3851528959048,700.251,SF-P3O-NoFisher,Hopper-v4,1
945418,reward,6789,788.1003925784707,702.658,SF-P3O-NoFisher,Hopper-v4,1
945616,reward,6790,665.4440589683581,701.169,SF-P3O-NoFisher,Hopper-v4,1
945838,reward,6791,751.8954157921311,706.015,SF-P3O-NoFisher,Hopper-v4,1
946044,reward,6792,702.1611507094256,712.961,SF-P3O-NoFisher,Hopper-v4,1
946253,reward,6793,683.1407677425892,720.103,SF-P3O-NoFisher,Hopper-v4,1
946481,reward,6794,803.972964393753,728.341,SF-P3O-NoFisher,Hopper-v4,1
946683,reward,6795,680.1584636013908,718.066,SF-P3O-NoFisher,Hopper-v4,1
946910,reward,6796,769.3354056550401,720.047,SF-P3O-NoFisher,Hopper-v4,1
947155,reward,6797,861.5289472181105,729.412,SF-P3O-NoFisher,Hopper-v4,1
947383,reward,6798,769.2779908597172,747.502,SF-P3O-NoFisher,Hopper-v4,1
947578,reward,6799,676.0443798181597,736.296,SF-P3O-NoFisher,Hopper-v4,1
947780,reward,6800,677.7026848884591,737.522,SF-P3O-NoFisher,Hopper-v4,1
948017,reward,6801,824.57508264668,744.79,SF-P3O-NoFisher,Hopper-v4,1
948222,reward,6802,660.1701697641585,740.591,SF-P3O-NoFisher,Hopper-v4,1
948440,reward,6803,737.7637611973954,746.053,SF-P3O-NoFisher,Hopper-v4,1
948677,reward,6804,824.9325056638384,748.149,SF-P3O-NoFisher,Hopper-v4,1
948882,reward,6805,676.8041046721402,747.814,SF-P3O-NoFisher,Hopper-v4,1
949091,reward,6806,700.428862303558,740.923,SF-P3O-NoFisher,Hopper-v4,1
949304,reward,6807,697.5063351196768,724.521,SF-P3O-NoFisher,Hopper-v4,1
949530,reward,6808,791.8680934721159,726.78,SF-P3O-NoFisher,Hopper-v4,1
949779,reward,6809,858.4684778458195,745.022,SF-P3O-NoFisher,Hopper-v4,1
949993,reward,6810,717.4780975121414,749.0,SF-P3O-NoFisher,Hopper-v4,1
950000,speed,503.8,27.74,SF-P3O-NoFisher,Hopper-v4,1
950001,spectral,0.064379,0.950679,0.9606,SF-P3O-NoFisher,Hopper-v4,1
950194,reward,6811,678.1756165733195,734.36,SF-P3O-NoFisher,Hopper-v4,1
950272,loss,0.030347732827067375,2.1286919116973877,SF-P3O-NoFisher,Hopper-v4,1
950272,diagnostics,0.0,67.32,48.4829,0.0646,0.950823,0.9614,-1.0,SF-P3O-NoFisher,Hopper-v4,1
950422,reward,6812,791.6866930605836,747.511,SF-P3O-NoFisher,Hopper-v4,1
950639,reward,6813,753.3515512253314,749.07,SF-P3O-NoFisher,Hopper-v4,1
950838,reward,6814,649.4251126497702,731.519,SF-P3O-NoFisher,Hopper-v4,1
951058,reward,6815,762.0679484894049,740.046,SF-P3O-NoFisher,Hopper-v4,1
951304,reward,6816,869.3909374656823,756.942,SF-P3O-NoFisher,Hopper-v4,1
951504,reward,6817,666.052348547434,753.796,SF-P3O-NoFisher,Hopper-v4,1
951704,reward,6818,673.3459235818547,741.944,SF-P3O-NoFisher,Hopper-v4,1
951903,reward,6819,682.8145191616825,724.379,SF-P3O-NoFisher,Hopper-v4,1
952157,reward,6820,880.2062493560312,740.652,SF-P3O-NoFisher,Hopper-v4,1
952361,reward,6821,690.16184377618,741.85,SF-P3O-NoFisher,Hopper-v4,1
952609,reward,6822,876.1385395432892,750.295,SF-P3O-NoFisher,Hopper-v4,1
952806,reward,6823,639.0120405466556,738.862,SF-P3O-NoFisher,Hopper-v4,1
952976,reward,6824,581.688833058772,732.088,SF-P3O-NoFisher,Hopper-v4,1
953185,reward,6825,697.1529566005856,725.596,SF-P3O-NoFisher,Hopper-v4,1
953409,reward,6826,749.7200939038697,713.629,SF-P3O-NoFisher,Hopper-v4,1
953686,reward,6827,973.6592303902332,744.39,SF-P3O-NoFisher,Hopper-v4,1
953888,reward,6828,664.2607701170051,743.482,SF-P3O-NoFisher,Hopper-v4,1
954124,reward,6829,829.9341739304441,758.193,SF-P3O-NoFisher,Hopper-v4,1
954356,reward,6830,804.3619062125946,750.609,SF-P3O-NoFisher,Hopper-v4,1
954581,reward,6831,771.8227681829588,758.775,SF-P3O-NoFisher,Hopper-v4,1
954820,reward,6832,838.1070569470626,754.972,SF-P3O-NoFisher,Hopper-v4,1
955076,reward,6833,896.2309565656534,780.694,SF-P3O-NoFisher,Hopper-v4,1
955261,reward,6834,620.5156550371606,784.577,SF-P3O-NoFisher,Hopper-v4,1
955479,reward,6835,731.303890627411,787.992,SF-P3O-NoFisher,Hopper-v4,1
955733,reward,6836,896.1688825683894,802.637,SF-P3O-NoFisher,Hopper-v4,1
955977,reward,6837,864.3395056885236,791.705,SF-P3O-NoFisher,Hopper-v4,1
956244,reward,6838,940.6614444974613,819.345,SF-P3O-NoFisher,Hopper-v4,1
956436,reward,6839,625.7240932167055,798.924,SF-P3O-NoFisher,Hopper-v4,1
956645,reward,6840,699.7846537711259,788.466,SF-P3O-NoFisher,Hopper-v4,1
956853,reward,6841,699.525363254595,781.236,SF-P3O-NoFisher,Hopper-v4,1
957080,reward,6842,779.503463816039,775.376,SF-P3O-NoFisher,Hopper-v4,1
957334,reward,6843,894.0204438458446,775.155,SF-P3O-NoFisher,Hopper-v4,1
957530,reward,6844,642.690354739378,777.372,SF-P3O-NoFisher,Hopper-v4,1
957736,reward,6845,689.1874970005276,773.161,SF-P3O-NoFisher,Hopper-v4,1
957964,reward,6846,789.8126442746886,762.525,SF-P3O-NoFisher,Hopper-v4,1
958188,reward,6847,765.5722744238489,752.648,SF-P3O-NoFisher,Hopper-v4,1
958395,reward,6848,682.5034577256274,726.832,SF-P3O-NoFisher,Hopper-v4,1
958464,loss,0.0004869084805250168,0.4642765522003174,SF-P3O-NoFisher,Hopper-v4,1
958600,reward,6849,678.7077147856444,732.131,SF-P3O-NoFisher,Hopper-v4,1
958856,reward,6850,891.852405878023,751.338,SF-P3O-NoFisher,Hopper-v4,1
959073,reward,6851,706.6735943941115,752.052,SF-P3O-NoFisher,Hopper-v4,1
959300,reward,6852,769.8067198653337,751.083,SF-P3O-NoFisher,Hopper-v4,1
959526,reward,6853,744.2500380144844,736.106,SF-P3O-NoFisher,Hopper-v4,1
959758,reward,6854,813.2156270642487,753.158,SF-P3O-NoFisher,Hopper-v4,1
959990,reward,6855,799.9970877600639,764.239,SF-P3O-NoFisher,Hopper-v4,1
960000,speed,342.02,28.23,SF-P3O-NoFisher,Hopper-v4,1
960001,spectral,0.064888,0.950875,0.9534,SF-P3O-NoFisher,Hopper-v4,1
960213,reward,6856,747.0584782325662,759.964,SF-P3O-NoFisher,Hopper-v4,1
960429,reward,6857,706.3723862971225,754.044,SF-P3O-NoFisher,Hopper-v4,1
960646,reward,6858,686.3571071128819,754.429,SF-P3O-NoFisher,Hopper-v4,1
960909,reward,6859,915.7214326994307,778.13,SF-P3O-NoFisher,Hopper-v4,1
961137,reward,6860,747.9514693209564,763.74,SF-P3O-NoFisher,Hopper-v4,1
961382,reward,6861,808.1923860186815,773.892,SF-P3O-NoFisher,Hopper-v4,1
961619,reward,6862,822.9522374679848,779.207,SF-P3O-NoFisher,Hopper-v4,1
961835,reward,6863,716.7188725180289,776.454,SF-P3O-NoFisher,Hopper-v4,1
962065,reward,6864,778.6902211728939,773.001,SF-P3O-NoFisher,Hopper-v4,1
962306,reward,6865,832.1726811161062,776.219,SF-P3O-NoFisher,Hopper-v4,1
962559,reward,6866,884.3788052741936,789.951,SF-P3O-NoFisher,Hopper-v4,1
962825,reward,6867,887.5047464608716,808.064,SF-P3O-NoFisher,Hopper-v4,1
963064,reward,6868,803.5562166907296,819.784,SF-P3O-NoFisher,Hopper-v4,1
963303,reward,6869,851.5003213555127,813.362,SF-P3O-NoFisher,Hopper-v4,1
963535,reward,6870,771.24216346609,815.691,SF-P3O-NoFisher,Hopper-v4,1
963768,reward,6871,784.0743582210679,813.279,SF-P3O-NoFisher,Hopper-v4,1
964007,reward,6872,830.4357680311048,814.027,SF-P3O-NoFisher,Hopper-v4,1
964224,reward,6873,691.5558810736962,811.511,SF-P3O-NoFisher,Hopper-v4,1
964438,reward,6874,687.7520060323975,802.417,SF-P3O-NoFisher,Hopper-v4,1
964675,reward,6875,796.0585305310976,798.806,SF-P3O-NoFisher,Hopper-v4,1
964953,reward,6876,956.6124148065545,806.029,SF-P3O-NoFisher,Hopper-v4,1
965203,reward,6877,862.2274847517028,803.502,SF-P3O-NoFisher,Hopper-v4,1
965467,reward,6878,936.6078420860142,816.807,SF-P3O-NoFisher,Hopper-v4,1
965761,reward,6879,1015.6762440043832,833.224,SF-P3O-NoFisher,Hopper-v4,1
966113,reward,6880,1239.5943110543515,880.059,SF-P3O-NoFisher,Hopper-v4,1
966329,reward,6881,707.3269292144295,872.385,SF-P3O-NoFisher,Hopper-v4,1
966553,reward,6882,754.4230235295174,864.783,SF-P3O-NoFisher,Hopper-v4,1
966656,loss,0.04688091203570366,0.6597509980201721,SF-P3O-NoFisher,Hopper-v4,1
966656,diagnostics,0.0,67.48,65.9847,0.065264,0.950666,0.9461,-1.0,SF-P3O-NoFisher,Hopper-v4,1
966810,reward,6883,874.1186272667967,883.04,SF-P3O-NoFisher,Hopper-v4,1
967045,reward,6884,813.9037880587975,895.655,SF-P3O-NoFisher,Hopper-v4,1
967275,reward,6885,778.4475770346245,893.894,SF-P3O-NoFisher,Hopper-v4,1
967462,reward,6886,633.6579939078629,861.598,SF-P3O-NoFisher,Hopper-v4,1
967688,reward,6887,761.2386949641575,851.5,SF-P3O-NoFisher,Hopper-v4,1
967917,reward,6888,793.7266817481078,837.211,SF-P3O-NoFisher,Hopper-v4,1
968159,reward,6889,816.9687612440215,817.341,SF-P3O-NoFisher,Hopper-v4,1
968386,reward,6890,765.7553571139871,769.957,SF-P3O-NoFisher,Hopper-v4,1
968616,reward,6891,764.3795818925845,775.662,SF-P3O-NoFisher,Hopper-v4,1
968857,reward,6892,845.6732576065755,784.787,SF-P3O-NoFisher,Hopper-v4,1
969115,reward,6893,891.4394965967709,786.519,SF-P3O-NoFisher,Hopper-v4,1
969347,reward,6894,794.7069840926979,784.599,SF-P3O-NoFisher,Hopper-v4,1
969565,reward,6895,723.3222899100244,779.087,SF-P3O-NoFisher,Hopper-v4,1
969801,reward,6896,802.3768728877167,795.959,SF-P3O-NoFisher,Hopper-v4,1
970000,speed,499.51,28.56,SF-P3O-NoFisher,Hopper-v4,1
970001,spectral,0.065264,0.950666,0.9461,SF-P3O-NoFisher,Hopper-v4,1
970041,reward,6897,844.9555867165682,804.33,SF-P3O-NoFisher,Hopper-v4,1
970250,reward,6898,695.0535658434217,794.463,SF-P3O-NoFisher,Hopper-v4,1
970479,reward,6899,788.5940575431973,791.626,SF-P3O-NoFisher,Hopper-v4,1
970711,reward,6900,783.1220069428551,793.362,SF-P3O-NoFisher,Hopper-v4,1
970934,reward,6901,753.917501574273,792.316,SF-P3O-NoFisher,Hopper-v4,1
971165,reward,6902,771.9133007823989,784.94,SF-P3O-NoFisher,Hopper-v4,1
971374,reward,6903,713.6669177127299,767.163,SF-P3O-NoFisher,Hopper-v4,1
971623,reward,6904,877.3887539122786,775.431,SF-P3O-NoFisher,Hopper-v4,1
971837,reward,6905,700.2584357424587,773.125,SF-P3O-NoFisher,Hopper-v4,1
972061,reward,6906,751.7435199511912,768.061,SF-P3O-NoFisher,Hopper-v4,1
972325,reward,6907,929.1508005481408,776.481,SF-P3O-NoFisher,Hopper-v4,1
972567,reward,6908,833.319045579577,790.307,SF-P3O-NoFisher,Hopper-v4,1
972817,reward,6909,869.0044865668909,798.348,SF-P3O-NoFisher,Hopper-v4,1
973036,reward,6910,741.3404741161447,794.17,SF-P3O-NoFisher,Hopper-v4,1
973298,reward,6911,921.7040058302834,810.949,SF-P3O-NoFisher,Hopper-v4,1
973511,reward,6912,685.1047232180949,802.268,SF-P3O-NoFisher,Hopper-v4,1
973773,reward,6913,907.2513683099858,821.627,SF-P3O-NoFisher,Hopper-v4,1
974012,reward,6914,811.8238416496657,815.07,SF-P3O-NoFisher,Hopper-v4,1
974227,reward,6915,703.8002838025782,815.424,SF-P3O-NoFisher,Hopper-v4,1
974468,reward,6916,841.0676391299296,824.357,SF-P3O-NoFisher,Hopper-v4,1
974745,reward,6917,943.4621934112072,825.788,SF-P3O-NoFisher,Hopper-v4,1
974848,loss,0.006497327238321304,0.5528092384338379,SF-P3O-NoFisher,Hopper-v4,1
974943,reward,6918,651.5497342385034,807.611,SF-P3O-NoFisher,Hopper-v4,1
975164,reward,6919,750.4252086683393,795.753,SF-P3O-NoFisher,Hopper-v4,1
975412,reward,6920,857.52832009708,807.372,SF-P3O-NoFisher,Hopper-v4,1
975679,reward,6921,905.83488335746,805.785,SF-P3O-NoFisher,Hopper-v4,1
975915,reward,6922,817.7747934503499,819.052,SF-P3O-NoFisher,Hopper-v4,1
976192,reward,6923,960.0744056242321,824.334,SF-P3O-NoFisher,Hopper-v4,1
976456,reward,6924,897.8048705007012,832.932,SF-P3O-NoFisher,Hopper-v4,1
976655,reward,6925,657.8638986087884,828.339,SF-P3O-NoFisher,Hopper-v4,1
976888,reward,6926,777.5170116060036,821.984,SF-P3O-NoFisher,Hopper-v4,1
977094,reward,6927,705.0405633382652,798.141,SF-P3O-NoFisher,Hopper-v4,1
977339,reward,6928,832.8595867040573,816.272,SF-P3O-NoFisher,Hopper-v4,1
977591,reward,6929,842.0647987483461,825.436,SF-P3O-NoFisher,Hopper-v4,1
977853,reward,6930,897.1062525142423,829.394,SF-P3O-NoFisher,Hopper-v4,1
978072,reward,6931,710.757511419904,809.886,SF-P3O-NoFisher,Hopper-v4,1
978295,reward,6932,765.6348830803036,804.672,SF-P3O-NoFisher,Hopper-v4,1
978605,reward,6933,1059.2778329382802,814.593,SF-P3O-NoFisher,Hopper-v4,1
978852,reward,6934,862.6384072764383,811.076,SF-P3O-NoFisher,Hopper-v4,1
979031,reward,6935,612.5008719911473,806.54,SF-P3O-NoFisher,Hopper-v4,1
979273,reward,6936,835.9580476798259,812.384,SF-P3O-NoFisher,Hopper-v4,1
979495,reward,6937,737.4367832132114,815.623,SF-P3O-NoFisher,Hopper-v4,1
979716,reward,6938,740.7249750031465,806.41,SF-P3O-NoFisher,Hopper-v4,1
979950,reward,6939,805.978883247524,802.801,SF-P3O-NoFisher,Hopper-v4,1
980000,speed,510.2,28.89,SF-P3O-NoFisher,Hopper-v4,1
980001,perturb,0.065479,0.950799,0.9471,-1,-1,0.02,8,SF-P3O-NoFisher,Hopper-v4,1
980184,reward,6940,799.9043611046937,793.081,SF-P3O-NoFisher,Hopper-v4,1
980445,reward,6941,902.2200000855875,812.228,SF-P3O-NoFisher,Hopper-v4,1
980671,reward,6942,766.9114601936188,812.355,SF-P3O-NoFisher,Hopper-v4,1
980905,reward,6943,819.3439799828719,788.362,SF-P3O-NoFisher,Hopper-v4,1
981178,reward,6944,914.1894281660293,793.517,SF-P3O-NoFisher,Hopper-v4,1
981419,reward,6945,836.5035748261512,815.917,SF-P3O-NoFisher,Hopper-v4,1
981686,reward,6946,928.9601823990566,825.217,SF-P3O-NoFisher,Hopper-v4,1
982022,reward,6947,1146.718293487031,866.146,SF-P3O-NoFisher,Hopper-v4,1
982248,reward,6948,754.4283398654,867.516,SF-P3O-NoFisher,Hopper-v4,1
982545,reward,6949,1027.1560268316546,889.634,SF-P3O-NoFisher,Hopper-v4,1
982768,reward,6950,726.0803309660276,882.251,SF-P3O-NoFisher,Hopper-v4,1
983015,reward,6951,863.9933451827065,878.428,SF-P3O-NoFisher,Hopper-v4,1
983040,loss,-0.14126726984977722,0.5852289199829102,SF-P3O-NoFisher,Hopper-v4,1
983040,diagnostics,0.0,68.07,39.5881,0.064202,0.951152,0.9442,-1.0,SF-P3O-NoFisher,Hopper-v4,1
983229,reward,6952,694.9561984230583,871.233,SF-P3O-NoFisher,Hopper-v4,1
983420,reward,6953,639.6142652063261,853.26,SF-P3O-NoFisher,Hopper-v4,1
983617,reward,6954,661.3567499980373,827.977,SF-P3O-NoFisher,Hopper-v4,1
983804,reward,6955,641.4219224609376,808.469,SF-P3O-NoFisher,Hopper-v4,1
984025,reward,6956,745.5459921030957,790.127,SF-P3O-NoFisher,Hopper-v4,1
984245,reward,6957,760.1407396394866,751.469,SF-P3O-NoFisher,Hopper-v4,1
984472,reward,6958,774.5289556543554,753.479,SF-P3O-NoFisher,Hopper-v4,1
984701,reward,6959,809.6169808391543,731.726,SF-P3O-NoFisher,Hopper-v4,1
984918,reward,6960,738.3505280240333,732.953,SF-P3O-NoFisher,Hopper-v4,1
985130,reward,6961,671.1444745198149,713.668,SF-P3O-NoFisher,Hopper-v4,1
985392,reward,6962,911.9876991716258,735.371,SF-P3O-NoFisher,Hopper-v4,1
985618,reward,6963,768.3185399075617,748.241,SF-P3O-NoFisher,Hopper-v4,1
985880,reward,6964,919.5474049368622,774.06,SF-P3O-NoFisher,Hopper-v4,1
986094,reward,6965,720.9094098516443,782.009,SF-P3O-NoFisher,Hopper-v4,1
986311,reward,6966,725.604772580213,780.015,SF-P3O-NoFisher,Hopper-v4,1
986548,reward,6967,796.5312667238626,783.654,SF-P3O-NoFisher,Hopper-v4,1
986768,reward,6968,740.1640381281736,780.218,SF-P3O-NoFisher,Hopper-v4,1
987026,reward,6969,897.456243508661,789.001,SF-P3O-NoFisher,Hopper-v4,1
987292,reward,6970,934.5558117818387,808.622,SF-P3O-NoFisher,Hopper-v4,1
987503,reward,6971,711.8849760952384,812.696,SF-P3O-NoFisher,Hopper-v4,1
987736,reward,6972,800.7858110664849,801.576,SF-P3O-NoFisher,Hopper-v4,1
987951,reward,6973,693.3512198084202,794.079,SF-P3O-NoFisher,Hopper-v4,1
988195,reward,6974,856.5189447550033,787.776,SF-P3O-NoFisher,Hopper-v4,1
988444,reward,6975,879.0830288236451,803.594,SF-P3O-NoFisher,Hopper-v4,1
988668,reward,6976,761.1366346171084,807.147,SF-P3O-NoFisher,Hopper-v4,1
988897,reward,6977,766.8687353753311,804.181,SF-P3O-NoFisher,Hopper-v4,1
989133,reward,6978,822.3120242687311,812.395,SF-P3O-NoFisher,Hopper-v4,1
989360,reward,6979,774.317740546493,800.081,SF-P3O-NoFisher,Hopper-v4,1
989602,reward,6980,842.8661063376496,790.913,SF-P3O-NoFisher,Hopper-v4,1
989831,reward,6981,787.9921326672264,798.523,SF-P3O-NoFisher,Hopper-v4,1
990000,speed,515.73,29.21,SF-P3O-NoFisher,Hopper-v4,1
990001,spectral,0.064202,0.951152,0.9442,SF-P3O-NoFisher,Hopper-v4,1
990058,reward,6982,746.7743265446777,793.122,SF-P3O-NoFisher,Hopper-v4,1
990272,reward,6983,719.5383728329335,795.741,SF-P3O-NoFisher,Hopper-v4,1
990554,reward,6984,978.834425326412,807.972,SF-P3O-NoFisher,Hopper-v4,1
990769,reward,6985,708.025435922922,790.867,SF-P3O-NoFisher,Hopper-v4,1
990982,reward,6986,690.3334624775916,783.786,SF-P3O-NoFisher,Hopper-v4,1
991219,reward,6987,812.5129951197649,788.351,SF-P3O-NoFisher,Hopper-v4,1
991232,loss,-0.03932953253388405,0.41591596603393555,SF-P3O-NoFisher,Hopper-v4,1
991402,reward,6988,359.70213426908884,742.09,SF-P3O-NoFisher,Hopper-v4,1
991656,reward,6989,621.017667071473,726.76,SF-P3O-NoFisher,Hopper-v4,1
991831,reward,6990,317.91061627704033,674.264,SF-P3O-NoFisher,Hopper-v4,1
992270,reward,6991,1322.4130005446373,727.706,SF-P3O-NoFisher,Hopper-v4,1
992364,reward,6992,122.29137800998593,665.258,SF-P3O-NoFisher,Hopper-v4,1
992530,reward,6993,328.1957422030314,626.124,SF-P3O-NoFisher,Hopper-v4,1
992848,reward,6994,1011.8641768306585,629.427,SF-P3O-NoFisher,Hopper-v4,1
992941,reward,6995,128.18515633892991,571.443,SF-P3O-NoFisher,Hopper-v4,1
993113,reward,6996,340.2898933534759,536.438,SF-P3O-NoFisher,Hopper-v4,1
993366,reward,6997,606.0398883588913,515.791,SF-P3O-NoFisher,Hopper-v4,1
993534,reward,6998,340.1722137458538,513.838,SF-P3O-NoFisher,Hopper-v4,1
993780,reward,6999,716.7689726269446,523.413,SF-P3O-NoFisher,Hopper-v4,1
993877,reward,7000,127.583627763964,504.38,SF-P3O-NoFisher,Hopper-v4,1
994048,reward,7001,342.0394627988967,406.343,SF-P3O-NoFisher,Hopper-v4,1
994212,reward,7002,301.8413860132061,424.298,SF-P3O-NoFisher,Hopper-v4,1
994314,reward,7003,140.15155376189693,405.494,SF-P3O-NoFisher,Hopper-v4,1
994495,reward,7004,378.3076406796903,342.138,SF-P3O-NoFisher,Hopper-v4,1
994779,reward,7005,839.0602943619882,413.225,SF-P3O-NoFisher,Hopper-v4,1
995028,reward,7006,741.7931054174993,453.376,SF-P3O-NoFisher,Hopper-v4,1
995287,reward,7007,636.4068579616544,456.413,SF-P3O-NoFisher,Hopper-v4,1
995384,reward,7008,140.0195177664083,436.397,SF-P3O-NoFisher,Hopper-v4,1
995644,reward,7009,744.1461621338866,439.135,SF-P3O-NoFisher,Hopper-v4,1
995888,reward,7010,735.1997504934866,499.897,SF-P3O-NoFisher,Hopper-v4,1
996063,reward,7011,337.1916202417108,499.412,SF-P3O-NoFisher,Hopper-v4,1
996150,reward,7012,113.93731166287664,480.621,SF-P3O-NoFisher,Hopper-v4,1
996327,reward,7013,331.10919938114756,499.717,SF-P3O-NoFisher,Hopper-v4,1
996666,reward,7014,1043.2178440494677,566.208,SF-P3O-NoFisher,Hopper-v4,1
996924,reward,7015,637.7346411237118,546.076,SF-P3O-NoFisher,Hopper-v4,1
997009,reward,7016,121.49936692078273,484.046,SF-P3O-NoFisher,Hopper-v4,1
997265,reward,7017,777.4635935075585,498.152,SF-P3O-NoFisher,Hopper-v4,1
997433,reward,7018,284.0266552920768,512.553,SF-P3O-NoFisher,Hopper-v4,1
997693,reward,7019,635.7811649014778,501.716,SF-P3O-NoFisher,Hopper-v4,1
997854,reward,7020,299.27939354032327,458.124,SF-P3O-NoFisher,Hopper-v4,1
998072,reward,7021,481.9495800583299,472.6,SF-P3O-NoFisher,Hopper-v4,1
998247,reward,7022,356.69513697225614,496.876,SF-P3O-NoFisher,Hopper-v4,1
998415,reward,7023,342.6454198623566,498.029,SF-P3O-NoFisher,Hopper-v4,1
998505,reward,7024,124.43848539958626,406.151,SF-P3O-NoFisher,Hopper-v4,1
998668,reward,7025,319.1331952544551,374.291,SF-P3O-NoFisher,Hopper-v4,1
998931,reward,7026,628.9466200058192,425.036,SF-P3O-NoFisher,Hopper-v4,1
999111,reward,7027,386.7336591096864,385.963,SF-P3O-NoFisher,Hopper-v4,1
999207,reward,7028,130.65228375132213,370.625,SF-P3O-NoFisher,Hopper-v4,1
999374,reward,7029,550.7362376957647,362.121,SF-P3O-NoFisher,Hopper-v4,1
999424,loss,-0.08780249953269958,0.2217322140932083,SF-P3O-NoFisher,Hopper-v4,1
999424,diagnostics,0.0,68.2,28.2328,0.065088,0.951452,0.906,-1.0,SF-P3O-NoFisher,Hopper-v4,1
999659,reward,7030,882.7426488237908,420.467,SF-P3O-NoFisher,Hopper-v4,1
999886,reward,7031,769.0349143607816,449.176,SF-P3O-NoFisher,Hopper-v4,1
1000000,speed,348.56,29.69,SF-P3O-NoFisher,Hopper-v4,1
