step,tag
24,reward,1,6.048036260805883,6.048,SF-P3O,Walker2d-v4,4
39,reward,2,-0.13184201103366022,2.958,SF-P3O,Walker2d-v4,4
51,reward,3,-6.637871331605438,-0.241,SF-P3O,Walker2d-v4,4
83,reward,4,13.560285876396248,3.21,SF-P3O,Walker2d-v4,4
95,reward,5,-1.6577908358161244,2.236,SF-P3O,Walker2d-v4,4
107,reward,6,-1.1396325853142537,1.674,SF-P3O,Walker2d-v4,4
132,reward,7,9.33135122729284,2.768,SF-P3O,Walker2d-v4,4
147,reward,8,-2.601223861627017,2.096,SF-P3O,Walker2d-v4,4
161,reward,9,-4.5486721085354676,1.358,SF-P3O,Walker2d-v4,4
178,reward,10,6.802835451210062,1.903,SF-P3O,Walker2d-v4,4
188,reward,11,-1.0822970233512905,1.19,SF-P3O,Walker2d-v4,4
196,reward,12,-3.1470176481157286,0.888,SF-P3O,Walker2d-v4,4
213,reward,13,4.703842181351027,2.022,SF-P3O,Walker2d-v4,4
224,reward,14,-1.581762168242771,0.508,SF-P3O,Walker2d-v4,4
240,reward,15,-0.4748434999138099,0.626,SF-P3O,Walker2d-v4,4
250,reward,16,-0.615715913092397,0.679,SF-P3O,Walker2d-v4,4
261,reward,17,-2.7370719750041497,-0.528,SF-P3O,Walker2d-v4,4
270,reward,18,-2.5307805865687385,-0.521,SF-P3O,Walker2d-v4,4
280,reward,19,1.5086671217809489,0.085,SF-P3O,Walker2d-v4,4
294,reward,20,2.8995512528131524,-0.306,SF-P3O,Walker2d-v4,4
306,reward,21,1.5113613739192866,-0.046,SF-P3O,Walker2d-v4,4
323,reward,22,-1.0261875325137926,0.166,SF-P3O,Walker2d-v4,4
339,reward,23,1.7719344179740402,-0.127,SF-P3O,Walker2d-v4,4
357,reward,24,-8.474265214205731,-0.817,SF-P3O,Walker2d-v4,4
370,reward,25,-1.2458373102694131,-0.894,SF-P3O,Walker2d-v4,4
387,reward,26,4.452353075526768,-0.387,SF-P3O,Walker2d-v4,4
407,reward,27,4.655786475156899,0.352,SF-P3O,Walker2d-v4,4
420,reward,28,-0.26246030771894835,0.579,SF-P3O,Walker2d-v4,4
434,reward,29,0.9867815408087782,0.527,SF-P3O,Walker2d-v4,4
443,reward,30,-1.8268241349526524,0.054,SF-P3O,Walker2d-v4,4
455,reward,31,-1.1696801434655095,-0.214,SF-P3O,Walker2d-v4,4
474,reward,32,6.145312785242865,0.503,SF-P3O,Walker2d-v4,4
489,reward,33,-5.731513145161967,-0.247,SF-P3O,Walker2d-v4,4
504,reward,34,-1.829999346610343,0.417,SF-P3O,Walker2d-v4,4
519,reward,35,3.6367277973003684,0.906,SF-P3O,Walker2d-v4,4
527,reward,36,-5.897035532262461,-0.129,SF-P3O,Walker2d-v4,4
555,reward,37,1.0477848163336063,-0.49,SF-P3O,Walker2d-v4,4
576,reward,38,-1.8946168255630516,-0.653,SF-P3O,Walker2d-v4,4
592,reward,39,-0.5120609011933075,-0.803,SF-P3O,Walker2d-v4,4
601,reward,40,-1.2154540618868948,-0.742,SF-P3O,Walker2d-v4,4
620,reward,41,-0.543399978356657,-0.679,SF-P3O,Walker2d-v4,4
634,reward,42,1.2379400091935482,-1.17,SF-P3O,Walker2d-v4,4
643,reward,43,-2.497886108173085,-0.847,SF-P3O,Walker2d-v4,4
655,reward,44,-2.1035922158352927,-0.874,SF-P3O,Walker2d-v4,4
670,reward,45,2.4431674399130943,-0.994,SF-P3O,Walker2d-v4,4
690,reward,46,8.706524056413695,0.467,SF-P3O,Walker2d-v4,4
699,reward,47,0.3773692776605142,0.4,SF-P3O,Walker2d-v4,4
719,reward,48,-6.783581700171292,-0.089,SF-P3O,Walker2d-v4,4
744,reward,49,1.8396366468646934,0.146,SF-P3O,Walker2d-v4,4
765,reward,50,4.629700876297861,0.731,SF-P3O,Walker2d-v4,4
782,reward,51,-0.021430108294455685,0.783,SF-P3O,Walker2d-v4,4
791,reward,52,-5.4747234010690855,0.112,SF-P3O,Walker2d-v4,4
813,reward,53,5.875125074014536,0.949,SF-P3O,Walker2d-v4,4
831,reward,54,0.6741243896997859,1.227,SF-P3O,Walker2d-v4,4
860,reward,55,-6.797495236508987,0.303,SF-P3O,Walker2d-v4,4
876,reward,56,1.6762071037919501,-0.401,SF-P3O,Walker2d-v4,4
902,reward,57,7.93043857987077,0.355,SF-P3O,Walker2d-v4,4
923,reward,58,1.4598074906582612,1.179,SF-P3O,Walker2d-v4,4
933,reward,59,-2.488956702854249,0.746,SF-P3O,Walker2d-v4,4
941,reward,60,-2.3338169966651874,0.05,SF-P3O,Walker2d-v4,4
948,reward,61,-3.1987093827798683,-0.268,SF-P3O,Walker2d-v4,4
963,reward,62,-0.05214158694554061,0.274,SF-P3O,Walker2d-v4,4
975,reward,63,2.3375096365655677,-0.079,SF-P3O,Walker2d-v4,4
996,reward,64,-2.353232912121482,-0.382,SF-P3O,Walker2d-v4,4
1004,reward,65,-1.602009330706038,0.138,SF-P3O,Walker2d-v4,4
1019,reward,66,3.4136552518276058,0.311,SF-P3O,Walker2d-v4,4
1039,reward,67,2.660552166539639,-0.216,SF-P3O,Walker2d-v4,4
1057,reward,68,-6.2362075992129355,-0.985,SF-P3O,Walker2d-v4,4
1072,reward,69,-7.943811840117159,-1.531,SF-P3O,Walker2d-v4,4
1084,reward,70,-0.6997736466861177,-1.367,SF-P3O,Walker2d-v4,4
1096,reward,71,-2.9115805572656956,-1.339,SF-P3O,Walker2d-v4,4
1113,reward,72,2.8985097879210038,-1.044,SF-P3O,Walker2d-v4,4
1134,reward,73,0.3741747164504188,-1.24,SF-P3O,Walker2d-v4,4
1143,reward,74,-0.4242065777104338,-1.047,SF-P3O,Walker2d-v4,4
1156,reward,75,-1.7099390773913457,-1.058,SF-P3O,Walker2d-v4,4
1174,reward,76,-3.203013646427471,-1.72,SF-P3O,Walker2d-v4,4
1190,reward,77,-7.738744205051585,-2.759,SF-P3O,Walker2d-v4,4
1203,reward,78,-1.1398956029595155,-2.25,SF-P3O,Walker2d-v4,4
1215,reward,79,-0.598657868476576,-1.515,SF-P3O,Walker2d-v4,4
1237,reward,80,-9.910332041896153,-2.436,SF-P3O,Walker2d-v4,4
1246,reward,81,-1.1542755956346893,-2.261,SF-P3O,Walker2d-v4,4
1260,reward,82,-4.1628045956684465,-2.967,SF-P3O,Walker2d-v4,4
1287,reward,83,2.6881631583200516,-2.735,SF-P3O,Walker2d-v4,4
1301,reward,84,1.0635748934260052,-2.587,SF-P3O,Walker2d-v4,4
1315,reward,85,0.7317577942678857,-2.342,SF-P3O,Walker2d-v4,4
1331,reward,86,-0.41688764141608403,-2.064,SF-P3O,Walker2d-v4,4
1344,reward,87,-0.8052540204235407,-1.37,SF-P3O,Walker2d-v4,4
1355,reward,88,-0.1472470406805153,-1.271,SF-P3O,Walker2d-v4,4
1362,reward,89,-4.570635964978257,-1.668,SF-P3O,Walker2d-v4,4
1374,reward,90,2.6546660666723234,-0.412,SF-P3O,Walker2d-v4,4
1384,reward,91,0.8950053650788894,-0.207,SF-P3O,Walker2d-v4,4
1393,reward,92,-3.281896801435831,-0.119,SF-P3O,Walker2d-v4,4
1402,reward,93,-1.9288158979841712,-0.581,SF-P3O,Walker2d-v4,4
1414,reward,94,-2.550268543578425,-0.942,SF-P3O,Walker2d-v4,4
1432,reward,95,0.5582699822945564,-0.959,SF-P3O,Walker2d-v4,4
1449,reward,96,0.9861131361171089,-0.819,SF-P3O,Walker2d-v4,4
1469,reward,97,-3.451400753712122,-1.084,SF-P3O,Walker2d-v4,4
1485,reward,98,1.0963820461504088,-0.959,SF-P3O,Walker2d-v4,4
1496,reward,99,0.12167982526906918,-0.49,SF-P3O,Walker2d-v4,4
1510,reward,100,2.500898177298852,-0.505,SF-P3O,Walker2d-v4,4
1521,reward,101,-1.71066043895435,-0.766,SF-P3O,Walker2d-v4,4
1538,reward,102,0.031955203864205806,-0.435,SF-P3O,Walker2d-v4,4
1549,reward,103,-0.07103729986154939,-0.249,SF-P3O,Walker2d-v4,4
1565,reward,104,1.883288719498541,0.195,SF-P3O,Walker2d-v4,4
1574,reward,105,-4.286709053894331,-0.29,SF-P3O,Walker2d-v4,4
1594,reward,106,-5.513320152796713,-0.94,SF-P3O,Walker2d-v4,4
1611,reward,107,2.8281719976646054,-0.312,SF-P3O,Walker2d-v4,4
1624,reward,108,1.6691700125676843,-0.255,SF-P3O,Walker2d-v4,4
1654,reward,109,-2.0145706902783163,-0.468,SF-P3O,Walker2d-v4,4
1670,reward,110,5.293342866609024,-0.189,SF-P3O,Walker2d-v4,4
1680,reward,111,-0.8966126559811771,-0.108,SF-P3O,Walker2d-v4,4
1694,reward,112,0.19818480272908967,-0.091,SF-P3O,Walker2d-v4,4
1708,reward,113,1.916841954196568,0.108,SF-P3O,Walker2d-v4,4
1717,reward,114,-1.9748198510796362,-0.278,SF-P3O,Walker2d-v4,4
1726,reward,115,-2.6561707053351653,-0.115,SF-P3O,Walker2d-v4,4
1739,reward,116,-5.673542510032436,-0.131,SF-P3O,Walker2d-v4,4
1749,reward,117,-0.4954348935152484,-0.463,SF-P3O,Walker2d-v4,4
1760,reward,118,2.4798336728023935,-0.382,SF-P3O,Walker2d-v4,4
1771,reward,119,-2.5008153193391727,-0.431,SF-P3O,Walker2d-v4,4
1790,reward,120,5.394051811124418,-0.421,SF-P3O,Walker2d-v4,4
1803,reward,121,3.5730211406155536,0.026,SF-P3O,Walker2d-v4,4
1815,reward,122,1.3004732101296277,0.136,SF-P3O,Walker2d-v4,4
1834,reward,123,-5.897992583153041,-0.645,SF-P3O,Walker2d-v4,4
1842,reward,124,-1.9927278229453638,-0.647,SF-P3O,Walker2d-v4,4
1854,reward,125,3.428312189281183,-0.038,SF-P3O,Walker2d-v4,4
1872,reward,126,3.3338067463428054,0.862,SF-P3O,Walker2d-v4,4
1880,reward,127,-1.5230258376236263,0.759,SF-P3O,Walker2d-v4,4
1890,reward,128,-2.8068291583191582,0.231,SF-P3O,Walker2d-v4,4
1901,reward,129,0.794436750414296,0.56,SF-P3O,Walker2d-v4,4
1915,reward,130,4.722772205750853,0.493,SF-P3O,Walker2d-v4,4
1939,reward,131,-5.985400755334728,-0.463,SF-P3O,Walker2d-v4,4
1955,reward,132,-1.9792055568473113,-0.791,SF-P3O,Walker2d-v4,4
1966,reward,133,1.7452161235133374,-0.026,SF-P3O,Walker2d-v4,4
1986,reward,134,1.1816875407460787,0.291,SF-P3O,Walker2d-v4,4
1998,reward,135,0.2467459465035502,-0.027,SF-P3O,Walker2d-v4,4
2012,reward,136,0.8784582277487087,-0.273,SF-P3O,Walker2d-v4,4
2027,reward,137,2.96242208886694,0.176,SF-P3O,Walker2d-v4,4
2041,reward,138,-4.557830501394781,0.001,SF-P3O,Walker2d-v4,4
2055,reward,139,-2.3819493456081817,-0.317,SF-P3O,Walker2d-v4,4
2068,reward,140,1.5213611505522062,-0.637,SF-P3O,Walker2d-v4,4
2080,reward,141,0.4744917424113524,0.009,SF-P3O,Walker2d-v4,4
2091,reward,142,-7.312256091712104,-0.524,SF-P3O,Walker2d-v4,4
2105,reward,143,1.534805144575621,-0.545,SF-P3O,Walker2d-v4,4
2118,reward,144,4.074249472176601,-0.256,SF-P3O,Walker2d-v4,4
2126,reward,145,-1.403946011155483,-0.421,SF-P3O,Walker2d-v4,4
2135,reward,146,-3.528292068679054,-0.862,SF-P3O,Walker2d-v4,4
2145,reward,147,0.48734358459908167,-1.109,SF-P3O,Walker2d-v4,4
2153,reward,148,-4.389674319964477,-1.092,SF-P3O,Walker2d-v4,4
2167,reward,149,2.7351485176507926,-0.581,SF-P3O,Walker2d-v4,4
2180,reward,150,-0.5138813458125834,-0.784,SF-P3O,Walker2d-v4,4
2192,reward,151,-4.182234559510574,-1.25,SF-P3O,Walker2d-v4,4
2207,reward,152,-4.068092731817581,-0.925,SF-P3O,Walker2d-v4,4
2220,reward,153,-0.9130511119009705,-1.17,SF-P3O,Walker2d-v4,4
2237,reward,154,2.8161699823940483,-1.296,SF-P3O,Walker2d-v4,4
2249,reward,155,-3.5348177792149524,-1.509,SF-P3O,Walker2d-v4,4
2269,reward,156,3.1967459187831495,-0.837,SF-P3O,Walker2d-v4,4
2279,reward,157,-0.8637869413077064,-0.972,SF-P3O,Walker2d-v4,4
2292,reward,158,3.381036684974272,-0.195,SF-P3O,Walker2d-v4,4
2320,reward,159,1.380689711597789,-0.33,SF-P3O,Walker2d-v4,4
2331,reward,160,-6.564876492023928,-0.935,SF-P3O,Walker2d-v4,4
2346,reward,161,3.068901222683005,-0.21,SF-P3O,Walker2d-v4,4
2361,reward,162,0.38171330995005914,0.235,SF-P3O,Walker2d-v4,4
2373,reward,163,2.369054210878201,0.563,SF-P3O,Walker2d-v4,4
2385,reward,164,-0.24259855931875696,0.257,SF-P3O,Walker2d-v4,4
2402,reward,165,0.12805991678941153,0.623,SF-P3O,Walker2d-v4,4
2421,reward,166,3.171156868592079,0.621,SF-P3O,Walker2d-v4,4
2438,reward,167,0.035045233401534315,0.711,SF-P3O,Walker2d-v4,4
2448,reward,168,-0.03602135257833183,0.369,SF-P3O,Walker2d-v4,4
2455,reward,169,-3.2171481297424265,-0.091,SF-P3O,Walker2d-v4,4
2473,reward,170,1.1446542151676928,0.68,SF-P3O,Walker2d-v4,4
2481,reward,171,-1.7171738244294232,0.202,SF-P3O,Walker2d-v4,4
2498,reward,172,-2.5051533833995543,-0.087,SF-P3O,Walker2d-v4,4
2513,reward,173,3.8083524555015393,0.057,SF-P3O,Walker2d-v4,4
2521,reward,174,-3.624493185014779,-0.281,SF-P3O,Walker2d-v4,4
2532,reward,175,-1.8424008817983684,-0.478,SF-P3O,Walker2d-v4,4
2550,reward,176,6.395821631800301,-0.156,SF-P3O,Walker2d-v4,4
2560,reward,177,-0.8898804151137923,-0.248,SF-P3O,Walker2d-v4,4
2572,reward,178,-0.9923974379890441,-0.344,SF-P3O,Walker2d-v4,4
2584,reward,179,2.8729463581728423,0.265,SF-P3O,Walker2d-v4,4
2594,reward,180,-3.465533871947501,-0.196,SF-P3O,Walker2d-v4,4
2609,reward,181,-4.443217210963671,-0.469,SF-P3O,Walker2d-v4,4
2624,reward,182,-3.6796851107704294,-0.586,SF-P3O,Walker2d-v4,4
2635,reward,183,-4.386332728949977,-1.406,SF-P3O,Walker2d-v4,4
2648,reward,184,-3.0241404486194794,-1.345,SF-P3O,Walker2d-v4,4
2671,reward,185,5.350076863967839,-0.626,SF-P3O,Walker2d-v4,4
2685,reward,186,1.3018528799159417,-1.136,SF-P3O,Walker2d-v4,4
2694,reward,187,-4.200029361463978,-1.467,SF-P3O,Walker2d-v4,4
2708,reward,188,2.641208442327792,-1.103,SF-P3O,Walker2d-v4,4
2721,reward,189,4.09712242420396,-0.981,SF-P3O,Walker2d-v4,4
2736,reward,190,2.1492560294216014,-0.419,SF-P3O,Walker2d-v4,4
2757,reward,191,-3.7968381770206587,-0.355,SF-P3O,Walker2d-v4,4
2774,reward,192,-1.2181059139044246,-0.109,SF-P3O,Walker2d-v4,4
2792,reward,193,-8.208290739842017,-0.491,SF-P3O,Walker2d-v4,4
2804,reward,194,-4.498505099990196,-0.638,SF-P3O,Walker2d-v4,4
2816,reward,195,-0.045163457657006356,-1.178,SF-P3O,Walker2d-v4,4
2831,reward,196,-4.997612757281443,-1.808,SF-P3O,Walker2d-v4,4
2843,reward,197,-2.4025768102059955,-1.628,SF-P3O,Walker2d-v4,4
2857,reward,198,0.5949622280716517,-1.833,SF-P3O,Walker2d-v4,4
2875,reward,199,3.931290213010085,-1.849,SF-P3O,Walker2d-v4,4
2890,reward,200,5.07851394290341,-1.556,SF-P3O,Walker2d-v4,4
2899,reward,201,-1.3740868134179025,-1.314,SF-P3O,Walker2d-v4,4
2913,reward,202,0.8679879214950945,-1.105,SF-P3O,Walker2d-v4,4
2924,reward,203,-0.9475839922723517,-0.379,SF-P3O,Walker2d-v4,4
2938,reward,204,1.4747859425247816,0.218,SF-P3O,Walker2d-v4,4
2951,reward,205,-4.160411040752512,-0.193,SF-P3O,Walker2d-v4,4
2964,reward,206,1.9342778011800463,0.5,SF-P3O,Walker2d-v4,4
2977,reward,207,-1.8574428468280941,0.554,SF-P3O,Walker2d-v4,4
2994,reward,208,6.67208006345385,1.162,SF-P3O,Walker2d-v4,4
3019,reward,209,6.7292399580692175,1.442,SF-P3O,Walker2d-v4,4
3035,reward,210,4.308370985393577,1.365,SF-P3O,Walker2d-v4,4
3043,reward,211,-1.5035354476773537,1.352,SF-P3O,Walker2d-v4,4
3063,reward,212,-4.55124255720132,0.81,SF-P3O,Walker2d-v4,4
3075,reward,213,3.7345141297161675,1.278,SF-P3O,Walker2d-v4,4
3091,reward,214,3.2893738068300205,1.46,SF-P3O,Walker2d-v4,4
3101,reward,215,0.5414916529210763,1.93,SF-P3O,Walker2d-v4,4
3115,reward,216,3.7682528577319263,2.113,SF-P3O,Walker2d-v4,4
3128,reward,217,3.8956593924470324,2.688,SF-P3O,Walker2d-v4,4
3142,reward,218,-5.19284864589776,1.502,SF-P3O,Walker2d-v4,4
3152,reward,219,0.21313370053906588,0.85,SF-P3O,Walker2d-v4,4
3169,reward,220,-11.059845780282693,-0.687,SF-P3O,Walker2d-v4,4
3181,reward,221,1.7444070641569154,-0.362,SF-P3O,Walker2d-v4,4
3190,reward,222,-2.6232843380122057,-0.169,SF-P3O,Walker2d-v4,4
3198,reward,223,-1.6966018822094522,-0.712,SF-P3O,Walker2d-v4,4
3216,reward,224,-6.233831219007978,-1.664,SF-P3O,Walker2d-v4,4
3225,reward,225,-2.8117737632284117,-2.0,SF-P3O,Walker2d-v4,4
3246,reward,226,0.22499160015047592,-2.354,SF-P3O,Walker2d-v4,4
3260,reward,227,-0.752429031905142,-2.819,SF-P3O,Walker2d-v4,4
3278,reward,228,-0.1631554514379161,-2.316,SF-P3O,Walker2d-v4,4
3295,reward,229,5.682389075542806,-1.769,SF-P3O,Walker2d-v4,4
3304,reward,230,-0.27214000990171816,-0.69,SF-P3O,Walker2d-v4,4
3319,reward,231,-0.012373863197683743,-0.866,SF-P3O,Walker2d-v4,4
3331,reward,232,0.3582943638304582,-0.568,SF-P3O,Walker2d-v4,4
3344,reward,233,-2.6126288850370667,-0.659,SF-P3O,Walker2d-v4,4
3361,reward,234,-12.128626736357054,-1.249,SF-P3O,Walker2d-v4,4
3373,reward,235,-4.269626598104766,-1.395,SF-P3O,Walker2d-v4,4
3385,reward,236,-3.0402903727043817,-1.721,SF-P3O,Walker2d-v4,4
3398,reward,237,2.2963708215973457,-1.416,SF-P3O,Walker2d-v4,4
3416,reward,238,3.350186581759726,-1.065,SF-P3O,Walker2d-v4,4
3434,reward,239,1.3904024619594861,-1.494,SF-P3O,Walker2d-v4,4
3443,reward,240,0.17074987119112006,-1.45,SF-P3O,Walker2d-v4,4
3459,reward,241,4.651076177422915,-0.983,SF-P3O,Walker2d-v4,4
3468,reward,242,0.4325067787246799,-0.976,SF-P3O,Walker2d-v4,4
3481,reward,243,1.2366761394982388,-0.591,SF-P3O,Walker2d-v4,4
3489,reward,244,-2.43186892905095,0.379,SF-P3O,Walker2d-v4,4
3508,reward,245,-4.660584415052847,0.34,SF-P3O,Walker2d-v4,4
3525,reward,246,-4.797930383892892,0.164,SF-P3O,Walker2d-v4,4
3542,reward,247,3.72149945887926,0.306,SF-P3O,Walker2d-v4,4
3555,reward,248,0.5003989538613782,0.021,SF-P3O,Walker2d-v4,4
3569,reward,249,-0.7215802030723759,-0.19,SF-P3O,Walker2d-v4,4
3596,reward,250,11.903561181188206,0.983,SF-P3O,Walker2d-v4,4
3604,reward,251,-2.2070648316218815,0.298,SF-P3O,Walker2d-v4,4
3621,reward,252,1.2088012205244136,0.375,SF-P3O,Walker2d-v4,4
3629,reward,253,-2.099680515859526,0.042,SF-P3O,Walker2d-v4,4
3639,reward,254,-0.7671997477716257,0.208,SF-P3O,Walker2d-v4,4
3676,reward,255,20.932163550555885,2.767,SF-P3O,Walker2d-v4,4
3690,reward,256,1.7643067032259494,3.424,SF-P3O,Walker2d-v4,4
3702,reward,257,-3.6916352874042775,2.682,SF-P3O,Walker2d-v4,4
3717,reward,258,-3.9486621310022447,2.237,SF-P3O,Walker2d-v4,4
3750,reward,259,10.448900673187321,3.354,SF-P3O,Walker2d-v4,4
3760,reward,260,-1.3169423966706038,2.032,SF-P3O,Walker2d-v4,4
3771,reward,261,-1.5925189440458385,2.094,SF-P3O,Walker2d-v4,4
3782,reward,262,0.9668075114124134,2.07,SF-P3O,Walker2d-v4,4
3793,reward,263,-1.1375028323132654,2.166,SF-P3O,Walker2d-v4,4
3803,reward,264,-1.5898103474735301,2.084,SF-P3O,Walker2d-v4,4
3818,reward,265,-7.7319234596966036,-0.783,SF-P3O,Walker2d-v4,4
3828,reward,266,-0.44629992744793123,-1.004,SF-P3O,Walker2d-v4,4
3837,reward,267,-3.2902225745553704,-0.964,SF-P3O,Walker2d-v4,4
3851,reward,268,0.580238066356038,-0.511,SF-P3O,Walker2d-v4,4
3862,reward,269,0.9355164805999671,-1.462,SF-P3O,Walker2d-v4,4
3876,reward,270,-3.772984368355616,-1.708,SF-P3O,Walker2d-v4,4
3893,reward,271,2.166747487181202,-1.332,SF-P3O,Walker2d-v4,4
3919,reward,272,11.488201713900931,-0.28,SF-P3O,Walker2d-v4,4
3931,reward,273,3.7119614957736053,0.205,SF-P3O,Walker2d-v4,4
3943,reward,274,-1.2359728838576567,0.241,SF-P3O,Walker2d-v4,4
3956,reward,275,-1.1250313952586621,0.901,SF-P3O,Walker2d-v4,4
3970,reward,276,-2.7582179559190836,0.67,SF-P3O,Walker2d-v4,4
3982,reward,277,2.5139177949770053,1.25,SF-P3O,Walker2d-v4,4
3996,reward,278,-2.1580035035614893,0.977,SF-P3O,Walker2d-v4,4
4006,reward,279,-2.2916469397037664,0.654,SF-P3O,Walker2d-v4,4
4029,reward,280,0.8025418413043538,1.111,SF-P3O,Walker2d-v4,4
4051,reward,281,-4.1662471165190365,0.478,SF-P3O,Walker2d-v4,4
4069,reward,282,2.838995896578362,-0.387,SF-P3O,Walker2d-v4,4
4085,reward,283,-2.5613864239877344,-1.014,SF-P3O,Walker2d-v4,4
4093,reward,284,-2.1688486742683253,-1.107,SF-P3O,Walker2d-v4,4
4108,reward,285,-0.06690129919958188,-1.002,SF-P3O,Walker2d-v4,4
4122,reward,286,-3.886696338152125,-1.114,SF-P3O,Walker2d-v4,4
4135,reward,287,-1.5028032824171664,-1.516,SF-P3O,Walker2d-v4,4
4153,reward,288,3.071045378311263,-0.993,SF-P3O,Walker2d-v4,4
4173,reward,289,4.71173905397862,-0.293,SF-P3O,Walker2d-v4,4
4188,reward,290,4.42706410358558,0.07,SF-P3O,Walker2d-v4,4
4199,reward,291,-1.07316776725447,0.379,SF-P3O,Walker2d-v4,4
4214,reward,292,-2.18348078739715,-0.123,SF-P3O,Walker2d-v4,4
4228,reward,293,2.431013209460609,0.376,SF-P3O,Walker2d-v4,4
4244,reward,294,-3.000759027906086,0.293,SF-P3O,Walker2d-v4,4
4256,reward,295,-1.1273970165939622,0.187,SF-P3O,Walker2d-v4,4
4268,reward,296,2.115613521675458,0.787,SF-P3O,Walker2d-v4,4
4277,reward,297,-2.717156739992462,0.665,SF-P3O,Walker2d-v4,4
4296,reward,298,2.8582340352361544,0.644,SF-P3O,Walker2d-v4,4
4316,reward,299,9.825220666097339,1.156,SF-P3O,Walker2d-v4,4
4331,reward,300,3.9126789872943744,1.104,SF-P3O,Walker2d-v4,4
4368,reward,301,4.782460466415982,1.69,SF-P3O,Walker2d-v4,4
4382,reward,302,1.3574042078474606,2.044,SF-P3O,Walker2d-v4,4
4394,reward,303,-8.359782025243572,0.965,SF-P3O,Walker2d-v4,4
4405,reward,304,-0.5427427600161363,1.21,SF-P3O,Walker2d-v4,4
4417,reward,305,-0.5778597155844698,1.265,SF-P3O,Walker2d-v4,4
4435,reward,306,4.542520553281595,1.508,SF-P3O,Walker2d-v4,4
4444,reward,307,0.12754477532565645,1.793,SF-P3O,Walker2d-v4,4
4454,reward,308,-5.254131219823094,0.981,SF-P3O,Walker2d-v4,4
4472,reward,309,5.396829815604537,0.538,SF-P3O,Walker2d-v4,4
4493,reward,310,-2.6949110308716784,-0.122,SF-P3O,Walker2d-v4,4
4512,reward,311,0.8274612654084305,-0.518,SF-P3O,Walker2d-v4,4
4525,reward,312,-2.5569054341519015,-0.909,SF-P3O,Walker2d-v4,4
4537,reward,313,-2.8346303246001474,-0.357,SF-P3O,Walker2d-v4,4
4586,reward,314,18.081694538103296,1.506,SF-P3O,Walker2d-v4,4
4608,reward,315,0.7512991704918619,1.639,SF-P3O,Walker2d-v4,4
4618,reward,316,-3.275626333325535,0.857,SF-P3O,Walker2d-v4,4
4633,reward,317,4.845170042783678,1.329,SF-P3O,Walker2d-v4,4
4646,reward,318,0.3576679749850422,1.89,SF-P3O,Walker2d-v4,4
4660,reward,319,-3.0594573259658033,1.044,SF-P3O,Walker2d-v4,4
4671,reward,320,1.4796776826604217,1.462,SF-P3O,Walker2d-v4,4
4684,reward,321,1.0013522793620333,1.479,SF-P3O,Walker2d-v4,4
4705,reward,322,-6.803289072262421,1.054,SF-P3O,Walker2d-v4,4
4713,reward,323,-1.6736551146036283,1.17,SF-P3O,Walker2d-v4,4
4721,reward,324,-2.590890093872905,-0.897,SF-P3O,Walker2d-v4,4
4731,reward,325,0.2967416347260132,-0.942,SF-P3O,Walker2d-v4,4
4743,reward,326,2.5489046540879876,-0.36,SF-P3O,Walker2d-v4,4
4753,reward,327,0.4670274922850782,-0.798,SF-P3O,Walker2d-v4,4
4767,reward,328,-0.2570528228610892,-0.859,SF-P3O,Walker2d-v4,4
4782,reward,329,-3.878147781678202,-0.941,SF-P3O,Walker2d-v4,4
4796,reward,330,0.6838955230252077,-1.021,SF-P3O,Walker2d-v4,4
4818,reward,331,-0.4879401932965647,-1.169,SF-P3O,Walker2d-v4,4
4833,reward,332,3.3834672277306437,-0.151,SF-P3O,Walker2d-v4,4
4847,reward,333,0.4713649995690272,0.064,SF-P3O,Walker2d-v4,4
4855,reward,334,-2.741666311547217,0.049,SF-P3O,Walker2d-v4,4
4865,reward,335,-4.069741628672295,-0.388,SF-P3O,Walker2d-v4,4
4881,reward,336,-0.30802576278889515,-0.674,SF-P3O,Walker2d-v4,4
4894,reward,337,3.2137022556448476,-0.399,SF-P3O,Walker2d-v4,4
4921,reward,338,-5.781138263227534,-0.951,SF-P3O,Walker2d-v4,4
4933,reward,339,-1.589253856904287,-0.723,SF-P3O,Walker2d-v4,4
4945,reward,340,-0.5820529129366159,-0.849,SF-P3O,Walker2d-v4,4
4966,reward,341,3.0911393552607342,-0.491,SF-P3O,Walker2d-v4,4
4981,reward,342,-0.4587145179381843,-0.875,SF-P3O,Walker2d-v4,4
4991,reward,343,-3.507076529492987,-1.273,SF-P3O,Walker2d-v4,4
5003,reward,344,-2.270381820514271,-1.226,SF-P3O,Walker2d-v4,4
5013,reward,345,-2.1975418774601714,-1.039,SF-P3O,Walker2d-v4,4
5028,reward,346,-4.780000004806202,-1.486,SF-P3O,Walker2d-v4,4
5042,reward,347,-2.255216343048569,-2.033,SF-P3O,Walker2d-v4,4
5054,reward,348,0.7436372784582381,-1.381,SF-P3O,Walker2d-v4,4
5088,reward,349,29.807510065845033,1.759,SF-P3O,Walker2d-v4,4
5096,reward,350,-3.963678539370153,1.421,SF-P3O,Walker2d-v4,4
5123,reward,351,4.656395634969789,1.577,SF-P3O,Walker2d-v4,4
5142,reward,352,-5.611439163959356,1.062,SF-P3O,Walker2d-v4,4
5171,reward,353,17.77965841288366,3.191,SF-P3O,Walker2d-v4,4
5181,reward,354,-3.028807761876568,3.115,SF-P3O,Walker2d-v4,4
5192,reward,355,1.8924845103931873,3.524,SF-P3O,Walker2d-v4,4
5205,reward,356,-3.653312865398931,3.637,SF-P3O,Walker2d-v4,4
5217,reward,357,1.1588798145822639,3.978,SF-P3O,Walker2d-v4,4
5238,reward,358,7.9220737118963225,4.696,SF-P3O,Walker2d-v4,4
5248,reward,359,-0.4631534363597518,1.669,SF-P3O,Walker2d-v4,4
5264,reward,360,-2.38467988555802,1.827,SF-P3O,Walker2d-v4,4
5277,reward,361,-1.1496424460329273,1.246,SF-P3O,Walker2d-v4,4
5291,reward,362,-1.2966341530751793,1.678,SF-P3O,Walker2d-v4,4
5308,reward,363,-10.66873189465803,-1.167,SF-P3O,Walker2d-v4,4
5317,reward,364,-3.669497215162683,-1.231,SF-P3O,Walker2d-v4,4
5326,reward,365,-2.806129371419935,-1.701,SF-P3O,Walker2d-v4,4
5343,reward,366,0.1860918075577669,-1.317,SF-P3O,Walker2d-v4,4
5355,reward,367,-3.3646499759684767,-1.769,SF-P3O,Walker2d-v4,4
5379,reward,368,12.535121420048046,-1.308,SF-P3O,Walker2d-v4,4
5390,reward,369,0.24923052185007677,-1.237,SF-P3O,Walker2d-v4,4
5399,reward,370,-0.6222081183642086,-1.061,SF-P3O,Walker2d-v4,4
5415,reward,371,2.1266374049687387,-0.733,SF-P3O,Walker2d-v4,4
5424,reward,372,-1.8061653800415463,-0.784,SF-P3O,Walker2d-v4,4
5440,reward,373,4.790111198870919,0.762,SF-P3O,Walker2d-v4,4
5466,reward,374,5.572015447053327,1.686,SF-P3O,Walker2d-v4,4
5478,reward,375,0.16007273244289166,1.983,SF-P3O,Walker2d-v4,4
5489,reward,376,0.39431679522978724,2.003,SF-P3O,Walker2d-v4,4
5502,reward,377,0.6441274268590813,2.404,SF-P3O,Walker2d-v4,4
5509,reward,378,-3.813351051785071,0.769,SF-P3O,Walker2d-v4,4
5518,reward,379,-0.803001385386724,0.664,SF-P3O,Walker2d-v4,4
5547,reward,380,8.03257141265325,1.53,SF-P3O,Walker2d-v4,4
5563,reward,381,-1.7511420344424022,1.142,SF-P3O,Walker2d-v4,4
5583,reward,382,-5.985473059241171,0.724,SF-P3O,Walker2d-v4,4
5605,reward,383,8.099356191696177,1.055,SF-P3O,Walker2d-v4,4
5621,reward,384,-5.410983098234106,-0.043,SF-P3O,Walker2d-v4,4
5633,reward,385,-4.723687605626845,-0.532,SF-P3O,Walker2d-v4,4
5651,reward,386,2.2608176694821545,-0.345,SF-P3O,Walker2d-v4,4
5662,reward,387,-0.4393825825737002,-0.453,SF-P3O,Walker2d-v4,4
5671,reward,388,-4.054704809343553,-0.478,SF-P3O,Walker2d-v4,4
5685,reward,389,1.3571488306718642,-0.262,SF-P3O,Walker2d-v4,4
5706,reward,390,-2.8874209016739414,-1.354,SF-P3O,Walker2d-v4,4
5716,reward,391,-3.1129555763999615,-1.49,SF-P3O,Walker2d-v4,4
5732,reward,392,-1.4727339340337857,-1.038,SF-P3O,Walker2d-v4,4
5765,reward,393,16.060975012481666,-0.242,SF-P3O,Walker2d-v4,4
5781,reward,394,1.5875194121671363,0.458,SF-P3O,Walker2d-v4,4
5797,reward,395,-0.547418101284177,0.875,SF-P3O,Walker2d-v4,4
5807,reward,396,-0.28841933481084114,0.62,SF-P3O,Walker2d-v4,4
5822,reward,397,-1.8674544024784694,0.477,SF-P3O,Walker2d-v4,4
5834,reward,398,0.5219875186343612,0.935,SF-P3O,Walker2d-v4,4
5856,reward,399,4.0096223026302775,1.2,SF-P3O,Walker2d-v4,4
5877,reward,400,-0.6251644216355132,1.427,SF-P3O,Walker2d-v4,4
5886,reward,401,-2.7490972446082207,1.463,SF-P3O,Walker2d-v4,4
5900,reward,402,0.8919414304037887,1.699,SF-P3O,Walker2d-v4,4
5914,reward,403,1.1144265890771432,0.205,SF-P3O,Walker2d-v4,4
5922,reward,404,-2.693192625252042,-0.223,SF-P3O,Walker2d-v4,4
5932,reward,405,-0.8270818728811511,-0.251,SF-P3O,Walker2d-v4,4
5945,reward,406,-4.726843316808573,-0.695,SF-P3O,Walker2d-v4,4
5963,reward,407,-9.911537732514276,-1.499,SF-P3O,Walker2d-v4,4
5979,reward,408,1.2448032384430232,-1.427,SF-P3O,Walker2d-v4,4
5989,reward,409,-1.0157364038140648,-1.93,SF-P3O,Walker2d-v4,4
6006,reward,410,5.768876935847447,-1.29,SF-P3O,Walker2d-v4,4
6017,reward,411,-1.9228155907151872,-1.208,SF-P3O,Walker2d-v4,4
6030,reward,412,-3.510467071557947,-1.648,SF-P3O,Walker2d-v4,4
6042,reward,413,0.43452384961795554,-1.716,SF-P3O,Walker2d-v4,4
6060,reward,414,5.150215497018394,-0.932,SF-P3O,Walker2d-v4,4
6068,reward,415,-1.5669077141658232,-1.006,SF-P3O,Walker2d-v4,4
6084,reward,416,0.4577996112013587,-0.487,SF-P3O,Walker2d-v4,4
6092,reward,417,-2.583194699338658,0.246,SF-P3O,Walker2d-v4,4
6107,reward,418,-1.992258996395641,-0.078,SF-P3O,Walker2d-v4,4
6123,reward,419,0.8597208679230839,0.11,SF-P3O,Walker2d-v4,4
6140,reward,420,3.573089694747758,-0.11,SF-P3O,Walker2d-v4,4
6151,reward,421,-0.9942005635535678,-0.017,SF-P3O,Walker2d-v4,4
6168,reward,422,7.962483727889629,1.13,SF-P3O,Walker2d-v4,4
6180,reward,423,1.8397639758894666,1.271,SF-P3O,Walker2d-v4,4
6198,reward,424,4.474869492618635,1.203,SF-P3O,Walker2d-v4,4
6215,reward,425,-7.847480846702248,0.575,SF-P3O,Walker2d-v4,4
6239,reward,426,0.8761470490676919,0.617,SF-P3O,Walker2d-v4,4
6248,reward,427,-1.2036536300768212,0.755,SF-P3O,Walker2d-v4,4
6265,reward,428,-3.640635244883765,0.59,SF-P3O,Walker2d-v4,4
6277,reward,429,-6.163371982619759,-0.112,SF-P3O,Walker2d-v4,4
6295,reward,430,5.59994393217591,0.09,SF-P3O,Walker2d-v4,4
6311,reward,431,-3.1226610584790766,-0.122,SF-P3O,Walker2d-v4,4
6330,reward,432,-2.201127323258778,-1.139,SF-P3O,Walker2d-v4,4
6346,reward,433,2.881862714426022,-1.035,SF-P3O,Walker2d-v4,4
6357,reward,434,-0.20763560438446538,-1.503,SF-P3O,Walker2d-v4,4
6368,reward,435,1.6507442519900417,-0.553,SF-P3O,Walker2d-v4,4
6379,reward,436,-1.6090160406711413,-0.802,SF-P3O,Walker2d-v4,4
6393,reward,437,-5.414723823338838,-1.223,SF-P3O,Walker2d-v4,4
6410,reward,438,3.3773236950173535,-0.521,SF-P3O,Walker2d-v4,4
6427,reward,439,-2.314876993743939,-0.136,SF-P3O,Walker2d-v4,4
6437,reward,440,-7.409226831657412,-1.437,SF-P3O,Walker2d-v4,4
6448,reward,441,-1.3343205440973982,-1.258,SF-P3O,Walker2d-v4,4
6469,reward,442,-3.25346123782053,-1.363,SF-P3O,Walker2d-v4,4
6481,reward,443,0.5461892443772165,-1.597,SF-P3O,Walker2d-v4,4
6496,reward,444,-0.8641279101703765,-1.663,SF-P3O,Walker2d-v4,4
6509,reward,445,0.09692828128705533,-1.818,SF-P3O,Walker2d-v4,4
6517,reward,446,-1.3048504737113664,-1.788,SF-P3O,Walker2d-v4,4
6527,reward,447,-2.265459382393458,-1.473,SF-P3O,Walker2d-v4,4
6539,reward,448,1.1990598075737753,-1.69,SF-P3O,Walker2d-v4,4
6548,reward,449,-0.44279818519142844,-1.503,SF-P3O,Walker2d-v4,4
6559,reward,450,-4.838057332132459,-1.246,SF-P3O,Walker2d-v4,4
6571,reward,451,0.4917996795868739,-1.063,SF-P3O,Walker2d-v4,4
6580,reward,452,-0.43918059986523794,-0.782,SF-P3O,Walker2d-v4,4
6591,reward,453,-1.0852168108947378,-0.945,SF-P3O,Walker2d-v4,4
6603,reward,454,0.7731567484678694,-0.781,SF-P3O,Walker2d-v4,4
6615,reward,455,-3.5394500016292163,-1.145,SF-P3O,Walker2d-v4,4
6625,reward,456,-1.4443532410471687,-1.159,SF-P3O,Walker2d-v4,4
6635,reward,457,-1.960142398784583,-1.129,SF-P3O,Walker2d-v4,4
6675,reward,458,12.359993845647862,-0.012,SF-P3O,Walker2d-v4,4
6691,reward,459,0.4683117730395051,0.079,SF-P3O,Walker2d-v4,4
6700,reward,460,-1.3199866060417085,0.43,SF-P3O,Walker2d-v4,4
6711,reward,461,-1.375261063179483,0.244,SF-P3O,Walker2d-v4,4
6719,reward,462,-1.6404546726156137,0.124,SF-P3O,Walker2d-v4,4
6737,reward,463,0.7698801353461342,0.309,SF-P3O,Walker2d-v4,4
6744,reward,464,-3.003511108123548,-0.068,SF-P3O,Walker2d-v4,4
6755,reward,465,-3.6458665049903125,-0.079,SF-P3O,Walker2d-v4,4
6770,reward,466,-4.171750094854366,-0.352,SF-P3O,Walker2d-v4,4
6782,reward,467,-0.8770027544411538,-0.244,SF-P3O,Walker2d-v4,4
6794,reward,468,-0.6819219677922672,-1.548,SF-P3O,Walker2d-v4,4
6813,reward,469,-6.8058600400404,-2.275,SF-P3O,Walker2d-v4,4
6841,reward,470,9.40790418310233,-1.202,SF-P3O,Walker2d-v4,4
6849,reward,471,-1.1653075634286834,-1.181,SF-P3O,Walker2d-v4,4
6871,reward,472,2.3675601258194074,-0.781,SF-P3O,Walker2d-v4,4
6882,reward,473,0.5014088570762196,-0.807,SF-P3O,Walker2d-v4,4
6910,reward,474,0.06706065875625455,-0.5,SF-P3O,Walker2d-v4,4
6925,reward,475,2.0265536295630415,0.067,SF-P3O,Walker2d-v4,4
6935,reward,476,-3.377562107153838,0.146,SF-P3O,Walker2d-v4,4
6945,reward,477,-6.433600475318798,-0.409,SF-P3O,Walker2d-v4,4
6963,reward,478,0.9788581356641108,-0.243,SF-P3O,Walker2d-v4,4
6976,reward,479,-1.7864278625357755,0.259,SF-P3O,Walker2d-v4,4
6985,reward,480,-1.4794389949818592,-0.83,SF-P3O,Walker2d-v4,4
6993,reward,481,-3.4158001417048034,-1.055,SF-P3O,Walker2d-v4,4
7010,reward,482,-3.1034921875670447,-1.602,SF-P3O,Walker2d-v4,4
7022,reward,483,-2.01722825518091,-1.854,SF-P3O,Walker2d-v4,4
7031,reward,484,-5.07191453542358,-2.368,SF-P3O,Walker2d-v4,4
7048,reward,485,6.954950258489946,-1.875,SF-P3O,Walker2d-v4,4
7058,reward,486,-0.30843343115760413,-1.568,SF-P3O,Walker2d-v4,4
7068,reward,487,0.4278891605006969,-0.882,SF-P3O,Walker2d-v4,4
7079,reward,488,1.6056060150603537,-0.819,SF-P3O,Walker2d-v4,4
7088,reward,489,-2.3263906434095682,-0.873,SF-P3O,Walker2d-v4,4
7098,reward,490,-1.4553999697765654,-0.871,SF-P3O,Walker2d-v4,4
7110,reward,491,3.060647880017342,-0.223,SF-P3O,Walker2d-v4,4
7128,reward,492,-2.1110168154963755,-0.124,SF-P3O,Walker2d-v4,4
7143,reward,493,-0.7397965083488034,0.004,SF-P3O,Walker2d-v4,4
7153,reward,494,-2.112662264061508,0.3,SF-P3O,Walker2d-v4,4
7168,reward,495,4.1335200933476335,0.017,SF-P3O,Walker2d-v4,4
7183,reward,496,-3.1783502992274455,-0.27,SF-P3O,Walker2d-v4,4
7192,reward,497,-3.810280258921984,-0.693,SF-P3O,Walker2d-v4,4
7202,reward,498,-1.3633634083450468,-0.99,SF-P3O,Walker2d-v4,4
7233,reward,499,12.131238356125131,0.455,SF-P3O,Walker2d-v4,4
7243,reward,500,-0.5412622798687082,0.547,SF-P3O,Walker2d-v4,4
7258,reward,501,1.7996760715317255,0.421,SF-P3O,Walker2d-v4,4
7277,reward,502,2.63542500230258,0.895,SF-P3O,Walker2d-v4,4
7293,reward,503,4.149577474664083,1.384,SF-P3O,Walker2d-v4,4
7305,reward,504,1.6328771377728906,1.759,SF-P3O,Walker2d-v4,4
7316,reward,505,-2.229884136592067,1.123,SF-P3O,Walker2d-v4,4
7333,reward,506,2.299962984937661,1.67,SF-P3O,Walker2d-v4,4
7356,reward,507,-1.793426348388926,1.872,SF-P3O,Walker2d-v4,4
7366,reward,508,-2.763970889561653,1.732,SF-P3O,Walker2d-v4,4
7385,reward,509,0.20695249240342073,0.54,SF-P3O,Walker2d-v4,4
7403,reward,510,-1.7474831499551802,0.419,SF-P3O,Walker2d-v4,4
7415,reward,511,-1.6123807987156233,0.078,SF-P3O,Walker2d-v4,4
7425,reward,512,-2.3245854221191706,-0.418,SF-P3O,Walker2d-v4,4
7437,reward,513,0.4555750265219982,-0.788,SF-P3O,Walker2d-v4,4
7458,reward,514,6.558813213261977,-0.295,SF-P3O,Walker2d-v4,4
7485,reward,515,8.608046670991655,0.789,SF-P3O,Walker2d-v4,4
7511,reward,516,1.7829595565292493,0.737,SF-P3O,Walker2d-v4,4
7538,reward,517,8.408251535788926,1.757,SF-P3O,Walker2d-v4,4
7552,reward,518,-6.820949734623122,1.352,SF-P3O,Walker2d-v4,4
7564,reward,519,-2.477667425828699,1.083,SF-P3O,Walker2d-v4,4
7573,reward,520,-2.5576551741498657,1.002,SF-P3O,Walker2d-v4,4
7588,reward,521,5.568962490390167,1.72,SF-P3O,Walker2d-v4,4
7614,reward,522,2.0519723643465673,2.158,SF-P3O,Walker2d-v4,4
7625,reward,523,-2.524807160116328,1.86,SF-P3O,Walker2d-v4,4
7634,reward,524,-1.7596950957535666,1.028,SF-P3O,Walker2d-v4,4
7650,reward,525,6.188926351493187,0.786,SF-P3O,Walker2d-v4,4
7666,reward,526,2.731252853672639,0.881,SF-P3O,Walker2d-v4,4
7679,reward,527,-3.0847817516605267,-0.268,SF-P3O,Walker2d-v4,4
7694,reward,528,-0.7308585178465817,0.341,SF-P3O,Walker2d-v4,4
7710,reward,529,0.5349246061468629,0.642,SF-P3O,Walker2d-v4,4
7732,reward,530,6.5337792247688,1.551,SF-P3O,Walker2d-v4,4
7746,reward,531,-0.44406420332479524,0.95,SF-P3O,Walker2d-v4,4
7768,reward,532,1.26810286073972,0.871,SF-P3O,Walker2d-v4,4
7777,reward,533,-6.362512224279946,0.488,SF-P3O,Walker2d-v4,4
7789,reward,534,0.2319310329586851,0.687,SF-P3O,Walker2d-v4,4
7804,reward,535,-0.9866155341923277,-0.031,SF-P3O,Walker2d-v4,4
7819,reward,536,-1.9781451695346153,-0.502,SF-P3O,Walker2d-v4,4
7834,reward,537,-1.4109653572307839,-0.334,SF-P3O,Walker2d-v4,4
7850,reward,538,0.3098766464908471,-0.23,SF-P3O,Walker2d-v4,4
7866,reward,539,-1.7766977104029895,-0.462,SF-P3O,Walker2d-v4,4
7880,reward,540,-1.8114621153901855,-1.296,SF-P3O,Walker2d-v4,4
7895,reward,541,-5.437885118542436,-1.795,SF-P3O,Walker2d-v4,4
7913,reward,542,6.032690687881548,-1.319,SF-P3O,Walker2d-v4,4
7933,reward,543,7.835156359017869,0.101,SF-P3O,Walker2d-v4,4
7952,reward,544,5.9719006902515215,0.675,SF-P3O,Walker2d-v4,4
7964,reward,545,-0.9512473905906301,0.678,SF-P3O,Walker2d-v4,4
7975,reward,546,1.8346933982877731,1.06,SF-P3O,Walker2d-v4,4
7994,reward,547,-0.26220911502665845,1.174,SF-P3O,Walker2d-v4,4
8019,reward,548,2.11256114222927,1.355,SF-P3O,Walker2d-v4,4
8028,reward,549,-4.173783458780121,1.115,SF-P3O,Walker2d-v4,4
8046,reward,550,0.6211520895115835,1.358,SF-P3O,Walker2d-v4,4
8056,reward,551,1.258959991342931,2.028,SF-P3O,Walker2d-v4,4
8069,reward,552,2.5145439760582198,1.676,SF-P3O,Walker2d-v4,4
8078,reward,553,-1.4368250922840191,0.749,SF-P3O,Walker2d-v4,4
8089,reward,554,-1.9431026881977762,-0.043,SF-P3O,Walker2d-v4,4
8103,reward,555,-0.983068829298842,-0.046,SF-P3O,Walker2d-v4,4
8111,reward,556,-1.5115924764631592,-0.38,SF-P3O,Walker2d-v4,4
8132,reward,557,5.0397772002829795,0.15,SF-P3O,Walker2d-v4,4
8159,reward,558,13.098240991643461,1.248,SF-P3O,Walker2d-v4,4
8167,reward,559,-2.3488231484968978,1.431,SF-P3O,Walker2d-v4,4
8181,reward,560,1.4873422131001575,1.518,SF-P3O,Walker2d-v4,4
8191,reward,561,-1.9644829120093619,1.195,SF-P3O,Walker2d-v4,4
8192,loss,0.02689315751194954,0.6306378245353699,SF-P3O,Walker2d-v4,4
8202,reward,562,-0.14413028126843908,0.929,SF-P3O,Walker2d-v4,4
8214,reward,563,2.6719249099031837,1.34,SF-P3O,Walker2d-v4,4
8234,reward,564,0.6938924181210857,1.604,SF-P3O,Walker2d-v4,4
8248,reward,565,-1.5627197346532458,1.546,SF-P3O,Walker2d-v4,4
8276,reward,566,16.43898830902869,3.341,SF-P3O,Walker2d-v4,4
8310,reward,567,10.262422457587615,3.863,SF-P3O,Walker2d-v4,4
8323,reward,568,3.9880241252988906,2.952,SF-P3O,Walker2d-v4,4
8333,reward,569,-0.38528937815664244,3.149,SF-P3O,Walker2d-v4,4
8348,reward,570,5.163412247662782,3.516,SF-P3O,Walker2d-v4,4
8377,reward,571,12.796221321324547,4.992,SF-P3O,Walker2d-v4,4
8389,reward,572,1.3784041044338255,5.145,SF-P3O,Walker2d-v4,4
8414,reward,573,11.494062220885965,6.027,SF-P3O,Walker2d-v4,4
8438,reward,574,9.467896507004314,6.904,SF-P3O,Walker2d-v4,4
8449,reward,575,-0.7799487000182574,6.982,SF-P3O,Walker2d-v4,4
8463,reward,576,-3.73108821885664,4.965,SF-P3O,Walker2d-v4,4
8475,reward,577,2.375051494492483,4.177,SF-P3O,Walker2d-v4,4
8515,reward,578,25.62110720224213,6.34,SF-P3O,Walker2d-v4,4
8534,reward,579,2.649957380354518,6.644,SF-P3O,Walker2d-v4,4
8549,reward,580,6.1614606858063565,6.743,SF-P3O,Walker2d-v4,4
8561,reward,581,1.1775147572288107,5.581,SF-P3O,Walker2d-v4,4
8586,reward,582,12.509611926678339,6.695,SF-P3O,Walker2d-v4,4
8600,reward,583,0.8644044838566147,5.632,SF-P3O,Walker2d-v4,4
8615,reward,584,6.008752652566565,5.286,SF-P3O,Walker2d-v4,4
8626,reward,585,1.1447877238354915,5.478,SF-P3O,Walker2d-v4,4
8648,reward,586,9.929488411125325,6.844,SF-P3O,Walker2d-v4,4
8661,reward,587,1.501939820822747,6.757,SF-P3O,Walker2d-v4,4
8672,reward,588,2.45188696643426,4.44,SF-P3O,Walker2d-v4,4
8687,reward,589,2.490289872768841,4.424,SF-P3O,Walker2d-v4,4
8709,reward,590,4.603044556650087,4.268,SF-P3O,Walker2d-v4,4
8744,reward,591,3.0176154247452853,4.452,SF-P3O,Walker2d-v4,4
8774,reward,592,8.619646262031033,4.063,SF-P3O,Walker2d-v4,4
8795,reward,593,8.137331596540367,4.79,SF-P3O,Walker2d-v4,4
8823,reward,594,10.884318195542008,5.278,SF-P3O,Walker2d-v4,4
8860,reward,595,16.58791905052257,6.822,SF-P3O,Walker2d-v4,4
8879,reward,596,3.0057347810520643,6.13,SF-P3O,Walker2d-v4,4
8891,reward,597,-2.560163517580661,5.724,SF-P3O,Walker2d-v4,4
8902,reward,598,-2.7255093085002056,5.206,SF-P3O,Walker2d-v4,4
8912,reward,599,0.24108856879926321,4.981,SF-P3O,Walker2d-v4,4
8930,reward,600,4.0650708416357055,4.927,SF-P3O,Walker2d-v4,4
8951,reward,601,-2.855581147932308,4.34,SF-P3O,Walker2d-v4,4
8968,reward,602,2.4867471019180734,3.727,SF-P3O,Walker2d-v4,4
8987,reward,603,1.3135224436406872,3.044,SF-P3O,Walker2d-v4,4
9002,reward,604,-1.016365952911897,1.854,SF-P3O,Walker2d-v4,4
9016,reward,605,-5.2751416534793725,-0.332,SF-P3O,Walker2d-v4,4
9037,reward,606,10.228272645216776,0.39,SF-P3O,Walker2d-v4,4
9048,reward,607,1.0221394700638322,0.748,SF-P3O,Walker2d-v4,4
9069,reward,608,8.563436939782454,1.877,SF-P3O,Walker2d-v4,4
9111,reward,609,33.05076780744098,5.158,SF-P3O,Walker2d-v4,4
9122,reward,610,0.8751797509548657,4.839,SF-P3O,Walker2d-v4,4
9131,reward,611,-0.3561501062871757,5.089,SF-P3O,Walker2d-v4,4
9142,reward,612,0.0412572499922339,4.845,SF-P3O,Walker2d-v4,4
9150,reward,613,-2.4293452078240376,4.47,SF-P3O,Walker2d-v4,4
9164,reward,614,-1.90986293767244,4.381,SF-P3O,Walker2d-v4,4
9177,reward,615,-1.55665996234828,4.753,SF-P3O,Walker2d-v4,4
9198,reward,616,8.013687559933617,4.531,SF-P3O,Walker2d-v4,4
9207,reward,617,0.0322625414452995,4.432,SF-P3O,Walker2d-v4,4
9229,reward,618,2.4827517049866987,3.824,SF-P3O,Walker2d-v4,4
9244,reward,619,2.365329136111442,0.756,SF-P3O,Walker2d-v4,4
9255,reward,620,-2.5537621225284686,0.413,SF-P3O,Walker2d-v4,4
9269,reward,621,2.1386215365942087,0.662,SF-P3O,Walker2d-v4,4
9280,reward,622,1.74125382505743,0.832,SF-P3O,Walker2d-v4,4
9293,reward,623,2.35763683674404,1.311,SF-P3O,Walker2d-v4,4
9321,reward,624,7.505420392679236,2.253,SF-P3O,Walker2d-v4,4
9352,reward,625,18.648562927494016,4.273,SF-P3O,Walker2d-v4,4
9360,reward,626,-2.1217492741941086,3.26,SF-P3O,Walker2d-v4,4
9386,reward,627,4.818494195865485,3.738,SF-P3O,Walker2d-v4,4
9396,reward,628,0.6234044691373202,3.552,SF-P3O,Walker2d-v4,4
9409,reward,629,1.2771295484252276,3.444,SF-P3O,Walker2d-v4,4
9420,reward,630,-1.929179077394187,3.506,SF-P3O,Walker2d-v4,4
9430,reward,631,-1.8886088375909085,3.103,SF-P3O,Walker2d-v4,4
9450,reward,632,-0.6552934981210454,2.864,SF-P3O,Walker2d-v4,4
9479,reward,633,15.94599737473897,4.222,SF-P3O,Walker2d-v4,4
9497,reward,634,2.2418791542631773,3.696,SF-P3O,Walker2d-v4,4
9507,reward,635,0.5632101551565769,1.888,SF-P3O,Walker2d-v4,4
9522,reward,636,4.5509493253526,2.555,SF-P3O,Walker2d-v4,4
9535,reward,637,0.9769138388577905,2.171,SF-P3O,Walker2d-v4,4
9545,reward,638,0.6053232244102182,2.169,SF-P3O,Walker2d-v4,4
9560,reward,639,-6.883009663987005,1.353,SF-P3O,Walker2d-v4,4
9574,reward,640,-5.419846380685792,1.004,SF-P3O,Walker2d-v4,4
9586,reward,641,2.4173367895913858,1.434,SF-P3O,Walker2d-v4,4
9609,reward,642,5.505442523959185,2.05,SF-P3O,Walker2d-v4,4
9622,reward,643,2.154865765973928,0.671,SF-P3O,Walker2d-v4,4
9631,reward,644,-3.2728487182771824,0.12,SF-P3O,Walker2d-v4,4
9643,reward,645,2.591322395128103,0.323,SF-P3O,Walker2d-v4,4
9661,reward,646,2.717931342180444,0.139,SF-P3O,Walker2d-v4,4
9672,reward,647,-0.9082256021651495,-0.049,SF-P3O,Walker2d-v4,4
9689,reward,648,-3.4636172674297754,-0.456,SF-P3O,Walker2d-v4,4
9708,reward,649,7.675977585237027,1.0,SF-P3O,Walker2d-v4,4
9718,reward,650,-0.3869070280250826,1.503,SF-P3O,Walker2d-v4,4
9732,reward,651,2.0213490980969144,1.464,SF-P3O,Walker2d-v4,4
9750,reward,652,5.947127994562189,1.508,SF-P3O,Walker2d-v4,4
9760,reward,653,-1.5662426563699494,1.136,SF-P3O,Walker2d-v4,4
9772,reward,654,2.188600164036598,1.682,SF-P3O,Walker2d-v4,4
9780,reward,655,-1.184739238976461,1.304,SF-P3O,Walker2d-v4,4
9832,reward,656,0.7665201552905816,1.109,SF-P3O,Walker2d-v4,4
9839,reward,657,-2.602379446983729,0.94,SF-P3O,Walker2d-v4,4
9859,reward,658,-0.5957292000063983,1.226,SF-P3O,Walker2d-v4,4
9881,reward,659,-0.6695541946175181,0.392,SF-P3O,Walker2d-v4,4
9892,reward,660,1.0159294818657985,0.532,SF-P3O,Walker2d-v4,4
9905,reward,661,-1.8343671581615484,0.147,SF-P3O,Walker2d-v4,4
9931,reward,662,6.90086950842108,0.242,SF-P3O,Walker2d-v4,4
9943,reward,663,-1.121081338916068,0.286,SF-P3O,Walker2d-v4,4
9964,reward,664,-2.9010328049947294,-0.223,SF-P3O,Walker2d-v4,4
9977,reward,665,1.3029021577069015,0.026,SF-P3O,Walker2d-v4,4
9990,reward,666,2.4924930440315416,0.199,SF-P3O,Walker2d-v4,4
10000,speed,818.29,0.2,SF-P3O,Walker2d-v4,4
10001,spectral,0.000992,0.966142,0.1337,SF-P3O,Walker2d-v4,4
10005,reward,667,-6.81556580670351,-0.223,SF-P3O,Walker2d-v4,4
10026,reward,668,6.73209546140514,0.51,SF-P3O,Walker2d-v4,4
10044,reward,669,3.248653093371459,0.902,SF-P3O,Walker2d-v4,4
10057,reward,670,1.2774332739223255,0.928,SF-P3O,Walker2d-v4,4
10083,reward,671,7.852916279834997,1.897,SF-P3O,Walker2d-v4,4
10106,reward,672,-0.6413991676586304,1.143,SF-P3O,Walker2d-v4,4
10120,reward,673,1.5974152707943112,1.415,SF-P3O,Walker2d-v4,4
10160,reward,674,21.306815096613267,3.835,SF-P3O,Walker2d-v4,4
10194,reward,675,16.74749462385506,5.38,SF-P3O,Walker2d-v4,4
10226,reward,676,2.0986673856692093,5.34,SF-P3O,Walker2d-v4,4
10243,reward,677,5.013109410345351,6.523,SF-P3O,Walker2d-v4,4
10252,reward,678,-2.771680751608315,5.573,SF-P3O,Walker2d-v4,4
10273,reward,679,8.219415218025139,6.07,SF-P3O,Walker2d-v4,4
10294,reward,680,9.353433258492231,6.878,SF-P3O,Walker2d-v4,4
10309,reward,681,4.368864643143225,6.529,SF-P3O,Walker2d-v4,4
10326,reward,682,4.06281914312001,7.0,SF-P3O,Walker2d-v4,4
10340,reward,683,0.5879230214253539,6.899,SF-P3O,Walker2d-v4,4
10353,reward,684,-0.8930316162136576,4.679,SF-P3O,Walker2d-v4,4
10367,reward,685,3.4682274879550405,3.351,SF-P3O,Walker2d-v4,4
10378,reward,686,2.2428812907795406,3.365,SF-P3O,Walker2d-v4,4
10452,reward,687,50.129135461669684,7.877,SF-P3O,Walker2d-v4,4
10474,reward,688,10.50389042870748,9.204,SF-P3O,Walker2d-v4,4
10491,reward,689,0.5799710669120093,8.44,SF-P3O,Walker2d-v4,4
10504,reward,690,2.679541707276063,7.773,SF-P3O,Walker2d-v4,4
10536,reward,691,9.534993245583614,8.29,SF-P3O,Walker2d-v4,4
10544,reward,692,-1.348731322792189,7.748,SF-P3O,Walker2d-v4,4
10560,reward,693,5.374076794088002,8.227,SF-P3O,Walker2d-v4,4
10567,reward,694,-1.9311048707981324,8.123,SF-P3O,Walker2d-v4,4
10578,reward,695,0.7827870718644476,7.855,SF-P3O,Walker2d-v4,4
10592,reward,696,0.1711303395244459,7.648,SF-P3O,Walker2d-v4,4
10611,reward,697,5.158992291040339,3.151,SF-P3O,Walker2d-v4,4
10621,reward,698,0.3609213455905832,2.136,SF-P3O,Walker2d-v4,4
10631,reward,699,-1.6134869580024147,1.917,SF-P3O,Walker2d-v4,4
10641,reward,700,-1.7046967043893755,1.478,SF-P3O,Walker2d-v4,4
10653,reward,701,0.9500560674255194,0.62,SF-P3O,Walker2d-v4,4
10692,reward,702,15.118170085053185,2.267,SF-P3O,Walker2d-v4,4
10709,reward,703,-1.9771814542552038,1.532,SF-P3O,Walker2d-v4,4
10727,reward,704,4.493457339153191,2.174,SF-P3O,Walker2d-v4,4
10736,reward,705,-1.9552861744469647,1.9,SF-P3O,Walker2d-v4,4
10749,reward,706,1.7904725154234356,2.062,SF-P3O,Walker2d-v4,4
10767,reward,707,2.073192108938021,1.754,SF-P3O,Walker2d-v4,4
10789,reward,708,11.904836818129477,2.908,SF-P3O,Walker2d-v4,4
10799,reward,709,1.2649750270304145,3.196,SF-P3O,Walker2d-v4,4
10823,reward,710,1.8105472758055394,3.547,SF-P3O,Walker2d-v4,4
10839,reward,711,1.3188488626307635,3.584,SF-P3O,Walker2d-v4,4
10851,reward,712,0.29744064974163453,2.102,SF-P3O,Walker2d-v4,4
10874,reward,713,6.483105202360492,2.948,SF-P3O,Walker2d-v4,4
10887,reward,714,-1.2679061249321852,2.372,SF-P3O,Walker2d-v4,4
10898,reward,715,1.5028062655025507,2.718,SF-P3O,Walker2d-v4,4
10910,reward,716,2.438660225857962,2.783,SF-P3O,Walker2d-v4,4
10922,reward,717,-3.9862902220449277,2.177,SF-P3O,Walker2d-v4,4
10934,reward,718,1.9271295275855889,1.179,SF-P3O,Walker2d-v4,4
10957,reward,719,5.044501595842586,1.557,SF-P3O,Walker2d-v4,4
10979,reward,720,-0.7406983415693995,1.302,SF-P3O,Walker2d-v4,4
11014,reward,721,11.609110157402334,2.331,SF-P3O,Walker2d-v4,4
11044,reward,722,-2.6229677965614213,2.039,SF-P3O,Walker2d-v4,4
11068,reward,723,9.412977662387263,2.332,SF-P3O,Walker2d-v4,4
11080,reward,724,1.1991950765390782,2.578,SF-P3O,Walker2d-v4,4
11094,reward,725,-2.2361672559000807,2.205,SF-P3O,Walker2d-v4,4
11107,reward,726,2.0813078784686803,2.169,SF-P3O,Walker2d-v4,4
11124,reward,727,-0.9532259777464772,2.472,SF-P3O,Walker2d-v4,4
11136,reward,728,1.603214499852962,2.44,SF-P3O,Walker2d-v4,4
11150,reward,729,0.49369111602079785,1.985,SF-P3O,Walker2d-v4,4
11170,reward,730,3.525879627206778,2.411,SF-P3O,Walker2d-v4,4
11201,reward,731,9.790549463248524,2.229,SF-P3O,Walker2d-v4,4
11221,reward,732,5.317907703030085,3.024,SF-P3O,Walker2d-v4,4
11233,reward,733,0.8616314094739319,2.168,SF-P3O,Walker2d-v4,4
11250,reward,734,-2.4844315868012448,1.8,SF-P3O,Walker2d-v4,4
11281,reward,735,11.14672638873978,3.138,SF-P3O,Walker2d-v4,4
11307,reward,736,15.877456009127757,4.518,SF-P3O,Walker2d-v4,4
11327,reward,737,6.446877705503308,5.258,SF-P3O,Walker2d-v4,4
11344,reward,738,2.9422368689564182,5.392,SF-P3O,Walker2d-v4,4
11354,reward,739,1.3553230958700422,5.478,SF-P3O,Walker2d-v4,4
11369,reward,740,-2.6340144614797025,4.862,SF-P3O,Walker2d-v4,4
11395,reward,741,9.028222073988074,4.786,SF-P3O,Walker2d-v4,4
11421,reward,742,10.098107563808446,5.264,SF-P3O,Walker2d-v4,4
11441,reward,743,5.878481609614225,5.765,SF-P3O,Walker2d-v4,4
11457,reward,744,2.213142398215459,6.235,SF-P3O,Walker2d-v4,4
11476,reward,745,7.341116483033724,5.855,SF-P3O,Walker2d-v4,4
11513,reward,746,21.84936742344791,6.452,SF-P3O,Walker2d-v4,4
11525,reward,747,1.0811076177389214,5.915,SF-P3O,Walker2d-v4,4
11540,reward,748,1.602678990114574,5.781,SF-P3O,Walker2d-v4,4
11556,reward,749,0.8991037715066217,5.736,SF-P3O,Walker2d-v4,4
11565,reward,750,-2.0406380887819213,5.795,SF-P3O,Walker2d-v4,4
11590,reward,751,7.74539524476776,5.667,SF-P3O,Walker2d-v4,4
11605,reward,752,4.570137621871772,5.114,SF-P3O,Walker2d-v4,4
11615,reward,753,-2.3650459697531785,4.29,SF-P3O,Walker2d-v4,4
11629,reward,754,-0.023414756694976946,4.066,SF-P3O,Walker2d-v4,4
11642,reward,755,2.9957821319467115,3.631,SF-P3O,Walker2d-v4,4
11666,reward,756,-1.7726130430737603,1.269,SF-P3O,Walker2d-v4,4
11674,reward,757,-1.2473090566501985,1.036,SF-P3O,Walker2d-v4,4
11694,reward,758,3.5712704236357258,1.233,SF-P3O,Walker2d-v4,4
11705,reward,759,-2.04866035973257,0.938,SF-P3O,Walker2d-v4,4
11719,reward,760,2.599990942681732,1.403,SF-P3O,Walker2d-v4,4
11733,reward,761,-1.0172252371775952,0.526,SF-P3O,Walker2d-v4,4
11744,reward,762,-3.419403567804655,-0.273,SF-P3O,Walker2d-v4,4
11759,reward,763,-1.4668655560047557,-0.183,SF-P3O,Walker2d-v4,4
11783,reward,764,12.00950533884914,1.02,SF-P3O,Walker2d-v4,4
11799,reward,765,5.156923746738654,1.237,SF-P3O,Walker2d-v4,4
11810,reward,766,1.6843287544315393,1.582,SF-P3O,Walker2d-v4,4
11820,reward,767,-2.691564282217607,1.438,SF-P3O,Walker2d-v4,4
11836,reward,768,4.1478795299412905,1.495,SF-P3O,Walker2d-v4,4
11859,reward,769,4.863351715427707,2.187,SF-P3O,Walker2d-v4,4
11869,reward,770,0.7015985345044146,1.997,SF-P3O,Walker2d-v4,4
11884,reward,771,1.0954509354392568,2.208,SF-P3O,Walker2d-v4,4
11900,reward,772,-4.907762889621245,2.059,SF-P3O,Walker2d-v4,4
11912,reward,773,0.9574824393630459,2.302,SF-P3O,Walker2d-v4,4
11934,reward,774,5.239828410229287,1.625,SF-P3O,Walker2d-v4,4
11948,reward,775,2.3375411347531045,1.343,SF-P3O,Walker2d-v4,4
11977,reward,776,20.682720936672826,3.243,SF-P3O,Walker2d-v4,4
11991,reward,777,-1.7117150453972676,3.341,SF-P3O,Walker2d-v4,4
12000,reward,778,-2.059184393637816,2.72,SF-P3O,Walker2d-v4,4
12018,reward,779,6.6087951542065415,2.894,SF-P3O,Walker2d-v4,4
12027,reward,780,-0.769741045947578,2.747,SF-P3O,Walker2d-v4,4
12051,reward,781,11.062725307020388,3.744,SF-P3O,Walker2d-v4,4
12075,reward,782,9.56778038463855,5.192,SF-P3O,Walker2d-v4,4
12085,reward,783,-2.141188279420672,4.882,SF-P3O,Walker2d-v4,4
12097,reward,784,-1.398825125478338,4.218,SF-P3O,Walker2d-v4,4
12113,reward,785,0.3915299404398743,4.023,SF-P3O,Walker2d-v4,4
12131,reward,786,7.920421096649738,2.747,SF-P3O,Walker2d-v4,4
12148,reward,787,-2.9844244877417623,2.62,SF-P3O,Walker2d-v4,4
12167,reward,788,6.765671870351006,3.502,SF-P3O,Walker2d-v4,4
12182,reward,789,4.352221051563391,3.277,SF-P3O,Walker2d-v4,4
12209,reward,790,7.727609468101732,4.126,SF-P3O,Walker2d-v4,4
12224,reward,791,6.1044886818917075,3.631,SF-P3O,Walker2d-v4,4
12236,reward,792,-0.9810406269435781,2.576,SF-P3O,Walker2d-v4,4
12280,reward,793,33.11472447504662,6.101,SF-P3O,Walker2d-v4,4
12292,reward,794,1.3989683902722412,6.381,SF-P3O,Walker2d-v4,4
12310,reward,795,4.3138329496154535,6.773,SF-P3O,Walker2d-v4,4
12327,reward,796,5.726755159224448,6.554,SF-P3O,Walker2d-v4,4
12342,reward,797,2.592668518737593,7.112,SF-P3O,Walker2d-v4,4
12369,reward,798,4.483938598572697,6.883,SF-P3O,Walker2d-v4,4
12377,reward,799,-0.6839442183266202,6.38,SF-P3O,Walker2d-v4,4
12395,reward,800,4.185730314302444,6.026,SF-P3O,Walker2d-v4,4
12408,reward,801,-1.5190950992344403,5.263,SF-P3O,Walker2d-v4,4
12433,reward,802,12.35112310376547,6.596,SF-P3O,Walker2d-v4,4
12450,reward,803,2.3340450510475548,3.518,SF-P3O,Walker2d-v4,4
12488,reward,804,2.2388278660484993,3.602,SF-P3O,Walker2d-v4,4
12510,reward,805,3.50212228930451,3.521,SF-P3O,Walker2d-v4,4
12525,reward,806,3.072622760467719,3.256,SF-P3O,Walker2d-v4,4
12536,reward,807,1.080999121085593,3.105,SF-P3O,Walker2d-v4,4
12552,reward,808,4.055183412891115,3.062,SF-P3O,Walker2d-v4,4
12568,reward,809,1.1911668072925905,3.249,SF-P3O,Walker2d-v4,4
12580,reward,810,-3.0843395893933927,2.522,SF-P3O,Walker2d-v4,4
12592,reward,811,0.012931679498508042,2.675,SF-P3O,Walker2d-v4,4
12604,reward,812,-0.016591698237823582,1.439,SF-P3O,Walker2d-v4,4
12615,reward,813,1.694022223420585,1.375,SF-P3O,Walker2d-v4,4
12632,reward,814,5.78829888773269,1.73,SF-P3O,Walker2d-v4,4
12648,reward,815,7.213203584739855,2.101,SF-P3O,Walker2d-v4,4
12670,reward,816,4.750486744271238,2.269,SF-P3O,Walker2d-v4,4
12684,reward,817,-1.0095501858507059,2.059,SF-P3O,Walker2d-v4,4
12695,reward,818,0.9250412398226528,1.746,SF-P3O,Walker2d-v4,4
12720,reward,819,3.707950817812988,1.998,SF-P3O,Walker2d-v4,4
12737,reward,820,-3.844020798525255,1.922,SF-P3O,Walker2d-v4,4
12754,reward,821,4.147298361342553,2.336,SF-P3O,Walker2d-v4,4
12775,reward,822,7.373737148016312,3.075,SF-P3O,Walker2d-v4,4
12789,reward,823,4.096453172261449,3.315,SF-P3O,Walker2d-v4,4
12802,reward,824,1.397630673831896,2.876,SF-P3O,Walker2d-v4,4
12814,reward,825,2.306939777452026,2.385,SF-P3O,Walker2d-v4,4
12832,reward,826,4.647277921751849,2.375,SF-P3O,Walker2d-v4,4
12843,reward,827,-0.2056881784893978,2.455,SF-P3O,Walker2d-v4,4
12859,reward,828,-3.066216870877763,2.056,SF-P3O,Walker2d-v4,4
12870,reward,829,-1.9303366732742901,1.492,SF-P3O,Walker2d-v4,4
12883,reward,830,3.3900339509100306,2.216,SF-P3O,Walker2d-v4,4
12896,reward,831,1.7283175876910883,1.974,SF-P3O,Walker2d-v4,4
12915,reward,832,1.274685487571028,1.364,SF-P3O,Walker2d-v4,4
12923,reward,833,-1.2395286849677092,0.83,SF-P3O,Walker2d-v4,4
12947,reward,834,12.25002934746527,1.916,SF-P3O,Walker2d-v4,4
12958,reward,835,-1.6288876405977475,1.522,SF-P3O,Walker2d-v4,4
12970,reward,836,-0.002454966122536817,1.057,SF-P3O,Walker2d-v4,4
12982,reward,837,0.8396662135435312,1.162,SF-P3O,Walker2d-v4,4
12989,reward,838,-3.161432311715532,1.152,SF-P3O,Walker2d-v4,4
13003,reward,839,1.0982594228511513,1.455,SF-P3O,Walker2d-v4,4
13019,reward,840,5.917178222842044,1.708,SF-P3O,Walker2d-v4,4
13028,reward,841,0.07162263356692189,1.542,SF-P3O,Walker2d-v4,4
13038,reward,842,-0.3370878381658027,1.381,SF-P3O,Walker2d-v4,4
13060,reward,843,3.2057721245139144,1.825,SF-P3O,Walker2d-v4,4
13086,reward,844,9.258961070278797,1.526,SF-P3O,Walker2d-v4,4
13113,reward,845,15.743976464964204,3.263,SF-P3O,Walker2d-v4,4
13131,reward,846,8.430877674688737,4.107,SF-P3O,Walker2d-v4,4
13142,reward,847,-0.8100663907835698,3.942,SF-P3O,Walker2d-v4,4
13166,reward,848,12.843424057233236,5.542,SF-P3O,Walker2d-v4,4
13184,reward,849,5.9919091447034685,6.032,SF-P3O,Walker2d-v4,4
13196,reward,850,2.3910294696355168,5.679,SF-P3O,Walker2d-v4,4
13218,reward,851,4.9881814784528755,6.171,SF-P3O,Walker2d-v4,4
13226,reward,852,-2.590874980152776,5.945,SF-P3O,Walker2d-v4,4
13244,reward,853,1.9705615908124308,5.822,SF-P3O,Walker2d-v4,4
13275,reward,854,11.856956323028443,6.082,SF-P3O,Walker2d-v4,4
13289,reward,855,2.700566051790009,4.777,SF-P3O,Walker2d-v4,4
13322,reward,856,16.146961033019394,5.549,SF-P3O,Walker2d-v4,4
13334,reward,857,-2.511381830304431,5.379,SF-P3O,Walker2d-v4,4
13353,reward,858,0.9391337756450765,4.188,SF-P3O,Walker2d-v4,4
13367,reward,859,2.3145298463683,3.821,SF-P3O,Walker2d-v4,4
13388,reward,860,6.333312567207313,4.215,SF-P3O,Walker2d-v4,4
13412,reward,861,12.609961630058484,4.977,SF-P3O,Walker2d-v4,4
13442,reward,862,5.071317597881228,5.743,SF-P3O,Walker2d-v4,4
13456,reward,863,-4.243849001547018,5.122,SF-P3O,Walker2d-v4,4
13473,reward,864,3.532480489608533,4.289,SF-P3O,Walker2d-v4,4
13488,reward,865,-1.6793627021388629,3.851,SF-P3O,Walker2d-v4,4
13503,reward,866,0.513011512017403,2.288,SF-P3O,Walker2d-v4,4
13523,reward,867,2.5270828931585694,2.792,SF-P3O,Walker2d-v4,4
13536,reward,868,-1.4255296045629484,2.555,SF-P3O,Walker2d-v4,4
13561,reward,869,15.497902176148163,3.874,SF-P3O,Walker2d-v4,4
13580,reward,870,7.228728407470564,3.963,SF-P3O,Walker2d-v4,4
13597,reward,871,1.5719672764257588,2.859,SF-P3O,Walker2d-v4,4
13612,reward,872,4.743819892239742,2.827,SF-P3O,Walker2d-v4,4
13622,reward,873,0.3261694489846869,3.284,SF-P3O,Walker2d-v4,4
13641,reward,874,4.910009144374065,3.421,SF-P3O,Walker2d-v4,4
13655,reward,875,0.3637411148861802,3.626,SF-P3O,Walker2d-v4,4
13670,reward,876,-4.582706967873712,3.116,SF-P3O,Walker2d-v4,4
13684,reward,877,2.3187514017182806,3.095,SF-P3O,Walker2d-v4,4
13698,reward,878,1.925257995382613,3.43,SF-P3O,Walker2d-v4,4
13706,reward,879,-0.8409951014753041,1.796,SF-P3O,Walker2d-v4,4
13721,reward,880,-1.6154133461983982,0.912,SF-P3O,Walker2d-v4,4
13734,reward,881,0.7851056243500252,0.833,SF-P3O,Walker2d-v4,4
13744,reward,882,-1.3573437428521609,0.223,SF-P3O,Walker2d-v4,4
13760,reward,883,4.234498451075826,0.614,SF-P3O,Walker2d-v4,4
13782,reward,884,-0.5461780221836867,0.068,SF-P3O,Walker2d-v4,4
13798,reward,885,3.5777630783614365,0.39,SF-P3O,Walker2d-v4,4
13816,reward,886,3.933484756499301,1.241,SF-P3O,Walker2d-v4,4
13831,reward,887,2.1418506790686425,1.224,SF-P3O,Walker2d-v4,4
13853,reward,888,-0.025898936519631155,1.029,SF-P3O,Walker2d-v4,4
13872,reward,889,5.566455642664061,1.669,SF-P3O,Walker2d-v4,4
13885,reward,890,2.225443759709612,2.054,SF-P3O,Walker2d-v4,4
13911,reward,891,8.654055613887742,2.84,SF-P3O,Walker2d-v4,4
13925,reward,892,-4.452610211318818,2.531,SF-P3O,Walker2d-v4,4
13956,reward,893,22.443839365244767,4.352,SF-P3O,Walker2d-v4,4
13970,reward,894,1.6792049073198017,4.574,SF-P3O,Walker2d-v4,4
13980,reward,895,0.7819181608243649,4.295,SF-P3O,Walker2d-v4,4
13999,reward,896,3.603519532334013,4.262,SF-P3O,Walker2d-v4,4
14015,reward,897,6.4302694272887875,4.691,SF-P3O,Walker2d-v4,4
14028,reward,898,0.6362816635143477,4.757,SF-P3O,Walker2d-v4,4
14040,reward,899,0.9489986681507648,4.295,SF-P3O,Walker2d-v4,4
14050,reward,900,-3.3087433324344624,3.742,SF-P3O,Walker2d-v4,4
14059,reward,901,-1.72412514470911,2.704,SF-P3O,Walker2d-v4,4
14071,reward,902,-3.3200752430747733,2.817,SF-P3O,Walker2d-v4,4
14085,reward,903,-1.427937561068432,0.43,SF-P3O,Walker2d-v4,4
14099,reward,904,0.5489983920060484,0.317,SF-P3O,Walker2d-v4,4
14123,reward,905,9.778253316397068,1.217,SF-P3O,Walker2d-v4,4
14133,reward,906,-0.9202154321459719,0.764,SF-P3O,Walker2d-v4,4
14169,reward,907,-3.305676361190254,-0.209,SF-P3O,Walker2d-v4,4
14180,reward,908,2.2379233860735317,-0.049,SF-P3O,Walker2d-v4,4
14197,reward,909,6.230007707529572,0.479,SF-P3O,Walker2d-v4,4
14209,reward,910,-2.847457943177065,0.525,SF-P3O,Walker2d-v4,4
14226,reward,911,7.509761157787681,1.448,SF-P3O,Walker2d-v4,4
14241,reward,912,2.519382028322283,2.032,SF-P3O,Walker2d-v4,4
14251,reward,913,-1.6050047046121776,2.015,SF-P3O,Walker2d-v4,4
14271,reward,914,5.776655110965775,2.537,SF-P3O,Walker2d-v4,4
14288,reward,915,6.306035120784822,2.19,SF-P3O,Walker2d-v4,4
14307,reward,916,4.412261820657955,2.723,SF-P3O,Walker2d-v4,4
14317,reward,917,0.5381259494396113,3.108,SF-P3O,Walker2d-v4,4
14325,reward,918,-3.154612148380947,2.569,SF-P3O,Walker2d-v4,4
14338,reward,919,1.9330210926707057,2.139,SF-P3O,Walker2d-v4,4
14350,reward,920,-1.179348509329747,2.306,SF-P3O,Walker2d-v4,4
14362,reward,921,2.268874598634564,1.782,SF-P3O,Walker2d-v4,4
14395,reward,922,17.446511607853772,3.274,SF-P3O,Walker2d-v4,4
14416,reward,923,12.725666664477885,4.707,SF-P3O,Walker2d-v4,4
14436,reward,924,3.1392220037902154,4.444,SF-P3O,Walker2d-v4,4
14462,reward,925,8.919984544044766,4.705,SF-P3O,Walker2d-v4,4
14473,reward,926,-0.983572805207385,4.165,SF-P3O,Walker2d-v4,4
14489,reward,927,-2.290437075781173,3.883,SF-P3O,Walker2d-v4,4
14503,reward,928,0.4086869114323193,4.239,SF-P3O,Walker2d-v4,4
14516,reward,929,-1.3755314723511871,3.908,SF-P3O,Walker2d-v4,4
14541,reward,930,13.009170384216022,5.327,SF-P3O,Walker2d-v4,4
14553,reward,931,-6.264251197812731,4.474,SF-P3O,Walker2d-v4,4
14568,reward,932,6.757916480577144,3.405,SF-P3O,Walker2d-v4,4
14590,reward,933,4.214922225234721,2.554,SF-P3O,Walker2d-v4,4
14605,reward,934,0.6955675585372978,2.309,SF-P3O,Walker2d-v4,4
14623,reward,935,3.3612510816254058,1.753,SF-P3O,Walker2d-v4,4
14655,reward,936,20.12140444980221,3.864,SF-P3O,Walker2d-v4,4
14679,reward,937,7.483722620066468,4.841,SF-P3O,Walker2d-v4,4
14693,reward,938,0.4681015210993835,4.847,SF-P3O,Walker2d-v4,4
14706,reward,939,0.3338569017418158,5.018,SF-P3O,Walker2d-v4,4
14717,reward,940,0.713792380039639,3.789,SF-P3O,Walker2d-v4,4
14737,reward,941,1.2972995984373832,4.545,SF-P3O,Walker2d-v4,4
14749,reward,942,1.759463674752768,4.045,SF-P3O,Walker2d-v4,4
14764,reward,943,-0.38751892228096474,3.585,SF-P3O,Walker2d-v4,4
14776,reward,944,1.19422094657568,3.635,SF-P3O,Walker2d-v4,4
14798,reward,945,9.157295201888,4.214,SF-P3O,Walker2d-v4,4
14817,reward,946,7.106898386388848,2.913,SF-P3O,Walker2d-v4,4
14824,reward,947,-3.1317148807153066,1.851,SF-P3O,Walker2d-v4,4
14832,reward,948,-4.0859261051801985,1.396,SF-P3O,Walker2d-v4,4
14851,reward,949,6.0555771384631,1.968,SF-P3O,Walker2d-v4,4
14872,reward,950,0.2550402518198057,1.922,SF-P3O,Walker2d-v4,4
14909,reward,951,14.598256745040773,3.252,SF-P3O,Walker2d-v4,4
14927,reward,952,6.257352480834718,3.702,SF-P3O,Walker2d-v4,4
14936,reward,953,-3.4171223983801764,3.399,SF-P3O,Walker2d-v4,4
14948,reward,954,-1.1858763903991716,3.161,SF-P3O,Walker2d-v4,4
14958,reward,955,-2.35329503424331,2.01,SF-P3O,Walker2d-v4,4
14972,reward,956,3.4786453342719232,1.647,SF-P3O,Walker2d-v4,4
15008,reward,957,16.09441880026607,3.57,SF-P3O,Walker2d-v4,4
15019,reward,958,1.6833583832596655,4.147,SF-P3O,Walker2d-v4,4
15039,reward,959,2.4357018844716016,3.785,SF-P3O,Walker2d-v4,4
15054,reward,960,1.6401241265719522,3.923,SF-P3O,Walker2d-v4,4
15077,reward,961,4.7269978487085105,2.936,SF-P3O,Walker2d-v4,4
15088,reward,962,-2.691704888584956,2.041,SF-P3O,Walker2d-v4,4
15102,reward,963,2.4209985352987013,2.625,SF-P3O,Walker2d-v4,4
15125,reward,964,-0.19481914181079873,2.724,SF-P3O,Walker2d-v4,4
15135,reward,965,-0.18410020309345954,2.941,SF-P3O,Walker2d-v4,4
15150,reward,966,-1.1654658427101512,2.477,SF-P3O,Walker2d-v4,4
15166,reward,967,-0.4222690273717553,0.825,SF-P3O,Walker2d-v4,4
15181,reward,968,-1.2433398735656458,0.532,SF-P3O,Walker2d-v4,4
15192,reward,969,2.0035330053925136,0.489,SF-P3O,Walker2d-v4,4
15223,reward,970,3.459256372470141,0.671,SF-P3O,Walker2d-v4,4
15240,reward,971,1.8870544744191688,0.387,SF-P3O,Walker2d-v4,4
15251,reward,972,2.004701087028106,0.857,SF-P3O,Walker2d-v4,4
15266,reward,973,3.7768438480186575,0.992,SF-P3O,Walker2d-v4,4
15288,reward,974,1.902973414888958,1.202,SF-P3O,Walker2d-v4,4
15301,reward,975,0.3732617901558417,1.258,SF-P3O,Walker2d-v4,4
15309,reward,976,-2.842683133801067,1.09,SF-P3O,Walker2d-v4,4
15322,reward,977,2.1213456884568886,1.344,SF-P3O,Walker2d-v4,4
15347,reward,978,0.34350660665047084,1.503,SF-P3O,Walker2d-v4,4
15358,reward,979,-1.9212924668539166,1.11,SF-P3O,Walker2d-v4,4
15368,reward,980,-2.0288627726049766,0.562,SF-P3O,Walker2d-v4,4
15379,reward,981,-1.4470227107147684,0.228,SF-P3O,Walker2d-v4,4
15394,reward,982,-1.6143162375253917,-0.134,SF-P3O,Walker2d-v4,4
15416,reward,983,11.514939900493538,0.64,SF-P3O,Walker2d-v4,4
15430,reward,984,2.3512555831363064,0.685,SF-P3O,Walker2d-v4,4
15439,reward,985,-3.533913132548507,0.294,SF-P3O,Walker2d-v4,4
15465,reward,986,8.211965912106098,1.4,SF-P3O,Walker2d-v4,4
15482,reward,987,1.844230709983969,1.372,SF-P3O,Walker2d-v4,4
15495,reward,988,-3.7853565519558243,0.959,SF-P3O,Walker2d-v4,4
15517,reward,989,3.125191476445115,1.464,SF-P3O,Walker2d-v4,4
15529,reward,990,-2.224912594930382,1.444,SF-P3O,Walker2d-v4,4
15538,reward,991,-1.6876505558872534,1.42,SF-P3O,Walker2d-v4,4
15554,reward,992,5.926002995815008,2.174,SF-P3O,Walker2d-v4,4
15564,reward,993,-3.0372102118551503,0.719,SF-P3O,Walker2d-v4,4
15588,reward,994,2.8039285508195553,0.764,SF-P3O,Walker2d-v4,4
15607,reward,995,11.235869599735189,2.241,SF-P3O,Walker2d-v4,4
15636,reward,996,12.310062913611182,2.651,SF-P3O,Walker2d-v4,4
15653,reward,997,7.846556862113333,3.251,SF-P3O,Walker2d-v4,4
15669,reward,998,-1.6964045377416008,3.46,SF-P3O,Walker2d-v4,4
15685,reward,999,5.054623208604008,3.653,SF-P3O,Walker2d-v4,4
15697,reward,1000,-0.6201660247185392,3.814,SF-P3O,Walker2d-v4,4
15710,reward,1001,-0.6067777315232998,3.922,SF-P3O,Walker2d-v4,4
15737,reward,1002,8.508519147161334,4.18,SF-P3O,Walker2d-v4,4
15751,reward,1003,3.385738864012791,4.822,SF-P3O,Walker2d-v4,4
15763,reward,1004,-2.124160009463906,4.329,SF-P3O,Walker2d-v4,4
15777,reward,1005,-3.790442997683825,2.827,SF-P3O,Walker2d-v4,4
15786,reward,1006,-0.520971999865577,1.544,SF-P3O,Walker2d-v4,4
15810,reward,1007,7.103219186527384,1.469,SF-P3O,Walker2d-v4,4
15819,reward,1008,-0.11738903888315644,1.627,SF-P3O,Walker2d-v4,4
15841,reward,1009,4.272239673637799,1.549,SF-P3O,Walker2d-v4,4
15863,reward,1010,7.796628383079974,2.391,SF-P3O,Walker2d-v4,4
15871,reward,1011,-1.954704503362831,2.256,SF-P3O,Walker2d-v4,4
15882,reward,1012,-1.8642510476665592,1.219,SF-P3O,Walker2d-v4,4
15913,reward,1013,7.448830598431144,1.625,SF-P3O,Walker2d-v4,4
15931,reward,1014,8.35885310768121,2.673,SF-P3O,Walker2d-v4,4
15952,reward,1015,4.0039942112399585,3.453,SF-P3O,Walker2d-v4,4
15961,reward,1016,-2.7559287544827207,3.229,SF-P3O,Walker2d-v4,4
15969,reward,1017,-1.3524316883045349,2.384,SF-P3O,Walker2d-v4,4
15982,reward,1018,1.5504813720315154,2.55,SF-P3O,Walker2d-v4,4
15995,reward,1019,-1.7668583423729285,1.946,SF-P3O,Walker2d-v4,4
16027,reward,1020,19.048469400676773,3.072,SF-P3O,Walker2d-v4,4
16040,reward,1021,1.1320129467592013,3.38,SF-P3O,Walker2d-v4,4
16054,reward,1022,3.1202250749899827,3.879,SF-P3O,Walker2d-v4,4
16067,reward,1023,1.95989337034062,3.33,SF-P3O,Walker2d-v4,4
16092,reward,1024,5.514276353551406,3.045,SF-P3O,Walker2d-v4,4
16111,reward,1025,1.5873057203849907,2.804,SF-P3O,Walker2d-v4,4
16122,reward,1026,-1.667918853771719,2.913,SF-P3O,Walker2d-v4,4
16131,reward,1027,-5.989680583189351,2.449,SF-P3O,Walker2d-v4,4
16152,reward,1028,7.82042623008973,3.076,SF-P3O,Walker2d-v4,4
16168,reward,1029,3.924263982990269,3.645,SF-P3O,Walker2d-v4,4
16180,reward,1030,-0.04543713569813512,1.736,SF-P3O,Walker2d-v4,4
16195,reward,1031,0.7821172329105455,1.701,SF-P3O,Walker2d-v4,4
16231,reward,1032,15.40929659281521,2.929,SF-P3O,Walker2d-v4,4
16251,reward,1033,7.376212417509495,3.471,SF-P3O,Walker2d-v4,4
16265,reward,1034,2.4918604897417307,3.169,SF-P3O,Walker2d-v4,4
16285,reward,1035,4.311083198974548,3.441,SF-P3O,Walker2d-v4,4
16298,reward,1036,2.93852103265721,3.902,SF-P3O,Walker2d-v4,4
16312,reward,1037,-2.956279604464564,4.205,SF-P3O,Walker2d-v4,4
16328,reward,1038,0.9029738914489749,3.513,SF-P3O,Walker2d-v4,4
16353,reward,1039,1.7833597219235275,3.299,SF-P3O,Walker2d-v4,4
16363,reward,1040,-4.483170729472179,2.856,SF-P3O,Walker2d-v4,4
16384,loss,0.05823493003845215,0.7608530521392822,SF-P3O,Walker2d-v4,4
16384,diagnostics,0.0,53.04,4.5117,0.0029,0.969761,0.1426,0.129721,SF-P3O,Walker2d-v4,4
16385,reward,1041,-4.5874108990875015,2.319,SF-P3O,Walker2d-v4,4
16413,reward,1042,6.6817929638140425,1.446,SF-P3O,Walker2d-v4,4
16430,reward,1043,6.887944232303944,1.397,SF-P3O,Walker2d-v4,4
16465,reward,1044,15.267986169137586,2.675,SF-P3O,Walker2d-v4,4
16493,reward,1045,12.385388438165123,3.482,SF-P3O,Walker2d-v4,4
16523,reward,1046,20.314032270039192,5.22,SF-P3O,Walker2d-v4,4
16585,reward,1047,42.791900436167445,9.794,SF-P3O,Walker2d-v4,4
16606,reward,1048,9.339014768079808,10.638,SF-P3O,Walker2d-v4,4
16649,reward,1049,24.4760946192124,12.907,SF-P3O,Walker2d-v4,4
16660,reward,1050,2.034576537104683,13.559,SF-P3O,Walker2d-v4,4
16677,reward,1051,6.276584494048873,14.646,SF-P3O,Walker2d-v4,4
16699,reward,1052,3.930026028637331,14.37,SF-P3O,Walker2d-v4,4
16753,reward,1053,42.72530372778918,17.954,SF-P3O,Walker2d-v4,4
16781,reward,1054,5.765000785681686,17.004,SF-P3O,Walker2d-v4,4
16801,reward,1055,7.457432649141255,16.511,SF-P3O,Walker2d-v4,4
16818,reward,1056,4.7940935693126505,14.959,SF-P3O,Walker2d-v4,4
16833,reward,1057,4.696076055039429,11.149,SF-P3O,Walker2d-v4,4
16868,reward,1058,26.61541815851825,12.877,SF-P3O,Walker2d-v4,4
16889,reward,1059,10.807972143517105,11.51,SF-P3O,Walker2d-v4,4
16917,reward,1060,16.888201796094766,12.996,SF-P3O,Walker2d-v4,4
16931,reward,1061,4.0012404534412624,12.768,SF-P3O,Walker2d-v4,4
16950,reward,1062,3.814255948138751,12.756,SF-P3O,Walker2d-v4,4
16980,reward,1063,16.07876343785738,10.092,SF-P3O,Walker2d-v4,4
16995,reward,1064,5.883347991887258,10.104,SF-P3O,Walker2d-v4,4
17005,reward,1065,-4.649084367823997,8.893,SF-P3O,Walker2d-v4,4
17022,reward,1066,0.9453897702493812,8.508,SF-P3O,Walker2d-v4,4
17033,reward,1067,1.4936650888918206,8.188,SF-P3O,Walker2d-v4,4
17057,reward,1068,3.3901066075838457,5.865,SF-P3O,Walker2d-v4,4
17103,reward,1069,34.798373414791634,8.264,SF-P3O,Walker2d-v4,4
17117,reward,1070,0.3603128523345962,6.612,SF-P3O,Walker2d-v4,4
17167,reward,1071,24.714829196597652,8.683,SF-P3O,Walker2d-v4,4
17217,reward,1072,23.268009336774405,10.628,SF-P3O,Walker2d-v4,4
17232,reward,1073,5.553808835815224,9.576,SF-P3O,Walker2d-v4,4
17245,reward,1074,1.0901835692764625,9.097,SF-P3O,Walker2d-v4,4
17280,reward,1075,22.731853379070696,11.835,SF-P3O,Walker2d-v4,4
17310,reward,1076,19.309023207590013,13.671,SF-P3O,Walker2d-v4,4
17357,reward,1077,18.446629412227843,15.366,SF-P3O,Walker2d-v4,4
17398,reward,1078,15.940800156786922,16.621,SF-P3O,Walker2d-v4,4
17415,reward,1079,6.64102209171566,13.806,SF-P3O,Walker2d-v4,4
17448,reward,1080,18.629867030259458,15.633,SF-P3O,Walker2d-v4,4
17463,reward,1081,5.566907551022612,13.718,SF-P3O,Walker2d-v4,4
17480,reward,1082,2.1866924090282147,11.61,SF-P3O,Walker2d-v4,4
17496,reward,1083,1.926158411676942,11.247,SF-P3O,Walker2d-v4,4
17517,reward,1084,7.470861148960693,11.885,SF-P3O,Walker2d-v4,4
17546,reward,1085,11.982563543239642,10.81,SF-P3O,Walker2d-v4,4
17576,reward,1086,11.142051364722487,9.993,SF-P3O,Walker2d-v4,4
17609,reward,1087,9.653067659412558,9.114,SF-P3O,Walker2d-v4,4
17621,reward,1088,-0.6743225794055143,7.452,SF-P3O,Walker2d-v4,4
17646,reward,1089,18.211709563575237,8.61,SF-P3O,Walker2d-v4,4
17669,reward,1090,12.321792824923293,7.979,SF-P3O,Walker2d-v4,4
17689,reward,1091,7.051972780652834,8.127,SF-P3O,Walker2d-v4,4
17715,reward,1092,8.515675651255153,8.76,SF-P3O,Walker2d-v4,4
17750,reward,1093,12.643872783634476,9.832,SF-P3O,Walker2d-v4,4
17813,reward,1094,29.804229671484013,12.065,SF-P3O,Walker2d-v4,4
17826,reward,1095,3.0795599518046934,11.175,SF-P3O,Walker2d-v4,4
17847,reward,1096,6.7919119047412835,10.74,SF-P3O,Walker2d-v4,4
17881,reward,1097,24.36404914060368,12.211,SF-P3O,Walker2d-v4,4
17893,reward,1098,-2.7025973511015158,12.008,SF-P3O,Walker2d-v4,4
17904,reward,1099,1.7523250413980977,10.362,SF-P3O,Walker2d-v4,4
17926,reward,1100,8.019718506372824,9.932,SF-P3O,Walker2d-v4,4
17936,reward,1101,-0.87551235446071,9.139,SF-P3O,Walker2d-v4,4
17953,reward,1102,3.9337160863131833,8.681,SF-P3O,Walker2d-v4,4
17963,reward,1103,-0.2939135047912331,7.387,SF-P3O,Walker2d-v4,4
17989,reward,1104,10.859595364044992,5.493,SF-P3O,Walker2d-v4,4
18012,reward,1105,5.652173982803588,5.75,SF-P3O,Walker2d-v4,4
18026,reward,1106,-0.7704188236397163,4.994,SF-P3O,Walker2d-v4,4
18041,reward,1107,-0.5648800366325494,2.501,SF-P3O,Walker2d-v4,4
18087,reward,1108,24.185545704444564,5.19,SF-P3O,Walker2d-v4,4
18121,reward,1109,23.551208436713527,7.37,SF-P3O,Walker2d-v4,4
18192,reward,1110,13.722834712765126,7.94,SF-P3O,Walker2d-v4,4
18229,reward,1111,25.19928373190225,10.548,SF-P3O,Walker2d-v4,4
18275,reward,1112,22.000724953284696,12.354,SF-P3O,Walker2d-v4,4
18285,reward,1113,-0.8330532093658292,12.3,SF-P3O,Walker2d-v4,4
18297,reward,1114,-0.6628919781203706,11.148,SF-P3O,Walker2d-v4,4
18313,reward,1115,7.079769669035205,11.291,SF-P3O,Walker2d-v4,4
18325,reward,1116,-0.0992637478985493,11.358,SF-P3O,Walker2d-v4,4
18353,reward,1117,12.22837623846413,12.637,SF-P3O,Walker2d-v4,4
18401,reward,1118,12.542910736475704,11.473,SF-P3O,Walker2d-v4,4
18420,reward,1119,0.892104870813977,9.207,SF-P3O,Walker2d-v4,4
18452,reward,1120,20.493445282530978,9.884,SF-P3O,Walker2d-v4,4
18472,reward,1121,4.969678595927551,7.861,SF-P3O,Walker2d-v4,4
18493,reward,1122,8.175066516418271,6.479,SF-P3O,Walker2d-v4,4
18512,reward,1123,9.793924457762666,7.541,SF-P3O,Walker2d-v4,4
18532,reward,1124,8.990298234766714,8.507,SF-P3O,Walker2d-v4,4
18564,reward,1125,15.832087001281973,9.382,SF-P3O,Walker2d-v4,4
18575,reward,1126,1.7769286532373179,9.569,SF-P3O,Walker2d-v4,4
18609,reward,1127,10.959939284623209,9.443,SF-P3O,Walker2d-v4,4
18632,reward,1128,3.871458875970903,8.575,SF-P3O,Walker2d-v4,4
18645,reward,1129,-0.2861141168759225,8.458,SF-P3O,Walker2d-v4,4
18664,reward,1130,3.5068840901452596,6.759,SF-P3O,Walker2d-v4,4
18681,reward,1131,3.728256156753784,6.635,SF-P3O,Walker2d-v4,4
18698,reward,1132,3.0420745689150834,6.122,SF-P3O,Walker2d-v4,4
18742,reward,1133,24.044364741110346,7.547,SF-P3O,Walker2d-v4,4
18771,reward,1134,-0.3892125391186013,6.609,SF-P3O,Walker2d-v4,4
18816,reward,1135,25.434329004551206,7.569,SF-P3O,Walker2d-v4,4
18851,reward,1136,20.379160835995297,9.429,SF-P3O,Walker2d-v4,4
18869,reward,1137,-0.09513275397240262,8.324,SF-P3O,Walker2d-v4,4
18886,reward,1138,6.811967256718797,8.618,SF-P3O,Walker2d-v4,4
18920,reward,1139,15.692444737187449,10.216,SF-P3O,Walker2d-v4,4
18932,reward,1140,2.684730086543143,10.133,SF-P3O,Walker2d-v4,4
18960,reward,1141,14.454558855735385,11.206,SF-P3O,Walker2d-v4,4
18991,reward,1142,12.440564648086465,12.146,SF-P3O,Walker2d-v4,4
19001,reward,1143,-0.7482297759423944,9.667,SF-P3O,Walker2d-v4,4
19014,reward,1144,2.1684442512659587,9.922,SF-P3O,Walker2d-v4,4
19037,reward,1145,13.235587236512973,8.702,SF-P3O,Walker2d-v4,4
19064,reward,1146,15.52934187196515,8.217,SF-P3O,Walker2d-v4,4
19086,reward,1147,-1.393986852972433,8.088,SF-P3O,Walker2d-v4,4
19097,reward,1148,0.44804404275088594,7.451,SF-P3O,Walker2d-v4,4
19107,reward,1149,-0.7484113034492716,5.807,SF-P3O,Walker2d-v4,4
19125,reward,1150,9.501451501877941,6.489,SF-P3O,Walker2d-v4,4
19144,reward,1151,1.5896329337336847,5.202,SF-P3O,Walker2d-v4,4
19156,reward,1152,1.3348764463477585,4.092,SF-P3O,Walker2d-v4,4
19168,reward,1153,3.1995439064492754,4.486,SF-P3O,Walker2d-v4,4
19184,reward,1154,3.1100977956830738,4.581,SF-P3O,Walker2d-v4,4
19193,reward,1155,-0.6154511101669138,3.196,SF-P3O,Walker2d-v4,4
19210,reward,1156,6.808752869295032,2.323,SF-P3O,Walker2d-v4,4
19237,reward,1157,14.124301292034584,3.875,SF-P3O,Walker2d-v4,4
19257,reward,1158,6.539677540829199,4.484,SF-P3O,Walker2d-v4,4
19267,reward,1159,0.2873682939083705,4.588,SF-P3O,Walker2d-v4,4
19290,reward,1160,1.3165746926356847,3.77,SF-P3O,Walker2d-v4,4
19315,reward,1161,12.285997747254532,4.839,SF-P3O,Walker2d-v4,4
19329,reward,1162,3.820464069811976,5.088,SF-P3O,Walker2d-v4,4
19363,reward,1163,7.358200147266043,5.504,SF-P3O,Walker2d-v4,4
19417,reward,1164,38.68590300580021,9.061,SF-P3O,Walker2d-v4,4
19440,reward,1165,-1.9023833955666425,8.932,SF-P3O,Walker2d-v4,4
19462,reward,1166,1.2365437459949662,8.375,SF-P3O,Walker2d-v4,4
19478,reward,1167,-0.2323639785859044,6.94,SF-P3O,Walker2d-v4,4
19498,reward,1168,7.985366230011422,7.084,SF-P3O,Walker2d-v4,4
19512,reward,1169,1.0219513775469884,7.158,SF-P3O,Walker2d-v4,4
19544,reward,1170,10.326117767420874,8.059,SF-P3O,Walker2d-v4,4
19586,reward,1171,12.714472013905807,8.101,SF-P3O,Walker2d-v4,4
19599,reward,1172,1.911589742735167,7.911,SF-P3O,Walker2d-v4,4
19622,reward,1173,9.118500313214945,8.087,SF-P3O,Walker2d-v4,4
19635,reward,1174,1.888851372553213,4.407,SF-P3O,Walker2d-v4,4
19651,reward,1175,2.891141389347556,4.886,SF-P3O,Walker2d-v4,4
19664,reward,1176,1.3815860968032836,4.901,SF-P3O,Walker2d-v4,4
19717,reward,1177,49.16377303958372,9.84,SF-P3O,Walker2d-v4,4
19774,reward,1178,32.313753120765575,12.273,SF-P3O,Walker2d-v4,4
19788,reward,1179,5.8242205082719,12.753,SF-P3O,Walker2d-v4,4
19800,reward,1180,1.6948041668135696,11.89,SF-P3O,Walker2d-v4,4
19818,reward,1181,2.5715429634716127,10.876,SF-P3O,Walker2d-v4,4
19829,reward,1182,1.0975267030506597,10.795,SF-P3O,Walker2d-v4,4
19845,reward,1183,5.064853725096067,10.389,SF-P3O,Walker2d-v4,4
19882,reward,1184,17.606905347049715,11.961,SF-P3O,Walker2d-v4,4
19892,reward,1185,-0.5009162291046096,11.622,SF-P3O,Walker2d-v4,4
19903,reward,1186,-0.9934139752530883,11.384,SF-P3O,Walker2d-v4,4
19919,reward,1187,2.927673550101566,6.761,SF-P3O,Walker2d-v4,4
19970,reward,1188,38.45682003154035,7.375,SF-P3O,Walker2d-v4,4
19995,reward,1189,10.692363287481113,7.862,SF-P3O,Walker2d-v4,4
20000,speed,657.43,0.46,SF-P3O,Walker2d-v4,4
20001,spectral,0.0029,0.969761,0.1426,SF-P3O,Walker2d-v4,4
20020,reward,1190,12.66298607942886,8.959,SF-P3O,Walker2d-v4,4
20048,reward,1191,2.4930748886434193,8.951,SF-P3O,Walker2d-v4,4
20091,reward,1192,27.740396879322383,11.615,SF-P3O,Walker2d-v4,4
20123,reward,1193,14.683189678996763,12.577,SF-P3O,Walker2d-v4,4
20144,reward,1194,9.93285905518566,11.81,SF-P3O,Walker2d-v4,4
20160,reward,1195,8.070532375942285,12.667,SF-P3O,Walker2d-v4,4
20172,reward,1196,0.4671297063151465,12.813,SF-P3O,Walker2d-v4,4
20183,reward,1197,0.9293793238293613,12.613,SF-P3O,Walker2d-v4,4
20219,reward,1198,11.902510441574119,9.957,SF-P3O,Walker2d-v4,4
20231,reward,1199,1.0477787805029521,8.993,SF-P3O,Walker2d-v4,4
20245,reward,1200,-1.6439835688654842,7.562,SF-P3O,Walker2d-v4,4
20283,reward,1201,20.74623503631916,9.388,SF-P3O,Walker2d-v4,4
20292,reward,1202,-3.373989266566464,6.276,SF-P3O,Walker2d-v4,4
20312,reward,1203,0.8247659605900768,4.89,SF-P3O,Walker2d-v4,4
20343,reward,1204,7.531842265121975,4.65,SF-P3O,Walker2d-v4,4
20357,reward,1205,2.6138005619348776,4.105,SF-P3O,Walker2d-v4,4
20399,reward,1206,27.866213448705142,6.844,SF-P3O,Walker2d-v4,4
20445,reward,1207,23.34977613388862,9.086,SF-P3O,Walker2d-v4,4
20453,reward,1208,-3.1360683651522896,7.583,SF-P3O,Walker2d-v4,4
20468,reward,1209,-3.621105254667315,7.116,SF-P3O,Walker2d-v4,4
20487,reward,1210,2.2281092538734555,7.503,SF-P3O,Walker2d-v4,4
20512,reward,1211,12.942412824063348,6.723,SF-P3O,Walker2d-v4,4
20523,reward,1212,-2.2683822846337183,6.833,SF-P3O,Walker2d-v4,4
20577,reward,1213,21.634020861755538,8.914,SF-P3O,Walker2d-v4,4
20601,reward,1214,9.653576611828756,9.126,SF-P3O,Walker2d-v4,4
20612,reward,1215,0.6660259680873787,8.931,SF-P3O,Walker2d-v4,4
20627,reward,1216,2.5558086047867095,6.4,SF-P3O,Walker2d-v4,4
20677,reward,1217,39.191411904583205,7.985,SF-P3O,Walker2d-v4,4
20696,reward,1218,10.077416754149287,9.306,SF-P3O,Walker2d-v4,4
20716,reward,1219,5.706681066691513,10.239,SF-P3O,Walker2d-v4,4
20727,reward,1220,-3.9740537549719637,9.618,SF-P3O,Walker2d-v4,4
20754,reward,1221,17.076512170498518,10.032,SF-P3O,Walker2d-v4,4
20763,reward,1222,-0.3210406561875865,10.227,SF-P3O,Walker2d-v4,4
20784,reward,1223,7.218116207033265,8.785,SF-P3O,Walker2d-v4,4
20805,reward,1224,1.1383601147001587,7.934,SF-P3O,Walker2d-v4,4
20843,reward,1225,17.995082207237168,9.666,SF-P3O,Walker2d-v4,4
20869,reward,1226,12.654916778611168,10.676,SF-P3O,Walker2d-v4,4
20884,reward,1227,0.36472341535693453,6.794,SF-P3O,Walker2d-v4,4
20894,reward,1228,-2.743373217915824,5.512,SF-P3O,Walker2d-v4,4
20905,reward,1229,1.483844817358483,5.089,SF-P3O,Walker2d-v4,4
20925,reward,1230,5.934423396290217,6.08,SF-P3O,Walker2d-v4,4
20947,reward,1231,0.3094946201689943,4.403,SF-P3O,Walker2d-v4,4
20982,reward,1232,9.767343371181564,5.412,SF-P3O,Walker2d-v4,4
20994,reward,1233,1.9761466967458237,4.888,SF-P3O,Walker2d-v4,4
21031,reward,1234,18.612296636858908,6.635,SF-P3O,Walker2d-v4,4
21049,reward,1235,7.402070296480063,5.576,SF-P3O,Walker2d-v4,4
21059,reward,1236,-2.39570785920094,4.071,SF-P3O,Walker2d-v4,4
21072,reward,1237,4.04426647935294,4.439,SF-P3O,Walker2d-v4,4
21091,reward,1238,7.030219863957004,5.416,SF-P3O,Walker2d-v4,4
21125,reward,1239,13.018983621715439,6.57,SF-P3O,Walker2d-v4,4
21139,reward,1240,-4.5166982100283075,5.525,SF-P3O,Walker2d-v4,4
21148,reward,1241,-0.9399568154290914,5.4,SF-P3O,Walker2d-v4,4
21163,reward,1242,-0.8708776836319158,4.336,SF-P3O,Walker2d-v4,4
21198,reward,1243,18.90523119134836,6.029,SF-P3O,Walker2d-v4,4
21208,reward,1244,-0.8223883116902169,4.086,SF-P3O,Walker2d-v4,4
21232,reward,1245,12.049223005684194,4.55,SF-P3O,Walker2d-v4,4
21242,reward,1246,0.6061125710588409,4.85,SF-P3O,Walker2d-v4,4
21266,reward,1247,6.929418441628075,5.139,SF-P3O,Walker2d-v4,4
21287,reward,1248,2.717177381394311,4.708,SF-P3O,Walker2d-v4,4
21298,reward,1249,1.7716576183310264,3.583,SF-P3O,Walker2d-v4,4
21312,reward,1250,2.6048775899756142,4.295,SF-P3O,Walker2d-v4,4
21332,reward,1251,6.250892787090043,5.014,SF-P3O,Walker2d-v4,4
21344,reward,1252,1.2200762118012856,5.223,SF-P3O,Walker2d-v4,4
21369,reward,1253,15.722976994541847,4.905,SF-P3O,Walker2d-v4,4
21389,reward,1254,4.108043911794491,5.398,SF-P3O,Walker2d-v4,4
21398,reward,1255,-0.03139055894676379,4.19,SF-P3O,Walker2d-v4,4
21416,reward,1256,7.789429798893801,4.908,SF-P3O,Walker2d-v4,4
21462,reward,1257,24.65491370216471,6.681,SF-P3O,Walker2d-v4,4
21480,reward,1258,3.6036059194384418,6.77,SF-P3O,Walker2d-v4,4
21496,reward,1259,3.38655440804745,6.931,SF-P3O,Walker2d-v4,4
21510,reward,1260,3.720825377537185,7.043,SF-P3O,Walker2d-v4,4
21558,reward,1261,7.870354939225036,7.205,SF-P3O,Walker2d-v4,4
21571,reward,1262,3.166525926545501,7.399,SF-P3O,Walker2d-v4,4
21591,reward,1263,5.409943697910003,6.368,SF-P3O,Walker2d-v4,4
21647,reward,1264,5.9803507844346315,6.555,SF-P3O,Walker2d-v4,4
21684,reward,1265,30.169918336957863,9.575,SF-P3O,Walker2d-v4,4
21698,reward,1266,2.196529042250837,9.016,SF-P3O,Walker2d-v4,4
21723,reward,1267,6.567615441346788,7.207,SF-P3O,Walker2d-v4,4
21756,reward,1268,13.255950154667484,8.172,SF-P3O,Walker2d-v4,4
21777,reward,1269,7.50286843295159,8.584,SF-P3O,Walker2d-v4,4
21794,reward,1270,5.813860430076385,8.793,SF-P3O,Walker2d-v4,4
21835,reward,1271,22.063575745579797,10.213,SF-P3O,Walker2d-v4,4
21852,reward,1272,1.7880063197555511,10.075,SF-P3O,Walker2d-v4,4
21871,reward,1273,9.748670831724613,10.509,SF-P3O,Walker2d-v4,4
21884,reward,1274,-1.557844689474405,9.755,SF-P3O,Walker2d-v4,4
21906,reward,1275,11.69995072922772,7.908,SF-P3O,Walker2d-v4,4
21955,reward,1276,31.701097887289556,10.858,SF-P3O,Walker2d-v4,4
21981,reward,1277,16.91195984204907,11.893,SF-P3O,Walker2d-v4,4
21989,reward,1278,-0.9967923228757527,10.468,SF-P3O,Walker2d-v4,4
22005,reward,1279,4.591175993866179,10.176,SF-P3O,Walker2d-v4,4
22016,reward,1280,0.6788380828984164,9.663,SF-P3O,Walker2d-v4,4
22028,reward,1281,0.9276415786103065,7.549,SF-P3O,Walker2d-v4,4
22041,reward,1282,0.7297288400292511,7.443,SF-P3O,Walker2d-v4,4
22052,reward,1283,1.8280377432154165,6.651,SF-P3O,Walker2d-v4,4
22078,reward,1284,8.67017791184976,7.674,SF-P3O,Walker2d-v4,4
22133,reward,1285,36.87777053645642,10.192,SF-P3O,Walker2d-v4,4
22180,reward,1286,33.78693836647109,10.401,SF-P3O,Walker2d-v4,4
22202,reward,1287,9.054009645445806,9.615,SF-P3O,Walker2d-v4,4
22223,reward,1288,5.510982451321387,10.266,SF-P3O,Walker2d-v4,4
22255,reward,1289,19.673520805926675,11.774,SF-P3O,Walker2d-v4,4
22289,reward,1290,24.29681580926048,14.136,SF-P3O,Walker2d-v4,4
22314,reward,1291,13.376531013421644,15.38,SF-P3O,Walker2d-v4,4
22358,reward,1292,21.99707449631884,17.507,SF-P3O,Walker2d-v4,4
22372,reward,1293,2.7656914263078822,17.601,SF-P3O,Walker2d-v4,4
22402,reward,1294,0.7944446259793517,16.813,SF-P3O,Walker2d-v4,4
22451,reward,1295,33.692000646531184,16.495,SF-P3O,Walker2d-v4,4
22481,reward,1296,3.4715605708955843,13.463,SF-P3O,Walker2d-v4,4
22492,reward,1297,2.7435328144438547,12.832,SF-P3O,Walker2d-v4,4
22560,reward,1298,32.481920948780655,15.529,SF-P3O,Walker2d-v4,4
22569,reward,1299,0.32809407272689994,13.595,SF-P3O,Walker2d-v4,4
22588,reward,1300,11.435968814961404,12.309,SF-P3O,Walker2d-v4,4
22599,reward,1301,-0.3906612957002904,10.932,SF-P3O,Walker2d-v4,4
22616,reward,1302,8.957885178148604,9.628,SF-P3O,Walker2d-v4,4
22627,reward,1303,0.4508071077563316,9.397,SF-P3O,Walker2d-v4,4
22636,reward,1304,0.049844521685741494,9.322,SF-P3O,Walker2d-v4,4
22653,reward,1305,6.850905165149492,6.638,SF-P3O,Walker2d-v4,4
22663,reward,1306,0.6510503527941247,6.356,SF-P3O,Walker2d-v4,4
22702,reward,1307,29.978717597488593,9.079,SF-P3O,Walker2d-v4,4
22716,reward,1308,3.684954257852945,6.2,SF-P3O,Walker2d-v4,4
22755,reward,1309,25.979557489535935,8.765,SF-P3O,Walker2d-v4,4
22768,reward,1310,2.054460480967009,7.827,SF-P3O,Walker2d-v4,4
22780,reward,1311,2.040385007378962,8.07,SF-P3O,Walker2d-v4,4
22805,reward,1312,8.184860166932472,7.993,SF-P3O,Walker2d-v4,4
22837,reward,1313,13.025211826250864,9.25,SF-P3O,Walker2d-v4,4
22848,reward,1314,0.057810950538425554,9.251,SF-P3O,Walker2d-v4,4
22861,reward,1315,2.5900773228597416,8.825,SF-P3O,Walker2d-v4,4
22878,reward,1316,6.264295452197929,9.386,SF-P3O,Walker2d-v4,4
22896,reward,1317,2.304272209406755,6.619,SF-P3O,Walker2d-v4,4
22916,reward,1318,6.663633149274851,6.916,SF-P3O,Walker2d-v4,4
22934,reward,1319,-0.09386193279322808,4.309,SF-P3O,Walker2d-v4,4
22949,reward,1320,3.1619224392189027,4.42,SF-P3O,Walker2d-v4,4
22990,reward,1321,6.820887447914822,4.898,SF-P3O,Walker2d-v4,4
23007,reward,1322,4.918211208774999,4.571,SF-P3O,Walker2d-v4,4
23020,reward,1323,2.5085705545048853,3.52,SF-P3O,Walker2d-v4,4
23057,reward,1324,32.59714784221115,6.774,SF-P3O,Walker2d-v4,4
23071,reward,1325,3.3870800355819215,6.853,SF-P3O,Walker2d-v4,4
23083,reward,1326,-0.27344174470693106,6.199,SF-P3O,Walker2d-v4,4
23092,reward,1327,-2.489029454323297,5.72,SF-P3O,Walker2d-v4,4
23114,reward,1328,9.598384045132365,6.014,SF-P3O,Walker2d-v4,4
23123,reward,1329,-1.148757629697024,5.908,SF-P3O,Walker2d-v4,4
23137,reward,1330,3.7760573129354618,5.97,SF-P3O,Walker2d-v4,4
23158,reward,1331,10.294006682811304,6.317,SF-P3O,Walker2d-v4,4
23198,reward,1332,20.070292444909935,7.832,SF-P3O,Walker2d-v4,4
23240,reward,1333,19.608318303878768,9.542,SF-P3O,Walker2d-v4,4
23253,reward,1334,2.7993247459138364,6.562,SF-P3O,Walker2d-v4,4
23273,reward,1335,7.373325929448085,6.961,SF-P3O,Walker2d-v4,4
23316,reward,1336,27.08592482280408,9.697,SF-P3O,Walker2d-v4,4
23335,reward,1337,8.11869360849419,10.758,SF-P3O,Walker2d-v4,4
23359,reward,1338,16.11204647127779,11.409,SF-P3O,Walker2d-v4,4
23379,reward,1339,5.630300378183973,12.087,SF-P3O,Walker2d-v4,4
23399,reward,1340,6.771827666648564,12.386,SF-P3O,Walker2d-v4,4
23408,reward,1341,-0.17236972723232702,11.34,SF-P3O,Walker2d-v4,4
23421,reward,1342,-1.2054553074243834,9.212,SF-P3O,Walker2d-v4,4
23455,reward,1343,15.927833164977645,8.844,SF-P3O,Walker2d-v4,4
23471,reward,1344,6.17311434475523,9.182,SF-P3O,Walker2d-v4,4
23560,reward,1345,56.69529074030695,14.114,SF-P3O,Walker2d-v4,4
23615,reward,1346,28.569027859743425,14.262,SF-P3O,Walker2d-v4,4
23629,reward,1347,-0.3600022284123454,13.414,SF-P3O,Walker2d-v4,4
23653,reward,1348,-3.876570184207381,11.415,SF-P3O,Walker2d-v4,4
23670,reward,1349,4.235720733545238,11.276,SF-P3O,Walker2d-v4,4
23692,reward,1350,10.85228357599929,11.684,SF-P3O,Walker2d-v4,4
23699,reward,1351,-2.7080969540924142,11.43,SF-P3O,Walker2d-v4,4
23730,reward,1352,15.25388650112758,13.076,SF-P3O,Walker2d-v4,4
23744,reward,1353,4.346030318411936,11.918,SF-P3O,Walker2d-v4,4
23769,reward,1354,8.217977579917907,12.123,SF-P3O,Walker2d-v4,4
23787,reward,1355,4.02019232784807,6.855,SF-P3O,Walker2d-v4,4
23828,reward,1356,23.983935025843213,6.397,SF-P3O,Walker2d-v4,4
23844,reward,1357,4.772054881151637,6.91,SF-P3O,Walker2d-v4,4
23855,reward,1358,-0.37587707547561366,7.26,SF-P3O,Walker2d-v4,4
23875,reward,1359,2.8481295760435903,7.121,SF-P3O,Walker2d-v4,4
23907,reward,1360,18.596630238661074,7.895,SF-P3O,Walker2d-v4,4
23917,reward,1361,1.3616778300247927,8.302,SF-P3O,Walker2d-v4,4
23940,reward,1362,13.061016196189776,8.083,SF-P3O,Walker2d-v4,4
23962,reward,1363,6.871848491088923,8.336,SF-P3O,Walker2d-v4,4
23975,reward,1364,0.858087484287682,7.6,SF-P3O,Walker2d-v4,4
23997,reward,1365,13.744562143268315,8.572,SF-P3O,Walker2d-v4,4
24012,reward,1366,5.748889184950414,6.749,SF-P3O,Walker2d-v4,4
24066,reward,1367,47.34857651676746,11.006,SF-P3O,Walker2d-v4,4
24117,reward,1368,15.410387150730141,12.585,SF-P3O,Walker2d-v4,4
24163,reward,1369,42.35843201793913,16.536,SF-P3O,Walker2d-v4,4
24177,reward,1370,5.062303000918051,15.183,SF-P3O,Walker2d-v4,4
24199,reward,1371,8.184353794981167,15.865,SF-P3O,Walker2d-v4,4
24230,reward,1372,25.438903451611893,17.103,SF-P3O,Walker2d-v4,4
24299,reward,1373,57.60237219529847,22.176,SF-P3O,Walker2d-v4,4
24327,reward,1374,6.617545374272803,22.752,SF-P3O,Walker2d-v4,4
24339,reward,1375,0.5614565853170255,21.433,SF-P3O,Walker2d-v4,4
24358,reward,1376,9.424571102130532,21.801,SF-P3O,Walker2d-v4,4
24385,reward,1377,4.098529346112482,17.476,SF-P3O,Walker2d-v4,4
24404,reward,1378,10.449122392038062,16.98,SF-P3O,Walker2d-v4,4
24433,reward,1379,14.635284101917112,14.207,SF-P3O,Walker2d-v4,4
24449,reward,1380,5.610340616576377,14.262,SF-P3O,Walker2d-v4,4
24472,reward,1381,-4.398429536890825,13.004,SF-P3O,Walker2d-v4,4
24506,reward,1382,20.090316799506983,12.469,SF-P3O,Walker2d-v4,4
24517,reward,1383,2.1676533788676284,6.926,SF-P3O,Walker2d-v4,4
24530,reward,1384,2.9182136647945063,6.556,SF-P3O,Walker2d-v4,4
24557,reward,1385,12.531910442812103,7.753,SF-P3O,Walker2d-v4,4
24572,reward,1386,3.7469148280070286,7.185,SF-P3O,Walker2d-v4,4
24576,loss,-0.17439985275268555,0.9229916334152222,SF-P3O,Walker2d-v4,4
24587,reward,1387,4.02401661010872,7.178,SF-P3O,Walker2d-v4,4
24620,reward,1388,21.82114345431184,8.315,SF-P3O,Walker2d-v4,4
24641,reward,1389,3.003232493092387,7.152,SF-P3O,Walker2d-v4,4
24657,reward,1390,1.6847554000528322,6.759,SF-P3O,Walker2d-v4,4
24695,reward,1391,18.13790359054472,9.013,SF-P3O,Walker2d-v4,4
24724,reward,1392,15.765153584191903,8.58,SF-P3O,Walker2d-v4,4
24745,reward,1393,11.588037386898565,9.522,SF-P3O,Walker2d-v4,4
24763,reward,1394,-1.9340096249868965,9.037,SF-P3O,Walker2d-v4,4
24811,reward,1395,23.192630072009464,10.103,SF-P3O,Walker2d-v4,4
24864,reward,1396,31.969422528647264,12.925,SF-P3O,Walker2d-v4,4
24879,reward,1397,2.7413538468503464,12.797,SF-P3O,Walker2d-v4,4
24903,reward,1398,10.611899162940082,11.676,SF-P3O,Walker2d-v4,4
24941,reward,1399,17.934236628803497,13.169,SF-P3O,Walker2d-v4,4
24955,reward,1400,5.409543630723708,13.542,SF-P3O,Walker2d-v4,4
24972,reward,1401,5.514619834612011,12.279,SF-P3O,Walker2d-v4,4
25004,reward,1402,13.049168892298281,12.008,SF-P3O,Walker2d-v4,4
25045,reward,1403,23.04841836683406,13.154,SF-P3O,Walker2d-v4,4
25058,reward,1404,1.5577861346109163,13.503,SF-P3O,Walker2d-v4,4
25074,reward,1405,5.716481844557864,11.755,SF-P3O,Walker2d-v4,4
25092,reward,1406,8.858339215649421,9.444,SF-P3O,Walker2d-v4,4
25107,reward,1407,2.665788061797889,9.437,SF-P3O,Walker2d-v4,4
25123,reward,1408,2.157140642568983,8.591,SF-P3O,Walker2d-v4,4
25165,reward,1409,16.843660953191232,8.482,SF-P3O,Walker2d-v4,4
25182,reward,1410,3.4686587953583223,8.288,SF-P3O,Walker2d-v4,4
25216,reward,1411,22.068762200018064,9.943,SF-P3O,Walker2d-v4,4
25237,reward,1412,4.78861975273637,9.117,SF-P3O,Walker2d-v4,4
25264,reward,1413,14.532759228967944,8.266,SF-P3O,Walker2d-v4,4
25298,reward,1414,9.896136147028578,9.1,SF-P3O,Walker2d-v4,4
25418,reward,1415,84.90774043272404,17.019,SF-P3O,Walker2d-v4,4
25437,reward,1416,5.763137802652922,16.709,SF-P3O,Walker2d-v4,4
25462,reward,1417,3.835079884697697,16.826,SF-P3O,Walker2d-v4,4
25512,reward,1418,42.06633588704054,20.817,SF-P3O,Walker2d-v4,4
25527,reward,1419,3.444231986464561,19.477,SF-P3O,Walker2d-v4,4
25542,reward,1420,3.7330752277994015,19.504,SF-P3O,Walker2d-v4,4
25589,reward,1421,36.17150447753614,20.914,SF-P3O,Walker2d-v4,4
25641,reward,1422,37.4316460979118,24.178,SF-P3O,Walker2d-v4,4
25650,reward,1423,0.032453930001177245,22.728,SF-P3O,Walker2d-v4,4
25671,reward,1424,3.388975819109592,22.077,SF-P3O,Walker2d-v4,4
25694,reward,1425,13.52096094609668,14.939,SF-P3O,Walker2d-v4,4
25725,reward,1426,8.550278554789429,15.217,SF-P3O,Walker2d-v4,4
25777,reward,1427,32.31531992833142,18.065,SF-P3O,Walker2d-v4,4
25839,reward,1428,25.85634486875509,16.444,SF-P3O,Walker2d-v4,4
25890,reward,1429,39.5543387071024,20.055,SF-P3O,Walker2d-v4,4
25952,reward,1430,41.923577696164685,23.875,SF-P3O,Walker2d-v4,4
25993,reward,1431,22.506322820566833,22.508,SF-P3O,Walker2d-v4,4
26005,reward,1432,0.7077400515433456,18.836,SF-P3O,Walker2d-v4,4
26015,reward,1433,-0.6953517060705552,18.763,SF-P3O,Walker2d-v4,4
26070,reward,1434,29.590586539955815,21.383,SF-P3O,Walker2d-v4,4
26087,reward,1435,9.571472400030608,20.988,SF-P3O,Walker2d-v4,4
26183,reward,1436,95.69391857574834,29.702,SF-P3O,Walker2d-v4,4
26226,reward,1437,30.9422016457684,29.565,SF-P3O,Walker2d-v4,4
26265,reward,1438,18.176568281780742,28.797,SF-P3O,Walker2d-v4,4
26279,reward,1439,2.87740134671223,25.129,SF-P3O,Walker2d-v4,4
26340,reward,1440,42.02172285918435,25.139,SF-P3O,Walker2d-v4,4
26358,reward,1441,-3.076496572066044,22.581,SF-P3O,Walker2d-v4,4
26370,reward,1442,1.5100813493374297,22.661,SF-P3O,Walker2d-v4,4
26419,reward,1443,47.62849625825415,27.494,SF-P3O,Walker2d-v4,4
26448,reward,1444,11.191790382286241,25.654,SF-P3O,Walker2d-v4,4
26545,reward,1445,16.372733194997934,26.334,SF-P3O,Walker2d-v4,4
26588,reward,1446,21.172272244363572,18.882,SF-P3O,Walker2d-v4,4
26601,reward,1447,3.2287423726551747,16.11,SF-P3O,Walker2d-v4,4
26613,reward,1448,3.238460779224484,14.617,SF-P3O,Walker2d-v4,4
26640,reward,1449,11.814195916641797,15.51,SF-P3O,Walker2d-v4,4
26694,reward,1450,38.93363209978562,15.201,SF-P3O,Walker2d-v4,4
26722,reward,1451,13.832602590690493,16.892,SF-P3O,Walker2d-v4,4
26762,reward,1452,22.8615968158781,19.027,SF-P3O,Walker2d-v4,4
26777,reward,1453,5.343750265060823,14.799,SF-P3O,Walker2d-v4,4
26817,reward,1454,19.759705690345964,15.656,SF-P3O,Walker2d-v4,4
26882,reward,1455,41.862021815866534,18.205,SF-P3O,Walker2d-v4,4
26897,reward,1456,0.2358412071107041,16.111,SF-P3O,Walker2d-v4,4
26960,reward,1457,14.671458277238752,17.255,SF-P3O,Walker2d-v4,4
27018,reward,1458,29.414144385737984,19.873,SF-P3O,Walker2d-v4,4
27042,reward,1459,11.596254819674543,19.851,SF-P3O,Walker2d-v4,4
27087,reward,1460,16.062624901857266,17.564,SF-P3O,Walker2d-v4,4
27136,reward,1461,46.21999773599715,20.803,SF-P3O,Walker2d-v4,4
27207,reward,1462,54.70351553273315,23.987,SF-P3O,Walker2d-v4,4
27218,reward,1463,2.406454980775088,23.693,SF-P3O,Walker2d-v4,4
27239,reward,1464,4.8225800103704985,22.199,SF-P3O,Walker2d-v4,4
27249,reward,1465,-1.4790463502129976,17.865,SF-P3O,Walker2d-v4,4
27262,reward,1466,0.19118061846378342,17.861,SF-P3O,Walker2d-v4,4
27336,reward,1467,-8.690033972778581,15.525,SF-P3O,Walker2d-v4,4
27359,reward,1468,12.566451010629075,13.84,SF-P3O,Walker2d-v4,4
27375,reward,1469,-0.1946308513128141,12.661,SF-P3O,Walker2d-v4,4
27406,reward,1470,-1.5397733540169833,10.901,SF-P3O,Walker2d-v4,4
27424,reward,1471,6.131166653014322,6.892,SF-P3O,Walker2d-v4,4
27447,reward,1472,7.622818360151041,2.184,SF-P3O,Walker2d-v4,4
27526,reward,1473,66.10488505553224,8.554,SF-P3O,Walker2d-v4,4
27558,reward,1474,14.96501540152997,9.568,SF-P3O,Walker2d-v4,4
27607,reward,1475,20.02415533033215,11.718,SF-P3O,Walker2d-v4,4
27615,reward,1476,-1.2528605591666782,11.574,SF-P3O,Walker2d-v4,4
27635,reward,1477,9.600003379929882,13.403,SF-P3O,Walker2d-v4,4
27702,reward,1478,28.804019877826082,15.026,SF-P3O,Walker2d-v4,4
27719,reward,1479,4.116582441280859,15.458,SF-P3O,Walker2d-v4,4
27731,reward,1480,0.6818522272775562,15.68,SF-P3O,Walker2d-v4,4
27765,reward,1481,23.65685729319098,17.432,SF-P3O,Walker2d-v4,4
27835,reward,1482,27.528346718211758,19.423,SF-P3O,Walker2d-v4,4
27867,reward,1483,21.43799808750446,14.956,SF-P3O,Walker2d-v4,4
27883,reward,1484,4.590063158419058,13.919,SF-P3O,Walker2d-v4,4
27978,reward,1485,77.88742144866393,19.705,SF-P3O,Walker2d-v4,4
27997,reward,1486,11.32194294163294,20.963,SF-P3O,Walker2d-v4,4
28013,reward,1487,9.190733704460147,20.922,SF-P3O,Walker2d-v4,4
28089,reward,1488,28.749599012912235,20.916,SF-P3O,Walker2d-v4,4
28137,reward,1489,33.81284360242647,23.886,SF-P3O,Walker2d-v4,4
28153,reward,1490,4.47150673021141,24.265,SF-P3O,Walker2d-v4,4
28187,reward,1491,23.597907489658414,24.259,SF-P3O,Walker2d-v4,4
28253,reward,1492,27.201130414361504,24.226,SF-P3O,Walker2d-v4,4
28288,reward,1493,23.55768011869221,24.438,SF-P3O,Walker2d-v4,4
28309,reward,1494,9.932361906702225,24.972,SF-P3O,Walker2d-v4,4
28339,reward,1495,23.07396975523112,19.491,SF-P3O,Walker2d-v4,4
28373,reward,1496,16.193656345412602,19.978,SF-P3O,Walker2d-v4,4
28389,reward,1497,-3.010650541335405,18.758,SF-P3O,Walker2d-v4,4
28409,reward,1498,10.39582092128837,16.923,SF-P3O,Walker2d-v4,4
28450,reward,1499,33.02033520207627,16.843,SF-P3O,Walker2d-v4,4
28468,reward,1500,4.359376269931219,16.832,SF-P3O,Walker2d-v4,4
28483,reward,1501,4.916096979158487,14.964,SF-P3O,Walker2d-v4,4
28528,reward,1502,32.49247923926084,15.493,SF-P3O,Walker2d-v4,4
28564,reward,1503,16.598777309869416,14.797,SF-P3O,Walker2d-v4,4
28576,reward,1504,3.3931571926478283,14.143,SF-P3O,Walker2d-v4,4
28623,reward,1505,22.861673205878194,14.122,SF-P3O,Walker2d-v4,4
28685,reward,1506,17.792333419000233,14.282,SF-P3O,Walker2d-v4,4
28829,reward,1507,179.18829887928348,32.502,SF-P3O,Walker2d-v4,4
28867,reward,1508,17.187583917240868,33.181,SF-P3O,Walker2d-v4,4
28874,reward,1509,-3.067000120706438,29.572,SF-P3O,Walker2d-v4,4
28945,reward,1510,59.76981016430474,35.113,SF-P3O,Walker2d-v4,4
28990,reward,1511,33.107858052530865,37.932,SF-P3O,Walker2d-v4,4
29018,reward,1512,5.199071380462353,35.203,SF-P3O,Walker2d-v4,4
29059,reward,1513,30.99733091390247,36.643,SF-P3O,Walker2d-v4,4
29132,reward,1514,37.895017166005104,40.093,SF-P3O,Walker2d-v4,4
29151,reward,1515,-3.148771782469496,37.492,SF-P3O,Walker2d-v4,4
29170,reward,1516,4.300707324967268,36.143,SF-P3O,Walker2d-v4,4
29194,reward,1517,9.866660110029578,19.211,SF-P3O,Walker2d-v4,4
29276,reward,1518,20.610954465765197,19.553,SF-P3O,Walker2d-v4,4
29287,reward,1519,-2.804984788376808,19.579,SF-P3O,Walker2d-v4,4
29301,reward,1520,3.6985664163735197,13.972,SF-P3O,Walker2d-v4,4
29338,reward,1521,11.002479987574599,11.762,SF-P3O,Walker2d-v4,4
29423,reward,1522,68.82833608202414,18.125,SF-P3O,Walker2d-v4,4
29467,reward,1523,12.872930387109673,16.312,SF-P3O,Walker2d-v4,4
29587,reward,1524,59.01319008830965,18.424,SF-P3O,Walker2d-v4,4
29601,reward,1525,1.471014364811636,18.886,SF-P3O,Walker2d-v4,4
29640,reward,1526,17.997877320244662,20.256,SF-P3O,Walker2d-v4,4
29650,reward,1527,1.590705767362584,19.428,SF-P3O,Walker2d-v4,4
29719,reward,1528,53.198716599011696,22.687,SF-P3O,Walker2d-v4,4
29766,reward,1529,-1.4738882524755716,22.82,SF-P3O,Walker2d-v4,4
29780,reward,1530,3.5271222812615424,22.803,SF-P3O,Walker2d-v4,4
29801,reward,1531,6.533924463832818,22.356,SF-P3O,Walker2d-v4,4
29843,reward,1532,16.41249931239147,17.114,SF-P3O,Walker2d-v4,4
29891,reward,1533,32.53121696153112,19.08,SF-P3O,Walker2d-v4,4
29964,reward,1534,68.98731934341659,20.078,SF-P3O,Walker2d-v4,4
29994,reward,1535,17.604824774958153,21.691,SF-P3O,Walker2d-v4,4
30000,speed,619.56,0.73,SF-P3O,Walker2d-v4,4
30001,spectral,0.005349,0.967689,0.1569,SF-P3O,Walker2d-v4,4
30016,reward,1536,7.874652502324199,20.679,SF-P3O,Walker2d-v4,4
30034,reward,1537,4.601568722651962,20.98,SF-P3O,Walker2d-v4,4
30088,reward,1538,33.260675418981535,18.986,SF-P3O,Walker2d-v4,4
30111,reward,1539,10.172663703094695,20.151,SF-P3O,Walker2d-v4,4
30126,reward,1540,3.427543536361117,20.141,SF-P3O,Walker2d-v4,4
30136,reward,1541,0.5151322990703301,19.539,SF-P3O,Walker2d-v4,4
30145,reward,1542,-0.5182564459045874,17.846,SF-P3O,Walker2d-v4,4
30218,reward,1543,24.98682785735742,17.091,SF-P3O,Walker2d-v4,4
30283,reward,1544,68.9153473699715,17.084,SF-P3O,Walker2d-v4,4
30305,reward,1545,11.939792029665107,16.518,SF-P3O,Walker2d-v4,4
30315,reward,1546,-4.342321188032507,15.296,SF-P3O,Walker2d-v4,4
30323,reward,1547,-2.318005648191626,14.604,SF-P3O,Walker2d-v4,4
30336,reward,1548,2.693420375517458,11.547,SF-P3O,Walker2d-v4,4
30369,reward,1549,15.097658688780214,12.04,SF-P3O,Walker2d-v4,4
30388,reward,1550,5.788992171045383,12.276,SF-P3O,Walker2d-v4,4
30404,reward,1551,6.8311548497622825,12.907,SF-P3O,Walker2d-v4,4
30425,reward,1552,12.58408464696653,14.218,SF-P3O,Walker2d-v4,4
30446,reward,1553,11.103161488340895,12.829,SF-P3O,Walker2d-v4,4
30529,reward,1554,97.30460841507752,15.668,SF-P3O,Walker2d-v4,4
30545,reward,1555,5.473395412870215,15.022,SF-P3O,Walker2d-v4,4
30557,reward,1556,-1.805298744156638,15.275,SF-P3O,Walker2d-v4,4
30608,reward,1557,17.516170478846263,17.259,SF-P3O,Walker2d-v4,4
30622,reward,1558,3.052260812228928,17.295,SF-P3O,Walker2d-v4,4
30639,reward,1559,6.289813280429191,16.414,SF-P3O,Walker2d-v4,4
30678,reward,1560,24.060667458469457,18.241,SF-P3O,Walker2d-v4,4
30752,reward,1561,16.32150593422919,19.19,SF-P3O,Walker2d-v4,4
30766,reward,1562,1.3106663969360972,18.063,SF-P3O,Walker2d-v4,4
30806,reward,1563,21.420137620089115,19.094,SF-P3O,Walker2d-v4,4
30829,reward,1564,12.120320688170697,10.576,SF-P3O,Walker2d-v4,4
30846,reward,1565,7.394029265851317,10.768,SF-P3O,Walker2d-v4,4
30880,reward,1566,16.898463007671282,12.638,SF-P3O,Walker2d-v4,4
30923,reward,1567,17.401100514628652,12.627,SF-P3O,Walker2d-v4,4
30938,reward,1568,0.4576739418653444,12.367,SF-P3O,Walker2d-v4,4
30987,reward,1569,31.491080548253464,14.888,SF-P3O,Walker2d-v4,4
31036,reward,1570,20.724491464588315,14.554,SF-P3O,Walker2d-v4,4
31063,reward,1571,17.024030678564763,14.624,SF-P3O,Walker2d-v4,4
31148,reward,1572,35.887605478841564,18.082,SF-P3O,Walker2d-v4,4
31162,reward,1573,-2.418342078197294,15.698,SF-P3O,Walker2d-v4,4
31212,reward,1574,32.53626727401117,17.74,SF-P3O,Walker2d-v4,4
31293,reward,1575,40.733566912002544,21.074,SF-P3O,Walker2d-v4,4
31306,reward,1576,4.064572064503601,19.79,SF-P3O,Walker2d-v4,4
31340,reward,1577,13.64384457836009,19.414,SF-P3O,Walker2d-v4,4
31355,reward,1578,4.658152916815422,19.835,SF-P3O,Walker2d-v4,4
31436,reward,1579,24.737051222917636,19.159,SF-P3O,Walker2d-v4,4
31490,reward,1580,46.0058365358178,21.687,SF-P3O,Walker2d-v4,4
31579,reward,1581,72.27443930083363,27.212,SF-P3O,Walker2d-v4,4
31596,reward,1582,3.002230298843377,23.924,SF-P3O,Walker2d-v4,4
31636,reward,1583,25.446618247062585,26.71,SF-P3O,Walker2d-v4,4
31702,reward,1584,57.19810671669671,29.176,SF-P3O,Walker2d-v4,4
31723,reward,1585,10.998959320380347,26.203,SF-P3O,Walker2d-v4,4
31742,reward,1586,7.394029996276583,26.536,SF-P3O,Walker2d-v4,4
31758,reward,1587,0.8761312829791492,25.259,SF-P3O,Walker2d-v4,4
31769,reward,1588,2.1007630330515847,25.003,SF-P3O,Walker2d-v4,4
31810,reward,1589,25.045070363465058,25.034,SF-P3O,Walker2d-v4,4
31841,reward,1590,17.705543509109617,22.204,SF-P3O,Walker2d-v4,4
31853,reward,1591,2.0304454199331925,15.18,SF-P3O,Walker2d-v4,4
31888,reward,1592,30.463283685935703,17.926,SF-P3O,Walker2d-v4,4
31922,reward,1593,9.266580924964993,16.308,SF-P3O,Walker2d-v4,4
32027,reward,1594,39.110166079869856,14.499,SF-P3O,Walker2d-v4,4
32047,reward,1595,8.118190948524566,14.211,SF-P3O,Walker2d-v4,4
32065,reward,1596,5.0901211134275925,13.981,SF-P3O,Walker2d-v4,4
32105,reward,1597,15.932370148037823,15.486,SF-P3O,Walker2d-v4,4
32134,reward,1598,5.425909897916484,15.819,SF-P3O,Walker2d-v4,4
32155,reward,1599,11.426644023185274,14.457,SF-P3O,Walker2d-v4,4
32219,reward,1600,75.98464956463108,20.285,SF-P3O,Walker2d-v4,4
32234,reward,1601,6.489334096798221,20.731,SF-P3O,Walker2d-v4,4
32267,reward,1602,11.395477788535215,18.824,SF-P3O,Walker2d-v4,4
32301,reward,1603,26.75297147476434,20.573,SF-P3O,Walker2d-v4,4
32373,reward,1604,15.541376976318888,18.216,SF-P3O,Walker2d-v4,4
32449,reward,1605,54.536568424043786,22.858,SF-P3O,Walker2d-v4,4
32499,reward,1606,28.674034180745796,25.216,SF-P3O,Walker2d-v4,4
32528,reward,1607,14.413692406403907,25.064,SF-P3O,Walker2d-v4,4
32569,reward,1608,14.990912719211009,26.021,SF-P3O,Walker2d-v4,4
32600,reward,1609,15.314813501548741,26.409,SF-P3O,Walker2d-v4,4
32614,reward,1610,3.909532269910544,19.202,SF-P3O,Walker2d-v4,4
32640,reward,1611,9.642829403539448,19.517,SF-P3O,Walker2d-v4,4
32666,reward,1612,10.114536347416824,19.389,SF-P3O,Walker2d-v4,4
32696,reward,1613,10.788478016862783,17.793,SF-P3O,Walker2d-v4,4
32717,reward,1614,-0.436790459601754,16.195,SF-P3O,Walker2d-v4,4
32768,loss,-0.12462343275547028,0.7623512148857117,SF-P3O,Walker2d-v4,4
32768,diagnostics,0.0,53.35,6.8584,0.008686,0.967384,0.1678,0.115955,SF-P3O,Walker2d-v4,4
32778,reward,1615,24.65270583059776,13.206,SF-P3O,Walker2d-v4,4
32823,reward,1616,30.80499185548605,13.42,SF-P3O,Walker2d-v4,4
32873,reward,1617,20.85932326461937,14.064,SF-P3O,Walker2d-v4,4
32891,reward,1618,6.651549249302752,13.23,SF-P3O,Walker2d-v4,4
32948,reward,1619,32.017240201969344,14.9,SF-P3O,Walker2d-v4,4
32984,reward,1620,21.899991331471863,16.699,SF-P3O,Walker2d-v4,4
32999,reward,1621,3.7546301175980306,16.111,SF-P3O,Walker2d-v4,4
33016,reward,1622,5.954700575201988,15.695,SF-P3O,Walker2d-v4,4
33054,reward,1623,26.3737365759117,17.253,SF-P3O,Walker2d-v4,4
33116,reward,1624,29.882908477201497,20.285,SF-P3O,Walker2d-v4,4
33137,reward,1625,10.617668909929804,18.882,SF-P3O,Walker2d-v4,4
33325,reward,1626,134.21707923712435,29.223,SF-P3O,Walker2d-v4,4
33393,reward,1627,34.8624936855909,30.623,SF-P3O,Walker2d-v4,4
33449,reward,1628,35.15591116350439,33.474,SF-P3O,Walker2d-v4,4
33545,reward,1629,66.06257558913401,36.878,SF-P3O,Walker2d-v4,4
33609,reward,1630,-4.937978196595069,34.194,SF-P3O,Walker2d-v4,4
33699,reward,1631,46.53146738562588,38.472,SF-P3O,Walker2d-v4,4
33807,reward,1632,43.93255903066281,42.27,SF-P3O,Walker2d-v4,4
33823,reward,1633,6.055604006804911,40.238,SF-P3O,Walker2d-v4,4
33847,reward,1634,11.340716225574637,38.384,SF-P3O,Walker2d-v4,4
33902,reward,1635,23.082956824397606,39.63,SF-P3O,Walker2d-v4,4
33919,reward,1636,6.966620489251362,26.905,SF-P3O,Walker2d-v4,4
33946,reward,1637,17.187059121365674,25.138,SF-P3O,Walker2d-v4,4
34072,reward,1638,187.91612916649157,40.414,SF-P3O,Walker2d-v4,4
34109,reward,1639,20.483226934694766,35.856,SF-P3O,Walker2d-v4,4
34139,reward,1640,12.31741709575103,37.581,SF-P3O,Walker2d-v4,4
34202,reward,1641,19.630315829788813,34.891,SF-P3O,Walker2d-v4,4
34294,reward,1642,90.12397092917045,39.51,SF-P3O,Walker2d-v4,4
34378,reward,1643,37.00687022167573,42.606,SF-P3O,Walker2d-v4,4
34417,reward,1644,24.264886423165425,43.898,SF-P3O,Walker2d-v4,4
34456,reward,1645,8.002357177718418,42.39,SF-P3O,Walker2d-v4,4
34498,reward,1646,25.429395639308126,44.236,SF-P3O,Walker2d-v4,4
34587,reward,1647,84.46006085315129,50.963,SF-P3O,Walker2d-v4,4
34742,reward,1648,243.98742913978953,56.571,SF-P3O,Walker2d-v4,4
34852,reward,1649,66.75910011078075,61.198,SF-P3O,Walker2d-v4,4
34888,reward,1650,14.452888963201932,61.412,SF-P3O,Walker2d-v4,4
34959,reward,1651,81.23575887192878,67.572,SF-P3O,Walker2d-v4,4
34971,reward,1652,3.321871828130151,58.892,SF-P3O,Walker2d-v4,4
35033,reward,1653,44.346167474523924,59.626,SF-P3O,Walker2d-v4,4
35186,reward,1654,54.91565045242536,62.691,SF-P3O,Walker2d-v4,4
35210,reward,1655,3.1144259864882846,62.202,SF-P3O,Walker2d-v4,4
35268,reward,1656,20.989561070397233,61.758,SF-P3O,Walker2d-v4,4
35309,reward,1657,20.74151673150977,55.386,SF-P3O,Walker2d-v4,4
35349,reward,1658,30.641316512558603,34.052,SF-P3O,Walker2d-v4,4
35367,reward,1659,7.696311939201519,28.146,SF-P3O,Walker2d-v4,4
35444,reward,1660,44.55707822957776,31.156,SF-P3O,Walker2d-v4,4
35522,reward,1661,62.43951418589064,29.276,SF-P3O,Walker2d-v4,4
35552,reward,1662,8.760938930157439,29.82,SF-P3O,Walker2d-v4,4
35661,reward,1663,52.18429168856387,30.604,SF-P3O,Walker2d-v4,4
35755,reward,1664,30.04974443885854,28.117,SF-P3O,Walker2d-v4,4
35801,reward,1665,38.62491768577246,31.669,SF-P3O,Walker2d-v4,4
35886,reward,1666,59.95770118103615,35.565,SF-P3O,Walker2d-v4,4
35908,reward,1667,8.762470256432527,34.367,SF-P3O,Walker2d-v4,4
35929,reward,1668,9.373268723081548,32.241,SF-P3O,Walker2d-v4,4
36074,reward,1669,239.31550813855364,55.403,SF-P3O,Walker2d-v4,4
36115,reward,1670,24.682334154769883,53.415,SF-P3O,Walker2d-v4,4
36150,reward,1671,22.060476761449095,49.377,SF-P3O,Walker2d-v4,4
36185,reward,1672,24.82124463556569,50.983,SF-P3O,Walker2d-v4,4
36218,reward,1673,11.828950925454146,46.948,SF-P3O,Walker2d-v4,4
36265,reward,1674,42.841634630394964,48.227,SF-P3O,Walker2d-v4,4
36471,reward,1675,270.5899770784162,71.423,SF-P3O,Walker2d-v4,4
36513,reward,1676,14.210627827218673,66.849,SF-P3O,Walker2d-v4,4
36610,reward,1677,19.675378209969004,67.94,SF-P3O,Walker2d-v4,4
36631,reward,1678,11.75206559875297,68.178,SF-P3O,Walker2d-v4,4
36664,reward,1679,0.5935537036308872,44.306,SF-P3O,Walker2d-v4,4
36768,reward,1680,74.63155901136334,49.301,SF-P3O,Walker2d-v4,4
36863,reward,1681,172.2978171557472,64.324,SF-P3O,Walker2d-v4,4
36931,reward,1682,25.569432013412815,64.399,SF-P3O,Walker2d-v4,4
36946,reward,1683,3.7642859704504152,63.593,SF-P3O,Walker2d-v4,4
37016,reward,1684,41.747336534733996,63.483,SF-P3O,Walker2d-v4,4
37037,reward,1685,9.953314840926835,37.42,SF-P3O,Walker2d-v4,4
37096,reward,1686,35.36975019649866,39.535,SF-P3O,Walker2d-v4,4
37177,reward,1687,46.07638063416659,42.176,SF-P3O,Walker2d-v4,4
37221,reward,1688,23.475204426399685,43.348,SF-P3O,Walker2d-v4,4
37261,reward,1689,27.59742029246383,46.048,SF-P3O,Walker2d-v4,4
37322,reward,1690,55.48890726809729,44.134,SF-P3O,Walker2d-v4,4
37361,reward,1691,23.350354385846526,29.239,SF-P3O,Walker2d-v4,4
37369,reward,1692,-1.678055250769975,26.514,SF-P3O,Walker2d-v4,4
37382,reward,1693,2.9235147380749162,26.43,SF-P3O,Walker2d-v4,4
37496,reward,1694,220.20557894442283,44.276,SF-P3O,Walker2d-v4,4
37545,reward,1695,45.687961224988705,47.85,SF-P3O,Walker2d-v4,4
37561,reward,1696,6.234455470950261,44.936,SF-P3O,Walker2d-v4,4
37616,reward,1697,17.728116687450623,42.101,SF-P3O,Walker2d-v4,4
37666,reward,1698,22.82576781938972,42.036,SF-P3O,Walker2d-v4,4
37794,reward,1699,108.60748545965042,50.137,SF-P3O,Walker2d-v4,4
37819,reward,1700,17.99965472004708,46.388,SF-P3O,Walker2d-v4,4
37837,reward,1701,3.1119105283072934,44.365,SF-P3O,Walker2d-v4,4
37943,reward,1702,70.88987173770707,51.621,SF-P3O,Walker2d-v4,4
37966,reward,1703,5.013826438229093,51.83,SF-P3O,Walker2d-v4,4
37978,reward,1704,2.4902105029416113,30.059,SF-P3O,Walker2d-v4,4
38015,reward,1705,17.894518072342507,27.28,SF-P3O,Walker2d-v4,4
38122,reward,1706,73.74635202279975,34.031,SF-P3O,Walker2d-v4,4
38156,reward,1707,22.561209943669855,34.514,SF-P3O,Walker2d-v4,4
38297,reward,1708,140.9895263775495,46.33,SF-P3O,Walker2d-v4,4
38389,reward,1709,73.05783383457495,42.775,SF-P3O,Walker2d-v4,4
38446,reward,1710,45.916537411015916,45.567,SF-P3O,Walker2d-v4,4
38461,reward,1711,4.175562962931899,45.674,SF-P3O,Walker2d-v4,4
38481,reward,1712,7.52629126434044,39.337,SF-P3O,Walker2d-v4,4
38527,reward,1713,38.97662258525907,42.733,SF-P3O,Walker2d-v4,4
38599,reward,1714,45.15745782926548,47.0,SF-P3O,Walker2d-v4,4
38609,reward,1715,0.1435106662789869,45.225,SF-P3O,Walker2d-v4,4
38644,reward,1716,14.076540593579598,39.258,SF-P3O,Walker2d-v4,4
38724,reward,1717,35.22290693534385,40.524,SF-P3O,Walker2d-v4,4
38792,reward,1718,66.92066026962017,33.117,SF-P3O,Walker2d-v4,4
38815,reward,1719,10.466467506967534,26.858,SF-P3O,Walker2d-v4,4
38856,reward,1720,14.612030878727097,23.728,SF-P3O,Walker2d-v4,4
38906,reward,1721,34.166670322137904,26.727,SF-P3O,Walker2d-v4,4
39005,reward,1722,62.33711842292893,32.208,SF-P3O,Walker2d-v4,4
39058,reward,1723,31.19625507346126,31.43,SF-P3O,Walker2d-v4,4
39148,reward,1724,50.16326531709384,31.931,SF-P3O,Walker2d-v4,4
39186,reward,1725,31.15676816267505,35.032,SF-P3O,Walker2d-v4,4
39205,reward,1726,5.7417175091246815,34.198,SF-P3O,Walker2d-v4,4
39247,reward,1727,31.43344348597943,33.819,SF-P3O,Walker2d-v4,4
39330,reward,1728,6.491025815636402,27.776,SF-P3O,Walker2d-v4,4
39374,reward,1729,27.082915006882235,29.438,SF-P3O,Walker2d-v4,4
39453,reward,1730,42.7037973711,32.247,SF-P3O,Walker2d-v4,4
39486,reward,1731,30.711766367501536,31.902,SF-P3O,Walker2d-v4,4
39498,reward,1732,0.3384496297222648,25.702,SF-P3O,Walker2d-v4,4
39538,reward,1733,15.245769064948357,24.107,SF-P3O,Walker2d-v4,4
39566,reward,1734,6.9677838246284365,19.787,SF-P3O,Walker2d-v4,4
39723,reward,1735,208.75675118081807,37.547,SF-P3O,Walker2d-v4,4
39755,reward,1736,17.835031388970226,38.757,SF-P3O,Walker2d-v4,4
39815,reward,1737,34.58244884186213,39.072,SF-P3O,Walker2d-v4,4
39861,reward,1738,16.756468188428563,40.098,SF-P3O,Walker2d-v4,4
39889,reward,1739,15.605044533042483,38.95,SF-P3O,Walker2d-v4,4
40000,speed,743.06,0.95,SF-P3O,Walker2d-v4,4
40001,spectral,0.008686,0.967384,0.1678,SF-P3O,Walker2d-v4,4
40020,reward,1740,38.16812960014514,38.497,SF-P3O,Walker2d-v4,4
40032,reward,1741,0.6071577785657474,35.486,SF-P3O,Walker2d-v4,4
40187,reward,1742,136.75749851763942,49.128,SF-P3O,Walker2d-v4,4
40229,reward,1743,9.488102243505526,48.552,SF-P3O,Walker2d-v4,4
40312,reward,1744,12.414662704472052,49.097,SF-P3O,Walker2d-v4,4
40328,reward,1745,2.2553117480701044,28.447,SF-P3O,Walker2d-v4,4
40394,reward,1746,28.453052577176486,29.509,SF-P3O,Walker2d-v4,4
40437,reward,1747,18.3932107626559,27.89,SF-P3O,Walker2d-v4,4
40451,reward,1748,4.939270032110494,26.708,SF-P3O,Walker2d-v4,4
40464,reward,1749,1.7183478830178285,25.319,SF-P3O,Walker2d-v4,4
40512,reward,1750,23.045167143547477,23.807,SF-P3O,Walker2d-v4,4
40525,reward,1751,4.277959920289879,24.174,SF-P3O,Walker2d-v4,4
40564,reward,1752,17.43936861128161,12.242,SF-P3O,Walker2d-v4,4
40627,reward,1753,60.55385709673433,17.349,SF-P3O,Walker2d-v4,4
40722,reward,1754,78.38058086999186,23.946,SF-P3O,Walker2d-v4,4
40738,reward,1755,2.234295512309034,23.944,SF-P3O,Walker2d-v4,4
40757,reward,1756,7.228196858543258,21.821,SF-P3O,Walker2d-v4,4
40776,reward,1757,8.518088963174929,20.834,SF-P3O,Walker2d-v4,4
40821,reward,1758,24.63648433868334,22.803,SF-P3O,Walker2d-v4,4
40906,reward,1759,50.40917374995726,27.672,SF-P3O,Walker2d-v4,4
40960,loss,-0.018770959228277206,0.4945064187049866,SF-P3O,Walker2d-v4,4
41012,reward,1760,47.69097314475403,30.137,SF-P3O,Walker2d-v4,4
41095,reward,1761,94.99297957310134,39.208,SF-P3O,Walker2d-v4,4
41126,reward,1762,16.463471788005066,39.111,SF-P3O,Walker2d-v4,4
41212,reward,1763,48.628196650474344,37.918,SF-P3O,Walker2d-v4,4
41331,reward,1764,76.0474023154263,37.685,SF-P3O,Walker2d-v4,4
41414,reward,1765,12.050711414164534,38.667,SF-P3O,Walker2d-v4,4
41434,reward,1766,11.043046217299548,39.048,SF-P3O,Walker2d-v4,4
41528,reward,1767,45.401519237634126,42.736,SF-P3O,Walker2d-v4,4
41605,reward,1768,17.10563186193887,41.983,SF-P3O,Walker2d-v4,4
41668,reward,1769,29.729323320007797,39.915,SF-P3O,Walker2d-v4,4
42091,reward,1770,351.49786124677127,70.296,SF-P3O,Walker2d-v4,4
42205,reward,1771,99.28310684964934,70.725,SF-P3O,Walker2d-v4,4
42386,reward,1772,86.26836575973617,77.706,SF-P3O,Walker2d-v4,4
42408,reward,1773,12.425136170779611,74.085,SF-P3O,Walker2d-v4,4
42446,reward,1774,19.51707331482836,68.432,SF-P3O,Walker2d-v4,4
42558,reward,1775,39.38400687859926,71.166,SF-P3O,Walker2d-v4,4
42650,reward,1776,18.806416977953408,71.942,SF-P3O,Walker2d-v4,4
42693,reward,1777,21.078624689291708,69.51,SF-P3O,Walker2d-v4,4
42775,reward,1778,59.25865513875075,73.725,SF-P3O,Walker2d-v4,4
42871,reward,1779,36.79752307810263,74.432,SF-P3O,Walker2d-v4,4
42990,reward,1780,104.72293287478156,49.754,SF-P3O,Walker2d-v4,4
43049,reward,1781,64.51088531661057,46.277,SF-P3O,Walker2d-v4,4
43093,reward,1782,44.86682380784795,42.137,SF-P3O,Walker2d-v4,4
43128,reward,1783,18.093662057318582,42.704,SF-P3O,Walker2d-v4,4
43145,reward,1784,5.48670368140473,41.301,SF-P3O,Walker2d-v4,4
43296,reward,1785,239.1323712412337,61.275,SF-P3O,Walker2d-v4,4
43387,reward,1786,56.9694433314705,65.092,SF-P3O,Walker2d-v4,4
43449,reward,1787,60.650783402270854,69.049,SF-P3O,Walker2d-v4,4
43497,reward,1788,27.16748981900079,65.84,SF-P3O,Walker2d-v4,4
43567,reward,1789,52.11747817478158,67.372,SF-P3O,Walker2d-v4,4
43710,reward,1790,58.398203918112245,62.739,SF-P3O,Walker2d-v4,4
43724,reward,1791,4.710354153348932,56.759,SF-P3O,Walker2d-v4,4
43778,reward,1792,-9.06790546021647,51.366,SF-P3O,Walker2d-v4,4
43988,reward,1793,218.71886245816316,71.428,SF-P3O,Walker2d-v4,4
44002,reward,1794,4.477226165079557,71.327,SF-P3O,Walker2d-v4,4
44193,reward,1795,31.28664682719914,50.543,SF-P3O,Walker2d-v4,4
44395,reward,1796,239.14033617110758,68.76,SF-P3O,Walker2d-v4,4
44487,reward,1797,48.44922210195806,67.54,SF-P3O,Walker2d-v4,4
44686,reward,1798,75.26144198571161,72.349,SF-P3O,Walker2d-v4,4
44700,reward,1799,4.031718926525185,67.541,SF-P3O,Walker2d-v4,4
44818,reward,1800,42.58361407175338,65.959,SF-P3O,Walker2d-v4,4
44844,reward,1801,9.679997936476878,66.456,SF-P3O,Walker2d-v4,4
44965,reward,1802,47.53302546177107,72.116,SF-P3O,Walker2d-v4,4
45155,reward,1803,258.44015733685046,76.088,SF-P3O,Walker2d-v4,4
45253,reward,1804,112.37153978136506,86.878,SF-P3O,Walker2d-v4,4
45364,reward,1805,69.55957769600458,90.705,SF-P3O,Walker2d-v4,4
45475,reward,1806,63.03921661773326,73.095,SF-P3O,Walker2d-v4,4
45618,reward,1807,197.7840649385827,88.028,SF-P3O,Walker2d-v4,4
45726,reward,1808,87.17521734251308,89.22,SF-P3O,Walker2d-v4,4
45854,reward,1809,7.220452242159478,89.539,SF-P3O,Walker2d-v4,4
46016,reward,1810,275.06598130656874,112.787,SF-P3O,Walker2d-v4,4
46033,reward,1811,5.613341803745326,112.38,SF-P3O,Walker2d-v4,4
46217,reward,1812,296.0211901955945,137.229,SF-P3O,Walker2d-v4,4
46401,reward,1813,47.589258460174854,116.144,SF-P3O,Walker2d-v4,4
46467,reward,1814,45.26617689519538,109.433,SF-P3O,Walker2d-v4,4
46576,reward,1815,60.23178100755819,108.501,SF-P3O,Walker2d-v4,4
46626,reward,1816,37.55530658712837,105.952,SF-P3O,Walker2d-v4,4
46731,reward,1817,101.48088581598238,96.322,SF-P3O,Walker2d-v4,4
46800,reward,1818,48.21173646812353,92.426,SF-P3O,Walker2d-v4,4
46866,reward,1819,17.970318577422006,93.501,SF-P3O,Walker2d-v4,4
46993,reward,1820,11.907769696020562,67.185,SF-P3O,Walker2d-v4,4
47023,reward,1821,10.525725928539376,67.676,SF-P3O,Walker2d-v4,4
47102,reward,1822,60.868817896760824,44.161,SF-P3O,Walker2d-v4,4
47207,reward,1823,99.85889070687985,49.388,SF-P3O,Walker2d-v4,4
47330,reward,1824,30.804733765673426,47.942,SF-P3O,Walker2d-v4,4
47343,reward,1825,1.6511143736742038,42.084,SF-P3O,Walker2d-v4,4
47387,reward,1826,24.331453975254135,40.761,SF-P3O,Walker2d-v4,4
47415,reward,1827,12.868601522858166,31.9,SF-P3O,Walker2d-v4,4
47458,reward,1828,14.671964676233197,28.546,SF-P3O,Walker2d-v4,4
47566,reward,1829,159.76914561299128,42.726,SF-P3O,Walker2d-v4,4
47632,reward,1830,49.53940915367816,46.489,SF-P3O,Walker2d-v4,4
47702,reward,1831,25.157481052107308,47.952,SF-P3O,Walker2d-v4,4
47859,reward,1832,281.74122638345284,70.039,SF-P3O,Walker2d-v4,4
48043,reward,1833,284.1080557228697,88.464,SF-P3O,Walker2d-v4,4
48123,reward,1834,68.36526038987076,92.22,SF-P3O,Walker2d-v4,4
48222,reward,1835,33.189768110375084,95.374,SF-P3O,Walker2d-v4,4
48455,reward,1836,360.6790155129191,129.009,SF-P3O,Walker2d-v4,4
48624,reward,1837,233.2436964154361,151.047,SF-P3O,Walker2d-v4,4
48680,reward,1838,20.056183737892525,151.585,SF-P3O,Walker2d-v4,4
48753,reward,1839,52.79506315011058,140.888,SF-P3O,Walker2d-v4,4
48785,reward,1840,17.361367308418565,137.67,SF-P3O,Walker2d-v4,4
48829,reward,1841,18.854648648140277,137.039,SF-P3O,Walker2d-v4,4
49149,reward,1842,442.9435039913862,153.16,SF-P3O,Walker2d-v4,4
49152,loss,-0.0270184688270092,0.38968193531036377,SF-P3O,Walker2d-v4,4
49152,diagnostics,0.0,53.84,6.8504,0.013935,0.964206,0.2012,0.11262,SF-P3O,Walker2d-v4,4
49267,reward,1843,30.967718219891406,127.846,SF-P3O,Walker2d-v4,4
49400,reward,1844,240.15883087586892,145.025,SF-P3O,Walker2d-v4,4
49501,reward,1845,58.995729113350166,147.606,SF-P3O,Walker2d-v4,4
49573,reward,1846,33.87880320751443,114.926,SF-P3O,Walker2d-v4,4
49658,reward,1847,50.83464397007609,96.685,SF-P3O,Walker2d-v4,4
49796,reward,1848,194.0008368132666,114.079,SF-P3O,Walker2d-v4,4
49860,reward,1849,53.51258127363895,114.151,SF-P3O,Walker2d-v4,4
49937,reward,1850,40.79999964028803,116.495,SF-P3O,Walker2d-v4,4
50000,speed,445.98,1.32,SF-P3O,Walker2d-v4,4
50001,spectral,0.013935,0.964206,0.2012,SF-P3O,Walker2d-v4,4
50015,reward,1851,45.62470440529175,119.172,SF-P3O,Walker2d-v4,4
50182,reward,1852,282.42231272047655,103.12,SF-P3O,Walker2d-v4,4
50285,reward,1853,30.06918235242537,103.03,SF-P3O,Walker2d-v4,4
50338,reward,1854,22.588859424740498,81.273,SF-P3O,Walker2d-v4,4
50525,reward,1855,61.831633194736014,81.556,SF-P3O,Walker2d-v4,4
50642,reward,1856,30.17366302140286,81.186,SF-P3O,Walker2d-v4,4
50801,reward,1857,274.0366121163812,103.506,SF-P3O,Walker2d-v4,4
50943,reward,1858,268.4746775693129,110.953,SF-P3O,Walker2d-v4,4
51061,reward,1859,12.150727032210831,106.817,SF-P3O,Walker2d-v4,4
51118,reward,1860,43.06816252006634,107.044,SF-P3O,Walker2d-v4,4
51245,reward,1861,103.17107709790614,112.799,SF-P3O,Walker2d-v4,4
51391,reward,1862,39.92984067283747,88.549,SF-P3O,Walker2d-v4,4
51472,reward,1863,48.93509534663248,90.436,SF-P3O,Walker2d-v4,4
51631,reward,1864,50.71859461931473,93.249,SF-P3O,Walker2d-v4,4
51648,reward,1865,6.998785107755104,87.766,SF-P3O,Walker2d-v4,4
52004,reward,1866,484.89938688417203,133.238,SF-P3O,Walker2d-v4,4
52071,reward,1867,40.73789325955961,109.908,SF-P3O,Walker2d-v4,4
52281,reward,1868,164.74632211156728,99.536,SF-P3O,Walker2d-v4,4
52508,reward,1869,397.92452737351243,138.113,SF-P3O,Walker2d-v4,4
52616,reward,1870,78.63320309590213,141.669,SF-P3O,Walker2d-v4,4
52733,reward,1871,218.12969077823706,153.165,SF-P3O,Walker2d-v4,4
52791,reward,1872,54.93438532384672,154.666,SF-P3O,Walker2d-v4,4
52826,reward,1873,14.170767187018594,151.189,SF-P3O,Walker2d-v4,4
52969,reward,1874,23.023604165001636,148.42,SF-P3O,Walker2d-v4,4
53105,reward,1875,13.436699103492941,149.064,SF-P3O,Walker2d-v4,4
53165,reward,1876,38.80260035085153,104.454,SF-P3O,Walker2d-v4,4
53234,reward,1877,62.84665415542069,106.665,SF-P3O,Walker2d-v4,4
53370,reward,1878,175.7176130952607,107.762,SF-P3O,Walker2d-v4,4
53437,reward,1879,44.85770615570016,72.455,SF-P3O,Walker2d-v4,4
53567,reward,1880,94.14076486388511,74.006,SF-P3O,Walker2d-v4,4
53632,reward,1881,58.81786049841779,58.075,SF-P3O,Walker2d-v4,4
53674,reward,1882,17.701998680903927,54.352,SF-P3O,Walker2d-v4,4
53895,reward,1883,110.5830853635038,63.993,SF-P3O,Walker2d-v4,4
54025,reward,1884,180.97904522141692,79.788,SF-P3O,Walker2d-v4,4
54040,reward,1885,6.173937647654524,79.062,SF-P3O,Walker2d-v4,4
54153,reward,1886,101.28314706357399,85.31,SF-P3O,Walker2d-v4,4
54255,reward,1887,200.8765528115604,99.113,SF-P3O,Walker2d-v4,4
54454,reward,1888,136.11195235300332,95.153,SF-P3O,Walker2d-v4,4
54646,reward,1889,170.02134077054808,107.669,SF-P3O,Walker2d-v4,4
54666,reward,1890,11.803366034435863,99.435,SF-P3O,Walker2d-v4,4
54762,reward,1891,66.33035678082304,100.186,SF-P3O,Walker2d-v4,4
54803,reward,1892,8.610028301398366,99.277,SF-P3O,Walker2d-v4,4
54970,reward,1893,82.55573982943763,96.475,SF-P3O,Walker2d-v4,4
55051,reward,1894,69.10362780265292,85.287,SF-P3O,Walker2d-v4,4
55156,reward,1895,126.52187244218639,97.322,SF-P3O,Walker2d-v4,4
55321,reward,1896,99.33184001721403,97.127,SF-P3O,Walker2d-v4,4
55457,reward,1897,70.11768836391597,84.051,SF-P3O,Walker2d-v4,4
55618,reward,1898,118.47925418242671,82.288,SF-P3O,Walker2d-v4,4
55838,reward,1899,92.55618597366887,74.541,SF-P3O,Walker2d-v4,4
55986,reward,1900,154.03003628444162,88.764,SF-P3O,Walker2d-v4,4
56088,reward,1901,22.45978883200774,84.377,SF-P3O,Walker2d-v4,4
56257,reward,1902,290.5182498834309,112.567,SF-P3O,Walker2d-v4,4
56359,reward,1903,124.41526972096078,116.753,SF-P3O,Walker2d-v4,4
56488,reward,1904,65.93211125538862,116.436,SF-P3O,Walker2d-v4,4
56622,reward,1905,199.65149410502755,123.749,SF-P3O,Walker2d-v4,4
56700,reward,1906,54.38567799251989,119.255,SF-P3O,Walker2d-v4,4
56851,reward,1907,240.44396327362483,136.287,SF-P3O,Walker2d-v4,4
56964,reward,1908,21.64263141380939,126.604,SF-P3O,Walker2d-v4,4
57008,reward,1909,40.76047977016482,121.424,SF-P3O,Walker2d-v4,4
57163,reward,1910,93.30791955819288,115.352,SF-P3O,Walker2d-v4,4
57310,reward,1911,247.95643903425668,137.901,SF-P3O,Walker2d-v4,4
57344,loss,-0.04878413677215576,0.2691558599472046,SF-P3O,Walker2d-v4,4
57445,reward,1912,235.1497128258657,132.365,SF-P3O,Walker2d-v4,4
57551,reward,1913,32.00135462152818,123.123,SF-P3O,Walker2d-v4,4
57700,reward,1914,102.13119954003861,126.743,SF-P3O,Walker2d-v4,4
57835,reward,1915,119.858366306867,118.764,SF-P3O,Walker2d-v4,4
57885,reward,1916,40.19659597842972,117.345,SF-P3O,Walker2d-v4,4
58066,reward,1917,83.44954900595147,101.645,SF-P3O,Walker2d-v4,4
58117,reward,1918,25.033388851239014,101.985,SF-P3O,Walker2d-v4,4
58458,reward,1919,262.3853754033895,124.147,SF-P3O,Walker2d-v4,4
58584,reward,1920,42.047155484706586,119.021,SF-P3O,Walker2d-v4,4
58814,reward,1921,127.34918574904567,106.96,SF-P3O,Walker2d-v4,4
59085,reward,1922,88.99542300413009,92.345,SF-P3O,Walker2d-v4,4
59330,reward,1923,146.88517308271895,103.833,SF-P3O,Walker2d-v4,4
59470,reward,1924,51.409562802425725,98.761,SF-P3O,Walker2d-v4,4
59632,reward,1925,126.02492862554017,99.378,SF-P3O,Walker2d-v4,4
59718,reward,1926,56.730315646851466,101.031,SF-P3O,Walker2d-v4,4
59837,reward,1927,206.20256265984546,113.306,SF-P3O,Walker2d-v4,4
60000,speed,651.8,1.58,SF-P3O,Walker2d-v4,4
60001,spectral,0.015578,0.963601,0.1949,SF-P3O,Walker2d-v4,4
60062,reward,1928,252.06254148808583,136.009,SF-P3O,Walker2d-v4,4
60351,reward,1929,210.18865582612597,130.79,SF-P3O,Walker2d-v4,4
60512,reward,1930,288.8279445788137,155.468,SF-P3O,Walker2d-v4,4
60712,reward,1931,76.48503131911934,150.381,SF-P3O,Walker2d-v4,4
60930,reward,1932,87.43829862064113,150.226,SF-P3O,Walker2d-v4,4
61063,reward,1933,213.81199646887725,156.918,SF-P3O,Walker2d-v4,4
61139,reward,1934,68.64822462088766,158.642,SF-P3O,Walker2d-v4,4
61389,reward,1935,146.48311230881436,160.688,SF-P3O,Walker2d-v4,4
61507,reward,1936,210.1464206109827,176.029,SF-P3O,Walker2d-v4,4
61536,reward,1937,15.898975684348223,156.999,SF-P3O,Walker2d-v4,4
61692,reward,1938,271.4510533655193,158.938,SF-P3O,Walker2d-v4,4
61804,reward,1939,31.558994891914022,141.075,SF-P3O,Walker2d-v4,4
61955,reward,1940,234.327394816855,135.625,SF-P3O,Walker2d-v4,4
62074,reward,1941,102.78904578155425,138.255,SF-P3O,Walker2d-v4,4
62420,reward,1942,267.6703462632143,156.279,SF-P3O,Walker2d-v4,4
62436,reward,1943,6.2969957000415056,135.527,SF-P3O,Walker2d-v4,4
62508,reward,1944,60.44318164637823,134.707,SF-P3O,Walker2d-v4,4
62620,reward,1945,83.70597994667007,128.429,SF-P3O,Walker2d-v4,4
62741,reward,1946,8.995078782915053,108.314,SF-P3O,Walker2d-v4,4
62803,reward,1947,37.95402765170218,110.519,SF-P3O,Walker2d-v4,4
63137,reward,1948,418.5277150995979,125.227,SF-P3O,Walker2d-v4,4
63245,reward,1949,155.97581777068325,137.669,SF-P3O,Walker2d-v4,4
63451,reward,1950,83.36999532773399,122.573,SF-P3O,Walker2d-v4,4
63575,reward,1951,28.195750684584915,115.113,SF-P3O,Walker2d-v4,4
63735,reward,1952,280.9558950287111,116.442,SF-P3O,Walker2d-v4,4
63865,reward,1953,28.337044015724366,118.646,SF-P3O,Walker2d-v4,4
64052,reward,1954,113.43661676104718,123.945,SF-P3O,Walker2d-v4,4
64189,reward,1955,56.91739820610672,121.267,SF-P3O,Walker2d-v4,4
64260,reward,1956,46.72929959229555,125.04,SF-P3O,Walker2d-v4,4
64395,reward,1957,31.286154146532198,124.373,SF-P3O,Walker2d-v4,4
64469,reward,1958,86.0275264886505,91.123,SF-P3O,Walker2d-v4,4
64640,reward,1959,284.3114561381276,103.957,SF-P3O,Walker2d-v4,4
64740,reward,1960,54.59520910689935,101.079,SF-P3O,Walker2d-v4,4
64927,reward,1961,340.10139691246366,132.27,SF-P3O,Walker2d-v4,4
65030,reward,1962,64.79472786538516,110.654,SF-P3O,Walker2d-v4,4
65264,reward,1963,118.48128100127566,119.668,SF-P3O,Walker2d-v4,4
65414,reward,1964,262.1822070371055,134.543,SF-P3O,Walker2d-v4,4
65536,loss,-0.024242088198661804,0.35593363642692566,SF-P3O,Walker2d-v4,4
65536,diagnostics,0.0,54.3,6.2006,0.017212,0.962675,0.232,0.113031,SF-P3O,Walker2d-v4,4
65593,reward,1965,282.35729939587895,157.087,SF-P3O,Walker2d-v4,4
65931,reward,1966,443.0267098868789,196.716,SF-P3O,Walker2d-v4,4
66237,reward,1967,412.91144670476837,234.879,SF-P3O,Walker2d-v4,4
66475,reward,1968,162.20924954801907,242.497,SF-P3O,Walker2d-v4,4
66592,reward,1969,73.16868058420181,221.383,SF-P3O,Walker2d-v4,4
66828,reward,1970,169.36759020768713,232.86,SF-P3O,Walker2d-v4,4
67032,reward,1971,338.31278226182866,232.681,SF-P3O,Walker2d-v4,4
67053,reward,1972,8.491399954342219,227.051,SF-P3O,Walker2d-v4,4
67163,reward,1973,198.95983398492115,235.099,SF-P3O,Walker2d-v4,4
67313,reward,1974,253.89956099413496,234.27,SF-P3O,Walker2d-v4,4
67475,reward,1975,89.94988465972398,215.03,SF-P3O,Walker2d-v4,4
67681,reward,1976,104.09630330577397,181.137,SF-P3O,Walker2d-v4,4
67893,reward,1977,105.20469400584405,150.366,SF-P3O,Walker2d-v4,4
68055,reward,1978,249.59419144087525,159.104,SF-P3O,Walker2d-v4,4
68079,reward,1979,18.482014189881845,153.636,SF-P3O,Walker2d-v4,4
68128,reward,1980,39.66812439368942,140.666,SF-P3O,Walker2d-v4,4
68263,reward,1981,248.0522141951769,131.64,SF-P3O,Walker2d-v4,4
68712,reward,1982,388.2051690533662,169.611,SF-P3O,Walker2d-v4,4
69086,reward,1983,444.46174258231827,194.161,SF-P3O,Walker2d-v4,4
69555,reward,1984,277.8519090678493,196.557,SF-P3O,Walker2d-v4,4
69803,reward,1985,198.09153367995043,207.371,SF-P3O,Walker2d-v4,4
70000,speed,656.58,1.83,SF-P3O,Walker2d-v4,4
70001,spectral,0.017212,0.962675,0.232,SF-P3O,Walker2d-v4,4
70035,reward,1986,178.7113519054092,214.832,SF-P3O,Walker2d-v4,4
70316,reward,1987,201.03882419348105,224.416,SF-P3O,Walker2d-v4,4
70502,reward,1988,313.7793700445354,230.834,SF-P3O,Walker2d-v4,4
70646,reward,1989,81.63692911781838,237.15,SF-P3O,Walker2d-v4,4
70926,reward,1990,93.66747305940989,242.55,SF-P3O,Walker2d-v4,4
71131,reward,1991,308.4115730641083,248.586,SF-P3O,Walker2d-v4,4
71231,reward,1992,180.86617877866954,227.852,SF-P3O,Walker2d-v4,4
71346,reward,1993,33.692660857073896,186.775,SF-P3O,Walker2d-v4,4
71549,reward,1994,91.77905218280756,168.167,SF-P3O,Walker2d-v4,4
71691,reward,1995,234.4590210328974,171.804,SF-P3O,Walker2d-v4,4
71783,reward,1996,165.8624338047418,170.519,SF-P3O,Walker2d-v4,4
71864,reward,1997,65.23218220126614,156.939,SF-P3O,Walker2d-v4,4
71997,reward,1998,15.322041772583272,127.093,SF-P3O,Walker2d-v4,4
72101,reward,1999,25.951703498997336,121.524,SF-P3O,Walker2d-v4,4
72215,reward,2000,171.11611360306168,129.269,SF-P3O,Walker2d-v4,4
72340,reward,2001,72.95045233869718,105.723,SF-P3O,Walker2d-v4,4
72768,reward,2002,267.0531731898392,114.342,SF-P3O,Walker2d-v4,4
73143,reward,2003,285.4397527431216,139.517,SF-P3O,Walker2d-v4,4
73279,reward,2004,251.00401085489915,155.439,SF-P3O,Walker2d-v4,4
73622,reward,2005,219.7794098158822,153.971,SF-P3O,Walker2d-v4,4
73728,loss,0.015933644026517868,0.29768896102905273,SF-P3O,Walker2d-v4,4
73778,reward,2006,233.7424644784912,160.759,SF-P3O,Walker2d-v4,4
74200,reward,2007,285.7361144847124,182.81,SF-P3O,Walker2d-v4,4
74318,reward,2008,213.8627628766312,202.664,SF-P3O,Walker2d-v4,4
74509,reward,2009,52.1931984917344,205.288,SF-P3O,Walker2d-v4,4
74623,reward,2010,8.232692165528256,188.999,SF-P3O,Walker2d-v4,4
74728,reward,2011,99.8390141154821,191.688,SF-P3O,Walker2d-v4,4
74938,reward,2012,307.69595697922955,195.753,SF-P3O,Walker2d-v4,4
75204,reward,2013,166.61720151361692,183.87,SF-P3O,Walker2d-v4,4
75334,reward,2014,48.673882810729744,163.637,SF-P3O,Walker2d-v4,4
75653,reward,2015,128.7191156076958,154.531,SF-P3O,Walker2d-v4,4
75907,reward,2016,354.5256115171687,166.61,SF-P3O,Walker2d-v4,4
76176,reward,2017,397.5680945625291,177.793,SF-P3O,Walker2d-v4,4
76237,reward,2018,30.46877085179693,159.453,SF-P3O,Walker2d-v4,4
76574,reward,2019,419.2657020939949,196.161,SF-P3O,Walker2d-v4,4
76690,reward,2020,107.45102478131267,206.082,SF-P3O,Walker2d-v4,4
77305,reward,2021,732.4521516269357,269.344,SF-P3O,Walker2d-v4,4
77446,reward,2022,232.84101024741295,261.858,SF-P3O,Walker2d-v4,4
77601,reward,2023,115.16415469063985,256.713,SF-P3O,Walker2d-v4,4
77811,reward,2024,278.04721646274646,279.65,SF-P3O,Walker2d-v4,4
77922,reward,2025,24.65976535376862,269.244,SF-P3O,Walker2d-v4,4
78101,reward,2026,110.86144835977937,244.878,SF-P3O,Walker2d-v4,4
78184,reward,2027,61.07785820029685,211.229,SF-P3O,Walker2d-v4,4
78214,reward,2028,21.17848784881442,210.3,SF-P3O,Walker2d-v4,4
78382,reward,2029,258.6574244650935,194.239,SF-P3O,Walker2d-v4,4
78515,reward,2030,64.44602525685922,189.939,SF-P3O,Walker2d-v4,4
78742,reward,2031,357.41959022803525,152.435,SF-P3O,Walker2d-v4,4
78982,reward,2032,314.79867638700824,160.631,SF-P3O,Walker2d-v4,4
79304,reward,2033,148.4005172493624,163.955,SF-P3O,Walker2d-v4,4
79335,reward,2034,20.313731962941436,138.181,SF-P3O,Walker2d-v4,4
79879,reward,2035,296.2353680099439,165.339,SF-P3O,Walker2d-v4,4
80000,speed,664.18,2.08,SF-P3O,Walker2d-v4,4
80001,spectral,0.018863,0.961999,0.2592,SF-P3O,Walker2d-v4,4
80071,reward,2036,302.1387062400994,184.467,SF-P3O,Walker2d-v4,4
80117,reward,2037,19.691293549353354,180.328,SF-P3O,Walker2d-v4,4
80261,reward,2038,80.60428795908103,186.271,SF-P3O,Walker2d-v4,4
80406,reward,2039,76.36451752625626,168.041,SF-P3O,Walker2d-v4,4
80553,reward,2040,5.695519446897015,162.166,SF-P3O,Walker2d-v4,4
80789,reward,2041,323.6401576892496,158.788,SF-P3O,Walker2d-v4,4
80926,reward,2042,77.1312164889253,135.022,SF-P3O,Walker2d-v4,4
81138,reward,2043,95.90095313403214,129.772,SF-P3O,Walker2d-v4,4
81293,reward,2044,296.7536325265942,157.416,SF-P3O,Walker2d-v4,4
81474,reward,2045,245.7775319014816,152.37,SF-P3O,Walker2d-v4,4
81622,reward,2046,260.9446460805955,148.25,SF-P3O,Walker2d-v4,4
81792,reward,2047,311.9143169473784,177.473,SF-P3O,Walker2d-v4,4
81920,loss,-0.08697104454040527,0.32039734721183777,SF-P3O,Walker2d-v4,4
81920,diagnostics,0.0,54.77,10.0047,0.020201,0.96129,0.243,0.113675,SF-P3O,Walker2d-v4,4
82092,reward,2048,424.71724994613083,211.884,SF-P3O,Walker2d-v4,4
82228,reward,2049,87.91285699709027,213.039,SF-P3O,Walker2d-v4,4
82357,reward,2050,10.899961339119516,213.559,SF-P3O,Walker2d-v4,4
82510,reward,2051,95.36867016933046,190.732,SF-P3O,Walker2d-v4,4
82686,reward,2052,272.18124894837877,210.237,SF-P3O,Walker2d-v4,4
83063,reward,2053,290.2076371745671,229.668,SF-P3O,Walker2d-v4,4
83228,reward,2054,50.35124978457344,205.028,SF-P3O,Walker2d-v4,4
83353,reward,2055,54.380415275412886,185.888,SF-P3O,Walker2d-v4,4
83534,reward,2056,78.1457360952053,167.608,SF-P3O,Walker2d-v4,4
83646,reward,2057,212.2710345825117,157.644,SF-P3O,Walker2d-v4,4
83807,reward,2058,71.61836141071754,122.334,SF-P3O,Walker2d-v4,4
83937,reward,2059,232.57000096499706,136.799,SF-P3O,Walker2d-v4,4
84074,reward,2060,230.16138981958355,158.726,SF-P3O,Walker2d-v4,4
84573,reward,2061,567.0064919221379,205.889,SF-P3O,Walker2d-v4,4
84781,reward,2062,309.8166060141181,209.653,SF-P3O,Walker2d-v4,4
84921,reward,2063,132.69286250791518,193.901,SF-P3O,Walker2d-v4,4
85055,reward,2064,69.21260092508042,195.788,SF-P3O,Walker2d-v4,4
85210,reward,2065,259.7694785924742,216.326,SF-P3O,Walker2d-v4,4
85443,reward,2066,126.09868535808619,221.122,SF-P3O,Walker2d-v4,4
85716,reward,2067,228.5834294846227,222.753,SF-P3O,Walker2d-v4,4
85837,reward,2068,23.55070047522177,217.946,SF-P3O,Walker2d-v4,4
86109,reward,2069,291.30184912172876,223.819,SF-P3O,Walker2d-v4,4
86409,reward,2070,181.57099709624288,218.96,SF-P3O,Walker2d-v4,4
86538,reward,2071,208.08509894526694,183.068,SF-P3O,Walker2d-v4,4
86629,reward,2072,126.71269572473228,164.758,SF-P3O,Walker2d-v4,4
86819,reward,2073,342.5914524071434,185.748,SF-P3O,Walker2d-v4,4
86986,reward,2074,306.66695758451925,209.493,SF-P3O,Walker2d-v4,4
87123,reward,2075,254.15808479098845,208.932,SF-P3O,Walker2d-v4,4
87293,reward,2076,27.194713620339662,199.042,SF-P3O,Walker2d-v4,4
87443,reward,2077,277.22613638632066,203.906,SF-P3O,Walker2d-v4,4
87748,reward,2078,475.60482985128675,249.111,SF-P3O,Walker2d-v4,4
88003,reward,2079,351.7247581606383,255.154,SF-P3O,Walker2d-v4,4
88180,reward,2080,147.56148274682604,251.753,SF-P3O,Walker2d-v4,4
88391,reward,2081,105.92460146387533,241.537,SF-P3O,Walker2d-v4,4
88693,reward,2082,103.08953191508627,239.174,SF-P3O,Walker2d-v4,4
88958,reward,2083,150.3394163791365,219.949,SF-P3O,Walker2d-v4,4
89113,reward,2084,71.27876179213408,196.41,SF-P3O,Walker2d-v4,4
89287,reward,2085,266.5261029332572,197.647,SF-P3O,Walker2d-v4,4
89430,reward,2086,78.13233130714616,202.741,SF-P3O,Walker2d-v4,4
89581,reward,2087,248.39647163763914,199.858,SF-P3O,Walker2d-v4,4
89880,reward,2088,229.6458441918852,175.262,SF-P3O,Walker2d-v4,4
90000,speed,650.87,2.34,SF-P3O,Walker2d-v4,4
90001,spectral,0.020201,0.96129,0.243,SF-P3O,Walker2d-v4,4
90012,reward,2089,76.72039827501547,147.761,SF-P3O,Walker2d-v4,4
90112,loss,0.14712214469909668,0.46558552980422974,SF-P3O,Walker2d-v4,4
90204,reward,2090,312.11264151763174,164.217,SF-P3O,Walker2d-v4,4
90400,reward,2091,165.4293609827092,170.167,SF-P3O,Walker2d-v4,4
90692,reward,2092,432.96159678355156,203.154,SF-P3O,Walker2d-v4,4
90854,reward,2093,62.35788854807282,194.356,SF-P3O,Walker2d-v4,4
91088,reward,2094,356.4169515899371,222.87,SF-P3O,Walker2d-v4,4
91436,reward,2095,153.58392090112775,211.576,SF-P3O,Walker2d-v4,4
91551,reward,2096,48.96571560314331,208.659,SF-P3O,Walker2d-v4,4
91755,reward,2097,73.37763201159915,191.157,SF-P3O,Walker2d-v4,4
91959,reward,2098,91.96216257335301,177.389,SF-P3O,Walker2d-v4,4
92117,reward,2099,244.36129816865773,194.153,SF-P3O,Walker2d-v4,4
92218,reward,2100,171.3638370590873,180.078,SF-P3O,Walker2d-v4,4
92356,reward,2101,225.4062541320914,186.076,SF-P3O,Walker2d-v4,4
92833,reward,2102,570.2631511989255,199.806,SF-P3O,Walker2d-v4,4
92917,reward,2103,62.79836186894319,199.85,SF-P3O,Walker2d-v4,4
93117,reward,2104,329.8451000938118,197.193,SF-P3O,Walker2d-v4,4
93265,reward,2105,54.62323690927518,187.297,SF-P3O,Walker2d-v4,4
93471,reward,2106,319.65317323611936,214.365,SF-P3O,Walker2d-v4,4
93575,reward,2107,182.6913132227244,225.297,SF-P3O,Walker2d-v4,4
93679,reward,2108,185.90765257895654,234.691,SF-P3O,Walker2d-v4,4
93848,reward,2109,258.05445595843963,236.061,SF-P3O,Walker2d-v4,4
94152,reward,2110,424.2030397874986,261.345,SF-P3O,Walker2d-v4,4
94366,reward,2111,125.84060403916011,251.388,SF-P3O,Walker2d-v4,4
94507,reward,2112,27.67361689922114,197.129,SF-P3O,Walker2d-v4,4
94760,reward,2113,99.18940009962412,200.768,SF-P3O,Walker2d-v4,4
94882,reward,2114,204.04013297991307,188.188,SF-P3O,Walker2d-v4,4
95306,reward,2115,509.8841327375554,233.714,SF-P3O,Walker2d-v4,4
95453,reward,2116,240.64193008012387,225.813,SF-P3O,Walker2d-v4,4
95600,reward,2117,239.3240932474568,231.476,SF-P3O,Walker2d-v4,4
95924,reward,2118,141.94112531003765,227.079,SF-P3O,Walker2d-v4,4
96066,reward,2119,41.470852507845436,205.421,SF-P3O,Walker2d-v4,4
96321,reward,2120,418.30169651822007,204.831,SF-P3O,Walker2d-v4,4
96730,reward,2121,263.2549260477724,218.572,SF-P3O,Walker2d-v4,4
96870,reward,2122,259.11561727335646,241.716,SF-P3O,Walker2d-v4,4
97021,reward,2123,257.97343948467693,257.595,SF-P3O,Walker2d-v4,4
97330,reward,2124,216.70548611814422,258.861,SF-P3O,Walker2d-v4,4
97486,reward,2125,242.6275891860801,232.136,SF-P3O,Walker2d-v4,4
97605,reward,2126,222.94590500643034,230.366,SF-P3O,Walker2d-v4,4
97749,reward,2127,255.1183040811513,231.945,SF-P3O,Walker2d-v4,4
97925,reward,2128,292.6858391403435,247.02,SF-P3O,Walker2d-v4,4
98136,reward,2129,73.47437402803645,250.22,SF-P3O,Walker2d-v4,4
98304,loss,0.008217647671699524,0.2306099832057953,SF-P3O,Walker2d-v4,4
98304,diagnostics,0.0,55.17,5.688,0.022473,0.961092,0.2817,0.114725,SF-P3O,Walker2d-v4,4
98522,reward,2130,247.36631563573786,233.127,SF-P3O,Walker2d-v4,4
98760,reward,2131,356.17504782323795,242.419,SF-P3O,Walker2d-v4,4
98780,reward,2132,12.390649561665752,217.746,SF-P3O,Walker2d-v4,4
99072,reward,2133,384.60649223893324,230.41,SF-P3O,Walker2d-v4,4
99174,reward,2134,169.30954692637565,225.67,SF-P3O,Walker2d-v4,4
99321,reward,2135,114.90477675195551,212.898,SF-P3O,Walker2d-v4,4
99449,reward,2136,86.06642969020889,199.21,SF-P3O,Walker2d-v4,4
99578,reward,2137,206.31323153185892,194.329,SF-P3O,Walker2d-v4,4
99740,reward,2138,277.7527706845409,192.836,SF-P3O,Walker2d-v4,4
100000,speed,450.31,2.71,SF-P3O,Walker2d-v4,4
100000,reward,2139,356.5538405053824,221.144,SF-P3O,Walker2d-v4,4
100001,spectral,0.022473,0.961092,0.2817,SF-P3O,Walker2d-v4,4
100174,reward,2140,296.22495034722647,226.03,SF-P3O,Walker2d-v4,4
100593,reward,2141,474.28886754181764,237.841,SF-P3O,Walker2d-v4,4
100852,reward,2142,350.54366380575215,271.656,SF-P3O,Walker2d-v4,4
100959,reward,2143,195.03659505074035,252.699,SF-P3O,Walker2d-v4,4
101125,reward,2144,267.5195624771227,262.52,SF-P3O,Walker2d-v4,4
101166,reward,2145,25.33006319265627,253.563,SF-P3O,Walker2d-v4,4
101320,reward,2146,243.28533456221194,269.285,SF-P3O,Walker2d-v4,4
101474,reward,2147,305.934376589348,279.247,SF-P3O,Walker2d-v4,4
101561,reward,2148,56.94198499158673,257.166,SF-P3O,Walker2d-v4,4
101765,reward,2149,297.72168738948363,251.283,SF-P3O,Walker2d-v4,4
102006,reward,2150,368.6002935438069,258.52,SF-P3O,Walker2d-v4,4
102146,reward,2151,84.68087881511694,219.559,SF-P3O,Walker2d-v4,4
102222,reward,2152,76.98736906456897,192.204,SF-P3O,Walker2d-v4,4
102599,reward,2153,479.42239653000513,220.642,SF-P3O,Walker2d-v4,4
102613,reward,2154,4.517795412284957,194.342,SF-P3O,Walker2d-v4,4
102627,reward,2155,1.0295555639889202,191.912,SF-P3O,Walker2d-v4,4
102751,reward,2156,225.63867482947578,190.148,SF-P3O,Walker2d-v4,4
102928,reward,2157,290.9197703806663,188.646,SF-P3O,Walker2d-v4,4
103067,reward,2158,229.21146426975608,205.873,SF-P3O,Walker2d-v4,4
103240,reward,2159,280.49777438716325,204.151,SF-P3O,Walker2d-v4,4
103448,reward,2160,40.66705630820312,171.357,SF-P3O,Walker2d-v4,4
103697,reward,2161,341.9019934022324,197.079,SF-P3O,Walker2d-v4,4
103868,reward,2162,98.09778472008817,199.19,SF-P3O,Walker2d-v4,4
103885,reward,2163,6.5208585674277675,151.9,SF-P3O,Walker2d-v4,4
104077,reward,2164,304.5068088414979,181.899,SF-P3O,Walker2d-v4,4
104332,reward,2165,376.0270768409686,219.399,SF-P3O,Walker2d-v4,4
104689,reward,2166,452.2884901852466,242.064,SF-P3O,Walker2d-v4,4
104853,reward,2167,274.94462349590805,240.466,SF-P3O,Walker2d-v4,4
105049,reward,2168,314.2618460895126,248.971,SF-P3O,Walker2d-v4,4
105182,reward,2169,245.84357468031334,245.506,SF-P3O,Walker2d-v4,4
105344,reward,2170,43.51799780393661,245.791,SF-P3O,Walker2d-v4,4
105612,reward,2171,398.16246867305455,251.417,SF-P3O,Walker2d-v4,4
105823,reward,2172,344.8707994547797,276.094,SF-P3O,Walker2d-v4,4
105953,reward,2173,219.55648006679985,297.398,SF-P3O,Walker2d-v4,4
106286,reward,2174,438.5918276064348,310.807,SF-P3O,Walker2d-v4,4
106448,reward,2175,76.0515878005916,280.809,SF-P3O,Walker2d-v4,4
106496,loss,0.0034729884937405586,0.46131661534309387,SF-P3O,Walker2d-v4,4
106613,reward,2176,269.5089816731936,262.531,SF-P3O,Walker2d-v4,4
106968,reward,2177,307.6051225172303,265.797,SF-P3O,Walker2d-v4,4
107113,reward,2178,202.722469949696,254.643,SF-P3O,Walker2d-v4,4
107217,reward,2179,199.13762406648738,249.973,SF-P3O,Walker2d-v4,4
107394,reward,2180,71.96616380605226,252.817,SF-P3O,Walker2d-v4,4
107685,reward,2181,130.70167516558334,226.071,SF-P3O,Walker2d-v4,4
107710,reward,2182,11.555485604082905,192.74,SF-P3O,Walker2d-v4,4
107888,reward,2183,74.28916565218415,178.213,SF-P3O,Walker2d-v4,4
108143,reward,2184,355.25089078483063,169.879,SF-P3O,Walker2d-v4,4
108456,reward,2185,163.3258245119066,178.606,SF-P3O,Walker2d-v4,4
108610,reward,2186,281.3646935146386,179.792,SF-P3O,Walker2d-v4,4
108751,reward,2187,207.72716652747366,169.804,SF-P3O,Walker2d-v4,4
109271,reward,2188,559.02501665604,205.434,SF-P3O,Walker2d-v4,4
109541,reward,2189,164.12156614308415,201.933,SF-P3O,Walker2d-v4,4
109622,reward,2190,31.11942098108268,197.848,SF-P3O,Walker2d-v4,4
110000,speed,681.19,2.96,SF-P3O,Walker2d-v4,4
110001,spectral,0.023287,0.961001,0.2971,SF-P3O,Walker2d-v4,4
110048,reward,2191,521.0128148256914,236.879,SF-P3O,Walker2d-v4,4
110209,reward,2192,69.6864815277188,242.692,SF-P3O,Walker2d-v4,4
110561,reward,2193,411.27940144079537,276.391,SF-P3O,Walker2d-v4,4
110820,reward,2194,344.7593355321235,275.342,SF-P3O,Walker2d-v4,4
111098,reward,2195,418.2387621728483,300.833,SF-P3O,Walker2d-v4,4
111532,reward,2196,504.68576547030585,323.166,SF-P3O,Walker2d-v4,4
111736,reward,2197,325.19851134167396,334.913,SF-P3O,Walker2d-v4,4
112104,reward,2198,200.92261702211175,299.102,SF-P3O,Walker2d-v4,4
112355,reward,2199,341.96956816867123,316.887,SF-P3O,Walker2d-v4,4
112620,reward,2200,172.11113442909934,330.986,SF-P3O,Walker2d-v4,4
112839,reward,2201,291.9823730491318,308.083,SF-P3O,Walker2d-v4,4
113105,reward,2202,370.61279838006914,338.176,SF-P3O,Walker2d-v4,4
113228,reward,2203,195.36571480805813,316.585,SF-P3O,Walker2d-v4,4
113381,reward,2204,260.6738698268261,308.176,SF-P3O,Walker2d-v4,4
113571,reward,2205,297.8166327934417,296.134,SF-P3O,Walker2d-v4,4
113718,reward,2206,244.12686022137743,270.078,SF-P3O,Walker2d-v4,4
113862,reward,2207,242.89376703681125,261.848,SF-P3O,Walker2d-v4,4
114038,reward,2208,288.3394516389128,270.589,SF-P3O,Walker2d-v4,4
114245,reward,2209,78.93108250626896,244.285,SF-P3O,Walker2d-v4,4
114408,reward,2210,281.00336540691853,255.175,SF-P3O,Walker2d-v4,4
114688,loss,0.09562068432569504,0.45050734281539917,SF-P3O,Walker2d-v4,4
114688,diagnostics,0.0,55.56,13.9695,0.024018,0.960914,0.2909,0.115253,SF-P3O,Walker2d-v4,4
114735,reward,2211,471.19833206312023,273.096,SF-P3O,Walker2d-v4,4
114901,reward,2212,243.1522814885365,260.35,SF-P3O,Walker2d-v4,4
114994,reward,2213,174.5016650453734,258.264,SF-P3O,Walker2d-v4,4
115129,reward,2214,248.69670242409697,257.066,SF-P3O,Walker2d-v4,4
115324,reward,2215,308.37605761292406,258.122,SF-P3O,Walker2d-v4,4
115506,reward,2216,324.98840213285035,266.208,SF-P3O,Walker2d-v4,4
115619,reward,2217,201.1664083311552,262.035,SF-P3O,Walker2d-v4,4
115762,reward,2218,92.06516785521359,242.408,SF-P3O,Walker2d-v4,4
116075,reward,2219,161.75727034056453,250.691,SF-P3O,Walker2d-v4,4
116202,reward,2220,234.75411814022473,246.066,SF-P3O,Walker2d-v4,4
116415,reward,2221,350.29544084016084,233.975,SF-P3O,Walker2d-v4,4
116676,reward,2222,378.4336822442317,247.503,SF-P3O,Walker2d-v4,4
116878,reward,2223,83.92936459455285,238.446,SF-P3O,Walker2d-v4,4
116970,reward,2224,99.69930187585636,223.547,SF-P3O,Walker2d-v4,4
117102,reward,2225,254.56893391986523,218.166,SF-P3O,Walker2d-v4,4
117280,reward,2226,100.8126100424158,195.748,SF-P3O,Walker2d-v4,4
117417,reward,2227,226.89407701789338,198.321,SF-P3O,Walker2d-v4,4
117812,reward,2228,304.0024710359714,219.515,SF-P3O,Walker2d-v4,4
117970,reward,2229,266.72143523936774,230.011,SF-P3O,Walker2d-v4,4
118244,reward,2230,157.25930489449206,222.262,SF-P3O,Walker2d-v4,4
118700,reward,2231,542.1305038377866,241.445,SF-P3O,Walker2d-v4,4
118767,reward,2232,67.92982123258878,210.395,SF-P3O,Walker2d-v4,4
119044,reward,2233,396.00477953267267,241.602,SF-P3O,Walker2d-v4,4
119270,reward,2234,50.02809803954392,236.635,SF-P3O,Walker2d-v4,4
119385,reward,2235,225.3441105200288,233.713,SF-P3O,Walker2d-v4,4
119517,reward,2236,221.3679519747613,245.768,SF-P3O,Walker2d-v4,4
119533,reward,2237,7.473136117482103,223.826,SF-P3O,Walker2d-v4,4
119768,reward,2238,385.03907063369275,231.93,SF-P3O,Walker2d-v4,4
119806,reward,2239,19.366873279573127,207.194,SF-P3O,Walker2d-v4,4
120000,speed,652.4,3.21,SF-P3O,Walker2d-v4,4
120001,spectral,0.024018,0.960914,0.2909,SF-P3O,Walker2d-v4,4
120071,reward,2240,389.4076500899029,230.409,SF-P3O,Walker2d-v4,4
120146,reward,2241,74.63676783580125,183.66,SF-P3O,Walker2d-v4,4
120324,reward,2242,77.7177808064815,184.639,SF-P3O,Walker2d-v4,4
120459,reward,2243,77.94091145005669,152.832,SF-P3O,Walker2d-v4,4
120770,reward,2244,425.0890426539621,190.338,SF-P3O,Walker2d-v4,4
120794,reward,2245,13.103793547440509,169.114,SF-P3O,Walker2d-v4,4
120937,reward,2246,26.248867428487085,149.602,SF-P3O,Walker2d-v4,4
121059,reward,2247,182.76730743115272,167.132,SF-P3O,Walker2d-v4,4
121334,reward,2248,171.21341064074795,145.749,SF-P3O,Walker2d-v4,4
121539,reward,2249,339.29397375211994,177.742,SF-P3O,Walker2d-v4,4
121930,reward,2250,346.01146409522914,173.402,SF-P3O,Walker2d-v4,4
122104,reward,2251,79.60411678900492,173.899,SF-P3O,Walker2d-v4,4
122322,reward,2252,333.92391821404584,199.52,SF-P3O,Walker2d-v4,4
122510,reward,2253,51.00461550560537,196.826,SF-P3O,Walker2d-v4,4
122677,reward,2254,79.35904616048049,162.253,SF-P3O,Walker2d-v4,4
122801,reward,2255,234.529547982472,184.396,SF-P3O,Walker2d-v4,4
122880,loss,-0.03475029394030571,0.37510088086128235,SF-P3O,Walker2d-v4,4
122993,reward,2256,320.3566012064559,213.806,SF-P3O,Walker2d-v4,4
123111,reward,2257,203.0360728630685,215.833,SF-P3O,Walker2d-v4,4
123337,reward,2258,59.06513229838599,204.618,SF-P3O,Walker2d-v4,4
123721,reward,2259,296.24882140797604,200.314,SF-P3O,Walker2d-v4,4
123873,reward,2260,245.5559120726079,190.268,SF-P3O,Walker2d-v4,4
124016,reward,2261,257.9342423445635,208.101,SF-P3O,Walker2d-v4,4
124191,reward,2262,287.4820817817182,203.457,SF-P3O,Walker2d-v4,4
124433,reward,2263,381.4516017376236,236.502,SF-P3O,Walker2d-v4,4
124801,reward,2264,199.0248988305633,248.468,SF-P3O,Walker2d-v4,4
125121,reward,2265,172.54044056990296,242.27,SF-P3O,Walker2d-v4,4
125291,reward,2266,246.22056423974846,234.856,SF-P3O,Walker2d-v4,4
125361,reward,2267,53.12822721061431,219.865,SF-P3O,Walker2d-v4,4
125522,reward,2268,296.03977186270043,243.563,SF-P3O,Walker2d-v4,4
125741,reward,2269,128.55873461534821,226.794,SF-P3O,Walker2d-v4,4
126154,reward,2270,534.3488012598319,255.673,SF-P3O,Walker2d-v4,4
126276,reward,2271,199.00626005306188,249.78,SF-P3O,Walker2d-v4,4
126552,reward,2272,174.06082905569045,238.438,SF-P3O,Walker2d-v4,4
126784,reward,2273,385.54964089187735,238.848,SF-P3O,Walker2d-v4,4
127057,reward,2274,384.1210751272081,257.357,SF-P3O,Walker2d-v4,4
127205,reward,2275,246.04055265974338,264.707,SF-P3O,Walker2d-v4,4
127501,reward,2276,407.2112410850393,280.807,SF-P3O,Walker2d-v4,4
127713,reward,2277,164.915889130842,291.985,SF-P3O,Walker2d-v4,4
127857,reward,2278,273.1808015734342,289.699,SF-P3O,Walker2d-v4,4
128025,reward,2279,95.61088111922233,286.405,SF-P3O,Walker2d-v4,4
128174,reward,2280,249.46262423226776,257.916,SF-P3O,Walker2d-v4,4
128332,reward,2281,252.49037226712173,263.264,SF-P3O,Walker2d-v4,4
128510,reward,2282,57.872775280827504,251.646,SF-P3O,Walker2d-v4,4
128648,reward,2283,218.4693933241237,234.938,SF-P3O,Walker2d-v4,4
128724,reward,2284,110.44706278318242,207.57,SF-P3O,Walker2d-v4,4
128873,reward,2285,243.94382791074648,207.36,SF-P3O,Walker2d-v4,4
129039,reward,2286,293.61565710210436,196.001,SF-P3O,Walker2d-v4,4
129558,reward,2287,516.6775024931659,231.177,SF-P3O,Walker2d-v4,4
129970,reward,2288,490.3370928932579,252.893,SF-P3O,Walker2d-v4,4
130000,speed,691.88,3.45,SF-P3O,Walker2d-v4,4
130001,spectral,0.024901,0.960797,0.3065,SF-P3O,Walker2d-v4,4
130149,reward,2289,287.1945776539571,272.051,SF-P3O,Walker2d-v4,4
130294,reward,2290,241.96002610591648,271.301,SF-P3O,Walker2d-v4,4
130488,reward,2291,172.1906175154338,263.271,SF-P3O,Walker2d-v4,4
130675,reward,2292,307.05886942596675,288.189,SF-P3O,Walker2d-v4,4
130871,reward,2293,293.7275639139875,295.715,SF-P3O,Walker2d-v4,4
131024,reward,2294,58.682841440912924,290.539,SF-P3O,Walker2d-v4,4
131072,loss,0.006846718955785036,0.45099306106567383,SF-P3O,Walker2d-v4,4
131072,diagnostics,0.0,55.92,14.7082,0.025803,0.960391,0.3247,0.11622,SF-P3O,Walker2d-v4,4
131254,reward,2295,323.7195992449857,298.516,SF-P3O,Walker2d-v4,4
131621,reward,2296,444.1783260322395,313.573,SF-P3O,Walker2d-v4,4
131835,reward,2297,346.2009732159915,296.525,SF-P3O,Walker2d-v4,4
131993,reward,2298,266.36254228600137,274.128,SF-P3O,Walker2d-v4,4
132117,reward,2299,187.9102636162919,264.199,SF-P3O,Walker2d-v4,4
132329,reward,2300,302.98768460965186,270.302,SF-P3O,Walker2d-v4,4
132343,reward,2301,5.062847180904187,253.589,SF-P3O,Walker2d-v4,4
132533,reward,2302,324.87769781778087,255.371,SF-P3O,Walker2d-v4,4
132731,reward,2303,321.032914839174,258.102,SF-P3O,Walker2d-v4,4
132902,reward,2304,280.8954937539282,280.323,SF-P3O,Walker2d-v4,4
133079,reward,2305,260.5561906449393,274.006,SF-P3O,Walker2d-v4,4
133161,reward,2306,164.05194287487848,245.994,SF-P3O,Walker2d-v4,4
133360,reward,2307,326.66010453030947,244.04,SF-P3O,Walker2d-v4,4
133578,reward,2308,333.81283790983485,250.785,SF-P3O,Walker2d-v4,4
133785,reward,2309,319.4713700534418,263.941,SF-P3O,Walker2d-v4,4
134015,reward,2310,347.6740876560164,268.41,SF-P3O,Walker2d-v4,4
134178,reward,2311,38.76260226392773,271.78,SF-P3O,Walker2d-v4,4
134376,reward,2312,84.8902655698057,247.781,SF-P3O,Walker2d-v4,4
134594,reward,2313,316.05865908639277,247.283,SF-P3O,Walker2d-v4,4
134861,reward,2314,367.8749762425497,255.981,SF-P3O,Walker2d-v4,4
135582,reward,2315,592.3840425708139,289.164,SF-P3O,Walker2d-v4,4
135731,reward,2316,265.43216883532494,299.302,SF-P3O,Walker2d-v4,4
136115,reward,2317,471.8885351369443,313.825,SF-P3O,Walker2d-v4,4
136290,reward,2318,293.07707431878305,309.751,SF-P3O,Walker2d-v4,4
136428,reward,2319,209.66526349984318,298.771,SF-P3O,Walker2d-v4,4
136620,reward,2320,97.12500178073486,273.716,SF-P3O,Walker2d-v4,4
136785,reward,2321,288.60271009226125,298.7,SF-P3O,Walker2d-v4,4
136904,reward,2322,211.46808409576627,311.358,SF-P3O,Walker2d-v4,4
137092,reward,2323,80.00744885064594,287.753,SF-P3O,Walker2d-v4,4
137294,reward,2324,88.03736734735605,259.769,SF-P3O,Walker2d-v4,4
137634,reward,2325,413.2851018729557,241.859,SF-P3O,Walker2d-v4,4
137772,reward,2326,252.05490284044112,240.521,SF-P3O,Walker2d-v4,4
137916,reward,2327,238.72577025988667,217.205,SF-P3O,Walker2d-v4,4
138136,reward,2328,100.19634108741194,197.917,SF-P3O,Walker2d-v4,4
138321,reward,2329,315.0836672365363,208.459,SF-P3O,Walker2d-v4,4
138417,reward,2330,5.757510686694758,199.322,SF-P3O,Walker2d-v4,4
138693,reward,2331,355.803890060503,206.042,SF-P3O,Walker2d-v4,4
139084,reward,2332,426.2596456189492,227.521,SF-P3O,Walker2d-v4,4
139264,loss,-0.04581346735358238,0.46047043800354004,SF-P3O,Walker2d-v4,4
139280,reward,2333,321.7359802707175,251.694,SF-P3O,Walker2d-v4,4
139670,reward,2334,281.71121121425335,271.061,SF-P3O,Walker2d-v4,4
139748,reward,2335,49.26274710838161,234.659,SF-P3O,Walker2d-v4,4
139793,reward,2336,39.7894753522695,213.433,SF-P3O,Walker2d-v4,4
140000,speed,456.0,3.82,SF-P3O,Walker2d-v4,4
140001,spectral,0.026627,0.959838,0.343,SF-P3O,Walker2d-v4,4
140054,reward,2337,344.7640786598945,224.036,SF-P3O,Walker2d-v4,4
140421,reward,2338,456.7053095375482,259.687,SF-P3O,Walker2d-v4,4
140526,reward,2339,196.24376712293628,247.803,SF-P3O,Walker2d-v4,4
140692,reward,2340,294.0246445642616,276.63,SF-P3O,Walker2d-v4,4
140849,reward,2341,286.93947628286344,269.744,SF-P3O,Walker2d-v4,4
141017,reward,2342,282.4889534842411,255.367,SF-P3O,Walker2d-v4,4
141195,reward,2343,241.28866745381345,247.322,SF-P3O,Walker2d-v4,4
141475,reward,2344,390.2229533379848,258.173,SF-P3O,Walker2d-v4,4
141735,reward,2345,370.98062557387016,290.345,SF-P3O,Walker2d-v4,4
141867,reward,2346,238.97037946481694,310.263,SF-P3O,Walker2d-v4,4
142148,reward,2347,161.4356441609241,291.93,SF-P3O,Walker2d-v4,4
142268,reward,2348,215.83577438825188,267.843,SF-P3O,Walker2d-v4,4
142433,reward,2349,88.37408642080378,257.056,SF-P3O,Walker2d-v4,4
142635,reward,2350,327.8490613824008,260.439,SF-P3O,Walker2d-v4,4
142836,reward,2351,77.93051770356566,239.538,SF-P3O,Walker2d-v4,4
143116,reward,2352,155.23147130114864,226.812,SF-P3O,Walker2d-v4,4
143225,reward,2353,193.21957474743047,222.005,SF-P3O,Walker2d-v4,4
143352,reward,2354,210.43239144534118,204.026,SF-P3O,Walker2d-v4,4
143510,reward,2355,247.1957869341512,191.647,SF-P3O,Walker2d-v4,4
143694,reward,2356,96.67243356311265,177.418,SF-P3O,Walker2d-v4,4
143913,reward,2357,142.88627113713434,175.563,SF-P3O,Walker2d-v4,4
144112,reward,2358,281.0966938076092,182.089,SF-P3O,Walker2d-v4,4
144266,reward,2359,62.34323434691256,179.486,SF-P3O,Walker2d-v4,4
144454,reward,2360,310.0377200512004,177.705,SF-P3O,Walker2d-v4,4
144632,reward,2361,292.81285304251094,199.193,SF-P3O,Walker2d-v4,4
144843,reward,2362,342.76589150943215,217.946,SF-P3O,Walker2d-v4,4
145108,reward,2363,400.7106451719998,238.695,SF-P3O,Walker2d-v4,4
145280,reward,2364,298.4113817516196,247.493,SF-P3O,Walker2d-v4,4
145565,reward,2365,408.37568982805976,263.611,SF-P3O,Walker2d-v4,4
145810,reward,2366,366.0574230212221,290.55,SF-P3O,Walker2d-v4,4
145952,reward,2367,253.13280568656404,301.574,SF-P3O,Walker2d-v4,4
146125,reward,2368,53.627415386289385,278.828,SF-P3O,Walker2d-v4,4
146281,reward,2369,274.3621947526486,300.029,SF-P3O,Walker2d-v4,4
146548,reward,2370,410.02885389952587,310.029,SF-P3O,Walker2d-v4,4
146704,reward,2371,221.51282551072276,302.899,SF-P3O,Walker2d-v4,4
146863,reward,2372,255.16109212630403,294.138,SF-P3O,Walker2d-v4,4
147154,reward,2373,352.2501728193557,289.292,SF-P3O,Walker2d-v4,4
147279,reward,2374,220.2662691475226,281.477,SF-P3O,Walker2d-v4,4
147434,reward,2375,276.45896781514614,268.286,SF-P3O,Walker2d-v4,4
147447,reward,2376,2.745003515712253,231.955,SF-P3O,Walker2d-v4,4
147456,loss,-0.06532393395900726,0.30457425117492676,SF-P3O,Walker2d-v4,4
147456,diagnostics,0.0,56.25,9.2288,0.027494,0.959784,0.3319,0.11706,SF-P3O,Walker2d-v4,4
147767,reward,2377,402.7596517261991,246.917,SF-P3O,Walker2d-v4,4
147933,reward,2378,274.36276885599136,268.991,SF-P3O,Walker2d-v4,4
148514,reward,2379,637.2603590208987,305.281,SF-P3O,Walker2d-v4,4
148623,reward,2380,23.846833022562556,266.662,SF-P3O,Walker2d-v4,4
148777,reward,2381,274.835526307151,271.995,SF-P3O,Walker2d-v4,4
148963,reward,2382,96.97539115731432,256.176,SF-P3O,Walker2d-v4,4
149271,reward,2383,109.14936808904089,231.866,SF-P3O,Walker2d-v4,4
149400,reward,2384,225.67720354268806,232.407,SF-P3O,Walker2d-v4,4
149731,reward,2385,449.24570730878474,249.686,SF-P3O,Walker2d-v4,4
150000,speed,676.79,4.06,SF-P3O,Walker2d-v4,4
150001,spectral,0.027494,0.959784,0.3319,SF-P3O,Walker2d-v4,4
150053,reward,2386,439.9496411181104,293.406,SF-P3O,Walker2d-v4,4
150308,reward,2387,370.9694182377214,290.227,SF-P3O,Walker2d-v4,4
150457,reward,2388,271.76183129382343,289.967,SF-P3O,Walker2d-v4,4
150753,reward,2389,399.6008115647109,266.201,SF-P3O,Walker2d-v4,4
150903,reward,2390,260.8139887516084,289.898,SF-P3O,Walker2d-v4,4
151089,reward,2391,290.7281108365951,291.487,SF-P3O,Walker2d-v4,4
151265,reward,2392,275.2154866702372,309.311,SF-P3O,Walker2d-v4,4
151362,reward,2393,190.19045452912047,317.415,SF-P3O,Walker2d-v4,4
151496,reward,2394,242.1478873968294,319.062,SF-P3O,Walker2d-v4,4
151713,reward,2395,318.168618865338,305.955,SF-P3O,Walker2d-v4,4
152115,reward,2396,548.0288399876465,316.763,SF-P3O,Walker2d-v4,4
152319,reward,2397,316.39836658610614,311.305,SF-P3O,Walker2d-v4,4
152475,reward,2398,280.41927757665735,312.171,SF-P3O,Walker2d-v4,4
152616,reward,2399,260.57417991583264,298.269,SF-P3O,Walker2d-v4,4
152748,reward,2400,110.48790692567822,283.236,SF-P3O,Walker2d-v4,4
152878,reward,2401,232.64958398121368,277.428,SF-P3O,Walker2d-v4,4
153030,reward,2402,264.1191723072499,276.318,SF-P3O,Walker2d-v4,4
153252,reward,2403,334.3726413068886,290.737,SF-P3O,Walker2d-v4,4
153473,reward,2404,349.6241150488252,301.484,SF-P3O,Walker2d-v4,4
153601,reward,2405,244.59325496445229,294.127,SF-P3O,Walker2d-v4,4
153766,reward,2406,271.39671974491597,266.464,SF-P3O,Walker2d-v4,4
153969,reward,2407,95.44456063997914,244.368,SF-P3O,Walker2d-v4,4
154249,reward,2408,415.7755902025368,257.904,SF-P3O,Walker2d-v4,4
154653,reward,2409,522.976729926823,284.144,SF-P3O,Walker2d-v4,4
155076,reward,2410,292.5642077120251,302.352,SF-P3O,Walker2d-v4,4
155202,reward,2411,172.53838995304872,296.341,SF-P3O,Walker2d-v4,4
155407,reward,2412,276.54835499771724,297.583,SF-P3O,Walker2d-v4,4
155637,reward,2413,355.8620611757075,299.732,SF-P3O,Walker2d-v4,4
155648,loss,-0.06658191233873367,0.5927245020866394,SF-P3O,Walker2d-v4,4
155756,reward,2414,220.92751171816118,286.863,SF-P3O,Walker2d-v4,4
155885,reward,2415,231.50572454134024,285.554,SF-P3O,Walker2d-v4,4
156019,reward,2416,240.43221457292205,282.458,SF-P3O,Walker2d-v4,4
156321,reward,2417,438.6141977117333,316.774,SF-P3O,Walker2d-v4,4
156466,reward,2418,266.8731777159784,301.884,SF-P3O,Walker2d-v4,4
156630,reward,2419,274.52275638387675,277.039,SF-P3O,Walker2d-v4,4
156810,reward,2420,297.9627301601991,277.579,SF-P3O,Walker2d-v4,4
156938,reward,2421,242.01595715613524,284.526,SF-P3O,Walker2d-v4,4
157136,reward,2422,307.909817819624,287.663,SF-P3O,Walker2d-v4,4
157389,reward,2423,387.7061555749824,290.847,SF-P3O,Walker2d-v4,4
157607,reward,2424,335.4926021688607,302.304,SF-P3O,Walker2d-v4,4
157753,reward,2425,272.12507365077744,306.365,SF-P3O,Walker2d-v4,4
157903,reward,2426,269.28215462567886,309.25,SF-P3O,Walker2d-v4,4
158097,reward,2427,107.11682275274735,276.101,SF-P3O,Walker2d-v4,4
158280,reward,2428,272.2312118258813,276.637,SF-P3O,Walker2d-v4,4
158472,reward,2429,326.34240514803474,281.818,SF-P3O,Walker2d-v4,4
158645,reward,2430,78.9090050499209,259.913,SF-P3O,Walker2d-v4,4
158892,reward,2431,336.65760389114376,269.377,SF-P3O,Walker2d-v4,4
159238,reward,2432,413.7181396775306,279.958,SF-P3O,Walker2d-v4,4
159517,reward,2433,146.2979490069798,255.817,SF-P3O,Walker2d-v4,4
159759,reward,2434,376.73637955935794,259.942,SF-P3O,Walker2d-v4,4
159914,reward,2435,46.63698153395655,237.393,SF-P3O,Walker2d-v4,4
160000,speed,683.39,4.31,SF-P3O,Walker2d-v4,4
160001,spectral,0.02837,0.959679,0.36,SF-P3O,Walker2d-v4,4
160102,reward,2436,171.84447547896156,227.649,SF-P3O,Walker2d-v4,4
160290,reward,2437,318.6173001387937,248.799,SF-P3O,Walker2d-v4,4
160550,reward,2438,399.13174310915656,261.489,SF-P3O,Walker2d-v4,4
160691,reward,2439,256.9724796453575,254.552,SF-P3O,Walker2d-v4,4
160980,reward,2440,426.6333631945121,289.325,SF-P3O,Walker2d-v4,4
161270,reward,2441,397.45930120258464,295.405,SF-P3O,Walker2d-v4,4
161427,reward,2442,263.2653995642367,280.36,SF-P3O,Walker2d-v4,4
161578,reward,2443,278.1415474105805,293.544,SF-P3O,Walker2d-v4,4
161720,reward,2444,63.53464893084488,262.224,SF-P3O,Walker2d-v4,4
161860,reward,2445,62.27358295003615,263.787,SF-P3O,Walker2d-v4,4
162068,reward,2446,351.0823556867257,281.711,SF-P3O,Walker2d-v4,4
162494,reward,2447,502.09386704286993,300.059,SF-P3O,Walker2d-v4,4
162677,reward,2448,285.144200680579,288.66,SF-P3O,Walker2d-v4,4
162978,reward,2449,426.387401598079,305.602,SF-P3O,Walker2d-v4,4
163099,reward,2450,235.39138214637998,286.477,SF-P3O,Walker2d-v4,4
163249,reward,2451,266.87704604945264,273.419,SF-P3O,Walker2d-v4,4
163425,reward,2452,276.31105261372215,274.724,SF-P3O,Walker2d-v4,4
163541,reward,2453,211.7568663183451,268.085,SF-P3O,Walker2d-v4,4
163691,reward,2454,251.83317733614362,286.915,SF-P3O,Walker2d-v4,4
163840,loss,-0.026395726948976517,0.4957927167415619,SF-P3O,Walker2d-v4,4
163840,diagnostics,0.0,56.59,25.9685,0.028938,0.95985,0.3913,0.118098,SF-P3O,Walker2d-v4,4
163881,reward,2455,318.6623164927551,312.554,SF-P3O,Walker2d-v4,4
164056,reward,2456,291.77351141243423,306.623,SF-P3O,Walker2d-v4,4
164177,reward,2457,215.82153664506524,277.996,SF-P3O,Walker2d-v4,4
164334,reward,2458,274.83390025788384,276.965,SF-P3O,Walker2d-v4,4
164488,reward,2459,254.21213190145872,259.747,SF-P3O,Walker2d-v4,4
164680,reward,2460,86.67942901500663,244.876,SF-P3O,Walker2d-v4,4
164857,reward,2461,268.4602005694688,245.034,SF-P3O,Walker2d-v4,4
165103,reward,2462,389.1598230089295,256.319,SF-P3O,Walker2d-v4,4
165217,reward,2463,197.21048959569237,254.865,SF-P3O,Walker2d-v4,4
165357,reward,2464,259.4007028218435,255.621,SF-P3O,Walker2d-v4,4
165502,reward,2465,237.06036798939564,247.461,SF-P3O,Walker2d-v4,4
165655,reward,2466,280.73349607564137,246.357,SF-P3O,Walker2d-v4,4
165868,reward,2467,315.0587216557362,256.281,SF-P3O,Walker2d-v4,4
166269,reward,2468,252.4322714930119,254.041,SF-P3O,Walker2d-v4,4
166585,reward,2469,430.36876998700967,271.656,SF-P3O,Walker2d-v4,4
166735,reward,2470,269.811955728594,289.97,SF-P3O,Walker2d-v4,4
166986,reward,2471,370.87693464329413,300.211,SF-P3O,Walker2d-v4,4
167247,reward,2472,389.0048014933407,300.196,SF-P3O,Walker2d-v4,4
167433,reward,2473,286.8964561968101,309.164,SF-P3O,Walker2d-v4,4
167569,reward,2474,251.28707530700282,308.353,SF-P3O,Walker2d-v4,4
167677,reward,2475,207.64128221919484,305.411,SF-P3O,Walker2d-v4,4
167798,reward,2476,205.19015617616543,297.857,SF-P3O,Walker2d-v4,4
167924,reward,2477,233.3602318874247,289.687,SF-P3O,Walker2d-v4,4
168157,reward,2478,369.0429772332842,301.348,SF-P3O,Walker2d-v4,4
168326,reward,2479,83.25788966688378,266.637,SF-P3O,Walker2d-v4,4
168585,reward,2480,168.83209532173203,256.539,SF-P3O,Walker2d-v4,4
168766,reward,2481,312.6535494665269,250.717,SF-P3O,Walker2d-v4,4
168870,reward,2482,169.29153802266813,228.745,SF-P3O,Walker2d-v4,4
169221,reward,2483,461.97649472354686,246.253,SF-P3O,Walker2d-v4,4
169327,reward,2484,198.78035147490783,241.003,SF-P3O,Walker2d-v4,4
169473,reward,2485,245.33154669734037,244.772,SF-P3O,Walker2d-v4,4
169761,reward,2486,438.7616071391102,268.129,SF-P3O,Walker2d-v4,4
169997,reward,2487,356.39969475226303,280.433,SF-P3O,Walker2d-v4,4
170000,speed,641.94,4.57,SF-P3O,Walker2d-v4,4
170001,spectral,0.028938,0.95985,0.3913,SF-P3O,Walker2d-v4,4
170280,reward,2488,432.8477055404813,286.813,SF-P3O,Walker2d-v4,4
170606,reward,2489,432.485297080287,321.736,SF-P3O,Walker2d-v4,4
170859,reward,2490,358.7166983522323,340.724,SF-P3O,Walker2d-v4,4
171039,reward,2491,265.12070078663794,335.971,SF-P3O,Walker2d-v4,4
171338,reward,2492,426.8527206398047,361.727,SF-P3O,Walker2d-v4,4
171489,reward,2493,265.33001543009357,342.063,SF-P3O,Walker2d-v4,4
171609,reward,2494,201.74825652276613,342.359,SF-P3O,Walker2d-v4,4
171843,reward,2495,351.4632739186187,352.973,SF-P3O,Walker2d-v4,4
172032,loss,-0.046978551894426346,0.7338855266571045,SF-P3O,Walker2d-v4,4
172107,reward,2496,375.0283927224324,346.599,SF-P3O,Walker2d-v4,4
172207,reward,2497,66.80429984456053,317.64,SF-P3O,Walker2d-v4,4
172403,reward,2498,289.81827925926666,303.337,SF-P3O,Walker2d-v4,4
172598,reward,2499,330.12053921822104,293.1,SF-P3O,Walker2d-v4,4
172800,reward,2500,309.3972063334174,288.168,SF-P3O,Walker2d-v4,4
173084,reward,2501,396.5264679201256,301.309,SF-P3O,Walker2d-v4,4
173276,reward,2502,293.3736875078024,287.961,SF-P3O,Walker2d-v4,4
173593,reward,2503,458.0809686518098,307.236,SF-P3O,Walker2d-v4,4
174011,reward,2504,550.7539259950629,342.137,SF-P3O,Walker2d-v4,4
174114,reward,2505,208.7600197946557,327.866,SF-P3O,Walker2d-v4,4
174349,reward,2506,373.91694234673736,327.755,SF-P3O,Walker2d-v4,4
174486,reward,2507,255.81215424807448,346.656,SF-P3O,Walker2d-v4,4
174636,reward,2508,267.1376721725646,344.388,SF-P3O,Walker2d-v4,4
174866,reward,2509,380.87009663557535,349.463,SF-P3O,Walker2d-v4,4
175022,reward,2510,285.16551110253545,347.04,SF-P3O,Walker2d-v4,4
175107,reward,2511,72.09164044178453,314.596,SF-P3O,Walker2d-v4,4
175379,reward,2512,416.54927363866756,326.914,SF-P3O,Walker2d-v4,4
175530,reward,2513,262.715958254148,307.377,SF-P3O,Walker2d-v4,4
175647,reward,2514,210.8424504211764,273.386,SF-P3O,Walker2d-v4,4
175964,reward,2515,160.441109608648,268.554,SF-P3O,Walker2d-v4,4
176108,reward,2516,260.5145073471088,257.214,SF-P3O,Walker2d-v4,4
176223,reward,2517,232.33851487804384,254.867,SF-P3O,Walker2d-v4,4
176366,reward,2518,255.4773212287257,253.701,SF-P3O,Walker2d-v4,4
176554,reward,2519,309.9962475466681,246.613,SF-P3O,Walker2d-v4,4
176697,reward,2520,233.62066944425908,241.459,SF-P3O,Walker2d-v4,4
176870,reward,2521,291.1194743514017,263.362,SF-P3O,Walker2d-v4,4
177082,reward,2522,325.6462341343564,254.271,SF-P3O,Walker2d-v4,4
177234,reward,2523,282.01637461664455,256.201,SF-P3O,Walker2d-v4,4
177350,reward,2524,209.00503840788227,256.018,SF-P3O,Walker2d-v4,4
177494,reward,2525,253.53406861778967,265.327,SF-P3O,Walker2d-v4,4
177616,reward,2526,57.85976188824734,245.061,SF-P3O,Walker2d-v4,4
177779,reward,2527,274.90151547795904,249.318,SF-P3O,Walker2d-v4,4
177960,reward,2528,298.6888753183596,253.639,SF-P3O,Walker2d-v4,4
178136,reward,2529,291.85236898326445,251.824,SF-P3O,Walker2d-v4,4
178277,reward,2530,256.31656006301085,254.094,SF-P3O,Walker2d-v4,4
178481,reward,2531,302.56383282016213,255.238,SF-P3O,Walker2d-v4,4
178763,reward,2532,171.71712411144205,239.846,SF-P3O,Walker2d-v4,4
178882,reward,2533,36.179085396190985,215.262,SF-P3O,Walker2d-v4,4
179052,reward,2534,299.62595323148633,224.324,SF-P3O,Walker2d-v4,4
179262,reward,2535,344.95522844759904,233.466,SF-P3O,Walker2d-v4,4
179434,reward,2536,41.56968849851507,231.837,SF-P3O,Walker2d-v4,4
179604,reward,2537,72.73325603293016,211.62,SF-P3O,Walker2d-v4,4
179710,reward,2538,193.7766942655322,201.129,SF-P3O,Walker2d-v4,4
179958,reward,2539,153.85870705300445,187.33,SF-P3O,Walker2d-v4,4
180000,speed,660.96,4.82,SF-P3O,Walker2d-v4,4
180001,spectral,0.029604,0.959482,0.424,SF-P3O,Walker2d-v4,4
180171,reward,2540,335.51086396051477,195.249,SF-P3O,Walker2d-v4,4
180224,loss,-0.07921147346496582,0.4722176194190979,SF-P3O,Walker2d-v4,4
180224,diagnostics,0.0,56.9,28.75,0.030401,0.959272,0.4452,0.118365,SF-P3O,Walker2d-v4,4
180319,reward,2541,263.3744440776777,191.33,SF-P3O,Walker2d-v4,4
180445,reward,2542,190.9191722146585,193.25,SF-P3O,Walker2d-v4,4
180490,reward,2543,38.018900250553905,193.434,SF-P3O,Walker2d-v4,4
180679,reward,2544,68.48123099783727,170.32,SF-P3O,Walker2d-v4,4
180865,reward,2545,313.5757496743855,167.182,SF-P3O,Walker2d-v4,4
181060,reward,2546,313.09928114134686,194.335,SF-P3O,Walker2d-v4,4
181318,reward,2547,359.68051377718706,223.03,SF-P3O,Walker2d-v4,4
181472,reward,2548,282.15759669832215,231.868,SF-P3O,Walker2d-v4,4
181645,reward,2549,297.87309018295224,246.269,SF-P3O,Walker2d-v4,4
181889,reward,2550,333.44626690089444,246.063,SF-P3O,Walker2d-v4,4
182095,reward,2551,345.65560529440086,254.291,SF-P3O,Walker2d-v4,4
182269,reward,2552,312.89826833644577,266.489,SF-P3O,Walker2d-v4,4
182466,reward,2553,319.8451732537353,294.671,SF-P3O,Walker2d-v4,4
182633,reward,2554,293.450657878735,317.168,SF-P3O,Walker2d-v4,4
182651,reward,2555,8.92522516305492,286.703,SF-P3O,Walker2d-v4,4
182916,reward,2556,381.48041253031886,293.541,SF-P3O,Walker2d-v4,4
183111,reward,2557,322.208151756037,289.794,SF-P3O,Walker2d-v4,4
183283,reward,2558,298.10029831418944,291.388,SF-P3O,Walker2d-v4,4
183489,reward,2559,332.891723950997,294.89,SF-P3O,Walker2d-v4,4
183878,reward,2560,284.7322639519081,290.019,SF-P3O,Walker2d-v4,4
183992,reward,2561,201.45464300567755,275.599,SF-P3O,Walker2d-v4,4
184231,reward,2562,379.23356336410814,282.232,SF-P3O,Walker2d-v4,4
184422,reward,2563,67.73312847086478,257.021,SF-P3O,Walker2d-v4,4
184668,reward,2564,368.8960630724808,264.566,SF-P3O,Walker2d-v4,4
184938,reward,2565,173.94091274037532,281.067,SF-P3O,Walker2d-v4,4
185112,reward,2566,288.69781745438877,271.789,SF-P3O,Walker2d-v4,4
185290,reward,2567,68.38058075311761,246.406,SF-P3O,Walker2d-v4,4
185477,reward,2568,305.64981275519483,247.161,SF-P3O,Walker2d-v4,4
185678,reward,2569,116.11465367728108,225.483,SF-P3O,Walker2d-v4,4
185908,reward,2570,142.60219670340237,211.27,SF-P3O,Walker2d-v4,4
186207,reward,2571,181.47173881799765,209.272,SF-P3O,Walker2d-v4,4
186667,reward,2572,604.2438475352664,231.773,SF-P3O,Walker2d-v4,4
186904,reward,2573,355.56816869296233,260.557,SF-P3O,Walker2d-v4,4
187374,reward,2574,610.5934806695132,284.726,SF-P3O,Walker2d-v4,4
187494,reward,2575,235.16823380398552,290.849,SF-P3O,Walker2d-v4,4
187631,reward,2576,240.0906896711186,285.988,SF-P3O,Walker2d-v4,4
187722,reward,2577,164.57610661968167,295.608,SF-P3O,Walker2d-v4,4
187937,reward,2578,291.21891943011826,294.165,SF-P3O,Walker2d-v4,4
188137,reward,2579,275.8297579085323,310.136,SF-P3O,Walker2d-v4,4
188416,loss,0.13328683376312256,0.6318355798721313,SF-P3O,Walker2d-v4,4
188593,reward,2580,550.6676839864782,350.943,SF-P3O,Walker2d-v4,4
188603,reward,2581,0.9593751401361951,332.892,SF-P3O,Walker2d-v4,4
188767,reward,2582,291.08906708164625,301.576,SF-P3O,Walker2d-v4,4
188973,reward,2583,319.9963671491952,298.019,SF-P3O,Walker2d-v4,4
189142,reward,2584,271.51682183700626,264.111,SF-P3O,Walker2d-v4,4
189286,reward,2585,259.6609006546612,266.561,SF-P3O,Walker2d-v4,4
189414,reward,2586,241.85520058234223,266.737,SF-P3O,Walker2d-v4,4
189555,reward,2587,252.21514181208977,275.501,SF-P3O,Walker2d-v4,4
189795,reward,2588,364.0434965270615,282.783,SF-P3O,Walker2d-v4,4
190000,speed,449.46,5.19,SF-P3O,Walker2d-v4,4
190001,spectral,0.031101,0.958941,0.4598,SF-P3O,Walker2d-v4,4
190067,reward,2589,373.1729823958775,292.518,SF-P3O,Walker2d-v4,4
190306,reward,2590,117.66634275886865,249.218,SF-P3O,Walker2d-v4,4
190556,reward,2591,381.4942417488833,287.271,SF-P3O,Walker2d-v4,4
190701,reward,2592,62.36882997569909,264.399,SF-P3O,Walker2d-v4,4
190824,reward,2593,146.48400232620037,247.048,SF-P3O,Walker2d-v4,4
190957,reward,2594,235.32794802177574,243.429,SF-P3O,Walker2d-v4,4
191203,reward,2595,387.66626094122836,256.229,SF-P3O,Walker2d-v4,4
191423,reward,2596,355.10340431548696,267.554,SF-P3O,Walker2d-v4,4
191536,reward,2597,69.33179655659711,249.266,SF-P3O,Walker2d-v4,4
191581,reward,2598,38.84109010759942,216.746,SF-P3O,Walker2d-v4,4
191813,reward,2599,334.57931907802777,212.886,SF-P3O,Walker2d-v4,4
191941,reward,2600,213.6349757611257,222.483,SF-P3O,Walker2d-v4,4
192159,reward,2601,184.49221930004808,202.783,SF-P3O,Walker2d-v4,4
192279,reward,2602,220.18851234531203,218.565,SF-P3O,Walker2d-v4,4
192469,reward,2603,324.88252802062664,236.405,SF-P3O,Walker2d-v4,4
192815,reward,2604,484.8456379052082,261.357,SF-P3O,Walker2d-v4,4
193018,reward,2605,330.50398509446427,255.64,SF-P3O,Walker2d-v4,4
193174,reward,2606,280.78340894933115,248.208,SF-P3O,Walker2d-v4,4
193277,reward,2607,187.7164614064315,260.047,SF-P3O,Walker2d-v4,4
193416,reward,2608,254.44217998915138,281.607,SF-P3O,Walker2d-v4,4
193577,reward,2609,286.01505808409655,276.75,SF-P3O,Walker2d-v4,4
193686,reward,2610,202.79833559446962,275.667,SF-P3O,Walker2d-v4,4
193858,reward,2611,88.69345335560477,266.087,SF-P3O,Walker2d-v4,4
194054,reward,2612,53.964178176457075,249.465,SF-P3O,Walker2d-v4,4
194221,reward,2613,83.85794553835981,225.362,SF-P3O,Walker2d-v4,4
194412,reward,2614,65.93514228747833,183.471,SF-P3O,Walker2d-v4,4
194632,reward,2615,358.5052564101544,186.271,SF-P3O,Walker2d-v4,4
194838,reward,2616,336.35352526254485,191.828,SF-P3O,Walker2d-v4,4
195064,reward,2617,345.89175993151844,207.646,SF-P3O,Walker2d-v4,4
195218,reward,2618,270.06279212292486,209.208,SF-P3O,Walker2d-v4,4
195367,reward,2619,257.28040383558937,206.334,SF-P3O,Walker2d-v4,4
195612,reward,2620,111.15644463362607,197.17,SF-P3O,Walker2d-v4,4
195750,reward,2621,241.92086449990543,212.493,SF-P3O,Walker2d-v4,4
195982,reward,2622,373.07261751661514,244.404,SF-P3O,Walker2d-v4,4
196124,reward,2623,262.3452680685056,262.252,SF-P3O,Walker2d-v4,4
196272,reward,2624,269.5632675076276,282.615,SF-P3O,Walker2d-v4,4
196399,reward,2625,102.83881321373995,257.049,SF-P3O,Walker2d-v4,4
196608,loss,0.13881611824035645,0.7094694972038269,SF-P3O,Walker2d-v4,4
196608,diagnostics,0.0,57.19,38.8242,0.031936,0.958952,0.4885,0.11889,SF-P3O,Walker2d-v4,4
196629,reward,2626,342.0259684847311,257.616,SF-P3O,Walker2d-v4,4
196807,reward,2627,306.90307452215797,253.717,SF-P3O,Walker2d-v4,4
196987,reward,2628,299.1025083332682,256.621,SF-P3O,Walker2d-v4,4
197175,reward,2629,301.1074187956496,261.004,SF-P3O,Walker2d-v4,4
197708,reward,2630,466.364218145391,296.524,SF-P3O,Walker2d-v4,4
197885,reward,2631,298.1523930142618,302.148,SF-P3O,Walker2d-v4,4
198140,reward,2632,79.27063840243741,272.767,SF-P3O,Walker2d-v4,4
198219,reward,2633,55.61711618691779,252.095,SF-P3O,Walker2d-v4,4
198358,reward,2634,208.3060443819039,245.969,SF-P3O,Walker2d-v4,4
198548,reward,2635,290.9723143953199,264.782,SF-P3O,Walker2d-v4,4
198762,reward,2636,321.9060711036225,262.77,SF-P3O,Walker2d-v4,4
198907,reward,2637,266.3753544123941,258.717,SF-P3O,Walker2d-v4,4
199248,reward,2638,472.50908589872967,276.058,SF-P3O,Walker2d-v4,4
199451,reward,2639,346.43351142502866,280.591,SF-P3O,Walker2d-v4,4
199822,reward,2640,529.7660617336227,286.931,SF-P3O,Walker2d-v4,4
200000,speed,579.84,5.48,SF-P3O,Walker2d-v4,4
200001,spectral,0.031936,0.958952,0.4885,SF-P3O,Walker2d-v4,4
200017,reward,2641,318.4065087252358,288.956,SF-P3O,Walker2d-v4,4
200497,reward,2642,610.3302665260262,342.062,SF-P3O,Walker2d-v4,4
200814,reward,2643,221.65386108219096,358.666,SF-P3O,Walker2d-v4,4
200993,reward,2644,323.20130598553504,370.155,SF-P3O,Walker2d-v4,4
201142,reward,2645,255.06450443293244,366.565,SF-P3O,Walker2d-v4,4
201339,reward,2646,330.5727290322401,367.431,SF-P3O,Walker2d-v4,4
201540,reward,2647,340.71393567468766,374.865,SF-P3O,Walker2d-v4,4
201722,reward,2648,315.0831805015799,359.123,SF-P3O,Walker2d-v4,4
201883,reward,2649,281.16645814088645,352.596,SF-P3O,Walker2d-v4,4
202210,reward,2650,207.56274155006662,320.376,SF-P3O,Walker2d-v4,4
202394,reward,2651,322.5325217157706,320.788,SF-P3O,Walker2d-v4,4
202753,reward,2652,222.11612211194404,281.967,SF-P3O,Walker2d-v4,4
202910,reward,2653,271.98218825835295,287.0,SF-P3O,Walker2d-v4,4
203085,reward,2654,254.61308912017586,280.141,SF-P3O,Walker2d-v4,4
203235,reward,2655,251.60429233102454,279.795,SF-P3O,Walker2d-v4,4
203382,reward,2656,283.03805655616634,275.041,SF-P3O,Walker2d-v4,4
203502,reward,2657,225.45711793756266,263.516,SF-P3O,Walker2d-v4,4
203716,reward,2658,339.1282344818953,265.92,SF-P3O,Walker2d-v4,4
203864,reward,2659,264.3470984409727,264.238,SF-P3O,Walker2d-v4,4
203991,reward,2660,229.8600846211183,266.468,SF-P3O,Walker2d-v4,4
204233,reward,2661,375.5089467774753,271.766,SF-P3O,Walker2d-v4,4
204413,reward,2662,304.8917505394819,280.043,SF-P3O,Walker2d-v4,4
204734,reward,2663,452.77048444603076,298.122,SF-P3O,Walker2d-v4,4
204800,loss,0.022518670186400414,0.5066723227500916,SF-P3O,Walker2d-v4,4
204856,reward,2664,210.07251135791947,293.668,SF-P3O,Walker2d-v4,4
205058,reward,2665,332.5611903902305,301.764,SF-P3O,Walker2d-v4,4
205289,reward,2666,360.1567231601495,309.475,SF-P3O,Walker2d-v4,4
205462,reward,2667,311.29128968174695,318.059,SF-P3O,Walker2d-v4,4
205754,reward,2668,406.3072213892446,324.777,SF-P3O,Walker2d-v4,4
205932,reward,2669,287.7052936521477,327.113,SF-P3O,Walker2d-v4,4
206070,reward,2670,240.62578344860066,328.189,SF-P3O,Walker2d-v4,4
206184,reward,2671,204.5518432576166,311.093,SF-P3O,Walker2d-v4,4
206525,reward,2672,516.8626987335225,332.291,SF-P3O,Walker2d-v4,4
206647,reward,2673,209.7250336134744,307.986,SF-P3O,Walker2d-v4,4
206837,reward,2674,327.71105843866553,319.75,SF-P3O,Walker2d-v4,4
206999,reward,2675,274.70931854923685,313.965,SF-P3O,Walker2d-v4,4
207534,reward,2676,582.9855818323207,336.248,SF-P3O,Walker2d-v4,4
207783,reward,2677,389.37708420877493,344.056,SF-P3O,Walker2d-v4,4
207946,reward,2678,290.5374258152816,332.479,SF-P3O,Walker2d-v4,4
208129,reward,2679,313.06768494359636,335.015,SF-P3O,Walker2d-v4,4
208342,reward,2680,374.7377391433497,348.427,SF-P3O,Walker2d-v4,4
208518,reward,2681,294.6812426625658,357.439,SF-P3O,Walker2d-v4,4
208692,reward,2682,306.0351477845895,336.357,SF-P3O,Walker2d-v4,4
208848,reward,2683,252.39481226634254,340.624,SF-P3O,Walker2d-v4,4
208939,reward,2684,170.2491009485715,324.878,SF-P3O,Walker2d-v4,4
209108,reward,2685,19.33166804168795,299.34,SF-P3O,Walker2d-v4,4
209214,reward,2686,207.56707287473174,261.798,SF-P3O,Walker2d-v4,4
209339,reward,2687,245.8092455935982,247.441,SF-P3O,Walker2d-v4,4
209588,reward,2688,404.93558550593286,258.881,SF-P3O,Walker2d-v4,4
209785,reward,2689,323.83703358547734,259.958,SF-P3O,Walker2d-v4,4
210000,speed,621.35,5.75,SF-P3O,Walker2d-v4,4
210001,spectral,0.032694,0.95855,0.5221,SF-P3O,Walker2d-v4,4
210017,reward,2690,137.4014968593164,236.224,SF-P3O,Walker2d-v4,4
210152,reward,2691,36.003081129574866,210.356,SF-P3O,Walker2d-v4,4
210414,reward,2692,385.2698064700347,218.28,SF-P3O,Walker2d-v4,4
210629,reward,2693,335.9190021007367,226.632,SF-P3O,Walker2d-v4,4
210783,reward,2694,252.0908262969198,234.816,SF-P3O,Walker2d-v4,4
211029,reward,2695,353.7300697266424,268.256,SF-P3O,Walker2d-v4,4
211184,reward,2696,94.24923020345169,256.925,SF-P3O,Walker2d-v4,4
211292,reward,2697,186.90159347065529,251.034,SF-P3O,Walker2d-v4,4
211392,reward,2698,188.653026539932,229.406,SF-P3O,Walker2d-v4,4
211524,reward,2699,249.02785300388675,221.925,SF-P3O,Walker2d-v4,4
211747,reward,2700,372.6735067268165,245.452,SF-P3O,Walker2d-v4,4
211909,reward,2701,33.86374947950793,245.238,SF-P3O,Walker2d-v4,4
212197,reward,2702,405.2079710127525,247.232,SF-P3O,Walker2d-v4,4
212374,reward,2703,313.70500502015113,245.01,SF-P3O,Walker2d-v4,4
212573,reward,2704,311.5219610993619,250.953,SF-P3O,Walker2d-v4,4
212826,reward,2705,382.59394436275625,253.84,SF-P3O,Walker2d-v4,4
212909,reward,2706,70.92853866216787,251.508,SF-P3O,Walker2d-v4,4
212992,loss,-0.06310722231864929,0.46638113260269165,SF-P3O,Walker2d-v4,4
212992,diagnostics,0.0,57.51,25.6338,0.033336,0.958215,0.6492,0.119106,SF-P3O,Walker2d-v4,4
213066,reward,2707,270.3840108048248,259.856,SF-P3O,Walker2d-v4,4
213284,reward,2708,334.25419623363774,274.416,SF-P3O,Walker2d-v4,4
213484,reward,2709,331.44166730722293,282.657,SF-P3O,Walker2d-v4,4
213797,reward,2710,179.43518387861815,263.334,SF-P3O,Walker2d-v4,4
213971,reward,2711,279.4498602657496,287.892,SF-P3O,Walker2d-v4,4
214181,reward,2712,103.77923425039155,257.749,SF-P3O,Walker2d-v4,4
214339,reward,2713,277.690674570424,254.148,SF-P3O,Walker2d-v4,4
214716,reward,2714,480.4052318526941,271.036,SF-P3O,Walker2d-v4,4
214863,reward,2715,275.087871296656,260.286,SF-P3O,Walker2d-v4,4
215010,reward,2716,273.0169470967699,280.494,SF-P3O,Walker2d-v4,4
215022,reward,2717,2.2956879734482154,253.686,SF-P3O,Walker2d-v4,4
215216,reward,2718,322.1088593323618,252.471,SF-P3O,Walker2d-v4,4
215462,reward,2719,404.9724120904962,259.824,SF-P3O,Walker2d-v4,4
215620,reward,2720,234.23872651645428,265.305,SF-P3O,Walker2d-v4,4
215785,reward,2721,53.00081539975993,242.66,SF-P3O,Walker2d-v4,4
216195,reward,2722,551.2885548859265,287.411,SF-P3O,Walker2d-v4,4
216829,reward,2723,802.5132226926282,339.893,SF-P3O,Walker2d-v4,4
217260,reward,2724,611.75891676296,353.028,SF-P3O,Walker2d-v4,4
217508,reward,2725,372.76118662213844,362.796,SF-P3O,Walker2d-v4,4
217658,reward,2726,273.83102765228807,362.877,SF-P3O,Walker2d-v4,4
217813,reward,2727,248.53305832568634,387.501,SF-P3O,Walker2d-v4,4
218153,reward,2728,464.67654100020945,401.757,SF-P3O,Walker2d-v4,4
218447,reward,2729,176.4641878933435,378.907,SF-P3O,Walker2d-v4,4
218730,reward,2730,410.73998707568273,396.557,SF-P3O,Walker2d-v4,4
218916,reward,2731,321.4006053423604,423.397,SF-P3O,Walker2d-v4,4
219178,reward,2732,384.3398962263173,406.702,SF-P3O,Walker2d-v4,4
219352,reward,2733,311.8041677613628,357.631,SF-P3O,Walker2d-v4,4
219595,reward,2734,390.3448919681662,335.49,SF-P3O,Walker2d-v4,4
219757,reward,2735,265.3200494929771,324.745,SF-P3O,Walker2d-v4,4
219981,reward,2736,352.12016739024153,332.574,SF-P3O,Walker2d-v4,4
220000,speed,626.3,6.01,SF-P3O,Walker2d-v4,4
220001,spectral,0.033336,0.958215,0.6492,SF-P3O,Walker2d-v4,4
220198,reward,2737,332.9424339663009,341.015,SF-P3O,Walker2d-v4,4
220457,reward,2738,429.13200658327025,337.461,SF-P3O,Walker2d-v4,4
220656,reward,2739,110.67115462134745,330.882,SF-P3O,Walker2d-v4,4
220777,reward,2740,221.13297917218105,311.921,SF-P3O,Walker2d-v4,4
220927,reward,2741,264.1532128298669,306.196,SF-P3O,Walker2d-v4,4
221184,loss,-0.03739312291145325,0.7015899419784546,SF-P3O,Walker2d-v4,4
221368,reward,2742,392.1798876191103,306.98,SF-P3O,Walker2d-v4,4
221529,reward,2743,296.54026429945344,305.454,SF-P3O,Walker2d-v4,4
221670,reward,2744,244.11864234004412,290.831,SF-P3O,Walker2d-v4,4
221871,reward,2745,311.2900414159833,295.428,SF-P3O,Walker2d-v4,4
222067,reward,2746,312.3801858045732,291.454,SF-P3O,Walker2d-v4,4
222154,reward,2747,163.30978507080619,274.491,SF-P3O,Walker2d-v4,4
222251,reward,2748,184.39016651985582,250.017,SF-P3O,Walker2d-v4,4
222384,reward,2749,249.7439603288062,263.924,SF-P3O,Walker2d-v4,4
222585,reward,2750,336.04193616504887,275.415,SF-P3O,Walker2d-v4,4
222697,reward,2751,19.667986205480492,250.966,SF-P3O,Walker2d-v4,4
222896,reward,2752,345.0496192883655,246.253,SF-P3O,Walker2d-v4,4
223059,reward,2753,279.2410936853931,244.523,SF-P3O,Walker2d-v4,4
223236,reward,2754,294.90870618015015,249.602,SF-P3O,Walker2d-v4,4
223559,reward,2755,441.1133001789154,262.585,SF-P3O,Walker2d-v4,4
223922,reward,2756,535.0371630159236,284.85,SF-P3O,Walker2d-v4,4
224095,reward,2757,76.9050648518046,276.21,SF-P3O,Walker2d-v4,4
224264,reward,2758,287.87062653865314,286.558,SF-P3O,Walker2d-v4,4
224551,reward,2759,416.48265437625747,303.232,SF-P3O,Walker2d-v4,4
224715,reward,2760,269.5497487927626,296.583,SF-P3O,Walker2d-v4,4
224901,reward,2761,205.44525763489847,315.16,SF-P3O,Walker2d-v4,4
225067,reward,2762,275.17192462757555,308.173,SF-P3O,Walker2d-v4,4
225294,reward,2763,109.5284119359913,291.201,SF-P3O,Walker2d-v4,4
225492,reward,2764,332.24288624817444,294.935,SF-P3O,Walker2d-v4,4
225679,reward,2765,307.29501430215885,281.553,SF-P3O,Walker2d-v4,4
225822,reward,2766,238.05972314650302,251.855,SF-P3O,Walker2d-v4,4
225962,reward,2767,242.4095266974236,268.406,SF-P3O,Walker2d-v4,4
226126,reward,2768,292.0056393456416,268.819,SF-P3O,Walker2d-v4,4
226288,reward,2769,266.4579954782913,253.817,SF-P3O,Walker2d-v4,4
226423,reward,2770,256.5600725202233,252.518,SF-P3O,Walker2d-v4,4
226548,reward,2771,218.35780341759045,253.809,SF-P3O,Walker2d-v4,4
226711,reward,2772,287.7646209139635,255.068,SF-P3O,Walker2d-v4,4
227005,reward,2773,409.4266032785718,285.058,SF-P3O,Walker2d-v4,4
227168,reward,2774,282.4297854586108,280.077,SF-P3O,Walker2d-v4,4
227410,reward,2775,357.6037746153855,285.108,SF-P3O,Walker2d-v4,4
227544,reward,2776,220.93548237710814,283.395,SF-P3O,Walker2d-v4,4
227667,reward,2777,238.7071186645792,283.025,SF-P3O,Walker2d-v4,4
227792,reward,2778,222.2218810514769,276.047,SF-P3O,Walker2d-v4,4
228030,reward,2779,362.96667986489246,285.697,SF-P3O,Walker2d-v4,4
228235,reward,2780,331.32775865989197,293.174,SF-P3O,Walker2d-v4,4
228379,reward,2781,269.2747330700915,298.266,SF-P3O,Walker2d-v4,4
228551,reward,2782,293.5029423487807,298.84,SF-P3O,Walker2d-v4,4
228814,reward,2783,404.93579734417443,298.391,SF-P3O,Walker2d-v4,4
228952,reward,2784,254.52951957637777,295.601,SF-P3O,Walker2d-v4,4
229123,reward,2785,298.27907343596183,289.668,SF-P3O,Walker2d-v4,4
229376,loss,-0.16557328402996063,0.6909056305885315,SF-P3O,Walker2d-v4,4
229376,diagnostics,0.0,57.82,36.3976,0.034612,0.957375,0.6814,0.118895,SF-P3O,Walker2d-v4,4
229767,reward,2786,719.8150451720448,339.556,SF-P3O,Walker2d-v4,4
229911,reward,2787,249.17429887803073,340.603,SF-P3O,Walker2d-v4,4
230000,speed,438.65,6.39,SF-P3O,Walker2d-v4,4
230001,spectral,0.034612,0.957375,0.6814,SF-P3O,Walker2d-v4,4
230077,reward,2788,297.9118748503937,348.172,SF-P3O,Walker2d-v4,4
230320,reward,2789,155.53332707678246,327.428,SF-P3O,Walker2d-v4,4
230522,reward,2790,344.5119968699736,328.747,SF-P3O,Walker2d-v4,4
230685,reward,2791,284.8481984934766,330.304,SF-P3O,Walker2d-v4,4
230843,reward,2792,263.0734222641592,327.261,SF-P3O,Walker2d-v4,4
231216,reward,2793,556.6248926517977,342.43,SF-P3O,Walker2d-v4,4
231353,reward,2794,246.2419259544429,341.601,SF-P3O,Walker2d-v4,4
231624,reward,2795,387.56960917947487,350.53,SF-P3O,Walker2d-v4,4
231821,reward,2796,98.6390611014028,288.413,SF-P3O,Walker2d-v4,4
231962,reward,2797,258.6975397988783,289.365,SF-P3O,Walker2d-v4,4
232135,reward,2798,297.8727772927117,289.361,SF-P3O,Walker2d-v4,4
232347,reward,2799,326.3417002488212,306.442,SF-P3O,Walker2d-v4,4
232524,reward,2800,293.35612594625604,301.327,SF-P3O,Walker2d-v4,4
232670,reward,2801,273.86094367462147,300.228,SF-P3O,Walker2d-v4,4
232841,reward,2802,288.6993239110689,302.79,SF-P3O,Walker2d-v4,4
233010,reward,2803,282.5135509321003,275.379,SF-P3O,Walker2d-v4,4
233167,reward,2804,285.6573032931962,279.321,SF-P3O,Walker2d-v4,4
233360,reward,2805,329.0074417967895,273.465,SF-P3O,Walker2d-v4,4
233627,reward,2806,156.76351661219687,279.277,SF-P3O,Walker2d-v4,4
233827,reward,2807,311.6655128713848,284.574,SF-P3O,Walker2d-v4,4
233985,reward,2808,275.28873288929924,282.315,SF-P3O,Walker2d-v4,4
234230,reward,2809,356.75865818637095,285.357,SF-P3O,Walker2d-v4,4
234349,reward,2810,231.80623718515088,279.202,SF-P3O,Walker2d-v4,4
234490,reward,2811,237.95792117066912,275.612,SF-P3O,Walker2d-v4,4
234631,reward,2812,251.46077868367516,271.888,SF-P3O,Walker2d-v4,4
234835,reward,2813,356.48982221437245,279.286,SF-P3O,Walker2d-v4,4
235121,reward,2814,160.28613782256184,266.748,SF-P3O,Walker2d-v4,4
235331,reward,2815,316.2126312608359,265.469,SF-P3O,Walker2d-v4,4
235536,reward,2816,328.4794554062369,282.641,SF-P3O,Walker2d-v4,4
235755,reward,2817,339.513337766616,285.425,SF-P3O,Walker2d-v4,4
236000,reward,2818,84.68222455144087,266.365,SF-P3O,Walker2d-v4,4
236166,reward,2819,284.66899240315456,259.156,SF-P3O,Walker2d-v4,4
236343,reward,2820,291.61910420863234,265.137,SF-P3O,Walker2d-v4,4
236516,reward,2821,274.97888862414067,268.839,SF-P3O,Walker2d-v4,4
236674,reward,2822,279.51309834099965,271.644,SF-P3O,Walker2d-v4,4
236916,reward,2823,353.0183818695394,271.297,SF-P3O,Walker2d-v4,4
237386,reward,2824,587.5365125002847,314.022,SF-P3O,Walker2d-v4,4
237524,reward,2825,259.13836352493144,308.315,SF-P3O,Walker2d-v4,4
237568,loss,-0.07341666519641876,0.8692811131477356,SF-P3O,Walker2d-v4,4
237746,reward,2826,346.9537773155701,310.162,SF-P3O,Walker2d-v4,4
237960,reward,2827,336.1098329372945,309.822,SF-P3O,Walker2d-v4,4
238166,reward,2828,103.16114837743717,311.67,SF-P3O,Walker2d-v4,4
238295,reward,2829,251.43323008552997,308.346,SF-P3O,Walker2d-v4,4
238496,reward,2830,321.23264891983615,311.308,SF-P3O,Walker2d-v4,4
238762,reward,2831,394.329224226848,323.243,SF-P3O,Walker2d-v4,4
239046,reward,2832,421.7342330530254,337.465,SF-P3O,Walker2d-v4,4
239204,reward,2833,289.1192730107717,331.075,SF-P3O,Walker2d-v4,4
239347,reward,2834,246.93555780895318,297.015,SF-P3O,Walker2d-v4,4
239510,reward,2835,299.4400722193084,301.045,SF-P3O,Walker2d-v4,4
239727,reward,2836,316.5224136191275,298.002,SF-P3O,Walker2d-v4,4
239899,reward,2837,291.31231875998463,293.522,SF-P3O,Walker2d-v4,4
240000,speed,646.51,6.65,SF-P3O,Walker2d-v4,4
240001,spectral,0.035281,0.957139,0.7168,SF-P3O,Walker2d-v4,4
240029,reward,2838,244.5098057597104,307.657,SF-P3O,Walker2d-v4,4
240285,reward,2839,109.47776303085195,293.461,SF-P3O,Walker2d-v4,4
240417,reward,2840,237.21904233574878,285.06,SF-P3O,Walker2d-v4,4
240581,reward,2841,301.9940313161614,275.826,SF-P3O,Walker2d-v4,4
240766,reward,2842,310.4502662096216,264.698,SF-P3O,Walker2d-v4,4
240881,reward,2843,195.3008626834582,255.316,SF-P3O,Walker2d-v4,4
241047,reward,2844,291.5965665104375,259.782,SF-P3O,Walker2d-v4,4
241243,reward,2845,90.30607830612999,238.869,SF-P3O,Walker2d-v4,4
241427,reward,2846,297.2289849887076,236.94,SF-P3O,Walker2d-v4,4
241625,reward,2847,318.06821486298946,239.615,SF-P3O,Walker2d-v4,4
241849,reward,2848,357.55968169838695,250.92,SF-P3O,Walker2d-v4,4
242035,reward,2849,302.4655705139835,270.219,SF-P3O,Walker2d-v4,4
242166,reward,2850,248.6315174785756,271.36,SF-P3O,Walker2d-v4,4
242346,reward,2851,295.5026447921644,270.711,SF-P3O,Walker2d-v4,4
242640,reward,2852,185.39308493696944,258.205,SF-P3O,Walker2d-v4,4
242782,reward,2853,246.82527118889868,263.358,SF-P3O,Walker2d-v4,4
242912,reward,2854,231.94739711961856,257.393,SF-P3O,Walker2d-v4,4
243124,reward,2855,328.38822102742336,281.201,SF-P3O,Walker2d-v4,4
243339,reward,2856,331.2308095452882,284.601,SF-P3O,Walker2d-v4,4
243536,reward,2857,316.7120294358646,284.466,SF-P3O,Walker2d-v4,4
243680,reward,2858,268.3910105645296,275.549,SF-P3O,Walker2d-v4,4
243825,reward,2859,262.90599907538035,271.593,SF-P3O,Walker2d-v4,4
244100,reward,2860,425.06133520267366,289.236,SF-P3O,Walker2d-v4,4
244282,reward,2861,283.7129566232834,288.057,SF-P3O,Walker2d-v4,4
244429,reward,2862,250.42262083319903,294.56,SF-P3O,Walker2d-v4,4
244539,reward,2863,223.6733046832019,292.245,SF-P3O,Walker2d-v4,4
244657,reward,2864,237.50344316266924,292.8,SF-P3O,Walker2d-v4,4
244880,reward,2865,351.3353147068559,295.095,SF-P3O,Walker2d-v4,4
245247,reward,2866,474.67626675184187,309.439,SF-P3O,Walker2d-v4,4
245689,reward,2867,495.7839043448325,327.347,SF-P3O,Walker2d-v4,4
245760,loss,-0.08529879152774811,0.5653616786003113,SF-P3O,Walker2d-v4,4
245760,diagnostics,0.0,58.15,29.1573,0.036028,0.956975,0.726,0.11889,SF-P3O,Walker2d-v4,4
246037,reward,2868,477.2612572125675,348.234,SF-P3O,Walker2d-v4,4
246358,reward,2869,473.9378862287936,369.337,SF-P3O,Walker2d-v4,4
246691,reward,2870,352.6409825687589,362.095,SF-P3O,Walker2d-v4,4
246921,reward,2871,358.48765684994186,369.572,SF-P3O,Walker2d-v4,4
247061,reward,2872,250.50430262702903,369.58,SF-P3O,Walker2d-v4,4
247241,reward,2873,305.41687310402074,377.755,SF-P3O,Walker2d-v4,4
247388,reward,2874,264.01144060450423,380.406,SF-P3O,Walker2d-v4,4
247622,reward,2875,330.560051924526,378.328,SF-P3O,Walker2d-v4,4
247786,reward,2876,47.27846803605904,335.588,SF-P3O,Walker2d-v4,4
247946,reward,2877,272.45607498494337,313.255,SF-P3O,Walker2d-v4,4
248131,reward,2878,111.29632703185948,276.659,SF-P3O,Walker2d-v4,4
248260,reward,2879,241.49119095829903,253.414,SF-P3O,Walker2d-v4,4
248487,reward,2880,344.608259886359,252.611,SF-P3O,Walker2d-v4,4
248656,reward,2881,296.2660055597656,246.389,SF-P3O,Walker2d-v4,4
248787,reward,2882,252.73004312210415,246.611,SF-P3O,Walker2d-v4,4
249103,reward,2883,434.43452735486676,259.513,SF-P3O,Walker2d-v4,4
249278,reward,2884,274.18283028914027,260.53,SF-P3O,Walker2d-v4,4
249449,reward,2885,273.8752877799904,254.862,SF-P3O,Walker2d-v4,4
249655,reward,2886,341.3715990568793,284.271,SF-P3O,Walker2d-v4,4
249856,reward,2887,313.9318087711382,288.419,SF-P3O,Walker2d-v4,4
249990,reward,2888,238.30466120794824,301.12,SF-P3O,Walker2d-v4,4
250000,speed,659.75,6.9,SF-P3O,Walker2d-v4,4
250001,spectral,0.036028,0.956975,0.726,SF-P3O,Walker2d-v4,4
250205,reward,2889,329.74800019191844,309.945,SF-P3O,Walker2d-v4,4
250350,reward,2890,267.7611166616262,302.261,SF-P3O,Walker2d-v4,4
250510,reward,2891,291.3861250633573,301.773,SF-P3O,Walker2d-v4,4
250665,reward,2892,268.80230827943336,303.38,SF-P3O,Walker2d-v4,4
250912,reward,2893,146.97912735579618,274.634,SF-P3O,Walker2d-v4,4
251092,reward,2894,308.5862545739017,278.075,SF-P3O,Walker2d-v4,4
251266,reward,2895,309.3326600658772,281.62,SF-P3O,Walker2d-v4,4
251555,reward,2896,160.70767618984462,263.554,SF-P3O,Walker2d-v4,4
251713,reward,2897,272.7231208800139,259.433,SF-P3O,Walker2d-v4,4
251817,reward,2898,198.19670270023386,255.422,SF-P3O,Walker2d-v4,4
251997,reward,2899,281.33327322489976,250.581,SF-P3O,Walker2d-v4,4
252141,reward,2900,271.62154878504526,250.967,SF-P3O,Walker2d-v4,4
252333,reward,2901,313.91804554889126,253.22,SF-P3O,Walker2d-v4,4
252432,reward,2902,201.64528431075863,246.504,SF-P3O,Walker2d-v4,4
252632,reward,2903,332.0558068648802,265.012,SF-P3O,Walker2d-v4,4
252760,reward,2904,221.2697134865751,256.28,SF-P3O,Walker2d-v4,4
252889,reward,2905,251.9539976136808,250.543,SF-P3O,Walker2d-v4,4
253058,reward,2906,291.6869343991754,263.64,SF-P3O,Walker2d-v4,4
253359,reward,2907,429.85421254389286,279.354,SF-P3O,Walker2d-v4,4
253496,reward,2908,254.72536686471304,285.006,SF-P3O,Walker2d-v4,4
253705,reward,2909,345.4905734328738,291.422,SF-P3O,Walker2d-v4,4
253943,reward,2910,383.78131345437987,302.638,SF-P3O,Walker2d-v4,4
253952,loss,-0.09410294890403748,0.6527754068374634,SF-P3O,Walker2d-v4,4
254129,reward,2911,331.21881873115933,304.368,SF-P3O,Walker2d-v4,4
254595,reward,2912,625.1475355788227,346.718,SF-P3O,Walker2d-v4,4
255008,reward,2913,280.0175401544218,341.515,SF-P3O,Walker2d-v4,4
255149,reward,2914,260.70118877666204,345.458,SF-P3O,Walker2d-v4,4
255333,reward,2915,329.95460653243816,353.258,SF-P3O,Walker2d-v4,4
255446,reward,2916,224.07663435891558,346.497,SF-P3O,Walker2d-v4,4
255590,reward,2917,259.41366263625116,329.453,SF-P3O,Walker2d-v4,4
255683,reward,2918,163.7045413091018,320.351,SF-P3O,Walker2d-v4,4
255851,reward,2919,285.6894203437371,314.371,SF-P3O,Walker2d-v4,4
256056,reward,2920,342.6048168452357,310.253,SF-P3O,Walker2d-v4,4
256234,reward,2921,282.19874017564877,305.351,SF-P3O,Walker2d-v4,4
256446,reward,2922,318.2212735888216,274.658,SF-P3O,Walker2d-v4,4
256605,reward,2923,281.9696678779934,274.853,SF-P3O,Walker2d-v4,4
256868,reward,2924,377.58997331000484,286.542,SF-P3O,Walker2d-v4,4
257019,reward,2925,273.72146088644035,280.919,SF-P3O,Walker2d-v4,4
257230,reward,2926,306.4768993924413,289.159,SF-P3O,Walker2d-v4,4
257360,reward,2927,229.66387717395975,286.184,SF-P3O,Walker2d-v4,4
257531,reward,2928,274.50760811896623,297.264,SF-P3O,Walker2d-v4,4
257682,reward,2929,271.60099835316555,295.856,SF-P3O,Walker2d-v4,4
257858,reward,2930,302.68193071061495,291.863,SF-P3O,Walker2d-v4,4
257969,reward,2931,216.4209975734558,285.285,SF-P3O,Walker2d-v4,4
258113,reward,2932,239.8511144271306,277.448,SF-P3O,Walker2d-v4,4
258375,reward,2933,394.3719256428836,288.689,SF-P3O,Walker2d-v4,4
258599,reward,2934,341.1635785736939,285.046,SF-P3O,Walker2d-v4,4
258751,reward,2935,266.7590623768249,284.35,SF-P3O,Walker2d-v4,4
258931,reward,2936,317.98734091128773,285.501,SF-P3O,Walker2d-v4,4
259083,reward,2937,237.63786812574557,286.298,SF-P3O,Walker2d-v4,4
259329,reward,2938,341.2764207259779,292.975,SF-P3O,Walker2d-v4,4
259513,reward,2939,324.6094305874162,298.276,SF-P3O,Walker2d-v4,4
259649,reward,2940,259.6284650296279,293.971,SF-P3O,Walker2d-v4,4
259931,reward,2941,406.0090685127586,312.929,SF-P3O,Walker2d-v4,4
260000,speed,663.39,7.15,SF-P3O,Walker2d-v4,4
260001,spectral,0.036827,0.956864,0.7372,SF-P3O,Walker2d-v4,4
260082,reward,2942,266.27770177816376,315.572,SF-P3O,Walker2d-v4,4
260254,reward,2943,307.1372690747932,306.849,SF-P3O,Walker2d-v4,4
260628,reward,2944,485.3934067233171,321.272,SF-P3O,Walker2d-v4,4
260771,reward,2945,272.09105568716086,321.805,SF-P3O,Walker2d-v4,4
260914,reward,2946,266.12334169436724,316.618,SF-P3O,Walker2d-v4,4
261042,reward,2947,230.41793821284227,315.896,SF-P3O,Walker2d-v4,4
261271,reward,2948,353.975402843254,317.166,SF-P3O,Walker2d-v4,4
261414,reward,2949,22.696371538652027,286.975,SF-P3O,Walker2d-v4,4
261591,reward,2950,296.65656053054823,290.678,SF-P3O,Walker2d-v4,4
261837,reward,2951,334.560745382152,283.533,SF-P3O,Walker2d-v4,4
261979,reward,2952,261.55689231725376,283.061,SF-P3O,Walker2d-v4,4
262144,loss,0.07104389369487762,0.8430784940719604,SF-P3O,Walker2d-v4,4
262144,diagnostics,0.0,58.51,61.9596,0.037549,0.95705,0.7281,0.119266,SF-P3O,Walker2d-v4,4
262144,reward,2953,284.09769679493303,280.757,SF-P3O,Walker2d-v4,4
262280,reward,2954,63.98334598613912,238.616,SF-P3O,Walker2d-v4,4
262458,reward,2955,311.1244220723882,242.519,SF-P3O,Walker2d-v4,4
262615,reward,2956,130.44309474465305,228.951,SF-P3O,Walker2d-v4,4
262781,reward,2957,291.1484646760999,235.024,SF-P3O,Walker2d-v4,4
263037,reward,2958,379.77978523149363,237.605,SF-P3O,Walker2d-v4,4
263223,reward,2959,308.79208665294004,266.214,SF-P3O,Walker2d-v4,4
263351,reward,2960,247.32825739380866,261.281,SF-P3O,Walker2d-v4,4
263484,reward,2961,247.6713797298633,252.593,SF-P3O,Walker2d-v4,4
263635,reward,2962,254.24495429027618,251.861,SF-P3O,Walker2d-v4,4
263775,reward,2963,264.6489360780397,249.916,SF-P3O,Walker2d-v4,4
263915,reward,2964,221.72530202468175,265.691,SF-P3O,Walker2d-v4,4
264084,reward,2965,307.7625105247024,265.354,SF-P3O,Walker2d-v4,4
264231,reward,2966,290.3501313904985,281.345,SF-P3O,Walker2d-v4,4
264396,reward,2967,263.24134377282866,278.554,SF-P3O,Walker2d-v4,4
264614,reward,2968,344.24032544658047,275.001,SF-P3O,Walker2d-v4,4
264768,reward,2969,257.6742447460039,269.889,SF-P3O,Walker2d-v4,4
264952,reward,2970,293.56665211824355,274.513,SF-P3O,Walker2d-v4,4
265091,reward,2971,271.45804095897574,276.891,SF-P3O,Walker2d-v4,4
265278,reward,2972,299.75977825023637,281.443,SF-P3O,Walker2d-v4,4
265426,reward,2973,249.56213559858537,279.934,SF-P3O,Walker2d-v4,4
265582,reward,2974,253.94888777300517,283.156,SF-P3O,Walker2d-v4,4
265829,reward,2975,385.1159299454705,290.892,SF-P3O,Walker2d-v4,4
265990,reward,2976,276.2355008415407,289.48,SF-P3O,Walker2d-v4,4
266134,reward,2977,274.80162692265685,290.636,SF-P3O,Walker2d-v4,4
266304,reward,2978,273.19725664343275,283.532,SF-P3O,Walker2d-v4,4
266466,reward,2979,283.00195534567115,286.065,SF-P3O,Walker2d-v4,4
266650,reward,2980,307.8949743870792,287.498,SF-P3O,Walker2d-v4,4
266953,reward,2981,429.8069201069302,303.332,SF-P3O,Walker2d-v4,4
267133,reward,2982,298.7117219309844,303.228,SF-P3O,Walker2d-v4,4
267295,reward,2983,277.71720238530685,306.043,SF-P3O,Walker2d-v4,4
267576,reward,2984,149.09289356357976,295.558,SF-P3O,Walker2d-v4,4
267766,reward,2985,311.0274038766435,288.149,SF-P3O,Walker2d-v4,4
268145,reward,2986,484.79444317682066,309.005,SF-P3O,Walker2d-v4,4
268270,reward,2987,230.986908125518,304.623,SF-P3O,Walker2d-v4,4
268522,reward,2988,392.48162581876335,316.552,SF-P3O,Walker2d-v4,4
268676,reward,2989,272.2110777230608,315.473,SF-P3O,Walker2d-v4,4
268846,reward,2990,318.5232070406059,316.535,SF-P3O,Walker2d-v4,4
269015,reward,2991,295.34898593918336,303.09,SF-P3O,Walker2d-v4,4
269219,reward,2992,106.94042356275835,283.912,SF-P3O,Walker2d-v4,4
269323,reward,2993,191.98255325413953,275.339,SF-P3O,Walker2d-v4,4
269538,reward,2994,338.9961047365911,294.329,SF-P3O,Walker2d-v4,4
269764,reward,2995,372.02321875844956,300.429,SF-P3O,Walker2d-v4,4
269908,reward,2996,267.65071295573796,278.714,SF-P3O,Walker2d-v4,4
270000,speed,659.58,7.41,SF-P3O,Walker2d-v4,4
270001,spectral,0.037549,0.95705,0.7281,SF-P3O,Walker2d-v4,4
270086,reward,2997,71.39580409966297,262.755,SF-P3O,Walker2d-v4,4
270263,reward,2998,312.9905627454797,254.806,SF-P3O,Walker2d-v4,4
270336,loss,0.020351387560367584,0.6061217784881592,SF-P3O,Walker2d-v4,4
270514,reward,2999,373.5735030485105,264.943,SF-P3O,Walker2d-v4,4
270681,reward,3000,284.62507399367547,261.553,SF-P3O,Walker2d-v4,4
270818,reward,3001,259.8420813781504,258.002,SF-P3O,Walker2d-v4,4
270830,reward,3002,3.8583176513788544,247.694,SF-P3O,Walker2d-v4,4
270992,reward,3003,287.7874342846151,257.274,SF-P3O,Walker2d-v4,4
271348,reward,3004,457.5967113699309,269.134,SF-P3O,Walker2d-v4,4
271557,reward,3005,114.57765498423811,243.39,SF-P3O,Walker2d-v4,4
271714,reward,3006,280.416929056467,244.666,SF-P3O,Walker2d-v4,4
271907,reward,3007,319.08283975198026,269.435,SF-P3O,Walker2d-v4,4
272100,reward,3008,84.43099986870173,246.579,SF-P3O,Walker2d-v4,4
272244,reward,3009,251.9157030081625,234.413,SF-P3O,Walker2d-v4,4
272435,reward,3010,90.35430627128402,214.986,SF-P3O,Walker2d-v4,4
272615,reward,3011,304.5213757858325,219.454,SF-P3O,Walker2d-v4,4
272767,reward,3012,272.0333580656005,246.272,SF-P3O,Walker2d-v4,4
272925,reward,3013,276.92197583320836,245.185,SF-P3O,Walker2d-v4,4
273244,reward,3014,415.6306755717917,240.989,SF-P3O,Walker2d-v4,4
273370,reward,3015,232.74708055391847,252.806,SF-P3O,Walker2d-v4,4
273522,reward,3016,257.719908251468,250.536,SF-P3O,Walker2d-v4,4
273694,reward,3017,293.0247583743303,247.93,SF-P3O,Walker2d-v4,4
273948,reward,3018,175.12139343374247,256.999,SF-P3O,Walker2d-v4,4
274215,reward,3019,410.289610568256,272.836,SF-P3O,Walker2d-v4,4
274437,reward,3020,365.19134647788354,300.32,SF-P3O,Walker2d-v4,4
274605,reward,3021,97.1657323325133,279.585,SF-P3O,Walker2d-v4,4
274756,reward,3022,282.86596509639924,280.668,SF-P3O,Walker2d-v4,4
274900,reward,3023,260.5894118967152,279.035,SF-P3O,Walker2d-v4,4
275103,reward,3024,121.52187456548965,249.624,SF-P3O,Walker2d-v4,4
275307,reward,3025,326.7826450730396,259.027,SF-P3O,Walker2d-v4,4
275482,reward,3026,301.4947250841774,263.405,SF-P3O,Walker2d-v4,4
275635,reward,3027,249.28030902512847,259.03,SF-P3O,Walker2d-v4,4
275905,reward,3028,144.52456877903143,255.971,SF-P3O,Walker2d-v4,4
275989,reward,3029,142.41615490196352,229.183,SF-P3O,Walker2d-v4,4
276198,reward,3030,346.52701250205934,227.317,SF-P3O,Walker2d-v4,4
276398,reward,3031,329.02913196960026,250.503,SF-P3O,Walker2d-v4,4
276577,reward,3032,312.9292386106732,253.51,SF-P3O,Walker2d-v4,4
276686,reward,3033,207.710666937155,248.222,SF-P3O,Walker2d-v4,4
276867,reward,3034,300.568671360698,266.126,SF-P3O,Walker2d-v4,4
277120,reward,3035,378.89057862923244,271.337,SF-P3O,Walker2d-v4,4
277365,reward,3036,383.5520546144667,279.543,SF-P3O,Walker2d-v4,4
277588,reward,3037,346.43526802445984,289.258,SF-P3O,Walker2d-v4,4
277886,reward,3038,422.7279546513949,317.079,SF-P3O,Walker2d-v4,4
278044,reward,3039,284.50000783398093,331.287,SF-P3O,Walker2d-v4,4
278479,reward,3040,546.1951413172617,351.254,SF-P3O,Walker2d-v4,4
278528,loss,-0.09286562353372574,0.7076436281204224,SF-P3O,Walker2d-v4,4
278528,diagnostics,0.0,58.85,45.7848,0.039202,0.956532,0.7334,0.119218,SF-P3O,Walker2d-v4,4
278640,reward,3041,281.93047716777056,346.544,SF-P3O,Walker2d-v4,4
278796,reward,3042,234.7369392441244,338.725,SF-P3O,Walker2d-v4,4
278987,reward,3043,312.34710573733014,349.188,SF-P3O,Walker2d-v4,4
279138,reward,3044,271.11477284721354,346.243,SF-P3O,Walker2d-v4,4
279298,reward,3045,265.7725981604413,334.931,SF-P3O,Walker2d-v4,4
279632,reward,3046,466.44774057675954,343.221,SF-P3O,Walker2d-v4,4
279866,reward,3047,116.3436270786044,320.212,SF-P3O,Walker2d-v4,4
280000,speed,441.42,7.78,SF-P3O,Walker2d-v4,4
280001,spectral,0.039202,0.956532,0.7334,SF-P3O,Walker2d-v4,4
280056,reward,3048,319.26083730765225,309.865,SF-P3O,Walker2d-v4,4
280243,reward,3049,324.5294883499466,313.868,SF-P3O,Walker2d-v4,4
280423,reward,3050,310.8429550296632,290.333,SF-P3O,Walker2d-v4,4
280567,reward,3051,188.62055469283416,281.002,SF-P3O,Walker2d-v4,4
280845,reward,3052,179.1856334560154,275.447,SF-P3O,Walker2d-v4,4
281059,reward,3053,344.813377272071,278.693,SF-P3O,Walker2d-v4,4
281194,reward,3054,252.1215535997746,276.794,SF-P3O,Walker2d-v4,4
281416,reward,3055,369.8231311058638,287.199,SF-P3O,Walker2d-v4,4
281600,reward,3056,302.6366215043981,270.818,SF-P3O,Walker2d-v4,4
281867,reward,3057,413.3250505069223,300.516,SF-P3O,Walker2d-v4,4
282066,reward,3058,318.9056344617142,300.48,SF-P3O,Walker2d-v4,4
282318,reward,3059,401.7617600041709,308.204,SF-P3O,Walker2d-v4,4
282472,reward,3060,256.44477659022357,302.764,SF-P3O,Walker2d-v4,4
282782,reward,3061,194.66896641061766,303.369,SF-P3O,Walker2d-v4,4
282979,reward,3062,318.45288281807456,317.295,SF-P3O,Walker2d-v4,4
283232,reward,3063,394.7580656910057,322.29,SF-P3O,Walker2d-v4,4
283667,reward,3064,300.4806788333627,327.126,SF-P3O,Walker2d-v4,4
283739,reward,3065,125.48968847151565,302.692,SF-P3O,Walker2d-v4,4
284318,reward,3066,658.9068573388137,338.319,SF-P3O,Walker2d-v4,4
284476,reward,3067,280.44500931481986,325.031,SF-P3O,Walker2d-v4,4
284634,reward,3068,282.6828275991211,321.409,SF-P3O,Walker2d-v4,4
284942,reward,3069,436.7470465900517,324.908,SF-P3O,Walker2d-v4,4
285142,reward,3070,341.1952995089196,333.383,SF-P3O,Walker2d-v4,4
285247,reward,3071,208.28353172060105,334.744,SF-P3O,Walker2d-v4,4
285421,reward,3072,286.3861979907656,331.538,SF-P3O,Walker2d-v4,4
285715,reward,3073,373.60630040385763,329.422,SF-P3O,Walker2d-v4,4
285924,reward,3074,339.213534317627,333.296,SF-P3O,Walker2d-v4,4
286094,reward,3075,46.75603494520553,325.422,SF-P3O,Walker2d-v4,4
286308,reward,3076,358.0956541744007,295.341,SF-P3O,Walker2d-v4,4
286449,reward,3077,241.88054102396245,291.485,SF-P3O,Walker2d-v4,4
286677,reward,3078,344.6734718406454,297.684,SF-P3O,Walker2d-v4,4
286720,loss,-0.013630524277687073,0.8209407925605774,SF-P3O,Walker2d-v4,4
286878,reward,3079,312.11565526392997,285.221,SF-P3O,Walker2d-v4,4
287058,reward,3080,300.09198618121445,281.11,SF-P3O,Walker2d-v4,4
287226,reward,3081,290.9450308331917,289.376,SF-P3O,Walker2d-v4,4
287536,reward,3082,161.66442957800618,276.904,SF-P3O,Walker2d-v4,4
287772,reward,3083,368.6130704219175,276.405,SF-P3O,Walker2d-v4,4
287895,reward,3084,233.8618298090959,265.87,SF-P3O,Walker2d-v4,4
288003,reward,3085,200.39373113814975,281.234,SF-P3O,Walker2d-v4,4
288136,reward,3086,238.74840388420463,269.299,SF-P3O,Walker2d-v4,4
288338,reward,3087,327.9379109820166,277.905,SF-P3O,Walker2d-v4,4
288523,reward,3088,328.00229107086324,276.237,SF-P3O,Walker2d-v4,4
288658,reward,3089,241.8681925903075,269.213,SF-P3O,Walker2d-v4,4
288854,reward,3090,313.45134382796294,270.549,SF-P3O,Walker2d-v4,4
289206,reward,3091,480.25813089630293,289.48,SF-P3O,Walker2d-v4,4
289375,reward,3092,295.4884901910648,302.862,SF-P3O,Walker2d-v4,4
289631,reward,3093,391.7095614970059,305.172,SF-P3O,Walker2d-v4,4
289803,reward,3094,299.6525751453449,311.751,SF-P3O,Walker2d-v4,4
289968,reward,3095,280.57935484882773,319.77,SF-P3O,Walker2d-v4,4
290000,speed,613.94,8.06,SF-P3O,Walker2d-v4,4
290001,spectral,0.039934,0.956619,0.7517,SF-P3O,Walker2d-v4,4
290091,reward,3096,239.17274117710735,319.812,SF-P3O,Walker2d-v4,4
290187,reward,3097,154.67240548201744,302.486,SF-P3O,Walker2d-v4,4
290338,reward,3098,269.4521464653746,296.63,SF-P3O,Walker2d-v4,4
290549,reward,3099,92.75351763354158,281.719,SF-P3O,Walker2d-v4,4
290679,reward,3100,75.95830890427324,257.97,SF-P3O,Walker2d-v4,4
290922,reward,3101,366.25171397897066,246.569,SF-P3O,Walker2d-v4,4
291069,reward,3102,256.4827394255468,242.669,SF-P3O,Walker2d-v4,4
291194,reward,3103,213.85414742522633,224.883,SF-P3O,Walker2d-v4,4
291327,reward,3104,237.39394878686326,218.657,SF-P3O,Walker2d-v4,4
291497,reward,3105,277.13920525089924,218.313,SF-P3O,Walker2d-v4,4
291620,reward,3106,220.54848282041874,216.451,SF-P3O,Walker2d-v4,4
291760,reward,3107,268.5328270216101,227.837,SF-P3O,Walker2d-v4,4
291959,reward,3108,331.15133357601945,234.007,SF-P3O,Walker2d-v4,4
292209,reward,3109,388.30526049965073,263.562,SF-P3O,Walker2d-v4,4
292405,reward,3110,321.6716504880741,288.133,SF-P3O,Walker2d-v4,4
292554,reward,3111,270.7920757665025,278.587,SF-P3O,Walker2d-v4,4
292775,reward,3112,324.1123775953274,285.35,SF-P3O,Walker2d-v4,4
293029,reward,3113,392.5850218439526,303.223,SF-P3O,Walker2d-v4,4
293182,reward,3114,272.7199165483095,306.756,SF-P3O,Walker2d-v4,4
293310,reward,3115,241.99471435343003,303.241,SF-P3O,Walker2d-v4,4
293430,reward,3116,229.4397034301353,304.13,SF-P3O,Walker2d-v4,4
293449,reward,3117,6.818399678805529,277.959,SF-P3O,Walker2d-v4,4
293605,reward,3118,277.0201450640989,272.546,SF-P3O,Walker2d-v4,4
293760,reward,3119,269.67710688037613,260.683,SF-P3O,Walker2d-v4,4
293961,reward,3120,325.29548662876823,261.045,SF-P3O,Walker2d-v4,4
294094,reward,3121,245.1628615302725,258.483,SF-P3O,Walker2d-v4,4
294410,reward,3122,461.65732302460907,272.237,SF-P3O,Walker2d-v4,4
294534,reward,3123,233.37665577737067,256.316,SF-P3O,Walker2d-v4,4
294748,reward,3124,344.8128110557403,263.526,SF-P3O,Walker2d-v4,4
294884,reward,3125,255.8235059821953,264.908,SF-P3O,Walker2d-v4,4
294912,loss,-0.10973810404539108,0.5539788007736206,SF-P3O,Walker2d-v4,4
294912,diagnostics,0.0,59.22,35.9757,0.040695,0.956542,0.7576,0.119505,SF-P3O,Walker2d-v4,4
295057,reward,3126,308.2627710761381,272.791,SF-P3O,Walker2d-v4,4
295252,reward,3127,344.4634864659264,306.555,SF-P3O,Walker2d-v4,4
295391,reward,3128,257.18630738015787,304.572,SF-P3O,Walker2d-v4,4
295520,reward,3129,256.83729710545435,303.288,SF-P3O,Walker2d-v4,4
295642,reward,3130,207.01219964845097,291.46,SF-P3O,Walker2d-v4,4
295827,reward,3131,303.9616264721477,297.339,SF-P3O,Walker2d-v4,4
296040,reward,3132,346.9153041497478,285.865,SF-P3O,Walker2d-v4,4
296246,reward,3133,322.8425518327118,294.812,SF-P3O,Walker2d-v4,4
296389,reward,3134,256.6058211690841,285.991,SF-P3O,Walker2d-v4,4
296585,reward,3135,324.6457993062767,292.873,SF-P3O,Walker2d-v4,4
296761,reward,3136,296.72279051770295,291.719,SF-P3O,Walker2d-v4,4
296995,reward,3137,341.89993846573196,291.463,SF-P3O,Walker2d-v4,4
297148,reward,3138,245.4744801056803,290.292,SF-P3O,Walker2d-v4,4
297242,reward,3139,184.7635308940796,283.084,SF-P3O,Walker2d-v4,4
297468,reward,3140,362.9838543611802,298.682,SF-P3O,Walker2d-v4,4
297764,reward,3141,453.03213709407123,313.589,SF-P3O,Walker2d-v4,4
297951,reward,3142,277.5653373979475,306.654,SF-P3O,Walker2d-v4,4
298076,reward,3143,236.8188208254776,298.051,SF-P3O,Walker2d-v4,4
298317,reward,3144,361.12669444531593,308.503,SF-P3O,Walker2d-v4,4
298451,reward,3145,232.44810694613963,299.284,SF-P3O,Walker2d-v4,4
298676,reward,3146,356.9511182551766,305.306,SF-P3O,Walker2d-v4,4
298823,reward,3147,259.1802462144449,297.034,SF-P3O,Walker2d-v4,4
298964,reward,3148,46.740962167707146,277.161,SF-P3O,Walker2d-v4,4
299145,reward,3149,305.9374165504449,289.278,SF-P3O,Walker2d-v4,4
299455,reward,3150,197.292281598655,272.709,SF-P3O,Walker2d-v4,4
299587,reward,3151,239.1879906988329,251.325,SF-P3O,Walker2d-v4,4
299745,reward,3152,285.19973601818054,252.088,SF-P3O,Walker2d-v4,4
300000,speed,650.74,8.31,SF-P3O,Walker2d-v4,4
300001,spectral,0.040695,0.956542,0.7576,SF-P3O,Walker2d-v4,4
300055,reward,3153,413.08509679117157,269.715,SF-P3O,Walker2d-v4,4
300245,reward,3154,322.2367337336551,265.826,SF-P3O,Walker2d-v4,4
300410,reward,3155,308.73879641765643,273.455,SF-P3O,Walker2d-v4,4
300579,reward,3156,288.51800709307537,266.612,SF-P3O,Walker2d-v4,4
300731,reward,3157,282.81544312205074,268.975,SF-P3O,Walker2d-v4,4
300955,reward,3158,112.20256064780858,275.521,SF-P3O,Walker2d-v4,4
301048,reward,3159,166.49082437593182,261.577,SF-P3O,Walker2d-v4,4
301245,reward,3160,333.261024647005,275.174,SF-P3O,Walker2d-v4,4
301397,reward,3161,273.0839226277432,278.563,SF-P3O,Walker2d-v4,4
301521,reward,3162,237.33105581362855,273.776,SF-P3O,Walker2d-v4,4
301714,reward,3163,324.88348303825353,264.956,SF-P3O,Walker2d-v4,4
301911,reward,3164,92.97769754240838,242.03,SF-P3O,Walker2d-v4,4
302058,reward,3165,265.48666754183745,237.705,SF-P3O,Walker2d-v4,4
302279,reward,3166,101.00570041653732,218.954,SF-P3O,Walker2d-v4,4
302486,reward,3167,341.4251375884838,224.815,SF-P3O,Walker2d-v4,4
302644,reward,3168,272.8726090983676,240.882,SF-P3O,Walker2d-v4,4
302878,reward,3169,364.5719933713645,260.69,SF-P3O,Walker2d-v4,4
303008,reward,3170,231.00114873353388,250.464,SF-P3O,Walker2d-v4,4
303104,loss,-0.14951921999454498,0.659521758556366,SF-P3O,Walker2d-v4,4
303192,reward,3171,309.77182229864405,254.133,SF-P3O,Walker2d-v4,4
303346,reward,3172,257.6840767622936,256.168,SF-P3O,Walker2d-v4,4
303645,reward,3173,424.27610473491956,266.107,SF-P3O,Walker2d-v4,4
303774,reward,3174,246.1215546841021,281.422,SF-P3O,Walker2d-v4,4
304008,reward,3175,378.3085131436736,292.704,SF-P3O,Walker2d-v4,4
304259,reward,3176,397.53170508731597,322.356,SF-P3O,Walker2d-v4,4
304489,reward,3177,331.0723937776999,321.321,SF-P3O,Walker2d-v4,4
304657,reward,3178,283.61754984167834,322.396,SF-P3O,Walker2d-v4,4
304796,reward,3179,260.3505934455344,311.974,SF-P3O,Walker2d-v4,4
304921,reward,3180,242.09350288469116,313.083,SF-P3O,Walker2d-v4,4
305184,reward,3181,165.41386252775834,298.647,SF-P3O,Walker2d-v4,4
305336,reward,3182,263.4642879686755,299.225,SF-P3O,Walker2d-v4,4
305547,reward,3183,341.40939015760443,290.938,SF-P3O,Walker2d-v4,4
305686,reward,3184,251.5957058177287,291.486,SF-P3O,Walker2d-v4,4
305898,reward,3185,351.8782538627289,288.843,SF-P3O,Walker2d-v4,4
306018,reward,3186,233.96785628120492,272.486,SF-P3O,Walker2d-v4,4
306231,reward,3187,351.43525740709913,274.523,SF-P3O,Walker2d-v4,4
306468,reward,3188,357.1191974565146,281.873,SF-P3O,Walker2d-v4,4
306607,reward,3189,253.98957122691093,281.237,SF-P3O,Walker2d-v4,4
306884,reward,3190,408.3182071875719,297.859,SF-P3O,Walker2d-v4,4
307004,reward,3191,224.83217247173792,303.801,SF-P3O,Walker2d-v4,4
307132,reward,3192,242.03091382517357,301.658,SF-P3O,Walker2d-v4,4
307249,reward,3193,210.5209818928048,288.569,SF-P3O,Walker2d-v4,4
307398,reward,3194,270.43392200236343,290.453,SF-P3O,Walker2d-v4,4
307606,reward,3195,348.7385802078652,290.139,SF-P3O,Walker2d-v4,4
307766,reward,3196,300.13500845043785,296.755,SF-P3O,Walker2d-v4,4
307901,reward,3197,258.35632766268986,287.447,SF-P3O,Walker2d-v4,4
308125,reward,3198,373.5214918141786,289.088,SF-P3O,Walker2d-v4,4
308235,reward,3199,220.4923703697523,285.738,SF-P3O,Walker2d-v4,4
308358,reward,3200,238.68813774489487,268.775,SF-P3O,Walker2d-v4,4
308492,reward,3201,243.73179365165115,270.665,SF-P3O,Walker2d-v4,4
308726,reward,3202,353.692218459942,281.831,SF-P3O,Walker2d-v4,4
308995,reward,3203,410.24615914242173,301.804,SF-P3O,Walker2d-v4,4
309165,reward,3204,294.50037447041905,304.21,SF-P3O,Walker2d-v4,4
309337,reward,3205,288.66692736949483,298.203,SF-P3O,Walker2d-v4,4
309575,reward,3206,364.2373311782488,304.613,SF-P3O,Walker2d-v4,4
309796,reward,3207,315.60314555673926,310.338,SF-P3O,Walker2d-v4,4
310000,speed,679.14,8.56,SF-P3O,Walker2d-v4,4
310001,spectral,0.041732,0.956352,0.7742,SF-P3O,Walker2d-v4,4
310016,reward,3208,345.68485875681824,307.554,SF-P3O,Walker2d-v4,4
310442,reward,3209,523.4200323969699,337.847,SF-P3O,Walker2d-v4,4
310636,reward,3210,319.04128826996305,345.882,SF-P3O,Walker2d-v4,4
310780,reward,3211,249.57799571213187,346.467,SF-P3O,Walker2d-v4,4
311029,reward,3212,396.7967887829894,350.777,SF-P3O,Walker2d-v4,4
311238,reward,3213,340.8782053851828,343.841,SF-P3O,Walker2d-v4,4
311296,loss,-0.0482969805598259,0.6430752873420715,SF-P3O,Walker2d-v4,4
311296,diagnostics,0.0,59.61,39.7075,0.042459,0.956409,0.777,0.119749,SF-P3O,Walker2d-v4,4
311486,reward,3214,138.92886574016248,328.284,SF-P3O,Walker2d-v4,4
311637,reward,3215,271.69944197513814,326.587,SF-P3O,Walker2d-v4,4
311792,reward,3216,278.4800604381187,318.011,SF-P3O,Walker2d-v4,4
311907,reward,3217,221.94229593163516,308.645,SF-P3O,Walker2d-v4,4
312349,reward,3218,293.95983389005926,303.472,SF-P3O,Walker2d-v4,4
312506,reward,3219,273.25556623355766,278.456,SF-P3O,Walker2d-v4,4
312667,reward,3220,272.1868696435223,273.771,SF-P3O,Walker2d-v4,4
312843,reward,3221,289.973037351832,277.81,SF-P3O,Walker2d-v4,4
312964,reward,3222,220.75638784383918,260.206,SF-P3O,Walker2d-v4,4
313135,reward,3223,301.07183668352354,256.225,SF-P3O,Walker2d-v4,4
313302,reward,3224,283.603932932033,270.693,SF-P3O,Walker2d-v4,4
313459,reward,3225,249.79129598651576,268.502,SF-P3O,Walker2d-v4,4
313606,reward,3226,276.8449891140894,268.339,SF-P3O,Walker2d-v4,4
313762,reward,3227,267.5445537079961,272.899,SF-P3O,Walker2d-v4,4
313911,reward,3228,262.4306882545196,269.746,SF-P3O,Walker2d-v4,4
314100,reward,3229,331.1301258917579,275.533,SF-P3O,Walker2d-v4,4
314291,reward,3230,294.42157284351885,277.757,SF-P3O,Walker2d-v4,4
314488,reward,3231,334.1409022992868,282.174,SF-P3O,Walker2d-v4,4
314644,reward,3232,280.8506578002085,288.183,SF-P3O,Walker2d-v4,4
314817,reward,3233,304.2489877592244,288.501,SF-P3O,Walker2d-v4,4
315019,reward,3234,322.6826236185506,292.409,SF-P3O,Walker2d-v4,4
315198,reward,3235,314.0180424513462,298.831,SF-P3O,Walker2d-v4,4
315338,reward,3236,251.93293476154892,296.34,SF-P3O,Walker2d-v4,4
315483,reward,3237,263.7476210940132,295.96,SF-P3O,Walker2d-v4,4
315628,reward,3238,276.913788907293,297.409,SF-P3O,Walker2d-v4,4
315745,reward,3239,219.82699678422497,286.278,SF-P3O,Walker2d-v4,4
315999,reward,3240,148.71166890140756,271.707,SF-P3O,Walker2d-v4,4
316165,reward,3241,279.1923997226418,266.213,SF-P3O,Walker2d-v4,4
316332,reward,3242,305.0722042621863,268.635,SF-P3O,Walker2d-v4,4
316490,reward,3243,265.97839261683714,264.808,SF-P3O,Walker2d-v4,4
316643,reward,3244,276.3166414703203,260.171,SF-P3O,Walker2d-v4,4
316806,reward,3245,262.50594535282943,255.02,SF-P3O,Walker2d-v4,4
317113,reward,3246,430.80399533275676,272.907,SF-P3O,Walker2d-v4,4
317231,reward,3247,213.9280915089345,267.925,SF-P3O,Walker2d-v4,4
317497,reward,3248,400.7578169504345,280.309,SF-P3O,Walker2d-v4,4
317637,reward,3249,244.57704717799956,282.784,SF-P3O,Walker2d-v4,4
317769,reward,3250,250.29564163906068,292.943,SF-P3O,Walker2d-v4,4
317922,reward,3251,252.04558788388712,290.228,SF-P3O,Walker2d-v4,4
318065,reward,3252,254.3116676961699,285.152,SF-P3O,Walker2d-v4,4
318222,reward,3253,258.1237419707611,284.367,SF-P3O,Walker2d-v4,4
318346,reward,3254,237.47276860306803,280.482,SF-P3O,Walker2d-v4,4
318459,reward,3255,228.60638894721532,277.092,SF-P3O,Walker2d-v4,4
318578,reward,3256,189.57381252838826,252.969,SF-P3O,Walker2d-v4,4
318807,reward,3257,348.46634580310916,266.423,SF-P3O,Walker2d-v4,4
318975,reward,3258,290.67054991573644,255.414,SF-P3O,Walker2d-v4,4
319139,reward,3259,283.56727137324776,259.313,SF-P3O,Walker2d-v4,4
319274,reward,3260,246.26914561089637,258.911,SF-P3O,Walker2d-v4,4
319478,reward,3261,328.07122129634234,266.513,SF-P3O,Walker2d-v4,4
319488,loss,-0.061545465141534805,0.8375384211540222,SF-P3O,Walker2d-v4,4
319610,reward,3262,237.79744295683673,264.862,SF-P3O,Walker2d-v4,4
319966,reward,3263,454.49763301872076,284.499,SF-P3O,Walker2d-v4,4
320000,speed,451.66,8.93,SF-P3O,Walker2d-v4,4
320001,spectral,0.043404,0.955861,0.7954,SF-P3O,Walker2d-v4,4
320089,reward,3264,240.63025483897212,284.815,SF-P3O,Walker2d-v4,4
320194,reward,3265,200.13643754487623,281.968,SF-P3O,Walker2d-v4,4
320418,reward,3266,365.4981209981675,299.56,SF-P3O,Walker2d-v4,4
320536,reward,3267,219.64790895148528,286.679,SF-P3O,Walker2d-v4,4
320715,reward,3268,314.24915212303677,289.036,SF-P3O,Walker2d-v4,4
320954,reward,3269,349.8230795120737,295.662,SF-P3O,Walker2d-v4,4
321206,reward,3270,381.728191858433,309.208,SF-P3O,Walker2d-v4,4
321392,reward,3271,316.31455470139974,308.032,SF-P3O,Walker2d-v4,4
321624,reward,3272,375.41813112329856,321.794,SF-P3O,Walker2d-v4,4
321779,reward,3273,287.7990034575333,305.124,SF-P3O,Walker2d-v4,4
322112,reward,3274,417.2888852413492,322.79,SF-P3O,Walker2d-v4,4
322279,reward,3275,314.9473839194947,334.271,SF-P3O,Walker2d-v4,4
322457,reward,3276,304.1998421266321,328.142,SF-P3O,Walker2d-v4,4
322767,reward,3277,463.21121523402985,352.498,SF-P3O,Walker2d-v4,4
322964,reward,3278,336.8364182455925,354.757,SF-P3O,Walker2d-v4,4
323086,reward,3279,249.80954812574,344.755,SF-P3O,Walker2d-v4,4
323254,reward,3280,293.00695816587023,335.883,SF-P3O,Walker2d-v4,4
323429,reward,3281,302.9227583231937,334.544,SF-P3O,Walker2d-v4,4
323578,reward,3282,274.70578144410507,324.473,SF-P3O,Walker2d-v4,4
323695,reward,3283,214.28801002846177,317.122,SF-P3O,Walker2d-v4,4
323839,reward,3284,264.2493740939541,301.818,SF-P3O,Walker2d-v4,4
323971,reward,3285,243.78187029860385,294.701,SF-P3O,Walker2d-v4,4
324151,reward,3286,312.4456008058438,295.526,SF-P3O,Walker2d-v4,4
324410,reward,3287,403.71379956567154,289.576,SF-P3O,Walker2d-v4,4
324601,reward,3288,303.9113519188843,286.284,SF-P3O,Walker2d-v4,4
324773,reward,3289,310.7396492161007,292.377,SF-P3O,Walker2d-v4,4
324900,reward,3290,228.24262442348083,285.9,SF-P3O,Walker2d-v4,4
325096,reward,3291,328.10662656386086,288.418,SF-P3O,Walker2d-v4,4
325311,reward,3292,352.74469153631827,296.222,SF-P3O,Walker2d-v4,4
325613,reward,3293,441.2269060085092,318.916,SF-P3O,Walker2d-v4,4
325804,reward,3294,79.62624212576125,300.454,SF-P3O,Walker2d-v4,4
325931,reward,3295,242.40629891388176,300.316,SF-P3O,Walker2d-v4,4
326213,reward,3296,219.25906716661783,290.998,SF-P3O,Walker2d-v4,4
326336,reward,3297,220.10168297365942,272.637,SF-P3O,Walker2d-v4,4
326619,reward,3298,402.3411289672076,282.479,SF-P3O,Walker2d-v4,4
326776,reward,3299,252.39872706551807,276.645,SF-P3O,Walker2d-v4,4
327002,reward,3300,369.05579977847594,290.727,SF-P3O,Walker2d-v4,4
327138,reward,3301,253.40596054836797,283.257,SF-P3O,Walker2d-v4,4
327360,reward,3302,362.1184269644351,284.194,SF-P3O,Walker2d-v4,4
327499,reward,3303,271.1332223274602,267.185,SF-P3O,Walker2d-v4,4
327637,reward,3304,248.6146235897307,284.083,SF-P3O,Walker2d-v4,4
327680,loss,-0.03574918210506439,0.9145644903182983,SF-P3O,Walker2d-v4,4
327680,diagnostics,0.0,59.98,66.9427,0.044004,0.95559,0.8018,0.119484,SF-P3O,Walker2d-v4,4
327782,reward,3305,264.60362972030424,286.303,SF-P3O,Walker2d-v4,4
327960,reward,3306,279.3647872016362,292.314,SF-P3O,Walker2d-v4,4
328106,reward,3307,260.9007650616557,296.394,SF-P3O,Walker2d-v4,4
328290,reward,3308,293.6255270518373,285.522,SF-P3O,Walker2d-v4,4
328451,reward,3309,293.9998397836772,289.682,SF-P3O,Walker2d-v4,4
328573,reward,3310,232.2468373820002,276.001,SF-P3O,Walker2d-v4,4
328707,reward,3311,245.34729312098312,275.195,SF-P3O,Walker2d-v4,4
328900,reward,3312,334.3671611019526,272.42,SF-P3O,Walker2d-v4,4
329011,reward,3313,209.59364514060297,266.266,SF-P3O,Walker2d-v4,4
329174,reward,3314,305.2031906724654,271.925,SF-P3O,Walker2d-v4,4
329323,reward,3315,269.5612597803656,272.421,SF-P3O,Walker2d-v4,4
329492,reward,3316,294.0346641540712,273.888,SF-P3O,Walker2d-v4,4
329638,reward,3317,253.227345082621,273.121,SF-P3O,Walker2d-v4,4
329761,reward,3318,236.08103040382417,267.366,SF-P3O,Walker2d-v4,4
329929,reward,3319,294.4074341373337,267.407,SF-P3O,Walker2d-v4,4
330000,speed,652.94,9.18,SF-P3O,Walker2d-v4,4
330001,spectral,0.044004,0.95559,0.8018,SF-P3O,Walker2d-v4,4
330081,reward,3320,298.5074236680273,274.033,SF-P3O,Walker2d-v4,4
330238,reward,3321,274.3866758121353,276.937,SF-P3O,Walker2d-v4,4
330392,reward,3322,270.93870337852593,270.594,SF-P3O,Walker2d-v4,4
330543,reward,3323,283.57209554183186,277.992,SF-P3O,Walker2d-v4,4
330691,reward,3324,251.12443421692703,272.584,SF-P3O,Walker2d-v4,4
330883,reward,3325,323.74064499330467,278.002,SF-P3O,Walker2d-v4,4
331071,reward,3326,123.27693528053399,260.926,SF-P3O,Walker2d-v4,4
331337,reward,3327,410.34580682154666,276.638,SF-P3O,Walker2d-v4,4
331479,reward,3328,65.5129036324644,259.581,SF-P3O,Walker2d-v4,4
331725,reward,3329,377.5761008129333,267.898,SF-P3O,Walker2d-v4,4
331930,reward,3330,328.3958304230568,270.887,SF-P3O,Walker2d-v4,4
332067,reward,3331,249.85364572309587,268.434,SF-P3O,Walker2d-v4,4
332250,reward,3332,328.25251648239646,274.165,SF-P3O,Walker2d-v4,4
332460,reward,3333,339.1801590225142,279.726,SF-P3O,Walker2d-v4,4
332622,reward,3334,264.107268120301,281.024,SF-P3O,Walker2d-v4,4
332775,reward,3335,272.9958981604923,275.95,SF-P3O,Walker2d-v4,4
332963,reward,3336,326.30870261553764,296.253,SF-P3O,Walker2d-v4,4
333363,reward,3337,524.9888325104225,307.717,SF-P3O,Walker2d-v4,4
333629,reward,3338,414.67579487389673,342.633,SF-P3O,Walker2d-v4,4
333751,reward,3339,233.8931564557419,328.265,SF-P3O,Walker2d-v4,4
333955,reward,3340,321.08233026779925,327.534,SF-P3O,Walker2d-v4,4
334102,reward,3341,272.6880895790859,329.817,SF-P3O,Walker2d-v4,4
334234,reward,3342,245.6503150470404,321.557,SF-P3O,Walker2d-v4,4
334447,reward,3343,325.7501381611851,320.214,SF-P3O,Walker2d-v4,4
334596,reward,3344,250.7114574417352,318.874,SF-P3O,Walker2d-v4,4
334740,reward,3345,244.93409452762998,316.068,SF-P3O,Walker2d-v4,4
334892,reward,3346,265.1388501362896,309.951,SF-P3O,Walker2d-v4,4
335035,reward,3347,267.23355348976196,284.176,SF-P3O,Walker2d-v4,4
335165,reward,3348,253.53182055894987,268.061,SF-P3O,Walker2d-v4,4
335335,reward,3349,292.5172659643448,273.924,SF-P3O,Walker2d-v4,4
335538,reward,3350,108.43322664975078,252.659,SF-P3O,Walker2d-v4,4
335675,reward,3351,247.9507992333764,250.185,SF-P3O,Walker2d-v4,4
335872,loss,-0.12781600654125214,1.1384973526000977,SF-P3O,Walker2d-v4,4
336103,reward,3352,299.5872988936031,255.579,SF-P3O,Walker2d-v4,4
336282,reward,3353,321.0131526838597,255.105,SF-P3O,Walker2d-v4,4
336664,reward,3354,510.36024609996196,281.07,SF-P3O,Walker2d-v4,4
336803,reward,3355,266.5051015948346,283.227,SF-P3O,Walker2d-v4,4
336956,reward,3356,281.42296949342705,284.856,SF-P3O,Walker2d-v4,4
337132,reward,3357,320.2830937794639,290.16,SF-P3O,Walker2d-v4,4
337273,reward,3358,239.7456767785661,288.782,SF-P3O,Walker2d-v4,4
337498,reward,3359,340.4987853347087,293.58,SF-P3O,Walker2d-v4,4
337824,reward,3360,429.79446185748634,325.716,SF-P3O,Walker2d-v4,4
337976,reward,3361,266.36384244899824,327.557,SF-P3O,Walker2d-v4,4
338124,reward,3362,264.75515507614233,324.074,SF-P3O,Walker2d-v4,4
338269,reward,3363,272.0636275369148,319.179,SF-P3O,Walker2d-v4,4
338424,reward,3364,266.9197954320138,294.835,SF-P3O,Walker2d-v4,4
338585,reward,3365,285.8461487023276,296.769,SF-P3O,Walker2d-v4,4
338802,reward,3366,318.90220984208366,300.517,SF-P3O,Walker2d-v4,4
338940,reward,3367,255.6598578029032,294.055,SF-P3O,Walker2d-v4,4
339142,reward,3368,334.1618648099379,303.497,SF-P3O,Walker2d-v4,4
339268,reward,3369,243.43115879832666,293.79,SF-P3O,Walker2d-v4,4
339440,reward,3370,300.78265857393313,280.889,SF-P3O,Walker2d-v4,4
339584,reward,3371,257.2121418600249,279.973,SF-P3O,Walker2d-v4,4
339716,reward,3372,244.51892286915833,277.95,SF-P3O,Walker2d-v4,4
340000,speed,683.76,9.42,SF-P3O,Walker2d-v4,4
340001,spectral,0.044805,0.955266,0.7995,SF-P3O,Walker2d-v4,4
340032,reward,3373,465.3944367148239,297.283,SF-P3O,Walker2d-v4,4
340242,reward,3374,341.1005307280826,304.701,SF-P3O,Walker2d-v4,4
340354,reward,3375,217.18247366559007,297.835,SF-P3O,Walker2d-v4,4
340520,reward,3376,288.58715567922184,294.803,SF-P3O,Walker2d-v4,4
340653,reward,3377,255.73963116621803,294.811,SF-P3O,Walker2d-v4,4
340909,reward,3378,377.6509463339447,299.16,SF-P3O,Walker2d-v4,4
341108,reward,3379,332.00388332230557,308.017,SF-P3O,Walker2d-v4,4
341239,reward,3380,237.42404664195521,301.681,SF-P3O,Walker2d-v4,4
341401,reward,3381,291.03867676718335,305.064,SF-P3O,Walker2d-v4,4
341562,reward,3382,288.20065445196735,309.432,SF-P3O,Walker2d-v4,4
341734,reward,3383,297.23836101752715,292.617,SF-P3O,Walker2d-v4,4
341828,reward,3384,182.18026153203743,276.725,SF-P3O,Walker2d-v4,4
341979,reward,3385,284.5711649027239,283.463,SF-P3O,Walker2d-v4,4
342327,reward,3386,487.8767935831174,303.392,SF-P3O,Walker2d-v4,4
342489,reward,3387,290.9297630857374,306.911,SF-P3O,Walker2d-v4,4
342641,reward,3388,273.71284581054095,296.518,SF-P3O,Walker2d-v4,4
342768,reward,3389,256.02994062275536,288.92,SF-P3O,Walker2d-v4,4
342924,reward,3390,80.18892257514251,273.197,SF-P3O,Walker2d-v4,4
343112,reward,3391,320.32306559499085,276.125,SF-P3O,Walker2d-v4,4
343262,reward,3392,265.75021225812674,273.88,SF-P3O,Walker2d-v4,4
343379,reward,3393,236.59406504317857,267.816,SF-P3O,Walker2d-v4,4
343613,reward,3394,371.56147691311895,286.754,SF-P3O,Walker2d-v4,4
343744,reward,3395,263.14536896121814,284.611,SF-P3O,Walker2d-v4,4
343887,reward,3396,256.66385681460974,261.49,SF-P3O,Walker2d-v4,4
344024,reward,3397,262.9916870060761,258.696,SF-P3O,Walker2d-v4,4
344064,loss,-0.09011883288621902,0.8924875259399414,SF-P3O,Walker2d-v4,4
344064,diagnostics,0.0,60.34,66.6817,0.045566,0.954765,0.8282,0.119177,SF-P3O,Walker2d-v4,4
344218,reward,3398,326.03454808455206,263.928,SF-P3O,Walker2d-v4,4
344334,reward,3399,228.11774218332812,261.137,SF-P3O,Walker2d-v4,4
344459,reward,3400,241.95627120700038,277.314,SF-P3O,Walker2d-v4,4
344660,reward,3401,325.3582711189253,277.817,SF-P3O,Walker2d-v4,4
344849,reward,3402,327.4851188834399,283.991,SF-P3O,Walker2d-v4,4
344988,reward,3403,254.15447849286738,285.747,SF-P3O,Walker2d-v4,4
345191,reward,3404,305.7184452353579,279.163,SF-P3O,Walker2d-v4,4
345313,reward,3405,239.16180194361885,276.764,SF-P3O,Walker2d-v4,4
345444,reward,3406,221.61323871029737,273.259,SF-P3O,Walker2d-v4,4
345581,reward,3407,252.55784873929989,272.216,SF-P3O,Walker2d-v4,4
345731,reward,3408,275.048303804882,267.117,SF-P3O,Walker2d-v4,4
345874,reward,3409,262.15952496382755,270.521,SF-P3O,Walker2d-v4,4
346051,reward,3410,308.7925518284274,277.205,SF-P3O,Walker2d-v4,4
346208,reward,3411,286.32036942520887,273.301,SF-P3O,Walker2d-v4,4
346464,reward,3412,354.07997715417986,275.961,SF-P3O,Walker2d-v4,4
346711,reward,3413,373.9899607196242,287.944,SF-P3O,Walker2d-v4,4
346870,reward,3414,283.1747035803071,285.69,SF-P3O,Walker2d-v4,4
347041,reward,3415,304.09193562882814,292.183,SF-P3O,Walker2d-v4,4
347202,reward,3416,292.4820663592068,299.27,SF-P3O,Walker2d-v4,4
347329,reward,3417,245.89470109140183,298.603,SF-P3O,Walker2d-v4,4
347456,reward,3418,229.84717110976987,294.083,SF-P3O,Walker2d-v4,4
347593,reward,3419,261.82617336578323,294.05,SF-P3O,Walker2d-v4,4
347761,reward,3420,294.648592354042,292.636,SF-P3O,Walker2d-v4,4
347889,reward,3421,241.7407234486641,288.178,SF-P3O,Walker2d-v4,4
348032,reward,3422,253.10231744528278,278.08,SF-P3O,Walker2d-v4,4
348197,reward,3423,302.09666735017663,270.891,SF-P3O,Walker2d-v4,4
348339,reward,3424,259.6551191417867,268.539,SF-P3O,Walker2d-v4,4
348590,reward,3425,166.36946683972283,254.766,SF-P3O,Walker2d-v4,4
348808,reward,3426,368.016288057268,262.32,SF-P3O,Walker2d-v4,4
349033,reward,3427,338.1683112774542,271.547,SF-P3O,Walker2d-v4,4
349180,reward,3428,268.7245567697327,275.435,SF-P3O,Walker2d-v4,4
349302,reward,3429,232.58473136590968,272.511,SF-P3O,Walker2d-v4,4
349444,reward,3430,260.09256028838973,269.055,SF-P3O,Walker2d-v4,4
349585,reward,3431,260.89853209618764,270.971,SF-P3O,Walker2d-v4,4
349707,reward,3432,215.4102307480324,267.202,SF-P3O,Walker2d-v4,4
349862,reward,3433,268.40300169881976,263.832,SF-P3O,Walker2d-v4,4
350000,speed,614.63,9.7,SF-P3O,Walker2d-v4,4
350001,spectral,0.045566,0.954765,0.8282,SF-P3O,Walker2d-v4,4
350011,reward,3434,268.8549501142983,264.752,SF-P3O,Walker2d-v4,4
350226,reward,3435,336.8837456681469,281.804,SF-P3O,Walker2d-v4,4
350347,reward,3436,234.42946850528406,268.445,SF-P3O,Walker2d-v4,4
350519,reward,3437,302.70415733232267,264.899,SF-P3O,Walker2d-v4,4
350629,reward,3438,192.7636340063951,257.303,SF-P3O,Walker2d-v4,4
350784,reward,3439,266.359925791496,260.68,SF-P3O,Walker2d-v4,4
350980,reward,3440,322.758650678358,266.947,SF-P3O,Walker2d-v4,4
351132,reward,3441,270.292228408461,267.886,SF-P3O,Walker2d-v4,4
351275,reward,3442,260.52823521604375,272.398,SF-P3O,Walker2d-v4,4
351375,reward,3443,195.93780121178713,265.151,SF-P3O,Walker2d-v4,4
351524,reward,3444,260.7482711992812,264.341,SF-P3O,Walker2d-v4,4
351639,reward,3445,218.7041610679793,252.523,SF-P3O,Walker2d-v4,4
351779,reward,3446,238.47992343644339,252.928,SF-P3O,Walker2d-v4,4
351894,reward,3447,206.60013233494408,243.317,SF-P3O,Walker2d-v4,4
352110,reward,3448,344.0030094824798,258.441,SF-P3O,Walker2d-v4,4
352217,reward,3449,215.9127778472399,253.397,SF-P3O,Walker2d-v4,4
352256,loss,-0.058699704706668854,1.5270177125930786,SF-P3O,Walker2d-v4,4
352375,reward,3450,294.17373456956284,250.538,SF-P3O,Walker2d-v4,4
352722,reward,3451,502.993353554546,273.808,SF-P3O,Walker2d-v4,4
352879,reward,3452,280.73997843078,275.829,SF-P3O,Walker2d-v4,4
353117,reward,3453,387.2316609073199,294.959,SF-P3O,Walker2d-v4,4
353266,reward,3454,263.1487942394079,295.199,SF-P3O,Walker2d-v4,4
353393,reward,3455,251.95592854368255,298.524,SF-P3O,Walker2d-v4,4
353477,reward,3456,151.78833978536414,289.855,SF-P3O,Walker2d-v4,4
353601,reward,3457,235.71906412634095,292.767,SF-P3O,Walker2d-v4,4
353848,reward,3458,391.68283498021975,297.535,SF-P3O,Walker2d-v4,4
354001,reward,3459,68.29441575297398,282.773,SF-P3O,Walker2d-v4,4
354203,reward,3460,324.7019167057693,285.826,SF-P3O,Walker2d-v4,4
354355,reward,3461,274.62701881294925,262.989,SF-P3O,Walker2d-v4,4
354487,reward,3462,256.08705026444795,260.524,SF-P3O,Walker2d-v4,4
354629,reward,3463,275.04451769900845,249.305,SF-P3O,Walker2d-v4,4
354810,reward,3464,300.6733192408032,253.057,SF-P3O,Walker2d-v4,4
354993,reward,3465,308.752213850905,258.737,SF-P3O,Walker2d-v4,4
355145,reward,3466,273.6797129138251,270.926,SF-P3O,Walker2d-v4,4
355421,reward,3467,130.8456449028547,260.439,SF-P3O,Walker2d-v4,4
355576,reward,3468,287.8297676688242,250.054,SF-P3O,Walker2d-v4,4
355726,reward,3469,275.42339654013955,270.766,SF-P3O,Walker2d-v4,4
355869,reward,3470,274.49304535261916,265.746,SF-P3O,Walker2d-v4,4
356033,reward,3471,287.5509497191968,267.038,SF-P3O,Walker2d-v4,4
356168,reward,3472,256.7665273715079,267.106,SF-P3O,Walker2d-v4,4
356300,reward,3473,228.32088186129857,262.434,SF-P3O,Walker2d-v4,4
356549,reward,3474,381.26901868804583,270.493,SF-P3O,Walker2d-v4,4
356739,reward,3475,309.5923883556942,270.577,SF-P3O,Walker2d-v4,4
356887,reward,3476,288.7184603264381,272.081,SF-P3O,Walker2d-v4,4
357084,reward,3477,308.24733238277105,289.821,SF-P3O,Walker2d-v4,4
357218,reward,3478,256.95821801937444,286.734,SF-P3O,Walker2d-v4,4
357390,reward,3479,301.4577140655685,289.337,SF-P3O,Walker2d-v4,4
357576,reward,3480,312.2224911129239,293.11,SF-P3O,Walker2d-v4,4
357692,reward,3481,228.92433190965178,287.248,SF-P3O,Walker2d-v4,4
357822,reward,3482,243.51291178032812,285.922,SF-P3O,Walker2d-v4,4
358000,reward,3483,314.3196452053254,294.522,SF-P3O,Walker2d-v4,4
358161,reward,3484,287.86057020637736,285.181,SF-P3O,Walker2d-v4,4
358300,reward,3485,249.8116077725021,279.203,SF-P3O,Walker2d-v4,4
358451,reward,3486,281.8085323603819,278.512,SF-P3O,Walker2d-v4,4
358575,reward,3487,231.238699805888,270.811,SF-P3O,Walker2d-v4,4
358715,reward,3488,255.83974687422707,270.7,SF-P3O,Walker2d-v4,4
358888,reward,3489,319.1269113994156,272.467,SF-P3O,Walker2d-v4,4
359052,reward,3490,284.0784802818401,269.652,SF-P3O,Walker2d-v4,4
359213,reward,3491,294.3325604720592,276.193,SF-P3O,Walker2d-v4,4
359343,reward,3492,263.81653061314864,278.223,SF-P3O,Walker2d-v4,4
359521,reward,3493,304.8104535405587,277.272,SF-P3O,Walker2d-v4,4
359802,reward,3494,384.77433535617865,286.964,SF-P3O,Walker2d-v4,4
359997,reward,3495,323.6180728753614,294.344,SF-P3O,Walker2d-v4,4
360000,speed,635.17,9.96,SF-P3O,Walker2d-v4,4
360001,spectral,0.046462,0.95434,0.8363,SF-P3O,Walker2d-v4,4
360120,reward,3496,232.42762252839333,289.406,SF-P3O,Walker2d-v4,4
360427,reward,3497,218.38383627905148,288.121,SF-P3O,Walker2d-v4,4
360448,loss,-0.006658006459474564,0.6507132053375244,SF-P3O,Walker2d-v4,4
360448,diagnostics,0.0,60.75,55.4523,0.047244,0.954163,0.8324,0.119021,SF-P3O,Walker2d-v4,4
360565,reward,3498,263.20301135537596,288.857,SF-P3O,Walker2d-v4,4
360787,reward,3499,357.1330286546721,292.658,SF-P3O,Walker2d-v4,4
360977,reward,3500,305.879391816501,294.838,SF-P3O,Walker2d-v4,4
361111,reward,3501,248.28227754367126,290.233,SF-P3O,Walker2d-v4,4
361277,reward,3502,298.695447790679,293.721,SF-P3O,Walker2d-v4,4
361468,reward,3503,332.9707276460824,296.537,SF-P3O,Walker2d-v4,4
361589,reward,3504,229.81707320523844,281.041,SF-P3O,Walker2d-v4,4
361758,reward,3505,294.3309925181476,278.112,SF-P3O,Walker2d-v4,4
361868,reward,3506,218.82448228440205,276.752,SF-P3O,Walker2d-v4,4
362034,reward,3507,286.67622272077693,283.581,SF-P3O,Walker2d-v4,4
362191,reward,3508,291.5224549379841,286.413,SF-P3O,Walker2d-v4,4
362312,reward,3509,229.04850870418173,273.605,SF-P3O,Walker2d-v4,4
362430,reward,3510,223.8969534415197,265.407,SF-P3O,Walker2d-v4,4
362563,reward,3511,246.4035460989218,265.219,SF-P3O,Walker2d-v4,4
362845,reward,3512,375.7626750827086,272.925,SF-P3O,Walker2d-v4,4
363022,reward,3513,317.4882181872788,271.377,SF-P3O,Walker2d-v4,4
363176,reward,3514,258.53908769287955,274.249,SF-P3O,Walker2d-v4,4
363377,reward,3515,342.60043680957085,279.076,SF-P3O,Walker2d-v4,4
363526,reward,3516,265.96694423610643,283.791,SF-P3O,Walker2d-v4,4
363687,reward,3517,283.0424496013912,283.427,SF-P3O,Walker2d-v4,4
363876,reward,3518,350.88864610913225,289.364,SF-P3O,Walker2d-v4,4
363985,reward,3519,207.5019571043211,287.209,SF-P3O,Walker2d-v4,4
364112,reward,3520,241.95522068879671,289.015,SF-P3O,Walker2d-v4,4
364270,reward,3521,297.29145403565656,294.104,SF-P3O,Walker2d-v4,4
364505,reward,3522,343.3914295552222,290.867,SF-P3O,Walker2d-v4,4
364630,reward,3523,236.45308530112248,282.763,SF-P3O,Walker2d-v4,4
364794,reward,3524,51.13375542608041,262.023,SF-P3O,Walker2d-v4,4
364942,reward,3525,272.8901205042167,255.052,SF-P3O,Walker2d-v4,4
365121,reward,3526,313.19060522914873,259.774,SF-P3O,Walker2d-v4,4
365209,reward,3527,169.98955224519526,248.469,SF-P3O,Walker2d-v4,4
365327,reward,3528,230.275229741792,236.407,SF-P3O,Walker2d-v4,4
365494,reward,3529,299.53278530716204,245.61,SF-P3O,Walker2d-v4,4
365716,reward,3530,367.77021233607707,258.192,SF-P3O,Walker2d-v4,4
365858,reward,3531,285.8034555879668,257.043,SF-P3O,Walker2d-v4,4
365991,reward,3532,255.28433904909372,248.232,SF-P3O,Walker2d-v4,4
366088,reward,3533,185.77634748994808,243.165,SF-P3O,Walker2d-v4,4
366232,reward,3534,280.91251143913746,266.143,SF-P3O,Walker2d-v4,4
366441,reward,3535,349.41494461590554,273.795,SF-P3O,Walker2d-v4,4
366606,reward,3536,277.59675674482327,270.236,SF-P3O,Walker2d-v4,4
366738,reward,3537,269.67228816671883,280.204,SF-P3O,Walker2d-v4,4
366874,reward,3538,226.8070630517994,279.857,SF-P3O,Walker2d-v4,4
367238,reward,3539,511.0438428377794,301.008,SF-P3O,Walker2d-v4,4
367376,reward,3540,257.4067485528739,289.972,SF-P3O,Walker2d-v4,4
367508,reward,3541,233.27286773812745,284.719,SF-P3O,Walker2d-v4,4
367686,reward,3542,288.36867103118686,288.027,SF-P3O,Walker2d-v4,4
367806,reward,3543,222.15947244338238,291.666,SF-P3O,Walker2d-v4,4
367980,reward,3544,294.3770497203502,293.012,SF-P3O,Walker2d-v4,4
368173,reward,3545,312.0695228679256,289.277,SF-P3O,Walker2d-v4,4
368344,reward,3546,303.8553740666901,291.903,SF-P3O,Walker2d-v4,4
368502,reward,3547,283.1001734107464,293.246,SF-P3O,Walker2d-v4,4
368640,loss,-0.05826227366924286,0.7922879457473755,SF-P3O,Walker2d-v4,4
368697,reward,3548,323.64897373589247,302.93,SF-P3O,Walker2d-v4,4
368768,reward,3549,124.91134879912374,264.317,SF-P3O,Walker2d-v4,4
369105,reward,3550,434.25941495743785,282.002,SF-P3O,Walker2d-v4,4
369284,reward,3551,310.6629295508063,289.741,SF-P3O,Walker2d-v4,4
369446,reward,3552,308.1299528125064,291.717,SF-P3O,Walker2d-v4,4
369571,reward,3553,230.07588914570252,292.509,SF-P3O,Walker2d-v4,4
369664,reward,3554,190.4554136531662,282.117,SF-P3O,Walker2d-v4,4
369791,reward,3555,267.5421133439693,277.664,SF-P3O,Walker2d-v4,4
369965,reward,3556,310.84295536627224,278.363,SF-P3O,Walker2d-v4,4
370000,speed,434.8,10.34,SF-P3O,Walker2d-v4,4
370001,spectral,0.048027,0.953533,0.8291,SF-P3O,Walker2d-v4,4
370157,reward,3557,323.9204880303514,282.445,SF-P3O,Walker2d-v4,4
370301,reward,3558,281.17780079403485,278.198,SF-P3O,Walker2d-v4,4
370438,reward,3559,236.62364536026539,289.369,SF-P3O,Walker2d-v4,4
370635,reward,3560,332.99471274517043,279.243,SF-P3O,Walker2d-v4,4
370741,reward,3561,190.7240799768214,267.249,SF-P3O,Walker2d-v4,4
370887,reward,3562,263.8655274223773,262.822,SF-P3O,Walker2d-v4,4
370984,reward,3563,192.7555467833391,259.09,SF-P3O,Walker2d-v4,4
371189,reward,3564,339.2616974784309,273.971,SF-P3O,Walker2d-v4,4
371372,reward,3565,315.202658421796,278.737,SF-P3O,Walker2d-v4,4
371521,reward,3566,266.39550519567536,274.292,SF-P3O,Walker2d-v4,4
371637,reward,3567,223.02580771572374,264.203,SF-P3O,Walker2d-v4,4
371779,reward,3568,250.4226894013525,261.127,SF-P3O,Walker2d-v4,4
371940,reward,3569,291.01137653702665,266.566,SF-P3O,Walker2d-v4,4
372100,reward,3570,296.10560210597373,262.877,SF-P3O,Walker2d-v4,4
372268,reward,3571,299.71962404108297,273.777,SF-P3O,Walker2d-v4,4
372451,reward,3572,310.8826211932263,278.478,SF-P3O,Walker2d-v4,4
372771,reward,3573,220.36345407485143,281.239,SF-P3O,Walker2d-v4,4
372905,reward,3574,245.78372829341808,271.891,SF-P3O,Walker2d-v4,4
373123,reward,3575,349.84483041814127,275.356,SF-P3O,Walker2d-v4,4
373419,reward,3576,431.4486435485604,291.861,SF-P3O,Walker2d-v4,4
373605,reward,3577,324.82763644140135,302.041,SF-P3O,Walker2d-v4,4
373776,reward,3578,304.21799530940217,307.421,SF-P3O,Walker2d-v4,4
373939,reward,3579,293.9330625702746,307.713,SF-P3O,Walker2d-v4,4
374044,reward,3580,212.91045506242423,299.393,SF-P3O,Walker2d-v4,4
374177,reward,3581,250.70415499992708,294.492,SF-P3O,Walker2d-v4,4
374278,reward,3582,189.35902881030052,282.339,SF-P3O,Walker2d-v4,4
374363,reward,3583,158.62281118761166,276.165,SF-P3O,Walker2d-v4,4
374552,reward,3584,319.494083317,283.536,SF-P3O,Walker2d-v4,4
374697,reward,3585,278.8726450616163,276.439,SF-P3O,Walker2d-v4,4
374812,reward,3586,221.55186253226395,255.449,SF-P3O,Walker2d-v4,4
374923,reward,3587,206.47231516465294,243.614,SF-P3O,Walker2d-v4,4
375061,reward,3588,274.23652321079817,240.616,SF-P3O,Walker2d-v4,4
375219,reward,3589,283.99130934570815,239.622,SF-P3O,Walker2d-v4,4
375372,reward,3590,284.80898632502823,246.811,SF-P3O,Walker2d-v4,4
375532,reward,3591,296.1925715152099,251.36,SF-P3O,Walker2d-v4,4
375696,reward,3592,305.14269812200695,262.939,SF-P3O,Walker2d-v4,4
375867,reward,3593,314.8186118936667,278.558,SF-P3O,Walker2d-v4,4
375984,reward,3594,226.53942368508277,269.263,SF-P3O,Walker2d-v4,4
376110,reward,3595,233.95038455763788,264.77,SF-P3O,Walker2d-v4,4
376274,reward,3596,290.34451409916846,271.65,SF-P3O,Walker2d-v4,4
376411,reward,3597,255.3256115096579,276.535,SF-P3O,Walker2d-v4,4
376592,reward,3598,287.0248868181782,277.814,SF-P3O,Walker2d-v4,4
376736,reward,3599,267.4297765180002,276.158,SF-P3O,Walker2d-v4,4
376832,loss,0.011944800615310669,0.7232592105865479,SF-P3O,Walker2d-v4,4
376832,diagnostics,0.0,61.09,49.254,0.048597,0.953468,0.8474,0.11874,SF-P3O,Walker2d-v4,4
376908,reward,3600,321.446002751015,279.821,SF-P3O,Walker2d-v4,4
377069,reward,3601,301.3175001106731,280.334,SF-P3O,Walker2d-v4,4
377206,reward,3602,273.7699651662184,277.197,SF-P3O,Walker2d-v4,4
377326,reward,3603,212.3334692248058,266.948,SF-P3O,Walker2d-v4,4
377602,reward,3604,413.2552421007272,285.62,SF-P3O,Walker2d-v4,4
377779,reward,3605,305.47069282136215,292.772,SF-P3O,Walker2d-v4,4
377979,reward,3606,329.55726525168114,296.693,SF-P3O,Walker2d-v4,4
378137,reward,3607,75.67095832684461,278.728,SF-P3O,Walker2d-v4,4
378319,reward,3608,291.61001927668156,279.186,SF-P3O,Walker2d-v4,4
378433,reward,3609,214.55870819608435,273.899,SF-P3O,Walker2d-v4,4
378562,reward,3610,256.45870506308387,267.4,SF-P3O,Walker2d-v4,4
378646,reward,3611,165.66311126614644,253.835,SF-P3O,Walker2d-v4,4
378882,reward,3612,359.62280275765806,262.42,SF-P3O,Walker2d-v4,4
379002,reward,3613,234.06358909459516,264.593,SF-P3O,Walker2d-v4,4
379163,reward,3614,303.81724324635513,253.649,SF-P3O,Walker2d-v4,4
379274,reward,3615,225.83700945622147,245.686,SF-P3O,Walker2d-v4,4
379458,reward,3616,324.1473798997332,245.145,SF-P3O,Walker2d-v4,4
379602,reward,3617,271.10723037733476,264.689,SF-P3O,Walker2d-v4,4
379733,reward,3618,248.27973006677934,260.356,SF-P3O,Walker2d-v4,4
379865,reward,3619,263.3012423645785,265.23,SF-P3O,Walker2d-v4,4
380000,speed,633.17,10.6,SF-P3O,Walker2d-v4,4
380001,spectral,0.048597,0.953468,0.8474,SF-P3O,Walker2d-v4,4
380036,reward,3620,306.6239721931686,270.246,SF-P3O,Walker2d-v4,4
380134,reward,3621,195.4500098495186,273.225,SF-P3O,Walker2d-v4,4
380271,reward,3622,257.23130967005903,262.986,SF-P3O,Walker2d-v4,4
380391,reward,3623,232.11448702273304,262.791,SF-P3O,Walker2d-v4,4
380531,reward,3624,251.7215410463241,257.581,SF-P3O,Walker2d-v4,4
380709,reward,3625,307.81406206647836,265.779,SF-P3O,Walker2d-v4,4
380838,reward,3626,250.48042922605032,258.412,SF-P3O,Walker2d-v4,4
380987,reward,3627,273.0050670685392,258.602,SF-P3O,Walker2d-v4,4
381182,reward,3628,343.1244005205564,268.087,SF-P3O,Walker2d-v4,4
381314,reward,3629,253.67896773292767,267.124,SF-P3O,Walker2d-v4,4
381450,reward,3630,267.6909188054241,263.231,SF-P3O,Walker2d-v4,4
381721,reward,3631,403.2424624812544,284.01,SF-P3O,Walker2d-v4,4
381887,reward,3632,286.93915268740517,286.981,SF-P3O,Walker2d-v4,4
382059,reward,3633,312.2442294731483,294.994,SF-P3O,Walker2d-v4,4
382164,reward,3634,211.30270377112663,290.952,SF-P3O,Walker2d-v4,4
382325,reward,3635,275.8397550430778,287.755,SF-P3O,Walker2d-v4,4
382419,reward,3636,178.53340123359897,280.56,SF-P3O,Walker2d-v4,4
382642,reward,3637,357.0118016913953,288.961,SF-P3O,Walker2d-v4,4
382788,reward,3638,272.52080763250666,281.9,SF-P3O,Walker2d-v4,4
382950,reward,3639,286.9449829763411,285.227,SF-P3O,Walker2d-v4,4
383071,reward,3640,231.93850943740776,281.652,SF-P3O,Walker2d-v4,4
383225,reward,3641,277.78441884130433,269.106,SF-P3O,Walker2d-v4,4
383346,reward,3642,232.3611816932269,263.648,SF-P3O,Walker2d-v4,4
383487,reward,3643,261.01703471680304,258.525,SF-P3O,Walker2d-v4,4
383587,reward,3644,205.98051961951177,257.993,SF-P3O,Walker2d-v4,4
383775,reward,3645,318.4391948318959,262.253,SF-P3O,Walker2d-v4,4
383909,reward,3646,255.1008704900266,269.91,SF-P3O,Walker2d-v4,4
384036,reward,3647,231.36425397791285,257.345,SF-P3O,Walker2d-v4,4
384153,reward,3648,223.01288531267704,252.394,SF-P3O,Walker2d-v4,4
384303,reward,3649,273.73895446319716,251.074,SF-P3O,Walker2d-v4,4
384528,reward,3650,359.01838251516375,263.782,SF-P3O,Walker2d-v4,4
384641,reward,3651,228.2544930570004,258.829,SF-P3O,Walker2d-v4,4
384784,reward,3652,289.48905419668625,264.542,SF-P3O,Walker2d-v4,4
384925,reward,3653,266.64046407047795,265.104,SF-P3O,Walker2d-v4,4
385024,loss,-0.03822566941380501,0.6929166316986084,SF-P3O,Walker2d-v4,4
385217,reward,3654,410.6300529677617,285.569,SF-P3O,Walker2d-v4,4
385324,reward,3655,193.49527071084825,273.074,SF-P3O,Walker2d-v4,4
385414,reward,3656,175.6868494014488,265.133,SF-P3O,Walker2d-v4,4
385534,reward,3657,232.79744287691102,265.276,SF-P3O,Walker2d-v4,4
385661,reward,3658,242.63712704948088,267.239,SF-P3O,Walker2d-v4,4
385784,reward,3659,231.76447052360314,263.041,SF-P3O,Walker2d-v4,4
385890,reward,3660,213.32816673922144,248.472,SF-P3O,Walker2d-v4,4
386023,reward,3661,245.23056582075583,250.17,SF-P3O,Walker2d-v4,4
386207,reward,3662,314.10587161413537,252.632,SF-P3O,Walker2d-v4,4
386353,reward,3663,267.2710342106719,252.695,SF-P3O,Walker2d-v4,4
386459,reward,3664,215.81057166435986,233.213,SF-P3O,Walker2d-v4,4
386586,reward,3665,256.0231114435663,239.466,SF-P3O,Walker2d-v4,4
386851,reward,3666,432.6276458290734,265.16,SF-P3O,Walker2d-v4,4
386964,reward,3667,213.32435091957484,263.212,SF-P3O,Walker2d-v4,4
387193,reward,3668,378.7436868319485,276.823,SF-P3O,Walker2d-v4,4
387326,reward,3669,254.43058534853364,279.09,SF-P3O,Walker2d-v4,4
387446,reward,3670,238.4200431901488,281.599,SF-P3O,Walker2d-v4,4
387650,reward,3671,334.46512757671746,290.522,SF-P3O,Walker2d-v4,4
387766,reward,3672,210.37702227935043,280.149,SF-P3O,Walker2d-v4,4
387983,reward,3673,344.69963916219564,287.892,SF-P3O,Walker2d-v4,4
388107,reward,3674,233.50845958261726,289.662,SF-P3O,Walker2d-v4,4
388245,reward,3675,266.09697644901416,290.669,SF-P3O,Walker2d-v4,4
388369,reward,3676,234.81989223638575,270.889,SF-P3O,Walker2d-v4,4
388508,reward,3677,252.61805649307746,274.818,SF-P3O,Walker2d-v4,4
388670,reward,3678,300.35794432143837,266.979,SF-P3O,Walker2d-v4,4
388864,reward,3679,305.7231921612651,272.109,SF-P3O,Walker2d-v4,4
388994,reward,3680,252.9779188231793,273.564,SF-P3O,Walker2d-v4,4
389145,reward,3681,262.6825314387535,266.386,SF-P3O,Walker2d-v4,4
389260,reward,3682,210.84212754824466,266.433,SF-P3O,Walker2d-v4,4
389508,reward,3683,372.7282711806155,269.236,SF-P3O,Walker2d-v4,4
389662,reward,3684,294.27013200807227,275.312,SF-P3O,Walker2d-v4,4
389822,reward,3685,306.543940610713,279.356,SF-P3O,Walker2d-v4,4
390000,speed,631.35,10.87,SF-P3O,Walker2d-v4,4
390001,spectral,0.049182,0.953347,0.8561,SF-P3O,Walker2d-v4,4
390061,reward,3686,363.0493999161712,292.179,SF-P3O,Walker2d-v4,4
390185,reward,3687,245.65201163725789,291.483,SF-P3O,Walker2d-v4,4
390276,reward,3688,165.99123669417168,278.046,SF-P3O,Walker2d-v4,4
390410,reward,3689,245.42252797921535,272.016,SF-P3O,Walker2d-v4,4
390546,reward,3690,263.1709296785017,273.035,SF-P3O,Walker2d-v4,4
390673,reward,3691,243.28322973911108,271.095,SF-P3O,Walker2d-v4,4
390785,reward,3692,220.32712814740557,272.044,SF-P3O,Walker2d-v4,4
390923,reward,3693,274.298453447581,262.201,SF-P3O,Walker2d-v4,4
391172,reward,3694,379.16018301386447,270.69,SF-P3O,Walker2d-v4,4
391248,reward,3695,139.14202813049434,253.95,SF-P3O,Walker2d-v4,4
391384,reward,3696,256.8406102580353,243.329,SF-P3O,Walker2d-v4,4
391517,reward,3697,259.30687507864593,244.694,SF-P3O,Walker2d-v4,4
391650,reward,3698,256.8721243485775,253.782,SF-P3O,Walker2d-v4,4
391787,reward,3699,262.1682796847811,255.457,SF-P3O,Walker2d-v4,4
391931,reward,3700,265.09128200015823,255.649,SF-P3O,Walker2d-v4,4
392074,reward,3701,264.02102304133433,257.723,SF-P3O,Walker2d-v4,4
392241,reward,3702,278.8180522513562,263.572,SF-P3O,Walker2d-v4,4
392358,reward,3703,236.71115070487122,259.813,SF-P3O,Walker2d-v4,4
392504,reward,3704,256.501796007756,247.547,SF-P3O,Walker2d-v4,4
392650,reward,3705,287.5007284627894,262.383,SF-P3O,Walker2d-v4,4
392815,reward,3706,293.47368028326696,266.046,SF-P3O,Walker2d-v4,4
393006,reward,3707,328.4966268819546,272.965,SF-P3O,Walker2d-v4,4
393106,reward,3708,205.77072186123618,267.855,SF-P3O,Walker2d-v4,4
393216,loss,-0.03436671569943428,0.980086624622345,SF-P3O,Walker2d-v4,4
393216,diagnostics,0.0,61.42,61.7485,0.050007,0.953116,0.8862,0.118717,SF-P3O,Walker2d-v4,4
393269,reward,3709,284.20658323812415,270.059,SF-P3O,Walker2d-v4,4
393370,reward,3710,199.40860898858395,263.491,SF-P3O,Walker2d-v4,4
393510,reward,3711,253.92752347890553,262.482,SF-P3O,Walker2d-v4,4
393643,reward,3712,231.35201885093298,257.735,SF-P3O,Walker2d-v4,4
393743,reward,3713,198.902058093765,253.954,SF-P3O,Walker2d-v4,4
393897,reward,3714,268.3317560327197,255.137,SF-P3O,Walker2d-v4,4
394034,reward,3715,257.13658536812716,252.101,SF-P3O,Walker2d-v4,4
394302,reward,3716,139.6116385220384,236.714,SF-P3O,Walker2d-v4,4
394446,reward,3717,269.6647766137864,230.831,SF-P3O,Walker2d-v4,4
394521,reward,3718,147.25916423775908,224.98,SF-P3O,Walker2d-v4,4
394631,reward,3719,221.8372716419557,218.743,SF-P3O,Walker2d-v4,4
394795,reward,3720,307.94806940880926,229.597,SF-P3O,Walker2d-v4,4
395029,reward,3721,367.6780153686672,240.972,SF-P3O,Walker2d-v4,4
395152,reward,3722,235.4427672117557,241.381,SF-P3O,Walker2d-v4,4
395260,reward,3723,210.8309478757652,242.574,SF-P3O,Walker2d-v4,4
395397,reward,3724,253.9296553949076,241.134,SF-P3O,Walker2d-v4,4
395543,reward,3725,261.9890193639372,241.619,SF-P3O,Walker2d-v4,4
395643,reward,3726,193.93330055821303,247.051,SF-P3O,Walker2d-v4,4
395754,reward,3727,209.3710343659363,241.022,SF-P3O,Walker2d-v4,4
395935,reward,3728,316.9742595914674,257.993,SF-P3O,Walker2d-v4,4
396075,reward,3729,282.3326222213088,264.043,SF-P3O,Walker2d-v4,4
396167,reward,3730,162.1867941921049,249.467,SF-P3O,Walker2d-v4,4
396296,reward,3731,239.78815930365764,236.678,SF-P3O,Walker2d-v4,4
396450,reward,3732,290.85647562159016,242.219,SF-P3O,Walker2d-v4,4
396734,reward,3733,147.14744774229345,235.851,SF-P3O,Walker2d-v4,4
396892,reward,3734,285.05594727771734,238.964,SF-P3O,Walker2d-v4,4
397032,reward,3735,271.7309002128722,239.938,SF-P3O,Walker2d-v4,4
397152,reward,3736,244.3191027989338,244.976,SF-P3O,Walker2d-v4,4
397248,reward,3737,195.39352632788874,243.579,SF-P3O,Walker2d-v4,4
397367,reward,3738,231.50438535485867,235.032,SF-P3O,Walker2d-v4,4
397516,reward,3739,275.96226769918763,234.395,SF-P3O,Walker2d-v4,4
397655,reward,3740,267.34198820858995,244.91,SF-P3O,Walker2d-v4,4
397762,reward,3741,210.5873063406304,241.99,SF-P3O,Walker2d-v4,4
397896,reward,3742,256.67023664110536,238.571,SF-P3O,Walker2d-v4,4
398025,reward,3743,241.12529431436087,247.969,SF-P3O,Walker2d-v4,4
398127,reward,3744,203.12077573774056,239.776,SF-P3O,Walker2d-v4,4
398269,reward,3745,268.71707079182636,239.474,SF-P3O,Walker2d-v4,4
398460,reward,3746,290.0362849500618,244.046,SF-P3O,Walker2d-v4,4
398610,reward,3747,287.23868613267274,253.23,SF-P3O,Walker2d-v4,4
398744,reward,3748,256.36276080970947,255.716,SF-P3O,Walker2d-v4,4
398897,reward,3749,287.61913305550684,256.882,SF-P3O,Walker2d-v4,4
399033,reward,3750,262.9736134417797,256.445,SF-P3O,Walker2d-v4,4
399173,reward,3751,269.4758260304695,262.334,SF-P3O,Walker2d-v4,4
399334,reward,3752,283.07622377954806,264.975,SF-P3O,Walker2d-v4,4
399456,reward,3753,231.63876304552008,264.026,SF-P3O,Walker2d-v4,4
399592,reward,3754,264.4152124393989,270.155,SF-P3O,Walker2d-v4,4
399736,reward,3755,261.2542643953327,269.409,SF-P3O,Walker2d-v4,4
399871,reward,3756,239.9002135500872,264.395,SF-P3O,Walker2d-v4,4
399998,reward,3757,246.461487265085,260.318,SF-P3O,Walker2d-v4,4
400000,speed,621.61,11.14,SF-P3O,Walker2d-v4,4
400001,perturb,0.050007,0.953116,0.8862,351,423,0.0,1,SF-P3O,Walker2d-v4,4
400143,reward,3758,263.20724678908783,261.002,SF-P3O,Walker2d-v4,4
400326,reward,3759,309.68182610989476,263.208,SF-P3O,Walker2d-v4,4
400427,reward,3760,188.55270067056472,255.766,SF-P3O,Walker2d-v4,4
400544,reward,3761,229.74946242836523,251.794,SF-P3O,Walker2d-v4,4
400702,reward,3762,280.63439211077076,251.55,SF-P3O,Walker2d-v4,4
400805,reward,3763,204.06732707783314,248.792,SF-P3O,Walker2d-v4,4
400910,reward,3764,205.8081248011753,242.932,SF-P3O,Walker2d-v4,4
401038,reward,3765,253.39494309678682,242.146,SF-P3O,Walker2d-v4,4
401177,reward,3766,255.41031257554388,243.697,SF-P3O,Walker2d-v4,4
401300,reward,3767,234.3918055701901,242.49,SF-P3O,Walker2d-v4,4
401408,loss,-0.06454931199550629,0.6102137565612793,SF-P3O,Walker2d-v4,4
401452,reward,3768,255.328633808275,241.702,SF-P3O,Walker2d-v4,4
401589,reward,3769,274.1174675919918,238.146,SF-P3O,Walker2d-v4,4
401715,reward,3770,255.81928859264036,244.872,SF-P3O,Walker2d-v4,4
401879,reward,3771,294.74528102601874,251.372,SF-P3O,Walker2d-v4,4
401999,reward,3772,222.82415972601936,245.591,SF-P3O,Walker2d-v4,4
402148,reward,3773,293.663958769797,254.55,SF-P3O,Walker2d-v4,4
402267,reward,3774,246.8957513614858,258.659,SF-P3O,Walker2d-v4,4
402423,reward,3775,283.79546544367895,261.699,SF-P3O,Walker2d-v4,4
402636,reward,3776,351.0097136979445,271.259,SF-P3O,Walker2d-v4,4
402863,reward,3777,355.9365236295145,283.414,SF-P3O,Walker2d-v4,4
402989,reward,3778,237.92633791969354,281.673,SF-P3O,Walker2d-v4,4
403094,reward,3779,217.2310230648932,275.985,SF-P3O,Walker2d-v4,4
403191,reward,3780,191.29762283628892,269.533,SF-P3O,Walker2d-v4,4
403299,reward,3781,203.6502110361558,260.423,SF-P3O,Walker2d-v4,4
403477,reward,3782,317.0381474903933,269.844,SF-P3O,Walker2d-v4,4
403609,reward,3783,256.05637770194505,266.084,SF-P3O,Walker2d-v4,4
403929,reward,3784,465.6245398871817,287.957,SF-P3O,Walker2d-v4,4
404045,reward,3785,218.4863571022097,281.426,SF-P3O,Walker2d-v4,4
404252,reward,3786,336.5793581242249,279.983,SF-P3O,Walker2d-v4,4
404351,reward,3787,187.22996888016388,263.112,SF-P3O,Walker2d-v4,4
404486,reward,3788,265.8961517448926,265.909,SF-P3O,Walker2d-v4,4
404601,reward,3789,231.95176671083354,267.381,SF-P3O,Walker2d-v4,4
404740,reward,3790,268.347234603353,275.086,SF-P3O,Walker2d-v4,4
404869,reward,3791,270.2976906890171,281.751,SF-P3O,Walker2d-v4,4
405034,reward,3792,301.3382950975957,280.181,SF-P3O,Walker2d-v4,4
405161,reward,3793,252.17889584296574,279.793,SF-P3O,Walker2d-v4,4
405312,reward,3794,262.16690398122813,259.447,SF-P3O,Walker2d-v4,4
405429,reward,3795,240.1986856454435,261.618,SF-P3O,Walker2d-v4,4
405539,reward,3796,226.1941399531157,250.58,SF-P3O,Walker2d-v4,4
405686,reward,3797,268.9941587410886,258.756,SF-P3O,Walker2d-v4,4
405879,reward,3798,342.23261004807443,266.39,SF-P3O,Walker2d-v4,4
406014,reward,3799,250.03367608531872,268.198,SF-P3O,Walker2d-v4,4
406118,reward,3800,201.1141689783598,261.475,SF-P3O,Walker2d-v4,4
406279,reward,3801,294.3895117393575,263.884,SF-P3O,Walker2d-v4,4
406386,reward,3802,218.1004923329915,255.56,SF-P3O,Walker2d-v4,4
406501,reward,3803,233.3097763265144,253.673,SF-P3O,Walker2d-v4,4
406657,reward,3804,277.65232007094653,255.222,SF-P3O,Walker2d-v4,4
406800,reward,3805,264.0111630517659,257.603,SF-P3O,Walker2d-v4,4
406936,reward,3806,254.18570129417768,260.402,SF-P3O,Walker2d-v4,4
407066,reward,3807,220.52760646358996,255.556,SF-P3O,Walker2d-v4,4
407164,reward,3808,192.64303471192494,240.597,SF-P3O,Walker2d-v4,4
407299,reward,3809,263.8185390077886,241.975,SF-P3O,Walker2d-v4,4
407424,reward,3810,229.99642078517965,244.863,SF-P3O,Walker2d-v4,4
407557,reward,3811,251.21314052347537,240.546,SF-P3O,Walker2d-v4,4
407681,reward,3812,238.99859591573602,242.636,SF-P3O,Walker2d-v4,4
407982,reward,3813,188.178599747211,238.123,SF-P3O,Walker2d-v4,4
408102,reward,3814,237.81810021121345,234.139,SF-P3O,Walker2d-v4,4
408238,reward,3815,270.19772394712805,234.758,SF-P3O,Walker2d-v4,4
408494,reward,3816,376.37284512101394,246.976,SF-P3O,Walker2d-v4,4
408592,reward,3817,197.3207773577382,244.656,SF-P3O,Walker2d-v4,4
408729,reward,3818,259.07065263905736,251.299,SF-P3O,Walker2d-v4,4
408859,reward,3819,255.81593167799113,250.498,SF-P3O,Walker2d-v4,4
408963,reward,3820,210.45400037517146,248.544,SF-P3O,Walker2d-v4,4
409065,reward,3821,200.97572455590364,243.52,SF-P3O,Walker2d-v4,4
409235,reward,3822,291.71630554716637,248.792,SF-P3O,Walker2d-v4,4
409355,reward,3823,243.68747075116258,254.343,SF-P3O,Walker2d-v4,4
409548,reward,3824,308.76132521445936,261.437,SF-P3O,Walker2d-v4,4
409600,loss,-0.02605448290705681,1.1024924516677856,SF-P3O,Walker2d-v4,4
409600,diagnostics,0.0,61.79,75.2343,0.052035,0.952468,0.9051,0.137013,SF-P3O,Walker2d-v4,4
409668,reward,3825,234.0486758185138,257.822,SF-P3O,Walker2d-v4,4
409791,reward,3826,252.35800291873636,245.421,SF-P3O,Walker2d-v4,4
409916,reward,3827,252.9826306787492,250.987,SF-P3O,Walker2d-v4,4
410000,speed,422.64,11.53,SF-P3O,Walker2d-v4,4
410001,spectral,0.052035,0.952468,0.9051,SF-P3O,Walker2d-v4,4
410058,reward,3828,260.6841136882759,251.148,SF-P3O,Walker2d-v4,4
410160,reward,3829,207.23644226441368,246.29,SF-P3O,Walker2d-v4,4
410296,reward,3830,269.23765300367756,252.169,SF-P3O,Walker2d-v4,4
410407,reward,3831,225.72412753351867,254.644,SF-P3O,Walker2d-v4,4
410520,reward,3832,233.54791199458538,248.827,SF-P3O,Walker2d-v4,4
410680,reward,3833,283.1449419858633,252.773,SF-P3O,Walker2d-v4,4
410857,reward,3834,312.871927439414,253.184,SF-P3O,Walker2d-v4,4
410970,reward,3835,213.0121549526091,251.08,SF-P3O,Walker2d-v4,4
411076,reward,3836,208.06735315971775,246.651,SF-P3O,Walker2d-v4,4
411258,reward,3837,325.6100581957134,253.914,SF-P3O,Walker2d-v4,4
411417,reward,3838,284.3558716924707,256.281,SF-P3O,Walker2d-v4,4
411557,reward,3839,268.3771427739691,262.395,SF-P3O,Walker2d-v4,4
411653,reward,3840,199.58435660282606,255.43,SF-P3O,Walker2d-v4,4
411797,reward,3841,285.5309246774291,261.41,SF-P3O,Walker2d-v4,4
411910,reward,3842,205.544519025759,258.61,SF-P3O,Walker2d-v4,4
412039,reward,3843,253.97113038166088,255.693,SF-P3O,Walker2d-v4,4
412150,reward,3844,226.59652419845256,247.065,SF-P3O,Walker2d-v4,4
412277,reward,3845,267.6825699979647,252.532,SF-P3O,Walker2d-v4,4
412438,reward,3846,304.25139539660876,262.15,SF-P3O,Walker2d-v4,4
412579,reward,3847,277.36520726244396,257.326,SF-P3O,Walker2d-v4,4
412699,reward,3848,228.31637762494577,251.722,SF-P3O,Walker2d-v4,4
412836,reward,3849,252.21545198070012,250.106,SF-P3O,Walker2d-v4,4
412994,reward,3850,290.52965486006866,259.2,SF-P3O,Walker2d-v4,4
413106,reward,3851,221.3214475912744,252.779,SF-P3O,Walker2d-v4,4
413262,reward,3852,289.6280170796793,261.188,SF-P3O,Walker2d-v4,4
413390,reward,3853,260.8196263594792,261.873,SF-P3O,Walker2d-v4,4
413524,reward,3854,246.7508225495248,263.888,SF-P3O,Walker2d-v4,4
413626,reward,3855,196.4873329170606,256.769,SF-P3O,Walker2d-v4,4
413758,reward,3856,251.12686762125534,251.456,SF-P3O,Walker2d-v4,4
413924,reward,3857,303.7468696365876,254.094,SF-P3O,Walker2d-v4,4
414004,reward,3858,142.33890861528704,245.496,SF-P3O,Walker2d-v4,4
414145,reward,3859,254.36370400834375,245.711,SF-P3O,Walker2d-v4,4
414296,reward,3860,305.1613875795356,247.174,SF-P3O,Walker2d-v4,4
414470,reward,3861,287.93490327109174,253.836,SF-P3O,Walker2d-v4,4
414603,reward,3862,245.21711442319815,249.395,SF-P3O,Walker2d-v4,4
414745,reward,3863,276.2331004107961,250.936,SF-P3O,Walker2d-v4,4
414878,reward,3864,254.35063786934742,251.696,SF-P3O,Walker2d-v4,4
415017,reward,3865,269.092906584446,258.957,SF-P3O,Walker2d-v4,4
415165,reward,3866,278.90199746925083,261.734,SF-P3O,Walker2d-v4,4
415416,reward,3867,406.9973313164867,272.059,SF-P3O,Walker2d-v4,4
415540,reward,3868,236.54312663023765,281.48,SF-P3O,Walker2d-v4,4
415667,reward,3869,258.3083652406364,281.874,SF-P3O,Walker2d-v4,4
415812,reward,3870,269.2344591805394,278.281,SF-P3O,Walker2d-v4,4
415908,reward,3871,199.98187730257175,269.486,SF-P3O,Walker2d-v4,4
416048,reward,3872,271.32383156660575,272.097,SF-P3O,Walker2d-v4,4
416250,reward,3873,343.4477011709012,278.818,SF-P3O,Walker2d-v4,4
416389,reward,3874,276.92068701889616,281.075,SF-P3O,Walker2d-v4,4
416559,reward,3875,299.2220603433317,284.088,SF-P3O,Walker2d-v4,4
416675,reward,3876,212.98449497303065,277.496,SF-P3O,Walker2d-v4,4
416793,reward,3877,239.19755390702443,260.716,SF-P3O,Walker2d-v4,4
416921,reward,3878,245.51745155792534,261.614,SF-P3O,Walker2d-v4,4
417018,reward,3879,189.9491544745557,254.778,SF-P3O,Walker2d-v4,4
417154,reward,3880,266.5161967239671,254.506,SF-P3O,Walker2d-v4,4
417369,reward,3881,357.03639924039624,270.212,SF-P3O,Walker2d-v4,4
417467,reward,3882,207.945506897397,263.874,SF-P3O,Walker2d-v4,4
417589,reward,3883,240.62526556297357,253.591,SF-P3O,Walker2d-v4,4
417710,reward,3884,210.28302337771873,246.928,SF-P3O,Walker2d-v4,4
417792,loss,-0.09553346037864685,0.6153028011322021,SF-P3O,Walker2d-v4,4
417827,reward,3885,221.53405664718463,239.159,SF-P3O,Walker2d-v4,4
417963,reward,3886,262.074141204256,244.068,SF-P3O,Walker2d-v4,4
418121,reward,3887,286.12417102217125,248.761,SF-P3O,Walker2d-v4,4
418252,reward,3888,272.4178533567548,251.451,SF-P3O,Walker2d-v4,4
418437,reward,3889,336.0002537612869,266.056,SF-P3O,Walker2d-v4,4
418610,reward,3890,308.3165699613024,270.236,SF-P3O,Walker2d-v4,4
418739,reward,3891,229.13184865356823,257.445,SF-P3O,Walker2d-v4,4
418877,reward,3892,291.4232485004946,265.793,SF-P3O,Walker2d-v4,4
419061,reward,3893,339.08444677293676,275.639,SF-P3O,Walker2d-v4,4
419180,reward,3894,247.04281873303182,279.315,SF-P3O,Walker2d-v4,4
419285,reward,3895,212.9256149297679,278.454,SF-P3O,Walker2d-v4,4
419393,reward,3896,215.43320716205585,273.79,SF-P3O,Walker2d-v4,4
419486,reward,3897,190.76035321612173,264.254,SF-P3O,Walker2d-v4,4
419650,reward,3898,289.60602514410795,265.972,SF-P3O,Walker2d-v4,4
419750,reward,3899,189.26430496491915,251.299,SF-P3O,Walker2d-v4,4
419893,reward,3900,274.6343099181961,247.931,SF-P3O,Walker2d-v4,4
420000,speed,628.32,11.8,SF-P3O,Walker2d-v4,4
420001,spectral,0.052768,0.952537,0.899,SF-P3O,Walker2d-v4,4
420067,reward,3901,294.92922702991046,254.51,SF-P3O,Walker2d-v4,4
420205,reward,3902,248.20429604657065,250.188,SF-P3O,Walker2d-v4,4
420328,reward,3903,249.94509250626638,241.275,SF-P3O,Walker2d-v4,4
420472,reward,3904,268.4652896074653,243.417,SF-P3O,Walker2d-v4,4
420579,reward,3905,218.23736473581496,243.948,SF-P3O,Walker2d-v4,4
420699,reward,3906,220.38397283437024,244.443,SF-P3O,Walker2d-v4,4
420800,reward,3907,205.03636650024492,245.871,SF-P3O,Walker2d-v4,4
420897,reward,3908,199.16742245763407,236.827,SF-P3O,Walker2d-v4,4
421071,reward,3909,319.9991102178397,249.9,SF-P3O,Walker2d-v4,4
421199,reward,3910,232.85863477235156,245.723,SF-P3O,Walker2d-v4,4
421307,reward,3911,223.98009120841286,238.628,SF-P3O,Walker2d-v4,4
421424,reward,3912,235.17438416203305,237.325,SF-P3O,Walker2d-v4,4
421550,reward,3913,251.63279757233158,237.494,SF-P3O,Walker2d-v4,4
421707,reward,3914,282.62112221331427,238.909,SF-P3O,Walker2d-v4,4
421820,reward,3915,236.90447630023695,240.776,SF-P3O,Walker2d-v4,4
421965,reward,3916,279.6514468347486,246.703,SF-P3O,Walker2d-v4,4
422091,reward,3917,235.4343709854914,249.742,SF-P3O,Walker2d-v4,4
422252,reward,3918,309.1502368099619,260.741,SF-P3O,Walker2d-v4,4
422403,reward,3919,274.60973948174626,256.202,SF-P3O,Walker2d-v4,4
422513,reward,3920,233.82979305465517,256.299,SF-P3O,Walker2d-v4,4
422691,reward,3921,314.14676259756664,265.316,SF-P3O,Walker2d-v4,4
422879,reward,3922,343.91322820450324,276.189,SF-P3O,Walker2d-v4,4
422993,reward,3923,217.96932075622345,272.823,SF-P3O,Walker2d-v4,4
423164,reward,3924,318.10144499013717,276.371,SF-P3O,Walker2d-v4,4
423303,reward,3925,268.6046390085472,279.541,SF-P3O,Walker2d-v4,4
423450,reward,3926,287.3033328121424,280.306,SF-P3O,Walker2d-v4,4
423585,reward,3927,240.0730473832954,280.77,SF-P3O,Walker2d-v4,4
423767,reward,3928,332.1139179423763,283.067,SF-P3O,Walker2d-v4,4
423898,reward,3929,252.10838855374226,280.816,SF-P3O,Walker2d-v4,4
424068,reward,3930,305.69109900669116,288.003,SF-P3O,Walker2d-v4,4
424199,reward,3931,272.1495903623929,283.803,SF-P3O,Walker2d-v4,4
424350,reward,3932,291.0303672824817,278.515,SF-P3O,Walker2d-v4,4
424479,reward,3933,248.38639701639457,281.556,SF-P3O,Walker2d-v4,4
424632,reward,3934,308.85410344589155,280.631,SF-P3O,Walker2d-v4,4
424938,reward,3935,442.7807136819379,298.049,SF-P3O,Walker2d-v4,4
425093,reward,3936,283.4776069118689,297.667,SF-P3O,Walker2d-v4,4
425226,reward,3937,271.71706663769953,300.831,SF-P3O,Walker2d-v4,4
425395,reward,3938,323.48106942552243,299.968,SF-P3O,Walker2d-v4,4
425552,reward,3939,269.1339750268475,301.67,SF-P3O,Walker2d-v4,4
425659,reward,3940,210.6147246358542,292.163,SF-P3O,Walker2d-v4,4
425804,reward,3941,277.6192009410928,292.71,SF-P3O,Walker2d-v4,4
425984,loss,-0.04489794373512268,0.9975351095199585,SF-P3O,Walker2d-v4,4
425984,diagnostics,0.0,62.12,65.1152,0.053508,0.952171,0.9086,0.13292,SF-P3O,Walker2d-v4,4
426072,reward,3942,409.3114807155965,304.538,SF-P3O,Walker2d-v4,4
426216,reward,3943,268.8636883859743,306.585,SF-P3O,Walker2d-v4,4
426375,reward,3944,293.1397667721347,305.014,SF-P3O,Walker2d-v4,4
426514,reward,3945,259.3799792734277,286.674,SF-P3O,Walker2d-v4,4
426639,reward,3946,265.62238332151264,284.888,SF-P3O,Walker2d-v4,4
426792,reward,3947,295.3772923822955,287.254,SF-P3O,Walker2d-v4,4
426929,reward,3948,265.9465444010243,281.501,SF-P3O,Walker2d-v4,4
427044,reward,3949,219.25061160376612,276.513,SF-P3O,Walker2d-v4,4
427143,reward,3950,202.2789141525706,275.679,SF-P3O,Walker2d-v4,4
427258,reward,3951,231.47066435425194,271.064,SF-P3O,Walker2d-v4,4
427413,reward,3952,271.59980619408174,257.293,SF-P3O,Walker2d-v4,4
427562,reward,3953,277.85166999171656,258.192,SF-P3O,Walker2d-v4,4
427682,reward,3954,250.08298290672366,253.886,SF-P3O,Walker2d-v4,4
427845,reward,3955,280.10820028719496,255.959,SF-P3O,Walker2d-v4,4
427972,reward,3956,256.1075359278705,255.007,SF-P3O,Walker2d-v4,4
428190,reward,3957,362.35826037863,261.706,SF-P3O,Walker2d-v4,4
428304,reward,3958,249.24645228201743,260.036,SF-P3O,Walker2d-v4,4
428439,reward,3959,276.949075355676,265.805,SF-P3O,Walker2d-v4,4
428543,reward,3960,209.30710035174877,266.508,SF-P3O,Walker2d-v4,4
428660,reward,3961,242.74640843872263,267.636,SF-P3O,Walker2d-v4,4
428777,reward,3962,242.1265228237809,264.688,SF-P3O,Walker2d-v4,4
428897,reward,3963,244.28458749255037,261.332,SF-P3O,Walker2d-v4,4
429016,reward,3964,230.65355420493862,259.389,SF-P3O,Walker2d-v4,4
429149,reward,3965,282.6836496941014,259.646,SF-P3O,Walker2d-v4,4
429317,reward,3966,321.658707697962,266.201,SF-P3O,Walker2d-v4,4
429415,reward,3967,200.6820428692015,250.034,SF-P3O,Walker2d-v4,4
429610,reward,3968,334.6321498861284,258.572,SF-P3O,Walker2d-v4,4
429744,reward,3969,260.94727521096627,256.972,SF-P3O,Walker2d-v4,4
429841,reward,3970,186.0623017244609,254.648,SF-P3O,Walker2d-v4,4
429939,reward,3971,204.63582605779297,250.837,SF-P3O,Walker2d-v4,4
430000,speed,589.12,12.08,SF-P3O,Walker2d-v4,4
430001,spectral,0.053508,0.952171,0.9086,SF-P3O,Walker2d-v4,4
430134,reward,3972,343.75109662397165,260.999,SF-P3O,Walker2d-v4,4
430230,reward,3973,190.75177230161006,255.646,SF-P3O,Walker2d-v4,4
430351,reward,3974,252.02082573405852,257.783,SF-P3O,Walker2d-v4,4
430462,reward,3975,236.22179212289097,253.136,SF-P3O,Walker2d-v4,4
430558,reward,3976,185.47093486154108,239.518,SF-P3O,Walker2d-v4,4
430675,reward,3977,237.4839228668331,243.198,SF-P3O,Walker2d-v4,4
430922,reward,3978,361.09583901047995,245.844,SF-P3O,Walker2d-v4,4
431020,reward,3979,200.92920992823701,239.842,SF-P3O,Walker2d-v4,4
431141,reward,3980,231.32497874077035,244.369,SF-P3O,Walker2d-v4,4
431268,reward,3981,243.66136978731402,248.271,SF-P3O,Walker2d-v4,4
431280,reward,3982,-2.702069598571338,213.626,SF-P3O,Walker2d-v4,4
431402,reward,3983,237.69595410691474,218.32,SF-P3O,Walker2d-v4,4
431519,reward,3984,238.44894463460324,216.963,SF-P3O,Walker2d-v4,4
431689,reward,3985,298.7811070518769,223.219,SF-P3O,Walker2d-v4,4
431812,reward,3986,246.06824209431448,229.279,SF-P3O,Walker2d-v4,4
431970,reward,3987,304.4638470975728,235.977,SF-P3O,Walker2d-v4,4
432096,reward,3988,244.98502666680503,224.366,SF-P3O,Walker2d-v4,4
432294,reward,3989,343.4994016863822,238.623,SF-P3O,Walker2d-v4,4
432405,reward,3990,210.7870401774367,236.569,SF-P3O,Walker2d-v4,4
432532,reward,3991,266.89971741395755,238.893,SF-P3O,Walker2d-v4,4
432636,reward,3992,219.84555969986585,261.147,SF-P3O,Walker2d-v4,4
432777,reward,3993,272.44525997739913,264.622,SF-P3O,Walker2d-v4,4
432876,reward,3994,201.8314540180593,260.961,SF-P3O,Walker2d-v4,4
433028,reward,3995,286.23611326204036,259.706,SF-P3O,Walker2d-v4,4
433186,reward,3996,299.18452896563707,265.018,SF-P3O,Walker2d-v4,4
433267,reward,3997,145.85330870158586,249.157,SF-P3O,Walker2d-v4,4
433389,reward,3998,257.7442350767199,250.433,SF-P3O,Walker2d-v4,4
433608,reward,3999,355.03349552440915,251.586,SF-P3O,Walker2d-v4,4
433716,reward,4000,213.14749115034158,251.822,SF-P3O,Walker2d-v4,4
433825,reward,4001,229.07314935595903,248.039,SF-P3O,Walker2d-v4,4
433951,reward,4002,259.65397829820444,252.02,SF-P3O,Walker2d-v4,4
434094,reward,4003,257.5973935409929,250.536,SF-P3O,Walker2d-v4,4
434176,loss,-0.0583362877368927,0.700813889503479,SF-P3O,Walker2d-v4,4
434192,reward,4004,195.7878777014547,249.931,SF-P3O,Walker2d-v4,4
434296,reward,4005,219.53961564104466,243.262,SF-P3O,Walker2d-v4,4
434512,reward,4006,365.15356203743664,249.858,SF-P3O,Walker2d-v4,4
434646,reward,4007,290.6470129556178,264.338,SF-P3O,Walker2d-v4,4
434737,reward,4008,183.55805836233333,256.919,SF-P3O,Walker2d-v4,4
434826,reward,4009,166.54064684965337,238.07,SF-P3O,Walker2d-v4,4
434960,reward,4010,267.20409228194535,243.476,SF-P3O,Walker2d-v4,4
435125,reward,4011,296.8246351244269,250.251,SF-P3O,Walker2d-v4,4
435239,reward,4012,234.07084961301862,247.692,SF-P3O,Walker2d-v4,4
435367,reward,4013,256.348548211616,247.567,SF-P3O,Walker2d-v4,4
435552,reward,4014,328.2756276194962,260.816,SF-P3O,Walker2d-v4,4
435655,reward,4015,214.66045033947972,260.328,SF-P3O,Walker2d-v4,4
435785,reward,4016,248.97848099778713,248.711,SF-P3O,Walker2d-v4,4
435956,reward,4017,328.43479088558985,252.49,SF-P3O,Walker2d-v4,4
436149,reward,4018,357.6728985605864,269.901,SF-P3O,Walker2d-v4,4
436268,reward,4019,234.48280643667812,276.695,SF-P3O,Walker2d-v4,4
436429,reward,4020,312.7978423260587,281.255,SF-P3O,Walker2d-v4,4
436568,reward,4021,269.62016526545233,278.534,SF-P3O,Walker2d-v4,4
436776,reward,4022,361.8689018485766,291.314,SF-P3O,Walker2d-v4,4
437265,reward,4023,628.5703336982165,328.536,SF-P3O,Walker2d-v4,4
437382,reward,4024,231.88951890669313,318.898,SF-P3O,Walker2d-v4,4
437467,reward,4025,169.77139081517097,314.409,SF-P3O,Walker2d-v4,4
437588,reward,4026,250.3429670854714,314.545,SF-P3O,Walker2d-v4,4
437674,reward,4027,184.71922380858064,300.174,SF-P3O,Walker2d-v4,4
437778,reward,4028,215.07968646183423,285.914,SF-P3O,Walker2d-v4,4
437904,reward,4029,235.00109182622302,285.966,SF-P3O,Walker2d-v4,4
438025,reward,4030,266.72035413888466,281.358,SF-P3O,Walker2d-v4,4
438166,reward,4031,273.5622345768658,281.753,SF-P3O,Walker2d-v4,4
438328,reward,4032,280.8629494741937,273.652,SF-P3O,Walker2d-v4,4
438541,reward,4033,366.8991615995027,247.485,SF-P3O,Walker2d-v4,4
438683,reward,4034,274.2997656838014,251.726,SF-P3O,Walker2d-v4,4
438829,reward,4035,280.9258014095298,262.841,SF-P3O,Walker2d-v4,4
438942,reward,4036,197.1661053507898,257.524,SF-P3O,Walker2d-v4,4
439128,reward,4037,317.41934118059265,270.794,SF-P3O,Walker2d-v4,4
439307,reward,4038,337.1199937542768,282.998,SF-P3O,Walker2d-v4,4
439449,reward,4039,281.8501014937326,287.683,SF-P3O,Walker2d-v4,4
439626,reward,4040,322.2467399385656,293.235,SF-P3O,Walker2d-v4,4
439808,reward,4041,323.3046519433465,298.209,SF-P3O,Walker2d-v4,4
439901,reward,4042,193.09922590042495,289.433,SF-P3O,Walker2d-v4,4
440000,speed,622.19,12.35,SF-P3O,Walker2d-v4,4
440001,spectral,0.054187,0.951814,0.8913,SF-P3O,Walker2d-v4,4
440012,reward,4043,218.111528343217,274.554,SF-P3O,Walker2d-v4,4
440163,reward,4044,303.89570095357885,277.514,SF-P3O,Walker2d-v4,4
440327,reward,4045,304.41682521161215,279.863,SF-P3O,Walker2d-v4,4
440410,reward,4046,152.74006884792746,275.42,SF-P3O,Walker2d-v4,4
440525,reward,4047,245.96916469652788,268.275,SF-P3O,Walker2d-v4,4
440674,reward,4048,281.1628185843738,262.68,SF-P3O,Walker2d-v4,4
440816,reward,4049,278.6788707798136,262.363,SF-P3O,Walker2d-v4,4
440948,reward,4050,269.31197839564953,257.069,SF-P3O,Walker2d-v4,4
441080,reward,4051,254.47945210460628,250.187,SF-P3O,Walker2d-v4,4
441186,reward,4052,196.25018590804598,250.502,SF-P3O,Walker2d-v4,4
441334,reward,4053,292.755652340594,257.966,SF-P3O,Walker2d-v4,4
441450,reward,4054,241.66844011516034,251.743,SF-P3O,Walker2d-v4,4
441535,reward,4055,161.54226445015192,237.456,SF-P3O,Walker2d-v4,4
441773,reward,4056,378.3158266216298,260.013,SF-P3O,Walker2d-v4,4
442026,reward,4057,390.3916601674505,274.456,SF-P3O,Walker2d-v4,4
442202,reward,4058,321.15116563066243,278.455,SF-P3O,Walker2d-v4,4
442328,reward,4059,241.09792831014343,274.696,SF-P3O,Walker2d-v4,4
442368,loss,0.030506283044815063,0.719961404800415,SF-P3O,Walker2d-v4,4
442368,diagnostics,0.0,62.44,49.7674,0.054954,0.951431,0.8886,0.129245,SF-P3O,Walker2d-v4,4
442476,reward,4060,297.63784021592704,277.529,SF-P3O,Walker2d-v4,4
442653,reward,4061,336.8093475682261,285.762,SF-P3O,Walker2d-v4,4
442776,reward,4062,232.05753104991913,289.343,SF-P3O,Walker2d-v4,4
442868,reward,4063,189.32955608837207,279.0,SF-P3O,Walker2d-v4,4
442993,reward,4064,253.26256435176896,280.16,SF-P3O,Walker2d-v4,4
443074,reward,4065,164.93406040237178,280.499,SF-P3O,Walker2d-v4,4
443166,reward,4066,188.38601059200488,261.506,SF-P3O,Walker2d-v4,4
443297,reward,4067,259.7472550831441,248.441,SF-P3O,Walker2d-v4,4
443395,reward,4068,204.8122102269708,236.807,SF-P3O,Walker2d-v4,4
443565,reward,4069,305.1454940662627,243.212,SF-P3O,Walker2d-v4,4
443680,reward,4070,232.81880962635586,236.73,SF-P3O,Walker2d-v4,4
443894,reward,4071,332.3325113322009,236.283,SF-P3O,Walker2d-v4,4
444001,reward,4072,231.28207389630924,236.205,SF-P3O,Walker2d-v4,4
444140,reward,4073,294.4888379184016,246.721,SF-P3O,Walker2d-v4,4
444374,reward,4074,403.7314178288056,261.768,SF-P3O,Walker2d-v4,4
444522,reward,4075,302.591838773291,275.534,SF-P3O,Walker2d-v4,4
444667,reward,4076,273.6845745866247,284.064,SF-P3O,Walker2d-v4,4
444785,reward,4077,244.2690972635137,282.516,SF-P3O,Walker2d-v4,4
444932,reward,4078,291.1438779020351,291.149,SF-P3O,Walker2d-v4,4
445103,reward,4079,310.7532335273704,291.71,SF-P3O,Walker2d-v4,4
445191,reward,4080,193.11164858995127,287.739,SF-P3O,Walker2d-v4,4
445313,reward,4081,266.8260285889203,281.188,SF-P3O,Walker2d-v4,4
445452,reward,4082,275.2968701705897,285.59,SF-P3O,Walker2d-v4,4
445568,reward,4083,220.6621128934164,278.207,SF-P3O,Walker2d-v4,4
445690,reward,4084,260.3525529051458,263.869,SF-P3O,Walker2d-v4,4
445804,reward,4085,253.1475035544532,258.925,SF-P3O,Walker2d-v4,4
445919,reward,4086,242.29512373470902,255.786,SF-P3O,Walker2d-v4,4
446009,reward,4087,168.09304313625745,248.168,SF-P3O,Walker2d-v4,4
446136,reward,4088,273.9641746095963,246.45,SF-P3O,Walker2d-v4,4
446345,reward,4089,307.63679330693714,246.139,SF-P3O,Walker2d-v4,4
446487,reward,4090,276.06078486979555,254.433,SF-P3O,Walker2d-v4,4
446939,reward,4091,526.1041788180937,280.361,SF-P3O,Walker2d-v4,4
447071,reward,4092,258.44839366234504,278.676,SF-P3O,Walker2d-v4,4
447188,reward,4093,263.17449069080334,282.928,SF-P3O,Walker2d-v4,4
447326,reward,4094,290.9094346600282,285.983,SF-P3O,Walker2d-v4,4
447471,reward,4095,279.30379430312047,288.599,SF-P3O,Walker2d-v4,4
447594,reward,4096,254.08319273531453,289.778,SF-P3O,Walker2d-v4,4
447742,reward,4097,293.15121314062884,302.284,SF-P3O,Walker2d-v4,4
447857,reward,4098,251.10946606212343,299.998,SF-P3O,Walker2d-v4,4
447993,reward,4099,275.7688208018999,296.811,SF-P3O,Walker2d-v4,4
448135,reward,4100,296.79211507463276,298.885,SF-P3O,Walker2d-v4,4
448260,reward,4101,261.94816628441123,272.469,SF-P3O,Walker2d-v4,4
448384,reward,4102,252.90728259164737,271.915,SF-P3O,Walker2d-v4,4
448488,reward,4103,223.29424813979242,267.927,SF-P3O,Walker2d-v4,4
448674,reward,4104,346.69445437641366,273.505,SF-P3O,Walker2d-v4,4
448811,reward,4105,288.2480016254574,274.4,SF-P3O,Walker2d-v4,4
448945,reward,4106,296.6348814340417,278.655,SF-P3O,Walker2d-v4,4
449089,reward,4107,272.92575592219754,276.632,SF-P3O,Walker2d-v4,4
449192,reward,4108,216.54204554430055,273.176,SF-P3O,Walker2d-v4,4
449424,reward,4109,363.31327171397896,281.93,SF-P3O,Walker2d-v4,4
449523,reward,4110,202.10920881218277,272.462,SF-P3O,Walker2d-v4,4
449656,reward,4111,287.29311601030645,274.996,SF-P3O,Walker2d-v4,4
449757,reward,4112,201.52802468450602,269.858,SF-P3O,Walker2d-v4,4
449863,reward,4113,204.5275710952455,267.982,SF-P3O,Walker2d-v4,4
449993,reward,4114,252.46677529319473,258.559,SF-P3O,Walker2d-v4,4
450000,speed,620.99,12.62,SF-P3O,Walker2d-v4,4
450001,perturb,0.054954,0.951431,0.8886,342,432,0.0,2,SF-P3O,Walker2d-v4,4
450136,reward,4115,270.30440768205995,256.765,SF-P3O,Walker2d-v4,4
450223,reward,4116,176.2030128358216,244.721,SF-P3O,Walker2d-v4,4
450346,reward,4117,251.51183528151049,242.58,SF-P3O,Walker2d-v4,4
450408,reward,4118,91.98032928209679,230.124,SF-P3O,Walker2d-v4,4
450518,reward,4119,216.1101441876827,215.403,SF-P3O,Walker2d-v4,4
450560,loss,-0.05819280073046684,0.5575166940689087,SF-P3O,Walker2d-v4,4
450614,reward,4120,203.3012373455556,215.523,SF-P3O,Walker2d-v4,4
450743,reward,4121,260.0697436604473,212.8,SF-P3O,Walker2d-v4,4
450919,reward,4122,356.597482046482,228.307,SF-P3O,Walker2d-v4,4
451028,reward,4123,241.5168702718215,232.006,SF-P3O,Walker2d-v4,4
451163,reward,4124,265.53095749542746,233.313,SF-P3O,Walker2d-v4,4
451263,reward,4125,210.94358320280497,227.377,SF-P3O,Walker2d-v4,4
451355,reward,4126,183.7423837209877,228.13,SF-P3O,Walker2d-v4,4
451481,reward,4127,248.18389225066784,227.798,SF-P3O,Walker2d-v4,4
451588,reward,4128,222.24813087643662,240.824,SF-P3O,Walker2d-v4,4
451715,reward,4129,248.17823207129396,244.031,SF-P3O,Walker2d-v4,4
451830,reward,4130,246.3981124339223,248.341,SF-P3O,Walker2d-v4,4
451973,reward,4131,283.73076713169735,250.707,SF-P3O,Walker2d-v4,4
452088,reward,4132,241.55152650581672,239.202,SF-P3O,Walker2d-v4,4
452267,reward,4133,354.83943965919826,250.535,SF-P3O,Walker2d-v4,4
452377,reward,4134,226.53694711113334,246.635,SF-P3O,Walker2d-v4,4
452452,reward,4135,129.66296185640135,238.507,SF-P3O,Walker2d-v4,4
452581,reward,4136,252.24650652319144,245.358,SF-P3O,Walker2d-v4,4
452705,reward,4137,251.58991236988072,245.698,SF-P3O,Walker2d-v4,4
452857,reward,4138,313.6611688079018,254.84,SF-P3O,Walker2d-v4,4
452983,reward,4139,247.96009937339096,254.818,SF-P3O,Walker2d-v4,4
453117,reward,4140,279.07257247367147,258.085,SF-P3O,Walker2d-v4,4
453374,reward,4141,391.4348836930716,268.856,SF-P3O,Walker2d-v4,4
453519,reward,4142,304.1293744665604,275.113,SF-P3O,Walker2d-v4,4
453725,reward,4143,365.16866940296353,276.146,SF-P3O,Walker2d-v4,4
453916,reward,4144,335.67984321548727,287.061,SF-P3O,Walker2d-v4,4
454037,reward,4145,265.4011863142784,300.634,SF-P3O,Walker2d-v4,4
454149,reward,4146,230.68137770750798,298.478,SF-P3O,Walker2d-v4,4
454300,reward,4147,302.04301230356583,303.523,SF-P3O,Walker2d-v4,4
454390,reward,4148,184.03995730821813,290.561,SF-P3O,Walker2d-v4,4
454576,reward,4149,340.415401988051,299.807,SF-P3O,Walker2d-v4,4
454736,reward,4150,315.51201600860486,303.451,SF-P3O,Walker2d-v4,4
454813,reward,4151,151.16237535476185,279.423,SF-P3O,Walker2d-v4,4
454929,reward,4152,248.3300272014247,273.843,SF-P3O,Walker2d-v4,4
455046,reward,4153,227.95718854886385,260.122,SF-P3O,Walker2d-v4,4
455274,reward,4154,396.6814098978198,266.222,SF-P3O,Walker2d-v4,4
455385,reward,4155,236.76231472200286,263.359,SF-P3O,Walker2d-v4,4
455567,reward,4156,329.2645393066423,273.217,SF-P3O,Walker2d-v4,4
455665,reward,4157,207.62982197323458,263.776,SF-P3O,Walker2d-v4,4
455777,reward,4158,240.76262345060073,269.448,SF-P3O,Walker2d-v4,4
455877,reward,4159,191.0786946503005,254.514,SF-P3O,Walker2d-v4,4
455999,reward,4160,268.30269060894284,249.793,SF-P3O,Walker2d-v4,4
456107,reward,4161,245.98983159282054,259.276,SF-P3O,Walker2d-v4,4
456265,reward,4162,318.3924146100471,266.282,SF-P3O,Walker2d-v4,4
456362,reward,4163,221.27864614764385,265.614,SF-P3O,Walker2d-v4,4
456492,reward,4164,262.2146907029117,252.168,SF-P3O,Walker2d-v4,4
456577,reward,4165,163.37777934359104,244.829,SF-P3O,Walker2d-v4,4
456696,reward,4166,253.48590389127926,237.251,SF-P3O,Walker2d-v4,4
456829,reward,4167,273.39234810307346,243.828,SF-P3O,Walker2d-v4,4
456946,reward,4168,247.69169737833602,244.52,SF-P3O,Walker2d-v4,4
457091,reward,4169,277.3284683865974,253.145,SF-P3O,Walker2d-v4,4
457202,reward,4170,220.6092918486721,248.376,SF-P3O,Walker2d-v4,4
457289,reward,4171,160.54930800920616,239.832,SF-P3O,Walker2d-v4,4
457410,reward,4172,252.46015654772296,233.239,SF-P3O,Walker2d-v4,4
457641,reward,4173,410.5828193897768,252.169,SF-P3O,Walker2d-v4,4
457783,reward,4174,308.4771691391821,256.795,SF-P3O,Walker2d-v4,4
457933,reward,4175,268.0018031143237,267.258,SF-P3O,Walker2d-v4,4
458035,reward,4176,212.51460250744597,263.161,SF-P3O,Walker2d-v4,4
458142,reward,4177,225.87582260942403,258.409,SF-P3O,Walker2d-v4,4
458249,reward,4178,227.52703534831326,256.393,SF-P3O,Walker2d-v4,4
458365,reward,4179,258.5478814506853,254.515,SF-P3O,Walker2d-v4,4
458466,reward,4180,222.56342098331936,254.71,SF-P3O,Walker2d-v4,4
458562,reward,4181,184.02143994339878,257.057,SF-P3O,Walker2d-v4,4
458697,reward,4182,265.04820438101234,258.316,SF-P3O,Walker2d-v4,4
458752,loss,-0.13482573628425598,0.7213723063468933,SF-P3O,Walker2d-v4,4
458752,diagnostics,0.0,62.73,46.9948,0.056322,0.951193,0.8948,0.133295,SF-P3O,Walker2d-v4,4
458804,reward,4183,196.72408116994546,236.93,SF-P3O,Walker2d-v4,4
458898,reward,4184,184.06566497439798,224.489,SF-P3O,Walker2d-v4,4
459053,reward,4185,330.1178280498501,230.701,SF-P3O,Walker2d-v4,4
459133,reward,4186,148.35197160134393,224.284,SF-P3O,Walker2d-v4,4
459333,reward,4187,364.2476922644898,238.122,SF-P3O,Walker2d-v4,4
459517,reward,4188,327.51984564067465,248.121,SF-P3O,Walker2d-v4,4
459665,reward,4189,297.99887475541334,252.066,SF-P3O,Walker2d-v4,4
459830,reward,4190,326.6379091630616,262.473,SF-P3O,Walker2d-v4,4
459963,reward,4191,269.7012050613923,271.041,SF-P3O,Walker2d-v4,4
460000,speed,423.59,13.01,SF-P3O,Walker2d-v4,4
460001,spectral,0.056322,0.951193,0.8948,SF-P3O,Walker2d-v4,4
460094,reward,4192,293.49772308829625,273.886,SF-P3O,Walker2d-v4,4
460208,reward,4193,248.7757228332554,279.091,SF-P3O,Walker2d-v4,4
460361,reward,4194,297.3597966068019,290.421,SF-P3O,Walker2d-v4,4
460470,reward,4195,231.23578809459423,280.533,SF-P3O,Walker2d-v4,4
460606,reward,4196,284.3575391051954,294.133,SF-P3O,Walker2d-v4,4
460738,reward,4197,270.9160189976494,284.8,SF-P3O,Walker2d-v4,4
460870,reward,4198,278.6720333117319,279.915,SF-P3O,Walker2d-v4,4
461001,reward,4199,285.91840480655446,278.707,SF-P3O,Walker2d-v4,4
461153,reward,4200,299.65937679897274,276.009,SF-P3O,Walker2d-v4,4
461279,reward,4201,268.01862015194337,275.841,SF-P3O,Walker2d-v4,4
461399,reward,4202,272.47089072808774,273.738,SF-P3O,Walker2d-v4,4
461522,reward,4203,257.7016962659446,274.631,SF-P3O,Walker2d-v4,4
461629,reward,4204,218.01567770497542,266.697,SF-P3O,Walker2d-v4,4
461761,reward,4205,263.72076808863653,269.945,SF-P3O,Walker2d-v4,4
461955,reward,4206,331.616408705113,274.671,SF-P3O,Walker2d-v4,4
462072,reward,4207,230.31500607351563,270.611,SF-P3O,Walker2d-v4,4
462239,reward,4208,323.7901326521425,275.123,SF-P3O,Walker2d-v4,4
462404,reward,4209,313.68728495227475,277.9,SF-P3O,Walker2d-v4,4
462530,reward,4210,260.1911053119177,273.953,SF-P3O,Walker2d-v4,4
462676,reward,4211,298.15218677941505,276.966,SF-P3O,Walker2d-v4,4
462822,reward,4212,299.666425814545,279.686,SF-P3O,Walker2d-v4,4
463004,reward,4213,352.6610218515339,289.182,SF-P3O,Walker2d-v4,4
463156,reward,4214,313.32090798819695,298.712,SF-P3O,Walker2d-v4,4
463239,reward,4215,158.6998250501552,288.21,SF-P3O,Walker2d-v4,4
463345,reward,4216,220.8975424707735,277.138,SF-P3O,Walker2d-v4,4
463467,reward,4217,278.09600622730625,281.916,SF-P3O,Walker2d-v4,4
463605,reward,4218,278.6250915819922,277.4,SF-P3O,Walker2d-v4,4
463710,reward,4219,213.28617462198156,267.36,SF-P3O,Walker2d-v4,4
463843,reward,4220,266.7860766441415,268.019,SF-P3O,Walker2d-v4,4
463970,reward,4221,282.7498034966527,266.479,SF-P3O,Walker2d-v4,4
464092,reward,4222,238.81782195958934,260.394,SF-P3O,Walker2d-v4,4
464211,reward,4223,251.5226363980358,250.28,SF-P3O,Walker2d-v4,4
464371,reward,4224,318.5403023106387,250.802,SF-P3O,Walker2d-v4,4
464484,reward,4225,264.38650148088897,261.371,SF-P3O,Walker2d-v4,4
464612,reward,4226,279.7924702402159,267.26,SF-P3O,Walker2d-v4,4
464696,reward,4227,151.10242759422405,254.561,SF-P3O,Walker2d-v4,4
464809,reward,4228,252.70748236949572,251.969,SF-P3O,Walker2d-v4,4
464911,reward,4229,211.75972167274128,251.817,SF-P3O,Walker2d-v4,4
465053,reward,4230,255.91108386570062,250.729,SF-P3O,Walker2d-v4,4
465225,reward,4231,296.84468788853303,252.139,SF-P3O,Walker2d-v4,4
465349,reward,4232,272.1456946038493,255.471,SF-P3O,Walker2d-v4,4
465462,reward,4233,213.605102186222,251.68,SF-P3O,Walker2d-v4,4
465601,reward,4234,275.9335245696382,247.419,SF-P3O,Walker2d-v4,4
465806,reward,4235,379.8470511643414,258.965,SF-P3O,Walker2d-v4,4
465945,reward,4236,276.541132996422,258.64,SF-P3O,Walker2d-v4,4
466061,reward,4237,238.9197162820052,267.422,SF-P3O,Walker2d-v4,4
466305,reward,4238,402.51122868255936,282.402,SF-P3O,Walker2d-v4,4
466436,reward,4239,276.3227745369112,288.858,SF-P3O,Walker2d-v4,4
466633,reward,4240,331.6561232383228,296.433,SF-P3O,Walker2d-v4,4
466765,reward,4241,289.84946206461717,295.733,SF-P3O,Walker2d-v4,4
466887,reward,4242,262.40041726976614,294.759,SF-P3O,Walker2d-v4,4
466944,loss,0.005814958363771439,0.8881416320800781,SF-P3O,Walker2d-v4,4
466989,reward,4243,223.34177353800013,295.732,SF-P3O,Walker2d-v4,4
467133,reward,4244,293.15581499225505,297.455,SF-P3O,Walker2d-v4,4
467237,reward,4245,212.87079358715394,280.757,SF-P3O,Walker2d-v4,4
467354,reward,4246,243.70551403723402,277.473,SF-P3O,Walker2d-v4,4
467454,reward,4247,206.5663289329266,274.238,SF-P3O,Walker2d-v4,4
467595,reward,4248,302.8235374200175,264.269,SF-P3O,Walker2d-v4,4
467703,reward,4249,242.61815584375938,260.899,SF-P3O,Walker2d-v4,4
467925,reward,4250,378.64992661902073,265.598,SF-P3O,Walker2d-v4,4
468075,reward,4251,312.65645611595966,267.879,SF-P3O,Walker2d-v4,4
468158,reward,4252,170.2682738863904,258.666,SF-P3O,Walker2d-v4,4
468286,reward,4253,263.6871699380588,262.7,SF-P3O,Walker2d-v4,4
468378,reward,4254,196.02847827950055,252.987,SF-P3O,Walker2d-v4,4
468502,reward,4255,257.05828250254734,257.406,SF-P3O,Walker2d-v4,4
468592,reward,4256,169.04421952684544,249.94,SF-P3O,Walker2d-v4,4
468734,reward,4257,276.4448404684279,256.928,SF-P3O,Walker2d-v4,4
468838,reward,4258,227.9068780170305,249.436,SF-P3O,Walker2d-v4,4
468992,reward,4259,320.3447688529971,257.209,SF-P3O,Walker2d-v4,4
469094,reward,4260,225.0557875716958,241.85,SF-P3O,Walker2d-v4,4
469230,reward,4261,245.2662391320226,235.11,SF-P3O,Walker2d-v4,4
469385,reward,4262,324.02254488129046,250.486,SF-P3O,Walker2d-v4,4
469494,reward,4263,233.61353120439946,247.479,SF-P3O,Walker2d-v4,4
469611,reward,4264,258.0953264792019,253.685,SF-P3O,Walker2d-v4,4
469688,reward,4265,137.7922468080401,241.759,SF-P3O,Walker2d-v4,4
469805,reward,4266,243.42243460674646,249.196,SF-P3O,Walker2d-v4,4
469946,reward,4267,293.46702867973966,250.899,SF-P3O,Walker2d-v4,4
470000,speed,631.93,13.27,SF-P3O,Walker2d-v4,4
470001,spectral,0.056961,0.951262,0.9042,SF-P3O,Walker2d-v4,4
470089,reward,4268,300.51880125244503,258.16,SF-P3O,Walker2d-v4,4
470205,reward,4269,233.71112068055598,249.497,SF-P3O,Walker2d-v4,4
470372,reward,4270,299.75943915326604,256.967,SF-P3O,Walker2d-v4,4
470489,reward,4271,247.43532870979686,257.184,SF-P3O,Walker2d-v4,4
470632,reward,4272,299.2464032957952,254.706,SF-P3O,Walker2d-v4,4
470731,reward,4273,207.24692419774522,252.07,SF-P3O,Walker2d-v4,4
470877,reward,4274,291.4541396759013,255.405,SF-P3O,Walker2d-v4,4
470962,reward,4275,171.93964811328703,258.82,SF-P3O,Walker2d-v4,4
471062,reward,4276,205.72696882773272,255.051,SF-P3O,Walker2d-v4,4
471159,reward,4277,197.39679514509368,245.444,SF-P3O,Walker2d-v4,4
471323,reward,4278,344.2893042051274,249.821,SF-P3O,Walker2d-v4,4
471467,reward,4279,277.9462481591314,254.244,SF-P3O,Walker2d-v4,4
471598,reward,4280,282.27626734098226,252.496,SF-P3O,Walker2d-v4,4
471738,reward,4281,296.43476835968806,257.396,SF-P3O,Walker2d-v4,4
471887,reward,4282,301.1476335378684,257.586,SF-P3O,Walker2d-v4,4
472066,reward,4283,340.0333748780698,270.865,SF-P3O,Walker2d-v4,4
472175,reward,4284,237.99258052608997,265.518,SF-P3O,Walker2d-v4,4
472309,reward,4285,296.13536699451686,277.938,SF-P3O,Walker2d-v4,4
472421,reward,4286,241.58972807979802,281.524,SF-P3O,Walker2d-v4,4
472574,reward,4287,326.0082479735116,294.385,SF-P3O,Walker2d-v4,4
472716,reward,4288,283.8027228312958,288.337,SF-P3O,Walker2d-v4,4
472870,reward,4289,317.7175180300219,292.314,SF-P3O,Walker2d-v4,4
473007,reward,4290,272.4893376158751,291.335,SF-P3O,Walker2d-v4,4
473153,reward,4291,321.49787852348453,293.841,SF-P3O,Walker2d-v4,4
473272,reward,4292,230.83286453340307,286.81,SF-P3O,Walker2d-v4,4
473391,reward,4293,235.77116946401898,276.384,SF-P3O,Walker2d-v4,4
473512,reward,4294,256.56058686009646,278.241,SF-P3O,Walker2d-v4,4
473626,reward,4295,239.2730688109602,272.554,SF-P3O,Walker2d-v4,4
473719,reward,4296,176.77289089542077,266.073,SF-P3O,Walker2d-v4,4
473836,reward,4297,233.0944013875587,256.781,SF-P3O,Walker2d-v4,4
473985,reward,4298,297.7281610385228,258.174,SF-P3O,Walker2d-v4,4
474109,reward,4299,247.85210083076376,251.187,SF-P3O,Walker2d-v4,4
474214,reward,4300,226.52782046098193,246.591,SF-P3O,Walker2d-v4,4
474359,reward,4301,296.91920554357216,244.133,SF-P3O,Walker2d-v4,4
474486,reward,4302,266.37641736447847,247.688,SF-P3O,Walker2d-v4,4
474607,reward,4303,246.23937425754468,248.734,SF-P3O,Walker2d-v4,4
474741,reward,4304,283.6014329259858,251.438,SF-P3O,Walker2d-v4,4
474825,reward,4305,175.3106862011419,245.042,SF-P3O,Walker2d-v4,4
474963,reward,4306,287.73058867237665,256.138,SF-P3O,Walker2d-v4,4
475107,reward,4307,287.4691572799241,261.575,SF-P3O,Walker2d-v4,4
475136,loss,-0.03837819769978523,0.7267829775810242,SF-P3O,Walker2d-v4,4
475136,diagnostics,0.0,62.97,38.3212,0.057398,0.951333,0.9204,0.125351,SF-P3O,Walker2d-v4,4
475206,reward,4308,212.46701684194826,253.049,SF-P3O,Walker2d-v4,4
475360,reward,4309,296.573683856668,257.922,SF-P3O,Walker2d-v4,4
475522,reward,4310,316.91789507047656,266.961,SF-P3O,Walker2d-v4,4
475678,reward,4311,307.0833010973444,267.977,SF-P3O,Walker2d-v4,4
475782,reward,4312,207.5895318139143,262.098,SF-P3O,Walker2d-v4,4
475885,reward,4313,214.2834086583905,258.903,SF-P3O,Walker2d-v4,4
475989,reward,4314,221.42259609702273,252.685,SF-P3O,Walker2d-v4,4
476108,reward,4315,266.7311253077025,261.827,SF-P3O,Walker2d-v4,4
476245,reward,4316,274.2629359419969,260.48,SF-P3O,Walker2d-v4,4
476348,reward,4317,200.5033722118895,251.783,SF-P3O,Walker2d-v4,4
476478,reward,4318,269.25845813453213,257.463,SF-P3O,Walker2d-v4,4
476639,reward,4319,324.49168344527004,260.254,SF-P3O,Walker2d-v4,4
476760,reward,4320,239.3885077242791,252.501,SF-P3O,Walker2d-v4,4
476920,reward,4321,298.5730245060451,251.65,SF-P3O,Walker2d-v4,4
477135,reward,4322,392.0906201055069,270.101,SF-P3O,Walker2d-v4,4
477264,reward,4323,243.54529519415775,273.027,SF-P3O,Walker2d-v4,4
477430,reward,4324,340.3159739896228,284.916,SF-P3O,Walker2d-v4,4
477615,reward,4325,394.6555123299336,297.709,SF-P3O,Walker2d-v4,4
477756,reward,4326,257.1225897058135,295.995,SF-P3O,Walker2d-v4,4
477888,reward,4327,298.7164554503597,305.816,SF-P3O,Walker2d-v4,4
478127,reward,4328,358.93548488197445,314.784,SF-P3O,Walker2d-v4,4
478261,reward,4329,266.5387037827336,308.988,SF-P3O,Walker2d-v4,4
478425,reward,4330,348.472136614259,319.897,SF-P3O,Walker2d-v4,4
478601,reward,4331,352.4849430488215,325.288,SF-P3O,Walker2d-v4,4
478738,reward,4332,307.56152061193995,316.835,SF-P3O,Walker2d-v4,4
478871,reward,4333,285.05680140443366,320.986,SF-P3O,Walker2d-v4,4
478963,reward,4334,199.3243446645909,306.887,SF-P3O,Walker2d-v4,4
479043,reward,4335,154.05594486879156,282.827,SF-P3O,Walker2d-v4,4
479168,reward,4336,271.18812784387546,284.233,SF-P3O,Walker2d-v4,4
479296,reward,4337,271.3953548552852,281.501,SF-P3O,Walker2d-v4,4
479492,reward,4338,362.60841164403575,281.869,SF-P3O,Walker2d-v4,4
479595,reward,4339,215.9893895091071,276.814,SF-P3O,Walker2d-v4,4
479727,reward,4340,299.7581043589724,271.942,SF-P3O,Walker2d-v4,4
479858,reward,4341,249.17063819748844,261.611,SF-P3O,Walker2d-v4,4
479998,reward,4342,282.6797923915981,259.123,SF-P3O,Walker2d-v4,4
480000,speed,610.85,13.55,SF-P3O,Walker2d-v4,4
480001,spectral,0.057398,0.951333,0.9204,SF-P3O,Walker2d-v4,4
480122,reward,4343,279.449262180789,258.562,SF-P3O,Walker2d-v4,4
480233,reward,4344,237.4248166955554,262.372,SF-P3O,Walker2d-v4,4
480385,reward,4345,305.19393310830753,277.486,SF-P3O,Walker2d-v4,4
480536,reward,4346,287.88341462505923,279.155,SF-P3O,Walker2d-v4,4
480689,reward,4347,285.6542706641206,280.581,SF-P3O,Walker2d-v4,4
480811,reward,4348,264.42261372976856,270.763,SF-P3O,Walker2d-v4,4
480921,reward,4349,235.096398062742,272.673,SF-P3O,Walker2d-v4,4
481066,reward,4350,311.68673805884447,273.866,SF-P3O,Walker2d-v4,4
481188,reward,4351,256.62319116617874,274.611,SF-P3O,Walker2d-v4,4
481312,reward,4352,263.84482199575115,272.728,SF-P3O,Walker2d-v4,4
481443,reward,4353,271.14951811111814,271.898,SF-P3O,Walker2d-v4,4
481570,reward,4354,246.29379669925964,272.785,SF-P3O,Walker2d-v4,4
481688,reward,4355,257.5246801696747,268.018,SF-P3O,Walker2d-v4,4
481836,reward,4356,290.47964990862954,268.278,SF-P3O,Walker2d-v4,4
481948,reward,4357,237.91134005678873,263.503,SF-P3O,Walker2d-v4,4
482151,reward,4358,344.38925686016074,271.5,SF-P3O,Walker2d-v4,4
482295,reward,4359,297.84818097938387,277.775,SF-P3O,Walker2d-v4,4
482451,reward,4360,304.8121313153813,277.088,SF-P3O,Walker2d-v4,4
482592,reward,4361,274.53910887723646,278.879,SF-P3O,Walker2d-v4,4
482815,reward,4362,339.37455345320365,286.432,SF-P3O,Walker2d-v4,4
482932,reward,4363,259.21756375208,285.239,SF-P3O,Walker2d-v4,4
483062,reward,4364,277.5962619456533,288.369,SF-P3O,Walker2d-v4,4
483187,reward,4365,259.42357264850676,288.559,SF-P3O,Walker2d-v4,4
483311,reward,4366,274.0656929276801,286.918,SF-P3O,Walker2d-v4,4
483328,loss,-0.03117920458316803,0.9970667362213135,SF-P3O,Walker2d-v4,4
483410,reward,4367,191.75491057154397,282.302,SF-P3O,Walker2d-v4,4
483529,reward,4368,223.11874601685864,270.175,SF-P3O,Walker2d-v4,4
483651,reward,4369,247.51777023486932,265.142,SF-P3O,Walker2d-v4,4
483773,reward,4370,274.643720674968,262.125,SF-P3O,Walker2d-v4,4
483885,reward,4371,235.43763761440556,258.215,SF-P3O,Walker2d-v4,4
484014,reward,4372,260.41606725016925,250.319,SF-P3O,Walker2d-v4,4
484107,reward,4373,201.1107010029296,244.509,SF-P3O,Walker2d-v4,4
484249,reward,4374,308.5483791290937,247.604,SF-P3O,Walker2d-v4,4
484365,reward,4375,252.42231459472927,246.904,SF-P3O,Walker2d-v4,4
484509,reward,4376,283.1490708975805,247.812,SF-P3O,Walker2d-v4,4
484689,reward,4377,352.0698211236455,263.843,SF-P3O,Walker2d-v4,4
484842,reward,4378,295.6234843518962,271.094,SF-P3O,Walker2d-v4,4
484987,reward,4379,286.47155228889847,274.989,SF-P3O,Walker2d-v4,4
485139,reward,4380,307.92491304004153,278.317,SF-P3O,Walker2d-v4,4
485256,reward,4381,264.75297485366406,281.249,SF-P3O,Walker2d-v4,4
485362,reward,4382,212.28891480291057,276.436,SF-P3O,Walker2d-v4,4
485486,reward,4383,273.1989446290935,283.645,SF-P3O,Walker2d-v4,4
485587,reward,4384,207.4825237979315,273.538,SF-P3O,Walker2d-v4,4
485727,reward,4385,305.0784200118887,278.804,SF-P3O,Walker2d-v4,4
485858,reward,4386,280.8176102785062,278.571,SF-P3O,Walker2d-v4,4
485960,reward,4387,216.99522277832853,265.063,SF-P3O,Walker2d-v4,4
486108,reward,4388,287.93794794333985,264.295,SF-P3O,Walker2d-v4,4
486239,reward,4389,309.91965589290567,266.64,SF-P3O,Walker2d-v4,4
486401,reward,4390,324.3886730648553,268.286,SF-P3O,Walker2d-v4,4
486537,reward,4391,295.51754983828437,271.363,SF-P3O,Walker2d-v4,4
486731,reward,4392,364.95103616868494,286.629,SF-P3O,Walker2d-v4,4
486903,reward,4393,337.81069260406275,293.09,SF-P3O,Walker2d-v4,4
487004,reward,4394,198.0112710295384,292.143,SF-P3O,Walker2d-v4,4
487128,reward,4395,266.86237992426305,288.321,SF-P3O,Walker2d-v4,4
487221,reward,4396,182.15244523262737,278.455,SF-P3O,Walker2d-v4,4
487373,reward,4397,308.53138299849616,287.608,SF-P3O,Walker2d-v4,4
487469,reward,4398,214.59897200454589,280.274,SF-P3O,Walker2d-v4,4
487571,reward,4399,206.98514031005294,269.981,SF-P3O,Walker2d-v4,4
487755,reward,4400,346.76657377919344,272.219,SF-P3O,Walker2d-v4,4
487843,reward,4401,172.77707014066203,259.945,SF-P3O,Walker2d-v4,4
487982,reward,4402,302.71619921819945,253.721,SF-P3O,Walker2d-v4,4
488130,reward,4403,312.54991644584703,251.195,SF-P3O,Walker2d-v4,4
488238,reward,4404,211.43176109723515,252.537,SF-P3O,Walker2d-v4,4
488343,reward,4405,221.36003096570454,247.987,SF-P3O,Walker2d-v4,4
488485,reward,4406,294.899142026889,259.262,SF-P3O,Walker2d-v4,4
488656,reward,4407,328.6734018117723,261.276,SF-P3O,Walker2d-v4,4
488831,reward,4408,348.98261851993703,274.714,SF-P3O,Walker2d-v4,4
488932,reward,4409,221.22585407305448,276.138,SF-P3O,Walker2d-v4,4
489073,reward,4410,320.1170213956475,273.473,SF-P3O,Walker2d-v4,4
489225,reward,4411,333.86677450180116,289.582,SF-P3O,Walker2d-v4,4
489350,reward,4412,231.04679894358378,282.415,SF-P3O,Walker2d-v4,4
489486,reward,4413,275.0033571670107,278.661,SF-P3O,Walker2d-v4,4
489610,reward,4414,274.39014121745123,284.957,SF-P3O,Walker2d-v4,4
489750,reward,4415,302.7261569952532,293.093,SF-P3O,Walker2d-v4,4
489899,reward,4416,324.3923571417238,296.042,SF-P3O,Walker2d-v4,4
490000,speed,627.93,13.81,SF-P3O,Walker2d-v4,4
490001,spectral,0.057829,0.951395,0.922,SF-P3O,Walker2d-v4,4
490003,reward,4417,226.43059456174882,285.818,SF-P3O,Walker2d-v4,4
490138,reward,4418,290.92816311364146,280.013,SF-P3O,Walker2d-v4,4
490272,reward,4419,259.3573600330102,283.826,SF-P3O,Walker2d-v4,4
490406,reward,4420,258.2395709188447,277.638,SF-P3O,Walker2d-v4,4
490497,reward,4421,189.15111954447877,263.167,SF-P3O,Walker2d-v4,4
490590,reward,4422,200.64283477611403,260.126,SF-P3O,Walker2d-v4,4
490709,reward,4423,251.07328651798454,257.733,SF-P3O,Walker2d-v4,4
490821,reward,4424,231.7701300613979,253.471,SF-P3O,Walker2d-v4,4
490916,reward,4425,202.94458165542642,243.493,SF-P3O,Walker2d-v4,4
491046,reward,4426,268.3771695109217,237.891,SF-P3O,Walker2d-v4,4
491169,reward,4427,243.27158180177975,239.576,SF-P3O,Walker2d-v4,4
491302,reward,4428,266.03082813539834,237.086,SF-P3O,Walker2d-v4,4
491429,reward,4429,274.5493187199998,238.605,SF-P3O,Walker2d-v4,4
491520,loss,-0.03694925457239151,0.5659828186035156,SF-P3O,Walker2d-v4,4
491520,diagnostics,0.0,63.2,22.85,0.058339,0.95126,0.9223,0.122236,SF-P3O,Walker2d-v4,4
491553,reward,4430,258.5630021646147,238.637,SF-P3O,Walker2d-v4,4
491713,reward,4431,328.0607845585319,252.528,SF-P3O,Walker2d-v4,4
491804,reward,4432,210.7643462312777,253.541,SF-P3O,Walker2d-v4,4
491943,reward,4433,302.58608760280777,258.692,SF-P3O,Walker2d-v4,4
492038,reward,4434,210.68933247666783,256.584,SF-P3O,Walker2d-v4,4
492164,reward,4435,294.98883529175924,265.788,SF-P3O,Walker2d-v4,4
492306,reward,4436,268.35412527201976,265.786,SF-P3O,Walker2d-v4,4
492426,reward,4437,259.0440562938164,267.363,SF-P3O,Walker2d-v4,4
492578,reward,4438,320.4546677075785,272.805,SF-P3O,Walker2d-v4,4
492690,reward,4439,257.25943084291197,271.076,SF-P3O,Walker2d-v4,4
492847,reward,4440,315.9501008163044,276.815,SF-P3O,Walker2d-v4,4
492984,reward,4441,294.89462405629615,273.499,SF-P3O,Walker2d-v4,4
493082,reward,4442,207.5233080041696,273.174,SF-P3O,Walker2d-v4,4
493173,reward,4443,181.58244387304907,261.074,SF-P3O,Walker2d-v4,4
493325,reward,4444,321.03830681356635,272.109,SF-P3O,Walker2d-v4,4
493432,reward,4445,238.90711490917082,266.501,SF-P3O,Walker2d-v4,4
493583,reward,4446,310.86237308041177,270.752,SF-P3O,Walker2d-v4,4
493708,reward,4447,237.85216116627498,268.632,SF-P3O,Walker2d-v4,4
493805,reward,4448,205.63033344176887,257.15,SF-P3O,Walker2d-v4,4
493936,reward,4449,258.6539877871404,257.289,SF-P3O,Walker2d-v4,4
494074,reward,4450,275.2072896747173,253.215,SF-P3O,Walker2d-v4,4
494185,reward,4451,243.00642275138162,248.026,SF-P3O,Walker2d-v4,4
494343,reward,4452,312.3332042921238,258.507,SF-P3O,Walker2d-v4,4
494493,reward,4453,315.330266413646,271.882,SF-P3O,Walker2d-v4,4
494643,reward,4454,318.93500599447174,271.672,SF-P3O,Walker2d-v4,4
494761,reward,4455,270.39978101474316,274.821,SF-P3O,Walker2d-v4,4
494881,reward,4456,287.01836239909505,272.437,SF-P3O,Walker2d-v4,4
495011,reward,4457,275.4748356647498,276.199,SF-P3O,Walker2d-v4,4
495132,reward,4458,264.4038751478828,282.076,SF-P3O,Walker2d-v4,4
495230,reward,4459,200.38407681683822,276.249,SF-P3O,Walker2d-v4,4
495371,reward,4460,296.73737375197254,278.402,SF-P3O,Walker2d-v4,4
495477,reward,4461,231.08386302347887,277.21,SF-P3O,Walker2d-v4,4
495622,reward,4462,298.0683749052874,275.784,SF-P3O,Walker2d-v4,4
495779,reward,4463,332.8359005299105,277.534,SF-P3O,Walker2d-v4,4
495886,reward,4464,214.17752131696562,267.058,SF-P3O,Walker2d-v4,4
495998,reward,4465,228.97527310056338,262.916,SF-P3O,Walker2d-v4,4
496187,reward,4466,374.1888533670795,271.633,SF-P3O,Walker2d-v4,4
496308,reward,4467,248.61366558848647,268.947,SF-P3O,Walker2d-v4,4
496436,reward,4468,272.5355533880132,269.76,SF-P3O,Walker2d-v4,4
496591,reward,4469,333.36940691973484,283.059,SF-P3O,Walker2d-v4,4
496746,reward,4470,312.79273022203785,284.664,SF-P3O,Walker2d-v4,4
496900,reward,4471,335.48020144403523,295.104,SF-P3O,Walker2d-v4,4
497033,reward,4472,270.6142203825308,292.358,SF-P3O,Walker2d-v4,4
497187,reward,4473,313.91448419241317,290.466,SF-P3O,Walker2d-v4,4
497323,reward,4474,287.053445238422,297.754,SF-P3O,Walker2d-v4,4
497460,reward,4475,310.7146229709707,305.928,SF-P3O,Walker2d-v4,4
497591,reward,4476,262.5712444711003,294.766,SF-P3O,Walker2d-v4,4
497693,reward,4477,214.00882448023086,291.305,SF-P3O,Walker2d-v4,4
497803,reward,4478,239.51884628060012,288.004,SF-P3O,Walker2d-v4,4
497921,reward,4479,235.91367126723867,278.258,SF-P3O,Walker2d-v4,4
498031,reward,4480,244.30889158038303,271.41,SF-P3O,Walker2d-v4,4
498159,reward,4481,253.64429863286404,263.226,SF-P3O,Walker2d-v4,4
498300,reward,4482,284.22587924964995,264.587,SF-P3O,Walker2d-v4,4
498432,reward,4483,268.05551190835416,260.002,SF-P3O,Walker2d-v4,4
498551,reward,4484,273.2779799632609,258.624,SF-P3O,Walker2d-v4,4
498680,reward,4485,246.5577935099414,252.208,SF-P3O,Walker2d-v4,4
498841,reward,4486,290.3022867219721,254.981,SF-P3O,Walker2d-v4,4
498969,reward,4487,288.6614851613762,262.447,SF-P3O,Walker2d-v4,4
499129,reward,4488,346.4976712784641,273.145,SF-P3O,Walker2d-v4,4
499266,reward,4489,298.13738421034463,279.367,SF-P3O,Walker2d-v4,4
499387,reward,4490,271.94289502887403,282.13,SF-P3O,Walker2d-v4,4
499510,reward,4491,284.271001266813,285.193,SF-P3O,Walker2d-v4,4
499646,reward,4492,287.17298032064065,285.488,SF-P3O,Walker2d-v4,4
499712,loss,-0.018190672621130943,0.9252896904945374,SF-P3O,Walker2d-v4,4
499835,reward,4493,352.9540390253249,293.978,SF-P3O,Walker2d-v4,4
499977,reward,4494,303.8764406840385,297.037,SF-P3O,Walker2d-v4,4
500000,speed,411.0,14.22,SF-P3O,Walker2d-v4,4
500001,perturb,0.058746,0.95128,0.9346,65872,438,0.540789,3,SF-P3O,Walker2d-v4,4
500105,reward,4495,282.8104738076547,300.663,SF-P3O,Walker2d-v4,4
500262,reward,4496,333.6502840759826,304.997,SF-P3O,Walker2d-v4,4
500354,reward,4497,195.90622189798148,295.722,SF-P3O,Walker2d-v4,4
500486,reward,4498,279.756040770897,289.048,SF-P3O,Walker2d-v4,4
500643,reward,4499,324.62459343974365,291.696,SF-P3O,Walker2d-v4,4
500775,reward,4500,276.51455303031963,292.154,SF-P3O,Walker2d-v4,4
500920,reward,4501,296.09350909844335,293.336,SF-P3O,Walker2d-v4,4
501056,reward,4502,302.90776656777723,294.909,SF-P3O,Walker2d-v4,4
501199,reward,4503,289.50426452887234,288.564,SF-P3O,Walker2d-v4,4
501324,reward,4504,265.1068792906851,284.687,SF-P3O,Walker2d-v4,4
501453,reward,4505,254.38391618491886,281.845,SF-P3O,Walker2d-v4,4
501595,reward,4506,313.78527396053886,279.858,SF-P3O,Walker2d-v4,4
501706,reward,4507,249.8850610698329,285.256,SF-P3O,Walker2d-v4,4
501836,reward,4508,294.79748681992794,286.76,SF-P3O,Walker2d-v4,4
501973,reward,4509,300.5166256890075,284.35,SF-P3O,Walker2d-v4,4
502127,reward,4510,328.26217994643605,289.524,SF-P3O,Walker2d-v4,4
502263,reward,4511,296.463766030256,289.561,SF-P3O,Walker2d-v4,4
502415,reward,4512,311.85185214700573,290.456,SF-P3O,Walker2d-v4,4
502561,reward,4513,335.5976926095631,295.065,SF-P3O,Walker2d-v4,4
502724,reward,4514,346.0129075545368,303.156,SF-P3O,Walker2d-v4,4
502827,reward,4515,231.0217538238097,300.819,SF-P3O,Walker2d-v4,4
502939,reward,4516,222.74817813494818,291.716,SF-P3O,Walker2d-v4,4
503074,reward,4517,301.38775193815087,296.866,SF-P3O,Walker2d-v4,4
503190,reward,4518,265.3396192613205,293.92,SF-P3O,Walker2d-v4,4
503291,reward,4519,205.7421908618347,284.443,SF-P3O,Walker2d-v4,4
503429,reward,4520,307.36603714674806,282.353,SF-P3O,Walker2d-v4,4
503555,reward,4521,284.6351072013403,281.17,SF-P3O,Walker2d-v4,4
503736,reward,4522,347.44829561926537,284.73,SF-P3O,Walker2d-v4,4
503878,reward,4523,307.38551639781815,281.909,SF-P3O,Walker2d-v4,4
504000,reward,4524,273.21494837751754,274.629,SF-P3O,Walker2d-v4,4
504121,reward,4525,258.27955380949555,277.355,SF-P3O,Walker2d-v4,4
504228,reward,4526,244.55059324397064,279.535,SF-P3O,Walker2d-v4,4
504366,reward,4527,292.2030388976633,278.616,SF-P3O,Walker2d-v4,4
504572,reward,4528,380.3805590383233,290.121,SF-P3O,Walker2d-v4,4
504709,reward,4529,294.1529806509722,298.962,SF-P3O,Walker2d-v4,4
504836,reward,4530,256.6206550684108,293.887,SF-P3O,Walker2d-v4,4
504996,reward,4531,333.52878852142885,298.776,SF-P3O,Walker2d-v4,4
505128,reward,4532,268.26864789725977,290.859,SF-P3O,Walker2d-v4,4
505308,reward,4533,367.3109872157712,296.851,SF-P3O,Walker2d-v4,4
505443,reward,4534,278.88761060613786,297.418,SF-P3O,Walker2d-v4,4
505584,reward,4535,288.93640391879444,300.484,SF-P3O,Walker2d-v4,4
505729,reward,4536,298.68799021267955,305.898,SF-P3O,Walker2d-v4,4
505905,reward,4537,345.22933093644326,311.2,SF-P3O,Walker2d-v4,4
506048,reward,4538,302.58767985139525,303.421,SF-P3O,Walker2d-v4,4
506171,reward,4539,279.5285987342641,301.959,SF-P3O,Walker2d-v4,4
506302,reward,4540,288.0671668145466,305.103,SF-P3O,Walker2d-v4,4
506409,reward,4541,230.8235826486174,294.833,SF-P3O,Walker2d-v4,4
506488,reward,4542,143.1076936570943,282.317,SF-P3O,Walker2d-v4,4
506613,reward,4543,263.3978592795731,271.925,SF-P3O,Walker2d-v4,4
506767,reward,4544,332.2158650878914,277.258,SF-P3O,Walker2d-v4,4
506848,reward,4545,165.3284002737804,264.897,SF-P3O,Walker2d-v4,4
506994,reward,4546,297.975256594394,264.826,SF-P3O,Walker2d-v4,4
507107,reward,4547,249.32046071945086,255.235,SF-P3O,Walker2d-v4,4
507243,reward,4548,285.63391939259526,253.54,SF-P3O,Walker2d-v4,4
507385,reward,4549,306.5218151015041,256.239,SF-P3O,Walker2d-v4,4
507472,reward,4550,172.59398985371038,244.692,SF-P3O,Walker2d-v4,4
507550,reward,4551,142.8841091459735,235.898,SF-P3O,Walker2d-v4,4
507685,reward,4552,290.66982230064093,250.654,SF-P3O,Walker2d-v4,4
507808,reward,4553,276.13962099624086,251.928,SF-P3O,Walker2d-v4,4
507904,loss,-0.013629920780658722,0.6912974715232849,SF-P3O,Walker2d-v4,4
507904,diagnostics,0.0,63.42,38.9157,0.056702,0.951896,0.919,0.12695,SF-P3O,Walker2d-v4,4
507922,reward,4554,262.4332232213192,244.95,SF-P3O,Walker2d-v4,4
508052,reward,4555,277.5185346763876,256.169,SF-P3O,Walker2d-v4,4
508127,reward,4556,138.47705061851104,240.219,SF-P3O,Walker2d-v4,4
508264,reward,4557,264.70458240239725,241.758,SF-P3O,Walker2d-v4,4
508380,reward,4558,238.79903821960048,237.074,SF-P3O,Walker2d-v4,4
508505,reward,4559,263.1438167818948,232.736,SF-P3O,Walker2d-v4,4
508640,reward,4560,299.2436891575902,245.401,SF-P3O,Walker2d-v4,4
508795,reward,4561,326.8548278913352,263.798,SF-P3O,Walker2d-v4,4
508927,reward,4562,305.096065156146,265.241,SF-P3O,Walker2d-v4,4
509071,reward,4563,300.4119912786443,267.668,SF-P3O,Walker2d-v4,4
509188,reward,4564,265.2912428081125,267.954,SF-P3O,Walker2d-v4,4
509315,reward,4565,277.10866994570944,267.913,SF-P3O,Walker2d-v4,4
509454,reward,4566,311.70517341171967,285.236,SF-P3O,Walker2d-v4,4
509585,reward,4567,303.12681320316136,289.078,SF-P3O,Walker2d-v4,4
509755,reward,4568,340.53865709342375,299.252,SF-P3O,Walker2d-v4,4
509886,reward,4569,256.8603437053465,298.624,SF-P3O,Walker2d-v4,4
510000,speed,624.4,14.48,SF-P3O,Walker2d-v4,4
510001,spectral,0.056702,0.951896,0.919,SF-P3O,Walker2d-v4,4
510056,reward,4570,326.6247514841256,301.362,SF-P3O,Walker2d-v4,4
510232,reward,4571,368.9884026386622,305.575,SF-P3O,Walker2d-v4,4
510375,reward,4572,272.93733553744545,302.359,SF-P3O,Walker2d-v4,4
510507,reward,4573,292.556744779255,301.574,SF-P3O,Walker2d-v4,4
510655,reward,4574,310.76533365464627,306.121,SF-P3O,Walker2d-v4,4
510763,reward,4575,239.2544536811993,302.336,SF-P3O,Walker2d-v4,4
510938,reward,4576,378.2438986940654,308.99,SF-P3O,Walker2d-v4,4
511083,reward,4577,305.2649849317824,309.203,SF-P3O,Walker2d-v4,4
511271,reward,4578,347.875031603204,309.937,SF-P3O,Walker2d-v4,4
511382,reward,4579,259.4151230510427,310.193,SF-P3O,Walker2d-v4,4
511487,reward,4580,233.7424692120144,300.904,SF-P3O,Walker2d-v4,4
511639,reward,4581,335.634881506119,297.569,SF-P3O,Walker2d-v4,4
511782,reward,4582,305.9177006986677,300.867,SF-P3O,Walker2d-v4,4
511917,reward,4583,320.73416503236024,303.685,SF-P3O,Walker2d-v4,4
512062,reward,4584,303.2155018082626,302.93,SF-P3O,Walker2d-v4,4
512202,reward,4585,313.5977503592302,310.364,SF-P3O,Walker2d-v4,4
512319,reward,4586,272.1605938374503,299.756,SF-P3O,Walker2d-v4,4
512412,reward,4587,195.26307923941047,288.756,SF-P3O,Walker2d-v4,4
512502,reward,4588,180.50353883545716,272.018,SF-P3O,Walker2d-v4,4
512650,reward,4589,332.48304022316813,279.325,SF-P3O,Walker2d-v4,4
512797,reward,4590,313.22151731985593,287.273,SF-P3O,Walker2d-v4,4
512890,reward,4591,207.5266259775302,274.462,SF-P3O,Walker2d-v4,4
513034,reward,4592,308.1553252425999,274.686,SF-P3O,Walker2d-v4,4
513172,reward,4593,302.7617844593997,272.889,SF-P3O,Walker2d-v4,4
513286,reward,4594,262.36574933031613,268.804,SF-P3O,Walker2d-v4,4
513417,reward,4595,294.20812338442823,266.865,SF-P3O,Walker2d-v4,4
513571,reward,4596,328.93869419671023,272.543,SF-P3O,Walker2d-v4,4
513691,reward,4597,269.0531943060903,279.922,SF-P3O,Walker2d-v4,4
513819,reward,4598,287.41875140900277,290.613,SF-P3O,Walker2d-v4,4
513951,reward,4599,307.8251963847906,288.147,SF-P3O,Walker2d-v4,4
514080,reward,4600,279.3126744050704,284.757,SF-P3O,Walker2d-v4,4
514177,reward,4601,199.92200397965206,283.996,SF-P3O,Walker2d-v4,4
514302,reward,4602,276.361195848113,280.817,SF-P3O,Walker2d-v4,4
514427,reward,4603,281.72028670935106,278.713,SF-P3O,Walker2d-v4,4
514537,reward,4604,240.07263577371972,276.483,SF-P3O,Walker2d-v4,4
514663,reward,4605,252.34392754864956,272.297,SF-P3O,Walker2d-v4,4
514791,reward,4606,271.86148779983034,266.589,SF-P3O,Walker2d-v4,4
514965,reward,4607,356.6561007414649,275.349,SF-P3O,Walker2d-v4,4
515164,reward,4608,381.7044706127859,284.778,SF-P3O,Walker2d-v4,4
515286,reward,4609,258.62674121067244,279.858,SF-P3O,Walker2d-v4,4
515435,reward,4610,322.3655975344886,284.163,SF-P3O,Walker2d-v4,4
515541,reward,4611,238.77908141856824,288.049,SF-P3O,Walker2d-v4,4
515680,reward,4612,298.01048951021187,290.214,SF-P3O,Walker2d-v4,4
515812,reward,4613,306.0450423600712,292.647,SF-P3O,Walker2d-v4,4
515950,reward,4614,275.98813295598404,296.238,SF-P3O,Walker2d-v4,4
516096,loss,-0.05044260993599892,0.6268696784973145,SF-P3O,Walker2d-v4,4
516131,reward,4615,324.21662246294403,303.425,SF-P3O,Walker2d-v4,4
516260,reward,4616,294.9612377704774,305.735,SF-P3O,Walker2d-v4,4
516388,reward,4617,290.39875590220356,299.11,SF-P3O,Walker2d-v4,4
516539,reward,4618,326.1351219963182,293.553,SF-P3O,Walker2d-v4,4
516670,reward,4619,285.9692261859878,296.287,SF-P3O,Walker2d-v4,4
516757,reward,4620,185.20031939585337,282.57,SF-P3O,Walker2d-v4,4
516875,reward,4621,264.6830794588121,285.161,SF-P3O,Walker2d-v4,4
516993,reward,4622,257.5854979343393,281.118,SF-P3O,Walker2d-v4,4
517158,reward,4623,354.34433281234965,285.948,SF-P3O,Walker2d-v4,4
517285,reward,4624,248.52086935731484,283.202,SF-P3O,Walker2d-v4,4
517424,reward,4625,309.9717016671465,281.777,SF-P3O,Walker2d-v4,4
517565,reward,4626,319.77671734134265,284.259,SF-P3O,Walker2d-v4,4
517690,reward,4627,288.0010850921698,284.019,SF-P3O,Walker2d-v4,4
517809,reward,4628,272.7280150501928,278.678,SF-P3O,Walker2d-v4,4
517935,reward,4629,292.3202372649466,279.313,SF-P3O,Walker2d-v4,4
518128,reward,4630,344.8192459580822,295.275,SF-P3O,Walker2d-v4,4
518286,reward,4631,326.26881840607575,301.434,SF-P3O,Walker2d-v4,4
518381,reward,4632,195.90794173213365,295.266,SF-P3O,Walker2d-v4,4
518524,reward,4633,286.1598230611354,288.447,SF-P3O,Walker2d-v4,4
518637,reward,4634,260.60895963720696,289.656,SF-P3O,Walker2d-v4,4
518799,reward,4635,332.76421191268577,291.936,SF-P3O,Walker2d-v4,4
518956,reward,4636,330.2050200615126,292.978,SF-P3O,Walker2d-v4,4
519070,reward,4637,224.61595861927916,286.64,SF-P3O,Walker2d-v4,4
519213,reward,4638,313.7748039303161,290.745,SF-P3O,Walker2d-v4,4
519346,reward,4639,273.95092828126764,288.908,SF-P3O,Walker2d-v4,4
519491,reward,4640,299.0459924570739,284.33,SF-P3O,Walker2d-v4,4
519613,reward,4641,280.4704075145393,279.75,SF-P3O,Walker2d-v4,4
519696,reward,4642,159.92470351433712,276.152,SF-P3O,Walker2d-v4,4
519847,reward,4643,314.37690563741825,278.974,SF-P3O,Walker2d-v4,4
519945,reward,4644,209.9961675454671,273.913,SF-P3O,Walker2d-v4,4
520000,speed,632.82,14.75,SF-P3O,Walker2d-v4,4
520001,spectral,0.057164,0.952165,0.93,SF-P3O,Walker2d-v4,4
520105,reward,4645,315.656045502878,272.202,SF-P3O,Walker2d-v4,4
520271,reward,4646,341.8874053806744,273.37,SF-P3O,Walker2d-v4,4
520380,reward,4647,232.55138078157137,274.163,SF-P3O,Walker2d-v4,4
520501,reward,4648,283.0837222104158,271.094,SF-P3O,Walker2d-v4,4
520659,reward,4649,331.01577123425864,276.801,SF-P3O,Walker2d-v4,4
520773,reward,4650,256.1807863273251,272.514,SF-P3O,Walker2d-v4,4
520882,reward,4651,245.10820766750288,268.978,SF-P3O,Walker2d-v4,4
521019,reward,4652,308.1948339427407,283.805,SF-P3O,Walker2d-v4,4
521149,reward,4653,276.67046874148014,280.034,SF-P3O,Walker2d-v4,4
521244,reward,4654,193.4116715558125,278.376,SF-P3O,Walker2d-v4,4
521412,reward,4655,356.39400733965897,282.45,SF-P3O,Walker2d-v4,4
521537,reward,4656,274.97188561057476,275.758,SF-P3O,Walker2d-v4,4
521672,reward,4657,310.41590416443813,283.545,SF-P3O,Walker2d-v4,4
521809,reward,4658,304.8182797270978,285.718,SF-P3O,Walker2d-v4,4
521944,reward,4659,283.69093888048735,280.986,SF-P3O,Walker2d-v4,4
522121,reward,4660,372.1546756584755,292.583,SF-P3O,Walker2d-v4,4
522367,reward,4661,419.7113665880749,310.043,SF-P3O,Walker2d-v4,4
522523,reward,4662,304.9900079232901,309.723,SF-P3O,Walker2d-v4,4
522656,reward,4663,299.58829859787187,312.015,SF-P3O,Walker2d-v4,4
522828,reward,4664,359.7484044747789,328.648,SF-P3O,Walker2d-v4,4
522980,reward,4665,318.7186436926226,324.881,SF-P3O,Walker2d-v4,4
523082,reward,4666,223.99584515253537,319.783,SF-P3O,Walker2d-v4,4
523227,reward,4667,332.35753284649445,321.977,SF-P3O,Walker2d-v4,4
523369,reward,4668,289.11367108890704,320.407,SF-P3O,Walker2d-v4,4
523492,reward,4669,271.3906671595502,319.177,SF-P3O,Walker2d-v4,4
523595,reward,4670,232.46994837143887,305.208,SF-P3O,Walker2d-v4,4
523692,reward,4671,219.15446454257832,285.153,SF-P3O,Walker2d-v4,4
523797,reward,4672,231.1625083574439,277.77,SF-P3O,Walker2d-v4,4
523983,reward,4673,366.3074042532747,284.442,SF-P3O,Walker2d-v4,4
524114,reward,4674,301.1228409228189,278.579,SF-P3O,Walker2d-v4,4
524224,reward,4675,233.47995157798692,270.055,SF-P3O,Walker2d-v4,4
524288,loss,0.012145470827817917,0.717064380645752,SF-P3O,Walker2d-v4,4
524288,diagnostics,0.0,63.65,30.5575,0.057631,0.952094,0.9372,0.120959,SF-P3O,Walker2d-v4,4
524348,reward,4676,263.19449303197035,273.975,SF-P3O,Walker2d-v4,4
524471,reward,4677,279.2286762926598,268.662,SF-P3O,Walker2d-v4,4
524608,reward,4678,312.239557611473,270.975,SF-P3O,Walker2d-v4,4
524756,reward,4679,310.4006543863651,274.876,SF-P3O,Walker2d-v4,4
524869,reward,4680,216.26294417759445,273.255,SF-P3O,Walker2d-v4,4
525025,reward,4681,340.0554432947854,285.345,SF-P3O,Walker2d-v4,4
525170,reward,4682,321.58235035531555,294.387,SF-P3O,Walker2d-v4,4
525308,reward,4683,301.8046261638771,287.937,SF-P3O,Walker2d-v4,4
525448,reward,4684,312.09772324904793,289.035,SF-P3O,Walker2d-v4,4
525579,reward,4685,297.0192279775487,295.389,SF-P3O,Walker2d-v4,4
525678,reward,4686,200.06466209633857,289.076,SF-P3O,Walker2d-v4,4
525782,reward,4687,210.20914962586187,282.174,SF-P3O,Walker2d-v4,4
525963,reward,4688,364.0335501599734,287.353,SF-P3O,Walker2d-v4,4
526078,reward,4689,253.242184451745,281.637,SF-P3O,Walker2d-v4,4
526194,reward,4690,274.8031411002836,287.491,SF-P3O,Walker2d-v4,4
526328,reward,4691,281.174933174117,281.603,SF-P3O,Walker2d-v4,4
526475,reward,4692,307.78700774937175,280.224,SF-P3O,Walker2d-v4,4
526585,reward,4693,259.5579292139232,275.999,SF-P3O,Walker2d-v4,4
526712,reward,4694,291.36142359332746,273.925,SF-P3O,Walker2d-v4,4
526824,reward,4695,244.09044082838756,268.632,SF-P3O,Walker2d-v4,4
526942,reward,4696,250.4992117349221,273.676,SF-P3O,Walker2d-v4,4
527058,reward,4697,257.31271855394465,278.386,SF-P3O,Walker2d-v4,4
527222,reward,4698,337.63178544324376,275.746,SF-P3O,Walker2d-v4,4
527403,reward,4699,373.17584895899694,287.739,SF-P3O,Walker2d-v4,4
527559,reward,4700,346.8694727790606,294.946,SF-P3O,Walker2d-v4,4
527658,reward,4701,210.11103080457053,287.84,SF-P3O,Walker2d-v4,4
527788,reward,4702,276.9750559029817,284.758,SF-P3O,Walker2d-v4,4
527892,reward,4703,214.81791528552193,280.284,SF-P3O,Walker2d-v4,4
528018,reward,4704,274.33996172914357,278.582,SF-P3O,Walker2d-v4,4
528132,reward,4705,249.21937546747154,279.095,SF-P3O,Walker2d-v4,4
528253,reward,4706,258.32971697000335,279.878,SF-P3O,Walker2d-v4,4
528383,reward,4707,307.8343925880472,284.93,SF-P3O,Walker2d-v4,4
528509,reward,4708,268.61584711946153,278.029,SF-P3O,Walker2d-v4,4
528672,reward,4709,308.8010778082089,271.591,SF-P3O,Walker2d-v4,4
528803,reward,4710,300.88847123909954,266.993,SF-P3O,Walker2d-v4,4
528954,reward,4711,308.68518320727947,276.851,SF-P3O,Walker2d-v4,4
529080,reward,4712,284.7814095376538,277.631,SF-P3O,Walker2d-v4,4
529199,reward,4713,268.84746208686875,283.034,SF-P3O,Walker2d-v4,4
529321,reward,4714,276.424612384443,283.243,SF-P3O,Walker2d-v4,4
529450,reward,4715,299.63064152194164,288.284,SF-P3O,Walker2d-v4,4
529559,reward,4716,240.98275524853736,286.549,SF-P3O,Walker2d-v4,4
529719,reward,4717,323.62759048808283,288.129,SF-P3O,Walker2d-v4,4
529870,reward,4718,325.4880712871884,293.816,SF-P3O,Walker2d-v4,4
529974,reward,4719,226.01408070060154,285.537,SF-P3O,Walker2d-v4,4
530000,speed,582.07,15.03,SF-P3O,Walker2d-v4,4
530001,spectral,0.057631,0.952094,0.9372,SF-P3O,Walker2d-v4,4
530162,reward,4720,381.80051581214275,293.628,SF-P3O,Walker2d-v4,4
530310,reward,4721,331.9980557277708,295.96,SF-P3O,Walker2d-v4,4
530456,reward,4722,329.2620373476548,300.408,SF-P3O,Walker2d-v4,4
530594,reward,4723,296.61497583652914,303.184,SF-P3O,Walker2d-v4,4
530692,reward,4724,224.16683117081408,297.959,SF-P3O,Walker2d-v4,4
530843,reward,4725,329.3689824228601,300.932,SF-P3O,Walker2d-v4,4
530985,reward,4726,295.1336594132766,306.347,SF-P3O,Walker2d-v4,4
531114,reward,4727,288.12242858487696,302.797,SF-P3O,Walker2d-v4,4
531266,reward,4728,342.46129163838276,304.494,SF-P3O,Walker2d-v4,4
531390,reward,4729,276.7732366576337,309.57,SF-P3O,Walker2d-v4,4
531551,reward,4730,360.7295902971426,307.463,SF-P3O,Walker2d-v4,4
531704,reward,4731,324.9843756918459,306.762,SF-P3O,Walker2d-v4,4
531838,reward,4732,292.43183181774134,303.079,SF-P3O,Walker2d-v4,4
531987,reward,4733,339.0956139883087,307.327,SF-P3O,Walker2d-v4,4
532136,reward,4734,312.0182276864277,316.112,SF-P3O,Walker2d-v4,4
532238,reward,4735,212.2941455359677,304.404,SF-P3O,Walker2d-v4,4
532339,reward,4736,211.02254444787792,295.993,SF-P3O,Walker2d-v4,4
532476,reward,4737,283.10989511518585,295.492,SF-P3O,Walker2d-v4,4
532480,loss,-0.0792580246925354,0.7138804197311401,SF-P3O,Walker2d-v4,4
532735,reward,4738,450.2358763898126,306.27,SF-P3O,Walker2d-v4,4
532860,reward,4739,284.46420864504955,307.039,SF-P3O,Walker2d-v4,4
532971,reward,4740,256.94897367257175,296.661,SF-P3O,Walker2d-v4,4
533066,reward,4741,213.2884798245547,285.491,SF-P3O,Walker2d-v4,4
533186,reward,4742,267.7710696018435,283.025,SF-P3O,Walker2d-v4,4
533338,reward,4743,331.97984506059015,282.313,SF-P3O,Walker2d-v4,4
533511,reward,4744,355.48641418013983,286.66,SF-P3O,Walker2d-v4,4
533644,reward,4745,284.37638600955626,293.868,SF-P3O,Walker2d-v4,4
533808,reward,4746,360.2646913294157,308.793,SF-P3O,Walker2d-v4,4
533973,reward,4747,347.9961622442171,315.281,SF-P3O,Walker2d-v4,4
534099,reward,4748,279.07144098390387,298.165,SF-P3O,Walker2d-v4,4
534190,reward,4749,192.37683733326568,288.956,SF-P3O,Walker2d-v4,4
534422,reward,4750,422.7725220140523,305.538,SF-P3O,Walker2d-v4,4
534567,reward,4751,300.4865109884186,314.258,SF-P3O,Walker2d-v4,4
534688,reward,4752,288.927280191925,316.374,SF-P3O,Walker2d-v4,4
534807,reward,4753,275.1475414156722,310.691,SF-P3O,Walker2d-v4,4
534900,reward,4754,189.70917967254576,294.113,SF-P3O,Walker2d-v4,4
535004,reward,4755,234.09191729188333,289.084,SF-P3O,Walker2d-v4,4
535153,reward,4756,327.79290714143264,285.837,SF-P3O,Walker2d-v4,4
535239,reward,4757,165.20224218117247,267.558,SF-P3O,Walker2d-v4,4
535367,reward,4758,259.786075122185,265.629,SF-P3O,Walker2d-v4,4
535456,reward,4759,187.7445525514431,265.166,SF-P3O,Walker2d-v4,4
535565,reward,4760,249.97112483993857,247.886,SF-P3O,Walker2d-v4,4
535654,reward,4761,195.83313124572874,237.421,SF-P3O,Walker2d-v4,4
535776,reward,4762,253.88142257117778,233.916,SF-P3O,Walker2d-v4,4
535906,reward,4763,302.96996167360277,236.698,SF-P3O,Walker2d-v4,4
536028,reward,4764,264.01063094307426,244.128,SF-P3O,Walker2d-v4,4
536165,reward,4765,320.1349212631667,252.733,SF-P3O,Walker2d-v4,4
536265,reward,4766,213.57447694871703,241.311,SF-P3O,Walker2d-v4,4
536416,reward,4767,327.11242691914214,257.502,SF-P3O,Walker2d-v4,4
536502,reward,4768,175.40743031640898,249.064,SF-P3O,Walker2d-v4,4
536626,reward,4769,292.3129173916802,259.521,SF-P3O,Walker2d-v4,4
536743,reward,4770,270.9021142004817,261.614,SF-P3O,Walker2d-v4,4
536849,reward,4771,236.7713543739353,265.708,SF-P3O,Walker2d-v4,4
536983,reward,4772,317.2854396894732,272.048,SF-P3O,Walker2d-v4,4
537118,reward,4773,288.7777093177271,270.629,SF-P3O,Walker2d-v4,4
537199,reward,4774,151.98055331050392,259.426,SF-P3O,Walker2d-v4,4
537335,reward,4775,310.77135921799044,258.49,SF-P3O,Walker2d-v4,4
537433,reward,4776,208.0380585656287,257.936,SF-P3O,Walker2d-v4,4
537549,reward,4777,248.84810308868455,250.11,SF-P3O,Walker2d-v4,4
537713,reward,4778,343.18319017515626,266.887,SF-P3O,Walker2d-v4,4
537810,reward,4779,202.74245834545624,257.93,SF-P3O,Walker2d-v4,4
537926,reward,4780,246.55207573769127,255.495,SF-P3O,Walker2d-v4,4
538013,reward,4781,174.36306819326452,249.254,SF-P3O,Walker2d-v4,4
538176,reward,4782,326.31785395606227,250.157,SF-P3O,Walker2d-v4,4
538283,reward,4783,236.33506027085485,244.913,SF-P3O,Walker2d-v4,4
538405,reward,4784,279.8984653370143,257.705,SF-P3O,Walker2d-v4,4
538526,reward,4785,251.30948648556068,251.759,SF-P3O,Walker2d-v4,4
538639,reward,4786,273.3557300166967,258.291,SF-P3O,Walker2d-v4,4
538773,reward,4787,291.30852601893616,262.537,SF-P3O,Walker2d-v4,4
538953,reward,4788,362.8042351868695,264.499,SF-P3O,Walker2d-v4,4
539107,reward,4789,346.55844748716925,278.88,SF-P3O,Walker2d-v4,4
539244,reward,4790,315.8336506340395,285.808,SF-P3O,Walker2d-v4,4
539405,reward,4791,352.32527789060987,303.605,SF-P3O,Walker2d-v4,4
539538,reward,4792,298.62106543457475,300.835,SF-P3O,Walker2d-v4,4
539668,reward,4793,295.3804914786691,306.74,SF-P3O,Walker2d-v4,4
539783,reward,4794,258.7366022034352,304.623,SF-P3O,Walker2d-v4,4
539922,reward,4795,313.3348660598944,310.826,SF-P3O,Walker2d-v4,4
540000,speed,569.36,15.33,SF-P3O,Walker2d-v4,4
540001,spectral,0.058037,0.951959,0.9388,SF-P3O,Walker2d-v4,4
540048,reward,4796,276.34737876242446,311.125,SF-P3O,Walker2d-v4,4
540158,reward,4797,258.16258274857427,307.81,SF-P3O,Walker2d-v4,4
540313,reward,4798,327.2036358457784,304.25,SF-P3O,Walker2d-v4,4
540431,reward,4799,257.83821579356544,295.378,SF-P3O,Walker2d-v4,4
540565,reward,4800,312.0264166922443,294.998,SF-P3O,Walker2d-v4,4
540672,loss,-0.12876643240451813,0.7145506739616394,SF-P3O,Walker2d-v4,4
540672,diagnostics,0.0,63.88,38.6286,0.058503,0.951906,0.9279,0.120402,SF-P3O,Walker2d-v4,4
540687,reward,4801,259.76684967108827,285.742,SF-P3O,Walker2d-v4,4
540790,reward,4802,210.01134815752852,276.881,SF-P3O,Walker2d-v4,4
540914,reward,4803,274.86412858850355,274.829,SF-P3O,Walker2d-v4,4
541035,reward,4804,278.0299453172825,276.759,SF-P3O,Walker2d-v4,4
541184,reward,4805,337.5331714907325,279.178,SF-P3O,Walker2d-v4,4
541321,reward,4806,293.6753466838384,280.911,SF-P3O,Walker2d-v4,4
541461,reward,4807,328.55776932760875,287.951,SF-P3O,Walker2d-v4,4
541572,reward,4808,251.39877692984774,280.37,SF-P3O,Walker2d-v4,4
541739,reward,4809,368.78994381688204,291.465,SF-P3O,Walker2d-v4,4
541856,reward,4810,262.98478464926797,286.561,SF-P3O,Walker2d-v4,4
542000,reward,4811,324.30130924332883,293.015,SF-P3O,Walker2d-v4,4
542172,reward,4812,354.16753439107674,307.43,SF-P3O,Walker2d-v4,4
542326,reward,4813,331.4432226851911,313.088,SF-P3O,Walker2d-v4,4
542506,reward,4814,366.63714034761074,321.949,SF-P3O,Walker2d-v4,4
542592,reward,4815,173.6665927427569,305.562,SF-P3O,Walker2d-v4,4
542726,reward,4816,292.62928354757304,305.458,SF-P3O,Walker2d-v4,4
542861,reward,4817,308.5330689500815,303.455,SF-P3O,Walker2d-v4,4
543023,reward,4818,343.08109981240324,312.623,SF-P3O,Walker2d-v4,4
543146,reward,4819,262.80902510082376,302.025,SF-P3O,Walker2d-v4,4
543286,reward,4820,318.231933112146,307.55,SF-P3O,Walker2d-v4,4
543431,reward,4821,331.6662245988587,308.287,SF-P3O,Walker2d-v4,4
543535,reward,4822,225.92410561158897,295.462,SF-P3O,Walker2d-v4,4
543690,reward,4823,331.8773380580864,295.506,SF-P3O,Walker2d-v4,4
543809,reward,4824,271.8373160361009,286.026,SF-P3O,Walker2d-v4,4
543963,reward,4825,354.90170724260435,304.149,SF-P3O,Walker2d-v4,4
544145,reward,4826,389.1085161479648,313.797,SF-P3O,Walker2d-v4,4
544292,reward,4827,331.4427042695601,316.088,SF-P3O,Walker2d-v4,4
544423,reward,4828,291.870868101062,310.967,SF-P3O,Walker2d-v4,4
544559,reward,4829,301.073282584435,314.793,SF-P3O,Walker2d-v4,4
544683,reward,4830,290.27396508675355,311.998,SF-P3O,Walker2d-v4,4
544813,reward,4831,281.7690340761568,307.008,SF-P3O,Walker2d-v4,4
545060,reward,4832,443.67057267852755,328.783,SF-P3O,Walker2d-v4,4
545167,reward,4833,231.52994837036215,318.748,SF-P3O,Walker2d-v4,4
545291,reward,4834,257.81304340077577,317.345,SF-P3O,Walker2d-v4,4
545412,reward,4835,292.20816279884235,311.076,SF-P3O,Walker2d-v4,4
545567,reward,4836,324.90490905405915,304.656,SF-P3O,Walker2d-v4,4
545701,reward,4837,299.2546965614586,301.437,SF-P3O,Walker2d-v4,4
545839,reward,4838,321.4474093681182,304.395,SF-P3O,Walker2d-v4,4
545980,reward,4839,311.5740323360335,305.445,SF-P3O,Walker2d-v4,4
546102,reward,4840,263.04367509796725,302.722,SF-P3O,Walker2d-v4,4
546239,reward,4841,309.99632922382256,305.544,SF-P3O,Walker2d-v4,4
546379,reward,4842,321.58341968564616,293.336,SF-P3O,Walker2d-v4,4
546493,reward,4843,258.72081433493327,296.055,SF-P3O,Walker2d-v4,4
546640,reward,4844,327.0046783793111,302.974,SF-P3O,Walker2d-v4,4
546881,reward,4845,437.6775788782293,317.521,SF-P3O,Walker2d-v4,4
547013,reward,4846,283.8039011896862,313.411,SF-P3O,Walker2d-v4,4
547112,reward,4847,209.63935513145194,304.449,SF-P3O,Walker2d-v4,4
547255,reward,4848,320.45457602456435,304.35,SF-P3O,Walker2d-v4,4
547444,reward,4849,380.33638652634914,311.226,SF-P3O,Walker2d-v4,4
547574,reward,4850,312.5654134290111,316.178,SF-P3O,Walker2d-v4,4
547704,reward,4851,301.8745128530161,315.366,SF-P3O,Walker2d-v4,4
547820,reward,4852,272.12476739868214,310.42,SF-P3O,Walker2d-v4,4
547941,reward,4853,284.55112792492764,313.003,SF-P3O,Walker2d-v4,4
548076,reward,4854,299.5727767920032,310.26,SF-P3O,Walker2d-v4,4
548194,reward,4855,253.53201261412036,291.845,SF-P3O,Walker2d-v4,4
548310,reward,4856,261.7047321905118,289.636,SF-P3O,Walker2d-v4,4
548432,reward,4857,286.0287124344887,297.275,SF-P3O,Walker2d-v4,4
548535,reward,4858,240.07727611172982,289.237,SF-P3O,Walker2d-v4,4
548645,reward,4859,261.43848459110285,277.347,SF-P3O,Walker2d-v4,4
548777,reward,4860,305.30835591327957,276.621,SF-P3O,Walker2d-v4,4
548864,loss,-0.01581840217113495,0.8641000390052795,SF-P3O,Walker2d-v4,4
548882,reward,4861,236.77214134629045,270.111,SF-P3O,Walker2d-v4,4
549049,reward,4862,364.14617639643797,279.313,SF-P3O,Walker2d-v4,4
549139,reward,4863,183.2664412249392,269.185,SF-P3O,Walker2d-v4,4
549282,reward,4864,329.55209824668185,272.183,SF-P3O,Walker2d-v4,4
549415,reward,4865,299.65277795516,276.795,SF-P3O,Walker2d-v4,4
549541,reward,4866,304.0107818492187,281.025,SF-P3O,Walker2d-v4,4
549679,reward,4867,304.26663726878576,282.849,SF-P3O,Walker2d-v4,4
549814,reward,4868,304.44278126665364,289.286,SF-P3O,Walker2d-v4,4
549915,reward,4869,223.06575044525786,285.448,SF-P3O,Walker2d-v4,4
550000,speed,405.56,15.74,SF-P3O,Walker2d-v4,4
550001,perturb,0.059024,0.952112,0.9244,333,441,0.0,4,SF-P3O,Walker2d-v4,4
550052,reward,4870,297.8865448600449,284.706,SF-P3O,Walker2d-v4,4
550203,reward,4871,352.5090829517958,296.28,SF-P3O,Walker2d-v4,4
550371,reward,4872,358.6821494826886,295.734,SF-P3O,Walker2d-v4,4
550531,reward,4873,341.03819346734394,311.511,SF-P3O,Walker2d-v4,4
550653,reward,4874,283.33626362006635,306.889,SF-P3O,Walker2d-v4,4
550791,reward,4875,328.2329567357646,309.747,SF-P3O,Walker2d-v4,4
550948,reward,4876,329.6543557202766,312.311,SF-P3O,Walker2d-v4,4
551079,reward,4877,300.172493052638,311.902,SF-P3O,Walker2d-v4,4
551230,reward,4878,347.38290551429867,316.196,SF-P3O,Walker2d-v4,4
551367,reward,4879,311.16068830498216,325.006,SF-P3O,Walker2d-v4,4
551574,reward,4880,397.7292714556126,334.99,SF-P3O,Walker2d-v4,4
551732,reward,4881,342.64871389267864,334.004,SF-P3O,Walker2d-v4,4
551874,reward,4882,324.59152774290885,330.595,SF-P3O,Walker2d-v4,4
551983,reward,4883,251.79880642690688,321.671,SF-P3O,Walker2d-v4,4
552110,reward,4884,299.27168125292627,323.264,SF-P3O,Walker2d-v4,4
552247,reward,4885,293.72904396317375,319.814,SF-P3O,Walker2d-v4,4
552381,reward,4886,294.30735592531187,316.279,SF-P3O,Walker2d-v4,4
552477,reward,4887,210.93248920540444,307.355,SF-P3O,Walker2d-v4,4
552580,reward,4888,227.72707668309303,295.39,SF-P3O,Walker2d-v4,4
552723,reward,4889,308.39360339629286,295.113,SF-P3O,Walker2d-v4,4
552829,reward,4890,232.60964611850378,278.601,SF-P3O,Walker2d-v4,4
552980,reward,4891,341.4407658565398,278.48,SF-P3O,Walker2d-v4,4
553125,reward,4892,308.2112209988533,276.842,SF-P3O,Walker2d-v4,4
553252,reward,4893,278.63110786716953,279.525,SF-P3O,Walker2d-v4,4
553378,reward,4894,294.6638514975702,279.065,SF-P3O,Walker2d-v4,4
553509,reward,4895,297.266748585548,279.418,SF-P3O,Walker2d-v4,4
553630,reward,4896,262.9534415905478,276.283,SF-P3O,Walker2d-v4,4
553764,reward,4897,302.2433764540563,285.414,SF-P3O,Walker2d-v4,4
553917,reward,4898,337.5251933744414,296.394,SF-P3O,Walker2d-v4,4
554072,reward,4899,336.1209385170646,299.167,SF-P3O,Walker2d-v4,4
554224,reward,4900,343.67823342603776,310.273,SF-P3O,Walker2d-v4,4
554329,reward,4901,227.23750992592448,298.853,SF-P3O,Walker2d-v4,4
554461,reward,4902,308.6294743500587,298.895,SF-P3O,Walker2d-v4,4
554639,reward,4903,336.4729840291216,304.679,SF-P3O,Walker2d-v4,4
554798,reward,4904,341.3304946163448,309.346,SF-P3O,Walker2d-v4,4
554913,reward,4905,262.5174477816074,305.871,SF-P3O,Walker2d-v4,4
555084,reward,4906,361.2177266739323,315.697,SF-P3O,Walker2d-v4,4
555208,reward,4907,283.8806281336353,313.861,SF-P3O,Walker2d-v4,4
555318,reward,4908,228.22061755582587,302.931,SF-P3O,Walker2d-v4,4
555480,reward,4909,359.7446950527637,305.293,SF-P3O,Walker2d-v4,4
555628,reward,4910,330.90721983875017,304.016,SF-P3O,Walker2d-v4,4
555753,reward,4911,289.84893391744254,310.277,SF-P3O,Walker2d-v4,4
555871,reward,4912,255.10236496377806,304.924,SF-P3O,Walker2d-v4,4
556052,reward,4913,408.0165219932034,312.079,SF-P3O,Walker2d-v4,4
556198,reward,4914,327.80641911190037,310.726,SF-P3O,Walker2d-v4,4
556301,reward,4915,228.37713595863264,307.312,SF-P3O,Walker2d-v4,4
556435,reward,4916,310.9968232089788,302.29,SF-P3O,Walker2d-v4,4
556545,reward,4917,259.6520331413,299.867,SF-P3O,Walker2d-v4,4
556694,reward,4918,325.29178843704494,309.574,SF-P3O,Walker2d-v4,4
556823,reward,4919,300.17139557856564,303.617,SF-P3O,Walker2d-v4,4
556950,reward,4920,305.37822007395096,301.064,SF-P3O,Walker2d-v4,4
557056,loss,-0.04364698752760887,0.6798648238182068,SF-P3O,Walker2d-v4,4
557056,diagnostics,0.0,64.11,38.4679,0.059382,0.952253,0.9339,0.143303,SF-P3O,Walker2d-v4,4
557082,reward,4921,282.85286599370585,300.365,SF-P3O,Walker2d-v4,4
557246,reward,4922,342.63936528856965,309.118,SF-P3O,Walker2d-v4,4
557400,reward,4923,319.893258093806,300.306,SF-P3O,Walker2d-v4,4
557553,reward,4924,326.6113231232158,300.186,SF-P3O,Walker2d-v4,4
557721,reward,4925,365.7404255769003,313.923,SF-P3O,Walker2d-v4,4
557924,reward,4926,376.39051795842647,320.462,SF-P3O,Walker2d-v4,4
558010,reward,4927,168.61345522895746,311.358,SF-P3O,Walker2d-v4,4
558128,reward,4928,278.04646787717604,306.634,SF-P3O,Walker2d-v4,4
558241,reward,4929,254.07154526399034,302.024,SF-P3O,Walker2d-v4,4
558360,reward,4930,275.0683972319062,298.993,SF-P3O,Walker2d-v4,4
558564,reward,4931,403.2819636839016,311.036,SF-P3O,Walker2d-v4,4
558727,reward,4932,360.7179631647432,312.844,SF-P3O,Walker2d-v4,4
558907,reward,4933,315.5155286218542,312.406,SF-P3O,Walker2d-v4,4
559043,reward,4934,330.27101188910206,312.772,SF-P3O,Walker2d-v4,4
559187,reward,4935,323.9678505748129,308.594,SF-P3O,Walker2d-v4,4
559353,reward,4936,357.49629656638973,306.705,SF-P3O,Walker2d-v4,4
559514,reward,4937,339.9049586854595,323.834,SF-P3O,Walker2d-v4,4
559690,reward,4938,369.8492008308286,333.014,SF-P3O,Walker2d-v4,4
559819,reward,4939,291.98985778017686,336.806,SF-P3O,Walker2d-v4,4
559952,reward,4940,306.6866426838219,339.968,SF-P3O,Walker2d-v4,4
560000,speed,558.75,16.04,SF-P3O,Walker2d-v4,4
560001,spectral,0.059382,0.952253,0.9339,SF-P3O,Walker2d-v4,4
560063,reward,4941,249.97765387659075,324.638,SF-P3O,Walker2d-v4,4
560191,reward,4942,297.1798269118051,318.284,SF-P3O,Walker2d-v4,4
560389,reward,4943,425.5066836597076,329.283,SF-P3O,Walker2d-v4,4
560515,reward,4944,289.61621437815853,325.218,SF-P3O,Walker2d-v4,4
560662,reward,4945,329.00504220909716,325.721,SF-P3O,Walker2d-v4,4
560815,reward,4946,309.09824463104775,320.881,SF-P3O,Walker2d-v4,4
560953,reward,4947,322.99693827169034,319.191,SF-P3O,Walker2d-v4,4
561103,reward,4948,344.1255720698856,316.618,SF-P3O,Walker2d-v4,4
561215,reward,4949,249.3103060181899,312.35,SF-P3O,Walker2d-v4,4
561352,reward,4950,337.011340155079,315.383,SF-P3O,Walker2d-v4,4
561519,reward,4951,379.50347494067756,328.335,SF-P3O,Walker2d-v4,4
561651,reward,4952,302.642475282452,328.882,SF-P3O,Walker2d-v4,4
561768,reward,4953,280.2457989521666,314.356,SF-P3O,Walker2d-v4,4
561924,reward,4954,354.19065108669224,320.813,SF-P3O,Walker2d-v4,4
562026,reward,4955,220.00088027028278,309.913,SF-P3O,Walker2d-v4,4
562168,reward,4956,307.8746385929529,309.79,SF-P3O,Walker2d-v4,4
562266,reward,4957,215.28591992945226,299.019,SF-P3O,Walker2d-v4,4
562448,reward,4958,403.29324529600086,304.936,SF-P3O,Walker2d-v4,4
562600,reward,4959,298.5884667262085,309.864,SF-P3O,Walker2d-v4,4
562728,reward,4960,270.17943502860595,303.18,SF-P3O,Walker2d-v4,4
562826,reward,4961,209.8440865532583,286.215,SF-P3O,Walker2d-v4,4
562977,reward,4962,316.77338156906126,287.628,SF-P3O,Walker2d-v4,4
563095,reward,4963,260.53924172045606,285.657,SF-P3O,Walker2d-v4,4
563223,reward,4964,291.58767903773037,279.397,SF-P3O,Walker2d-v4,4
563409,reward,4965,388.97826258876495,296.294,SF-P3O,Walker2d-v4,4
563581,reward,4966,340.34336748414984,299.541,SF-P3O,Walker2d-v4,4
563712,reward,4967,299.5465595148666,307.967,SF-P3O,Walker2d-v4,4
563848,reward,4968,305.3175193586263,298.17,SF-P3O,Walker2d-v4,4
563964,reward,4969,251.8341101852444,293.494,SF-P3O,Walker2d-v4,4
564105,reward,4970,325.0631733324772,298.983,SF-P3O,Walker2d-v4,4
564246,reward,4971,326.39530295085194,310.638,SF-P3O,Walker2d-v4,4
564331,reward,4972,168.65336688152746,295.826,SF-P3O,Walker2d-v4,4
564449,reward,4973,279.5648266093742,297.728,SF-P3O,Walker2d-v4,4
564560,reward,4974,245.40565998098805,293.11,SF-P3O,Walker2d-v4,4
564673,reward,4975,244.9417277260841,278.707,SF-P3O,Walker2d-v4,4
564813,reward,4976,309.89208112844733,275.661,SF-P3O,Walker2d-v4,4
564967,reward,4977,350.5472687168214,280.762,SF-P3O,Walker2d-v4,4
565088,reward,4978,286.39794453756673,278.87,SF-P3O,Walker2d-v4,4
565219,reward,4979,314.9700926791289,285.183,SF-P3O,Walker2d-v4,4
565248,loss,0.04295501112937927,0.7862168550491333,SF-P3O,Walker2d-v4,4
565415,reward,4980,375.5215333785938,290.229,SF-P3O,Walker2d-v4,4
565532,reward,4981,256.9681596792764,283.286,SF-P3O,Walker2d-v4,4
565684,reward,4982,334.49564706411536,299.87,SF-P3O,Walker2d-v4,4
565861,reward,4983,380.7181347717716,309.986,SF-P3O,Walker2d-v4,4
566020,reward,4984,359.1423881375069,321.359,SF-P3O,Walker2d-v4,4
566165,reward,4985,325.18970965844375,329.384,SF-P3O,Walker2d-v4,4
566315,reward,4986,320.0962095940238,330.405,SF-P3O,Walker2d-v4,4
566438,reward,4987,274.3487638278816,322.785,SF-P3O,Walker2d-v4,4
566567,reward,4988,300.3291697275029,324.178,SF-P3O,Walker2d-v4,4
566704,reward,4989,322.4395510270199,324.925,SF-P3O,Walker2d-v4,4
566828,reward,4990,295.6578428405351,316.939,SF-P3O,Walker2d-v4,4
566948,reward,4991,268.58295327411463,318.1,SF-P3O,Walker2d-v4,4
567102,reward,4992,336.6373780452389,318.314,SF-P3O,Walker2d-v4,4
567230,reward,4993,306.46859998063,310.889,SF-P3O,Walker2d-v4,4
567357,reward,4994,294.7048603670941,304.446,SF-P3O,Walker2d-v4,4
567481,reward,4995,302.1932698830684,302.146,SF-P3O,Walker2d-v4,4
567625,reward,4996,316.25213981442624,301.761,SF-P3O,Walker2d-v4,4
567762,reward,4997,303.76440869935294,304.703,SF-P3O,Walker2d-v4,4
567893,reward,4998,291.8321368355858,303.853,SF-P3O,Walker2d-v4,4
568025,reward,4999,306.7020808211286,302.28,SF-P3O,Walker2d-v4,4
568120,reward,5000,210.86621894559937,293.8,SF-P3O,Walker2d-v4,4
568280,reward,5001,354.69951174747007,302.412,SF-P3O,Walker2d-v4,4
568411,reward,5002,324.42866554014887,301.191,SF-P3O,Walker2d-v4,4
568538,reward,5003,309.89824901645125,301.534,SF-P3O,Walker2d-v4,4
568695,reward,5004,342.6056633540682,306.324,SF-P3O,Walker2d-v4,4
568869,reward,5005,364.3541813774707,312.54,SF-P3O,Walker2d-v4,4
569019,reward,5006,335.5804965234643,314.473,SF-P3O,Walker2d-v4,4
569152,reward,5007,315.2438509259339,315.621,SF-P3O,Walker2d-v4,4
569260,reward,5008,237.23911428822515,310.162,SF-P3O,Walker2d-v4,4
569383,reward,5009,290.16293182028363,308.508,SF-P3O,Walker2d-v4,4
569501,reward,5010,283.3973900475422,315.761,SF-P3O,Walker2d-v4,4
569624,reward,5011,253.731889131007,305.664,SF-P3O,Walker2d-v4,4
569757,reward,5012,306.84957976206897,303.906,SF-P3O,Walker2d-v4,4
569863,reward,5013,239.62565502974792,296.879,SF-P3O,Walker2d-v4,4
570000,speed,583.32,16.32,SF-P3O,Walker2d-v4,4
570001,spectral,0.059943,0.952016,0.9343,SF-P3O,Walker2d-v4,4
570022,reward,5014,347.87330331169073,297.406,SF-P3O,Walker2d-v4,4
570130,reward,5015,239.2940439602607,284.9,SF-P3O,Walker2d-v4,4
570265,reward,5016,312.0233208494596,282.544,SF-P3O,Walker2d-v4,4
570392,reward,5017,287.9947848389376,279.819,SF-P3O,Walker2d-v4,4
570543,reward,5018,333.51914776292153,289.447,SF-P3O,Walker2d-v4,4
570641,reward,5019,192.68889017556245,279.7,SF-P3O,Walker2d-v4,4
570797,reward,5020,352.3822611283522,286.598,SF-P3O,Walker2d-v4,4
570920,reward,5021,291.5592829766026,290.381,SF-P3O,Walker2d-v4,4
571087,reward,5022,366.6110333100966,296.357,SF-P3O,Walker2d-v4,4
571222,reward,5023,288.7413716689009,301.269,SF-P3O,Walker2d-v4,4
571366,reward,5024,311.9691798025024,297.678,SF-P3O,Walker2d-v4,4
571521,reward,5025,343.7668608102753,308.126,SF-P3O,Walker2d-v4,4
571641,reward,5026,276.32061544608104,304.555,SF-P3O,Walker2d-v4,4
571757,reward,5027,272.5489754971303,303.011,SF-P3O,Walker2d-v4,4
571889,reward,5028,286.3020425199797,298.289,SF-P3O,Walker2d-v4,4
572015,reward,5029,298.74162772218017,308.894,SF-P3O,Walker2d-v4,4
572129,reward,5030,252.8246613052771,298.939,SF-P3O,Walker2d-v4,4
572238,reward,5031,235.0595509306428,293.289,SF-P3O,Walker2d-v4,4
572327,reward,5032,186.9742187740228,275.325,SF-P3O,Walker2d-v4,4
572477,reward,5033,328.39318318719086,279.29,SF-P3O,Walker2d-v4,4
572643,reward,5034,360.56716678994655,284.15,SF-P3O,Walker2d-v4,4
572761,reward,5035,278.3927502046327,277.612,SF-P3O,Walker2d-v4,4
572857,reward,5036,211.35131267652835,271.116,SF-P3O,Walker2d-v4,4
573036,reward,5037,360.4331746782948,279.904,SF-P3O,Walker2d-v4,4
573177,reward,5038,297.7170813129809,281.045,SF-P3O,Walker2d-v4,4
573288,reward,5039,265.2045909499565,277.692,SF-P3O,Walker2d-v4,4
573378,reward,5040,182.90640806352545,270.7,SF-P3O,Walker2d-v4,4
573440,loss,0.031338371336460114,0.7040275931358337,SF-P3O,Walker2d-v4,4
573440,diagnostics,0.0,64.35,36.5174,0.060669,0.951717,0.9345,0.129166,SF-P3O,Walker2d-v4,4
573502,reward,5041,293.51710475637543,276.546,SF-P3O,Walker2d-v4,4
573626,reward,5042,279.57795519998353,285.806,SF-P3O,Walker2d-v4,4
573757,reward,5043,304.211193123847,283.388,SF-P3O,Walker2d-v4,4
573916,reward,5044,359.6329666072672,283.294,SF-P3O,Walker2d-v4,4
574099,reward,5045,395.1470941429085,294.97,SF-P3O,Walker2d-v4,4
574249,reward,5046,327.175582969925,306.552,SF-P3O,Walker2d-v4,4
574366,reward,5047,273.93870965125046,297.903,SF-P3O,Walker2d-v4,4
574484,reward,5048,275.9034757851521,295.722,SF-P3O,Walker2d-v4,4
574631,reward,5049,325.9970634188972,301.801,SF-P3O,Walker2d-v4,4
574780,reward,5050,331.6682625706396,316.677,SF-P3O,Walker2d-v4,4
574884,reward,5051,247.6909724835531,312.094,SF-P3O,Walker2d-v4,4
574995,reward,5052,254.47070083498147,309.584,SF-P3O,Walker2d-v4,4
575127,reward,5053,310.72876065325295,310.235,SF-P3O,Walker2d-v4,4
575265,reward,5054,333.26911282027555,307.599,SF-P3O,Walker2d-v4,4
575381,reward,5055,254.24082327498354,293.508,SF-P3O,Walker2d-v4,4
575516,reward,5056,309.3708793398759,291.728,SF-P3O,Walker2d-v4,4
575616,reward,5057,235.82723070382775,287.917,SF-P3O,Walker2d-v4,4
575778,reward,5058,364.67686489461795,296.794,SF-P3O,Walker2d-v4,4
575901,reward,5059,274.86290116908555,291.681,SF-P3O,Walker2d-v4,4
576021,reward,5060,274.8750038048907,286.001,SF-P3O,Walker2d-v4,4
576136,reward,5061,266.8045680622162,287.913,SF-P3O,Walker2d-v4,4
576252,reward,5062,272.6374804409458,289.729,SF-P3O,Walker2d-v4,4
576385,reward,5063,324.24529934051276,291.081,SF-P3O,Walker2d-v4,4
576507,reward,5064,274.9291320280948,285.247,SF-P3O,Walker2d-v4,4
576674,reward,5065,357.1411889261894,295.537,SF-P3O,Walker2d-v4,4
576791,reward,5066,275.776284528904,292.178,SF-P3O,Walker2d-v4,4
576919,reward,5067,306.4069797517111,299.236,SF-P3O,Walker2d-v4,4
577041,reward,5068,278.91364742802523,290.659,SF-P3O,Walker2d-v4,4
577121,reward,5069,153.95203759291232,278.568,SF-P3O,Walker2d-v4,4
577260,reward,5070,317.9006538589222,282.871,SF-P3O,Walker2d-v4,4
577425,reward,5071,338.37550019395394,290.028,SF-P3O,Walker2d-v4,4
577559,reward,5072,318.6642847086647,294.631,SF-P3O,Walker2d-v4,4
577678,reward,5073,268.6872747952487,289.075,SF-P3O,Walker2d-v4,4
577881,reward,5074,403.92035464007046,301.974,SF-P3O,Walker2d-v4,4
578028,reward,5075,332.69812237833406,299.53,SF-P3O,Walker2d-v4,4
578138,reward,5076,261.87949425418316,298.14,SF-P3O,Walker2d-v4,4
578233,reward,5077,213.45674933405817,288.845,SF-P3O,Walker2d-v4,4
578343,reward,5078,251.94578802546908,286.148,SF-P3O,Walker2d-v4,4
578506,reward,5079,363.88548714323656,307.141,SF-P3O,Walker2d-v4,4
578688,reward,5080,386.2966285807364,313.981,SF-P3O,Walker2d-v4,4
578803,reward,5081,278.76116091762117,308.02,SF-P3O,Walker2d-v4,4
579017,reward,5082,392.60407232327407,315.414,SF-P3O,Walker2d-v4,4
579157,reward,5083,317.7937257154038,320.324,SF-P3O,Walker2d-v4,4
579279,reward,5084,281.97190527118136,308.129,SF-P3O,Walker2d-v4,4
579391,reward,5085,251.007428982076,299.96,SF-P3O,Walker2d-v4,4
579523,reward,5086,296.00214295752335,303.373,SF-P3O,Walker2d-v4,4
579656,reward,5087,311.31903355049076,313.159,SF-P3O,Walker2d-v4,4
579788,reward,5088,295.6780516895941,317.532,SF-P3O,Walker2d-v4,4
579933,reward,5089,339.0006242778821,315.043,SF-P3O,Walker2d-v4,4
580000,speed,576.33,16.61,SF-P3O,Walker2d-v4,4
580001,spectral,0.060669,0.951717,0.9345,SF-P3O,Walker2d-v4,4
580059,reward,5090,297.5179126530295,306.166,SF-P3O,Walker2d-v4,4
580186,reward,5091,302.89925697498586,308.579,SF-P3O,Walker2d-v4,4
580322,reward,5092,303.470829104852,299.666,SF-P3O,Walker2d-v4,4
580460,reward,5093,314.20313713835725,299.307,SF-P3O,Walker2d-v4,4
580580,reward,5094,287.9838312132405,299.908,SF-P3O,Walker2d-v4,4
580678,reward,5095,211.84968860283072,295.992,SF-P3O,Walker2d-v4,4
580829,reward,5096,332.0729015007575,299.6,SF-P3O,Walker2d-v4,4
580989,reward,5097,356.39868730943067,304.107,SF-P3O,Walker2d-v4,4
581116,reward,5098,288.9697815774209,303.437,SF-P3O,Walker2d-v4,4
581267,reward,5099,332.38487363141337,302.775,SF-P3O,Walker2d-v4,4
581395,reward,5100,294.1637250693845,302.44,SF-P3O,Walker2d-v4,4
581507,reward,5101,259.90446012497483,298.14,SF-P3O,Walker2d-v4,4
581630,reward,5102,288.06523951173386,296.6,SF-P3O,Walker2d-v4,4
581632,loss,-0.022675450891256332,0.5473030805587769,SF-P3O,Walker2d-v4,4
581783,reward,5103,356.32113299385486,300.811,SF-P3O,Walker2d-v4,4
581881,reward,5104,221.10494635669892,294.124,SF-P3O,Walker2d-v4,4
581995,reward,5105,257.42928568700745,298.682,SF-P3O,Walker2d-v4,4
582134,reward,5106,327.5628659942263,298.23,SF-P3O,Walker2d-v4,4
582259,reward,5107,314.77327088754674,294.068,SF-P3O,Walker2d-v4,4
582391,reward,5108,299.7757855253378,295.149,SF-P3O,Walker2d-v4,4
582529,reward,5109,311.2816152157949,293.038,SF-P3O,Walker2d-v4,4
582654,reward,5110,284.0422572422271,292.026,SF-P3O,Walker2d-v4,4
582789,reward,5111,311.9938657378704,297.235,SF-P3O,Walker2d-v4,4
582891,reward,5112,225.5884440560294,290.987,SF-P3O,Walker2d-v4,4
583037,reward,5113,328.15953391369715,288.171,SF-P3O,Walker2d-v4,4
583205,reward,5114,365.41744076998134,302.602,SF-P3O,Walker2d-v4,4
583337,reward,5115,302.62461066912886,307.122,SF-P3O,Walker2d-v4,4
583457,reward,5116,291.046179460849,303.47,SF-P3O,Walker2d-v4,4
583577,reward,5117,276.428720685296,299.636,SF-P3O,Walker2d-v4,4
583662,reward,5118,175.3429678701853,287.193,SF-P3O,Walker2d-v4,4
583756,reward,5119,201.00643620483012,276.165,SF-P3O,Walker2d-v4,4
583926,reward,5120,365.5467385332163,284.315,SF-P3O,Walker2d-v4,4
584087,reward,5121,371.6837508045142,290.284,SF-P3O,Walker2d-v4,4
584254,reward,5122,364.3066185956838,304.156,SF-P3O,Walker2d-v4,4
584410,reward,5123,362.0032269407025,307.541,SF-P3O,Walker2d-v4,4
584559,reward,5124,321.7945738811983,303.178,SF-P3O,Walker2d-v4,4
584695,reward,5125,315.30395441752876,304.446,SF-P3O,Walker2d-v4,4
584860,reward,5126,339.6612311987361,309.308,SF-P3O,Walker2d-v4,4
584953,reward,5127,218.75033403114568,303.54,SF-P3O,Walker2d-v4,4
585082,reward,5128,301.8614980933411,316.192,SF-P3O,Walker2d-v4,4
585251,reward,5129,366.37456113539304,332.729,SF-P3O,Walker2d-v4,4
585399,reward,5130,340.19654579734157,330.194,SF-P3O,Walker2d-v4,4
585533,reward,5131,320.94419520559524,325.12,SF-P3O,Walker2d-v4,4
585658,reward,5132,304.15925743573075,319.105,SF-P3O,Walker2d-v4,4
585783,reward,5133,293.93237616581376,312.298,SF-P3O,Walker2d-v4,4
585914,reward,5134,300.9137936207187,310.21,SF-P3O,Walker2d-v4,4
586067,reward,5135,334.21768803672944,312.101,SF-P3O,Walker2d-v4,4
586194,reward,5136,296.40253420527455,307.775,SF-P3O,Walker2d-v4,4
586335,reward,5137,320.74020827257027,317.974,SF-P3O,Walker2d-v4,4
586456,reward,5138,295.7398997934301,317.362,SF-P3O,Walker2d-v4,4
586588,reward,5139,313.82491479427756,312.107,SF-P3O,Walker2d-v4,4
586733,reward,5140,324.140593871331,310.502,SF-P3O,Walker2d-v4,4
586971,reward,5141,432.15421359403047,321.623,SF-P3O,Walker2d-v4,4
587114,reward,5142,291.3643293343188,320.343,SF-P3O,Walker2d-v4,4
587222,reward,5143,239.54176629573436,314.904,SF-P3O,Walker2d-v4,4
587394,reward,5144,396.5638705326125,324.469,SF-P3O,Walker2d-v4,4
587551,reward,5145,337.66269226503795,324.814,SF-P3O,Walker2d-v4,4
587675,reward,5146,287.07383571950515,323.881,SF-P3O,Walker2d-v4,4
587828,reward,5147,346.6224764651026,326.469,SF-P3O,Walker2d-v4,4
587964,reward,5148,316.19958972879436,328.515,SF-P3O,Walker2d-v4,4
588089,reward,5149,290.8545242810365,326.218,SF-P3O,Walker2d-v4,4
588217,reward,5150,294.60326614767854,323.264,SF-P3O,Walker2d-v4,4
588362,reward,5151,337.81279796308564,313.83,SF-P3O,Walker2d-v4,4
588466,reward,5152,233.20557837534705,308.014,SF-P3O,Walker2d-v4,4
588600,reward,5153,322.35974734284616,316.296,SF-P3O,Walker2d-v4,4
588716,reward,5154,285.14773978230824,305.154,SF-P3O,Walker2d-v4,4
588855,reward,5155,330.12869506631273,304.401,SF-P3O,Walker2d-v4,4
588988,reward,5156,310.3118927009391,306.725,SF-P3O,Walker2d-v4,4
589146,reward,5157,323.50964683036256,304.413,SF-P3O,Walker2d-v4,4
589285,reward,5158,327.69648727139423,305.563,SF-P3O,Walker2d-v4,4
589471,reward,5159,391.21120770051266,315.599,SF-P3O,Walker2d-v4,4
589604,reward,5160,320.5814529364712,318.197,SF-P3O,Walker2d-v4,4
589717,reward,5161,259.69985520032685,310.385,SF-P3O,Walker2d-v4,4
589824,loss,0.08054935187101364,0.6261085867881775,SF-P3O,Walker2d-v4,4
589824,diagnostics,0.0,64.61,20.6326,0.06181,0.951515,0.9273,0.123077,SF-P3O,Walker2d-v4,4
589837,reward,5162,289.29448131954695,315.994,SF-P3O,Walker2d-v4,4
589944,reward,5163,245.67733843688083,308.326,SF-P3O,Walker2d-v4,4
590000,speed,402.25,17.02,SF-P3O,Walker2d-v4,4
590001,spectral,0.06181,0.951515,0.9273,SF-P3O,Walker2d-v4,4
590067,reward,5164,270.4497291091981,306.856,SF-P3O,Walker2d-v4,4
590229,reward,5165,365.40777294168066,310.384,SF-P3O,Walker2d-v4,4
590359,reward,5166,309.9409163087432,310.347,SF-P3O,Walker2d-v4,4
590543,reward,5167,378.81231651177325,315.877,SF-P3O,Walker2d-v4,4
590666,reward,5168,290.28829593864845,312.136,SF-P3O,Walker2d-v4,4
590817,reward,5169,342.6934504821152,307.285,SF-P3O,Walker2d-v4,4
590932,reward,5170,273.024631834331,302.529,SF-P3O,Walker2d-v4,4
591135,reward,5171,399.36724216481747,316.496,SF-P3O,Walker2d-v4,4
591261,reward,5172,305.60566205707664,318.127,SF-P3O,Walker2d-v4,4
591413,reward,5173,325.1492924088301,326.074,SF-P3O,Walker2d-v4,4
591586,reward,5174,371.73534035743063,336.202,SF-P3O,Walker2d-v4,4
591731,reward,5175,323.37429478890186,331.999,SF-P3O,Walker2d-v4,4
591862,reward,5176,303.3731419699484,331.342,SF-P3O,Walker2d-v4,4
591993,reward,5177,328.29678858851776,326.291,SF-P3O,Walker2d-v4,4
592132,reward,5178,335.6919861579919,330.831,SF-P3O,Walker2d-v4,4
592268,reward,5179,313.55585728762765,327.917,SF-P3O,Walker2d-v4,4
592406,reward,5180,314.12274357570027,332.027,SF-P3O,Walker2d-v4,4
592510,reward,5181,225.45004854274316,314.636,SF-P3O,Walker2d-v4,4
592655,reward,5182,333.2511691663241,317.4,SF-P3O,Walker2d-v4,4
592813,reward,5183,358.7014337490929,320.755,SF-P3O,Walker2d-v4,4
592948,reward,5184,313.94213386008437,314.976,SF-P3O,Walker2d-v4,4
593060,reward,5185,260.60939879855914,308.699,SF-P3O,Walker2d-v4,4
593198,reward,5186,311.7923711404522,309.541,SF-P3O,Walker2d-v4,4
593299,reward,5187,231.78152046551423,299.89,SF-P3O,Walker2d-v4,4
593424,reward,5188,305.07925321738867,296.829,SF-P3O,Walker2d-v4,4
593647,reward,5189,429.27446210351906,308.4,SF-P3O,Walker2d-v4,4
593771,reward,5190,285.12225388801187,305.5,SF-P3O,Walker2d-v4,4
593898,reward,5191,306.99241489634824,313.655,SF-P3O,Walker2d-v4,4
594008,reward,5192,224.9055582788517,302.82,SF-P3O,Walker2d-v4,4
594125,reward,5193,291.6057652710551,296.111,SF-P3O,Walker2d-v4,4
594270,reward,5194,347.67015100055573,299.483,SF-P3O,Walker2d-v4,4
594465,reward,5195,413.36206000153203,314.759,SF-P3O,Walker2d-v4,4
594607,reward,5196,337.77751263249996,317.357,SF-P3O,Walker2d-v4,4
594736,reward,5197,306.91289090988926,324.87,SF-P3O,Walker2d-v4,4
594857,reward,5198,280.09622655162497,322.372,SF-P3O,Walker2d-v4,4
594990,reward,5199,295.5595637170577,309.0,SF-P3O,Walker2d-v4,4
595116,reward,5200,306.6538882917691,311.154,SF-P3O,Walker2d-v4,4
595268,reward,5201,331.36217768697907,313.591,SF-P3O,Walker2d-v4,4
595372,reward,5202,240.4198358774834,315.142,SF-P3O,Walker2d-v4,4
595487,reward,5203,287.6967166083459,314.751,SF-P3O,Walker2d-v4,4
595621,reward,5204,318.6266651803818,311.847,SF-P3O,Walker2d-v4,4
595732,reward,5205,264.52515741545295,296.963,SF-P3O,Walker2d-v4,4
595836,reward,5206,240.56917267336948,287.242,SF-P3O,Walker2d-v4,4
595970,reward,5207,321.3633469099867,288.687,SF-P3O,Walker2d-v4,4
596098,reward,5208,294.86005614646456,290.164,SF-P3O,Walker2d-v4,4
596253,reward,5209,349.24141200124706,295.532,SF-P3O,Walker2d-v4,4
596395,reward,5210,320.76984732402605,296.943,SF-P3O,Walker2d-v4,4
596553,reward,5211,337.93930834720487,297.601,SF-P3O,Walker2d-v4,4
596691,reward,5212,318.2616799648045,305.385,SF-P3O,Walker2d-v4,4
596806,reward,5213,275.6904982414549,304.185,SF-P3O,Walker2d-v4,4
596912,reward,5214,246.92177565653017,297.014,SF-P3O,Walker2d-v4,4
597026,reward,5215,272.5558838315948,297.817,SF-P3O,Walker2d-v4,4
597163,reward,5216,310.00943757974414,304.761,SF-P3O,Walker2d-v4,4
597275,reward,5217,256.6110182734402,298.286,SF-P3O,Walker2d-v4,4
597433,reward,5218,352.7893880680017,304.079,SF-P3O,Walker2d-v4,4
597618,reward,5219,403.7827826432691,309.533,SF-P3O,Walker2d-v4,4
597727,reward,5220,268.66208553579463,304.322,SF-P3O,Walker2d-v4,4
597868,reward,5221,331.8047625199498,303.709,SF-P3O,Walker2d-v4,4
597997,reward,5222,297.12124371402706,301.595,SF-P3O,Walker2d-v4,4
598016,loss,-0.0478089302778244,0.7341417670249939,SF-P3O,Walker2d-v4,4
598124,reward,5223,296.8449339985212,303.71,SF-P3O,Walker2d-v4,4
598244,reward,5224,290.09577739344127,308.028,SF-P3O,Walker2d-v4,4
598366,reward,5225,283.34706543443974,309.107,SF-P3O,Walker2d-v4,4
598512,reward,5226,343.04921631326675,312.411,SF-P3O,Walker2d-v4,4
598668,reward,5227,348.99732705051304,321.649,SF-P3O,Walker2d-v4,4
598807,reward,5228,330.6027584903011,319.431,SF-P3O,Walker2d-v4,4
598972,reward,5229,341.4955178035095,313.202,SF-P3O,Walker2d-v4,4
599113,reward,5230,321.98825436044336,318.535,SF-P3O,Walker2d-v4,4
599250,reward,5231,300.1735651693482,315.372,SF-P3O,Walker2d-v4,4
599352,reward,5232,248.8971339635029,310.549,SF-P3O,Walker2d-v4,4
599461,reward,5233,254.6926020847498,306.334,SF-P3O,Walker2d-v4,4
599598,reward,5234,322.0994621800293,309.534,SF-P3O,Walker2d-v4,4
599710,reward,5235,273.32411363280676,308.532,SF-P3O,Walker2d-v4,4
599831,reward,5236,275.39955333792005,301.767,SF-P3O,Walker2d-v4,4
599966,reward,5237,322.69567817575256,299.137,SF-P3O,Walker2d-v4,4
600000,speed,598.58,17.3,SF-P3O,Walker2d-v4,4
600001,perturb,0.062448,0.951271,0.9302,327,447,0.0,5,SF-P3O,Walker2d-v4,4
600135,reward,5238,389.29237180537984,305.006,SF-P3O,Walker2d-v4,4
600297,reward,5239,349.078454052797,305.764,SF-P3O,Walker2d-v4,4
600422,reward,5240,286.3740851134222,302.203,SF-P3O,Walker2d-v4,4
600538,reward,5241,265.66706678858424,298.752,SF-P3O,Walker2d-v4,4
600642,reward,5242,215.5633918566847,295.419,SF-P3O,Walker2d-v4,4
600777,reward,5243,323.51994715447495,302.301,SF-P3O,Walker2d-v4,4
600902,reward,5244,293.5244120802473,299.444,SF-P3O,Walker2d-v4,4
601015,reward,5245,267.4990282178436,298.861,SF-P3O,Walker2d-v4,4
601142,reward,5246,317.7205210329187,303.093,SF-P3O,Walker2d-v4,4
601247,reward,5247,241.40907176923835,294.965,SF-P3O,Walker2d-v4,4
601361,reward,5248,275.0682337805257,283.542,SF-P3O,Walker2d-v4,4
601497,reward,5249,334.9110263881859,282.126,SF-P3O,Walker2d-v4,4
601602,reward,5250,235.2911998201337,277.017,SF-P3O,Walker2d-v4,4
601723,reward,5251,297.15959207037287,280.167,SF-P3O,Walker2d-v4,4
601874,reward,5252,324.68877293837994,291.079,SF-P3O,Walker2d-v4,4
602024,reward,5253,331.4559565880145,291.873,SF-P3O,Walker2d-v4,4
602145,reward,5254,309.69819238847725,293.49,SF-P3O,Walker2d-v4,4
602268,reward,5255,277.1501888423267,294.455,SF-P3O,Walker2d-v4,4
602414,reward,5256,323.96112337537966,295.079,SF-P3O,Walker2d-v4,4
602539,reward,5257,283.77383897962625,299.316,SF-P3O,Walker2d-v4,4
602667,reward,5258,313.4768987636886,303.157,SF-P3O,Walker2d-v4,4
602818,reward,5259,342.98418256713995,303.964,SF-P3O,Walker2d-v4,4
602949,reward,5260,315.6267110781272,311.998,SF-P3O,Walker2d-v4,4
603070,reward,5261,290.43733273754424,311.325,SF-P3O,Walker2d-v4,4
603180,reward,5262,262.4003204197486,305.096,SF-P3O,Walker2d-v4,4
603272,reward,5263,190.6621353490366,291.017,SF-P3O,Walker2d-v4,4
603384,reward,5264,254.69587008241737,285.517,SF-P3O,Walker2d-v4,4
603538,reward,5265,335.837183896153,291.386,SF-P3O,Walker2d-v4,4
603661,reward,5266,295.5344803424437,288.543,SF-P3O,Walker2d-v4,4
603814,reward,5267,335.16018608007215,293.682,SF-P3O,Walker2d-v4,4
603949,reward,5268,312.57117753091825,293.591,SF-P3O,Walker2d-v4,4
604086,reward,5269,336.7172311344393,292.964,SF-P3O,Walker2d-v4,4
604193,reward,5270,242.12231797773396,285.614,SF-P3O,Walker2d-v4,4
604309,reward,5271,263.02040072555167,282.872,SF-P3O,Walker2d-v4,4
604463,reward,5272,341.03520444159585,290.736,SF-P3O,Walker2d-v4,4
604631,reward,5273,372.55371319072856,308.925,SF-P3O,Walker2d-v4,4
604756,reward,5274,302.22755334229356,313.678,SF-P3O,Walker2d-v4,4
604889,reward,5275,309.7413185595592,311.068,SF-P3O,Walker2d-v4,4
604991,reward,5276,236.7225248445225,305.187,SF-P3O,Walker2d-v4,4
605107,reward,5277,270.3233375346481,298.703,SF-P3O,Walker2d-v4,4
605247,reward,5278,321.66334011443263,299.613,SF-P3O,Walker2d-v4,4
605348,reward,5279,232.12262052991957,289.153,SF-P3O,Walker2d-v4,4
605485,reward,5280,295.0316620871715,294.444,SF-P3O,Walker2d-v4,4
605580,reward,5281,211.6341672935722,289.306,SF-P3O,Walker2d-v4,4
605730,reward,5282,356.5690505405586,290.859,SF-P3O,Walker2d-v4,4
605865,reward,5283,306.33954803719917,284.238,SF-P3O,Walker2d-v4,4
606010,reward,5284,344.220106072525,288.437,SF-P3O,Walker2d-v4,4
606126,reward,5285,272.5637514691822,284.719,SF-P3O,Walker2d-v4,4
606208,loss,-0.042344190180301666,0.938892662525177,SF-P3O,Walker2d-v4,4
606208,diagnostics,0.0,64.85,43.2122,0.062883,0.951259,0.9279,0.131706,SF-P3O,Walker2d-v4,4
606289,reward,5286,347.71681446031255,295.818,SF-P3O,Walker2d-v4,4
606414,reward,5287,296.0055575421678,298.387,SF-P3O,Walker2d-v4,4
606555,reward,5288,337.1761000536665,299.938,SF-P3O,Walker2d-v4,4
606704,reward,5289,357.0179534736948,312.427,SF-P3O,Walker2d-v4,4
606851,reward,5290,332.15544442365336,316.14,SF-P3O,Walker2d-v4,4
606972,reward,5291,294.86787310602244,324.463,SF-P3O,Walker2d-v4,4
607101,reward,5292,313.2218673156065,320.129,SF-P3O,Walker2d-v4,4
607243,reward,5293,332.51790242690697,322.746,SF-P3O,Walker2d-v4,4
607356,reward,5294,257.94888936480805,314.119,SF-P3O,Walker2d-v4,4
607487,reward,5295,302.9214981390458,317.155,SF-P3O,Walker2d-v4,4
607598,reward,5296,250.05028336934535,307.388,SF-P3O,Walker2d-v4,4
607740,reward,5297,323.83991514417255,310.172,SF-P3O,Walker2d-v4,4
607905,reward,5298,381.1315724589426,314.567,SF-P3O,Walker2d-v4,4
608028,reward,5299,281.8113729039521,307.047,SF-P3O,Walker2d-v4,4
608173,reward,5300,331.78492641694993,307.01,SF-P3O,Walker2d-v4,4
608312,reward,5301,341.42981470487143,311.666,SF-P3O,Walker2d-v4,4
608431,reward,5302,280.1694208087261,308.361,SF-P3O,Walker2d-v4,4
608578,reward,5303,345.9911207496508,309.708,SF-P3O,Walker2d-v4,4
608705,reward,5304,304.89606956304596,314.403,SF-P3O,Walker2d-v4,4
608859,reward,5305,363.56947049171214,320.467,SF-P3O,Walker2d-v4,4
608983,reward,5306,299.6555113738433,325.428,SF-P3O,Walker2d-v4,4
609105,reward,5307,288.85490881540096,321.929,SF-P3O,Walker2d-v4,4
609279,reward,5308,375.00858649627673,321.317,SF-P3O,Walker2d-v4,4
609429,reward,5309,331.2318130252253,326.259,SF-P3O,Walker2d-v4,4
609546,reward,5310,280.00483624454876,321.081,SF-P3O,Walker2d-v4,4
609653,reward,5311,258.12423767271184,312.751,SF-P3O,Walker2d-v4,4
609779,reward,5312,305.8706016615063,315.321,SF-P3O,Walker2d-v4,4
609929,reward,5313,360.9459423263851,316.816,SF-P3O,Walker2d-v4,4
610000,speed,573.72,17.59,SF-P3O,Walker2d-v4,4
610001,spectral,0.062883,0.951259,0.9279,SF-P3O,Walker2d-v4,4
610039,reward,5314,273.6100593383503,313.688,SF-P3O,Walker2d-v4,4
610205,reward,5315,330.9907185201883,310.43,SF-P3O,Walker2d-v4,4
610314,reward,5316,261.065528428063,306.571,SF-P3O,Walker2d-v4,4
610430,reward,5317,270.74547261502374,304.76,SF-P3O,Walker2d-v4,4
610557,reward,5318,300.8134631883044,297.34,SF-P3O,Walker2d-v4,4
610703,reward,5319,330.4578035242131,297.263,SF-P3O,Walker2d-v4,4
610821,reward,5320,288.58453643223794,298.121,SF-P3O,Walker2d-v4,4
610946,reward,5321,292.9181320505705,301.6,SF-P3O,Walker2d-v4,4
611100,reward,5322,356.1809909452005,306.631,SF-P3O,Walker2d-v4,4
611205,reward,5323,241.50435428120494,294.687,SF-P3O,Walker2d-v4,4
611315,reward,5324,260.71732305212976,293.398,SF-P3O,Walker2d-v4,4
611480,reward,5325,363.2260697765232,296.621,SF-P3O,Walker2d-v4,4
611571,reward,5326,191.10694975481772,289.626,SF-P3O,Walker2d-v4,4
611683,reward,5327,265.6778778297517,289.119,SF-P3O,Walker2d-v4,4
611832,reward,5328,304.6019913924031,289.498,SF-P3O,Walker2d-v4,4
611963,reward,5329,319.0746231347343,288.359,SF-P3O,Walker2d-v4,4
612092,reward,5330,296.44820067464985,289.146,SF-P3O,Walker2d-v4,4
612173,reward,5331,169.15612792837982,276.769,SF-P3O,Walker2d-v4,4
612314,reward,5332,333.19600896236017,274.471,SF-P3O,Walker2d-v4,4
612425,reward,5333,258.4337609515758,276.164,SF-P3O,Walker2d-v4,4
612550,reward,5334,285.4393891986876,278.636,SF-P3O,Walker2d-v4,4
612673,reward,5335,299.4893820255408,272.262,SF-P3O,Walker2d-v4,4
612810,reward,5336,323.41343678256055,285.493,SF-P3O,Walker2d-v4,4
612927,reward,5337,279.32135199363734,286.857,SF-P3O,Walker2d-v4,4
613064,reward,5338,335.180761155753,289.915,SF-P3O,Walker2d-v4,4
613178,reward,5339,269.654504991238,284.973,SF-P3O,Walker2d-v4,4
613274,reward,5340,224.5901333151367,277.787,SF-P3O,Walker2d-v4,4
613413,reward,5341,311.65221905532565,292.037,SF-P3O,Walker2d-v4,4
613491,reward,5342,141.9756071258382,272.915,SF-P3O,Walker2d-v4,4
613619,reward,5343,291.8320258904358,276.255,SF-P3O,Walker2d-v4,4
613734,reward,5344,277.03398516395595,275.414,SF-P3O,Walker2d-v4,4
613860,reward,5345,280.6456448553041,273.53,SF-P3O,Walker2d-v4,4
613965,reward,5346,250.4821718346467,266.237,SF-P3O,Walker2d-v4,4
614106,reward,5347,304.99516333878614,268.804,SF-P3O,Walker2d-v4,4
614296,reward,5348,392.39724058431955,274.526,SF-P3O,Walker2d-v4,4
614400,loss,0.06131291389465332,0.7185250520706177,SF-P3O,Walker2d-v4,4
614422,reward,5349,292.79517145926314,276.84,SF-P3O,Walker2d-v4,4
614532,reward,5350,269.81946670380734,281.363,SF-P3O,Walker2d-v4,4
614651,reward,5351,279.02275166747006,278.1,SF-P3O,Walker2d-v4,4
614821,reward,5352,377.83414166299684,301.686,SF-P3O,Walker2d-v4,4
614928,reward,5353,247.39769512755802,297.242,SF-P3O,Walker2d-v4,4
615050,reward,5354,286.13879682586787,298.153,SF-P3O,Walker2d-v4,4
615185,reward,5355,295.8210290795853,299.67,SF-P3O,Walker2d-v4,4
615320,reward,5356,317.10763522964123,306.333,SF-P3O,Walker2d-v4,4
615429,reward,5357,270.3419516025642,302.868,SF-P3O,Walker2d-v4,4
615554,reward,5358,306.2228665972713,294.25,SF-P3O,Walker2d-v4,4
615674,reward,5359,283.38279774204017,293.309,SF-P3O,Walker2d-v4,4
615812,reward,5360,336.49241034854435,299.976,SF-P3O,Walker2d-v4,4
615961,reward,5361,366.4783492368522,308.722,SF-P3O,Walker2d-v4,4
616057,reward,5362,221.13585650476278,293.052,SF-P3O,Walker2d-v4,4
616186,reward,5363,298.02579881260453,298.115,SF-P3O,Walker2d-v4,4
616301,reward,5364,271.1593078652445,296.617,SF-P3O,Walker2d-v4,4
616429,reward,5365,324.5888213249219,299.494,SF-P3O,Walker2d-v4,4
616550,reward,5366,286.61975719644624,296.445,SF-P3O,Walker2d-v4,4
616660,reward,5367,267.05131295157105,296.116,SF-P3O,Walker2d-v4,4
616805,reward,5368,329.5419795972775,298.448,SF-P3O,Walker2d-v4,4
616885,reward,5369,154.28386454438598,285.538,SF-P3O,Walker2d-v4,4
617046,reward,5370,367.7826347112478,288.667,SF-P3O,Walker2d-v4,4
617157,reward,5371,248.5629476943934,276.875,SF-P3O,Walker2d-v4,4
617281,reward,5372,301.19678389948564,284.881,SF-P3O,Walker2d-v4,4
617381,reward,5373,234.482595392896,278.527,SF-P3O,Walker2d-v4,4
617507,reward,5374,310.61145961470885,282.472,SF-P3O,Walker2d-v4,4
617662,reward,5375,358.7390515484111,285.887,SF-P3O,Walker2d-v4,4
617786,reward,5376,292.6582222694044,286.491,SF-P3O,Walker2d-v4,4
617937,reward,5377,359.3839105352139,295.724,SF-P3O,Walker2d-v4,4
618019,reward,5378,151.0329616720521,277.873,SF-P3O,Walker2d-v4,4
618115,reward,5379,198.1341995125777,282.258,SF-P3O,Walker2d-v4,4
618229,reward,5380,274.2573327774291,272.906,SF-P3O,Walker2d-v4,4
618340,reward,5381,272.02889200213065,275.253,SF-P3O,Walker2d-v4,4
618489,reward,5382,332.21033401430935,278.354,SF-P3O,Walker2d-v4,4
618585,reward,5383,206.32862075806614,275.538,SF-P3O,Walker2d-v4,4
618711,reward,5384,315.3936342317724,276.017,SF-P3O,Walker2d-v4,4
618839,reward,5385,297.8964455230067,269.932,SF-P3O,Walker2d-v4,4
618983,reward,5386,323.8778020040927,273.054,SF-P3O,Walker2d-v4,4
619151,reward,5387,367.75965284329817,273.892,SF-P3O,Walker2d-v4,4
619311,reward,5388,360.56508204396823,294.845,SF-P3O,Walker2d-v4,4
619465,reward,5389,360.66738573730936,311.099,SF-P3O,Walker2d-v4,4
619610,reward,5390,339.2838267624742,317.601,SF-P3O,Walker2d-v4,4
619751,reward,5391,327.65607059218354,323.164,SF-P3O,Walker2d-v4,4
619857,reward,5392,246.23693362271933,314.567,SF-P3O,Walker2d-v4,4
619998,reward,5393,325.3923603046605,326.473,SF-P3O,Walker2d-v4,4
620000,speed,585.49,17.88,SF-P3O,Walker2d-v4,4
620001,spectral,0.063318,0.951241,0.9168,SF-P3O,Walker2d-v4,4
620075,reward,5394,144.5656548458519,309.39,SF-P3O,Walker2d-v4,4
620209,reward,5395,326.0059395510652,312.201,SF-P3O,Walker2d-v4,4
620336,reward,5396,302.74270611435264,310.088,SF-P3O,Walker2d-v4,4
620465,reward,5397,297.5506076545634,303.067,SF-P3O,Walker2d-v4,4
620594,reward,5398,326.6330516828082,299.673,SF-P3O,Walker2d-v4,4
620706,reward,5399,261.7797541873575,289.785,SF-P3O,Walker2d-v4,4
620816,reward,5400,260.74445015448947,281.931,SF-P3O,Walker2d-v4,4
620922,reward,5401,250.80571361121434,274.246,SF-P3O,Walker2d-v4,4
621052,reward,5402,309.5787375524595,280.58,SF-P3O,Walker2d-v4,4
621155,reward,5403,239.56594655554522,271.997,SF-P3O,Walker2d-v4,4
621254,reward,5404,223.8025442135803,279.921,SF-P3O,Walker2d-v4,4
621381,reward,5405,270.21108843608573,274.341,SF-P3O,Walker2d-v4,4
621516,reward,5406,337.98521718995795,277.866,SF-P3O,Walker2d-v4,4
621655,reward,5407,345.2613620564111,282.637,SF-P3O,Walker2d-v4,4
621763,reward,5408,245.23525117254812,274.497,SF-P3O,Walker2d-v4,4
621887,reward,5409,313.4055239015297,279.66,SF-P3O,Walker2d-v4,4
621993,reward,5410,260.89189268917363,279.674,SF-P3O,Walker2d-v4,4
622113,reward,5411,288.1946128728839,283.413,SF-P3O,Walker2d-v4,4
622294,reward,5412,387.2855623471692,291.184,SF-P3O,Walker2d-v4,4
622411,reward,5413,285.36611155908463,295.764,SF-P3O,Walker2d-v4,4
622556,reward,5414,331.3998248258669,306.524,SF-P3O,Walker2d-v4,4
622592,loss,-0.07098592072725296,0.5736994743347168,SF-P3O,Walker2d-v4,4
622592,diagnostics,0.0,65.06,23.9688,0.063601,0.951291,0.9031,0.12011,SF-P3O,Walker2d-v4,4
622691,reward,5415,330.12264209685605,312.515,SF-P3O,Walker2d-v4,4
622846,reward,5416,368.15061476256665,315.531,SF-P3O,Walker2d-v4,4
622978,reward,5417,309.22178788321844,311.927,SF-P3O,Walker2d-v4,4
623129,reward,5418,355.99120218920064,323.003,SF-P3O,Walker2d-v4,4
623257,reward,5419,307.86831212010657,322.449,SF-P3O,Walker2d-v4,4
623360,reward,5420,229.73283120711008,319.333,SF-P3O,Walker2d-v4,4
623479,reward,5421,275.56910448570295,318.071,SF-P3O,Walker2d-v4,4
623596,reward,5422,286.93415126508415,308.036,SF-P3O,Walker2d-v4,4
623731,reward,5423,312.98812127932536,310.798,SF-P3O,Walker2d-v4,4
623858,reward,5424,304.02380728995576,308.06,SF-P3O,Walker2d-v4,4
623985,reward,5425,293.037315970629,304.352,SF-P3O,Walker2d-v4,4
624120,reward,5426,321.8075588659554,299.717,SF-P3O,Walker2d-v4,4
624249,reward,5427,320.40256451943867,300.835,SF-P3O,Walker2d-v4,4
624370,reward,5428,307.5993181764721,295.996,SF-P3O,Walker2d-v4,4
624498,reward,5429,310.77519375084455,296.287,SF-P3O,Walker2d-v4,4
624593,reward,5430,208.170615848329,294.131,SF-P3O,Walker2d-v4,4
624754,reward,5431,370.29248070202425,303.603,SF-P3O,Walker2d-v4,4
624900,reward,5432,369.23408157698015,311.833,SF-P3O,Walker2d-v4,4
625008,reward,5433,242.9640602730003,304.831,SF-P3O,Walker2d-v4,4
625120,reward,5434,266.6519673574646,301.094,SF-P3O,Walker2d-v4,4
625245,reward,5435,306.7906702801312,302.469,SF-P3O,Walker2d-v4,4
625363,reward,5436,269.89878644837097,297.278,SF-P3O,Walker2d-v4,4
625472,reward,5437,277.69200406616403,293.007,SF-P3O,Walker2d-v4,4
625618,reward,5438,349.55586891177103,297.203,SF-P3O,Walker2d-v4,4
625742,reward,5439,301.65901204054404,296.291,SF-P3O,Walker2d-v4,4
625940,reward,5440,433.9950900642596,318.873,SF-P3O,Walker2d-v4,4
626063,reward,5441,287.77417513198577,310.622,SF-P3O,Walker2d-v4,4
626211,reward,5442,342.52169585368625,307.95,SF-P3O,Walker2d-v4,4
626354,reward,5443,330.6076503935705,316.715,SF-P3O,Walker2d-v4,4
626481,reward,5444,302.9689282339186,320.346,SF-P3O,Walker2d-v4,4
626635,reward,5445,348.9172247210466,324.559,SF-P3O,Walker2d-v4,4
626771,reward,5446,341.1424547443418,331.683,SF-P3O,Walker2d-v4,4
626936,reward,5447,365.79984487040673,340.494,SF-P3O,Walker2d-v4,4
627079,reward,5448,360.42809623611095,341.581,SF-P3O,Walker2d-v4,4
627194,reward,5449,281.4356134610003,339.559,SF-P3O,Walker2d-v4,4
627327,reward,5450,333.7625212213854,329.536,SF-P3O,Walker2d-v4,4
627462,reward,5451,295.7605368481189,330.334,SF-P3O,Walker2d-v4,4
627600,reward,5452,322.97955553404717,328.38,SF-P3O,Walker2d-v4,4
627729,reward,5453,312.57749457844295,326.577,SF-P3O,Walker2d-v4,4
627843,reward,5454,269.1948331163476,323.2,SF-P3O,Walker2d-v4,4
627992,reward,5455,348.34795449685237,323.143,SF-P3O,Walker2d-v4,4
628124,reward,5456,326.1319065046614,321.642,SF-P3O,Walker2d-v4,4
628246,reward,5457,304.84449506193664,315.546,SF-P3O,Walker2d-v4,4
628438,reward,5458,403.5559934437014,319.859,SF-P3O,Walker2d-v4,4
628570,reward,5459,323.15848638187566,324.031,SF-P3O,Walker2d-v4,4
628675,reward,5460,242.58306708663656,314.913,SF-P3O,Walker2d-v4,4
628803,reward,5461,312.38291041680066,316.576,SF-P3O,Walker2d-v4,4
628927,reward,5462,314.84058929400913,315.762,SF-P3O,Walker2d-v4,4
629044,reward,5463,261.42916476313076,310.647,SF-P3O,Walker2d-v4,4
629155,reward,5464,262.42533174413364,309.97,SF-P3O,Walker2d-v4,4
629262,reward,5465,276.7672391075489,302.812,SF-P3O,Walker2d-v4,4
629375,reward,5466,279.82619079081564,298.181,SF-P3O,Walker2d-v4,4
629527,reward,5467,341.2463114375468,301.822,SF-P3O,Walker2d-v4,4
629631,reward,5468,247.29401704569486,286.195,SF-P3O,Walker2d-v4,4
629762,reward,5469,307.1594336852772,284.595,SF-P3O,Walker2d-v4,4
629892,reward,5470,310.9194864864949,291.429,SF-P3O,Walker2d-v4,4
630000,speed,573.83,18.17,SF-P3O,Walker2d-v4,4
630001,spectral,0.063601,0.951291,0.9031,SF-P3O,Walker2d-v4,4
630046,reward,5471,376.7314418183308,297.864,SF-P3O,Walker2d-v4,4
630153,reward,5472,249.72196499791315,291.352,SF-P3O,Walker2d-v4,4
630262,reward,5473,246.64260684857365,289.873,SF-P3O,Walker2d-v4,4
630377,reward,5474,270.0368031930047,290.635,SF-P3O,Walker2d-v4,4
630537,reward,5475,362.5784083974139,299.216,SF-P3O,Walker2d-v4,4
630654,reward,5476,294.9902388070784,300.732,SF-P3O,Walker2d-v4,4
630784,loss,-0.0002204757183790207,0.5578692555427551,SF-P3O,Walker2d-v4,4
630803,reward,5477,364.1724822974898,303.025,SF-P3O,Walker2d-v4,4
630906,reward,5478,234.24738237774014,301.72,SF-P3O,Walker2d-v4,4
631031,reward,5479,308.15214322321253,301.819,SF-P3O,Walker2d-v4,4
631171,reward,5480,324.52532291761975,303.18,SF-P3O,Walker2d-v4,4
631278,reward,5481,246.10679197997277,290.117,SF-P3O,Walker2d-v4,4
631428,reward,5482,350.8163528318887,300.227,SF-P3O,Walker2d-v4,4
631557,reward,5483,316.7161703834036,307.234,SF-P3O,Walker2d-v4,4
631719,reward,5484,395.79062536672,319.81,SF-P3O,Walker2d-v4,4
631887,reward,5485,374.65541914641983,321.017,SF-P3O,Walker2d-v4,4
632020,reward,5486,329.7923314218957,324.498,SF-P3O,Walker2d-v4,4
632131,reward,5487,268.1981975070514,314.9,SF-P3O,Walker2d-v4,4
632241,reward,5488,272.16696472372087,318.692,SF-P3O,Walker2d-v4,4
632363,reward,5489,298.27402225745004,317.704,SF-P3O,Walker2d-v4,4
632489,reward,5490,312.31848997926585,316.484,SF-P3O,Walker2d-v4,4
632605,reward,5491,289.886485884835,320.862,SF-P3O,Walker2d-v4,4
632738,reward,5492,310.97710415750475,316.878,SF-P3O,Walker2d-v4,4
632871,reward,5493,339.59745084859026,319.166,SF-P3O,Walker2d-v4,4
633001,reward,5494,318.7393331239731,311.461,SF-P3O,Walker2d-v4,4
633135,reward,5495,328.0110987108688,306.796,SF-P3O,Walker2d-v4,4
633260,reward,5496,295.34372386602547,303.351,SF-P3O,Walker2d-v4,4
633376,reward,5497,288.8737679551357,305.419,SF-P3O,Walker2d-v4,4
633474,reward,5498,225.06116568063274,300.708,SF-P3O,Walker2d-v4,4
633629,reward,5499,352.79063043189797,306.16,SF-P3O,Walker2d-v4,4
633749,reward,5500,284.8431237593545,303.412,SF-P3O,Walker2d-v4,4
633857,reward,5501,249.6682442539918,299.391,SF-P3O,Walker2d-v4,4
633976,reward,5502,287.08376713473723,297.001,SF-P3O,Walker2d-v4,4
634101,reward,5503,325.07031348042227,295.549,SF-P3O,Walker2d-v4,4
634227,reward,5504,322.13859676235876,295.888,SF-P3O,Walker2d-v4,4
634341,reward,5505,270.00901943939715,290.088,SF-P3O,Walker2d-v4,4
634461,reward,5506,295.9251461605055,290.146,SF-P3O,Walker2d-v4,4
634580,reward,5507,291.0603473411188,290.365,SF-P3O,Walker2d-v4,4
634725,reward,5508,340.20327108166794,301.879,SF-P3O,Walker2d-v4,4
634843,reward,5509,288.432989693833,295.443,SF-P3O,Walker2d-v4,4
634988,reward,5510,319.746718723572,298.934,SF-P3O,Walker2d-v4,4
635103,reward,5511,267.923779918329,300.759,SF-P3O,Walker2d-v4,4
635244,reward,5512,336.9130765869742,305.742,SF-P3O,Walker2d-v4,4
635371,reward,5513,335.0045497149644,306.736,SF-P3O,Walker2d-v4,4
635469,reward,5514,226.44200342083786,297.166,SF-P3O,Walker2d-v4,4
635574,reward,5515,245.81169809196317,294.746,SF-P3O,Walker2d-v4,4
635682,reward,5516,249.37938859107547,290.092,SF-P3O,Walker2d-v4,4
635770,reward,5517,187.02438608705873,279.688,SF-P3O,Walker2d-v4,4
635899,reward,5518,314.54110546838956,277.122,SF-P3O,Walker2d-v4,4
636067,reward,5519,368.5232882398549,285.131,SF-P3O,Walker2d-v4,4
636211,reward,5520,358.0455285295842,288.961,SF-P3O,Walker2d-v4,4
636339,reward,5521,313.08827284770734,293.477,SF-P3O,Walker2d-v4,4
636459,reward,5522,295.13531926334844,289.3,SF-P3O,Walker2d-v4,4
636567,reward,5523,276.1704294180739,283.416,SF-P3O,Walker2d-v4,4
636694,reward,5524,305.6973291333388,291.342,SF-P3O,Walker2d-v4,4
636824,reward,5525,314.0886321054535,298.169,SF-P3O,Walker2d-v4,4
636956,reward,5526,355.6111631179377,308.793,SF-P3O,Walker2d-v4,4
637071,reward,5527,293.64791802361196,319.455,SF-P3O,Walker2d-v4,4
637195,reward,5528,322.2250659623158,320.223,SF-P3O,Walker2d-v4,4
637304,reward,5529,254.57735143509342,308.829,SF-P3O,Walker2d-v4,4
637392,reward,5530,192.61491681616016,292.286,SF-P3O,Walker2d-v4,4
637556,reward,5531,365.59841537619445,297.537,SF-P3O,Walker2d-v4,4
637703,reward,5532,349.2747959364136,302.951,SF-P3O,Walker2d-v4,4
637813,reward,5533,272.3502846122464,302.569,SF-P3O,Walker2d-v4,4
637919,reward,5534,243.6063674420019,296.359,SF-P3O,Walker2d-v4,4
638049,reward,5535,317.09624801509295,296.66,SF-P3O,Walker2d-v4,4
638179,reward,5536,332.10443613841784,294.31,SF-P3O,Walker2d-v4,4
638299,reward,5537,303.3911843226595,295.284,SF-P3O,Walker2d-v4,4
638429,reward,5538,317.60713590630513,294.822,SF-P3O,Walker2d-v4,4
638554,reward,5539,306.9597113094881,300.06,SF-P3O,Walker2d-v4,4
638705,reward,5540,349.4740736718561,315.746,SF-P3O,Walker2d-v4,4
638806,reward,5541,210.9124304942981,300.278,SF-P3O,Walker2d-v4,4
638937,reward,5542,334.7175454056135,298.822,SF-P3O,Walker2d-v4,4
638976,loss,-0.04803846403956413,0.7458553314208984,SF-P3O,Walker2d-v4,4
638976,diagnostics,0.0,65.31,47.9397,0.064632,0.950925,0.9227,0.117293,SF-P3O,Walker2d-v4,4
639090,reward,5543,375.9761547869231,309.185,SF-P3O,Walker2d-v4,4
639216,reward,5544,301.2625459395078,314.95,SF-P3O,Walker2d-v4,4
639348,reward,5545,318.0740518234622,315.048,SF-P3O,Walker2d-v4,4
639457,reward,5546,266.3022039434161,308.468,SF-P3O,Walker2d-v4,4
639563,reward,5547,250.1142222888372,303.14,SF-P3O,Walker2d-v4,4
639703,reward,5548,339.602646802114,305.34,SF-P3O,Walker2d-v4,4
639852,reward,5549,379.3532581009531,312.579,SF-P3O,Walker2d-v4,4
640000,speed,392.59,18.59,SF-P3O,Walker2d-v4,4
640000,reward,5550,365.5526609589619,314.187,SF-P3O,Walker2d-v4,4
640001,spectral,0.064632,0.950925,0.9227,SF-P3O,Walker2d-v4,4
640154,reward,5551,377.04305128165043,330.8,SF-P3O,Walker2d-v4,4
640272,reward,5552,299.66619794937145,327.295,SF-P3O,Walker2d-v4,4
640385,reward,5553,271.70576927846616,316.868,SF-P3O,Walker2d-v4,4
640500,reward,5554,289.76386532471577,315.718,SF-P3O,Walker2d-v4,4
640628,reward,5555,323.78501249154755,316.289,SF-P3O,Walker2d-v4,4
640745,reward,5556,284.46176372999173,318.105,SF-P3O,Walker2d-v4,4
640856,reward,5557,236.18973104769105,316.712,SF-P3O,Walker2d-v4,4
641004,reward,5558,333.08695900827394,316.061,SF-P3O,Walker2d-v4,4
641110,reward,5559,239.1785309043812,302.043,SF-P3O,Walker2d-v4,4
641217,reward,5560,247.5140035740746,290.239,SF-P3O,Walker2d-v4,4
641354,reward,5561,321.21274102275913,284.656,SF-P3O,Walker2d-v4,4
641479,reward,5562,320.2591438843618,286.716,SF-P3O,Walker2d-v4,4
641613,reward,5563,314.7909294551567,291.024,SF-P3O,Walker2d-v4,4
641748,reward,5564,305.9793206385955,292.646,SF-P3O,Walker2d-v4,4
641837,reward,5565,170.43900861845145,277.311,SF-P3O,Walker2d-v4,4
641957,reward,5566,286.6855741565768,277.534,SF-P3O,Walker2d-v4,4
642086,reward,5567,323.49712529779015,286.264,SF-P3O,Walker2d-v4,4
642220,reward,5568,329.1170004273458,285.867,SF-P3O,Walker2d-v4,4
642343,reward,5569,315.20357616745605,293.47,SF-P3O,Walker2d-v4,4
642477,reward,5570,321.5416763852521,300.873,SF-P3O,Walker2d-v4,4
642562,reward,5571,170.08661281629392,285.76,SF-P3O,Walker2d-v4,4
642734,reward,5572,373.73746261816456,291.108,SF-P3O,Walker2d-v4,4
642862,reward,5573,283.62770869557124,287.992,SF-P3O,Walker2d-v4,4
643005,reward,5574,340.13031248508315,291.407,SF-P3O,Walker2d-v4,4
643142,reward,5575,332.5259353746723,307.615,SF-P3O,Walker2d-v4,4
643277,reward,5576,320.1123678808453,310.958,SF-P3O,Walker2d-v4,4
643390,reward,5577,269.51359297175134,305.56,SF-P3O,Walker2d-v4,4
643553,reward,5578,350.09503019273365,307.657,SF-P3O,Walker2d-v4,4
643693,reward,5579,328.1457359945338,308.952,SF-P3O,Walker2d-v4,4
643805,reward,5580,272.0858625737872,304.006,SF-P3O,Walker2d-v4,4
643906,reward,5581,229.25680030376205,309.923,SF-P3O,Walker2d-v4,4
644036,reward,5582,330.7219966045578,305.622,SF-P3O,Walker2d-v4,4
644164,reward,5583,296.4349880620562,306.902,SF-P3O,Walker2d-v4,4
644282,reward,5584,299.9034069247483,302.88,SF-P3O,Walker2d-v4,4
644408,reward,5585,308.0379345460614,300.431,SF-P3O,Walker2d-v4,4
644530,reward,5586,315.7520848713941,299.995,SF-P3O,Walker2d-v4,4
644610,reward,5587,160.66369991302204,289.11,SF-P3O,Walker2d-v4,4
644730,reward,5588,301.2593055455979,284.226,SF-P3O,Walker2d-v4,4
644852,reward,5589,299.3936717572214,281.351,SF-P3O,Walker2d-v4,4
644974,reward,5590,291.7600520566693,283.318,SF-P3O,Walker2d-v4,4
645100,reward,5591,315.1202740059285,291.905,SF-P3O,Walker2d-v4,4
645230,reward,5592,327.83667214490964,291.616,SF-P3O,Walker2d-v4,4
645378,reward,5593,367.43550038463894,298.716,SF-P3O,Walker2d-v4,4
645494,reward,5594,288.0602644967738,297.532,SF-P3O,Walker2d-v4,4
645613,reward,5595,284.28174902588034,295.156,SF-P3O,Walker2d-v4,4
645744,reward,5596,327.93930783795565,296.375,SF-P3O,Walker2d-v4,4
645859,reward,5597,282.93506238997145,308.602,SF-P3O,Walker2d-v4,4
645984,reward,5598,313.1474115917235,309.791,SF-P3O,Walker2d-v4,4
646096,reward,5599,266.03122272184106,306.455,SF-P3O,Walker2d-v4,4
646240,reward,5600,359.6815372445486,313.247,SF-P3O,Walker2d-v4,4
646374,reward,5601,338.2007987115553,315.555,SF-P3O,Walker2d-v4,4
646495,reward,5602,286.7503752034136,311.446,SF-P3O,Walker2d-v4,4
646621,reward,5603,306.2037781553936,305.323,SF-P3O,Walker2d-v4,4
646768,reward,5604,350.02641829691527,311.52,SF-P3O,Walker2d-v4,4
646933,reward,5605,393.540455809555,322.446,SF-P3O,Walker2d-v4,4
647046,reward,5606,279.0833196180874,317.56,SF-P3O,Walker2d-v4,4
647168,loss,-0.056700199842453,0.5613406300544739,SF-P3O,Walker2d-v4,4
647177,reward,5607,322.40534645382854,321.507,SF-P3O,Walker2d-v4,4
647313,reward,5608,332.5562269310371,323.448,SF-P3O,Walker2d-v4,4
647440,reward,5609,316.0847213218299,328.453,SF-P3O,Walker2d-v4,4
647548,reward,5610,265.90165162431254,319.075,SF-P3O,Walker2d-v4,4
647659,reward,5611,278.21338809304183,313.077,SF-P3O,Walker2d-v4,4
647819,reward,5612,349.3028342330047,319.332,SF-P3O,Walker2d-v4,4
647960,reward,5613,362.7877739151721,324.99,SF-P3O,Walker2d-v4,4
648110,reward,5614,344.5882153443923,324.446,SF-P3O,Walker2d-v4,4
648228,reward,5615,296.47583253289673,314.74,SF-P3O,Walker2d-v4,4
648344,reward,5616,283.8699702781159,315.219,SF-P3O,Walker2d-v4,4
648469,reward,5617,316.14210504577994,314.592,SF-P3O,Walker2d-v4,4
648584,reward,5618,282.09348656488646,309.546,SF-P3O,Walker2d-v4,4
648712,reward,5619,305.9445126623608,308.532,SF-P3O,Walker2d-v4,4
648835,reward,5620,284.66154145697715,310.408,SF-P3O,Walker2d-v4,4
648951,reward,5621,276.6966157315681,310.256,SF-P3O,Walker2d-v4,4
649070,reward,5622,276.7296362607496,302.999,SF-P3O,Walker2d-v4,4
649187,reward,5623,298.66720134427743,296.587,SF-P3O,Walker2d-v4,4
649328,reward,5624,334.28128803939563,295.556,SF-P3O,Walker2d-v4,4
649459,reward,5625,324.8896724967736,298.398,SF-P3O,Walker2d-v4,4
649595,reward,5626,316.7406518961051,301.685,SF-P3O,Walker2d-v4,4
649703,reward,5627,270.1202590583818,297.082,SF-P3O,Walker2d-v4,4
649846,reward,5628,361.82573993456964,305.056,SF-P3O,Walker2d-v4,4
649978,reward,5629,311.26913044878796,305.588,SF-P3O,Walker2d-v4,4
650000,speed,617.78,18.86,SF-P3O,Walker2d-v4,4
650001,perturb,0.064997,0.951,0.9185,324,450,0.0,6,SF-P3O,Walker2d-v4,4
650089,reward,5630,276.4607680071692,304.768,SF-P3O,Walker2d-v4,4
650223,reward,5631,340.2989006393006,311.128,SF-P3O,Walker2d-v4,4
650334,reward,5632,274.8232195725389,310.938,SF-P3O,Walker2d-v4,4
650482,reward,5633,352.5140026649583,316.322,SF-P3O,Walker2d-v4,4
650601,reward,5634,278.9567273127431,310.79,SF-P3O,Walker2d-v4,4
650737,reward,5635,329.16940005309505,311.218,SF-P3O,Walker2d-v4,4
650857,reward,5636,265.10341342354604,306.054,SF-P3O,Walker2d-v4,4
651003,reward,5637,317.071624044009,310.749,SF-P3O,Walker2d-v4,4
651140,reward,5638,328.797143524664,307.446,SF-P3O,Walker2d-v4,4
651260,reward,5639,280.76249365807473,304.396,SF-P3O,Walker2d-v4,4
651401,reward,5640,343.31250048807493,311.081,SF-P3O,Walker2d-v4,4
651542,reward,5641,316.50092953397103,308.701,SF-P3O,Walker2d-v4,4
651656,reward,5642,261.03769061886993,307.323,SF-P3O,Walker2d-v4,4
651779,reward,5643,316.38578392983914,303.71,SF-P3O,Walker2d-v4,4
651925,reward,5644,370.8420063331187,312.898,SF-P3O,Walker2d-v4,4
652057,reward,5645,322.91879194949337,312.273,SF-P3O,Walker2d-v4,4
652189,reward,5646,327.64973716367496,318.528,SF-P3O,Walker2d-v4,4
652337,reward,5647,355.4422017273823,322.365,SF-P3O,Walker2d-v4,4
652445,reward,5648,262.548010780648,315.74,SF-P3O,Walker2d-v4,4
652605,reward,5649,383.15775639030176,325.98,SF-P3O,Walker2d-v4,4
652749,reward,5650,366.7813161804908,328.326,SF-P3O,Walker2d-v4,4
652901,reward,5651,360.26578953345904,332.703,SF-P3O,Walker2d-v4,4
653050,reward,5652,358.7690894215261,342.476,SF-P3O,Walker2d-v4,4
653159,reward,5653,244.76128277307498,335.314,SF-P3O,Walker2d-v4,4
653255,reward,5654,201.46769837241635,318.376,SF-P3O,Walker2d-v4,4
653380,reward,5655,296.5729134674909,315.742,SF-P3O,Walker2d-v4,4
653480,reward,5656,235.71407592267462,306.548,SF-P3O,Walker2d-v4,4
653583,reward,5657,255.38938648629605,296.543,SF-P3O,Walker2d-v4,4
653699,reward,5658,276.3876423768515,297.927,SF-P3O,Walker2d-v4,4
653865,reward,5659,389.5558751058388,298.567,SF-P3O,Walker2d-v4,4
653971,reward,5660,261.76583844221295,288.065,SF-P3O,Walker2d-v4,4
654107,reward,5661,330.86049836261566,285.124,SF-P3O,Walker2d-v4,4
654242,reward,5662,337.0744028612279,282.955,SF-P3O,Walker2d-v4,4
654364,reward,5663,293.9591896666925,287.875,SF-P3O,Walker2d-v4,4
654476,reward,5664,276.2146103536564,295.349,SF-P3O,Walker2d-v4,4
654587,reward,5665,256.3939856585682,291.332,SF-P3O,Walker2d-v4,4
654715,reward,5666,309.7189230509343,298.732,SF-P3O,Walker2d-v4,4
654857,reward,5667,343.1469009074886,307.508,SF-P3O,Walker2d-v4,4
654989,reward,5668,310.83352786894756,310.952,SF-P3O,Walker2d-v4,4
655121,reward,5669,318.7286711548144,303.87,SF-P3O,Walker2d-v4,4
655234,reward,5670,266.5366396389097,304.347,SF-P3O,Walker2d-v4,4
655337,reward,5671,240.72983892397647,295.334,SF-P3O,Walker2d-v4,4
655360,loss,-0.06503838300704956,0.6560027599334717,SF-P3O,Walker2d-v4,4
655360,diagnostics,0.0,65.52,31.639,0.065332,0.950728,0.9146,0.129481,SF-P3O,Walker2d-v4,4
655462,reward,5672,314.8923421885682,293.115,SF-P3O,Walker2d-v4,4
655618,reward,5673,378.88059490947353,301.608,SF-P3O,Walker2d-v4,4
655761,reward,5674,348.6961955954437,308.856,SF-P3O,Walker2d-v4,4
655945,reward,5675,404.19911058940494,323.636,SF-P3O,Walker2d-v4,4
656074,reward,5676,318.2101897267367,324.485,SF-P3O,Walker2d-v4,4
656225,reward,5677,366.42517711612606,326.813,SF-P3O,Walker2d-v4,4
656339,reward,5678,273.2786675710518,323.058,SF-P3O,Walker2d-v4,4
656456,reward,5679,273.9328934727627,318.578,SF-P3O,Walker2d-v4,4
656619,reward,5680,369.8486845612281,328.909,SF-P3O,Walker2d-v4,4
656758,reward,5681,327.8812727196771,337.625,SF-P3O,Walker2d-v4,4
656884,reward,5682,309.7202607376805,337.107,SF-P3O,Walker2d-v4,4
657026,reward,5683,349.66748124979887,334.186,SF-P3O,Walker2d-v4,4
657149,reward,5684,329.93017896123183,332.309,SF-P3O,Walker2d-v4,4
657278,reward,5685,311.2292203565098,323.012,SF-P3O,Walker2d-v4,4
657405,reward,5686,303.82502810766664,321.574,SF-P3O,Walker2d-v4,4
657551,reward,5687,343.537822901989,319.285,SF-P3O,Walker2d-v4,4
657683,reward,5688,327.1861680644213,324.676,SF-P3O,Walker2d-v4,4
657813,reward,5689,325.9763732408156,329.88,SF-P3O,Walker2d-v4,4
657961,reward,5690,355.90461799270867,328.486,SF-P3O,Walker2d-v4,4
658094,reward,5691,319.5457721980552,327.652,SF-P3O,Walker2d-v4,4
658230,reward,5692,316.2311506212318,328.303,SF-P3O,Walker2d-v4,4
658340,reward,5693,252.65214083940793,318.602,SF-P3O,Walker2d-v4,4
658472,reward,5694,308.3976984377506,316.449,SF-P3O,Walker2d-v4,4
658616,reward,5695,332.3203010101637,318.558,SF-P3O,Walker2d-v4,4
658734,reward,5696,290.7962985061139,317.255,SF-P3O,Walker2d-v4,4
658851,reward,5697,280.15375628080875,310.916,SF-P3O,Walker2d-v4,4
658963,reward,5698,258.5670991083799,304.055,SF-P3O,Walker2d-v4,4
659066,reward,5699,237.29188282586824,295.186,SF-P3O,Walker2d-v4,4
659179,reward,5700,265.78417030083267,286.174,SF-P3O,Walker2d-v4,4
659301,reward,5701,287.5494228542949,282.974,SF-P3O,Walker2d-v4,4
659416,reward,5702,303.34795763349723,281.686,SF-P3O,Walker2d-v4,4
659554,reward,5703,333.5989432983135,289.781,SF-P3O,Walker2d-v4,4
659684,reward,5704,317.10116152576313,290.651,SF-P3O,Walker2d-v4,4
659838,reward,5705,366.340469944886,294.053,SF-P3O,Walker2d-v4,4
659983,reward,5706,339.9995000127495,298.973,SF-P3O,Walker2d-v4,4
660000,speed,750.23,19.09,SF-P3O,Walker2d-v4,4
660001,spectral,0.065332,0.950728,0.9146,SF-P3O,Walker2d-v4,4
660115,reward,5707,314.30755863452896,302.389,SF-P3O,Walker2d-v4,4
660245,reward,5708,322.2379090464296,308.756,SF-P3O,Walker2d-v4,4
660365,reward,5709,298.13889280981243,314.841,SF-P3O,Walker2d-v4,4
660546,reward,5710,396.9639404347671,327.959,SF-P3O,Walker2d-v4,4
660668,reward,5711,289.3435745343649,328.138,SF-P3O,Walker2d-v4,4
660820,reward,5712,365.15024498263244,334.318,SF-P3O,Walker2d-v4,4
660940,reward,5713,289.7899445196823,329.937,SF-P3O,Walker2d-v4,4
661076,reward,5714,348.4111267829129,333.068,SF-P3O,Walker2d-v4,4
661179,reward,5715,242.46956423828527,320.681,SF-P3O,Walker2d-v4,4
661299,reward,5716,292.1878008109174,315.9,SF-P3O,Walker2d-v4,4
661420,reward,5717,292.9992690152956,313.769,SF-P3O,Walker2d-v4,4
661552,reward,5718,329.23061705525595,314.468,SF-P3O,Walker2d-v4,4
661677,reward,5719,322.73431056910925,316.928,SF-P3O,Walker2d-v4,4
661819,reward,5720,355.5659594359723,312.788,SF-P3O,Walker2d-v4,4
661980,reward,5721,380.4718646693211,321.901,SF-P3O,Walker2d-v4,4
662098,reward,5722,275.70407005337296,312.956,SF-P3O,Walker2d-v4,4
662227,reward,5723,331.0704831382106,317.085,SF-P3O,Walker2d-v4,4
662348,reward,5724,293.73877231028166,311.617,SF-P3O,Walker2d-v4,4
662501,reward,5725,376.3770825097412,325.008,SF-P3O,Walker2d-v4,4
662611,reward,5726,270.6396076456165,322.853,SF-P3O,Walker2d-v4,4
662731,reward,5727,298.2744497813238,323.381,SF-P3O,Walker2d-v4,4
662867,reward,5728,336.51101076789274,324.109,SF-P3O,Walker2d-v4,4
662979,reward,5729,283.8413909549175,320.219,SF-P3O,Walker2d-v4,4
663119,reward,5730,339.3390941522109,318.597,SF-P3O,Walker2d-v4,4
663270,reward,5731,364.4963592866716,316.999,SF-P3O,Walker2d-v4,4
663433,reward,5732,365.3813763304743,325.967,SF-P3O,Walker2d-v4,4
663533,reward,5733,217.92577852149506,314.652,SF-P3O,Walker2d-v4,4
663552,loss,-0.12666653096675873,0.5524153709411621,SF-P3O,Walker2d-v4,4
663656,reward,5734,297.98282645360075,315.077,SF-P3O,Walker2d-v4,4
663771,reward,5735,286.4292528497063,306.082,SF-P3O,Walker2d-v4,4
663889,reward,5736,312.85424060713956,310.304,SF-P3O,Walker2d-v4,4
664027,reward,5737,312.50297981618746,311.726,SF-P3O,Walker2d-v4,4
664191,reward,5738,375.9040740440205,315.666,SF-P3O,Walker2d-v4,4
664335,reward,5739,343.92825864239813,321.674,SF-P3O,Walker2d-v4,4
664459,reward,5740,301.7574733380303,317.916,SF-P3O,Walker2d-v4,4
664581,reward,5741,299.10011312105183,311.377,SF-P3O,Walker2d-v4,4
664697,reward,5742,282.25269223277934,303.064,SF-P3O,Walker2d-v4,4
664836,reward,5743,298.64172392344466,311.135,SF-P3O,Walker2d-v4,4
664963,reward,5744,304.86915609516325,311.824,SF-P3O,Walker2d-v4,4
665095,reward,5745,309.5166233850743,314.133,SF-P3O,Walker2d-v4,4
665221,reward,5746,308.93286870251364,313.741,SF-P3O,Walker2d-v4,4
665350,reward,5747,313.8156426047845,313.872,SF-P3O,Walker2d-v4,4
665486,reward,5748,344.993572941428,310.781,SF-P3O,Walker2d-v4,4
665629,reward,5749,350.8292866652621,311.471,SF-P3O,Walker2d-v4,4
665741,reward,5750,277.2363947278716,309.019,SF-P3O,Walker2d-v4,4
665840,reward,5751,226.61971868690446,301.771,SF-P3O,Walker2d-v4,4
665949,reward,5752,263.5859768303746,299.904,SF-P3O,Walker2d-v4,4
666075,reward,5753,304.2442909368369,300.464,SF-P3O,Walker2d-v4,4
666185,reward,5754,281.3041749795088,298.108,SF-P3O,Walker2d-v4,4
666313,reward,5755,315.02136993561624,298.658,SF-P3O,Walker2d-v4,4
666449,reward,5756,324.46213663614446,300.211,SF-P3O,Walker2d-v4,4
666570,reward,5757,290.1770183724523,297.847,SF-P3O,Walker2d-v4,4
666710,reward,5758,362.8910638861712,299.637,SF-P3O,Walker2d-v4,4
666845,reward,5759,334.4189269863733,297.996,SF-P3O,Walker2d-v4,4
666958,reward,5760,277.9997781494399,298.072,SF-P3O,Walker2d-v4,4
667071,reward,5761,282.8726116369288,303.698,SF-P3O,Walker2d-v4,4
667179,reward,5762,255.5056055909009,302.89,SF-P3O,Walker2d-v4,4
667285,reward,5763,265.9657620249077,299.062,SF-P3O,Walker2d-v4,4
667420,reward,5764,345.6038541668906,305.492,SF-P3O,Walker2d-v4,4
667553,reward,5765,322.3057759985347,306.22,SF-P3O,Walker2d-v4,4
667677,reward,5766,303.0242941784942,304.076,SF-P3O,Walker2d-v4,4
667808,reward,5767,310.324256396576,306.091,SF-P3O,Walker2d-v4,4
667923,reward,5768,258.22054027241523,295.624,SF-P3O,Walker2d-v4,4
668037,reward,5769,277.810881134518,289.963,SF-P3O,Walker2d-v4,4
668155,reward,5770,277.8735487325264,289.951,SF-P3O,Walker2d-v4,4
668288,reward,5771,335.9921266109289,295.263,SF-P3O,Walker2d-v4,4
668385,reward,5772,214.8993724411792,291.202,SF-P3O,Walker2d-v4,4
668502,reward,5773,287.4137640140908,293.347,SF-P3O,Walker2d-v4,4
668620,reward,5774,285.11571780905876,287.298,SF-P3O,Walker2d-v4,4
668742,reward,5775,295.66967629381867,284.634,SF-P3O,Walker2d-v4,4
668892,reward,5776,374.81717469035175,291.814,SF-P3O,Walker2d-v4,4
669041,reward,5777,367.29569040958717,297.511,SF-P3O,Walker2d-v4,4
669167,reward,5778,313.64252709449966,303.053,SF-P3O,Walker2d-v4,4
669292,reward,5779,310.9910979502926,306.371,SF-P3O,Walker2d-v4,4
669421,reward,5780,314.47826351668215,310.032,SF-P3O,Walker2d-v4,4
669548,reward,5781,306.43600439581326,307.076,SF-P3O,Walker2d-v4,4
669669,reward,5782,294.05170129128015,314.991,SF-P3O,Walker2d-v4,4
669800,reward,5783,315.3839323357646,317.788,SF-P3O,Walker2d-v4,4
669926,reward,5784,322.31518701075714,321.508,SF-P3O,Walker2d-v4,4
670000,speed,809.7,19.29,SF-P3O,Walker2d-v4,4
670001,spectral,0.065839,0.950727,0.9141,SF-P3O,Walker2d-v4,4
670044,reward,5785,291.3714459793994,321.078,SF-P3O,Walker2d-v4,4
670169,reward,5786,303.08390119049744,313.905,SF-P3O,Walker2d-v4,4
670274,reward,5787,238.83277343438837,301.059,SF-P3O,Walker2d-v4,4
670421,reward,5788,360.0710576003174,305.702,SF-P3O,Walker2d-v4,4
670536,reward,5789,288.07272538489235,303.41,SF-P3O,Walker2d-v4,4
670683,reward,5790,371.2823941310901,309.09,SF-P3O,Walker2d-v4,4
670774,reward,5791,201.98490065582277,298.645,SF-P3O,Walker2d-v4,4
670908,reward,5792,326.581853640692,301.898,SF-P3O,Walker2d-v4,4
671029,reward,5793,308.5368915755564,301.213,SF-P3O,Walker2d-v4,4
671159,reward,5794,309.5419263110219,299.936,SF-P3O,Walker2d-v4,4
671270,reward,5795,279.9177055408016,298.791,SF-P3O,Walker2d-v4,4
671412,reward,5796,348.67877633172145,303.35,SF-P3O,Walker2d-v4,4
671544,reward,5797,329.8021004480992,312.447,SF-P3O,Walker2d-v4,4
671684,reward,5798,364.0629375665193,312.846,SF-P3O,Walker2d-v4,4
671744,loss,0.022375918924808502,0.5375887751579285,SF-P3O,Walker2d-v4,4
671744,diagnostics,0.0,65.75,11.2731,0.066297,0.950813,0.907,0.120912,SF-P3O,Walker2d-v4,4
671830,reward,5799,350.1825750059635,319.057,SF-P3O,Walker2d-v4,4
671968,reward,5800,325.6677156644095,314.496,SF-P3O,Walker2d-v4,4
672076,reward,5801,261.93221245616917,320.49,SF-P3O,Walker2d-v4,4
672186,reward,5802,267.9113491199606,314.623,SF-P3O,Walker2d-v4,4
672307,reward,5803,301.03286601041407,313.873,SF-P3O,Walker2d-v4,4
672476,reward,5804,386.8656121477691,321.605,SF-P3O,Walker2d-v4,4
672592,reward,5805,283.29703399792623,321.943,SF-P3O,Walker2d-v4,4
672714,reward,5806,302.71868199885716,317.347,SF-P3O,Walker2d-v4,4
672818,reward,5807,241.18353919506865,308.485,SF-P3O,Walker2d-v4,4
672939,reward,5808,290.4538088276178,301.125,SF-P3O,Walker2d-v4,4
673068,reward,5809,335.20802295773353,299.627,SF-P3O,Walker2d-v4,4
673196,reward,5810,309.7397741400807,298.034,SF-P3O,Walker2d-v4,4
673312,reward,5811,281.1624124704136,299.957,SF-P3O,Walker2d-v4,4
673438,reward,5812,324.6374344279098,305.63,SF-P3O,Walker2d-v4,4
673570,reward,5813,336.1287732534394,309.14,SF-P3O,Walker2d-v4,4
673708,reward,5814,332.41483080279954,303.694,SF-P3O,Walker2d-v4,4
673816,reward,5815,251.77685900232223,300.542,SF-P3O,Walker2d-v4,4
673967,reward,5816,376.57467833524476,307.928,SF-P3O,Walker2d-v4,4
674123,reward,5817,363.5813422844133,320.168,SF-P3O,Walker2d-v4,4
674234,reward,5818,239.40163070832077,315.063,SF-P3O,Walker2d-v4,4
674368,reward,5819,324.9515438537897,314.037,SF-P3O,Walker2d-v4,4
674477,reward,5820,240.11867160347603,307.075,SF-P3O,Walker2d-v4,4
674586,reward,5821,270.406939005665,305.999,SF-P3O,Walker2d-v4,4
674665,reward,5822,162.21421694726521,289.757,SF-P3O,Walker2d-v4,4
674806,reward,5823,355.3095207445201,291.675,SF-P3O,Walker2d-v4,4
674922,reward,5824,273.11452569224355,285.745,SF-P3O,Walker2d-v4,4
675048,reward,5825,291.0459386326622,289.672,SF-P3O,Walker2d-v4,4
675163,reward,5826,287.1926170852355,280.734,SF-P3O,Walker2d-v4,4
675288,reward,5827,309.2035098791826,275.296,SF-P3O,Walker2d-v4,4
675428,reward,5828,347.61063576208784,286.117,SF-P3O,Walker2d-v4,4
675551,reward,5829,308.5343922393083,284.475,SF-P3O,Walker2d-v4,4
675675,reward,5830,313.7922956058109,291.842,SF-P3O,Walker2d-v4,4
675822,reward,5831,328.307268915275,297.632,SF-P3O,Walker2d-v4,4
675938,reward,5832,305.4068306752924,311.952,SF-P3O,Walker2d-v4,4
676065,reward,5833,323.48539122163044,308.769,SF-P3O,Walker2d-v4,4
676219,reward,5834,359.9125452747075,317.449,SF-P3O,Walker2d-v4,4
676371,reward,5835,364.8302181914229,324.828,SF-P3O,Walker2d-v4,4
676473,reward,5836,239.89921740296433,320.098,SF-P3O,Walker2d-v4,4
676629,reward,5837,392.7111970133959,328.449,SF-P3O,Walker2d-v4,4
676775,reward,5838,362.663556910222,329.954,SF-P3O,Walker2d-v4,4
676875,reward,5839,231.38886988167934,322.24,SF-P3O,Walker2d-v4,4
677001,reward,5840,320.5492920222313,322.915,SF-P3O,Walker2d-v4,4
677121,reward,5841,290.2371168351864,319.108,SF-P3O,Walker2d-v4,4
677247,reward,5842,325.7804885634584,321.146,SF-P3O,Walker2d-v4,4
677368,reward,5843,304.3055537753062,319.228,SF-P3O,Walker2d-v4,4
677507,reward,5844,342.4682377231938,317.483,SF-P3O,Walker2d-v4,4
677637,reward,5845,321.7042279226567,313.171,SF-P3O,Walker2d-v4,4
677761,reward,5846,295.8871351582655,318.77,SF-P3O,Walker2d-v4,4
677877,reward,5847,291.1641109239703,308.615,SF-P3O,Walker2d-v4,4
677986,reward,5848,250.18668425557544,297.367,SF-P3O,Walker2d-v4,4
678106,reward,5849,301.36927047891277,304.365,SF-P3O,Walker2d-v4,4
678223,reward,5850,290.3762611460065,301.348,SF-P3O,Walker2d-v4,4
678336,reward,5851,278.6002315793844,300.184,SF-P3O,Walker2d-v4,4
678458,reward,5852,283.3089044600326,295.937,SF-P3O,Walker2d-v4,4
678574,reward,5853,292.54129747584875,294.761,SF-P3O,Walker2d-v4,4
678701,reward,5854,314.48655859446654,291.962,SF-P3O,Walker2d-v4,4
678815,reward,5855,279.89788972649126,287.782,SF-P3O,Walker2d-v4,4
678936,reward,5856,305.9887797416385,288.792,SF-P3O,Walker2d-v4,4
679079,reward,5857,338.8832735663103,293.564,SF-P3O,Walker2d-v4,4
679213,reward,5858,329.6938548174786,301.515,SF-P3O,Walker2d-v4,4
679331,reward,5859,314.7134843405872,302.849,SF-P3O,Walker2d-v4,4
679476,reward,5860,345.0786637374883,308.319,SF-P3O,Walker2d-v4,4
679598,reward,5861,288.71656759203273,309.331,SF-P3O,Walker2d-v4,4
679711,reward,5862,284.5100716640398,309.451,SF-P3O,Walker2d-v4,4
679840,reward,5863,323.7632109682906,312.573,SF-P3O,Walker2d-v4,4
679936,loss,0.015382631681859493,0.7034926414489746,SF-P3O,Walker2d-v4,4
679972,reward,5864,338.1276511021121,314.937,SF-P3O,Walker2d-v4,4
680000,speed,536.14,19.6,SF-P3O,Walker2d-v4,4
680001,spectral,0.066731,0.950605,0.9221,SF-P3O,Walker2d-v4,4
680108,reward,5865,331.71418825164085,320.119,SF-P3O,Walker2d-v4,4
680245,reward,5866,325.6706370157654,322.087,SF-P3O,Walker2d-v4,4
680366,reward,5867,276.8657469399455,315.885,SF-P3O,Walker2d-v4,4
680481,reward,5868,290.0813396468301,311.924,SF-P3O,Walker2d-v4,4
680602,reward,5869,294.7525359708857,309.928,SF-P3O,Walker2d-v4,4
680724,reward,5870,309.7140133491667,306.392,SF-P3O,Walker2d-v4,4
680870,reward,5871,361.38137022003383,313.658,SF-P3O,Walker2d-v4,4
681009,reward,5872,325.5660094192154,317.764,SF-P3O,Walker2d-v4,4
681136,reward,5873,329.90014890655686,318.377,SF-P3O,Walker2d-v4,4
681285,reward,5874,337.4718503772077,318.312,SF-P3O,Walker2d-v4,4
681407,reward,5875,304.1001666752532,315.55,SF-P3O,Walker2d-v4,4
681553,reward,5876,366.9535145818667,319.679,SF-P3O,Walker2d-v4,4
681680,reward,5877,332.4161176148454,325.234,SF-P3O,Walker2d-v4,4
681832,reward,5878,367.607594775127,332.986,SF-P3O,Walker2d-v4,4
681951,reward,5879,303.38430128565597,333.85,SF-P3O,Walker2d-v4,4
682090,reward,5880,343.38388500036825,337.216,SF-P3O,Walker2d-v4,4
682206,reward,5881,299.845794760489,331.063,SF-P3O,Walker2d-v4,4
682329,reward,5882,315.9843380877716,330.105,SF-P3O,Walker2d-v4,4
682437,reward,5883,259.3906311113413,323.054,SF-P3O,Walker2d-v4,4
682567,reward,5884,319.5457147240926,321.261,SF-P3O,Walker2d-v4,4
682700,reward,5885,324.99170217275423,323.35,SF-P3O,Walker2d-v4,4
682827,reward,5886,328.58838046411927,319.514,SF-P3O,Walker2d-v4,4
682961,reward,5887,309.65946277827123,317.238,SF-P3O,Walker2d-v4,4
683102,reward,5888,354.6649921907018,315.944,SF-P3O,Walker2d-v4,4
683219,reward,5889,305.3914826649698,316.145,SF-P3O,Walker2d-v4,4
683346,reward,5890,321.60853840405576,313.967,SF-P3O,Walker2d-v4,4
683470,reward,5891,311.6631325160279,315.149,SF-P3O,Walker2d-v4,4
683599,reward,5892,324.5548598718929,316.006,SF-P3O,Walker2d-v4,4
683723,reward,5893,298.6693569404763,319.934,SF-P3O,Walker2d-v4,4
683818,reward,5894,219.21164021256436,309.9,SF-P3O,Walker2d-v4,4
683942,reward,5895,326.11132406491953,310.012,SF-P3O,Walker2d-v4,4
684051,reward,5896,253.7134444789946,302.525,SF-P3O,Walker2d-v4,4
684160,reward,5897,266.2143149943791,298.18,SF-P3O,Walker2d-v4,4
684291,reward,5898,329.53023789176683,295.667,SF-P3O,Walker2d-v4,4
684421,reward,5899,339.9969248589439,299.127,SF-P3O,Walker2d-v4,4
684559,reward,5900,350.10750729925377,301.977,SF-P3O,Walker2d-v4,4
684713,reward,5901,385.4478596061867,309.356,SF-P3O,Walker2d-v4,4
684849,reward,5902,348.211852575027,311.721,SF-P3O,Walker2d-v4,4
684974,reward,5903,298.3535159767893,311.69,SF-P3O,Walker2d-v4,4
685099,reward,5904,318.30594585434466,321.599,SF-P3O,Walker2d-v4,4
685203,reward,5905,253.18916490575313,314.307,SF-P3O,Walker2d-v4,4
685321,reward,5906,286.0394706783655,317.54,SF-P3O,Walker2d-v4,4
685497,reward,5907,395.52401748221126,330.471,SF-P3O,Walker2d-v4,4
685614,reward,5908,288.5597824425235,326.374,SF-P3O,Walker2d-v4,4
685743,reward,5909,323.8052967529477,324.754,SF-P3O,Walker2d-v4,4
685867,reward,5910,311.8976583434058,320.933,SF-P3O,Walker2d-v4,4
685972,reward,5911,250.62003025136391,307.451,SF-P3O,Walker2d-v4,4
686112,reward,5912,346.11527936912887,307.241,SF-P3O,Walker2d-v4,4
686252,reward,5913,352.07576501746723,312.613,SF-P3O,Walker2d-v4,4
686376,reward,5914,291.69574877592004,309.952,SF-P3O,Walker2d-v4,4
686529,reward,5915,361.01601725044316,320.735,SF-P3O,Walker2d-v4,4
686666,reward,5916,335.1435315929713,325.645,SF-P3O,Walker2d-v4,4
686797,reward,5917,331.8115656001491,319.274,SF-P3O,Walker2d-v4,4
686927,reward,5918,332.30879995596473,323.649,SF-P3O,Walker2d-v4,4
687071,reward,5919,359.4431090868695,327.213,SF-P3O,Walker2d-v4,4
687192,reward,5920,297.0918344758654,325.732,SF-P3O,Walker2d-v4,4
687319,reward,5921,290.05874633704565,329.676,SF-P3O,Walker2d-v4,4
687458,reward,5922,316.39621887985766,326.704,SF-P3O,Walker2d-v4,4
687592,reward,5923,352.93051874713893,326.79,SF-P3O,Walker2d-v4,4
687718,reward,5924,309.55437179175874,328.575,SF-P3O,Walker2d-v4,4
687880,reward,5925,396.50889686636583,332.125,SF-P3O,Walker2d-v4,4
688023,reward,5926,326.14025020330223,331.224,SF-P3O,Walker2d-v4,4
688128,loss,-0.10575960576534271,0.45265689492225647,SF-P3O,Walker2d-v4,4
688128,diagnostics,0.0,66.02,21.7198,0.067161,0.95043,0.9322,0.115132,SF-P3O,Walker2d-v4,4
688136,reward,5927,259.44962695332316,323.988,SF-P3O,Walker2d-v4,4
688266,reward,5928,309.3680716555247,321.694,SF-P3O,Walker2d-v4,4
688413,reward,5929,361.1101503982724,321.861,SF-P3O,Walker2d-v4,4
688580,reward,5930,405.4505981961112,332.697,SF-P3O,Walker2d-v4,4
688696,reward,5931,286.63431299200585,332.354,SF-P3O,Walker2d-v4,4
688805,reward,5932,258.3420387813165,326.549,SF-P3O,Walker2d-v4,4
688944,reward,5933,340.06440014752206,325.262,SF-P3O,Walker2d-v4,4
689096,reward,5934,356.6161349940617,329.968,SF-P3O,Walker2d-v4,4
689256,reward,5935,372.69279682391976,327.587,SF-P3O,Walker2d-v4,4
689409,reward,5936,404.3833820366613,335.411,SF-P3O,Walker2d-v4,4
689520,reward,5937,264.22803623212405,335.889,SF-P3O,Walker2d-v4,4
689628,reward,5938,282.89668705276347,333.242,SF-P3O,Walker2d-v4,4
689784,reward,5939,385.34894488894065,335.666,SF-P3O,Walker2d-v4,4
689898,reward,5940,285.33938919990607,323.655,SF-P3O,Walker2d-v4,4
690000,speed,803.19,19.81,SF-P3O,Walker2d-v4,4
690001,spectral,0.067161,0.95043,0.9322,SF-P3O,Walker2d-v4,4
690029,reward,5941,336.3109327308269,328.622,SF-P3O,Walker2d-v4,4
690163,reward,5942,333.5489420979748,336.143,SF-P3O,Walker2d-v4,4
690306,reward,5943,355.8447431763563,337.721,SF-P3O,Walker2d-v4,4
690481,reward,5944,382.9451985977888,340.354,SF-P3O,Walker2d-v4,4
690593,reward,5945,288.04697106676736,331.889,SF-P3O,Walker2d-v4,4
690740,reward,5946,363.9659222914952,327.848,SF-P3O,Walker2d-v4,4
690887,reward,5947,376.4756714045841,339.072,SF-P3O,Walker2d-v4,4
691014,reward,5948,317.88633770596124,342.571,SF-P3O,Walker2d-v4,4
691131,reward,5949,292.42875787566544,333.279,SF-P3O,Walker2d-v4,4
691238,reward,5950,240.65588688573197,328.811,SF-P3O,Walker2d-v4,4
691379,reward,5951,358.93258051732045,331.073,SF-P3O,Walker2d-v4,4
691502,reward,5952,305.2693027973891,328.245,SF-P3O,Walker2d-v4,4
691636,reward,5953,328.91178201855087,325.552,SF-P3O,Walker2d-v4,4
691771,reward,5954,318.7363091859888,319.131,SF-P3O,Walker2d-v4,4
691889,reward,5955,297.55529132389495,320.082,SF-P3O,Walker2d-v4,4
692025,reward,5956,337.2075213349658,317.406,SF-P3O,Walker2d-v4,4
692170,reward,5957,379.66703206847524,317.725,SF-P3O,Walker2d-v4,4
692290,reward,5958,303.32214577177126,316.269,SF-P3O,Walker2d-v4,4
692403,reward,5959,284.0357789976021,315.429,SF-P3O,Walker2d-v4,4
692506,reward,5960,249.2947459275276,316.293,SF-P3O,Walker2d-v4,4
692634,reward,5961,299.79802447913863,310.38,SF-P3O,Walker2d-v4,4
692745,reward,5962,276.4060791827045,307.493,SF-P3O,Walker2d-v4,4
692874,reward,5963,341.14128718956334,308.716,SF-P3O,Walker2d-v4,4
693005,reward,5964,324.18749119435455,309.262,SF-P3O,Walker2d-v4,4
693127,reward,5965,311.4545617408899,310.651,SF-P3O,Walker2d-v4,4
693245,reward,5966,280.6496951570583,304.996,SF-P3O,Walker2d-v4,4
693373,reward,5967,326.63574975963303,299.693,SF-P3O,Walker2d-v4,4
693496,reward,5968,333.4753914910833,302.708,SF-P3O,Walker2d-v4,4
693621,reward,5969,306.78039853504885,304.982,SF-P3O,Walker2d-v4,4
693741,reward,5970,296.2402828680875,309.677,SF-P3O,Walker2d-v4,4
693900,reward,5971,385.0144771722568,318.199,SF-P3O,Walker2d-v4,4
694048,reward,5972,394.58161454059854,330.016,SF-P3O,Walker2d-v4,4
694184,reward,5973,340.92784897861304,329.995,SF-P3O,Walker2d-v4,4
694311,reward,5974,315.3066829986438,329.107,SF-P3O,Walker2d-v4,4
694442,reward,5975,332.66682999062306,331.228,SF-P3O,Walker2d-v4,4
694562,reward,5976,303.5877068467651,333.522,SF-P3O,Walker2d-v4,4
694698,reward,5977,332.07703912328793,334.066,SF-P3O,Walker2d-v4,4
694826,reward,5978,284.94252865126566,329.213,SF-P3O,Walker2d-v4,4
694970,reward,5979,352.6817006095729,333.803,SF-P3O,Walker2d-v4,4
695080,reward,5980,270.48504845425305,331.227,SF-P3O,Walker2d-v4,4
695211,reward,5981,339.198890063335,326.646,SF-P3O,Walker2d-v4,4
695346,reward,5982,318.07650845267744,318.995,SF-P3O,Walker2d-v4,4
695506,reward,5983,381.042705352378,323.007,SF-P3O,Walker2d-v4,4
695626,reward,5984,294.2174091072004,320.898,SF-P3O,Walker2d-v4,4
695739,reward,5985,285.51336393621864,316.182,SF-P3O,Walker2d-v4,4
695873,reward,5986,354.6078363269924,321.284,SF-P3O,Walker2d-v4,4
695996,reward,5987,318.7744989913842,319.954,SF-P3O,Walker2d-v4,4
696125,reward,5988,315.7805645484142,323.038,SF-P3O,Walker2d-v4,4
696253,reward,5989,306.43025601725685,318.413,SF-P3O,Walker2d-v4,4
696320,loss,0.016469966620206833,0.8452486991882324,SF-P3O,Walker2d-v4,4
696386,reward,5990,341.8632486989908,325.551,SF-P3O,Walker2d-v4,4
696497,reward,5991,277.9865524505732,319.429,SF-P3O,Walker2d-v4,4
696616,reward,5992,276.2857587917776,315.25,SF-P3O,Walker2d-v4,4
696739,reward,5993,311.8987588860726,308.336,SF-P3O,Walker2d-v4,4
696864,reward,5994,310.51963364216726,309.966,SF-P3O,Walker2d-v4,4
696976,reward,5995,282.8712369361642,309.702,SF-P3O,Walker2d-v4,4
697100,reward,5996,322.3426692181431,306.475,SF-P3O,Walker2d-v4,4
697210,reward,5997,274.70515499989597,302.068,SF-P3O,Walker2d-v4,4
697332,reward,5998,313.37815969753547,301.828,SF-P3O,Walker2d-v4,4
697456,reward,5999,313.96838785530343,302.582,SF-P3O,Walker2d-v4,4
697556,reward,6000,224.75386440198727,290.871,SF-P3O,Walker2d-v4,4
697681,reward,6001,317.98657621404715,294.871,SF-P3O,Walker2d-v4,4
697820,reward,6002,342.78917316597557,301.521,SF-P3O,Walker2d-v4,4
697936,reward,6003,287.6646466829454,299.098,SF-P3O,Walker2d-v4,4
698061,reward,6004,320.6593218452839,300.112,SF-P3O,Walker2d-v4,4
698184,reward,6005,315.8228024686986,303.407,SF-P3O,Walker2d-v4,4
698310,reward,6006,300.31378411103503,301.204,SF-P3O,Walker2d-v4,4
698418,reward,6007,277.5361871501133,301.487,SF-P3O,Walker2d-v4,4
698529,reward,6008,268.6698484474741,297.016,SF-P3O,Walker2d-v4,4
698649,reward,6009,292.92737452649624,294.912,SF-P3O,Walker2d-v4,4
698776,reward,6010,322.87252816940975,304.724,SF-P3O,Walker2d-v4,4
698910,reward,6011,339.6211556990904,306.888,SF-P3O,Walker2d-v4,4
699029,reward,6012,307.21274839928486,303.33,SF-P3O,Walker2d-v4,4
699161,reward,6013,343.3359346903707,308.897,SF-P3O,Walker2d-v4,4
699301,reward,6014,352.79974380078335,312.111,SF-P3O,Walker2d-v4,4
699434,reward,6015,335.26505429028157,314.055,SF-P3O,Walker2d-v4,4
699594,reward,6016,367.6759355376623,320.792,SF-P3O,Walker2d-v4,4
699709,reward,6017,296.10914967606874,322.649,SF-P3O,Walker2d-v4,4
699827,reward,6018,324.99929206345865,328.282,SF-P3O,Walker2d-v4,4
699947,reward,6019,308.0192367122229,329.791,SF-P3O,Walker2d-v4,4
700000,speed,809.51,20.02,SF-P3O,Walker2d-v4,4
700001,perturb,0.067593,0.950319,0.9159,65857,453,0.690351,7,SF-P3O,Walker2d-v4,4
700079,reward,6020,347.93284407894964,332.297,SF-P3O,Walker2d-v4,4
700196,reward,6021,280.9933530557915,326.434,SF-P3O,Walker2d-v4,4
700316,reward,6022,294.06260679986104,325.119,SF-P3O,Walker2d-v4,4
700437,reward,6023,287.2359026423296,319.509,SF-P3O,Walker2d-v4,4
700546,reward,6024,267.45938003398084,310.975,SF-P3O,Walker2d-v4,4
700673,reward,6025,321.9094492475226,309.64,SF-P3O,Walker2d-v4,4
700781,reward,6026,273.78473496018773,300.251,SF-P3O,Walker2d-v4,4
700889,reward,6027,260.04447792209993,296.644,SF-P3O,Walker2d-v4,4
701040,reward,6028,357.9437797052568,299.939,SF-P3O,Walker2d-v4,4
701157,reward,6029,292.7260756640862,298.409,SF-P3O,Walker2d-v4,4
701284,reward,6030,333.3383219173583,296.95,SF-P3O,Walker2d-v4,4
701406,reward,6031,312.4261776002726,300.093,SF-P3O,Walker2d-v4,4
701518,reward,6032,282.14020999501207,298.901,SF-P3O,Walker2d-v4,4
701642,reward,6033,311.74157352228616,301.351,SF-P3O,Walker2d-v4,4
701747,reward,6034,248.21859992680723,299.427,SF-P3O,Walker2d-v4,4
701887,reward,6035,347.81908737065834,302.018,SF-P3O,Walker2d-v4,4
702001,reward,6036,283.48075067396854,302.988,SF-P3O,Walker2d-v4,4
702154,reward,6037,360.1152350797884,312.995,SF-P3O,Walker2d-v4,4
702291,reward,6038,349.2476911703814,312.125,SF-P3O,Walker2d-v4,4
702405,reward,6039,298.191209299015,312.672,SF-P3O,Walker2d-v4,4
702520,reward,6040,287.40810405773357,308.079,SF-P3O,Walker2d-v4,4
702638,reward,6041,285.876422352272,305.424,SF-P3O,Walker2d-v4,4
702783,reward,6042,363.5634935840132,313.566,SF-P3O,Walker2d-v4,4
702908,reward,6043,303.79835242886116,312.772,SF-P3O,Walker2d-v4,4
703042,reward,6044,343.8187997192469,322.332,SF-P3O,Walker2d-v4,4
703154,reward,6045,282.36553261331204,315.787,SF-P3O,Walker2d-v4,4
703299,reward,6046,364.9364814395545,323.932,SF-P3O,Walker2d-v4,4
703427,reward,6047,315.72630873511145,319.493,SF-P3O,Walker2d-v4,4
703551,reward,6048,314.8791421072764,316.056,SF-P3O,Walker2d-v4,4
703684,reward,6049,337.27659169325347,319.965,SF-P3O,Walker2d-v4,4
703822,reward,6050,353.4021391914942,326.564,SF-P3O,Walker2d-v4,4
703957,reward,6051,344.5907111231139,332.436,SF-P3O,Walker2d-v4,4
704071,reward,6052,287.3191786233639,324.811,SF-P3O,Walker2d-v4,4
704191,reward,6053,299.03884185514295,324.335,SF-P3O,Walker2d-v4,4
704305,reward,6054,283.64475807510394,318.318,SF-P3O,Walker2d-v4,4
704441,reward,6055,355.0049698831372,325.582,SF-P3O,Walker2d-v4,4
704512,loss,-0.029837988317012787,1.0325807332992554,SF-P3O,Walker2d-v4,4
704512,diagnostics,0.0,66.3,50.0816,0.065121,0.950727,0.9301,0.131656,SF-P3O,Walker2d-v4,4
704547,reward,6056,262.71846005149325,315.36,SF-P3O,Walker2d-v4,4
704680,reward,6057,338.26364619754446,317.614,SF-P3O,Walker2d-v4,4
704830,reward,6058,381.01527017742234,324.227,SF-P3O,Walker2d-v4,4
704949,reward,6059,303.2812546048507,320.828,SF-P3O,Walker2d-v4,4
705054,reward,6060,264.4829795867029,311.936,SF-P3O,Walker2d-v4,4
705163,reward,6061,274.85674475336725,304.963,SF-P3O,Walker2d-v4,4
705267,reward,6062,247.88398662645596,301.019,SF-P3O,Walker2d-v4,4
705379,reward,6063,282.4402946405268,299.359,SF-P3O,Walker2d-v4,4
705555,reward,6064,424.6306180373839,313.458,SF-P3O,Walker2d-v4,4
705691,reward,6065,337.70099042566574,311.727,SF-P3O,Walker2d-v4,4
705836,reward,6066,353.6773999686557,320.823,SF-P3O,Walker2d-v4,4
705976,reward,6067,353.12036280463946,322.309,SF-P3O,Walker2d-v4,4
706092,reward,6068,287.83890039966514,312.991,SF-P3O,Walker2d-v4,4
706219,reward,6069,335.98303437897596,316.262,SF-P3O,Walker2d-v4,4
706336,reward,6070,293.72329360971526,319.186,SF-P3O,Walker2d-v4,4
706450,reward,6071,283.22784751563967,320.023,SF-P3O,Walker2d-v4,4
706523,reward,6072,127.6730887518888,308.002,SF-P3O,Walker2d-v4,4
706653,reward,6073,312.97518273046336,311.055,SF-P3O,Walker2d-v4,4
706787,reward,6074,336.0518611439477,302.197,SF-P3O,Walker2d-v4,4
706919,reward,6075,345.7867640641107,303.006,SF-P3O,Walker2d-v4,4
707044,reward,6076,316.8573304172483,299.324,SF-P3O,Walker2d-v4,4
707154,reward,6077,261.18330770032986,290.13,SF-P3O,Walker2d-v4,4
707295,reward,6078,367.2669404063502,298.073,SF-P3O,Walker2d-v4,4
707422,reward,6079,338.42373670550074,298.317,SF-P3O,Walker2d-v4,4
707546,reward,6080,305.058889468635,299.45,SF-P3O,Walker2d-v4,4
707671,reward,6081,324.93023033722926,303.621,SF-P3O,Walker2d-v4,4
707812,reward,6082,361.6398781072672,327.017,SF-P3O,Walker2d-v4,4
707947,reward,6083,340.3340212644658,329.753,SF-P3O,Walker2d-v4,4
708080,reward,6084,331.81793497460444,329.33,SF-P3O,Walker2d-v4,4
708222,reward,6085,386.72065475078,333.423,SF-P3O,Walker2d-v4,4
708358,reward,6086,349.92136062791394,336.73,SF-P3O,Walker2d-v4,4
708481,reward,6087,335.1025258727007,344.122,SF-P3O,Walker2d-v4,4
708618,reward,6088,357.7382417201455,343.169,SF-P3O,Walker2d-v4,4
708741,reward,6089,308.104756889435,340.137,SF-P3O,Walker2d-v4,4
708860,reward,6090,305.984595627096,340.229,SF-P3O,Walker2d-v4,4
708973,reward,6091,287.77655855210514,336.514,SF-P3O,Walker2d-v4,4
709086,reward,6092,279.7131896842347,328.321,SF-P3O,Walker2d-v4,4
709194,reward,6093,281.0591300794845,322.394,SF-P3O,Walker2d-v4,4
709322,reward,6094,337.0345731517203,322.916,SF-P3O,Walker2d-v4,4
709466,reward,6095,371.22540336637724,321.366,SF-P3O,Walker2d-v4,4
709595,reward,6096,319.4494068315124,318.319,SF-P3O,Walker2d-v4,4
709697,reward,6097,252.87694137495413,310.096,SF-P3O,Walker2d-v4,4
709809,reward,6098,292.18276434476405,303.541,SF-P3O,Walker2d-v4,4
709930,reward,6099,314.4588497811966,304.176,SF-P3O,Walker2d-v4,4
710000,speed,793.29,20.23,SF-P3O,Walker2d-v4,4
710001,spectral,0.065121,0.950727,0.9301,SF-P3O,Walker2d-v4,4
710029,reward,6100,248.38346034523903,298.416,SF-P3O,Walker2d-v4,4
710131,reward,6101,239.37746210440915,293.576,SF-P3O,Walker2d-v4,4
710243,reward,6102,293.89328891079816,294.994,SF-P3O,Walker2d-v4,4
710368,reward,6103,329.24978311880227,299.813,SF-P3O,Walker2d-v4,4
710487,reward,6104,298.79153735528513,295.989,SF-P3O,Walker2d-v4,4
710631,reward,6105,361.3411547350456,295.0,SF-P3O,Walker2d-v4,4
710781,reward,6106,381.7247284781708,301.228,SF-P3O,Walker2d-v4,4
710929,reward,6107,366.28402249252684,312.569,SF-P3O,Walker2d-v4,4
711054,reward,6108,318.87558899963506,315.238,SF-P3O,Walker2d-v4,4
711175,reward,6109,291.7795527828496,312.97,SF-P3O,Walker2d-v4,4
711326,reward,6110,394.57230096345546,327.589,SF-P3O,Walker2d-v4,4
711437,reward,6111,275.39158004956096,331.19,SF-P3O,Walker2d-v4,4
711573,reward,6112,347.87119374119516,336.588,SF-P3O,Walker2d-v4,4
711696,reward,6113,329.9672815687457,336.66,SF-P3O,Walker2d-v4,4
711818,reward,6114,282.5912975424051,335.04,SF-P3O,Walker2d-v4,4
711937,reward,6115,299.77811422912316,328.884,SF-P3O,Walker2d-v4,4
712064,reward,6116,341.1852296424314,324.83,SF-P3O,Walker2d-v4,4
712176,reward,6117,267.77592793759976,314.979,SF-P3O,Walker2d-v4,4
712311,reward,6118,336.3206793015625,316.723,SF-P3O,Walker2d-v4,4
712438,reward,6119,346.14105739932694,322.159,SF-P3O,Walker2d-v4,4
712563,reward,6120,296.71788099530164,312.374,SF-P3O,Walker2d-v4,4
712648,reward,6121,171.95865393921775,302.031,SF-P3O,Walker2d-v4,4
712704,loss,-0.1075732484459877,0.6342073082923889,SF-P3O,Walker2d-v4,4
712774,reward,6122,327.13229072183304,299.957,SF-P3O,Walker2d-v4,4
712892,reward,6123,317.9977528555009,298.76,SF-P3O,Walker2d-v4,4
713015,reward,6124,305.1606588929422,301.017,SF-P3O,Walker2d-v4,4
713155,reward,6125,364.27700625343925,307.467,SF-P3O,Walker2d-v4,4
713280,reward,6126,318.5799724156549,305.206,SF-P3O,Walker2d-v4,4
713403,reward,6127,339.72493720702556,312.401,SF-P3O,Walker2d-v4,4
713544,reward,6128,363.25368199800573,315.094,SF-P3O,Walker2d-v4,4
713663,reward,6129,309.52100477437534,311.432,SF-P3O,Walker2d-v4,4
713778,reward,6130,293.6908177058853,311.13,SF-P3O,Walker2d-v4,4
713901,reward,6131,310.3739125790006,324.971,SF-P3O,Walker2d-v4,4
714020,reward,6132,316.6087888381701,323.919,SF-P3O,Walker2d-v4,4
714140,reward,6133,303.3156308474126,322.451,SF-P3O,Walker2d-v4,4
714263,reward,6134,329.7045533956344,324.905,SF-P3O,Walker2d-v4,4
714374,reward,6135,288.89962323699376,317.367,SF-P3O,Walker2d-v4,4
714475,reward,6136,219.10221127953534,307.42,SF-P3O,Walker2d-v4,4
714578,reward,6137,264.1363806313036,299.861,SF-P3O,Walker2d-v4,4
714702,reward,6138,308.64541434166654,294.4,SF-P3O,Walker2d-v4,4
714805,reward,6139,244.43294681504833,287.891,SF-P3O,Walker2d-v4,4
714922,reward,6140,291.5163707783426,287.674,SF-P3O,Walker2d-v4,4
715061,reward,6141,366.98065792665363,293.334,SF-P3O,Walker2d-v4,4
715182,reward,6142,317.52509085933156,293.426,SF-P3O,Walker2d-v4,4
715307,reward,6143,313.9952661886792,294.494,SF-P3O,Walker2d-v4,4
715454,reward,6144,379.13853179178585,299.437,SF-P3O,Walker2d-v4,4
715581,reward,6145,314.7097292682924,302.018,SF-P3O,Walker2d-v4,4
715695,reward,6146,298.4028255081055,309.948,SF-P3O,Walker2d-v4,4
715847,reward,6147,398.7292128749494,323.408,SF-P3O,Walker2d-v4,4
715988,reward,6148,382.38288248533286,330.781,SF-P3O,Walker2d-v4,4
716097,reward,6149,281.39031896600454,334.477,SF-P3O,Walker2d-v4,4
716218,reward,6150,324.78734701484876,337.804,SF-P3O,Walker2d-v4,4
716349,reward,6151,338.81458693237715,334.988,SF-P3O,Walker2d-v4,4
716477,reward,6152,342.79978505093356,337.515,SF-P3O,Walker2d-v4,4
716584,reward,6153,264.4166924303314,332.557,SF-P3O,Walker2d-v4,4
716703,reward,6154,279.75321396962,322.619,SF-P3O,Walker2d-v4,4
716816,reward,6155,270.32537163994834,318.18,SF-P3O,Walker2d-v4,4
716978,reward,6156,400.53367075417543,328.393,SF-P3O,Walker2d-v4,4
717123,reward,6157,364.1543802495105,324.936,SF-P3O,Walker2d-v4,4
717248,reward,6158,327.08069465134344,319.406,SF-P3O,Walker2d-v4,4
717361,reward,6159,293.48195768368595,320.615,SF-P3O,Walker2d-v4,4
717469,reward,6160,279.63753876794954,316.1,SF-P3O,Walker2d-v4,4
717585,reward,6161,300.2472448972907,312.243,SF-P3O,Walker2d-v4,4
717735,reward,6162,363.2969682304827,314.293,SF-P3O,Walker2d-v4,4
717840,reward,6163,262.0143922496226,314.053,SF-P3O,Walker2d-v4,4
717976,reward,6164,358.6885222655686,321.946,SF-P3O,Walker2d-v4,4
718086,reward,6165,277.54438102199146,322.668,SF-P3O,Walker2d-v4,4
718190,reward,6166,253.25741817755156,307.94,SF-P3O,Walker2d-v4,4
718309,reward,6167,298.48546070309385,301.373,SF-P3O,Walker2d-v4,4
718428,reward,6168,283.6099647839534,297.026,SF-P3O,Walker2d-v4,4
718552,reward,6169,312.0364674459035,298.882,SF-P3O,Walker2d-v4,4
718680,reward,6170,319.1849280357164,302.837,SF-P3O,Walker2d-v4,4
718807,reward,6171,319.19016233782213,304.731,SF-P3O,Walker2d-v4,4
718892,reward,6172,191.00814904581193,287.502,SF-P3O,Walker2d-v4,4
719024,reward,6173,342.56556391512254,295.557,SF-P3O,Walker2d-v4,4
719165,reward,6174,363.9759735929048,296.086,SF-P3O,Walker2d-v4,4
719273,reward,6175,273.6097097025663,295.692,SF-P3O,Walker2d-v4,4
719404,reward,6176,347.9310275800354,305.16,SF-P3O,Walker2d-v4,4
719542,reward,6177,353.7717122419059,310.688,SF-P3O,Walker2d-v4,4
719674,reward,6178,341.48119988761505,316.475,SF-P3O,Walker2d-v4,4
719794,reward,6179,319.4123246868712,317.213,SF-P3O,Walker2d-v4,4
719917,reward,6180,338.0856556614346,319.103,SF-P3O,Walker2d-v4,4
720000,speed,794.79,20.43,SF-P3O,Walker2d-v4,4
720001,spectral,0.065507,0.950617,0.9318,SF-P3O,Walker2d-v4,4
720047,reward,6181,337.7949386718488,320.964,SF-P3O,Walker2d-v4,4
720173,reward,6182,347.0781340743519,336.571,SF-P3O,Walker2d-v4,4
720297,reward,6183,329.8610950779981,335.3,SF-P3O,Walker2d-v4,4
720420,reward,6184,323.8317084879366,331.286,SF-P3O,Walker2d-v4,4
720547,reward,6185,336.5922113273976,337.584,SF-P3O,Walker2d-v4,4
720661,reward,6186,296.02463253255473,332.393,SF-P3O,Walker2d-v4,4
720762,reward,6187,247.6535449080988,321.782,SF-P3O,Walker2d-v4,4
720890,reward,6188,330.56281789626973,320.69,SF-P3O,Walker2d-v4,4
720896,loss,-0.0513114333152771,0.5840437412261963,SF-P3O,Walker2d-v4,4
720896,diagnostics,0.0,66.55,33.0097,0.06584,0.950657,0.9406,0.125726,SF-P3O,Walker2d-v4,4
720999,reward,6189,263.3719468476648,315.086,SF-P3O,Walker2d-v4,4
721115,reward,6190,290.2130499485358,310.298,SF-P3O,Walker2d-v4,4
721276,reward,6191,376.708858495469,314.19,SF-P3O,Walker2d-v4,4
721418,reward,6192,363.3461442588306,315.817,SF-P3O,Walker2d-v4,4
721535,reward,6193,302.375083494002,313.068,SF-P3O,Walker2d-v4,4
721667,reward,6194,343.30692588352133,315.016,SF-P3O,Walker2d-v4,4
721764,reward,6195,235.22249677684027,304.879,SF-P3O,Walker2d-v4,4
721890,reward,6196,325.8946909409766,307.866,SF-P3O,Walker2d-v4,4
722028,reward,6197,331.23895443593716,316.224,SF-P3O,Walker2d-v4,4
722151,reward,6198,317.54417631958165,314.922,SF-P3O,Walker2d-v4,4
722267,reward,6199,298.9131181860675,318.476,SF-P3O,Walker2d-v4,4
722370,reward,6200,261.91585623615157,315.647,SF-P3O,Walker2d-v4,4
722506,reward,6201,359.7642015282614,313.952,SF-P3O,Walker2d-v4,4
722646,reward,6202,367.6093267784747,314.378,SF-P3O,Walker2d-v4,4
722773,reward,6203,341.8013059813016,318.321,SF-P3O,Walker2d-v4,4
722929,reward,6204,399.82721126482556,323.973,SF-P3O,Walker2d-v4,4
723065,reward,6205,362.0870234154715,336.66,SF-P3O,Walker2d-v4,4
723173,reward,6206,251.1488295180963,329.185,SF-P3O,Walker2d-v4,4
723347,reward,6207,427.8153432497274,338.843,SF-P3O,Walker2d-v4,4
723486,reward,6208,351.1770573732428,342.206,SF-P3O,Walker2d-v4,4
723627,reward,6209,359.51686134044246,348.266,SF-P3O,Walker2d-v4,4
723754,reward,6210,333.2274318188201,355.397,SF-P3O,Walker2d-v4,4
723880,reward,6211,315.3338105514761,350.954,SF-P3O,Walker2d-v4,4
723998,reward,6212,313.6975917694632,345.563,SF-P3O,Walker2d-v4,4
724129,reward,6213,334.6116474094199,344.844,SF-P3O,Walker2d-v4,4
724248,reward,6214,325.94350301096193,337.456,SF-P3O,Walker2d-v4,4
724359,reward,6215,283.4919287675698,329.596,SF-P3O,Walker2d-v4,4
724444,reward,6216,177.38841152168857,322.22,SF-P3O,Walker2d-v4,4
724571,reward,6217,339.6697531762759,313.406,SF-P3O,Walker2d-v4,4
724739,reward,6218,421.49520039389597,320.438,SF-P3O,Walker2d-v4,4
724862,reward,6219,315.4123517069827,316.027,SF-P3O,Walker2d-v4,4
724979,reward,6220,305.31575507378426,313.236,SF-P3O,Walker2d-v4,4
725097,reward,6221,306.15832355872664,312.318,SF-P3O,Walker2d-v4,4
725245,reward,6222,402.5057645127511,321.199,SF-P3O,Walker2d-v4,4
725356,reward,6223,274.21333387569047,315.159,SF-P3O,Walker2d-v4,4
725491,reward,6224,365.0988296328263,319.075,SF-P3O,Walker2d-v4,4
725651,reward,6225,395.1864001591428,330.244,SF-P3O,Walker2d-v4,4
725790,reward,6226,359.9590872942322,348.501,SF-P3O,Walker2d-v4,4
725910,reward,6227,324.21018964114,346.956,SF-P3O,Walker2d-v4,4
726060,reward,6228,383.28638487893505,343.135,SF-P3O,Walker2d-v4,4
726183,reward,6229,328.7304673677958,344.466,SF-P3O,Walker2d-v4,4
726325,reward,6230,346.7432666009888,348.609,SF-P3O,Walker2d-v4,4
726469,reward,6231,368.8594822947592,354.879,SF-P3O,Walker2d-v4,4
726642,reward,6232,424.89355952070764,357.118,SF-P3O,Walker2d-v4,4
726769,reward,6233,324.7938648938453,362.176,SF-P3O,Walker2d-v4,4
726922,reward,6234,383.2957434620338,363.996,SF-P3O,Walker2d-v4,4
727057,reward,6235,313.6233854436326,355.84,SF-P3O,Walker2d-v4,4
727235,reward,6236,431.5973474849172,363.003,SF-P3O,Walker2d-v4,4
727399,reward,6237,416.0605558719393,372.188,SF-P3O,Walker2d-v4,4
727522,reward,6238,320.0490217214689,365.865,SF-P3O,Walker2d-v4,4
727644,reward,6239,295.1189254772503,362.504,SF-P3O,Walker2d-v4,4
727751,reward,6240,241.55516386269036,351.985,SF-P3O,Walker2d-v4,4
727876,reward,6241,335.74166218978684,348.673,SF-P3O,Walker2d-v4,4
728023,reward,6242,374.59937005865055,343.644,SF-P3O,Walker2d-v4,4
728154,reward,6243,338.266243110197,344.991,SF-P3O,Walker2d-v4,4
728286,reward,6244,369.31309200841787,343.592,SF-P3O,Walker2d-v4,4
728413,reward,6245,329.15680386325624,345.146,SF-P3O,Walker2d-v4,4
728523,reward,6246,263.7195370429718,328.358,SF-P3O,Walker2d-v4,4
728636,reward,6247,285.05900133066035,315.258,SF-P3O,Walker2d-v4,4
728757,reward,6248,305.24102968184405,313.777,SF-P3O,Walker2d-v4,4
728899,reward,6249,370.59401990371447,321.325,SF-P3O,Walker2d-v4,4
728996,reward,6250,238.23815919122308,320.993,SF-P3O,Walker2d-v4,4
729088,loss,-0.04548534005880356,0.8414435982704163,SF-P3O,Walker2d-v4,4
729123,reward,6251,344.5452349082077,321.873,SF-P3O,Walker2d-v4,4
729250,reward,6252,352.44523296667586,319.658,SF-P3O,Walker2d-v4,4
729398,reward,6253,392.02415073152355,325.034,SF-P3O,Walker2d-v4,4
729564,reward,6254,420.015873216334,330.104,SF-P3O,Walker2d-v4,4
729712,reward,6255,381.01683198813674,335.29,SF-P3O,Walker2d-v4,4
729825,reward,6256,281.27279935860633,337.045,SF-P3O,Walker2d-v4,4
729956,reward,6257,329.86915836972156,341.526,SF-P3O,Walker2d-v4,4
730000,speed,532.06,20.75,SF-P3O,Walker2d-v4,4
730001,spectral,0.06633,0.950568,0.9428,SF-P3O,Walker2d-v4,4
730081,reward,6258,341.9231726912585,345.194,SF-P3O,Walker2d-v4,4
730198,reward,6259,310.8836971532331,339.223,SF-P3O,Walker2d-v4,4
730317,reward,6260,312.14522222063874,346.614,SF-P3O,Walker2d-v4,4
730433,reward,6261,314.987541537924,343.658,SF-P3O,Walker2d-v4,4
730561,reward,6262,323.6774427293324,340.782,SF-P3O,Walker2d-v4,4
730686,reward,6263,312.1946121457255,332.799,SF-P3O,Walker2d-v4,4
730814,reward,6264,334.2655557036688,324.224,SF-P3O,Walker2d-v4,4
731090,reward,6265,514.2054419285367,337.542,SF-P3O,Walker2d-v4,4
731290,reward,6266,415.64464710303486,350.98,SF-P3O,Walker2d-v4,4
731421,reward,6267,343.4817987895445,352.341,SF-P3O,Walker2d-v4,4
731545,reward,6268,328.9107258920278,351.04,SF-P3O,Walker2d-v4,4
731680,reward,6269,368.71588004995994,356.823,SF-P3O,Walker2d-v4,4
731811,reward,6270,338.99418322572075,359.508,SF-P3O,Walker2d-v4,4
731969,reward,6271,402.699474784274,368.279,SF-P3O,Walker2d-v4,4
732117,reward,6272,405.113817347216,376.423,SF-P3O,Walker2d-v4,4
732237,reward,6273,307.9560278074567,375.999,SF-P3O,Walker2d-v4,4
732378,reward,6274,365.53878642379175,379.126,SF-P3O,Walker2d-v4,4
732499,reward,6275,316.8679506850554,359.392,SF-P3O,Walker2d-v4,4
732610,reward,6276,291.5446310331876,346.982,SF-P3O,Walker2d-v4,4
732737,reward,6277,342.5715511340783,346.891,SF-P3O,Walker2d-v4,4
732889,reward,6278,384.26312762508195,352.427,SF-P3O,Walker2d-v4,4
733020,reward,6279,335.4753715658698,349.102,SF-P3O,Walker2d-v4,4
733131,reward,6280,267.70110743110445,341.973,SF-P3O,Walker2d-v4,4
733256,reward,6281,327.5741991412213,334.461,SF-P3O,Walker2d-v4,4
733370,reward,6282,307.09755030314733,324.659,SF-P3O,Walker2d-v4,4
733495,reward,6283,332.41468203893703,327.105,SF-P3O,Walker2d-v4,4
733624,reward,6284,345.91925565067345,325.143,SF-P3O,Walker2d-v4,4
733769,reward,6285,379.30962459430316,331.387,SF-P3O,Walker2d-v4,4
733911,reward,6286,378.3202191105892,340.065,SF-P3O,Walker2d-v4,4
734038,reward,6287,323.33191663463384,338.141,SF-P3O,Walker2d-v4,4
734193,reward,6288,412.8651988335244,341.001,SF-P3O,Walker2d-v4,4
734285,reward,6289,197.06379112093015,327.16,SF-P3O,Walker2d-v4,4
734411,reward,6290,345.57131016370806,334.947,SF-P3O,Walker2d-v4,4
734517,reward,6291,260.5275119060491,328.242,SF-P3O,Walker2d-v4,4
734652,reward,6292,360.72744424291363,333.605,SF-P3O,Walker2d-v4,4
734788,reward,6293,366.72544405497996,337.036,SF-P3O,Walker2d-v4,4
734862,reward,6294,131.8385647925072,315.628,SF-P3O,Walker2d-v4,4
734989,reward,6295,342.076460407141,311.905,SF-P3O,Walker2d-v4,4
735104,reward,6296,296.9735627334988,303.77,SF-P3O,Walker2d-v4,4
735216,reward,6297,299.52647721660304,301.39,SF-P3O,Walker2d-v4,4
735343,reward,6298,337.73933835903455,293.877,SF-P3O,Walker2d-v4,4
735470,reward,6299,343.28582608715055,308.499,SF-P3O,Walker2d-v4,4
735590,reward,6300,307.3571966385263,304.678,SF-P3O,Walker2d-v4,4
735767,reward,6301,444.1828772862147,323.043,SF-P3O,Walker2d-v4,4
735922,reward,6302,390.9626504839451,326.067,SF-P3O,Walker2d-v4,4
736025,reward,6303,250.5089526288224,314.445,SF-P3O,Walker2d-v4,4
736119,reward,6304,220.60798475491683,323.322,SF-P3O,Walker2d-v4,4
736271,reward,6305,393.1645918206097,328.431,SF-P3O,Walker2d-v4,4
736390,reward,6306,304.19487472685967,329.153,SF-P3O,Walker2d-v4,4
736537,reward,6307,388.9679242342543,338.097,SF-P3O,Walker2d-v4,4
736665,reward,6308,347.17352702991457,339.041,SF-P3O,Walker2d-v4,4
736787,reward,6309,314.030928040616,336.115,SF-P3O,Walker2d-v4,4
736853,reward,6310,115.1943356495535,316.899,SF-P3O,Walker2d-v4,4
736978,reward,6311,330.7682282092005,305.557,SF-P3O,Walker2d-v4,4
737181,reward,6312,447.88285284578063,311.249,SF-P3O,Walker2d-v4,4
737280,loss,-0.13204987347126007,0.5643337368965149,SF-P3O,Walker2d-v4,4
737280,diagnostics,0.0,66.8,35.2633,0.066658,0.95062,0.9448,0.124997,SF-P3O,Walker2d-v4,4
737303,reward,6313,320.1564145711594,318.214,SF-P3O,Walker2d-v4,4
737423,reward,6314,315.6339246729296,327.717,SF-P3O,Walker2d-v4,4
737533,reward,6315,284.32968967155455,316.833,SF-P3O,Walker2d-v4,4
737664,reward,6316,321.2788498880891,318.542,SF-P3O,Walker2d-v4,4
737838,reward,6317,421.6819004022072,321.813,SF-P3O,Walker2d-v4,4
737975,reward,6318,369.74103413450223,324.07,SF-P3O,Walker2d-v4,4
738085,reward,6319,268.9624199353133,319.563,SF-P3O,Walker2d-v4,4
738213,reward,6320,347.74927467487703,342.818,SF-P3O,Walker2d-v4,4
738333,reward,6321,315.20513591021074,341.262,SF-P3O,Walker2d-v4,4
738470,reward,6322,363.62898923579246,332.837,SF-P3O,Walker2d-v4,4
738596,reward,6323,331.1557135112962,333.937,SF-P3O,Walker2d-v4,4
738750,reward,6324,388.98770731653815,341.272,SF-P3O,Walker2d-v4,4
738866,reward,6325,292.05290659064383,342.044,SF-P3O,Walker2d-v4,4
738985,reward,6326,313.9235341889804,341.309,SF-P3O,Walker2d-v4,4
739104,reward,6327,300.43232154913943,329.184,SF-P3O,Walker2d-v4,4
739232,reward,6328,329.3015596173742,325.14,SF-P3O,Walker2d-v4,4
739401,reward,6329,427.622061275969,341.006,SF-P3O,Walker2d-v4,4
739541,reward,6330,370.9898185010022,343.33,SF-P3O,Walker2d-v4,4
739656,reward,6331,296.76925025599337,341.486,SF-P3O,Walker2d-v4,4
739809,reward,6332,403.9785129420331,345.521,SF-P3O,Walker2d-v4,4
739920,reward,6333,252.8454914313442,337.69,SF-P3O,Walker2d-v4,4
740000,speed,793.61,20.96,SF-P3O,Walker2d-v4,4
740001,spectral,0.066658,0.95062,0.9448,SF-P3O,Walker2d-v4,4
740068,reward,6334,390.9655367392017,337.888,SF-P3O,Walker2d-v4,4
740202,reward,6335,357.5948282835879,344.442,SF-P3O,Walker2d-v4,4
740338,reward,6336,337.292791195178,346.779,SF-P3O,Walker2d-v4,4
740476,reward,6337,345.41114873082074,351.277,SF-P3O,Walker2d-v4,4
740613,reward,6338,362.1704816975702,354.564,SF-P3O,Walker2d-v4,4
740742,reward,6339,350.4434435598285,346.846,SF-P3O,Walker2d-v4,4
740870,reward,6340,323.9949945916379,342.147,SF-P3O,Walker2d-v4,4
740976,reward,6341,272.04981998988586,339.675,SF-P3O,Walker2d-v4,4
741116,reward,6342,341.7332176582308,333.45,SF-P3O,Walker2d-v4,4
741233,reward,6343,282.33611433138725,336.399,SF-P3O,Walker2d-v4,4
741370,reward,6344,358.5677482189547,333.159,SF-P3O,Walker2d-v4,4
741485,reward,6345,283.7800728238516,325.778,SF-P3O,Walker2d-v4,4
741574,reward,6346,212.68226327949205,313.317,SF-P3O,Walker2d-v4,4
741692,reward,6347,321.6211708000113,310.938,SF-P3O,Walker2d-v4,4
741812,reward,6348,305.86298343671695,305.307,SF-P3O,Walker2d-v4,4
741954,reward,6349,368.25787714267693,307.089,SF-P3O,Walker2d-v4,4
742082,reward,6350,331.3924036365028,307.828,SF-P3O,Walker2d-v4,4
742215,reward,6351,335.07233353495116,314.131,SF-P3O,Walker2d-v4,4
742350,reward,6352,354.08084380740274,315.365,SF-P3O,Walker2d-v4,4
742480,reward,6353,365.01631333154876,323.633,SF-P3O,Walker2d-v4,4
742600,reward,6354,314.86906431982595,319.264,SF-P3O,Walker2d-v4,4
742707,reward,6355,265.71522542794395,317.457,SF-P3O,Walker2d-v4,4
742839,reward,6356,350.25042580105406,331.214,SF-P3O,Walker2d-v4,4
742965,reward,6357,323.7161291156926,331.423,SF-P3O,Walker2d-v4,4
743086,reward,6358,323.4169974545235,333.179,SF-P3O,Walker2d-v4,4
743189,reward,6359,248.83532797594413,321.237,SF-P3O,Walker2d-v4,4
743330,reward,6360,351.62904025113767,323.26,SF-P3O,Walker2d-v4,4
743457,reward,6361,337.04397547940283,323.457,SF-P3O,Walker2d-v4,4
743590,reward,6362,357.21093979960165,323.77,SF-P3O,Walker2d-v4,4
743715,reward,6363,334.3558487097734,320.704,SF-P3O,Walker2d-v4,4
743848,reward,6364,353.9753245322253,324.615,SF-P3O,Walker2d-v4,4
743967,reward,6365,311.53510441153884,329.197,SF-P3O,Walker2d-v4,4
744114,reward,6366,399.1289330280624,334.085,SF-P3O,Walker2d-v4,4
744245,reward,6367,338.49554304241207,335.563,SF-P3O,Walker2d-v4,4
744378,reward,6368,350.56066639528416,338.277,SF-P3O,Walker2d-v4,4
744525,reward,6369,361.0932964974245,349.503,SF-P3O,Walker2d-v4,4
744666,reward,6370,372.0240383074442,351.542,SF-P3O,Walker2d-v4,4
744791,reward,6371,304.4095161793215,348.279,SF-P3O,Walker2d-v4,4
744919,reward,6372,324.2405585543192,344.982,SF-P3O,Walker2d-v4,4
745022,reward,6373,261.0062697156491,337.647,SF-P3O,Walker2d-v4,4
745143,reward,6374,289.88305273914233,331.238,SF-P3O,Walker2d-v4,4
745266,reward,6375,317.2559494059631,331.81,SF-P3O,Walker2d-v4,4
745393,reward,6376,357.3088365619146,327.628,SF-P3O,Walker2d-v4,4
745472,loss,-0.1320716291666031,0.7979681491851807,SF-P3O,Walker2d-v4,4
745519,reward,6377,314.74618652337966,325.253,SF-P3O,Walker2d-v4,4
745650,reward,6378,281.47807714190094,318.345,SF-P3O,Walker2d-v4,4
745787,reward,6379,349.52958145648296,317.188,SF-P3O,Walker2d-v4,4
745915,reward,6380,341.170109355476,314.103,SF-P3O,Walker2d-v4,4
746017,reward,6381,255.96573887137853,309.258,SF-P3O,Walker2d-v4,4
746161,reward,6382,380.7557414226652,314.91,SF-P3O,Walker2d-v4,4
746270,reward,6383,281.552671597128,316.965,SF-P3O,Walker2d-v4,4
746413,reward,6384,381.642158703754,326.141,SF-P3O,Walker2d-v4,4
746535,reward,6385,326.72518609351624,327.087,SF-P3O,Walker2d-v4,4
746666,reward,6386,330.71484602448896,324.428,SF-P3O,Walker2d-v4,4
746782,reward,6387,303.3308579217755,323.286,SF-P3O,Walker2d-v4,4
746920,reward,6388,375.2550291602885,332.664,SF-P3O,Walker2d-v4,4
747121,reward,6389,463.11725882799647,344.023,SF-P3O,Walker2d-v4,4
747231,reward,6390,295.39974857246966,339.446,SF-P3O,Walker2d-v4,4
747361,reward,6391,341.3539563237234,347.985,SF-P3O,Walker2d-v4,4
747498,reward,6392,346.7087429109079,344.58,SF-P3O,Walker2d-v4,4
747619,reward,6393,333.84467121386416,349.809,SF-P3O,Walker2d-v4,4
747726,reward,6394,264.56480781774775,338.102,SF-P3O,Walker2d-v4,4
747862,reward,6395,361.45571174862334,341.575,SF-P3O,Walker2d-v4,4
747998,reward,6396,343.4124604418609,342.844,SF-P3O,Walker2d-v4,4
748122,reward,6397,322.5876505800622,344.77,SF-P3O,Walker2d-v4,4
748254,reward,6398,325.9877314336061,339.843,SF-P3O,Walker2d-v4,4
748397,reward,6399,383.7919764461751,331.911,SF-P3O,Walker2d-v4,4
748503,reward,6400,276.29951605069834,330.001,SF-P3O,Walker2d-v4,4
748593,reward,6401,199.3484611761926,315.8,SF-P3O,Walker2d-v4,4
748724,reward,6402,318.5365282430909,312.983,SF-P3O,Walker2d-v4,4
748847,reward,6403,337.6787239072284,313.366,SF-P3O,Walker2d-v4,4
748975,reward,6404,329.3222788427308,319.842,SF-P3O,Walker2d-v4,4
749089,reward,6405,288.56981291433976,312.554,SF-P3O,Walker2d-v4,4
749221,reward,6406,372.08549386464085,315.421,SF-P3O,Walker2d-v4,4
749346,reward,6407,328.86746140265615,316.049,SF-P3O,Walker2d-v4,4
749506,reward,6408,431.0531366512194,326.555,SF-P3O,Walker2d-v4,4
749613,reward,6409,264.4115930925898,314.617,SF-P3O,Walker2d-v4,4
749740,reward,6410,338.16204935949565,320.804,SF-P3O,Walker2d-v4,4
749871,reward,6411,344.30931857584784,335.3,SF-P3O,Walker2d-v4,4
750000,speed,794.96,21.17,SF-P3O,Walker2d-v4,4
750001,perturb,0.06704,0.950491,0.936,321,453,0.0,8,SF-P3O,Walker2d-v4,4
750001,reward,6412,346.68822501172735,338.115,SF-P3O,Walker2d-v4,4
750140,reward,6413,371.6064841140724,341.508,SF-P3O,Walker2d-v4,4
750285,reward,6414,371.5071992579694,345.726,SF-P3O,Walker2d-v4,4
750419,reward,6415,346.9178244409107,351.561,SF-P3O,Walker2d-v4,4
750547,reward,6416,323.4413262406055,346.696,SF-P3O,Walker2d-v4,4
750694,reward,6417,377.82572613288534,351.592,SF-P3O,Walker2d-v4,4
750829,reward,6418,352.80292221435485,343.767,SF-P3O,Walker2d-v4,4
750956,reward,6419,312.90966718506667,348.617,SF-P3O,Walker2d-v4,4
751061,reward,6420,255.6753206029641,340.368,SF-P3O,Walker2d-v4,4
751213,reward,6421,385.75898608007446,344.513,SF-P3O,Walker2d-v4,4
751352,reward,6422,344.5074801090734,344.295,SF-P3O,Walker2d-v4,4
751484,reward,6423,331.8633458945367,340.321,SF-P3O,Walker2d-v4,4
751616,reward,6424,347.03268714332864,337.874,SF-P3O,Walker2d-v4,4
751744,reward,6425,329.794989759327,336.161,SF-P3O,Walker2d-v4,4
751882,reward,6426,361.7762255949069,339.995,SF-P3O,Walker2d-v4,4
751995,reward,6427,293.9665629408654,331.609,SF-P3O,Walker2d-v4,4
752128,reward,6428,362.45427789951333,332.574,SF-P3O,Walker2d-v4,4
752278,reward,6429,388.81755736774954,340.165,SF-P3O,Walker2d-v4,4
752378,reward,6430,237.31473328816574,338.329,SF-P3O,Walker2d-v4,4
752522,reward,6431,395.87193164533954,339.34,SF-P3O,Walker2d-v4,4
752696,reward,6432,421.219759383498,347.011,SF-P3O,Walker2d-v4,4
752837,reward,6433,387.6483400185475,352.59,SF-P3O,Walker2d-v4,4
752972,reward,6434,378.2256018258233,355.709,SF-P3O,Walker2d-v4,4
753080,reward,6435,280.1510219883496,350.745,SF-P3O,Walker2d-v4,4
753197,reward,6436,316.94593189391094,346.262,SF-P3O,Walker2d-v4,4
753335,reward,6437,365.7276321977144,353.438,SF-P3O,Walker2d-v4,4
753473,reward,6438,360.69745903685373,353.262,SF-P3O,Walker2d-v4,4
753590,reward,6439,317.9512836423126,346.175,SF-P3O,Walker2d-v4,4
753664,loss,0.03972335904836655,0.6345983743667603,SF-P3O,Walker2d-v4,4
753664,diagnostics,0.0,67.07,24.6494,0.067502,0.95028,0.915,0.131991,SF-P3O,Walker2d-v4,4
753731,reward,6440,385.023776100032,360.946,SF-P3O,Walker2d-v4,4
753863,reward,6441,330.0965870608936,354.369,SF-P3O,Walker2d-v4,4
753987,reward,6442,316.85514871129203,343.932,SF-P3O,Walker2d-v4,4
754095,reward,6443,265.0957102852854,331.677,SF-P3O,Walker2d-v4,4
754219,reward,6444,321.02357334268305,325.957,SF-P3O,Walker2d-v4,4
754360,reward,6445,355.21269169270766,333.463,SF-P3O,Walker2d-v4,4
754490,reward,6446,332.0476811845842,334.973,SF-P3O,Walker2d-v4,4
754639,reward,6447,391.21874581181646,337.522,SF-P3O,Walker2d-v4,4
754765,reward,6448,328.6690192515574,334.319,SF-P3O,Walker2d-v4,4
754883,reward,6449,328.5723595750852,335.382,SF-P3O,Walker2d-v4,4
755007,reward,6450,324.1992813410617,329.299,SF-P3O,Walker2d-v4,4
755148,reward,6451,368.75375091349116,333.165,SF-P3O,Walker2d-v4,4
755266,reward,6452,315.7560067366881,333.055,SF-P3O,Walker2d-v4,4
755401,reward,6453,347.96083451098764,341.341,SF-P3O,Walker2d-v4,4
755525,reward,6454,316.30639175191,340.87,SF-P3O,Walker2d-v4,4
755643,reward,6455,312.764630029131,336.625,SF-P3O,Walker2d-v4,4
755763,reward,6456,310.101471869905,334.43,SF-P3O,Walker2d-v4,4
755893,reward,6457,351.07834634540217,330.416,SF-P3O,Walker2d-v4,4
756013,reward,6458,302.77391180122487,327.827,SF-P3O,Walker2d-v4,4
756153,reward,6459,367.9135736623361,331.761,SF-P3O,Walker2d-v4,4
756279,reward,6460,327.0747423872218,332.048,SF-P3O,Walker2d-v4,4
756414,reward,6461,354.9966893835391,330.673,SF-P3O,Walker2d-v4,4
756537,reward,6462,322.8509053076984,331.382,SF-P3O,Walker2d-v4,4
756682,reward,6463,381.24089563534386,334.71,SF-P3O,Walker2d-v4,4
756849,reward,6464,395.00601992839296,342.58,SF-P3O,Walker2d-v4,4
756970,reward,6465,310.16556934063846,342.32,SF-P3O,Walker2d-v4,4
757088,reward,6466,286.19766640832376,339.93,SF-P3O,Walker2d-v4,4
757251,reward,6467,418.78030100979055,346.7,SF-P3O,Walker2d-v4,4
757366,reward,6468,300.0087917777166,346.424,SF-P3O,Walker2d-v4,4
757518,reward,6469,418.13607967294735,351.446,SF-P3O,Walker2d-v4,4
757713,reward,6470,452.93709652664796,364.032,SF-P3O,Walker2d-v4,4
757862,reward,6471,379.7867704342333,366.511,SF-P3O,Walker2d-v4,4
757980,reward,6472,308.0797907720533,365.034,SF-P3O,Walker2d-v4,4
758090,reward,6473,272.92902735796906,354.203,SF-P3O,Walker2d-v4,4
758208,reward,6474,305.1894312832639,345.221,SF-P3O,Walker2d-v4,4
758350,reward,6475,371.6481742132144,351.369,SF-P3O,Walker2d-v4,4
758485,reward,6476,357.7843523151832,358.528,SF-P3O,Walker2d-v4,4
758599,reward,6477,302.840307696514,346.934,SF-P3O,Walker2d-v4,4
758712,reward,6478,308.6948505443686,347.803,SF-P3O,Walker2d-v4,4
758860,reward,6479,382.5082110737154,344.24,SF-P3O,Walker2d-v4,4
759018,reward,6480,404.70687704312877,339.417,SF-P3O,Walker2d-v4,4
759171,reward,6481,364.1679751339714,337.855,SF-P3O,Walker2d-v4,4
759294,reward,6482,328.52099804389815,339.899,SF-P3O,Walker2d-v4,4
759418,reward,6483,318.75715954667044,344.482,SF-P3O,Walker2d-v4,4
759575,reward,6484,399.10929099610945,353.874,SF-P3O,Walker2d-v4,4
759703,reward,6485,326.05435702380254,349.314,SF-P3O,Walker2d-v4,4
759817,reward,6486,296.7795786546633,343.214,SF-P3O,Walker2d-v4,4
759941,reward,6487,335.73987903376894,346.504,SF-P3O,Walker2d-v4,4
760000,speed,796.08,21.38,SF-P3O,Walker2d-v4,4
760001,spectral,0.067502,0.95028,0.915,SF-P3O,Walker2d-v4,4
760066,reward,6488,338.01070203529775,349.436,SF-P3O,Walker2d-v4,4
760204,reward,6489,382.2360477825077,349.408,SF-P3O,Walker2d-v4,4
760319,reward,6490,297.6169079686076,338.699,SF-P3O,Walker2d-v4,4
760443,reward,6491,336.29488671029077,335.912,SF-P3O,Walker2d-v4,4
760569,reward,6492,340.42252289001084,337.102,SF-P3O,Walker2d-v4,4
760693,reward,6493,328.8839223103548,338.115,SF-P3O,Walker2d-v4,4
760803,reward,6494,279.15881665982386,326.12,SF-P3O,Walker2d-v4,4
760936,reward,6495,361.6716629131018,329.681,SF-P3O,Walker2d-v4,4
761117,reward,6496,447.4365030597191,344.747,SF-P3O,Walker2d-v4,4
761229,reward,6497,307.2927526054984,341.902,SF-P3O,Walker2d-v4,4
761360,reward,6498,344.0873719037716,342.51,SF-P3O,Walker2d-v4,4
761470,reward,6499,269.11709449888673,331.198,SF-P3O,Walker2d-v4,4
761595,reward,6500,328.10763320677376,334.247,SF-P3O,Walker2d-v4,4
761700,reward,6501,269.8662593129752,327.604,SF-P3O,Walker2d-v4,4
761838,reward,6502,387.08788144716414,332.271,SF-P3O,Walker2d-v4,4
761856,loss,-0.06908237189054489,0.6773945689201355,SF-P3O,Walker2d-v4,4
761960,reward,6503,337.5297595244759,333.136,SF-P3O,Walker2d-v4,4
762082,reward,6504,318.73500676580437,337.093,SF-P3O,Walker2d-v4,4
762209,reward,6505,333.705148409141,334.297,SF-P3O,Walker2d-v4,4
762357,reward,6506,405.5894266705805,330.112,SF-P3O,Walker2d-v4,4
762487,reward,6507,330.7566652156405,332.458,SF-P3O,Walker2d-v4,4
762632,reward,6508,398.03743458916495,337.853,SF-P3O,Walker2d-v4,4
762770,reward,6509,364.58633627655365,347.4,SF-P3O,Walker2d-v4,4
762908,reward,6510,364.62881272371567,351.052,SF-P3O,Walker2d-v4,4
763045,reward,6511,346.2579542411357,358.691,SF-P3O,Walker2d-v4,4
763186,reward,6512,369.9780495769169,356.98,SF-P3O,Walker2d-v4,4
763313,reward,6513,325.8946438429161,355.817,SF-P3O,Walker2d-v4,4
763451,reward,6514,373.19837454276245,361.263,SF-P3O,Walker2d-v4,4
763563,reward,6515,296.7345015901837,357.566,SF-P3O,Walker2d-v4,4
763693,reward,6516,346.47843091643864,351.655,SF-P3O,Walker2d-v4,4
763833,reward,6517,373.0087949509096,355.88,SF-P3O,Walker2d-v4,4
763960,reward,6518,333.20134253962453,349.397,SF-P3O,Walker2d-v4,4
764086,reward,6519,332.0367014216725,346.142,SF-P3O,Walker2d-v4,4
764253,reward,6520,416.94614130657175,351.373,SF-P3O,Walker2d-v4,4
764355,reward,6521,241.4857490762783,340.896,SF-P3O,Walker2d-v4,4
764508,reward,6522,388.11716132441296,342.71,SF-P3O,Walker2d-v4,4
764612,reward,6523,266.0342795187972,336.724,SF-P3O,Walker2d-v4,4
764734,reward,6524,315.0301739386588,330.907,SF-P3O,Walker2d-v4,4
764912,reward,6525,421.87479895660476,343.421,SF-P3O,Walker2d-v4,4
765047,reward,6526,348.5608800071144,343.63,SF-P3O,Walker2d-v4,4
765157,reward,6527,279.10657971702756,334.239,SF-P3O,Walker2d-v4,4
765307,reward,6528,392.0260966692006,340.122,SF-P3O,Walker2d-v4,4
765408,reward,6529,236.96883168144709,330.615,SF-P3O,Walker2d-v4,4
765521,reward,6530,296.96598487672765,318.617,SF-P3O,Walker2d-v4,4
765666,reward,6531,378.658403589463,332.334,SF-P3O,Walker2d-v4,4
765815,reward,6532,389.20265138088877,332.443,SF-P3O,Walker2d-v4,4
765931,reward,6533,297.5954739079495,335.599,SF-P3O,Walker2d-v4,4
766050,reward,6534,323.96255672511546,336.492,SF-P3O,Walker2d-v4,4
766213,reward,6535,424.47397333156846,336.752,SF-P3O,Walker2d-v4,4
766305,reward,6536,201.45407634675502,322.041,SF-P3O,Walker2d-v4,4
766431,reward,6537,327.386925536774,326.869,SF-P3O,Walker2d-v4,4
766558,reward,6538,346.2300609468922,322.29,SF-P3O,Walker2d-v4,4
766665,reward,6539,267.5173420250413,325.345,SF-P3O,Walker2d-v4,4
766774,reward,6540,276.61942545019156,323.31,SF-P3O,Walker2d-v4,4
766912,reward,6541,382.3462438829621,323.679,SF-P3O,Walker2d-v4,4
767030,reward,6542,296.7183636108062,314.43,SF-P3O,Walker2d-v4,4
767181,reward,6543,371.5893418073547,321.83,SF-P3O,Walker2d-v4,4
767296,reward,6544,306.8354501132641,320.117,SF-P3O,Walker2d-v4,4
767423,reward,6545,343.94370503873245,312.064,SF-P3O,Walker2d-v4,4
767541,reward,6546,313.66353279767594,323.285,SF-P3O,Walker2d-v4,4
767685,reward,6547,386.9655631347867,329.243,SF-P3O,Walker2d-v4,4
767814,reward,6548,356.1883636621592,330.239,SF-P3O,Walker2d-v4,4
767954,reward,6549,349.85606620480144,338.473,SF-P3O,Walker2d-v4,4
768067,reward,6550,298.91578135020006,340.702,SF-P3O,Walker2d-v4,4
768177,reward,6551,276.48481034116315,330.116,SF-P3O,Walker2d-v4,4
768293,reward,6552,302.9850890837511,330.743,SF-P3O,Walker2d-v4,4
768418,reward,6553,328.1304023958836,326.397,SF-P3O,Walker2d-v4,4
768532,reward,6554,298.4442635714998,325.558,SF-P3O,Walker2d-v4,4
768653,reward,6555,336.54671912839933,324.818,SF-P3O,Walker2d-v4,4
768771,reward,6556,309.0547593263503,324.357,SF-P3O,Walker2d-v4,4
768891,reward,6557,322.36678730049283,317.897,SF-P3O,Walker2d-v4,4
769068,reward,6558,433.4021999702636,325.619,SF-P3O,Walker2d-v4,4
769187,reward,6559,322.6026690884426,322.893,SF-P3O,Walker2d-v4,4
769317,reward,6560,351.570654295835,328.159,SF-P3O,Walker2d-v4,4
769441,reward,6561,331.2266223009543,333.633,SF-P3O,Walker2d-v4,4
769561,reward,6562,319.2937288790973,335.264,SF-P3O,Walker2d-v4,4
769673,reward,6563,298.73361652508436,332.324,SF-P3O,Walker2d-v4,4
769845,reward,6564,443.7609652471154,346.856,SF-P3O,Walker2d-v4,4
769979,reward,6565,369.0737230416014,350.109,SF-P3O,Walker2d-v4,4
770000,speed,798.67,21.59,SF-P3O,Walker2d-v4,4
770001,spectral,0.067821,0.950073,0.9092,SF-P3O,Walker2d-v4,4
770048,loss,0.031201854348182678,0.6683309078216553,SF-P3O,Walker2d-v4,4
770048,diagnostics,0.0,67.31,30.2777,0.068144,0.949934,0.8996,0.125444,SF-P3O,Walker2d-v4,4
770104,reward,6566,330.28333515461685,352.231,SF-P3O,Walker2d-v4,4
770170,reward,6567,114.01996210882442,331.397,SF-P3O,Walker2d-v4,4
770285,reward,6568,309.48825532587125,319.005,SF-P3O,Walker2d-v4,4
770387,reward,6569,262.56904626924916,313.002,SF-P3O,Walker2d-v4,4
770507,reward,6570,329.08242655101657,310.753,SF-P3O,Walker2d-v4,4
770621,reward,6571,296.991428919143,307.33,SF-P3O,Walker2d-v4,4
770783,reward,6572,409.53069340142486,316.353,SF-P3O,Walker2d-v4,4
770911,reward,6573,343.5309642085815,320.833,SF-P3O,Walker2d-v4,4
771066,reward,6574,422.99208351438574,318.756,SF-P3O,Walker2d-v4,4
771186,reward,6575,340.4065400917471,315.889,SF-P3O,Walker2d-v4,4
771302,reward,6576,299.9516277903374,312.856,SF-P3O,Walker2d-v4,4
771444,reward,6577,364.3396953556728,337.888,SF-P3O,Walker2d-v4,4
771558,reward,6578,308.7189214479309,337.811,SF-P3O,Walker2d-v4,4
771705,reward,6579,393.8432529162968,350.939,SF-P3O,Walker2d-v4,4
771827,reward,6580,317.10074086699973,349.741,SF-P3O,Walker2d-v4,4
771949,reward,6581,321.8039288367426,352.222,SF-P3O,Walker2d-v4,4
772087,reward,6582,365.42464448395833,347.811,SF-P3O,Walker2d-v4,4
772264,reward,6583,459.9044917763457,359.449,SF-P3O,Walker2d-v4,4
772445,reward,6584,433.39221083741484,360.489,SF-P3O,Walker2d-v4,4
772558,reward,6585,280.1101524036979,354.459,SF-P3O,Walker2d-v4,4
772685,reward,6586,327.79562391588996,357.243,SF-P3O,Walker2d-v4,4
772805,reward,6587,301.74752534677174,350.984,SF-P3O,Walker2d-v4,4
772944,reward,6588,382.7844296687876,358.391,SF-P3O,Walker2d-v4,4
773062,reward,6589,295.66107020540505,348.572,SF-P3O,Walker2d-v4,4
773195,reward,6590,353.37257735417126,352.2,SF-P3O,Walker2d-v4,4
773304,reward,6591,271.97683148312916,347.217,SF-P3O,Walker2d-v4,4
773419,reward,6592,303.9753145295506,341.072,SF-P3O,Walker2d-v4,4
773542,reward,6593,326.4793357181481,327.73,SF-P3O,Walker2d-v4,4
773666,reward,6594,327.1371841773874,317.104,SF-P3O,Walker2d-v4,4
773795,reward,6595,344.19796392303,323.513,SF-P3O,Walker2d-v4,4
773916,reward,6596,321.45435657768695,322.879,SF-P3O,Walker2d-v4,4
774040,reward,6597,318.5823019336118,324.562,SF-P3O,Walker2d-v4,4
774176,reward,6598,356.59914694143197,321.944,SF-P3O,Walker2d-v4,4
774289,reward,6599,286.0137886913725,320.979,SF-P3O,Walker2d-v4,4
774390,reward,6600,254.17707295638368,311.059,SF-P3O,Walker2d-v4,4
774524,reward,6601,350.6911571674152,318.931,SF-P3O,Walker2d-v4,4
774638,reward,6602,313.74661177463054,319.908,SF-P3O,Walker2d-v4,4
774757,reward,6603,328.26583113495786,320.087,SF-P3O,Walker2d-v4,4
774892,reward,6604,349.3585651452268,322.309,SF-P3O,Walker2d-v4,4
775015,reward,6605,318.60542108330634,319.749,SF-P3O,Walker2d-v4,4
775145,reward,6606,337.12194648018175,321.316,SF-P3O,Walker2d-v4,4
775270,reward,6607,324.7752895506924,321.935,SF-P3O,Walker2d-v4,4
775404,reward,6608,355.7675876744898,321.852,SF-P3O,Walker2d-v4,4
775512,reward,6609,282.34433699861756,321.485,SF-P3O,Walker2d-v4,4
775626,reward,6610,303.7549869166401,326.443,SF-P3O,Walker2d-v4,4
775751,reward,6611,331.9004041119871,324.564,SF-P3O,Walker2d-v4,4
775875,reward,6612,317.8716846877684,324.977,SF-P3O,Walker2d-v4,4
776056,reward,6613,432.7192636356356,335.422,SF-P3O,Walker2d-v4,4
776188,reward,6614,362.93801706985846,336.78,SF-P3O,Walker2d-v4,4
776301,reward,6615,285.33665714289833,333.453,SF-P3O,Walker2d-v4,4
776425,reward,6616,334.22276770774084,333.163,SF-P3O,Walker2d-v4,4
776550,reward,6617,335.93815752859933,334.279,SF-P3O,Walker2d-v4,4
776672,reward,6618,312.63968299637213,329.967,SF-P3O,Walker2d-v4,4
776792,reward,6619,318.9886258010308,333.631,SF-P3O,Walker2d-v4,4
776913,reward,6620,317.0151304678037,334.957,SF-P3O,Walker2d-v4,4
777019,reward,6621,257.38468208683815,327.505,SF-P3O,Walker2d-v4,4
777148,reward,6622,339.9819927212787,329.716,SF-P3O,Walker2d-v4,4
777260,reward,6623,281.8527012913815,314.63,SF-P3O,Walker2d-v4,4
777403,reward,6624,383.6442713560084,316.7,SF-P3O,Walker2d-v4,4
777516,reward,6625,307.7612796220972,318.943,SF-P3O,Walker2d-v4,4
777650,reward,6626,351.3013704085154,320.651,SF-P3O,Walker2d-v4,4
777773,reward,6627,333.35998277157955,320.393,SF-P3O,Walker2d-v4,4
777902,reward,6628,350.1773001489244,324.147,SF-P3O,Walker2d-v4,4
778032,reward,6629,351.16950266978114,327.365,SF-P3O,Walker2d-v4,4
778145,reward,6630,269.0397703548822,322.567,SF-P3O,Walker2d-v4,4
778240,loss,-0.02716476283967495,0.5630946755409241,SF-P3O,Walker2d-v4,4
778266,reward,6631,332.85624175192976,330.114,SF-P3O,Walker2d-v4,4
778413,reward,6632,384.3731513897293,334.554,SF-P3O,Walker2d-v4,4
778541,reward,6633,350.94988669338557,341.463,SF-P3O,Walker2d-v4,4
778646,reward,6634,253.6894992143363,328.468,SF-P3O,Walker2d-v4,4
778766,reward,6635,318.2258817704019,329.514,SF-P3O,Walker2d-v4,4
778898,reward,6636,356.9085951835923,330.075,SF-P3O,Walker2d-v4,4
778998,reward,6637,257.27849449466004,322.467,SF-P3O,Walker2d-v4,4
779115,reward,6638,294.95436861896866,316.945,SF-P3O,Walker2d-v4,4
779255,reward,6639,383.0353263555635,320.131,SF-P3O,Walker2d-v4,4
779392,reward,6640,368.936147653229,330.121,SF-P3O,Walker2d-v4,4
779522,reward,6641,357.8717268656544,332.622,SF-P3O,Walker2d-v4,4
779656,reward,6642,350.4103256641289,329.226,SF-P3O,Walker2d-v4,4
779782,reward,6643,337.8612600595084,327.917,SF-P3O,Walker2d-v4,4
779918,reward,6644,376.56724062849645,340.205,SF-P3O,Walker2d-v4,4
780000,speed,534.88,21.9,SF-P3O,Walker2d-v4,4
780001,spectral,0.068504,0.949836,0.9227,SF-P3O,Walker2d-v4,4
780044,reward,6645,349.88335624156673,343.371,SF-P3O,Walker2d-v4,4
780153,reward,6646,286.11228703066655,336.291,SF-P3O,Walker2d-v4,4
780253,reward,6647,239.3200707387114,334.495,SF-P3O,Walker2d-v4,4
780390,reward,6648,351.8025920184809,340.18,SF-P3O,Walker2d-v4,4
780512,reward,6649,317.270305027867,333.604,SF-P3O,Walker2d-v4,4
780591,reward,6650,167.11137643406244,313.421,SF-P3O,Walker2d-v4,4
780710,reward,6651,323.5183201908261,309.986,SF-P3O,Walker2d-v4,4
780837,reward,6652,325.01008825149245,307.446,SF-P3O,Walker2d-v4,4
780976,reward,6653,381.5100079905337,311.811,SF-P3O,Walker2d-v4,4
781104,reward,6654,339.72252539593825,308.126,SF-P3O,Walker2d-v4,4
781232,reward,6655,342.9020891333134,307.428,SF-P3O,Walker2d-v4,4
781370,reward,6656,382.06368028511775,317.023,SF-P3O,Walker2d-v4,4
781502,reward,6657,340.2755338956728,327.119,SF-P3O,Walker2d-v4,4
781626,reward,6658,328.702657780595,324.809,SF-P3O,Walker2d-v4,4
781741,reward,6659,308.7278405125067,323.954,SF-P3O,Walker2d-v4,4
781871,reward,6660,316.769115650379,338.92,SF-P3O,Walker2d-v4,4
781967,reward,6661,241.94741980404973,330.763,SF-P3O,Walker2d-v4,4
782090,reward,6662,335.8010948173926,331.842,SF-P3O,Walker2d-v4,4
782224,reward,6663,366.4678839738126,330.338,SF-P3O,Walker2d-v4,4
782342,reward,6664,316.97886149835904,328.064,SF-P3O,Walker2d-v4,4
782462,reward,6665,324.13769831482915,326.187,SF-P3O,Walker2d-v4,4
782617,reward,6666,396.5527281142161,327.636,SF-P3O,Walker2d-v4,4
782766,reward,6667,385.4902149184177,332.158,SF-P3O,Walker2d-v4,4
782882,reward,6668,295.96405629610314,328.884,SF-P3O,Walker2d-v4,4
783058,reward,6669,434.73595008675386,341.485,SF-P3O,Walker2d-v4,4
783158,reward,6670,231.6437326423093,332.972,SF-P3O,Walker2d-v4,4
783283,reward,6671,343.90973631705214,343.168,SF-P3O,Walker2d-v4,4
783409,reward,6672,332.28377659658037,342.816,SF-P3O,Walker2d-v4,4
783542,reward,6673,368.6553800081989,343.035,SF-P3O,Walker2d-v4,4
783663,reward,6674,330.3319256344725,344.371,SF-P3O,Walker2d-v4,4
783795,reward,6675,365.0599235947448,348.463,SF-P3O,Walker2d-v4,4
783926,reward,6676,358.45114174909975,344.653,SF-P3O,Walker2d-v4,4
784043,reward,6677,304.87949910251405,336.592,SF-P3O,Walker2d-v4,4
784165,reward,6678,323.9189748019585,339.387,SF-P3O,Walker2d-v4,4
784304,reward,6679,366.77633074764344,332.591,SF-P3O,Walker2d-v4,4
784423,reward,6680,316.99431269561654,341.126,SF-P3O,Walker2d-v4,4
784543,reward,6681,324.0428255050464,339.139,SF-P3O,Walker2d-v4,4
784660,reward,6682,316.40798339862863,337.552,SF-P3O,Walker2d-v4,4
784793,reward,6683,346.6598137607419,335.352,SF-P3O,Walker2d-v4,4
784927,reward,6684,375.92109060437065,339.911,SF-P3O,Walker2d-v4,4
785053,reward,6685,333.2665061770881,336.732,SF-P3O,Walker2d-v4,4
785197,reward,6686,410.3004385739998,341.917,SF-P3O,Walker2d-v4,4
785323,reward,6687,334.3920205141401,344.868,SF-P3O,Walker2d-v4,4
785473,reward,6688,402.5816074427849,352.734,SF-P3O,Walker2d-v4,4
785612,reward,6689,368.52629011435846,352.909,SF-P3O,Walker2d-v4,4
785735,reward,6690,343.34819032900964,355.545,SF-P3O,Walker2d-v4,4
785870,reward,6691,368.03239974668986,359.944,SF-P3O,Walker2d-v4,4
785995,reward,6692,344.5460603299843,362.757,SF-P3O,Walker2d-v4,4
786138,reward,6693,381.20931129817416,366.212,SF-P3O,Walker2d-v4,4
786250,reward,6694,294.08681765680393,358.029,SF-P3O,Walker2d-v4,4
786375,reward,6695,338.97860557917136,358.6,SF-P3O,Walker2d-v4,4
786432,loss,-0.04291735589504242,0.727771520614624,SF-P3O,Walker2d-v4,4
786432,diagnostics,0.0,67.54,25.6836,0.068726,0.949823,0.9375,0.122398,SF-P3O,Walker2d-v4,4
786500,reward,6696,331.5257588313301,350.723,SF-P3O,Walker2d-v4,4
786627,reward,6697,351.27013838918657,352.411,SF-P3O,Walker2d-v4,4
786745,reward,6698,303.76506349625396,342.529,SF-P3O,Walker2d-v4,4
786871,reward,6699,335.0639810830601,339.183,SF-P3O,Walker2d-v4,4
787017,reward,6700,410.05896790235533,345.854,SF-P3O,Walker2d-v4,4
787136,reward,6701,312.1168169784018,340.262,SF-P3O,Walker2d-v4,4
787245,reward,6702,277.20197516848907,333.528,SF-P3O,Walker2d-v4,4
787380,reward,6703,363.24848154612147,331.732,SF-P3O,Walker2d-v4,4
787509,reward,6704,350.9219581200316,337.415,SF-P3O,Walker2d-v4,4
787601,reward,6705,203.21098810375514,323.838,SF-P3O,Walker2d-v4,4
787724,reward,6706,312.67601763079796,321.953,SF-P3O,Walker2d-v4,4
787854,reward,6707,350.6501637907194,321.891,SF-P3O,Walker2d-v4,4
787958,reward,6708,260.26587829830703,317.542,SF-P3O,Walker2d-v4,4
788084,reward,6709,350.9213334970502,319.127,SF-P3O,Walker2d-v4,4
788203,reward,6710,313.5113126179857,309.472,SF-P3O,Walker2d-v4,4
788343,reward,6711,381.4677051739426,316.408,SF-P3O,Walker2d-v4,4
788493,reward,6712,392.7114778320663,327.959,SF-P3O,Walker2d-v4,4
788633,reward,6713,369.3774983022531,328.571,SF-P3O,Walker2d-v4,4
788769,reward,6714,377.70765476451214,331.25,SF-P3O,Walker2d-v4,4
788892,reward,6715,330.2780382764159,343.957,SF-P3O,Walker2d-v4,4
789046,reward,6716,403.7246463463874,353.062,SF-P3O,Walker2d-v4,4
789187,reward,6717,401.1970705209292,358.116,SF-P3O,Walker2d-v4,4
789315,reward,6718,329.3470399683564,365.024,SF-P3O,Walker2d-v4,4
789431,reward,6719,319.438711205213,361.876,SF-P3O,Walker2d-v4,4
789555,reward,6720,341.9201753173453,364.717,SF-P3O,Walker2d-v4,4
789679,reward,6721,329.6802494616918,359.538,SF-P3O,Walker2d-v4,4
789787,reward,6722,279.84783113304525,348.252,SF-P3O,Walker2d-v4,4
789903,reward,6723,291.7586552784745,340.49,SF-P3O,Walker2d-v4,4
790000,speed,800.22,22.11,SF-P3O,Walker2d-v4,4
790001,spectral,0.068726,0.949823,0.9375,SF-P3O,Walker2d-v4,4
790020,reward,6724,323.0237240561124,335.022,SF-P3O,Walker2d-v4,4
790180,reward,6725,410.60224045469744,343.054,SF-P3O,Walker2d-v4,4
790296,reward,6726,314.2313820890452,334.105,SF-P3O,Walker2d-v4,4
790437,reward,6727,382.3176162568359,332.217,SF-P3O,Walker2d-v4,4
790582,reward,6728,387.89683894825157,338.072,SF-P3O,Walker2d-v4,4
790711,reward,6729,347.0341328830117,340.831,SF-P3O,Walker2d-v4,4
790851,reward,6730,386.27356936422603,345.267,SF-P3O,Walker2d-v4,4
790970,reward,6731,319.97701605326625,344.296,SF-P3O,Walker2d-v4,4
791118,reward,6732,408.0673163673173,357.118,SF-P3O,Walker2d-v4,4
791263,reward,6733,384.98489732329614,366.441,SF-P3O,Walker2d-v4,4
791390,reward,6734,337.5901844649125,367.898,SF-P3O,Walker2d-v4,4
791525,reward,6735,367.13420352135313,363.551,SF-P3O,Walker2d-v4,4
791664,reward,6736,371.4249466852695,369.27,SF-P3O,Walker2d-v4,4
791829,reward,6737,412.07614011669096,372.246,SF-P3O,Walker2d-v4,4
791975,reward,6738,391.30221674855625,372.586,SF-P3O,Walker2d-v4,4
792093,reward,6739,295.93999357738846,367.477,SF-P3O,Walker2d-v4,4
792231,reward,6740,370.4880996332906,365.899,SF-P3O,Walker2d-v4,4
792348,reward,6741,326.20999282595176,366.522,SF-P3O,Walker2d-v4,4
792484,reward,6742,363.22356829638784,362.037,SF-P3O,Walker2d-v4,4
792622,reward,6743,362.6101089915816,359.8,SF-P3O,Walker2d-v4,4
792757,reward,6744,355.217657659747,361.563,SF-P3O,Walker2d-v4,4
792880,reward,6745,344.8595857869409,359.335,SF-P3O,Walker2d-v4,4
793019,reward,6746,368.42511671360404,359.035,SF-P3O,Walker2d-v4,4
793157,reward,6747,383.1036111062145,356.138,SF-P3O,Walker2d-v4,4
793286,reward,6748,361.49919776972416,353.158,SF-P3O,Walker2d-v4,4
793412,reward,6749,343.2758112368711,357.891,SF-P3O,Walker2d-v4,4
793531,reward,6750,306.4954998535351,351.492,SF-P3O,Walker2d-v4,4
793709,reward,6751,421.8946933559835,361.06,SF-P3O,Walker2d-v4,4
793838,reward,6752,342.9237906749351,359.031,SF-P3O,Walker2d-v4,4
793970,reward,6753,356.9360801968184,358.463,SF-P3O,Walker2d-v4,4
794097,reward,6754,342.13684830447073,357.155,SF-P3O,Walker2d-v4,4
794224,reward,6755,354.8032311416332,358.149,SF-P3O,Walker2d-v4,4
794366,reward,6756,385.9373591421999,359.901,SF-P3O,Walker2d-v4,4
794499,reward,6757,359.80744717250946,357.571,SF-P3O,Walker2d-v4,4
794616,reward,6758,297.60043353304155,351.181,SF-P3O,Walker2d-v4,4
794624,loss,-0.01437523402273655,0.6556700468063354,SF-P3O,Walker2d-v4,4
794751,reward,6759,378.1758143718684,354.671,SF-P3O,Walker2d-v4,4
794875,reward,6760,335.8557735051357,357.607,SF-P3O,Walker2d-v4,4
795000,reward,6761,349.94069925589326,350.412,SF-P3O,Walker2d-v4,4
795130,reward,6762,351.6097792875478,351.28,SF-P3O,Walker2d-v4,4
795278,reward,6763,409.22859479323745,356.51,SF-P3O,Walker2d-v4,4
795398,reward,6764,327.6105398696641,355.057,SF-P3O,Walker2d-v4,4
795531,reward,6765,360.91009238996685,355.668,SF-P3O,Walker2d-v4,4
795670,reward,6766,384.22051005614793,355.496,SF-P3O,Walker2d-v4,4
795797,reward,6767,343.10990253535135,353.826,SF-P3O,Walker2d-v4,4
795923,reward,6768,347.66091699346487,358.832,SF-P3O,Walker2d-v4,4
796050,reward,6769,366.6153710224988,357.676,SF-P3O,Walker2d-v4,4
796180,reward,6770,364.5820026975726,360.549,SF-P3O,Walker2d-v4,4
796291,reward,6771,284.621856281336,354.017,SF-P3O,Walker2d-v4,4
796411,reward,6772,322.3138192391348,351.087,SF-P3O,Walker2d-v4,4
796535,reward,6773,338.9166036312886,344.056,SF-P3O,Walker2d-v4,4
796666,reward,6774,361.7613932591046,347.471,SF-P3O,Walker2d-v4,4
796789,reward,6775,328.23861475024927,344.204,SF-P3O,Walker2d-v4,4
796914,reward,6776,336.85041886575004,339.467,SF-P3O,Walker2d-v4,4
797025,reward,6777,291.40999958294265,334.297,SF-P3O,Walker2d-v4,4
797179,reward,6778,398.5844593775773,339.389,SF-P3O,Walker2d-v4,4
797311,reward,6779,362.0592618938671,338.934,SF-P3O,Walker2d-v4,4
797454,reward,6780,407.18002184692403,343.194,SF-P3O,Walker2d-v4,4
797590,reward,6781,378.4044812071091,352.572,SF-P3O,Walker2d-v4,4
797707,reward,6782,322.66009625971986,352.607,SF-P3O,Walker2d-v4,4
797856,reward,6783,392.777078663859,357.993,SF-P3O,Walker2d-v4,4
797987,reward,6784,356.26075231681966,357.443,SF-P3O,Walker2d-v4,4
798127,reward,6785,366.0211027712931,361.221,SF-P3O,Walker2d-v4,4
798256,reward,6786,339.19423504546603,361.455,SF-P3O,Walker2d-v4,4
798390,reward,6787,353.9180390924938,367.706,SF-P3O,Walker2d-v4,4
798514,reward,6788,338.8178381418478,361.729,SF-P3O,Walker2d-v4,4
798644,reward,6789,331.91756533244745,358.715,SF-P3O,Walker2d-v4,4
798760,reward,6790,304.5249490160926,348.45,SF-P3O,Walker2d-v4,4
798892,reward,6791,369.6301516801556,347.572,SF-P3O,Walker2d-v4,4
799026,reward,6792,353.77091418811614,350.683,SF-P3O,Walker2d-v4,4
799148,reward,6793,330.73192220016915,344.479,SF-P3O,Walker2d-v4,4
799264,reward,6794,312.271440319067,340.08,SF-P3O,Walker2d-v4,4
799388,reward,6795,345.14308751137366,337.992,SF-P3O,Walker2d-v4,4
799527,reward,6796,387.46053238955204,342.819,SF-P3O,Walker2d-v4,4
799666,reward,6797,352.84946765906204,342.712,SF-P3O,Walker2d-v4,4
799810,reward,6798,374.67799894557993,346.298,SF-P3O,Walker2d-v4,4
799934,reward,6799,332.8143013818093,346.387,SF-P3O,Walker2d-v4,4
800000,speed,803.16,22.31,SF-P3O,Walker2d-v4,4
800001,perturb,0.069129,0.949855,0.9428,318,456,0.0,9,SF-P3O,Walker2d-v4,4
800085,reward,6800,412.56290309539924,357.191,SF-P3O,Walker2d-v4,4
800215,reward,6801,361.08732597266436,356.337,SF-P3O,Walker2d-v4,4
800342,reward,6802,351.4477876628141,356.105,SF-P3O,Walker2d-v4,4
800480,reward,6803,353.3999098594321,358.371,SF-P3O,Walker2d-v4,4
800579,reward,6804,242.99307635235613,351.444,SF-P3O,Walker2d-v4,4
800686,reward,6805,267.37671080708327,343.667,SF-P3O,Walker2d-v4,4
800801,reward,6806,302.23769008604415,335.145,SF-P3O,Walker2d-v4,4
800914,reward,6807,285.6635834849054,328.426,SF-P3O,Walker2d-v4,4
801085,reward,6808,452.5965154735779,336.218,SF-P3O,Walker2d-v4,4
801198,reward,6809,285.67671566802875,331.504,SF-P3O,Walker2d-v4,4
801311,reward,6810,302.5055621876843,320.498,SF-P3O,Walker2d-v4,4
801452,reward,6811,380.1058836109583,322.4,SF-P3O,Walker2d-v4,4
801596,reward,6812,383.86541653846774,325.642,SF-P3O,Walker2d-v4,4
801741,reward,6813,387.3420914667641,329.036,SF-P3O,Walker2d-v4,4
801881,reward,6814,379.9890008709936,342.736,SF-P3O,Walker2d-v4,4
802019,reward,6815,373.60076182175897,353.358,SF-P3O,Walker2d-v4,4
802146,reward,6816,345.3910546374473,357.674,SF-P3O,Walker2d-v4,4
802273,reward,6817,345.4234379473568,363.65,SF-P3O,Walker2d-v4,4
802417,reward,6818,387.51847435175824,357.142,SF-P3O,Walker2d-v4,4
802600,reward,6819,474.3130993044557,376.005,SF-P3O,Walker2d-v4,4
802720,reward,6820,318.21994043761737,377.577,SF-P3O,Walker2d-v4,4
802816,loss,-0.1147073432803154,0.6353209018707275,SF-P3O,Walker2d-v4,4
802816,diagnostics,0.0,67.79,28.418,0.069549,0.94975,0.9292,0.13748,SF-P3O,Walker2d-v4,4
802843,reward,6821,341.8732856132338,373.754,SF-P3O,Walker2d-v4,4
803032,reward,6822,455.50599905696726,380.918,SF-P3O,Walker2d-v4,4
803217,reward,6823,449.9680450256492,387.18,SF-P3O,Walker2d-v4,4
803345,reward,6824,347.9919541684064,383.981,SF-P3O,Walker2d-v4,4
803505,reward,6825,417.8987030078545,388.41,SF-P3O,Walker2d-v4,4
803627,reward,6826,317.05884817368184,385.577,SF-P3O,Walker2d-v4,4
803730,reward,6827,243.72764528238062,375.408,SF-P3O,Walker2d-v4,4
803848,reward,6828,322.721861114168,368.928,SF-P3O,Walker2d-v4,4
803966,reward,6829,332.6167213089077,354.758,SF-P3O,Walker2d-v4,4
804083,reward,6830,306.45990276261045,353.582,SF-P3O,Walker2d-v4,4
804213,reward,6831,354.3264901253953,354.828,SF-P3O,Walker2d-v4,4
804383,reward,6832,438.2507633374507,353.102,SF-P3O,Walker2d-v4,4
804518,reward,6833,356.2393536242326,343.729,SF-P3O,Walker2d-v4,4
804675,reward,6834,440.18629949868233,352.949,SF-P3O,Walker2d-v4,4
804800,reward,6835,331.97238630411306,344.356,SF-P3O,Walker2d-v4,4
804927,reward,6836,370.28874273376954,349.679,SF-P3O,Walker2d-v4,4
805040,reward,6837,300.8440940830021,355.391,SF-P3O,Walker2d-v4,4
805175,reward,6838,353.5061668918444,358.469,SF-P3O,Walker2d-v4,4
805299,reward,6839,303.6679462979495,355.574,SF-P3O,Walker2d-v4,4
805437,reward,6840,361.04873801490874,361.033,SF-P3O,Walker2d-v4,4
805560,reward,6841,328.65555025069585,358.466,SF-P3O,Walker2d-v4,4
805707,reward,6842,383.79861050036004,353.021,SF-P3O,Walker2d-v4,4
805834,reward,6843,348.0501694019999,352.202,SF-P3O,Walker2d-v4,4
805967,reward,6844,344.01661470893265,342.585,SF-P3O,Walker2d-v4,4
806142,reward,6845,435.6689865103912,352.955,SF-P3O,Walker2d-v4,4
806278,reward,6846,382.3280127621791,354.158,SF-P3O,Walker2d-v4,4
806426,reward,6847,407.7715110710922,364.851,SF-P3O,Walker2d-v4,4
806541,reward,6848,305.5720497101705,360.058,SF-P3O,Walker2d-v4,4
806687,reward,6849,390.4907889250551,368.74,SF-P3O,Walker2d-v4,4
806831,reward,6850,408.2263508113454,373.458,SF-P3O,Walker2d-v4,4
806954,reward,6851,338.11568619825533,374.404,SF-P3O,Walker2d-v4,4
807069,reward,6852,304.70202424505754,366.494,SF-P3O,Walker2d-v4,4
807185,reward,6853,316.17566371919435,363.307,SF-P3O,Walker2d-v4,4
807295,reward,6854,280.51037288392536,356.956,SF-P3O,Walker2d-v4,4
807369,reward,6855,142.80733782466592,327.67,SF-P3O,Walker2d-v4,4
807543,reward,6856,424.09294202871655,331.846,SF-P3O,Walker2d-v4,4
807698,reward,6857,423.8743877218159,333.457,SF-P3O,Walker2d-v4,4
807824,reward,6858,351.1777144971464,338.017,SF-P3O,Walker2d-v4,4
807981,reward,6859,408.4700155552998,339.815,SF-P3O,Walker2d-v4,4
808106,reward,6860,340.7122747127273,333.064,SF-P3O,Walker2d-v4,4
808235,reward,6861,351.50151354570505,334.402,SF-P3O,Walker2d-v4,4
808371,reward,6862,372.7415153636976,341.206,SF-P3O,Walker2d-v4,4
808528,reward,6863,423.0757851420559,351.896,SF-P3O,Walker2d-v4,4
808720,reward,6864,434.12280411989,367.258,SF-P3O,Walker2d-v4,4
808845,reward,6865,348.4479908208871,387.822,SF-P3O,Walker2d-v4,4
808969,reward,6866,324.10108585696645,377.823,SF-P3O,Walker2d-v4,4
809091,reward,6867,317.91498206107195,367.227,SF-P3O,Walker2d-v4,4
809220,reward,6868,368.30684085305126,368.939,SF-P3O,Walker2d-v4,4
809362,reward,6869,373.97273390312944,365.49,SF-P3O,Walker2d-v4,4
809493,reward,6870,351.0566166217758,366.524,SF-P3O,Walker2d-v4,4
809622,reward,6871,357.42932485669866,367.117,SF-P3O,Walker2d-v4,4
809787,reward,6872,433.9723527390078,373.24,SF-P3O,Walker2d-v4,4
809913,reward,6873,333.5486092605887,364.287,SF-P3O,Walker2d-v4,4
810000,speed,795.11,22.52,SF-P3O,Walker2d-v4,4
810001,spectral,0.069549,0.94975,0.9292,SF-P3O,Walker2d-v4,4
810049,reward,6874,379.922090397531,358.867,SF-P3O,Walker2d-v4,4
810176,reward,6875,352.03376384660487,359.226,SF-P3O,Walker2d-v4,4
810331,reward,6876,425.9825259304029,369.414,SF-P3O,Walker2d-v4,4
810459,reward,6877,346.19176920042827,372.242,SF-P3O,Walker2d-v4,4
810589,reward,6878,346.92278394574583,370.103,SF-P3O,Walker2d-v4,4
810733,reward,6879,399.48269837096734,372.654,SF-P3O,Walker2d-v4,4
810890,reward,6880,412.24165075541964,378.773,SF-P3O,Walker2d-v4,4
811008,loss,-0.04176156222820282,0.7643532752990723,SF-P3O,Walker2d-v4,4
811015,reward,6881,348.5155417202277,377.881,SF-P3O,Walker2d-v4,4
811146,reward,6882,356.72479089126426,370.157,SF-P3O,Walker2d-v4,4
811268,reward,6883,323.17910978881514,369.12,SF-P3O,Walker2d-v4,4
811402,reward,6884,383.6916176284641,369.497,SF-P3O,Walker2d-v4,4
811514,reward,6885,274.84006353311173,361.777,SF-P3O,Walker2d-v4,4
811652,reward,6886,376.98497545457,356.878,SF-P3O,Walker2d-v4,4
811779,reward,6887,328.40831173907725,355.099,SF-P3O,Walker2d-v4,4
811933,reward,6888,415.90960003840314,361.998,SF-P3O,Walker2d-v4,4
812026,reward,6889,203.36171570878247,342.386,SF-P3O,Walker2d-v4,4
812166,reward,6890,359.43166582449544,337.105,SF-P3O,Walker2d-v4,4
812287,reward,6891,321.56812626090823,334.41,SF-P3O,Walker2d-v4,4
812413,reward,6892,321.61479059322284,330.899,SF-P3O,Walker2d-v4,4
812537,reward,6893,341.08506509831557,332.69,SF-P3O,Walker2d-v4,4
812665,reward,6894,340.16089935997684,328.337,SF-P3O,Walker2d-v4,4
812805,reward,6895,368.71097158831213,337.724,SF-P3O,Walker2d-v4,4
812950,reward,6896,407.18148216934077,340.743,SF-P3O,Walker2d-v4,4
813081,reward,6897,363.6796133580121,344.27,SF-P3O,Walker2d-v4,4
813231,reward,6898,412.24612988101745,343.904,SF-P3O,Walker2d-v4,4
813361,reward,6899,376.92249877950786,361.26,SF-P3O,Walker2d-v4,4
813493,reward,6900,351.6533064234307,360.482,SF-P3O,Walker2d-v4,4
813636,reward,6901,386.71098657479956,366.997,SF-P3O,Walker2d-v4,4
813769,reward,6902,359.3199720237131,370.767,SF-P3O,Walker2d-v4,4
813892,reward,6903,330.7222779411735,369.731,SF-P3O,Walker2d-v4,4
814030,reward,6904,364.9944897600549,372.214,SF-P3O,Walker2d-v4,4
814178,reward,6905,406.77710539440307,376.021,SF-P3O,Walker2d-v4,4
814290,reward,6906,290.9122103685516,364.394,SF-P3O,Walker2d-v4,4
814428,reward,6907,379.1738260736904,365.943,SF-P3O,Walker2d-v4,4
814550,reward,6908,336.3051455487458,358.349,SF-P3O,Walker2d-v4,4
814673,reward,6909,320.25258592304704,352.682,SF-P3O,Walker2d-v4,4
814811,reward,6910,382.9038411248245,355.807,SF-P3O,Walker2d-v4,4
814926,reward,6911,312.2814473634868,348.364,SF-P3O,Walker2d-v4,4
815075,reward,6912,381.7335732727703,350.606,SF-P3O,Walker2d-v4,4
815194,reward,6913,321.0846189199682,349.642,SF-P3O,Walker2d-v4,4
815345,reward,6914,397.2689593528975,352.869,SF-P3O,Walker2d-v4,4
815479,reward,6915,353.17072158448684,347.509,SF-P3O,Walker2d-v4,4
815561,reward,6916,173.79665072172833,335.797,SF-P3O,Walker2d-v4,4
815682,reward,6917,335.1136232187761,331.391,SF-P3O,Walker2d-v4,4
815815,reward,6918,379.4675750729075,335.707,SF-P3O,Walker2d-v4,4
815970,reward,6919,368.42010481417293,340.524,SF-P3O,Walker2d-v4,4
816115,reward,6920,401.65410776862,342.399,SF-P3O,Walker2d-v4,4
816217,reward,6921,259.1683450917675,337.088,SF-P3O,Walker2d-v4,4
816356,reward,6922,374.66145925438514,336.381,SF-P3O,Walker2d-v4,4
816500,reward,6923,395.53813708004407,343.826,SF-P3O,Walker2d-v4,4
816629,reward,6924,361.54432599115324,340.254,SF-P3O,Walker2d-v4,4
816751,reward,6925,346.94556352155666,339.631,SF-P3O,Walker2d-v4,4
816868,reward,6926,319.0643601173697,354.158,SF-P3O,Walker2d-v4,4
817023,reward,6927,403.87542563532105,361.034,SF-P3O,Walker2d-v4,4
817177,reward,6928,394.07116645103946,362.494,SF-P3O,Walker2d-v4,4
817297,reward,6929,331.90159951757323,358.842,SF-P3O,Walker2d-v4,4
817428,reward,6930,352.5013593904108,353.927,SF-P3O,Walker2d-v4,4
817550,reward,6931,326.27181134633986,360.638,SF-P3O,Walker2d-v4,4
817659,reward,6932,291.04700069765374,352.276,SF-P3O,Walker2d-v4,4
817774,reward,6933,311.3876140049734,343.861,SF-P3O,Walker2d-v4,4
817907,reward,6934,372.5478385775193,344.961,SF-P3O,Walker2d-v4,4
818032,reward,6935,326.2873490501249,342.896,SF-P3O,Walker2d-v4,4
818166,reward,6936,360.0780635068856,346.997,SF-P3O,Walker2d-v4,4
818275,reward,6937,276.96834577311307,334.306,SF-P3O,Walker2d-v4,4
818415,reward,6938,391.43312736807536,334.042,SF-P3O,Walker2d-v4,4
818555,reward,6939,380.2434372334418,338.877,SF-P3O,Walker2d-v4,4
818689,reward,6940,361.79735619741587,339.806,SF-P3O,Walker2d-v4,4
818845,reward,6941,414.00379360084344,348.579,SF-P3O,Walker2d-v4,4
818966,reward,6942,332.1330536221591,352.688,SF-P3O,Walker2d-v4,4
819086,reward,6943,314.529006936579,353.002,SF-P3O,Walker2d-v4,4
819200,loss,-0.09141871333122253,0.5202286243438721,SF-P3O,Walker2d-v4,4
819200,diagnostics,0.0,68.01,32.6637,0.070127,0.949845,0.9306,0.125301,SF-P3O,Walker2d-v4,4
819237,reward,6944,390.5265821508904,354.8,SF-P3O,Walker2d-v4,4
819383,reward,6945,398.1833923651496,361.99,SF-P3O,Walker2d-v4,4
819508,reward,6946,344.7022104884376,360.452,SF-P3O,Walker2d-v4,4
819629,reward,6947,323.4086989534781,365.096,SF-P3O,Walker2d-v4,4
819764,reward,6948,365.0248555092318,362.455,SF-P3O,Walker2d-v4,4
819888,reward,6949,331.60996589616786,357.592,SF-P3O,Walker2d-v4,4
820000,speed,522.19,22.84,SF-P3O,Walker2d-v4,4
820001,spectral,0.070127,0.949845,0.9306,SF-P3O,Walker2d-v4,4
820050,reward,6950,427.76188172344854,364.188,SF-P3O,Walker2d-v4,4
820174,reward,6951,322.57517893757097,355.045,SF-P3O,Walker2d-v4,4
820290,reward,6952,321.98360714925457,354.031,SF-P3O,Walker2d-v4,4
820412,reward,6953,326.066455197549,355.184,SF-P3O,Walker2d-v4,4
820553,reward,6954,378.40085431609145,353.972,SF-P3O,Walker2d-v4,4
820688,reward,6955,372.18736233584264,351.372,SF-P3O,Walker2d-v4,4
820821,reward,6956,379.04616831780106,354.807,SF-P3O,Walker2d-v4,4
820951,reward,6957,351.32266686175313,357.598,SF-P3O,Walker2d-v4,4
821097,reward,6958,392.3370254617306,360.329,SF-P3O,Walker2d-v4,4
821213,reward,6959,322.2269963719603,359.391,SF-P3O,Walker2d-v4,4
821348,reward,6960,378.3154934658177,354.446,SF-P3O,Walker2d-v4,4
821470,reward,6961,334.63101277943855,355.652,SF-P3O,Walker2d-v4,4
821615,reward,6962,385.38122480406753,361.992,SF-P3O,Walker2d-v4,4
821742,reward,6963,362.5564429956027,365.641,SF-P3O,Walker2d-v4,4
821860,reward,6964,324.76441016054997,360.277,SF-P3O,Walker2d-v4,4
821997,reward,6965,383.07485110396226,361.366,SF-P3O,Walker2d-v4,4
822127,reward,6966,359.51196097138245,359.412,SF-P3O,Walker2d-v4,4
822283,reward,6967,407.31909266285794,365.012,SF-P3O,Walker2d-v4,4
822399,reward,6968,305.82082936198225,356.36,SF-P3O,Walker2d-v4,4
822517,reward,6969,317.1939134209739,355.857,SF-P3O,Walker2d-v4,4
822688,reward,6970,430.5862060576202,361.084,SF-P3O,Walker2d-v4,4
822812,reward,6971,338.90390229109573,361.511,SF-P3O,Walker2d-v4,4
822935,reward,6972,330.1241297465836,355.986,SF-P3O,Walker2d-v4,4
823061,reward,6973,348.7149201348818,354.601,SF-P3O,Walker2d-v4,4
823187,reward,6974,334.5949263572296,355.584,SF-P3O,Walker2d-v4,4
823315,reward,6975,354.1330900015604,352.69,SF-P3O,Walker2d-v4,4
823454,reward,6976,393.73506009000096,356.113,SF-P3O,Walker2d-v4,4
823577,reward,6977,332.13238187263585,348.594,SF-P3O,Walker2d-v4,4
823713,reward,6978,375.28157024865664,355.54,SF-P3O,Walker2d-v4,4
823854,reward,6979,376.82184182938573,361.503,SF-P3O,Walker2d-v4,4
823975,reward,6980,322.7681025904373,350.721,SF-P3O,Walker2d-v4,4
824124,reward,6981,406.0156084606235,357.432,SF-P3O,Walker2d-v4,4
824240,reward,6982,319.9783900640191,356.418,SF-P3O,Walker2d-v4,4
824376,reward,6983,374.00592488585534,358.947,SF-P3O,Walker2d-v4,4
824508,reward,6984,350.19972759678564,360.507,SF-P3O,Walker2d-v4,4
824636,reward,6985,350.17971518456665,360.112,SF-P3O,Walker2d-v4,4
824766,reward,6986,338.0627409706948,354.545,SF-P3O,Walker2d-v4,4
824872,reward,6987,278.909557196524,349.222,SF-P3O,Walker2d-v4,4
825013,reward,6988,378.62560750730773,349.557,SF-P3O,Walker2d-v4,4
825139,reward,6989,351.08912049442597,346.983,SF-P3O,Walker2d-v4,4
825263,reward,6990,331.6380942928058,347.87,SF-P3O,Walker2d-v4,4
825409,reward,6991,418.89901420317017,349.159,SF-P3O,Walker2d-v4,4
825538,reward,6992,348.7743037244926,352.038,SF-P3O,Walker2d-v4,4
825662,reward,6993,340.56817455247756,348.695,SF-P3O,Walker2d-v4,4
825779,reward,6994,332.1822412199563,346.893,SF-P3O,Walker2d-v4,4
825911,reward,6995,348.69287017250576,346.744,SF-P3O,Walker2d-v4,4
826049,reward,6996,378.71464723251927,350.809,SF-P3O,Walker2d-v4,4
826174,reward,6997,339.02952912086596,356.821,SF-P3O,Walker2d-v4,4
826302,reward,6998,341.75236094534716,353.134,SF-P3O,Walker2d-v4,4
826450,reward,6999,389.7406248241925,356.999,SF-P3O,Walker2d-v4,4
826591,reward,7000,368.2117391427861,360.657,SF-P3O,Walker2d-v4,4
826710,reward,7001,291.85630050165247,347.952,SF-P3O,Walker2d-v4,4
826840,reward,7002,376.19008309211256,350.694,SF-P3O,Walker2d-v4,4
826961,reward,7003,320.17207382527744,348.654,SF-P3O,Walker2d-v4,4
827090,reward,7004,341.92986082119,349.629,SF-P3O,Walker2d-v4,4
827229,reward,7005,383.0333856441212,353.063,SF-P3O,Walker2d-v4,4
827392,loss,0.02608609013259411,1.077183485031128,SF-P3O,Walker2d-v4,4
827402,reward,7006,439.5591073922223,359.148,SF-P3O,Walker2d-v4,4
827528,reward,7007,350.6382151197544,360.308,SF-P3O,Walker2d-v4,4
827680,reward,7008,440.69259437047333,370.202,SF-P3O,Walker2d-v4,4
827804,reward,7009,345.94396118462913,365.823,SF-P3O,Walker2d-v4,4
827931,reward,7010,343.5728221831582,363.359,SF-P3O,Walker2d-v4,4
828057,reward,7011,337.243732260859,367.898,SF-P3O,Walker2d-v4,4
828173,reward,7012,302.4226522800803,360.521,SF-P3O,Walker2d-v4,4
828294,reward,7013,329.601091236811,361.464,SF-P3O,Walker2d-v4,4
828426,reward,7014,377.3725340964548,365.008,SF-P3O,Walker2d-v4,4
828562,reward,7015,358.02235269420663,362.507,SF-P3O,Walker2d-v4,4
828710,reward,7016,390.4273234530633,357.594,SF-P3O,Walker2d-v4,4
828858,reward,7017,388.15953855162263,361.346,SF-P3O,Walker2d-v4,4
829013,reward,7018,400.3197913101571,357.309,SF-P3O,Walker2d-v4,4
829157,reward,7019,410.0294258137469,363.717,SF-P3O,Walker2d-v4,4
829297,reward,7020,397.9342039356223,369.153,SF-P3O,Walker2d-v4,4
829418,reward,7021,322.92065549121025,367.721,SF-P3O,Walker2d-v4,4
829553,reward,7022,362.5187609054303,373.731,SF-P3O,Walker2d-v4,4
829679,reward,7023,342.8601175631199,375.056,SF-P3O,Walker2d-v4,4
829803,reward,7024,351.3593757599727,372.455,SF-P3O,Walker2d-v4,4
829933,reward,7025,372.12345179551403,373.865,SF-P3O,Walker2d-v4,4
830000,speed,791.74,23.05,SF-P3O,Walker2d-v4,4
830001,spectral,0.070365,0.94994,0.9193,SF-P3O,Walker2d-v4,4
830070,reward,7026,351.5339904656855,369.976,SF-P3O,Walker2d-v4,4
830207,reward,7027,361.1611885661824,367.276,SF-P3O,Walker2d-v4,4
830323,reward,7028,314.6889642605733,358.713,SF-P3O,Walker2d-v4,4
830466,reward,7029,385.769617913306,356.287,SF-P3O,Walker2d-v4,4
830601,reward,7030,381.7351762128048,354.667,SF-P3O,Walker2d-v4,4
830747,reward,7031,385.5501093046649,360.93,SF-P3O,Walker2d-v4,4
830867,reward,7032,321.5464532949504,356.833,SF-P3O,Walker2d-v4,4
830988,reward,7033,319.07723203221957,354.455,SF-P3O,Walker2d-v4,4
831125,reward,7034,397.11240925728424,359.03,SF-P3O,Walker2d-v4,4
831258,reward,7035,368.4089045258662,358.658,SF-P3O,Walker2d-v4,4
831377,reward,7036,316.42955502482715,355.148,SF-P3O,Walker2d-v4,4
831511,reward,7037,382.3541559076566,357.267,SF-P3O,Walker2d-v4,4
831642,reward,7038,362.7887220785943,362.077,SF-P3O,Walker2d-v4,4
831779,reward,7039,386.1588424522693,362.116,SF-P3O,Walker2d-v4,4
831884,reward,7040,271.57670210074076,351.1,SF-P3O,Walker2d-v4,4
832033,reward,7041,417.6714675843644,354.312,SF-P3O,Walker2d-v4,4
832155,reward,7042,328.21584786753044,354.979,SF-P3O,Walker2d-v4,4
832277,reward,7043,326.7071218445621,355.742,SF-P3O,Walker2d-v4,4
832409,reward,7044,356.91862500634386,351.723,SF-P3O,Walker2d-v4,4
832518,reward,7045,288.28022755202136,343.71,SF-P3O,Walker2d-v4,4
832659,reward,7046,377.21931695357677,349.789,SF-P3O,Walker2d-v4,4
832793,reward,7047,344.9731757429799,346.051,SF-P3O,Walker2d-v4,4
832898,reward,7048,265.3992885664245,336.312,SF-P3O,Walker2d-v4,4
833016,reward,7049,319.5866824516091,329.655,SF-P3O,Walker2d-v4,4
833140,reward,7050,331.4590496166954,335.643,SF-P3O,Walker2d-v4,4
833263,reward,7051,341.2357098627214,328.0,SF-P3O,Walker2d-v4,4
833409,reward,7052,393.04100029221235,334.482,SF-P3O,Walker2d-v4,4
833522,reward,7053,291.44395785158133,330.956,SF-P3O,Walker2d-v4,4
833656,reward,7054,365.6391654639163,331.828,SF-P3O,Walker2d-v4,4
833806,reward,7055,410.8288684284035,344.083,SF-P3O,Walker2d-v4,4
833931,reward,7056,332.1868421577106,339.579,SF-P3O,Walker2d-v4,4
834064,reward,7057,342.9259171219249,339.375,SF-P3O,Walker2d-v4,4
834187,reward,7058,326.08148819280325,345.443,SF-P3O,Walker2d-v4,4
834315,reward,7059,336.58457077502146,347.143,SF-P3O,Walker2d-v4,4
834459,reward,7060,380.333661107086,352.03,SF-P3O,Walker2d-v4,4
834583,reward,7061,332.71103385463255,351.178,SF-P3O,Walker2d-v4,4
834723,reward,7062,389.7690164663827,350.85,SF-P3O,Walker2d-v4,4
834865,reward,7063,393.7464766600788,361.081,SF-P3O,Walker2d-v4,4
835009,reward,7064,401.6928993357495,364.686,SF-P3O,Walker2d-v4,4
835153,reward,7065,390.7209747238745,362.675,SF-P3O,Walker2d-v4,4
835317,reward,7066,419.99391819425284,371.456,SF-P3O,Walker2d-v4,4
835471,reward,7067,414.8968274706537,378.653,SF-P3O,Walker2d-v4,4
835584,loss,-0.039515458047389984,0.9590998291969299,SF-P3O,Walker2d-v4,4
835584,diagnostics,0.0,68.24,32.0118,0.070514,0.950054,0.9329,0.121991,SF-P3O,Walker2d-v4,4
835600,reward,7068,340.11540409261124,380.056,SF-P3O,Walker2d-v4,4
835726,reward,7069,342.44882083030507,380.643,SF-P3O,Walker2d-v4,4
835849,reward,7070,335.9790476049744,376.207,SF-P3O,Walker2d-v4,4
836003,reward,7071,426.3633961235382,385.573,SF-P3O,Walker2d-v4,4
836142,reward,7072,393.78979009017877,385.975,SF-P3O,Walker2d-v4,4
836263,reward,7073,332.4114783290858,379.841,SF-P3O,Walker2d-v4,4
836388,reward,7074,358.31331582070925,375.503,SF-P3O,Walker2d-v4,4
836527,reward,7075,366.65282023771016,373.096,SF-P3O,Walker2d-v4,4
836654,reward,7076,356.628626783475,366.76,SF-P3O,Walker2d-v4,4
836786,reward,7077,349.13608458025186,360.184,SF-P3O,Walker2d-v4,4
836908,reward,7078,338.4223020754349,360.015,SF-P3O,Walker2d-v4,4
837037,reward,7079,359.26974398275013,361.697,SF-P3O,Walker2d-v4,4
837168,reward,7080,348.49673513251633,362.948,SF-P3O,Walker2d-v4,4
837269,reward,7081,252.50352143546388,345.562,SF-P3O,Walker2d-v4,4
837397,reward,7082,343.7351889216487,340.557,SF-P3O,Walker2d-v4,4
837535,reward,7083,380.77113666925095,345.393,SF-P3O,Walker2d-v4,4
837658,reward,7084,344.1926325475476,343.981,SF-P3O,Walker2d-v4,4
837786,reward,7085,359.78098057885296,343.294,SF-P3O,Walker2d-v4,4
837912,reward,7086,342.4308757631918,341.874,SF-P3O,Walker2d-v4,4
838037,reward,7087,357.87685034915927,342.748,SF-P3O,Walker2d-v4,4
838185,reward,7088,398.2379463164717,348.73,SF-P3O,Walker2d-v4,4
838329,reward,7089,412.90873676425656,354.093,SF-P3O,Walker2d-v4,4
838454,reward,7090,333.93009963760943,352.637,SF-P3O,Walker2d-v4,4
838574,reward,7091,323.7308144376904,359.76,SF-P3O,Walker2d-v4,4
838700,reward,7092,349.53144320776687,360.339,SF-P3O,Walker2d-v4,4
838833,reward,7093,357.8249358754787,358.045,SF-P3O,Walker2d-v4,4
838958,reward,7094,346.33960103275797,358.259,SF-P3O,Walker2d-v4,4
839078,reward,7095,330.38562491399153,355.32,SF-P3O,Walker2d-v4,4
839243,reward,7096,419.33411402612273,363.01,SF-P3O,Walker2d-v4,4
839370,reward,7097,339.8284053165924,361.205,SF-P3O,Walker2d-v4,4
839530,reward,7098,419.21394878331625,363.303,SF-P3O,Walker2d-v4,4
839662,reward,7099,349.569261299809,356.969,SF-P3O,Walker2d-v4,4
839779,reward,7100,314.71168707191435,355.047,SF-P3O,Walker2d-v4,4
839898,reward,7101,325.1640095332963,355.19,SF-P3O,Walker2d-v4,4
840000,speed,809.15,23.26,SF-P3O,Walker2d-v4,4
840001,spectral,0.070514,0.950054,0.9329,SF-P3O,Walker2d-v4,4
840025,reward,7102,358.1550930515172,356.053,SF-P3O,Walker2d-v4,4
840157,reward,7103,361.74354035890366,356.445,SF-P3O,Walker2d-v4,4
840295,reward,7104,376.379634483987,359.449,SF-P3O,Walker2d-v4,4
840432,reward,7105,395.73892890516254,365.984,SF-P3O,Walker2d-v4,4
840550,reward,7106,322.2027929449903,356.271,SF-P3O,Walker2d-v4,4
840684,reward,7107,382.73235868235815,360.561,SF-P3O,Walker2d-v4,4
840818,reward,7108,374.7592431588964,356.116,SF-P3O,Walker2d-v4,4
840954,reward,7109,387.275901052414,359.886,SF-P3O,Walker2d-v4,4
841095,reward,7110,394.68892867255215,367.884,SF-P3O,Walker2d-v4,4
841245,reward,7111,428.67878523088274,378.236,SF-P3O,Walker2d-v4,4
841353,reward,7112,281.7981472034968,370.6,SF-P3O,Walker2d-v4,4
841484,reward,7113,366.66596819128495,371.092,SF-P3O,Walker2d-v4,4
841619,reward,7114,367.9986402510662,370.254,SF-P3O,Walker2d-v4,4
841764,reward,7115,391.82541795519927,369.863,SF-P3O,Walker2d-v4,4
841908,reward,7116,381.6119269828488,375.804,SF-P3O,Walker2d-v4,4
842040,reward,7117,366.0259614555952,374.133,SF-P3O,Walker2d-v4,4
842168,reward,7118,361.42942996052494,372.8,SF-P3O,Walker2d-v4,4
842279,reward,7119,289.35257876767304,363.008,SF-P3O,Walker2d-v4,4
842397,reward,7120,325.2282622374136,356.062,SF-P3O,Walker2d-v4,4
842531,reward,7121,383.0341503831652,351.497,SF-P3O,Walker2d-v4,4
842667,reward,7122,381.9882294199592,361.516,SF-P3O,Walker2d-v4,4
842808,reward,7123,414.4657948334953,366.296,SF-P3O,Walker2d-v4,4
842934,reward,7124,353.38466989987086,364.835,SF-P3O,Walker2d-v4,4
843080,reward,7125,374.04084705674256,363.056,SF-P3O,Walker2d-v4,4
843198,reward,7126,314.29479471091,356.324,SF-P3O,Walker2d-v4,4
843337,reward,7127,396.23719133060064,359.346,SF-P3O,Walker2d-v4,4
843463,reward,7128,334.71130181107907,356.674,SF-P3O,Walker2d-v4,4
843592,reward,7129,348.9949726098117,362.638,SF-P3O,Walker2d-v4,4
843734,reward,7130,387.29448737037876,368.845,SF-P3O,Walker2d-v4,4
843776,loss,-0.039602361619472504,0.5898676514625549,SF-P3O,Walker2d-v4,4
843870,reward,7131,363.12355035284514,366.854,SF-P3O,Walker2d-v4,4
843999,reward,7132,324.17150838580017,361.072,SF-P3O,Walker2d-v4,4
844118,reward,7133,327.349330653248,352.36,SF-P3O,Walker2d-v4,4
844255,reward,7134,370.98582849131077,354.12,SF-P3O,Walker2d-v4,4
844378,reward,7135,323.5744645107337,349.074,SF-P3O,Walker2d-v4,4
844524,reward,7136,425.59888608279914,360.204,SF-P3O,Walker2d-v4,4
844662,reward,7137,370.0142852329114,357.582,SF-P3O,Walker2d-v4,4
844789,reward,7138,363.0897620642892,360.42,SF-P3O,Walker2d-v4,4
844929,reward,7139,388.2939382396401,364.35,SF-P3O,Walker2d-v4,4
845045,reward,7140,312.4385281123848,356.864,SF-P3O,Walker2d-v4,4
845173,reward,7141,358.83027882909363,356.435,SF-P3O,Walker2d-v4,4
845298,reward,7142,345.14914675733496,358.532,SF-P3O,Walker2d-v4,4
845444,reward,7143,402.85901418789325,366.083,SF-P3O,Walker2d-v4,4
845571,reward,7144,343.5757734265807,363.342,SF-P3O,Walker2d-v4,4
845692,reward,7145,338.4220225317543,364.827,SF-P3O,Walker2d-v4,4
845821,reward,7146,362.14491431709,358.482,SF-P3O,Walker2d-v4,4
845955,reward,7147,363.41244919079577,357.822,SF-P3O,Walker2d-v4,4
846082,reward,7148,341.8607981859271,355.699,SF-P3O,Walker2d-v4,4
846212,reward,7149,340.4488455837851,350.914,SF-P3O,Walker2d-v4,4
846342,reward,7150,374.5671690413505,357.127,SF-P3O,Walker2d-v4,4
846482,reward,7151,393.8550295582777,360.63,SF-P3O,Walker2d-v4,4
846632,reward,7152,420.3784843080395,368.152,SF-P3O,Walker2d-v4,4
846768,reward,7153,383.02970179163856,366.17,SF-P3O,Walker2d-v4,4
846883,reward,7154,305.2858338724968,362.341,SF-P3O,Walker2d-v4,4
846998,reward,7155,309.95928074852395,359.494,SF-P3O,Walker2d-v4,4
847157,reward,7156,442.4252291122513,367.522,SF-P3O,Walker2d-v4,4
847283,reward,7157,350.1106827281424,366.192,SF-P3O,Walker2d-v4,4
847427,reward,7158,407.78901126058315,372.785,SF-P3O,Walker2d-v4,4
847583,reward,7159,410.5000286845182,379.79,SF-P3O,Walker2d-v4,4
847717,reward,7160,383.8282706636475,380.716,SF-P3O,Walker2d-v4,4
847877,reward,7161,426.97193500178975,384.028,SF-P3O,Walker2d-v4,4
848017,reward,7162,378.1635717903735,379.806,SF-P3O,Walker2d-v4,4
848166,reward,7163,424.8059349467443,383.984,SF-P3O,Walker2d-v4,4
848293,reward,7164,362.1400252042155,389.669,SF-P3O,Walker2d-v4,4
848368,reward,7165,139.59583918613228,372.633,SF-P3O,Walker2d-v4,4
848484,reward,7166,289.44864641766895,357.335,SF-P3O,Walker2d-v4,4
848608,reward,7167,344.01044156832535,356.725,SF-P3O,Walker2d-v4,4
848723,reward,7168,306.73209380239757,346.62,SF-P3O,Walker2d-v4,4
848847,reward,7169,338.94207489159595,339.464,SF-P3O,Walker2d-v4,4
848991,reward,7170,389.1998223963061,340.001,SF-P3O,Walker2d-v4,4
849127,reward,7171,380.39493848792983,335.343,SF-P3O,Walker2d-v4,4
849251,reward,7172,340.9674397279878,331.624,SF-P3O,Walker2d-v4,4
849390,reward,7173,397.1006691461867,328.853,SF-P3O,Walker2d-v4,4
849520,reward,7174,353.4555926602481,327.985,SF-P3O,Walker2d-v4,4
849646,reward,7175,332.55504519191084,347.281,SF-P3O,Walker2d-v4,4
849779,reward,7176,393.2353568920505,357.659,SF-P3O,Walker2d-v4,4
849927,reward,7177,399.289300444343,363.187,SF-P3O,Walker2d-v4,4
850000,speed,792.86,23.47,SF-P3O,Walker2d-v4,4
850001,perturb,0.070797,0.950227,0.93,315,459,0.0,10,SF-P3O,Walker2d-v4,4
850048,reward,7178,321.1511486988201,364.629,SF-P3O,Walker2d-v4,4
850180,reward,7179,375.5494971647942,368.29,SF-P3O,Walker2d-v4,4
850313,reward,7180,360.73470035721857,365.443,SF-P3O,Walker2d-v4,4
850441,reward,7181,364.85170084598263,363.889,SF-P3O,Walker2d-v4,4
850580,reward,7182,388.7228212698025,368.665,SF-P3O,Walker2d-v4,4
850703,reward,7183,344.632189255325,363.418,SF-P3O,Walker2d-v4,4
850839,reward,7184,370.85554640445406,365.158,SF-P3O,Walker2d-v4,4
850982,reward,7185,393.1345644691722,371.216,SF-P3O,Walker2d-v4,4
851109,reward,7186,364.221741760957,368.314,SF-P3O,Walker2d-v4,4
851283,reward,7187,455.8570484700372,373.971,SF-P3O,Walker2d-v4,4
851421,reward,7188,393.51963378226515,381.208,SF-P3O,Walker2d-v4,4
851546,reward,7189,323.1316340392797,375.966,SF-P3O,Walker2d-v4,4
851673,reward,7190,352.2822935358797,375.121,SF-P3O,Walker2d-v4,4
851807,reward,7191,384.1784706155988,377.054,SF-P3O,Walker2d-v4,4
851941,reward,7192,363.0144385763686,374.483,SF-P3O,Walker2d-v4,4
851968,loss,-0.07969015836715698,0.7342161536216736,SF-P3O,Walker2d-v4,4
851968,diagnostics,0.0,68.48,51.3298,0.071202,0.950275,0.9369,0.132403,SF-P3O,Walker2d-v4,4
852069,reward,7193,350.2624408601636,375.046,SF-P3O,Walker2d-v4,4
852224,reward,7194,432.77815194471646,381.238,SF-P3O,Walker2d-v4,4
852354,reward,7195,349.0228520921489,376.827,SF-P3O,Walker2d-v4,4
852485,reward,7196,373.2617170145981,377.731,SF-P3O,Walker2d-v4,4
852633,reward,7197,407.71132497895263,372.916,SF-P3O,Walker2d-v4,4
852760,reward,7198,339.79957364478344,367.544,SF-P3O,Walker2d-v4,4
852909,reward,7199,419.0843980901358,377.14,SF-P3O,Walker2d-v4,4
853044,reward,7200,378.8455646202997,379.796,SF-P3O,Walker2d-v4,4
853184,reward,7201,369.9952925653197,378.378,SF-P3O,Walker2d-v4,4
853323,reward,7202,386.77937395931514,380.754,SF-P3O,Walker2d-v4,4
853456,reward,7203,370.45195858448653,382.773,SF-P3O,Walker2d-v4,4
853599,reward,7204,395.1014005194007,379.005,SF-P3O,Walker2d-v4,4
853738,reward,7205,393.60225608325743,383.463,SF-P3O,Walker2d-v4,4
853893,reward,7206,425.70735540146336,388.708,SF-P3O,Walker2d-v4,4
854039,reward,7207,402.32413418616375,388.169,SF-P3O,Walker2d-v4,4
854184,reward,7208,401.2080196198083,394.31,SF-P3O,Walker2d-v4,4
854323,reward,7209,381.51102671359575,390.553,SF-P3O,Walker2d-v4,4
854458,reward,7210,372.64524717112926,389.933,SF-P3O,Walker2d-v4,4
854614,reward,7211,436.90372461776326,396.623,SF-P3O,Walker2d-v4,4
854753,reward,7212,381.46270561026495,396.092,SF-P3O,Walker2d-v4,4
854887,reward,7213,360.00815990425025,395.047,SF-P3O,Walker2d-v4,4
855000,reward,7214,307.46557463974045,386.284,SF-P3O,Walker2d-v4,4
855132,reward,7215,366.7854955169888,383.602,SF-P3O,Walker2d-v4,4
855300,reward,7216,447.05402729380864,385.737,SF-P3O,Walker2d-v4,4
855436,reward,7217,380.7899757887425,383.583,SF-P3O,Walker2d-v4,4
855559,reward,7218,350.2406979355212,378.487,SF-P3O,Walker2d-v4,4
855696,reward,7219,371.6324568400168,377.499,SF-P3O,Walker2d-v4,4
855821,reward,7220,351.4209697642026,375.376,SF-P3O,Walker2d-v4,4
855943,reward,7221,320.07851051885183,363.694,SF-P3O,Walker2d-v4,4
856078,reward,7222,374.62503350605255,363.01,SF-P3O,Walker2d-v4,4
856205,reward,7223,336.5374742755322,360.663,SF-P3O,Walker2d-v4,4
856342,reward,7224,365.13168487970927,366.43,SF-P3O,Walker2d-v4,4
856486,reward,7225,402.94516308229095,370.046,SF-P3O,Walker2d-v4,4
856608,reward,7226,334.93322648049957,358.834,SF-P3O,Walker2d-v4,4
856734,reward,7227,341.57237457276057,354.912,SF-P3O,Walker2d-v4,4
856864,reward,7228,374.90285280826623,357.378,SF-P3O,Walker2d-v4,4
857015,reward,7229,415.46290556240723,361.761,SF-P3O,Walker2d-v4,4
857148,reward,7230,351.0489519564129,361.724,SF-P3O,Walker2d-v4,4
857276,reward,7231,353.6052483555941,365.076,SF-P3O,Walker2d-v4,4
857405,reward,7232,359.12318165924245,363.526,SF-P3O,Walker2d-v4,4
857552,reward,7233,412.3300059694618,371.106,SF-P3O,Walker2d-v4,4
857695,reward,7234,386.01420002571234,373.194,SF-P3O,Walker2d-v4,4
857842,reward,7235,421.61586002774897,375.061,SF-P3O,Walker2d-v4,4
857973,reward,7236,357.32352649515167,377.3,SF-P3O,Walker2d-v4,4
858110,reward,7237,381.74033839389034,381.317,SF-P3O,Walker2d-v4,4
858223,reward,7238,306.59500811467325,374.486,SF-P3O,Walker2d-v4,4
858347,reward,7239,354.27364068187154,368.367,SF-P3O,Walker2d-v4,4
858476,reward,7240,358.6183212334165,369.124,SF-P3O,Walker2d-v4,4
858625,reward,7241,411.77075927306197,374.94,SF-P3O,Walker2d-v4,4
858759,reward,7242,366.95769619935845,375.724,SF-P3O,Walker2d-v4,4
858883,reward,7243,343.1440153301576,368.805,SF-P3O,Walker2d-v4,4
859018,reward,7244,387.8416408748088,368.988,SF-P3O,Walker2d-v4,4
859155,reward,7245,375.7352598076028,364.4,SF-P3O,Walker2d-v4,4
859289,reward,7246,374.42121041864647,366.11,SF-P3O,Walker2d-v4,4
859418,reward,7247,366.3664145429534,364.572,SF-P3O,Walker2d-v4,4
859577,reward,7248,433.39532190547163,377.252,SF-P3O,Walker2d-v4,4
859724,reward,7249,412.8607960262079,383.111,SF-P3O,Walker2d-v4,4
859851,reward,7250,361.5288763463759,383.402,SF-P3O,Walker2d-v4,4
859998,reward,7251,405.2063645485513,382.746,SF-P3O,Walker2d-v4,4
860000,speed,792.22,23.68,SF-P3O,Walker2d-v4,4
860001,spectral,0.071202,0.950275,0.9369,SF-P3O,Walker2d-v4,4
860107,reward,7252,269.6840695807732,373.018,SF-P3O,Walker2d-v4,4
860160,loss,0.022251227870583534,0.7902954816818237,SF-P3O,Walker2d-v4,4
860228,reward,7253,325.03220946104483,371.207,SF-P3O,Walker2d-v4,4
860369,reward,7254,385.14956374143105,370.938,SF-P3O,Walker2d-v4,4
860502,reward,7255,374.5432706580847,370.819,SF-P3O,Walker2d-v4,4
860651,reward,7256,414.9472910114124,374.871,SF-P3O,Walker2d-v4,4
860790,reward,7257,383.8291627279018,376.618,SF-P3O,Walker2d-v4,4
860938,reward,7258,415.45166069309016,374.823,SF-P3O,Walker2d-v4,4
861068,reward,7259,359.91150115223695,369.528,SF-P3O,Walker2d-v4,4
861202,reward,7260,373.93869368872146,370.769,SF-P3O,Walker2d-v4,4
861332,reward,7261,362.8041771371974,366.529,SF-P3O,Walker2d-v4,4
861463,reward,7262,379.2041799582905,377.481,SF-P3O,Walker2d-v4,4
861590,reward,7263,343.0270284871872,379.281,SF-P3O,Walker2d-v4,4
861742,reward,7264,421.9981139897477,382.966,SF-P3O,Walker2d-v4,4
861892,reward,7265,399.5201720120838,385.463,SF-P3O,Walker2d-v4,4
862031,reward,7266,380.8113995700868,382.05,SF-P3O,Walker2d-v4,4
862161,reward,7267,372.5003319985909,380.917,SF-P3O,Walker2d-v4,4
862313,reward,7268,422.0741432008529,381.579,SF-P3O,Walker2d-v4,4
862438,reward,7269,344.814900999844,380.069,SF-P3O,Walker2d-v4,4
862572,reward,7270,384.0912182693193,381.085,SF-P3O,Walker2d-v4,4
862701,reward,7271,362.8865459927477,381.093,SF-P3O,Walker2d-v4,4
862844,reward,7272,380.4873759944392,381.221,SF-P3O,Walker2d-v4,4
862965,reward,7273,349.35505943459697,381.854,SF-P3O,Walker2d-v4,4
863097,reward,7274,373.0061561937864,376.955,SF-P3O,Walker2d-v4,4
863238,reward,7275,403.42878183393185,377.346,SF-P3O,Walker2d-v4,4
863353,reward,7276,314.0953368350887,370.674,SF-P3O,Walker2d-v4,4
863470,reward,7277,306.29219871607313,364.053,SF-P3O,Walker2d-v4,4
863602,reward,7278,380.86912598994707,359.933,SF-P3O,Walker2d-v4,4
863746,reward,7279,403.4778402043586,365.799,SF-P3O,Walker2d-v4,4
863858,reward,7280,285.92924627706896,355.983,SF-P3O,Walker2d-v4,4
863996,reward,7281,381.14943251826855,357.809,SF-P3O,Walker2d-v4,4
864125,reward,7282,365.57617236340906,356.318,SF-P3O,Walker2d-v4,4
864272,reward,7283,426.4447068483768,364.027,SF-P3O,Walker2d-v4,4
864420,reward,7284,405.71140546062236,367.297,SF-P3O,Walker2d-v4,4
864553,reward,7285,383.00049602473143,365.255,SF-P3O,Walker2d-v4,4
864683,reward,7286,369.6425013531621,370.809,SF-P3O,Walker2d-v4,4
864790,reward,7287,273.3234505148039,367.512,SF-P3O,Walker2d-v4,4
864950,reward,7288,428.53457044954223,372.279,SF-P3O,Walker2d-v4,4
865108,reward,7289,425.99765262834717,374.531,SF-P3O,Walker2d-v4,4
865230,reward,7290,348.4183855597134,380.78,SF-P3O,Walker2d-v4,4
865355,reward,7291,367.9557893094959,379.461,SF-P3O,Walker2d-v4,4
865498,reward,7292,392.1198156532811,382.115,SF-P3O,Walker2d-v4,4
865631,reward,7293,374.1405891930859,376.884,SF-P3O,Walker2d-v4,4
865753,reward,7294,329.8901411951011,369.302,SF-P3O,Walker2d-v4,4
865882,reward,7295,356.2602279710698,366.628,SF-P3O,Walker2d-v4,4
866002,reward,7296,342.76686629069206,363.941,SF-P3O,Walker2d-v4,4
866131,reward,7297,365.3973509616424,373.148,SF-P3O,Walker2d-v4,4
866261,reward,7298,358.067313628221,366.101,SF-P3O,Walker2d-v4,4
866415,reward,7299,433.90856012255693,366.893,SF-P3O,Walker2d-v4,4
866582,reward,7300,463.67882394038514,378.419,SF-P3O,Walker2d-v4,4
866720,reward,7301,365.8588264834355,378.209,SF-P3O,Walker2d-v4,4
866845,reward,7302,338.0082311883091,372.798,SF-P3O,Walker2d-v4,4
866998,reward,7303,416.71839535862387,377.055,SF-P3O,Walker2d-v4,4
867124,reward,7304,349.6703547160543,379.033,SF-P3O,Walker2d-v4,4
867248,reward,7305,356.9133207475645,379.099,SF-P3O,Walker2d-v4,4
867411,reward,7306,447.32579156382735,389.555,SF-P3O,Walker2d-v4,4
867561,reward,7307,418.74811433451055,394.89,SF-P3O,Walker2d-v4,4
867688,reward,7308,348.29754406191614,393.913,SF-P3O,Walker2d-v4,4
867832,reward,7309,393.1694314904475,389.839,SF-P3O,Walker2d-v4,4
867956,reward,7310,353.44298811740487,378.815,SF-P3O,Walker2d-v4,4
868083,reward,7311,350.9468433122744,377.324,SF-P3O,Walker2d-v4,4
868221,reward,7312,389.31409239317014,382.455,SF-P3O,Walker2d-v4,4
868352,loss,0.02456742525100708,0.8021572232246399,SF-P3O,Walker2d-v4,4
868352,diagnostics,0.0,68.69,36.5158,0.071985,0.950115,0.9478,0.125288,SF-P3O,Walker2d-v4,4
868353,reward,7313,363.5132748065308,377.134,SF-P3O,Walker2d-v4,4
868477,reward,7314,328.4129749875026,375.008,SF-P3O,Walker2d-v4,4
868608,reward,7315,372.233912699983,376.54,SF-P3O,Walker2d-v4,4
868728,reward,7316,331.35781730481216,364.944,SF-P3O,Walker2d-v4,4
868847,reward,7317,310.71515639730524,354.14,SF-P3O,Walker2d-v4,4
869001,reward,7318,429.58088556926236,362.269,SF-P3O,Walker2d-v4,4
869136,reward,7319,388.3978605677036,361.792,SF-P3O,Walker2d-v4,4
869240,reward,7320,284.2929338670762,354.877,SF-P3O,Walker2d-v4,4
869388,reward,7321,396.9545725144942,359.477,SF-P3O,Walker2d-v4,4
869506,reward,7322,335.6471418263679,354.111,SF-P3O,Walker2d-v4,4
869637,reward,7323,359.9109129776413,353.75,SF-P3O,Walker2d-v4,4
869764,reward,7324,342.35461357494034,355.145,SF-P3O,Walker2d-v4,4
869901,reward,7325,372.55222408339216,355.176,SF-P3O,Walker2d-v4,4
870000,speed,527.61,24.0,SF-P3O,Walker2d-v4,4
870001,spectral,0.071985,0.950115,0.9478,SF-P3O,Walker2d-v4,4
870027,reward,7326,368.8550477378368,358.926,SF-P3O,Walker2d-v4,4
870174,reward,7327,399.6555616877202,367.82,SF-P3O,Walker2d-v4,4
870304,reward,7328,369.4376135769268,361.806,SF-P3O,Walker2d-v4,4
870454,reward,7329,416.5566850374922,364.622,SF-P3O,Walker2d-v4,4
870588,reward,7330,384.3368531257431,374.626,SF-P3O,Walker2d-v4,4
870706,reward,7331,307.90169754586645,365.721,SF-P3O,Walker2d-v4,4
870832,reward,7332,352.39145775658164,367.395,SF-P3O,Walker2d-v4,4
870969,reward,7333,399.63918169943844,371.368,SF-P3O,Walker2d-v4,4
871125,reward,7334,392.6810355255344,376.401,SF-P3O,Walker2d-v4,4
871237,reward,7335,304.37697453860255,369.583,SF-P3O,Walker2d-v4,4
871371,reward,7336,380.45210350898617,370.743,SF-P3O,Walker2d-v4,4
871493,reward,7337,327.7594746228383,363.553,SF-P3O,Walker2d-v4,4
871611,reward,7338,315.6355631867426,358.173,SF-P3O,Walker2d-v4,4
871754,reward,7339,420.6413207413892,358.582,SF-P3O,Walker2d-v4,4
871901,reward,7340,423.8442464672392,362.532,SF-P3O,Walker2d-v4,4
872037,reward,7341,392.30310697642335,370.972,SF-P3O,Walker2d-v4,4
872180,reward,7342,389.0552037898007,374.639,SF-P3O,Walker2d-v4,4
872332,reward,7343,430.56936389943365,377.732,SF-P3O,Walker2d-v4,4
872464,reward,7344,361.8216449559524,374.646,SF-P3O,Walker2d-v4,4
872617,reward,7345,417.15601377031993,385.924,SF-P3O,Walker2d-v4,4
872746,reward,7346,348.4872849573033,382.727,SF-P3O,Walker2d-v4,4
872885,reward,7347,379.4637092666329,387.898,SF-P3O,Walker2d-v4,4
873026,reward,7348,384.0845388968878,394.743,SF-P3O,Walker2d-v4,4
873152,reward,7349,355.7070269984337,388.249,SF-P3O,Walker2d-v4,4
873296,reward,7350,404.9170863397629,386.356,SF-P3O,Walker2d-v4,4
873381,reward,7351,196.86704632674665,366.813,SF-P3O,Walker2d-v4,4
873500,reward,7352,322.86208801379814,360.194,SF-P3O,Walker2d-v4,4
873629,reward,7353,359.52828358961244,353.089,SF-P3O,Walker2d-v4,4
873770,reward,7354,363.49697233210884,353.257,SF-P3O,Walker2d-v4,4
873892,reward,7355,352.39544454668464,346.781,SF-P3O,Walker2d-v4,4
874027,reward,7356,374.95094998489697,349.427,SF-P3O,Walker2d-v4,4
874151,reward,7357,347.5860435252378,346.24,SF-P3O,Walker2d-v4,4
874265,reward,7358,306.2418049825191,338.455,SF-P3O,Walker2d-v4,4
874394,reward,7359,353.0102723952825,338.186,SF-P3O,Walker2d-v4,4
874523,reward,7360,362.60750846273737,333.955,SF-P3O,Walker2d-v4,4
874659,reward,7361,396.43377997795204,353.911,SF-P3O,Walker2d-v4,4
874825,reward,7362,429.5457556353998,364.58,SF-P3O,Walker2d-v4,4
874969,reward,7363,394.1980696093739,368.047,SF-P3O,Walker2d-v4,4
875095,reward,7364,343.4679751911018,366.044,SF-P3O,Walker2d-v4,4
875224,reward,7365,368.3901875718641,367.643,SF-P3O,Walker2d-v4,4
875361,reward,7366,378.0877986114611,367.957,SF-P3O,Walker2d-v4,4
875510,reward,7367,417.62357907908,374.961,SF-P3O,Walker2d-v4,4
875641,reward,7368,354.61970454710627,379.798,SF-P3O,Walker2d-v4,4
875812,reward,7369,454.57138391660317,389.955,SF-P3O,Walker2d-v4,4
875959,reward,7370,408.7138344468528,394.565,SF-P3O,Walker2d-v4,4
876099,reward,7371,407.14308013992706,395.636,SF-P3O,Walker2d-v4,4
876246,reward,7372,408.4811141342181,393.53,SF-P3O,Walker2d-v4,4
876408,reward,7373,428.00136323714673,396.91,SF-P3O,Walker2d-v4,4
876536,reward,7374,354.51451289344465,398.015,SF-P3O,Walker2d-v4,4
876544,loss,-0.03440890461206436,1.3422566652297974,SF-P3O,Walker2d-v4,4
876671,reward,7375,376.41233520896293,398.817,SF-P3O,Walker2d-v4,4
876796,reward,7376,350.9217444041665,396.1,SF-P3O,Walker2d-v4,4
876936,reward,7377,397.92688560630813,394.131,SF-P3O,Walker2d-v4,4
877054,reward,7378,319.1276665157884,390.581,SF-P3O,Walker2d-v4,4
877214,reward,7379,426.08120178449406,387.732,SF-P3O,Walker2d-v4,4
877377,reward,7380,450.6011339223487,391.921,SF-P3O,Walker2d-v4,4
877509,reward,7381,380.20083900838625,389.227,SF-P3O,Walker2d-v4,4
877632,reward,7382,343.50095691941596,382.729,SF-P3O,Walker2d-v4,4
877765,reward,7383,376.15353821910554,377.544,SF-P3O,Walker2d-v4,4
877887,reward,7384,333.9804835503471,375.491,SF-P3O,Walker2d-v4,4
878012,reward,7385,355.4920206402844,373.399,SF-P3O,Walker2d-v4,4
878160,reward,7386,415.7830777495488,379.885,SF-P3O,Walker2d-v4,4
878289,reward,7387,361.17815816073755,376.21,SF-P3O,Walker2d-v4,4
878412,reward,7388,330.6388326441182,377.361,SF-P3O,Walker2d-v4,4
878553,reward,7389,378.77436961798077,372.63,SF-P3O,Walker2d-v4,4
878688,reward,7390,378.304807849544,365.401,SF-P3O,Walker2d-v4,4
878815,reward,7391,372.4182229841017,364.622,SF-P3O,Walker2d-v4,4
878935,reward,7392,342.52609275923754,364.525,SF-P3O,Walker2d-v4,4
879072,reward,7393,402.2426904540021,367.134,SF-P3O,Walker2d-v4,4
879214,reward,7394,402.71275668860864,374.007,SF-P3O,Walker2d-v4,4
879352,reward,7395,386.5528984318866,377.113,SF-P3O,Walker2d-v4,4
879501,reward,7396,406.5732466935606,376.192,SF-P3O,Walker2d-v4,4
879630,reward,7397,368.60332746312383,376.935,SF-P3O,Walker2d-v4,4
879733,reward,7398,254.66091034155022,369.337,SF-P3O,Walker2d-v4,4
879841,reward,7399,282.7302262016899,359.733,SF-P3O,Walker2d-v4,4
879971,reward,7400,359.56537972539365,357.859,SF-P3O,Walker2d-v4,4
880000,speed,801.57,24.2,SF-P3O,Walker2d-v4,4
880001,spectral,0.072339,0.950062,0.9522,SF-P3O,Walker2d-v4,4
880152,reward,7401,477.4498073080484,368.362,SF-P3O,Walker2d-v4,4
880274,reward,7402,341.29345529269244,368.238,SF-P3O,Walker2d-v4,4
880423,reward,7403,420.2857713970987,370.043,SF-P3O,Walker2d-v4,4
880561,reward,7404,389.35346887251825,368.707,SF-P3O,Walker2d-v4,4
880682,reward,7405,325.0338583519188,362.555,SF-P3O,Walker2d-v4,4
880818,reward,7406,374.83928888426664,359.382,SF-P3O,Walker2d-v4,4
880932,reward,7407,311.49013353715696,353.67,SF-P3O,Walker2d-v4,4
881049,reward,7408,322.7025127008585,360.474,SF-P3O,Walker2d-v4,4
881178,reward,7409,365.513795652312,368.753,SF-P3O,Walker2d-v4,4
881310,reward,7410,364.70817046907354,369.267,SF-P3O,Walker2d-v4,4
881447,reward,7411,389.3433681265774,360.456,SF-P3O,Walker2d-v4,4
881640,reward,7412,460.2154210487493,372.349,SF-P3O,Walker2d-v4,4
881769,reward,7413,378.75247815909637,368.195,SF-P3O,Walker2d-v4,4
881901,reward,7414,373.58965213287337,366.619,SF-P3O,Walker2d-v4,4
882055,reward,7415,414.9236888827031,375.608,SF-P3O,Walker2d-v4,4
882174,reward,7416,332.8325401939071,371.407,SF-P3O,Walker2d-v4,4
882297,reward,7417,335.540892481998,373.812,SF-P3O,Walker2d-v4,4
882419,reward,7418,349.37046490626244,376.479,SF-P3O,Walker2d-v4,4
882577,reward,7419,437.8958711089178,383.717,SF-P3O,Walker2d-v4,4
882702,reward,7420,346.91726757663827,381.938,SF-P3O,Walker2d-v4,4
882848,reward,7421,422.6249560210955,385.266,SF-P3O,Walker2d-v4,4
883000,reward,7422,410.3431465283483,380.279,SF-P3O,Walker2d-v4,4
883144,reward,7423,382.9101755135259,380.695,SF-P3O,Walker2d-v4,4
883269,reward,7424,369.0276570815306,380.239,SF-P3O,Walker2d-v4,4
883428,reward,7425,446.23974427058744,383.37,SF-P3O,Walker2d-v4,4
883542,reward,7426,292.5202254835796,379.339,SF-P3O,Walker2d-v4,4
883674,reward,7427,360.51137882786776,381.836,SF-P3O,Walker2d-v4,4
883812,reward,7428,398.7600198529728,386.775,SF-P3O,Walker2d-v4,4
883933,reward,7429,334.50615273408704,376.436,SF-P3O,Walker2d-v4,4
884059,reward,7430,350.18763879467326,376.763,SF-P3O,Walker2d-v4,4
884178,reward,7431,330.5193633443173,367.553,SF-P3O,Walker2d-v4,4
884304,reward,7432,363.925409897784,362.911,SF-P3O,Walker2d-v4,4
884427,reward,7433,320.7661543082848,356.696,SF-P3O,Walker2d-v4,4
884540,reward,7434,311.55013955517916,350.949,SF-P3O,Walker2d-v4,4
884665,reward,7435,351.09755567279655,341.434,SF-P3O,Walker2d-v4,4
884736,loss,-0.021672727540135384,0.5917475819587708,SF-P3O,Walker2d-v4,4
884736,diagnostics,0.0,68.9,22.7223,0.072646,0.949911,0.9537,0.124877,SF-P3O,Walker2d-v4,4
884799,reward,7436,385.14177455210734,350.697,SF-P3O,Walker2d-v4,4
884935,reward,7437,370.98843275966556,351.744,SF-P3O,Walker2d-v4,4
885075,reward,7438,390.12757502046765,350.881,SF-P3O,Walker2d-v4,4
885207,reward,7439,379.3787050635042,355.368,SF-P3O,Walker2d-v4,4
885313,reward,7440,284.47416142781503,348.797,SF-P3O,Walker2d-v4,4
885447,reward,7441,380.1903222428597,353.764,SF-P3O,Walker2d-v4,4
885580,reward,7442,369.19299121326435,354.291,SF-P3O,Walker2d-v4,4
885715,reward,7443,389.39260631032306,361.153,SF-P3O,Walker2d-v4,4
885843,reward,7444,363.5143704002748,366.35,SF-P3O,Walker2d-v4,4
885991,reward,7445,421.38233719085775,373.378,SF-P3O,Walker2d-v4,4
886103,reward,7446,307.20268836625644,365.584,SF-P3O,Walker2d-v4,4
886224,reward,7447,343.0393843668693,362.79,SF-P3O,Walker2d-v4,4
886358,reward,7448,385.33910513633236,362.311,SF-P3O,Walker2d-v4,4
886490,reward,7449,383.2350441914268,362.696,SF-P3O,Walker2d-v4,4
886617,reward,7450,379.9000548024737,372.239,SF-P3O,Walker2d-v4,4
886744,reward,7451,359.0114652016462,370.121,SF-P3O,Walker2d-v4,4
886892,reward,7452,399.3208614653526,373.134,SF-P3O,Walker2d-v4,4
887015,reward,7453,353.1772842274313,369.512,SF-P3O,Walker2d-v4,4
887141,reward,7454,367.2634852567346,369.887,SF-P3O,Walker2d-v4,4
887263,reward,7455,335.8891616046368,361.338,SF-P3O,Walker2d-v4,4
887391,reward,7456,350.194973339473,365.637,SF-P3O,Walker2d-v4,4
887513,reward,7457,339.5776916542943,365.291,SF-P3O,Walker2d-v4,4
887635,reward,7458,337.1079756342582,360.468,SF-P3O,Walker2d-v4,4
887765,reward,7459,380.5835699015118,360.203,SF-P3O,Walker2d-v4,4
887886,reward,7460,325.2899852580602,354.742,SF-P3O,Walker2d-v4,4
888028,reward,7461,404.1996375038317,359.26,SF-P3O,Walker2d-v4,4
888150,reward,7462,334.3957466777031,352.768,SF-P3O,Walker2d-v4,4
888281,reward,7463,386.8159479869747,356.132,SF-P3O,Walker2d-v4,4
888409,reward,7464,361.365054870697,355.542,SF-P3O,Walker2d-v4,4
888531,reward,7465,356.61850239818517,357.615,SF-P3O,Walker2d-v4,4
888679,reward,7466,408.1160518594854,363.407,SF-P3O,Walker2d-v4,4
888799,reward,7467,341.27946023432236,363.577,SF-P3O,Walker2d-v4,4
888905,reward,7468,277.9026366769082,357.657,SF-P3O,Walker2d-v4,4
889045,reward,7469,397.5734194591975,359.356,SF-P3O,Walker2d-v4,4
889178,reward,7470,377.5211866530127,364.579,SF-P3O,Walker2d-v4,4
889309,reward,7471,369.4249515652034,361.101,SF-P3O,Walker2d-v4,4
889438,reward,7472,355.00900170832955,363.163,SF-P3O,Walker2d-v4,4
889557,reward,7473,348.3089203720938,359.312,SF-P3O,Walker2d-v4,4
889695,reward,7474,372.82518241285686,360.458,SF-P3O,Walker2d-v4,4
889829,reward,7475,389.1382258646404,363.71,SF-P3O,Walker2d-v4,4
889953,reward,7476,338.28154464266294,356.726,SF-P3O,Walker2d-v4,4
890000,speed,746.99,24.43,SF-P3O,Walker2d-v4,4
890001,spectral,0.072646,0.949911,0.9537,SF-P3O,Walker2d-v4,4
890077,reward,7477,352.524688129329,357.851,SF-P3O,Walker2d-v4,4
890195,reward,7478,318.70125828135156,361.931,SF-P3O,Walker2d-v4,4
890319,reward,7479,342.96805666487637,356.47,SF-P3O,Walker2d-v4,4
890471,reward,7480,430.3964976883899,361.758,SF-P3O,Walker2d-v4,4
890602,reward,7481,379.0782080637995,362.723,SF-P3O,Walker2d-v4,4
890751,reward,7482,408.3902279506234,368.061,SF-P3O,Walker2d-v4,4
890889,reward,7483,397.56243971019956,372.987,SF-P3O,Walker2d-v4,4
891013,reward,7484,363.9880388236784,372.103,SF-P3O,Walker2d-v4,4
891140,reward,7485,351.12156742497746,368.301,SF-P3O,Walker2d-v4,4
891289,reward,7486,431.38106326852983,377.611,SF-P3O,Walker2d-v4,4
891404,reward,7487,318.4615034058733,374.205,SF-P3O,Walker2d-v4,4
891528,reward,7488,356.8239962841074,378.017,SF-P3O,Walker2d-v4,4
891649,reward,7489,341.702728121875,377.891,SF-P3O,Walker2d-v4,4
891789,reward,7490,408.82624239319927,375.734,SF-P3O,Walker2d-v4,4
891940,reward,7491,409.6083480401688,378.787,SF-P3O,Walker2d-v4,4
892065,reward,7492,362.38286647483613,374.186,SF-P3O,Walker2d-v4,4
892209,reward,7493,416.8346605831849,376.113,SF-P3O,Walker2d-v4,4
892334,reward,7494,355.56483638602396,375.271,SF-P3O,Walker2d-v4,4
892468,reward,7495,390.1918810280865,379.178,SF-P3O,Walker2d-v4,4
892594,reward,7496,354.4202361560588,371.482,SF-P3O,Walker2d-v4,4
892707,reward,7497,303.0825055324817,369.944,SF-P3O,Walker2d-v4,4
892828,reward,7498,348.2985994226154,369.091,SF-P3O,Walker2d-v4,4
892928,loss,-0.06856910139322281,0.48257923126220703,SF-P3O,Walker2d-v4,4
892956,reward,7499,371.8905885434666,372.11,SF-P3O,Walker2d-v4,4
893075,reward,7500,333.6787334840599,364.595,SF-P3O,Walker2d-v4,4
893209,reward,7501,356.79685760773026,359.314,SF-P3O,Walker2d-v4,4
893330,reward,7502,351.1080413981571,358.187,SF-P3O,Walker2d-v4,4
893486,reward,7503,424.61024217765,358.964,SF-P3O,Walker2d-v4,4
893617,reward,7504,377.62351770808516,361.17,SF-P3O,Walker2d-v4,4
893739,reward,7505,323.2429964248146,354.475,SF-P3O,Walker2d-v4,4
893878,reward,7506,384.34542522490653,357.468,SF-P3O,Walker2d-v4,4
893999,reward,7507,330.1275864654618,360.172,SF-P3O,Walker2d-v4,4
894151,reward,7508,426.43926498271304,367.986,SF-P3O,Walker2d-v4,4
894287,reward,7509,382.75335850195734,369.073,SF-P3O,Walker2d-v4,4
894414,reward,7510,343.4268554767139,370.047,SF-P3O,Walker2d-v4,4
894559,reward,7511,413.25728937061064,375.693,SF-P3O,Walker2d-v4,4
894685,reward,7512,358.7320786123666,376.456,SF-P3O,Walker2d-v4,4
894786,reward,7513,269.16380978661306,360.911,SF-P3O,Walker2d-v4,4
894947,reward,7514,419.1152821347916,365.06,SF-P3O,Walker2d-v4,4
895082,reward,7515,391.01733893564466,371.838,SF-P3O,Walker2d-v4,4
895224,reward,7516,404.2317741485555,373.826,SF-P3O,Walker2d-v4,4
895349,reward,7517,359.89415648177635,376.803,SF-P3O,Walker2d-v4,4
895475,reward,7518,364.07527982508975,370.567,SF-P3O,Walker2d-v4,4
895621,reward,7519,404.23864876407896,372.715,SF-P3O,Walker2d-v4,4
895754,reward,7520,383.6816093173552,376.741,SF-P3O,Walker2d-v4,4
895879,reward,7521,361.46635097011824,371.562,SF-P3O,Walker2d-v4,4
896017,reward,7522,385.0159710678118,374.19,SF-P3O,Walker2d-v4,4
896139,reward,7523,332.94745528078715,380.568,SF-P3O,Walker2d-v4,4
896253,reward,7524,307.40392302549,369.397,SF-P3O,Walker2d-v4,4
896387,reward,7525,369.63692135325005,367.259,SF-P3O,Walker2d-v4,4
896517,reward,7526,375.0660924611792,364.343,SF-P3O,Walker2d-v4,4
896651,reward,7527,396.0215052569923,367.955,SF-P3O,Walker2d-v4,4
896815,reward,7528,445.5359516751697,376.101,SF-P3O,Walker2d-v4,4
896953,reward,7529,398.06639319619165,375.484,SF-P3O,Walker2d-v4,4
897085,reward,7530,373.70525340828624,374.487,SF-P3O,Walker2d-v4,4
897213,reward,7531,360.90607061439596,374.431,SF-P3O,Walker2d-v4,4
897341,reward,7532,353.9515842063509,371.324,SF-P3O,Walker2d-v4,4
897543,reward,7533,507.31091465519415,388.76,SF-P3O,Walker2d-v4,4
897674,reward,7534,372.80379629962295,395.3,SF-P3O,Walker2d-v4,4
897799,reward,7535,344.40053092752,392.777,SF-P3O,Walker2d-v4,4
897926,reward,7536,367.97760370518296,392.068,SF-P3O,Walker2d-v4,4
898042,reward,7537,321.05579519775006,384.571,SF-P3O,Walker2d-v4,4
898164,reward,7538,331.4796574652193,373.166,SF-P3O,Walker2d-v4,4
898310,reward,7539,412.9362485321434,374.653,SF-P3O,Walker2d-v4,4
898437,reward,7540,363.0057233534952,373.583,SF-P3O,Walker2d-v4,4
898594,reward,7541,428.3005556368071,380.322,SF-P3O,Walker2d-v4,4
898704,reward,7542,294.0814485754389,374.335,SF-P3O,Walker2d-v4,4
898885,reward,7543,459.8881380048739,369.593,SF-P3O,Walker2d-v4,4
899008,reward,7544,348.6113450413308,367.174,SF-P3O,Walker2d-v4,4
899135,reward,7545,353.1486516818157,368.049,SF-P3O,Walker2d-v4,4
899272,reward,7546,399.5209428954223,371.203,SF-P3O,Walker2d-v4,4
899397,reward,7547,354.9425351405432,374.592,SF-P3O,Walker2d-v4,4
899519,reward,7548,350.5628773094817,376.5,SF-P3O,Walker2d-v4,4
899629,reward,7549,303.9330625003206,365.6,SF-P3O,Walker2d-v4,4
899779,reward,7550,432.313001505721,372.53,SF-P3O,Walker2d-v4,4
899897,reward,7551,330.9424387490021,362.794,SF-P3O,Walker2d-v4,4
900000,speed,758.19,24.65,SF-P3O,Walker2d-v4,4
900001,perturb,0.072913,0.949797,0.9561,312,462,0.0,11,SF-P3O,Walker2d-v4,4
900048,reward,7552,419.3211621932468,375.318,SF-P3O,Walker2d-v4,4
900178,reward,7553,370.5990881811536,366.39,SF-P3O,Walker2d-v4,4
900303,reward,7554,359.14826741858644,367.443,SF-P3O,Walker2d-v4,4
900426,reward,7555,348.4630020659094,366.975,SF-P3O,Walker2d-v4,4
900562,reward,7556,385.9216632562558,365.615,SF-P3O,Walker2d-v4,4
900698,reward,7557,381.0214749658891,368.223,SF-P3O,Walker2d-v4,4
900857,reward,7558,447.52078199519747,377.918,SF-P3O,Walker2d-v4,4
900978,reward,7559,330.52227387114084,380.577,SF-P3O,Walker2d-v4,4
901099,reward,7560,344.8910206630721,371.835,SF-P3O,Walker2d-v4,4
901120,loss,0.019009891897439957,0.6829279065132141,SF-P3O,Walker2d-v4,4
901120,diagnostics,0.0,69.09,41.426,0.073331,0.949713,0.9501,0.156235,SF-P3O,Walker2d-v4,4
901230,reward,7561,388.13063867337485,377.554,SF-P3O,Walker2d-v4,4
901356,reward,7562,360.377718792894,371.66,SF-P3O,Walker2d-v4,4
901497,reward,7563,412.62991563683795,375.863,SF-P3O,Walker2d-v4,4
901637,reward,7564,387.83373858312854,378.731,SF-P3O,Walker2d-v4,4
901772,reward,7565,388.55979181755043,382.741,SF-P3O,Walker2d-v4,4
901905,reward,7566,365.24731342912924,380.673,SF-P3O,Walker2d-v4,4
902005,reward,7567,254.98552084762727,368.07,SF-P3O,Walker2d-v4,4
902130,reward,7568,355.3464518380773,358.852,SF-P3O,Walker2d-v4,4
902257,reward,7569,376.6013937577993,363.46,SF-P3O,Walker2d-v4,4
902393,reward,7570,373.36482134692795,366.308,SF-P3O,Walker2d-v4,4
902533,reward,7571,398.6961983470586,367.364,SF-P3O,Walker2d-v4,4
902670,reward,7572,386.36653840387544,369.963,SF-P3O,Walker2d-v4,4
902795,reward,7573,349.95516940956077,363.696,SF-P3O,Walker2d-v4,4
902922,reward,7574,367.8695060797508,361.699,SF-P3O,Walker2d-v4,4
903059,reward,7575,374.99465786848435,360.343,SF-P3O,Walker2d-v4,4
903196,reward,7576,403.5587845607374,364.174,SF-P3O,Walker2d-v4,4
903303,reward,7577,304.6038506490917,369.136,SF-P3O,Walker2d-v4,4
903440,reward,7578,398.767176646922,373.478,SF-P3O,Walker2d-v4,4
903572,reward,7579,385.9946884181039,374.417,SF-P3O,Walker2d-v4,4
903712,reward,7580,376.94188888912356,374.775,SF-P3O,Walker2d-v4,4
903855,reward,7581,399.51372573611815,374.857,SF-P3O,Walker2d-v4,4
903979,reward,7582,329.7822974467578,369.198,SF-P3O,Walker2d-v4,4
904115,reward,7583,382.0456717235882,372.407,SF-P3O,Walker2d-v4,4
904248,reward,7584,361.9542667868678,371.816,SF-P3O,Walker2d-v4,4
904384,reward,7585,378.5094526030759,372.167,SF-P3O,Walker2d-v4,4
904505,reward,7586,353.0773067596648,367.119,SF-P3O,Walker2d-v4,4
904635,reward,7587,363.00112170965093,372.959,SF-P3O,Walker2d-v4,4
904765,reward,7588,387.6939741699688,371.851,SF-P3O,Walker2d-v4,4
904897,reward,7589,380.5287827444596,371.305,SF-P3O,Walker2d-v4,4
905010,reward,7590,293.9011330181887,363.001,SF-P3O,Walker2d-v4,4
905140,reward,7591,375.0411048746713,360.554,SF-P3O,Walker2d-v4,4
905268,reward,7592,368.5766922670012,364.433,SF-P3O,Walker2d-v4,4
905394,reward,7593,359.18818573660377,362.147,SF-P3O,Walker2d-v4,4
905539,reward,7594,414.5072023844034,367.402,SF-P3O,Walker2d-v4,4
905676,reward,7595,384.0300287791744,367.955,SF-P3O,Walker2d-v4,4
905823,reward,7596,413.3297385567724,373.98,SF-P3O,Walker2d-v4,4
905975,reward,7597,427.87396550774787,380.467,SF-P3O,Walker2d-v4,4
906102,reward,7598,373.9105867259406,379.089,SF-P3O,Walker2d-v4,4
906225,reward,7599,348.8536317409466,375.921,SF-P3O,Walker2d-v4,4
906365,reward,7600,390.9605190156759,385.627,SF-P3O,Walker2d-v4,4
906500,reward,7601,377.47845603936844,385.871,SF-P3O,Walker2d-v4,4
906614,reward,7602,314.34687077258667,380.448,SF-P3O,Walker2d-v4,4
906751,reward,7603,390.4738622922579,383.576,SF-P3O,Walker2d-v4,4
906863,reward,7604,311.9108487384543,373.317,SF-P3O,Walker2d-v4,4
906982,reward,7605,342.787252673027,369.193,SF-P3O,Walker2d-v4,4
907105,reward,7606,340.8059304429483,361.94,SF-P3O,Walker2d-v4,4
907253,reward,7607,421.5912052491768,361.312,SF-P3O,Walker2d-v4,4
907376,reward,7608,327.34767784584204,356.656,SF-P3O,Walker2d-v4,4
907508,reward,7609,379.5485274205033,359.725,SF-P3O,Walker2d-v4,4
907644,reward,7610,379.47501890271576,358.577,SF-P3O,Walker2d-v4,4
907771,reward,7611,363.87347050236366,357.216,SF-P3O,Walker2d-v4,4
907915,reward,7612,423.7625257253952,368.158,SF-P3O,Walker2d-v4,4
908053,reward,7613,393.9685182432983,368.507,SF-P3O,Walker2d-v4,4
908181,reward,7614,332.90331272744754,370.606,SF-P3O,Walker2d-v4,4
908311,reward,7615,355.7137054655459,371.899,SF-P3O,Walker2d-v4,4
908477,reward,7616,443.6851674102036,382.187,SF-P3O,Walker2d-v4,4
908597,reward,7617,333.1619569293336,373.344,SF-P3O,Walker2d-v4,4
908755,reward,7618,430.7954492005855,383.689,SF-P3O,Walker2d-v4,4
908878,reward,7619,345.6197597362605,380.296,SF-P3O,Walker2d-v4,4
909010,reward,7620,385.4154013946411,380.89,SF-P3O,Walker2d-v4,4
909140,reward,7621,352.30596381350324,379.733,SF-P3O,Walker2d-v4,4
909264,reward,7622,365.0694859645612,373.864,SF-P3O,Walker2d-v4,4
909312,loss,-0.09002996236085892,0.7599404454231262,SF-P3O,Walker2d-v4,4
909388,reward,7623,342.89584541994583,368.757,SF-P3O,Walker2d-v4,4
909542,reward,7624,420.99853146494365,377.566,SF-P3O,Walker2d-v4,4
909652,reward,7625,291.3634410215539,371.131,SF-P3O,Walker2d-v4,4
909788,reward,7626,374.6129988061635,364.224,SF-P3O,Walker2d-v4,4
909941,reward,7627,430.81593012570323,373.989,SF-P3O,Walker2d-v4,4
910000,speed,508.79,24.97,SF-P3O,Walker2d-v4,4
910001,spectral,0.073656,0.949535,0.9504,SF-P3O,Walker2d-v4,4
910092,reward,7628,419.78889355240375,372.889,SF-P3O,Walker2d-v4,4
910207,reward,7629,326.63024178494044,370.99,SF-P3O,Walker2d-v4,4
910334,reward,7630,357.4766761591278,368.196,SF-P3O,Walker2d-v4,4
910447,reward,7631,298.5642750296061,362.822,SF-P3O,Walker2d-v4,4
910537,reward,7632,225.86650706001058,348.901,SF-P3O,Walker2d-v4,4
910661,reward,7633,354.4425900125792,350.056,SF-P3O,Walker2d-v4,4
910797,reward,7634,386.1930545615594,346.575,SF-P3O,Walker2d-v4,4
910920,reward,7635,359.75242470169394,353.414,SF-P3O,Walker2d-v4,4
911040,reward,7636,348.56183261534903,350.809,SF-P3O,Walker2d-v4,4
911179,reward,7637,394.31545624181143,347.159,SF-P3O,Walker2d-v4,4
911303,reward,7638,348.84024124791966,340.064,SF-P3O,Walker2d-v4,4
911426,reward,7639,330.70917563623436,340.472,SF-P3O,Walker2d-v4,4
911560,reward,7640,383.46424274100826,343.071,SF-P3O,Walker2d-v4,4
911684,reward,7641,349.66817198116007,348.181,SF-P3O,Walker2d-v4,4
911802,reward,7642,338.25615031326373,359.42,SF-P3O,Walker2d-v4,4
911941,reward,7643,407.84451375993046,364.761,SF-P3O,Walker2d-v4,4
912061,reward,7644,357.06085642767437,361.847,SF-P3O,Walker2d-v4,4
912191,reward,7645,376.71951728760575,363.544,SF-P3O,Walker2d-v4,4
912344,reward,7646,433.97378975470093,372.085,SF-P3O,Walker2d-v4,4
912463,reward,7647,339.81556976458205,366.635,SF-P3O,Walker2d-v4,4
912603,reward,7648,414.2774941626341,373.179,SF-P3O,Walker2d-v4,4
912737,reward,7649,400.76613688660586,380.185,SF-P3O,Walker2d-v4,4
912868,reward,7650,379.5832172984686,379.797,SF-P3O,Walker2d-v4,4
912989,reward,7651,327.3688148590676,377.567,SF-P3O,Walker2d-v4,4
913114,reward,7652,344.7554227170281,378.217,SF-P3O,Walker2d-v4,4
913241,reward,7653,359.79102097701497,373.411,SF-P3O,Walker2d-v4,4
913390,reward,7654,439.04091761245127,381.609,SF-P3O,Walker2d-v4,4
913521,reward,7655,384.8935830491983,382.427,SF-P3O,Walker2d-v4,4
913667,reward,7656,390.90087052931034,378.119,SF-P3O,Walker2d-v4,4
913798,reward,7657,358.3570416516096,379.973,SF-P3O,Walker2d-v4,4
913913,reward,7658,326.52999455934463,371.199,SF-P3O,Walker2d-v4,4
914047,reward,7659,371.4796032472934,368.27,SF-P3O,Walker2d-v4,4
914178,reward,7660,372.3196418240495,367.544,SF-P3O,Walker2d-v4,4
914258,reward,7661,154.09281171084626,350.216,SF-P3O,Walker2d-v4,4
914372,reward,7662,308.1983053214101,346.56,SF-P3O,Walker2d-v4,4
914481,reward,7663,293.5227470125047,339.934,SF-P3O,Walker2d-v4,4
914617,reward,7664,400.6677298426037,336.096,SF-P3O,Walker2d-v4,4
914745,reward,7665,372.98580335494006,334.905,SF-P3O,Walker2d-v4,4
914872,reward,7666,356.29236443515606,331.445,SF-P3O,Walker2d-v4,4
914995,reward,7667,344.51238327016114,330.06,SF-P3O,Walker2d-v4,4
915132,reward,7668,378.598447708946,335.267,SF-P3O,Walker2d-v4,4
915255,reward,7669,347.2963746360763,332.849,SF-P3O,Walker2d-v4,4
915378,reward,7670,335.50914661455676,329.168,SF-P3O,Walker2d-v4,4
915508,reward,7671,369.82288223859877,350.741,SF-P3O,Walker2d-v4,4
915646,reward,7672,390.4343349696658,358.964,SF-P3O,Walker2d-v4,4
915790,reward,7673,386.9720478282915,368.309,SF-P3O,Walker2d-v4,4
915918,reward,7674,367.547534367506,364.997,SF-P3O,Walker2d-v4,4
916050,reward,7675,355.5950995944606,363.258,SF-P3O,Walker2d-v4,4
916183,reward,7676,372.86344555677357,364.915,SF-P3O,Walker2d-v4,4
916312,reward,7677,364.8041266957079,366.944,SF-P3O,Walker2d-v4,4
916446,reward,7678,383.4703234454785,367.432,SF-P3O,Walker2d-v4,4
916585,reward,7679,368.3816077040178,369.54,SF-P3O,Walker2d-v4,4
916712,reward,7680,372.6621223848796,373.255,SF-P3O,Walker2d-v4,4
916838,reward,7681,363.09954982657587,372.583,SF-P3O,Walker2d-v4,4
916997,reward,7682,428.50544601247236,376.39,SF-P3O,Walker2d-v4,4
917126,reward,7683,379.7288464558409,375.666,SF-P3O,Walker2d-v4,4
917254,reward,7684,355.4042034401469,374.451,SF-P3O,Walker2d-v4,4
917388,reward,7685,364.07042004861177,375.299,SF-P3O,Walker2d-v4,4
917504,loss,-0.03704924136400223,0.5418953895568848,SF-P3O,Walker2d-v4,4
917504,diagnostics,0.0,69.26,42.3744,0.073934,0.949742,0.9536,0.138874,SF-P3O,Walker2d-v4,4
917507,reward,7686,340.1204844687707,372.025,SF-P3O,Walker2d-v4,4
917628,reward,7687,333.4617872396697,368.89,SF-P3O,Walker2d-v4,4
917754,reward,7688,359.0398060330705,366.447,SF-P3O,Walker2d-v4,4
917884,reward,7689,360.6656393590779,365.676,SF-P3O,Walker2d-v4,4
918006,reward,7690,341.0216663133598,362.512,SF-P3O,Walker2d-v4,4
918132,reward,7691,357.61130636853585,361.963,SF-P3O,Walker2d-v4,4
918268,reward,7692,399.92914582497156,359.105,SF-P3O,Walker2d-v4,4
918401,reward,7693,394.2781127705441,360.56,SF-P3O,Walker2d-v4,4
918534,reward,7694,373.23754320710657,362.344,SF-P3O,Walker2d-v4,4
918656,reward,7695,341.6945162487027,360.106,SF-P3O,Walker2d-v4,4
918788,reward,7696,389.9601292602233,365.09,SF-P3O,Walker2d-v4,4
918918,reward,7697,375.13767526625793,369.258,SF-P3O,Walker2d-v4,4
919053,reward,7698,370.12307416560685,370.366,SF-P3O,Walker2d-v4,4
919194,reward,7699,396.0485476175935,373.904,SF-P3O,Walker2d-v4,4
919325,reward,7700,363.8685963543054,376.189,SF-P3O,Walker2d-v4,4
919473,reward,7701,404.94553765345796,380.922,SF-P3O,Walker2d-v4,4
919595,reward,7702,346.5140962704638,375.581,SF-P3O,Walker2d-v4,4
919730,reward,7703,382.4860435464355,374.402,SF-P3O,Walker2d-v4,4
919856,reward,7704,363.05814886894746,373.384,SF-P3O,Walker2d-v4,4
919985,reward,7705,373.8682403508174,376.601,SF-P3O,Walker2d-v4,4
920000,speed,763.38,25.19,SF-P3O,Walker2d-v4,4
920001,spectral,0.073934,0.949742,0.9536,SF-P3O,Walker2d-v4,4
920128,reward,7706,372.88892783935,374.894,SF-P3O,Walker2d-v4,4
920256,reward,7707,376.317945954809,375.012,SF-P3O,Walker2d-v4,4
920396,reward,7708,396.8110406805103,377.681,SF-P3O,Walker2d-v4,4
920509,reward,7709,310.2180775654602,369.098,SF-P3O,Walker2d-v4,4
920639,reward,7710,381.3905618609353,370.85,SF-P3O,Walker2d-v4,4
920754,reward,7711,315.929614880434,361.948,SF-P3O,Walker2d-v4,4
920887,reward,7712,380.4376105267255,365.341,SF-P3O,Walker2d-v4,4
921011,reward,7713,352.09744133924335,362.302,SF-P3O,Walker2d-v4,4
921134,reward,7714,339.9919002496139,359.995,SF-P3O,Walker2d-v4,4
921264,reward,7715,393.0768049605863,361.916,SF-P3O,Walker2d-v4,4
921398,reward,7716,386.6460657615302,363.292,SF-P3O,Walker2d-v4,4
921545,reward,7717,412.55101715611,366.915,SF-P3O,Walker2d-v4,4
921675,reward,7718,366.93512659032655,363.927,SF-P3O,Walker2d-v4,4
921819,reward,7719,413.89640126117024,374.295,SF-P3O,Walker2d-v4,4
921935,reward,7720,320.69509817295017,368.226,SF-P3O,Walker2d-v4,4
922075,reward,7721,392.469740758207,375.88,SF-P3O,Walker2d-v4,4
922202,reward,7722,359.0896056790058,373.745,SF-P3O,Walker2d-v4,4
922324,reward,7723,350.01419581609304,373.537,SF-P3O,Walker2d-v4,4
922464,reward,7724,404.3446110849079,379.972,SF-P3O,Walker2d-v4,4
922589,reward,7725,371.1505737691032,377.779,SF-P3O,Walker2d-v4,4
922717,reward,7726,375.8614647895503,376.701,SF-P3O,Walker2d-v4,4
922849,reward,7727,368.2197137109827,372.268,SF-P3O,Walker2d-v4,4
922999,reward,7728,418.49137435148384,377.423,SF-P3O,Walker2d-v4,4
923132,reward,7729,375.9317254688525,373.627,SF-P3O,Walker2d-v4,4
923255,reward,7730,361.05131990027553,377.662,SF-P3O,Walker2d-v4,4
923387,reward,7731,379.4994206613567,376.365,SF-P3O,Walker2d-v4,4
923518,reward,7732,381.5953247806071,378.616,SF-P3O,Walker2d-v4,4
923629,reward,7733,289.2113832078148,372.536,SF-P3O,Walker2d-v4,4
923751,reward,7734,342.7976839768608,366.381,SF-P3O,Walker2d-v4,4
923874,reward,7735,346.56271468769114,363.922,SF-P3O,Walker2d-v4,4
924003,reward,7736,373.72584554055106,363.709,SF-P3O,Walker2d-v4,4
924138,reward,7737,387.0171025175011,365.588,SF-P3O,Walker2d-v4,4
924256,reward,7738,333.70423514510526,357.11,SF-P3O,Walker2d-v4,4
924400,reward,7739,408.8348978367753,360.4,SF-P3O,Walker2d-v4,4
924537,reward,7740,386.24719753308113,362.92,SF-P3O,Walker2d-v4,4
924657,reward,7741,326.6591741050256,357.636,SF-P3O,Walker2d-v4,4
924789,reward,7742,376.7200000814854,357.148,SF-P3O,Walker2d-v4,4
924943,reward,7743,446.367944980447,372.864,SF-P3O,Walker2d-v4,4
925079,reward,7744,390.5255234817317,377.636,SF-P3O,Walker2d-v4,4
925224,reward,7745,425.1298775316214,385.493,SF-P3O,Walker2d-v4,4
925355,reward,7746,374.2044462622984,385.541,SF-P3O,Walker2d-v4,4
925493,reward,7747,402.6282169758239,387.102,SF-P3O,Walker2d-v4,4
925613,reward,7748,334.58814725812186,387.191,SF-P3O,Walker2d-v4,4
925696,loss,0.004420018754899502,1.2294986248016357,SF-P3O,Walker2d-v4,4
925772,reward,7749,431.85480859085203,389.493,SF-P3O,Walker2d-v4,4
925907,reward,7750,387.79851899875405,389.648,SF-P3O,Walker2d-v4,4
926044,reward,7751,410.4313631432082,398.025,SF-P3O,Walker2d-v4,4
926197,reward,7752,427.52989636263356,403.106,SF-P3O,Walker2d-v4,4
926333,reward,7753,382.074217726817,396.677,SF-P3O,Walker2d-v4,4
926476,reward,7754,396.5546320754026,397.279,SF-P3O,Walker2d-v4,4
926624,reward,7755,425.5460378718779,397.321,SF-P3O,Walker2d-v4,4
926753,reward,7756,372.7375139332775,397.174,SF-P3O,Walker2d-v4,4
926870,reward,7757,333.3265257885361,390.244,SF-P3O,Walker2d-v4,4
927030,reward,7758,436.0210205277193,400.387,SF-P3O,Walker2d-v4,4
927175,reward,7759,417.3406819154381,398.936,SF-P3O,Walker2d-v4,4
927328,reward,7760,417.7182259175906,401.928,SF-P3O,Walker2d-v4,4
927465,reward,7761,401.5542623119024,401.04,SF-P3O,Walker2d-v4,4
927595,reward,7762,378.7062561447551,396.158,SF-P3O,Walker2d-v4,4
927718,reward,7763,359.54330338840157,393.905,SF-P3O,Walker2d-v4,4
927855,reward,7764,399.6767456477345,394.217,SF-P3O,Walker2d-v4,4
927980,reward,7765,356.5253802592423,387.315,SF-P3O,Walker2d-v4,4
928107,reward,7766,371.80888837109586,387.222,SF-P3O,Walker2d-v4,4
928237,reward,7767,367.78801289096026,390.668,SF-P3O,Walker2d-v4,4
928372,reward,7768,392.1630696275357,386.282,SF-P3O,Walker2d-v4,4
928516,reward,7769,415.4119553396882,386.09,SF-P3O,Walker2d-v4,4
928633,reward,7770,329.0343329236348,377.221,SF-P3O,Walker2d-v4,4
928767,reward,7771,393.60051708918127,376.426,SF-P3O,Walker2d-v4,4
928902,reward,7772,399.05053305917056,378.46,SF-P3O,Walker2d-v4,4
929005,reward,7773,261.2515169765226,368.631,SF-P3O,Walker2d-v4,4
929133,reward,7774,348.76775962322654,363.54,SF-P3O,Walker2d-v4,4
929268,reward,7775,388.1506473351972,366.703,SF-P3O,Walker2d-v4,4
929409,reward,7776,421.21160242123983,371.643,SF-P3O,Walker2d-v4,4
929544,reward,7777,401.2213365196993,374.986,SF-P3O,Walker2d-v4,4
929670,reward,7778,346.1862401577823,370.389,SF-P3O,Walker2d-v4,4
929813,reward,7779,411.4112654131981,369.989,SF-P3O,Walker2d-v4,4
929946,reward,7780,359.466927235982,373.032,SF-P3O,Walker2d-v4,4
930000,speed,786.95,25.4,SF-P3O,Walker2d-v4,4
930001,spectral,0.074234,0.949712,0.9566,SF-P3O,Walker2d-v4,4
930075,reward,7781,372.7330051983465,370.945,SF-P3O,Walker2d-v4,4
930212,reward,7782,386.0793771377866,369.648,SF-P3O,Walker2d-v4,4
930336,reward,7783,334.4664879053813,376.969,SF-P3O,Walker2d-v4,4
930488,reward,7784,432.53598890293426,385.346,SF-P3O,Walker2d-v4,4
930622,reward,7785,377.9976041100799,384.331,SF-P3O,Walker2d-v4,4
930755,reward,7786,380.9801008699977,380.308,SF-P3O,Walker2d-v4,4
930902,reward,7787,397.0685669988882,379.893,SF-P3O,Walker2d-v4,4
931039,reward,7788,382.20013768161374,383.494,SF-P3O,Walker2d-v4,4
931147,reward,7789,298.5342473260855,372.206,SF-P3O,Walker2d-v4,4
931277,reward,7790,362.8139451140056,372.541,SF-P3O,Walker2d-v4,4
931417,reward,7791,403.53617848108127,375.621,SF-P3O,Walker2d-v4,4
931560,reward,7792,405.43243570310597,377.557,SF-P3O,Walker2d-v4,4
931711,reward,7793,406.32380207241425,384.742,SF-P3O,Walker2d-v4,4
931849,reward,7794,377.5599248167021,379.245,SF-P3O,Walker2d-v4,4
932003,reward,7795,427.943254517055,384.239,SF-P3O,Walker2d-v4,4
932128,reward,7796,349.2519448430867,381.066,SF-P3O,Walker2d-v4,4
932262,reward,7797,377.67597302616457,379.127,SF-P3O,Walker2d-v4,4
932410,reward,7798,439.62161059181,384.869,SF-P3O,Walker2d-v4,4
932535,reward,7799,369.33355222746104,391.949,SF-P3O,Walker2d-v4,4
932677,reward,7800,406.0090467176346,396.269,SF-P3O,Walker2d-v4,4
932813,reward,7801,384.3061933148318,394.346,SF-P3O,Walker2d-v4,4
932956,reward,7802,429.9638846349594,396.799,SF-P3O,Walker2d-v4,4
933096,reward,7803,396.6240434482966,395.829,SF-P3O,Walker2d-v4,4
933225,reward,7804,387.2011746229912,396.793,SF-P3O,Walker2d-v4,4
933346,reward,7805,330.65910916138745,387.065,SF-P3O,Walker2d-v4,4
933482,reward,7806,397.6358106859491,391.903,SF-P3O,Walker2d-v4,4
933621,reward,7807,409.1836636611243,395.054,SF-P3O,Walker2d-v4,4
933743,reward,7808,344.7580149238804,385.567,SF-P3O,Walker2d-v4,4
933866,reward,7809,361.14841499444265,384.749,SF-P3O,Walker2d-v4,4
933888,loss,-0.010634463280439377,0.5505536794662476,SF-P3O,Walker2d-v4,4
933888,diagnostics,0.0,69.46,12.8489,0.074542,0.949682,0.969,0.132787,SF-P3O,Walker2d-v4,4
934011,reward,7810,417.33722120736695,385.882,SF-P3O,Walker2d-v4,4
934153,reward,7811,407.4796122942008,388.199,SF-P3O,Walker2d-v4,4
934286,reward,7812,378.0241662979734,383.005,SF-P3O,Walker2d-v4,4
934414,reward,7813,366.2176770935853,379.964,SF-P3O,Walker2d-v4,4
934556,reward,7814,407.4235698974897,381.987,SF-P3O,Walker2d-v4,4
934674,reward,7815,313.71965201525023,380.293,SF-P3O,Walker2d-v4,4
934798,reward,7816,348.9757301579721,375.427,SF-P3O,Walker2d-v4,4
934930,reward,7817,372.29587581755516,371.738,SF-P3O,Walker2d-v4,4
935058,reward,7818,383.30323057660695,375.593,SF-P3O,Walker2d-v4,4
935180,reward,7819,353.193863264452,374.797,SF-P3O,Walker2d-v4,4
935309,reward,7820,364.823125740717,369.546,SF-P3O,Walker2d-v4,4
935435,reward,7821,367.3704434351496,365.535,SF-P3O,Walker2d-v4,4
935564,reward,7822,380.3916284804086,365.771,SF-P3O,Walker2d-v4,4
935697,reward,7823,358.6669947920464,365.016,SF-P3O,Walker2d-v4,4
935825,reward,7824,362.5332413672533,360.527,SF-P3O,Walker2d-v4,4
935962,reward,7825,407.9531942682697,369.951,SF-P3O,Walker2d-v4,4
936095,reward,7826,389.869280615152,374.04,SF-P3O,Walker2d-v4,4
936236,reward,7827,405.899461459423,377.4,SF-P3O,Walker2d-v4,4
936374,reward,7828,400.32551975166615,379.103,SF-P3O,Walker2d-v4,4
936505,reward,7829,370.5537123585835,380.839,SF-P3O,Walker2d-v4,4
936640,reward,7830,387.9952752883426,383.156,SF-P3O,Walker2d-v4,4
936791,reward,7831,415.78070076136305,387.997,SF-P3O,Walker2d-v4,4
936922,reward,7832,383.5643588876865,388.314,SF-P3O,Walker2d-v4,4
937065,reward,7833,410.01092368776955,393.449,SF-P3O,Walker2d-v4,4
937176,reward,7834,303.05914649597435,387.501,SF-P3O,Walker2d-v4,4
937305,reward,7835,348.7482625824537,381.581,SF-P3O,Walker2d-v4,4
937431,reward,7836,359.5746502738165,378.551,SF-P3O,Walker2d-v4,4
937561,reward,7837,375.36996722207,375.498,SF-P3O,Walker2d-v4,4
937690,reward,7838,382.7546696152658,373.741,SF-P3O,Walker2d-v4,4
937809,reward,7839,333.6745033680916,370.053,SF-P3O,Walker2d-v4,4
937936,reward,7840,361.6150067201221,367.415,SF-P3O,Walker2d-v4,4
938068,reward,7841,363.0564511077574,362.143,SF-P3O,Walker2d-v4,4
938201,reward,7842,385.23472721992,362.31,SF-P3O,Walker2d-v4,4
938329,reward,7843,366.99050308684883,358.008,SF-P3O,Walker2d-v4,4
938454,reward,7844,371.24184606335143,364.826,SF-P3O,Walker2d-v4,4
938572,reward,7845,319.74534302727096,361.926,SF-P3O,Walker2d-v4,4
938691,reward,7846,343.76350528435114,360.345,SF-P3O,Walker2d-v4,4
938822,reward,7847,371.45715509311,359.953,SF-P3O,Walker2d-v4,4
938937,reward,7848,320.9505298841045,353.773,SF-P3O,Walker2d-v4,4
939070,reward,7849,372.263257851448,357.632,SF-P3O,Walker2d-v4,4
939208,reward,7850,397.527806436794,361.223,SF-P3O,Walker2d-v4,4
939338,reward,7851,392.3852522390068,364.156,SF-P3O,Walker2d-v4,4
939467,reward,7852,378.7851705219518,363.511,SF-P3O,Walker2d-v4,4
939622,reward,7853,430.5534647548345,369.867,SF-P3O,Walker2d-v4,4
939760,reward,7854,380.25306777129055,370.768,SF-P3O,Walker2d-v4,4
939871,reward,7855,314.6614590303259,370.26,SF-P3O,Walker2d-v4,4
940000,speed,782.71,25.62,SF-P3O,Walker2d-v4,4
940001,spectral,0.074542,0.949682,0.969,SF-P3O,Walker2d-v4,4
940004,reward,7856,368.51876937107414,372.736,SF-P3O,Walker2d-v4,4
940137,reward,7857,374.65759534476206,373.056,SF-P3O,Walker2d-v4,4
940267,reward,7858,361.93394021194257,377.154,SF-P3O,Walker2d-v4,4
940391,reward,7859,357.8303931883147,375.711,SF-P3O,Walker2d-v4,4
940520,reward,7860,373.31754840550786,373.29,SF-P3O,Walker2d-v4,4
940655,reward,7861,400.10061387826323,374.061,SF-P3O,Walker2d-v4,4
940771,reward,7862,330.34810596195825,369.217,SF-P3O,Walker2d-v4,4
940899,reward,7863,368.4749074283517,363.01,SF-P3O,Walker2d-v4,4
941027,reward,7864,354.74860123438134,360.459,SF-P3O,Walker2d-v4,4
941189,reward,7865,436.8611212875011,372.679,SF-P3O,Walker2d-v4,4
941321,reward,7866,365.04540735225913,372.332,SF-P3O,Walker2d-v4,4
941380,reward,7867,100.52596039164256,344.919,SF-P3O,Walker2d-v4,4
941519,reward,7868,380.8933515294354,346.815,SF-P3O,Walker2d-v4,4
941678,reward,7869,434.90768423710205,354.522,SF-P3O,Walker2d-v4,4
941840,reward,7870,439.8294746113072,361.174,SF-P3O,Walker2d-v4,4
941962,reward,7871,335.2007453627973,354.684,SF-P3O,Walker2d-v4,4
942077,reward,7872,306.91724827356666,352.34,SF-P3O,Walker2d-v4,4
942080,loss,-0.08639184385538101,0.47335270047187805,SF-P3O,Walker2d-v4,4
942202,reward,7873,369.6188364708258,352.455,SF-P3O,Walker2d-v4,4
942332,reward,7874,388.44785884713093,355.825,SF-P3O,Walker2d-v4,4
942456,reward,7875,361.7500934612243,348.314,SF-P3O,Walker2d-v4,4
942586,reward,7876,374.1575565543328,349.225,SF-P3O,Walker2d-v4,4
942714,reward,7877,388.3147685309546,378.004,SF-P3O,Walker2d-v4,4
942846,reward,7878,365.08497151567286,376.423,SF-P3O,Walker2d-v4,4
942933,reward,7879,211.5969664118462,354.092,SF-P3O,Walker2d-v4,4
943071,reward,7880,398.89392734131684,349.998,SF-P3O,Walker2d-v4,4
943175,reward,7881,277.5951475653048,344.238,SF-P3O,Walker2d-v4,4
943235,reward,7882,96.29652261573648,323.176,SF-P3O,Walker2d-v4,4
943366,reward,7883,386.0580472169502,324.82,SF-P3O,Walker2d-v4,4
943495,reward,7884,377.8456375078121,323.759,SF-P3O,Walker2d-v4,4
943642,reward,7885,420.2883434929338,329.613,SF-P3O,Walker2d-v4,4
943763,reward,7886,343.0590903187261,326.503,SF-P3O,Walker2d-v4,4
943904,reward,7887,404.52822903662144,328.125,SF-P3O,Walker2d-v4,4
944026,reward,7888,366.3159490201956,328.248,SF-P3O,Walker2d-v4,4
944141,reward,7889,308.410628389214,337.929,SF-P3O,Walker2d-v4,4
944353,reward,7890,527.8259642137236,350.822,SF-P3O,Walker2d-v4,4
944475,reward,7891,345.5923102540533,357.622,SF-P3O,Walker2d-v4,4
944595,reward,7892,336.26755301261784,381.619,SF-P3O,Walker2d-v4,4
944719,reward,7893,345.9106722695643,377.604,SF-P3O,Walker2d-v4,4
944849,reward,7894,376.3858662072598,377.458,SF-P3O,Walker2d-v4,4
944973,reward,7895,362.18682460885157,371.648,SF-P3O,Walker2d-v4,4
945099,reward,7896,366.7625253489287,374.019,SF-P3O,Walker2d-v4,4
945228,reward,7897,353.9687111881154,368.963,SF-P3O,Walker2d-v4,4
945374,reward,7898,431.6809828758394,375.499,SF-P3O,Walker2d-v4,4
945508,reward,7899,386.09875554442465,383.268,SF-P3O,Walker2d-v4,4
945569,reward,7900,109.7082880258181,341.456,SF-P3O,Walker2d-v4,4
945710,reward,7901,403.80222363403493,347.277,SF-P3O,Walker2d-v4,4
945830,reward,7902,327.5484142790879,346.405,SF-P3O,Walker2d-v4,4
945963,reward,7903,377.75846294507414,349.59,SF-P3O,Walker2d-v4,4
946096,reward,7904,378.61111644900257,349.813,SF-P3O,Walker2d-v4,4
946231,reward,7905,399.96684314827,353.591,SF-P3O,Walker2d-v4,4
946364,reward,7906,390.16336945094923,355.931,SF-P3O,Walker2d-v4,4
946497,reward,7907,367.7694610943728,357.311,SF-P3O,Walker2d-v4,4
946670,reward,7908,462.2217641280284,360.365,SF-P3O,Walker2d-v4,4
946787,reward,7909,330.2502751680388,354.78,SF-P3O,Walker2d-v4,4
946920,reward,7910,381.6388518255292,381.973,SF-P3O,Walker2d-v4,4
947035,reward,7911,309.6584984244052,372.559,SF-P3O,Walker2d-v4,4
947151,reward,7912,328.1892493237412,372.623,SF-P3O,Walker2d-v4,4
947282,reward,7913,375.56627682590874,372.404,SF-P3O,Walker2d-v4,4
947396,reward,7914,309.4776006880124,365.49,SF-P3O,Walker2d-v4,4
947523,reward,7915,369.49939015124215,362.443,SF-P3O,Walker2d-v4,4
947652,reward,7916,368.0403886045782,360.231,SF-P3O,Walker2d-v4,4
947768,reward,7917,318.3429670430002,355.289,SF-P3O,Walker2d-v4,4
947896,reward,7918,374.02409865161536,346.469,SF-P3O,Walker2d-v4,4
948041,reward,7919,421.27815601556176,355.572,SF-P3O,Walker2d-v4,4
948164,reward,7920,332.7078480629411,350.678,SF-P3O,Walker2d-v4,4
948286,reward,7921,359.4825660495428,355.661,SF-P3O,Walker2d-v4,4
948421,reward,7922,368.10845215244774,359.653,SF-P3O,Walker2d-v4,4
948552,reward,7923,380.82846628498925,360.179,SF-P3O,Walker2d-v4,4
948713,reward,7924,455.1468492453071,374.746,SF-P3O,Walker2d-v4,4
948824,reward,7925,301.4520693509762,367.941,SF-P3O,Walker2d-v4,4
948963,reward,7926,396.95411406979605,370.833,SF-P3O,Walker2d-v4,4
949080,reward,7927,330.6629169368858,372.065,SF-P3O,Walker2d-v4,4
949237,reward,7928,427.67092193566185,377.429,SF-P3O,Walker2d-v4,4
949368,reward,7929,380.7394887537411,373.375,SF-P3O,Walker2d-v4,4
949500,reward,7930,393.975207160404,379.502,SF-P3O,Walker2d-v4,4
949634,reward,7931,401.5203378633076,383.706,SF-P3O,Walker2d-v4,4
949771,reward,7932,399.94006525751684,386.889,SF-P3O,Walker2d-v4,4
949897,reward,7933,370.2209713005244,385.828,SF-P3O,Walker2d-v4,4
950000,speed,817.79,25.82,SF-P3O,Walker2d-v4,4
950001,perturb,0.074887,0.949553,0.9708,308,466,0.0,12,SF-P3O,Walker2d-v4,4
950018,reward,7934,333.65163444946626,373.679,SF-P3O,Walker2d-v4,4
950136,reward,7935,327.668117988721,376.3,SF-P3O,Walker2d-v4,4
950270,reward,7936,397.63447188537515,376.368,SF-P3O,Walker2d-v4,4
950272,loss,-0.03358747810125351,0.3120451867580414,SF-P3O,Walker2d-v4,4
950272,diagnostics,0.0,69.67,19.4418,0.075298,0.94931,0.9738,0.148018,SF-P3O,Walker2d-v4,4
950395,reward,7937,354.9680534670582,378.799,SF-P3O,Walker2d-v4,4
950526,reward,7938,371.11797540116055,373.144,SF-P3O,Walker2d-v4,4
950661,reward,7939,401.2051852448468,375.19,SF-P3O,Walker2d-v4,4
950809,reward,7940,396.55594193904716,375.448,SF-P3O,Walker2d-v4,4
950945,reward,7941,373.8378379672162,372.68,SF-P3O,Walker2d-v4,4
951080,reward,7942,390.5313527239158,371.739,SF-P3O,Walker2d-v4,4
951212,reward,7943,377.13491180711395,372.431,SF-P3O,Walker2d-v4,4
951344,reward,7944,373.57813981029244,376.423,SF-P3O,Walker2d-v4,4
951462,reward,7945,342.60099272479295,377.916,SF-P3O,Walker2d-v4,4
951590,reward,7946,366.5125874556531,374.804,SF-P3O,Walker2d-v4,4
951713,reward,7947,358.31326503612684,375.139,SF-P3O,Walker2d-v4,4
951852,reward,7948,397.10330985189336,377.737,SF-P3O,Walker2d-v4,4
951978,reward,7949,370.2155263707099,374.638,SF-P3O,Walker2d-v4,4
952109,reward,7950,373.33206326403047,372.316,SF-P3O,Walker2d-v4,4
952238,reward,7951,349.7460805008438,369.907,SF-P3O,Walker2d-v4,4
952359,reward,7952,335.0286393894375,364.357,SF-P3O,Walker2d-v4,4
952494,reward,7953,386.52715276346123,365.296,SF-P3O,Walker2d-v4,4
952626,reward,7954,383.38223870975355,366.276,SF-P3O,Walker2d-v4,4
952759,reward,7955,381.53873007136474,370.17,SF-P3O,Walker2d-v4,4
952888,reward,7956,372.94350919310085,370.813,SF-P3O,Walker2d-v4,4
953014,reward,7957,358.93414348691897,370.875,SF-P3O,Walker2d-v4,4
953172,reward,7958,447.80999111560476,375.946,SF-P3O,Walker2d-v4,4
953326,reward,7959,409.9640348218217,379.921,SF-P3O,Walker2d-v4,4
953465,reward,7960,395.7182927784169,382.159,SF-P3O,Walker2d-v4,4
953595,reward,7961,377.1173276132521,384.896,SF-P3O,Walker2d-v4,4
953742,reward,7962,423.0534340725491,393.699,SF-P3O,Walker2d-v4,4
953855,reward,7963,312.19235008291264,386.265,SF-P3O,Walker2d-v4,4
954009,reward,7964,435.22301120571535,391.449,SF-P3O,Walker2d-v4,4
954142,reward,7965,398.07441571826513,393.103,SF-P3O,Walker2d-v4,4
954280,reward,7966,392.0418119732601,395.013,SF-P3O,Walker2d-v4,4
954409,reward,7967,372.58662065094103,396.378,SF-P3O,Walker2d-v4,4
954525,reward,7968,334.989562985417,385.096,SF-P3O,Walker2d-v4,4
954644,reward,7969,326.1264737441727,376.712,SF-P3O,Walker2d-v4,4
954781,reward,7970,395.9350027517779,376.734,SF-P3O,Walker2d-v4,4
954909,reward,7971,369.37870143183494,375.96,SF-P3O,Walker2d-v4,4
955051,reward,7972,410.907556350349,374.746,SF-P3O,Walker2d-v4,4
955177,reward,7973,347.41747447951997,378.268,SF-P3O,Walker2d-v4,4
955300,reward,7974,341.28511182465786,368.874,SF-P3O,Walker2d-v4,4
955434,reward,7975,389.3858529421568,368.005,SF-P3O,Walker2d-v4,4
955579,reward,7976,422.0666451767064,371.008,SF-P3O,Walker2d-v4,4
955706,reward,7977,362.5310167647667,370.002,SF-P3O,Walker2d-v4,4
955828,reward,7978,341.70636327658593,370.674,SF-P3O,Walker2d-v4,4
955974,reward,7979,423.81408151590585,380.443,SF-P3O,Walker2d-v4,4
956111,reward,7980,396.3990759803742,380.489,SF-P3O,Walker2d-v4,4
956237,reward,7981,365.226369902168,380.074,SF-P3O,Walker2d-v4,4
956368,reward,7982,366.1189973211042,375.595,SF-P3O,Walker2d-v4,4
956488,reward,7983,331.9733382362247,374.051,SF-P3O,Walker2d-v4,4
956627,reward,7984,405.1374061280744,380.436,SF-P3O,Walker2d-v4,4
956745,reward,7985,333.28024283402317,374.825,SF-P3O,Walker2d-v4,4
956871,reward,7986,366.7173485244784,369.29,SF-P3O,Walker2d-v4,4
956987,reward,7987,324.6444840715803,365.502,SF-P3O,Walker2d-v4,4
957119,reward,7988,391.43590918676415,370.475,SF-P3O,Walker2d-v4,4
957252,reward,7989,363.8011616166874,364.473,SF-P3O,Walker2d-v4,4
957388,reward,7990,391.91027468010503,364.025,SF-P3O,Walker2d-v4,4
957515,reward,7991,342.47227602567534,361.749,SF-P3O,Walker2d-v4,4
957647,reward,7992,372.4093990587555,362.378,SF-P3O,Walker2d-v4,4
957772,reward,7993,348.53103503254846,364.034,SF-P3O,Walker2d-v4,4
957889,reward,7994,338.13665678873326,357.334,SF-P3O,Walker2d-v4,4
958025,reward,7995,396.3621978624862,363.642,SF-P3O,Walker2d-v4,4
958154,reward,7996,378.11731614906944,364.782,SF-P3O,Walker2d-v4,4
958284,reward,7997,366.3412080975839,368.952,SF-P3O,Walker2d-v4,4
958414,reward,7998,357.3848302758311,365.547,SF-P3O,Walker2d-v4,4
958464,loss,-0.09740371257066727,0.7933778762817383,SF-P3O,Walker2d-v4,4
958560,reward,7999,411.5056074353785,370.317,SF-P3O,Walker2d-v4,4
958685,reward,8000,348.3325100896967,365.959,SF-P3O,Walker2d-v4,4
958814,reward,8001,366.0012791962822,368.312,SF-P3O,Walker2d-v4,4
958948,reward,8002,381.04745518030825,369.176,SF-P3O,Walker2d-v4,4
959089,reward,8003,414.55757207924904,375.779,SF-P3O,Walker2d-v4,4
959226,reward,8004,388.94428672269123,380.859,SF-P3O,Walker2d-v4,4
959362,reward,8005,389.69126758759666,380.192,SF-P3O,Walker2d-v4,4
959481,reward,8006,318.3953166759724,374.22,SF-P3O,Walker2d-v4,4
959613,reward,8007,376.6345014593514,375.249,SF-P3O,Walker2d-v4,4
959737,reward,8008,338.42353266261097,373.353,SF-P3O,Walker2d-v4,4
959880,reward,8009,392.46414187265054,371.449,SF-P3O,Walker2d-v4,4
960000,speed,543.53,26.13,SF-P3O,Walker2d-v4,4
960001,spectral,0.075665,0.94945,0.9749,SF-P3O,Walker2d-v4,4
960015,reward,8010,393.9059039178119,376.007,SF-P3O,Walker2d-v4,4
960167,reward,8011,419.46822668124685,381.353,SF-P3O,Walker2d-v4,4
960283,reward,8012,334.50712427773084,376.699,SF-P3O,Walker2d-v4,4
960406,reward,8013,352.45672417571825,370.489,SF-P3O,Walker2d-v4,4
960531,reward,8014,360.2253131956435,367.617,SF-P3O,Walker2d-v4,4
960658,reward,8015,359.62466381931114,364.611,SF-P3O,Walker2d-v4,4
960791,reward,8016,379.28824877314173,370.7,SF-P3O,Walker2d-v4,4
960925,reward,8017,389.84127196283407,372.021,SF-P3O,Walker2d-v4,4
961060,reward,8018,378.85429834195537,376.064,SF-P3O,Walker2d-v4,4
961181,reward,8019,330.3905736162405,369.856,SF-P3O,Walker2d-v4,4
961347,reward,8020,467.2692484437149,377.193,SF-P3O,Walker2d-v4,4
961481,reward,8021,391.1190437642158,374.358,SF-P3O,Walker2d-v4,4
961621,reward,8022,394.7822699181108,380.385,SF-P3O,Walker2d-v4,4
961781,reward,8023,435.8470040411756,388.724,SF-P3O,Walker2d-v4,4
961912,reward,8024,395.71879858560874,392.274,SF-P3O,Walker2d-v4,4
962039,reward,8025,372.02637852213627,393.514,SF-P3O,Walker2d-v4,4
962179,reward,8026,404.46695200619956,396.032,SF-P3O,Walker2d-v4,4
962298,reward,8027,335.69626046134675,390.617,SF-P3O,Walker2d-v4,4
962429,reward,8028,370.96132882180444,389.828,SF-P3O,Walker2d-v4,4
962552,reward,8029,349.2633864328096,391.715,SF-P3O,Walker2d-v4,4
962691,reward,8030,395.74048451244033,384.562,SF-P3O,Walker2d-v4,4
962821,reward,8031,367.0190518524885,382.152,SF-P3O,Walker2d-v4,4
962949,reward,8032,375.46368436348075,380.22,SF-P3O,Walker2d-v4,4
963088,reward,8033,416.1876373732799,378.254,SF-P3O,Walker2d-v4,4
963225,reward,8034,404.07267972387524,379.09,SF-P3O,Walker2d-v4,4
963388,reward,8035,444.8613765709124,386.373,SF-P3O,Walker2d-v4,4
963497,reward,8036,292.45136729646833,375.172,SF-P3O,Walker2d-v4,4
963642,reward,8037,422.18536673825537,383.821,SF-P3O,Walker2d-v4,4
963785,reward,8038,410.21775684297035,387.746,SF-P3O,Walker2d-v4,4
963907,reward,8039,357.73114133550206,388.593,SF-P3O,Walker2d-v4,4
964030,reward,8040,348.61997523690775,383.881,SF-P3O,Walker2d-v4,4
964170,reward,8041,417.2441947429468,388.904,SF-P3O,Walker2d-v4,4
964297,reward,8042,361.65542457714395,387.523,SF-P3O,Walker2d-v4,4
964424,reward,8043,369.1640859604447,382.82,SF-P3O,Walker2d-v4,4
964557,reward,8044,384.7528387742995,380.888,SF-P3O,Walker2d-v4,4
964675,reward,8045,332.4978113463099,369.652,SF-P3O,Walker2d-v4,4
964810,reward,8046,379.5756356372964,378.364,SF-P3O,Walker2d-v4,4
964938,reward,8047,361.0551611533349,372.251,SF-P3O,Walker2d-v4,4
965093,reward,8048,431.5123707978363,374.381,SF-P3O,Walker2d-v4,4
965212,reward,8049,339.99414943892236,372.607,SF-P3O,Walker2d-v4,4
965323,reward,8050,312.0753022623244,368.953,SF-P3O,Walker2d-v4,4
965453,reward,8051,372.5227840684337,364.481,SF-P3O,Walker2d-v4,4
965637,reward,8052,484.029390752216,376.718,SF-P3O,Walker2d-v4,4
965771,reward,8053,395.40978037531426,379.343,SF-P3O,Walker2d-v4,4
965917,reward,8054,395.7064295910888,380.438,SF-P3O,Walker2d-v4,4
966050,reward,8055,380.4087380193904,385.229,SF-P3O,Walker2d-v4,4
966172,reward,8056,345.07377778212873,381.779,SF-P3O,Walker2d-v4,4
966293,reward,8057,354.22537511040775,381.096,SF-P3O,Walker2d-v4,4
966408,reward,8058,313.03855971751375,369.248,SF-P3O,Walker2d-v4,4
966517,reward,8059,288.1420918073063,364.063,SF-P3O,Walker2d-v4,4
966621,reward,8060,293.8872415505074,362.244,SF-P3O,Walker2d-v4,4
966656,loss,0.042447470128536224,0.7669736742973328,SF-P3O,Walker2d-v4,4
966656,diagnostics,0.0,69.89,19.0784,0.075924,0.949441,0.9783,0.137585,SF-P3O,Walker2d-v4,4
966747,reward,8061,370.0350685112128,361.996,SF-P3O,Walker2d-v4,4
966860,reward,8062,306.514262792645,344.244,SF-P3O,Walker2d-v4,4
966990,reward,8063,371.57036769205024,341.86,SF-P3O,Walker2d-v4,4
967142,reward,8064,431.52490229386115,345.442,SF-P3O,Walker2d-v4,4
967273,reward,8065,376.7637311679519,345.078,SF-P3O,Walker2d-v4,4
967393,reward,8066,348.90961577444943,345.461,SF-P3O,Walker2d-v4,4
967530,reward,8067,383.0772968381112,348.346,SF-P3O,Walker2d-v4,4
967657,reward,8068,356.24976070754224,352.667,SF-P3O,Walker2d-v4,4
967790,reward,8069,359.98387387220913,359.852,SF-P3O,Walker2d-v4,4
967937,reward,8070,419.9500123893328,372.458,SF-P3O,Walker2d-v4,4
968068,reward,8071,378.41394945097767,373.296,SF-P3O,Walker2d-v4,4
968196,reward,8072,360.3409202357098,378.678,SF-P3O,Walker2d-v4,4
968309,reward,8073,328.5818971385885,374.38,SF-P3O,Walker2d-v4,4
968433,reward,8074,351.4964161832999,366.377,SF-P3O,Walker2d-v4,4
968567,reward,8075,383.77224225082995,367.078,SF-P3O,Walker2d-v4,4
968704,reward,8076,399.68883587899643,372.156,SF-P3O,Walker2d-v4,4
968823,reward,8077,338.3259374158478,367.68,SF-P3O,Walker2d-v4,4
968960,reward,8078,398.00106467911166,371.856,SF-P3O,Walker2d-v4,4
969077,reward,8079,326.083579310548,368.465,SF-P3O,Walker2d-v4,4
969214,reward,8080,392.35565009489943,365.706,SF-P3O,Walker2d-v4,4
969348,reward,8081,359.08604839420553,363.773,SF-P3O,Walker2d-v4,4
969472,reward,8082,352.84357829141607,363.024,SF-P3O,Walker2d-v4,4
969603,reward,8083,380.14279646661333,368.18,SF-P3O,Walker2d-v4,4
969724,reward,8084,342.9461193486506,367.325,SF-P3O,Walker2d-v4,4
969848,reward,8085,356.3359171103345,364.581,SF-P3O,Walker2d-v4,4
969982,reward,8086,381.6132230991431,362.773,SF-P3O,Walker2d-v4,4
970000,speed,826.33,26.33,SF-P3O,Walker2d-v4,4
970001,spectral,0.075924,0.949441,0.9783,SF-P3O,Walker2d-v4,4
970113,reward,8087,361.43710126432046,365.085,SF-P3O,Walker2d-v4,4
970234,reward,8088,345.7473391928637,359.859,SF-P3O,Walker2d-v4,4
970354,reward,8089,340.21707463682685,361.272,SF-P3O,Walker2d-v4,4
970488,reward,8090,384.8613406544215,360.523,SF-P3O,Walker2d-v4,4
970614,reward,8091,343.29937908837996,358.944,SF-P3O,Walker2d-v4,4
970745,reward,8092,381.3838210694721,361.798,SF-P3O,Walker2d-v4,4
970876,reward,8093,381.85422479188867,361.97,SF-P3O,Walker2d-v4,4
971004,reward,8094,368.88548818884067,364.563,SF-P3O,Walker2d-v4,4
971135,reward,8095,363.0143720972219,365.231,SF-P3O,Walker2d-v4,4
971256,reward,8096,348.33321342593456,361.903,SF-P3O,Walker2d-v4,4
971387,reward,8097,372.810372821693,363.041,SF-P3O,Walker2d-v4,4
971509,reward,8098,337.75644999638104,362.242,SF-P3O,Walker2d-v4,4
971639,reward,8099,370.83747284838483,365.304,SF-P3O,Walker2d-v4,4
971771,reward,8100,371.5811413118783,363.976,SF-P3O,Walker2d-v4,4
971912,reward,8101,404.2040795608997,370.066,SF-P3O,Walker2d-v4,4
972031,reward,8102,328.975924237596,364.825,SF-P3O,Walker2d-v4,4
972161,reward,8103,377.09822416129003,364.35,SF-P3O,Walker2d-v4,4
972305,reward,8104,404.67553466393247,367.929,SF-P3O,Walker2d-v4,4
972429,reward,8105,353.99622529068745,367.027,SF-P3O,Walker2d-v4,4
972559,reward,8106,386.12540171497164,370.806,SF-P3O,Walker2d-v4,4
972673,reward,8107,322.2152430181605,365.747,SF-P3O,Walker2d-v4,4
972810,reward,8108,403.81209440061394,372.352,SF-P3O,Walker2d-v4,4
972945,reward,8109,384.78963127106925,373.747,SF-P3O,Walker2d-v4,4
973080,reward,8110,402.5192305661498,376.841,SF-P3O,Walker2d-v4,4
973214,reward,8111,382.0954654065192,374.63,SF-P3O,Walker2d-v4,4
973330,reward,8112,322.68788169754697,374.001,SF-P3O,Walker2d-v4,4
973460,reward,8113,378.64781593044484,374.156,SF-P3O,Walker2d-v4,4
973548,reward,8114,208.8924739202193,354.578,SF-P3O,Walker2d-v4,4
973683,reward,8115,375.27206685165453,356.706,SF-P3O,Walker2d-v4,4
973805,reward,8116,357.49628789990476,353.843,SF-P3O,Walker2d-v4,4
973933,reward,8117,370.95959985138154,358.717,SF-P3O,Walker2d-v4,4
974062,reward,8118,367.61121500360014,355.097,SF-P3O,Walker2d-v4,4
974191,reward,8119,372.7232495289493,353.891,SF-P3O,Walker2d-v4,4
974324,reward,8120,373.64424068886154,351.003,SF-P3O,Walker2d-v4,4
974450,reward,8121,364.3673494732181,349.23,SF-P3O,Walker2d-v4,4
974581,reward,8122,372.5392055265761,354.215,SF-P3O,Walker2d-v4,4
974709,reward,8123,378.2075620808859,354.171,SF-P3O,Walker2d-v4,4
974843,reward,8124,383.2786673822687,371.61,SF-P3O,Walker2d-v4,4
974848,loss,-0.0541573166847229,0.6437045931816101,SF-P3O,Walker2d-v4,4
974971,reward,8125,372.015875118086,371.284,SF-P3O,Walker2d-v4,4
975102,reward,8126,372.471386455343,372.782,SF-P3O,Walker2d-v4,4
975234,reward,8127,379.5788236111371,373.644,SF-P3O,Walker2d-v4,4
975364,reward,8128,378.96734113437935,374.779,SF-P3O,Walker2d-v4,4
975492,reward,8129,379.9416177341258,375.501,SF-P3O,Walker2d-v4,4
975623,reward,8130,383.6655016348675,376.503,SF-P3O,Walker2d-v4,4
975755,reward,8131,385.1140401843346,378.578,SF-P3O,Walker2d-v4,4
975905,reward,8132,428.7675135825116,384.201,SF-P3O,Walker2d-v4,4
976036,reward,8133,381.0508852546257,384.485,SF-P3O,Walker2d-v4,4
976167,reward,8134,380.9815644868876,384.255,SF-P3O,Walker2d-v4,4
976305,reward,8135,396.8822547492464,386.742,SF-P3O,Walker2d-v4,4
976432,reward,8136,370.033073924578,386.498,SF-P3O,Walker2d-v4,4
976558,reward,8137,345.0485291423979,383.045,SF-P3O,Walker2d-v4,4
976653,reward,8138,237.07809316164366,368.856,SF-P3O,Walker2d-v4,4
976775,reward,8139,345.535002481255,365.416,SF-P3O,Walker2d-v4,4
976908,reward,8140,394.9170862610413,366.541,SF-P3O,Walker2d-v4,4
977054,reward,8141,399.85020568917395,368.014,SF-P3O,Walker2d-v4,4
977187,reward,8142,382.81413993758775,363.419,SF-P3O,Walker2d-v4,4
977324,reward,8143,381.04979056402635,363.419,SF-P3O,Walker2d-v4,4
977442,reward,8144,337.09796630636714,359.031,SF-P3O,Walker2d-v4,4
977579,reward,8145,403.98801232541064,359.741,SF-P3O,Walker2d-v4,4
977705,reward,8146,368.82332084087955,359.62,SF-P3O,Walker2d-v4,4
977841,reward,8147,385.71740117165746,363.687,SF-P3O,Walker2d-v4,4
977967,reward,8148,343.61514625033084,374.341,SF-P3O,Walker2d-v4,4
978092,reward,8149,362.2678581455889,376.014,SF-P3O,Walker2d-v4,4
978216,reward,8150,364.1865205225106,372.941,SF-P3O,Walker2d-v4,4
978349,reward,8151,360.9566808121046,369.052,SF-P3O,Walker2d-v4,4
978477,reward,8152,375.3122961939782,368.301,SF-P3O,Walker2d-v4,4
978594,reward,8153,324.328416824305,362.629,SF-P3O,Walker2d-v4,4
978728,reward,8154,386.5907055930317,367.579,SF-P3O,Walker2d-v4,4
978856,reward,8155,371.0808606347911,364.288,SF-P3O,Walker2d-v4,4
978982,reward,8156,348.3455599852111,362.24,SF-P3O,Walker2d-v4,4
979104,reward,8157,360.7435677295389,359.743,SF-P3O,Walker2d-v4,4
979233,reward,8158,374.0414914216022,362.785,SF-P3O,Walker2d-v4,4
979356,reward,8159,347.2929620665198,361.288,SF-P3O,Walker2d-v4,4
979489,reward,8160,363.56168962876325,361.225,SF-P3O,Walker2d-v4,4
979626,reward,8161,400.5044151914096,365.18,SF-P3O,Walker2d-v4,4
979751,reward,8162,348.0266847000201,362.452,SF-P3O,Walker2d-v4,4
979888,reward,8163,392.7938102523776,369.298,SF-P3O,Walker2d-v4,4
980000,speed,823.38,26.53,SF-P3O,Walker2d-v4,4
980001,spectral,0.076212,0.949326,0.9772,SF-P3O,Walker2d-v4,4
980014,reward,8164,362.7434291312208,366.913,SF-P3O,Walker2d-v4,4
980141,reward,8165,373.02208653744697,367.108,SF-P3O,Walker2d-v4,4
980277,reward,8166,391.5729082235947,371.43,SF-P3O,Walker2d-v4,4
980397,reward,8167,344.49702697013424,369.806,SF-P3O,Walker2d-v4,4
980523,reward,8168,361.5198410631764,368.553,SF-P3O,Walker2d-v4,4
980656,reward,8169,382.7191297827276,372.096,SF-P3O,Walker2d-v4,4
980800,reward,8170,412.1471464080473,376.955,SF-P3O,Walker2d-v4,4
980941,reward,8171,403.22642393996455,377.227,SF-P3O,Walker2d-v4,4
981068,reward,8172,360.0374039259819,378.428,SF-P3O,Walker2d-v4,4
981191,reward,8173,366.2897956391203,375.778,SF-P3O,Walker2d-v4,4
981328,reward,8174,385.2040171397888,378.024,SF-P3O,Walker2d-v4,4
981465,reward,8175,383.49887022142053,379.071,SF-P3O,Walker2d-v4,4
981596,reward,8176,371.7885423011526,377.093,SF-P3O,Walker2d-v4,4
981708,reward,8177,299.2021966528063,372.563,SF-P3O,Walker2d-v4,4
981842,reward,8178,390.69115668163755,375.48,SF-P3O,Walker2d-v4,4
981979,reward,8179,402.8750674896151,377.496,SF-P3O,Walker2d-v4,4
982130,reward,8180,419.8154429696859,378.263,SF-P3O,Walker2d-v4,4
982269,reward,8181,380.6890492572702,376.009,SF-P3O,Walker2d-v4,4
982398,reward,8182,372.9811226839561,377.304,SF-P3O,Walker2d-v4,4
982532,reward,8183,394.9480799986523,380.169,SF-P3O,Walker2d-v4,4
982668,reward,8184,397.7761158055304,381.427,SF-P3O,Walker2d-v4,4
982798,reward,8185,386.3593566878198,381.713,SF-P3O,Walker2d-v4,4
982935,reward,8186,388.27767916227526,383.362,SF-P3O,Walker2d-v4,4
983040,loss,-0.057809922844171524,0.4141021966934204,SF-P3O,Walker2d-v4,4
983040,diagnostics,0.0,70.11,23.901,0.076519,0.94935,0.972,0.133832,SF-P3O,Walker2d-v4,4
983072,reward,8187,409.2994824266691,394.371,SF-P3O,Walker2d-v4,4
983200,reward,8188,364.7152610477667,391.774,SF-P3O,Walker2d-v4,4
983320,reward,8189,334.5483778360964,384.941,SF-P3O,Walker2d-v4,4
983461,reward,8190,406.2451102141686,383.584,SF-P3O,Walker2d-v4,4
983600,reward,8191,406.72704727889004,386.188,SF-P3O,Walker2d-v4,4
983739,reward,8192,407.9130857853666,389.681,SF-P3O,Walker2d-v4,4
983862,reward,8193,356.3044670622793,385.817,SF-P3O,Walker2d-v4,4
984003,reward,8194,419.22492435012157,387.961,SF-P3O,Walker2d-v4,4
984126,reward,8195,338.1343987315187,383.139,SF-P3O,Walker2d-v4,4
984268,reward,8196,400.5842652771807,384.37,SF-P3O,Walker2d-v4,4
984400,reward,8197,376.137360899846,381.053,SF-P3O,Walker2d-v4,4
984537,reward,8198,403.16520967815495,384.898,SF-P3O,Walker2d-v4,4
984672,reward,8199,400.49651493919805,391.493,SF-P3O,Walker2d-v4,4
984797,reward,8200,356.8200643926091,386.551,SF-P3O,Walker2d-v4,4
984925,reward,8201,368.71734889687986,382.75,SF-P3O,Walker2d-v4,4
985063,reward,8202,403.9826160825006,382.357,SF-P3O,Walker2d-v4,4
985201,reward,8203,402.46350006718046,386.973,SF-P3O,Walker2d-v4,4
985347,reward,8204,402.0886917244833,385.259,SF-P3O,Walker2d-v4,4
985473,reward,8205,356.12625808875424,387.058,SF-P3O,Walker2d-v4,4
985608,reward,8206,406.51136405955486,387.651,SF-P3O,Walker2d-v4,4
985749,reward,8207,411.82486850970275,391.22,SF-P3O,Walker2d-v4,4
985888,reward,8208,397.44413348517844,390.648,SF-P3O,Walker2d-v4,4
986018,reward,8209,376.1417765712935,388.212,SF-P3O,Walker2d-v4,4
986156,reward,8210,397.7048535822312,392.301,SF-P3O,Walker2d-v4,4
986289,reward,8211,379.85197001348047,393.414,SF-P3O,Walker2d-v4,4
986409,reward,8212,334.91595260437396,386.507,SF-P3O,Walker2d-v4,4
986550,reward,8213,406.9025929400456,386.951,SF-P3O,Walker2d-v4,4
986689,reward,8214,399.61346599500877,386.704,SF-P3O,Walker2d-v4,4
986828,reward,8215,378.410965174784,388.932,SF-P3O,Walker2d-v4,4
986965,reward,8216,406.74563230781644,388.956,SF-P3O,Walker2d-v4,4
987089,reward,8217,371.86573163177115,384.96,SF-P3O,Walker2d-v4,4
987232,reward,8218,407.52413534551,385.968,SF-P3O,Walker2d-v4,4
987359,reward,8219,357.7998764986605,384.134,SF-P3O,Walker2d-v4,4
987482,reward,8220,357.79586935446383,380.143,SF-P3O,Walker2d-v4,4
987611,reward,8221,387.8793067797093,380.945,SF-P3O,Walker2d-v4,4
987742,reward,8222,383.10401614203073,385.764,SF-P3O,Walker2d-v4,4
987874,reward,8223,384.85282823453196,383.559,SF-P3O,Walker2d-v4,4
988001,reward,8224,364.125149805513,380.01,SF-P3O,Walker2d-v4,4
988128,reward,8225,376.6629824289018,379.836,SF-P3O,Walker2d-v4,4
988246,reward,8226,316.29775832520784,370.791,SF-P3O,Walker2d-v4,4
988365,reward,8227,360.20183613430135,369.624,SF-P3O,Walker2d-v4,4
988489,reward,8228,351.08922375232186,363.981,SF-P3O,Walker2d-v4,4
988616,reward,8229,358.23236907146224,364.024,SF-P3O,Walker2d-v4,4
988741,reward,8230,369.36864479238767,365.181,SF-P3O,Walker2d-v4,4
988879,reward,8231,411.4233322873965,367.536,SF-P3O,Walker2d-v4,4
989022,reward,8232,407.4366307555768,369.969,SF-P3O,Walker2d-v4,4
989160,reward,8233,402.0320952283463,371.687,SF-P3O,Walker2d-v4,4
989288,reward,8234,375.42298060892483,372.817,SF-P3O,Walker2d-v4,4
989416,reward,8235,381.96026161045023,373.347,SF-P3O,Walker2d-v4,4
989539,reward,8236,358.8677686454043,377.604,SF-P3O,Walker2d-v4,4
989680,reward,8237,410.84347013985285,382.668,SF-P3O,Walker2d-v4,4
989811,reward,8238,390.25211700259473,386.584,SF-P3O,Walker2d-v4,4
989949,reward,8239,398.97897753781325,390.659,SF-P3O,Walker2d-v4,4
990000,speed,818.7,26.73,SF-P3O,Walker2d-v4,4
990001,spectral,0.076519,0.94935,0.972,SF-P3O,Walker2d-v4,4
990070,reward,8240,348.89813702467734,388.612,SF-P3O,Walker2d-v4,4
990198,reward,8241,380.1998899568895,385.489,SF-P3O,Walker2d-v4,4
990325,reward,8242,377.91898355434824,382.537,SF-P3O,Walker2d-v4,4
990454,reward,8243,362.1273956039702,378.547,SF-P3O,Walker2d-v4,4
990592,reward,8244,397.7653197882252,380.781,SF-P3O,Walker2d-v4,4
990732,reward,8245,403.3000296686596,382.915,SF-P3O,Walker2d-v4,4
990855,reward,8246,348.6648418005195,381.895,SF-P3O,Walker2d-v4,4
990969,reward,8247,315.1585035099086,372.326,SF-P3O,Walker2d-v4,4
991101,reward,8248,392.00970762048075,372.502,SF-P3O,Walker2d-v4,4
991224,reward,8249,331.94398605829184,365.799,SF-P3O,Walker2d-v4,4
991232,loss,-0.02986251935362816,0.886309027671814,SF-P3O,Walker2d-v4,4
991359,reward,8250,393.4833632681221,370.257,SF-P3O,Walker2d-v4,4
991514,reward,8251,424.16216791081905,374.653,SF-P3O,Walker2d-v4,4
991635,reward,8252,346.26661214568855,371.488,SF-P3O,Walker2d-v4,4
991772,reward,8253,401.24002551729905,375.399,SF-P3O,Walker2d-v4,4
991910,reward,8254,404.0268824456622,376.026,SF-P3O,Walker2d-v4,4
992037,reward,8255,359.9314144834109,371.689,SF-P3O,Walker2d-v4,4
992180,reward,8256,418.27911910171673,378.65,SF-P3O,Walker2d-v4,4
992295,reward,8257,319.2254207891809,379.057,SF-P3O,Walker2d-v4,4
992428,reward,8258,394.7138115343521,379.327,SF-P3O,Walker2d-v4,4
992576,reward,8259,408.2749401619605,386.96,SF-P3O,Walker2d-v4,4
992712,reward,8260,383.20889506923436,385.933,SF-P3O,Walker2d-v4,4
992843,reward,8261,360.6556491211372,379.582,SF-P3O,Walker2d-v4,4
992967,reward,8262,341.28172224797277,379.084,SF-P3O,Walker2d-v4,4
993120,reward,8263,426.4208756313449,381.602,SF-P3O,Walker2d-v4,4
993256,reward,8264,390.54448215446814,380.254,SF-P3O,Walker2d-v4,4
993406,reward,8265,426.84711698695065,386.945,SF-P3O,Walker2d-v4,4
993588,reward,8266,484.57486002997285,393.575,SF-P3O,Walker2d-v4,4
993728,reward,8267,383.7618940301983,400.028,SF-P3O,Walker2d-v4,4
993854,reward,8268,357.2466295930518,396.282,SF-P3O,Walker2d-v4,4
993991,reward,8269,397.25510865554344,395.18,SF-P3O,Walker2d-v4,4
994122,reward,8270,385.6876069137435,395.428,SF-P3O,Walker2d-v4,4
994249,reward,8271,353.91388341056984,394.753,SF-P3O,Walker2d-v4,4
994386,reward,8272,394.49470692320835,400.075,SF-P3O,Walker2d-v4,4
994529,reward,8273,416.2256296967747,399.055,SF-P3O,Walker2d-v4,4
994659,reward,8274,386.0712441970883,398.608,SF-P3O,Walker2d-v4,4
994804,reward,8275,422.7209424717335,398.195,SF-P3O,Walker2d-v4,4
994940,reward,8276,414.52131727923467,391.19,SF-P3O,Walker2d-v4,4
995071,reward,8277,370.770042306137,389.891,SF-P3O,Walker2d-v4,4
995202,reward,8278,382.2486558429845,392.391,SF-P3O,Walker2d-v4,4
995336,reward,8279,396.4782296116377,392.313,SF-P3O,Walker2d-v4,4
995472,reward,8280,393.92066389725795,393.137,SF-P3O,Walker2d-v4,4
995602,reward,8281,372.4916481020821,394.994,SF-P3O,Walker2d-v4,4
995747,reward,8282,404.920810720292,396.037,SF-P3O,Walker2d-v4,4
995860,reward,8283,321.5024606310527,386.565,SF-P3O,Walker2d-v4,4
996011,reward,8284,415.1611934470225,389.474,SF-P3O,Walker2d-v4,4
996147,reward,8285,403.8888387559101,387.59,SF-P3O,Walker2d-v4,4
996285,reward,8286,391.4712670867278,385.285,SF-P3O,Walker2d-v4,4
996427,reward,8287,403.6503758907357,388.573,SF-P3O,Walker2d-v4,4
996571,reward,8288,424.88721017330823,392.837,SF-P3O,Walker2d-v4,4
996715,reward,8289,421.72518941855435,395.362,SF-P3O,Walker2d-v4,4
996843,reward,8290,358.03525458404243,391.773,SF-P3O,Walker2d-v4,4
996978,reward,8291,401.8727058547677,394.712,SF-P3O,Walker2d-v4,4
997114,reward,8292,396.3140431021529,393.851,SF-P3O,Walker2d-v4,4
997254,reward,8293,412.1651676389364,402.917,SF-P3O,Walker2d-v4,4
997377,reward,8294,336.76721472090355,395.078,SF-P3O,Walker2d-v4,4
997501,reward,8295,341.69165513951134,388.858,SF-P3O,Walker2d-v4,4
997636,reward,8296,392.4521788616248,388.956,SF-P3O,Walker2d-v4,4
997776,reward,8297,409.3265424929511,389.524,SF-P3O,Walker2d-v4,4
997911,reward,8298,366.7375492107128,383.709,SF-P3O,Walker2d-v4,4
998060,reward,8299,431.98596949074744,384.735,SF-P3O,Walker2d-v4,4
998192,reward,8300,388.6572988989855,387.797,SF-P3O,Walker2d-v4,4
998328,reward,8301,376.30429348106253,385.24,SF-P3O,Walker2d-v4,4
998457,reward,8302,361.3585657736134,381.745,SF-P3O,Walker2d-v4,4
998592,reward,8303,401.4325682021814,380.671,SF-P3O,Walker2d-v4,4
998731,reward,8304,402.85272699559084,387.28,SF-P3O,Walker2d-v4,4
998852,reward,8305,310.8456784514268,384.195,SF-P3O,Walker2d-v4,4
998989,reward,8306,393.7696141731442,384.327,SF-P3O,Walker2d-v4,4
999129,reward,8307,398.2632285358541,383.221,SF-P3O,Walker2d-v4,4
999250,reward,8308,347.27638579694474,381.275,SF-P3O,Walker2d-v4,4
999378,reward,8309,371.42154157685894,375.218,SF-P3O,Walker2d-v4,4
999424,loss,-0.0810224711894989,0.47280222177505493,SF-P3O,Walker2d-v4,4
999424,diagnostics,0.0,70.34,20.781,0.07701,0.949221,0.974,0.135163,SF-P3O,Walker2d-v4,4
999501,reward,8310,356.0846419419321,371.961,SF-P3O,Walker2d-v4,4
999639,reward,8311,383.92385177085646,372.723,SF-P3O,Walker2d-v4,4
999771,reward,8312,393.0362320453415,375.891,SF-P3O,Walker2d-v4,4
999898,reward,8313,361.7387785008207,371.921,SF-P3O,Walker2d-v4,4
1000000,speed,513.19,27.06,SF-P3O,Walker2d-v4,4
