step,tag
14,reward,1,-5.255043686866021,-5.255,SF-P3O-v1,Walker2d-v4,3
37,reward,2,6.804281948889573,0.775,SF-P3O-v1,Walker2d-v4,3
45,reward,3,-5.0873750289959325,-1.179,SF-P3O-v1,Walker2d-v4,3
58,reward,4,-7.870509189204209,-2.852,SF-P3O-v1,Walker2d-v4,3
70,reward,5,1.741338760004725,-1.933,SF-P3O-v1,Walker2d-v4,3
81,reward,6,1.7836111405359398,-1.314,SF-P3O-v1,Walker2d-v4,3
108,reward,7,8.432892955687825,0.078,SF-P3O-v1,Walker2d-v4,3
139,reward,8,-1.5068112334650965,-0.12,SF-P3O-v1,Walker2d-v4,3
150,reward,9,-5.875009988057936,-0.759,SF-P3O-v1,Walker2d-v4,3
164,reward,10,-12.423879128810608,-1.926,SF-P3O-v1,Walker2d-v4,3
179,reward,11,-2.7063680142302857,-1.671,SF-P3O-v1,Walker2d-v4,3
204,reward,12,-4.952279734853525,-2.846,SF-P3O-v1,Walker2d-v4,3
214,reward,13,-1.717588240791432,-2.509,SF-P3O-v1,Walker2d-v4,3
225,reward,14,-2.5277663503987156,-1.975,SF-P3O-v1,Walker2d-v4,3
235,reward,15,-1.8122506732094907,-2.331,SF-P3O-v1,Walker2d-v4,3
269,reward,16,7.632839686210472,-1.746,SF-P3O-v1,Walker2d-v4,3
296,reward,17,2.6944690091428436,-2.319,SF-P3O-v1,Walker2d-v4,3
304,reward,18,-1.9401700152443355,-2.363,SF-P3O-v1,Walker2d-v4,3
328,reward,19,11.852445776181,-0.59,SF-P3O-v1,Walker2d-v4,3
347,reward,20,4.385650965378282,1.091,SF-P3O-v1,Walker2d-v4,3
377,reward,21,10.518174799541423,2.413,SF-P3O-v1,Walker2d-v4,3
395,reward,22,1.2294279639053591,3.032,SF-P3O-v1,Walker2d-v4,3
413,reward,23,-2.009927552917591,3.002,SF-P3O-v1,Walker2d-v4,3
428,reward,24,0.792817719585478,3.334,SF-P3O-v1,Walker2d-v4,3
469,reward,25,8.468885185006878,4.362,SF-P3O-v1,Walker2d-v4,3
481,reward,26,0.9535621981277593,3.695,SF-P3O-v1,Walker2d-v4,3
492,reward,27,1.6405339205351492,3.589,SF-P3O-v1,Walker2d-v4,3
521,reward,28,13.842805925445305,5.167,SF-P3O-v1,Walker2d-v4,3
553,reward,29,7.049341182098012,4.687,SF-P3O-v1,Walker2d-v4,3
564,reward,30,0.18044623362035006,4.267,SF-P3O-v1,Walker2d-v4,3
598,reward,31,8.175084231260414,4.032,SF-P3O-v1,Walker2d-v4,3
613,reward,32,0.2885264827826448,3.938,SF-P3O-v1,Walker2d-v4,3
627,reward,33,-4.862081424808375,3.653,SF-P3O-v1,Walker2d-v4,3
636,reward,34,-0.9357606272893138,3.48,SF-P3O-v1,Walker2d-v4,3
650,reward,35,-1.1461984306622257,2.519,SF-P3O-v1,Walker2d-v4,3
666,reward,36,3.1238474233941727,2.736,SF-P3O-v1,Walker2d-v4,3
679,reward,37,4.1156806429031665,2.983,SF-P3O-v1,Walker2d-v4,3
692,reward,38,0.14748744550299708,1.614,SF-P3O-v1,Walker2d-v4,3
703,reward,39,0.1597464265511791,0.925,SF-P3O-v1,Walker2d-v4,3
732,reward,40,13.554243316300187,2.262,SF-P3O-v1,Walker2d-v4,3
757,reward,41,4.965740252966991,1.941,SF-P3O-v1,Walker2d-v4,3
767,reward,42,1.294151511591741,2.042,SF-P3O-v1,Walker2d-v4,3
779,reward,43,-2.0701321235778036,2.321,SF-P3O-v1,Walker2d-v4,3
809,reward,44,7.823833098679863,3.197,SF-P3O-v1,Walker2d-v4,3
841,reward,45,14.861935265869105,4.798,SF-P3O-v1,Walker2d-v4,3
866,reward,46,3.770534159325339,4.862,SF-P3O-v1,Walker2d-v4,3
877,reward,47,-0.823801223351136,4.368,SF-P3O-v1,Walker2d-v4,3
889,reward,48,0.14850393826345631,4.368,SF-P3O-v1,Walker2d-v4,3
904,reward,49,-6.3976930233996745,3.713,SF-P3O-v1,Walker2d-v4,3
919,reward,50,1.8139567309354205,2.539,SF-P3O-v1,Walker2d-v4,3
937,reward,51,-9.873313547712781,1.055,SF-P3O-v1,Walker2d-v4,3
958,reward,52,4.864511512138353,1.412,SF-P3O-v1,Walker2d-v4,3
970,reward,53,-0.23033239635300495,1.596,SF-P3O-v1,Walker2d-v4,3
978,reward,54,-1.518723082798633,0.662,SF-P3O-v1,Walker2d-v4,3
1004,reward,55,5.026274225463187,-0.322,SF-P3O-v1,Walker2d-v4,3
1014,reward,56,1.305987357071625,-0.568,SF-P3O-v1,Walker2d-v4,3
1026,reward,57,0.7225932907383033,-0.414,SF-P3O-v1,Walker2d-v4,3
1053,reward,58,2.2930621563893867,-0.199,SF-P3O-v1,Walker2d-v4,3
1064,reward,59,0.8921293592314583,0.53,SF-P3O-v1,Walker2d-v4,3
1083,reward,60,6.36778149884543,0.985,SF-P3O-v1,Walker2d-v4,3
1109,reward,61,6.823413687964158,2.655,SF-P3O-v1,Walker2d-v4,3
1130,reward,62,5.518379349173195,2.72,SF-P3O-v1,Walker2d-v4,3
1153,reward,63,-0.45127592661993243,2.698,SF-P3O-v1,Walker2d-v4,3
1169,reward,64,-0.38810845680317163,2.811,SF-P3O-v1,Walker2d-v4,3
1187,reward,65,-3.731583594027721,1.935,SF-P3O-v1,Walker2d-v4,3
1198,reward,66,-4.787366296224139,1.326,SF-P3O-v1,Walker2d-v4,3
1219,reward,67,-5.699699616397115,0.684,SF-P3O-v1,Walker2d-v4,3
1230,reward,68,1.4276076483090658,0.597,SF-P3O-v1,Walker2d-v4,3
1238,reward,69,-3.9120868677585263,0.117,SF-P3O-v1,Walker2d-v4,3
1249,reward,70,-3.7496335081110392,-0.895,SF-P3O-v1,Walker2d-v4,3
1260,reward,71,0.9579543225879095,-1.482,SF-P3O-v1,Walker2d-v4,3
1286,reward,72,-0.019098624994356772,-2.035,SF-P3O-v1,Walker2d-v4,3
1297,reward,73,2.1159828059832386,-1.779,SF-P3O-v1,Walker2d-v4,3
1314,reward,74,-4.9720837533820825,-2.237,SF-P3O-v1,Walker2d-v4,3
1332,reward,75,-1.765933651313212,-2.04,SF-P3O-v1,Walker2d-v4,3
1343,reward,76,-0.8373434865374808,-1.645,SF-P3O-v1,Walker2d-v4,3
1356,reward,77,-3.1228997726758596,-1.388,SF-P3O-v1,Walker2d-v4,3
1372,reward,78,2.1100901547927715,-1.32,SF-P3O-v1,Walker2d-v4,3
1391,reward,79,4.492408125045672,-0.479,SF-P3O-v1,Walker2d-v4,3
1413,reward,80,2.28592307201542,0.124,SF-P3O-v1,Walker2d-v4,3
1430,reward,81,0.5827771112404496,0.087,SF-P3O-v1,Walker2d-v4,3
1437,reward,82,-3.5431312432625552,-0.265,SF-P3O-v1,Walker2d-v4,3
1460,reward,83,-7.934088116313095,-1.27,SF-P3O-v1,Walker2d-v4,3
1472,reward,84,-3.1597169900884308,-1.089,SF-P3O-v1,Walker2d-v4,3
1488,reward,85,-1.665249615280211,-1.079,SF-P3O-v1,Walker2d-v4,3
1507,reward,86,-3.6068217308878814,-1.356,SF-P3O-v1,Walker2d-v4,3
1516,reward,87,-2.275616810631135,-1.271,SF-P3O-v1,Walker2d-v4,3
1540,reward,88,10.282062258239389,-0.454,SF-P3O-v1,Walker2d-v4,3
1551,reward,89,-2.780281268257063,-1.181,SF-P3O-v1,Walker2d-v4,3
1590,reward,90,-2.7006884272880987,-1.68,SF-P3O-v1,Walker2d-v4,3
1618,reward,91,3.2014598320098338,-1.418,SF-P3O-v1,Walker2d-v4,3
1640,reward,92,-3.363936531676274,-1.4,SF-P3O-v1,Walker2d-v4,3
1665,reward,93,8.55280681525084,0.248,SF-P3O-v1,Walker2d-v4,3
1675,reward,94,-0.7151183850200427,0.493,SF-P3O-v1,Walker2d-v4,3
1696,reward,95,0.9994842823790095,0.759,SF-P3O-v1,Walker2d-v4,3
1725,reward,96,-2.127415509637201,0.907,SF-P3O-v1,Walker2d-v4,3
1734,reward,97,-0.4331520622919781,1.092,SF-P3O-v1,Walker2d-v4,3
1751,reward,98,-7.117108715681144,-0.648,SF-P3O-v1,Walker2d-v4,3
1772,reward,99,-6.606447699518936,-1.031,SF-P3O-v1,Walker2d-v4,3
1812,reward,100,10.143345943588788,0.253,SF-P3O-v1,Walker2d-v4,3
1834,reward,101,-4.366026709964419,-0.503,SF-P3O-v1,Walker2d-v4,3
1865,reward,102,-4.5218179081450405,-0.619,SF-P3O-v1,Walker2d-v4,3
1895,reward,103,10.67745735745548,-0.407,SF-P3O-v1,Walker2d-v4,3
1914,reward,104,-9.503142117076994,-1.285,SF-P3O-v1,Walker2d-v4,3
1940,reward,105,-0.35810019442008256,-1.421,SF-P3O-v1,Walker2d-v4,3
1952,reward,106,-4.813593945149877,-1.69,SF-P3O-v1,Walker2d-v4,3
1963,reward,107,-3.5419718875951705,-2.001,SF-P3O-v1,Walker2d-v4,3
1987,reward,108,1.6946507547418996,-1.12,SF-P3O-v1,Walker2d-v4,3
1999,reward,109,-2.0488004342609387,-0.664,SF-P3O-v1,Walker2d-v4,3
2022,reward,110,0.375083393889865,-1.641,SF-P3O-v1,Walker2d-v4,3
2040,reward,111,-4.0698433656346085,-1.611,SF-P3O-v1,Walker2d-v4,3
2059,reward,112,2.4857844353299305,-0.91,SF-P3O-v1,Walker2d-v4,3
2078,reward,113,-1.360989592491527,-2.114,SF-P3O-v1,Walker2d-v4,3
2105,reward,114,-0.45789234643930743,-1.21,SF-P3O-v1,Walker2d-v4,3
2118,reward,115,-0.28432312818629,-1.202,SF-P3O-v1,Walker2d-v4,3
2145,reward,116,-1.8850323054717495,-0.909,SF-P3O-v1,Walker2d-v4,3
2168,reward,117,-4.520244903625019,-1.007,SF-P3O-v1,Walker2d-v4,3
2199,reward,118,-0.6014172181701697,-1.237,SF-P3O-v1,Walker2d-v4,3
2245,reward,119,10.161044665262605,-0.016,SF-P3O-v1,Walker2d-v4,3
2263,reward,120,7.8406725205965015,0.731,SF-P3O-v1,Walker2d-v4,3
2273,reward,121,0.9825676416064206,1.236,SF-P3O-v1,Walker2d-v4,3
2291,reward,122,0.6297778224842432,1.05,SF-P3O-v1,Walker2d-v4,3
2305,reward,123,-0.17995874391316713,1.169,SF-P3O-v1,Walker2d-v4,3
2318,reward,124,1.1328782802237294,1.328,SF-P3O-v1,Walker2d-v4,3
2348,reward,125,-2.091039046319456,1.147,SF-P3O-v1,Walker2d-v4,3
2370,reward,126,-7.0036927816242365,0.635,SF-P3O-v1,Walker2d-v4,3
2403,reward,127,12.291544680368675,2.316,SF-P3O-v1,Walker2d-v4,3
2421,reward,128,-10.363942383901435,1.34,SF-P3O-v1,Walker2d-v4,3
2448,reward,129,7.779305145223249,1.102,SF-P3O-v1,Walker2d-v4,3
2459,reward,130,-2.307646761302451,0.087,SF-P3O-v1,Walker2d-v4,3
2477,reward,131,3.7815389767787906,0.367,SF-P3O-v1,Walker2d-v4,3
2484,reward,132,-2.3744719164504797,0.066,SF-P3O-v1,Walker2d-v4,3
2502,reward,133,2.254049490214779,0.31,SF-P3O-v1,Walker2d-v4,3
2524,reward,134,-3.5090467780341603,-0.154,SF-P3O-v1,Walker2d-v4,3
2545,reward,135,-1.9409699401192992,-0.139,SF-P3O-v1,Walker2d-v4,3
2578,reward,136,-4.006944224594864,0.16,SF-P3O-v1,Walker2d-v4,3
2591,reward,137,-5.538377185915849,-1.623,SF-P3O-v1,Walker2d-v4,3
2625,reward,138,13.873244364879046,0.801,SF-P3O-v1,Walker2d-v4,3
2636,reward,139,-2.4690158959316735,-0.224,SF-P3O-v1,Walker2d-v4,3
2647,reward,140,-2.4812016076356516,-0.241,SF-P3O-v1,Walker2d-v4,3
2666,reward,141,-6.150994236394379,-1.234,SF-P3O-v1,Walker2d-v4,3
2675,reward,142,-2.4829498800512675,-1.245,SF-P3O-v1,Walker2d-v4,3
2692,reward,143,3.9282463071737803,-1.078,SF-P3O-v1,Walker2d-v4,3
2710,reward,144,-7.185243509935279,-1.445,SF-P3O-v1,Walker2d-v4,3
2730,reward,145,-2.7106156257002336,-1.522,SF-P3O-v1,Walker2d-v4,3
2739,reward,146,0.6452664895488291,-1.057,SF-P3O-v1,Walker2d-v4,3
2754,reward,147,1.789444740673094,-0.324,SF-P3O-v1,Walker2d-v4,3
2770,reward,148,-1.060209361733835,-1.818,SF-P3O-v1,Walker2d-v4,3
2800,reward,149,9.723056043244622,-0.599,SF-P3O-v1,Walker2d-v4,3
2811,reward,150,-1.1805889301700876,-0.468,SF-P3O-v1,Walker2d-v4,3
2824,reward,151,3.360011121590671,0.483,SF-P3O-v1,Walker2d-v4,3
2852,reward,152,5.753810350505009,1.306,SF-P3O-v1,Walker2d-v4,3
2862,reward,153,1.0293339212218886,1.016,SF-P3O-v1,Walker2d-v4,3
2879,reward,154,-1.1113290014087933,1.624,SF-P3O-v1,Walker2d-v4,3
2893,reward,155,0.7603241873539157,1.971,SF-P3O-v1,Walker2d-v4,3
2914,reward,156,5.689988591563452,2.475,SF-P3O-v1,Walker2d-v4,3
2934,reward,157,-7.0528534579654085,1.591,SF-P3O-v1,Walker2d-v4,3
2941,reward,158,-2.312357633988049,1.466,SF-P3O-v1,Walker2d-v4,3
2962,reward,159,-5.23437780900284,-0.03,SF-P3O-v1,Walker2d-v4,3
3001,reward,160,-1.8325022097210457,-0.095,SF-P3O-v1,Walker2d-v4,3
3024,reward,161,2.9955432090149703,-0.131,SF-P3O-v1,Walker2d-v4,3
3043,reward,162,11.070262732402561,0.4,SF-P3O-v1,Walker2d-v4,3
3053,reward,163,-2.6411633182502046,0.033,SF-P3O-v1,Walker2d-v4,3
3079,reward,164,-1.9495052395967658,-0.051,SF-P3O-v1,Walker2d-v4,3
3095,reward,165,1.271042107994306,0.0,SF-P3O-v1,Walker2d-v4,3
3109,reward,166,2.640387087775204,-0.305,SF-P3O-v1,Walker2d-v4,3
3134,reward,167,-8.491250744581343,-0.448,SF-P3O-v1,Walker2d-v4,3
3144,reward,168,-3.7633075538785707,-0.593,SF-P3O-v1,Walker2d-v4,3
3160,reward,169,-7.349019880581968,-0.805,SF-P3O-v1,Walker2d-v4,3
3181,reward,170,2.995099536793134,-0.322,SF-P3O-v1,Walker2d-v4,3
3204,reward,171,1.4755110002920178,-0.474,SF-P3O-v1,Walker2d-v4,3
3225,reward,172,-1.6773389293646226,-1.749,SF-P3O-v1,Walker2d-v4,3
3241,reward,173,-0.9260485298697019,-1.577,SF-P3O-v1,Walker2d-v4,3
3264,reward,174,-5.49150062128928,-1.932,SF-P3O-v1,Walker2d-v4,3
3283,reward,175,6.119951454181798,-1.447,SF-P3O-v1,Walker2d-v4,3
3300,reward,176,1.4452714913974742,-1.566,SF-P3O-v1,Walker2d-v4,3
3311,reward,177,0.857762257088494,-0.631,SF-P3O-v1,Walker2d-v4,3
3326,reward,178,-4.8389986006004815,-0.739,SF-P3O-v1,Walker2d-v4,3
3340,reward,179,4.250424373087316,0.421,SF-P3O-v1,Walker2d-v4,3
3352,reward,180,-2.863119689530884,-0.165,SF-P3O-v1,Walker2d-v4,3
3377,reward,181,1.5871632251334689,-0.154,SF-P3O-v1,Walker2d-v4,3
3392,reward,182,-1.0095505710853754,-0.087,SF-P3O-v1,Walker2d-v4,3
3417,reward,183,0.6376932208173797,0.07,SF-P3O-v1,Walker2d-v4,3
3426,reward,184,-1.4257061522875671,0.476,SF-P3O-v1,Walker2d-v4,3
3442,reward,185,3.5684746160567586,0.221,SF-P3O-v1,Walker2d-v4,3
3451,reward,186,-1.58722357687085,-0.082,SF-P3O-v1,Walker2d-v4,3
3462,reward,187,0.45450051435210137,-0.123,SF-P3O-v1,Walker2d-v4,3
3478,reward,188,-2.769565438590051,0.084,SF-P3O-v1,Walker2d-v4,3
3504,reward,189,15.144471658714684,1.174,SF-P3O-v1,Walker2d-v4,3
3519,reward,190,1.471319230480328,1.607,SF-P3O-v1,Walker2d-v4,3
3534,reward,191,2.026673085429533,1.651,SF-P3O-v1,Walker2d-v4,3
3544,reward,192,-1.4521950260977385,1.607,SF-P3O-v1,Walker2d-v4,3
3572,reward,193,-1.9310043636329242,1.35,SF-P3O-v1,Walker2d-v4,3
3583,reward,194,-1.1728056721632616,1.375,SF-P3O-v1,Walker2d-v4,3
3603,reward,195,-5.355886345589006,0.483,SF-P3O-v1,Walker2d-v4,3
3630,reward,196,8.907128386923787,1.532,SF-P3O-v1,Walker2d-v4,3
3639,reward,197,-0.4656789560644059,1.44,SF-P3O-v1,Walker2d-v4,3
3670,reward,198,9.5290411903724,2.67,SF-P3O-v1,Walker2d-v4,3
3693,reward,199,3.8270953677693997,1.538,SF-P3O-v1,Walker2d-v4,3
3704,reward,200,1.8221851222811412,1.573,SF-P3O-v1,Walker2d-v4,3
3720,reward,201,-5.5567199766527215,0.815,SF-P3O-v1,Walker2d-v4,3
3730,reward,202,-4.204924501704118,0.54,SF-P3O-v1,Walker2d-v4,3
3751,reward,203,2.1504254135607064,0.948,SF-P3O-v1,Walker2d-v4,3
3775,reward,204,-10.759191346395871,-0.011,SF-P3O-v1,Walker2d-v4,3
3808,reward,205,1.2182444739403826,0.647,SF-P3O-v1,Walker2d-v4,3
3820,reward,206,-2.8413837274014897,-0.528,SF-P3O-v1,Walker2d-v4,3
3844,reward,207,-3.1559890596237423,-0.797,SF-P3O-v1,Walker2d-v4,3
3866,reward,208,1.6602133735898381,-1.584,SF-P3O-v1,Walker2d-v4,3
3890,reward,209,-0.7293764517852546,-2.04,SF-P3O-v1,Walker2d-v4,3
3911,reward,210,0.0917621295012474,-2.213,SF-P3O-v1,Walker2d-v4,3
3923,reward,211,-1.1406992660096305,-1.771,SF-P3O-v1,Walker2d-v4,3
3938,reward,212,0.2534608264947513,-1.325,SF-P3O-v1,Walker2d-v4,3
3965,reward,213,-4.046497470290055,-1.945,SF-P3O-v1,Walker2d-v4,3
3994,reward,214,2.1415568488650734,-0.655,SF-P3O-v1,Walker2d-v4,3
4005,reward,215,-6.5767104732725725,-1.434,SF-P3O-v1,Walker2d-v4,3
4029,reward,216,-2.415209229226693,-1.392,SF-P3O-v1,Walker2d-v4,3
4037,reward,217,-1.927238089139281,-1.269,SF-P3O-v1,Walker2d-v4,3
4051,reward,218,-2.720587453935412,-1.707,SF-P3O-v1,Walker2d-v4,3
4079,reward,219,9.590934387518645,-0.675,SF-P3O-v1,Walker2d-v4,3
4091,reward,220,0.5879537423984096,-0.625,SF-P3O-v1,Walker2d-v4,3
4115,reward,221,7.437915014307332,0.233,SF-P3O-v1,Walker2d-v4,3
4124,reward,222,-1.5125245956447444,0.056,SF-P3O-v1,Walker2d-v4,3
4149,reward,223,-0.21266428992694864,0.439,SF-P3O-v1,Walker2d-v4,3
4171,reward,224,8.104462714492243,1.036,SF-P3O-v1,Walker2d-v4,3
4181,reward,225,-6.878927578443856,1.005,SF-P3O-v1,Walker2d-v4,3
4219,reward,226,0.28412453114947356,1.275,SF-P3O-v1,Walker2d-v4,3
4249,reward,227,0.5911274706376048,1.527,SF-P3O-v1,Walker2d-v4,3
4265,reward,228,2.0375336492815324,2.003,SF-P3O-v1,Walker2d-v4,3
4275,reward,229,-0.9503697832465177,0.949,SF-P3O-v1,Walker2d-v4,3
4289,reward,230,-2.0855750186335236,0.682,SF-P3O-v1,Walker2d-v4,3
4322,reward,231,4.153667400584554,0.353,SF-P3O-v1,Walker2d-v4,3
4332,reward,232,1.2562260676909256,0.63,SF-P3O-v1,Walker2d-v4,3
4342,reward,233,-2.9840337138056348,0.353,SF-P3O-v1,Walker2d-v4,3
4369,reward,234,-0.648314873635719,-0.522,SF-P3O-v1,Walker2d-v4,3
4382,reward,235,3.5679539467008947,0.522,SF-P3O-v1,Walker2d-v4,3
4414,reward,236,-1.16834135084478,0.377,SF-P3O-v1,Walker2d-v4,3
4424,reward,237,-1.6342829031045416,0.154,SF-P3O-v1,Walker2d-v4,3
4447,reward,238,-1.8536106162328463,-0.235,SF-P3O-v1,Walker2d-v4,3
4463,reward,239,-2.636504656065105,-0.403,SF-P3O-v1,Walker2d-v4,3
4478,reward,240,-5.477280043526607,-0.742,SF-P3O-v1,Walker2d-v4,3
4503,reward,241,0.09200807661611665,-1.149,SF-P3O-v1,Walker2d-v4,3
4520,reward,242,3.1809809068248462,-0.956,SF-P3O-v1,Walker2d-v4,3
4531,reward,243,-0.24447148959125298,-0.682,SF-P3O-v1,Walker2d-v4,3
4557,reward,244,6.3018176034308775,0.013,SF-P3O-v1,Walker2d-v4,3
4568,reward,245,-1.0309965286437506,-0.447,SF-P3O-v1,Walker2d-v4,3
4578,reward,246,-5.449653478708349,-0.875,SF-P3O-v1,Walker2d-v4,3
4600,reward,247,-5.607043457609151,-1.272,SF-P3O-v1,Walker2d-v4,3
4614,reward,248,-2.385788482168829,-1.326,SF-P3O-v1,Walker2d-v4,3
4625,reward,249,-1.0127750944955185,-1.163,SF-P3O-v1,Walker2d-v4,3
4653,reward,250,13.832970587211332,0.768,SF-P3O-v1,Walker2d-v4,3
4668,reward,251,-1.6050379470167349,0.598,SF-P3O-v1,Walker2d-v4,3
4698,reward,252,-0.23340023000769827,0.257,SF-P3O-v1,Walker2d-v4,3
4713,reward,253,-0.8350143951002986,0.198,SF-P3O-v1,Walker2d-v4,3
4724,reward,254,2.024804813730378,-0.23,SF-P3O-v1,Walker2d-v4,3
4737,reward,255,0.4500332429784679,-0.082,SF-P3O-v1,Walker2d-v4,3
4750,reward,256,-2.7070361531903453,0.192,SF-P3O-v1,Walker2d-v4,3
4765,reward,257,0.4821611396623636,0.801,SF-P3O-v1,Walker2d-v4,3
4773,reward,258,-3.2106527334956994,0.719,SF-P3O-v1,Walker2d-v4,3
4785,reward,259,-0.17610657757801707,0.802,SF-P3O-v1,Walker2d-v4,3
4836,reward,260,11.872407799940227,0.606,SF-P3O-v1,Walker2d-v4,3
4844,reward,261,-4.339932949899653,0.333,SF-P3O-v1,Walker2d-v4,3
4855,reward,262,2.51348142799002,0.607,SF-P3O-v1,Walker2d-v4,3
4883,reward,263,-3.255188494844348,0.365,SF-P3O-v1,Walker2d-v4,3
4896,reward,264,-3.34924440370505,-0.172,SF-P3O-v1,Walker2d-v4,3
4927,reward,265,4.071609760103309,0.19,SF-P3O-v1,Walker2d-v4,3
4937,reward,266,-1.586637514934076,0.302,SF-P3O-v1,Walker2d-v4,3
4951,reward,267,-5.739272243158931,-0.32,SF-P3O-v1,Walker2d-v4,3
4975,reward,268,0.5744739616273271,0.059,SF-P3O-v1,Walker2d-v4,3
4998,reward,269,-4.004796547546661,-0.324,SF-P3O-v1,Walker2d-v4,3
5017,reward,270,2.663439083445123,-1.245,SF-P3O-v1,Walker2d-v4,3
5031,reward,271,1.1842332409502592,-0.693,SF-P3O-v1,Walker2d-v4,3
5042,reward,272,0.11847764864676869,-0.932,SF-P3O-v1,Walker2d-v4,3
5076,reward,273,6.508335043911929,0.044,SF-P3O-v1,Walker2d-v4,3
5094,reward,274,3.8482517912859153,0.764,SF-P3O-v1,Walker2d-v4,3
5114,reward,275,1.2744910727742664,0.484,SF-P3O-v1,Walker2d-v4,3
5136,reward,276,1.4988134116888312,0.793,SF-P3O-v1,Walker2d-v4,3
5157,reward,277,-6.456580303945563,0.721,SF-P3O-v1,Walker2d-v4,3
5173,reward,278,1.4374171355806205,0.807,SF-P3O-v1,Walker2d-v4,3
5185,reward,279,-1.6064581891084715,1.047,SF-P3O-v1,Walker2d-v4,3
5211,reward,280,-6.377038651404919,0.143,SF-P3O-v1,Walker2d-v4,3
5220,reward,281,-1.891508523284543,-0.165,SF-P3O-v1,Walker2d-v4,3
5232,reward,282,-4.562662153939092,-0.633,SF-P3O-v1,Walker2d-v4,3
5259,reward,283,-7.910652031686973,-2.075,SF-P3O-v1,Walker2d-v4,3
5272,reward,284,-5.594709512748257,-3.019,SF-P3O-v1,Walker2d-v4,3
5284,reward,285,-1.994462723318755,-3.346,SF-P3O-v1,Walker2d-v4,3
5295,reward,286,-5.968251624522205,-4.092,SF-P3O-v1,Walker2d-v4,3
5321,reward,287,8.12516011966049,-2.634,SF-P3O-v1,Walker2d-v4,3
5331,reward,288,-3.094054919820806,-3.087,SF-P3O-v1,Walker2d-v4,3
5356,reward,289,3.6037927796601767,-2.566,SF-P3O-v1,Walker2d-v4,3
5368,reward,290,0.23266332105757703,-1.905,SF-P3O-v1,Walker2d-v4,3
5376,reward,291,-0.9217457507876203,-1.808,SF-P3O-v1,Walker2d-v4,3
5399,reward,292,-8.743168996104167,-2.227,SF-P3O-v1,Walker2d-v4,3
5412,reward,293,-1.193331548272935,-1.555,SF-P3O-v1,Walker2d-v4,3
5436,reward,294,0.23762713490283005,-0.972,SF-P3O-v1,Walker2d-v4,3
5452,reward,295,-5.936328117804664,-1.366,SF-P3O-v1,Walker2d-v4,3
5467,reward,296,3.3450712281003767,-0.434,SF-P3O-v1,Walker2d-v4,3
5488,reward,297,-7.890680395716801,-2.036,SF-P3O-v1,Walker2d-v4,3
5512,reward,298,-0.7516632333319204,-1.802,SF-P3O-v1,Walker2d-v4,3
5532,reward,299,6.903703552254431,-1.472,SF-P3O-v1,Walker2d-v4,3
5549,reward,300,4.055140757574652,-1.09,SF-P3O-v1,Walker2d-v4,3
5559,reward,301,-2.434247713494612,-1.241,SF-P3O-v1,Walker2d-v4,3
5575,reward,302,1.2976050120583895,-0.237,SF-P3O-v1,Walker2d-v4,3
5584,reward,303,-3.5157933124051146,-0.469,SF-P3O-v1,Walker2d-v4,3
5600,reward,304,-11.320155146188243,-1.625,SF-P3O-v1,Walker2d-v4,3
5611,reward,305,0.08246090982624477,-1.023,SF-P3O-v1,Walker2d-v4,3
5621,reward,306,-3.171367411486493,-1.674,SF-P3O-v1,Walker2d-v4,3
5638,reward,307,-8.480766513069739,-1.734,SF-P3O-v1,Walker2d-v4,3
5655,reward,308,3.6498755700084202,-1.293,SF-P3O-v1,Walker2d-v4,3
5686,reward,309,0.7116703933774564,-1.913,SF-P3O-v1,Walker2d-v4,3
5698,reward,310,1.234555609456911,-2.195,SF-P3O-v1,Walker2d-v4,3
5714,reward,311,-9.593606805916572,-2.911,SF-P3O-v1,Walker2d-v4,3
5753,reward,312,-1.8413334898843843,-3.224,SF-P3O-v1,Walker2d-v4,3
5768,reward,313,-2.723080128083111,-3.145,SF-P3O-v1,Walker2d-v4,3
5793,reward,314,-0.09315578883358311,-2.022,SF-P3O-v1,Walker2d-v4,3
5803,reward,315,0.34803289893995304,-1.996,SF-P3O-v1,Walker2d-v4,3
5829,reward,316,0.3755511783695944,-1.641,SF-P3O-v1,Walker2d-v4,3
5837,reward,317,-0.8783637337167625,-0.881,SF-P3O-v1,Walker2d-v4,3
5846,reward,318,-1.9201595096632094,-1.438,SF-P3O-v1,Walker2d-v4,3
5868,reward,319,-0.7593799986845702,-1.585,SF-P3O-v1,Walker2d-v4,3
5907,reward,320,11.823805591600436,-0.526,SF-P3O-v1,Walker2d-v4,3
5921,reward,321,-1.4772418529869566,0.285,SF-P3O-v1,Walker2d-v4,3
5937,reward,322,3.761582340338345,0.846,SF-P3O-v1,Walker2d-v4,3
5962,reward,323,-8.06424163748351,0.312,SF-P3O-v1,Walker2d-v4,3
5969,reward,324,-3.098340197586487,0.011,SF-P3O-v1,Walker2d-v4,3
5984,reward,325,-1.010566454702951,-0.125,SF-P3O-v1,Walker2d-v4,3
5991,reward,326,-3.2510457847634457,-0.487,SF-P3O-v1,Walker2d-v4,3
6006,reward,327,-1.146397999404579,-0.514,SF-P3O-v1,Walker2d-v4,3
6036,reward,328,-1.5501585903166604,-0.477,SF-P3O-v1,Walker2d-v4,3
6056,reward,329,-9.20830999016874,-1.322,SF-P3O-v1,Walker2d-v4,3
6068,reward,330,0.13613392395408797,-2.491,SF-P3O-v1,Walker2d-v4,3
6078,reward,331,-1.284868631023755,-2.472,SF-P3O-v1,Walker2d-v4,3
6097,reward,332,1.2469885309880069,-2.723,SF-P3O-v1,Walker2d-v4,3
6123,reward,333,-6.140513029333254,-2.531,SF-P3O-v1,Walker2d-v4,3
6133,reward,334,-1.9447928736523914,-2.415,SF-P3O-v1,Walker2d-v4,3
6146,reward,335,-2.248521275866831,-2.539,SF-P3O-v1,Walker2d-v4,3
6166,reward,336,2.8702698930975012,-1.927,SF-P3O-v1,Walker2d-v4,3
6191,reward,337,10.917583048099686,-0.721,SF-P3O-v1,Walker2d-v4,3
6209,reward,338,-8.603948062325223,-1.426,SF-P3O-v1,Walker2d-v4,3
6234,reward,339,1.8305936638708615,-0.322,SF-P3O-v1,Walker2d-v4,3
6256,reward,340,-5.8128963331724,-0.917,SF-P3O-v1,Walker2d-v4,3
6275,reward,341,-1.2121209482022817,-0.91,SF-P3O-v1,Walker2d-v4,3
6286,reward,342,0.5822770964627767,-0.976,SF-P3O-v1,Walker2d-v4,3
6309,reward,343,-2.3382588242063767,-0.596,SF-P3O-v1,Walker2d-v4,3
6327,reward,344,6.063425578331919,0.205,SF-P3O-v1,Walker2d-v4,3
6337,reward,345,-5.887388929184175,-0.159,SF-P3O-v1,Walker2d-v4,3
6360,reward,346,2.7797727740057274,-0.168,SF-P3O-v1,Walker2d-v4,3
6377,reward,347,-10.58058467517603,-2.318,SF-P3O-v1,Walker2d-v4,3
6400,reward,348,-2.469177721970148,-1.704,SF-P3O-v1,Walker2d-v4,3
6421,reward,349,-2.1654890816779755,-2.104,SF-P3O-v1,Walker2d-v4,3
6445,reward,350,9.77961827160635,-0.545,SF-P3O-v1,Walker2d-v4,3
6469,reward,351,17.891579703005494,1.366,SF-P3O-v1,Walker2d-v4,3
6500,reward,352,-5.661041785799532,0.741,SF-P3O-v1,Walker2d-v4,3
6510,reward,353,-4.579694575353133,0.517,SF-P3O-v1,Walker2d-v4,3
6528,reward,354,-4.559711965588264,-0.545,SF-P3O-v1,Walker2d-v4,3
6551,reward,355,-8.046790266596842,-0.761,SF-P3O-v1,Walker2d-v4,3
6562,reward,356,-1.9727042352693038,-1.236,SF-P3O-v1,Walker2d-v4,3
6588,reward,357,-9.499752524658314,-1.128,SF-P3O-v1,Walker2d-v4,3
6601,reward,358,1.283005802226281,-0.753,SF-P3O-v1,Walker2d-v4,3
6620,reward,359,2.9101823842674683,-0.246,SF-P3O-v1,Walker2d-v4,3
6635,reward,360,-1.7585330168228688,-1.399,SF-P3O-v1,Walker2d-v4,3
6650,reward,361,-1.799898344272735,-3.368,SF-P3O-v1,Walker2d-v4,3
6662,reward,362,-3.304941332421061,-3.133,SF-P3O-v1,Walker2d-v4,3
6694,reward,363,12.570730785811683,-1.418,SF-P3O-v1,Walker2d-v4,3
6713,reward,364,2.2676395671256184,-0.735,SF-P3O-v1,Walker2d-v4,3
6725,reward,365,-0.6229218871901205,0.007,SF-P3O-v1,Walker2d-v4,3
6756,reward,366,10.066699269350957,1.211,SF-P3O-v1,Walker2d-v4,3
6769,reward,367,-1.4694071093619643,2.014,SF-P3O-v1,Walker2d-v4,3
6786,reward,368,-7.913375224574481,1.095,SF-P3O-v1,Walker2d-v4,3
6794,reward,369,-3.9897173457748445,0.405,SF-P3O-v1,Walker2d-v4,3
6802,reward,370,-1.5932353532532264,0.421,SF-P3O-v1,Walker2d-v4,3
6814,reward,371,-0.31999187816587127,0.569,SF-P3O-v1,Walker2d-v4,3
6834,reward,372,12.261575516282615,2.126,SF-P3O-v1,Walker2d-v4,3
6850,reward,373,-2.8880306536269273,0.58,SF-P3O-v1,Walker2d-v4,3
6873,reward,374,0.2368875192643336,0.377,SF-P3O-v1,Walker2d-v4,3
6888,reward,375,4.535347891479101,0.893,SF-P3O-v1,Walker2d-v4,3
6914,reward,376,2.40917203974025,0.127,SF-P3O-v1,Walker2d-v4,3
6928,reward,377,2.3643228631593276,0.51,SF-P3O-v1,Walker2d-v4,3
6944,reward,378,5.244089231573643,1.826,SF-P3O-v1,Walker2d-v4,3
6962,reward,379,1.7366633941488865,2.399,SF-P3O-v1,Walker2d-v4,3
6975,reward,380,1.0429309418978048,2.662,SF-P3O-v1,Walker2d-v4,3
6995,reward,381,-5.402265464320576,2.154,SF-P3O-v1,Walker2d-v4,3
7005,reward,382,-3.0068272854658282,0.627,SF-P3O-v1,Walker2d-v4,3
7024,reward,383,-5.429091682473839,0.373,SF-P3O-v1,Walker2d-v4,3
7056,reward,384,11.88421139647309,1.538,SF-P3O-v1,Walker2d-v4,3
7063,reward,385,-3.1206125204104964,0.772,SF-P3O-v1,Walker2d-v4,3
7084,reward,386,-2.627001658520368,0.269,SF-P3O-v1,Walker2d-v4,3
7095,reward,387,2.023524516514894,0.235,SF-P3O-v1,Walker2d-v4,3
7106,reward,388,-2.410379968521799,-0.531,SF-P3O-v1,Walker2d-v4,3
7147,reward,389,9.292198752185476,0.225,SF-P3O-v1,Walker2d-v4,3
7163,reward,390,-2.575704470412638,-0.137,SF-P3O-v1,Walker2d-v4,3
7203,reward,391,-8.588440293515607,-0.456,SF-P3O-v1,Walker2d-v4,3
7223,reward,392,3.0271262097669815,0.148,SF-P3O-v1,Walker2d-v4,3
7242,reward,393,1.7881565163032977,0.869,SF-P3O-v1,Walker2d-v4,3
7252,reward,394,-0.30889346631649517,-0.35,SF-P3O-v1,Walker2d-v4,3
7276,reward,395,-8.621061814013363,-0.9,SF-P3O-v1,Walker2d-v4,3
7288,reward,396,-1.835487927460806,-0.821,SF-P3O-v1,Walker2d-v4,3
7308,reward,397,1.1611108474776526,-0.907,SF-P3O-v1,Walker2d-v4,3
7321,reward,398,1.6891083680149586,-0.497,SF-P3O-v1,Walker2d-v4,3
7334,reward,399,-1.4779305347415232,-1.574,SF-P3O-v1,Walker2d-v4,3
7349,reward,400,-3.626229574554472,-1.679,SF-P3O-v1,Walker2d-v4,3
7376,reward,401,-2.642382245574612,-1.085,SF-P3O-v1,Walker2d-v4,3
7407,reward,402,8.92888763608671,-0.494,SF-P3O-v1,Walker2d-v4,3
7442,reward,403,12.085394560456049,0.535,SF-P3O-v1,Walker2d-v4,3
7454,reward,404,-1.9301890943468598,0.373,SF-P3O-v1,Walker2d-v4,3
7467,reward,405,1.7418634922637135,1.409,SF-P3O-v1,Walker2d-v4,3
7503,reward,406,8.26329145841854,2.419,SF-P3O-v1,Walker2d-v4,3
7514,reward,407,1.3572883393684703,2.439,SF-P3O-v1,Walker2d-v4,3
7536,reward,408,-4.53530085865137,1.816,SF-P3O-v1,Walker2d-v4,3
7547,reward,409,-2.0452251409427697,1.76,SF-P3O-v1,Walker2d-v4,3
7567,reward,410,-9.016991876952787,1.221,SF-P3O-v1,Walker2d-v4,3
7600,reward,411,19.104501407244054,3.395,SF-P3O-v1,Walker2d-v4,3
7614,reward,412,-0.0995591621196954,2.493,SF-P3O-v1,Walker2d-v4,3
7650,reward,413,-3.4474745408508163,0.939,SF-P3O-v1,Walker2d-v4,3
7672,reward,414,5.100007522845305,1.642,SF-P3O-v1,Walker2d-v4,3
7689,reward,415,8.457183990191902,2.314,SF-P3O-v1,Walker2d-v4,3
7708,reward,416,-10.819454376102483,0.405,SF-P3O-v1,Walker2d-v4,3
7732,reward,417,0.49210473190816617,0.319,SF-P3O-v1,Walker2d-v4,3
7743,reward,418,0.2843876723372535,0.801,SF-P3O-v1,Walker2d-v4,3
7762,reward,419,5.398878841156828,1.545,SF-P3O-v1,Walker2d-v4,3
7786,reward,420,4.762442063548125,2.923,SF-P3O-v1,Walker2d-v4,3
7809,reward,421,-2.244454506454229,0.788,SF-P3O-v1,Walker2d-v4,3
7824,reward,422,-1.0153574135594496,0.697,SF-P3O-v1,Walker2d-v4,3
7835,reward,423,-0.6434658079592159,0.977,SF-P3O-v1,Walker2d-v4,3
7846,reward,424,-5.436206422905347,-0.076,SF-P3O-v1,Walker2d-v4,3
7854,reward,425,-1.2449456292245276,-1.047,SF-P3O-v1,Walker2d-v4,3
7866,reward,426,-0.11732152316347999,0.024,SF-P3O-v1,Walker2d-v4,3
7881,reward,427,-0.17805457707513095,-0.043,SF-P3O-v1,Walker2d-v4,3
7898,reward,428,-5.287724671695934,-0.601,SF-P3O-v1,Walker2d-v4,3
7915,reward,429,-0.05606201489326201,-1.146,SF-P3O-v1,Walker2d-v4,3
7927,reward,430,-0.5403366398810039,-1.676,SF-P3O-v1,Walker2d-v4,3
7942,reward,431,0.5725555741341227,-1.395,SF-P3O-v1,Walker2d-v4,3
7954,reward,432,-2.734230279916031,-1.567,SF-P3O-v1,Walker2d-v4,3
7977,reward,433,-1.2763905048330453,-1.63,SF-P3O-v1,Walker2d-v4,3
7987,reward,434,-5.177360150255724,-1.604,SF-P3O-v1,Walker2d-v4,3
7998,reward,435,-2.6617309101886333,-1.746,SF-P3O-v1,Walker2d-v4,3
8008,reward,436,0.3563456789013546,-1.698,SF-P3O-v1,Walker2d-v4,3
8038,reward,437,-1.2562170778530863,-1.806,SF-P3O-v1,Walker2d-v4,3
8054,reward,438,0.4814982629426341,-1.229,SF-P3O-v1,Walker2d-v4,3
8080,reward,439,5.683220512116403,-0.655,SF-P3O-v1,Walker2d-v4,3
8107,reward,440,8.654827362519113,0.264,SF-P3O-v1,Walker2d-v4,3
8125,reward,441,-6.757110240415589,-0.469,SF-P3O-v1,Walker2d-v4,3
8136,reward,442,-3.1450435026931247,-0.51,SF-P3O-v1,Walker2d-v4,3
8151,reward,443,4.132322821235831,0.031,SF-P3O-v1,Walker2d-v4,3
8165,reward,444,-4.016484827313023,0.147,SF-P3O-v1,Walker2d-v4,3
8179,reward,445,-3.9373927844435053,0.02,SF-P3O-v1,Walker2d-v4,3
8192,loss,-0.005683287978172302,0.6742521524429321,SF-P3O-v1,Walker2d-v4,3
8217,reward,446,0.757590874243045,0.06,SF-P3O-v1,Walker2d-v4,3
8257,reward,447,24.35030590924911,2.62,SF-P3O-v1,Walker2d-v4,3
8270,reward,448,1.4517213507278024,2.717,SF-P3O-v1,Walker2d-v4,3
8305,reward,449,20.98820400339081,4.248,SF-P3O-v1,Walker2d-v4,3
8318,reward,450,0.6681589337233086,3.449,SF-P3O-v1,Walker2d-v4,3
8344,reward,451,7.504586485756242,4.875,SF-P3O-v1,Walker2d-v4,3
8366,reward,452,-2.7679230208634777,4.913,SF-P3O-v1,Walker2d-v4,3
8375,reward,453,-0.5679685974573958,4.443,SF-P3O-v1,Walker2d-v4,3
8410,reward,454,-1.2238385422189344,4.722,SF-P3O-v1,Walker2d-v4,3
8423,reward,455,0.2616548015543585,5.142,SF-P3O-v1,Walker2d-v4,3
8455,reward,456,-2.0871746972142615,4.858,SF-P3O-v1,Walker2d-v4,3
8471,reward,457,0.09713274930378102,2.432,SF-P3O-v1,Walker2d-v4,3
8480,reward,458,-2.5199946511261793,2.035,SF-P3O-v1,Walker2d-v4,3
8495,reward,459,3.9001919979695794,0.326,SF-P3O-v1,Walker2d-v4,3
8531,reward,460,10.172174866440052,1.277,SF-P3O-v1,Walker2d-v4,3
8581,reward,461,14.658523433722937,1.992,SF-P3O-v1,Walker2d-v4,3
8599,reward,462,2.538718669045959,2.523,SF-P3O-v1,Walker2d-v4,3
8619,reward,463,4.948483851624095,3.075,SF-P3O-v1,Walker2d-v4,3
8628,reward,464,-2.5712896185707486,2.94,SF-P3O-v1,Walker2d-v4,3
8641,reward,465,-0.9667559606269728,2.817,SF-P3O-v1,Walker2d-v4,3
8656,reward,466,-2.850574894994025,2.741,SF-P3O-v1,Walker2d-v4,3
8680,reward,467,12.201096568889744,3.951,SF-P3O-v1,Walker2d-v4,3
8706,reward,468,-1.0182101874894605,4.101,SF-P3O-v1,Walker2d-v4,3
8716,reward,469,-1.1200451259724113,3.599,SF-P3O-v1,Walker2d-v4,3
8736,reward,470,6.5677213043886775,3.239,SF-P3O-v1,Walker2d-v4,3
8754,reward,471,-1.2733143420445194,1.646,SF-P3O-v1,Walker2d-v4,3
8785,reward,472,6.166207867992221,2.008,SF-P3O-v1,Walker2d-v4,3
8795,reward,473,-1.5660041996298077,1.357,SF-P3O-v1,Walker2d-v4,3
8806,reward,474,2.304945838370146,1.845,SF-P3O-v1,Walker2d-v4,3
8823,reward,475,0.05840522879755472,1.947,SF-P3O-v1,Walker2d-v4,3
8868,reward,476,0.6639715300441029,2.298,SF-P3O-v1,Walker2d-v4,3
8880,reward,477,-0.3307548633621922,1.045,SF-P3O-v1,Walker2d-v4,3
8894,reward,478,2.439037142059482,1.391,SF-P3O-v1,Walker2d-v4,3
8925,reward,479,0.3563812436042606,1.539,SF-P3O-v1,Walker2d-v4,3
8953,reward,480,13.149213559915175,2.197,SF-P3O-v1,Walker2d-v4,3
8987,reward,481,15.278543437290445,3.852,SF-P3O-v1,Walker2d-v4,3
8994,reward,482,-2.853182807473808,2.95,SF-P3O-v1,Walker2d-v4,3
9006,reward,483,3.126503827778487,3.419,SF-P3O-v1,Walker2d-v4,3
9024,reward,484,6.424502853941618,3.831,SF-P3O-v1,Walker2d-v4,3
9036,reward,485,2.6226628462900674,4.088,SF-P3O-v1,Walker2d-v4,3
9063,reward,486,5.230907002663984,4.544,SF-P3O-v1,Walker2d-v4,3
9077,reward,487,2.2452315819897315,4.802,SF-P3O-v1,Walker2d-v4,3
9087,reward,488,0.7249249212041013,4.631,SF-P3O-v1,Walker2d-v4,3
9106,reward,489,0.5196618566896283,4.647,SF-P3O-v1,Walker2d-v4,3
9126,reward,490,-0.09846342903285166,3.322,SF-P3O-v1,Walker2d-v4,3
9143,reward,491,3.3887315706234435,2.133,SF-P3O-v1,Walker2d-v4,3
9150,reward,492,-3.686330300073717,2.05,SF-P3O-v1,Walker2d-v4,3
9166,reward,493,3.9673426925795434,2.134,SF-P3O-v1,Walker2d-v4,3
9186,reward,494,10.50863616122154,2.542,SF-P3O-v1,Walker2d-v4,3
9210,reward,495,9.97481385678544,3.278,SF-P3O-v1,Walker2d-v4,3
9236,reward,496,3.156767330976259,3.07,SF-P3O-v1,Walker2d-v4,3
9270,reward,497,-1.3340969755163954,2.712,SF-P3O-v1,Walker2d-v4,3
9330,reward,498,15.030514220203742,4.143,SF-P3O-v1,Walker2d-v4,3
9356,reward,499,5.571283562267891,4.648,SF-P3O-v1,Walker2d-v4,3
9370,reward,500,3.969121280483536,5.055,SF-P3O-v1,Walker2d-v4,3
9384,reward,501,0.43809098165347005,4.76,SF-P3O-v1,Walker2d-v4,3
9400,reward,502,4.429987399619657,5.571,SF-P3O-v1,Walker2d-v4,3
9427,reward,503,8.784399163134497,6.053,SF-P3O-v1,Walker2d-v4,3
9439,reward,504,-1.2715843978497527,4.875,SF-P3O-v1,Walker2d-v4,3
9465,reward,505,13.560800128309934,5.234,SF-P3O-v1,Walker2d-v4,3
9478,reward,506,-1.8547322589482527,4.732,SF-P3O-v1,Walker2d-v4,3
9496,reward,507,4.013593609874185,5.267,SF-P3O-v1,Walker2d-v4,3
9516,reward,508,0.48167587718446647,3.812,SF-P3O-v1,Walker2d-v4,3
9543,reward,509,-6.008645174492385,2.654,SF-P3O-v1,Walker2d-v4,3
9552,reward,510,-1.110825808467056,2.146,SF-P3O-v1,Walker2d-v4,3
9568,reward,511,-0.3684950180562421,2.066,SF-P3O-v1,Walker2d-v4,3
9583,reward,512,0.6097719468762441,1.684,SF-P3O-v1,Walker2d-v4,3
9617,reward,513,10.490070136380073,1.854,SF-P3O-v1,Walker2d-v4,3
9640,reward,514,-1.8705482784310217,1.794,SF-P3O-v1,Walker2d-v4,3
9670,reward,515,14.825019950372166,1.921,SF-P3O-v1,Walker2d-v4,3
9691,reward,516,7.876062342066898,2.894,SF-P3O-v1,Walker2d-v4,3
9705,reward,517,-3.497078179548529,2.143,SF-P3O-v1,Walker2d-v4,3
9724,reward,518,-4.030462346714988,1.691,SF-P3O-v1,Walker2d-v4,3
9734,reward,519,-3.7036556182276525,1.922,SF-P3O-v1,Walker2d-v4,3
9744,reward,520,0.6446457094733359,2.098,SF-P3O-v1,Walker2d-v4,3
9762,reward,521,6.061102550874327,2.74,SF-P3O-v1,Walker2d-v4,3
9787,reward,522,13.039291666952922,3.983,SF-P3O-v1,Walker2d-v4,3
9813,reward,523,5.764988618090001,3.511,SF-P3O-v1,Walker2d-v4,3
9844,reward,524,11.161936659144798,4.814,SF-P3O-v1,Walker2d-v4,3
9858,reward,525,-0.6215039467277368,3.27,SF-P3O-v1,Walker2d-v4,3
9875,reward,526,3.5478433441564987,2.837,SF-P3O-v1,Walker2d-v4,3
9891,reward,527,2.1630880114100695,3.403,SF-P3O-v1,Walker2d-v4,3
9914,reward,528,3.2069864698536756,4.126,SF-P3O-v1,Walker2d-v4,3
9937,reward,529,-4.162175098327774,4.081,SF-P3O-v1,Walker2d-v4,3
9968,reward,530,3.8665234038879617,4.403,SF-P3O-v1,Walker2d-v4,3
9977,reward,531,0.9052229139910684,3.887,SF-P3O-v1,Walker2d-v4,3
10000,speed,515.53,0.32,SF-P3O-v1,Walker2d-v4,3
10001,spectral,0.001068,0.969371,0.134,SF-P3O-v1,Walker2d-v4,3
10016,reward,532,10.43807856978133,3.627,SF-P3O-v1,Walker2d-v4,3
10027,reward,533,-1.3846537304818494,2.912,SF-P3O-v1,Walker2d-v4,3
10036,reward,534,-1.3722246357091386,1.659,SF-P3O-v1,Walker2d-v4,3
10073,reward,535,13.760199310675718,3.097,SF-P3O-v1,Walker2d-v4,3
10100,reward,536,-1.914299682402234,2.551,SF-P3O-v1,Walker2d-v4,3
10109,reward,537,-1.655566348093405,2.169,SF-P3O-v1,Walker2d-v4,3
10127,reward,538,3.120031951703476,2.16,SF-P3O-v1,Walker2d-v4,3
10139,reward,539,-3.4364259191332227,2.233,SF-P3O-v1,Walker2d-v4,3
10152,reward,540,2.1933669957210964,2.065,SF-P3O-v1,Walker2d-v4,3
10161,reward,541,-0.3169725591823578,1.943,SF-P3O-v1,Walker2d-v4,3
10171,reward,542,0.4643943773308524,0.946,SF-P3O-v1,Walker2d-v4,3
10193,reward,543,13.379346141868286,2.422,SF-P3O-v1,Walker2d-v4,3
10221,reward,544,13.877395834402504,3.947,SF-P3O-v1,Walker2d-v4,3
10251,reward,545,3.749670421808437,2.946,SF-P3O-v1,Walker2d-v4,3
10270,reward,546,-4.653710896217671,2.672,SF-P3O-v1,Walker2d-v4,3
10293,reward,547,-3.809223863006877,2.457,SF-P3O-v1,Walker2d-v4,3
10315,reward,548,-5.041092863225734,1.641,SF-P3O-v1,Walker2d-v4,3
10327,reward,549,-0.15750647501099668,1.969,SF-P3O-v1,Walker2d-v4,3
10355,reward,550,9.455094883782118,2.695,SF-P3O-v1,Walker2d-v4,3
10385,reward,551,-3.6465863996184087,2.362,SF-P3O-v1,Walker2d-v4,3
10400,reward,552,1.7756147020468618,2.493,SF-P3O-v1,Walker2d-v4,3
10424,reward,553,2.0620005152555976,1.361,SF-P3O-v1,Walker2d-v4,3
10435,reward,554,-0.6805256710704364,-0.095,SF-P3O-v1,Walker2d-v4,3
10459,reward,555,0.35847458431753443,-0.434,SF-P3O-v1,Walker2d-v4,3
10515,reward,556,24.563692084380655,2.488,SF-P3O-v1,Walker2d-v4,3
10527,reward,557,-2.184812699776617,2.65,SF-P3O-v1,Walker2d-v4,3
10544,reward,558,3.734750938846857,3.528,SF-P3O-v1,Walker2d-v4,3
10572,reward,559,3.3430922910553225,3.878,SF-P3O-v1,Walker2d-v4,3
10596,reward,560,9.791793056234432,3.912,SF-P3O-v1,Walker2d-v4,3
10609,reward,561,-1.5767793008619848,4.119,SF-P3O-v1,Walker2d-v4,3
10639,reward,562,13.198586821747217,5.261,SF-P3O-v1,Walker2d-v4,3
10678,reward,563,25.773154943616206,7.632,SF-P3O-v1,Walker2d-v4,3
10691,reward,564,3.9228528298858087,8.092,SF-P3O-v1,Walker2d-v4,3
10731,reward,565,28.7629936187806,10.933,SF-P3O-v1,Walker2d-v4,3
10760,reward,566,-1.8120008338858835,8.295,SF-P3O-v1,Walker2d-v4,3
10789,reward,567,4.2433216024147615,8.938,SF-P3O-v1,Walker2d-v4,3
10814,reward,568,9.977446580228627,9.562,SF-P3O-v1,Walker2d-v4,3
10858,reward,569,22.089361555628244,11.437,SF-P3O-v1,Walker2d-v4,3
10893,reward,570,13.271527090859347,11.785,SF-P3O-v1,Walker2d-v4,3
10909,reward,571,-1.3340869483570106,11.809,SF-P3O-v1,Walker2d-v4,3
10929,reward,572,3.7921997347698944,10.869,SF-P3O-v1,Walker2d-v4,3
10951,reward,573,3.7854156978302456,8.67,SF-P3O-v1,Walker2d-v4,3
10959,reward,574,-0.7442952387916433,8.203,SF-P3O-v1,Walker2d-v4,3
10979,reward,575,-3.0913914376691345,5.018,SF-P3O-v1,Walker2d-v4,3
10990,reward,576,1.48602728712313,5.348,SF-P3O-v1,Walker2d-v4,3
11004,reward,577,3.189954953453807,5.242,SF-P3O-v1,Walker2d-v4,3
11030,reward,578,9.983534892235426,5.243,SF-P3O-v1,Walker2d-v4,3
11044,reward,579,2.156888469564392,3.25,SF-P3O-v1,Walker2d-v4,3
11067,reward,580,-5.877686437223703,1.335,SF-P3O-v1,Walker2d-v4,3
11078,reward,581,1.8763118754139165,1.656,SF-P3O-v1,Walker2d-v4,3
11155,reward,582,-6.360702049914661,0.64,SF-P3O-v1,Walker2d-v4,3
11187,reward,583,7.645031424430721,1.026,SF-P3O-v1,Walker2d-v4,3
11225,reward,584,12.100487750314562,2.311,SF-P3O-v1,Walker2d-v4,3
11249,reward,585,-1.2110269954796902,2.499,SF-P3O-v1,Walker2d-v4,3
11260,reward,586,1.6977403991221056,2.52,SF-P3O-v1,Walker2d-v4,3
11271,reward,587,-0.49231867037722377,2.152,SF-P3O-v1,Walker2d-v4,3
11282,reward,588,0.3296209326279116,1.186,SF-P3O-v1,Walker2d-v4,3
11296,reward,589,-5.98679558130771,0.372,SF-P3O-v1,Walker2d-v4,3
11316,reward,590,8.047525780498036,1.765,SF-P3O-v1,Walker2d-v4,3
11341,reward,591,-5.864893201509163,0.99,SF-P3O-v1,Walker2d-v4,3
11387,reward,592,33.73886768593777,5.0,SF-P3O-v1,Walker2d-v4,3
11433,reward,593,6.9591123859413315,4.932,SF-P3O-v1,Walker2d-v4,3
11450,reward,594,6.3134622963713785,4.353,SF-P3O-v1,Walker2d-v4,3
11474,reward,595,2.1879254943264126,4.693,SF-P3O-v1,Walker2d-v4,3
11484,reward,596,-0.36836340444066595,4.486,SF-P3O-v1,Walker2d-v4,3
11497,reward,597,0.5424912007624844,4.59,SF-P3O-v1,Walker2d-v4,3
11520,reward,598,11.767129429708564,5.734,SF-P3O-v1,Walker2d-v4,3
11534,reward,599,3.8754969541949795,6.72,SF-P3O-v1,Walker2d-v4,3
11543,reward,600,-0.8348364470179535,5.832,SF-P3O-v1,Walker2d-v4,3
11568,reward,601,6.002404763928928,7.018,SF-P3O-v1,Walker2d-v4,3
11604,reward,602,5.8564018972857,4.23,SF-P3O-v1,Walker2d-v4,3
11624,reward,603,-1.2913681990140489,3.405,SF-P3O-v1,Walker2d-v4,3
11666,reward,604,13.55964532589511,4.13,SF-P3O-v1,Walker2d-v4,3
11719,reward,605,34.443836544466976,7.355,SF-P3O-v1,Walker2d-v4,3
11747,reward,606,10.135150535363369,8.406,SF-P3O-v1,Walker2d-v4,3
11792,reward,607,-1.5605899300686348,8.195,SF-P3O-v1,Walker2d-v4,3
11807,reward,608,-4.591067573233723,6.56,SF-P3O-v1,Walker2d-v4,3
11851,reward,609,10.795524224618195,7.252,SF-P3O-v1,Walker2d-v4,3
11872,reward,610,1.6159997068930563,7.497,SF-P3O-v1,Walker2d-v4,3
11882,reward,611,1.3635758922433077,7.033,SF-P3O-v1,Walker2d-v4,3
11911,reward,612,3.5829499561794655,6.805,SF-P3O-v1,Walker2d-v4,3
11927,reward,613,5.513030460237578,7.486,SF-P3O-v1,Walker2d-v4,3
11952,reward,614,4.351327635873712,6.565,SF-P3O-v1,Walker2d-v4,3
11970,reward,615,-1.4557389030967631,2.975,SF-P3O-v1,Walker2d-v4,3
11994,reward,616,-0.2970250498477134,1.932,SF-P3O-v1,Walker2d-v4,3
12008,reward,617,1.9584531420512286,2.284,SF-P3O-v1,Walker2d-v4,3
12018,reward,618,-0.3701318349004723,2.706,SF-P3O-v1,Walker2d-v4,3
12032,reward,619,0.8416777648174405,1.71,SF-P3O-v1,Walker2d-v4,3
12047,reward,620,-4.4350472876847675,1.105,SF-P3O-v1,Walker2d-v4,3
12074,reward,621,4.384715040053752,1.407,SF-P3O-v1,Walker2d-v4,3
12087,reward,622,3.2645610737696327,1.376,SF-P3O-v1,Walker2d-v4,3
12096,reward,623,-1.6018181033259202,0.664,SF-P3O-v1,Walker2d-v4,3
12112,reward,624,4.772099482848376,0.706,SF-P3O-v1,Walker2d-v4,3
12131,reward,625,5.094665879811117,1.361,SF-P3O-v1,Walker2d-v4,3
12146,reward,626,5.2278444073699175,1.914,SF-P3O-v1,Walker2d-v4,3
12160,reward,627,4.780724411645505,2.196,SF-P3O-v1,Walker2d-v4,3
12174,reward,628,2.310125978932529,2.464,SF-P3O-v1,Walker2d-v4,3
12200,reward,629,12.324103149547282,3.612,SF-P3O-v1,Walker2d-v4,3
12213,reward,630,2.0264416841878243,4.258,SF-P3O-v1,Walker2d-v4,3
12278,reward,631,7.127730913964197,4.533,SF-P3O-v1,Walker2d-v4,3
12290,reward,632,2.4326514910022365,4.449,SF-P3O-v1,Walker2d-v4,3
12302,reward,633,-2.356536805897184,4.374,SF-P3O-v1,Walker2d-v4,3
12330,reward,634,1.5705944284966549,4.054,SF-P3O-v1,Walker2d-v4,3
12342,reward,635,-0.38259711907073357,3.506,SF-P3O-v1,Walker2d-v4,3
12354,reward,636,0.4381775321706185,3.027,SF-P3O-v1,Walker2d-v4,3
12388,reward,637,12.065793929916,3.756,SF-P3O-v1,Walker2d-v4,3
12406,reward,638,9.225099856838249,4.447,SF-P3O-v1,Walker2d-v4,3
12423,reward,639,4.014544464437858,3.616,SF-P3O-v1,Walker2d-v4,3
12462,reward,640,12.520471817423239,4.666,SF-P3O-v1,Walker2d-v4,3
12475,reward,641,3.2842184180376393,4.281,SF-P3O-v1,Walker2d-v4,3
12495,reward,642,1.036227043657557,4.142,SF-P3O-v1,Walker2d-v4,3
12525,reward,643,-3.039590944679942,4.073,SF-P3O-v1,Walker2d-v4,3
12539,reward,644,1.8403791938210967,4.1,SF-P3O-v1,Walker2d-v4,3
12576,reward,645,8.623068762029412,5.001,SF-P3O-v1,Walker2d-v4,3
12588,reward,646,-1.0504317803036782,4.852,SF-P3O-v1,Walker2d-v4,3
12605,reward,647,-4.2216745005035765,3.223,SF-P3O-v1,Walker2d-v4,3
12619,reward,648,-0.4693167743999418,2.254,SF-P3O-v1,Walker2d-v4,3
12655,reward,649,20.871645362687246,3.939,SF-P3O-v1,Walker2d-v4,3
12668,reward,650,-0.13156723236781975,2.674,SF-P3O-v1,Walker2d-v4,3
12704,reward,651,6.287587268612282,2.975,SF-P3O-v1,Walker2d-v4,3
12730,reward,652,1.9493156924151909,3.066,SF-P3O-v1,Walker2d-v4,3
12756,reward,653,12.097518524561831,4.58,SF-P3O-v1,Walker2d-v4,3
12781,reward,654,-1.0545083269208742,4.29,SF-P3O-v1,Walker2d-v4,3
12817,reward,655,16.425530417415477,5.07,SF-P3O-v1,Walker2d-v4,3
12831,reward,656,0.17464505778862693,5.193,SF-P3O-v1,Walker2d-v4,3
12845,reward,657,-1.7453024097837015,5.441,SF-P3O-v1,Walker2d-v4,3
12870,reward,658,6.021012482676698,6.09,SF-P3O-v1,Walker2d-v4,3
12886,reward,659,2.353548878835838,4.238,SF-P3O-v1,Walker2d-v4,3
12905,reward,660,4.2344275147345805,4.674,SF-P3O-v1,Walker2d-v4,3
12914,reward,661,-1.701727657627346,3.875,SF-P3O-v1,Walker2d-v4,3
12981,reward,662,39.476034969657746,7.628,SF-P3O-v1,Walker2d-v4,3
13014,reward,663,9.280892873378173,7.346,SF-P3O-v1,Walker2d-v4,3
13023,reward,664,-1.6420007506253111,7.288,SF-P3O-v1,Walker2d-v4,3
13035,reward,665,1.2452414434117047,5.77,SF-P3O-v1,Walker2d-v4,3
13054,reward,666,2.1660934680821198,5.969,SF-P3O-v1,Walker2d-v4,3
13063,reward,667,-0.3059889847884315,6.113,SF-P3O-v1,Walker2d-v4,3
13076,reward,668,0.9596287999817383,5.607,SF-P3O-v1,Walker2d-v4,3
13095,reward,669,-10.023487251815979,4.369,SF-P3O-v1,Walker2d-v4,3
13109,reward,670,1.236403324541799,4.069,SF-P3O-v1,Walker2d-v4,3
13141,reward,671,13.519862072517304,5.591,SF-P3O-v1,Walker2d-v4,3
13155,reward,672,2.65712595364188,1.909,SF-P3O-v1,Walker2d-v4,3
13170,reward,673,-3.0939872535902033,0.672,SF-P3O-v1,Walker2d-v4,3
13193,reward,674,-5.937702689977186,0.242,SF-P3O-v1,Walker2d-v4,3
13206,reward,675,1.0640411739886084,0.224,SF-P3O-v1,Walker2d-v4,3
13219,reward,676,-1.5329719543239682,-0.146,SF-P3O-v1,Walker2d-v4,3
13227,reward,677,-0.7203860619314106,-0.187,SF-P3O-v1,Walker2d-v4,3
13255,reward,678,8.636139705050285,0.581,SF-P3O-v1,Walker2d-v4,3
13294,reward,679,16.634470280566386,3.246,SF-P3O-v1,Walker2d-v4,3
13313,reward,680,-4.937040397113646,2.629,SF-P3O-v1,Walker2d-v4,3
13337,reward,681,6.079290251756978,1.885,SF-P3O-v1,Walker2d-v4,3
13360,reward,682,-2.030781568969857,1.416,SF-P3O-v1,Walker2d-v4,3
13402,reward,683,16.352745588939733,3.361,SF-P3O-v1,Walker2d-v4,3
13415,reward,684,0.3295091621775861,3.988,SF-P3O-v1,Walker2d-v4,3
13441,reward,685,-1.575537353114541,3.724,SF-P3O-v1,Walker2d-v4,3
13467,reward,686,7.248276248023524,4.602,SF-P3O-v1,Walker2d-v4,3
13480,reward,687,2.1852551127833015,4.892,SF-P3O-v1,Walker2d-v4,3
13545,reward,688,35.659257341603286,7.595,SF-P3O-v1,Walker2d-v4,3
13557,reward,689,0.9265539635322035,6.024,SF-P3O-v1,Walker2d-v4,3
13572,reward,690,3.173219033306513,6.835,SF-P3O-v1,Walker2d-v4,3
13583,reward,691,-5.477024798134838,5.679,SF-P3O-v1,Walker2d-v4,3
13604,reward,692,5.54669962932627,6.437,SF-P3O-v1,Walker2d-v4,3
13643,reward,693,11.142667470741445,5.916,SF-P3O-v1,Walker2d-v4,3
13675,reward,694,12.559348297952424,7.139,SF-P3O-v1,Walker2d-v4,3
13730,reward,695,13.936738945427585,8.69,SF-P3O-v1,Walker2d-v4,3
13754,reward,696,9.57475943347632,8.923,SF-P3O-v1,Walker2d-v4,3
13790,reward,697,7.758842214765819,9.48,SF-P3O-v1,Walker2d-v4,3
13811,reward,698,-0.15296221462993742,5.899,SF-P3O-v1,Walker2d-v4,3
13827,reward,699,1.0757084772738268,5.914,SF-P3O-v1,Walker2d-v4,3
13864,reward,700,16.88463538984461,7.285,SF-P3O-v1,Walker2d-v4,3
13882,reward,701,4.4808853101512405,8.281,SF-P3O-v1,Walker2d-v4,3
13899,reward,702,3.89093428353554,8.115,SF-P3O-v1,Walker2d-v4,3
13919,reward,703,6.071713273344327,7.608,SF-P3O-v1,Walker2d-v4,3
13980,reward,704,19.430122549585803,8.295,SF-P3O-v1,Walker2d-v4,3
13992,reward,705,-1.5990294187776204,6.742,SF-P3O-v1,Walker2d-v4,3
14009,reward,706,1.4396864825518925,5.928,SF-P3O-v1,Walker2d-v4,3
14035,reward,707,0.6136831615736706,5.214,SF-P3O-v1,Walker2d-v4,3
14064,reward,708,-1.239582491537853,5.105,SF-P3O-v1,Walker2d-v4,3
14077,reward,709,2.2263201031351736,5.22,SF-P3O-v1,Walker2d-v4,3
14129,reward,710,5.308075964942162,4.062,SF-P3O-v1,Walker2d-v4,3
14137,reward,711,-3.3052033677238697,3.284,SF-P3O-v1,Walker2d-v4,3
14164,reward,712,10.824508904836527,3.977,SF-P3O-v1,Walker2d-v4,3
14187,reward,713,4.564573961926623,3.826,SF-P3O-v1,Walker2d-v4,3
14207,reward,714,-3.4554242369238786,1.538,SF-P3O-v1,Walker2d-v4,3
14241,reward,715,5.068419718516624,2.205,SF-P3O-v1,Walker2d-v4,3
14253,reward,716,2.202085845530458,2.281,SF-P3O-v1,Walker2d-v4,3
14272,reward,717,3.6903503640148743,2.588,SF-P3O-v1,Walker2d-v4,3
14281,reward,718,-0.531459662409971,2.659,SF-P3O-v1,Walker2d-v4,3
14317,reward,719,8.869771354550583,3.324,SF-P3O-v1,Walker2d-v4,3
14332,reward,720,-2.020618254685594,2.591,SF-P3O-v1,Walker2d-v4,3
14363,reward,721,5.369386297139681,3.458,SF-P3O-v1,Walker2d-v4,3
14393,reward,722,-0.08455977456884867,2.367,SF-P3O-v1,Walker2d-v4,3
14410,reward,723,2.1267928968032006,2.123,SF-P3O-v1,Walker2d-v4,3
14422,reward,724,0.4725411048835504,2.516,SF-P3O-v1,Walker2d-v4,3
14445,reward,725,9.798525784121349,2.989,SF-P3O-v1,Walker2d-v4,3
14464,reward,726,1.41627944904805,2.911,SF-P3O-v1,Walker2d-v4,3
14534,reward,727,51.0727181205995,7.649,SF-P3O-v1,Walker2d-v4,3
14553,reward,728,3.9773971954862115,8.1,SF-P3O-v1,Walker2d-v4,3
14565,reward,729,2.825813291178643,7.495,SF-P3O-v1,Walker2d-v4,3
14581,reward,730,6.574506774587696,8.355,SF-P3O-v1,Walker2d-v4,3
14595,reward,731,5.485911906544055,8.367,SF-P3O-v1,Walker2d-v4,3
14610,reward,732,3.9177774834002532,8.767,SF-P3O-v1,Walker2d-v4,3
14646,reward,733,15.185577111405248,10.073,SF-P3O-v1,Walker2d-v4,3
14684,reward,734,0.703081369054207,10.096,SF-P3O-v1,Walker2d-v4,3
14699,reward,735,-1.2440714959003472,8.991,SF-P3O-v1,Walker2d-v4,3
14721,reward,736,5.576301552885452,9.408,SF-P3O-v1,Walker2d-v4,3
14749,reward,737,3.263983874007863,4.627,SF-P3O-v1,Walker2d-v4,3
14776,reward,738,-3.169208424221827,3.912,SF-P3O-v1,Walker2d-v4,3
14840,reward,739,13.19346692289998,4.949,SF-P3O-v1,Walker2d-v4,3
14856,reward,740,1.5884078033958249,4.45,SF-P3O-v1,Walker2d-v4,3
14874,reward,741,7.390758284443196,4.641,SF-P3O-v1,Walker2d-v4,3
14887,reward,742,-1.7962204900804402,4.069,SF-P3O-v1,Walker2d-v4,3
14916,reward,743,-4.821484460979108,2.069,SF-P3O-v1,Walker2d-v4,3
14932,reward,744,-1.4003670517561038,1.858,SF-P3O-v1,Walker2d-v4,3
14944,reward,745,1.1227624134980947,2.095,SF-P3O-v1,Walker2d-v4,3
14976,reward,746,16.83382606883272,3.221,SF-P3O-v1,Walker2d-v4,3
15001,reward,747,11.228336449393936,4.017,SF-P3O-v1,Walker2d-v4,3
15047,reward,748,13.586237829028324,5.693,SF-P3O-v1,Walker2d-v4,3
15063,reward,749,1.2206310286323163,4.495,SF-P3O-v1,Walker2d-v4,3
15085,reward,750,-5.67585788221051,3.769,SF-P3O-v1,Walker2d-v4,3
15102,reward,751,6.182186373886814,3.648,SF-P3O-v1,Walker2d-v4,3
15133,reward,752,2.8508853384859596,4.113,SF-P3O-v1,Walker2d-v4,3
15190,reward,753,24.940377917518354,7.089,SF-P3O-v1,Walker2d-v4,3
15225,reward,754,22.863553022810212,9.515,SF-P3O-v1,Walker2d-v4,3
15262,reward,755,1.9457228713277064,9.598,SF-P3O-v1,Walker2d-v4,3
15272,reward,756,-1.9032748474671626,7.724,SF-P3O-v1,Walker2d-v4,3
15315,reward,757,14.380291020001632,8.039,SF-P3O-v1,Walker2d-v4,3
15328,reward,758,1.5836866547391848,6.839,SF-P3O-v1,Walker2d-v4,3
15357,reward,759,0.3630882668523999,6.753,SF-P3O-v1,Walker2d-v4,3
15393,reward,760,12.271244933267074,8.548,SF-P3O-v1,Walker2d-v4,3
15406,reward,761,-4.190479846131703,7.511,SF-P3O-v1,Walker2d-v4,3
15419,reward,762,0.7732662212394839,7.303,SF-P3O-v1,Walker2d-v4,3
15430,reward,763,-5.1435611778722965,4.294,SF-P3O-v1,Walker2d-v4,3
15457,reward,764,14.674675464368985,3.475,SF-P3O-v1,Walker2d-v4,3
15492,reward,765,9.198344934922723,4.201,SF-P3O-v1,Walker2d-v4,3
15513,reward,766,13.930320217483885,5.784,SF-P3O-v1,Walker2d-v4,3
15526,reward,767,1.6042756931121789,4.506,SF-P3O-v1,Walker2d-v4,3
15538,reward,768,-1.9094136130513848,4.157,SF-P3O-v1,Walker2d-v4,3
15565,reward,769,-2.112953217188486,3.91,SF-P3O-v1,Walker2d-v4,3
15588,reward,770,12.277233345135482,3.91,SF-P3O-v1,Walker2d-v4,3
15597,reward,771,-0.2420757456280911,4.305,SF-P3O-v1,Walker2d-v4,3
15624,reward,772,2.755848201560343,4.503,SF-P3O-v1,Walker2d-v4,3
15674,reward,773,7.284985808560932,5.746,SF-P3O-v1,Walker2d-v4,3
15696,reward,774,-3.236991149798911,3.955,SF-P3O-v1,Walker2d-v4,3
15718,reward,775,0.22206303655335424,3.057,SF-P3O-v1,Walker2d-v4,3
15731,reward,776,-3.220889229259776,1.342,SF-P3O-v1,Walker2d-v4,3
15747,reward,777,4.705024205716505,1.652,SF-P3O-v1,Walker2d-v4,3
15767,reward,778,8.611140620559578,2.704,SF-P3O-v1,Walker2d-v4,3
15775,reward,779,-1.6588832846836727,2.75,SF-P3O-v1,Walker2d-v4,3
15808,reward,780,8.585313049217808,2.381,SF-P3O-v1,Walker2d-v4,3
15826,reward,781,3.578600853631744,2.763,SF-P3O-v1,Walker2d-v4,3
15845,reward,782,-8.231447013377228,1.664,SF-P3O-v1,Walker2d-v4,3
15855,reward,783,0.7633350779214956,1.012,SF-P3O-v1,Walker2d-v4,3
15885,reward,784,-5.209047705588529,0.815,SF-P3O-v1,Walker2d-v4,3
15922,reward,785,3.8859298918210397,1.181,SF-P3O-v1,Walker2d-v4,3
15934,reward,786,-5.8563242991346804,0.917,SF-P3O-v1,Walker2d-v4,3
15956,reward,787,6.103489557748535,1.057,SF-P3O-v1,Walker2d-v4,3
15965,reward,788,0.6689675363868914,0.263,SF-P3O-v1,Walker2d-v4,3
15978,reward,789,3.52816002767801,0.782,SF-P3O-v1,Walker2d-v4,3
16012,reward,790,16.610822534195457,1.584,SF-P3O-v1,Walker2d-v4,3
16048,reward,791,10.877084668685407,2.314,SF-P3O-v1,Walker2d-v4,3
16082,reward,792,20.997581394048126,5.237,SF-P3O-v1,Walker2d-v4,3
16092,reward,793,-0.6834973203664275,5.092,SF-P3O-v1,Walker2d-v4,3
16111,reward,794,-5.673045980625936,5.046,SF-P3O-v1,Walker2d-v4,3
16160,reward,795,26.991100920913027,7.356,SF-P3O-v1,Walker2d-v4,3
16188,reward,796,16.05650319572574,9.548,SF-P3O-v1,Walker2d-v4,3
16229,reward,797,18.92031796845137,10.829,SF-P3O-v1,Walker2d-v4,3
16245,reward,798,-4.466978520128816,10.316,SF-P3O-v1,Walker2d-v4,3
16270,reward,799,-3.432850809441124,9.62,SF-P3O-v1,Walker2d-v4,3
16291,reward,800,5.617127950060276,8.52,SF-P3O-v1,Walker2d-v4,3
16321,reward,801,0.09635020440079423,7.442,SF-P3O-v1,Walker2d-v4,3
16346,reward,802,6.6176548912197095,6.004,SF-P3O-v1,Walker2d-v4,3
16370,reward,803,10.326514312901063,7.105,SF-P3O-v1,Walker2d-v4,3
16380,reward,804,1.063374106001607,7.779,SF-P3O-v1,Walker2d-v4,3
16384,loss,-0.046103719621896744,0.6451772451400757,SF-P3O-v1,Walker2d-v4,3
16384,diagnostics,0.0,53.05,3.426,0.003908,0.969231,0.1458,0.13149,SF-P3O-v1,Walker2d-v4,3
16405,reward,805,2.2368693859419246,5.303,SF-P3O-v1,Walker2d-v4,3
16443,reward,806,23.17286120786198,6.015,SF-P3O-v1,Walker2d-v4,3
16458,reward,807,2.262627559781576,4.349,SF-P3O-v1,Walker2d-v4,3
16474,reward,808,4.430273313840736,5.239,SF-P3O-v1,Walker2d-v4,3
16483,reward,809,-2.5837240146152904,5.324,SF-P3O-v1,Walker2d-v4,3
16497,reward,810,4.857928145245882,5.248,SF-P3O-v1,Walker2d-v4,3
16546,reward,811,19.239650941998068,7.162,SF-P3O-v1,Walker2d-v4,3
16557,reward,812,-2.2907542268895096,6.272,SF-P3O-v1,Walker2d-v4,3
16582,reward,813,5.050061845146679,5.744,SF-P3O-v1,Walker2d-v4,3
16604,reward,814,7.64904156062318,6.402,SF-P3O-v1,Walker2d-v4,3
16645,reward,815,3.8319610935437334,6.562,SF-P3O-v1,Walker2d-v4,3
16694,reward,816,-10.038191292331012,3.241,SF-P3O-v1,Walker2d-v4,3
16718,reward,817,7.468173041579409,3.761,SF-P3O-v1,Walker2d-v4,3
16764,reward,818,17.960004457286917,5.114,SF-P3O-v1,Walker2d-v4,3
16784,reward,819,9.007141487680048,6.274,SF-P3O-v1,Walker2d-v4,3
16794,reward,820,0.4547969007122976,5.833,SF-P3O-v1,Walker2d-v4,3
16858,reward,821,51.99155440345159,9.108,SF-P3O-v1,Walker2d-v4,3
16868,reward,822,0.5147830065918699,9.389,SF-P3O-v1,Walker2d-v4,3
16916,reward,823,20.78197437132364,10.962,SF-P3O-v1,Walker2d-v4,3
16949,reward,824,19.00113845317077,12.097,SF-P3O-v1,Walker2d-v4,3
16964,reward,825,1.5232717555331798,11.866,SF-P3O-v1,Walker2d-v4,3
17020,reward,826,-2.1548218205704313,12.655,SF-P3O-v1,Walker2d-v4,3
17044,reward,827,-1.734523845574653,11.735,SF-P3O-v1,Walker2d-v4,3
17054,reward,828,0.789722962741242,10.018,SF-P3O-v1,Walker2d-v4,3
17083,reward,829,-1.6568062377249337,8.951,SF-P3O-v1,Walker2d-v4,3
17111,reward,830,2.319720176544206,9.138,SF-P3O-v1,Walker2d-v4,3
17123,reward,831,2.7494251525958298,4.213,SF-P3O-v1,Walker2d-v4,3
17171,reward,832,14.378291267716234,5.6,SF-P3O-v1,Walker2d-v4,3
17184,reward,833,-1.5154569193925118,3.37,SF-P3O-v1,Walker2d-v4,3
17195,reward,834,-0.984830225059014,1.371,SF-P3O-v1,Walker2d-v4,3
17214,reward,835,-6.421519399498795,0.577,SF-P3O-v1,Walker2d-v4,3
17245,reward,836,7.354035715469365,1.528,SF-P3O-v1,Walker2d-v4,3
17287,reward,837,26.778361898307015,4.379,SF-P3O-v1,Walker2d-v4,3
17329,reward,838,9.74935210173386,5.275,SF-P3O-v1,Walker2d-v4,3
17352,reward,839,7.793307108890868,6.22,SF-P3O-v1,Walker2d-v4,3
17399,reward,840,6.116531168786612,6.6,SF-P3O-v1,Walker2d-v4,3
17426,reward,841,13.810021537867685,7.706,SF-P3O-v1,Walker2d-v4,3
17455,reward,842,2.2939480994387247,6.497,SF-P3O-v1,Walker2d-v4,3
17491,reward,843,15.516779601487828,8.201,SF-P3O-v1,Walker2d-v4,3
17537,reward,844,14.550525023422285,9.754,SF-P3O-v1,Walker2d-v4,3
17569,reward,845,5.670282530489085,10.963,SF-P3O-v1,Walker2d-v4,3
17600,reward,846,19.41527076678872,12.169,SF-P3O-v1,Walker2d-v4,3
17634,reward,847,17.61601772610527,11.253,SF-P3O-v1,Walker2d-v4,3
17682,reward,848,27.053830948412617,12.984,SF-P3O-v1,Walker2d-v4,3
17701,reward,849,4.902678821369664,12.695,SF-P3O-v1,Walker2d-v4,3
17719,reward,850,-3.5283817793296683,11.73,SF-P3O-v1,Walker2d-v4,3
17748,reward,851,11.852828121284201,11.534,SF-P3O-v1,Walker2d-v4,3
17811,reward,852,31.478933734549383,14.453,SF-P3O-v1,Walker2d-v4,3
17835,reward,853,-1.1032240521383097,12.791,SF-P3O-v1,Walker2d-v4,3
17877,reward,854,20.62760900090618,13.399,SF-P3O-v1,Walker2d-v4,3
17890,reward,855,3.377487965938879,13.169,SF-P3O-v1,Walker2d-v4,3
17902,reward,856,0.9206313015663291,11.32,SF-P3O-v1,Walker2d-v4,3
17918,reward,857,6.277957322116277,10.186,SF-P3O-v1,Walker2d-v4,3
17948,reward,858,1.5372617413144707,7.634,SF-P3O-v1,Walker2d-v4,3
17962,reward,859,2.5783821311621153,7.402,SF-P3O-v1,Walker2d-v4,3
17995,reward,860,24.064734788352272,10.161,SF-P3O-v1,Walker2d-v4,3
18010,reward,861,5.044459087087776,9.48,SF-P3O-v1,Walker2d-v4,3
18035,reward,862,17.699110033575447,8.102,SF-P3O-v1,Walker2d-v4,3
18071,reward,863,14.036424620105299,9.616,SF-P3O-v1,Walker2d-v4,3
18101,reward,864,14.056803733671114,8.959,SF-P3O-v1,Walker2d-v4,3
18123,reward,865,0.9827033084177841,8.72,SF-P3O-v1,Walker2d-v4,3
18194,reward,866,8.586346360802064,9.486,SF-P3O-v1,Walker2d-v4,3
18204,reward,867,-0.06730290029649633,8.852,SF-P3O-v1,Walker2d-v4,3
18274,reward,868,48.77830280020761,13.576,SF-P3O-v1,Walker2d-v4,3
18344,reward,869,13.620775703377301,14.68,SF-P3O-v1,Walker2d-v4,3
18375,reward,870,11.094711497543742,13.383,SF-P3O-v1,Walker2d-v4,3
18422,reward,871,19.00977718818499,14.78,SF-P3O-v1,Walker2d-v4,3
18437,reward,872,3.199820977221287,13.33,SF-P3O-v1,Walker2d-v4,3
18448,reward,873,-1.8975172193016863,11.736,SF-P3O-v1,Walker2d-v4,3
18494,reward,874,22.602024100376006,12.591,SF-P3O-v1,Walker2d-v4,3
18529,reward,875,6.315251061955054,13.124,SF-P3O-v1,Walker2d-v4,3
18542,reward,876,0.6282222420452448,12.328,SF-P3O-v1,Walker2d-v4,3
18560,reward,877,1.0309983132385323,12.438,SF-P3O-v1,Walker2d-v4,3
18574,reward,878,-2.3810626117315246,7.322,SF-P3O-v1,Walker2d-v4,3
18584,reward,879,-0.09898108183931742,5.95,SF-P3O-v1,Walker2d-v4,3
18601,reward,880,4.71787894406728,5.313,SF-P3O-v1,Walker2d-v4,3
18633,reward,881,14.23880756651053,4.836,SF-P3O-v1,Walker2d-v4,3
18648,reward,882,3.920246618644347,4.908,SF-P3O-v1,Walker2d-v4,3
18670,reward,883,6.696491281961371,5.767,SF-P3O-v1,Walker2d-v4,3
18683,reward,884,1.737890724475662,3.681,SF-P3O-v1,Walker2d-v4,3
18767,reward,885,18.396127296762135,4.889,SF-P3O-v1,Walker2d-v4,3
18832,reward,886,25.66175336638339,7.392,SF-P3O-v1,Walker2d-v4,3
18843,reward,887,0.8991302643568624,7.379,SF-P3O-v1,Walker2d-v4,3
18867,reward,888,12.822977171789228,8.899,SF-P3O-v1,Walker2d-v4,3
18892,reward,889,7.14256339695914,9.623,SF-P3O-v1,Walker2d-v4,3
18917,reward,890,4.558895115768209,9.607,SF-P3O-v1,Walker2d-v4,3
18934,reward,891,0.9894227262749394,8.283,SF-P3O-v1,Walker2d-v4,3
18943,reward,892,-2.640691136855554,7.626,SF-P3O-v1,Walker2d-v4,3
18971,reward,893,18.03160121253598,8.76,SF-P3O-v1,Walker2d-v4,3
19033,reward,894,-4.76677009060184,8.11,SF-P3O-v1,Walker2d-v4,3
19045,reward,895,2.5771064368739713,6.528,SF-P3O-v1,Walker2d-v4,3
19098,reward,896,6.090371349851944,4.57,SF-P3O-v1,Walker2d-v4,3
19115,reward,897,8.847915834917067,5.365,SF-P3O-v1,Walker2d-v4,3
19152,reward,898,14.058838032026882,5.489,SF-P3O-v1,Walker2d-v4,3
19159,reward,899,-3.0234379396815703,4.472,SF-P3O-v1,Walker2d-v4,3
19188,reward,900,8.885783444124273,4.905,SF-P3O-v1,Walker2d-v4,3
19198,reward,901,-1.8472516925384244,4.621,SF-P3O-v1,Walker2d-v4,3
19220,reward,902,-0.49763812981231204,4.836,SF-P3O-v1,Walker2d-v4,3
19236,reward,903,4.02799203563316,3.435,SF-P3O-v1,Walker2d-v4,3
19249,reward,904,3.252375560392941,4.237,SF-P3O-v1,Walker2d-v4,3
19270,reward,905,-2.0625948607846274,3.773,SF-P3O-v1,Walker2d-v4,3
19289,reward,906,0.6443047633569137,3.229,SF-P3O-v1,Walker2d-v4,3
19335,reward,907,19.624730479703214,4.306,SF-P3O-v1,Walker2d-v4,3
19358,reward,908,-1.5374969125089628,2.747,SF-P3O-v1,Walker2d-v4,3
19383,reward,909,-0.9229556411753581,2.957,SF-P3O-v1,Walker2d-v4,3
19399,reward,910,-7.7620978107936835,1.292,SF-P3O-v1,Walker2d-v4,3
19423,reward,911,6.068218427714914,2.083,SF-P3O-v1,Walker2d-v4,3
19439,reward,912,7.272019016152814,2.86,SF-P3O-v1,Walker2d-v4,3
19481,reward,913,20.561138403400985,4.514,SF-P3O-v1,Walker2d-v4,3
19506,reward,914,8.031645357155423,4.992,SF-P3O-v1,Walker2d-v4,3
19567,reward,915,50.563450894762724,10.254,SF-P3O-v1,Walker2d-v4,3
19608,reward,916,14.695478330765553,11.659,SF-P3O-v1,Walker2d-v4,3
19679,reward,917,13.698181529247053,11.067,SF-P3O-v1,Walker2d-v4,3
19702,reward,918,0.9316343983770139,11.314,SF-P3O-v1,Walker2d-v4,3
19739,reward,919,10.568509291984366,12.463,SF-P3O-v1,Walker2d-v4,3
19812,reward,920,31.34444151240773,16.373,SF-P3O-v1,Walker2d-v4,3
19838,reward,921,15.935087274155329,17.36,SF-P3O-v1,Walker2d-v4,3
19874,reward,922,19.029822993223,18.536,SF-P3O-v1,Walker2d-v4,3
19899,reward,923,9.289944598224327,17.409,SF-P3O-v1,Walker2d-v4,3
19908,reward,924,-1.5594712615970432,16.45,SF-P3O-v1,Walker2d-v4,3
19950,reward,925,3.0352982076124975,11.697,SF-P3O-v1,Walker2d-v4,3
19967,reward,926,4.767107749521809,10.704,SF-P3O-v1,Walker2d-v4,3
20000,speed,546.33,0.63,SF-P3O-v1,Walker2d-v4,3
20001,spectral,0.003908,0.969231,0.1458,SF-P3O-v1,Walker2d-v4,3
20006,reward,927,12.193011036911306,10.554,SF-P3O-v1,Walker2d-v4,3
20030,reward,928,14.469497427583779,11.907,SF-P3O-v1,Walker2d-v4,3
20039,reward,929,-1.1733306493305165,10.733,SF-P3O-v1,Walker2d-v4,3
20074,reward,930,21.42054974743255,9.741,SF-P3O-v1,Walker2d-v4,3
20108,reward,931,17.472738964138856,9.895,SF-P3O-v1,Walker2d-v4,3
20158,reward,932,15.149936889587725,9.507,SF-P3O-v1,Walker2d-v4,3
20204,reward,933,-4.9519448905321335,8.082,SF-P3O-v1,Walker2d-v4,3
20238,reward,934,18.666130060417554,10.105,SF-P3O-v1,Walker2d-v4,3
20271,reward,935,13.750344429680796,11.176,SF-P3O-v1,Walker2d-v4,3
20283,reward,936,-0.8637781623954657,10.613,SF-P3O-v1,Walker2d-v4,3
20317,reward,937,14.614977821176954,10.856,SF-P3O-v1,Walker2d-v4,3
20351,reward,938,6.548646827579579,10.063,SF-P3O-v1,Walker2d-v4,3
20373,reward,939,8.113370812041174,10.992,SF-P3O-v1,Walker2d-v4,3
20400,reward,940,0.9208450355414158,8.942,SF-P3O-v1,Walker2d-v4,3
20463,reward,941,42.27756778167423,11.423,SF-P3O-v1,Walker2d-v4,3
20476,reward,942,4.026623508108786,10.31,SF-P3O-v1,Walker2d-v4,3
20491,reward,943,-1.1264396137195254,10.693,SF-P3O-v1,Walker2d-v4,3
20541,reward,944,6.955032994354278,9.522,SF-P3O-v1,Walker2d-v4,3
20609,reward,945,19.482532329811406,10.095,SF-P3O-v1,Walker2d-v4,3
20668,reward,946,25.492685543447926,12.731,SF-P3O-v1,Walker2d-v4,3
20700,reward,947,12.456867135739582,12.515,SF-P3O-v1,Walker2d-v4,3
20738,reward,948,2.3702892595416274,12.097,SF-P3O-v1,Walker2d-v4,3
20807,reward,949,60.91988612752607,17.378,SF-P3O-v1,Walker2d-v4,3
20836,reward,950,13.800796130739394,18.666,SF-P3O-v1,Walker2d-v4,3
20902,reward,951,-12.75548458451458,13.162,SF-P3O-v1,Walker2d-v4,3
20930,reward,952,9.487565752229177,13.708,SF-P3O-v1,Walker2d-v4,3
20943,reward,953,3.1111088830856337,14.132,SF-P3O-v1,Walker2d-v4,3
20985,reward,954,6.339480113397702,14.071,SF-P3O-v1,Walker2d-v4,3
21003,reward,955,2.139969199068454,12.336,SF-P3O-v1,Walker2d-v4,3
21058,reward,956,2.158553642083196,10.003,SF-P3O-v1,Walker2d-v4,3
21090,reward,957,14.37653185191333,10.195,SF-P3O-v1,Walker2d-v4,3
21114,reward,958,11.317992033328645,11.09,SF-P3O-v1,Walker2d-v4,3
21132,reward,959,5.997311666021943,5.597,SF-P3O-v1,Walker2d-v4,3
21176,reward,960,16.151676212255833,5.832,SF-P3O-v1,Walker2d-v4,3
21191,reward,961,4.8918466802182765,7.597,SF-P3O-v1,Walker2d-v4,3
21220,reward,962,-4.74857541227488,6.174,SF-P3O-v1,Walker2d-v4,3
21229,reward,963,-3.5497069258055305,5.508,SF-P3O-v1,Walker2d-v4,3
21240,reward,964,0.6267008731605359,4.936,SF-P3O-v1,Walker2d-v4,3
21255,reward,965,0.9296345487416899,4.815,SF-P3O-v1,Walker2d-v4,3
21283,reward,966,12.303250699034876,5.83,SF-P3O-v1,Walker2d-v4,3
21299,reward,967,3.8170233330466976,4.774,SF-P3O-v1,Walker2d-v4,3
21308,reward,968,-5.690379398548446,3.073,SF-P3O-v1,Walker2d-v4,3
21324,reward,969,0.5522508083227606,2.528,SF-P3O-v1,Walker2d-v4,3
21370,reward,970,8.008915632550982,1.714,SF-P3O-v1,Walker2d-v4,3
21399,reward,971,19.565083582630713,3.181,SF-P3O-v1,Walker2d-v4,3
21436,reward,972,-0.07164044479561182,3.649,SF-P3O-v1,Walker2d-v4,3
21444,reward,973,-1.7173307723104112,3.832,SF-P3O-v1,Walker2d-v4,3
21471,reward,974,6.134953631261827,4.383,SF-P3O-v1,Walker2d-v4,3
21487,reward,975,3.5495991507226945,4.645,SF-P3O-v1,Walker2d-v4,3
21499,reward,976,2.5280271185822616,3.668,SF-P3O-v1,Walker2d-v4,3
21556,reward,977,30.919352666742803,6.378,SF-P3O-v1,Walker2d-v4,3
21592,reward,978,23.386941385007297,9.286,SF-P3O-v1,Walker2d-v4,3
21610,reward,979,-1.8826959417999667,9.042,SF-P3O-v1,Walker2d-v4,3
21664,reward,980,17.699231177569754,10.011,SF-P3O-v1,Walker2d-v4,3
21701,reward,981,19.259345686038817,9.981,SF-P3O-v1,Walker2d-v4,3
21733,reward,982,19.84581615739857,11.972,SF-P3O-v1,Walker2d-v4,3
21747,reward,983,1.5256156583093474,12.297,SF-P3O-v1,Walker2d-v4,3
21806,reward,984,23.96379590160674,14.08,SF-P3O-v1,Walker2d-v4,3
21818,reward,985,2.7001044872925237,13.995,SF-P3O-v1,Walker2d-v4,3
21828,reward,986,0.12234101684670762,13.754,SF-P3O-v1,Walker2d-v4,3
21891,reward,987,47.227482931890954,15.385,SF-P3O-v1,Walker2d-v4,3
21915,reward,988,10.740605792753074,14.12,SF-P3O-v1,Walker2d-v4,3
21978,reward,989,11.247215048568476,15.433,SF-P3O-v1,Walker2d-v4,3
22002,reward,990,8.551983525954219,14.518,SF-P3O-v1,Walker2d-v4,3
22010,reward,991,-2.7604391776084913,12.316,SF-P3O-v1,Walker2d-v4,3
22032,reward,992,-2.5379552128023404,10.078,SF-P3O-v1,Walker2d-v4,3
22063,reward,993,10.406684421609826,10.966,SF-P3O-v1,Walker2d-v4,3
22126,reward,994,17.461175241950198,10.316,SF-P3O-v1,Walker2d-v4,3
22205,reward,995,43.78128407185965,14.424,SF-P3O-v1,Walker2d-v4,3
22250,reward,996,20.881985215102,16.5,SF-P3O-v1,Walker2d-v4,3
22276,reward,997,4.82937874445715,12.26,SF-P3O-v1,Walker2d-v4,3
22299,reward,998,2.844227596747843,11.471,SF-P3O-v1,Walker2d-v4,3
22315,reward,999,5.0288436197230135,10.849,SF-P3O-v1,Walker2d-v4,3
22327,reward,1000,0.3957465061363953,10.033,SF-P3O-v1,Walker2d-v4,3
22355,reward,1001,8.989342575088266,11.208,SF-P3O-v1,Walker2d-v4,3
22369,reward,1002,4.279795541589215,11.89,SF-P3O-v1,Walker2d-v4,3
22396,reward,1003,9.083986336045474,11.758,SF-P3O-v1,Walker2d-v4,3
22421,reward,1004,12.039692177010426,11.215,SF-P3O-v1,Walker2d-v4,3
22433,reward,1005,1.7765586507735476,7.015,SF-P3O-v1,Walker2d-v4,3
22450,reward,1006,0.2880004149152423,4.956,SF-P3O-v1,Walker2d-v4,3
22461,reward,1007,1.0832927115006132,4.581,SF-P3O-v1,Walker2d-v4,3
22515,reward,1008,25.430098898524168,6.84,SF-P3O-v1,Walker2d-v4,3
22530,reward,1009,3.517699277136577,6.688,SF-P3O-v1,Walker2d-v4,3
22543,reward,1010,3.303731586928503,6.979,SF-P3O-v1,Walker2d-v4,3
22582,reward,1011,15.441798240985063,7.624,SF-P3O-v1,Walker2d-v4,3
22598,reward,1012,5.674280319119651,7.764,SF-P3O-v1,Walker2d-v4,3
22620,reward,1013,11.894557844754871,8.045,SF-P3O-v1,Walker2d-v4,3
22699,reward,1014,14.258243580024264,8.267,SF-P3O-v1,Walker2d-v4,3
22741,reward,1015,36.374153990811614,11.727,SF-P3O-v1,Walker2d-v4,3
22759,reward,1016,5.217507813220347,12.22,SF-P3O-v1,Walker2d-v4,3
22794,reward,1017,19.225135988800236,14.034,SF-P3O-v1,Walker2d-v4,3
22807,reward,1018,1.2132183547694755,11.612,SF-P3O-v1,Walker2d-v4,3
22826,reward,1019,6.080311160635426,11.868,SF-P3O-v1,Walker2d-v4,3
22857,reward,1020,14.678336974324877,13.006,SF-P3O-v1,Walker2d-v4,3
22870,reward,1021,4.065916520639169,11.868,SF-P3O-v1,Walker2d-v4,3
22884,reward,1022,3.796923169193528,11.68,SF-P3O-v1,Walker2d-v4,3
22937,reward,1023,13.290277446788192,11.82,SF-P3O-v1,Walker2d-v4,3
22975,reward,1024,15.355796143957232,11.93,SF-P3O-v1,Walker2d-v4,3
23011,reward,1025,12.293838485610875,9.522,SF-P3O-v1,Walker2d-v4,3
23035,reward,1026,5.779262427541727,9.578,SF-P3O-v1,Walker2d-v4,3
23065,reward,1027,7.05058064298541,8.36,SF-P3O-v1,Walker2d-v4,3
23109,reward,1028,14.80273233764991,9.719,SF-P3O-v1,Walker2d-v4,3
23125,reward,1029,-0.4804663400698772,9.063,SF-P3O-v1,Walker2d-v4,3
23156,reward,1030,-2.4848630928771085,7.347,SF-P3O-v1,Walker2d-v4,3
23201,reward,1031,19.077806133538612,8.848,SF-P3O-v1,Walker2d-v4,3
23216,reward,1032,1.6840595289939133,8.637,SF-P3O-v1,Walker2d-v4,3
23255,reward,1033,3.8832349279908422,7.696,SF-P3O-v1,Walker2d-v4,3
23268,reward,1034,3.5512581459783057,6.516,SF-P3O-v1,Walker2d-v4,3
23279,reward,1035,2.2307473730297502,5.509,SF-P3O-v1,Walker2d-v4,3
23314,reward,1036,26.015781988063285,7.533,SF-P3O-v1,Walker2d-v4,3
23358,reward,1037,10.823671666627295,7.91,SF-P3O-v1,Walker2d-v4,3
23397,reward,1038,-1.0807662023801603,6.322,SF-P3O-v1,Walker2d-v4,3
23407,reward,1039,-1.1307624603211983,6.257,SF-P3O-v1,Walker2d-v4,3
23419,reward,1040,0.7513687103624463,6.581,SF-P3O-v1,Walker2d-v4,3
23431,reward,1041,-0.2342573512696856,4.649,SF-P3O-v1,Walker2d-v4,3
23461,reward,1042,11.572708623461285,5.638,SF-P3O-v1,Walker2d-v4,3
23489,reward,1043,5.540926648939272,5.804,SF-P3O-v1,Walker2d-v4,3
23510,reward,1044,1.6416568741777144,5.613,SF-P3O-v1,Walker2d-v4,3
23527,reward,1045,1.1576070793517346,5.506,SF-P3O-v1,Walker2d-v4,3
23575,reward,1046,0.352445900884336,2.939,SF-P3O-v1,Walker2d-v4,3
23593,reward,1047,-2.5611299263866276,1.601,SF-P3O-v1,Walker2d-v4,3
23605,reward,1048,3.319805471895591,2.041,SF-P3O-v1,Walker2d-v4,3
23646,reward,1049,16.498509340135225,3.804,SF-P3O-v1,Walker2d-v4,3
23682,reward,1050,8.226271474304328,4.551,SF-P3O-v1,Walker2d-v4,3
23743,reward,1051,24.745902755046856,7.049,SF-P3O-v1,Walker2d-v4,3
23759,reward,1052,6.813176952079724,6.574,SF-P3O-v1,Walker2d-v4,3
23771,reward,1053,2.169792734172437,6.236,SF-P3O-v1,Walker2d-v4,3
23798,reward,1054,16.782155172344563,7.75,SF-P3O-v1,Walker2d-v4,3
23842,reward,1055,26.82700527187348,10.317,SF-P3O-v1,Walker2d-v4,3
23893,reward,1056,21.474522296074017,12.43,SF-P3O-v1,Walker2d-v4,3
23915,reward,1057,6.931976485512583,13.379,SF-P3O-v1,Walker2d-v4,3
23930,reward,1058,2.7456805817824033,13.321,SF-P3O-v1,Walker2d-v4,3
23949,reward,1059,3.0465986324130965,11.976,SF-P3O-v1,Walker2d-v4,3
23960,reward,1060,-2.0032280454579574,10.953,SF-P3O-v1,Walker2d-v4,3
23976,reward,1061,3.222308440061804,8.801,SF-P3O-v1,Walker2d-v4,3
23991,reward,1062,1.9957427658370808,8.319,SF-P3O-v1,Walker2d-v4,3
24026,reward,1063,16.537797513983435,9.756,SF-P3O-v1,Walker2d-v4,3
24041,reward,1064,6.272560755436647,8.705,SF-P3O-v1,Walker2d-v4,3
24054,reward,1065,1.090306476580327,6.131,SF-P3O-v1,Walker2d-v4,3
24116,reward,1066,4.746994744787469,4.459,SF-P3O-v1,Walker2d-v4,3
24148,reward,1067,9.2306074919106,4.689,SF-P3O-v1,Walker2d-v4,3
24175,reward,1068,0.07948791055723747,4.422,SF-P3O-v1,Walker2d-v4,3
24212,reward,1069,17.649000483946082,5.882,SF-P3O-v1,Walker2d-v4,3
24238,reward,1070,2.2948611911498245,6.312,SF-P3O-v1,Walker2d-v4,3
24265,reward,1071,9.346554817787728,6.924,SF-P3O-v1,Walker2d-v4,3
24287,reward,1072,11.666617561611478,7.891,SF-P3O-v1,Walker2d-v4,3
24312,reward,1073,12.481932671988963,7.486,SF-P3O-v1,Walker2d-v4,3
24384,reward,1074,-6.396731906700396,6.219,SF-P3O-v1,Walker2d-v4,3
24398,reward,1075,-0.617165181482854,6.048,SF-P3O-v1,Walker2d-v4,3
24409,reward,1076,-0.5157143465444709,5.522,SF-P3O-v1,Walker2d-v4,3
24471,reward,1077,19.80991875280976,6.58,SF-P3O-v1,Walker2d-v4,3
24502,reward,1078,-2.8076889555150513,6.291,SF-P3O-v1,Walker2d-v4,3
24536,reward,1079,6.33648172970897,5.16,SF-P3O-v1,Walker2d-v4,3
24562,reward,1080,15.309305818963912,6.461,SF-P3O-v1,Walker2d-v4,3
24576,loss,-0.03215532377362251,0.5984709858894348,SF-P3O-v1,Walker2d-v4,3
24664,reward,1081,141.43645001247285,19.67,SF-P3O-v1,Walker2d-v4,3
24756,reward,1082,-2.936354792474638,18.21,SF-P3O-v1,Walker2d-v4,3
24795,reward,1083,2.375658732600616,17.199,SF-P3O-v1,Walker2d-v4,3
24842,reward,1084,20.25327674700286,19.864,SF-P3O-v1,Walker2d-v4,3
24893,reward,1085,25.063032369077007,22.432,SF-P3O-v1,Walker2d-v4,3
24906,reward,1086,-0.2888601783447414,22.455,SF-P3O-v1,Walker2d-v4,3
24957,reward,1087,19.026324940965996,22.377,SF-P3O-v1,Walker2d-v4,3
24980,reward,1088,12.504667572092568,23.908,SF-P3O-v1,Walker2d-v4,3
25044,reward,1089,20.658062395381986,25.34,SF-P3O-v1,Walker2d-v4,3
25077,reward,1090,11.862660610151046,24.995,SF-P3O-v1,Walker2d-v4,3
25114,reward,1091,18.8968326607043,12.742,SF-P3O-v1,Walker2d-v4,3
25164,reward,1092,29.04747202790957,15.94,SF-P3O-v1,Walker2d-v4,3
25174,reward,1093,-1.9500687222849746,15.507,SF-P3O-v1,Walker2d-v4,3
25221,reward,1094,13.946441181403063,14.877,SF-P3O-v1,Walker2d-v4,3
25271,reward,1095,47.80642233153989,17.151,SF-P3O-v1,Walker2d-v4,3
25281,reward,1096,1.4602059658347015,17.326,SF-P3O-v1,Walker2d-v4,3
25311,reward,1097,5.358769127885366,15.959,SF-P3O-v1,Walker2d-v4,3
25419,reward,1098,20.13683092097227,16.722,SF-P3O-v1,Walker2d-v4,3
25469,reward,1099,15.651873678562787,16.222,SF-P3O-v1,Walker2d-v4,3
25478,reward,1100,0.49038224680238507,15.085,SF-P3O-v1,Walker2d-v4,3
25517,reward,1101,4.508027324684507,13.646,SF-P3O-v1,Walker2d-v4,3
25585,reward,1102,16.44233092314119,12.385,SF-P3O-v1,Walker2d-v4,3
25649,reward,1103,17.247218079535905,14.305,SF-P3O-v1,Walker2d-v4,3
25723,reward,1104,23.81495121401013,15.292,SF-P3O-v1,Walker2d-v4,3
25800,reward,1105,16.60517915373635,12.172,SF-P3O-v1,Walker2d-v4,3
25857,reward,1106,0.700688858599565,12.096,SF-P3O-v1,Walker2d-v4,3
25906,reward,1107,13.923989684451099,12.952,SF-P3O-v1,Walker2d-v4,3
25956,reward,1108,33.339324225413726,14.272,SF-P3O-v1,Walker2d-v4,3
25983,reward,1109,3.415346573830658,13.049,SF-P3O-v1,Walker2d-v4,3
25992,reward,1110,-1.2831335458967612,12.871,SF-P3O-v1,Walker2d-v4,3
26055,reward,1111,52.81421414095967,17.702,SF-P3O-v1,Walker2d-v4,3
26137,reward,1112,164.91441627794546,32.549,SF-P3O-v1,Walker2d-v4,3
26158,reward,1113,6.204804845015752,31.445,SF-P3O-v1,Walker2d-v4,3
26214,reward,1114,24.910345445618024,31.555,SF-P3O-v1,Walker2d-v4,3
26260,reward,1115,19.87648143797018,31.882,SF-P3O-v1,Walker2d-v4,3
26295,reward,1116,13.865287139411972,33.198,SF-P3O-v1,Walker2d-v4,3
26341,reward,1117,20.954261991292935,33.901,SF-P3O-v1,Walker2d-v4,3
26392,reward,1118,8.824231679979304,31.45,SF-P3O-v1,Walker2d-v4,3
26475,reward,1119,33.70022786219683,34.478,SF-P3O-v1,Walker2d-v4,3
26529,reward,1120,22.22079499666068,36.829,SF-P3O-v1,Walker2d-v4,3
26607,reward,1121,13.914471168097908,32.939,SF-P3O-v1,Walker2d-v4,3
26628,reward,1122,5.10006450455032,16.957,SF-P3O-v1,Walker2d-v4,3
26655,reward,1123,10.943510426217927,17.431,SF-P3O-v1,Walker2d-v4,3
26745,reward,1124,3.011639333197111,15.241,SF-P3O-v1,Walker2d-v4,3
26758,reward,1125,-3.5679370095584204,12.897,SF-P3O-v1,Walker2d-v4,3
26788,reward,1126,20.41899347251316,13.552,SF-P3O-v1,Walker2d-v4,3
26829,reward,1127,27.226458166127628,14.179,SF-P3O-v1,Walker2d-v4,3
26851,reward,1128,7.760620365469183,14.073,SF-P3O-v1,Walker2d-v4,3
26872,reward,1129,0.4390736788363606,10.747,SF-P3O-v1,Walker2d-v4,3
26959,reward,1130,106.2444450032859,19.149,SF-P3O-v1,Walker2d-v4,3
26969,reward,1131,1.8205627951993195,17.94,SF-P3O-v1,Walker2d-v4,3
27065,reward,1132,37.978200159371774,21.228,SF-P3O-v1,Walker2d-v4,3
27113,reward,1133,26.597219154941904,22.793,SF-P3O-v1,Walker2d-v4,3
27174,reward,1134,34.74053871278144,25.966,SF-P3O-v1,Walker2d-v4,3
27244,reward,1135,1.8127320557549933,26.504,SF-P3O-v1,Walker2d-v4,3
27280,reward,1136,13.584463816487998,25.82,SF-P3O-v1,Walker2d-v4,3
27309,reward,1137,16.48578656979559,24.746,SF-P3O-v1,Walker2d-v4,3
27346,reward,1138,22.29932440167377,26.2,SF-P3O-v1,Walker2d-v4,3
27524,reward,1139,188.3662787667733,44.993,SF-P3O-v1,Walker2d-v4,3
27600,reward,1140,31.542204382840417,37.523,SF-P3O-v1,Walker2d-v4,3
27627,reward,1141,10.533559964300249,38.394,SF-P3O-v1,Walker2d-v4,3
27644,reward,1142,3.9761555956819477,34.994,SF-P3O-v1,Walker2d-v4,3
27706,reward,1143,30.717286281625086,35.406,SF-P3O-v1,Walker2d-v4,3
27741,reward,1144,8.63004121595857,32.795,SF-P3O-v1,Walker2d-v4,3
27811,reward,1145,60.58042385040716,38.672,SF-P3O-v1,Walker2d-v4,3
27869,reward,1146,35.28908063950439,40.842,SF-P3O-v1,Walker2d-v4,3
27946,reward,1147,40.93504112363551,43.287,SF-P3O-v1,Walker2d-v4,3
28085,reward,1148,200.56550000878622,61.114,SF-P3O-v1,Walker2d-v4,3
28124,reward,1149,11.522203560668325,43.429,SF-P3O-v1,Walker2d-v4,3
28174,reward,1150,20.308749838115183,42.306,SF-P3O-v1,Walker2d-v4,3
28202,reward,1151,7.778221138998173,42.03,SF-P3O-v1,Walker2d-v4,3
28261,reward,1152,24.378439830508455,44.07,SF-P3O-v1,Walker2d-v4,3
28296,reward,1153,17.01534218361643,42.7,SF-P3O-v1,Walker2d-v4,3
28373,reward,1154,25.610427844599837,44.398,SF-P3O-v1,Walker2d-v4,3
28418,reward,1155,12.907302702710089,39.631,SF-P3O-v1,Walker2d-v4,3
28442,reward,1156,5.713311716683249,36.673,SF-P3O-v1,Walker2d-v4,3
28468,reward,1157,10.272278831211226,33.607,SF-P3O-v1,Walker2d-v4,3
28511,reward,1158,5.64363786101564,14.115,SF-P3O-v1,Walker2d-v4,3
28541,reward,1159,1.2368334014034785,13.086,SF-P3O-v1,Walker2d-v4,3
28574,reward,1160,9.074163899352204,11.963,SF-P3O-v1,Walker2d-v4,3
28611,reward,1161,3.172784076679591,11.502,SF-P3O-v1,Walker2d-v4,3
28623,reward,1162,2.7676861329341538,9.341,SF-P3O-v1,Walker2d-v4,3
28637,reward,1163,0.04091749308142745,7.644,SF-P3O-v1,Walker2d-v4,3
28695,reward,1164,12.023848872784088,6.285,SF-P3O-v1,Walker2d-v4,3
28727,reward,1165,7.211555575623475,5.716,SF-P3O-v1,Walker2d-v4,3
28741,reward,1166,2.567537617012049,5.401,SF-P3O-v1,Walker2d-v4,3
28763,reward,1167,4.628864485831598,4.837,SF-P3O-v1,Walker2d-v4,3
28798,reward,1168,19.54524031288201,6.227,SF-P3O-v1,Walker2d-v4,3
28863,reward,1169,26.752311924476967,8.778,SF-P3O-v1,Walker2d-v4,3
28933,reward,1170,30.357741885491972,10.907,SF-P3O-v1,Walker2d-v4,3
28967,reward,1171,19.907106231927905,12.58,SF-P3O-v1,Walker2d-v4,3
29026,reward,1172,10.472229583879008,13.351,SF-P3O-v1,Walker2d-v4,3
29110,reward,1173,26.745580926619894,16.021,SF-P3O-v1,Walker2d-v4,3
29160,reward,1174,32.994896933021316,18.118,SF-P3O-v1,Walker2d-v4,3
29180,reward,1175,3.332862939831881,17.73,SF-P3O-v1,Walker2d-v4,3
29220,reward,1176,12.994998808126661,18.773,SF-P3O-v1,Walker2d-v4,3
29264,reward,1177,28.002823478254246,21.111,SF-P3O-v1,Walker2d-v4,3
29283,reward,1178,6.636971677172869,19.82,SF-P3O-v1,Walker2d-v4,3
29308,reward,1179,14.198336494821124,18.564,SF-P3O-v1,Walker2d-v4,3
29343,reward,1180,8.66138729493277,16.395,SF-P3O-v1,Walker2d-v4,3
29410,reward,1181,-1.9048098177484765,14.214,SF-P3O-v1,Walker2d-v4,3
29466,reward,1182,44.42938238652321,17.609,SF-P3O-v1,Walker2d-v4,3
29494,reward,1183,9.618445105485709,15.897,SF-P3O-v1,Walker2d-v4,3
29536,reward,1184,10.874000323699917,13.684,SF-P3O-v1,Walker2d-v4,3
29604,reward,1185,11.735545103817035,14.525,SF-P3O-v1,Walker2d-v4,3
29638,reward,1186,3.709978700343358,13.596,SF-P3O-v1,Walker2d-v4,3
29729,reward,1187,55.349614163636204,16.331,SF-P3O-v1,Walker2d-v4,3
29763,reward,1188,15.095881410333064,17.177,SF-P3O-v1,Walker2d-v4,3
29815,reward,1189,12.44502450330947,17.001,SF-P3O-v1,Walker2d-v4,3
29872,reward,1190,19.20176927687266,18.055,SF-P3O-v1,Walker2d-v4,3
29933,reward,1191,22.384702210168108,20.484,SF-P3O-v1,Walker2d-v4,3
29969,reward,1192,5.5452702523378745,16.596,SF-P3O-v1,Walker2d-v4,3
30000,speed,547.84,0.93,SF-P3O-v1,Walker2d-v4,3
30001,spectral,0.008307,0.967958,0.1566,SF-P3O-v1,Walker2d-v4,3
30008,reward,1193,20.49180331872546,17.683,SF-P3O-v1,Walker2d-v4,3
30021,reward,1194,1.0267043980381216,16.699,SF-P3O-v1,Walker2d-v4,3
30039,reward,1195,5.297088753802792,16.055,SF-P3O-v1,Walker2d-v4,3
30056,reward,1196,4.779802949411892,16.162,SF-P3O-v1,Walker2d-v4,3
30096,reward,1197,13.933764572981563,12.02,SF-P3O-v1,Walker2d-v4,3
30215,reward,1198,7.703098555592716,11.281,SF-P3O-v1,Walker2d-v4,3
30242,reward,1199,12.138521238314018,11.25,SF-P3O-v1,Walker2d-v4,3
30288,reward,1200,16.801348440193205,11.01,SF-P3O-v1,Walker2d-v4,3
30324,reward,1201,1.3371947067848415,8.905,SF-P3O-v1,Walker2d-v4,3
30337,reward,1202,4.362770462104078,8.787,SF-P3O-v1,Walker2d-v4,3
30403,reward,1203,23.40317313381763,9.078,SF-P3O-v1,Walker2d-v4,3
30463,reward,1204,56.44189715298771,14.62,SF-P3O-v1,Walker2d-v4,3
30503,reward,1205,19.334970522709565,16.024,SF-P3O-v1,Walker2d-v4,3
30513,reward,1206,-1.8671479722627096,15.359,SF-P3O-v1,Walker2d-v4,3
30565,reward,1207,13.90839495620168,15.356,SF-P3O-v1,Walker2d-v4,3
30589,reward,1208,7.402700843228055,15.326,SF-P3O-v1,Walker2d-v4,3
30638,reward,1209,33.928387843784,17.505,SF-P3O-v1,Walker2d-v4,3
30673,reward,1210,9.466276526969764,16.772,SF-P3O-v1,Walker2d-v4,3
30738,reward,1211,6.529447629314528,17.291,SF-P3O-v1,Walker2d-v4,3
30805,reward,1212,40.80536192537682,20.935,SF-P3O-v1,Walker2d-v4,3
30821,reward,1213,3.2105425942456387,18.916,SF-P3O-v1,Walker2d-v4,3
30863,reward,1214,19.200958882247843,15.192,SF-P3O-v1,Walker2d-v4,3
30927,reward,1215,10.941277461837286,14.353,SF-P3O-v1,Walker2d-v4,3
31002,reward,1216,57.27530974205087,20.267,SF-P3O-v1,Walker2d-v4,3
31025,reward,1217,7.219457767815383,19.598,SF-P3O-v1,Walker2d-v4,3
31065,reward,1218,12.517279146562947,20.109,SF-P3O-v1,Walker2d-v4,3
31083,reward,1219,8.632626134864246,17.58,SF-P3O-v1,Walker2d-v4,3
31098,reward,1220,2.353203950822845,16.869,SF-P3O-v1,Walker2d-v4,3
31181,reward,1221,-7.031024541552513,15.512,SF-P3O-v1,Walker2d-v4,3
31218,reward,1222,20.519681476519686,13.484,SF-P3O-v1,Walker2d-v4,3
31278,reward,1223,-1.5196649158870104,13.011,SF-P3O-v1,Walker2d-v4,3
31362,reward,1224,7.889310858578696,11.88,SF-P3O-v1,Walker2d-v4,3
31463,reward,1225,100.92683347900633,20.878,SF-P3O-v1,Walker2d-v4,3
31484,reward,1226,6.282293000421836,15.779,SF-P3O-v1,Walker2d-v4,3
31519,reward,1227,16.83272817146479,16.74,SF-P3O-v1,Walker2d-v4,3
31542,reward,1228,7.155528028313415,16.204,SF-P3O-v1,Walker2d-v4,3
31585,reward,1229,9.574080214957327,16.298,SF-P3O-v1,Walker2d-v4,3
31611,reward,1230,10.684776805030404,17.131,SF-P3O-v1,Walker2d-v4,3
31642,reward,1231,11.590858807797142,18.994,SF-P3O-v1,Walker2d-v4,3
31688,reward,1232,3.3183818764355673,17.274,SF-P3O-v1,Walker2d-v4,3
31729,reward,1233,25.76883359441994,20.002,SF-P3O-v1,Walker2d-v4,3
31742,reward,1234,-0.6795101829792105,19.145,SF-P3O-v1,Walker2d-v4,3
31805,reward,1235,45.42707236150056,13.596,SF-P3O-v1,Walker2d-v4,3
31831,reward,1236,8.533811472568699,13.821,SF-P3O-v1,Walker2d-v4,3
31878,reward,1237,14.433113731477864,13.581,SF-P3O-v1,Walker2d-v4,3
32017,reward,1238,25.715660896329954,15.437,SF-P3O-v1,Walker2d-v4,3
32030,reward,1239,2.473702852095066,14.727,SF-P3O-v1,Walker2d-v4,3
32120,reward,1240,-14.220936689263246,12.236,SF-P3O-v1,Walker2d-v4,3
32143,reward,1241,10.782045262532815,12.155,SF-P3O-v1,Walker2d-v4,3
32222,reward,1242,43.96368608341303,16.22,SF-P3O-v1,Walker2d-v4,3
32251,reward,1243,10.230181804652878,14.666,SF-P3O-v1,Walker2d-v4,3
32261,reward,1244,-1.8281953079738935,14.551,SF-P3O-v1,Walker2d-v4,3
32289,reward,1245,10.821588398442222,11.09,SF-P3O-v1,Walker2d-v4,3
32325,reward,1246,20.590422125170928,12.296,SF-P3O-v1,Walker2d-v4,3
32400,reward,1247,17.24966970623937,12.578,SF-P3O-v1,Walker2d-v4,3
32442,reward,1248,6.9213854619362705,10.698,SF-P3O-v1,Walker2d-v4,3
32507,reward,1249,23.266893506206568,12.778,SF-P3O-v1,Walker2d-v4,3
32599,reward,1250,39.96729471798787,18.196,SF-P3O-v1,Walker2d-v4,3
32624,reward,1251,11.573507458952669,18.276,SF-P3O-v1,Walker2d-v4,3
32666,reward,1252,20.03791815971314,15.883,SF-P3O-v1,Walker2d-v4,3
32747,reward,1253,-16.112481160943116,13.249,SF-P3O-v1,Walker2d-v4,3
32768,loss,-0.018616100773215294,0.4660610556602478,SF-P3O-v1,Walker2d-v4,3
32768,diagnostics,0.0,53.44,3.7799,0.011086,0.967052,0.1652,0.125021,SF-P3O-v1,Walker2d-v4,3
32816,reward,1254,30.9206388531827,16.524,SF-P3O-v1,Walker2d-v4,3
32918,reward,1255,2.275761511124958,15.669,SF-P3O-v1,Walker2d-v4,3
32934,reward,1256,4.999840330229347,14.11,SF-P3O-v1,Walker2d-v4,3
32993,reward,1257,35.54358688646582,15.939,SF-P3O-v1,Walker2d-v4,3
33026,reward,1258,7.615981461521947,16.009,SF-P3O-v1,Walker2d-v4,3
33053,reward,1259,0.1738348790369919,13.7,SF-P3O-v1,Walker2d-v4,3
33082,reward,1260,13.39445050112887,11.042,SF-P3O-v1,Walker2d-v4,3
33151,reward,1261,33.46568394407203,13.232,SF-P3O-v1,Walker2d-v4,3
33272,reward,1262,30.934405925599496,14.321,SF-P3O-v1,Walker2d-v4,3
33320,reward,1263,6.964295388642,16.629,SF-P3O-v1,Walker2d-v4,3
33346,reward,1264,1.1781505901948766,13.655,SF-P3O-v1,Walker2d-v4,3
33455,reward,1265,9.1529223214416,14.342,SF-P3O-v1,Walker2d-v4,3
33591,reward,1266,63.878440657645,20.23,SF-P3O-v1,Walker2d-v4,3
33625,reward,1267,13.765449339491425,18.052,SF-P3O-v1,Walker2d-v4,3
33635,reward,1268,0.7331406786749368,17.364,SF-P3O-v1,Walker2d-v4,3
33702,reward,1269,5.877606210850499,17.934,SF-P3O-v1,Walker2d-v4,3
33756,reward,1270,22.362619046053872,18.831,SF-P3O-v1,Walker2d-v4,3
33855,reward,1271,26.80245813803394,18.165,SF-P3O-v1,Walker2d-v4,3
33982,reward,1272,-10.77481288112913,13.994,SF-P3O-v1,Walker2d-v4,3
34000,reward,1273,5.1868818856560495,13.816,SF-P3O-v1,Walker2d-v4,3
34055,reward,1274,-3.9317841030140825,13.305,SF-P3O-v1,Walker2d-v4,3
34131,reward,1275,37.03339672530928,16.093,SF-P3O-v1,Walker2d-v4,3
34177,reward,1276,22.63979381801801,11.969,SF-P3O-v1,Walker2d-v4,3
34281,reward,1277,5.635687469513313,11.156,SF-P3O-v1,Walker2d-v4,3
34316,reward,1278,21.993691430255613,13.283,SF-P3O-v1,Walker2d-v4,3
34336,reward,1279,0.591629882249308,12.754,SF-P3O-v1,Walker2d-v4,3
34349,reward,1280,2.9333355396601077,10.811,SF-P3O-v1,Walker2d-v4,3
34446,reward,1281,196.85110841625655,27.816,SF-P3O-v1,Walker2d-v4,3
34514,reward,1282,32.27327605859426,32.121,SF-P3O-v1,Walker2d-v4,3
34542,reward,1283,4.1608206298694475,32.018,SF-P3O-v1,Walker2d-v4,3
34615,reward,1284,24.057242056051457,34.817,SF-P3O-v1,Walker2d-v4,3
34641,reward,1285,-1.261372410886232,30.988,SF-P3O-v1,Walker2d-v4,3
34769,reward,1286,29.43984060207655,31.668,SF-P3O-v1,Walker2d-v4,3
34897,reward,1287,202.35182491634956,51.339,SF-P3O-v1,Walker2d-v4,3
34925,reward,1288,7.9756981310341635,49.937,SF-P3O-v1,Walker2d-v4,3
34973,reward,1289,24.489413478367233,52.327,SF-P3O-v1,Walker2d-v4,3
35021,reward,1290,10.379505921742544,53.072,SF-P3O-v1,Walker2d-v4,3
35124,reward,1291,37.55202142393361,37.142,SF-P3O-v1,Walker2d-v4,3
35180,reward,1292,42.283632249091504,38.143,SF-P3O-v1,Walker2d-v4,3
35239,reward,1293,31.150651049331728,40.842,SF-P3O-v1,Walker2d-v4,3
35281,reward,1294,15.199207484216464,39.956,SF-P3O-v1,Walker2d-v4,3
35302,reward,1295,5.7862935328829685,40.661,SF-P3O-v1,Walker2d-v4,3
35339,reward,1296,4.2430488351838695,38.141,SF-P3O-v1,Walker2d-v4,3
35499,reward,1297,78.30601178110255,25.737,SF-P3O-v1,Walker2d-v4,3
35572,reward,1298,10.294221175253929,25.968,SF-P3O-v1,Walker2d-v4,3
35726,reward,1299,6.579293741389842,24.177,SF-P3O-v1,Walker2d-v4,3
35785,reward,1300,11.46913685241328,24.286,SF-P3O-v1,Walker2d-v4,3
35882,reward,1301,24.283468676858625,22.959,SF-P3O-v1,Walker2d-v4,3
35925,reward,1302,15.049491315002742,20.236,SF-P3O-v1,Walker2d-v4,3
36006,reward,1303,32.818509009204575,20.403,SF-P3O-v1,Walker2d-v4,3
36104,reward,1304,13.55518235419632,20.238,SF-P3O-v1,Walker2d-v4,3
36159,reward,1305,24.11964673465605,22.072,SF-P3O-v1,Walker2d-v4,3
36197,reward,1306,10.741790193453484,22.722,SF-P3O-v1,Walker2d-v4,3
36240,reward,1307,13.389025614479536,16.23,SF-P3O-v1,Walker2d-v4,3
36308,reward,1308,23.918052146058884,17.592,SF-P3O-v1,Walker2d-v4,3
36370,reward,1309,2.219696279236118,17.156,SF-P3O-v1,Walker2d-v4,3
36473,reward,1310,71.31296335643327,23.141,SF-P3O-v1,Walker2d-v4,3
36520,reward,1311,23.56468912379625,23.069,SF-P3O-v1,Walker2d-v4,3
36649,reward,1312,65.84112456650253,28.148,SF-P3O-v1,Walker2d-v4,3
36746,reward,1313,8.339590627013553,25.7,SF-P3O-v1,Walker2d-v4,3
36782,reward,1314,26.98848252639172,27.044,SF-P3O-v1,Walker2d-v4,3
36829,reward,1315,10.49135475024886,25.681,SF-P3O-v1,Walker2d-v4,3
36911,reward,1316,29.52250220027495,27.559,SF-P3O-v1,Walker2d-v4,3
37035,reward,1317,206.51079920703143,46.871,SF-P3O-v1,Walker2d-v4,3
37043,reward,1318,-2.3828641104346944,44.241,SF-P3O-v1,Walker2d-v4,3
37117,reward,1319,9.243022165144312,44.943,SF-P3O-v1,Walker2d-v4,3
37176,reward,1320,34.55935248186332,41.268,SF-P3O-v1,Walker2d-v4,3
37333,reward,1321,222.6983745787387,61.181,SF-P3O-v1,Walker2d-v4,3
37400,reward,1322,18.554255634102617,56.452,SF-P3O-v1,Walker2d-v4,3
37432,reward,1323,16.863345425856334,57.305,SF-P3O-v1,Walker2d-v4,3
37487,reward,1324,32.541317654233644,57.86,SF-P3O-v1,Walker2d-v4,3
37532,reward,1325,32.69235112544697,60.08,SF-P3O-v1,Walker2d-v4,3
37593,reward,1326,55.85519525093424,62.714,SF-P3O-v1,Walker2d-v4,3
37648,reward,1327,12.348372136287331,43.297,SF-P3O-v1,Walker2d-v4,3
37726,reward,1328,22.006712274011612,45.736,SF-P3O-v1,Walker2d-v4,3
37790,reward,1329,39.10306105323793,48.722,SF-P3O-v1,Walker2d-v4,3
37875,reward,1330,21.79531441585424,47.446,SF-P3O-v1,Walker2d-v4,3
37977,reward,1331,53.05157268822253,30.481,SF-P3O-v1,Walker2d-v4,3
38014,reward,1332,23.815979449260535,31.007,SF-P3O-v1,Walker2d-v4,3
38070,reward,1333,27.278236371420103,32.049,SF-P3O-v1,Walker2d-v4,3
38078,reward,1334,-1.5015986575080214,28.645,SF-P3O-v1,Walker2d-v4,3
38146,reward,1335,28.415545620023213,28.217,SF-P3O-v1,Walker2d-v4,3
38205,reward,1336,27.178794439631996,25.349,SF-P3O-v1,Walker2d-v4,3
38280,reward,1337,9.888346982789072,25.103,SF-P3O-v1,Walker2d-v4,3
38291,reward,1338,-2.439761690388734,22.659,SF-P3O-v1,Walker2d-v4,3
38352,reward,1339,23.01181862268977,21.049,SF-P3O-v1,Walker2d-v4,3
38389,reward,1340,19.468195876942566,20.817,SF-P3O-v1,Walker2d-v4,3
38409,reward,1341,6.838805031173772,16.195,SF-P3O-v1,Walker2d-v4,3
38532,reward,1342,213.97917508133096,35.212,SF-P3O-v1,Walker2d-v4,3
38597,reward,1343,47.63373128960326,37.247,SF-P3O-v1,Walker2d-v4,3
38738,reward,1344,-13.129844069430241,36.084,SF-P3O-v1,Walker2d-v4,3
38764,reward,1345,9.505766547482086,34.194,SF-P3O-v1,Walker2d-v4,3
38859,reward,1346,33.78667838197478,34.854,SF-P3O-v1,Walker2d-v4,3
38916,reward,1347,1.375205389297659,34.003,SF-P3O-v1,Walker2d-v4,3
38969,reward,1348,31.994056508416783,37.446,SF-P3O-v1,Walker2d-v4,3
39024,reward,1349,13.535335474243062,36.499,SF-P3O-v1,Walker2d-v4,3
39096,reward,1350,52.34563688724301,39.786,SF-P3O-v1,Walker2d-v4,3
39137,reward,1351,6.25426617780395,39.728,SF-P3O-v1,Walker2d-v4,3
39331,reward,1352,177.74323690535542,36.104,SF-P3O-v1,Walker2d-v4,3
39395,reward,1353,26.501538192635124,33.991,SF-P3O-v1,Walker2d-v4,3
39506,reward,1354,18.382300927101284,37.142,SF-P3O-v1,Walker2d-v4,3
39565,reward,1355,13.660690341414181,37.558,SF-P3O-v1,Walker2d-v4,3
39646,reward,1356,13.777948959566874,35.557,SF-P3O-v1,Walker2d-v4,3
39749,reward,1357,74.07665619593935,42.827,SF-P3O-v1,Walker2d-v4,3
39814,reward,1358,48.24797874828927,44.453,SF-P3O-v1,Walker2d-v4,3
39842,reward,1359,16.30919231455918,44.73,SF-P3O-v1,Walker2d-v4,3
39893,reward,1360,36.37444531534762,43.133,SF-P3O-v1,Walker2d-v4,3
39952,reward,1361,32.779294006965344,45.785,SF-P3O-v1,Walker2d-v4,3
40000,speed,571.55,1.22,SF-P3O-v1,Walker2d-v4,3
40001,spectral,0.011086,0.967052,0.1652,SF-P3O-v1,Walker2d-v4,3
40054,reward,1362,21.34223911716673,30.145,SF-P3O-v1,Walker2d-v4,3
40131,reward,1363,29.347099280139066,30.43,SF-P3O-v1,Walker2d-v4,3
40297,reward,1364,2.740391138852267,28.866,SF-P3O-v1,Walker2d-v4,3
40382,reward,1365,8.34801748715652,28.334,SF-P3O-v1,Walker2d-v4,3
40507,reward,1366,69.51094635574893,33.908,SF-P3O-v1,Walker2d-v4,3
40566,reward,1367,20.79323487841891,28.579,SF-P3O-v1,Walker2d-v4,3
40694,reward,1368,95.59159187115898,33.314,SF-P3O-v1,Walker2d-v4,3
40739,reward,1369,7.547181739351159,32.437,SF-P3O-v1,Walker2d-v4,3
40792,reward,1370,28.851161579905337,31.685,SF-P3O-v1,Walker2d-v4,3
40857,reward,1371,12.826960077010327,29.69,SF-P3O-v1,Walker2d-v4,3
40925,reward,1372,-1.8143065830320708,27.374,SF-P3O-v1,Walker2d-v4,3
40960,loss,-0.135128915309906,0.361443430185318,SF-P3O-v1,Walker2d-v4,3
40969,reward,1373,24.171463552055798,26.857,SF-P3O-v1,Walker2d-v4,3
41047,reward,1374,29.292528164249315,29.512,SF-P3O-v1,Walker2d-v4,3
41224,reward,1375,30.76032895868664,31.753,SF-P3O-v1,Walker2d-v4,3
41297,reward,1376,54.885228396708065,30.291,SF-P3O-v1,Walker2d-v4,3
41412,reward,1377,10.395263501241288,29.251,SF-P3O-v1,Walker2d-v4,3
41575,reward,1378,13.46105489473342,21.038,SF-P3O-v1,Walker2d-v4,3
41704,reward,1379,25.647635442132895,22.848,SF-P3O-v1,Walker2d-v4,3
41800,reward,1380,33.01933753554775,23.265,SF-P3O-v1,Walker2d-v4,3
41922,reward,1381,174.96195986122126,39.478,SF-P3O-v1,Walker2d-v4,3
42193,reward,1382,56.072137309631366,45.267,SF-P3O-v1,Walker2d-v4,3
42385,reward,1383,109.85673748234191,53.835,SF-P3O-v1,Walker2d-v4,3
42474,reward,1384,46.95022356973768,55.601,SF-P3O-v1,Walker2d-v4,3
42526,reward,1385,32.87490224199147,55.812,SF-P3O-v1,Walker2d-v4,3
42645,reward,1386,50.672901033090085,55.391,SF-P3O-v1,Walker2d-v4,3
42769,reward,1387,27.41976826027587,57.094,SF-P3O-v1,Walker2d-v4,3
42794,reward,1388,5.668281076246625,56.314,SF-P3O-v1,Walker2d-v4,3
42846,reward,1389,24.73370203634918,56.223,SF-P3O-v1,Walker2d-v4,3
43011,reward,1390,14.926761496037095,54.414,SF-P3O-v1,Walker2d-v4,3
43026,reward,1391,1.7805786827933046,37.096,SF-P3O-v1,Walker2d-v4,3
43055,reward,1392,11.538488378822507,32.642,SF-P3O-v1,Walker2d-v4,3
43138,reward,1393,37.8791763218615,25.444,SF-P3O-v1,Walker2d-v4,3
43245,reward,1394,76.82725398578752,28.432,SF-P3O-v1,Walker2d-v4,3
43288,reward,1395,14.398394287919656,26.585,SF-P3O-v1,Walker2d-v4,3
43323,reward,1396,17.58075743319271,23.275,SF-P3O-v1,Walker2d-v4,3
43388,reward,1397,47.4644289846948,25.28,SF-P3O-v1,Walker2d-v4,3
43474,reward,1398,4.685690121421629,25.182,SF-P3O-v1,Walker2d-v4,3
43542,reward,1399,-2.6348719630878628,22.445,SF-P3O-v1,Walker2d-v4,3
43594,reward,1400,4.341021832927192,21.386,SF-P3O-v1,Walker2d-v4,3
43654,reward,1401,36.260412986194986,24.834,SF-P3O-v1,Walker2d-v4,3
43772,reward,1402,205.0561476290849,44.186,SF-P3O-v1,Walker2d-v4,3
43966,reward,1403,63.0123277876885,46.699,SF-P3O-v1,Walker2d-v4,3
44033,reward,1404,49.861328360003256,44.003,SF-P3O-v1,Walker2d-v4,3
44134,reward,1405,96.50070927311349,52.213,SF-P3O-v1,Walker2d-v4,3
44169,reward,1406,27.469255151359846,53.202,SF-P3O-v1,Walker2d-v4,3
44260,reward,1407,16.04677312563073,50.06,SF-P3O-v1,Walker2d-v4,3
44339,reward,1408,52.65036851602162,54.856,SF-P3O-v1,Walker2d-v4,3
44412,reward,1409,51.50993623933574,60.271,SF-P3O-v1,Walker2d-v4,3
44479,reward,1410,13.26798544648733,61.164,SF-P3O-v1,Walker2d-v4,3
44551,reward,1411,2.712786562108533,57.809,SF-P3O-v1,Walker2d-v4,3
44637,reward,1412,17.365800551012857,39.04,SF-P3O-v1,Walker2d-v4,3
44734,reward,1413,14.063261152085657,34.145,SF-P3O-v1,Walker2d-v4,3
44791,reward,1414,11.764166696651587,30.335,SF-P3O-v1,Walker2d-v4,3
44855,reward,1415,15.941477188762782,22.279,SF-P3O-v1,Walker2d-v4,3
44879,reward,1416,10.050538622256257,20.537,SF-P3O-v1,Walker2d-v4,3
44984,reward,1417,3.800360924828039,19.313,SF-P3O-v1,Walker2d-v4,3
45051,reward,1418,4.178829050894077,14.466,SF-P3O-v1,Walker2d-v4,3
45116,reward,1419,41.34396007787519,13.449,SF-P3O-v1,Walker2d-v4,3
45279,reward,1420,130.02611737075188,25.125,SF-P3O-v1,Walker2d-v4,3
45375,reward,1421,79.33804098580477,32.787,SF-P3O-v1,Walker2d-v4,3
45506,reward,1422,50.268126238698926,36.077,SF-P3O-v1,Walker2d-v4,3
45578,reward,1423,53.63552658262161,40.035,SF-P3O-v1,Walker2d-v4,3
45604,reward,1424,15.549066006956537,40.413,SF-P3O-v1,Walker2d-v4,3
45628,reward,1425,6.725386890850543,39.492,SF-P3O-v1,Walker2d-v4,3
45669,reward,1426,26.278731419877474,41.114,SF-P3O-v1,Walker2d-v4,3
45777,reward,1427,133.736290975852,54.108,SF-P3O-v1,Walker2d-v4,3
45836,reward,1428,46.762576638380835,58.366,SF-P3O-v1,Walker2d-v4,3
45987,reward,1429,14.838793588079021,55.716,SF-P3O-v1,Walker2d-v4,3
46009,reward,1430,5.861087744701526,43.299,SF-P3O-v1,Walker2d-v4,3
46138,reward,1431,98.9164322199824,45.257,SF-P3O-v1,Walker2d-v4,3
46153,reward,1432,2.570051556090405,40.487,SF-P3O-v1,Walker2d-v4,3
46297,reward,1433,226.25643100658988,57.749,SF-P3O-v1,Walker2d-v4,3
46350,reward,1434,18.64294297362045,58.059,SF-P3O-v1,Walker2d-v4,3
46461,reward,1435,6.853801205237517,58.072,SF-P3O-v1,Walker2d-v4,3
46564,reward,1436,-3.224659711923371,55.121,SF-P3O-v1,Walker2d-v4,3
46636,reward,1437,38.5767289761037,45.605,SF-P3O-v1,Walker2d-v4,3
46688,reward,1438,20.82864215034604,43.012,SF-P3O-v1,Walker2d-v4,3
46761,reward,1439,37.05327215922315,45.233,SF-P3O-v1,Walker2d-v4,3
46781,reward,1440,5.020931194425119,45.149,SF-P3O-v1,Walker2d-v4,3
46888,reward,1441,86.46408023456321,43.904,SF-P3O-v1,Walker2d-v4,3
47080,reward,1442,306.98657886430203,74.346,SF-P3O-v1,Walker2d-v4,3
47105,reward,1443,12.228651181549777,52.943,SF-P3O-v1,Walker2d-v4,3
47134,reward,1444,16.722612630464518,52.751,SF-P3O-v1,Walker2d-v4,3
47239,reward,1445,20.560529195764634,54.122,SF-P3O-v1,Walker2d-v4,3
47439,reward,1446,78.30364428755631,62.275,SF-P3O-v1,Walker2d-v4,3
47594,reward,1447,29.928171792637304,61.41,SF-P3O-v1,Walker2d-v4,3
47687,reward,1448,51.665265358988584,64.493,SF-P3O-v1,Walker2d-v4,3
47728,reward,1449,10.126108482770325,61.801,SF-P3O-v1,Walker2d-v4,3
47885,reward,1450,251.961694743603,86.495,SF-P3O-v1,Walker2d-v4,3
48005,reward,1451,54.64210056584194,83.313,SF-P3O-v1,Walker2d-v4,3
48135,reward,1452,11.890573194198964,53.803,SF-P3O-v1,Walker2d-v4,3
48215,reward,1453,21.303247814462612,54.71,SF-P3O-v1,Walker2d-v4,3
48317,reward,1454,53.84308146462509,58.422,SF-P3O-v1,Walker2d-v4,3
48394,reward,1455,53.158010204826766,61.682,SF-P3O-v1,Walker2d-v4,3
48584,reward,1456,236.03297540277413,77.455,SF-P3O-v1,Walker2d-v4,3
48662,reward,1457,17.108239495467643,76.173,SF-P3O-v1,Walker2d-v4,3
48700,reward,1458,11.757842609164733,72.182,SF-P3O-v1,Walker2d-v4,3
48759,reward,1459,31.092207465748263,74.279,SF-P3O-v1,Walker2d-v4,3
48804,reward,1460,27.078696179236015,51.791,SF-P3O-v1,Walker2d-v4,3
48957,reward,1461,154.18218050836728,61.745,SF-P3O-v1,Walker2d-v4,3
49090,reward,1462,48.04652310005768,65.36,SF-P3O-v1,Walker2d-v4,3
49136,reward,1463,15.94720233494778,64.825,SF-P3O-v1,Walker2d-v4,3
49152,loss,-0.011961724609136581,0.4161713123321533,SF-P3O-v1,Walker2d-v4,3
49152,diagnostics,0.0,53.9,6.6106,0.014936,0.966393,0.1833,0.124721,SF-P3O-v1,Walker2d-v4,3
49164,reward,1464,12.72346638856603,60.713,SF-P3O-v1,Walker2d-v4,3
49268,reward,1465,46.2280810539782,60.02,SF-P3O-v1,Walker2d-v4,3
49313,reward,1466,29.615779676558756,39.378,SF-P3O-v1,Walker2d-v4,3
49368,reward,1467,18.182723491667865,39.485,SF-P3O-v1,Walker2d-v4,3
49443,reward,1468,42.36746965527457,42.546,SF-P3O-v1,Walker2d-v4,3
49642,reward,1469,42.362088931293385,43.673,SF-P3O-v1,Walker2d-v4,3
49710,reward,1470,20.968030909912848,43.062,SF-P3O-v1,Walker2d-v4,3
49854,reward,1471,23.99134622026197,30.043,SF-P3O-v1,Walker2d-v4,3
50000,speed,402.21,1.64,SF-P3O-v1,Walker2d-v4,3
50001,spectral,0.014936,0.966393,0.1833,SF-P3O-v1,Walker2d-v4,3
50047,reward,1472,15.491638555987162,26.788,SF-P3O-v1,Walker2d-v4,3
50161,reward,1473,-9.066054759355275,24.286,SF-P3O-v1,Walker2d-v4,3
50228,reward,1474,39.860784391473075,27.0,SF-P3O-v1,Walker2d-v4,3
50374,reward,1475,87.4525913049315,31.123,SF-P3O-v1,Walker2d-v4,3
50437,reward,1476,4.79336178490365,28.64,SF-P3O-v1,Walker2d-v4,3
50567,reward,1477,201.20244450434657,46.942,SF-P3O-v1,Walker2d-v4,3
50613,reward,1478,10.945158556752132,43.8,SF-P3O-v1,Walker2d-v4,3
50663,reward,1479,17.371464456389806,41.301,SF-P3O-v1,Walker2d-v4,3
50758,reward,1480,37.25056165105298,42.929,SF-P3O-v1,Walker2d-v4,3
50881,reward,1481,8.209310599401839,41.351,SF-P3O-v1,Walker2d-v4,3
51002,reward,1482,3.631652580914682,40.165,SF-P3O-v1,Walker2d-v4,3
51141,reward,1483,26.374038181923723,43.709,SF-P3O-v1,Walker2d-v4,3
51203,reward,1484,-1.4304913598045919,39.58,SF-P3O-v1,Walker2d-v4,3
51425,reward,1485,318.1693310438488,62.652,SF-P3O-v1,Walker2d-v4,3
51473,reward,1486,22.716203845861305,64.444,SF-P3O-v1,Walker2d-v4,3
51533,reward,1487,5.483687174583027,44.872,SF-P3O-v1,Walker2d-v4,3
51583,reward,1488,7.010971191212997,44.479,SF-P3O-v1,Walker2d-v4,3
51728,reward,1489,-5.099850300800022,42.232,SF-P3O-v1,Walker2d-v4,3
51778,reward,1490,10.002003186507102,39.507,SF-P3O-v1,Walker2d-v4,3
51905,reward,1491,108.39893660811218,49.526,SF-P3O-v1,Walker2d-v4,3
51987,reward,1492,37.626030259483656,52.925,SF-P3O-v1,Walker2d-v4,3
52113,reward,1493,200.78378657577161,70.366,SF-P3O-v1,Walker2d-v4,3
52255,reward,1494,15.908639693009366,72.1,SF-P3O-v1,Walker2d-v4,3
52356,reward,1495,18.960093973129112,42.179,SF-P3O-v1,Walker2d-v4,3
52432,reward,1496,33.39756290403252,43.247,SF-P3O-v1,Walker2d-v4,3
52508,reward,1497,39.59114724164534,46.658,SF-P3O-v1,Walker2d-v4,3
52744,reward,1498,346.7489101297535,80.632,SF-P3O-v1,Walker2d-v4,3
52794,reward,1499,23.389907695767523,83.481,SF-P3O-v1,Walker2d-v4,3
52863,reward,1500,28.58970965173092,85.339,SF-P3O-v1,Walker2d-v4,3
52896,reward,1501,5.226401517884174,75.022,SF-P3O-v1,Walker2d-v4,3
52909,reward,1502,-0.5085108354941394,71.209,SF-P3O-v1,Walker2d-v4,3
53062,reward,1503,260.9053907598019,77.221,SF-P3O-v1,Walker2d-v4,3
53108,reward,1504,16.208795145191388,77.251,SF-P3O-v1,Walker2d-v4,3
53188,reward,1505,31.958818165014865,78.551,SF-P3O-v1,Walker2d-v4,3
53272,reward,1506,19.950626557342275,77.206,SF-P3O-v1,Walker2d-v4,3
53371,reward,1507,18.309160627645173,75.078,SF-P3O-v1,Walker2d-v4,3
53382,reward,1508,1.0904268308439709,40.512,SF-P3O-v1,Walker2d-v4,3
53393,reward,1509,0.009617507325239139,38.174,SF-P3O-v1,Walker2d-v4,3
53647,reward,1510,319.5450719694372,67.27,SF-P3O-v1,Walker2d-v4,3
53762,reward,1511,27.54350912997045,69.501,SF-P3O-v1,Walker2d-v4,3
54004,reward,1512,167.58406186774414,86.311,SF-P3O-v1,Walker2d-v4,3
54072,reward,1513,29.713617740035446,63.191,SF-P3O-v1,Walker2d-v4,3
54122,reward,1514,29.688667147811078,64.539,SF-P3O-v1,Walker2d-v4,3
54266,reward,1515,27.686419863259164,64.112,SF-P3O-v1,Walker2d-v4,3
54422,reward,1516,238.68267298807024,85.985,SF-P3O-v1,Walker2d-v4,3
54535,reward,1517,84.53106100664557,92.608,SF-P3O-v1,Walker2d-v4,3
54576,reward,1518,15.587562966879315,94.057,SF-P3O-v1,Walker2d-v4,3
54628,reward,1519,21.199595761074725,96.176,SF-P3O-v1,Walker2d-v4,3
54741,reward,1520,183.11710171652044,82.533,SF-P3O-v1,Walker2d-v4,3
54859,reward,1521,191.57137672671632,98.936,SF-P3O-v1,Walker2d-v4,3
54923,reward,1522,26.325838634376904,84.81,SF-P3O-v1,Walker2d-v4,3
54982,reward,1523,9.118647685528998,82.751,SF-P3O-v1,Walker2d-v4,3
55062,reward,1524,9.015256060347038,80.684,SF-P3O-v1,Walker2d-v4,3
55180,reward,1525,51.43905445115864,83.059,SF-P3O-v1,Walker2d-v4,3
55236,reward,1526,26.433802682016616,61.834,SF-P3O-v1,Walker2d-v4,3
55294,reward,1527,40.38673552855227,57.419,SF-P3O-v1,Walker2d-v4,3
55381,reward,1528,37.98125608202069,59.659,SF-P3O-v1,Walker2d-v4,3
55505,reward,1529,-8.661997460221347,56.673,SF-P3O-v1,Walker2d-v4,3
55584,reward,1530,47.4239791551899,43.103,SF-P3O-v1,Walker2d-v4,3
55689,reward,1531,26.576301338731753,26.604,SF-P3O-v1,Walker2d-v4,3
55845,reward,1532,75.82559058145041,31.554,SF-P3O-v1,Walker2d-v4,3
55902,reward,1533,30.48407453078147,33.69,SF-P3O-v1,Walker2d-v4,3
56063,reward,1534,241.89387875980216,56.978,SF-P3O-v1,Walker2d-v4,3
56147,reward,1535,37.052202301472605,55.54,SF-P3O-v1,Walker2d-v4,3
56195,reward,1536,18.132189402393596,54.709,SF-P3O-v1,Walker2d-v4,3
56298,reward,1537,118.97191355673526,62.568,SF-P3O-v1,Walker2d-v4,3
56441,reward,1538,12.47990807555169,60.018,SF-P3O-v1,Walker2d-v4,3
56563,reward,1539,7.893411348456283,61.673,SF-P3O-v1,Walker2d-v4,3
56660,reward,1540,170.8190461384473,74.013,SF-P3O-v1,Walker2d-v4,3
56696,reward,1541,12.436346011646787,72.599,SF-P3O-v1,Walker2d-v4,3
56744,reward,1542,20.160065832890513,67.032,SF-P3O-v1,Walker2d-v4,3
56833,reward,1543,38.66414524540328,67.85,SF-P3O-v1,Walker2d-v4,3
56918,reward,1544,0.08169592147481364,43.669,SF-P3O-v1,Walker2d-v4,3
56936,reward,1545,2.515849347339539,40.215,SF-P3O-v1,Walker2d-v4,3
57055,reward,1546,200.7558895771664,58.478,SF-P3O-v1,Walker2d-v4,3
57195,reward,1547,144.04241810861788,60.985,SF-P3O-v1,Walker2d-v4,3
57266,reward,1548,48.41510856166656,64.578,SF-P3O-v1,Walker2d-v4,3
57344,loss,-0.143401101231575,0.2751138508319855,SF-P3O-v1,Walker2d-v4,3
57397,reward,1549,119.96790553224632,75.786,SF-P3O-v1,Walker2d-v4,3
57455,reward,1550,33.594444136731006,62.063,SF-P3O-v1,Walker2d-v4,3
57576,reward,1551,12.923953392837296,62.112,SF-P3O-v1,Walker2d-v4,3
57769,reward,1552,286.86539735011854,88.783,SF-P3O-v1,Walker2d-v4,3
57840,reward,1553,39.63609990270315,88.88,SF-P3O-v1,Walker2d-v4,3
58022,reward,1554,297.7361534370357,118.645,SF-P3O-v1,Walker2d-v4,3
58163,reward,1555,230.7243767495218,141.466,SF-P3O-v1,Walker2d-v4,3
58283,reward,1556,140.82484959909988,135.473,SF-P3O-v1,Walker2d-v4,3
58355,reward,1557,27.786291016361726,123.847,SF-P3O-v1,Walker2d-v4,3
58597,reward,1558,291.53341705347066,148.159,SF-P3O-v1,Walker2d-v4,3
58699,reward,1559,53.45805159513221,141.508,SF-P3O-v1,Walker2d-v4,3
58770,reward,1560,14.38033573897667,139.587,SF-P3O-v1,Walker2d-v4,3
58833,reward,1561,32.55120859756704,141.55,SF-P3O-v1,Walker2d-v4,3
58918,reward,1562,42.911836342145,117.154,SF-P3O-v1,Walker2d-v4,3
59092,reward,1563,11.597642585964694,114.35,SF-P3O-v1,Walker2d-v4,3
59290,reward,1564,283.43887085237304,112.921,SF-P3O-v1,Walker2d-v4,3
59328,reward,1565,18.156904051752672,91.664,SF-P3O-v1,Walker2d-v4,3
59449,reward,1566,86.74989952386436,86.256,SF-P3O-v1,Walker2d-v4,3
59498,reward,1567,16.372218339341305,85.115,SF-P3O-v1,Walker2d-v4,3
59575,reward,1568,34.63707041804373,59.425,SF-P3O-v1,Walker2d-v4,3
59610,reward,1569,20.85843934186764,56.165,SF-P3O-v1,Walker2d-v4,3
59776,reward,1570,79.31649091340987,62.659,SF-P3O-v1,Walker2d-v4,3
59865,reward,1571,17.73016579339521,61.177,SF-P3O-v1,Walker2d-v4,3
60000,speed,625.54,1.91,SF-P3O-v1,Walker2d-v4,3
60001,spectral,0.016805,0.965172,0.188,SF-P3O-v1,Walker2d-v4,3
60017,reward,1572,245.6936937899943,81.455,SF-P3O-v1,Walker2d-v4,3
60160,reward,1573,233.37013664532458,103.632,SF-P3O-v1,Walker2d-v4,3
60466,reward,1574,387.5193892676562,114.04,SF-P3O-v1,Walker2d-v4,3
60547,reward,1575,29.12785459711554,115.138,SF-P3O-v1,Walker2d-v4,3
60632,reward,1576,66.91581502830368,113.154,SF-P3O-v1,Walker2d-v4,3
60735,reward,1577,42.51842286929434,115.769,SF-P3O-v1,Walker2d-v4,3
60813,reward,1578,40.9988488715145,116.405,SF-P3O-v1,Walker2d-v4,3
60974,reward,1579,243.66296037365075,138.685,SF-P3O-v1,Walker2d-v4,3
60984,reward,1580,0.6402035850076473,130.818,SF-P3O-v1,Walker2d-v4,3
61073,reward,1581,28.618981639814407,131.907,SF-P3O-v1,Walker2d-v4,3
61207,reward,1582,52.56864475564244,112.594,SF-P3O-v1,Walker2d-v4,3
61283,reward,1583,68.0095248725808,96.058,SF-P3O-v1,Walker2d-v4,3
61372,reward,1584,56.7564916579046,62.982,SF-P3O-v1,Walker2d-v4,3
61585,reward,1585,332.3112578740419,93.3,SF-P3O-v1,Walker2d-v4,3
61685,reward,1586,69.93967601604565,93.603,SF-P3O-v1,Walker2d-v4,3
61713,reward,1587,6.344956510025715,89.985,SF-P3O-v1,Walker2d-v4,3
61732,reward,1588,2.15965183516236,86.101,SF-P3O-v1,Walker2d-v4,3
61745,reward,1589,-0.7166704609889163,61.663,SF-P3O-v1,Walker2d-v4,3
61837,reward,1590,-5.332558492062184,61.066,SF-P3O-v1,Walker2d-v4,3
61944,reward,1591,16.227725233477216,59.827,SF-P3O-v1,Walker2d-v4,3
61984,reward,1592,18.128056328834184,56.383,SF-P3O-v1,Walker2d-v4,3
62089,reward,1593,169.16219494048568,66.498,SF-P3O-v1,Walker2d-v4,3
62232,reward,1594,34.93963689692138,64.316,SF-P3O-v1,Walker2d-v4,3
62272,reward,1595,11.059172356889519,32.191,SF-P3O-v1,Walker2d-v4,3
62369,reward,1596,37.39233019148128,28.936,SF-P3O-v1,Walker2d-v4,3
62448,reward,1597,49.5639833332028,33.258,SF-P3O-v1,Walker2d-v4,3
62493,reward,1598,26.070491047155205,35.649,SF-P3O-v1,Walker2d-v4,3
62566,reward,1599,44.018551425660085,40.123,SF-P3O-v1,Walker2d-v4,3
62675,reward,1600,-6.373539515281916,40.019,SF-P3O-v1,Walker2d-v4,3
62849,reward,1601,294.5930831560852,67.855,SF-P3O-v1,Walker2d-v4,3
62876,reward,1602,5.723408940359334,66.615,SF-P3O-v1,Walker2d-v4,3
62965,reward,1603,46.52867430836701,54.352,SF-P3O-v1,Walker2d-v4,3
63081,reward,1604,172.18711285728378,68.076,SF-P3O-v1,Walker2d-v4,3
63184,reward,1605,71.834583894088,74.154,SF-P3O-v1,Walker2d-v4,3
63330,reward,1606,34.43731312243432,73.858,SF-P3O-v1,Walker2d-v4,3
63431,reward,1607,27.04277203915041,71.606,SF-P3O-v1,Walker2d-v4,3
63502,reward,1608,22.067475782837967,71.206,SF-P3O-v1,Walker2d-v4,3
63541,reward,1609,17.93982957755635,68.598,SF-P3O-v1,Walker2d-v4,3
63688,reward,1610,41.03786069282527,73.339,SF-P3O-v1,Walker2d-v4,3
63802,reward,1611,42.596151291833216,48.14,SF-P3O-v1,Walker2d-v4,3
63876,reward,1612,34.35846054340954,51.003,SF-P3O-v1,Walker2d-v4,3
63960,reward,1613,-13.104506918055018,45.04,SF-P3O-v1,Walker2d-v4,3
63989,reward,1614,8.67728774126494,28.689,SF-P3O-v1,Walker2d-v4,3
64128,reward,1615,192.60524526387073,40.766,SF-P3O-v1,Walker2d-v4,3
64192,reward,1616,26.96456360496799,40.019,SF-P3O-v1,Walker2d-v4,3
64259,reward,1617,26.62923482083379,39.977,SF-P3O-v1,Walker2d-v4,3
64387,reward,1618,-49.79921020126367,32.79,SF-P3O-v1,Walker2d-v4,3
64436,reward,1619,38.44850798688313,34.841,SF-P3O-v1,Walker2d-v4,3
64576,reward,1620,233.98456572025992,54.136,SF-P3O-v1,Walker2d-v4,3
64605,reward,1621,10.982885074137101,50.975,SF-P3O-v1,Walker2d-v4,3
64715,reward,1622,22.999492358641998,49.839,SF-P3O-v1,Walker2d-v4,3
64779,reward,1623,45.75667043685813,55.725,SF-P3O-v1,Walker2d-v4,3
64813,reward,1624,19.083559996190992,56.766,SF-P3O-v1,Walker2d-v4,3
64895,reward,1625,70.95095938260498,44.6,SF-P3O-v1,Walker2d-v4,3
65020,reward,1626,22.55299440561781,44.159,SF-P3O-v1,Walker2d-v4,3
65237,reward,1627,304.319160062531,71.928,SF-P3O-v1,Walker2d-v4,3
65277,reward,1628,25.23334280596323,79.431,SF-P3O-v1,Walker2d-v4,3
65344,reward,1629,35.44212345665872,79.131,SF-P3O-v1,Walker2d-v4,3
65381,reward,1630,10.225110749222111,56.755,SF-P3O-v1,Walker2d-v4,3
65499,reward,1631,18.848486835634418,57.541,SF-P3O-v1,Walker2d-v4,3
65536,loss,0.0566418394446373,0.45772120356559753,SF-P3O-v1,Walker2d-v4,3
65536,diagnostics,0.0,54.32,18.2396,0.018213,0.964413,0.1982,0.123793,SF-P3O-v1,Walker2d-v4,3
65536,reward,1632,19.555871888464594,57.197,SF-P3O-v1,Walker2d-v4,3
65670,reward,1633,206.43340835005736,73.265,SF-P3O-v1,Walker2d-v4,3
65736,reward,1634,37.982034109952956,75.154,SF-P3O-v1,Walker2d-v4,3
65894,reward,1635,255.89774591833486,93.649,SF-P3O-v1,Walker2d-v4,3
65987,reward,1636,51.79898068182828,96.574,SF-P3O-v1,Walker2d-v4,3
66103,reward,1637,65.66414795992564,72.708,SF-P3O-v1,Walker2d-v4,3
66289,reward,1638,131.73929734199655,83.359,SF-P3O-v1,Walker2d-v4,3
66384,reward,1639,7.94149595915046,80.609,SF-P3O-v1,Walker2d-v4,3
66408,reward,1640,13.973941774640064,80.984,SF-P3O-v1,Walker2d-v4,3
66477,reward,1641,8.867526539979703,79.985,SF-P3O-v1,Walker2d-v4,3
66530,reward,1642,16.23071714184856,79.653,SF-P3O-v1,Walker2d-v4,3
66550,reward,1643,5.649513013474806,59.575,SF-P3O-v1,Walker2d-v4,3
66768,reward,1644,286.9927773660527,84.476,SF-P3O-v1,Walker2d-v4,3
66945,reward,1645,46.33033228059703,63.519,SF-P3O-v1,Walker2d-v4,3
66991,reward,1646,13.861720275342899,59.725,SF-P3O-v1,Walker2d-v4,3
67044,reward,1647,19.46964275823224,55.106,SF-P3O-v1,Walker2d-v4,3
67133,reward,1648,38.6631672985945,45.798,SF-P3O-v1,Walker2d-v4,3
67232,reward,1649,30.133103276739238,48.017,SF-P3O-v1,Walker2d-v4,3
67346,reward,1650,52.99426150113732,51.919,SF-P3O-v1,Walker2d-v4,3
67384,reward,1651,28.100100845630624,53.843,SF-P3O-v1,Walker2d-v4,3
67471,reward,1652,15.644306633672944,53.784,SF-P3O-v1,Walker2d-v4,3
67575,reward,1653,17.648794254895257,54.984,SF-P3O-v1,Walker2d-v4,3
67640,reward,1654,66.42212960442083,32.927,SF-P3O-v1,Walker2d-v4,3
67737,reward,1655,92.29978525692772,37.524,SF-P3O-v1,Walker2d-v4,3
67923,reward,1656,98.97383138175854,46.035,SF-P3O-v1,Walker2d-v4,3
68050,reward,1657,57.83680307828462,49.872,SF-P3O-v1,Walker2d-v4,3
68154,reward,1658,49.78878482567374,50.984,SF-P3O-v1,Walker2d-v4,3
68319,reward,1659,206.084225943465,68.579,SF-P3O-v1,Walker2d-v4,3
68519,reward,1660,287.04213458557444,91.984,SF-P3O-v1,Walker2d-v4,3
68695,reward,1661,71.68022284832408,96.342,SF-P3O-v1,Walker2d-v4,3
68805,reward,1662,-39.127207307063934,90.865,SF-P3O-v1,Walker2d-v4,3
68842,reward,1663,33.32865308023015,92.433,SF-P3O-v1,Walker2d-v4,3
68921,reward,1664,24.992663758724536,88.29,SF-P3O-v1,Walker2d-v4,3
69008,reward,1665,26.074707316998605,81.667,SF-P3O-v1,Walker2d-v4,3
69100,reward,1666,26.433713413100804,74.413,SF-P3O-v1,Walker2d-v4,3
69183,reward,1667,13.723035667705505,70.002,SF-P3O-v1,Walker2d-v4,3
69230,reward,1668,25.28532334009732,67.552,SF-P3O-v1,Walker2d-v4,3
69360,reward,1669,242.53744456857683,71.197,SF-P3O-v1,Walker2d-v4,3
69471,reward,1670,159.10776183039212,58.404,SF-P3O-v1,Walker2d-v4,3
69546,reward,1671,44.76052451283524,55.712,SF-P3O-v1,Walker2d-v4,3
69701,reward,1672,11.626303132202533,60.787,SF-P3O-v1,Walker2d-v4,3
69810,reward,1673,-20.649071887788246,55.389,SF-P3O-v1,Walker2d-v4,3
69889,reward,1674,0.5331715148952689,52.943,SF-P3O-v1,Walker2d-v4,3
69995,reward,1675,20.489829270773374,52.385,SF-P3O-v1,Walker2d-v4,3
70000,speed,616.54,2.18,SF-P3O-v1,Walker2d-v4,3
70001,spectral,0.018213,0.964413,0.1982,SF-P3O-v1,Walker2d-v4,3
70116,reward,1676,202.09959500878415,69.951,SF-P3O-v1,Walker2d-v4,3
70219,reward,1677,30.87781650128861,71.667,SF-P3O-v1,Walker2d-v4,3
70320,reward,1678,45.454225492298846,73.684,SF-P3O-v1,Walker2d-v4,3
70403,reward,1679,81.60286798018377,57.59,SF-P3O-v1,Walker2d-v4,3
70496,reward,1680,16.600986604495496,43.34,SF-P3O-v1,Walker2d-v4,3
70616,reward,1681,3.6684685244407302,39.23,SF-P3O-v1,Walker2d-v4,3
70826,reward,1682,15.225012158658336,39.59,SF-P3O-v1,Walker2d-v4,3
70979,reward,1683,235.41433750369947,65.197,SF-P3O-v1,Walker2d-v4,3
71221,reward,1684,162.02072046330838,81.345,SF-P3O-v1,Walker2d-v4,3
71301,reward,1685,36.97114543204843,82.994,SF-P3O-v1,Walker2d-v4,3
71325,reward,1686,6.786511262743125,63.462,SF-P3O-v1,Walker2d-v4,3
71398,reward,1687,7.95608320940172,61.17,SF-P3O-v1,Walker2d-v4,3
71497,reward,1688,38.02088055182538,60.427,SF-P3O-v1,Walker2d-v4,3
71543,reward,1689,12.276337185513972,53.494,SF-P3O-v1,Walker2d-v4,3
71629,reward,1690,65.41250235084729,58.375,SF-P3O-v1,Walker2d-v4,3
71873,reward,1691,143.20241634541924,72.329,SF-P3O-v1,Walker2d-v4,3
71997,reward,1692,199.48649901271517,90.755,SF-P3O-v1,Walker2d-v4,3
72163,reward,1693,40.739990942542896,71.287,SF-P3O-v1,Walker2d-v4,3
72232,reward,1694,27.29940725487945,57.815,SF-P3O-v1,Walker2d-v4,3
72273,reward,1695,18.793122792423862,55.997,SF-P3O-v1,Walker2d-v4,3
72286,reward,1696,4.005830269577115,55.719,SF-P3O-v1,Walker2d-v4,3
72473,reward,1697,35.42483375123134,58.466,SF-P3O-v1,Walker2d-v4,3
72543,reward,1698,33.25949497054163,57.99,SF-P3O-v1,Walker2d-v4,3
72578,reward,1699,21.06333214363645,58.869,SF-P3O-v1,Walker2d-v4,3
72595,reward,1700,6.700290358359248,52.998,SF-P3O-v1,Walker2d-v4,3
72611,reward,1701,4.332457280350068,39.111,SF-P3O-v1,Walker2d-v4,3
72740,reward,1702,16.82106380543042,20.844,SF-P3O-v1,Walker2d-v4,3
72765,reward,1703,7.494817878950198,17.519,SF-P3O-v1,Walker2d-v4,3
72822,reward,1704,58.3975551639392,20.629,SF-P3O-v1,Walker2d-v4,3
72903,reward,1705,36.16711581756561,22.367,SF-P3O-v1,Walker2d-v4,3
72923,reward,1706,5.389814450984723,22.505,SF-P3O-v1,Walker2d-v4,3
73080,reward,1707,269.7743320378303,45.94,SF-P3O-v1,Walker2d-v4,3
73192,reward,1708,18.03429928478787,44.418,SF-P3O-v1,Walker2d-v4,3
73297,reward,1709,-2.1710009941605284,42.094,SF-P3O-v1,Walker2d-v4,3
73360,reward,1710,36.98432299515247,45.122,SF-P3O-v1,Walker2d-v4,3
73460,reward,1711,44.26338069918767,49.116,SF-P3O-v1,Walker2d-v4,3
73475,reward,1712,2.629623338443952,47.696,SF-P3O-v1,Walker2d-v4,3
73519,reward,1713,39.02219107408904,50.849,SF-P3O-v1,Walker2d-v4,3
73677,reward,1714,81.84105977788278,53.194,SF-P3O-v1,Walker2d-v4,3
73728,loss,-0.010976969264447689,0.2846425473690033,SF-P3O-v1,Walker2d-v4,3
73749,reward,1715,16.70154447449601,51.247,SF-P3O-v1,Walker2d-v4,3
73820,reward,1716,56.05352101804777,56.313,SF-P3O-v1,Walker2d-v4,3
73972,reward,1717,217.5230389352217,51.088,SF-P3O-v1,Walker2d-v4,3
74022,reward,1718,24.729928960220178,51.758,SF-P3O-v1,Walker2d-v4,3
74163,reward,1719,243.1770676941788,76.293,SF-P3O-v1,Walker2d-v4,3
74230,reward,1720,45.96299713489393,77.19,SF-P3O-v1,Walker2d-v4,3
74411,reward,1721,60.481779198884595,78.812,SF-P3O-v1,Walker2d-v4,3
74478,reward,1722,52.33799104533295,83.783,SF-P3O-v1,Walker2d-v4,3
74536,reward,1723,28.15230575022723,82.696,SF-P3O-v1,Walker2d-v4,3
74596,reward,1724,24.902603546927267,77.002,SF-P3O-v1,Walker2d-v4,3
74712,reward,1725,33.450488119625064,78.677,SF-P3O-v1,Walker2d-v4,3
74767,reward,1726,28.287424504721525,75.901,SF-P3O-v1,Walker2d-v4,3
74902,reward,1727,111.79374975771826,65.328,SF-P3O-v1,Walker2d-v4,3
75082,reward,1728,276.80624344401417,90.535,SF-P3O-v1,Walker2d-v4,3
75224,reward,1729,258.3025701583344,92.048,SF-P3O-v1,Walker2d-v4,3
75387,reward,1730,173.4803072885583,104.8,SF-P3O-v1,Walker2d-v4,3
75514,reward,1731,181.2944193590385,116.881,SF-P3O-v1,Walker2d-v4,3
75681,reward,1732,46.63823660956131,116.311,SF-P3O-v1,Walker2d-v4,3
75807,reward,1733,38.09980937445341,117.306,SF-P3O-v1,Walker2d-v4,3
75899,reward,1734,73.82615389907443,122.198,SF-P3O-v1,Walker2d-v4,3
76038,reward,1735,221.68463437501615,141.021,SF-P3O-v1,Walker2d-v4,3
76121,reward,1736,21.485885565446992,140.341,SF-P3O-v1,Walker2d-v4,3
76256,reward,1737,86.98951814190953,137.861,SF-P3O-v1,Walker2d-v4,3
76343,reward,1738,55.84850944252714,115.765,SF-P3O-v1,Walker2d-v4,3
76447,reward,1739,101.61584991921757,100.096,SF-P3O-v1,Walker2d-v4,3
76521,reward,1740,28.502276250074125,85.599,SF-P3O-v1,Walker2d-v4,3
76733,reward,1741,337.6646425496914,101.236,SF-P3O-v1,Walker2d-v4,3
76845,reward,1742,26.126192903446736,99.184,SF-P3O-v1,Walker2d-v4,3
76931,reward,1743,79.89352376756521,103.364,SF-P3O-v1,Walker2d-v4,3
77086,reward,1744,271.711339197153,123.152,SF-P3O-v1,Walker2d-v4,3
77136,reward,1745,36.081091265875095,104.592,SF-P3O-v1,Walker2d-v4,3
77361,reward,1746,356.97932642669633,138.141,SF-P3O-v1,Walker2d-v4,3
77556,reward,1747,84.25336248406654,137.868,SF-P3O-v1,Walker2d-v4,3
77693,reward,1748,96.74861056442857,141.958,SF-P3O-v1,Walker2d-v4,3
77851,reward,1749,41.61733602131952,135.958,SF-P3O-v1,Walker2d-v4,3
78001,reward,1750,217.90881200135922,154.898,SF-P3O-v1,Walker2d-v4,3
78085,reward,1751,53.17223058205324,126.449,SF-P3O-v1,Walker2d-v4,3
78305,reward,1752,212.73704241995637,145.11,SF-P3O-v1,Walker2d-v4,3
78446,reward,1753,226.93649095112963,159.815,SF-P3O-v1,Walker2d-v4,3
78562,reward,1754,34.18165438946173,136.062,SF-P3O-v1,Walker2d-v4,3
78632,reward,1755,53.68503676379987,137.822,SF-P3O-v1,Walker2d-v4,3
78765,reward,1756,38.719345356955586,105.996,SF-P3O-v1,Walker2d-v4,3
78997,reward,1757,231.12503320139956,120.683,SF-P3O-v1,Walker2d-v4,3
79082,reward,1758,29.365961146138908,113.945,SF-P3O-v1,Walker2d-v4,3
79326,reward,1759,343.49664625371315,144.133,SF-P3O-v1,Walker2d-v4,3
79510,reward,1760,88.89239271707828,131.231,SF-P3O-v1,Walker2d-v4,3
79618,reward,1761,47.00428714563908,130.614,SF-P3O-v1,Walker2d-v4,3
79642,reward,1762,8.289888409592491,110.17,SF-P3O-v1,Walker2d-v4,3
79793,reward,1763,32.857039883280756,90.762,SF-P3O-v1,Walker2d-v4,3
79805,reward,1764,2.0843096353968558,87.552,SF-P3O-v1,Walker2d-v4,3
79976,reward,1765,268.2455396959506,109.008,SF-P3O-v1,Walker2d-v4,3
80000,speed,643.72,2.43,SF-P3O-v1,Walker2d-v4,3
80001,spectral,0.019452,0.964171,0.2075,SF-P3O-v1,Walker2d-v4,3
80038,reward,1766,33.60257730249751,108.496,SF-P3O-v1,Walker2d-v4,3
80193,reward,1767,230.84110755489021,108.468,SF-P3O-v1,Walker2d-v4,3
80372,reward,1768,314.2262709149914,136.954,SF-P3O-v1,Walker2d-v4,3
80507,reward,1769,206.00916343349374,123.205,SF-P3O-v1,Walker2d-v4,3
80711,reward,1770,278.9187794098425,142.208,SF-P3O-v1,Walker2d-v4,3
80871,reward,1771,134.82882435893737,150.99,SF-P3O-v1,Walker2d-v4,3
80944,reward,1772,49.54614843463549,155.116,SF-P3O-v1,Walker2d-v4,3
81036,reward,1773,80.37675985719756,159.868,SF-P3O-v1,Walker2d-v4,3
81098,reward,1774,40.296102226423116,163.689,SF-P3O-v1,Walker2d-v4,3
81269,reward,1775,276.4852346816924,164.513,SF-P3O-v1,Walker2d-v4,3
81399,reward,1776,133.13876701819157,174.467,SF-P3O-v1,Walker2d-v4,3
81638,reward,1777,209.53227155404005,172.336,SF-P3O-v1,Walker2d-v4,3
81715,reward,1778,45.74840879275945,145.488,SF-P3O-v1,Walker2d-v4,3
81785,reward,1779,22.077176248561358,127.095,SF-P3O-v1,Walker2d-v4,3
81801,reward,1780,8.240964610202237,100.027,SF-P3O-v1,Walker2d-v4,3
81920,loss,-0.011156122200191021,0.39513644576072693,SF-P3O-v1,Walker2d-v4,3
81920,diagnostics,0.0,54.65,15.8628,0.020604,0.963303,0.2303,0.122574,SF-P3O-v1,Walker2d-v4,3
82080,reward,1781,402.8797985720227,126.832,SF-P3O-v1,Walker2d-v4,3
82190,reward,1782,71.69182647447003,129.047,SF-P3O-v1,Walker2d-v4,3
82352,reward,1783,53.913970069590135,126.4,SF-P3O-v1,Walker2d-v4,3
82527,reward,1784,290.83847772222225,151.455,SF-P3O-v1,Walker2d-v4,3
82647,reward,1785,-22.571426677856618,121.549,SF-P3O-v1,Walker2d-v4,3
82803,reward,1786,218.59838703496354,130.095,SF-P3O-v1,Walker2d-v4,3
82971,reward,1787,151.04620293566657,124.246,SF-P3O-v1,Walker2d-v4,3
83114,reward,1788,97.69099449766655,129.441,SF-P3O-v1,Walker2d-v4,3
83175,reward,1789,12.757441126090672,128.509,SF-P3O-v1,Walker2d-v4,3
83461,reward,1790,157.88564376158575,143.473,SF-P3O-v1,Walker2d-v4,3
83707,reward,1791,255.83849601720448,128.769,SF-P3O-v1,Walker2d-v4,3
83773,reward,1792,13.565838336074986,122.956,SF-P3O-v1,Walker2d-v4,3
83971,reward,1793,30.555674788233052,120.621,SF-P3O-v1,Walker2d-v4,3
84062,reward,1794,58.59956562315977,97.397,SF-P3O-v1,Walker2d-v4,3
84170,reward,1795,12.281161191940702,100.882,SF-P3O-v1,Walker2d-v4,3
84241,reward,1796,17.711423936088067,80.793,SF-P3O-v1,Walker2d-v4,3
84428,reward,1797,308.04734126225026,96.493,SF-P3O-v1,Walker2d-v4,3
84572,reward,1798,215.4982284947663,108.274,SF-P3O-v1,Walker2d-v4,3
84630,reward,1799,25.74000244813886,109.572,SF-P3O-v1,Walker2d-v4,3
84940,reward,1800,463.91476403150256,140.175,SF-P3O-v1,Walker2d-v4,3
85142,reward,1801,271.6040229369591,141.752,SF-P3O-v1,Walker2d-v4,3
85243,reward,1802,14.625978893722444,141.858,SF-P3O-v1,Walker2d-v4,3
85416,reward,1803,1.9611829210319058,138.998,SF-P3O-v1,Walker2d-v4,3
85517,reward,1804,66.11032075238847,139.749,SF-P3O-v1,Walker2d-v4,3
85602,reward,1805,23.557264928956,140.877,SF-P3O-v1,Walker2d-v4,3
85649,reward,1806,21.087892923502544,141.215,SF-P3O-v1,Walker2d-v4,3
86057,reward,1807,460.56101689062257,156.466,SF-P3O-v1,Walker2d-v4,3
86272,reward,1808,284.43289424593934,163.36,SF-P3O-v1,Walker2d-v4,3
86325,reward,1809,29.44835242418304,163.73,SF-P3O-v1,Walker2d-v4,3
86377,reward,1810,37.88845515722497,121.128,SF-P3O-v1,Walker2d-v4,3
86536,reward,1811,262.1385114996947,120.181,SF-P3O-v1,Walker2d-v4,3
86621,reward,1812,-13.322714596941196,117.386,SF-P3O-v1,Walker2d-v4,3
86787,reward,1813,262.6539587797364,143.456,SF-P3O-v1,Walker2d-v4,3
86908,reward,1814,88.0385005839208,145.648,SF-P3O-v1,Walker2d-v4,3
87136,reward,1815,342.82738617559784,177.575,SF-P3O-v1,Walker2d-v4,3
87279,reward,1816,70.22594166779595,182.489,SF-P3O-v1,Walker2d-v4,3
87362,reward,1817,50.104233114094306,141.444,SF-P3O-v1,Walker2d-v4,3
87485,reward,1818,50.02407283614709,118.003,SF-P3O-v1,Walker2d-v4,3
87540,reward,1819,20.736476925094532,117.131,SF-P3O-v1,Walker2d-v4,3
87684,reward,1820,244.06731604451372,137.749,SF-P3O-v1,Walker2d-v4,3
87812,reward,1821,26.91927201060238,114.227,SF-P3O-v1,Walker2d-v4,3
87849,reward,1822,28.418344408249354,118.402,SF-P3O-v1,Walker2d-v4,3
87950,reward,1823,65.84128528185389,98.72,SF-P3O-v1,Walker2d-v4,3
88040,reward,1824,8.432692193777761,90.76,SF-P3O-v1,Walker2d-v4,3
88195,reward,1825,33.23474362584861,59.8,SF-P3O-v1,Walker2d-v4,3
88420,reward,1826,156.9018593219068,68.468,SF-P3O-v1,Walker2d-v4,3
88512,reward,1827,89.70716683252846,72.428,SF-P3O-v1,Walker2d-v4,3
88651,reward,1828,-12.739909889898364,66.152,SF-P3O-v1,Walker2d-v4,3
88790,reward,1829,-11.204348860660957,62.958,SF-P3O-v1,Walker2d-v4,3
88872,reward,1830,13.29257178371802,39.88,SF-P3O-v1,Walker2d-v4,3
88965,reward,1831,21.63699055274677,39.352,SF-P3O-v1,Walker2d-v4,3
89052,reward,1832,5.643820864208889,37.075,SF-P3O-v1,Walker2d-v4,3
89193,reward,1833,33.97646370149362,33.888,SF-P3O-v1,Walker2d-v4,3
89280,reward,1834,29.12223113743446,35.957,SF-P3O-v1,Walker2d-v4,3
89490,reward,1835,342.16718898132865,66.85,SF-P3O-v1,Walker2d-v4,3
89556,reward,1836,14.508941146606604,52.611,SF-P3O-v1,Walker2d-v4,3
89637,reward,1837,24.052638433784747,46.046,SF-P3O-v1,Walker2d-v4,3
89800,reward,1838,247.4952797201181,72.069,SF-P3O-v1,Walker2d-v4,3
89943,reward,1839,219.61723520551692,95.151,SF-P3O-v1,Walker2d-v4,3
90000,speed,656.53,2.69,SF-P3O-v1,Walker2d-v4,3
90001,spectral,0.020604,0.963303,0.2303,SF-P3O-v1,Walker2d-v4,3
90112,loss,0.059025347232818604,0.4198623299598694,SF-P3O-v1,Walker2d-v4,3
90320,reward,1840,179.19223243321852,111.741,SF-P3O-v1,Walker2d-v4,3
90378,reward,1841,32.92960712750089,112.871,SF-P3O-v1,Walker2d-v4,3
90456,reward,1842,1.1271346848612451,112.419,SF-P3O-v1,Walker2d-v4,3
90718,reward,1843,410.71140588589964,150.092,SF-P3O-v1,Walker2d-v4,3
90806,reward,1844,60.51074527447295,153.231,SF-P3O-v1,Walker2d-v4,3
90815,reward,1845,-0.45245336917503,118.969,SF-P3O-v1,Walker2d-v4,3
91002,reward,1846,272.3510723268178,144.753,SF-P3O-v1,Walker2d-v4,3
91314,reward,1847,443.655795911476,186.714,SF-P3O-v1,Walker2d-v4,3
91468,reward,1848,33.30555608571731,165.295,SF-P3O-v1,Walker2d-v4,3
91570,reward,1849,33.00125942346501,146.633,SF-P3O-v1,Walker2d-v4,3
91678,reward,1850,9.390353346484396,129.653,SF-P3O-v1,Walker2d-v4,3
91858,reward,1851,82.58825827530636,134.619,SF-P3O-v1,Walker2d-v4,3
91996,reward,1852,221.5430733593649,156.661,SF-P3O-v1,Walker2d-v4,3
92074,reward,1853,-2.3281290518863855,115.357,SF-P3O-v1,Walker2d-v4,3
92236,reward,1854,121.28416424059263,121.434,SF-P3O-v1,Walker2d-v4,3
92317,reward,1855,27.794222197978456,124.259,SF-P3O-v1,Walker2d-v4,3
92470,reward,1856,108.24717011327719,107.848,SF-P3O-v1,Walker2d-v4,3
92647,reward,1857,81.35627411255591,71.618,SF-P3O-v1,Walker2d-v4,3
92780,reward,1858,208.0175767671171,89.089,SF-P3O-v1,Walker2d-v4,3
93067,reward,1859,149.03360172470195,100.693,SF-P3O-v1,Walker2d-v4,3
93515,reward,1860,545.0039241416346,154.254,SF-P3O-v1,Walker2d-v4,3
93619,reward,1861,81.86594160992681,154.182,SF-P3O-v1,Walker2d-v4,3
93842,reward,1862,90.41723380926261,141.069,SF-P3O-v1,Walker2d-v4,3
93957,reward,1863,-7.795275228830786,140.522,SF-P3O-v1,Walker2d-v4,3
94114,reward,1864,106.95912684764895,139.09,SF-P3O-v1,Walker2d-v4,3
94226,reward,1865,12.75777068124895,137.586,SF-P3O-v1,Walker2d-v4,3
94369,reward,1866,233.18803114902386,150.08,SF-P3O-v1,Walker2d-v4,3
94782,reward,1867,420.6490694557306,184.01,SF-P3O-v1,Walker2d-v4,3
94912,reward,1868,249.29799612835865,188.138,SF-P3O-v1,Walker2d-v4,3
95398,reward,1869,290.4356088002097,202.278,SF-P3O-v1,Walker2d-v4,3
95531,reward,1870,229.25670321149312,170.703,SF-P3O-v1,Walker2d-v4,3
95706,reward,1871,36.69386880205354,166.186,SF-P3O-v1,Walker2d-v4,3
95774,reward,1872,8.48554704471383,157.993,SF-P3O-v1,Walker2d-v4,3
95906,reward,1873,199.66676708790342,178.739,SF-P3O-v1,Walker2d-v4,3
96066,reward,1874,88.50201748578621,176.893,SF-P3O-v1,Walker2d-v4,3
96191,reward,1875,43.794798383600636,179.997,SF-P3O-v1,Walker2d-v4,3
96258,reward,1876,39.113157026187935,160.59,SF-P3O-v1,Walker2d-v4,3
96413,reward,1877,230.8283521210588,141.607,SF-P3O-v1,Walker2d-v4,3
96551,reward,1878,253.8433717359792,142.062,SF-P3O-v1,Walker2d-v4,3
96747,reward,1879,266.31219867050385,139.65,SF-P3O-v1,Walker2d-v4,3
96893,reward,1880,55.5797519218296,122.282,SF-P3O-v1,Walker2d-v4,3
96975,reward,1881,15.48169896010411,120.161,SF-P3O-v1,Walker2d-v4,3
97167,reward,1882,26.88866658127249,122.001,SF-P3O-v1,Walker2d-v4,3
97278,reward,1883,49.08146011101474,106.943,SF-P3O-v1,Walker2d-v4,3
97433,reward,1884,103.45471163918988,108.438,SF-P3O-v1,Walker2d-v4,3
97527,reward,1885,64.44800829152307,110.503,SF-P3O-v1,Walker2d-v4,3
97903,reward,1886,354.5885220507901,142.051,SF-P3O-v1,Walker2d-v4,3
98040,reward,1887,117.79986457866697,130.748,SF-P3O-v1,Walker2d-v4,3
98241,reward,1888,312.74607237723603,136.638,SF-P3O-v1,Walker2d-v4,3
98304,loss,-0.08438184857368469,0.3396773040294647,SF-P3O-v1,Walker2d-v4,3
98304,diagnostics,0.0,54.99,9.22,0.022404,0.962678,0.2527,0.120758,SF-P3O-v1,Walker2d-v4,3
98377,reward,1889,18.30960944320794,111.838,SF-P3O-v1,Walker2d-v4,3
98491,reward,1890,198.58717941500296,126.139,SF-P3O-v1,Walker2d-v4,3
98563,reward,1891,22.01897320780296,126.792,SF-P3O-v1,Walker2d-v4,3
98744,reward,1892,114.18998354920153,135.522,SF-P3O-v1,Walker2d-v4,3
98817,reward,1893,30.942222094634236,133.709,SF-P3O-v1,Walker2d-v4,3
98972,reward,1894,32.925775291691494,126.656,SF-P3O-v1,Walker2d-v4,3
99176,reward,1895,163.93956797182037,136.605,SF-P3O-v1,Walker2d-v4,3
99443,reward,1896,201.66692595578803,121.313,SF-P3O-v1,Walker2d-v4,3
99474,reward,1897,14.539210868977237,110.987,SF-P3O-v1,Walker2d-v4,3
99535,reward,1898,14.895615611302727,81.202,SF-P3O-v1,Walker2d-v4,3
99748,reward,1899,323.030430168435,111.674,SF-P3O-v1,Walker2d-v4,3
100000,speed,441.19,3.07,SF-P3O-v1,Walker2d-v4,3
100001,spectral,0.022404,0.962678,0.2527,SF-P3O-v1,Walker2d-v4,3
100015,reward,1900,328.4261035284278,124.657,SF-P3O-v1,Walker2d-v4,3
100233,reward,1901,69.51968995277923,129.408,SF-P3O-v1,Walker2d-v4,3
100375,reward,1902,201.70595356509932,138.159,SF-P3O-v1,Walker2d-v4,3
100576,reward,1903,291.1614958477573,164.181,SF-P3O-v1,Walker2d-v4,3
100776,reward,1904,149.91395612780536,175.88,SF-P3O-v1,Walker2d-v4,3
100865,reward,1905,28.928698585639538,162.379,SF-P3O-v1,Walker2d-v4,3
101035,reward,1906,225.19362751753434,164.731,SF-P3O-v1,Walker2d-v4,3
101284,reward,1907,58.4774724836578,169.125,SF-P3O-v1,Walker2d-v4,3
101335,reward,1908,34.67112607098792,171.103,SF-P3O-v1,Walker2d-v4,3
101530,reward,1909,292.9418862568557,168.094,SF-P3O-v1,Walker2d-v4,3
101619,reward,1910,59.45890143466377,141.197,SF-P3O-v1,Walker2d-v4,3
101753,reward,1911,66.88154007227625,140.933,SF-P3O-v1,Walker2d-v4,3
101967,reward,1912,286.1427535677061,149.377,SF-P3O-v1,Walker2d-v4,3
102030,reward,1913,28.55517320841652,123.117,SF-P3O-v1,Walker2d-v4,3
102117,reward,1914,39.46907467266476,112.072,SF-P3O-v1,Walker2d-v4,3
102291,reward,1915,299.86324483971197,139.165,SF-P3O-v1,Walker2d-v4,3
102429,reward,1916,236.56655226714622,140.303,SF-P3O-v1,Walker2d-v4,3
102555,reward,1917,221.34123423804851,156.589,SF-P3O-v1,Walker2d-v4,3
102817,reward,1918,74.72150375209571,160.594,SF-P3O-v1,Walker2d-v4,3
102923,reward,1919,202.82574198713726,151.583,SF-P3O-v1,Walker2d-v4,3
103081,reward,1920,29.490064577860817,148.586,SF-P3O-v1,Walker2d-v4,3
103240,reward,1921,61.18599773586152,148.016,SF-P3O-v1,Walker2d-v4,3
103319,reward,1922,87.44150127844672,128.146,SF-P3O-v1,Walker2d-v4,3
103849,reward,1923,547.6471380839405,180.055,SF-P3O-v1,Walker2d-v4,3
104001,reward,1924,241.0827571777128,200.217,SF-P3O-v1,Walker2d-v4,3
104285,reward,1925,233.06615991776692,193.537,SF-P3O-v1,Walker2d-v4,3
104436,reward,1926,214.8146158232759,191.362,SF-P3O-v1,Walker2d-v4,3
104589,reward,1927,206.29102823506977,189.857,SF-P3O-v1,Walker2d-v4,3
104739,reward,1928,226.64807899430596,205.049,SF-P3O-v1,Walker2d-v4,3
104804,reward,1929,37.19045183272403,188.486,SF-P3O-v1,Walker2d-v4,3
104978,reward,1930,124.8161150139931,198.018,SF-P3O-v1,Walker2d-v4,3
105091,reward,1931,38.021434143507705,195.702,SF-P3O-v1,Walker2d-v4,3
105422,reward,1932,365.17182783824734,223.475,SF-P3O-v1,Walker2d-v4,3
105589,reward,1933,98.15966749558544,178.526,SF-P3O-v1,Walker2d-v4,3
105874,reward,1934,321.2019953389671,186.538,SF-P3O-v1,Walker2d-v4,3
105972,reward,1935,29.794688291564203,166.211,SF-P3O-v1,Walker2d-v4,3
106068,reward,1936,25.724608605340855,147.302,SF-P3O-v1,Walker2d-v4,3
106268,reward,1937,293.19963928175247,155.993,SF-P3O-v1,Walker2d-v4,3
106458,reward,1938,322.50953746439546,165.579,SF-P3O-v1,Walker2d-v4,3
106496,loss,-0.0665079653263092,0.47931626439094543,SF-P3O-v1,Walker2d-v4,3
106576,reward,1939,210.56343078447907,182.916,SF-P3O-v1,Walker2d-v4,3
106718,reward,1940,91.81367377182428,179.616,SF-P3O-v1,Walker2d-v4,3
106913,reward,1941,78.01582437441901,183.615,SF-P3O-v1,Walker2d-v4,3
107067,reward,1942,230.4442505447882,170.143,SF-P3O-v1,Walker2d-v4,3
107149,reward,1943,38.13601020911538,164.14,SF-P3O-v1,Walker2d-v4,3
107454,reward,1944,125.08893458293291,144.529,SF-P3O-v1,Walker2d-v4,3
107563,reward,1945,40.08773989301872,145.558,SF-P3O-v1,Walker2d-v4,3
107719,reward,1946,11.555625408645888,144.141,SF-P3O-v1,Walker2d-v4,3
107834,reward,1947,66.16506922246374,121.438,SF-P3O-v1,Walker2d-v4,3
107970,reward,1948,243.8675361687425,113.574,SF-P3O-v1,Walker2d-v4,3
108210,reward,1949,111.9395368348151,103.711,SF-P3O-v1,Walker2d-v4,3
108408,reward,1950,244.2572482611958,118.956,SF-P3O-v1,Walker2d-v4,3
108581,reward,1951,296.01970885176735,140.756,SF-P3O-v1,Walker2d-v4,3
108708,reward,1952,70.23077700745635,124.735,SF-P3O-v1,Walker2d-v4,3
108752,reward,1953,22.467245896600698,123.168,SF-P3O-v1,Walker2d-v4,3
108922,reward,1954,34.702730001767655,114.129,SF-P3O-v1,Walker2d-v4,3
109119,reward,1955,290.6788837821609,139.188,SF-P3O-v1,Walker2d-v4,3
109269,reward,1956,251.11242662064282,163.144,SF-P3O-v1,Walker2d-v4,3
109432,reward,1957,223.32768581935875,178.86,SF-P3O-v1,Walker2d-v4,3
109570,reward,1958,253.96491856746124,179.87,SF-P3O-v1,Walker2d-v4,3
109737,reward,1959,63.565758422058984,175.033,SF-P3O-v1,Walker2d-v4,3
109944,reward,1960,321.082048019674,182.715,SF-P3O-v1,Walker2d-v4,3
110000,speed,620.98,3.33,SF-P3O-v1,Walker2d-v4,3
110001,spectral,0.02293,0.963191,0.2636,SF-P3O-v1,Walker2d-v4,3
110107,reward,1961,310.7833413436686,184.192,SF-P3O-v1,Walker2d-v4,3
110329,reward,1962,85.31590012885056,185.7,SF-P3O-v1,Walker2d-v4,3
110426,reward,1963,54.34030016116333,188.887,SF-P3O-v1,Walker2d-v4,3
110492,reward,1964,44.066936208340195,189.824,SF-P3O-v1,Walker2d-v4,3
110630,reward,1965,39.13159270267323,164.669,SF-P3O-v1,Walker2d-v4,3
110899,reward,1966,309.3300618849789,170.491,SF-P3O-v1,Walker2d-v4,3
110947,reward,1967,32.506743967600976,151.409,SF-P3O-v1,Walker2d-v4,3
111052,reward,1968,13.6925655366622,127.382,SF-P3O-v1,Walker2d-v4,3
111185,reward,1969,236.76291997075617,144.701,SF-P3O-v1,Walker2d-v4,3
111296,reward,1970,65.21734413237425,119.115,SF-P3O-v1,Walker2d-v4,3
111449,reward,1971,272.85237482694953,115.322,SF-P3O-v1,Walker2d-v4,3
111633,reward,1972,330.2169667666637,139.812,SF-P3O-v1,Walker2d-v4,3
111824,reward,1973,335.7907850892261,167.957,SF-P3O-v1,Walker2d-v4,3
112049,reward,1974,302.29796434715405,193.78,SF-P3O-v1,Walker2d-v4,3
112276,reward,1975,333.7272750249551,223.24,SF-P3O-v1,Walker2d-v4,3
112382,reward,1976,42.3982570135348,196.546,SF-P3O-v1,Walker2d-v4,3
112564,reward,1977,108.53344224394883,204.149,SF-P3O-v1,Walker2d-v4,3
112621,reward,1978,54.74517473291782,208.254,SF-P3O-v1,Walker2d-v4,3
112742,reward,1979,54.68740485170919,190.047,SF-P3O-v1,Walker2d-v4,3
112917,reward,1980,267.7079977573123,210.296,SF-P3O-v1,Walker2d-v4,3
113092,reward,1981,148.45118091153628,197.856,SF-P3O-v1,Walker2d-v4,3
113276,reward,1982,44.83139024757557,169.317,SF-P3O-v1,Walker2d-v4,3
113388,reward,1983,43.81272655586746,140.119,SF-P3O-v1,Walker2d-v4,3
113729,reward,1984,236.35187843813077,133.525,SF-P3O-v1,Walker2d-v4,3
113870,reward,1985,188.38519073944863,118.99,SF-P3O-v1,Walker2d-v4,3
114016,reward,1986,20.69231017483529,116.82,SF-P3O-v1,Walker2d-v4,3
114340,reward,1987,422.796980108264,148.246,SF-P3O-v1,Walker2d-v4,3
114517,reward,1988,97.41005892797935,152.513,SF-P3O-v1,Walker2d-v4,3
114688,loss,-0.07097120583057404,0.4725716710090637,SF-P3O-v1,Walker2d-v4,3
114688,diagnostics,0.0,55.33,30.2882,0.023707,0.963661,0.2458,0.119639,SF-P3O-v1,Walker2d-v4,3
114712,reward,1989,309.6594632326033,178.01,SF-P3O-v1,Walker2d-v4,3
115072,reward,1990,396.6887544615582,190.908,SF-P3O-v1,Walker2d-v4,3
115255,reward,1991,235.2139632214079,199.584,SF-P3O-v1,Walker2d-v4,3
115373,reward,1992,190.32103021012796,214.133,SF-P3O-v1,Walker2d-v4,3
115502,reward,1993,215.56280733767852,231.308,SF-P3O-v1,Walker2d-v4,3
115517,reward,1994,5.167022217777786,208.19,SF-P3O-v1,Walker2d-v4,3
115530,reward,1995,2.6972986569942448,189.621,SF-P3O-v1,Walker2d-v4,3
115752,reward,1996,135.88518722424325,201.14,SF-P3O-v1,Walker2d-v4,3
115937,reward,1997,182.3486660714416,177.095,SF-P3O-v1,Walker2d-v4,3
116007,reward,1998,55.36053451921856,172.89,SF-P3O-v1,Walker2d-v4,3
116070,reward,1999,47.42448198196035,146.667,SF-P3O-v1,Walker2d-v4,3
116112,reward,2000,25.597350736212412,109.558,SF-P3O-v1,Walker2d-v4,3
116229,reward,2001,175.00470233969554,103.537,SF-P3O-v1,Walker2d-v4,3
116352,reward,2002,23.329900126703393,86.838,SF-P3O-v1,Walker2d-v4,3
116498,reward,2003,240.30388235653905,89.312,SF-P3O-v1,Walker2d-v4,3
116619,reward,2004,54.655954599701374,94.261,SF-P3O-v1,Walker2d-v4,3
116765,reward,2005,66.62873847650374,100.654,SF-P3O-v1,Walker2d-v4,3
116924,reward,2006,301.3123818915515,117.197,SF-P3O-v1,Walker2d-v4,3
117225,reward,2007,358.4326201993061,134.805,SF-P3O-v1,Walker2d-v4,3
117436,reward,2008,107.44042535478677,140.013,SF-P3O-v1,Walker2d-v4,3
117707,reward,2009,130.18066506353318,148.289,SF-P3O-v1,Walker2d-v4,3
117759,reward,2010,30.504267604026104,148.779,SF-P3O-v1,Walker2d-v4,3
117862,reward,2011,51.065631594848696,136.385,SF-P3O-v1,Walker2d-v4,3
118221,reward,2012,259.33629703546194,159.986,SF-P3O-v1,Walker2d-v4,3
118395,reward,2013,291.6907839781314,165.125,SF-P3O-v1,Walker2d-v4,3
118667,reward,2014,132.12319923606907,172.872,SF-P3O-v1,Walker2d-v4,3
118978,reward,2015,396.9123570475433,205.9,SF-P3O-v1,Walker2d-v4,3
119019,reward,2016,15.848174869972096,177.353,SF-P3O-v1,Walker2d-v4,3
119178,reward,2017,272.15765612779956,168.726,SF-P3O-v1,Walker2d-v4,3
119312,reward,2018,224.12444123188232,180.394,SF-P3O-v1,Walker2d-v4,3
119456,reward,2019,245.55384191123832,191.932,SF-P3O-v1,Walker2d-v4,3
119852,reward,2020,401.1756704600672,228.999,SF-P3O-v1,Walker2d-v4,3
120000,speed,634.28,3.6,SF-P3O-v1,Walker2d-v4,3
120001,spectral,0.023707,0.963661,0.2458,SF-P3O-v1,Walker2d-v4,3
120385,reward,2021,254.44810346241601,249.337,SF-P3O-v1,Walker2d-v4,3
120771,reward,2022,448.5077911472021,268.254,SF-P3O-v1,Walker2d-v4,3
120823,reward,2023,33.61101089621968,242.446,SF-P3O-v1,Walker2d-v4,3
121215,reward,2024,464.73529642611754,275.707,SF-P3O-v1,Walker2d-v4,3
121413,reward,2025,303.048692247138,266.321,SF-P3O-v1,Walker2d-v4,3
121423,reward,2026,1.046665749086965,264.841,SF-P3O-v1,Walker2d-v4,3
121613,reward,2027,85.91707325132026,246.217,SF-P3O-v1,Walker2d-v4,3
121982,reward,2028,218.86374864743877,245.691,SF-P3O-v1,Walker2d-v4,3
122134,reward,2029,234.27980522202543,244.563,SF-P3O-v1,Walker2d-v4,3
122159,reward,2030,13.917057590290606,205.838,SF-P3O-v1,Walker2d-v4,3
122413,reward,2031,36.81684246680098,184.074,SF-P3O-v1,Walker2d-v4,3
122552,reward,2032,34.529897055619344,142.677,SF-P3O-v1,Walker2d-v4,3
122794,reward,2033,141.29272743134624,153.445,SF-P3O-v1,Walker2d-v4,3
122880,loss,0.016926664859056473,0.44832730293273926,SF-P3O-v1,Walker2d-v4,3
122891,reward,2034,23.04769741328059,109.276,SF-P3O-v1,Walker2d-v4,3
123058,reward,2035,259.02907628942955,104.874,SF-P3O-v1,Walker2d-v4,3
123228,reward,2036,275.874319028554,132.357,SF-P3O-v1,Walker2d-v4,3
123480,reward,2037,128.7640536883757,136.642,SF-P3O-v1,Walker2d-v4,3
123782,reward,2038,381.4772385849253,152.903,SF-P3O-v1,Walker2d-v4,3
123977,reward,2039,29.718992635636745,132.447,SF-P3O-v1,Walker2d-v4,3
124110,reward,2040,221.20633401854997,153.176,SF-P3O-v1,Walker2d-v4,3
124257,reward,2041,235.20871998751235,173.015,SF-P3O-v1,Walker2d-v4,3
124544,reward,2042,188.32803591857683,188.395,SF-P3O-v1,Walker2d-v4,3
124894,reward,2043,165.5678564792509,190.822,SF-P3O-v1,Walker2d-v4,3
125264,reward,2044,466.8870348285559,235.206,SF-P3O-v1,Walker2d-v4,3
125591,reward,2045,204.97679792844818,229.801,SF-P3O-v1,Walker2d-v4,3
125851,reward,2046,383.5930735542843,240.573,SF-P3O-v1,Walker2d-v4,3
126008,reward,2047,229.56784644099056,250.653,SF-P3O-v1,Walker2d-v4,3
126163,reward,2048,70.9713030888434,219.603,SF-P3O-v1,Walker2d-v4,3
126363,reward,2049,346.06173250931425,251.237,SF-P3O-v1,Walker2d-v4,3
126582,reward,2050,306.6140904717572,259.778,SF-P3O-v1,Walker2d-v4,3
126720,reward,2051,76.89830335979768,243.947,SF-P3O-v1,Walker2d-v4,3
126830,reward,2052,85.00392078331228,233.614,SF-P3O-v1,Walker2d-v4,3
126956,reward,2053,61.46276091882673,223.204,SF-P3O-v1,Walker2d-v4,3
127096,reward,2054,247.84680948743613,201.3,SF-P3O-v1,Walker2d-v4,3
127328,reward,2055,370.70786784568384,217.873,SF-P3O-v1,Walker2d-v4,3
127442,reward,2056,178.93678849027742,197.407,SF-P3O-v1,Walker2d-v4,3
127835,reward,2057,473.3756851164202,221.788,SF-P3O-v1,Walker2d-v4,3
128113,reward,2058,161.40615512129767,230.831,SF-P3O-v1,Walker2d-v4,3
128248,reward,2059,84.29450088756072,204.655,SF-P3O-v1,Walker2d-v4,3
128488,reward,2060,102.90501866779591,184.284,SF-P3O-v1,Walker2d-v4,3
128681,reward,2061,297.66122415753307,206.36,SF-P3O-v1,Walker2d-v4,3
129152,reward,2062,235.49294102768982,221.409,SF-P3O-v1,Walker2d-v4,3
129333,reward,2063,108.16492597329649,226.079,SF-P3O-v1,Walker2d-v4,3
129609,reward,2064,124.84989465384803,213.78,SF-P3O-v1,Walker2d-v4,3
130000,speed,654.65,3.85,SF-P3O-v1,Walker2d-v4,3
130001,spectral,0.024352,0.963527,0.2452,SF-P3O-v1,Walker2d-v4,3
130003,reward,2065,236.25756429796368,200.334,SF-P3O-v1,Walker2d-v4,3
130129,reward,2066,233.50617850117254,205.791,SF-P3O-v1,Walker2d-v4,3
130287,reward,2067,269.6009975529879,185.414,SF-P3O-v1,Walker2d-v4,3
130391,reward,2068,177.0779172545127,186.981,SF-P3O-v1,Walker2d-v4,3
130627,reward,2069,327.4427674364292,211.296,SF-P3O-v1,Walker2d-v4,3
130770,reward,2070,213.80592613344373,222.386,SF-P3O-v1,Walker2d-v4,3
131072,loss,0.030369069427251816,0.3442267179489136,SF-P3O-v1,Walker2d-v4,3
131072,diagnostics,0.0,55.67,11.7062,0.02501,0.963055,0.2407,0.118498,SF-P3O-v1,Walker2d-v4,3
131084,reward,2071,170.82614020231836,209.703,SF-P3O-v1,Walker2d-v4,3
131390,reward,2072,485.49006541876923,234.702,SF-P3O-v1,Walker2d-v4,3
131530,reward,2073,33.728557251800105,227.259,SF-P3O-v1,Walker2d-v4,3
131747,reward,2074,89.80843204178672,223.754,SF-P3O-v1,Walker2d-v4,3
131959,reward,2075,289.1569133768254,229.044,SF-P3O-v1,Walker2d-v4,3
132107,reward,2076,227.7459949866396,228.468,SF-P3O-v1,Walker2d-v4,3
132401,reward,2077,405.86933683842324,242.095,SF-P3O-v1,Walker2d-v4,3
132716,reward,2078,415.30078251931815,265.917,SF-P3O-v1,Walker2d-v4,3
132880,reward,2079,267.9874275987682,259.972,SF-P3O-v1,Walker2d-v4,3
133198,reward,2080,197.76280599252726,258.368,SF-P3O-v1,Walker2d-v4,3
133393,reward,2081,67.64376573668733,248.049,SF-P3O-v1,Walker2d-v4,3
133635,reward,2082,186.9836687731035,218.199,SF-P3O-v1,Walker2d-v4,3
133817,reward,2083,290.9675018026748,243.923,SF-P3O-v1,Walker2d-v4,3
134042,reward,2084,422.1322283111981,277.155,SF-P3O-v1,Walker2d-v4,3
134331,reward,2085,109.45871484033242,259.185,SF-P3O-v1,Walker2d-v4,3
134439,reward,2086,88.23790506480698,245.234,SF-P3O-v1,Walker2d-v4,3
134673,reward,2087,115.80532292526948,216.228,SF-P3O-v1,Walker2d-v4,3
134800,reward,2088,86.52078347296305,183.35,SF-P3O-v1,Walker2d-v4,3
135016,reward,2089,354.1121164047976,191.962,SF-P3O-v1,Walker2d-v4,3
135183,reward,2090,256.18119575411504,197.804,SF-P3O-v1,Walker2d-v4,3
135306,reward,2091,220.66082424472324,213.106,SF-P3O-v1,Walker2d-v4,3
135500,reward,2092,75.54316716808856,201.962,SF-P3O-v1,Walker2d-v4,3
135630,reward,2093,222.3160687541993,195.097,SF-P3O-v1,Walker2d-v4,3
135665,reward,2094,16.07790751261201,154.491,SF-P3O-v1,Walker2d-v4,3
135858,reward,2095,234.22294472099765,166.968,SF-P3O-v1,Walker2d-v4,3
135998,reward,2096,94.98922336612814,167.643,SF-P3O-v1,Walker2d-v4,3
136168,reward,2097,26.447237678464663,158.707,SF-P3O-v1,Walker2d-v4,3
136337,reward,2098,274.4823824260067,177.503,SF-P3O-v1,Walker2d-v4,3
136532,reward,2099,237.45593367989093,165.838,SF-P3O-v1,Walker2d-v4,3
136752,reward,2100,105.00549833584563,150.72,SF-P3O-v1,Walker2d-v4,3
136952,reward,2101,113.5298035061704,140.007,SF-P3O-v1,Walker2d-v4,3
137266,reward,2102,160.75371799552522,148.528,SF-P3O-v1,Walker2d-v4,3
137407,reward,2103,204.98788367748955,146.795,SF-P3O-v1,Walker2d-v4,3
137654,reward,2104,343.41937018102186,179.529,SF-P3O-v1,Walker2d-v4,3
138047,reward,2105,513.7514428833146,207.482,SF-P3O-v1,Walker2d-v4,3
138379,reward,2106,206.52046290362404,218.635,SF-P3O-v1,Walker2d-v4,3
138535,reward,2107,46.930614494339586,220.684,SF-P3O-v1,Walker2d-v4,3
138713,reward,2108,266.2444175859399,219.86,SF-P3O-v1,Walker2d-v4,3
138906,reward,2109,317.99346251502374,227.914,SF-P3O-v1,Walker2d-v4,3
139042,reward,2110,249.6015667937161,242.373,SF-P3O-v1,Walker2d-v4,3
139179,reward,2111,245.2577889507765,255.546,SF-P3O-v1,Walker2d-v4,3
139264,loss,-0.031455688178539276,0.4385438859462738,SF-P3O-v1,Walker2d-v4,3
139338,reward,2112,271.2127933107053,266.592,SF-P3O-v1,Walker2d-v4,3
139691,reward,2113,167.98511410997833,262.892,SF-P3O-v1,Walker2d-v4,3
139799,reward,2114,193.44069416448127,247.894,SF-P3O-v1,Walker2d-v4,3
139899,reward,2115,177.40806835400178,214.259,SF-P3O-v1,Walker2d-v4,3
140000,speed,431.04,4.24,SF-P3O-v1,Walker2d-v4,3
140001,spectral,0.025431,0.963147,0.2479,SF-P3O-v1,Walker2d-v4,3
140063,reward,2116,275.6271153623612,221.17,SF-P3O-v1,Walker2d-v4,3
140283,reward,2117,359.97252348159935,252.474,SF-P3O-v1,Walker2d-v4,3
140436,reward,2118,250.32368902575755,250.882,SF-P3O-v1,Walker2d-v4,3
140608,reward,2119,275.48701561399406,246.632,SF-P3O-v1,Walker2d-v4,3
140785,reward,2120,36.667180442419685,225.338,SF-P3O-v1,Walker2d-v4,3
141088,reward,2121,389.8273109925292,239.795,SF-P3O-v1,Walker2d-v4,3
141202,reward,2122,186.24158273942354,231.298,SF-P3O-v1,Walker2d-v4,3
141323,reward,2123,178.5504290960422,232.355,SF-P3O-v1,Walker2d-v4,3
141436,reward,2124,182.80115838080727,231.291,SF-P3O-v1,Walker2d-v4,3
141626,reward,2125,286.07693683147744,242.157,SF-P3O-v1,Walker2d-v4,3
141909,reward,2126,335.87682626972804,248.182,SF-P3O-v1,Walker2d-v4,3
142108,reward,2127,148.7727600001098,227.062,SF-P3O-v1,Walker2d-v4,3
142262,reward,2128,237.78184387797316,225.808,SF-P3O-v1,Walker2d-v4,3
142436,reward,2129,64.69224256816338,204.729,SF-P3O-v1,Walker2d-v4,3
142572,reward,2130,64.2859794491293,207.491,SF-P3O-v1,Walker2d-v4,3
142727,reward,2131,48.32555664029582,173.341,SF-P3O-v1,Walker2d-v4,3
142944,reward,2132,269.6931110141788,181.686,SF-P3O-v1,Walker2d-v4,3
143091,reward,2133,269.5535477696577,190.786,SF-P3O-v1,Walker2d-v4,3
143233,reward,2134,245.2200364277909,197.028,SF-P3O-v1,Walker2d-v4,3
143536,reward,2135,179.9258846817455,186.413,SF-P3O-v1,Walker2d-v4,3
143674,reward,2136,236.60524615819966,176.486,SF-P3O-v1,Walker2d-v4,3
143904,reward,2137,315.5462516628492,193.163,SF-P3O-v1,Walker2d-v4,3
144075,reward,2138,244.10266915259623,193.795,SF-P3O-v1,Walker2d-v4,3
144282,reward,2139,273.8169700251704,214.708,SF-P3O-v1,Walker2d-v4,3
144471,reward,2140,305.30146635460375,238.809,SF-P3O-v1,Walker2d-v4,3
144619,reward,2141,271.1993098732417,261.096,SF-P3O-v1,Walker2d-v4,3
144945,reward,2142,467.972703217319,280.924,SF-P3O-v1,Walker2d-v4,3
145099,reward,2143,124.33090606760801,266.402,SF-P3O-v1,Walker2d-v4,3
145277,reward,2144,256.1624997253132,267.496,SF-P3O-v1,Walker2d-v4,3
145403,reward,2145,225.004603884213,272.004,SF-P3O-v1,Walker2d-v4,3
145610,reward,2146,279.71140321246395,276.315,SF-P3O-v1,Walker2d-v4,3
145769,reward,2147,263.8343972886193,271.144,SF-P3O-v1,Walker2d-v4,3
146067,reward,2148,379.32908927674225,284.666,SF-P3O-v1,Walker2d-v4,3
146253,reward,2149,151.58459557334038,272.443,SF-P3O-v1,Walker2d-v4,3
146444,reward,2150,72.606693590248,249.174,SF-P3O-v1,Walker2d-v4,3
146598,reward,2151,260.1977713611732,248.073,SF-P3O-v1,Walker2d-v4,3
146609,reward,2152,1.2485897806513004,201.401,SF-P3O-v1,Walker2d-v4,3
147243,reward,2153,720.1669977733119,260.985,SF-P3O-v1,Walker2d-v4,3
147434,reward,2154,275.7215988131865,262.941,SF-P3O-v1,Walker2d-v4,3
147456,loss,-0.00887398049235344,0.4601167142391205,SF-P3O-v1,Walker2d-v4,3
147456,diagnostics,0.0,55.95,25.6766,0.025981,0.9627,0.2499,0.117563,SF-P3O-v1,Walker2d-v4,3
147589,reward,2155,260.4311893039882,266.483,SF-P3O-v1,Walker2d-v4,3
147601,reward,2156,2.8718731417317382,238.799,SF-P3O-v1,Walker2d-v4,3
147803,reward,2157,361.69732611283507,248.586,SF-P3O-v1,Walker2d-v4,3
147930,reward,2158,211.69113865214914,231.822,SF-P3O-v1,Walker2d-v4,3
148157,reward,2159,386.99896939107003,255.363,SF-P3O-v1,Walker2d-v4,3
148348,reward,2160,291.75328140923756,277.278,SF-P3O-v1,Walker2d-v4,3
148575,reward,2161,101.5220524850076,261.41,SF-P3O-v1,Walker2d-v4,3
148707,reward,2162,235.14630287405637,284.8,SF-P3O-v1,Walker2d-v4,3
149062,reward,2163,449.66813862110706,257.75,SF-P3O-v1,Walker2d-v4,3
149195,reward,2164,207.79761413737373,250.958,SF-P3O-v1,Walker2d-v4,3
149380,reward,2165,313.81367722740924,256.296,SF-P3O-v1,Walker2d-v4,3
149478,reward,2166,202.21937652276603,276.231,SF-P3O-v1,Walker2d-v4,3
149615,reward,2167,246.39859506221308,264.701,SF-P3O-v1,Walker2d-v4,3
149715,reward,2168,-6.074815350082529,242.924,SF-P3O-v1,Walker2d-v4,3
150000,speed,652.73,4.49,SF-P3O-v1,Walker2d-v4,3
150001,spectral,0.025981,0.9627,0.2499,SF-P3O-v1,Walker2d-v4,3
150181,reward,2169,396.52069169336676,243.876,SF-P3O-v1,Walker2d-v4,3
150379,reward,2170,336.98768549144,248.4,SF-P3O-v1,Walker2d-v4,3
150385,reward,2171,-2.284420819503829,238.019,SF-P3O-v1,Walker2d-v4,3
150557,reward,2172,282.99069074697843,242.804,SF-P3O-v1,Walker2d-v4,3
150906,reward,2173,137.56985839330304,211.594,SF-P3O-v1,Walker2d-v4,3
151118,reward,2174,330.51319540474043,223.865,SF-P3O-v1,Walker2d-v4,3
151319,reward,2175,347.2662153285827,227.211,SF-P3O-v1,Walker2d-v4,3
151544,reward,2176,278.89849077015447,234.879,SF-P3O-v1,Walker2d-v4,3
151691,reward,2177,76.35854590058202,217.875,SF-P3O-v1,Walker2d-v4,3
151941,reward,2178,361.210344343528,254.603,SF-P3O-v1,Walker2d-v4,3
152171,reward,2179,319.85635357697527,246.937,SF-P3O-v1,Walker2d-v4,3
152289,reward,2180,211.8479782581254,234.423,SF-P3O-v1,Walker2d-v4,3
152535,reward,2181,138.45869699811857,248.497,SF-P3O-v1,Walker2d-v4,3
152684,reward,2182,54.58409048289357,225.656,SF-P3O-v1,Walker2d-v4,3
152796,reward,2183,71.33234785059945,219.033,SF-P3O-v1,Walker2d-v4,3
152906,reward,2184,179.07009831761744,203.888,SF-P3O-v1,Walker2d-v4,3
153549,reward,2185,493.12612006513024,218.474,SF-P3O-v1,Walker2d-v4,3
153683,reward,2186,195.21809146737792,210.106,SF-P3O-v1,Walker2d-v4,3
153768,reward,2187,31.829545704535786,205.653,SF-P3O-v1,Walker2d-v4,3
154063,reward,2188,460.2001980986901,215.552,SF-P3O-v1,Walker2d-v4,3
154349,reward,2189,448.88723451353366,228.455,SF-P3O-v1,Walker2d-v4,3
154706,reward,2190,162.5263301639871,223.523,SF-P3O-v1,Walker2d-v4,3
154895,reward,2191,303.09048352150063,239.986,SF-P3O-v1,Walker2d-v4,3
155118,reward,2192,86.23634416986978,243.152,SF-P3O-v1,Walker2d-v4,3
155369,reward,2193,346.5094570077346,270.669,SF-P3O-v1,Walker2d-v4,3
155480,reward,2194,199.19841186384252,272.682,SF-P3O-v1,Walker2d-v4,3
155620,reward,2195,185.08126225392348,241.878,SF-P3O-v1,Walker2d-v4,3
155648,loss,0.0022107651457190514,0.47329965233802795,SF-P3O-v1,Walker2d-v4,3
155839,reward,2196,144.8914606259956,236.845,SF-P3O-v1,Walker2d-v4,3
156487,reward,2197,758.8709826849192,309.549,SF-P3O-v1,Walker2d-v4,3
156672,reward,2198,284.01017473769446,291.93,SF-P3O-v1,Walker2d-v4,3
156945,reward,2199,340.7095276111193,281.112,SF-P3O-v1,Walker2d-v4,3
157314,reward,2200,204.48923615981954,285.309,SF-P3O-v1,Walker2d-v4,3
157416,reward,2201,191.01919753296934,274.102,SF-P3O-v1,Walker2d-v4,3
157655,reward,2202,277.9415629603999,293.272,SF-P3O-v1,Walker2d-v4,3
157861,reward,2203,319.1819953387443,290.539,SF-P3O-v1,Walker2d-v4,3
158253,reward,2204,128.47128810160328,283.467,SF-P3O-v1,Walker2d-v4,3
158383,reward,2205,201.85855783561186,285.144,SF-P3O-v1,Walker2d-v4,3
158524,reward,2206,223.27857205490815,292.983,SF-P3O-v1,Walker2d-v4,3
158675,reward,2207,261.25067195827506,243.221,SF-P3O-v1,Walker2d-v4,3
158960,reward,2208,377.1859013288309,252.539,SF-P3O-v1,Walker2d-v4,3
159151,reward,2209,286.8030900857153,247.148,SF-P3O-v1,Walker2d-v4,3
159264,reward,2210,177.33080223992349,244.432,SF-P3O-v1,Walker2d-v4,3
159453,reward,2211,78.92500077205152,233.223,SF-P3O-v1,Walker2d-v4,3
159874,reward,2212,437.6677684774293,249.195,SF-P3O-v1,Walker2d-v4,3
160000,speed,630.69,4.76,SF-P3O-v1,Walker2d-v4,3
160001,spectral,0.026503,0.962904,0.2408,SF-P3O-v1,Walker2d-v4,3
160388,reward,2213,592.7291626759684,276.55,SF-P3O-v1,Walker2d-v4,3
160596,reward,2214,319.36376782423264,295.639,SF-P3O-v1,Walker2d-v4,3
160916,reward,2215,422.46795440500506,317.7,SF-P3O-v1,Walker2d-v4,3
161193,reward,2216,439.8847793088303,339.361,SF-P3O-v1,Walker2d-v4,3
161358,reward,2217,292.48886874900455,342.485,SF-P3O-v1,Walker2d-v4,3
161485,reward,2218,232.00618170901808,327.967,SF-P3O-v1,Walker2d-v4,3
161621,reward,2219,75.03280446368181,306.79,SF-P3O-v1,Walker2d-v4,3
161885,reward,2220,344.26014362871985,323.483,SF-P3O-v1,Walker2d-v4,3
162076,reward,2221,308.3379876999851,346.424,SF-P3O-v1,Walker2d-v4,3
162206,reward,2222,224.33570009123486,325.091,SF-P3O-v1,Walker2d-v4,3
162426,reward,2223,311.94300020550475,297.012,SF-P3O-v1,Walker2d-v4,3
162829,reward,2224,548.4744034776967,319.923,SF-P3O-v1,Walker2d-v4,3
163022,reward,2225,319.08780843712276,309.585,SF-P3O-v1,Walker2d-v4,3
163287,reward,2226,124.30740985931382,278.027,SF-P3O-v1,Walker2d-v4,3
163431,reward,2227,243.34892046272068,273.113,SF-P3O-v1,Walker2d-v4,3
163545,reward,2228,45.091533006060125,254.422,SF-P3O-v1,Walker2d-v4,3
163706,reward,2229,286.2547114487597,275.544,SF-P3O-v1,Walker2d-v4,3
163810,reward,2230,84.81671136197114,249.6,SF-P3O-v1,Walker2d-v4,3
163840,loss,0.03992947190999985,0.7137924432754517,SF-P3O-v1,Walker2d-v4,3
163840,diagnostics,0.0,56.24,33.0032,0.027006,0.962964,0.2491,0.117574,SF-P3O-v1,Walker2d-v4,3
163979,reward,2231,272.188558275408,245.985,SF-P3O-v1,Walker2d-v4,3
164156,reward,2232,302.4416678389659,253.795,SF-P3O-v1,Walker2d-v4,3
164292,reward,2233,210.30437053998176,243.632,SF-P3O-v1,Walker2d-v4,3
164481,reward,2234,293.5978116155474,218.144,SF-P3O-v1,Walker2d-v4,3
164835,reward,2235,428.63216073132264,229.098,SF-P3O-v1,Walker2d-v4,3
164977,reward,2236,254.3014261022558,242.098,SF-P3O-v1,Walker2d-v4,3
165097,reward,2237,191.6819340079833,236.931,SF-P3O-v1,Walker2d-v4,3
165351,reward,2238,150.68062405909265,247.49,SF-P3O-v1,Walker2d-v4,3
165467,reward,2239,214.90891204353633,240.355,SF-P3O-v1,Walker2d-v4,3
165652,reward,2240,301.41670654277027,262.015,SF-P3O-v1,Walker2d-v4,3
165768,reward,2241,197.1563059935263,254.512,SF-P3O-v1,Walker2d-v4,3
165866,reward,2242,160.92365541630312,240.36,SF-P3O-v1,Walker2d-v4,3
165979,reward,2243,216.69866658797304,241.0,SF-P3O-v1,Walker2d-v4,3
166183,reward,2244,249.46897957913941,236.587,SF-P3O-v1,Walker2d-v4,3
166340,reward,2245,133.03500371967326,207.027,SF-P3O-v1,Walker2d-v4,3
166611,reward,2246,357.9203009335952,217.389,SF-P3O-v1,Walker2d-v4,3
166757,reward,2247,274.7891179893199,225.7,SF-P3O-v1,Walker2d-v4,3
166941,reward,2248,281.96029012364164,238.828,SF-P3O-v1,Walker2d-v4,3
167218,reward,2249,458.119951877509,263.149,SF-P3O-v1,Walker2d-v4,3
167405,reward,2250,310.07781489203296,264.015,SF-P3O-v1,Walker2d-v4,3
167522,reward,2251,215.61098640013262,265.86,SF-P3O-v1,Walker2d-v4,3
167670,reward,2252,290.5781294313699,278.826,SF-P3O-v1,Walker2d-v4,3
167858,reward,2253,32.06787322800377,260.363,SF-P3O-v1,Walker2d-v4,3
168009,reward,2254,251.88205101772422,260.604,SF-P3O-v1,Walker2d-v4,3
168165,reward,2255,279.86446761779507,275.287,SF-P3O-v1,Walker2d-v4,3
168327,reward,2256,305.5892772922798,270.054,SF-P3O-v1,Walker2d-v4,3
168441,reward,2257,74.09876071607687,249.985,SF-P3O-v1,Walker2d-v4,3
168591,reward,2258,274.3955426592017,249.228,SF-P3O-v1,Walker2d-v4,3
168649,reward,2259,46.61020081851705,208.078,SF-P3O-v1,Walker2d-v4,3
168840,reward,2260,348.5722163456374,211.927,SF-P3O-v1,Walker2d-v4,3
169024,reward,2261,122.2003464105912,202.586,SF-P3O-v1,Walker2d-v4,3
169369,reward,2262,450.22314119954876,218.55,SF-P3O-v1,Walker2d-v4,3
169595,reward,2263,284.39829300112206,243.783,SF-P3O-v1,Walker2d-v4,3
169760,reward,2264,268.1056562713509,245.406,SF-P3O-v1,Walker2d-v4,3
169938,reward,2265,295.3326339448294,246.953,SF-P3O-v1,Walker2d-v4,3
170000,speed,632.14,5.02,SF-P3O-v1,Walker2d-v4,3
170001,spectral,0.027006,0.962964,0.2491,SF-P3O-v1,Walker2d-v4,3
170031,reward,2266,156.3176479072618,232.025,SF-P3O-v1,Walker2d-v4,3
170263,reward,2267,368.0753490420526,261.423,SF-P3O-v1,Walker2d-v4,3
170452,reward,2268,284.3241924896926,262.416,SF-P3O-v1,Walker2d-v4,3
171042,reward,2269,413.1773688631919,299.073,SF-P3O-v1,Walker2d-v4,3
171323,reward,2270,354.69828643366907,299.685,SF-P3O-v1,Walker2d-v4,3
171444,reward,2271,63.863779131481714,293.852,SF-P3O-v1,Walker2d-v4,3
171662,reward,2272,310.63000042788633,279.892,SF-P3O-v1,Walker2d-v4,3
171794,reward,2273,240.33543027722246,275.486,SF-P3O-v1,Walker2d-v4,3
171927,reward,2274,202.22506478903253,268.898,SF-P3O-v1,Walker2d-v4,3
172032,loss,-0.016536226496100426,0.6023472547531128,SF-P3O-v1,Walker2d-v4,3
172102,reward,2275,284.1643063505949,267.781,SF-P3O-v1,Walker2d-v4,3
172242,reward,2276,100.84839919081824,262.234,SF-P3O-v1,Walker2d-v4,3
172340,reward,2277,38.369178838164814,229.264,SF-P3O-v1,Walker2d-v4,3
172515,reward,2278,318.37850049572853,232.669,SF-P3O-v1,Walker2d-v4,3
172615,reward,2279,174.80585468844123,208.832,SF-P3O-v1,Walker2d-v4,3
172786,reward,2280,274.33430391441914,200.795,SF-P3O-v1,Walker2d-v4,3
173007,reward,2281,63.680311156458316,200.777,SF-P3O-v1,Walker2d-v4,3
173182,reward,2282,286.0668636700636,198.321,SF-P3O-v1,Walker2d-v4,3
173395,reward,2283,214.72116518646362,195.759,SF-P3O-v1,Walker2d-v4,3
173657,reward,2284,402.8514260928015,215.822,SF-P3O-v1,Walker2d-v4,3
173884,reward,2285,383.8529089872605,225.791,SF-P3O-v1,Walker2d-v4,3
174042,reward,2286,233.87446074067873,239.093,SF-P3O-v1,Walker2d-v4,3
174169,reward,2287,63.43945227555619,241.601,SF-P3O-v1,Walker2d-v4,3
174336,reward,2288,300.69259878386987,239.832,SF-P3O-v1,Walker2d-v4,3
174456,reward,2289,195.52164610413976,241.904,SF-P3O-v1,Walker2d-v4,3
174582,reward,2290,214.1698312292983,235.887,SF-P3O-v1,Walker2d-v4,3
174869,reward,2291,372.9485458357461,266.814,SF-P3O-v1,Walker2d-v4,3
174993,reward,2292,199.61208080469623,258.168,SF-P3O-v1,Walker2d-v4,3
175239,reward,2293,358.53790898019867,272.55,SF-P3O-v1,Walker2d-v4,3
175710,reward,2294,538.0288929810563,286.068,SF-P3O-v1,Walker2d-v4,3
175908,reward,2295,361.34875740646146,283.817,SF-P3O-v1,Walker2d-v4,3
176074,reward,2296,278.16613217796436,288.247,SF-P3O-v1,Walker2d-v4,3
176199,reward,2297,211.38978492338435,303.042,SF-P3O-v1,Walker2d-v4,3
176373,reward,2298,100.9029488020048,283.063,SF-P3O-v1,Walker2d-v4,3
176898,reward,2299,384.90891370291166,302.001,SF-P3O-v1,Walker2d-v4,3
177069,reward,2300,301.6628319212838,310.751,SF-P3O-v1,Walker2d-v4,3
177197,reward,2301,250.635550707887,298.519,SF-P3O-v1,Walker2d-v4,3
177328,reward,2302,75.98273620354546,286.156,SF-P3O-v1,Walker2d-v4,3
177842,reward,2303,324.2971017561556,282.732,SF-P3O-v1,Walker2d-v4,3
177938,reward,2304,157.15477204395933,244.645,SF-P3O-v1,Walker2d-v4,3
178183,reward,2305,144.26693746995568,222.937,SF-P3O-v1,Walker2d-v4,3
178343,reward,2306,271.0516094288249,222.225,SF-P3O-v1,Walker2d-v4,3
178525,reward,2307,317.3743593010025,232.824,SF-P3O-v1,Walker2d-v4,3
178677,reward,2308,244.0309851389512,247.137,SF-P3O-v1,Walker2d-v4,3
178827,reward,2309,224.9796267112545,231.144,SF-P3O-v1,Walker2d-v4,3
178941,reward,2310,215.60912566068066,222.538,SF-P3O-v1,Walker2d-v4,3
179107,reward,2311,68.40298212182158,204.315,SF-P3O-v1,Walker2d-v4,3
179234,reward,2312,243.33855036321773,221.051,SF-P3O-v1,Walker2d-v4,3
179574,reward,2313,409.72578462068844,229.593,SF-P3O-v1,Walker2d-v4,3
179679,reward,2314,176.66915057167773,231.545,SF-P3O-v1,Walker2d-v4,3
179853,reward,2315,300.1806857813268,247.136,SF-P3O-v1,Walker2d-v4,3
179956,reward,2316,198.58275162983733,239.889,SF-P3O-v1,Walker2d-v4,3
180000,speed,655.26,5.28,SF-P3O-v1,Walker2d-v4,3
180001,spectral,0.027701,0.962892,0.2598,SF-P3O-v1,Walker2d-v4,3
180075,reward,2317,206.25496489188868,228.777,SF-P3O-v1,Walker2d-v4,3
180224,loss,0.06458785384893417,0.5653496980667114,SF-P3O-v1,Walker2d-v4,3
180224,diagnostics,0.0,56.55,26.3331,0.028331,0.962544,0.2673,0.117037,SF-P3O-v1,Walker2d-v4,3
180487,reward,2318,548.0158254001514,259.176,SF-P3O-v1,Walker2d-v4,3
180720,reward,2319,325.260202282441,269.204,SF-P3O-v1,Walker2d-v4,3
180904,reward,2320,300.47493208302626,277.691,SF-P3O-v1,Walker2d-v4,3
181028,reward,2321,221.0403452546311,292.954,SF-P3O-v1,Walker2d-v4,3
181188,reward,2322,296.9011598818326,298.311,SF-P3O-v1,Walker2d-v4,3
181359,reward,2323,309.0487871966377,288.243,SF-P3O-v1,Walker2d-v4,3
181624,reward,2324,357.1573585667026,306.292,SF-P3O-v1,Walker2d-v4,3
181835,reward,2325,280.762427007559,304.35,SF-P3O-v1,Walker2d-v4,3
182061,reward,2326,116.75895206188228,296.167,SF-P3O-v1,Walker2d-v4,3
182199,reward,2327,240.26689054484265,299.569,SF-P3O-v1,Walker2d-v4,3
182345,reward,2328,264.092334246414,271.176,SF-P3O-v1,Walker2d-v4,3
182466,reward,2329,220.69139484271574,260.719,SF-P3O-v1,Walker2d-v4,3
182596,reward,2330,210.6814784537327,251.74,SF-P3O-v1,Walker2d-v4,3
182752,reward,2331,283.9987877067353,258.036,SF-P3O-v1,Walker2d-v4,3
182978,reward,2332,339.62561601363836,262.308,SF-P3O-v1,Walker2d-v4,3
183077,reward,2333,186.4438700565126,250.048,SF-P3O-v1,Walker2d-v4,3
183470,reward,2334,221.42318478313814,236.474,SF-P3O-v1,Walker2d-v4,3
183858,reward,2335,444.5508168348948,252.853,SF-P3O-v1,Walker2d-v4,3
184037,reward,2336,278.6459487970078,269.042,SF-P3O-v1,Walker2d-v4,3
184287,reward,2337,385.12063952538296,283.527,SF-P3O-v1,Walker2d-v4,3
184426,reward,2338,217.613991915515,278.88,SF-P3O-v1,Walker2d-v4,3
184695,reward,2339,353.8031789982622,292.191,SF-P3O-v1,Walker2d-v4,3
184944,reward,2340,93.95056459828585,280.518,SF-P3O-v1,Walker2d-v4,3
185263,reward,2341,234.09095947333066,275.527,SF-P3O-v1,Walker2d-v4,3
185453,reward,2342,301.31007348817644,271.695,SF-P3O-v1,Walker2d-v4,3
185616,reward,2343,251.74241409040087,278.225,SF-P3O-v1,Walker2d-v4,3
185784,reward,2344,318.9986179832572,287.983,SF-P3O-v1,Walker2d-v4,3
185794,reward,2345,1.0109986891991212,243.629,SF-P3O-v1,Walker2d-v4,3
186180,reward,2346,277.7584913145914,243.54,SF-P3O-v1,Walker2d-v4,3
186287,reward,2347,194.37508890875876,224.465,SF-P3O-v1,Walker2d-v4,3
186571,reward,2348,225.861980279836,225.29,SF-P3O-v1,Walker2d-v4,3
186718,reward,2349,242.93603507074351,214.204,SF-P3O-v1,Walker2d-v4,3
186903,reward,2350,342.39885300998003,239.048,SF-P3O-v1,Walker2d-v4,3
187093,reward,2351,322.36429428346474,247.876,SF-P3O-v1,Walker2d-v4,3
187297,reward,2352,320.14381170824976,249.759,SF-P3O-v1,Walker2d-v4,3
187495,reward,2353,311.60957908543554,255.746,SF-P3O-v1,Walker2d-v4,3
187662,reward,2354,85.76425968464534,232.422,SF-P3O-v1,Walker2d-v4,3
188255,reward,2355,716.9587987093131,304.017,SF-P3O-v1,Walker2d-v4,3
188384,reward,2356,224.9292740282747,298.734,SF-P3O-v1,Walker2d-v4,3
188416,loss,-0.01499561220407486,0.45714840292930603,SF-P3O-v1,Walker2d-v4,3
188537,reward,2357,255.99771221322132,304.896,SF-P3O-v1,Walker2d-v4,3
188836,reward,2358,459.11036516367136,328.221,SF-P3O-v1,Walker2d-v4,3
189003,reward,2359,314.9223788105923,335.42,SF-P3O-v1,Walker2d-v4,3
189284,reward,2360,387.3184106445872,339.912,SF-P3O-v1,Walker2d-v4,3
189451,reward,2361,263.9059532246675,334.066,SF-P3O-v1,Walker2d-v4,3
189585,reward,2362,184.50446046476725,320.502,SF-P3O-v1,Walker2d-v4,3
189744,reward,2363,270.1336544213122,316.355,SF-P3O-v1,Walker2d-v4,3
189906,reward,2364,261.21787125538896,333.9,SF-P3O-v1,Walker2d-v4,3
190000,speed,419.75,5.67,SF-P3O-v1,Walker2d-v4,3
190001,spectral,0.029198,0.961907,0.2904,SF-P3O-v1,Walker2d-v4,3
190031,reward,2365,246.06107144849963,286.81,SF-P3O-v1,Walker2d-v4,3
190195,reward,2366,266.8230000774578,290.999,SF-P3O-v1,Walker2d-v4,3
190489,reward,2367,349.323702756165,300.332,SF-P3O-v1,Walker2d-v4,3
190650,reward,2368,277.84946429437935,282.206,SF-P3O-v1,Walker2d-v4,3
190809,reward,2369,271.48002169256387,277.862,SF-P3O-v1,Walker2d-v4,3
191030,reward,2370,356.27616148287524,274.758,SF-P3O-v1,Walker2d-v4,3
191196,reward,2371,280.3057617691187,276.398,SF-P3O-v1,Walker2d-v4,3
191429,reward,2372,365.2520617652212,294.472,SF-P3O-v1,Walker2d-v4,3
191655,reward,2373,361.3454922446735,303.593,SF-P3O-v1,Walker2d-v4,3
192025,reward,2374,450.36852950409315,322.509,SF-P3O-v1,Walker2d-v4,3
192330,reward,2375,370.2947981464828,334.932,SF-P3O-v1,Walker2d-v4,3
192495,reward,2376,250.53661415976285,333.303,SF-P3O-v1,Walker2d-v4,3
192671,reward,2377,246.26233722740838,322.997,SF-P3O-v1,Walker2d-v4,3
192824,reward,2378,265.1268355293754,321.725,SF-P3O-v1,Walker2d-v4,3
192969,reward,2379,251.86583197547566,319.763,SF-P3O-v1,Walker2d-v4,3
193117,reward,2380,230.96052516427096,307.232,SF-P3O-v1,Walker2d-v4,3
193311,reward,2381,292.36120956011086,308.437,SF-P3O-v1,Walker2d-v4,3
193460,reward,2382,268.6477293295414,298.777,SF-P3O-v1,Walker2d-v4,3
193615,reward,2383,282.66938234297055,290.909,SF-P3O-v1,Walker2d-v4,3
193780,reward,2384,307.7142534715315,276.644,SF-P3O-v1,Walker2d-v4,3
193940,reward,2385,252.30910750900418,264.845,SF-P3O-v1,Walker2d-v4,3
194247,reward,2386,357.7049047900359,275.562,SF-P3O-v1,Walker2d-v4,3
194613,reward,2387,442.4376904682581,295.18,SF-P3O-v1,Walker2d-v4,3
194741,reward,2388,215.99937252430104,290.267,SF-P3O-v1,Walker2d-v4,3
194882,reward,2389,239.51108398743622,289.032,SF-P3O-v1,Walker2d-v4,3
195023,reward,2390,243.99081407367464,290.335,SF-P3O-v1,Walker2d-v4,3
195161,reward,2391,250.48516587542943,286.147,SF-P3O-v1,Walker2d-v4,3
195323,reward,2392,272.48337548592065,286.531,SF-P3O-v1,Walker2d-v4,3
195512,reward,2393,292.35736814719485,287.499,SF-P3O-v1,Walker2d-v4,3
195877,reward,2394,214.9110382507126,278.219,SF-P3O-v1,Walker2d-v4,3
196015,reward,2395,219.3857866965944,274.927,SF-P3O-v1,Walker2d-v4,3
196153,reward,2396,241.6631559133435,263.322,SF-P3O-v1,Walker2d-v4,3
196386,reward,2397,357.5306317654357,254.832,SF-P3O-v1,Walker2d-v4,3
196608,loss,-0.07388189435005188,0.630408525466919,SF-P3O-v1,Walker2d-v4,3
196608,diagnostics,0.0,56.88,42.5743,0.029934,0.9622,0.3138,0.116801,SF-P3O-v1,Walker2d-v4,3
196619,reward,2398,365.6470764906651,269.797,SF-P3O-v1,Walker2d-v4,3
196743,reward,2399,238.80441817651476,269.726,SF-P3O-v1,Walker2d-v4,3
196955,reward,2400,338.1342266865811,279.14,SF-P3O-v1,Walker2d-v4,3
197047,reward,2401,173.90805927676254,271.483,SF-P3O-v1,Walker2d-v4,3
197304,reward,2402,385.81180940439504,282.815,SF-P3O-v1,Walker2d-v4,3
197466,reward,2403,269.8643332813893,280.566,SF-P3O-v1,Walker2d-v4,3
197606,reward,2404,48.22510375673523,263.897,SF-P3O-v1,Walker2d-v4,3
197809,reward,2405,339.34620459256774,275.894,SF-P3O-v1,Walker2d-v4,3
197984,reward,2406,73.50490817564337,259.078,SF-P3O-v1,Walker2d-v4,3
198191,reward,2407,336.3650495945333,256.961,SF-P3O-v1,Walker2d-v4,3
198471,reward,2408,141.91216466680402,234.588,SF-P3O-v1,Walker2d-v4,3
198620,reward,2409,251.3121540733267,235.838,SF-P3O-v1,Walker2d-v4,3
198861,reward,2410,379.52552262299764,239.978,SF-P3O-v1,Walker2d-v4,3
199005,reward,2411,230.56950757025618,245.644,SF-P3O-v1,Walker2d-v4,3
199295,reward,2412,437.6145523396783,250.824,SF-P3O-v1,Walker2d-v4,3
199669,reward,2413,472.9471089768931,271.132,SF-P3O-v1,Walker2d-v4,3
199814,reward,2414,254.3539434506071,291.745,SF-P3O-v1,Walker2d-v4,3
199965,reward,2415,243.53507290459865,282.164,SF-P3O-v1,Walker2d-v4,3
200000,speed,625.66,5.94,SF-P3O-v1,Walker2d-v4,3
200001,spectral,0.029934,0.9622,0.3138,SF-P3O-v1,Walker2d-v4,3
200099,reward,2416,247.16079074140026,299.53,SF-P3O-v1,Walker2d-v4,3
200244,reward,2417,260.4437178797711,291.937,SF-P3O-v1,Walker2d-v4,3
200695,reward,2418,582.6670769330314,336.013,SF-P3O-v1,Walker2d-v4,3
200895,reward,2419,323.7869287444127,343.26,SF-P3O-v1,Walker2d-v4,3
201121,reward,2420,313.46209289358364,336.654,SF-P3O-v1,Walker2d-v4,3
201275,reward,2421,263.8387197085331,339.981,SF-P3O-v1,Walker2d-v4,3
201420,reward,2422,249.0322465917728,321.123,SF-P3O-v1,Walker2d-v4,3
201576,reward,2423,298.35389742837083,303.663,SF-P3O-v1,Walker2d-v4,3
201903,reward,2424,408.82289713640915,319.11,SF-P3O-v1,Walker2d-v4,3
202019,reward,2425,208.11606467578596,315.568,SF-P3O-v1,Walker2d-v4,3
202153,reward,2426,251.41572668104544,315.994,SF-P3O-v1,Walker2d-v4,3
202325,reward,2427,289.4836234249412,318.898,SF-P3O-v1,Walker2d-v4,3
202480,reward,2428,266.4565265624095,287.277,SF-P3O-v1,Walker2d-v4,3
202621,reward,2429,223.52228978165283,277.25,SF-P3O-v1,Walker2d-v4,3
202882,reward,2430,390.48311352489054,284.953,SF-P3O-v1,Walker2d-v4,3
203015,reward,2431,247.53802614002586,283.322,SF-P3O-v1,Walker2d-v4,3
203181,reward,2432,247.64864316822104,283.184,SF-P3O-v1,Walker2d-v4,3
203393,reward,2433,296.56793635011877,283.005,SF-P3O-v1,Walker2d-v4,3
203557,reward,2434,253.57519069101127,267.481,SF-P3O-v1,Walker2d-v4,3
203751,reward,2435,286.03650913095873,275.273,SF-P3O-v1,Walker2d-v4,3
203938,reward,2436,127.19505336758665,262.851,SF-P3O-v1,Walker2d-v4,3
204385,reward,2437,539.3319506238307,287.836,SF-P3O-v1,Walker2d-v4,3
204624,reward,2438,344.7683495075202,295.667,SF-P3O-v1,Walker2d-v4,3
204800,loss,-0.047664888203144073,0.47750696539878845,SF-P3O-v1,Walker2d-v4,3
204912,reward,2439,425.27310094363276,315.842,SF-P3O-v1,Walker2d-v4,3
205078,reward,2440,96.04130347507405,286.398,SF-P3O-v1,Walker2d-v4,3
205248,reward,2441,296.21149896319037,291.265,SF-P3O-v1,Walker2d-v4,3
205411,reward,2442,273.055979657325,293.806,SF-P3O-v1,Walker2d-v4,3
205552,reward,2443,247.6464162488634,288.914,SF-P3O-v1,Walker2d-v4,3
205905,reward,2444,405.8881161600772,304.145,SF-P3O-v1,Walker2d-v4,3
206132,reward,2445,373.1058431889719,312.852,SF-P3O-v1,Walker2d-v4,3
206305,reward,2446,80.75877917914669,308.208,SF-P3O-v1,Walker2d-v4,3
206417,reward,2447,201.97081406970105,274.472,SF-P3O-v1,Walker2d-v4,3
206465,reward,2448,39.991344641868814,243.994,SF-P3O-v1,Walker2d-v4,3
206734,reward,2449,188.5937536250937,220.326,SF-P3O-v1,Walker2d-v4,3
206935,reward,2450,311.3286983874871,241.855,SF-P3O-v1,Walker2d-v4,3
207058,reward,2451,186.30017638951563,230.864,SF-P3O-v1,Walker2d-v4,3
208058,reward,2452,891.9894938980061,292.757,SF-P3O-v1,Walker2d-v4,3
208373,reward,2453,196.211187729545,287.614,SF-P3O-v1,Walker2d-v4,3
208586,reward,2454,312.7494382849916,278.3,SF-P3O-v1,Walker2d-v4,3
209034,reward,2455,597.6036696983766,300.75,SF-P3O-v1,Walker2d-v4,3
209223,reward,2456,295.49119395306144,322.223,SF-P3O-v1,Walker2d-v4,3
209347,reward,2457,205.9650621176426,322.622,SF-P3O-v1,Walker2d-v4,3
209563,reward,2458,150.75684547641154,333.699,SF-P3O-v1,Walker2d-v4,3
209745,reward,2459,299.2214634592753,344.762,SF-P3O-v1,Walker2d-v4,3
209955,reward,2460,325.8908165473853,346.218,SF-P3O-v1,Walker2d-v4,3
210000,speed,631.81,6.2,SF-P3O-v1,Walker2d-v4,3
210001,spectral,0.030632,0.962127,0.3446,SF-P3O-v1,Walker2d-v4,3
210351,reward,2461,482.27878865383144,375.816,SF-P3O-v1,Walker2d-v4,3
210593,reward,2462,369.14589188359787,323.531,SF-P3O-v1,Walker2d-v4,3
210781,reward,2463,307.9213524983521,334.702,SF-P3O-v1,Walker2d-v4,3
210961,reward,2464,284.2861809280699,331.856,SF-P3O-v1,Walker2d-v4,3
211175,reward,2465,349.29373703053267,307.025,SF-P3O-v1,Walker2d-v4,3
211325,reward,2466,253.1656841105089,302.793,SF-P3O-v1,Walker2d-v4,3
211477,reward,2467,289.1971734577271,311.116,SF-P3O-v1,Walker2d-v4,3
211623,reward,2468,273.6200973695071,323.402,SF-P3O-v1,Walker2d-v4,3
211832,reward,2469,298.82170081382924,323.362,SF-P3O-v1,Walker2d-v4,3
212001,reward,2470,114.40000683413969,302.213,SF-P3O-v1,Walker2d-v4,3
212222,reward,2471,65.67100115776907,260.552,SF-P3O-v1,Walker2d-v4,3
212351,reward,2472,249.42594081516899,248.58,SF-P3O-v1,Walker2d-v4,3
212452,reward,2473,175.78769170860744,235.367,SF-P3O-v1,Walker2d-v4,3
212595,reward,2474,235.85100430658665,230.523,SF-P3O-v1,Walker2d-v4,3
212746,reward,2475,280.4815695200792,223.642,SF-P3O-v1,Walker2d-v4,3
212916,reward,2476,296.1078746035428,227.936,SF-P3O-v1,Walker2d-v4,3
212992,loss,-0.12051033228635788,0.898323118686676,SF-P3O-v1,Walker2d-v4,3
212992,diagnostics,0.0,57.22,46.1222,0.031255,0.96201,0.3382,0.116633,SF-P3O-v1,Walker2d-v4,3
213234,reward,2477,440.00628449331964,243.017,SF-P3O-v1,Walker2d-v4,3
213342,reward,2478,203.56082620928535,236.011,SF-P3O-v1,Walker2d-v4,3
213470,reward,2479,242.75427666866256,230.405,SF-P3O-v1,Walker2d-v4,3
213588,reward,2480,208.20873568055123,239.786,SF-P3O-v1,Walker2d-v4,3
213726,reward,2481,234.18989624615628,256.637,SF-P3O-v1,Walker2d-v4,3
213991,reward,2482,403.59465565480735,272.054,SF-P3O-v1,Walker2d-v4,3
214141,reward,2483,271.07886963406656,281.583,SF-P3O-v1,Walker2d-v4,3
214418,reward,2484,401.5230795267347,298.151,SF-P3O-v1,Walker2d-v4,3
214652,reward,2485,371.4363449602713,307.246,SF-P3O-v1,Walker2d-v4,3
214820,reward,2486,60.222527981118226,283.658,SF-P3O-v1,Walker2d-v4,3
214930,reward,2487,202.52436490468764,259.909,SF-P3O-v1,Walker2d-v4,3
215106,reward,2488,293.26066373424175,268.879,SF-P3O-v1,Walker2d-v4,3
215537,reward,2489,536.4908282602443,298.253,SF-P3O-v1,Walker2d-v4,3
215702,reward,2490,224.52577531307958,299.885,SF-P3O-v1,Walker2d-v4,3
215853,reward,2491,266.5287345280342,303.119,SF-P3O-v1,Walker2d-v4,3
216029,reward,2492,273.2324310432144,290.082,SF-P3O-v1,Walker2d-v4,3
216147,reward,2493,230.2173282672571,285.996,SF-P3O-v1,Walker2d-v4,3
216401,reward,2494,369.0893834547779,282.753,SF-P3O-v1,Walker2d-v4,3
216568,reward,2495,297.4623668468682,275.355,SF-P3O-v1,Walker2d-v4,3
216851,reward,2496,396.6976300376075,309.003,SF-P3O-v1,Walker2d-v4,3
217008,reward,2497,271.7662958156102,315.927,SF-P3O-v1,Walker2d-v4,3
217349,reward,2498,479.8704978709434,334.588,SF-P3O-v1,Walker2d-v4,3
217542,reward,2499,339.5666736499161,314.896,SF-P3O-v1,Walker2d-v4,3
217682,reward,2500,235.28299684945665,315.971,SF-P3O-v1,Walker2d-v4,3
217912,reward,2501,342.4459701016438,323.563,SF-P3O-v1,Walker2d-v4,3
218180,reward,2502,371.26028828053006,333.366,SF-P3O-v1,Walker2d-v4,3
218453,reward,2503,395.0970038736746,349.854,SF-P3O-v1,Walker2d-v4,3
218672,reward,2504,348.121163555023,347.757,SF-P3O-v1,Walker2d-v4,3
218856,reward,2505,320.562999573927,350.067,SF-P3O-v1,Walker2d-v4,3
219014,reward,2506,109.18471958108601,321.316,SF-P3O-v1,Walker2d-v4,3
219201,reward,2507,312.5262192015475,325.392,SF-P3O-v1,Walker2d-v4,3
219378,reward,2508,326.4142071876058,310.046,SF-P3O-v1,Walker2d-v4,3
219573,reward,2509,347.86048816856896,310.876,SF-P3O-v1,Walker2d-v4,3
219835,reward,2510,384.7361718465914,325.821,SF-P3O-v1,Walker2d-v4,3
220000,speed,671.8,6.45,SF-P3O-v1,Walker2d-v4,3
220001,spectral,0.031255,0.96201,0.3382,SF-P3O-v1,Walker2d-v4,3
220006,reward,2511,267.8469258203386,318.361,SF-P3O-v1,Walker2d-v4,3
220346,reward,2512,425.9494801948813,323.83,SF-P3O-v1,Walker2d-v4,3
220553,reward,2513,339.5802950412704,318.278,SF-P3O-v1,Walker2d-v4,3
220811,reward,2514,393.2855946035207,322.795,SF-P3O-v1,Walker2d-v4,3
221114,reward,2515,207.75975577006093,311.514,SF-P3O-v1,Walker2d-v4,3
221130,reward,2516,2.191961819129257,300.815,SF-P3O-v1,Walker2d-v4,3
221184,loss,-0.16666913032531738,0.529291033744812,SF-P3O-v1,Walker2d-v4,3
221292,reward,2517,271.0492726409609,296.667,SF-P3O-v1,Walker2d-v4,3
221420,reward,2518,249.276984288804,288.954,SF-P3O-v1,Walker2d-v4,3
221431,reward,2519,1.5424115554225046,254.322,SF-P3O-v1,Walker2d-v4,3
221585,reward,2520,290.78955662353366,244.927,SF-P3O-v1,Walker2d-v4,3
221756,reward,2521,291.188506033684,247.261,SF-P3O-v1,Walker2d-v4,3
222117,reward,2522,483.5063971349438,253.017,SF-P3O-v1,Walker2d-v4,3
222251,reward,2523,247.48929165704874,243.808,SF-P3O-v1,Walker2d-v4,3
222270,reward,2524,6.190044396252775,205.098,SF-P3O-v1,Walker2d-v4,3
222428,reward,2525,246.8885880820246,209.011,SF-P3O-v1,Walker2d-v4,3
222549,reward,2526,188.58888841321067,227.651,SF-P3O-v1,Walker2d-v4,3
222661,reward,2527,192.71960693414655,219.818,SF-P3O-v1,Walker2d-v4,3
222813,reward,2528,276.8069672287625,222.571,SF-P3O-v1,Walker2d-v4,3
222952,reward,2529,263.7059575350263,248.787,SF-P3O-v1,Walker2d-v4,3
222973,reward,2530,11.843668815341376,220.893,SF-P3O-v1,Walker2d-v4,3
223168,reward,2531,319.4477969832441,223.719,SF-P3O-v1,Walker2d-v4,3
223332,reward,2532,275.5511878093108,202.923,SF-P3O-v1,Walker2d-v4,3
223614,reward,2533,416.2610959039965,219.8,SF-P3O-v1,Walker2d-v4,3
223938,reward,2534,360.8852882139784,255.27,SF-P3O-v1,Walker2d-v4,3
224080,reward,2535,279.3497020575311,258.516,SF-P3O-v1,Walker2d-v4,3
224248,reward,2536,257.5761753068912,265.415,SF-P3O-v1,Walker2d-v4,3
224350,reward,2537,163.37516229440322,262.48,SF-P3O-v1,Walker2d-v4,3
224450,reward,2538,192.92071066513532,254.092,SF-P3O-v1,Walker2d-v4,3
224684,reward,2539,128.6589705732765,240.587,SF-P3O-v1,Walker2d-v4,3
224866,reward,2540,319.8620263277978,271.389,SF-P3O-v1,Walker2d-v4,3
225019,reward,2541,270.1495419298725,266.459,SF-P3O-v1,Walker2d-v4,3
225196,reward,2542,265.9931493310635,265.503,SF-P3O-v1,Walker2d-v4,3
225340,reward,2543,209.79567180790727,244.857,SF-P3O-v1,Walker2d-v4,3
225353,reward,2544,3.795786796192834,209.148,SF-P3O-v1,Walker2d-v4,3
225528,reward,2545,302.52826205427476,211.466,SF-P3O-v1,Walker2d-v4,3
225878,reward,2546,456.03126790874404,231.311,SF-P3O-v1,Walker2d-v4,3
225987,reward,2547,184.0984253402643,233.383,SF-P3O-v1,Walker2d-v4,3
226115,reward,2548,224.31019602803116,236.522,SF-P3O-v1,Walker2d-v4,3
226284,reward,2549,278.1329627186687,251.47,SF-P3O-v1,Walker2d-v4,3
226438,reward,2550,283.44265172552144,247.828,SF-P3O-v1,Walker2d-v4,3
226679,reward,2551,316.35672442179606,252.449,SF-P3O-v1,Walker2d-v4,3
226787,reward,2552,76.46238663791122,233.495,SF-P3O-v1,Walker2d-v4,3
226948,reward,2553,298.94665698976434,242.411,SF-P3O-v1,Walker2d-v4,3
227139,reward,2554,261.10546045319757,268.141,SF-P3O-v1,Walker2d-v4,3
227525,reward,2555,501.1245007617719,288.001,SF-P3O-v1,Walker2d-v4,3
227697,reward,2556,278.9569514686581,270.294,SF-P3O-v1,Walker2d-v4,3
227868,reward,2557,320.89970929934134,283.974,SF-P3O-v1,Walker2d-v4,3
227985,reward,2558,211.13751010910772,282.657,SF-P3O-v1,Walker2d-v4,3
228150,reward,2559,292.78821091144926,284.122,SF-P3O-v1,Walker2d-v4,3
228271,reward,2560,223.16678421368846,278.094,SF-P3O-v1,Walker2d-v4,3
228501,reward,2561,366.65332872412387,283.124,SF-P3O-v1,Walker2d-v4,3
228603,reward,2562,196.79129612665406,295.157,SF-P3O-v1,Walker2d-v4,3
228872,reward,2563,385.64519714347426,303.827,SF-P3O-v1,Walker2d-v4,3
229032,reward,2564,238.16088732845535,301.532,SF-P3O-v1,Walker2d-v4,3
229355,reward,2565,390.35629377062827,290.456,SF-P3O-v1,Walker2d-v4,3
229376,loss,0.026530954986810684,0.7859050035476685,SF-P3O-v1,Walker2d-v4,3
229376,diagnostics,0.0,57.58,44.3789,0.033092,0.961334,0.3431,0.116281,SF-P3O-v1,Walker2d-v4,3
229471,reward,2566,64.32906083264764,268.993,SF-P3O-v1,Walker2d-v4,3
229661,reward,2567,344.7564109725713,271.378,SF-P3O-v1,Walker2d-v4,3
229898,reward,2568,389.9825027616627,289.263,SF-P3O-v1,Walker2d-v4,3
230000,speed,431.46,6.84,SF-P3O-v1,Walker2d-v4,3
230001,spectral,0.033092,0.961334,0.3431,SF-P3O-v1,Walker2d-v4,3
230151,reward,2569,353.07929108039065,295.292,SF-P3O-v1,Walker2d-v4,3
230201,reward,2570,34.43471176715531,276.419,SF-P3O-v1,Walker2d-v4,3
230399,reward,2571,330.94492172563724,272.848,SF-P3O-v1,Walker2d-v4,3
230523,reward,2572,170.60167361117126,270.229,SF-P3O-v1,Walker2d-v4,3
230704,reward,2573,318.69392846656666,263.534,SF-P3O-v1,Walker2d-v4,3
230843,reward,2574,120.44370776351447,251.762,SF-P3O-v1,Walker2d-v4,3
230975,reward,2575,240.8531831205035,236.812,SF-P3O-v1,Walker2d-v4,3
231185,reward,2576,333.4318951412577,263.722,SF-P3O-v1,Walker2d-v4,3
231403,reward,2577,334.85652121515335,262.732,SF-P3O-v1,Walker2d-v4,3
231555,reward,2578,291.7466861730279,252.909,SF-P3O-v1,Walker2d-v4,3
231892,reward,2579,443.3490066172313,261.936,SF-P3O-v1,Walker2d-v4,3
232045,reward,2580,114.65489311629888,269.958,SF-P3O-v1,Walker2d-v4,3
232166,reward,2581,98.04968698436433,246.668,SF-P3O-v1,Walker2d-v4,3
232298,reward,2582,233.7692745889411,252.985,SF-P3O-v1,Walker2d-v4,3
232455,reward,2583,258.04671476641596,246.92,SF-P3O-v1,Walker2d-v4,3
232631,reward,2584,294.64478179673284,264.34,SF-P3O-v1,Walker2d-v4,3
233176,reward,2585,607.473796444915,301.002,SF-P3O-v1,Walker2d-v4,3
233439,reward,2586,216.47704339952884,289.307,SF-P3O-v1,Walker2d-v4,3
233685,reward,2587,409.0503584223989,296.726,SF-P3O-v1,Walker2d-v4,3
234233,reward,2588,697.9704348467261,337.349,SF-P3O-v1,Walker2d-v4,3
234556,reward,2589,456.08522830047895,338.622,SF-P3O-v1,Walker2d-v4,3
234835,reward,2590,336.71724449809375,360.828,SF-P3O-v1,Walker2d-v4,3
235025,reward,2591,336.728603320709,384.696,SF-P3O-v1,Walker2d-v4,3
235220,reward,2592,213.58860746192437,382.678,SF-P3O-v1,Walker2d-v4,3
235406,reward,2593,294.5952799882485,386.333,SF-P3O-v1,Walker2d-v4,3
235556,reward,2594,265.19820996784836,383.388,SF-P3O-v1,Walker2d-v4,3
235661,reward,2595,192.89207767089516,341.93,SF-P3O-v1,Walker2d-v4,3
235855,reward,2596,264.1184768522577,346.694,SF-P3O-v1,Walker2d-v4,3
235936,reward,2597,72.33743582910506,313.023,SF-P3O-v1,Walker2d-v4,3
236283,reward,2598,482.9445900375913,291.521,SF-P3O-v1,Walker2d-v4,3
236396,reward,2599,212.21997461337293,267.134,SF-P3O-v1,Walker2d-v4,3
236666,reward,2600,130.0362195457002,246.466,SF-P3O-v1,Walker2d-v4,3
236841,reward,2601,275.33464813736344,240.327,SF-P3O-v1,Walker2d-v4,3
237145,reward,2602,464.87097767633054,265.455,SF-P3O-v1,Walker2d-v4,3
237330,reward,2603,312.10511929471016,267.206,SF-P3O-v1,Walker2d-v4,3
237466,reward,2604,222.01936972145168,262.888,SF-P3O-v1,Walker2d-v4,3
237568,loss,-0.014496192336082458,0.769058346748352,SF-P3O-v1,Walker2d-v4,3
237676,reward,2605,301.6624650139916,273.765,SF-P3O-v1,Walker2d-v4,3
237795,reward,2606,213.8834838361062,268.741,SF-P3O-v1,Walker2d-v4,3
237899,reward,2607,207.11019487181127,282.219,SF-P3O-v1,Walker2d-v4,3
238032,reward,2608,240.75985579071295,258.0,SF-P3O-v1,Walker2d-v4,3
238197,reward,2609,268.86476823987607,263.665,SF-P3O-v1,Walker2d-v4,3
238206,reward,2610,0.1326381876537489,250.674,SF-P3O-v1,Walker2d-v4,3
238315,reward,2611,215.97506721287206,244.738,SF-P3O-v1,Walker2d-v4,3
238446,reward,2612,228.695651905989,221.121,SF-P3O-v1,Walker2d-v4,3
238629,reward,2613,302.2028683934583,220.131,SF-P3O-v1,Walker2d-v4,3
238637,reward,2614,-0.586920587357306,197.87,SF-P3O-v1,Walker2d-v4,3
238867,reward,2615,348.60497230710627,202.564,SF-P3O-v1,Walker2d-v4,3
239015,reward,2616,253.65618541884731,206.542,SF-P3O-v1,Walker2d-v4,3
239219,reward,2617,321.47260364153317,217.978,SF-P3O-v1,Walker2d-v4,3
239414,reward,2618,133.71447757171356,207.273,SF-P3O-v1,Walker2d-v4,3
239735,reward,2619,445.0244560524152,224.889,SF-P3O-v1,Walker2d-v4,3
239940,reward,2620,116.66561948212676,236.542,SF-P3O-v1,Walker2d-v4,3
240000,speed,642.66,7.1,SF-P3O-v1,Walker2d-v4,3
240001,spectral,0.033739,0.961228,0.3125,SF-P3O-v1,Walker2d-v4,3
240067,reward,2621,234.28815947493476,238.374,SF-P3O-v1,Walker2d-v4,3
240085,reward,2622,7.3867423646838155,216.243,SF-P3O-v1,Walker2d-v4,3
240267,reward,2623,321.48014090198416,218.171,SF-P3O-v1,Walker2d-v4,3
240614,reward,2624,210.2417827882387,239.254,SF-P3O-v1,Walker2d-v4,3
240762,reward,2625,252.75650976865555,229.669,SF-P3O-v1,Walker2d-v4,3
240979,reward,2626,356.43600849921893,239.947,SF-P3O-v1,Walker2d-v4,3
241392,reward,2627,519.402984513205,259.74,SF-P3O-v1,Walker2d-v4,3
241612,reward,2628,249.9774137686202,271.366,SF-P3O-v1,Walker2d-v4,3
241721,reward,2629,204.3520805366497,247.299,SF-P3O-v1,Walker2d-v4,3
241862,reward,2630,266.24566841340976,262.257,SF-P3O-v1,Walker2d-v4,3
242105,reward,2631,361.8675867066887,275.015,SF-P3O-v1,Walker2d-v4,3
242256,reward,2632,258.1718244948737,300.093,SF-P3O-v1,Walker2d-v4,3
242399,reward,2633,227.05548999033266,290.651,SF-P3O-v1,Walker2d-v4,3
242505,reward,2634,214.80054434472785,291.107,SF-P3O-v1,Walker2d-v4,3
242689,reward,2635,305.9881154116015,296.43,SF-P3O-v1,Walker2d-v4,3
242886,reward,2636,322.043447645142,292.991,SF-P3O-v1,Walker2d-v4,3
242993,reward,2637,202.36876865679434,261.287,SF-P3O-v1,Walker2d-v4,3
243171,reward,2638,289.8053101072497,265.27,SF-P3O-v1,Walker2d-v4,3
243683,reward,2639,405.52898765361044,285.388,SF-P3O-v1,Walker2d-v4,3
243856,reward,2640,314.4333491173753,290.206,SF-P3O-v1,Walker2d-v4,3
244056,reward,2641,311.51745664002897,285.171,SF-P3O-v1,Walker2d-v4,3
244402,reward,2642,266.25126876778575,285.979,SF-P3O-v1,Walker2d-v4,3
244902,reward,2643,479.78055175129276,311.252,SF-P3O-v1,Walker2d-v4,3
245060,reward,2644,258.3915968278917,315.611,SF-P3O-v1,Walker2d-v4,3
245221,reward,2645,268.95321889163296,311.907,SF-P3O-v1,Walker2d-v4,3
245632,reward,2646,472.8133739156836,326.984,SF-P3O-v1,Walker2d-v4,3
245760,loss,0.0096286004409194,0.7507693767547607,SF-P3O-v1,Walker2d-v4,3
245760,diagnostics,0.0,57.94,30.9124,0.034841,0.96098,0.3015,0.116128,SF-P3O-v1,Walker2d-v4,3
245781,reward,2647,267.9634626521559,333.544,SF-P3O-v1,Walker2d-v4,3
246116,reward,2648,463.02978731739535,350.866,SF-P3O-v1,Walker2d-v4,3
246187,reward,2649,106.04561931048865,320.918,SF-P3O-v1,Walker2d-v4,3
246385,reward,2650,118.57825177719002,301.332,SF-P3O-v1,Walker2d-v4,3
246582,reward,2651,349.0836087773199,305.089,SF-P3O-v1,Walker2d-v4,3
246713,reward,2652,39.028916153871,282.367,SF-P3O-v1,Walker2d-v4,3
246877,reward,2653,311.62596520944453,265.551,SF-P3O-v1,Walker2d-v4,3
247011,reward,2654,246.00955963577672,264.313,SF-P3O-v1,Walker2d-v4,3
247165,reward,2655,262.8259636894669,263.7,SF-P3O-v1,Walker2d-v4,3
247344,reward,2656,296.2889937359895,246.048,SF-P3O-v1,Walker2d-v4,3
247424,reward,2657,76.60957900539869,226.913,SF-P3O-v1,Walker2d-v4,3
247812,reward,2658,482.74263286016975,228.884,SF-P3O-v1,Walker2d-v4,3
247908,reward,2659,65.39873243981096,224.819,SF-P3O-v1,Walker2d-v4,3
247916,reward,2660,-0.8886044794826415,212.873,SF-P3O-v1,Walker2d-v4,3
248209,reward,2661,189.90472758647428,196.955,SF-P3O-v1,Walker2d-v4,3
248396,reward,2662,367.39584177388,229.791,SF-P3O-v1,Walker2d-v4,3
248562,reward,2663,244.28680411786172,223.057,SF-P3O-v1,Walker2d-v4,3
248744,reward,2664,308.1569767705159,229.272,SF-P3O-v1,Walker2d-v4,3
248945,reward,2665,334.76586015390404,236.466,SF-P3O-v1,Walker2d-v4,3
249103,reward,2666,306.88338864230417,237.526,SF-P3O-v1,Walker2d-v4,3
249195,reward,2667,155.50398034677622,245.415,SF-P3O-v1,Walker2d-v4,3
249205,reward,2668,-1.0363898061360013,197.037,SF-P3O-v1,Walker2d-v4,3
249315,reward,2669,72.00436319818625,197.698,SF-P3O-v1,Walker2d-v4,3
249435,reward,2670,201.8195150202212,217.969,SF-P3O-v1,Walker2d-v4,3
249641,reward,2671,310.89661655023866,230.068,SF-P3O-v1,Walker2d-v4,3
249785,reward,2672,242.827533385743,217.611,SF-P3O-v1,Walker2d-v4,3
249925,reward,2673,276.66236687153724,220.848,SF-P3O-v1,Walker2d-v4,3
250000,speed,623.46,7.36,SF-P3O-v1,Walker2d-v4,3
250001,spectral,0.034841,0.96098,0.3015,SF-P3O-v1,Walker2d-v4,3
250243,reward,2674,216.59854012435102,211.693,SF-P3O-v1,Walker2d-v4,3
250311,reward,2675,33.36794363376392,181.553,SF-P3O-v1,Walker2d-v4,3
250570,reward,2676,330.80114346677476,183.945,SF-P3O-v1,Walker2d-v4,3
250825,reward,2677,322.31967701316603,200.626,SF-P3O-v1,Walker2d-v4,3
250834,reward,2678,-0.3536720150521566,200.694,SF-P3O-v1,Walker2d-v4,3
251091,reward,2679,330.7441874260539,226.568,SF-P3O-v1,Walker2d-v4,3
251347,reward,2680,411.6698082440971,247.553,SF-P3O-v1,Walker2d-v4,3
251525,reward,2681,306.33326075895707,247.097,SF-P3O-v1,Walker2d-v4,3
251708,reward,2682,309.43487446924127,253.758,SF-P3O-v1,Walker2d-v4,3
251965,reward,2683,378.39469189164106,263.931,SF-P3O-v1,Walker2d-v4,3
252025,reward,2684,48.907597345197026,247.162,SF-P3O-v1,Walker2d-v4,3
252176,reward,2685,263.2761133021689,270.153,SF-P3O-v1,Walker2d-v4,3
252278,reward,2686,80.79079568854506,245.152,SF-P3O-v1,Walker2d-v4,3
252512,reward,2687,357.78903104378395,248.699,SF-P3O-v1,Walker2d-v4,3
252678,reward,2688,291.92520154441,277.927,SF-P3O-v1,Walker2d-v4,3
252688,reward,2689,0.3522275144047088,244.887,SF-P3O-v1,Walker2d-v4,3
252697,reward,2690,-0.8712557837705404,203.633,SF-P3O-v1,Walker2d-v4,3
252832,reward,2691,41.06656194789821,177.107,SF-P3O-v1,Walker2d-v4,3
252937,reward,2692,188.77477443895782,165.041,SF-P3O-v1,Walker2d-v4,3
253077,reward,2693,229.87876806489615,150.189,SF-P3O-v1,Walker2d-v4,3
253259,reward,2694,291.5445860183109,174.453,SF-P3O-v1,Walker2d-v4,3
253466,reward,2695,344.8283635229046,182.608,SF-P3O-v1,Walker2d-v4,3
253646,reward,2696,287.006595103779,203.229,SF-P3O-v1,Walker2d-v4,3
253832,reward,2697,341.7662966194898,201.627,SF-P3O-v1,Walker2d-v4,3
253952,loss,-0.1057085245847702,0.8852620124816895,SF-P3O-v1,Walker2d-v4,3
254029,reward,2698,317.63687323429065,204.198,SF-P3O-v1,Walker2d-v4,3
254141,reward,2699,190.07641369023213,223.171,SF-P3O-v1,Walker2d-v4,3
254307,reward,2700,252.2097752735531,248.479,SF-P3O-v1,Walker2d-v4,3
254473,reward,2701,286.3746700826804,273.01,SF-P3O-v1,Walker2d-v4,3
254667,reward,2702,326.48079727702384,286.78,SF-P3O-v1,Walker2d-v4,3
254851,reward,2703,111.27873035900919,274.92,SF-P3O-v1,Walker2d-v4,3
255040,reward,2704,325.4247121629752,278.308,SF-P3O-v1,Walker2d-v4,3
255196,reward,2705,110.31420247231621,254.857,SF-P3O-v1,Walker2d-v4,3
255400,reward,2706,287.05660350665016,254.862,SF-P3O-v1,Walker2d-v4,3
255560,reward,2707,239.5802531064408,244.643,SF-P3O-v1,Walker2d-v4,3
255933,reward,2708,372.76753760377915,250.156,SF-P3O-v1,Walker2d-v4,3
256104,reward,2709,305.22437548799365,261.671,SF-P3O-v1,Walker2d-v4,3
256395,reward,2710,387.6059886731788,275.211,SF-P3O-v1,Walker2d-v4,3
256595,reward,2711,343.5013099068211,280.923,SF-P3O-v1,Walker2d-v4,3
256607,reward,2712,3.0727442634363835,248.583,SF-P3O-v1,Walker2d-v4,3
256733,reward,2713,174.02982711888404,254.858,SF-P3O-v1,Walker2d-v4,3
256855,reward,2714,108.65893064917543,233.181,SF-P3O-v1,Walker2d-v4,3
257058,reward,2715,336.3235673245193,255.782,SF-P3O-v1,Walker2d-v4,3
257202,reward,2716,236.85703492154548,250.762,SF-P3O-v1,Walker2d-v4,3
257472,reward,2717,368.538915912432,263.658,SF-P3O-v1,Walker2d-v4,3
257895,reward,2718,347.5932780164047,261.141,SF-P3O-v1,Walker2d-v4,3
258000,reward,2719,76.9379770844231,238.312,SF-P3O-v1,Walker2d-v4,3
258196,reward,2720,314.575995564999,231.009,SF-P3O-v1,Walker2d-v4,3
258310,reward,2721,209.97765025804114,217.657,SF-P3O-v1,Walker2d-v4,3
258435,reward,2722,237.61235388780028,241.111,SF-P3O-v1,Walker2d-v4,3
258505,reward,2723,38.439521563071416,227.552,SF-P3O-v1,Walker2d-v4,3
258718,reward,2724,370.7466762155623,253.76,SF-P3O-v1,Walker2d-v4,3
259144,reward,2725,599.2171863558872,280.05,SF-P3O-v1,Walker2d-v4,3
259337,reward,2726,341.9057197463503,290.555,SF-P3O-v1,Walker2d-v4,3
259523,reward,2727,335.24659930402817,287.225,SF-P3O-v1,Walker2d-v4,3
259887,reward,2728,531.4187071790874,305.608,SF-P3O-v1,Walker2d-v4,3
260000,speed,650.53,7.62,SF-P3O-v1,Walker2d-v4,3
260001,spectral,0.035714,0.960715,0.3352,SF-P3O-v1,Walker2d-v4,3
260023,reward,2729,263.89130021003456,324.303,SF-P3O-v1,Walker2d-v4,3
260380,reward,2730,457.5720789695444,338.603,SF-P3O-v1,Walker2d-v4,3
260786,reward,2731,587.3140074017031,376.336,SF-P3O-v1,Walker2d-v4,3
260951,reward,2732,261.32102559501055,378.707,SF-P3O-v1,Walker2d-v4,3
261149,reward,2733,328.8454475272219,407.748,SF-P3O-v1,Walker2d-v4,3
261339,reward,2734,161.8359531523045,386.857,SF-P3O-v1,Walker2d-v4,3
261588,reward,2735,336.58240167659073,360.593,SF-P3O-v1,Walker2d-v4,3
261860,reward,2736,418.1615592128278,368.219,SF-P3O-v1,Walker2d-v4,3
261988,reward,2737,242.19302801377208,358.914,SF-P3O-v1,Walker2d-v4,3
262084,reward,2738,174.12111354547437,323.184,SF-P3O-v1,Walker2d-v4,3
262144,loss,0.08251301944255829,0.8521465063095093,SF-P3O-v1,Walker2d-v4,3
262144,diagnostics,0.0,58.36,51.4238,0.036634,0.960145,0.3469,0.115572,SF-P3O-v1,Walker2d-v4,3
262199,reward,2739,242.1706442988642,321.012,SF-P3O-v1,Walker2d-v4,3
262343,reward,2740,276.78947896073413,302.933,SF-P3O-v1,Walker2d-v4,3
262485,reward,2741,273.6666207204479,271.569,SF-P3O-v1,Walker2d-v4,3
262635,reward,2742,282.96780075346305,273.733,SF-P3O-v1,Walker2d-v4,3
262809,reward,2743,294.38074789103604,270.287,SF-P3O-v1,Walker2d-v4,3
263060,reward,2744,346.96809126476165,288.8,SF-P3O-v1,Walker2d-v4,3
263206,reward,2745,229.9643478370241,278.138,SF-P3O-v1,Walker2d-v4,3
263414,reward,2746,315.4311416156902,267.865,SF-P3O-v1,Walker2d-v4,3
263560,reward,2747,263.46302793723805,269.992,SF-P3O-v1,Walker2d-v4,3
263681,reward,2748,209.69692400473798,273.55,SF-P3O-v1,Walker2d-v4,3
263811,reward,2749,214.0425696321114,270.737,SF-P3O-v1,Walker2d-v4,3
263985,reward,2750,294.55669755822754,272.514,SF-P3O-v1,Walker2d-v4,3
264164,reward,2751,317.4075210857693,276.888,SF-P3O-v1,Walker2d-v4,3
264361,reward,2752,319.17713866677565,280.509,SF-P3O-v1,Walker2d-v4,3
264525,reward,2753,267.95634665645565,277.866,SF-P3O-v1,Walker2d-v4,3
264637,reward,2754,224.28969807104292,265.599,SF-P3O-v1,Walker2d-v4,3
264793,reward,2755,271.96804776385943,269.799,SF-P3O-v1,Walker2d-v4,3
264911,reward,2756,55.30577917035075,243.786,SF-P3O-v1,Walker2d-v4,3
265100,reward,2757,322.66060365136997,249.706,SF-P3O-v1,Walker2d-v4,3
265213,reward,2758,65.58056270942969,235.294,SF-P3O-v1,Walker2d-v4,3
265898,reward,2759,703.0645678155222,284.197,SF-P3O-v1,Walker2d-v4,3
266044,reward,2760,227.1231080253676,277.453,SF-P3O-v1,Walker2d-v4,3
266202,reward,2761,273.03863939806223,273.016,SF-P3O-v1,Walker2d-v4,3
266342,reward,2762,249.09083745378675,266.008,SF-P3O-v1,Walker2d-v4,3
266467,reward,2763,250.65877663473321,264.278,SF-P3O-v1,Walker2d-v4,3
266637,reward,2764,270.35528333631555,268.885,SF-P3O-v1,Walker2d-v4,3
266765,reward,2765,167.78583863995235,258.466,SF-P3O-v1,Walker2d-v4,3
267503,reward,2766,885.1006662189594,341.446,SF-P3O-v1,Walker2d-v4,3
267653,reward,2767,272.6812932168896,336.448,SF-P3O-v1,Walker2d-v4,3
267662,reward,2768,-0.3968580686854333,329.85,SF-P3O-v1,Walker2d-v4,3
267768,reward,2769,184.10945194627993,277.955,SF-P3O-v1,Walker2d-v4,3
268058,reward,2770,139.1396123323817,269.156,SF-P3O-v1,Walker2d-v4,3
268121,reward,2771,53.384959079437124,247.191,SF-P3O-v1,Walker2d-v4,3
268314,reward,2772,280.7216932690539,250.354,SF-P3O-v1,Walker2d-v4,3
268512,reward,2773,316.0010922846688,256.888,SF-P3O-v1,Walker2d-v4,3
268591,reward,2774,91.74741770641356,239.028,SF-P3O-v1,Walker2d-v4,3
268691,reward,2775,179.83179423851544,240.232,SF-P3O-v1,Walker2d-v4,3
268853,reward,2776,297.73730177491376,181.496,SF-P3O-v1,Walker2d-v4,3
269057,reward,2777,325.6209863399176,186.79,SF-P3O-v1,Walker2d-v4,3
269230,reward,2778,250.8829269356867,211.918,SF-P3O-v1,Walker2d-v4,3
269451,reward,2779,372.4282112954339,230.75,SF-P3O-v1,Walker2d-v4,3
269595,reward,2780,280.91359980477546,244.927,SF-P3O-v1,Walker2d-v4,3
269834,reward,2781,341.66877913623404,273.755,SF-P3O-v1,Walker2d-v4,3
269997,reward,2782,292.5860147210865,274.942,SF-P3O-v1,Walker2d-v4,3
270000,speed,645.96,7.88,SF-P3O-v1,Walker2d-v4,3
270001,spectral,0.036634,0.960145,0.3469,SF-P3O-v1,Walker2d-v4,3
270146,reward,2783,279.10833863514233,271.253,SF-P3O-v1,Walker2d-v4,3
270336,loss,-0.08114757388830185,0.7719907164573669,SF-P3O-v1,Walker2d-v4,3
270404,reward,2784,372.1528481392086,299.293,SF-P3O-v1,Walker2d-v4,3
270560,reward,2785,280.9725491302704,309.407,SF-P3O-v1,Walker2d-v4,3
270769,reward,2786,165.09991718163747,296.143,SF-P3O-v1,Walker2d-v4,3
270901,reward,2787,187.88813737630386,282.37,SF-P3O-v1,Walker2d-v4,3
271091,reward,2788,358.89352212479986,293.171,SF-P3O-v1,Walker2d-v4,3
271470,reward,2789,278.5146906907438,283.78,SF-P3O-v1,Walker2d-v4,3
271701,reward,2790,351.56650867791865,290.845,SF-P3O-v1,Walker2d-v4,3
271828,reward,2791,186.34488877943258,275.313,SF-P3O-v1,Walker2d-v4,3
272003,reward,2792,293.792625759146,275.433,SF-P3O-v1,Walker2d-v4,3
272223,reward,2793,346.1270299796795,282.135,SF-P3O-v1,Walker2d-v4,3
272436,reward,2794,397.8040796494917,284.7,SF-P3O-v1,Walker2d-v4,3
272552,reward,2795,220.14937662568872,278.618,SF-P3O-v1,Walker2d-v4,3
272627,reward,2796,55.70733447285627,267.679,SF-P3O-v1,Walker2d-v4,3
272728,reward,2797,196.64676795956242,268.555,SF-P3O-v1,Walker2d-v4,3
272896,reward,2798,275.98512691274925,260.264,SF-P3O-v1,Walker2d-v4,3
272987,reward,2799,53.273917156471505,237.74,SF-P3O-v1,Walker2d-v4,3
273152,reward,2800,290.5380127035218,231.637,SF-P3O-v1,Walker2d-v4,3
273161,reward,2801,0.1519533295367511,213.018,SF-P3O-v1,Walker2d-v4,3
273333,reward,2802,294.364370631626,213.075,SF-P3O-v1,Walker2d-v4,3
273452,reward,2803,226.1951000477719,201.082,SF-P3O-v1,Walker2d-v4,3
273953,reward,2804,424.3764884078476,203.739,SF-P3O-v1,Walker2d-v4,3
274118,reward,2805,275.2154812916713,209.245,SF-P3O-v1,Walker2d-v4,3
274179,reward,2806,55.50206666284663,209.225,SF-P3O-v1,Walker2d-v4,3
274556,reward,2807,528.7220920166634,242.432,SF-P3O-v1,Walker2d-v4,3
274689,reward,2808,228.5581234079053,237.69,SF-P3O-v1,Walker2d-v4,3
274818,reward,2809,279.9885073044604,260.361,SF-P3O-v1,Walker2d-v4,3
275005,reward,2810,349.21957884292317,266.229,SF-P3O-v1,Walker2d-v4,3
275135,reward,2811,221.58312819244168,288.372,SF-P3O-v1,Walker2d-v4,3
275308,reward,2812,300.03908221056804,288.94,SF-P3O-v1,Walker2d-v4,3
275453,reward,2813,233.84277943386977,289.705,SF-P3O-v1,Walker2d-v4,3
275582,reward,2814,224.0118722228204,269.668,SF-P3O-v1,Walker2d-v4,3
275737,reward,2815,301.7489899210701,272.322,SF-P3O-v1,Walker2d-v4,3
275914,reward,2816,318.412438793452,298.613,SF-P3O-v1,Walker2d-v4,3
276046,reward,2817,281.7371762487139,273.914,SF-P3O-v1,Walker2d-v4,3
276254,reward,2818,364.55823688244067,287.514,SF-P3O-v1,Walker2d-v4,3
276473,reward,2819,178.0462043619512,277.32,SF-P3O-v1,Walker2d-v4,3
276625,reward,2820,251.19978012332888,267.518,SF-P3O-v1,Walker2d-v4,3
276744,reward,2821,227.89095413148772,268.149,SF-P3O-v1,Walker2d-v4,3
277100,reward,2822,382.745373636712,276.419,SF-P3O-v1,Walker2d-v4,3
277241,reward,2823,284.5532654989928,281.49,SF-P3O-v1,Walker2d-v4,3
277409,reward,2824,269.54314349643255,286.044,SF-P3O-v1,Walker2d-v4,3
277772,reward,2825,499.7563521705839,305.844,SF-P3O-v1,Walker2d-v4,3
277933,reward,2826,283.61880528783297,302.365,SF-P3O-v1,Walker2d-v4,3
278102,reward,2827,245.36109057221722,298.727,SF-P3O-v1,Walker2d-v4,3
278306,reward,2828,303.8796601661329,292.659,SF-P3O-v1,Walker2d-v4,3
278528,loss,-0.04954000562429428,0.7643275260925293,SF-P3O-v1,Walker2d-v4,3
278528,diagnostics,0.0,58.76,45.2359,0.038163,0.959632,0.3443,0.115262,SF-P3O-v1,Walker2d-v4,3
278630,reward,2829,469.4301582367444,321.798,SF-P3O-v1,Walker2d-v4,3
278867,reward,2830,149.96965561925512,311.675,SF-P3O-v1,Walker2d-v4,3
278988,reward,2831,266.916682554109,315.577,SF-P3O-v1,Walker2d-v4,3
279295,reward,2832,454.37712704705416,322.741,SF-P3O-v1,Walker2d-v4,3
279533,reward,2833,391.49920921525154,333.435,SF-P3O-v1,Walker2d-v4,3
279652,reward,2834,199.07491120513217,326.388,SF-P3O-v1,Walker2d-v4,3
279945,reward,2835,433.4227658116791,319.755,SF-P3O-v1,Walker2d-v4,3
280000,speed,428.63,8.27,SF-P3O-v1,Walker2d-v4,3
280001,spectral,0.038163,0.959632,0.3443,SF-P3O-v1,Walker2d-v4,3
280151,reward,2836,350.0348335940484,326.397,SF-P3O-v1,Walker2d-v4,3
280311,reward,2837,268.0631066533956,328.667,SF-P3O-v1,Walker2d-v4,3
280509,reward,2838,326.1045651365721,330.889,SF-P3O-v1,Walker2d-v4,3
280704,reward,2839,307.6228924379702,314.709,SF-P3O-v1,Walker2d-v4,3
280943,reward,2840,417.379004509743,341.45,SF-P3O-v1,Walker2d-v4,3
281451,reward,2841,693.590367092368,384.117,SF-P3O-v1,Walker2d-v4,3
281611,reward,2842,280.6411221753805,366.743,SF-P3O-v1,Walker2d-v4,3
281800,reward,2843,332.28105563524537,360.821,SF-P3O-v1,Walker2d-v4,3
281971,reward,2844,291.2877465880767,370.043,SF-P3O-v1,Walker2d-v4,3
282347,reward,2845,469.3757767516767,373.638,SF-P3O-v1,Walker2d-v4,3
282564,reward,2846,372.50131496395164,375.885,SF-P3O-v1,Walker2d-v4,3
282750,reward,2847,329.90215039605283,382.069,SF-P3O-v1,Walker2d-v4,3
282898,reward,2848,280.977837180428,377.556,SF-P3O-v1,Walker2d-v4,3
283130,reward,2849,338.6482857581184,380.658,SF-P3O-v1,Walker2d-v4,3
283405,reward,2850,398.4519427796793,378.766,SF-P3O-v1,Walker2d-v4,3
283512,reward,2851,191.63407635131864,328.57,SF-P3O-v1,Walker2d-v4,3
283669,reward,2852,293.44915683622185,329.851,SF-P3O-v1,Walker2d-v4,3
283818,reward,2853,235.79477241903837,320.202,SF-P3O-v1,Walker2d-v4,3
283955,reward,2854,258.8120227791932,316.955,SF-P3O-v1,Walker2d-v4,3
284157,reward,2855,367.6444847616253,306.782,SF-P3O-v1,Walker2d-v4,3
284361,reward,2856,348.3464419656418,304.366,SF-P3O-v1,Walker2d-v4,3
284458,reward,2857,200.97340511118375,291.473,SF-P3O-v1,Walker2d-v4,3
284594,reward,2858,278.84843967023244,291.26,SF-P3O-v1,Walker2d-v4,3
284824,reward,2859,311.34012845001314,288.529,SF-P3O-v1,Walker2d-v4,3
284961,reward,2860,247.25776525128708,273.41,SF-P3O-v1,Walker2d-v4,3
285061,reward,2861,167.61225004759734,271.008,SF-P3O-v1,Walker2d-v4,3
285259,reward,2862,312.46340702837216,272.909,SF-P3O-v1,Walker2d-v4,3
285373,reward,2863,218.63202689590568,271.193,SF-P3O-v1,Walker2d-v4,3
285571,reward,2864,333.83508849592744,278.695,SF-P3O-v1,Walker2d-v4,3
285808,reward,2865,394.557762948851,281.387,SF-P3O-v1,Walker2d-v4,3
285936,reward,2866,205.71072918966485,267.123,SF-P3O-v1,Walker2d-v4,3
286070,reward,2867,253.66890996149982,272.393,SF-P3O-v1,Walker2d-v4,3
286244,reward,2868,296.48978359706126,274.157,SF-P3O-v1,Walker2d-v4,3
286476,reward,2869,379.12600343435133,280.935,SF-P3O-v1,Walker2d-v4,3
286654,reward,2870,315.8281028909552,287.792,SF-P3O-v1,Walker2d-v4,3
286720,loss,-0.08064481616020203,1.0656565427780151,SF-P3O-v1,Walker2d-v4,3
286803,reward,2871,207.7542871080765,291.807,SF-P3O-v1,Walker2d-v4,3
286962,reward,2872,305.91143882093365,291.151,SF-P3O-v1,Walker2d-v4,3
287149,reward,2873,341.62067491328196,303.45,SF-P3O-v1,Walker2d-v4,3
287299,reward,2874,217.17756346309213,291.785,SF-P3O-v1,Walker2d-v4,3
287447,reward,2875,282.5106835491947,280.58,SF-P3O-v1,Walker2d-v4,3
287659,reward,2876,366.65873234701587,296.675,SF-P3O-v1,Walker2d-v4,3
287952,reward,2877,445.4784767687935,315.856,SF-P3O-v1,Walker2d-v4,3
288129,reward,2878,292.7097644736718,315.478,SF-P3O-v1,Walker2d-v4,3
288292,reward,2879,279.48819821267557,305.514,SF-P3O-v1,Walker2d-v4,3
288422,reward,2880,235.69395577566513,297.5,SF-P3O-v1,Walker2d-v4,3
288603,reward,2881,318.26407218065765,308.551,SF-P3O-v1,Walker2d-v4,3
288841,reward,2882,380.1222453032083,315.972,SF-P3O-v1,Walker2d-v4,3
289129,reward,2883,387.46999888576124,320.557,SF-P3O-v1,Walker2d-v4,3
289367,reward,2884,291.97770590430565,328.037,SF-P3O-v1,Walker2d-v4,3
289549,reward,2885,318.2755517136728,331.614,SF-P3O-v1,Walker2d-v4,3
289743,reward,2886,142.59853371856593,309.208,SF-P3O-v1,Walker2d-v4,3
290000,speed,628.65,8.53,SF-P3O-v1,Walker2d-v4,3
290001,spectral,0.038859,0.959223,0.3774,SF-P3O-v1,Walker2d-v4,3
290087,reward,2887,467.203253908551,311.38,SF-P3O-v1,Walker2d-v4,3
290233,reward,2888,95.0765921903155,291.617,SF-P3O-v1,Walker2d-v4,3
290346,reward,2889,196.46852777683216,283.315,SF-P3O-v1,Walker2d-v4,3
290496,reward,2890,266.2021108303133,286.366,SF-P3O-v1,Walker2d-v4,3
290666,reward,2891,282.55566365962557,282.795,SF-P3O-v1,Walker2d-v4,3
290803,reward,2892,220.56372273633983,266.839,SF-P3O-v1,Walker2d-v4,3
290923,reward,2893,174.43947769983444,245.536,SF-P3O-v1,Walker2d-v4,3
291284,reward,2894,526.7038487700632,269.009,SF-P3O-v1,Walker2d-v4,3
291469,reward,2895,283.7488989054417,265.556,SF-P3O-v1,Walker2d-v4,3
291913,reward,2896,364.4137123078786,287.738,SF-P3O-v1,Walker2d-v4,3
292065,reward,2897,240.33153224658764,265.05,SF-P3O-v1,Walker2d-v4,3
292355,reward,2898,415.5942798473294,297.102,SF-P3O-v1,Walker2d-v4,3
292600,reward,2899,374.8457924398635,314.94,SF-P3O-v1,Walker2d-v4,3
292719,reward,2900,222.91377027102948,310.611,SF-P3O-v1,Walker2d-v4,3
292932,reward,2901,350.42954731381604,317.398,SF-P3O-v1,Walker2d-v4,3
293079,reward,2902,287.78900556525025,324.121,SF-P3O-v1,Walker2d-v4,3
293190,reward,2903,65.94229790148279,313.271,SF-P3O-v1,Walker2d-v4,3
293388,reward,2904,309.0988169297912,291.511,SF-P3O-v1,Walker2d-v4,3
293600,reward,2905,334.76148634295146,296.612,SF-P3O-v1,Walker2d-v4,3
293783,reward,2906,299.78795401231434,290.149,SF-P3O-v1,Walker2d-v4,3
293921,reward,2907,218.98777376246514,288.015,SF-P3O-v1,Walker2d-v4,3
294128,reward,2908,340.0240129918654,280.458,SF-P3O-v1,Walker2d-v4,3
294250,reward,2909,196.94275969531589,262.668,SF-P3O-v1,Walker2d-v4,3
294437,reward,2910,348.82874607297833,275.259,SF-P3O-v1,Walker2d-v4,3
294633,reward,2911,306.8633118288096,270.903,SF-P3O-v1,Walker2d-v4,3
294912,loss,-0.013735461980104446,1.0354313850402832,SF-P3O-v1,Walker2d-v4,3
294912,diagnostics,0.0,59.13,59.5063,0.039667,0.95887,0.3658,0.114773,SF-P3O-v1,Walker2d-v4,3
295092,reward,2912,597.6307476067927,301.887,SF-P3O-v1,Walker2d-v4,3
295344,reward,2913,344.70665142203717,329.763,SF-P3O-v1,Walker2d-v4,3
295507,reward,2914,84.12300378040038,307.266,SF-P3O-v1,Walker2d-v4,3
295663,reward,2915,316.0547151707253,305.395,SF-P3O-v1,Walker2d-v4,3
295882,reward,2916,342.9145055656295,309.708,SF-P3O-v1,Walker2d-v4,3
296060,reward,2917,294.0303704986796,317.212,SF-P3O-v1,Walker2d-v4,3
296205,reward,2918,231.02294038516814,306.312,SF-P3O-v1,Walker2d-v4,3
296266,reward,2919,65.14201890119271,293.132,SF-P3O-v1,Walker2d-v4,3
296522,reward,2920,358.216983130483,294.071,SF-P3O-v1,Walker2d-v4,3
296790,reward,2921,439.5163735966634,307.336,SF-P3O-v1,Walker2d-v4,3
296806,reward,2922,3.1681527734860246,247.89,SF-P3O-v1,Walker2d-v4,3
296897,reward,2923,163.8239145794982,229.801,SF-P3O-v1,Walker2d-v4,3
297049,reward,2924,326.371740374757,254.026,SF-P3O-v1,Walker2d-v4,3
297170,reward,2925,185.555742077211,240.976,SF-P3O-v1,Walker2d-v4,3
297320,reward,2926,241.8853112834706,230.873,SF-P3O-v1,Walker2d-v4,3
297494,reward,2927,347.47641513435326,236.218,SF-P3O-v1,Walker2d-v4,3
297558,reward,2928,37.98268560906153,216.914,SF-P3O-v1,Walker2d-v4,3
297742,reward,2929,329.97078335744317,243.397,SF-P3O-v1,Walker2d-v4,3
297898,reward,2930,275.44442347992015,235.12,SF-P3O-v1,Walker2d-v4,3
298037,reward,2931,278.67781531222136,219.036,SF-P3O-v1,Walker2d-v4,3
298388,reward,2932,361.5843880569186,254.877,SF-P3O-v1,Walker2d-v4,3
298533,reward,2933,255.78111473649187,264.073,SF-P3O-v1,Walker2d-v4,3
298715,reward,2934,341.7770627402156,265.614,SF-P3O-v1,Walker2d-v4,3
298858,reward,2935,211.48243649542357,268.206,SF-P3O-v1,Walker2d-v4,3
299032,reward,2936,306.9236235490428,274.71,SF-P3O-v1,Walker2d-v4,3
299166,reward,2937,229.05634371705992,262.868,SF-P3O-v1,Walker2d-v4,3
299396,reward,2938,335.3443412787958,292.604,SF-P3O-v1,Walker2d-v4,3
299685,reward,2939,436.3883272379453,303.246,SF-P3O-v1,Walker2d-v4,3
299798,reward,2940,191.33506153757028,294.835,SF-P3O-v1,Walker2d-v4,3
299962,reward,2941,276.0064303512009,294.568,SF-P3O-v1,Walker2d-v4,3
300000,speed,620.87,8.8,SF-P3O-v1,Walker2d-v4,3
300001,spectral,0.039667,0.95887,0.3658,SF-P3O-v1,Walker2d-v4,3
300121,reward,2942,262.009755035785,284.61,SF-P3O-v1,Walker2d-v4,3
300351,reward,2943,341.39004448491295,293.171,SF-P3O-v1,Walker2d-v4,3
300505,reward,2944,290.0856353425733,288.002,SF-P3O-v1,Walker2d-v4,3
300647,reward,2945,261.9037029497447,293.044,SF-P3O-v1,Walker2d-v4,3
300806,reward,2946,294.0742215084625,291.759,SF-P3O-v1,Walker2d-v4,3
301023,reward,2947,385.8862677493168,307.442,SF-P3O-v1,Walker2d-v4,3
301034,reward,2948,1.9142732467006907,274.099,SF-P3O-v1,Walker2d-v4,3
301210,reward,2949,325.36131167675086,262.997,SF-P3O-v1,Walker2d-v4,3
301343,reward,2950,263.73479730251654,270.237,SF-P3O-v1,Walker2d-v4,3
301559,reward,2951,382.3431539485654,280.87,SF-P3O-v1,Walker2d-v4,3
301702,reward,2952,256.19074681248514,280.288,SF-P3O-v1,Walker2d-v4,3
301856,reward,2953,238.73654821094252,270.023,SF-P3O-v1,Walker2d-v4,3
302259,reward,2954,605.9391570605916,301.608,SF-P3O-v1,Walker2d-v4,3
302432,reward,2955,367.5041397673621,312.168,SF-P3O-v1,Walker2d-v4,3
302607,reward,2956,329.7334541318513,315.734,SF-P3O-v1,Walker2d-v4,3
302768,reward,2957,269.02021052022405,304.048,SF-P3O-v1,Walker2d-v4,3
302907,reward,2958,232.99632108659566,327.156,SF-P3O-v1,Walker2d-v4,3
303059,reward,2959,282.51641364507134,322.871,SF-P3O-v1,Walker2d-v4,3
303104,loss,-0.11032553017139435,0.6437082290649414,SF-P3O-v1,Walker2d-v4,3
303182,reward,2960,290.9378705757161,325.592,SF-P3O-v1,Walker2d-v4,3
303336,reward,2961,277.70159178703364,315.128,SF-P3O-v1,Walker2d-v4,3
303512,reward,2962,269.4831543311028,316.457,SF-P3O-v1,Walker2d-v4,3
303697,reward,2963,366.97808562598686,329.281,SF-P3O-v1,Walker2d-v4,3
303901,reward,2964,347.34072200830275,303.421,SF-P3O-v1,Walker2d-v4,3
304059,reward,2965,292.69549917796064,295.94,SF-P3O-v1,Walker2d-v4,3
304190,reward,2966,229.75474504353852,285.942,SF-P3O-v1,Walker2d-v4,3
304404,reward,2967,122.70195953247458,271.311,SF-P3O-v1,Walker2d-v4,3
304581,reward,2968,265.88407239849363,274.599,SF-P3O-v1,Walker2d-v4,3
304770,reward,2969,114.65952943886421,257.814,SF-P3O-v1,Walker2d-v4,3
304892,reward,2970,221.5842618124047,250.878,SF-P3O-v1,Walker2d-v4,3
305045,reward,2971,266.9765322551201,249.806,SF-P3O-v1,Walker2d-v4,3
305302,reward,2972,343.85180176401315,257.243,SF-P3O-v1,Walker2d-v4,3
305419,reward,2973,206.34740023600614,241.18,SF-P3O-v1,Walker2d-v4,3
305596,reward,2974,291.09903186825244,235.555,SF-P3O-v1,Walker2d-v4,3
305822,reward,2975,369.3022994442438,243.216,SF-P3O-v1,Walker2d-v4,3
305975,reward,2976,281.08103231517316,248.349,SF-P3O-v1,Walker2d-v4,3
305985,reward,2977,-2.309485409799125,235.848,SF-P3O-v1,Walker2d-v4,3
306165,reward,2978,319.44681999852753,241.204,SF-P3O-v1,Walker2d-v4,3
306282,reward,2979,205.91033620374512,250.329,SF-P3O-v1,Walker2d-v4,3
306446,reward,2980,253.12822991041566,253.483,SF-P3O-v1,Walker2d-v4,3
306752,reward,2981,366.4929800294267,263.435,SF-P3O-v1,Walker2d-v4,3
306830,reward,2982,64.02929476823309,235.453,SF-P3O-v1,Walker2d-v4,3
307008,reward,2983,287.86945867336533,243.605,SF-P3O-v1,Walker2d-v4,3
307205,reward,2984,347.14760795402736,249.21,SF-P3O-v1,Walker2d-v4,3
307456,reward,2985,391.72283765405274,251.452,SF-P3O-v1,Walker2d-v4,3
307631,reward,2986,283.6082392453824,251.705,SF-P3O-v1,Walker2d-v4,3
307800,reward,2987,288.1146834605311,280.747,SF-P3O-v1,Walker2d-v4,3
307972,reward,2988,325.8446177376774,281.387,SF-P3O-v1,Walker2d-v4,3
308174,reward,2989,402.64866807383106,301.061,SF-P3O-v1,Walker2d-v4,3
308362,reward,2990,372.36459438536406,312.984,SF-P3O-v1,Walker2d-v4,3
308503,reward,2991,243.222968397904,300.657,SF-P3O-v1,Walker2d-v4,3
308513,reward,2992,0.7774517218041382,294.332,SF-P3O-v1,Walker2d-v4,3
308716,reward,2993,378.1101247840869,303.356,SF-P3O-v1,Walker2d-v4,3
308872,reward,2994,279.0986957021529,296.551,SF-P3O-v1,Walker2d-v4,3
309233,reward,2995,536.8963409039033,311.069,SF-P3O-v1,Walker2d-v4,3
309376,reward,2996,232.09867038484,305.918,SF-P3O-v1,Walker2d-v4,3
309555,reward,2997,296.72018205602666,306.778,SF-P3O-v1,Walker2d-v4,3
309752,reward,2998,365.7158849851614,310.765,SF-P3O-v1,Walker2d-v4,3
309914,reward,2999,256.467589139655,296.147,SF-P3O-v1,Walker2d-v4,3
310000,speed,645.56,9.06,SF-P3O-v1,Walker2d-v4,3
310001,spectral,0.040641,0.9589,0.3427,SF-P3O-v1,Walker2d-v4,3
310235,reward,3000,416.08590121439516,300.519,SF-P3O-v1,Walker2d-v4,3
310372,reward,3001,281.9365895799656,304.391,SF-P3O-v1,Walker2d-v4,3
310612,reward,3002,310.24921528666016,335.338,SF-P3O-v1,Walker2d-v4,3
310763,reward,3003,294.3091802494342,326.958,SF-P3O-v1,Walker2d-v4,3
310888,reward,3004,208.47502536048958,319.895,SF-P3O-v1,Walker2d-v4,3
310936,reward,3005,31.48557190648111,269.354,SF-P3O-v1,Walker2d-v4,3
311153,reward,3006,370.5449932756619,283.199,SF-P3O-v1,Walker2d-v4,3
311296,loss,-0.04424387216567993,0.7213342189788818,SF-P3O-v1,Walker2d-v4,3
311296,diagnostics,0.0,59.54,59.1943,0.041407,0.958871,0.3404,0.11498,SF-P3O-v1,Walker2d-v4,3
311352,reward,3007,354.3782320083446,288.965,SF-P3O-v1,Walker2d-v4,3
311510,reward,3008,280.1324555427255,280.406,SF-P3O-v1,Walker2d-v4,3
311717,reward,3009,373.7967072793152,292.139,SF-P3O-v1,Walker2d-v4,3
311908,reward,3010,334.3084175907105,283.962,SF-P3O-v1,Walker2d-v4,3
312171,reward,3011,416.2852756410323,297.397,SF-P3O-v1,Walker2d-v4,3
312491,reward,3012,472.5978490158075,313.631,SF-P3O-v1,Walker2d-v4,3
312695,reward,3013,363.21158084193297,320.522,SF-P3O-v1,Walker2d-v4,3
312810,reward,3014,218.6025830369538,321.534,SF-P3O-v1,Walker2d-v4,3
312924,reward,3015,196.70649328435275,338.056,SF-P3O-v1,Walker2d-v4,3
313061,reward,3016,286.1378779585638,329.616,SF-P3O-v1,Walker2d-v4,3
313185,reward,3017,237.45062037476137,317.923,SF-P3O-v1,Walker2d-v4,3
313310,reward,3018,215.90161823220978,311.5,SF-P3O-v1,Walker2d-v4,3
313433,reward,3019,209.9374111407404,295.114,SF-P3O-v1,Walker2d-v4,3
313568,reward,3020,236.0353852407961,285.287,SF-P3O-v1,Walker2d-v4,3
313692,reward,3021,69.1387975345379,250.572,SF-P3O-v1,Walker2d-v4,3
314094,reward,3022,474.172763730392,250.73,SF-P3O-v1,Walker2d-v4,3
314291,reward,3023,287.2547584958074,243.134,SF-P3O-v1,Walker2d-v4,3
314532,reward,3024,439.3342565793675,265.207,SF-P3O-v1,Walker2d-v4,3
314690,reward,3025,261.6789295304597,271.704,SF-P3O-v1,Walker2d-v4,3
314938,reward,3026,345.5552030260872,277.646,SF-P3O-v1,Walker2d-v4,3
315064,reward,3027,233.51643625403872,277.253,SF-P3O-v1,Walker2d-v4,3
315205,reward,3028,258.476520413744,281.51,SF-P3O-v1,Walker2d-v4,3
315411,reward,3029,355.49757891664547,296.066,SF-P3O-v1,Walker2d-v4,3
315602,reward,3030,384.1237856107509,310.875,SF-P3O-v1,Walker2d-v4,3
315762,reward,3031,289.6125811966234,332.922,SF-P3O-v1,Walker2d-v4,3
315912,reward,3032,271.3248438023243,312.637,SF-P3O-v1,Walker2d-v4,3
316145,reward,3033,416.7565000657939,325.588,SF-P3O-v1,Walker2d-v4,3
316266,reward,3034,77.19948752497262,289.374,SF-P3O-v1,Walker2d-v4,3
316488,reward,3035,353.6125854546332,298.568,SF-P3O-v1,Walker2d-v4,3
316585,reward,3036,181.98933273863796,282.211,SF-P3O-v1,Walker2d-v4,3
316739,reward,3037,280.5173847955247,286.911,SF-P3O-v1,Walker2d-v4,3
316956,reward,3038,334.7116470307512,294.535,SF-P3O-v1,Walker2d-v4,3
317085,reward,3039,258.9477804033479,284.88,SF-P3O-v1,Walker2d-v4,3
317244,reward,3040,313.7606206892109,277.843,SF-P3O-v1,Walker2d-v4,3
317389,reward,3041,281.1886506200829,277.001,SF-P3O-v1,Walker2d-v4,3
317517,reward,3042,225.5289650183397,272.421,SF-P3O-v1,Walker2d-v4,3
317753,reward,3043,380.83148258879254,268.829,SF-P3O-v1,Walker2d-v4,3
317942,reward,3044,362.19717105382955,297.329,SF-P3O-v1,Walker2d-v4,3
318106,reward,3045,328.111670148912,294.778,SF-P3O-v1,Walker2d-v4,3
318118,reward,3046,2.108548778239279,276.79,SF-P3O-v1,Walker2d-v4,3
318285,reward,3047,321.0285359271553,280.842,SF-P3O-v1,Walker2d-v4,3
318517,reward,3048,358.43077687475414,283.213,SF-P3O-v1,Walker2d-v4,3
318646,reward,3049,241.61141931058506,281.48,SF-P3O-v1,Walker2d-v4,3
318793,reward,3050,254.84307423484867,275.588,SF-P3O-v1,Walker2d-v4,3
319022,reward,3051,346.14917061119525,282.084,SF-P3O-v1,Walker2d-v4,3
319238,reward,3052,404.8493506806622,300.016,SF-P3O-v1,Walker2d-v4,3
319386,reward,3053,275.279964457462,289.461,SF-P3O-v1,Walker2d-v4,3
319488,loss,-0.13831591606140137,1.0287728309631348,SF-P3O-v1,Walker2d-v4,3
319622,reward,3054,421.59260872054654,295.401,SF-P3O-v1,Walker2d-v4,3
319779,reward,3055,353.8308202193938,297.972,SF-P3O-v1,Walker2d-v4,3
319977,reward,3056,331.14032209593523,330.876,SF-P3O-v1,Walker2d-v4,3
320000,speed,438.36,9.44,SF-P3O-v1,Walker2d-v4,3
320001,spectral,0.042209,0.959072,0.3354,SF-P3O-v1,Walker2d-v4,3
320120,reward,3057,257.56386719073174,324.529,SF-P3O-v1,Walker2d-v4,3
320331,reward,3058,316.43122532208025,320.329,SF-P3O-v1,Walker2d-v4,3
320475,reward,3059,257.734463488204,321.941,SF-P3O-v1,Walker2d-v4,3
320630,reward,3060,272.3388705639377,323.691,SF-P3O-v1,Walker2d-v4,3
320798,reward,3061,326.0437678578155,321.681,SF-P3O-v1,Walker2d-v4,3
320974,reward,3062,349.2708440214301,316.123,SF-P3O-v1,Walker2d-v4,3
321130,reward,3063,266.7968923398528,315.274,SF-P3O-v1,Walker2d-v4,3
321266,reward,3064,262.7626174498413,299.391,SF-P3O-v1,Walker2d-v4,3
321454,reward,3065,273.2093193389901,291.329,SF-P3O-v1,Walker2d-v4,3
321591,reward,3066,281.18714633423974,286.334,SF-P3O-v1,Walker2d-v4,3
321759,reward,3067,292.6912728560241,289.847,SF-P3O-v1,Walker2d-v4,3
321935,reward,3068,307.3719699876972,288.941,SF-P3O-v1,Walker2d-v4,3
322137,reward,3069,377.0150848631178,300.869,SF-P3O-v1,Walker2d-v4,3
322147,reward,3070,1.318428693842332,273.767,SF-P3O-v1,Walker2d-v4,3
322334,reward,3071,324.6505068511449,273.627,SF-P3O-v1,Walker2d-v4,3
322483,reward,3072,302.1713642212945,268.917,SF-P3O-v1,Walker2d-v4,3
322706,reward,3073,425.58032619471953,284.796,SF-P3O-v1,Walker2d-v4,3
322914,reward,3074,361.70482019353,294.69,SF-P3O-v1,Walker2d-v4,3
323002,reward,3075,60.07755105625684,273.377,SF-P3O-v1,Walker2d-v4,3
323191,reward,3076,306.68348095726776,275.926,SF-P3O-v1,Walker2d-v4,3
323321,reward,3077,238.0834880180025,270.466,SF-P3O-v1,Walker2d-v4,3
323520,reward,3078,360.1943954899181,275.748,SF-P3O-v1,Walker2d-v4,3
323678,reward,3079,267.6362454519706,264.81,SF-P3O-v1,Walker2d-v4,3
323850,reward,3080,75.06193683868611,272.184,SF-P3O-v1,Walker2d-v4,3
324008,reward,3081,312.066252808734,270.926,SF-P3O-v1,Walker2d-v4,3
324229,reward,3082,384.872061757469,279.196,SF-P3O-v1,Walker2d-v4,3
324445,reward,3083,390.0495358196974,275.643,SF-P3O-v1,Walker2d-v4,3
324624,reward,3084,307.8849874633638,270.261,SF-P3O-v1,Walker2d-v4,3
324773,reward,3085,273.5498896511554,291.608,SF-P3O-v1,Walker2d-v4,3
324959,reward,3086,308.21424521567855,291.761,SF-P3O-v1,Walker2d-v4,3
325119,reward,3087,319.35851366195993,299.889,SF-P3O-v1,Walker2d-v4,3
325277,reward,3088,289.8306225873839,292.852,SF-P3O-v1,Walker2d-v4,3
325436,reward,3089,273.0646173283195,293.395,SF-P3O-v1,Walker2d-v4,3
325608,reward,3090,300.1699674755535,315.906,SF-P3O-v1,Walker2d-v4,3
325877,reward,3091,471.34409860310336,331.834,SF-P3O-v1,Walker2d-v4,3
326070,reward,3092,343.1834710749182,327.665,SF-P3O-v1,Walker2d-v4,3
326264,reward,3093,356.8166216586689,324.342,SF-P3O-v1,Walker2d-v4,3
326374,reward,3094,207.41462819247315,314.295,SF-P3O-v1,Walker2d-v4,3
326571,reward,3095,329.5666744993171,319.896,SF-P3O-v1,Walker2d-v4,3
326747,reward,3096,287.80304751165073,317.855,SF-P3O-v1,Walker2d-v4,3
326925,reward,3097,324.21399793256666,318.341,SF-P3O-v1,Walker2d-v4,3
327124,reward,3098,329.0943009670916,322.267,SF-P3O-v1,Walker2d-v4,3
327292,reward,3099,274.9217295326583,322.453,SF-P3O-v1,Walker2d-v4,3
327509,reward,3100,430.2553425833876,335.461,SF-P3O-v1,Walker2d-v4,3
327680,loss,-0.08134457468986511,0.9139535427093506,SF-P3O-v1,Walker2d-v4,3
327680,diagnostics,0.0,59.88,83.3924,0.043031,0.959091,0.3156,0.115363,SF-P3O-v1,Walker2d-v4,3
327719,reward,3101,382.830014698333,326.61,SF-P3O-v1,Walker2d-v4,3
327899,reward,3102,317.8162637053727,324.073,SF-P3O-v1,Walker2d-v4,3
328053,reward,3103,283.97455190252083,316.789,SF-P3O-v1,Walker2d-v4,3
328223,reward,3104,316.6870637770627,327.716,SF-P3O-v1,Walker2d-v4,3
328423,reward,3105,369.6111067872888,331.721,SF-P3O-v1,Walker2d-v4,3
328569,reward,3106,292.4272547576296,332.183,SF-P3O-v1,Walker2d-v4,3
328758,reward,3107,365.7964189712596,336.341,SF-P3O-v1,Walker2d-v4,3
328991,reward,3108,366.1369292875901,340.046,SF-P3O-v1,Walker2d-v4,3
329172,reward,3109,378.34795815671663,350.388,SF-P3O-v1,Walker2d-v4,3
329296,reward,3110,237.5121843184325,331.114,SF-P3O-v1,Walker2d-v4,3
329401,reward,3111,196.83458443175175,312.514,SF-P3O-v1,Walker2d-v4,3
329660,reward,3112,441.09630749843393,324.842,SF-P3O-v1,Walker2d-v4,3
329790,reward,3113,242.5187239043263,320.697,SF-P3O-v1,Walker2d-v4,3
329982,reward,3114,328.2473730268722,321.853,SF-P3O-v1,Walker2d-v4,3
330000,speed,651.05,9.7,SF-P3O-v1,Walker2d-v4,3
330001,spectral,0.043031,0.959091,0.3156,SF-P3O-v1,Walker2d-v4,3
330155,reward,3115,313.7002956971377,316.262,SF-P3O-v1,Walker2d-v4,3
330339,reward,3116,312.73408391312364,318.292,SF-P3O-v1,Walker2d-v4,3
330512,reward,3117,294.50294985647434,311.163,SF-P3O-v1,Walker2d-v4,3
330710,reward,3118,366.12794252093255,311.162,SF-P3O-v1,Walker2d-v4,3
330927,reward,3119,405.6534881352724,313.893,SF-P3O-v1,Walker2d-v4,3
331081,reward,3120,281.9756024326804,318.339,SF-P3O-v1,Walker2d-v4,3
331267,reward,3121,326.4936036387988,331.305,SF-P3O-v1,Walker2d-v4,3
331460,reward,3122,358.3426762194618,323.03,SF-P3O-v1,Walker2d-v4,3
331669,reward,3123,339.5241902150394,332.73,SF-P3O-v1,Walker2d-v4,3
332028,reward,3124,455.53412281865786,345.459,SF-P3O-v1,Walker2d-v4,3
332226,reward,3125,332.88240108710903,347.377,SF-P3O-v1,Walker2d-v4,3
332455,reward,3126,373.92572330163557,353.496,SF-P3O-v1,Walker2d-v4,3
332647,reward,3127,341.056336746895,358.152,SF-P3O-v1,Walker2d-v4,3
332818,reward,3128,361.6882051252909,357.708,SF-P3O-v1,Walker2d-v4,3
332983,reward,3129,259.7443339475918,343.117,SF-P3O-v1,Walker2d-v4,3
333178,reward,3130,345.8517142397755,349.504,SF-P3O-v1,Walker2d-v4,3
333328,reward,3131,78.53491961008568,324.708,SF-P3O-v1,Walker2d-v4,3
333523,reward,3132,131.8407511774517,302.058,SF-P3O-v1,Walker2d-v4,3
333666,reward,3133,258.3055416134506,293.936,SF-P3O-v1,Walker2d-v4,3
333778,reward,3134,212.6835866351629,269.651,SF-P3O-v1,Walker2d-v4,3
333953,reward,3135,337.79597763555375,270.143,SF-P3O-v1,Walker2d-v4,3
334171,reward,3136,401.3246873462424,272.883,SF-P3O-v1,Walker2d-v4,3
334408,reward,3137,403.31041709942883,279.108,SF-P3O-v1,Walker2d-v4,3
334715,reward,3138,439.39298460463135,286.878,SF-P3O-v1,Walker2d-v4,3
334840,reward,3139,232.85094004452634,284.189,SF-P3O-v1,Walker2d-v4,3
335307,reward,3140,552.0054815309284,304.805,SF-P3O-v1,Walker2d-v4,3
335448,reward,3141,265.8334980848532,323.534,SF-P3O-v1,Walker2d-v4,3
335619,reward,3142,324.8351508462301,342.834,SF-P3O-v1,Walker2d-v4,3
335872,loss,-0.062420185655355453,0.7535912990570068,SF-P3O-v1,Walker2d-v4,3
335944,reward,3143,418.64590345816623,358.868,SF-P3O-v1,Walker2d-v4,3
336224,reward,3144,429.69306382609034,380.569,SF-P3O-v1,Walker2d-v4,3
336362,reward,3145,263.48078154480754,373.137,SF-P3O-v1,Walker2d-v4,3
336495,reward,3146,257.60834977607493,358.766,SF-P3O-v1,Walker2d-v4,3
336802,reward,3147,509.22914180169937,369.358,SF-P3O-v1,Walker2d-v4,3
337045,reward,3148,351.2108664743599,360.539,SF-P3O-v1,Walker2d-v4,3
337247,reward,3149,342.80111156964756,371.534,SF-P3O-v1,Walker2d-v4,3
337415,reward,3150,304.1951744539984,346.753,SF-P3O-v1,Walker2d-v4,3
337607,reward,3151,332.55721804625966,353.426,SF-P3O-v1,Walker2d-v4,3
337803,reward,3152,413.42981345079386,362.285,SF-P3O-v1,Walker2d-v4,3
337990,reward,3153,298.05754014377413,350.226,SF-P3O-v1,Walker2d-v4,3
338136,reward,3154,320.41866640372854,339.299,SF-P3O-v1,Walker2d-v4,3
338292,reward,3155,293.2254187594029,342.273,SF-P3O-v1,Walker2d-v4,3
338474,reward,3156,338.5277454181747,350.365,SF-P3O-v1,Walker2d-v4,3
338641,reward,3157,263.2685375385951,325.769,SF-P3O-v1,Walker2d-v4,3
338768,reward,3158,247.8209870954355,315.43,SF-P3O-v1,Walker2d-v4,3
338941,reward,3159,355.60582982555655,316.711,SF-P3O-v1,Walker2d-v4,3
339187,reward,3160,398.1146983647224,326.103,SF-P3O-v1,Walker2d-v4,3
339432,reward,3161,485.55043775458194,341.402,SF-P3O-v1,Walker2d-v4,3
339585,reward,3162,292.3617131517742,329.295,SF-P3O-v1,Walker2d-v4,3
339715,reward,3163,91.45275943979586,308.635,SF-P3O-v1,Walker2d-v4,3
339842,reward,3164,249.15209927225973,301.508,SF-P3O-v1,Walker2d-v4,3
339990,reward,3165,293.1564756448736,301.501,SF-P3O-v1,Walker2d-v4,3
340000,speed,661.95,9.95,SF-P3O-v1,Walker2d-v4,3
340001,spectral,0.043619,0.959267,0.3392,SF-P3O-v1,Walker2d-v4,3
340259,reward,3166,451.80511393489803,312.829,SF-P3O-v1,Walker2d-v4,3
340402,reward,3167,272.2484452693173,313.727,SF-P3O-v1,Walker2d-v4,3
340586,reward,3168,326.6854670103065,321.613,SF-P3O-v1,Walker2d-v4,3
340757,reward,3169,307.5079393588629,316.804,SF-P3O-v1,Walker2d-v4,3
341063,reward,3170,466.34094240671794,323.626,SF-P3O-v1,Walker2d-v4,3
341306,reward,3171,398.0410579768043,314.875,SF-P3O-v1,Walker2d-v4,3
341476,reward,3172,348.58856717332264,320.498,SF-P3O-v1,Walker2d-v4,3
341611,reward,3173,224.10557933095632,333.763,SF-P3O-v1,Walker2d-v4,3
341748,reward,3174,294.8387401448042,338.332,SF-P3O-v1,Walker2d-v4,3
341880,reward,3175,211.19583312122884,330.136,SF-P3O-v1,Walker2d-v4,3
342020,reward,3176,266.1719823989829,311.572,SF-P3O-v1,Walker2d-v4,3
342191,reward,3177,298.28090566190053,314.176,SF-P3O-v1,Walker2d-v4,3
342366,reward,3178,332.66042087074544,314.773,SF-P3O-v1,Walker2d-v4,3
342538,reward,3179,333.68000293317857,317.39,SF-P3O-v1,Walker2d-v4,3
342851,reward,3180,406.19262854868396,311.376,SF-P3O-v1,Walker2d-v4,3
343035,reward,3181,352.72433168843696,306.844,SF-P3O-v1,Walker2d-v4,3
343262,reward,3182,469.71463543413597,318.957,SF-P3O-v1,Walker2d-v4,3
343462,reward,3183,394.39020317352316,335.985,SF-P3O-v1,Walker2d-v4,3
343648,reward,3184,387.6440687346155,345.266,SF-P3O-v1,Walker2d-v4,3
343817,reward,3185,318.9470949901904,356.041,SF-P3O-v1,Walker2d-v4,3
343992,reward,3186,314.9108949247366,360.915,SF-P3O-v1,Walker2d-v4,3
344064,loss,-0.10950177162885666,0.7760326862335205,SF-P3O-v1,Walker2d-v4,3
344064,diagnostics,0.0,60.25,50.5663,0.044405,0.959124,0.3587,0.115612,SF-P3O-v1,Walker2d-v4,3
344212,reward,3187,411.83538431920266,372.27,SF-P3O-v1,Walker2d-v4,3
344359,reward,3188,267.90942916849343,365.795,SF-P3O-v1,Walker2d-v4,3
344528,reward,3189,322.2764555255701,364.655,SF-P3O-v1,Walker2d-v4,3
344707,reward,3190,328.4755435263505,356.883,SF-P3O-v1,Walker2d-v4,3
344806,reward,3191,60.020214599030695,327.612,SF-P3O-v1,Walker2d-v4,3
345026,reward,3192,406.33140242184305,321.274,SF-P3O-v1,Walker2d-v4,3
345175,reward,3193,362.07450854904823,318.042,SF-P3O-v1,Walker2d-v4,3
345390,reward,3194,341.6261457040899,313.441,SF-P3O-v1,Walker2d-v4,3
345405,reward,3195,5.3464157560580645,282.081,SF-P3O-v1,Walker2d-v4,3
345519,reward,3196,232.71401376075397,273.861,SF-P3O-v1,Walker2d-v4,3
345735,reward,3197,339.6180991441262,266.639,SF-P3O-v1,Walker2d-v4,3
345908,reward,3198,328.8152189250783,272.73,SF-P3O-v1,Walker2d-v4,3
346138,reward,3199,391.6605779472974,279.668,SF-P3O-v1,Walker2d-v4,3
346286,reward,3200,280.6538819137866,274.886,SF-P3O-v1,Walker2d-v4,3
346526,reward,3201,438.85102964592386,312.769,SF-P3O-v1,Walker2d-v4,3
346660,reward,3202,166.5931690128812,288.795,SF-P3O-v1,Walker2d-v4,3
346857,reward,3203,377.7753362238797,290.365,SF-P3O-v1,Walker2d-v4,3
347062,reward,3204,388.86899745348484,295.09,SF-P3O-v1,Walker2d-v4,3
347258,reward,3205,135.07623930062385,308.063,SF-P3O-v1,Walker2d-v4,3
347504,reward,3206,434.78943730873175,328.27,SF-P3O-v1,Walker2d-v4,3
347695,reward,3207,385.7536681295074,332.884,SF-P3O-v1,Walker2d-v4,3
347833,reward,3208,261.0087373634981,326.103,SF-P3O-v1,Walker2d-v4,3
348047,reward,3209,418.80976550130566,328.818,SF-P3O-v1,Walker2d-v4,3
348210,reward,3210,342.0186656379478,334.955,SF-P3O-v1,Walker2d-v4,3
348423,reward,3211,355.0970934708289,326.579,SF-P3O-v1,Walker2d-v4,3
348605,reward,3212,324.96266318907755,342.416,SF-P3O-v1,Walker2d-v4,3
348616,reward,3213,0.4075809381607878,304.679,SF-P3O-v1,Walker2d-v4,3
348796,reward,3214,320.66714351276136,297.859,SF-P3O-v1,Walker2d-v4,3
348987,reward,3215,333.4259425944956,317.694,SF-P3O-v1,Walker2d-v4,3
349000,reward,3216,0.7610258273230996,274.291,SF-P3O-v1,Walker2d-v4,3
349164,reward,3217,342.62580664248907,269.978,SF-P3O-v1,Walker2d-v4,3
349340,reward,3218,313.099554441211,275.188,SF-P3O-v1,Walker2d-v4,3
349483,reward,3219,231.86432757421474,256.493,SF-P3O-v1,Walker2d-v4,3
349657,reward,3220,320.08989517136723,254.3,SF-P3O-v1,Walker2d-v4,3
349864,reward,3221,391.32744537103105,257.923,SF-P3O-v1,Walker2d-v4,3
350000,speed,643.83,10.21,SF-P3O-v1,Walker2d-v4,3
350001,spectral,0.044405,0.959124,0.3587,SF-P3O-v1,Walker2d-v4,3
350030,reward,3222,114.49774854397742,236.877,SF-P3O-v1,Walker2d-v4,3
350284,reward,3223,438.68930940678905,280.705,SF-P3O-v1,Walker2d-v4,3
350442,reward,3224,322.59451891180044,280.898,SF-P3O-v1,Walker2d-v4,3
350601,reward,3225,293.8991845915984,276.945,SF-P3O-v1,Walker2d-v4,3
350851,reward,3226,427.44213884921095,319.613,SF-P3O-v1,Walker2d-v4,3
351056,reward,3227,308.33583371005756,316.184,SF-P3O-v1,Walker2d-v4,3
351247,reward,3228,361.30301075811417,321.004,SF-P3O-v1,Walker2d-v4,3
351410,reward,3229,326.137102326992,330.432,SF-P3O-v1,Walker2d-v4,3
351576,reward,3230,315.82436206855635,330.005,SF-P3O-v1,Walker2d-v4,3
351791,reward,3231,378.9565343003168,328.768,SF-P3O-v1,Walker2d-v4,3
351947,reward,3232,317.14828389477003,349.033,SF-P3O-v1,Walker2d-v4,3
352162,reward,3233,426.25480961354856,347.79,SF-P3O-v1,Walker2d-v4,3
352256,loss,0.021117230877280235,0.9801133871078491,SF-P3O-v1,Walker2d-v4,3
352422,reward,3234,409.438437880656,356.474,SF-P3O-v1,Walker2d-v4,3
352585,reward,3235,255.4012901179787,352.624,SF-P3O-v1,Walker2d-v4,3
352738,reward,3236,287.40693718867595,338.621,SF-P3O-v1,Walker2d-v4,3
352879,reward,3237,300.62223556539954,337.849,SF-P3O-v1,Walker2d-v4,3
353115,reward,3238,396.21926487855427,341.341,SF-P3O-v1,Walker2d-v4,3
353288,reward,3239,359.98264157798576,344.725,SF-P3O-v1,Walker2d-v4,3
353458,reward,3240,340.5515571286801,347.198,SF-P3O-v1,Walker2d-v4,3
353728,reward,3241,425.5994469074953,351.862,SF-P3O-v1,Walker2d-v4,3
353913,reward,3242,364.574305444086,356.605,SF-P3O-v1,Walker2d-v4,3
354113,reward,3243,354.5670350417264,349.436,SF-P3O-v1,Walker2d-v4,3
354242,reward,3244,251.83752556467797,333.676,SF-P3O-v1,Walker2d-v4,3
354383,reward,3245,306.32596647437856,338.769,SF-P3O-v1,Walker2d-v4,3
354640,reward,3246,438.3233003546332,353.86,SF-P3O-v1,Walker2d-v4,3
354815,reward,3247,341.3358425652196,357.932,SF-P3O-v1,Walker2d-v4,3
355088,reward,3248,436.8919376758385,361.999,SF-P3O-v1,Walker2d-v4,3
355246,reward,3249,327.19916301186237,358.721,SF-P3O-v1,Walker2d-v4,3
355448,reward,3250,429.6717694098723,367.633,SF-P3O-v1,Walker2d-v4,3
355604,reward,3251,293.911538215677,354.464,SF-P3O-v1,Walker2d-v4,3
355799,reward,3252,296.55315659490356,347.662,SF-P3O-v1,Walker2d-v4,3
355975,reward,3253,334.6998009253964,345.675,SF-P3O-v1,Walker2d-v4,3
356130,reward,3254,309.80187511752905,351.471,SF-P3O-v1,Walker2d-v4,3
356326,reward,3255,393.0641631376592,360.145,SF-P3O-v1,Walker2d-v4,3
356562,reward,3256,448.6694519647279,361.18,SF-P3O-v1,Walker2d-v4,3
356730,reward,3257,396.7862567013918,366.725,SF-P3O-v1,Walker2d-v4,3
357020,reward,3258,473.75682013340315,370.411,SF-P3O-v1,Walker2d-v4,3
357177,reward,3259,330.1965189160791,370.711,SF-P3O-v1,Walker2d-v4,3
357340,reward,3260,306.8581560889846,358.43,SF-P3O-v1,Walker2d-v4,3
357487,reward,3261,286.2192869094101,357.661,SF-P3O-v1,Walker2d-v4,3
357684,reward,3262,381.61066831938024,366.166,SF-P3O-v1,Walker2d-v4,3
357987,reward,3263,464.13699166996935,379.11,SF-P3O-v1,Walker2d-v4,3
358131,reward,3264,280.95342747464247,376.225,SF-P3O-v1,Walker2d-v4,3
358313,reward,3265,360.32094364203505,372.951,SF-P3O-v1,Walker2d-v4,3
358463,reward,3266,296.8919041644175,357.773,SF-P3O-v1,Walker2d-v4,3
358640,reward,3267,341.0531774942572,352.2,SF-P3O-v1,Walker2d-v4,3
358812,reward,3268,317.39065709631876,336.563,SF-P3O-v1,Walker2d-v4,3
359071,reward,3269,433.2569762901111,346.869,SF-P3O-v1,Walker2d-v4,3
359284,reward,3270,372.83269839105185,353.467,SF-P3O-v1,Walker2d-v4,3
359418,reward,3271,87.4764531942862,333.592,SF-P3O-v1,Walker2d-v4,3
359566,reward,3272,273.63693856472383,322.795,SF-P3O-v1,Walker2d-v4,3
359747,reward,3273,359.2090701137525,312.302,SF-P3O-v1,Walker2d-v4,3
359974,reward,3274,376.63680931536305,321.871,SF-P3O-v1,Walker2d-v4,3
360000,speed,653.0,10.46,SF-P3O-v1,Walker2d-v4,3
360001,spectral,0.045149,0.959159,0.3718,SF-P3O-v1,Walker2d-v4,3
360154,reward,3275,311.52867079779594,316.991,SF-P3O-v1,Walker2d-v4,3
360368,reward,3276,381.0986032628189,325.412,SF-P3O-v1,Walker2d-v4,3
360448,loss,-0.01292085088789463,0.6888197064399719,SF-P3O-v1,Walker2d-v4,3
360448,diagnostics,0.0,60.61,49.8698,0.045923,0.958674,0.3512,0.115498,SF-P3O-v1,Walker2d-v4,3
360514,reward,3277,286.8574667361969,319.992,SF-P3O-v1,Walker2d-v4,3
360779,reward,3278,433.3437328290367,331.588,SF-P3O-v1,Walker2d-v4,3
360937,reward,3279,325.27371061981876,320.789,SF-P3O-v1,Walker2d-v4,3
361129,reward,3280,361.0754376999182,319.614,SF-P3O-v1,Walker2d-v4,3
361319,reward,3281,371.61129773448835,348.027,SF-P3O-v1,Walker2d-v4,3
361451,reward,3282,260.0709402729408,346.671,SF-P3O-v1,Walker2d-v4,3
361645,reward,3283,335.8716176492951,344.337,SF-P3O-v1,Walker2d-v4,3
361798,reward,3284,300.1411823101652,336.687,SF-P3O-v1,Walker2d-v4,3
361986,reward,3285,385.8939269764434,344.124,SF-P3O-v1,Walker2d-v4,3
362117,reward,3286,260.80406294631155,332.094,SF-P3O-v1,Walker2d-v4,3
362188,reward,3287,51.5084693670423,308.559,SF-P3O-v1,Walker2d-v4,3
362360,reward,3288,342.03507636399775,299.429,SF-P3O-v1,Walker2d-v4,3
362515,reward,3289,84.96860690466612,275.398,SF-P3O-v1,Walker2d-v4,3
362667,reward,3290,317.596161930683,271.05,SF-P3O-v1,Walker2d-v4,3
362674,reward,3291,-3.1903768766471474,233.57,SF-P3O-v1,Walker2d-v4,3
362917,reward,3292,380.20939891968766,245.584,SF-P3O-v1,Walker2d-v4,3
363050,reward,3293,297.1000059266862,241.707,SF-P3O-v1,Walker2d-v4,3
363330,reward,3294,447.51561468850764,256.444,SF-P3O-v1,Walker2d-v4,3
363517,reward,3295,327.8023337136858,250.635,SF-P3O-v1,Walker2d-v4,3
363643,reward,3296,240.2324071548739,248.578,SF-P3O-v1,Walker2d-v4,3
363789,reward,3297,268.04759953072636,270.232,SF-P3O-v1,Walker2d-v4,3
363942,reward,3298,322.73606071883194,268.302,SF-P3O-v1,Walker2d-v4,3
364093,reward,3299,272.95637831717437,287.101,SF-P3O-v1,Walker2d-v4,3
364276,reward,3300,331.5428025073759,288.495,SF-P3O-v1,Walker2d-v4,3
364473,reward,3301,384.877994035904,327.302,SF-P3O-v1,Walker2d-v4,3
364658,reward,3302,371.150680571279,326.396,SF-P3O-v1,Walker2d-v4,3
364808,reward,3303,266.6206582024662,323.348,SF-P3O-v1,Walker2d-v4,3
365072,reward,3304,458.22877268759095,324.42,SF-P3O-v1,Walker2d-v4,3
365260,reward,3305,394.331278302408,331.072,SF-P3O-v1,Walker2d-v4,3
365414,reward,3306,322.7897312409181,339.328,SF-P3O-v1,Walker2d-v4,3
365592,reward,3307,336.9965161725911,346.223,SF-P3O-v1,Walker2d-v4,3
365784,reward,3308,391.78327386929135,353.128,SF-P3O-v1,Walker2d-v4,3
366070,reward,3309,468.7316129643301,372.705,SF-P3O-v1,Walker2d-v4,3
366283,reward,3310,345.2902425490491,374.08,SF-P3O-v1,Walker2d-v4,3
366461,reward,3311,355.31134659496587,371.123,SF-P3O-v1,Walker2d-v4,3
366639,reward,3312,314.4627280478602,365.455,SF-P3O-v1,Walker2d-v4,3
366828,reward,3313,343.1246492567893,373.105,SF-P3O-v1,Walker2d-v4,3
366838,reward,3314,-0.9216555017813683,327.19,SF-P3O-v1,Walker2d-v4,3
367009,reward,3315,332.6152786080131,321.018,SF-P3O-v1,Walker2d-v4,3
367167,reward,3316,273.12885624688073,316.052,SF-P3O-v1,Walker2d-v4,3
367361,reward,3317,370.1089029779821,319.364,SF-P3O-v1,Walker2d-v4,3
367635,reward,3318,424.4227123862207,322.627,SF-P3O-v1,Walker2d-v4,3
367811,reward,3319,366.6020008784358,312.415,SF-P3O-v1,Walker2d-v4,3
367954,reward,3320,275.7540856872102,305.461,SF-P3O-v1,Walker2d-v4,3
368215,reward,3321,398.2032223783023,309.75,SF-P3O-v1,Walker2d-v4,3
368422,reward,3322,393.01703185978994,317.606,SF-P3O-v1,Walker2d-v4,3
368640,loss,-0.019107047468423843,0.7454838752746582,SF-P3O-v1,Walker2d-v4,3
368872,reward,3323,569.4078887817179,340.234,SF-P3O-v1,Walker2d-v4,3
368888,reward,3324,4.326278431060125,340.759,SF-P3O-v1,Walker2d-v4,3
369061,reward,3325,318.50020979907504,339.347,SF-P3O-v1,Walker2d-v4,3
369255,reward,3326,370.89869019906797,349.124,SF-P3O-v1,Walker2d-v4,3
369451,reward,3327,400.1647199880712,352.13,SF-P3O-v1,Walker2d-v4,3
369687,reward,3328,392.5837080639023,348.946,SF-P3O-v1,Walker2d-v4,3
369946,reward,3329,468.7384157261949,359.159,SF-P3O-v1,Walker2d-v4,3
370000,speed,438.49,10.84,SF-P3O-v1,Walker2d-v4,3
370001,spectral,0.046578,0.958822,0.3287,SF-P3O-v1,Walker2d-v4,3
370136,reward,3330,341.1925424949138,365.703,SF-P3O-v1,Walker2d-v4,3
370270,reward,3331,270.0486937846804,352.888,SF-P3O-v1,Walker2d-v4,3
370455,reward,3332,395.6653888993169,353.153,SF-P3O-v1,Walker2d-v4,3
370611,reward,3333,294.1313626855877,325.625,SF-P3O-v1,Walker2d-v4,3
370793,reward,3334,345.60997647677914,359.753,SF-P3O-v1,Walker2d-v4,3
370976,reward,3335,340.1575157860488,361.919,SF-P3O-v1,Walker2d-v4,3
371154,reward,3336,370.1169279378779,361.841,SF-P3O-v1,Walker2d-v4,3
371369,reward,3337,383.7811777045805,360.203,SF-P3O-v1,Walker2d-v4,3
371505,reward,3338,245.7813035710915,345.522,SF-P3O-v1,Walker2d-v4,3
371701,reward,3339,368.98801382132024,335.547,SF-P3O-v1,Walker2d-v4,3
371889,reward,3340,376.17614707574654,339.046,SF-P3O-v1,Walker2d-v4,3
372040,reward,3341,328.05431208077124,344.846,SF-P3O-v1,Walker2d-v4,3
372194,reward,3342,307.91915111150263,336.072,SF-P3O-v1,Walker2d-v4,3
372453,reward,3343,429.3340187359383,349.592,SF-P3O-v1,Walker2d-v4,3
372645,reward,3344,420.1939939904469,357.05,SF-P3O-v1,Walker2d-v4,3
372852,reward,3345,409.2718819448774,363.962,SF-P3O-v1,Walker2d-v4,3
372999,reward,3346,267.55360716530504,353.705,SF-P3O-v1,Walker2d-v4,3
373159,reward,3347,316.6440974954347,346.992,SF-P3O-v1,Walker2d-v4,3
373404,reward,3348,443.1946394543039,366.733,SF-P3O-v1,Walker2d-v4,3
373651,reward,3349,378.2898749702652,367.663,SF-P3O-v1,Walker2d-v4,3
373795,reward,3350,308.1946623246104,360.865,SF-P3O-v1,Walker2d-v4,3
373978,reward,3351,351.97399188681646,363.257,SF-P3O-v1,Walker2d-v4,3
374129,reward,3352,282.5037435442855,360.715,SF-P3O-v1,Walker2d-v4,3
374321,reward,3353,389.7628989973471,356.758,SF-P3O-v1,Walker2d-v4,3
374487,reward,3354,344.70324653039916,349.209,SF-P3O-v1,Walker2d-v4,3
374650,reward,3355,317.6119573070285,340.043,SF-P3O-v1,Walker2d-v4,3
374824,reward,3356,384.35546801000027,351.723,SF-P3O-v1,Walker2d-v4,3
375001,reward,3357,331.9300743444434,353.252,SF-P3O-v1,Walker2d-v4,3
375181,reward,3358,340.0072187278579,342.933,SF-P3O-v1,Walker2d-v4,3
375324,reward,3359,282.15772636497474,333.32,SF-P3O-v1,Walker2d-v4,3
375491,reward,3360,329.85722064071825,335.486,SF-P3O-v1,Walker2d-v4,3
375682,reward,3361,340.5254885269015,334.342,SF-P3O-v1,Walker2d-v4,3
375916,reward,3362,418.0715729576066,347.898,SF-P3O-v1,Walker2d-v4,3
376110,reward,3363,361.0306172612923,345.025,SF-P3O-v1,Walker2d-v4,3
376305,reward,3364,337.4550347960354,344.3,SF-P3O-v1,Walker2d-v4,3
376467,reward,3365,342.2550197492194,346.765,SF-P3O-v1,Walker2d-v4,3
376695,reward,3366,358.4979785677052,344.179,SF-P3O-v1,Walker2d-v4,3
376832,loss,-0.02613159269094467,0.9754947423934937,SF-P3O-v1,Walker2d-v4,3
376832,diagnostics,0.0,60.97,73.7462,0.047359,0.958752,0.3417,0.115888,SF-P3O-v1,Walker2d-v4,3
376868,reward,3367,362.8531817557396,347.271,SF-P3O-v1,Walker2d-v4,3
377004,reward,3368,98.67556826499045,323.138,SF-P3O-v1,Walker2d-v4,3
377175,reward,3369,345.3224320584858,329.454,SF-P3O-v1,Walker2d-v4,3
377357,reward,3370,368.3824600967895,333.307,SF-P3O-v1,Walker2d-v4,3
377566,reward,3371,405.1722219270339,339.772,SF-P3O-v1,Walker2d-v4,3
377735,reward,3372,282.1028676630501,326.175,SF-P3O-v1,Walker2d-v4,3
377975,reward,3373,450.78353514476464,335.15,SF-P3O-v1,Walker2d-v4,3
378141,reward,3374,326.54566419569545,334.059,SF-P3O-v1,Walker2d-v4,3
378294,reward,3375,316.2409698597387,331.458,SF-P3O-v1,Walker2d-v4,3
378702,reward,3376,576.0244203539639,353.21,SF-P3O-v1,Walker2d-v4,3
378895,reward,3377,333.2433336731933,350.249,SF-P3O-v1,Walker2d-v4,3
379131,reward,3378,423.75892653669064,382.758,SF-P3O-v1,Walker2d-v4,3
379304,reward,3379,397.93286125370855,388.019,SF-P3O-v1,Walker2d-v4,3
379481,reward,3380,344.4534661390169,385.626,SF-P3O-v1,Walker2d-v4,3
379723,reward,3381,414.5950774303435,386.568,SF-P3O-v1,Walker2d-v4,3
379953,reward,3382,446.9790179706684,403.056,SF-P3O-v1,Walker2d-v4,3
380000,speed,650.31,11.1,SF-P3O-v1,Walker2d-v4,3
380001,spectral,0.047359,0.958752,0.3417,SF-P3O-v1,Walker2d-v4,3
380179,reward,3383,385.1450530420155,396.492,SF-P3O-v1,Walker2d-v4,3
380356,reward,3384,346.2132453771957,398.459,SF-P3O-v1,Walker2d-v4,3
380573,reward,3385,438.1816054025501,410.653,SF-P3O-v1,Walker2d-v4,3
380773,reward,3386,355.6834983320183,388.619,SF-P3O-v1,Walker2d-v4,3
380953,reward,3387,363.0029190506815,391.595,SF-P3O-v1,Walker2d-v4,3
381153,reward,3388,409.198983242008,390.139,SF-P3O-v1,Walker2d-v4,3
381320,reward,3389,337.9547698930047,384.141,SF-P3O-v1,Walker2d-v4,3
381406,reward,3390,69.65648711643729,356.661,SF-P3O-v1,Walker2d-v4,3
381743,reward,3391,500.78071237274537,365.28,SF-P3O-v1,Walker2d-v4,3
381911,reward,3392,328.3021296143056,353.412,SF-P3O-v1,Walker2d-v4,3
382100,reward,3393,342.0338180206898,349.101,SF-P3O-v1,Walker2d-v4,3
382267,reward,3394,336.2608533405721,348.106,SF-P3O-v1,Walker2d-v4,3
382436,reward,3395,341.5398009693101,338.441,SF-P3O-v1,Walker2d-v4,3
382781,reward,3396,521.8441017181178,355.057,SF-P3O-v1,Walker2d-v4,3
382966,reward,3397,357.4689344809303,354.504,SF-P3O-v1,Walker2d-v4,3
383139,reward,3398,389.46923100981377,352.531,SF-P3O-v1,Walker2d-v4,3
383307,reward,3399,102.19822862833072,328.955,SF-P3O-v1,Walker2d-v4,3
383497,reward,3400,80.9972953523543,330.09,SF-P3O-v1,Walker2d-v4,3
383697,reward,3401,383.68784818661425,318.38,SF-P3O-v1,Walker2d-v4,3
383889,reward,3402,375.31666854808896,323.082,SF-P3O-v1,Walker2d-v4,3
384022,reward,3403,286.85013248528657,317.563,SF-P3O-v1,Walker2d-v4,3
384207,reward,3404,321.8569488873398,316.123,SF-P3O-v1,Walker2d-v4,3
384334,reward,3405,294.3325634442006,311.402,SF-P3O-v1,Walker2d-v4,3
384474,reward,3406,304.51493833874014,289.669,SF-P3O-v1,Walker2d-v4,3
384628,reward,3407,313.5553859994092,285.278,SF-P3O-v1,Walker2d-v4,3
384828,reward,3408,433.12591688289166,289.644,SF-P3O-v1,Walker2d-v4,3
385024,loss,-0.044997941702604294,0.6719071269035339,SF-P3O-v1,Walker2d-v4,3
385028,reward,3409,387.9513657524736,318.219,SF-P3O-v1,Walker2d-v4,3
385188,reward,3410,311.6342403007314,341.283,SF-P3O-v1,Walker2d-v4,3
385334,reward,3411,329.30600247159316,335.844,SF-P3O-v1,Walker2d-v4,3
385586,reward,3412,456.1524989954491,343.928,SF-P3O-v1,Walker2d-v4,3
385797,reward,3413,437.36261273100064,358.979,SF-P3O-v1,Walker2d-v4,3
385811,reward,3414,2.4219040425648917,327.036,SF-P3O-v1,Walker2d-v4,3
386029,reward,3415,396.8927192889695,337.292,SF-P3O-v1,Walker2d-v4,3
386244,reward,3416,411.9819335467085,348.038,SF-P3O-v1,Walker2d-v4,3
386421,reward,3417,340.60007457799077,350.743,SF-P3O-v1,Walker2d-v4,3
386563,reward,3418,318.8342016525834,339.314,SF-P3O-v1,Walker2d-v4,3
386807,reward,3419,416.5625147925387,342.175,SF-P3O-v1,Walker2d-v4,3
386976,reward,3420,354.34105283735653,346.446,SF-P3O-v1,Walker2d-v4,3
386985,reward,3421,-1.3381973420201831,313.381,SF-P3O-v1,Walker2d-v4,3
387157,reward,3422,360.59334139204776,303.825,SF-P3O-v1,Walker2d-v4,3
387310,reward,3423,281.1541685630411,288.204,SF-P3O-v1,Walker2d-v4,3
387481,reward,3424,326.4972768573647,320.612,SF-P3O-v1,Walker2d-v4,3
387655,reward,3425,338.7650616492931,314.799,SF-P3O-v1,Walker2d-v4,3
387827,reward,3426,356.7097552115613,309.272,SF-P3O-v1,Walker2d-v4,3
388035,reward,3427,378.28614796610316,313.041,SF-P3O-v1,Walker2d-v4,3
388154,reward,3428,213.4835997965926,302.505,SF-P3O-v1,Walker2d-v4,3
388314,reward,3429,329.26982138824053,293.776,SF-P3O-v1,Walker2d-v4,3
388476,reward,3430,389.09880193772904,297.252,SF-P3O-v1,Walker2d-v4,3
388625,reward,3431,295.325207526055,326.918,SF-P3O-v1,Walker2d-v4,3
388812,reward,3432,367.11645808740025,327.571,SF-P3O-v1,Walker2d-v4,3
388995,reward,3433,423.1616960921755,341.771,SF-P3O-v1,Walker2d-v4,3
389170,reward,3434,121.87515656569009,321.309,SF-P3O-v1,Walker2d-v4,3
389394,reward,3435,391.4094439858034,326.574,SF-P3O-v1,Walker2d-v4,3
389606,reward,3436,411.3822026671206,332.041,SF-P3O-v1,Walker2d-v4,3
389754,reward,3437,334.6147003988625,327.674,SF-P3O-v1,Walker2d-v4,3
389927,reward,3438,374.7650737987898,343.802,SF-P3O-v1,Walker2d-v4,3
390000,speed,657.59,11.35,SF-P3O-v1,Walker2d-v4,3
390001,spectral,0.047985,0.95869,0.332,SF-P3O-v1,Walker2d-v4,3
390083,reward,3439,316.8049580141928,342.555,SF-P3O-v1,Walker2d-v4,3
390216,reward,3440,253.5549240571783,329.001,SF-P3O-v1,Walker2d-v4,3
390372,reward,3441,283.2358919017802,327.792,SF-P3O-v1,Walker2d-v4,3
390544,reward,3442,330.3224797141703,324.113,SF-P3O-v1,Walker2d-v4,3
390734,reward,3443,383.9419633878965,320.191,SF-P3O-v1,Walker2d-v4,3
390917,reward,3444,381.2628708768655,346.129,SF-P3O-v1,Walker2d-v4,3
391082,reward,3445,349.9730581765182,341.986,SF-P3O-v1,Walker2d-v4,3
391271,reward,3446,352.19956479854125,336.068,SF-P3O-v1,Walker2d-v4,3
391476,reward,3447,410.3586462888498,343.642,SF-P3O-v1,Walker2d-v4,3
391641,reward,3448,350.75872184330063,341.241,SF-P3O-v1,Walker2d-v4,3
391780,reward,3449,290.8720959681744,338.648,SF-P3O-v1,Walker2d-v4,3
391964,reward,3450,370.3173945691343,350.324,SF-P3O-v1,Walker2d-v4,3
392131,reward,3451,340.01077140827744,356.002,SF-P3O-v1,Walker2d-v4,3
392327,reward,3452,353.09014714014154,358.279,SF-P3O-v1,Walker2d-v4,3
392618,reward,3453,494.3361348626773,369.318,SF-P3O-v1,Walker2d-v4,3
392803,reward,3454,361.3674626653873,367.328,SF-P3O-v1,Walker2d-v4,3
393005,reward,3455,418.31789791573345,374.163,SF-P3O-v1,Walker2d-v4,3
393047,reward,3456,34.30842553415216,342.374,SF-P3O-v1,Walker2d-v4,3
393171,reward,3457,275.85069257398277,328.923,SF-P3O-v1,Walker2d-v4,3
393216,loss,-0.028256718069314957,0.9934751391410828,SF-P3O-v1,Walker2d-v4,3
393216,diagnostics,0.0,61.4,42.5331,0.048874,0.958641,0.3831,0.116132,SF-P3O-v1,Walker2d-v4,3
393395,reward,3458,382.25545288688687,332.073,SF-P3O-v1,Walker2d-v4,3
393559,reward,3459,346.7736352728496,337.663,SF-P3O-v1,Walker2d-v4,3
393869,reward,3460,476.6857252900661,348.3,SF-P3O-v1,Walker2d-v4,3
394033,reward,3461,324.14191109195747,346.713,SF-P3O-v1,Walker2d-v4,3
394234,reward,3462,395.24378929057616,350.928,SF-P3O-v1,Walker2d-v4,3
394391,reward,3463,325.6699580720326,334.061,SF-P3O-v1,Walker2d-v4,3
394545,reward,3464,310.7022839185669,328.995,SF-P3O-v1,Walker2d-v4,3
394698,reward,3465,308.16600861599625,317.98,SF-P3O-v1,Walker2d-v4,3
394823,reward,3466,271.3990313738164,341.689,SF-P3O-v1,Walker2d-v4,3
394966,reward,3467,319.5094202340089,346.055,SF-P3O-v1,Walker2d-v4,3
395134,reward,3468,357.3723670949607,343.566,SF-P3O-v1,Walker2d-v4,3
395301,reward,3469,318.408901202335,340.73,SF-P3O-v1,Walker2d-v4,3
395437,reward,3470,297.47517111429744,322.809,SF-P3O-v1,Walker2d-v4,3
395620,reward,3471,370.905820568515,327.485,SF-P3O-v1,Walker2d-v4,3
395780,reward,3472,354.2721563706938,323.388,SF-P3O-v1,Walker2d-v4,3
395990,reward,3473,413.00465862665357,332.122,SF-P3O-v1,Walker2d-v4,3
396341,reward,3474,525.1376070733497,353.565,SF-P3O-v1,Walker2d-v4,3
396496,reward,3475,250.97849399871913,347.846,SF-P3O-v1,Walker2d-v4,3
396859,reward,3476,580.8832471632553,378.795,SF-P3O-v1,Walker2d-v4,3
397088,reward,3477,429.59326978531874,389.803,SF-P3O-v1,Walker2d-v4,3
397470,reward,3478,486.6518256100868,402.731,SF-P3O-v1,Walker2d-v4,3
397706,reward,3479,460.42447425542827,416.933,SF-P3O-v1,Walker2d-v4,3
397899,reward,3480,356.51521521621675,422.837,SF-P3O-v1,Walker2d-v4,3
398114,reward,3481,433.22333219297,429.068,SF-P3O-v1,Walker2d-v4,3
398269,reward,3482,320.16247745391047,425.657,SF-P3O-v1,Walker2d-v4,3
398448,reward,3483,373.52553917366515,421.71,SF-P3O-v1,Walker2d-v4,3
398688,reward,3484,339.33810635127867,403.13,SF-P3O-v1,Walker2d-v4,3
398882,reward,3485,375.2608715572731,415.558,SF-P3O-v1,Walker2d-v4,3
399142,reward,3486,472.6929347521372,404.739,SF-P3O-v1,Walker2d-v4,3
399365,reward,3487,405.6044215219024,402.34,SF-P3O-v1,Walker2d-v4,3
399543,reward,3488,375.6594335029574,391.241,SF-P3O-v1,Walker2d-v4,3
399705,reward,3489,387.8911732522621,383.987,SF-P3O-v1,Walker2d-v4,3
399960,reward,3490,440.7465421950415,392.41,SF-P3O-v1,Walker2d-v4,3
400000,speed,627.96,11.62,SF-P3O-v1,Walker2d-v4,3
400001,spectral,0.048874,0.958641,0.3831,SF-P3O-v1,Walker2d-v4,3
400131,reward,3491,319.0339935572158,380.992,SF-P3O-v1,Walker2d-v4,3
400252,reward,3492,261.73835361813883,375.149,SF-P3O-v1,Walker2d-v4,3
400606,reward,3493,517.4026185672785,389.537,SF-P3O-v1,Walker2d-v4,3
400789,reward,3494,378.38188521620407,393.441,SF-P3O-v1,Walker2d-v4,3
401034,reward,3495,422.6453027429876,398.18,SF-P3O-v1,Walker2d-v4,3
401316,reward,3496,506.4645327469224,401.557,SF-P3O-v1,Walker2d-v4,3
401408,loss,0.015675868839025497,0.8664795756340027,SF-P3O-v1,Walker2d-v4,3
401570,reward,3497,460.54421502258333,407.051,SF-P3O-v1,Walker2d-v4,3
401747,reward,3498,373.43736791298073,406.829,SF-P3O-v1,Walker2d-v4,3
401911,reward,3499,342.48906911556674,402.288,SF-P3O-v1,Walker2d-v4,3
402182,reward,3500,418.5084048203092,400.065,SF-P3O-v1,Walker2d-v4,3
402370,reward,3501,351.4422712005731,403.305,SF-P3O-v1,Walker2d-v4,3
402616,reward,3502,464.3035848991181,423.562,SF-P3O-v1,Walker2d-v4,3
402827,reward,3503,408.2332867309816,412.645,SF-P3O-v1,Walker2d-v4,3
402982,reward,3504,306.94570734662756,405.501,SF-P3O-v1,Walker2d-v4,3
403153,reward,3505,419.2827955614613,405.165,SF-P3O-v1,Walker2d-v4,3
403328,reward,3506,340.48961427295137,388.568,SF-P3O-v1,Walker2d-v4,3
403496,reward,3507,370.76051336745553,379.589,SF-P3O-v1,Walker2d-v4,3
403644,reward,3508,306.4787728006515,372.893,SF-P3O-v1,Walker2d-v4,3
403898,reward,3509,434.61898895110096,382.106,SF-P3O-v1,Walker2d-v4,3
404059,reward,3510,352.4902778739469,375.505,SF-P3O-v1,Walker2d-v4,3
404266,reward,3511,396.84153781052885,380.045,SF-P3O-v1,Walker2d-v4,3
404417,reward,3512,320.0590959309475,365.62,SF-P3O-v1,Walker2d-v4,3
404585,reward,3513,342.87173605341695,359.084,SF-P3O-v1,Walker2d-v4,3
404722,reward,3514,275.74633109331427,355.964,SF-P3O-v1,Walker2d-v4,3
404938,reward,3515,436.17492801783686,357.653,SF-P3O-v1,Walker2d-v4,3
405125,reward,3516,355.4711766722396,359.151,SF-P3O-v1,Walker2d-v4,3
405274,reward,3517,288.26970321755834,350.902,SF-P3O-v1,Walker2d-v4,3
405454,reward,3518,347.1584652670865,354.97,SF-P3O-v1,Walker2d-v4,3
405611,reward,3519,348.0262455907219,346.311,SF-P3O-v1,Walker2d-v4,3
405775,reward,3520,324.2873977658745,343.491,SF-P3O-v1,Walker2d-v4,3
405941,reward,3521,368.8240402197214,340.689,SF-P3O-v1,Walker2d-v4,3
406057,reward,3522,249.3290121156748,333.616,SF-P3O-v1,Walker2d-v4,3
406207,reward,3523,337.0242122157916,333.031,SF-P3O-v1,Walker2d-v4,3
406417,reward,3524,419.86268534235273,347.443,SF-P3O-v1,Walker2d-v4,3
406608,reward,3525,377.0370921068351,341.529,SF-P3O-v1,Walker2d-v4,3
406904,reward,3526,514.6479716803667,357.447,SF-P3O-v1,Walker2d-v4,3
407096,reward,3527,358.64915188595154,364.485,SF-P3O-v1,Walker2d-v4,3
407315,reward,3528,442.54048013659803,374.023,SF-P3O-v1,Walker2d-v4,3
407505,reward,3529,363.8266236201484,375.603,SF-P3O-v1,Walker2d-v4,3
407656,reward,3530,354.10129248768743,378.584,SF-P3O-v1,Walker2d-v4,3
407803,reward,3531,295.5083609223621,371.253,SF-P3O-v1,Walker2d-v4,3
408042,reward,3532,486.6476578588307,394.985,SF-P3O-v1,Walker2d-v4,3
408155,reward,3533,222.7649382449569,383.559,SF-P3O-v1,Walker2d-v4,3
408305,reward,3534,274.28858547146604,369.001,SF-P3O-v1,Walker2d-v4,3
408541,reward,3535,416.5170709266286,372.949,SF-P3O-v1,Walker2d-v4,3
408669,reward,3536,291.1948786965299,350.604,SF-P3O-v1,Walker2d-v4,3
408850,reward,3537,343.6017313655745,349.099,SF-P3O-v1,Walker2d-v4,3
409018,reward,3538,338.1550274115732,338.661,SF-P3O-v1,Walker2d-v4,3
409171,reward,3539,312.00201634303534,333.478,SF-P3O-v1,Walker2d-v4,3
409397,reward,3540,468.25881366091323,344.894,SF-P3O-v1,Walker2d-v4,3
409549,reward,3541,303.26442628178836,345.67,SF-P3O-v1,Walker2d-v4,3
409600,loss,-0.010889150202274323,0.6982027888298035,SF-P3O-v1,Walker2d-v4,3
409600,diagnostics,0.0,61.8,42.3212,0.050468,0.958155,0.3339,0.116055,SF-P3O-v1,Walker2d-v4,3
409812,reward,3542,465.1137367724167,343.516,SF-P3O-v1,Walker2d-v4,3
410000,speed,435.87,12.0,SF-P3O-v1,Walker2d-v4,3
410001,perturb,0.050468,0.958155,0.3339,30374,37472,0.283885,1,SF-P3O-v1,Walker2d-v4,3
410017,reward,3543,383.34786154325366,359.574,SF-P3O-v1,Walker2d-v4,3
410159,reward,3544,318.7828110171468,364.024,SF-P3O-v1,Walker2d-v4,3
410316,reward,3545,335.49707365615546,355.922,SF-P3O-v1,Walker2d-v4,3
410482,reward,3546,363.7213706501953,363.174,SF-P3O-v1,Walker2d-v4,3
410652,reward,3547,369.19976245864893,365.734,SF-P3O-v1,Walker2d-v4,3
410854,reward,3548,410.8794556883549,373.007,SF-P3O-v1,Walker2d-v4,3
411076,reward,3549,447.62040106793546,386.569,SF-P3O-v1,Walker2d-v4,3
411279,reward,3550,400.69708992460687,379.812,SF-P3O-v1,Walker2d-v4,3
411468,reward,3551,393.34909796096815,388.821,SF-P3O-v1,Walker2d-v4,3
411584,reward,3552,227.22515571914036,365.032,SF-P3O-v1,Walker2d-v4,3
411746,reward,3553,357.4032118062538,362.438,SF-P3O-v1,Walker2d-v4,3
411953,reward,3554,388.0550221317101,369.365,SF-P3O-v1,Walker2d-v4,3
412167,reward,3555,385.9782613727891,374.413,SF-P3O-v1,Walker2d-v4,3
412354,reward,3556,374.4249565542871,375.483,SF-P3O-v1,Walker2d-v4,3
412520,reward,3557,334.3217797748945,371.995,SF-P3O-v1,Walker2d-v4,3
412730,reward,3558,384.62974084053303,369.37,SF-P3O-v1,Walker2d-v4,3
412898,reward,3559,314.43055239929924,356.051,SF-P3O-v1,Walker2d-v4,3
413041,reward,3560,331.82439740757934,349.164,SF-P3O-v1,Walker2d-v4,3
413187,reward,3561,312.4911617426044,341.078,SF-P3O-v1,Walker2d-v4,3
413377,reward,3562,392.0323569974739,357.559,SF-P3O-v1,Walker2d-v4,3
413576,reward,3563,365.7865479717916,358.397,SF-P3O-v1,Walker2d-v4,3
413737,reward,3564,338.22006739551404,353.414,SF-P3O-v1,Walker2d-v4,3
413874,reward,3565,292.183633011651,344.035,SF-P3O-v1,Walker2d-v4,3
414068,reward,3566,373.72336351745616,343.964,SF-P3O-v1,Walker2d-v4,3
414322,reward,3567,411.1308838646903,351.645,SF-P3O-v1,Walker2d-v4,3
414564,reward,3568,426.23702877280107,355.806,SF-P3O-v1,Walker2d-v4,3
414704,reward,3569,286.7752737647262,353.04,SF-P3O-v1,Walker2d-v4,3
414909,reward,3570,360.81447330201553,355.939,SF-P3O-v1,Walker2d-v4,3
415112,reward,3571,372.55139146899336,361.946,SF-P3O-v1,Walker2d-v4,3
415302,reward,3572,429.8342523102096,365.726,SF-P3O-v1,Walker2d-v4,3
415496,reward,3573,361.3009584264722,365.277,SF-P3O-v1,Walker2d-v4,3
415670,reward,3574,338.33034095976274,365.288,SF-P3O-v1,Walker2d-v4,3
415947,reward,3575,453.0206281568284,381.372,SF-P3O-v1,Walker2d-v4,3
416065,reward,3576,246.9221845997827,368.692,SF-P3O-v1,Walker2d-v4,3
416332,reward,3577,485.4452159771665,376.123,SF-P3O-v1,Walker2d-v4,3
416542,reward,3578,436.77329063797845,377.177,SF-P3O-v1,Walker2d-v4,3
416553,reward,3579,0.012026586101409609,348.5,SF-P3O-v1,Walker2d-v4,3
416745,reward,3580,375.5478081465518,349.974,SF-P3O-v1,Walker2d-v4,3
416947,reward,3581,384.4789646901159,351.167,SF-P3O-v1,Walker2d-v4,3
417085,reward,3582,279.211692643903,336.104,SF-P3O-v1,Walker2d-v4,3
417254,reward,3583,385.2928917627309,338.504,SF-P3O-v1,Walker2d-v4,3
417468,reward,3584,378.0753861373926,342.478,SF-P3O-v1,Walker2d-v4,3
417632,reward,3585,342.5792216714207,331.434,SF-P3O-v1,Walker2d-v4,3
417763,reward,3586,222.85220086349528,329.027,SF-P3O-v1,Walker2d-v4,3
417792,loss,0.048591069877147675,0.841275691986084,SF-P3O-v1,Walker2d-v4,3
417962,reward,3587,382.51630239965573,318.734,SF-P3O-v1,Walker2d-v4,3
418144,reward,3588,344.6738112642539,309.524,SF-P3O-v1,Walker2d-v4,3
418401,reward,3589,481.83467239596473,357.706,SF-P3O-v1,Walker2d-v4,3
418530,reward,3590,289.3200847862601,349.084,SF-P3O-v1,Walker2d-v4,3
418677,reward,3591,291.1238257253914,339.748,SF-P3O-v1,Walker2d-v4,3
418842,reward,3592,330.37520183236927,344.864,SF-P3O-v1,Walker2d-v4,3
418963,reward,3593,176.75848891725352,324.011,SF-P3O-v1,Walker2d-v4,3
419128,reward,3594,345.3929576911574,320.743,SF-P3O-v1,Walker2d-v4,3
419282,reward,3595,329.50716836077936,319.435,SF-P3O-v1,Walker2d-v4,3
419444,reward,3596,306.0390892535892,327.754,SF-P3O-v1,Walker2d-v4,3
419577,reward,3597,287.56596298689885,318.259,SF-P3O-v1,Walker2d-v4,3
419720,reward,3598,297.29973087439805,313.522,SF-P3O-v1,Walker2d-v4,3
419935,reward,3599,417.4525776502963,307.084,SF-P3O-v1,Walker2d-v4,3
420000,speed,649.11,12.26,SF-P3O-v1,Walker2d-v4,3
420001,spectral,0.051145,0.957865,0.3337,SF-P3O-v1,Walker2d-v4,3
420140,reward,3600,387.82084484784747,316.934,SF-P3O-v1,Walker2d-v4,3
420377,reward,3601,421.9908278914746,330.02,SF-P3O-v1,Walker2d-v4,3
420505,reward,3602,306.13715426671195,327.596,SF-P3O-v1,Walker2d-v4,3
420624,reward,3603,257.4167497929673,335.662,SF-P3O-v1,Walker2d-v4,3
420758,reward,3604,290.9548837072548,330.218,SF-P3O-v1,Walker2d-v4,3
420974,reward,3605,403.5727496799317,337.625,SF-P3O-v1,Walker2d-v4,3
421138,reward,3606,339.2642144635283,340.948,SF-P3O-v1,Walker2d-v4,3
421294,reward,3607,328.2413063787598,345.015,SF-P3O-v1,Walker2d-v4,3
421472,reward,3608,353.13219895920577,350.598,SF-P3O-v1,Walker2d-v4,3
421696,reward,3609,420.16471537315897,350.87,SF-P3O-v1,Walker2d-v4,3
421979,reward,3610,448.8229348224615,356.97,SF-P3O-v1,Walker2d-v4,3
422165,reward,3611,367.73989768480783,351.545,SF-P3O-v1,Walker2d-v4,3
422325,reward,3612,315.0010002954547,352.431,SF-P3O-v1,Walker2d-v4,3
422576,reward,3613,375.02090648500746,364.191,SF-P3O-v1,Walker2d-v4,3
422785,reward,3614,347.9024846908752,369.886,SF-P3O-v1,Walker2d-v4,3
422965,reward,3615,376.9825042592523,367.227,SF-P3O-v1,Walker2d-v4,3
423134,reward,3616,311.665974398533,364.467,SF-P3O-v1,Walker2d-v4,3
423315,reward,3617,393.1967003567334,370.963,SF-P3O-v1,Walker2d-v4,3
423549,reward,3618,332.70113390647106,368.92,SF-P3O-v1,Walker2d-v4,3
423686,reward,3619,281.9234126485098,355.096,SF-P3O-v1,Walker2d-v4,3
423855,reward,3620,365.32286813516095,346.746,SF-P3O-v1,Walker2d-v4,3
424068,reward,3621,419.29418969197087,351.901,SF-P3O-v1,Walker2d-v4,3
424269,reward,3622,365.03339846740374,356.904,SF-P3O-v1,Walker2d-v4,3
424410,reward,3623,292.1555089059284,348.618,SF-P3O-v1,Walker2d-v4,3
424631,reward,3624,429.95363642767427,356.823,SF-P3O-v1,Walker2d-v4,3
424809,reward,3625,362.6055723810395,355.385,SF-P3O-v1,Walker2d-v4,3
425014,reward,3626,375.7357820149362,361.792,SF-P3O-v1,Walker2d-v4,3
425296,reward,3627,455.5986480554142,368.032,SF-P3O-v1,Walker2d-v4,3
425428,reward,3628,297.48957342979844,364.511,SF-P3O-v1,Walker2d-v4,3
425649,reward,3629,370.00852244112406,373.32,SF-P3O-v1,Walker2d-v4,3
425849,reward,3630,400.68565471999545,376.856,SF-P3O-v1,Walker2d-v4,3
425984,loss,-0.007282853126525879,1.5846483707427979,SF-P3O-v1,Walker2d-v4,3
425984,diagnostics,0.0,62.91,133.5759,0.051794,0.957647,0.3411,0.137682,SF-P3O-v1,Walker2d-v4,3
426008,reward,3631,330.59504960641254,367.986,SF-P3O-v1,Walker2d-v4,3
426129,reward,3632,240.68056942893895,355.551,SF-P3O-v1,Walker2d-v4,3
426304,reward,3633,392.0898758931292,365.544,SF-P3O-v1,Walker2d-v4,3
426425,reward,3634,247.29344142415778,347.278,SF-P3O-v1,Walker2d-v4,3
426664,reward,3635,404.4094744101872,351.459,SF-P3O-v1,Walker2d-v4,3
426831,reward,3636,326.23716462301303,346.509,SF-P3O-v1,Walker2d-v4,3
427074,reward,3637,428.9003506768384,343.839,SF-P3O-v1,Walker2d-v4,3
427244,reward,3638,359.01051320307596,349.991,SF-P3O-v1,Walker2d-v4,3
427467,reward,3639,395.0705914582633,352.497,SF-P3O-v1,Walker2d-v4,3
427645,reward,3640,348.96518207913437,347.325,SF-P3O-v1,Walker2d-v4,3
427881,reward,3641,448.7410315652217,359.14,SF-P3O-v1,Walker2d-v4,3
428012,reward,3642,280.52981746851447,363.125,SF-P3O-v1,Walker2d-v4,3
428197,reward,3643,94.26792499173357,333.343,SF-P3O-v1,Walker2d-v4,3
428395,reward,3644,346.98329007214386,343.312,SF-P3O-v1,Walker2d-v4,3
428570,reward,3645,329.9745934177591,335.868,SF-P3O-v1,Walker2d-v4,3
428742,reward,3646,372.759311264238,340.52,SF-P3O-v1,Walker2d-v4,3
428971,reward,3647,374.08474735379355,335.039,SF-P3O-v1,Walker2d-v4,3
429133,reward,3648,354.1285786837473,334.551,SF-P3O-v1,Walker2d-v4,3
429241,reward,3649,221.1021509356889,317.154,SF-P3O-v1,Walker2d-v4,3
429406,reward,3650,309.57860206799495,313.215,SF-P3O-v1,Walker2d-v4,3
429557,reward,3651,308.8763054803147,299.229,SF-P3O-v1,Walker2d-v4,3
429713,reward,3652,323.6773878299322,303.543,SF-P3O-v1,Walker2d-v4,3
429875,reward,3653,308.9603448932473,325.013,SF-P3O-v1,Walker2d-v4,3
430000,speed,652.41,12.51,SF-P3O-v1,Walker2d-v4,3
430001,spectral,0.051794,0.957647,0.3411,SF-P3O-v1,Walker2d-v4,3
430070,reward,3654,413.41937718240746,331.656,SF-P3O-v1,Walker2d-v4,3
430260,reward,3655,91.68587211143178,307.827,SF-P3O-v1,Walker2d-v4,3
430483,reward,3656,399.55650400894916,310.507,SF-P3O-v1,Walker2d-v4,3
430617,reward,3657,271.21521814064874,300.22,SF-P3O-v1,Walker2d-v4,3
430787,reward,3658,316.3401687486132,296.441,SF-P3O-v1,Walker2d-v4,3
430966,reward,3659,334.76867635846486,307.808,SF-P3O-v1,Walker2d-v4,3
431084,reward,3660,235.45280437640253,300.395,SF-P3O-v1,Walker2d-v4,3
431299,reward,3661,438.3430587609238,313.342,SF-P3O-v1,Walker2d-v4,3
431562,reward,3662,457.2239057911173,326.697,SF-P3O-v1,Walker2d-v4,3
431789,reward,3663,428.0672111352069,338.607,SF-P3O-v1,Walker2d-v4,3
432049,reward,3664,448.9529492712996,342.161,SF-P3O-v1,Walker2d-v4,3
432203,reward,3665,341.64448256544995,367.156,SF-P3O-v1,Walker2d-v4,3
432356,reward,3666,306.06113272841003,357.807,SF-P3O-v1,Walker2d-v4,3
432648,reward,3667,430.48551586280007,373.734,SF-P3O-v1,Walker2d-v4,3
432852,reward,3668,400.63775836792803,382.164,SF-P3O-v1,Walker2d-v4,3
432999,reward,3669,307.82650602181087,379.47,SF-P3O-v1,Walker2d-v4,3
433155,reward,3670,311.0521360220783,387.029,SF-P3O-v1,Walker2d-v4,3
433354,reward,3671,361.4200492562303,379.337,SF-P3O-v1,Walker2d-v4,3
433590,reward,3672,443.30319321772345,377.945,SF-P3O-v1,Walker2d-v4,3
433793,reward,3673,378.0428694647198,372.943,SF-P3O-v1,Walker2d-v4,3
434006,reward,3674,384.62302162663855,366.51,SF-P3O-v1,Walker2d-v4,3
434176,loss,-0.02216881699860096,0.5553234815597534,SF-P3O-v1,Walker2d-v4,3
434186,reward,3675,360.7693921698304,368.422,SF-P3O-v1,Walker2d-v4,3
434485,reward,3676,474.93020100085755,385.309,SF-P3O-v1,Walker2d-v4,3
434621,reward,3677,263.76892144305936,368.637,SF-P3O-v1,Walker2d-v4,3
434749,reward,3678,264.20862829595717,354.994,SF-P3O-v1,Walker2d-v4,3
434914,reward,3679,326.91520163767643,356.903,SF-P3O-v1,Walker2d-v4,3
435128,reward,3680,389.06132070829585,364.704,SF-P3O-v1,Walker2d-v4,3
435290,reward,3681,309.4466961125635,359.507,SF-P3O-v1,Walker2d-v4,3
435420,reward,3682,276.9720620271198,342.874,SF-P3O-v1,Walker2d-v4,3
435642,reward,3683,473.582771985313,352.428,SF-P3O-v1,Walker2d-v4,3
435785,reward,3684,310.29929111695117,344.995,SF-P3O-v1,Walker2d-v4,3
435922,reward,3685,269.3227730004796,335.851,SF-P3O-v1,Walker2d-v4,3
436097,reward,3686,369.1088584719892,325.269,SF-P3O-v1,Walker2d-v4,3
436205,reward,3687,217.2550842181094,320.617,SF-P3O-v1,Walker2d-v4,3
436372,reward,3688,354.737982732375,329.67,SF-P3O-v1,Walker2d-v4,3
436522,reward,3689,313.264826453049,328.305,SF-P3O-v1,Walker2d-v4,3
436694,reward,3690,277.7018152957377,317.169,SF-P3O-v1,Walker2d-v4,3
436875,reward,3691,344.00934522360245,320.625,SF-P3O-v1,Walker2d-v4,3
437075,reward,3692,330.7700796029703,326.005,SF-P3O-v1,Walker2d-v4,3
437210,reward,3693,312.54101918380906,309.901,SF-P3O-v1,Walker2d-v4,3
437362,reward,3694,304.4344919968691,309.315,SF-P3O-v1,Walker2d-v4,3
437615,reward,3695,439.3268648632042,326.315,SF-P3O-v1,Walker2d-v4,3
437758,reward,3696,331.71093282048963,322.575,SF-P3O-v1,Walker2d-v4,3
437876,reward,3697,235.13781520769683,324.364,SF-P3O-v1,Walker2d-v4,3
438197,reward,3698,428.570626700551,331.747,SF-P3O-v1,Walker2d-v4,3
438335,reward,3699,283.6952656182538,328.79,SF-P3O-v1,Walker2d-v4,3
438455,reward,3700,241.36776339265228,325.156,SF-P3O-v1,Walker2d-v4,3
438660,reward,3701,387.3467446947252,329.49,SF-P3O-v1,Walker2d-v4,3
438944,reward,3702,451.1091789459887,341.524,SF-P3O-v1,Walker2d-v4,3
439136,reward,3703,363.22311616181446,346.592,SF-P3O-v1,Walker2d-v4,3
439300,reward,3704,331.4526984021759,349.294,SF-P3O-v1,Walker2d-v4,3
439407,reward,3705,230.3848208571852,328.4,SF-P3O-v1,Walker2d-v4,3
439853,reward,3706,548.197853069664,350.049,SF-P3O-v1,Walker2d-v4,3
440000,speed,653.31,12.77,SF-P3O-v1,Walker2d-v4,3
440001,spectral,0.052383,0.957324,0.364,SF-P3O-v1,Walker2d-v4,3
440005,reward,3707,316.4953330141973,358.184,SF-P3O-v1,Walker2d-v4,3
440160,reward,3708,290.0651715257677,344.334,SF-P3O-v1,Walker2d-v4,3
440295,reward,3709,297.92278360988115,345.757,SF-P3O-v1,Walker2d-v4,3
440483,reward,3710,361.4371446847707,357.763,SF-P3O-v1,Walker2d-v4,3
440651,reward,3711,392.155548399382,358.244,SF-P3O-v1,Walker2d-v4,3
440837,reward,3712,401.46456971582097,353.28,SF-P3O-v1,Walker2d-v4,3
441058,reward,3713,413.4269190002612,358.3,SF-P3O-v1,Walker2d-v4,3
441258,reward,3714,364.01778623831393,361.557,SF-P3O-v1,Walker2d-v4,3
441449,reward,3715,400.90254755607884,378.609,SF-P3O-v1,Walker2d-v4,3
441592,reward,3716,329.79253262813285,356.768,SF-P3O-v1,Walker2d-v4,3
441804,reward,3717,433.7311341061053,368.492,SF-P3O-v1,Walker2d-v4,3
442060,reward,3718,385.1114508671663,377.996,SF-P3O-v1,Walker2d-v4,3
442268,reward,3719,370.32825037208875,385.237,SF-P3O-v1,Walker2d-v4,3
442368,loss,-0.12889036536216736,1.120651364326477,SF-P3O-v1,Walker2d-v4,3
442368,diagnostics,0.0,63.25,59.7625,0.053046,0.957267,0.3982,0.130917,SF-P3O-v1,Walker2d-v4,3
442388,reward,3720,252.02524158395198,374.296,SF-P3O-v1,Walker2d-v4,3
442605,reward,3721,408.40747657465545,375.921,SF-P3O-v1,Walker2d-v4,3
442735,reward,3722,277.2217154087413,363.497,SF-P3O-v1,Walker2d-v4,3
442997,reward,3723,440.84576649973917,366.238,SF-P3O-v1,Walker2d-v4,3
443141,reward,3724,295.0844494142014,359.345,SF-P3O-v1,Walker2d-v4,3
443290,reward,3725,314.0952412886876,350.664,SF-P3O-v1,Walker2d-v4,3
443520,reward,3726,421.94570919653984,359.88,SF-P3O-v1,Walker2d-v4,3
443677,reward,3727,375.8115800255218,354.088,SF-P3O-v1,Walker2d-v4,3
443844,reward,3728,336.8430722972604,349.261,SF-P3O-v1,Walker2d-v4,3
443998,reward,3729,289.77931517918057,341.206,SF-P3O-v1,Walker2d-v4,3
444161,reward,3730,342.65720816713053,350.269,SF-P3O-v1,Walker2d-v4,3
444377,reward,3731,394.502694720366,348.879,SF-P3O-v1,Walker2d-v4,3
444551,reward,3732,303.66947897982715,351.523,SF-P3O-v1,Walker2d-v4,3
444755,reward,3733,382.0019699708142,345.639,SF-P3O-v1,Walker2d-v4,3
444956,reward,3734,430.5911463985095,359.19,SF-P3O-v1,Walker2d-v4,3
445157,reward,3735,399.5596411695703,367.736,SF-P3O-v1,Walker2d-v4,3
445290,reward,3736,292.8572402591537,354.827,SF-P3O-v1,Walker2d-v4,3
445457,reward,3737,327.85618131528463,350.032,SF-P3O-v1,Walker2d-v4,3
445675,reward,3738,431.7506462259335,359.523,SF-P3O-v1,Walker2d-v4,3
445852,reward,3739,378.37813086755455,368.382,SF-P3O-v1,Walker2d-v4,3
446075,reward,3740,420.4008266698104,376.157,SF-P3O-v1,Walker2d-v4,3
446227,reward,3741,323.56519968458883,369.063,SF-P3O-v1,Walker2d-v4,3
446423,reward,3742,423.65378316424864,381.061,SF-P3O-v1,Walker2d-v4,3
446544,reward,3743,260.4719737712149,368.908,SF-P3O-v1,Walker2d-v4,3
446755,reward,3744,401.94693870430456,366.044,SF-P3O-v1,Walker2d-v4,3
446918,reward,3745,322.4381958735924,358.332,SF-P3O-v1,Walker2d-v4,3
447081,reward,3746,316.3571858753085,360.682,SF-P3O-v1,Walker2d-v4,3
447224,reward,3747,287.48740825653704,356.645,SF-P3O-v1,Walker2d-v4,3
447335,reward,3748,227.6609434010591,336.236,SF-P3O-v1,Walker2d-v4,3
447480,reward,3749,271.58033864723404,325.556,SF-P3O-v1,Walker2d-v4,3
447654,reward,3750,375.7542401934033,321.092,SF-P3O-v1,Walker2d-v4,3
447811,reward,3751,305.96869657052645,319.332,SF-P3O-v1,Walker2d-v4,3
447979,reward,3752,401.3746600109155,317.104,SF-P3O-v1,Walker2d-v4,3
448157,reward,3753,346.1575427116041,325.673,SF-P3O-v1,Walker2d-v4,3
448309,reward,3754,316.99067985951774,317.177,SF-P3O-v1,Walker2d-v4,3
448452,reward,3755,281.5434580706538,313.088,SF-P3O-v1,Walker2d-v4,3
448618,reward,3756,335.1542448301386,314.967,SF-P3O-v1,Walker2d-v4,3
448772,reward,3757,303.0723555674396,316.526,SF-P3O-v1,Walker2d-v4,3
449026,reward,3758,468.25369352031163,340.585,SF-P3O-v1,Walker2d-v4,3
449209,reward,3759,105.11755079490399,323.939,SF-P3O-v1,Walker2d-v4,3
449445,reward,3760,381.05407663592007,324.469,SF-P3O-v1,Walker2d-v4,3
449627,reward,3761,369.29937076638953,330.802,SF-P3O-v1,Walker2d-v4,3
449775,reward,3762,252.87672550195268,315.952,SF-P3O-v1,Walker2d-v4,3
449979,reward,3763,419.81831287790493,323.318,SF-P3O-v1,Walker2d-v4,3
450000,speed,613.38,13.04,SF-P3O-v1,Walker2d-v4,3
450001,spectral,0.053046,0.957267,0.3982,SF-P3O-v1,Walker2d-v4,3
450162,reward,3764,354.12080699461467,327.031,SF-P3O-v1,Walker2d-v4,3
450256,reward,3765,175.7655521407132,316.453,SF-P3O-v1,Walker2d-v4,3
450406,reward,3766,301.9792941786429,313.136,SF-P3O-v1,Walker2d-v4,3
450560,loss,-0.02259404957294464,0.9994606375694275,SF-P3O-v1,Walker2d-v4,3
450576,reward,3767,317.0242993082807,314.531,SF-P3O-v1,Walker2d-v4,3
450802,reward,3768,431.5730020953678,310.863,SF-P3O-v1,Walker2d-v4,3
450985,reward,3769,356.69090534870935,336.02,SF-P3O-v1,Walker2d-v4,3
451091,reward,3770,205.5164198218702,318.466,SF-P3O-v1,Walker2d-v4,3
451269,reward,3771,344.7563597451773,316.012,SF-P3O-v1,Walker2d-v4,3
451392,reward,3772,262.66703414267613,316.991,SF-P3O-v1,Walker2d-v4,3
451516,reward,3773,242.058384984161,299.215,SF-P3O-v1,Walker2d-v4,3
451773,reward,3774,411.8946140063039,304.993,SF-P3O-v1,Walker2d-v4,3
451900,reward,3775,291.6538569513403,316.581,SF-P3O-v1,Walker2d-v4,3
452073,reward,3776,334.5877192229613,319.842,SF-P3O-v1,Walker2d-v4,3
452185,reward,3777,230.6518456016826,311.205,SF-P3O-v1,Walker2d-v4,3
452381,reward,3778,315.66181290874823,299.614,SF-P3O-v1,Walker2d-v4,3
452586,reward,3779,373.7593930895381,301.321,SF-P3O-v1,Walker2d-v4,3
452738,reward,3780,315.7407510136731,312.343,SF-P3O-v1,Walker2d-v4,3
452901,reward,3781,330.9693290669565,310.964,SF-P3O-v1,Walker2d-v4,3
453023,reward,3782,280.3504807083889,312.733,SF-P3O-v1,Walker2d-v4,3
453154,reward,3783,271.566897572434,315.684,SF-P3O-v1,Walker2d-v4,3
453299,reward,3784,325.2557793561408,307.02,SF-P3O-v1,Walker2d-v4,3
453438,reward,3785,309.8457916234967,308.839,SF-P3O-v1,Walker2d-v4,3
453608,reward,3786,356.3696977113144,311.017,SF-P3O-v1,Walker2d-v4,3
453711,reward,3787,203.90458791177227,308.342,SF-P3O-v1,Walker2d-v4,3
453884,reward,3788,361.69551358676307,312.946,SF-P3O-v1,Walker2d-v4,3
454011,reward,3789,281.7481866431964,303.745,SF-P3O-v1,Walker2d-v4,3
454171,reward,3790,320.46673515129413,304.217,SF-P3O-v1,Walker2d-v4,3
454329,reward,3791,142.2961757528579,285.35,SF-P3O-v1,Walker2d-v4,3
454666,reward,3792,448.4229031560821,302.157,SF-P3O-v1,Walker2d-v4,3
454961,reward,3793,500.73151888738477,325.074,SF-P3O-v1,Walker2d-v4,3
455158,reward,3794,341.50880942935606,326.699,SF-P3O-v1,Walker2d-v4,3
455312,reward,3795,313.3094160097079,327.045,SF-P3O-v1,Walker2d-v4,3
455402,reward,3796,184.26116563022995,309.835,SF-P3O-v1,Walker2d-v4,3
455568,reward,3797,316.9861952631431,321.143,SF-P3O-v1,Walker2d-v4,3
455710,reward,3798,295.48897911141563,314.522,SF-P3O-v1,Walker2d-v4,3
455812,reward,3799,203.04673806811874,306.652,SF-P3O-v1,Walker2d-v4,3
455947,reward,3800,296.9898374856579,304.304,SF-P3O-v1,Walker2d-v4,3
456129,reward,3801,266.9476573084153,316.769,SF-P3O-v1,Walker2d-v4,3
456235,reward,3802,170.19162909160954,288.946,SF-P3O-v1,Walker2d-v4,3
456411,reward,3803,336.4099888657117,272.514,SF-P3O-v1,Walker2d-v4,3
456661,reward,3804,428.1520157065949,281.178,SF-P3O-v1,Walker2d-v4,3
456790,reward,3805,280.59614608055506,277.907,SF-P3O-v1,Walker2d-v4,3
456963,reward,3806,78.12712908754791,267.294,SF-P3O-v1,Walker2d-v4,3
457119,reward,3807,328.17446505603414,268.412,SF-P3O-v1,Walker2d-v4,3
457255,reward,3808,289.744449676769,267.838,SF-P3O-v1,Walker2d-v4,3
457496,reward,3809,420.81185247980216,289.615,SF-P3O-v1,Walker2d-v4,3
457626,reward,3810,269.37324476717737,286.853,SF-P3O-v1,Walker2d-v4,3
457746,reward,3811,228.28583922626484,282.987,SF-P3O-v1,Walker2d-v4,3
457964,reward,3812,405.3832966761947,306.506,SF-P3O-v1,Walker2d-v4,3
458151,reward,3813,342.91352579767124,307.156,SF-P3O-v1,Walker2d-v4,3
458267,reward,3814,250.68925412610167,289.41,SF-P3O-v1,Walker2d-v4,3
458510,reward,3815,446.0232202244157,305.953,SF-P3O-v1,Walker2d-v4,3
458672,reward,3816,308.0326661436331,328.943,SF-P3O-v1,Walker2d-v4,3
458752,loss,-0.06713484972715378,0.8301964998245239,SF-P3O-v1,Walker2d-v4,3
458752,diagnostics,0.0,63.58,54.1378,0.054376,0.957114,0.4194,0.129536,SF-P3O-v1,Walker2d-v4,3
458843,reward,3817,339.2098508505854,330.047,SF-P3O-v1,Walker2d-v4,3
458973,reward,3818,277.37142040756504,328.809,SF-P3O-v1,Walker2d-v4,3
459143,reward,3819,352.65398792993125,321.994,SF-P3O-v1,Walker2d-v4,3
459318,reward,3820,415.2600995647533,336.582,SF-P3O-v1,Walker2d-v4,3
459474,reward,3821,310.19329051230466,344.773,SF-P3O-v1,Walker2d-v4,3
459664,reward,3822,147.08125084410094,318.943,SF-P3O-v1,Walker2d-v4,3
459802,reward,3823,327.6862216728001,317.42,SF-P3O-v1,Walker2d-v4,3
460000,speed,457.84,13.4,SF-P3O-v1,Walker2d-v4,3
460001,perturb,0.054376,0.957114,0.4194,29048,38798,0.342246,2,SF-P3O-v1,Walker2d-v4,3
460183,reward,3824,508.28741549903464,343.18,SF-P3O-v1,Walker2d-v4,3
460339,reward,3825,72.10240446327484,305.788,SF-P3O-v1,Walker2d-v4,3
460554,reward,3826,361.343222442468,311.119,SF-P3O-v1,Walker2d-v4,3
460714,reward,3827,356.37397227451527,312.835,SF-P3O-v1,Walker2d-v4,3
460979,reward,3828,426.3178200115133,327.73,SF-P3O-v1,Walker2d-v4,3
461168,reward,3829,331.8574469381485,325.65,SF-P3O-v1,Walker2d-v4,3
461354,reward,3830,365.48177445357254,320.672,SF-P3O-v1,Walker2d-v4,3
461518,reward,3831,336.4288048779438,323.296,SF-P3O-v1,Walker2d-v4,3
461655,reward,3832,343.95469774183954,342.983,SF-P3O-v1,Walker2d-v4,3
461799,reward,3833,266.76871385586554,336.892,SF-P3O-v1,Walker2d-v4,3
461985,reward,3834,389.34919468925386,324.998,SF-P3O-v1,Walker2d-v4,3
462164,reward,3835,273.87492314235914,345.175,SF-P3O-v1,Walker2d-v4,3
462383,reward,3836,453.4352741181944,354.384,SF-P3O-v1,Walker2d-v4,3
462542,reward,3837,304.978221174317,349.245,SF-P3O-v1,Walker2d-v4,3
462701,reward,3838,293.86296294146587,335.999,SF-P3O-v1,Walker2d-v4,3
462808,reward,3839,201.0967791862884,322.923,SF-P3O-v1,Walker2d-v4,3
462991,reward,3840,342.61612382781317,320.637,SF-P3O-v1,Walker2d-v4,3
463116,reward,3841,240.40125857090365,311.034,SF-P3O-v1,Walker2d-v4,3
463250,reward,3842,232.02092006642275,299.84,SF-P3O-v1,Walker2d-v4,3
463424,reward,3843,340.63075234577326,307.227,SF-P3O-v1,Walker2d-v4,3
463544,reward,3844,241.10306322463305,292.402,SF-P3O-v1,Walker2d-v4,3
463757,reward,3845,358.95138342131656,300.91,SF-P3O-v1,Walker2d-v4,3
463886,reward,3846,239.8086168103334,279.547,SF-P3O-v1,Walker2d-v4,3
463994,reward,3847,214.50206940310662,270.499,SF-P3O-v1,Walker2d-v4,3
464183,reward,3848,394.2111903403153,280.534,SF-P3O-v1,Walker2d-v4,3
464345,reward,3849,327.77744590294935,293.202,SF-P3O-v1,Walker2d-v4,3
464543,reward,3850,285.1698085383653,287.458,SF-P3O-v1,Walker2d-v4,3
464767,reward,3851,391.3112213000976,302.549,SF-P3O-v1,Walker2d-v4,3
464897,reward,3852,266.25979169132745,305.973,SF-P3O-v1,Walker2d-v4,3
465030,reward,3853,287.8389804655701,300.693,SF-P3O-v1,Walker2d-v4,3
465180,reward,3854,310.0885852641521,307.592,SF-P3O-v1,Walker2d-v4,3
465435,reward,3855,370.2432164428559,308.721,SF-P3O-v1,Walker2d-v4,3
465603,reward,3856,335.03069602873006,318.243,SF-P3O-v1,Walker2d-v4,3
465836,reward,3857,464.6691536436778,343.26,SF-P3O-v1,Walker2d-v4,3
466024,reward,3858,365.1735646850634,340.356,SF-P3O-v1,Walker2d-v4,3
466292,reward,3859,510.9943404961696,358.678,SF-P3O-v1,Walker2d-v4,3
466448,reward,3860,338.5197667712527,364.013,SF-P3O-v1,Walker2d-v4,3
466674,reward,3861,403.69518287933334,365.251,SF-P3O-v1,Walker2d-v4,3
466803,reward,3862,290.81558151550473,367.707,SF-P3O-v1,Walker2d-v4,3
466933,reward,3863,287.5011826846921,367.673,SF-P3O-v1,Walker2d-v4,3
466944,loss,0.014157989993691444,1.052001714706421,SF-P3O-v1,Walker2d-v4,3
467113,reward,3864,314.7999457136448,368.144,SF-P3O-v1,Walker2d-v4,3
467280,reward,3865,312.9941346698243,362.419,SF-P3O-v1,Walker2d-v4,3
467421,reward,3866,276.45670649062816,356.562,SF-P3O-v1,Walker2d-v4,3
467560,reward,3867,289.55211145062555,339.05,SF-P3O-v1,Walker2d-v4,3
467672,reward,3868,220.04903627393716,324.538,SF-P3O-v1,Walker2d-v4,3
467775,reward,3869,201.01370812172362,293.54,SF-P3O-v1,Walker2d-v4,3
467997,reward,3870,444.0970665043303,304.097,SF-P3O-v1,Walker2d-v4,3
468181,reward,3871,375.34746079208196,301.263,SF-P3O-v1,Walker2d-v4,3
468313,reward,3872,319.8245089463132,304.164,SF-P3O-v1,Walker2d-v4,3
468546,reward,3873,411.1464700340608,316.528,SF-P3O-v1,Walker2d-v4,3
468668,reward,3874,233.16133651945742,308.364,SF-P3O-v1,Walker2d-v4,3
468781,reward,3875,214.19220830185125,298.484,SF-P3O-v1,Walker2d-v4,3
468921,reward,3876,244.5368225631297,295.292,SF-P3O-v1,Walker2d-v4,3
469100,reward,3877,412.2910357734272,307.566,SF-P3O-v1,Walker2d-v4,3
469207,reward,3878,205.6495684129052,306.126,SF-P3O-v1,Walker2d-v4,3
469335,reward,3879,247.61628692776216,310.786,SF-P3O-v1,Walker2d-v4,3
469533,reward,3880,349.00949480040515,301.278,SF-P3O-v1,Walker2d-v4,3
469744,reward,3881,444.4120866857505,308.184,SF-P3O-v1,Walker2d-v4,3
469875,reward,3882,272.470005850048,303.449,SF-P3O-v1,Walker2d-v4,3
469987,reward,3883,258.32803167618454,288.167,SF-P3O-v1,Walker2d-v4,3
470000,speed,668.94,13.65,SF-P3O-v1,Walker2d-v4,3
470001,spectral,0.055057,0.956796,0.4213,SF-P3O-v1,Walker2d-v4,3
470118,reward,3884,262.48023687773275,291.099,SF-P3O-v1,Walker2d-v4,3
470267,reward,3885,328.6356764493404,302.543,SF-P3O-v1,Walker2d-v4,3
470432,reward,3886,357.4758462822745,313.837,SF-P3O-v1,Walker2d-v4,3
470604,reward,3887,383.59823749467637,310.968,SF-P3O-v1,Walker2d-v4,3
470747,reward,3888,311.3042864867681,321.533,SF-P3O-v1,Walker2d-v4,3
470948,reward,3889,331.17647768461785,329.889,SF-P3O-v1,Walker2d-v4,3
471108,reward,3890,330.32134853777995,328.02,SF-P3O-v1,Walker2d-v4,3
471301,reward,3891,367.55925436525075,320.335,SF-P3O-v1,Walker2d-v4,3
471440,reward,3892,254.52695751410496,318.541,SF-P3O-v1,Walker2d-v4,3
471619,reward,3893,373.51869320486276,330.06,SF-P3O-v1,Walker2d-v4,3
471795,reward,3894,334.8801125800528,337.3,SF-P3O-v1,Walker2d-v4,3
471931,reward,3895,294.8391132125203,333.92,SF-P3O-v1,Walker2d-v4,3
472093,reward,3896,328.63540342960636,331.036,SF-P3O-v1,Walker2d-v4,3
472238,reward,3897,267.4892640665284,319.425,SF-P3O-v1,Walker2d-v4,3
472450,reward,3898,406.73288611886124,328.968,SF-P3O-v1,Walker2d-v4,3
472648,reward,3899,386.80471573634526,334.531,SF-P3O-v1,Walker2d-v4,3
472870,reward,3900,411.49344046552596,342.648,SF-P3O-v1,Walker2d-v4,3
473114,reward,3901,347.1332813677644,340.605,SF-P3O-v1,Walker2d-v4,3
473268,reward,3902,308.28725068352185,345.981,SF-P3O-v1,Walker2d-v4,3
473426,reward,3903,242.05128403432636,332.835,SF-P3O-v1,Walker2d-v4,3
473592,reward,3904,349.1584337553843,334.263,SF-P3O-v1,Walker2d-v4,3
473800,reward,3905,380.1574247758355,342.794,SF-P3O-v1,Walker2d-v4,3
473917,reward,3906,264.1234953992869,336.343,SF-P3O-v1,Walker2d-v4,3
474103,reward,3907,351.93593686264535,344.788,SF-P3O-v1,Walker2d-v4,3
474219,reward,3908,235.66947564074738,327.681,SF-P3O-v1,Walker2d-v4,3
474411,reward,3909,390.2568938737046,328.027,SF-P3O-v1,Walker2d-v4,3
474546,reward,3910,319.61440005663593,318.839,SF-P3O-v1,Walker2d-v4,3
474676,reward,3911,285.1288642562139,312.638,SF-P3O-v1,Walker2d-v4,3
474796,reward,3912,243.93052451836905,306.203,SF-P3O-v1,Walker2d-v4,3
474970,reward,3913,312.661387670505,313.264,SF-P3O-v1,Walker2d-v4,3
475136,loss,-0.0519113652408123,0.9132781028747559,SF-P3O-v1,Walker2d-v4,3
475136,diagnostics,0.0,64.8,54.6128,0.05546,0.956609,0.4343,0.137362,SF-P3O-v1,Walker2d-v4,3
475158,reward,3914,372.7829523120628,315.626,SF-P3O-v1,Walker2d-v4,3
475282,reward,3915,146.9173138760544,292.302,SF-P3O-v1,Walker2d-v4,3
475397,reward,3916,219.46414920318168,287.836,SF-P3O-v1,Walker2d-v4,3
475601,reward,3917,388.9714680404291,291.54,SF-P3O-v1,Walker2d-v4,3
475767,reward,3918,327.6753654986656,300.74,SF-P3O-v1,Walker2d-v4,3
475883,reward,3919,226.2538369701308,284.34,SF-P3O-v1,Walker2d-v4,3
476072,reward,3920,373.06366418059423,289.685,SF-P3O-v1,Walker2d-v4,3
476176,reward,3921,221.19946249778394,283.292,SF-P3O-v1,Walker2d-v4,3
476301,reward,3922,251.9868453272974,284.098,SF-P3O-v1,Walker2d-v4,3
476487,reward,3923,369.5096561141129,289.782,SF-P3O-v1,Walker2d-v4,3
476625,reward,3924,293.35174314381925,281.839,SF-P3O-v1,Walker2d-v4,3
476745,reward,3925,241.46957649472606,291.295,SF-P3O-v1,Walker2d-v4,3
476879,reward,3926,249.37123521018867,294.285,SF-P3O-v1,Walker2d-v4,3
476994,reward,3927,253.04200443360105,280.692,SF-P3O-v1,Walker2d-v4,3
477177,reward,3928,378.63279508033463,285.788,SF-P3O-v1,Walker2d-v4,3
477335,reward,3929,327.7833863701401,295.941,SF-P3O-v1,Walker2d-v4,3
477436,reward,3930,203.15623692120118,278.95,SF-P3O-v1,Walker2d-v4,3
477584,reward,3931,331.2642302537634,289.957,SF-P3O-v1,Walker2d-v4,3
477704,reward,3932,253.87809015058798,290.146,SF-P3O-v1,Walker2d-v4,3
477880,reward,3933,349.46981891148994,288.142,SF-P3O-v1,Walker2d-v4,3
478085,reward,3934,435.8165002379408,302.388,SF-P3O-v1,Walker2d-v4,3
478214,reward,3935,251.50615196324918,303.392,SF-P3O-v1,Walker2d-v4,3
478335,reward,3936,252.80031182802483,303.735,SF-P3O-v1,Walker2d-v4,3
478452,reward,3937,246.55466252777111,303.086,SF-P3O-v1,Walker2d-v4,3
478578,reward,3938,289.4769647439089,294.171,SF-P3O-v1,Walker2d-v4,3
478761,reward,3939,382.4119671612558,299.633,SF-P3O-v1,Walker2d-v4,3
478873,reward,3940,253.15302061831565,304.633,SF-P3O-v1,Walker2d-v4,3
478995,reward,3941,254.3086450205162,296.938,SF-P3O-v1,Walker2d-v4,3
479144,reward,3942,271.64758838608543,298.715,SF-P3O-v1,Walker2d-v4,3
479304,reward,3943,347.16922318697755,298.485,SF-P3O-v1,Walker2d-v4,3
479424,reward,3944,272.1941946845248,282.122,SF-P3O-v1,Walker2d-v4,3
479579,reward,3945,294.75579824310836,286.447,SF-P3O-v1,Walker2d-v4,3
479732,reward,3946,366.58930102172286,297.826,SF-P3O-v1,Walker2d-v4,3
479905,reward,3947,329.6122083538685,306.132,SF-P3O-v1,Walker2d-v4,3
480000,speed,660.75,13.9,SF-P3O-v1,Walker2d-v4,3
480001,spectral,0.05546,0.956609,0.4343,SF-P3O-v1,Walker2d-v4,3
480070,reward,3948,325.49788255024356,309.734,SF-P3O-v1,Walker2d-v4,3
480198,reward,3949,234.35428230407157,294.928,SF-P3O-v1,Walker2d-v4,3
480358,reward,3950,329.6649018884712,302.579,SF-P3O-v1,Walker2d-v4,3
480495,reward,3951,280.80494401276377,305.229,SF-P3O-v1,Walker2d-v4,3
480650,reward,3952,284.0418003780278,306.468,SF-P3O-v1,Walker2d-v4,3
480779,reward,3953,248.09915974887213,296.561,SF-P3O-v1,Walker2d-v4,3
480908,reward,3954,242.24932271254656,293.567,SF-P3O-v1,Walker2d-v4,3
481037,reward,3955,255.9773520964528,289.689,SF-P3O-v1,Walker2d-v4,3
481169,reward,3956,292.21187319918977,282.251,SF-P3O-v1,Walker2d-v4,3
481359,reward,3957,357.0586223268935,284.996,SF-P3O-v1,Walker2d-v4,3
481484,reward,3958,259.4265659176565,278.389,SF-P3O-v1,Walker2d-v4,3
481594,reward,3959,240.84438707379428,279.038,SF-P3O-v1,Walker2d-v4,3
481726,reward,3960,238.48643677046528,269.92,SF-P3O-v1,Walker2d-v4,3
481851,reward,3961,279.4330470981689,269.783,SF-P3O-v1,Walker2d-v4,3
481964,reward,3962,218.71966836174704,263.251,SF-P3O-v1,Walker2d-v4,3
482085,reward,3963,254.28549261088074,263.869,SF-P3O-v1,Walker2d-v4,3
482238,reward,3964,299.7265744291063,269.617,SF-P3O-v1,Walker2d-v4,3
482429,reward,3965,361.1129713173999,280.131,SF-P3O-v1,Walker2d-v4,3
482566,reward,3966,303.1218549334061,281.222,SF-P3O-v1,Walker2d-v4,3
482726,reward,3967,308.35294011249,276.351,SF-P3O-v1,Walker2d-v4,3
482844,reward,3968,221.7133678059099,272.58,SF-P3O-v1,Walker2d-v4,3
482993,reward,3969,302.91334160760914,278.787,SF-P3O-v1,Walker2d-v4,3
483112,reward,3970,272.4585833846991,282.184,SF-P3O-v1,Walker2d-v4,3
483240,reward,3971,273.75037245510765,281.616,SF-P3O-v1,Walker2d-v4,3
483328,loss,-0.18932944536209106,0.8436083793640137,SF-P3O-v1,Walker2d-v4,3
483381,reward,3972,296.7807907505473,289.422,SF-P3O-v1,Walker2d-v4,3
483480,reward,3973,189.30870487629005,282.924,SF-P3O-v1,Walker2d-v4,3
483597,reward,3974,236.7728485330821,276.629,SF-P3O-v1,Walker2d-v4,3
483764,reward,3975,360.1553301374982,276.533,SF-P3O-v1,Walker2d-v4,3
483881,reward,3976,246.53076619685646,270.874,SF-P3O-v1,Walker2d-v4,3
484018,reward,3977,256.37803427705103,265.676,SF-P3O-v1,Walker2d-v4,3
484144,reward,3978,254.60517297200497,268.965,SF-P3O-v1,Walker2d-v4,3
484332,reward,3979,364.1537442946719,275.089,SF-P3O-v1,Walker2d-v4,3
484459,reward,3980,320.07018878792525,279.851,SF-P3O-v1,Walker2d-v4,3
484655,reward,3981,324.7556295635883,284.951,SF-P3O-v1,Walker2d-v4,3
484814,reward,3982,329.14282682049935,288.187,SF-P3O-v1,Walker2d-v4,3
484941,reward,3983,265.7927423739649,295.836,SF-P3O-v1,Walker2d-v4,3
485086,reward,3984,354.55377340476264,307.614,SF-P3O-v1,Walker2d-v4,3
485244,reward,3985,358.71464572071716,307.47,SF-P3O-v1,Walker2d-v4,3
485367,reward,3986,243.52472017880393,307.169,SF-P3O-v1,Walker2d-v4,3
485702,reward,3987,474.27529701769316,328.959,SF-P3O-v1,Walker2d-v4,3
485865,reward,3988,332.4111571578301,336.739,SF-P3O-v1,Walker2d-v4,3
486029,reward,3989,336.54650082272815,333.979,SF-P3O-v1,Walker2d-v4,3
486164,reward,3990,258.69001751708475,327.841,SF-P3O-v1,Walker2d-v4,3
486274,reward,3991,220.75460431529453,317.441,SF-P3O-v1,Walker2d-v4,3
486413,reward,3992,336.58884054790116,318.185,SF-P3O-v1,Walker2d-v4,3
486609,reward,3993,367.15508050703744,328.321,SF-P3O-v1,Walker2d-v4,3
486715,reward,3994,205.3783423652694,313.404,SF-P3O-v1,Walker2d-v4,3
486844,reward,3995,285.7016295674227,306.103,SF-P3O-v1,Walker2d-v4,3
486998,reward,3996,305.2694471054562,312.277,SF-P3O-v1,Walker2d-v4,3
487171,reward,3997,351.55670811170046,300.005,SF-P3O-v1,Walker2d-v4,3
487255,reward,3998,138.8166296699536,280.646,SF-P3O-v1,Walker2d-v4,3
487411,reward,3999,324.20505486063547,279.412,SF-P3O-v1,Walker2d-v4,3
487559,reward,4000,283.8880249969428,281.931,SF-P3O-v1,Walker2d-v4,3
487710,reward,4001,305.9078900289992,290.447,SF-P3O-v1,Walker2d-v4,3
487801,reward,4002,159.34455403330549,272.722,SF-P3O-v1,Walker2d-v4,3
487909,reward,4003,221.12022019326113,258.119,SF-P3O-v1,Walker2d-v4,3
488098,reward,4004,374.9685991964384,275.078,SF-P3O-v1,Walker2d-v4,3
488226,reward,4005,265.032049383634,273.011,SF-P3O-v1,Walker2d-v4,3
488390,reward,4006,348.518049501302,277.336,SF-P3O-v1,Walker2d-v4,3
488556,reward,4007,322.72398702861665,274.453,SF-P3O-v1,Walker2d-v4,3
488699,reward,4008,252.63747965683504,285.835,SF-P3O-v1,Walker2d-v4,3
488847,reward,4009,330.46396894294287,286.46,SF-P3O-v1,Walker2d-v4,3
489022,reward,4010,353.4397186421817,293.416,SF-P3O-v1,Walker2d-v4,3
489165,reward,4011,272.76460502264086,290.101,SF-P3O-v1,Walker2d-v4,3
489331,reward,4012,332.6755633122819,307.434,SF-P3O-v1,Walker2d-v4,3
489464,reward,4013,281.8863595568419,313.511,SF-P3O-v1,Walker2d-v4,3
489585,reward,4014,233.338447499204,299.348,SF-P3O-v1,Walker2d-v4,3
489633,reward,4015,32.32559177338264,276.077,SF-P3O-v1,Walker2d-v4,3
489782,reward,4016,341.6432886756304,275.39,SF-P3O-v1,Walker2d-v4,3
489973,reward,4017,392.30924342415966,282.348,SF-P3O-v1,Walker2d-v4,3
490000,speed,612.87,14.18,SF-P3O-v1,Walker2d-v4,3
490001,spectral,0.055877,0.956534,0.4309,SF-P3O-v1,Walker2d-v4,3
490358,reward,4018,516.3151934284296,308.716,SF-P3O-v1,Walker2d-v4,3
490538,reward,4019,361.2918389627869,311.799,SF-P3O-v1,Walker2d-v4,3
490708,reward,4020,349.409075360913,311.396,SF-P3O-v1,Walker2d-v4,3
490858,reward,4021,320.53378746288945,316.173,SF-P3O-v1,Walker2d-v4,3
491005,reward,4022,279.2825949021766,310.834,SF-P3O-v1,Walker2d-v4,3
491460,reward,4023,437.63712315272863,326.409,SF-P3O-v1,Walker2d-v4,3
491520,loss,0.006340568419545889,0.9317631721496582,SF-P3O-v1,Walker2d-v4,3
491520,diagnostics,0.0,65.12,59.5386,0.056408,0.956056,0.4116,0.130306,SF-P3O-v1,Walker2d-v4,3
491597,reward,4024,309.5322767235891,334.028,SF-P3O-v1,Walker2d-v4,3
491721,reward,4025,260.469341517837,356.842,SF-P3O-v1,Walker2d-v4,3
491859,reward,4026,307.28963717743164,353.407,SF-P3O-v1,Walker2d-v4,3
491993,reward,4027,267.3189997333613,340.908,SF-P3O-v1,Walker2d-v4,3
492120,reward,4028,271.94409337962435,316.471,SF-P3O-v1,Walker2d-v4,3
492305,reward,4029,376.513208007406,317.993,SF-P3O-v1,Walker2d-v4,3
492429,reward,4030,280.3207486947158,311.084,SF-P3O-v1,Walker2d-v4,3
492618,reward,4031,365.9826759596081,315.629,SF-P3O-v1,Walker2d-v4,3
492765,reward,4032,352.3502252163287,322.936,SF-P3O-v1,Walker2d-v4,3
492889,reward,4033,269.52516240605087,306.125,SF-P3O-v1,Walker2d-v4,3
492970,reward,4034,138.16183918790972,288.988,SF-P3O-v1,Walker2d-v4,3
493159,reward,4035,364.53642429802943,299.394,SF-P3O-v1,Walker2d-v4,3
493304,reward,4036,315.0067590406308,300.166,SF-P3O-v1,Walker2d-v4,3
493499,reward,4037,349.612801332872,308.395,SF-P3O-v1,Walker2d-v4,3
493639,reward,4038,307.7330841472254,311.974,SF-P3O-v1,Walker2d-v4,3
493796,reward,4039,303.5855481248568,304.682,SF-P3O-v1,Walker2d-v4,3
493965,reward,4040,331.9639542900806,309.846,SF-P3O-v1,Walker2d-v4,3
494104,reward,4041,323.63902299066996,305.611,SF-P3O-v1,Walker2d-v4,3
494211,reward,4042,220.23109241485562,292.4,SF-P3O-v1,Walker2d-v4,3
494311,reward,4043,181.43844650590577,283.591,SF-P3O-v1,Walker2d-v4,3
494460,reward,4044,342.94616712608985,304.069,SF-P3O-v1,Walker2d-v4,3
494627,reward,4045,345.95731188792854,302.211,SF-P3O-v1,Walker2d-v4,3
494836,reward,4046,372.56971947752976,307.968,SF-P3O-v1,Walker2d-v4,3
494964,reward,4047,270.4711110647573,300.054,SF-P3O-v1,Walker2d-v4,3
495105,reward,4048,243.8121252032499,293.661,SF-P3O-v1,Walker2d-v4,3
495251,reward,4049,259.52875223200476,289.256,SF-P3O-v1,Walker2d-v4,3
495384,reward,4050,283.7990966306024,284.439,SF-P3O-v1,Walker2d-v4,3
495522,reward,4051,272.5560350190551,279.331,SF-P3O-v1,Walker2d-v4,3
495662,reward,4052,262.00133657200786,283.508,SF-P3O-v1,Walker2d-v4,3
495735,reward,4053,127.12987115791708,278.077,SF-P3O-v1,Walker2d-v4,3
495851,reward,4054,233.6612071098802,267.149,SF-P3O-v1,Walker2d-v4,3
495979,reward,4055,282.47857769493027,260.801,SF-P3O-v1,Walker2d-v4,3
496128,reward,4056,369.03818458765346,260.448,SF-P3O-v1,Walker2d-v4,3
496264,reward,4057,313.2365100511157,264.724,SF-P3O-v1,Walker2d-v4,3
496364,reward,4058,192.96903651779388,259.64,SF-P3O-v1,Walker2d-v4,3
496488,reward,4059,295.08672083934255,263.196,SF-P3O-v1,Walker2d-v4,3
496619,reward,4060,257.5782839360538,260.574,SF-P3O-v1,Walker2d-v4,3
496755,reward,4061,299.75783948906155,263.294,SF-P3O-v1,Walker2d-v4,3
496856,reward,4062,216.02283623911458,258.696,SF-P3O-v1,Walker2d-v4,3
497021,reward,4063,342.2778127531107,280.211,SF-P3O-v1,Walker2d-v4,3
497185,reward,4064,327.81377588000765,289.626,SF-P3O-v1,Walker2d-v4,3
497297,reward,4065,220.17966952468322,283.396,SF-P3O-v1,Walker2d-v4,3
497518,reward,4066,443.5980114303605,290.852,SF-P3O-v1,Walker2d-v4,3
497725,reward,4067,364.35406746012865,295.964,SF-P3O-v1,Walker2d-v4,3
497902,reward,4068,373.0619865845273,313.973,SF-P3O-v1,Walker2d-v4,3
497993,reward,4069,161.25657381924012,300.59,SF-P3O-v1,Walker2d-v4,3
498127,reward,4070,280.5411040998965,302.886,SF-P3O-v1,Walker2d-v4,3
498257,reward,4071,263.40676451446575,299.251,SF-P3O-v1,Walker2d-v4,3
498394,reward,4072,269.30282525655633,304.579,SF-P3O-v1,Walker2d-v4,3
498594,reward,4073,385.41697922176826,308.893,SF-P3O-v1,Walker2d-v4,3
498745,reward,4074,311.80084437366423,307.292,SF-P3O-v1,Walker2d-v4,3
498853,reward,4075,183.05018419301524,303.579,SF-P3O-v1,Walker2d-v4,3
499001,reward,4076,310.3390134904653,290.253,SF-P3O-v1,Walker2d-v4,3
499193,reward,4077,375.8938337770471,291.407,SF-P3O-v1,Walker2d-v4,3
499389,reward,4078,417.77582765704125,295.878,SF-P3O-v1,Walker2d-v4,3
499503,reward,4079,253.14779689963484,305.068,SF-P3O-v1,Walker2d-v4,3
499652,reward,4080,360.4926264508939,313.063,SF-P3O-v1,Walker2d-v4,3
499712,loss,0.00795297883450985,0.8878772258758545,SF-P3O-v1,Walker2d-v4,3
499769,reward,4081,272.34771498833146,313.957,SF-P3O-v1,Walker2d-v4,3
499950,reward,4082,348.3859100142007,321.865,SF-P3O-v1,Walker2d-v4,3
500000,speed,430.89,14.56,SF-P3O-v1,Walker2d-v4,3
500001,spectral,0.056964,0.956021,0.4191,SF-P3O-v1,Walker2d-v4,3
500106,reward,4083,313.86258373490426,314.71,SF-P3O-v1,Walker2d-v4,3
500267,reward,4084,328.61899856046057,316.391,SF-P3O-v1,Walker2d-v4,3
500411,reward,4085,326.6096673900433,330.747,SF-P3O-v1,Walker2d-v4,3
500517,reward,4086,233.87756548865354,323.101,SF-P3O-v1,Walker2d-v4,3
500671,reward,4087,314.2307568261168,316.935,SF-P3O-v1,Walker2d-v4,3
500743,reward,4088,116.06953131724659,286.764,SF-P3O-v1,Walker2d-v4,3
500883,reward,4089,325.25955444303185,293.975,SF-P3O-v1,Walker2d-v4,3
501032,reward,4090,319.67738385267256,289.894,SF-P3O-v1,Walker2d-v4,3
501121,reward,4091,161.1115277666409,278.77,SF-P3O-v1,Walker2d-v4,3
501313,reward,4092,313.76683426808006,275.308,SF-P3O-v1,Walker2d-v4,3
501398,reward,4093,182.14091807321094,262.136,SF-P3O-v1,Walker2d-v4,3
501535,reward,4094,274.4430283558436,256.719,SF-P3O-v1,Walker2d-v4,3
501673,reward,4095,222.53883825137618,246.312,SF-P3O-v1,Walker2d-v4,3
501790,reward,4096,256.52734393619215,248.577,SF-P3O-v1,Walker2d-v4,3
501897,reward,4097,245.56588433804035,241.71,SF-P3O-v1,Walker2d-v4,3
502041,reward,4098,324.9883360755468,262.602,SF-P3O-v1,Walker2d-v4,3
502185,reward,4099,296.27046020683485,259.703,SF-P3O-v1,Walker2d-v4,3
502283,reward,4100,206.63225981660466,248.399,SF-P3O-v1,Walker2d-v4,3
502428,reward,4101,325.8051128389076,264.868,SF-P3O-v1,Walker2d-v4,3
502658,reward,4102,293.0781220845803,262.799,SF-P3O-v1,Walker2d-v4,3
502826,reward,4103,325.22743100117515,277.108,SF-P3O-v1,Walker2d-v4,3
502980,reward,4104,286.3709324596351,278.3,SF-P3O-v1,Walker2d-v4,3
503085,reward,4105,219.7275434524317,278.019,SF-P3O-v1,Walker2d-v4,3
503219,reward,4106,295.36846509394275,281.903,SF-P3O-v1,Walker2d-v4,3
503370,reward,4107,272.2304998072454,284.57,SF-P3O-v1,Walker2d-v4,3
503551,reward,4108,361.2225697648281,288.193,SF-P3O-v1,Walker2d-v4,3
503684,reward,4109,310.71642069692643,289.638,SF-P3O-v1,Walker2d-v4,3
503806,reward,4110,275.1679339149966,296.492,SF-P3O-v1,Walker2d-v4,3
503937,reward,4111,317.9952995298765,295.711,SF-P3O-v1,Walker2d-v4,3
504086,reward,4112,312.7337860420765,297.676,SF-P3O-v1,Walker2d-v4,3
504247,reward,4113,396.22005598923727,304.775,SF-P3O-v1,Walker2d-v4,3
504359,reward,4114,232.96046823939915,299.434,SF-P3O-v1,Walker2d-v4,3
504539,reward,4115,398.56018894437227,317.318,SF-P3O-v1,Walker2d-v4,3
504667,reward,4116,306.4462254331573,318.425,SF-P3O-v1,Walker2d-v4,3
504813,reward,4117,304.7780319530126,321.68,SF-P3O-v1,Walker2d-v4,3
504986,reward,4118,364.65330502100136,322.023,SF-P3O-v1,Walker2d-v4,3
505136,reward,4119,345.36441849754846,325.488,SF-P3O-v1,Walker2d-v4,3
505258,reward,4120,256.53258492879587,323.624,SF-P3O-v1,Walker2d-v4,3
505378,reward,4121,281.23454282764095,319.948,SF-P3O-v1,Walker2d-v4,3
505708,reward,4122,534.1060659994565,342.086,SF-P3O-v1,Walker2d-v4,3
505860,reward,4123,337.5966695899577,336.223,SF-P3O-v1,Walker2d-v4,3
506004,reward,4124,322.708045843438,345.198,SF-P3O-v1,Walker2d-v4,3
506107,reward,4125,213.14250432849732,326.656,SF-P3O-v1,Walker2d-v4,3
506299,reward,4126,105.36056608779448,306.548,SF-P3O-v1,Walker2d-v4,3
506503,reward,4127,412.80131549163593,317.35,SF-P3O-v1,Walker2d-v4,3
506637,reward,4128,298.3923061410924,310.724,SF-P3O-v1,Walker2d-v4,3
506798,reward,4129,310.4410352803127,307.232,SF-P3O-v1,Walker2d-v4,3
506964,reward,4130,398.74234996818706,321.453,SF-P3O-v1,Walker2d-v4,3
507070,reward,4131,224.61885038800008,315.791,SF-P3O-v1,Walker2d-v4,3
507157,reward,4132,156.61303054473666,278.042,SF-P3O-v1,Walker2d-v4,3
507320,reward,4133,349.4207888536597,279.224,SF-P3O-v1,Walker2d-v4,3
507446,reward,4134,220.71777741993776,269.025,SF-P3O-v1,Walker2d-v4,3
507559,reward,4135,224.7921039802787,270.19,SF-P3O-v1,Walker2d-v4,3
507719,reward,4136,360.63521012169485,295.717,SF-P3O-v1,Walker2d-v4,3
507820,reward,4137,205.22053988285356,274.959,SF-P3O-v1,Walker2d-v4,3
507904,loss,-0.11266519874334335,0.7425388693809509,SF-P3O-v1,Walker2d-v4,3
507904,diagnostics,0.0,65.43,57.5712,0.057382,0.955942,0.4259,0.128013,SF-P3O-v1,Walker2d-v4,3
507932,reward,4138,248.04492821186815,269.925,SF-P3O-v1,Walker2d-v4,3
508110,reward,4139,417.67048674501297,280.648,SF-P3O-v1,Walker2d-v4,3
508266,reward,4140,275.89910870852805,268.363,SF-P3O-v1,Walker2d-v4,3
508431,reward,4141,397.57135326244526,285.659,SF-P3O-v1,Walker2d-v4,3
508538,reward,4142,195.5385687524573,289.551,SF-P3O-v1,Walker2d-v4,3
508672,reward,4143,304.9460739650383,285.104,SF-P3O-v1,Walker2d-v4,3
508789,reward,4144,277.2008164537626,290.752,SF-P3O-v1,Walker2d-v4,3
508912,reward,4145,235.92111748150188,291.865,SF-P3O-v1,Walker2d-v4,3
509048,reward,4146,294.3741530343639,285.239,SF-P3O-v1,Walker2d-v4,3
509181,reward,4147,299.8412839265311,294.701,SF-P3O-v1,Walker2d-v4,3
509341,reward,4148,394.16953137146055,309.313,SF-P3O-v1,Walker2d-v4,3
509470,reward,4149,280.65181402745037,295.611,SF-P3O-v1,Walker2d-v4,3
509610,reward,4150,289.3530660705632,296.957,SF-P3O-v1,Walker2d-v4,3
509769,reward,4151,331.0884382970239,290.308,SF-P3O-v1,Walker2d-v4,3
509895,reward,4152,259.0357330758658,296.658,SF-P3O-v1,Walker2d-v4,3
510000,speed,652.77,14.82,SF-P3O-v1,Walker2d-v4,3
510001,perturb,0.057382,0.955942,0.4259,28028,39818,0.361825,3,SF-P3O-v1,Walker2d-v4,3
510039,reward,4153,300.85494074116735,296.249,SF-P3O-v1,Walker2d-v4,3
510161,reward,4154,242.9681468190028,292.826,SF-P3O-v1,Walker2d-v4,3
510317,reward,4155,367.6540886316632,305.999,SF-P3O-v1,Walker2d-v4,3
510518,reward,4156,389.17911057673496,315.48,SF-P3O-v1,Walker2d-v4,3
510642,reward,4157,249.13797768668633,310.409,SF-P3O-v1,Walker2d-v4,3
510763,reward,4158,239.50549608792733,294.943,SF-P3O-v1,Walker2d-v4,3
510891,reward,4159,304.9454750894941,297.372,SF-P3O-v1,Walker2d-v4,3
511045,reward,4160,312.8289101282068,299.72,SF-P3O-v1,Walker2d-v4,3
511154,reward,4161,231.9119660459342,289.802,SF-P3O-v1,Walker2d-v4,3
511306,reward,4162,315.77456522647987,295.476,SF-P3O-v1,Walker2d-v4,3
511509,reward,4163,363.3573141134872,301.726,SF-P3O-v1,Walker2d-v4,3
511625,reward,4164,245.4511861647606,301.975,SF-P3O-v1,Walker2d-v4,3
511768,reward,4165,264.8444088419399,291.694,SF-P3O-v1,Walker2d-v4,3
511939,reward,4166,339.83448518567786,286.759,SF-P3O-v1,Walker2d-v4,3
512129,reward,4167,314.04671128069793,293.25,SF-P3O-v1,Walker2d-v4,3
512293,reward,4168,306.0849929776529,299.908,SF-P3O-v1,Walker2d-v4,3
512417,reward,4169,290.3713566883134,298.451,SF-P3O-v1,Walker2d-v4,3
512524,reward,4170,241.4282577500629,291.311,SF-P3O-v1,Walker2d-v4,3
512658,reward,4171,286.6145162676336,296.781,SF-P3O-v1,Walker2d-v4,3
512846,reward,4172,408.3046893081638,306.034,SF-P3O-v1,Walker2d-v4,3
513002,reward,4173,245.0217139616561,294.2,SF-P3O-v1,Walker2d-v4,3
513168,reward,4174,296.45546226796364,299.301,SF-P3O-v1,Walker2d-v4,3
513328,reward,4175,310.96841728894333,303.913,SF-P3O-v1,Walker2d-v4,3
513453,reward,4176,284.7773922105676,298.407,SF-P3O-v1,Walker2d-v4,3
513590,reward,4177,309.30510230302593,297.933,SF-P3O-v1,Walker2d-v4,3
513741,reward,4178,336.0066701734936,300.925,SF-P3O-v1,Walker2d-v4,3
513875,reward,4179,327.0053027919852,304.589,SF-P3O-v1,Walker2d-v4,3
513988,reward,4180,244.04838230400478,304.851,SF-P3O-v1,Walker2d-v4,3
514116,reward,4181,295.41108844208634,305.73,SF-P3O-v1,Walker2d-v4,3
514303,reward,4182,365.4738873694711,301.447,SF-P3O-v1,Walker2d-v4,3
514413,reward,4183,232.09572944728095,300.155,SF-P3O-v1,Walker2d-v4,3
514525,reward,4184,256.18300938665936,296.127,SF-P3O-v1,Walker2d-v4,3
514644,reward,4185,204.8808804994735,285.519,SF-P3O-v1,Walker2d-v4,3
514818,reward,4186,408.20397022398555,297.861,SF-P3O-v1,Walker2d-v4,3
514965,reward,4187,346.18815880836655,301.55,SF-P3O-v1,Walker2d-v4,3
515056,reward,4188,199.27027254973868,287.876,SF-P3O-v1,Walker2d-v4,3
515181,reward,4189,203.54200846490443,275.53,SF-P3O-v1,Walker2d-v4,3
515361,reward,4190,395.9213220084934,290.717,SF-P3O-v1,Walker2d-v4,3
515499,reward,4191,338.43357850118565,295.019,SF-P3O-v1,Walker2d-v4,3
515676,reward,4192,415.8386905495059,300.056,SF-P3O-v1,Walker2d-v4,3
515837,reward,4193,371.7540430346435,314.022,SF-P3O-v1,Walker2d-v4,3
515988,reward,4194,336.9280588516088,322.096,SF-P3O-v1,Walker2d-v4,3
516096,loss,-0.06660382449626923,0.8358249068260193,SF-P3O-v1,Walker2d-v4,3
516136,reward,4195,278.2988034977065,329.438,SF-P3O-v1,Walker2d-v4,3
516272,reward,4196,285.4716873599657,317.165,SF-P3O-v1,Walker2d-v4,3
516463,reward,4197,438.492804678553,326.395,SF-P3O-v1,Walker2d-v4,3
516676,reward,4198,430.9477652954633,349.563,SF-P3O-v1,Walker2d-v4,3
516856,reward,4199,315.50214690815426,360.759,SF-P3O-v1,Walker2d-v4,3
516968,reward,4200,256.60379117883633,346.827,SF-P3O-v1,Walker2d-v4,3
517154,reward,4201,361.5050017449062,349.134,SF-P3O-v1,Walker2d-v4,3
517246,reward,4202,197.51344061597828,327.302,SF-P3O-v1,Walker2d-v4,3
517407,reward,4203,363.85762154912794,326.512,SF-P3O-v1,Walker2d-v4,3
517549,reward,4204,320.0141297784516,324.821,SF-P3O-v1,Walker2d-v4,3
517757,reward,4205,433.07411441655444,340.298,SF-P3O-v1,Walker2d-v4,3
517897,reward,4206,311.18953458484407,342.87,SF-P3O-v1,Walker2d-v4,3
518012,reward,4207,222.1443153268724,321.235,SF-P3O-v1,Walker2d-v4,3
518154,reward,4208,335.23732251332933,311.664,SF-P3O-v1,Walker2d-v4,3
518332,reward,4209,379.8206671577364,318.096,SF-P3O-v1,Walker2d-v4,3
518441,reward,4210,198.1767192181237,312.253,SF-P3O-v1,Walker2d-v4,3
518590,reward,4211,342.65624070649034,310.368,SF-P3O-v1,Walker2d-v4,3
518742,reward,4212,325.7307171421616,323.19,SF-P3O-v1,Walker2d-v4,3
518864,reward,4213,251.0493883517098,311.909,SF-P3O-v1,Walker2d-v4,3
518978,reward,4214,266.85425126602206,306.593,SF-P3O-v1,Walker2d-v4,3
519113,reward,4215,277.06844260916546,290.993,SF-P3O-v1,Walker2d-v4,3
519285,reward,4216,332.09077520209684,293.083,SF-P3O-v1,Walker2d-v4,3
519451,reward,4217,360.8761066792973,306.956,SF-P3O-v1,Walker2d-v4,3
519654,reward,4218,344.5891392060975,307.891,SF-P3O-v1,Walker2d-v4,3
519867,reward,4219,391.88767405508906,309.098,SF-P3O-v1,Walker2d-v4,3
520000,speed,657.47,15.07,SF-P3O-v1,Walker2d-v4,3
520001,spectral,0.058681,0.955418,0.4186,SF-P3O-v1,Walker2d-v4,3
520059,reward,4220,392.68386729845423,328.549,SF-P3O-v1,Walker2d-v4,3
520169,reward,4221,205.6979111151266,314.853,SF-P3O-v1,Walker2d-v4,3
520312,reward,4222,326.8220863880035,314.962,SF-P3O-v1,Walker2d-v4,3
520448,reward,4223,271.3903438870505,316.996,SF-P3O-v1,Walker2d-v4,3
520601,reward,4224,296.9067266339415,320.001,SF-P3O-v1,Walker2d-v4,3
520721,reward,4225,279.32772018069505,320.227,SF-P3O-v1,Walker2d-v4,3
520897,reward,4226,381.3725360424596,325.155,SF-P3O-v1,Walker2d-v4,3
521066,reward,4227,97.07606231819888,298.775,SF-P3O-v1,Walker2d-v4,3
521191,reward,4228,270.4289796283037,291.359,SF-P3O-v1,Walker2d-v4,3
521308,reward,4229,248.32464306707877,277.003,SF-P3O-v1,Walker2d-v4,3
521451,reward,4230,311.851776379178,268.92,SF-P3O-v1,Walker2d-v4,3
521619,reward,4231,401.83128987622626,288.533,SF-P3O-v1,Walker2d-v4,3
521727,reward,4232,231.85774219895347,279.037,SF-P3O-v1,Walker2d-v4,3
521896,reward,4233,333.7420208626021,285.272,SF-P3O-v1,Walker2d-v4,3
522076,reward,4234,364.82108133705526,292.063,SF-P3O-v1,Walker2d-v4,3
522248,reward,4235,375.58984106728843,301.69,SF-P3O-v1,Walker2d-v4,3
522409,reward,4236,329.3769743720905,296.49,SF-P3O-v1,Walker2d-v4,3
522524,reward,4237,238.01042129559238,310.583,SF-P3O-v1,Walker2d-v4,3
522679,reward,4238,350.7310746063188,318.614,SF-P3O-v1,Walker2d-v4,3
522827,reward,4239,345.66450397840356,328.348,SF-P3O-v1,Walker2d-v4,3
522956,reward,4240,313.02905843833383,328.465,SF-P3O-v1,Walker2d-v4,3
523090,reward,4241,325.76837367844547,320.859,SF-P3O-v1,Walker2d-v4,3
523265,reward,4242,391.4254380986679,336.816,SF-P3O-v1,Walker2d-v4,3
523387,reward,4243,289.82523679358087,332.424,SF-P3O-v1,Walker2d-v4,3
523499,reward,4244,261.19846504701525,322.062,SF-P3O-v1,Walker2d-v4,3
523632,reward,4245,334.26277268309514,317.929,SF-P3O-v1,Walker2d-v4,3
523813,reward,4246,391.96515283172425,324.188,SF-P3O-v1,Walker2d-v4,3
523954,reward,4247,331.9709372833631,333.584,SF-P3O-v1,Walker2d-v4,3
524134,reward,4248,359.0423929161709,334.415,SF-P3O-v1,Walker2d-v4,3
524246,reward,4249,201.70369488919795,320.019,SF-P3O-v1,Walker2d-v4,3
524288,loss,-0.0519256517291069,1.0518156290054321,SF-P3O-v1,Walker2d-v4,3
524288,diagnostics,0.0,66.81,86.5921,0.059144,0.955164,0.4224,0.133184,SF-P3O-v1,Walker2d-v4,3
524453,reward,4250,390.60769154966005,327.777,SF-P3O-v1,Walker2d-v4,3
524547,reward,4251,173.82373835080526,312.583,SF-P3O-v1,Walker2d-v4,3
524826,reward,4252,473.50194068332104,320.79,SF-P3O-v1,Walker2d-v4,3
525021,reward,4253,426.0973113807017,334.417,SF-P3O-v1,Walker2d-v4,3
525162,reward,4254,332.72354314302754,341.57,SF-P3O-v1,Walker2d-v4,3
525315,reward,4255,317.24251742611034,339.868,SF-P3O-v1,Walker2d-v4,3
525431,reward,4256,255.5563870701022,326.227,SF-P3O-v1,Walker2d-v4,3
525558,reward,4257,295.9568710438487,322.626,SF-P3O-v1,Walker2d-v4,3
525672,reward,4258,264.62861282594633,313.184,SF-P3O-v1,Walker2d-v4,3
525871,reward,4259,424.81145918985555,335.495,SF-P3O-v1,Walker2d-v4,3
526034,reward,4260,345.56666726974316,330.991,SF-P3O-v1,Walker2d-v4,3
526238,reward,4261,496.72049606550894,363.281,SF-P3O-v1,Walker2d-v4,3
526420,reward,4262,365.08637981014385,352.439,SF-P3O-v1,Walker2d-v4,3
526554,reward,4263,320.5168647740664,341.881,SF-P3O-v1,Walker2d-v4,3
526693,reward,4264,281.3201455343898,336.741,SF-P3O-v1,Walker2d-v4,3
526822,reward,4265,293.8523831424909,334.402,SF-P3O-v1,Walker2d-v4,3
527008,reward,4266,385.4480445892593,347.391,SF-P3O-v1,Walker2d-v4,3
527091,reward,4267,162.79981640283742,334.075,SF-P3O-v1,Walker2d-v4,3
527239,reward,4268,362.73857572789393,343.886,SF-P3O-v1,Walker2d-v4,3
527416,reward,4269,343.35345666631264,335.74,SF-P3O-v1,Walker2d-v4,3
527555,reward,4270,317.9900223364331,332.983,SF-P3O-v1,Walker2d-v4,3
527679,reward,4271,279.2811262598296,311.239,SF-P3O-v1,Walker2d-v4,3
527816,reward,4272,298.9996104862807,304.63,SF-P3O-v1,Walker2d-v4,3
527973,reward,4273,360.1813578409686,308.596,SF-P3O-v1,Walker2d-v4,3
528154,reward,4274,381.2823940633192,318.593,SF-P3O-v1,Walker2d-v4,3
528294,reward,4275,354.23689363695553,324.631,SF-P3O-v1,Walker2d-v4,3
528420,reward,4276,272.04636987809596,313.291,SF-P3O-v1,Walker2d-v4,3
528574,reward,4277,304.2449947876833,327.435,SF-P3O-v1,Walker2d-v4,3
528645,reward,4278,134.18616359097234,304.58,SF-P3O-v1,Walker2d-v4,3
528802,reward,4279,310.23121927470964,301.268,SF-P3O-v1,Walker2d-v4,3
528945,reward,4280,317.77368086262743,301.246,SF-P3O-v1,Walker2d-v4,3
529095,reward,4281,312.2400591231736,304.542,SF-P3O-v1,Walker2d-v4,3
529296,reward,4282,420.9590104043987,316.738,SF-P3O-v1,Walker2d-v4,3
529467,reward,4283,371.5583281431468,317.876,SF-P3O-v1,Walker2d-v4,3
529579,reward,4284,227.271961288276,302.475,SF-P3O-v1,Walker2d-v4,3
529690,reward,4285,246.06988450849198,291.658,SF-P3O-v1,Walker2d-v4,3
529823,reward,4286,341.90210096091585,298.644,SF-P3O-v1,Walker2d-v4,3
530000,speed,667.41,15.32,SF-P3O-v1,Walker2d-v4,3
530001,spectral,0.059144,0.955164,0.4224,SF-P3O-v1,Walker2d-v4,3
530031,reward,4287,443.73615540584905,312.593,SF-P3O-v1,Walker2d-v4,3
530208,reward,4288,396.06579459570634,338.781,SF-P3O-v1,Walker2d-v4,3
530365,reward,4289,353.49166522922434,343.107,SF-P3O-v1,Walker2d-v4,3
530471,reward,4290,231.591791194799,334.489,SF-P3O-v1,Walker2d-v4,3
530605,reward,4291,294.53860262390765,332.719,SF-P3O-v1,Walker2d-v4,3
530742,reward,4292,284.3387621195735,319.057,SF-P3O-v1,Walker2d-v4,3
530897,reward,4293,348.6742669190687,316.768,SF-P3O-v1,Walker2d-v4,3
531051,reward,4294,290.32825066103237,323.074,SF-P3O-v1,Walker2d-v4,3
531177,reward,4295,267.3384513124272,325.201,SF-P3O-v1,Walker2d-v4,3
531288,reward,4296,189.6922944916163,309.98,SF-P3O-v1,Walker2d-v4,3
531456,reward,4297,369.3030082210332,302.536,SF-P3O-v1,Walker2d-v4,3
531619,reward,4298,381.02309631719567,301.032,SF-P3O-v1,Walker2d-v4,3
531757,reward,4299,304.2205297085122,296.105,SF-P3O-v1,Walker2d-v4,3
531884,reward,4300,271.45224859897803,300.091,SF-P3O-v1,Walker2d-v4,3
531989,reward,4301,200.3245527950511,290.67,SF-P3O-v1,Walker2d-v4,3
532116,reward,4302,303.24095546473603,292.56,SF-P3O-v1,Walker2d-v4,3
532232,reward,4303,257.8675499998936,283.479,SF-P3O-v1,Walker2d-v4,3
532423,reward,4304,384.00332688799614,292.847,SF-P3O-v1,Walker2d-v4,3
532480,loss,-0.007644152268767357,1.1077799797058105,SF-P3O-v1,Walker2d-v4,3
532572,reward,4305,325.765569173921,298.689,SF-P3O-v1,Walker2d-v4,3
532779,reward,4306,408.81542400054155,320.602,SF-P3O-v1,Walker2d-v4,3
532912,reward,4307,307.50194537158296,314.422,SF-P3O-v1,Walker2d-v4,3
533086,reward,4308,365.109836668824,312.83,SF-P3O-v1,Walker2d-v4,3
533229,reward,4309,329.84691340676784,315.393,SF-P3O-v1,Walker2d-v4,3
533419,reward,4310,328.7676094238207,321.124,SF-P3O-v1,Walker2d-v4,3
533598,reward,4311,389.1976948534388,340.012,SF-P3O-v1,Walker2d-v4,3
533757,reward,4312,317.5344248752359,341.441,SF-P3O-v1,Walker2d-v4,3
533900,reward,4313,347.0505696738832,350.359,SF-P3O-v1,Walker2d-v4,3
534021,reward,4314,264.567830583031,338.416,SF-P3O-v1,Walker2d-v4,3
534184,reward,4315,373.34759441254585,343.174,SF-P3O-v1,Walker2d-v4,3
534314,reward,4316,294.77414442548286,331.77,SF-P3O-v1,Walker2d-v4,3
534450,reward,4317,353.7582345457576,336.395,SF-P3O-v1,Walker2d-v4,3
534526,reward,4318,123.13174813335155,312.198,SF-P3O-v1,Walker2d-v4,3
534697,reward,4319,420.86059953177863,321.299,SF-P3O-v1,Walker2d-v4,3
534880,reward,4320,404.9629969774677,328.919,SF-P3O-v1,Walker2d-v4,3
535042,reward,4321,316.28281297677785,321.627,SF-P3O-v1,Walker2d-v4,3
535178,reward,4322,292.7559985623888,319.149,SF-P3O-v1,Walker2d-v4,3
535332,reward,4323,345.62964778924055,319.007,SF-P3O-v1,Walker2d-v4,3
535481,reward,4324,349.92934983581114,327.543,SF-P3O-v1,Walker2d-v4,3
535675,reward,4325,405.4530949502753,330.754,SF-P3O-v1,Walker2d-v4,3
535801,reward,4326,295.70007592371957,330.846,SF-P3O-v1,Walker2d-v4,3
535968,reward,4327,357.8260846765704,331.253,SF-P3O-v1,Walker2d-v4,3
536141,reward,4328,407.6615739176222,359.706,SF-P3O-v1,Walker2d-v4,3
536282,reward,4329,347.84922084103994,352.405,SF-P3O-v1,Walker2d-v4,3
536460,reward,4330,78.41610925837391,319.75,SF-P3O-v1,Walker2d-v4,3
536590,reward,4331,297.748041197241,317.897,SF-P3O-v1,Walker2d-v4,3
536704,reward,4332,250.48414285585835,313.67,SF-P3O-v1,Walker2d-v4,3
536843,reward,4333,303.55316014491007,309.462,SF-P3O-v1,Walker2d-v4,3
536991,reward,4334,313.30682592628267,305.8,SF-P3O-v1,Walker2d-v4,3
537160,reward,4335,390.59286786840596,304.314,SF-P3O-v1,Walker2d-v4,3
537266,reward,4336,213.30040191363366,296.074,SF-P3O-v1,Walker2d-v4,3
537441,reward,4337,392.2139351686689,299.513,SF-P3O-v1,Walker2d-v4,3
537549,reward,4338,249.50150362578668,283.697,SF-P3O-v1,Walker2d-v4,3
537681,reward,4339,300.6701712489777,278.979,SF-P3O-v1,Walker2d-v4,3
537840,reward,4340,340.25431176569856,305.163,SF-P3O-v1,Walker2d-v4,3
537924,reward,4341,154.26963655678145,290.815,SF-P3O-v1,Walker2d-v4,3
538113,reward,4342,389.0550871206842,304.672,SF-P3O-v1,Walker2d-v4,3
538273,reward,4343,338.0250030846837,308.119,SF-P3O-v1,Walker2d-v4,3
538388,reward,4344,279.15124815029736,304.703,SF-P3O-v1,Walker2d-v4,3
538530,reward,4345,307.1859713734191,296.363,SF-P3O-v1,Walker2d-v4,3
538653,reward,4346,288.1530143759342,303.848,SF-P3O-v1,Walker2d-v4,3
538773,reward,4347,270.55488895602633,291.682,SF-P3O-v1,Walker2d-v4,3
538939,reward,4348,394.14332909598295,306.146,SF-P3O-v1,Walker2d-v4,3
538953,reward,4349,3.2407021194822248,276.403,SF-P3O-v1,Walker2d-v4,3
539094,reward,4350,346.86324749394134,277.064,SF-P3O-v1,Walker2d-v4,3
539253,reward,4351,379.2269182678245,299.56,SF-P3O-v1,Walker2d-v4,3
539608,reward,4352,599.2155793776118,320.576,SF-P3O-v1,Walker2d-v4,3
539730,reward,4353,272.6955204987808,314.043,SF-P3O-v1,Walker2d-v4,3
539882,reward,4354,340.1109233294774,320.139,SF-P3O-v1,Walker2d-v4,3
540000,speed,644.07,15.58,SF-P3O-v1,Walker2d-v4,3
540001,spectral,0.059606,0.955141,0.4124,SF-P3O-v1,Walker2d-v4,3
540011,reward,4355,304.2493604109869,319.845,SF-P3O-v1,Walker2d-v4,3
540122,reward,4356,236.74896231055553,314.705,SF-P3O-v1,Walker2d-v4,3
540235,reward,4357,233.69176161069555,311.019,SF-P3O-v1,Walker2d-v4,3
540372,reward,4358,315.2787710962051,303.132,SF-P3O-v1,Walker2d-v4,3
540482,reward,4359,236.45418993775954,326.454,SF-P3O-v1,Walker2d-v4,3
540571,reward,4360,179.8178491614434,309.749,SF-P3O-v1,Walker2d-v4,3
540662,reward,4361,182.10103790579166,290.036,SF-P3O-v1,Walker2d-v4,3
540672,loss,-0.25141283869743347,0.7699832916259766,SF-P3O-v1,Walker2d-v4,3
540672,diagnostics,0.0,67.12,46.6807,0.060066,0.955126,0.4207,0.126343,SF-P3O-v1,Walker2d-v4,3
540794,reward,4362,318.3123613823826,261.946,SF-P3O-v1,Walker2d-v4,3
540960,reward,4363,381.3283117645055,272.809,SF-P3O-v1,Walker2d-v4,3
541098,reward,4364,295.9848053614217,268.397,SF-P3O-v1,Walker2d-v4,3
541194,reward,4365,190.37455434840015,257.009,SF-P3O-v1,Walker2d-v4,3
541374,reward,4366,349.82810271465263,268.317,SF-P3O-v1,Walker2d-v4,3
541490,reward,4367,238.07991885866326,268.756,SF-P3O-v1,Walker2d-v4,3
541668,reward,4368,413.2523258077151,278.553,SF-P3O-v1,Walker2d-v4,3
541796,reward,4369,278.4496160920529,282.753,SF-P3O-v1,Walker2d-v4,3
542087,reward,4370,495.29262385175485,314.3,SF-P3O-v1,Walker2d-v4,3
542257,reward,4371,334.1128908655984,329.502,SF-P3O-v1,Walker2d-v4,3
542405,reward,4372,337.69575729978675,331.44,SF-P3O-v1,Walker2d-v4,3
542554,reward,4373,330.71766364646555,326.379,SF-P3O-v1,Walker2d-v4,3
542699,reward,4374,337.773058421927,330.558,SF-P3O-v1,Walker2d-v4,3
542820,reward,4375,274.55146051828257,338.975,SF-P3O-v1,Walker2d-v4,3
542992,reward,4376,385.13561212226773,342.506,SF-P3O-v1,Walker2d-v4,3
543179,reward,4377,381.77434420731726,356.876,SF-P3O-v1,Walker2d-v4,3
543323,reward,4378,374.0058117873806,352.951,SF-P3O-v1,Walker2d-v4,3
543486,reward,4379,391.8586709408069,364.292,SF-P3O-v1,Walker2d-v4,3
543634,reward,4380,295.8395382426146,344.346,SF-P3O-v1,Walker2d-v4,3
543815,reward,4381,370.52896738385596,347.988,SF-P3O-v1,Walker2d-v4,3
544006,reward,4382,411.7249979366603,355.391,SF-P3O-v1,Walker2d-v4,3
544126,reward,4383,258.07286800547956,348.127,SF-P3O-v1,Walker2d-v4,3
544229,reward,4384,216.60990487036565,336.01,SF-P3O-v1,Walker2d-v4,3
544369,reward,4385,325.9102952057334,341.146,SF-P3O-v1,Walker2d-v4,3
544537,reward,4386,404.31236017876273,343.064,SF-P3O-v1,Walker2d-v4,3
544646,reward,4387,256.1111326568658,330.497,SF-P3O-v1,Walker2d-v4,3
544796,reward,4388,363.1263345782375,329.41,SF-P3O-v1,Walker2d-v4,3
544924,reward,4389,326.37078694942943,322.861,SF-P3O-v1,Walker2d-v4,3
545047,reward,4390,296.96881353880326,322.974,SF-P3O-v1,Walker2d-v4,3
545217,reward,4391,379.25802279841747,323.847,SF-P3O-v1,Walker2d-v4,3
545387,reward,4392,392.441998870075,321.918,SF-P3O-v1,Walker2d-v4,3
545558,reward,4393,378.16509493774726,333.927,SF-P3O-v1,Walker2d-v4,3
545764,reward,4394,460.9469499071157,358.361,SF-P3O-v1,Walker2d-v4,3
545906,reward,4395,333.58398756632096,359.129,SF-P3O-v1,Walker2d-v4,3
546015,reward,4396,255.41167334044158,344.238,SF-P3O-v1,Walker2d-v4,3
546196,reward,4397,403.06921014774287,358.934,SF-P3O-v1,Walker2d-v4,3
546324,reward,4398,299.5803237498667,352.58,SF-P3O-v1,Walker2d-v4,3
546445,reward,4399,305.24309237492395,350.467,SF-P3O-v1,Walker2d-v4,3
546573,reward,4400,219.56639684306296,342.727,SF-P3O-v1,Walker2d-v4,3
546749,reward,4401,390.91195522765616,343.892,SF-P3O-v1,Walker2d-v4,3
546839,reward,4402,162.02940431815793,320.851,SF-P3O-v1,Walker2d-v4,3
546958,reward,4403,257.41099742072333,308.775,SF-P3O-v1,Walker2d-v4,3
547072,reward,4404,234.22634297778853,286.103,SF-P3O-v1,Walker2d-v4,3
547248,reward,4405,368.9158204434145,289.637,SF-P3O-v1,Walker2d-v4,3
547384,reward,4406,319.1349522130349,296.009,SF-P3O-v1,Walker2d-v4,3
547462,reward,4407,131.72706476312217,268.875,SF-P3O-v1,Walker2d-v4,3
547585,reward,4408,283.7876538089865,267.295,SF-P3O-v1,Walker2d-v4,3
547716,reward,4409,327.54627805804864,269.526,SF-P3O-v1,Walker2d-v4,3
547868,reward,4410,347.149700531518,282.284,SF-P3O-v1,Walker2d-v4,3
548034,reward,4411,399.1520564526957,283.108,SF-P3O-v1,Walker2d-v4,3
548187,reward,4412,388.45487786700113,305.751,SF-P3O-v1,Walker2d-v4,3
548325,reward,4413,337.967345151994,313.806,SF-P3O-v1,Walker2d-v4,3
548466,reward,4414,277.34257476500534,318.118,SF-P3O-v1,Walker2d-v4,3
548641,reward,4415,429.93137338692145,324.219,SF-P3O-v1,Walker2d-v4,3
548821,reward,4416,402.44650360188217,332.551,SF-P3O-v1,Walker2d-v4,3
548864,loss,-0.047394610941410065,0.6887333989143372,SF-P3O-v1,Walker2d-v4,3
548959,reward,4417,339.4876740449385,353.327,SF-P3O-v1,Walker2d-v4,3
549083,reward,4418,271.74988265416977,352.123,SF-P3O-v1,Walker2d-v4,3
549222,reward,4419,333.5159706580863,352.72,SF-P3O-v1,Walker2d-v4,3
549366,reward,4420,315.69997769496536,349.575,SF-P3O-v1,Walker2d-v4,3
549502,reward,4421,323.5170958160389,342.011,SF-P3O-v1,Walker2d-v4,3
549693,reward,4422,380.20410707984126,341.186,SF-P3O-v1,Walker2d-v4,3
549864,reward,4423,366.9571216164368,344.085,SF-P3O-v1,Walker2d-v4,3
549973,reward,4424,239.4214378316771,340.293,SF-P3O-v1,Walker2d-v4,3
550000,speed,428.02,15.97,SF-P3O-v1,Walker2d-v4,3
550001,spectral,0.060324,0.955222,0.4053,SF-P3O-v1,Walker2d-v4,3
550155,reward,4425,440.08816237118907,341.309,SF-P3O-v1,Walker2d-v4,3
550265,reward,4426,247.5961698356828,325.824,SF-P3O-v1,Walker2d-v4,3
550369,reward,4427,224.0169247480042,314.277,SF-P3O-v1,Walker2d-v4,3
550527,reward,4428,347.20898892917177,321.823,SF-P3O-v1,Walker2d-v4,3
550707,reward,4429,392.3090055370939,327.702,SF-P3O-v1,Walker2d-v4,3
550850,reward,4430,362.6731858966295,332.399,SF-P3O-v1,Walker2d-v4,3
551022,reward,4431,380.6184065694018,338.109,SF-P3O-v1,Walker2d-v4,3
551171,reward,4432,353.3274946472461,335.422,SF-P3O-v1,Walker2d-v4,3
551333,reward,4433,381.00979341962966,336.827,SF-P3O-v1,Walker2d-v4,3
551448,reward,4434,274.23700051833663,340.309,SF-P3O-v1,Walker2d-v4,3
551561,reward,4435,257.7816437400991,322.078,SF-P3O-v1,Walker2d-v4,3
551731,reward,4436,396.0998013537282,336.928,SF-P3O-v1,Walker2d-v4,3
551907,reward,4437,370.0363382254042,351.53,SF-P3O-v1,Walker2d-v4,3
552012,reward,4438,241.80965392722206,340.99,SF-P3O-v1,Walker2d-v4,3
552206,reward,4439,431.80279664779664,344.94,SF-P3O-v1,Walker2d-v4,3
552328,reward,4440,289.8512072379298,337.657,SF-P3O-v1,Walker2d-v4,3
552464,reward,4441,302.0280174867688,329.798,SF-P3O-v1,Walker2d-v4,3
552568,reward,4442,217.6857358889777,316.234,SF-P3O-v1,Walker2d-v4,3
552673,reward,4443,211.89053018697282,299.322,SF-P3O-v1,Walker2d-v4,3
552807,reward,4444,300.7874347718328,301.977,SF-P3O-v1,Walker2d-v4,3
552931,reward,4445,300.17519126122136,306.217,SF-P3O-v1,Walker2d-v4,3
553095,reward,4446,386.54305153803074,305.261,SF-P3O-v1,Walker2d-v4,3
553233,reward,4447,328.9431872868028,301.152,SF-P3O-v1,Walker2d-v4,3
553408,reward,4448,362.6864589415098,313.239,SF-P3O-v1,Walker2d-v4,3
553603,reward,4449,422.09315549515424,312.268,SF-P3O-v1,Walker2d-v4,3
553770,reward,4450,381.2411926221419,321.407,SF-P3O-v1,Walker2d-v4,3
553892,reward,4451,302.4866229496259,321.453,SF-P3O-v1,Walker2d-v4,3
553990,reward,4452,196.61352343288095,319.346,SF-P3O-v1,Walker2d-v4,3
554101,reward,4453,247.32720096934906,322.89,SF-P3O-v1,Walker2d-v4,3
554276,reward,4454,390.2368983804073,331.835,SF-P3O-v1,Walker2d-v4,3
554419,reward,4455,325.77999735348857,334.395,SF-P3O-v1,Walker2d-v4,3
554591,reward,4456,379.77430735525724,333.718,SF-P3O-v1,Walker2d-v4,3
554707,reward,4457,252.68446741189356,326.092,SF-P3O-v1,Walker2d-v4,3
554832,reward,4458,298.1363690774109,319.637,SF-P3O-v1,Walker2d-v4,3
554929,reward,4459,177.25020310658962,295.153,SF-P3O-v1,Walker2d-v4,3
555039,reward,4460,250.93530599294976,282.122,SF-P3O-v1,Walker2d-v4,3
555192,reward,4461,351.10049293019466,286.984,SF-P3O-v1,Walker2d-v4,3
555328,reward,4462,302.5967135845111,297.582,SF-P3O-v1,Walker2d-v4,3
555482,reward,4463,369.8267032840187,309.832,SF-P3O-v1,Walker2d-v4,3
555678,reward,4464,441.3299294941812,314.941,SF-P3O-v1,Walker2d-v4,3
555820,reward,4465,322.55819602619,314.619,SF-P3O-v1,Walker2d-v4,3
555952,reward,4466,304.37034606827797,307.079,SF-P3O-v1,Walker2d-v4,3
556071,reward,4467,281.18548823943064,309.929,SF-P3O-v1,Walker2d-v4,3
556274,reward,4468,436.53232302589976,323.769,SF-P3O-v1,Walker2d-v4,3
556412,reward,4469,326.9488537870281,338.738,SF-P3O-v1,Walker2d-v4,3
556587,reward,4470,397.13034336278315,353.358,SF-P3O-v1,Walker2d-v4,3
556720,reward,4471,315.17946255324534,349.766,SF-P3O-v1,Walker2d-v4,3
556987,reward,4472,510.93430541451704,370.6,SF-P3O-v1,Walker2d-v4,3
557056,loss,-0.06503647565841675,0.7437229156494141,SF-P3O-v1,Walker2d-v4,3
557056,diagnostics,0.0,67.4,47.9219,0.060704,0.95514,0.4063,0.122604,SF-P3O-v1,Walker2d-v4,3
557137,reward,4473,359.35654945011015,369.553,SF-P3O-v1,Walker2d-v4,3
557245,reward,4474,244.95186007724135,349.915,SF-P3O-v1,Walker2d-v4,3
557399,reward,4475,332.68620940250526,350.928,SF-P3O-v1,Walker2d-v4,3
557582,reward,4476,431.0157826296816,363.592,SF-P3O-v1,Walker2d-v4,3
557757,reward,4477,442.6864735385126,379.742,SF-P3O-v1,Walker2d-v4,3
557878,reward,4478,288.2481564716188,364.914,SF-P3O-v1,Walker2d-v4,3
558050,reward,4479,421.3497260056736,374.354,SF-P3O-v1,Walker2d-v4,3
558211,reward,4480,365.90153466031387,371.231,SF-P3O-v1,Walker2d-v4,3
558371,reward,4481,319.1243041064603,371.625,SF-P3O-v1,Walker2d-v4,3
558494,reward,4482,272.3530464575407,347.767,SF-P3O-v1,Walker2d-v4,3
558600,reward,4483,216.1166377430922,333.443,SF-P3O-v1,Walker2d-v4,3
558773,reward,4484,383.0801070533588,347.256,SF-P3O-v1,Walker2d-v4,3
558896,reward,4485,279.23849600296626,341.911,SF-P3O-v1,Walker2d-v4,3
559058,reward,4486,382.75292397973607,337.085,SF-P3O-v1,Walker2d-v4,3
559166,reward,4487,254.51172842460653,318.268,SF-P3O-v1,Walker2d-v4,3
559349,reward,4488,397.601738893666,329.203,SF-P3O-v1,Walker2d-v4,3
559510,reward,4489,394.6935915776863,326.537,SF-P3O-v1,Walker2d-v4,3
559627,reward,4490,262.78008908500675,316.225,SF-P3O-v1,Walker2d-v4,3
559742,reward,4491,239.07820038437444,308.221,SF-P3O-v1,Walker2d-v4,3
559894,reward,4492,381.24574280684743,319.11,SF-P3O-v1,Walker2d-v4,3
560000,speed,621.54,16.24,SF-P3O-v1,Walker2d-v4,3
560001,perturb,0.060704,0.95514,0.4063,26901,40945,0.438504,4,SF-P3O-v1,Walker2d-v4,3
560023,reward,4493,322.08852362239605,329.707,SF-P3O-v1,Walker2d-v4,3
560172,reward,4494,289.98279664832984,320.397,SF-P3O-v1,Walker2d-v4,3
560312,reward,4495,327.88370459624093,325.262,SF-P3O-v1,Walker2d-v4,3
560434,reward,4496,289.5241805016378,315.939,SF-P3O-v1,Walker2d-v4,3
560618,reward,4497,424.5925484964279,332.947,SF-P3O-v1,Walker2d-v4,3
560808,reward,4498,412.6684903412653,334.454,SF-P3O-v1,Walker2d-v4,3
560990,reward,4499,383.5871692328687,333.343,SF-P3O-v1,Walker2d-v4,3
561136,reward,4500,362.9223968420912,343.357,SF-P3O-v1,Walker2d-v4,3
561232,reward,4501,204.23841773518203,339.873,SF-P3O-v1,Walker2d-v4,3
561401,reward,4502,314.2830477441768,333.177,SF-P3O-v1,Walker2d-v4,3
561509,reward,4503,251.4983224732964,326.118,SF-P3O-v1,Walker2d-v4,3
561626,reward,4504,270.6924851998841,324.189,SF-P3O-v1,Walker2d-v4,3
561870,reward,4505,434.81844957590835,334.883,SF-P3O-v1,Walker2d-v4,3
562000,reward,4506,329.27921429833765,338.858,SF-P3O-v1,Walker2d-v4,3
562194,reward,4507,420.07757252408885,338.407,SF-P3O-v1,Walker2d-v4,3
562341,reward,4508,373.3192322143827,334.472,SF-P3O-v1,Walker2d-v4,3
562460,reward,4509,256.43222411000454,321.756,SF-P3O-v1,Walker2d-v4,3
562711,reward,4510,480.0462014623745,333.469,SF-P3O-v1,Walker2d-v4,3
562856,reward,4511,313.426776862955,344.387,SF-P3O-v1,Walker2d-v4,3
563026,reward,4512,421.6366399051289,355.123,SF-P3O-v1,Walker2d-v4,3
563220,reward,4513,416.27940281519614,371.601,SF-P3O-v1,Walker2d-v4,3
563413,reward,4514,403.9113397434617,384.923,SF-P3O-v1,Walker2d-v4,3
563561,reward,4515,311.00028253741453,372.541,SF-P3O-v1,Walker2d-v4,3
563756,reward,4516,411.73799481380263,380.787,SF-P3O-v1,Walker2d-v4,3
563900,reward,4517,348.2441466965301,373.603,SF-P3O-v1,Walker2d-v4,3
564092,reward,4518,417.9713389087561,378.069,SF-P3O-v1,Walker2d-v4,3
564245,reward,4519,323.4198949147445,384.767,SF-P3O-v1,Walker2d-v4,3
564423,reward,4520,346.48750913706436,371.412,SF-P3O-v1,Walker2d-v4,3
564602,reward,4521,413.6670599061049,381.436,SF-P3O-v1,Walker2d-v4,3
564621,reward,4522,9.212643290606765,340.193,SF-P3O-v1,Walker2d-v4,3
564767,reward,4523,311.56174065097906,329.721,SF-P3O-v1,Walker2d-v4,3
564960,reward,4524,392.5818995918972,328.588,SF-P3O-v1,Walker2d-v4,3
565130,reward,4525,376.29223581543,335.118,SF-P3O-v1,Walker2d-v4,3
565248,loss,0.040478385984897614,0.6358503103256226,SF-P3O-v1,Walker2d-v4,3
565311,reward,4526,391.53416571548973,333.097,SF-P3O-v1,Walker2d-v4,3
565471,reward,4527,425.798257901505,340.853,SF-P3O-v1,Walker2d-v4,3
565717,reward,4528,490.0054368577616,348.056,SF-P3O-v1,Walker2d-v4,3
565827,reward,4529,250.24653971971958,340.739,SF-P3O-v1,Walker2d-v4,3
565915,reward,4530,163.2356749339503,322.414,SF-P3O-v1,Walker2d-v4,3
566089,reward,4531,326.7627809095195,313.723,SF-P3O-v1,Walker2d-v4,3
566236,reward,4532,349.26993038054957,347.729,SF-P3O-v1,Walker2d-v4,3
566381,reward,4533,320.38864422447165,348.612,SF-P3O-v1,Walker2d-v4,3
566565,reward,4534,402.4523984848899,349.599,SF-P3O-v1,Walker2d-v4,3
566645,reward,4535,158.46640356203264,327.816,SF-P3O-v1,Walker2d-v4,3
566780,reward,4536,302.41800658191494,318.904,SF-P3O-v1,Walker2d-v4,3
566946,reward,4537,378.5635346967432,314.181,SF-P3O-v1,Walker2d-v4,3
567128,reward,4538,396.2122382794991,304.802,SF-P3O-v1,Walker2d-v4,3
567229,reward,4539,223.9104711819322,302.168,SF-P3O-v1,Walker2d-v4,3
567387,reward,4540,297.0515221991574,315.55,SF-P3O-v1,Walker2d-v4,3
567491,reward,4541,229.19012063973514,305.792,SF-P3O-v1,Walker2d-v4,3
567659,reward,4542,365.17312105972843,307.383,SF-P3O-v1,Walker2d-v4,3
567804,reward,4543,360.51962957219166,311.396,SF-P3O-v1,Walker2d-v4,3
567978,reward,4544,380.47895223808814,309.198,SF-P3O-v1,Walker2d-v4,3
568108,reward,4545,287.01778705080875,322.054,SF-P3O-v1,Walker2d-v4,3
568240,reward,4546,291.3475552811932,320.946,SF-P3O-v1,Walker2d-v4,3
568402,reward,4547,387.76855006005644,321.867,SF-P3O-v1,Walker2d-v4,3
568538,reward,4548,320.21383788730685,314.267,SF-P3O-v1,Walker2d-v4,3
568676,reward,4549,340.27422047405383,325.904,SF-P3O-v1,Walker2d-v4,3
568926,reward,4550,490.34831741198497,345.233,SF-P3O-v1,Walker2d-v4,3
569098,reward,4551,383.94133840091257,360.708,SF-P3O-v1,Walker2d-v4,3
569230,reward,4552,281.09513888767134,352.301,SF-P3O-v1,Walker2d-v4,3
569395,reward,4553,394.7387939389651,355.722,SF-P3O-v1,Walker2d-v4,3
569586,reward,4554,439.47186891268734,361.622,SF-P3O-v1,Walker2d-v4,3
569704,reward,4555,259.52185668920254,358.872,SF-P3O-v1,Walker2d-v4,3
569797,reward,4556,205.72494209977833,350.31,SF-P3O-v1,Walker2d-v4,3
569929,reward,4557,319.1811988823973,343.451,SF-P3O-v1,Walker2d-v4,3
570000,speed,648.21,16.49,SF-P3O-v1,Walker2d-v4,3
570001,spectral,0.062075,0.954988,0.4134,SF-P3O-v1,Walker2d-v4,3
570007,reward,4558,147.62287787751978,326.192,SF-P3O-v1,Walker2d-v4,3
570181,reward,4559,373.87981865976707,329.553,SF-P3O-v1,Walker2d-v4,3
570354,reward,4560,344.7234133757531,314.99,SF-P3O-v1,Walker2d-v4,3
570482,reward,4561,287.7081898934181,305.367,SF-P3O-v1,Walker2d-v4,3
570608,reward,4562,269.15418957545415,304.173,SF-P3O-v1,Walker2d-v4,3
570675,reward,4563,116.11231866049862,276.31,SF-P3O-v1,Walker2d-v4,3
570795,reward,4564,273.84470148723335,259.747,SF-P3O-v1,Walker2d-v4,3
570987,reward,4565,418.3703310871882,275.632,SF-P3O-v1,Walker2d-v4,3
571141,reward,4566,350.0663127447831,290.066,SF-P3O-v1,Walker2d-v4,3
571287,reward,4567,340.2730753199443,292.176,SF-P3O-v1,Walker2d-v4,3
571402,reward,4568,263.64641116001224,303.778,SF-P3O-v1,Walker2d-v4,3
571538,reward,4569,308.73539127735046,297.263,SF-P3O-v1,Walker2d-v4,3
571669,reward,4570,315.7649235132437,294.368,SF-P3O-v1,Walker2d-v4,3
571831,reward,4571,407.59939138699104,306.357,SF-P3O-v1,Walker2d-v4,3
571962,reward,4572,318.28591646284497,311.27,SF-P3O-v1,Walker2d-v4,3
572204,reward,4573,455.3187800082047,345.191,SF-P3O-v1,Walker2d-v4,3
572338,reward,4574,335.0980732805334,351.316,SF-P3O-v1,Walker2d-v4,3
572427,reward,4575,184.87289126603875,327.966,SF-P3O-v1,Walker2d-v4,3
572563,reward,4576,294.1242765458895,322.372,SF-P3O-v1,Walker2d-v4,3
572696,reward,4577,286.745367462997,317.019,SF-P3O-v1,Walker2d-v4,3
572813,reward,4578,262.9451837939506,316.949,SF-P3O-v1,Walker2d-v4,3
573028,reward,4579,470.4209891029164,333.118,SF-P3O-v1,Walker2d-v4,3
573136,reward,4580,228.28213916464816,324.369,SF-P3O-v1,Walker2d-v4,3
573311,reward,4581,379.72605584105054,321.582,SF-P3O-v1,Walker2d-v4,3
573410,reward,4582,201.10096424207512,309.863,SF-P3O-v1,Walker2d-v4,3
573440,loss,-0.0644201785326004,0.8429908752441406,SF-P3O-v1,Walker2d-v4,3
573440,diagnostics,0.0,69.04,50.5383,0.062565,0.954839,0.4171,0.127319,SF-P3O-v1,Walker2d-v4,3
573556,reward,4583,347.71104108756816,299.103,SF-P3O-v1,Walker2d-v4,3
573685,reward,4584,327.0565289571526,298.299,SF-P3O-v1,Walker2d-v4,3
573829,reward,4585,326.7240978547458,312.484,SF-P3O-v1,Walker2d-v4,3
573977,reward,4586,331.6312939251165,316.234,SF-P3O-v1,Walker2d-v4,3
574082,reward,4587,256.55933200831515,313.216,SF-P3O-v1,Walker2d-v4,3
574215,reward,4588,267.7664237197979,313.698,SF-P3O-v1,Walker2d-v4,3
574359,reward,4589,362.6893392722674,302.925,SF-P3O-v1,Walker2d-v4,3
574517,reward,4590,381.43453136793755,318.24,SF-P3O-v1,Walker2d-v4,3
574696,reward,4591,395.0160247726196,319.769,SF-P3O-v1,Walker2d-v4,3
574847,reward,4592,369.9889413208122,336.658,SF-P3O-v1,Walker2d-v4,3
575043,reward,4593,434.0774603468695,345.294,SF-P3O-v1,Walker2d-v4,3
575236,reward,4594,434.78171793404186,356.067,SF-P3O-v1,Walker2d-v4,3
575390,reward,4595,360.6650243178683,359.461,SF-P3O-v1,Walker2d-v4,3
575510,reward,4596,275.6320298304887,353.861,SF-P3O-v1,Walker2d-v4,3
575699,reward,4597,445.51674686615274,372.757,SF-P3O-v1,Walker2d-v4,3
575850,reward,4598,361.3339714961994,382.114,SF-P3O-v1,Walker2d-v4,3
575975,reward,4599,296.8288422779662,375.528,SF-P3O-v1,Walker2d-v4,3
576117,reward,4600,354.65642090449427,372.85,SF-P3O-v1,Walker2d-v4,3
576239,reward,4601,296.2680300456818,362.975,SF-P3O-v1,Walker2d-v4,3
576448,reward,4602,398.2601099524051,365.802,SF-P3O-v1,Walker2d-v4,3
576608,reward,4603,395.5926742950828,361.954,SF-P3O-v1,Walker2d-v4,3
576739,reward,4604,296.24152002049715,348.1,SF-P3O-v1,Walker2d-v4,3
576818,reward,4605,155.05784706273707,327.539,SF-P3O-v1,Walker2d-v4,3
576969,reward,4606,327.20207306157636,332.696,SF-P3O-v1,Walker2d-v4,3
577134,reward,4607,427.13335184813485,330.857,SF-P3O-v1,Walker2d-v4,3
577299,reward,4608,390.554628256843,333.78,SF-P3O-v1,Walker2d-v4,3
577461,reward,4609,401.65454703710634,344.262,SF-P3O-v1,Walker2d-v4,3
577703,reward,4610,540.78154375334,362.875,SF-P3O-v1,Walker2d-v4,3
577874,reward,4611,400.59128552298256,373.307,SF-P3O-v1,Walker2d-v4,3
578098,reward,4612,491.9213748548223,382.673,SF-P3O-v1,Walker2d-v4,3
578220,reward,4613,275.4854486479174,370.662,SF-P3O-v1,Walker2d-v4,3
578364,reward,4614,310.90194736112676,372.128,SF-P3O-v1,Walker2d-v4,3
578544,reward,4615,425.44209149027495,399.167,SF-P3O-v1,Walker2d-v4,3
578711,reward,4616,320.4489991914534,398.492,SF-P3O-v1,Walker2d-v4,3
578869,reward,4617,359.50744840323944,391.729,SF-P3O-v1,Walker2d-v4,3
579016,reward,4618,338.76977609024703,386.55,SF-P3O-v1,Walker2d-v4,3
579118,reward,4619,235.18611697099422,369.904,SF-P3O-v1,Walker2d-v4,3
579303,reward,4620,407.83306270143976,356.609,SF-P3O-v1,Walker2d-v4,3
579463,reward,4621,375.1289634738754,354.063,SF-P3O-v1,Walker2d-v4,3
579638,reward,4622,376.7056207156855,342.541,SF-P3O-v1,Walker2d-v4,3
579801,reward,4623,379.50174944420803,352.943,SF-P3O-v1,Walker2d-v4,3
580000,speed,642.41,16.75,SF-P3O-v1,Walker2d-v4,3
580001,spectral,0.062565,0.954839,0.4171,SF-P3O-v1,Walker2d-v4,3
580018,reward,4624,484.35162929494373,370.288,SF-P3O-v1,Walker2d-v4,3
580168,reward,4625,365.84239822220644,364.328,SF-P3O-v1,Walker2d-v4,3
580342,reward,4626,446.9571294686313,376.978,SF-P3O-v1,Walker2d-v4,3
580501,reward,4627,397.6769978171303,380.795,SF-P3O-v1,Walker2d-v4,3
580638,reward,4628,302.35610764341743,377.154,SF-P3O-v1,Walker2d-v4,3
580737,reward,4629,245.85930871594832,378.221,SF-P3O-v1,Walker2d-v4,3
580866,reward,4630,273.45427857010486,364.783,SF-P3O-v1,Walker2d-v4,3
581048,reward,4631,411.8933735368287,368.46,SF-P3O-v1,Walker2d-v4,3
581212,reward,4632,357.85996197985105,366.575,SF-P3O-v1,Walker2d-v4,3
581347,reward,4633,328.35957747004386,361.461,SF-P3O-v1,Walker2d-v4,3
581490,reward,4634,333.57810663430087,346.384,SF-P3O-v1,Walker2d-v4,3
581632,loss,-0.0039812372997403145,0.5925120115280151,SF-P3O-v1,Walker2d-v4,3
581643,reward,4635,323.2578441891277,342.125,SF-P3O-v1,Walker2d-v4,3
581776,reward,4636,332.90089471164123,330.72,SF-P3O-v1,Walker2d-v4,3
581984,reward,4637,476.19848998275205,338.572,SF-P3O-v1,Walker2d-v4,3
582106,reward,4638,289.4742291965881,337.284,SF-P3O-v1,Walker2d-v4,3
582228,reward,4639,325.7481162107992,345.272,SF-P3O-v1,Walker2d-v4,3
582394,reward,4640,338.02527014700524,351.73,SF-P3O-v1,Walker2d-v4,3
582508,reward,4641,233.54120983371905,333.894,SF-P3O-v1,Walker2d-v4,3
582673,reward,4642,360.06942447603535,334.115,SF-P3O-v1,Walker2d-v4,3
582780,reward,4643,222.11345527004755,323.491,SF-P3O-v1,Walker2d-v4,3
582987,reward,4644,402.46087938292516,330.379,SF-P3O-v1,Walker2d-v4,3
583221,reward,4645,469.32976361504626,344.986,SF-P3O-v1,Walker2d-v4,3
583364,reward,4646,371.8992477440908,348.886,SF-P3O-v1,Walker2d-v4,3
583498,reward,4647,330.89919009792254,334.356,SF-P3O-v1,Walker2d-v4,3
583662,reward,4648,393.2321459135451,344.732,SF-P3O-v1,Walker2d-v4,3
583868,reward,4649,440.90897905914255,356.248,SF-P3O-v1,Walker2d-v4,3
584007,reward,4650,351.78103615565,357.624,SF-P3O-v1,Walker2d-v4,3
584201,reward,4651,473.8735830827783,381.657,SF-P3O-v1,Walker2d-v4,3
584361,reward,4652,348.24869513394583,380.475,SF-P3O-v1,Walker2d-v4,3
584504,reward,4653,405.82845886559846,398.846,SF-P3O-v1,Walker2d-v4,3
584658,reward,4654,327.1458850689137,391.315,SF-P3O-v1,Walker2d-v4,3
584849,reward,4655,394.1380797082321,383.796,SF-P3O-v1,Walker2d-v4,3
585057,reward,4656,421.1829152592223,388.724,SF-P3O-v1,Walker2d-v4,3
585193,reward,4657,324.3962613111272,388.074,SF-P3O-v1,Walker2d-v4,3
585337,reward,4658,312.0004976764862,379.95,SF-P3O-v1,Walker2d-v4,3
585428,reward,4659,169.83987396309522,352.844,SF-P3O-v1,Walker2d-v4,3
585585,reward,4660,357.3659562681506,353.402,SF-P3O-v1,Walker2d-v4,3
585753,reward,4661,352.46194416849477,341.261,SF-P3O-v1,Walker2d-v4,3
585893,reward,4662,340.55568722350074,340.492,SF-P3O-v1,Walker2d-v4,3
586067,reward,4663,419.6332580351217,341.872,SF-P3O-v1,Walker2d-v4,3
586231,reward,4664,396.3416456434854,348.792,SF-P3O-v1,Walker2d-v4,3
586411,reward,4665,425.5733353941606,351.935,SF-P3O-v1,Walker2d-v4,3
586470,reward,4666,106.06197541753036,320.423,SF-P3O-v1,Walker2d-v4,3
586600,reward,4667,315.88265032320516,319.572,SF-P3O-v1,Walker2d-v4,3
586731,reward,4668,322.55594543878493,320.627,SF-P3O-v1,Walker2d-v4,3
586895,reward,4669,394.8958467883425,343.133,SF-P3O-v1,Walker2d-v4,3
587024,reward,4670,288.564558570226,336.253,SF-P3O-v1,Walker2d-v4,3
587122,reward,4671,212.4496949342699,322.251,SF-P3O-v1,Walker2d-v4,3
587304,reward,4672,407.5901475872612,328.955,SF-P3O-v1,Walker2d-v4,3
587452,reward,4673,306.16099590308585,317.608,SF-P3O-v1,Walker2d-v4,3
587632,reward,4674,347.97397769363675,312.771,SF-P3O-v1,Walker2d-v4,3
587780,reward,4675,285.5092770690014,298.765,SF-P3O-v1,Walker2d-v4,3
587955,reward,4676,366.85011044009553,324.843,SF-P3O-v1,Walker2d-v4,3
588087,reward,4677,328.78697137444505,326.134,SF-P3O-v1,Walker2d-v4,3
588213,reward,4678,308.58441286574964,324.737,SF-P3O-v1,Walker2d-v4,3
588346,reward,4679,309.4164420581238,316.189,SF-P3O-v1,Walker2d-v4,3
588464,reward,4680,278.2851525524469,315.161,SF-P3O-v1,Walker2d-v4,3
588647,reward,4681,427.1177918123347,336.628,SF-P3O-v1,Walker2d-v4,3
588766,reward,4682,262.3119762475268,322.1,SF-P3O-v1,Walker2d-v4,3
588914,reward,4683,358.20821305137935,327.304,SF-P3O-v1,Walker2d-v4,3
589069,reward,4684,388.9054204827006,331.398,SF-P3O-v1,Walker2d-v4,3
589228,reward,4685,417.88804388783706,344.635,SF-P3O-v1,Walker2d-v4,3
589346,reward,4686,294.1841755872739,337.369,SF-P3O-v1,Walker2d-v4,3
589493,reward,4687,350.68668098704455,339.559,SF-P3O-v1,Walker2d-v4,3
589697,reward,4688,429.7763956951677,351.678,SF-P3O-v1,Walker2d-v4,3
589824,loss,-0.033000458031892776,0.9681433439254761,SF-P3O-v1,Walker2d-v4,3
589824,diagnostics,0.0,69.36,47.2112,0.063408,0.954763,0.4499,0.121693,SF-P3O-v1,Walker2d-v4,3
589874,reward,4689,409.84740730246256,361.721,SF-P3O-v1,Walker2d-v4,3
590000,speed,431.25,17.14,SF-P3O-v1,Walker2d-v4,3
590001,spectral,0.063408,0.954763,0.4499,SF-P3O-v1,Walker2d-v4,3
590004,reward,4690,300.41964528652557,363.935,SF-P3O-v1,Walker2d-v4,3
590194,reward,4691,380.4856651730632,359.271,SF-P3O-v1,Walker2d-v4,3
590312,reward,4692,283.8541296472305,361.426,SF-P3O-v1,Walker2d-v4,3
590579,reward,4693,458.8787783770382,371.493,SF-P3O-v1,Walker2d-v4,3
590743,reward,4694,386.4142454433811,371.244,SF-P3O-v1,Walker2d-v4,3
590934,reward,4695,437.59316544554605,373.214,SF-P3O-v1,Walker2d-v4,3
591089,reward,4696,391.11175666707436,382.907,SF-P3O-v1,Walker2d-v4,3
591213,reward,4697,305.9508305205573,378.433,SF-P3O-v1,Walker2d-v4,3
591509,reward,4698,495.315244218355,384.987,SF-P3O-v1,Walker2d-v4,3
591742,reward,4699,555.5360069116027,399.556,SF-P3O-v1,Walker2d-v4,3
591902,reward,4700,414.8815627649431,411.002,SF-P3O-v1,Walker2d-v4,3
592068,reward,4701,395.1108556900585,412.465,SF-P3O-v1,Walker2d-v4,3
592219,reward,4702,354.7648673926228,419.556,SF-P3O-v1,Walker2d-v4,3
592326,reward,4703,252.58952796449145,398.927,SF-P3O-v1,Walker2d-v4,3
592491,reward,4704,372.59448543166087,397.545,SF-P3O-v1,Walker2d-v4,3
592611,reward,4705,276.68328381054846,381.454,SF-P3O-v1,Walker2d-v4,3
592735,reward,4706,289.9239544213441,371.335,SF-P3O-v1,Walker2d-v4,3
592952,reward,4707,462.42521987328143,386.983,SF-P3O-v1,Walker2d-v4,3
593090,reward,4708,324.3549049074139,369.886,SF-P3O-v1,Walker2d-v4,3
593219,reward,4709,267.72755709367146,341.106,SF-P3O-v1,Walker2d-v4,3
593412,reward,4710,436.34682051827025,343.252,SF-P3O-v1,Walker2d-v4,3
593539,reward,4711,317.3105386565863,335.472,SF-P3O-v1,Walker2d-v4,3
593684,reward,4712,327.96450144203124,332.792,SF-P3O-v1,Walker2d-v4,3
593830,reward,4713,377.69586755455464,345.303,SF-P3O-v1,Walker2d-v4,3
593988,reward,4714,322.41815171038587,340.285,SF-P3O-v1,Walker2d-v4,3
594150,reward,4715,382.7510130352415,350.892,SF-P3O-v1,Walker2d-v4,3
594285,reward,4716,339.4783211432544,355.847,SF-P3O-v1,Walker2d-v4,3
594431,reward,4717,302.3645151473776,339.841,SF-P3O-v1,Walker2d-v4,3
594546,reward,4718,268.18888269058857,334.225,SF-P3O-v1,Walker2d-v4,3
594742,reward,4719,445.9517558292903,352.047,SF-P3O-v1,Walker2d-v4,3
594870,reward,4720,270.6516960176993,335.478,SF-P3O-v1,Walker2d-v4,3
595066,reward,4721,436.8028977973844,347.427,SF-P3O-v1,Walker2d-v4,3
595220,reward,4722,366.4024326732304,351.271,SF-P3O-v1,Walker2d-v4,3
595407,reward,4723,404.72081160730204,353.973,SF-P3O-v1,Walker2d-v4,3
595543,reward,4724,322.589119149599,353.99,SF-P3O-v1,Walker2d-v4,3
595708,reward,4725,380.80036205619535,353.795,SF-P3O-v1,Walker2d-v4,3
595859,reward,4726,390.0321713920451,358.85,SF-P3O-v1,Walker2d-v4,3
596006,reward,4727,350.727500131795,363.687,SF-P3O-v1,Walker2d-v4,3
596131,reward,4728,321.2998320294754,368.998,SF-P3O-v1,Walker2d-v4,3
596338,reward,4729,445.08022825117337,368.911,SF-P3O-v1,Walker2d-v4,3
596515,reward,4730,394.3406814874926,381.28,SF-P3O-v1,Walker2d-v4,3
596712,reward,4731,486.32031832998456,386.231,SF-P3O-v1,Walker2d-v4,3
596845,reward,4732,329.8011354312441,382.571,SF-P3O-v1,Walker2d-v4,3
597000,reward,4733,357.79573896218136,377.879,SF-P3O-v1,Walker2d-v4,3
597181,reward,4734,444.3296604523983,390.053,SF-P3O-v1,Walker2d-v4,3
597320,reward,4735,339.9224842860794,385.965,SF-P3O-v1,Walker2d-v4,3
597442,reward,4736,283.42638414455587,375.304,SF-P3O-v1,Walker2d-v4,3
597600,reward,4737,380.8441512514079,378.316,SF-P3O-v1,Walker2d-v4,3
597722,reward,4738,297.4604329732063,375.932,SF-P3O-v1,Walker2d-v4,3
597848,reward,4739,315.12697955662685,362.937,SF-P3O-v1,Walker2d-v4,3
598016,loss,-0.0015067718923091888,0.9619619846343994,SF-P3O-v1,Walker2d-v4,3
598053,reward,4740,522.3197495654841,375.735,SF-P3O-v1,Walker2d-v4,3
598213,reward,4741,382.6234210314688,365.365,SF-P3O-v1,Walker2d-v4,3
598317,reward,4742,256.03642261208086,357.989,SF-P3O-v1,Walker2d-v4,3
598432,reward,4743,249.37279907266347,347.146,SF-P3O-v1,Walker2d-v4,3
598592,reward,4744,376.88262138331055,340.402,SF-P3O-v1,Walker2d-v4,3
598734,reward,4745,367.470766842586,343.156,SF-P3O-v1,Walker2d-v4,3
598893,reward,4746,365.509778297198,351.365,SF-P3O-v1,Walker2d-v4,3
599053,reward,4747,385.0274827183365,351.783,SF-P3O-v1,Walker2d-v4,3
599250,reward,4748,438.7122680165128,365.908,SF-P3O-v1,Walker2d-v4,3
599404,reward,4749,379.20867144056564,372.316,SF-P3O-v1,Walker2d-v4,3
599514,reward,4750,255.43761221698497,345.628,SF-P3O-v1,Walker2d-v4,3
599682,reward,4751,394.38237233904454,346.804,SF-P3O-v1,Walker2d-v4,3
599831,reward,4752,325.6751190729383,353.768,SF-P3O-v1,Walker2d-v4,3
599995,reward,4753,426.82236570695557,371.513,SF-P3O-v1,Walker2d-v4,3
600000,speed,640.04,17.4,SF-P3O-v1,Walker2d-v4,3
600001,spectral,0.063662,0.954753,0.4456,SF-P3O-v1,Walker2d-v4,3
600194,reward,4754,437.26547574252146,377.551,SF-P3O-v1,Walker2d-v4,3
600312,reward,4755,263.93548698234997,367.198,SF-P3O-v1,Walker2d-v4,3
600430,reward,4756,295.7404171701069,360.221,SF-P3O-v1,Walker2d-v4,3
600640,reward,4757,495.0868637012206,371.227,SF-P3O-v1,Walker2d-v4,3
600799,reward,4758,336.1181591697836,360.967,SF-P3O-v1,Walker2d-v4,3
600964,reward,4759,394.2683461113058,362.473,SF-P3O-v1,Walker2d-v4,3
601148,reward,4760,415.26918727294355,378.456,SF-P3O-v1,Walker2d-v4,3
601280,reward,4761,334.57091117821057,372.475,SF-P3O-v1,Walker2d-v4,3
601484,reward,4762,440.52873225129935,383.961,SF-P3O-v1,Walker2d-v4,3
601699,reward,4763,513.1097814112189,392.589,SF-P3O-v1,Walker2d-v4,3
601857,reward,4764,367.050803932912,385.568,SF-P3O-v1,Walker2d-v4,3
601953,reward,4765,174.27581730524986,376.602,SF-P3O-v1,Walker2d-v4,3
602079,reward,4766,296.3019065119863,376.658,SF-P3O-v1,Walker2d-v4,3
602222,reward,4767,368.2420497879408,363.974,SF-P3O-v1,Walker2d-v4,3
602374,reward,4768,386.31869153221413,368.994,SF-P3O-v1,Walker2d-v4,3
602505,reward,4769,344.52166889069406,364.019,SF-P3O-v1,Walker2d-v4,3
602669,reward,4770,392.48702633987483,361.741,SF-P3O-v1,Walker2d-v4,3
602799,reward,4771,319.8591371674405,360.27,SF-P3O-v1,Walker2d-v4,3
602990,reward,4772,400.63784115119773,356.28,SF-P3O-v1,Walker2d-v4,3
603100,reward,4773,252.62603126949756,330.232,SF-P3O-v1,Walker2d-v4,3
603270,reward,4774,410.5992882782544,334.587,SF-P3O-v1,Walker2d-v4,3
603377,reward,4775,243.74843810609244,341.534,SF-P3O-v1,Walker2d-v4,3
603541,reward,4776,418.5330712538537,353.757,SF-P3O-v1,Walker2d-v4,3
603724,reward,4777,441.8375145532423,361.117,SF-P3O-v1,Walker2d-v4,3
603871,reward,4778,377.62428777330626,360.247,SF-P3O-v1,Walker2d-v4,3
604003,reward,4779,215.35096665476465,347.33,SF-P3O-v1,Walker2d-v4,3
604109,reward,4780,238.57167222003977,331.939,SF-P3O-v1,Walker2d-v4,3
604221,reward,4781,274.9871773357998,327.452,SF-P3O-v1,Walker2d-v4,3
604373,reward,4782,295.8239067279712,316.97,SF-P3O-v1,Walker2d-v4,3
604459,reward,4783,170.37789947650356,308.745,SF-P3O-v1,Walker2d-v4,3
604588,reward,4784,312.9062219921094,298.976,SF-P3O-v1,Walker2d-v4,3
604773,reward,4785,418.48964382878785,316.45,SF-P3O-v1,Walker2d-v4,3
604910,reward,4786,338.6775908541361,308.465,SF-P3O-v1,Walker2d-v4,3
604989,reward,4787,145.77039624439962,278.858,SF-P3O-v1,Walker2d-v4,3
605120,reward,4788,293.86794873945365,270.482,SF-P3O-v1,Walker2d-v4,3
605268,reward,4789,362.44531314151175,285.192,SF-P3O-v1,Walker2d-v4,3
605472,reward,4790,460.83291562970805,307.418,SF-P3O-v1,Walker2d-v4,3
605654,reward,4791,396.27183294892257,319.546,SF-P3O-v1,Walker2d-v4,3
605822,reward,4792,378.0944383856115,327.773,SF-P3O-v1,Walker2d-v4,3
605983,reward,4793,340.53460797090383,344.789,SF-P3O-v1,Walker2d-v4,3
606144,reward,4794,436.79635274949317,357.178,SF-P3O-v1,Walker2d-v4,3
606208,loss,0.0032068658620119095,0.8767655491828918,SF-P3O-v1,Walker2d-v4,3
606208,diagnostics,0.0,69.65,61.2647,0.064054,0.954568,0.4532,0.12034,SF-P3O-v1,Walker2d-v4,3
606311,reward,4795,391.42003550261245,354.471,SF-P3O-v1,Walker2d-v4,3
606463,reward,4796,393.50487772137865,359.954,SF-P3O-v1,Walker2d-v4,3
606587,reward,4797,276.07215271058624,372.984,SF-P3O-v1,Walker2d-v4,3
606762,reward,4798,443.2873607393119,387.926,SF-P3O-v1,Walker2d-v4,3
606916,reward,4799,403.74014971337897,392.055,SF-P3O-v1,Walker2d-v4,3
607147,reward,4800,452.74628801539905,391.247,SF-P3O-v1,Walker2d-v4,3
607278,reward,4801,314.4359087197549,383.063,SF-P3O-v1,Walker2d-v4,3
607418,reward,4802,329.5241070011758,378.206,SF-P3O-v1,Walker2d-v4,3
607604,reward,4803,444.96672171176533,388.649,SF-P3O-v1,Walker2d-v4,3
607807,reward,4804,411.458640522547,386.116,SF-P3O-v1,Walker2d-v4,3
607980,reward,4805,463.85907112119145,393.36,SF-P3O-v1,Walker2d-v4,3
608183,reward,4806,390.1506596505003,393.024,SF-P3O-v1,Walker2d-v4,3
608370,reward,4807,424.5683456017642,407.874,SF-P3O-v1,Walker2d-v4,3
608532,reward,4808,366.3843458279956,400.183,SF-P3O-v1,Walker2d-v4,3
608709,reward,4809,425.05746679053004,402.315,SF-P3O-v1,Walker2d-v4,3
608901,reward,4810,406.17446241016785,397.658,SF-P3O-v1,Walker2d-v4,3
609068,reward,4811,402.5220191009373,406.467,SF-P3O-v1,Walker2d-v4,3
609259,reward,4812,469.3690339171129,420.451,SF-P3O-v1,Walker2d-v4,3
609440,reward,4813,443.548234291567,420.309,SF-P3O-v1,Walker2d-v4,3
609594,reward,4814,336.0939518024551,412.773,SF-P3O-v1,Walker2d-v4,3
609787,reward,4815,410.15622177749697,407.402,SF-P3O-v1,Walker2d-v4,3
609949,reward,4816,397.4010323276829,408.128,SF-P3O-v1,Walker2d-v4,3
610000,speed,646.31,17.66,SF-P3O-v1,Walker2d-v4,3
610001,perturb,0.064054,0.954568,0.4532,25762,42084,0.475374,5,SF-P3O-v1,Walker2d-v4,3
610114,reward,4817,325.8926966519707,398.26,SF-P3O-v1,Walker2d-v4,3
610267,reward,4818,369.9125153986481,398.613,SF-P3O-v1,Walker2d-v4,3
610369,reward,4819,229.25983789526902,379.033,SF-P3O-v1,Walker2d-v4,3
610508,reward,4820,286.87616630757526,367.103,SF-P3O-v1,Walker2d-v4,3
610641,reward,4821,341.77257656042104,361.028,SF-P3O-v1,Walker2d-v4,3
610766,reward,4822,295.06091999927634,343.597,SF-P3O-v1,Walker2d-v4,3
610925,reward,4823,368.1294988947606,336.056,SF-P3O-v1,Walker2d-v4,3
611078,reward,4824,333.88454910586046,335.835,SF-P3O-v1,Walker2d-v4,3
611265,reward,4825,425.6690423447182,337.386,SF-P3O-v1,Walker2d-v4,3
611373,reward,4826,244.74223357144427,322.12,SF-P3O-v1,Walker2d-v4,3
611512,reward,4827,340.068265967759,323.538,SF-P3O-v1,Walker2d-v4,3
611652,reward,4828,309.5156591236311,317.498,SF-P3O-v1,Walker2d-v4,3
611764,reward,4829,264.08963466325946,320.981,SF-P3O-v1,Walker2d-v4,3
611910,reward,4830,339.1059483469774,326.204,SF-P3O-v1,Walker2d-v4,3
612178,reward,4831,500.65305013908403,342.092,SF-P3O-v1,Walker2d-v4,3
612319,reward,4832,312.4264504746344,343.828,SF-P3O-v1,Walker2d-v4,3
612505,reward,4833,464.8226019107637,353.498,SF-P3O-v1,Walker2d-v4,3
612613,reward,4834,239.12740137535923,344.022,SF-P3O-v1,Walker2d-v4,3
612775,reward,4835,391.8117968569867,340.636,SF-P3O-v1,Walker2d-v4,3
612909,reward,4836,305.08540469133044,346.671,SF-P3O-v1,Walker2d-v4,3
613029,reward,4837,276.15829039703027,340.28,SF-P3O-v1,Walker2d-v4,3
613215,reward,4838,429.97307126776053,352.325,SF-P3O-v1,Walker2d-v4,3
613379,reward,4839,363.107625186788,362.227,SF-P3O-v1,Walker2d-v4,3
613482,reward,4840,225.21000971188954,350.838,SF-P3O-v1,Walker2d-v4,3
613586,reward,4841,222.54365714197377,323.027,SF-P3O-v1,Walker2d-v4,3
613719,reward,4842,316.3737579477529,323.421,SF-P3O-v1,Walker2d-v4,3
613867,reward,4843,355.429459518525,312.482,SF-P3O-v1,Walker2d-v4,3
614012,reward,4844,317.52027380763315,320.321,SF-P3O-v1,Walker2d-v4,3
614160,reward,4845,367.7031675241628,317.91,SF-P3O-v1,Walker2d-v4,3
614343,reward,4846,384.0893036588867,325.811,SF-P3O-v1,Walker2d-v4,3
614400,loss,-0.048734404146671295,0.9399688839912415,SF-P3O-v1,Walker2d-v4,3
614493,reward,4847,368.02614160801363,334.998,SF-P3O-v1,Walker2d-v4,3
614665,reward,4848,392.6200089435174,331.262,SF-P3O-v1,Walker2d-v4,3
614767,reward,4849,213.16961549866485,316.269,SF-P3O-v1,Walker2d-v4,3
614909,reward,4850,338.65562289054503,327.613,SF-P3O-v1,Walker2d-v4,3
615125,reward,4851,402.03120783641447,345.562,SF-P3O-v1,Walker2d-v4,3
615256,reward,4852,305.27044369211234,344.452,SF-P3O-v1,Walker2d-v4,3
615487,reward,4853,498.11667221468673,358.72,SF-P3O-v1,Walker2d-v4,3
615605,reward,4854,270.2246865049894,353.991,SF-P3O-v1,Walker2d-v4,3
615764,reward,4855,338.02769787255386,351.023,SF-P3O-v1,Walker2d-v4,3
615912,reward,4856,360.1559951404195,348.63,SF-P3O-v1,Walker2d-v4,3
616038,reward,4857,279.8553508985488,339.813,SF-P3O-v1,Walker2d-v4,3
616173,reward,4858,296.6312010039952,330.214,SF-P3O-v1,Walker2d-v4,3
616314,reward,4859,341.510307359041,343.048,SF-P3O-v1,Walker2d-v4,3
616427,reward,4860,236.0905009939676,332.791,SF-P3O-v1,Walker2d-v4,3
616550,reward,4861,257.63256492910233,318.352,SF-P3O-v1,Walker2d-v4,3
616700,reward,4862,329.86678033680374,320.811,SF-P3O-v1,Walker2d-v4,3
616798,reward,4863,210.67418965073944,292.067,SF-P3O-v1,Walker2d-v4,3
616930,reward,4864,281.47588743516997,293.192,SF-P3O-v1,Walker2d-v4,3
617065,reward,4865,327.83221351891603,292.172,SF-P3O-v1,Walker2d-v4,3
617201,reward,4866,315.77997981974494,287.735,SF-P3O-v1,Walker2d-v4,3
617338,reward,4867,298.02010604274307,289.551,SF-P3O-v1,Walker2d-v4,3
617492,reward,4868,315.0210567928944,291.39,SF-P3O-v1,Walker2d-v4,3
617659,reward,4869,385.6194914857931,295.801,SF-P3O-v1,Walker2d-v4,3
617786,reward,4870,279.61857211865816,300.154,SF-P3O-v1,Walker2d-v4,3
617948,reward,4871,373.3909692219851,311.73,SF-P3O-v1,Walker2d-v4,3
618104,reward,4872,333.56322426865836,312.1,SF-P3O-v1,Walker2d-v4,3
618258,reward,4873,328.43476014744266,323.876,SF-P3O-v1,Walker2d-v4,3
618405,reward,4874,373.46862550620284,333.075,SF-P3O-v1,Walker2d-v4,3
618547,reward,4875,335.12217085634575,333.804,SF-P3O-v1,Walker2d-v4,3
618692,reward,4876,359.5263691159843,338.179,SF-P3O-v1,Walker2d-v4,3
618822,reward,4877,293.22638680816755,337.699,SF-P3O-v1,Walker2d-v4,3
618963,reward,4878,318.37354461648005,338.034,SF-P3O-v1,Walker2d-v4,3
619075,reward,4879,274.69698814596063,326.942,SF-P3O-v1,Walker2d-v4,3
619250,reward,4880,415.4516140175196,340.525,SF-P3O-v1,Walker2d-v4,3
619413,reward,4881,358.0482367607006,338.991,SF-P3O-v1,Walker2d-v4,3
619557,reward,4882,323.55299502965784,337.99,SF-P3O-v1,Walker2d-v4,3
619700,reward,4883,312.2536646692645,336.372,SF-P3O-v1,Walker2d-v4,3
619837,reward,4884,351.6804314702547,334.193,SF-P3O-v1,Walker2d-v4,3
619984,reward,4885,347.03978313195427,335.385,SF-P3O-v1,Walker2d-v4,3
620000,speed,649.7,17.91,SF-P3O-v1,Walker2d-v4,3
620001,spectral,0.065708,0.953792,0.4631,SF-P3O-v1,Walker2d-v4,3
620099,reward,4886,265.8863999343389,326.021,SF-P3O-v1,Walker2d-v4,3
620244,reward,4887,321.0466588502494,328.803,SF-P3O-v1,Walker2d-v4,3
620338,reward,4888,201.5959407382545,317.125,SF-P3O-v1,Walker2d-v4,3
620454,reward,4889,273.02233977464255,316.958,SF-P3O-v1,Walker2d-v4,3
620551,reward,4890,198.33292537310842,295.246,SF-P3O-v1,Walker2d-v4,3
620716,reward,4891,409.403406474172,300.381,SF-P3O-v1,Walker2d-v4,3
620870,reward,4892,357.46708655743447,303.773,SF-P3O-v1,Walker2d-v4,3
621041,reward,4893,366.8837134256706,309.236,SF-P3O-v1,Walker2d-v4,3
621150,reward,4894,244.19628829100677,298.487,SF-P3O-v1,Walker2d-v4,3
621245,reward,4895,196.99928730868353,283.483,SF-P3O-v1,Walker2d-v4,3
621378,reward,4896,330.05222118488996,289.9,SF-P3O-v1,Walker2d-v4,3
621554,reward,4897,431.1644406614043,300.912,SF-P3O-v1,Walker2d-v4,3
621674,reward,4898,297.8005692220391,310.532,SF-P3O-v1,Walker2d-v4,3
621852,reward,4899,384.3297923411671,321.663,SF-P3O-v1,Walker2d-v4,3
621997,reward,4900,338.26477911047203,335.656,SF-P3O-v1,Walker2d-v4,3
622119,reward,4901,286.3328271885933,323.349,SF-P3O-v1,Walker2d-v4,3
622256,reward,4902,308.5849935344723,318.461,SF-P3O-v1,Walker2d-v4,3
622410,reward,4903,326.82316319272746,314.455,SF-P3O-v1,Walker2d-v4,3
622547,reward,4904,337.9687872089232,323.832,SF-P3O-v1,Walker2d-v4,3
622592,loss,-0.03742431849241257,0.7262057065963745,SF-P3O-v1,Walker2d-v4,3
622592,diagnostics,0.0,71.49,43.3723,0.065863,0.953865,0.4662,0.133153,SF-P3O-v1,Walker2d-v4,3
622753,reward,4905,437.89580549280817,347.922,SF-P3O-v1,Walker2d-v4,3
622950,reward,4906,470.4090192751391,361.957,SF-P3O-v1,Walker2d-v4,3
623112,reward,4907,395.0430332663272,358.345,SF-P3O-v1,Walker2d-v4,3
623272,reward,4908,419.76943757604073,370.542,SF-P3O-v1,Walker2d-v4,3
623426,reward,4909,391.3264668651713,371.242,SF-P3O-v1,Walker2d-v4,3
623578,reward,4910,351.10442239564475,372.526,SF-P3O-v1,Walker2d-v4,3
623730,reward,4911,401.4356261573967,384.036,SF-P3O-v1,Walker2d-v4,3
623826,reward,4912,206.01064874923946,373.779,SF-P3O-v1,Walker2d-v4,3
623895,reward,4913,121.8109514553303,353.277,SF-P3O-v1,Walker2d-v4,3
624044,reward,4914,305.06854147743445,349.987,SF-P3O-v1,Walker2d-v4,3
624177,reward,4915,326.56098567782686,338.854,SF-P3O-v1,Walker2d-v4,3
624306,reward,4916,321.94332490548203,324.007,SF-P3O-v1,Walker2d-v4,3
624442,reward,4917,326.8570570157772,317.189,SF-P3O-v1,Walker2d-v4,3
624570,reward,4918,314.9339147684462,306.705,SF-P3O-v1,Walker2d-v4,3
624696,reward,4919,288.51827683195796,296.424,SF-P3O-v1,Walker2d-v4,3
624806,reward,4920,242.4832575243186,285.562,SF-P3O-v1,Walker2d-v4,3
624928,reward,4921,289.938516353083,274.413,SF-P3O-v1,Walker2d-v4,3
625119,reward,4922,449.874643759396,298.799,SF-P3O-v1,Walker2d-v4,3
625287,reward,4923,393.211275415313,325.939,SF-P3O-v1,Walker2d-v4,3
625446,reward,4924,356.4417435286397,331.076,SF-P3O-v1,Walker2d-v4,3
625538,reward,4925,209.52979155980213,319.373,SF-P3O-v1,Walker2d-v4,3
625669,reward,4926,309.91932099801716,318.171,SF-P3O-v1,Walker2d-v4,3
625843,reward,4927,442.02336485736186,329.687,SF-P3O-v1,Walker2d-v4,3
625973,reward,4928,287.0795669362158,326.902,SF-P3O-v1,Walker2d-v4,3
626121,reward,4929,380.40662613549705,336.091,SF-P3O-v1,Walker2d-v4,3
626260,reward,4930,287.7698418453033,340.619,SF-P3O-v1,Walker2d-v4,3
626408,reward,4931,359.1919085142434,347.545,SF-P3O-v1,Walker2d-v4,3
626499,reward,4932,207.8208495959617,323.339,SF-P3O-v1,Walker2d-v4,3
626647,reward,4933,323.06345219451015,316.325,SF-P3O-v1,Walker2d-v4,3
626752,reward,4934,212.1752729676539,301.898,SF-P3O-v1,Walker2d-v4,3
626880,reward,4935,318.46676210523003,312.792,SF-P3O-v1,Walker2d-v4,3
627052,reward,4936,384.49619723741324,320.249,SF-P3O-v1,Walker2d-v4,3
627187,reward,4937,335.5242306432867,309.599,SF-P3O-v1,Walker2d-v4,3
627324,reward,4938,304.41355226162403,311.333,SF-P3O-v1,Walker2d-v4,3
627491,reward,4939,376.9670249678153,310.989,SF-P3O-v1,Walker2d-v4,3
627645,reward,4940,388.3437761016224,321.046,SF-P3O-v1,Walker2d-v4,3
627785,reward,4941,296.8435291843789,314.811,SF-P3O-v1,Walker2d-v4,3
627906,reward,4942,265.09257291368397,320.539,SF-P3O-v1,Walker2d-v4,3
628040,reward,4943,315.773872921358,319.81,SF-P3O-v1,Walker2d-v4,3
628154,reward,4944,247.70658650167508,323.363,SF-P3O-v1,Walker2d-v4,3
628233,reward,4945,147.78591704859008,306.295,SF-P3O-v1,Walker2d-v4,3
628376,reward,4946,324.219011069831,300.267,SF-P3O-v1,Walker2d-v4,3
628526,reward,4947,365.7634497383348,303.291,SF-P3O-v1,Walker2d-v4,3
628639,reward,4948,253.7461491850338,298.224,SF-P3O-v1,Walker2d-v4,3
628722,reward,4949,139.83110247238935,274.511,SF-P3O-v1,Walker2d-v4,3
628841,reward,4950,265.65182294056706,262.241,SF-P3O-v1,Walker2d-v4,3
629009,reward,4951,407.1991626462957,273.277,SF-P3O-v1,Walker2d-v4,3
629097,reward,4952,157.47647270417295,262.515,SF-P3O-v1,Walker2d-v4,3
629243,reward,4953,363.2700553633524,267.265,SF-P3O-v1,Walker2d-v4,3
629377,reward,4954,342.33541306768734,276.728,SF-P3O-v1,Walker2d-v4,3
629543,reward,4955,377.34358469837895,299.684,SF-P3O-v1,Walker2d-v4,3
629718,reward,4956,420.79843728698285,309.342,SF-P3O-v1,Walker2d-v4,3
629868,reward,4957,359.2682064537024,308.692,SF-P3O-v1,Walker2d-v4,3
629878,reward,4958,-0.6601901685252443,283.251,SF-P3O-v1,Walker2d-v4,3
630000,speed,645.98,18.17,SF-P3O-v1,Walker2d-v4,3
630001,spectral,0.065863,0.953865,0.4662,SF-P3O-v1,Walker2d-v4,3
630012,reward,4959,312.5747487306065,300.526,SF-P3O-v1,Walker2d-v4,3
630158,reward,4960,349.56715531700087,308.917,SF-P3O-v1,Walker2d-v4,3
630297,reward,4961,299.30728771675274,298.128,SF-P3O-v1,Walker2d-v4,3
630445,reward,4962,333.44180259204774,315.725,SF-P3O-v1,Walker2d-v4,3
630670,reward,4963,442.0378470903113,323.601,SF-P3O-v1,Walker2d-v4,3
630784,loss,-0.09845076501369476,0.6759030222892761,SF-P3O-v1,Walker2d-v4,3
630791,reward,4964,298.5333981427795,319.221,SF-P3O-v1,Walker2d-v4,3
630937,reward,4965,346.3834245680198,316.125,SF-P3O-v1,Walker2d-v4,3
631078,reward,4966,374.1221407130838,311.458,SF-P3O-v1,Walker2d-v4,3
631281,reward,4967,414.50745463461664,316.982,SF-P3O-v1,Walker2d-v4,3
631361,reward,4968,147.31189622803782,331.779,SF-P3O-v1,Walker2d-v4,3
631529,reward,4969,378.271669689635,338.348,SF-P3O-v1,Walker2d-v4,3
631697,reward,4970,388.7082619040173,342.263,SF-P3O-v1,Walker2d-v4,3
631821,reward,4971,304.47399985382725,342.779,SF-P3O-v1,Walker2d-v4,3
631968,reward,4972,344.39476514032697,343.874,SF-P3O-v1,Walker2d-v4,3
632164,reward,4973,453.4111968984893,345.012,SF-P3O-v1,Walker2d-v4,3
632264,reward,4974,212.45886965305843,336.404,SF-P3O-v1,Walker2d-v4,3
632440,reward,4975,385.3263751647844,340.299,SF-P3O-v1,Walker2d-v4,3
632610,reward,4976,371.2593725151542,340.012,SF-P3O-v1,Walker2d-v4,3
632773,reward,4977,417.34671688706607,340.296,SF-P3O-v1,Walker2d-v4,3
632959,reward,4978,393.3032074632428,364.895,SF-P3O-v1,Walker2d-v4,3
633125,reward,4979,370.72196604401296,364.14,SF-P3O-v1,Walker2d-v4,3
633314,reward,4980,374.5174657184476,362.721,SF-P3O-v1,Walker2d-v4,3
633487,reward,4981,387.89760704002094,371.064,SF-P3O-v1,Walker2d-v4,3
633664,reward,4982,411.14230526339077,377.739,SF-P3O-v1,Walker2d-v4,3
633793,reward,4983,311.29038357822543,363.526,SF-P3O-v1,Walker2d-v4,3
633934,reward,4984,349.2881805092936,377.209,SF-P3O-v1,Walker2d-v4,3
634059,reward,4985,295.59688410427015,368.236,SF-P3O-v1,Walker2d-v4,3
634187,reward,4986,296.86039228264127,360.797,SF-P3O-v1,Walker2d-v4,3
634374,reward,4987,390.10133777911386,358.072,SF-P3O-v1,Walker2d-v4,3
634552,reward,4988,429.2974052705526,361.671,SF-P3O-v1,Walker2d-v4,3
634721,reward,4989,368.5175506976089,361.451,SF-P3O-v1,Walker2d-v4,3
634932,reward,4990,447.38591537365073,368.738,SF-P3O-v1,Walker2d-v4,3
635043,reward,4991,228.9935826999474,352.847,SF-P3O-v1,Walker2d-v4,3
635240,reward,4992,385.5712974957689,350.29,SF-P3O-v1,Walker2d-v4,3
635406,reward,4993,404.0206516365499,359.563,SF-P3O-v1,Walker2d-v4,3
635539,reward,4994,324.60513820277595,357.095,SF-P3O-v1,Walker2d-v4,3
635695,reward,4995,337.1236791966261,361.248,SF-P3O-v1,Walker2d-v4,3
635817,reward,4996,278.59351936282684,359.421,SF-P3O-v1,Walker2d-v4,3
635945,reward,4997,301.71652085936586,350.583,SF-P3O-v1,Walker2d-v4,3
636095,reward,4998,376.46526923094626,345.299,SF-P3O-v1,Walker2d-v4,3
636255,reward,4999,362.5573082076984,344.703,SF-P3O-v1,Walker2d-v4,3
636397,reward,5000,351.6037878948769,335.125,SF-P3O-v1,Walker2d-v4,3
636572,reward,5001,417.0124774597082,353.927,SF-P3O-v1,Walker2d-v4,3
636759,reward,5002,402.37068542026395,355.607,SF-P3O-v1,Walker2d-v4,3
636879,reward,5003,270.94759870324725,342.3,SF-P3O-v1,Walker2d-v4,3
637025,reward,5004,314.3756231851005,341.277,SF-P3O-v1,Walker2d-v4,3
637191,reward,5005,417.96800143776755,349.361,SF-P3O-v1,Walker2d-v4,3
637332,reward,5006,346.0993799175373,356.112,SF-P3O-v1,Walker2d-v4,3
637482,reward,5007,381.92362294334106,364.132,SF-P3O-v1,Walker2d-v4,3
637636,reward,5008,386.79818580572356,365.166,SF-P3O-v1,Walker2d-v4,3
637792,reward,5009,364.5011546539064,365.36,SF-P3O-v1,Walker2d-v4,3
637942,reward,5010,402.35633042549966,370.435,SF-P3O-v1,Walker2d-v4,3
638126,reward,5011,438.9158033345528,372.626,SF-P3O-v1,Walker2d-v4,3
638265,reward,5012,341.18475445458546,366.507,SF-P3O-v1,Walker2d-v4,3
638423,reward,5013,373.851220459755,376.797,SF-P3O-v1,Walker2d-v4,3
638599,reward,5014,445.5017476186412,389.91,SF-P3O-v1,Walker2d-v4,3
638759,reward,5015,356.02239490870346,383.715,SF-P3O-v1,Walker2d-v4,3
638865,reward,5016,235.50354373636895,372.656,SF-P3O-v1,Walker2d-v4,3
638976,loss,0.014321135357022285,0.7568740844726562,SF-P3O-v1,Walker2d-v4,3
638976,diagnostics,0.0,71.75,35.3807,0.066465,0.953635,0.4659,0.127546,SF-P3O-v1,Walker2d-v4,3
639044,reward,5017,379.24050728221965,372.388,SF-P3O-v1,Walker2d-v4,3
639170,reward,5018,293.6855713056939,363.076,SF-P3O-v1,Walker2d-v4,3
639300,reward,5019,306.1382646214601,357.24,SF-P3O-v1,Walker2d-v4,3
639463,reward,5020,369.09952932646684,353.914,SF-P3O-v1,Walker2d-v4,3
639589,reward,5021,267.27044437335434,336.75,SF-P3O-v1,Walker2d-v4,3
639719,reward,5022,285.9206909073485,331.223,SF-P3O-v1,Walker2d-v4,3
639838,reward,5023,287.21675436306947,322.56,SF-P3O-v1,Walker2d-v4,3
639982,reward,5024,328.3998121097379,310.85,SF-P3O-v1,Walker2d-v4,3
640000,speed,429.2,18.56,SF-P3O-v1,Walker2d-v4,3
640001,spectral,0.066465,0.953635,0.4659,SF-P3O-v1,Walker2d-v4,3
640097,reward,5025,253.38379698403443,300.586,SF-P3O-v1,Walker2d-v4,3
640271,reward,5026,411.720648635778,318.208,SF-P3O-v1,Walker2d-v4,3
640434,reward,5027,372.7881681443216,317.562,SF-P3O-v1,Walker2d-v4,3
640574,reward,5028,342.3225210949628,322.426,SF-P3O-v1,Walker2d-v4,3
640744,reward,5029,402.98983083851715,332.111,SF-P3O-v1,Walker2d-v4,3
640919,reward,5030,380.3094427910006,333.232,SF-P3O-v1,Walker2d-v4,3
641063,reward,5031,339.98197538134843,340.503,SF-P3O-v1,Walker2d-v4,3
641174,reward,5032,256.8687977276601,337.598,SF-P3O-v1,Walker2d-v4,3
641310,reward,5033,337.17474341409155,342.594,SF-P3O-v1,Walker2d-v4,3
641455,reward,5034,329.17504789012867,342.671,SF-P3O-v1,Walker2d-v4,3
641615,reward,5035,416.25609053199827,358.959,SF-P3O-v1,Walker2d-v4,3
641784,reward,5036,422.20017505956145,360.007,SF-P3O-v1,Walker2d-v4,3
641927,reward,5037,368.4510750205529,359.573,SF-P3O-v1,Walker2d-v4,3
642070,reward,5038,357.14175047453733,361.055,SF-P3O-v1,Walker2d-v4,3
642242,reward,5039,336.9183717040183,354.448,SF-P3O-v1,Walker2d-v4,3
642426,reward,5040,439.3729957130389,360.354,SF-P3O-v1,Walker2d-v4,3
642541,reward,5041,246.08469344984513,350.964,SF-P3O-v1,Walker2d-v4,3
642687,reward,5042,384.6003613160732,363.738,SF-P3O-v1,Walker2d-v4,3
642843,reward,5043,331.78931599644824,363.199,SF-P3O-v1,Walker2d-v4,3
643020,reward,5044,402.41692971743885,370.523,SF-P3O-v1,Walker2d-v4,3
643140,reward,5045,289.4900519074736,357.847,SF-P3O-v1,Walker2d-v4,3
643314,reward,5046,447.4142489655766,360.368,SF-P3O-v1,Walker2d-v4,3
643467,reward,5047,336.0415856163898,357.127,SF-P3O-v1,Walker2d-v4,3
643680,reward,5048,423.6357985236399,363.776,SF-P3O-v1,Walker2d-v4,3
643826,reward,5049,373.78074428082215,367.463,SF-P3O-v1,Walker2d-v4,3
644038,reward,5050,462.2309013775975,369.748,SF-P3O-v1,Walker2d-v4,3
644131,reward,5051,185.1956898239073,363.66,SF-P3O-v1,Walker2d-v4,3
644321,reward,5052,450.6383232924745,370.263,SF-P3O-v1,Walker2d-v4,3
644489,reward,5053,419.23165635060116,379.008,SF-P3O-v1,Walker2d-v4,3
644629,reward,5054,277.52040773123133,366.518,SF-P3O-v1,Walker2d-v4,3
644769,reward,5055,331.34704799869513,370.704,SF-P3O-v1,Walker2d-v4,3
644930,reward,5056,348.42575742510644,360.805,SF-P3O-v1,Walker2d-v4,3
645007,reward,5057,145.2604919907897,341.727,SF-P3O-v1,Walker2d-v4,3
645195,reward,5058,412.78457568984896,340.642,SF-P3O-v1,Walker2d-v4,3
645319,reward,5059,296.82308619890205,332.946,SF-P3O-v1,Walker2d-v4,3
645415,reward,5060,196.22727426106087,306.345,SF-P3O-v1,Walker2d-v4,3
645555,reward,5061,342.40723753137854,322.067,SF-P3O-v1,Walker2d-v4,3
645704,reward,5062,355.8674912246557,312.59,SF-P3O-v1,Walker2d-v4,3
645851,reward,5063,368.2859986694108,307.495,SF-P3O-v1,Walker2d-v4,3
645984,reward,5064,316.3582568906637,311.379,SF-P3O-v1,Walker2d-v4,3
646089,reward,5065,209.99661602425425,299.244,SF-P3O-v1,Walker2d-v4,3
646259,reward,5066,412.4508712948718,305.646,SF-P3O-v1,Walker2d-v4,3
646460,reward,5067,429.77410054910587,334.098,SF-P3O-v1,Walker2d-v4,3
646582,reward,5068,294.9858360561168,322.318,SF-P3O-v1,Walker2d-v4,3
646797,reward,5069,500.8969748252606,342.725,SF-P3O-v1,Walker2d-v4,3
646930,reward,5070,310.9770648096919,354.2,SF-P3O-v1,Walker2d-v4,3
647055,reward,5071,289.10014969326903,348.869,SF-P3O-v1,Walker2d-v4,3
647168,loss,0.0007453523576259613,0.9166637063026428,SF-P3O-v1,Walker2d-v4,3
647257,reward,5072,437.03627230730854,356.986,SF-P3O-v1,Walker2d-v4,3
647444,reward,5073,420.51030618105875,362.209,SF-P3O-v1,Walker2d-v4,3
647613,reward,5074,412.98700995863067,371.872,SF-P3O-v1,Walker2d-v4,3
647742,reward,5075,284.1631556752302,379.288,SF-P3O-v1,Walker2d-v4,3
647861,reward,5076,307.8542267041102,368.829,SF-P3O-v1,Walker2d-v4,3
648030,reward,5077,412.6891490455415,367.12,SF-P3O-v1,Walker2d-v4,3
648209,reward,5078,442.4984608681828,381.871,SF-P3O-v1,Walker2d-v4,3
648327,reward,5079,290.8427089361032,360.866,SF-P3O-v1,Walker2d-v4,3
648452,reward,5080,309.54669283618216,360.723,SF-P3O-v1,Walker2d-v4,3
648555,reward,5081,222.40576463399688,354.053,SF-P3O-v1,Walker2d-v4,3
648711,reward,5082,395.0695546306597,349.857,SF-P3O-v1,Walker2d-v4,3
648909,reward,5083,408.27139991806854,348.633,SF-P3O-v1,Walker2d-v4,3
649077,reward,5084,401.55246547735146,347.489,SF-P3O-v1,Walker2d-v4,3
649217,reward,5085,322.9604548975273,351.369,SF-P3O-v1,Walker2d-v4,3
649371,reward,5086,380.49634120829074,358.633,SF-P3O-v1,Walker2d-v4,3
649591,reward,5087,490.98586236822774,366.463,SF-P3O-v1,Walker2d-v4,3
649736,reward,5088,345.7189874945153,356.785,SF-P3O-v1,Walker2d-v4,3
649842,reward,5089,229.21092895955098,350.622,SF-P3O-v1,Walker2d-v4,3
649991,reward,5090,361.74828346085184,355.842,SF-P3O-v1,Walker2d-v4,3
650000,speed,635.05,18.82,SF-P3O-v1,Walker2d-v4,3
650001,spectral,0.066753,0.953443,0.4643,SF-P3O-v1,Walker2d-v4,3
650143,reward,5091,411.79856454927267,374.781,SF-P3O-v1,Walker2d-v4,3
650278,reward,5092,356.8047969367245,370.955,SF-P3O-v1,Walker2d-v4,3
650440,reward,5093,373.3660634092801,367.464,SF-P3O-v1,Walker2d-v4,3
650590,reward,5094,329.47983941396825,360.257,SF-P3O-v1,Walker2d-v4,3
650736,reward,5095,352.6699534689545,363.228,SF-P3O-v1,Walker2d-v4,3
650845,reward,5096,221.23273267999363,347.302,SF-P3O-v1,Walker2d-v4,3
651008,reward,5097,381.50961725119737,336.354,SF-P3O-v1,Walker2d-v4,3
651148,reward,5098,308.81672917578476,332.664,SF-P3O-v1,Walker2d-v4,3
651284,reward,5099,345.62501000413,344.305,SF-P3O-v1,Walker2d-v4,3
651426,reward,5100,347.1150077311635,342.842,SF-P3O-v1,Walker2d-v4,3
651546,reward,5101,280.369731736029,329.699,SF-P3O-v1,Walker2d-v4,3
651677,reward,5102,342.2947460942367,328.248,SF-P3O-v1,Walker2d-v4,3
651839,reward,5103,408.88011881014364,331.799,SF-P3O-v1,Walker2d-v4,3
651994,reward,5104,367.48306673647613,335.6,SF-P3O-v1,Walker2d-v4,3
652104,reward,5105,244.145206770424,324.747,SF-P3O-v1,Walker2d-v4,3
652234,reward,5106,321.32563252875406,334.756,SF-P3O-v1,Walker2d-v4,3
652379,reward,5107,340.7373457671488,330.679,SF-P3O-v1,Walker2d-v4,3
652532,reward,5108,417.84284804946026,341.582,SF-P3O-v1,Walker2d-v4,3
652688,reward,5109,374.967194821926,344.516,SF-P3O-v1,Walker2d-v4,3
652827,reward,5110,338.36646329690234,343.641,SF-P3O-v1,Walker2d-v4,3
652980,reward,5111,357.9742506268139,351.402,SF-P3O-v1,Walker2d-v4,3
653153,reward,5112,399.9682551172293,357.169,SF-P3O-v1,Walker2d-v4,3
653345,reward,5113,436.6581454679794,359.947,SF-P3O-v1,Walker2d-v4,3
653481,reward,5114,367.2233312769,359.921,SF-P3O-v1,Walker2d-v4,3
653667,reward,5115,475.6461802063108,383.071,SF-P3O-v1,Walker2d-v4,3
653872,reward,5116,434.6579088492538,394.404,SF-P3O-v1,Walker2d-v4,3
654008,reward,5117,315.5801079774575,391.888,SF-P3O-v1,Walker2d-v4,3
654110,reward,5118,209.84659366816769,371.089,SF-P3O-v1,Walker2d-v4,3
654302,reward,5119,425.62373821927787,376.154,SF-P3O-v1,Walker2d-v4,3
654488,reward,5120,388.70387618028985,381.188,SF-P3O-v1,Walker2d-v4,3
654618,reward,5121,364.2116551324519,381.812,SF-P3O-v1,Walker2d-v4,3
654769,reward,5122,377.8000421520127,379.595,SF-P3O-v1,Walker2d-v4,3
654882,reward,5123,267.57322872082216,362.687,SF-P3O-v1,Walker2d-v4,3
655045,reward,5124,366.5072701335999,362.615,SF-P3O-v1,Walker2d-v4,3
655228,reward,5125,466.1429891637194,361.665,SF-P3O-v1,Walker2d-v4,3
655360,loss,-0.10488232970237732,0.8079543709754944,SF-P3O-v1,Walker2d-v4,3
655360,diagnostics,0.0,72.03,63.6925,0.066855,0.953388,0.4507,0.125591,SF-P3O-v1,Walker2d-v4,3
655413,reward,5126,425.05624547433575,360.705,SF-P3O-v1,Walker2d-v4,3
655526,reward,5127,275.0329726628908,356.65,SF-P3O-v1,Walker2d-v4,3
655659,reward,5128,313.03702926195047,366.969,SF-P3O-v1,Walker2d-v4,3
655810,reward,5129,401.5160890848474,364.558,SF-P3O-v1,Walker2d-v4,3
655967,reward,5130,376.4286787399311,363.331,SF-P3O-v1,Walker2d-v4,3
656161,reward,5131,472.4928228624663,374.159,SF-P3O-v1,Walker2d-v4,3
656265,reward,5132,240.71691156545185,360.45,SF-P3O-v1,Walker2d-v4,3
656395,reward,5133,312.62472509630385,364.956,SF-P3O-v1,Walker2d-v4,3
656544,reward,5134,304.8477573159675,358.79,SF-P3O-v1,Walker2d-v4,3
656751,reward,5135,441.70699752786396,356.346,SF-P3O-v1,Walker2d-v4,3
656901,reward,5136,358.64699614871586,349.705,SF-P3O-v1,Walker2d-v4,3
657049,reward,5137,396.61114660460674,361.863,SF-P3O-v1,Walker2d-v4,3
657165,reward,5138,284.50020736574874,359.009,SF-P3O-v1,Walker2d-v4,3
657340,reward,5139,426.0587674508681,361.464,SF-P3O-v1,Walker2d-v4,3
657525,reward,5140,454.41338730688096,369.262,SF-P3O-v1,Walker2d-v4,3
657659,reward,5141,351.83355723365355,357.196,SF-P3O-v1,Walker2d-v4,3
657838,reward,5142,434.3599818831143,376.56,SF-P3O-v1,Walker2d-v4,3
657966,reward,5143,335.00452783600656,378.798,SF-P3O-v1,Walker2d-v4,3
658131,reward,5144,381.7382593958254,386.487,SF-P3O-v1,Walker2d-v4,3
658298,reward,5145,380.7419254888459,380.391,SF-P3O-v1,Walker2d-v4,3
658417,reward,5146,288.51131974125093,373.377,SF-P3O-v1,Walker2d-v4,3
658600,reward,5147,441.6693354842324,377.883,SF-P3O-v1,Walker2d-v4,3
658734,reward,5148,341.8234755129118,383.615,SF-P3O-v1,Walker2d-v4,3
658847,reward,5149,259.74430493748446,366.984,SF-P3O-v1,Walker2d-v4,3
659006,reward,5150,377.6629164496784,359.309,SF-P3O-v1,Walker2d-v4,3
659127,reward,5151,263.09604762623275,350.435,SF-P3O-v1,Walker2d-v4,3
659221,reward,5152,195.86469351150535,326.586,SF-P3O-v1,Walker2d-v4,3
659406,reward,5153,427.278737690592,335.813,SF-P3O-v1,Walker2d-v4,3
659555,reward,5154,393.16822289616266,336.956,SF-P3O-v1,Walker2d-v4,3
659691,reward,5155,282.4616694376095,327.128,SF-P3O-v1,Walker2d-v4,3
659878,reward,5156,399.13954817429465,338.191,SF-P3O-v1,Walker2d-v4,3
660000,speed,691.34,19.06,SF-P3O-v1,Walker2d-v4,3
660001,perturb,0.066855,0.953388,0.4507,24814,43032,0.466772,6,SF-P3O-v1,Walker2d-v4,3
660011,reward,5157,347.8002968598653,328.804,SF-P3O-v1,Walker2d-v4,3
660177,reward,5158,423.53432476933597,336.975,SF-P3O-v1,Walker2d-v4,3
660340,reward,5159,403.7841865666203,351.379,SF-P3O-v1,Walker2d-v4,3
660511,reward,5160,425.11026051725656,356.124,SF-P3O-v1,Walker2d-v4,3
660654,reward,5161,358.71988568800276,365.686,SF-P3O-v1,Walker2d-v4,3
660786,reward,5162,319.16982442146616,378.017,SF-P3O-v1,Walker2d-v4,3
660914,reward,5163,300.20397304880504,365.309,SF-P3O-v1,Walker2d-v4,3
661031,reward,5164,262.0282550270582,352.195,SF-P3O-v1,Walker2d-v4,3
661178,reward,5165,367.4147338007597,360.691,SF-P3O-v1,Walker2d-v4,3
661321,reward,5166,361.8587700984515,356.962,SF-P3O-v1,Walker2d-v4,3
661486,reward,5167,378.9895368129127,360.081,SF-P3O-v1,Walker2d-v4,3
661625,reward,5168,355.05604909546366,353.234,SF-P3O-v1,Walker2d-v4,3
661798,reward,5169,474.93155275999425,360.348,SF-P3O-v1,Walker2d-v4,3
661933,reward,5170,343.07052737099826,352.144,SF-P3O-v1,Walker2d-v4,3
662136,reward,5171,453.1441420516368,361.587,SF-P3O-v1,Walker2d-v4,3
662292,reward,5172,403.90306836252097,370.06,SF-P3O-v1,Walker2d-v4,3
662408,reward,5173,269.49029117152156,366.989,SF-P3O-v1,Walker2d-v4,3
662526,reward,5174,271.6713457993466,367.953,SF-P3O-v1,Walker2d-v4,3
662691,reward,5175,416.5640509120831,372.868,SF-P3O-v1,Walker2d-v4,3
662825,reward,5176,333.1309983505404,369.995,SF-P3O-v1,Walker2d-v4,3
662943,reward,5177,245.17811968576567,356.614,SF-P3O-v1,Walker2d-v4,3
663099,reward,5178,313.5025424885658,352.459,SF-P3O-v1,Walker2d-v4,3
663227,reward,5179,315.8717219770149,336.553,SF-P3O-v1,Walker2d-v4,3
663382,reward,5180,409.5544063770047,343.201,SF-P3O-v1,Walker2d-v4,3
663552,loss,0.01002637017518282,0.9085233211517334,SF-P3O-v1,Walker2d-v4,3
663605,reward,5181,515.496229907626,349.436,SF-P3O-v1,Walker2d-v4,3
663761,reward,5182,386.14443663827996,347.66,SF-P3O-v1,Walker2d-v4,3
663905,reward,5183,378.44988124174233,358.556,SF-P3O-v1,Walker2d-v4,3
664020,reward,5184,259.6961102320552,357.359,SF-P3O-v1,Walker2d-v4,3
664174,reward,5185,405.9662465951691,356.299,SF-P3O-v1,Walker2d-v4,3
664380,reward,5186,478.37085022881695,370.823,SF-P3O-v1,Walker2d-v4,3
664514,reward,5187,321.52945029360166,378.458,SF-P3O-v1,Walker2d-v4,3
664665,reward,5188,359.9704512867173,383.105,SF-P3O-v1,Walker2d-v4,3
664829,reward,5189,355.3875836509449,387.057,SF-P3O-v1,Walker2d-v4,3
664960,reward,5190,306.6603240243791,376.767,SF-P3O-v1,Walker2d-v4,3
665144,reward,5191,489.8380063324624,374.201,SF-P3O-v1,Walker2d-v4,3
665285,reward,5192,359.7863578156926,371.566,SF-P3O-v1,Walker2d-v4,3
665467,reward,5193,439.12426582978355,377.633,SF-P3O-v1,Walker2d-v4,3
665626,reward,5194,373.4313827883738,389.006,SF-P3O-v1,Walker2d-v4,3
665818,reward,5195,357.08311520987814,384.118,SF-P3O-v1,Walker2d-v4,3
665978,reward,5196,421.8855702500673,378.47,SF-P3O-v1,Walker2d-v4,3
666108,reward,5197,345.2374470667478,380.84,SF-P3O-v1,Walker2d-v4,3
666328,reward,5198,520.1288030170076,396.856,SF-P3O-v1,Walker2d-v4,3
666427,reward,5199,216.46979197801747,382.965,SF-P3O-v1,Walker2d-v4,3
666560,reward,5200,310.31745065328005,383.33,SF-P3O-v1,Walker2d-v4,3
666677,reward,5201,308.53835186043267,365.2,SF-P3O-v1,Walker2d-v4,3
666780,reward,5202,246.25106101334558,353.847,SF-P3O-v1,Walker2d-v4,3
666900,reward,5203,283.61392592527665,338.296,SF-P3O-v1,Walker2d-v4,3
667093,reward,5204,447.2398379497722,345.677,SF-P3O-v1,Walker2d-v4,3
667244,reward,5205,345.9263683457356,344.561,SF-P3O-v1,Walker2d-v4,3
667415,reward,5206,399.8444166232529,342.357,SF-P3O-v1,Walker2d-v4,3
667606,reward,5207,406.75198770115423,348.508,SF-P3O-v1,Walker2d-v4,3
667811,reward,5208,479.0936034345051,344.405,SF-P3O-v1,Walker2d-v4,3
667981,reward,5209,420.9289776761498,364.851,SF-P3O-v1,Walker2d-v4,3
668121,reward,5210,326.92551690698923,366.511,SF-P3O-v1,Walker2d-v4,3
668347,reward,5211,513.282737342345,386.986,SF-P3O-v1,Walker2d-v4,3
668448,reward,5212,245.1194667407546,386.873,SF-P3O-v1,Walker2d-v4,3
668556,reward,5213,203.70231246185338,378.882,SF-P3O-v1,Walker2d-v4,3
668721,reward,5214,387.9797832291822,372.956,SF-P3O-v1,Walker2d-v4,3
668871,reward,5215,379.7455422212955,376.337,SF-P3O-v1,Walker2d-v4,3
669025,reward,5216,380.94540329116336,374.448,SF-P3O-v1,Walker2d-v4,3
669165,reward,5217,308.1648705093013,364.589,SF-P3O-v1,Walker2d-v4,3
669335,reward,5218,436.4531279884713,360.325,SF-P3O-v1,Walker2d-v4,3
669497,reward,5219,414.2688463633292,359.659,SF-P3O-v1,Walker2d-v4,3
669633,reward,5220,343.57721986863356,361.324,SF-P3O-v1,Walker2d-v4,3
669766,reward,5221,354.5812317078232,345.454,SF-P3O-v1,Walker2d-v4,3
669887,reward,5222,274.78861352745633,348.421,SF-P3O-v1,Walker2d-v4,3
670000,speed,655.48,19.32,SF-P3O-v1,Walker2d-v4,3
670001,spectral,0.068587,0.952668,0.4686,SF-P3O-v1,Walker2d-v4,3
670077,reward,5223,449.6906584425812,373.02,SF-P3O-v1,Walker2d-v4,3
670167,reward,5224,202.34125133920259,354.456,SF-P3O-v1,Walker2d-v4,3
670280,reward,5225,287.28154850702,345.209,SF-P3O-v1,Walker2d-v4,3
670415,reward,5226,303.3163423905088,337.446,SF-P3O-v1,Walker2d-v4,3
670555,reward,5227,304.14794867554724,337.045,SF-P3O-v1,Walker2d-v4,3
670726,reward,5228,434.18616755231994,336.818,SF-P3O-v1,Walker2d-v4,3
670848,reward,5229,238.57969930553062,319.249,SF-P3O-v1,Walker2d-v4,3
671039,reward,5230,542.1696313998308,339.108,SF-P3O-v1,Walker2d-v4,3
671180,reward,5231,376.9761898075847,341.348,SF-P3O-v1,Walker2d-v4,3
671306,reward,5232,274.61865414522157,341.331,SF-P3O-v1,Walker2d-v4,3
671405,reward,5233,166.01468813103347,312.963,SF-P3O-v1,Walker2d-v4,3
671531,reward,5234,268.41134547384974,319.57,SF-P3O-v1,Walker2d-v4,3
671659,reward,5235,291.1339846001737,319.955,SF-P3O-v1,Walker2d-v4,3
671744,loss,-0.04596840217709541,0.5907090902328491,SF-P3O-v1,Walker2d-v4,3
671744,diagnostics,0.0,74.11,30.4688,0.068845,0.95264,0.4811,0.134234,SF-P3O-v1,Walker2d-v4,3
671795,reward,5236,286.7972765382858,318.304,SF-P3O-v1,Walker2d-v4,3
671950,reward,5237,357.4560565363075,323.634,SF-P3O-v1,Walker2d-v4,3
672082,reward,5238,316.4861868100545,311.864,SF-P3O-v1,Walker2d-v4,3
672196,reward,5239,265.3540154929348,314.542,SF-P3O-v1,Walker2d-v4,3
672348,reward,5240,385.5053359609282,298.875,SF-P3O-v1,Walker2d-v4,3
672509,reward,5241,397.4045028083839,300.918,SF-P3O-v1,Walker2d-v4,3
672757,reward,5242,492.29572249779915,322.686,SF-P3O-v1,Walker2d-v4,3
672942,reward,5243,479.2697102053687,354.011,SF-P3O-v1,Walker2d-v4,3
673080,reward,5244,338.41693633345494,361.012,SF-P3O-v1,Walker2d-v4,3
673220,reward,5245,286.57816739761864,360.556,SF-P3O-v1,Walker2d-v4,3
673345,reward,5246,281.9228748758029,360.069,SF-P3O-v1,Walker2d-v4,3
673503,reward,5247,398.27906221649897,364.151,SF-P3O-v1,Walker2d-v4,3
673682,reward,5248,442.2151134972277,376.724,SF-P3O-v1,Walker2d-v4,3
673829,reward,5249,348.5967055158222,385.048,SF-P3O-v1,Walker2d-v4,3
673969,reward,5250,370.4933276476668,383.547,SF-P3O-v1,Walker2d-v4,3
674092,reward,5251,315.3936735669603,375.346,SF-P3O-v1,Walker2d-v4,3
674252,reward,5252,433.7432184928124,369.491,SF-P3O-v1,Walker2d-v4,3
674382,reward,5253,329.68170141362793,354.532,SF-P3O-v1,Walker2d-v4,3
674569,reward,5254,439.7165234222979,364.662,SF-P3O-v1,Walker2d-v4,3
674651,reward,5255,140.31136270794394,350.035,SF-P3O-v1,Walker2d-v4,3
674805,reward,5256,319.57988642659444,353.801,SF-P3O-v1,Walker2d-v4,3
674976,reward,5257,415.97537826887196,355.571,SF-P3O-v1,Walker2d-v4,3
675112,reward,5258,336.67947205304085,345.017,SF-P3O-v1,Walker2d-v4,3
675283,reward,5259,405.416873172401,350.699,SF-P3O-v1,Walker2d-v4,3
675482,reward,5260,485.5478676556865,362.205,SF-P3O-v1,Walker2d-v4,3
675636,reward,5261,425.49349568518534,373.215,SF-P3O-v1,Walker2d-v4,3
675780,reward,5262,376.74546375804806,367.515,SF-P3O-v1,Walker2d-v4,3
675944,reward,5263,437.35111329202414,378.282,SF-P3O-v1,Walker2d-v4,3
676130,reward,5264,419.1387560607581,376.224,SF-P3O-v1,Walker2d-v4,3
676241,reward,5265,262.1912100634231,388.412,SF-P3O-v1,Walker2d-v4,3
676381,reward,5266,325.94951351232845,389.049,SF-P3O-v1,Walker2d-v4,3
676518,reward,5267,334.4635750531838,380.898,SF-P3O-v1,Walker2d-v4,3
676659,reward,5268,314.83555960568515,378.713,SF-P3O-v1,Walker2d-v4,3
676821,reward,5269,405.4914089534094,378.721,SF-P3O-v1,Walker2d-v4,3
676960,reward,5270,334.4846124615359,363.614,SF-P3O-v1,Walker2d-v4,3
677166,reward,5271,433.66232374369474,364.431,SF-P3O-v1,Walker2d-v4,3
677291,reward,5272,308.8340472412925,357.64,SF-P3O-v1,Walker2d-v4,3
677408,reward,5273,286.9118887953868,342.596,SF-P3O-v1,Walker2d-v4,3
677562,reward,5274,391.3468353571618,339.817,SF-P3O-v1,Walker2d-v4,3
677749,reward,5275,423.83767749081966,355.982,SF-P3O-v1,Walker2d-v4,3
677851,reward,5276,232.26247537141415,346.613,SF-P3O-v1,Walker2d-v4,3
677982,reward,5277,298.9751274115777,343.064,SF-P3O-v1,Walker2d-v4,3
678132,reward,5278,393.84714755288,350.965,SF-P3O-v1,Walker2d-v4,3
678229,reward,5279,224.42439057507897,332.859,SF-P3O-v1,Walker2d-v4,3
678385,reward,5280,432.7489428170399,342.685,SF-P3O-v1,Walker2d-v4,3
678538,reward,5281,389.8024198139466,338.299,SF-P3O-v1,Walker2d-v4,3
678688,reward,5282,375.34753875227375,344.95,SF-P3O-v1,Walker2d-v4,3
678819,reward,5283,266.65641739300173,342.925,SF-P3O-v1,Walker2d-v4,3
678973,reward,5284,367.4137605208183,340.532,SF-P3O-v1,Walker2d-v4,3
679110,reward,5285,356.632216928406,333.811,SF-P3O-v1,Walker2d-v4,3
679253,reward,5286,357.5171499566494,346.337,SF-P3O-v1,Walker2d-v4,3
679383,reward,5287,336.416000674234,350.081,SF-P3O-v1,Walker2d-v4,3
679529,reward,5288,315.07794933029146,342.204,SF-P3O-v1,Walker2d-v4,3
679664,reward,5289,353.13345726061567,355.075,SF-P3O-v1,Walker2d-v4,3
679752,reward,5290,159.51658379906542,327.751,SF-P3O-v1,Walker2d-v4,3
679869,reward,5291,299.5235332844294,318.723,SF-P3O-v1,Walker2d-v4,3
679936,loss,0.06755991280078888,0.8865824937820435,SF-P3O-v1,Walker2d-v4,3
680000,speed,464.29,19.68,SF-P3O-v1,Walker2d-v4,3
680001,spectral,0.069207,0.952632,0.4951,SF-P3O-v1,Walker2d-v4,3
680029,reward,5292,384.21626694143976,319.61,SF-P3O-v1,Walker2d-v4,3
680162,reward,5293,319.6593543266428,324.911,SF-P3O-v1,Walker2d-v4,3
680329,reward,5294,387.679394324765,326.937,SF-P3O-v1,Walker2d-v4,3
680455,reward,5295,313.7410424707198,322.648,SF-P3O-v1,Walker2d-v4,3
680605,reward,5296,378.220560730417,324.718,SF-P3O-v1,Walker2d-v4,3
680745,reward,5297,341.06039684545584,325.183,SF-P3O-v1,Walker2d-v4,3
680869,reward,5298,325.5691763860338,326.232,SF-P3O-v1,Walker2d-v4,3
681015,reward,5299,374.33831050335385,328.352,SF-P3O-v1,Walker2d-v4,3
681200,reward,5300,569.130550762867,369.314,SF-P3O-v1,Walker2d-v4,3
681332,reward,5301,323.2437535943697,371.686,SF-P3O-v1,Walker2d-v4,3
681472,reward,5302,382.7481836513836,371.539,SF-P3O-v1,Walker2d-v4,3
681604,reward,5303,339.6291495997092,373.536,SF-P3O-v1,Walker2d-v4,3
681791,reward,5304,449.1593299426874,379.684,SF-P3O-v1,Walker2d-v4,3
681940,reward,5305,363.0093175921437,384.611,SF-P3O-v1,Walker2d-v4,3
682055,reward,5306,258.1481765275299,372.604,SF-P3O-v1,Walker2d-v4,3
682201,reward,5307,380.43648634115993,376.541,SF-P3O-v1,Walker2d-v4,3
682402,reward,5308,429.5466793936361,386.939,SF-P3O-v1,Walker2d-v4,3
682583,reward,5309,395.42607020391716,389.048,SF-P3O-v1,Walker2d-v4,3
682762,reward,5310,406.2860943840538,372.763,SF-P3O-v1,Walker2d-v4,3
682914,reward,5311,389.3089757174667,379.37,SF-P3O-v1,Walker2d-v4,3
683048,reward,5312,343.6914660914815,375.464,SF-P3O-v1,Walker2d-v4,3
683146,reward,5313,216.5231048319672,363.154,SF-P3O-v1,Walker2d-v4,3
683264,reward,5314,299.97930859275573,348.236,SF-P3O-v1,Walker2d-v4,3
683397,reward,5315,305.6739586493107,342.502,SF-P3O-v1,Walker2d-v4,3
683560,reward,5316,349.96549736132675,351.684,SF-P3O-v1,Walker2d-v4,3
683740,reward,5317,406.8785557985702,354.328,SF-P3O-v1,Walker2d-v4,3
683850,reward,5318,226.9630074812173,334.07,SF-P3O-v1,Walker2d-v4,3
684006,reward,5319,427.7775050295453,337.305,SF-P3O-v1,Walker2d-v4,3
684146,reward,5320,371.02658420169604,333.779,SF-P3O-v1,Walker2d-v4,3
684296,reward,5321,283.6005975160331,323.208,SF-P3O-v1,Walker2d-v4,3
684432,reward,5322,304.10475563900735,319.249,SF-P3O-v1,Walker2d-v4,3
684575,reward,5323,321.09629072693986,329.707,SF-P3O-v1,Walker2d-v4,3
684768,reward,5324,446.7150556638765,344.38,SF-P3O-v1,Walker2d-v4,3
684953,reward,5325,499.28534976694476,363.741,SF-P3O-v1,Walker2d-v4,3
685112,reward,5326,434.1319641805665,372.158,SF-P3O-v1,Walker2d-v4,3
685249,reward,5327,331.9290534431097,364.663,SF-P3O-v1,Walker2d-v4,3
685420,reward,5328,365.7064538392399,378.537,SF-P3O-v1,Walker2d-v4,3
685604,reward,5329,433.55613299179606,379.115,SF-P3O-v1,Walker2d-v4,3
685733,reward,5330,302.892094263719,372.302,SF-P3O-v1,Walker2d-v4,3
685870,reward,5331,355.37729456331783,379.479,SF-P3O-v1,Walker2d-v4,3
686007,reward,5332,331.0629045866215,382.175,SF-P3O-v1,Walker2d-v4,3
686145,reward,5333,344.3883986436813,384.504,SF-P3O-v1,Walker2d-v4,3
686320,reward,5334,391.0407103635906,378.937,SF-P3O-v1,Walker2d-v4,3
686457,reward,5335,352.0866438282609,364.217,SF-P3O-v1,Walker2d-v4,3
686598,reward,5336,374.22436391657163,358.226,SF-P3O-v1,Walker2d-v4,3
686743,reward,5337,352.05866311880936,360.239,SF-P3O-v1,Walker2d-v4,3
686896,reward,5338,374.03574237918764,361.072,SF-P3O-v1,Walker2d-v4,3
687032,reward,5339,336.6866726130937,351.385,SF-P3O-v1,Walker2d-v4,3
687151,reward,5340,272.327494237957,348.329,SF-P3O-v1,Walker2d-v4,3
687285,reward,5341,338.9343433172169,346.685,SF-P3O-v1,Walker2d-v4,3
687460,reward,5342,450.58135977880534,358.636,SF-P3O-v1,Walker2d-v4,3
687590,reward,5343,322.96044605159085,356.494,SF-P3O-v1,Walker2d-v4,3
687807,reward,5344,570.086817311523,374.398,SF-P3O-v1,Walker2d-v4,3
687943,reward,5345,297.349844918505,368.925,SF-P3O-v1,Walker2d-v4,3
688070,reward,5346,286.2490071788181,360.127,SF-P3O-v1,Walker2d-v4,3
688128,loss,-0.06253790855407715,0.7341554760932922,SF-P3O-v1,Walker2d-v4,3
688128,diagnostics,0.0,74.4,36.4779,0.069442,0.952552,0.5067,0.12975,SF-P3O-v1,Walker2d-v4,3
688204,reward,5347,331.7018377735114,358.091,SF-P3O-v1,Walker2d-v4,3
688390,reward,5348,408.96762169475886,361.585,SF-P3O-v1,Walker2d-v4,3
688544,reward,5349,402.1415276901944,368.13,SF-P3O-v1,Walker2d-v4,3
688674,reward,5350,318.30272005307546,372.728,SF-P3O-v1,Walker2d-v4,3
688826,reward,5351,397.8850161081394,378.623,SF-P3O-v1,Walker2d-v4,3
688959,reward,5352,324.59770962177566,366.024,SF-P3O-v1,Walker2d-v4,3
689133,reward,5353,445.5692988030667,378.285,SF-P3O-v1,Walker2d-v4,3
689315,reward,5354,402.73242069920434,361.55,SF-P3O-v1,Walker2d-v4,3
689424,reward,5355,294.4579223857437,361.261,SF-P3O-v1,Walker2d-v4,3
689584,reward,5356,395.85300824599335,372.221,SF-P3O-v1,Walker2d-v4,3
689715,reward,5357,338.92204223504086,372.943,SF-P3O-v1,Walker2d-v4,3
689859,reward,5358,328.4751821386719,364.894,SF-P3O-v1,Walker2d-v4,3
689983,reward,5359,294.1121270421914,354.091,SF-P3O-v1,Walker2d-v4,3
690000,speed,717.15,19.91,SF-P3O-v1,Walker2d-v4,3
690001,spectral,0.069442,0.952552,0.5067,SF-P3O-v1,Walker2d-v4,3
690143,reward,5360,399.7718206836773,362.238,SF-P3O-v1,Walker2d-v4,3
690306,reward,5361,413.3975174226441,363.789,SF-P3O-v1,Walker2d-v4,3
690464,reward,5362,448.80015045816174,376.209,SF-P3O-v1,Walker2d-v4,3
690613,reward,5363,390.11716155625294,370.664,SF-P3O-v1,Walker2d-v4,3
690711,reward,5364,196.1247296983631,350.003,SF-P3O-v1,Walker2d-v4,3
690835,reward,5365,259.83278159198983,346.541,SF-P3O-v1,Walker2d-v4,3
691022,reward,5366,438.70644854190977,350.826,SF-P3O-v1,Walker2d-v4,3
691172,reward,5367,417.67214351384223,358.701,SF-P3O-v1,Walker2d-v4,3
691324,reward,5368,407.18205112853025,366.572,SF-P3O-v1,Walker2d-v4,3
691476,reward,5369,377.70346386581923,374.931,SF-P3O-v1,Walker2d-v4,3
691609,reward,5370,282.4513594867337,363.199,SF-P3O-v1,Walker2d-v4,3
691740,reward,5371,299.7120830402786,351.83,SF-P3O-v1,Walker2d-v4,3
691926,reward,5372,442.8043945085924,351.231,SF-P3O-v1,Walker2d-v4,3
691997,reward,5373,128.83614243329546,325.103,SF-P3O-v1,Walker2d-v4,3
692132,reward,5374,302.7879156976337,335.769,SF-P3O-v1,Walker2d-v4,3
692254,reward,5375,290.5373202689232,338.839,SF-P3O-v1,Walker2d-v4,3
692392,reward,5376,358.7679040157797,330.845,SF-P3O-v1,Walker2d-v4,3
692495,reward,5377,218.6540183103754,310.944,SF-P3O-v1,Walker2d-v4,3
692634,reward,5378,340.40936314686417,304.266,SF-P3O-v1,Walker2d-v4,3
692762,reward,5379,307.4978575078651,297.246,SF-P3O-v1,Walker2d-v4,3
692929,reward,5380,365.21799042756965,305.522,SF-P3O-v1,Walker2d-v4,3
693137,reward,5381,592.4333204479991,334.795,SF-P3O-v1,Walker2d-v4,3
693276,reward,5382,345.3253200458041,325.047,SF-P3O-v1,Walker2d-v4,3
693456,reward,5383,419.3595399754911,354.099,SF-P3O-v1,Walker2d-v4,3
693582,reward,5384,324.18289842957097,356.239,SF-P3O-v1,Walker2d-v4,3
693756,reward,5385,419.17533273134336,369.102,SF-P3O-v1,Walker2d-v4,3
693936,reward,5386,521.0915309689533,385.335,SF-P3O-v1,Walker2d-v4,3
694049,reward,5387,249.2013276405915,388.389,SF-P3O-v1,Walker2d-v4,3
694172,reward,5388,312.0399151109441,385.553,SF-P3O-v1,Walker2d-v4,3
694337,reward,5389,414.0569463072694,396.208,SF-P3O-v1,Walker2d-v4,3
694475,reward,5390,349.2089651471803,394.608,SF-P3O-v1,Walker2d-v4,3
694623,reward,5391,376.9215549284634,373.056,SF-P3O-v1,Walker2d-v4,3
694830,reward,5392,543.389804557157,392.863,SF-P3O-v1,Walker2d-v4,3
694966,reward,5393,340.7017771013853,384.997,SF-P3O-v1,Walker2d-v4,3
695098,reward,5394,337.3002836816747,386.309,SF-P3O-v1,Walker2d-v4,3
695252,reward,5395,410.69388850254046,385.461,SF-P3O-v1,Walker2d-v4,3
695453,reward,5396,470.9247746768506,380.444,SF-P3O-v1,Walker2d-v4,3
695586,reward,5397,316.9651582373556,387.22,SF-P3O-v1,Walker2d-v4,3
695750,reward,5398,364.94947406816647,392.511,SF-P3O-v1,Walker2d-v4,3
695902,reward,5399,380.7623260826441,389.182,SF-P3O-v1,Walker2d-v4,3
696018,reward,5400,272.80372870536723,381.541,SF-P3O-v1,Walker2d-v4,3
696202,reward,5401,434.355622673494,387.285,SF-P3O-v1,Walker2d-v4,3
696320,loss,0.03980443626642227,0.6738494038581848,SF-P3O-v1,Walker2d-v4,3
696352,reward,5402,359.51866589583403,368.898,SF-P3O-v1,Walker2d-v4,3
696516,reward,5403,372.5194676411521,372.079,SF-P3O-v1,Walker2d-v4,3
696674,reward,5404,383.290769555525,376.678,SF-P3O-v1,Walker2d-v4,3
696746,reward,5405,139.00238800355825,349.509,SF-P3O-v1,Walker2d-v4,3
696881,reward,5406,331.08497513646466,335.525,SF-P3O-v1,Walker2d-v4,3
697051,reward,5407,394.73103161599226,343.302,SF-P3O-v1,Walker2d-v4,3
697199,reward,5408,405.96922587134077,347.404,SF-P3O-v1,Walker2d-v4,3
697351,reward,5409,386.1800441217927,347.946,SF-P3O-v1,Walker2d-v4,3
697507,reward,5410,430.8573490471164,363.751,SF-P3O-v1,Walker2d-v4,3
697578,reward,5411,139.28487927845669,334.244,SF-P3O-v1,Walker2d-v4,3
697700,reward,5412,293.60856311981564,327.653,SF-P3O-v1,Walker2d-v4,3
697860,reward,5413,414.59966198855955,331.861,SF-P3O-v1,Walker2d-v4,3
698018,reward,5414,412.04708146832013,334.737,SF-P3O-v1,Walker2d-v4,3
698144,reward,5415,328.74965551040935,353.711,SF-P3O-v1,Walker2d-v4,3
698319,reward,5416,470.2017210963919,367.623,SF-P3O-v1,Walker2d-v4,3
698454,reward,5417,323.4543585436142,360.495,SF-P3O-v1,Walker2d-v4,3
698606,reward,5418,393.9197211069837,359.29,SF-P3O-v1,Walker2d-v4,3
698741,reward,5419,379.3029156094067,358.603,SF-P3O-v1,Walker2d-v4,3
698854,reward,5420,271.4021524018682,342.657,SF-P3O-v1,Walker2d-v4,3
698981,reward,5421,306.9123156004087,359.42,SF-P3O-v1,Walker2d-v4,3
699095,reward,5422,245.34450074565612,354.593,SF-P3O-v1,Walker2d-v4,3
699244,reward,5423,349.4476165517244,348.078,SF-P3O-v1,Walker2d-v4,3
699365,reward,5424,307.57469995160017,337.631,SF-P3O-v1,Walker2d-v4,3
699509,reward,5425,354.68426896836405,340.224,SF-P3O-v1,Walker2d-v4,3
699671,reward,5426,365.27159311911765,329.731,SF-P3O-v1,Walker2d-v4,3
699747,reward,5427,135.34003559737977,310.92,SF-P3O-v1,Walker2d-v4,3
699918,reward,5428,397.4210644075431,311.27,SF-P3O-v1,Walker2d-v4,3
700000,speed,717.53,20.14,SF-P3O-v1,Walker2d-v4,3
700001,spectral,0.069628,0.952544,0.4983,SF-P3O-v1,Walker2d-v4,3
700047,reward,5429,341.6249931381792,307.502,SF-P3O-v1,Walker2d-v4,3
700194,reward,5430,362.593788381384,316.621,SF-P3O-v1,Walker2d-v4,3
700321,reward,5431,316.9944785807632,317.63,SF-P3O-v1,Walker2d-v4,3
700464,reward,5432,373.64807283557724,330.46,SF-P3O-v1,Walker2d-v4,3
700544,reward,5433,157.104834469668,311.226,SF-P3O-v1,Walker2d-v4,3
700678,reward,5434,336.3699848768269,314.105,SF-P3O-v1,Walker2d-v4,3
700838,reward,5435,392.7757124743019,317.914,SF-P3O-v1,Walker2d-v4,3
701024,reward,5436,545.116741267723,335.899,SF-P3O-v1,Walker2d-v4,3
701176,reward,5437,337.1509801653401,356.08,SF-P3O-v1,Walker2d-v4,3
701301,reward,5438,219.5856059143829,338.297,SF-P3O-v1,Walker2d-v4,3
701455,reward,5439,390.64834811002135,343.199,SF-P3O-v1,Walker2d-v4,3
701599,reward,5440,348.37392668435734,341.777,SF-P3O-v1,Walker2d-v4,3
701797,reward,5441,491.5077020792676,359.228,SF-P3O-v1,Walker2d-v4,3
701941,reward,5442,362.3449081659136,358.098,SF-P3O-v1,Walker2d-v4,3
702068,reward,5443,324.16717698441806,374.804,SF-P3O-v1,Walker2d-v4,3
702162,reward,5444,203.7661187721605,361.544,SF-P3O-v1,Walker2d-v4,3
702366,reward,5445,565.061712098579,378.772,SF-P3O-v1,Walker2d-v4,3
702483,reward,5446,259.8135613014968,350.242,SF-P3O-v1,Walker2d-v4,3
702553,reward,5447,115.92391143677229,328.119,SF-P3O-v1,Walker2d-v4,3
702712,reward,5448,371.8794276831427,343.349,SF-P3O-v1,Walker2d-v4,3
702859,reward,5449,337.76089814883,338.06,SF-P3O-v1,Walker2d-v4,3
702966,reward,5450,255.8439996876559,328.807,SF-P3O-v1,Walker2d-v4,3
703062,reward,5451,228.89946407846966,302.546,SF-P3O-v1,Walker2d-v4,3
703205,reward,5452,372.7419217767635,303.586,SF-P3O-v1,Walker2d-v4,3
703334,reward,5453,347.51075037182875,305.92,SF-P3O-v1,Walker2d-v4,3
703531,reward,5454,505.72196480643873,336.116,SF-P3O-v1,Walker2d-v4,3
703638,reward,5455,252.01638288913628,304.811,SF-P3O-v1,Walker2d-v4,3
703730,reward,5456,205.38161688743045,299.368,SF-P3O-v1,Walker2d-v4,3
703865,reward,5457,346.51103221706194,322.427,SF-P3O-v1,Walker2d-v4,3
703978,reward,5458,275.0475128850497,312.744,SF-P3O-v1,Walker2d-v4,3
704135,reward,5459,425.9176260211053,321.559,SF-P3O-v1,Walker2d-v4,3
704258,reward,5460,295.9424004078625,325.569,SF-P3O-v1,Walker2d-v4,3
704392,reward,5461,359.6039655212282,338.64,SF-P3O-v1,Walker2d-v4,3
704512,loss,-0.05339977517724037,0.6848448514938354,SF-P3O-v1,Walker2d-v4,3
704512,diagnostics,0.0,74.63,57.1638,0.069838,0.952616,0.5087,0.125206,SF-P3O-v1,Walker2d-v4,3
704547,reward,5462,407.86203640509524,342.152,SF-P3O-v1,Walker2d-v4,3
704697,reward,5463,395.7650738393242,346.977,SF-P3O-v1,Walker2d-v4,3
704858,reward,5464,399.20212084468045,336.325,SF-P3O-v1,Walker2d-v4,3
704985,reward,5465,335.347318272984,344.658,SF-P3O-v1,Walker2d-v4,3
705096,reward,5466,283.2304005457734,352.443,SF-P3O-v1,Walker2d-v4,3
705287,reward,5467,415.47592803410566,359.339,SF-P3O-v1,Walker2d-v4,3
705403,reward,5468,286.13876222933607,360.449,SF-P3O-v1,Walker2d-v4,3
705541,reward,5469,336.9536851820722,351.552,SF-P3O-v1,Walker2d-v4,3
705733,reward,5470,528.1962382429584,374.778,SF-P3O-v1,Walker2d-v4,3
705835,reward,5471,232.9616047804607,362.113,SF-P3O-v1,Walker2d-v4,3
705953,reward,5472,286.41307739714244,349.968,SF-P3O-v1,Walker2d-v4,3
706075,reward,5473,270.1156173945674,337.403,SF-P3O-v1,Walker2d-v4,3
706241,reward,5474,435.1214531831678,340.995,SF-P3O-v1,Walker2d-v4,3
706432,reward,5475,493.0562121073856,356.766,SF-P3O-v1,Walker2d-v4,3
706579,reward,5476,384.61265930450685,366.905,SF-P3O-v1,Walker2d-v4,3
706683,reward,5477,255.28213230852344,350.885,SF-P3O-v1,Walker2d-v4,3
706834,reward,5478,372.4849495042511,359.52,SF-P3O-v1,Walker2d-v4,3
706935,reward,5479,236.94537779026157,349.519,SF-P3O-v1,Walker2d-v4,3
707001,reward,5480,114.3315964128559,308.132,SF-P3O-v1,Walker2d-v4,3
707154,reward,5481,439.76817322153113,328.813,SF-P3O-v1,Walker2d-v4,3
707318,reward,5482,411.4767802422059,341.319,SF-P3O-v1,Walker2d-v4,3
707488,reward,5483,420.2728173701332,356.335,SF-P3O-v1,Walker2d-v4,3
707591,reward,5484,223.76734110512515,335.2,SF-P3O-v1,Walker2d-v4,3
707656,reward,5485,103.01256485813954,296.195,SF-P3O-v1,Walker2d-v4,3
707784,reward,5486,304.73257895772997,288.207,SF-P3O-v1,Walker2d-v4,3
707915,reward,5487,314.94605461333737,294.174,SF-P3O-v1,Walker2d-v4,3
708073,reward,5488,418.86857846955814,298.812,SF-P3O-v1,Walker2d-v4,3
708193,reward,5489,318.05931949783366,306.924,SF-P3O-v1,Walker2d-v4,3
708308,reward,5490,256.5747773496719,321.148,SF-P3O-v1,Walker2d-v4,3
708478,reward,5491,451.0456313650897,322.276,SF-P3O-v1,Walker2d-v4,3
708602,reward,5492,316.0093658205884,312.729,SF-P3O-v1,Walker2d-v4,3
708772,reward,5493,479.3489346899713,318.637,SF-P3O-v1,Walker2d-v4,3
708941,reward,5494,384.9944081423077,334.759,SF-P3O-v1,Walker2d-v4,3
709112,reward,5495,429.7921202122372,367.437,SF-P3O-v1,Walker2d-v4,3
709261,reward,5496,375.56496938693704,374.52,SF-P3O-v1,Walker2d-v4,3
709423,reward,5497,390.79075832441447,382.105,SF-P3O-v1,Walker2d-v4,3
709549,reward,5498,310.59911114067796,371.278,SF-P3O-v1,Walker2d-v4,3
709717,reward,5499,450.2316068618628,384.495,SF-P3O-v1,Walker2d-v4,3
709776,reward,5500,91.33343441853383,367.971,SF-P3O-v1,Walker2d-v4,3
709924,reward,5501,366.96980662852917,359.563,SF-P3O-v1,Walker2d-v4,3
710000,speed,713.86,20.38,SF-P3O-v1,Walker2d-v4,3
710001,perturb,0.069838,0.952616,0.5087,23802,44044,0.466938,7,SF-P3O-v1,Walker2d-v4,3
710059,reward,5502,338.7624665551752,361.839,SF-P3O-v1,Walker2d-v4,3
710220,reward,5503,405.0181561537115,354.406,SF-P3O-v1,Walker2d-v4,3
710383,reward,5504,430.333216557487,358.94,SF-P3O-v1,Walker2d-v4,3
710561,reward,5505,444.8919413724757,360.45,SF-P3O-v1,Walker2d-v4,3
710721,reward,5506,411.1862267486321,364.012,SF-P3O-v1,Walker2d-v4,3
710875,reward,5507,393.8660191210866,364.319,SF-P3O-v1,Walker2d-v4,3
710991,reward,5508,260.5747914547536,359.317,SF-P3O-v1,Walker2d-v4,3
711123,reward,5509,353.2904713856891,349.623,SF-P3O-v1,Walker2d-v4,3
711250,reward,5510,321.17375057721756,372.607,SF-P3O-v1,Walker2d-v4,3
711379,reward,5511,319.98141107266196,367.908,SF-P3O-v1,Walker2d-v4,3
711487,reward,5512,242.0781506200887,358.239,SF-P3O-v1,Walker2d-v4,3
711605,reward,5513,261.34657224890566,343.872,SF-P3O-v1,Walker2d-v4,3
711729,reward,5514,296.96811945969444,330.536,SF-P3O-v1,Walker2d-v4,3
711900,reward,5515,521.8945521424043,338.236,SF-P3O-v1,Walker2d-v4,3
712045,reward,5516,378.0730077381458,334.925,SF-P3O-v1,Walker2d-v4,3
712178,reward,5517,292.70852491504746,324.809,SF-P3O-v1,Walker2d-v4,3
712266,reward,5518,172.9969098545409,316.051,SF-P3O-v1,Walker2d-v4,3
712442,reward,5519,451.9652787386913,325.919,SF-P3O-v1,Walker2d-v4,3
712606,reward,5520,433.9678767430408,337.198,SF-P3O-v1,Walker2d-v4,3
712704,loss,-0.009344609454274178,0.6745820641517639,SF-P3O-v1,Walker2d-v4,3
712799,reward,5521,514.4581176247619,356.646,SF-P3O-v1,Walker2d-v4,3
712957,reward,5522,378.084609257612,370.246,SF-P3O-v1,Walker2d-v4,3
713114,reward,5523,44.06064838879662,348.518,SF-P3O-v1,Walker2d-v4,3
713268,reward,5524,422.1087363216567,361.032,SF-P3O-v1,Walker2d-v4,3
713431,reward,5525,403.44196584229053,349.187,SF-P3O-v1,Walker2d-v4,3
713646,reward,5526,425.3306097235086,353.912,SF-P3O-v1,Walker2d-v4,3
713820,reward,5527,456.52093018845534,370.294,SF-P3O-v1,Walker2d-v4,3
713924,reward,5528,231.03035444549099,376.097,SF-P3O-v1,Walker2d-v4,3
714103,reward,5529,478.3129706151477,378.732,SF-P3O-v1,Walker2d-v4,3
714276,reward,5530,452.0492191961537,380.54,SF-P3O-v1,Walker2d-v4,3
714477,reward,5531,564.1085404940221,385.505,SF-P3O-v1,Walker2d-v4,3
714642,reward,5532,425.7966867643565,390.276,SF-P3O-v1,Walker2d-v4,3
714778,reward,5533,245.0337002458358,410.373,SF-P3O-v1,Walker2d-v4,3
714922,reward,5534,347.62768920068123,402.925,SF-P3O-v1,Walker2d-v4,3
715076,reward,5535,332.579159923674,395.839,SF-P3O-v1,Walker2d-v4,3
715199,reward,5536,296.68481871253414,382.974,SF-P3O-v1,Walker2d-v4,3
715284,reward,5537,178.38470792157742,355.161,SF-P3O-v1,Walker2d-v4,3
715411,reward,5538,313.43643411178954,363.401,SF-P3O-v1,Walker2d-v4,3
715536,reward,5539,289.208534794714,344.491,SF-P3O-v1,Walker2d-v4,3
715657,reward,5540,260.4259274606009,325.329,SF-P3O-v1,Walker2d-v4,3
715736,reward,5541,140.29628672484802,282.947,SF-P3O-v1,Walker2d-v4,3
715949,reward,5542,510.48782038069027,291.417,SF-P3O-v1,Walker2d-v4,3
716127,reward,5543,431.9933982582801,310.112,SF-P3O-v1,Walker2d-v4,3
716301,reward,5544,453.54548364472754,320.704,SF-P3O-v1,Walker2d-v4,3
716468,reward,5545,427.90922118564555,330.237,SF-P3O-v1,Walker2d-v4,3
716669,reward,5546,419.258601007321,342.495,SF-P3O-v1,Walker2d-v4,3
716823,reward,5547,382.00822922651514,362.857,SF-P3O-v1,Walker2d-v4,3
717038,reward,5548,519.5788936146186,383.471,SF-P3O-v1,Walker2d-v4,3
717197,reward,5549,308.1369235444627,385.364,SF-P3O-v1,Walker2d-v4,3
717367,reward,5550,313.04330884871064,390.626,SF-P3O-v1,Walker2d-v4,3
717527,reward,5551,344.3315508773908,411.029,SF-P3O-v1,Walker2d-v4,3
717694,reward,5552,400.55975153636683,400.037,SF-P3O-v1,Walker2d-v4,3
717849,reward,5553,412.5557735508469,398.093,SF-P3O-v1,Walker2d-v4,3
718002,reward,5554,391.95540050868686,391.934,SF-P3O-v1,Walker2d-v4,3
718135,reward,5555,327.331085125601,381.876,SF-P3O-v1,Walker2d-v4,3
718242,reward,5556,244.29244317686778,364.379,SF-P3O-v1,Walker2d-v4,3
718340,reward,5557,209.67667433268014,347.146,SF-P3O-v1,Walker2d-v4,3
718485,reward,5558,402.83604082451166,335.472,SF-P3O-v1,Walker2d-v4,3
718608,reward,5559,279.10903355751003,332.569,SF-P3O-v1,Walker2d-v4,3
718766,reward,5560,405.99162364214123,341.864,SF-P3O-v1,Walker2d-v4,3
718861,reward,5561,199.3283524618625,327.364,SF-P3O-v1,Walker2d-v4,3
718989,reward,5562,329.8427827066286,320.292,SF-P3O-v1,Walker2d-v4,3
719113,reward,5563,249.6174794879234,303.998,SF-P3O-v1,Walker2d-v4,3
719267,reward,5564,420.8670299978537,306.889,SF-P3O-v1,Walker2d-v4,3
719403,reward,5565,344.3262477744761,308.589,SF-P3O-v1,Walker2d-v4,3
719496,reward,5566,205.8639116007048,304.746,SF-P3O-v1,Walker2d-v4,3
719626,reward,5567,327.58092554960837,316.536,SF-P3O-v1,Walker2d-v4,3
719800,reward,5568,409.0512056524871,317.158,SF-P3O-v1,Walker2d-v4,3
719940,reward,5569,370.27943315828804,326.275,SF-P3O-v1,Walker2d-v4,3
720000,speed,728.22,20.6,SF-P3O-v1,Walker2d-v4,3
720001,spectral,0.071376,0.951962,0.4978,SF-P3O-v1,Walker2d-v4,3
720055,reward,5570,283.94863276392243,314.071,SF-P3O-v1,Walker2d-v4,3
720255,reward,5571,451.33002387838746,339.271,SF-P3O-v1,Walker2d-v4,3
720440,reward,5572,436.51788959623485,349.938,SF-P3O-v1,Walker2d-v4,3
720614,reward,5573,415.5829243724397,366.535,SF-P3O-v1,Walker2d-v4,3
720692,reward,5574,162.90990756434502,340.739,SF-P3O-v1,Walker2d-v4,3
720849,reward,5575,393.41709645931473,345.648,SF-P3O-v1,Walker2d-v4,3
720896,loss,-0.1394275426864624,0.6328696012496948,SF-P3O-v1,Walker2d-v4,3
720896,diagnostics,0.0,76.8,54.5785,0.071803,0.952045,0.5103,0.135923,SF-P3O-v1,Walker2d-v4,3
721008,reward,5576,411.55624909960864,366.217,SF-P3O-v1,Walker2d-v4,3
721159,reward,5577,366.8430952577857,370.144,SF-P3O-v1,Walker2d-v4,3
721286,reward,5578,356.9992819312887,364.938,SF-P3O-v1,Walker2d-v4,3
721403,reward,5579,306.72116416991094,358.583,SF-P3O-v1,Walker2d-v4,3
721516,reward,5580,272.50055687994745,357.438,SF-P3O-v1,Walker2d-v4,3
721658,reward,5581,343.8856370838708,346.693,SF-P3O-v1,Walker2d-v4,3
721781,reward,5582,302.5344666869836,333.295,SF-P3O-v1,Walker2d-v4,3
721895,reward,5583,229.09954893103,314.647,SF-P3O-v1,Walker2d-v4,3
722086,reward,5584,516.649802286627,350.021,SF-P3O-v1,Walker2d-v4,3
722217,reward,5585,343.2414939971849,345.003,SF-P3O-v1,Walker2d-v4,3
722354,reward,5586,322.68261669798216,336.116,SF-P3O-v1,Walker2d-v4,3
722520,reward,5587,446.4291404283825,344.074,SF-P3O-v1,Walker2d-v4,3
722736,reward,5588,467.15583638306987,355.09,SF-P3O-v1,Walker2d-v4,3
722891,reward,5589,373.7480351757202,361.793,SF-P3O-v1,Walker2d-v4,3
723031,reward,5590,268.59987820476516,361.403,SF-P3O-v1,Walker2d-v4,3
723198,reward,5591,432.81093413135886,370.295,SF-P3O-v1,Walker2d-v4,3
723354,reward,5592,391.247500595648,379.166,SF-P3O-v1,Walker2d-v4,3
723514,reward,5593,425.01347213781577,398.758,SF-P3O-v1,Walker2d-v4,3
723643,reward,5594,328.1856255884264,379.911,SF-P3O-v1,Walker2d-v4,3
723712,reward,5595,124.30533905884809,358.018,SF-P3O-v1,Walker2d-v4,3
723870,reward,5596,448.4615731889405,370.596,SF-P3O-v1,Walker2d-v4,3
724016,reward,5597,385.8383616608787,364.537,SF-P3O-v1,Walker2d-v4,3
724150,reward,5598,310.06120905661356,348.827,SF-P3O-v1,Walker2d-v4,3
724286,reward,5599,313.77368594278636,342.83,SF-P3O-v1,Walker2d-v4,3
724417,reward,5600,323.68254093723516,348.338,SF-P3O-v1,Walker2d-v4,3
724510,reward,5601,194.91551930889528,324.548,SF-P3O-v1,Walker2d-v4,3
724658,reward,5602,388.3289468705064,324.257,SF-P3O-v1,Walker2d-v4,3
724796,reward,5603,340.65602131444314,315.821,SF-P3O-v1,Walker2d-v4,3
724915,reward,5604,299.43613183899515,312.946,SF-P3O-v1,Walker2d-v4,3
725033,reward,5605,299.04868527858,330.42,SF-P3O-v1,Walker2d-v4,3
725134,reward,5606,208.68791508619617,306.443,SF-P3O-v1,Walker2d-v4,3
725215,reward,5607,168.73322381473562,284.732,SF-P3O-v1,Walker2d-v4,3
725362,reward,5608,394.35718606551717,293.162,SF-P3O-v1,Walker2d-v4,3
725514,reward,5609,431.5098163648243,304.936,SF-P3O-v1,Walker2d-v4,3
725670,reward,5610,376.8559235835418,310.253,SF-P3O-v1,Walker2d-v4,3
725809,reward,5611,331.76854507526673,323.938,SF-P3O-v1,Walker2d-v4,3
726005,reward,5612,432.48824155996004,328.354,SF-P3O-v1,Walker2d-v4,3
726109,reward,5613,223.7687258310245,316.665,SF-P3O-v1,Walker2d-v4,3
726240,reward,5614,358.7726716410538,322.599,SF-P3O-v1,Walker2d-v4,3
726369,reward,5615,279.67690375313185,320.662,SF-P3O-v1,Walker2d-v4,3
726529,reward,5616,465.7380792757348,346.367,SF-P3O-v1,Walker2d-v4,3
726649,reward,5617,303.08972280684435,359.803,SF-P3O-v1,Walker2d-v4,3
726850,reward,5618,503.6834652016373,370.735,SF-P3O-v1,Walker2d-v4,3
726992,reward,5619,318.55605931944785,359.44,SF-P3O-v1,Walker2d-v4,3
727110,reward,5620,268.6971366420845,348.624,SF-P3O-v1,Walker2d-v4,3
727238,reward,5621,280.71459935627985,343.519,SF-P3O-v1,Walker2d-v4,3
727360,reward,5622,332.61621775585866,333.531,SF-P3O-v1,Walker2d-v4,3
727529,reward,5623,437.15443561594856,354.87,SF-P3O-v1,Walker2d-v4,3
727684,reward,5624,375.37662106348125,356.53,SF-P3O-v1,Walker2d-v4,3
727850,reward,5625,439.1418314880828,372.477,SF-P3O-v1,Walker2d-v4,3
728042,reward,5626,441.9305595233236,370.096,SF-P3O-v1,Walker2d-v4,3
728245,reward,5627,505.0252907877805,390.29,SF-P3O-v1,Walker2d-v4,3
728428,reward,5628,455.07385051823013,385.429,SF-P3O-v1,Walker2d-v4,3
728530,reward,5629,217.80723846363918,375.354,SF-P3O-v1,Walker2d-v4,3
728610,reward,5630,157.7218999540748,364.256,SF-P3O-v1,Walker2d-v4,3
728783,reward,5631,498.66911085026635,386.052,SF-P3O-v1,Walker2d-v4,3
728935,reward,5632,361.8865165434559,388.979,SF-P3O-v1,Walker2d-v4,3
729088,loss,-0.15513914823532104,0.7066376805305481,SF-P3O-v1,Walker2d-v4,3
729110,reward,5633,432.8308196434804,388.546,SF-P3O-v1,Walker2d-v4,3
729257,reward,5634,384.0894517455142,389.418,SF-P3O-v1,Walker2d-v4,3
729370,reward,5635,245.61003352301265,370.064,SF-P3O-v1,Walker2d-v4,3
729519,reward,5636,390.36264121543326,364.908,SF-P3O-v1,Walker2d-v4,3
729728,reward,5637,434.3479537598023,357.84,SF-P3O-v1,Walker2d-v4,3
729926,reward,5638,554.1713468257,367.75,SF-P3O-v1,Walker2d-v4,3
730000,speed,500.2,20.94,SF-P3O-v1,Walker2d-v4,3
730001,spectral,0.07198,0.951978,0.5007,SF-P3O-v1,Walker2d-v4,3
730086,reward,5639,446.13960829743957,390.583,SF-P3O-v1,Walker2d-v4,3
730162,reward,5640,164.82163766486093,391.293,SF-P3O-v1,Walker2d-v4,3
730324,reward,5641,423.85717504590303,383.812,SF-P3O-v1,Walker2d-v4,3
730392,reward,5642,103.42491625809835,357.966,SF-P3O-v1,Walker2d-v4,3
730535,reward,5643,352.8487912215914,349.967,SF-P3O-v1,Walker2d-v4,3
730682,reward,5644,405.89191035590386,352.148,SF-P3O-v1,Walker2d-v4,3
730808,reward,5645,293.6800958266149,356.955,SF-P3O-v1,Walker2d-v4,3
730952,reward,5646,362.9195237236643,354.21,SF-P3O-v1,Walker2d-v4,3
731150,reward,5647,480.40669530575366,358.816,SF-P3O-v1,Walker2d-v4,3
731346,reward,5648,497.7262435334793,353.172,SF-P3O-v1,Walker2d-v4,3
731434,reward,5649,178.13521600318722,326.371,SF-P3O-v1,Walker2d-v4,3
731608,reward,5650,392.869806610277,349.176,SF-P3O-v1,Walker2d-v4,3
731752,reward,5651,325.0184482789285,339.292,SF-P3O-v1,Walker2d-v4,3
731938,reward,5652,435.35229618006343,372.485,SF-P3O-v1,Walker2d-v4,3
732086,reward,5653,339.8611308790604,371.186,SF-P3O-v1,Walker2d-v4,3
732219,reward,5654,338.4673117332964,364.444,SF-P3O-v1,Walker2d-v4,3
732344,reward,5655,342.02643468587223,369.278,SF-P3O-v1,Walker2d-v4,3
732486,reward,5656,370.3313842957767,370.019,SF-P3O-v1,Walker2d-v4,3
732591,reward,5657,212.99883818408566,343.279,SF-P3O-v1,Walker2d-v4,3
732748,reward,5658,401.6833215686559,333.674,SF-P3O-v1,Walker2d-v4,3
732963,reward,5659,498.0042634666171,365.661,SF-P3O-v1,Walker2d-v4,3
733139,reward,5660,441.4339475441494,370.518,SF-P3O-v1,Walker2d-v4,3
733295,reward,5661,369.59645481419517,374.976,SF-P3O-v1,Walker2d-v4,3
733430,reward,5662,302.2639539744012,361.667,SF-P3O-v1,Walker2d-v4,3
733563,reward,5663,356.41558353413706,363.322,SF-P3O-v1,Walker2d-v4,3
733708,reward,5664,392.6875387313432,368.744,SF-P3O-v1,Walker2d-v4,3
733873,reward,5665,471.7492840899484,381.716,SF-P3O-v1,Walker2d-v4,3
734014,reward,5666,350.8956597929943,379.773,SF-P3O-v1,Walker2d-v4,3
734130,reward,5667,288.65340304030127,387.338,SF-P3O-v1,Walker2d-v4,3
734289,reward,5668,414.9281428564262,388.663,SF-P3O-v1,Walker2d-v4,3
734466,reward,5669,449.4804680029978,383.81,SF-P3O-v1,Walker2d-v4,3
734637,reward,5670,460.56558292734417,385.724,SF-P3O-v1,Walker2d-v4,3
734809,reward,5671,380.7035410354304,386.834,SF-P3O-v1,Walker2d-v4,3
734958,reward,5672,382.49880876814944,394.858,SF-P3O-v1,Walker2d-v4,3
735143,reward,5673,422.8602994477736,401.502,SF-P3O-v1,Walker2d-v4,3
735272,reward,5674,336.60921166794907,395.894,SF-P3O-v1,Walker2d-v4,3
735461,reward,5675,430.85234838558387,391.805,SF-P3O-v1,Walker2d-v4,3
735598,reward,5676,336.09763338076357,390.325,SF-P3O-v1,Walker2d-v4,3
735721,reward,5677,322.18405970467995,393.678,SF-P3O-v1,Walker2d-v4,3
735908,reward,5678,449.5353231343191,397.139,SF-P3O-v1,Walker2d-v4,3
736053,reward,5679,356.7999294075727,387.871,SF-P3O-v1,Walker2d-v4,3
736216,reward,5680,388.1526223647591,380.629,SF-P3O-v1,Walker2d-v4,3
736337,reward,5681,285.51920579537483,371.111,SF-P3O-v1,Walker2d-v4,3
736491,reward,5682,400.65009620531816,372.926,SF-P3O-v1,Walker2d-v4,3
736611,reward,5683,272.77409349572514,357.917,SF-P3O-v1,Walker2d-v4,3
736708,reward,5684,217.94799354924487,346.051,SF-P3O-v1,Walker2d-v4,3
736826,reward,5685,289.03616976643593,331.87,SF-P3O-v1,Walker2d-v4,3
737005,reward,5686,426.8459540079825,340.945,SF-P3O-v1,Walker2d-v4,3
737140,reward,5687,343.7750181994734,343.104,SF-P3O-v1,Walker2d-v4,3
737280,loss,-0.0599924698472023,0.878313422203064,SF-P3O-v1,Walker2d-v4,3
737280,diagnostics,0.0,77.1,46.8652,0.072355,0.951743,0.4978,0.128026,SF-P3O-v1,Walker2d-v4,3
737319,reward,5688,346.4306147083239,332.793,SF-P3O-v1,Walker2d-v4,3
737457,reward,5689,343.0108658248321,331.414,SF-P3O-v1,Walker2d-v4,3
737582,reward,5690,347.520592648236,327.351,SF-P3O-v1,Walker2d-v4,3
737642,reward,5691,110.8096704423606,309.88,SF-P3O-v1,Walker2d-v4,3
737769,reward,5692,281.87416865743455,298.003,SF-P3O-v1,Walker2d-v4,3
737924,reward,5693,444.3921054041434,315.164,SF-P3O-v1,Walker2d-v4,3
738047,reward,5694,270.15621829577543,320.385,SF-P3O-v1,Walker2d-v4,3
738188,reward,5695,375.6036654436945,329.042,SF-P3O-v1,Walker2d-v4,3
738266,reward,5696,156.25018403291773,301.982,SF-P3O-v1,Walker2d-v4,3
738427,reward,5697,419.50718889598625,309.556,SF-P3O-v1,Walker2d-v4,3
738592,reward,5698,427.54329606311506,317.667,SF-P3O-v1,Walker2d-v4,3
738751,reward,5699,409.97580233749767,324.363,SF-P3O-v1,Walker2d-v4,3
738815,reward,5700,120.42621050911542,301.654,SF-P3O-v1,Walker2d-v4,3
738998,reward,5701,477.94714958283254,338.368,SF-P3O-v1,Walker2d-v4,3
739143,reward,5702,397.6144257917175,349.942,SF-P3O-v1,Walker2d-v4,3
739267,reward,5703,328.97841199028954,338.4,SF-P3O-v1,Walker2d-v4,3
739388,reward,5704,278.9934050338923,339.284,SF-P3O-v1,Walker2d-v4,3
739575,reward,5705,490.75903558700946,350.8,SF-P3O-v1,Walker2d-v4,3
739720,reward,5706,345.3283757253418,369.707,SF-P3O-v1,Walker2d-v4,3
739913,reward,5707,501.9881084304646,377.955,SF-P3O-v1,Walker2d-v4,3
740000,speed,770.55,21.15,SF-P3O-v1,Walker2d-v4,3
740001,spectral,0.072355,0.951743,0.4978,SF-P3O-v1,Walker2d-v4,3
740069,reward,5708,437.53518830772043,378.955,SF-P3O-v1,Walker2d-v4,3
740228,reward,5709,437.99087110728135,381.756,SF-P3O-v1,Walker2d-v4,3
740364,reward,5710,320.663259746351,401.78,SF-P3O-v1,Walker2d-v4,3
740485,reward,5711,319.05119330303717,385.89,SF-P3O-v1,Walker2d-v4,3
740633,reward,5712,419.35309402813954,388.064,SF-P3O-v1,Walker2d-v4,3
740813,reward,5713,498.90839174126165,405.057,SF-P3O-v1,Walker2d-v4,3
741039,reward,5714,467.90050770218767,423.948,SF-P3O-v1,Walker2d-v4,3
741189,reward,5715,419.80536094728274,416.852,SF-P3O-v1,Walker2d-v4,3
741369,reward,5716,434.0423449974019,425.724,SF-P3O-v1,Walker2d-v4,3
741505,reward,5717,352.2222244224482,410.747,SF-P3O-v1,Walker2d-v4,3
741663,reward,5718,468.35706784081503,413.829,SF-P3O-v1,Walker2d-v4,3
741817,reward,5719,401.36844448206693,410.167,SF-P3O-v1,Walker2d-v4,3
741974,reward,5720,416.34654519512287,419.736,SF-P3O-v1,Walker2d-v4,3
742132,reward,5721,410.9971759225491,428.93,SF-P3O-v1,Walker2d-v4,3
742297,reward,5722,434.27422057949957,430.422,SF-P3O-v1,Walker2d-v4,3
742383,reward,5723,163.40747510517514,396.872,SF-P3O-v1,Walker2d-v4,3
742535,reward,5724,394.50247787427134,389.532,SF-P3O-v1,Walker2d-v4,3
742676,reward,5725,372.1768782422678,384.769,SF-P3O-v1,Walker2d-v4,3
742814,reward,5726,345.83822280564453,375.949,SF-P3O-v1,Walker2d-v4,3
742946,reward,5727,306.751421916158,371.402,SF-P3O-v1,Walker2d-v4,3
743038,reward,5728,195.89534247490133,344.156,SF-P3O-v1,Walker2d-v4,3
743151,reward,5729,290.66902585997116,333.086,SF-P3O-v1,Walker2d-v4,3
743294,reward,5730,380.03177947537984,329.454,SF-P3O-v1,Walker2d-v4,3
743446,reward,5731,448.1413478828078,333.169,SF-P3O-v1,Walker2d-v4,3
743590,reward,5732,355.0686271195392,325.248,SF-P3O-v1,Walker2d-v4,3
743729,reward,5733,322.3622319780569,341.144,SF-P3O-v1,Walker2d-v4,3
743854,reward,5734,278.8649745307351,329.58,SF-P3O-v1,Walker2d-v4,3
743870,reward,5735,2.3932999641647705,292.602,SF-P3O-v1,Walker2d-v4,3
743962,reward,5736,185.05223843979164,276.523,SF-P3O-v1,Walker2d-v4,3
744100,reward,5737,377.2390926911651,283.572,SF-P3O-v1,Walker2d-v4,3
744410,reward,5738,770.5764675848438,341.04,SF-P3O-v1,Walker2d-v4,3
744562,reward,5739,383.7556949131308,350.349,SF-P3O-v1,Walker2d-v4,3
744710,reward,5740,387.0899661019009,351.054,SF-P3O-v1,Walker2d-v4,3
744902,reward,5741,502.97186524120843,356.537,SF-P3O-v1,Walker2d-v4,3
744999,reward,5742,201.43294607653357,341.174,SF-P3O-v1,Walker2d-v4,3
745123,reward,5743,315.6581723505163,340.503,SF-P3O-v1,Walker2d-v4,3
745298,reward,5744,418.0224761884623,354.419,SF-P3O-v1,Walker2d-v4,3
745426,reward,5745,352.2518733070039,389.405,SF-P3O-v1,Walker2d-v4,3
745472,loss,-0.02309037744998932,0.6184778809547424,SF-P3O-v1,Walker2d-v4,3
745586,reward,5746,408.1873303710622,411.719,SF-P3O-v1,Walker2d-v4,3
745751,reward,5747,425.8623524351578,416.581,SF-P3O-v1,Walker2d-v4,3
745978,reward,5748,527.3022154182065,392.253,SF-P3O-v1,Walker2d-v4,3
746128,reward,5749,406.33375589272134,394.511,SF-P3O-v1,Walker2d-v4,3
746258,reward,5750,328.723198508408,388.675,SF-P3O-v1,Walker2d-v4,3
746454,reward,5751,442.9480473689309,382.672,SF-P3O-v1,Walker2d-v4,3
746679,reward,5752,573.3576902602985,419.865,SF-P3O-v1,Walker2d-v4,3
746862,reward,5753,530.1949182623919,441.318,SF-P3O-v1,Walker2d-v4,3
746991,reward,5754,310.6571502029848,430.582,SF-P3O-v1,Walker2d-v4,3
747128,reward,5755,371.27252780929103,432.484,SF-P3O-v1,Walker2d-v4,3
747231,reward,5756,250.4896865048751,416.714,SF-P3O-v1,Walker2d-v4,3
747388,reward,5757,426.09191918750554,416.737,SF-P3O-v1,Walker2d-v4,3
747564,reward,5758,454.7099562020445,409.478,SF-P3O-v1,Walker2d-v4,3
747721,reward,5759,365.0093004499349,405.345,SF-P3O-v1,Walker2d-v4,3
747866,reward,5760,375.68657651920415,410.042,SF-P3O-v1,Walker2d-v4,3
748084,reward,5761,490.89267475219384,414.836,SF-P3O-v1,Walker2d-v4,3
748201,reward,5762,265.1082174695248,384.011,SF-P3O-v1,Walker2d-v4,3
748365,reward,5763,416.4944786790751,372.641,SF-P3O-v1,Walker2d-v4,3
748473,reward,5764,278.012925336068,369.377,SF-P3O-v1,Walker2d-v4,3
748662,reward,5765,494.50323159532394,381.7,SF-P3O-v1,Walker2d-v4,3
748815,reward,5766,429.170342847509,399.568,SF-P3O-v1,Walker2d-v4,3
748910,reward,5767,187.4002380818385,375.699,SF-P3O-v1,Walker2d-v4,3
749014,reward,5768,222.5002715123289,352.478,SF-P3O-v1,Walker2d-v4,3
749149,reward,5769,356.3422599901266,351.611,SF-P3O-v1,Walker2d-v4,3
749314,reward,5770,430.75594094645174,357.118,SF-P3O-v1,Walker2d-v4,3
749460,reward,5771,378.08575307922155,345.837,SF-P3O-v1,Walker2d-v4,3
749615,reward,5772,402.4839090585522,359.575,SF-P3O-v1,Walker2d-v4,3
749762,reward,5773,377.1979129358676,355.645,SF-P3O-v1,Walker2d-v4,3
749980,reward,5774,598.0826575283947,387.652,SF-P3O-v1,Walker2d-v4,3
750000,speed,743.79,21.38,SF-P3O-v1,Walker2d-v4,3
750001,spectral,0.072639,0.951498,0.5063,SF-P3O-v1,Walker2d-v4,3
750149,reward,5775,449.1282064211686,383.115,SF-P3O-v1,Walker2d-v4,3
750270,reward,5776,283.8289484214337,368.581,SF-P3O-v1,Walker2d-v4,3
750447,reward,5777,448.3763229498489,394.678,SF-P3O-v1,Walker2d-v4,3
750628,reward,5778,473.10108824751467,419.738,SF-P3O-v1,Walker2d-v4,3
750793,reward,5779,482.61846755069985,432.366,SF-P3O-v1,Walker2d-v4,3
750971,reward,5780,419.2143841408556,431.212,SF-P3O-v1,Walker2d-v4,3
751085,reward,5781,304.55928675810543,423.859,SF-P3O-v1,Walker2d-v4,3
751254,reward,5782,334.2727843557068,417.038,SF-P3O-v1,Walker2d-v4,3
751388,reward,5783,320.5220790979254,411.37,SF-P3O-v1,Walker2d-v4,3
751534,reward,5784,376.8513482117733,389.247,SF-P3O-v1,Walker2d-v4,3
751703,reward,5785,434.0253041738454,387.737,SF-P3O-v1,Walker2d-v4,3
751850,reward,5786,394.66211462853795,398.82,SF-P3O-v1,Walker2d-v4,3
752013,reward,5787,426.0281442910685,396.586,SF-P3O-v1,Walker2d-v4,3
752142,reward,5788,321.01607765825236,381.377,SF-P3O-v1,Walker2d-v4,3
752307,reward,5789,454.2482994551319,378.54,SF-P3O-v1,Walker2d-v4,3
752422,reward,5790,297.31562402657295,366.35,SF-P3O-v1,Walker2d-v4,3
752554,reward,5791,365.5631303096379,372.45,SF-P3O-v1,Walker2d-v4,3
752747,reward,5792,525.725010106051,391.596,SF-P3O-v1,Walker2d-v4,3
752960,reward,5793,561.5336503776595,415.697,SF-P3O-v1,Walker2d-v4,3
753099,reward,5794,356.33131990541534,413.645,SF-P3O-v1,Walker2d-v4,3
753285,reward,5795,472.5352424473938,417.496,SF-P3O-v1,Walker2d-v4,3
753397,reward,5796,255.08515421682588,403.538,SF-P3O-v1,Walker2d-v4,3
753556,reward,5797,416.10695286502,402.546,SF-P3O-v1,Walker2d-v4,3
753664,loss,-0.015278510749340057,0.8132030367851257,SF-P3O-v1,Walker2d-v4,3
753664,diagnostics,0.0,77.39,49.3448,0.072911,0.951379,0.5039,0.123776,SF-P3O-v1,Walker2d-v4,3
753731,reward,5798,424.2557685927705,412.87,SF-P3O-v1,Walker2d-v4,3
753892,reward,5799,397.2346651290705,407.169,SF-P3O-v1,Walker2d-v4,3
754032,reward,5800,343.80712119774654,411.818,SF-P3O-v1,Walker2d-v4,3
754128,reward,5801,230.81484798317874,398.343,SF-P3O-v1,Walker2d-v4,3
754234,reward,5802,222.99093197616997,368.07,SF-P3O-v1,Walker2d-v4,3
754391,reward,5803,464.55300313859306,358.372,SF-P3O-v1,Walker2d-v4,3
754569,reward,5804,438.064969372122,366.545,SF-P3O-v1,Walker2d-v4,3
754709,reward,5805,353.4260956307743,354.634,SF-P3O-v1,Walker2d-v4,3
754878,reward,5806,449.9535444589057,374.121,SF-P3O-v1,Walker2d-v4,3
754949,reward,5807,147.94941586852295,347.305,SF-P3O-v1,Walker2d-v4,3
755100,reward,5808,347.8393476188244,339.663,SF-P3O-v1,Walker2d-v4,3
755238,reward,5809,361.26517809434927,336.066,SF-P3O-v1,Walker2d-v4,3
755463,reward,5810,522.1607786129326,353.902,SF-P3O-v1,Walker2d-v4,3
755581,reward,5811,300.2951915407498,360.85,SF-P3O-v1,Walker2d-v4,3
755752,reward,5812,423.1130041464453,380.862,SF-P3O-v1,Walker2d-v4,3
755902,reward,5813,412.42703264476955,375.649,SF-P3O-v1,Walker2d-v4,3
756085,reward,5814,461.74343762030225,378.017,SF-P3O-v1,Walker2d-v4,3
756253,reward,5815,402.71935677308693,382.947,SF-P3O-v1,Walker2d-v4,3
756390,reward,5816,321.938839702575,370.145,SF-P3O-v1,Walker2d-v4,3
756496,reward,5817,237.89505326349587,379.14,SF-P3O-v1,Walker2d-v4,3
756666,reward,5818,463.08352348018326,390.664,SF-P3O-v1,Walker2d-v4,3
756840,reward,5819,485.3419747917363,403.072,SF-P3O-v1,Walker2d-v4,3
757021,reward,5820,448.9912949793668,395.755,SF-P3O-v1,Walker2d-v4,3
757151,reward,5821,356.4937716522433,401.375,SF-P3O-v1,Walker2d-v4,3
757327,reward,5822,425.0046129085549,401.564,SF-P3O-v1,Walker2d-v4,3
757478,reward,5823,389.3095361987379,399.252,SF-P3O-v1,Walker2d-v4,3
757636,reward,5824,402.5646586850068,393.334,SF-P3O-v1,Walker2d-v4,3
757806,reward,5825,432.31773932048685,396.294,SF-P3O-v1,Walker2d-v4,3
757917,reward,5826,251.49220688173494,389.249,SF-P3O-v1,Walker2d-v4,3
758057,reward,5827,395.2940339003696,404.989,SF-P3O-v1,Walker2d-v4,3
758131,reward,5828,147.47111024539495,373.428,SF-P3O-v1,Walker2d-v4,3
758284,reward,5829,424.9297631321126,367.387,SF-P3O-v1,Walker2d-v4,3
758365,reward,5830,153.37506480748348,337.825,SF-P3O-v1,Walker2d-v4,3
758464,reward,5831,256.308536288787,327.807,SF-P3O-v1,Walker2d-v4,3
758588,reward,5832,300.30126947350846,315.336,SF-P3O-v1,Walker2d-v4,3
758728,reward,5833,344.2479070402147,310.83,SF-P3O-v1,Walker2d-v4,3
758897,reward,5834,427.2923288011683,313.303,SF-P3O-v1,Walker2d-v4,3
759049,reward,5835,427.88258150577514,312.859,SF-P3O-v1,Walker2d-v4,3
759188,reward,5836,367.9504844605548,324.505,SF-P3O-v1,Walker2d-v4,3
759355,reward,5837,473.78540305942704,332.354,SF-P3O-v1,Walker2d-v4,3
759563,reward,5838,465.5346011314275,364.161,SF-P3O-v1,Walker2d-v4,3
759699,reward,5839,373.12333259579907,358.98,SF-P3O-v1,Walker2d-v4,3
759842,reward,5840,385.2245670327891,382.165,SF-P3O-v1,Walker2d-v4,3
760000,speed,734.61,21.61,SF-P3O-v1,Walker2d-v4,3
760001,perturb,0.072911,0.951379,0.5039,22759,45087,0.55018,8,SF-P3O-v1,Walker2d-v4,3
760022,reward,5841,470.04502460736984,403.539,SF-P3O-v1,Walker2d-v4,3
760197,reward,5842,474.205559297126,420.929,SF-P3O-v1,Walker2d-v4,3
760348,reward,5843,408.2097587515109,427.325,SF-P3O-v1,Walker2d-v4,3
760510,reward,5844,421.4884612557012,426.745,SF-P3O-v1,Walker2d-v4,3
760691,reward,5845,446.5432508274516,428.611,SF-P3O-v1,Walker2d-v4,3
760895,reward,5846,456.99330261144155,437.515,SF-P3O-v1,Walker2d-v4,3
761066,reward,5847,449.79473710938,435.116,SF-P3O-v1,Walker2d-v4,3
761153,reward,5848,175.2751304254102,406.09,SF-P3O-v1,Walker2d-v4,3
761317,reward,5849,409.3596141225657,409.714,SF-P3O-v1,Walker2d-v4,3
761472,reward,5850,414.18156953837087,412.61,SF-P3O-v1,Walker2d-v4,3
761668,reward,5851,491.0903090497027,414.714,SF-P3O-v1,Walker2d-v4,3
761846,reward,5852,443.7592619201925,411.67,SF-P3O-v1,Walker2d-v4,3
761856,loss,0.0051224566996097565,0.941382110118866,SF-P3O-v1,Walker2d-v4,3
762016,reward,5853,440.3217628196468,414.881,SF-P3O-v1,Walker2d-v4,3
762144,reward,5854,330.0073071674164,405.733,SF-P3O-v1,Walker2d-v4,3
762296,reward,5855,406.37199409814923,401.715,SF-P3O-v1,Walker2d-v4,3
762469,reward,5856,421.7866769066859,398.195,SF-P3O-v1,Walker2d-v4,3
762723,reward,5857,654.3488246134013,418.65,SF-P3O-v1,Walker2d-v4,3
762888,reward,5858,435.3099617702166,444.654,SF-P3O-v1,Walker2d-v4,3
763033,reward,5859,356.0280921783334,439.321,SF-P3O-v1,Walker2d-v4,3
763201,reward,5860,436.35255060481245,441.538,SF-P3O-v1,Walker2d-v4,3
763343,reward,5861,333.9598149323479,425.825,SF-P3O-v1,Walker2d-v4,3
763509,reward,5862,382.61280922612707,419.71,SF-P3O-v1,Walker2d-v4,3
763673,reward,5863,399.7110594740484,415.649,SF-P3O-v1,Walker2d-v4,3
763830,reward,5864,421.4102949229802,424.789,SF-P3O-v1,Walker2d-v4,3
763920,reward,5865,216.77191006221565,405.829,SF-P3O-v1,Walker2d-v4,3
764144,reward,5866,513.5824583117608,415.009,SF-P3O-v1,Walker2d-v4,3
764354,reward,5867,524.7844095809623,402.052,SF-P3O-v1,Walker2d-v4,3
764510,reward,5868,382.882586866258,396.81,SF-P3O-v1,Walker2d-v4,3
764688,reward,5869,507.24558133010066,411.931,SF-P3O-v1,Walker2d-v4,3
764895,reward,5870,511.7307179857358,419.469,SF-P3O-v1,Walker2d-v4,3
765064,reward,5871,422.9388858961739,428.367,SF-P3O-v1,Walker2d-v4,3
765219,reward,5872,452.927732357937,435.399,SF-P3O-v1,Walker2d-v4,3
765367,reward,5873,396.04620212184375,435.032,SF-P3O-v1,Walker2d-v4,3
765580,reward,5874,525.2513301696736,445.416,SF-P3O-v1,Walker2d-v4,3
765717,reward,5875,403.3343774054808,464.072,SF-P3O-v1,Walker2d-v4,3
765841,reward,5876,293.94867968877446,442.109,SF-P3O-v1,Walker2d-v4,3
765974,reward,5877,346.96262344086955,424.327,SF-P3O-v1,Walker2d-v4,3
766129,reward,5878,393.66921424417245,425.406,SF-P3O-v1,Walker2d-v4,3
766273,reward,5879,350.64446980280417,409.745,SF-P3O-v1,Walker2d-v4,3
766344,reward,5880,134.20275161656554,371.993,SF-P3O-v1,Walker2d-v4,3
766507,reward,5881,449.1609136846374,374.615,SF-P3O-v1,Walker2d-v4,3
766652,reward,5882,400.29304488534916,369.351,SF-P3O-v1,Walker2d-v4,3
766876,reward,5883,630.5554312276723,392.802,SF-P3O-v1,Walker2d-v4,3
767044,reward,5884,423.6284163703993,382.64,SF-P3O-v1,Walker2d-v4,3
767237,reward,5885,481.6472791410699,390.471,SF-P3O-v1,Walker2d-v4,3
767380,reward,5886,390.44926511058765,400.121,SF-P3O-v1,Walker2d-v4,3
767571,reward,5887,467.17105115617323,412.142,SF-P3O-v1,Walker2d-v4,3
767755,reward,5888,439.5716715465048,416.732,SF-P3O-v1,Walker2d-v4,3
767922,reward,5889,422.9049072116154,423.958,SF-P3O-v1,Walker2d-v4,3
767980,reward,5890,83.65057111049778,418.903,SF-P3O-v1,Walker2d-v4,3
768109,reward,5891,295.56229506188936,403.543,SF-P3O-v1,Walker2d-v4,3
768266,reward,5892,411.95251898736234,404.709,SF-P3O-v1,Walker2d-v4,3
768438,reward,5893,487.96635196205244,390.45,SF-P3O-v1,Walker2d-v4,3
768577,reward,5894,343.9481472979464,382.482,SF-P3O-v1,Walker2d-v4,3
768721,reward,5895,347.69136885010323,369.087,SF-P3O-v1,Walker2d-v4,3
768888,reward,5896,406.5233294542474,370.694,SF-P3O-v1,Walker2d-v4,3
769034,reward,5897,365.1257105284317,360.49,SF-P3O-v1,Walker2d-v4,3
769257,reward,5898,564.338157509195,372.966,SF-P3O-v1,Walker2d-v4,3
769396,reward,5899,354.3091220886065,366.107,SF-P3O-v1,Walker2d-v4,3
769556,reward,5900,423.4979124701174,400.091,SF-P3O-v1,Walker2d-v4,3
769734,reward,5901,405.73915244323746,411.109,SF-P3O-v1,Walker2d-v4,3
769881,reward,5902,319.03584184321505,401.818,SF-P3O-v1,Walker2d-v4,3
770000,speed,738.89,21.83,SF-P3O-v1,Walker2d-v4,3
770001,spectral,0.074724,0.950561,0.4867,SF-P3O-v1,Walker2d-v4,3
770024,reward,5903,362.1424701308294,389.235,SF-P3O-v1,Walker2d-v4,3
770048,loss,-0.10374470055103302,0.7124894261360168,SF-P3O-v1,Walker2d-v4,3
770048,diagnostics,0.0,79.79,39.9625,0.074924,0.950551,0.4978,0.129607,SF-P3O-v1,Walker2d-v4,3
770166,reward,5904,374.9342376226481,392.334,SF-P3O-v1,Walker2d-v4,3
770297,reward,5905,294.57414374059124,387.022,SF-P3O-v1,Walker2d-v4,3
770439,reward,5906,389.478801461188,385.318,SF-P3O-v1,Walker2d-v4,3
770605,reward,5907,429.44305690457105,391.749,SF-P3O-v1,Walker2d-v4,3
770780,reward,5908,451.38369389435326,380.454,SF-P3O-v1,Walker2d-v4,3
770962,reward,5909,481.28606645012843,393.152,SF-P3O-v1,Walker2d-v4,3
771074,reward,5910,277.0353749353001,378.505,SF-P3O-v1,Walker2d-v4,3
771249,reward,5911,465.64271141290897,384.496,SF-P3O-v1,Walker2d-v4,3
771401,reward,5912,399.08943345691125,392.501,SF-P3O-v1,Walker2d-v4,3
771581,reward,5913,437.11028566157773,399.998,SF-P3O-v1,Walker2d-v4,3
771733,reward,5914,359.8424986985524,398.489,SF-P3O-v1,Walker2d-v4,3
771880,reward,5915,379.96741720108116,407.028,SF-P3O-v1,Walker2d-v4,3
772023,reward,5916,363.6810028204003,404.448,SF-P3O-v1,Walker2d-v4,3
772216,reward,5917,531.9356790693889,414.697,SF-P3O-v1,Walker2d-v4,3
772379,reward,5918,423.7755624417785,411.937,SF-P3O-v1,Walker2d-v4,3
772507,reward,5919,304.5515786228255,394.263,SF-P3O-v1,Walker2d-v4,3
772628,reward,5920,312.4367088668805,397.803,SF-P3O-v1,Walker2d-v4,3
772867,reward,5921,511.61478629685723,402.4,SF-P3O-v1,Walker2d-v4,3
773052,reward,5922,481.97138041150237,410.689,SF-P3O-v1,Walker2d-v4,3
773134,reward,5923,158.58191272740734,382.836,SF-P3O-v1,Walker2d-v4,3
773363,reward,5924,510.08925572525726,397.861,SF-P3O-v1,Walker2d-v4,3
773522,reward,5925,391.2633484267055,398.99,SF-P3O-v1,Walker2d-v4,3
773658,reward,5926,354.3263167594242,398.055,SF-P3O-v1,Walker2d-v4,3
773821,reward,5927,452.5997634479542,390.121,SF-P3O-v1,Walker2d-v4,3
773972,reward,5928,374.63763800637685,385.207,SF-P3O-v1,Walker2d-v4,3
774167,reward,5929,540.598584913892,408.812,SF-P3O-v1,Walker2d-v4,3
774359,reward,5930,486.61616378574297,426.23,SF-P3O-v1,Walker2d-v4,3
774497,reward,5931,345.3869807695897,409.607,SF-P3O-v1,Walker2d-v4,3
774684,reward,5932,418.90327104266595,403.3,SF-P3O-v1,Walker2d-v4,3
774882,reward,5933,534.4620522458923,440.888,SF-P3O-v1,Walker2d-v4,3
775023,reward,5934,393.3592470405046,429.215,SF-P3O-v1,Walker2d-v4,3
775214,reward,5935,526.2815385905799,442.717,SF-P3O-v1,Walker2d-v4,3
775370,reward,5936,343.5167199937278,441.636,SF-P3O-v1,Walker2d-v4,3
775552,reward,5937,477.6305235467766,444.139,SF-P3O-v1,Walker2d-v4,3
775702,reward,5938,392.8974123790592,445.965,SF-P3O-v1,Walker2d-v4,3
775849,reward,5939,391.5126713966141,431.057,SF-P3O-v1,Walker2d-v4,3
776021,reward,5940,467.719713048307,429.167,SF-P3O-v1,Walker2d-v4,3
776175,reward,5941,374.74415154482244,432.103,SF-P3O-v1,Walker2d-v4,3
776300,reward,5942,305.08502244210257,420.721,SF-P3O-v1,Walker2d-v4,3
776438,reward,5943,369.3219355664661,404.207,SF-P3O-v1,Walker2d-v4,3
776638,reward,5944,542.4647627836962,419.117,SF-P3O-v1,Walker2d-v4,3
776758,reward,5945,311.602975288269,397.65,SF-P3O-v1,Walker2d-v4,3
776919,reward,5946,421.16738087238423,405.415,SF-P3O-v1,Walker2d-v4,3
777103,reward,5947,464.6194687260946,404.114,SF-P3O-v1,Walker2d-v4,3
777260,reward,5948,445.2253812108028,409.346,SF-P3O-v1,Walker2d-v4,3
777432,reward,5949,483.8552592069977,418.581,SF-P3O-v1,Walker2d-v4,3
777598,reward,5950,414.2846605110124,413.237,SF-P3O-v1,Walker2d-v4,3
777753,reward,5951,386.36096347629496,414.399,SF-P3O-v1,Walker2d-v4,3
777911,reward,5952,405.0405621629531,424.394,SF-P3O-v1,Walker2d-v4,3
778070,reward,5953,419.41577576052794,429.404,SF-P3O-v1,Walker2d-v4,3
778240,loss,-0.1178874671459198,0.791233241558075,SF-P3O-v1,Walker2d-v4,3
778272,reward,5954,468.6836661055976,422.026,SF-P3O-v1,Walker2d-v4,3
778414,reward,5955,355.7764547049589,426.443,SF-P3O-v1,Walker2d-v4,3
778558,reward,5956,340.3262137405794,418.359,SF-P3O-v1,Walker2d-v4,3
778632,reward,5957,159.15272984326546,387.812,SF-P3O-v1,Walker2d-v4,3
778802,reward,5958,405.5244574125176,383.842,SF-P3O-v1,Walker2d-v4,3
778974,reward,5959,428.33394811710303,378.29,SF-P3O-v1,Walker2d-v4,3
779186,reward,5960,581.5727027475567,395.019,SF-P3O-v1,Walker2d-v4,3
779322,reward,5961,368.5154810337441,393.234,SF-P3O-v1,Walker2d-v4,3
779451,reward,5962,275.9717960457858,380.327,SF-P3O-v1,Walker2d-v4,3
779643,reward,5963,474.73620680981776,385.859,SF-P3O-v1,Walker2d-v4,3
779804,reward,5964,422.499870598589,381.241,SF-P3O-v1,Walker2d-v4,3
779957,reward,5965,307.36080733794853,376.399,SF-P3O-v1,Walker2d-v4,3
780000,speed,491.35,22.17,SF-P3O-v1,Walker2d-v4,3
780001,spectral,0.075097,0.95066,0.5102,SF-P3O-v1,Walker2d-v4,3
780066,reward,5966,233.19731998430711,365.687,SF-P3O-v1,Walker2d-v4,3
780214,reward,5967,384.4137483914469,388.213,SF-P3O-v1,Walker2d-v4,3
780290,reward,5968,157.548015298643,363.415,SF-P3O-v1,Walker2d-v4,3
780405,reward,5969,256.44061334737813,346.226,SF-P3O-v1,Walker2d-v4,3
780551,reward,5970,361.0077740606692,324.169,SF-P3O-v1,Walker2d-v4,3
780754,reward,5971,528.7453497593476,340.192,SF-P3O-v1,Walker2d-v4,3
780881,reward,5972,322.27610569261213,344.823,SF-P3O-v1,Walker2d-v4,3
780978,reward,5973,200.72399497746102,317.421,SF-P3O-v1,Walker2d-v4,3
781198,reward,5974,496.44716526692304,324.816,SF-P3O-v1,Walker2d-v4,3
781312,reward,5975,270.1720824909288,321.097,SF-P3O-v1,Walker2d-v4,3
781410,reward,5976,230.9742899390874,320.875,SF-P3O-v1,Walker2d-v4,3
781596,reward,5977,511.0840798518537,333.542,SF-P3O-v1,Walker2d-v4,3
781753,reward,5978,393.8660879370932,357.174,SF-P3O-v1,Walker2d-v4,3
781902,reward,5979,353.32441852926854,366.862,SF-P3O-v1,Walker2d-v4,3
782042,reward,5980,378.63469058934646,368.625,SF-P3O-v1,Walker2d-v4,3
782222,reward,5981,342.84606623702405,350.035,SF-P3O-v1,Walker2d-v4,3
782360,reward,5982,341.76700767088005,351.984,SF-P3O-v1,Walker2d-v4,3
782516,reward,5983,376.89362798828,369.601,SF-P3O-v1,Walker2d-v4,3
782703,reward,5984,442.5759610841039,364.214,SF-P3O-v1,Walker2d-v4,3
782887,reward,5985,435.9349067630959,380.79,SF-P3O-v1,Walker2d-v4,3
783029,reward,5986,377.474991326033,395.44,SF-P3O-v1,Walker2d-v4,3
783172,reward,5987,353.3977647563811,379.672,SF-P3O-v1,Walker2d-v4,3
783345,reward,5988,445.48768816768603,384.834,SF-P3O-v1,Walker2d-v4,3
783506,reward,5989,429.5560890306662,392.457,SF-P3O-v1,Walker2d-v4,3
783618,reward,5990,282.9462513214004,382.888,SF-P3O-v1,Walker2d-v4,3
783777,reward,5991,429.794231901197,391.583,SF-P3O-v1,Walker2d-v4,3
783904,reward,5992,333.66403431484207,390.773,SF-P3O-v1,Walker2d-v4,3
784105,reward,5993,555.9959702012953,408.683,SF-P3O-v1,Walker2d-v4,3
784242,reward,5994,367.31668212600124,401.157,SF-P3O-v1,Walker2d-v4,3
784386,reward,5995,391.8383983989824,396.747,SF-P3O-v1,Walker2d-v4,3
784508,reward,5996,288.36949558567613,387.837,SF-P3O-v1,Walker2d-v4,3
784671,reward,5997,378.10927593279115,390.308,SF-P3O-v1,Walker2d-v4,3
784813,reward,5998,366.6298981081139,382.422,SF-P3O-v1,Walker2d-v4,3
784994,reward,5999,471.54650748960734,386.621,SF-P3O-v1,Walker2d-v4,3
785126,reward,6000,341.6875963272334,392.495,SF-P3O-v1,Walker2d-v4,3
785281,reward,6001,391.145545384291,388.63,SF-P3O-v1,Walker2d-v4,3
785466,reward,6002,478.2344822684963,403.087,SF-P3O-v1,Walker2d-v4,3
785689,reward,6003,581.8353212262977,405.671,SF-P3O-v1,Walker2d-v4,3
785863,reward,6004,424.73836985621,411.413,SF-P3O-v1,Walker2d-v4,3
786013,reward,6005,358.804722746362,408.11,SF-P3O-v1,Walker2d-v4,3
786182,reward,6006,398.0319106240143,419.076,SF-P3O-v1,Walker2d-v4,3
786257,reward,6007,148.7168331526468,396.137,SF-P3O-v1,Walker2d-v4,3
786425,reward,6008,490.6778657543207,408.542,SF-P3O-v1,Walker2d-v4,3
786432,loss,-0.06487538665533066,0.6264803409576416,SF-P3O-v1,Walker2d-v4,3
786432,diagnostics,0.0,80.09,41.3772,0.0754,0.950619,0.4961,0.123488,SF-P3O-v1,Walker2d-v4,3
786513,reward,6009,189.64017977745266,380.351,SF-P3O-v1,Walker2d-v4,3
786669,reward,6010,470.49529421399154,393.232,SF-P3O-v1,Walker2d-v4,3
786837,reward,6011,405.79887721259934,394.697,SF-P3O-v1,Walker2d-v4,3
786956,reward,6012,241.9553626220567,371.069,SF-P3O-v1,Walker2d-v4,3
787019,reward,6013,108.53837336656495,323.74,SF-P3O-v1,Walker2d-v4,3
787082,reward,6014,118.21656509935681,293.088,SF-P3O-v1,Walker2d-v4,3
787189,reward,6015,223.71546737126002,279.579,SF-P3O-v1,Walker2d-v4,3
787314,reward,6016,318.4969438222724,271.625,SF-P3O-v1,Walker2d-v4,3
787518,reward,6017,497.2464777304943,306.478,SF-P3O-v1,Walker2d-v4,3
787689,reward,6018,431.8817299168222,300.599,SF-P3O-v1,Walker2d-v4,3
787821,reward,6019,345.19591449139085,316.154,SF-P3O-v1,Walker2d-v4,3
787965,reward,6020,348.66523373637085,303.971,SF-P3O-v1,Walker2d-v4,3
788091,reward,6021,345.3594768416367,297.927,SF-P3O-v1,Walker2d-v4,3
788249,reward,6022,361.71355891807355,309.903,SF-P3O-v1,Walker2d-v4,3
788417,reward,6023,413.97327475755174,340.446,SF-P3O-v1,Walker2d-v4,3
788553,reward,6024,334.41873239324735,362.067,SF-P3O-v1,Walker2d-v4,3
788718,reward,6025,402.51146247563435,379.946,SF-P3O-v1,Walker2d-v4,3
788861,reward,6026,379.7726691951358,386.074,SF-P3O-v1,Walker2d-v4,3
789043,reward,6027,519.3386770990923,388.283,SF-P3O-v1,Walker2d-v4,3
789206,reward,6028,443.6826168273114,389.463,SF-P3O-v1,Walker2d-v4,3
789361,reward,6029,421.85865641217,397.129,SF-P3O-v1,Walker2d-v4,3
789515,reward,6030,378.36646258431074,400.1,SF-P3O-v1,Walker2d-v4,3
789586,reward,6031,134.21436875402694,378.985,SF-P3O-v1,Walker2d-v4,3
789753,reward,6032,482.71777226329783,391.085,SF-P3O-v1,Walker2d-v4,3
789913,reward,6033,404.86662450617905,390.175,SF-P3O-v1,Walker2d-v4,3
790000,speed,758.79,22.39,SF-P3O-v1,Walker2d-v4,3
790001,spectral,0.0754,0.950619,0.4961,SF-P3O-v1,Walker2d-v4,3
790015,reward,6034,233.95181216603504,380.128,SF-P3O-v1,Walker2d-v4,3
790161,reward,6035,351.1352539947124,374.99,SF-P3O-v1,Walker2d-v4,3
790314,reward,6036,385.1585350648701,375.529,SF-P3O-v1,Walker2d-v4,3
790468,reward,6037,422.05616944470916,365.801,SF-P3O-v1,Walker2d-v4,3
790587,reward,6038,312.28374276878753,352.661,SF-P3O-v1,Walker2d-v4,3
790748,reward,6039,435.285539618077,354.004,SF-P3O-v1,Walker2d-v4,3
790884,reward,6040,356.0036108892813,351.767,SF-P3O-v1,Walker2d-v4,3
791040,reward,6041,411.09070484942487,379.455,SF-P3O-v1,Walker2d-v4,3
791154,reward,6042,291.353580451057,360.319,SF-P3O-v1,Walker2d-v4,3
791315,reward,6043,383.77034407018897,358.209,SF-P3O-v1,Walker2d-v4,3
791418,reward,6044,212.53190598564385,356.067,SF-P3O-v1,Walker2d-v4,3
791579,reward,6045,425.77593046348954,363.531,SF-P3O-v1,Walker2d-v4,3
791679,reward,6046,208.55577312169385,345.871,SF-P3O-v1,Walker2d-v4,3
791826,reward,6047,390.37955879457616,342.703,SF-P3O-v1,Walker2d-v4,3
792041,reward,6048,579.1505284794254,369.39,SF-P3O-v1,Walker2d-v4,3
792189,reward,6049,381.61155901779165,364.022,SF-P3O-v1,Walker2d-v4,3
792355,reward,6050,451.3953972881186,373.562,SF-P3O-v1,Walker2d-v4,3
792480,reward,6051,334.9527917709979,365.948,SF-P3O-v1,Walker2d-v4,3
792561,reward,6052,150.0767513864005,351.82,SF-P3O-v1,Walker2d-v4,3
792733,reward,6053,424.87256885862905,355.93,SF-P3O-v1,Walker2d-v4,3
792887,reward,6054,396.06635850351637,374.284,SF-P3O-v1,Walker2d-v4,3
792980,reward,6055,210.39552463439992,352.746,SF-P3O-v1,Walker2d-v4,3
793173,reward,6056,480.4395235286276,379.934,SF-P3O-v1,Walker2d-v4,3
793259,reward,6057,154.83783552028814,356.38,SF-P3O-v1,Walker2d-v4,3
793394,reward,6058,340.73005768922405,332.538,SF-P3O-v1,Walker2d-v4,3
793531,reward,6059,350.927397666925,329.469,SF-P3O-v1,Walker2d-v4,3
793687,reward,6060,469.69356314919276,331.299,SF-P3O-v1,Walker2d-v4,3
793846,reward,6061,384.4096330518513,336.245,SF-P3O-v1,Walker2d-v4,3
793990,reward,6062,380.0239244636849,359.24,SF-P3O-v1,Walker2d-v4,3
794162,reward,6063,484.3394786372437,365.186,SF-P3O-v1,Walker2d-v4,3
794300,reward,6064,377.23767870224236,363.303,SF-P3O-v1,Walker2d-v4,3
794480,reward,6065,436.0014594697587,385.864,SF-P3O-v1,Walker2d-v4,3
794624,loss,-0.07072175294160843,0.7288920879364014,SF-P3O-v1,Walker2d-v4,3
794628,reward,6066,378.26896688000784,375.647,SF-P3O-v1,Walker2d-v4,3
794768,reward,6067,374.95552084120214,397.659,SF-P3O-v1,Walker2d-v4,3
794896,reward,6068,340.0562939204651,397.591,SF-P3O-v1,Walker2d-v4,3
795028,reward,6069,360.1155741253597,398.51,SF-P3O-v1,Walker2d-v4,3
795153,reward,6070,330.82685331669774,384.624,SF-P3O-v1,Walker2d-v4,3
795272,reward,6071,304.3181881933082,376.614,SF-P3O-v1,Walker2d-v4,3
795463,reward,6072,547.2484645344808,393.337,SF-P3O-v1,Walker2d-v4,3
795594,reward,6073,357.26608388873325,380.63,SF-P3O-v1,Walker2d-v4,3
795771,reward,6074,431.23920115757807,386.03,SF-P3O-v1,Walker2d-v4,3
795971,reward,6075,463.67413961307005,388.797,SF-P3O-v1,Walker2d-v4,3
796069,reward,6076,190.18415982897915,369.988,SF-P3O-v1,Walker2d-v4,3
796275,reward,6077,547.5377090172798,387.247,SF-P3O-v1,Walker2d-v4,3
796462,reward,6078,540.1160092780059,407.253,SF-P3O-v1,Walker2d-v4,3
796597,reward,6079,348.58670074541436,406.1,SF-P3O-v1,Walker2d-v4,3
796726,reward,6080,324.0521333703103,405.422,SF-P3O-v1,Walker2d-v4,3
796977,reward,6081,651.7575780826852,440.166,SF-P3O-v1,Walker2d-v4,3
797118,reward,6082,386.55214942643016,424.097,SF-P3O-v1,Walker2d-v4,3
797271,reward,6083,325.7042102620358,420.94,SF-P3O-v1,Walker2d-v4,3
797365,reward,6084,218.36804513928124,399.653,SF-P3O-v1,Walker2d-v4,3
797470,reward,6085,230.33248996798875,376.319,SF-P3O-v1,Walker2d-v4,3
797627,reward,6086,461.9077718166022,403.491,SF-P3O-v1,Walker2d-v4,3
797790,reward,6087,471.0679026366475,395.844,SF-P3O-v1,Walker2d-v4,3
797958,reward,6088,485.69271677543026,390.402,SF-P3O-v1,Walker2d-v4,3
798121,reward,6089,471.0404947893318,402.648,SF-P3O-v1,Walker2d-v4,3
798256,reward,6090,355.55147073685237,405.797,SF-P3O-v1,Walker2d-v4,3
798320,reward,6091,105.44198959121485,351.166,SF-P3O-v1,Walker2d-v4,3
798522,reward,6092,563.7345687251625,368.884,SF-P3O-v1,Walker2d-v4,3
798645,reward,6093,353.6937702021834,371.683,SF-P3O-v1,Walker2d-v4,3
798783,reward,6094,364.9922638946935,386.346,SF-P3O-v1,Walker2d-v4,3
798943,reward,6095,417.04501308874495,405.017,SF-P3O-v1,Walker2d-v4,3
799114,reward,6096,497.21391700084615,408.547,SF-P3O-v1,Walker2d-v4,3
799267,reward,6097,388.28592670686317,400.269,SF-P3O-v1,Walker2d-v4,3
799368,reward,6098,225.70109041669943,374.27,SF-P3O-v1,Walker2d-v4,3
799550,reward,6099,472.7521481698197,374.441,SF-P3O-v1,Walker2d-v4,3
799692,reward,6100,407.3511066749831,379.621,SF-P3O-v1,Walker2d-v4,3
799902,reward,6101,506.8264577015225,419.76,SF-P3O-v1,Walker2d-v4,3
800000,speed,823.88,22.59,SF-P3O-v1,Walker2d-v4,3
800001,spectral,0.075714,0.950555,0.5095,SF-P3O-v1,Walker2d-v4,3
800037,reward,6102,374.96393042390423,400.883,SF-P3O-v1,Walker2d-v4,3
800205,reward,6103,402.6631342145154,405.779,SF-P3O-v1,Walker2d-v4,3
800346,reward,6104,373.5975814113307,406.64,SF-P3O-v1,Walker2d-v4,3
800533,reward,6105,527.4774519692821,417.683,SF-P3O-v1,Walker2d-v4,3
800695,reward,6106,436.10202031462825,411.572,SF-P3O-v1,Walker2d-v4,3
800810,reward,6107,274.93073284268286,400.237,SF-P3O-v1,Walker2d-v4,3
800933,reward,6108,309.31780371086603,408.598,SF-P3O-v1,Walker2d-v4,3
801056,reward,6109,301.6745513696241,391.49,SF-P3O-v1,Walker2d-v4,3
801202,reward,6110,353.86294809368144,386.142,SF-P3O-v1,Walker2d-v4,3
801286,reward,6111,180.42278761361013,353.501,SF-P3O-v1,Walker2d-v4,3
801427,reward,6112,384.7957178790512,354.484,SF-P3O-v1,Walker2d-v4,3
801578,reward,6113,409.6887590947155,355.187,SF-P3O-v1,Walker2d-v4,3
801741,reward,6114,394.67581459518476,357.295,SF-P3O-v1,Walker2d-v4,3
801956,reward,6115,536.111422236214,358.158,SF-P3O-v1,Walker2d-v4,3
802112,reward,6116,456.1890135399055,360.167,SF-P3O-v1,Walker2d-v4,3
802268,reward,6117,347.00917769508175,367.375,SF-P3O-v1,Walker2d-v4,3
802406,reward,6118,359.0599706888612,372.349,SF-P3O-v1,Walker2d-v4,3
802528,reward,6119,329.6746664376613,375.149,SF-P3O-v1,Walker2d-v4,3
802676,reward,6120,377.63661096688685,377.526,SF-P3O-v1,Walker2d-v4,3
802816,loss,0.003675562795251608,0.8113687038421631,SF-P3O-v1,Walker2d-v4,3
802816,diagnostics,0.0,80.38,81.1396,0.075936,0.950474,0.4959,0.121328,SF-P3O-v1,Walker2d-v4,3
802817,reward,6121,381.4898448990761,397.633,SF-P3O-v1,Walker2d-v4,3
802983,reward,6122,441.5561945589445,403.309,SF-P3O-v1,Walker2d-v4,3
803175,reward,6123,545.5983059789994,416.9,SF-P3O-v1,Walker2d-v4,3
803338,reward,6124,415.60267001137095,418.993,SF-P3O-v1,Walker2d-v4,3
803455,reward,6125,300.91373803456923,395.473,SF-P3O-v1,Walker2d-v4,3
803615,reward,6126,470.6677210221842,396.921,SF-P3O-v1,Walker2d-v4,3
803721,reward,6127,235.5232074654853,385.772,SF-P3O-v1,Walker2d-v4,3
803882,reward,6128,415.8573224869844,391.452,SF-P3O-v1,Walker2d-v4,3
804066,reward,6129,474.2721241789622,405.912,SF-P3O-v1,Walker2d-v4,3
804188,reward,6130,301.9732122022219,398.345,SF-P3O-v1,Walker2d-v4,3
804366,reward,6131,429.27399119687533,403.124,SF-P3O-v1,Walker2d-v4,3
804492,reward,6132,306.4535428730402,389.614,SF-P3O-v1,Walker2d-v4,3
804635,reward,6133,380.9095962265392,373.145,SF-P3O-v1,Walker2d-v4,3
804693,reward,6134,91.44909416510096,340.729,SF-P3O-v1,Walker2d-v4,3
804804,reward,6135,259.4987440962934,336.588,SF-P3O-v1,Walker2d-v4,3
804945,reward,6136,376.63295612625353,327.184,SF-P3O-v1,Walker2d-v4,3
805123,reward,6137,486.0491961310594,352.237,SF-P3O-v1,Walker2d-v4,3
805258,reward,6138,373.91973466072216,348.043,SF-P3O-v1,Walker2d-v4,3
805434,reward,6139,441.3762263814297,344.754,SF-P3O-v1,Walker2d-v4,3
805598,reward,6140,440.81054696310935,358.637,SF-P3O-v1,Walker2d-v4,3
805751,reward,6141,370.7081638047364,352.781,SF-P3O-v1,Walker2d-v4,3
805963,reward,6142,564.6109750789715,378.597,SF-P3O-v1,Walker2d-v4,3
806110,reward,6143,392.88221312813727,379.794,SF-P3O-v1,Walker2d-v4,3
806250,reward,6144,398.8247929081993,410.531,SF-P3O-v1,Walker2d-v4,3
806393,reward,6145,332.5770469038872,417.839,SF-P3O-v1,Walker2d-v4,3
806519,reward,6146,324.16874764281323,412.593,SF-P3O-v1,Walker2d-v4,3
806674,reward,6147,417.1658034545008,405.704,SF-P3O-v1,Walker2d-v4,3
806773,reward,6148,188.61743788295973,387.174,SF-P3O-v1,Walker2d-v4,3
806912,reward,6149,384.8902204640355,381.526,SF-P3O-v1,Walker2d-v4,3
807046,reward,6150,319.55232351760014,369.4,SF-P3O-v1,Walker2d-v4,3
807210,reward,6151,378.80450117125093,370.209,SF-P3O-v1,Walker2d-v4,3
807540,reward,6152,847.4505129652683,398.493,SF-P3O-v1,Walker2d-v4,3
807645,reward,6153,221.84195777080149,381.389,SF-P3O-v1,Walker2d-v4,3
807783,reward,6154,362.6254534035181,377.769,SF-P3O-v1,Walker2d-v4,3
807915,reward,6155,368.8831671554816,381.4,SF-P3O-v1,Walker2d-v4,3
808074,reward,6156,399.2267813975654,388.906,SF-P3O-v1,Walker2d-v4,3
808221,reward,6157,411.6816727208762,388.357,SF-P3O-v1,Walker2d-v4,3
808400,reward,6158,463.9430390082905,415.89,SF-P3O-v1,Walker2d-v4,3
808568,reward,6159,434.3256859033322,420.834,SF-P3O-v1,Walker2d-v4,3
808720,reward,6160,413.0643021933622,430.185,SF-P3O-v1,Walker2d-v4,3
808871,reward,6161,402.14976447292867,432.519,SF-P3O-v1,Walker2d-v4,3
809004,reward,6162,357.97873570995574,383.572,SF-P3O-v1,Walker2d-v4,3
809124,reward,6163,299.18369669826325,391.306,SF-P3O-v1,Walker2d-v4,3
809250,reward,6164,311.50082845594716,386.194,SF-P3O-v1,Walker2d-v4,3
809375,reward,6165,302.12955628272977,379.518,SF-P3O-v1,Walker2d-v4,3
809497,reward,6166,307.19650154450073,370.315,SF-P3O-v1,Walker2d-v4,3
809649,reward,6167,385.668039679543,367.714,SF-P3O-v1,Walker2d-v4,3
809793,reward,6168,361.3794602695882,357.458,SF-P3O-v1,Walker2d-v4,3
809954,reward,6169,399.88946870693223,354.014,SF-P3O-v1,Walker2d-v4,3
810000,speed,818.3,22.8,SF-P3O-v1,Walker2d-v4,3
810001,perturb,0.075936,0.950474,0.4959,21733,46113,0.584212,9,SF-P3O-v1,Walker2d-v4,3
810086,reward,6170,353.339939024441,348.042,SF-P3O-v1,Walker2d-v4,3
810228,reward,6171,395.2178618078282,347.348,SF-P3O-v1,Walker2d-v4,3
810432,reward,6172,575.5357616846898,369.104,SF-P3O-v1,Walker2d-v4,3
810520,reward,6173,189.98196723943784,358.184,SF-P3O-v1,Walker2d-v4,3
810685,reward,6174,442.48140874685936,371.282,SF-P3O-v1,Walker2d-v4,3
810819,reward,6175,351.1028913970681,376.179,SF-P3O-v1,Walker2d-v4,3
810963,reward,6176,411.7374674512467,386.633,SF-P3O-v1,Walker2d-v4,3
811008,loss,-0.0122359748929739,0.6054890155792236,SF-P3O-v1,Walker2d-v4,3
811126,reward,6177,470.9090199758815,395.158,SF-P3O-v1,Walker2d-v4,3
811307,reward,6178,492.5851579186892,408.278,SF-P3O-v1,Walker2d-v4,3
811419,reward,6179,284.5463153553413,396.744,SF-P3O-v1,Walker2d-v4,3
811531,reward,6180,263.0570814101746,387.715,SF-P3O-v1,Walker2d-v4,3
811670,reward,6181,408.37125811552664,389.031,SF-P3O-v1,Walker2d-v4,3
811801,reward,6182,336.66989220119774,365.144,SF-P3O-v1,Walker2d-v4,3
811969,reward,6183,427.8160958476312,388.928,SF-P3O-v1,Walker2d-v4,3
812105,reward,6184,379.8021992263672,382.66,SF-P3O-v1,Walker2d-v4,3
812258,reward,6185,402.59001354486384,387.808,SF-P3O-v1,Walker2d-v4,3
812431,reward,6186,518.889023357677,398.524,SF-P3O-v1,Walker2d-v4,3
812636,reward,6187,567.6246541441761,408.195,SF-P3O-v1,Walker2d-v4,3
812778,reward,6188,377.8126714797492,396.718,SF-P3O-v1,Walker2d-v4,3
812901,reward,6189,304.71332153956894,398.735,SF-P3O-v1,Walker2d-v4,3
813066,reward,6190,337.3912114833957,406.168,SF-P3O-v1,Walker2d-v4,3
813156,reward,6191,159.56773675907155,381.288,SF-P3O-v1,Walker2d-v4,3
813338,reward,6192,450.6373044956856,392.684,SF-P3O-v1,Walker2d-v4,3
813488,reward,6193,452.049908116174,395.108,SF-P3O-v1,Walker2d-v4,3
813672,reward,6194,550.0458408481353,412.132,SF-P3O-v1,Walker2d-v4,3
813885,reward,6195,587.4948697482212,430.623,SF-P3O-v1,Walker2d-v4,3
814038,reward,6196,400.36184996758504,418.77,SF-P3O-v1,Walker2d-v4,3
814160,reward,6197,316.20066536168645,393.628,SF-P3O-v1,Walker2d-v4,3
814335,reward,6198,435.74735487288746,399.421,SF-P3O-v1,Walker2d-v4,3
814490,reward,6199,409.9391599660108,409.944,SF-P3O-v1,Walker2d-v4,3
814599,reward,6200,276.0106640418492,403.806,SF-P3O-v1,Walker2d-v4,3
814725,reward,6201,320.26565109390435,419.875,SF-P3O-v1,Walker2d-v4,3
814838,reward,6202,275.69561336319066,402.381,SF-P3O-v1,Walker2d-v4,3
815020,reward,6203,486.6971223260814,405.846,SF-P3O-v1,Walker2d-v4,3
815215,reward,6204,516.931462729521,402.534,SF-P3O-v1,Walker2d-v4,3
815354,reward,6205,383.66404083194516,382.151,SF-P3O-v1,Walker2d-v4,3
815508,reward,6206,458.22309980231626,387.937,SF-P3O-v1,Walker2d-v4,3
815670,reward,6207,473.6303912403194,403.68,SF-P3O-v1,Walker2d-v4,3
815823,reward,6208,416.0278226058587,401.709,SF-P3O-v1,Walker2d-v4,3
815977,reward,6209,408.5621312664024,401.571,SF-P3O-v1,Walker2d-v4,3
816108,reward,6210,360.4392812247058,410.014,SF-P3O-v1,Walker2d-v4,3
816252,reward,6211,402.30367353035155,418.217,SF-P3O-v1,Walker2d-v4,3
816416,reward,6212,437.2329827964799,434.371,SF-P3O-v1,Walker2d-v4,3
816536,reward,6213,350.1268981672067,420.714,SF-P3O-v1,Walker2d-v4,3
816720,reward,6214,481.59559050258724,417.181,SF-P3O-v1,Walker2d-v4,3
816868,reward,6215,402.31923712797715,419.046,SF-P3O-v1,Walker2d-v4,3
817016,reward,6216,357.31656173854066,408.955,SF-P3O-v1,Walker2d-v4,3
817170,reward,6217,402.43056796546733,401.835,SF-P3O-v1,Walker2d-v4,3
817329,reward,6218,369.75053903897987,397.208,SF-P3O-v1,Walker2d-v4,3
817457,reward,6219,339.4812879108914,390.3,SF-P3O-v1,Walker2d-v4,3
817513,reward,6220,91.45999633054569,363.402,SF-P3O-v1,Walker2d-v4,3
817647,reward,6221,336.7031128136837,356.842,SF-P3O-v1,Walker2d-v4,3
817781,reward,6222,364.5395100521462,349.572,SF-P3O-v1,Walker2d-v4,3
817933,reward,6223,439.59728436171605,358.519,SF-P3O-v1,Walker2d-v4,3
818077,reward,6224,398.9744597979953,350.257,SF-P3O-v1,Walker2d-v4,3
818187,reward,6225,266.2496775260147,336.65,SF-P3O-v1,Walker2d-v4,3
818277,reward,6226,182.2502124893851,319.144,SF-P3O-v1,Walker2d-v4,3
818403,reward,6227,343.78354478119894,313.279,SF-P3O-v1,Walker2d-v4,3
818532,reward,6228,346.76407877858344,310.98,SF-P3O-v1,Walker2d-v4,3
818710,reward,6229,483.502474257696,325.382,SF-P3O-v1,Walker2d-v4,3
818890,reward,6230,427.9395088587294,359.03,SF-P3O-v1,Walker2d-v4,3
819020,reward,6231,329.95156192427146,358.355,SF-P3O-v1,Walker2d-v4,3
819198,reward,6232,458.13205058849474,367.714,SF-P3O-v1,Walker2d-v4,3
819200,loss,-0.017842184752225876,0.5570827126502991,SF-P3O-v1,Walker2d-v4,3
819200,diagnostics,0.0,82.85,39.662,0.078195,0.949196,0.537,0.133642,SF-P3O-v1,Walker2d-v4,3
819369,reward,6233,415.8627212922961,365.341,SF-P3O-v1,Walker2d-v4,3
819507,reward,6234,380.99122776292006,363.543,SF-P3O-v1,Walker2d-v4,3
819604,reward,6235,226.74076583988858,359.592,SF-P3O-v1,Walker2d-v4,3
819777,reward,6236,417.310886798714,383.098,SF-P3O-v1,Walker2d-v4,3
819905,reward,6237,336.33573450871415,382.353,SF-P3O-v1,Walker2d-v4,3
820000,speed,519.91,23.12,SF-P3O-v1,Walker2d-v4,3
820001,spectral,0.078195,0.949196,0.537,SF-P3O-v1,Walker2d-v4,3
820019,reward,6238,264.72362530441586,374.149,SF-P3O-v1,Walker2d-v4,3
820164,reward,6239,394.8726417548214,365.286,SF-P3O-v1,Walker2d-v4,3
820289,reward,6240,314.1997275681633,353.912,SF-P3O-v1,Walker2d-v4,3
820488,reward,6241,535.2187511099145,374.439,SF-P3O-v1,Walker2d-v4,3
820663,reward,6242,419.01283782989407,370.527,SF-P3O-v1,Walker2d-v4,3
820734,reward,6243,148.78821891328585,343.819,SF-P3O-v1,Walker2d-v4,3
820922,reward,6244,511.5295460854018,356.873,SF-P3O-v1,Walker2d-v4,3
821082,reward,6245,459.4079976669895,380.14,SF-P3O-v1,Walker2d-v4,3
821201,reward,6246,287.62289031851833,367.171,SF-P3O-v1,Walker2d-v4,3
821341,reward,6247,332.01715966876793,366.739,SF-P3O-v1,Walker2d-v4,3
821457,reward,6248,298.7857910717231,370.146,SF-P3O-v1,Walker2d-v4,3
821634,reward,6249,462.44059289225686,376.902,SF-P3O-v1,Walker2d-v4,3
821764,reward,6250,353.73465334426396,380.856,SF-P3O-v1,Walker2d-v4,3
821915,reward,6251,413.57977097342734,368.692,SF-P3O-v1,Walker2d-v4,3
822051,reward,6252,361.0680875669672,362.897,SF-P3O-v1,Walker2d-v4,3
822264,reward,6253,569.4514016631729,404.964,SF-P3O-v1,Walker2d-v4,3
822419,reward,6254,441.6556533318739,397.976,SF-P3O-v1,Walker2d-v4,3
822609,reward,6255,462.396945907842,398.275,SF-P3O-v1,Walker2d-v4,3
822748,reward,6256,381.5448530081117,407.667,SF-P3O-v1,Walker2d-v4,3
822892,reward,6257,403.9705777436318,414.863,SF-P3O-v1,Walker2d-v4,3
823055,reward,6258,454.51396604475536,430.436,SF-P3O-v1,Walker2d-v4,3
823182,reward,6259,303.6832203055961,414.56,SF-P3O-v1,Walker2d-v4,3
823292,reward,6260,282.81840549181925,407.468,SF-P3O-v1,Walker2d-v4,3
823497,reward,6261,513.4783481170526,417.458,SF-P3O-v1,Walker2d-v4,3
823621,reward,6262,303.87497192623226,411.739,SF-P3O-v1,Walker2d-v4,3
823764,reward,6263,351.3186690305592,389.926,SF-P3O-v1,Walker2d-v4,3
823902,reward,6264,433.816471990617,389.142,SF-P3O-v1,Walker2d-v4,3
824104,reward,6265,560.8687744514395,398.989,SF-P3O-v1,Walker2d-v4,3
824274,reward,6266,428.9924376925448,403.734,SF-P3O-v1,Walker2d-v4,3
824411,reward,6267,356.4943319681854,398.986,SF-P3O-v1,Walker2d-v4,3
824506,reward,6268,163.87994027719765,369.923,SF-P3O-v1,Walker2d-v4,3
824622,reward,6269,325.876856248684,372.142,SF-P3O-v1,Walker2d-v4,3
824786,reward,6270,435.44275902682205,387.404,SF-P3O-v1,Walker2d-v4,3
824966,reward,6271,474.2596568656573,383.482,SF-P3O-v1,Walker2d-v4,3
825088,reward,6272,321.03301505629884,385.198,SF-P3O-v1,Walker2d-v4,3
825252,reward,6273,454.1373431079222,395.48,SF-P3O-v1,Walker2d-v4,3
825366,reward,6274,292.2856086881679,381.327,SF-P3O-v1,Walker2d-v4,3
825482,reward,6275,307.80676278309807,356.021,SF-P3O-v1,Walker2d-v4,3
825625,reward,6276,380.2610109398946,351.148,SF-P3O-v1,Walker2d-v4,3
825778,reward,6277,402.47848840075034,355.746,SF-P3O-v1,Walker2d-v4,3
825907,reward,6278,317.7458725168923,371.133,SF-P3O-v1,Walker2d-v4,3
826022,reward,6279,279.7855954378176,366.524,SF-P3O-v1,Walker2d-v4,3
826146,reward,6280,307.3693023935178,353.716,SF-P3O-v1,Walker2d-v4,3
826261,reward,6281,311.602914948092,337.451,SF-P3O-v1,Walker2d-v4,3
826472,reward,6282,526.7453456827042,358.022,SF-P3O-v1,Walker2d-v4,3
826627,reward,6283,416.834855353104,354.292,SF-P3O-v1,Walker2d-v4,3
826743,reward,6284,298.10785678278745,354.874,SF-P3O-v1,Walker2d-v4,3
826882,reward,6285,419.27052368308983,366.02,SF-P3O-v1,Walker2d-v4,3
827053,reward,6286,486.8812507192205,376.682,SF-P3O-v1,Walker2d-v4,3
827167,reward,6287,288.7683926370501,365.311,SF-P3O-v1,Walker2d-v4,3
827298,reward,6288,330.22059271503923,366.559,SF-P3O-v1,Walker2d-v4,3
827378,reward,6289,169.70008486554627,355.55,SF-P3O-v1,Walker2d-v4,3
827392,loss,-0.037887461483478546,1.013060212135315,SF-P3O-v1,Walker2d-v4,3
827538,reward,6290,463.25010056020363,371.138,SF-P3O-v1,Walker2d-v4,3
827686,reward,6291,388.02723642185725,378.781,SF-P3O-v1,Walker2d-v4,3
827860,reward,6292,517.7844666206829,377.885,SF-P3O-v1,Walker2d-v4,3
827986,reward,6293,323.7514567964327,368.576,SF-P3O-v1,Walker2d-v4,3
828176,reward,6294,523.0430981936059,391.07,SF-P3O-v1,Walker2d-v4,3
828336,reward,6295,477.34992502580855,396.878,SF-P3O-v1,Walker2d-v4,3
828449,reward,6296,241.38587961053074,372.328,SF-P3O-v1,Walker2d-v4,3
828590,reward,6297,385.59307696533637,382.011,SF-P3O-v1,Walker2d-v4,3
828747,reward,6298,384.16935174023723,387.405,SF-P3O-v1,Walker2d-v4,3
828924,reward,6299,483.9540050179016,418.831,SF-P3O-v1,Walker2d-v4,3
829121,reward,6300,544.7194602826323,426.978,SF-P3O-v1,Walker2d-v4,3
829294,reward,6301,457.68329870079657,433.943,SF-P3O-v1,Walker2d-v4,3
829449,reward,6302,424.5464769712107,424.62,SF-P3O-v1,Walker2d-v4,3
829605,reward,6303,385.2496442888754,430.769,SF-P3O-v1,Walker2d-v4,3
829744,reward,6304,357.7749645954682,414.243,SF-P3O-v1,Walker2d-v4,3
829900,reward,6305,421.2665974765196,408.634,SF-P3O-v1,Walker2d-v4,3
830000,speed,833.96,23.32,SF-P3O-v1,Walker2d-v4,3
830001,spectral,0.078266,0.949123,0.5503,SF-P3O-v1,Walker2d-v4,3
830071,reward,6306,466.0345876191433,431.099,SF-P3O-v1,Walker2d-v4,3
830306,reward,6307,650.1268473450539,457.553,SF-P3O-v1,Walker2d-v4,3
830442,reward,6308,360.3244958100449,455.168,SF-P3O-v1,Walker2d-v4,3
830571,reward,6309,381.96732849033106,444.969,SF-P3O-v1,Walker2d-v4,3
830672,reward,6310,256.1475547617023,416.112,SF-P3O-v1,Walker2d-v4,3
830846,reward,6311,486.59575147286967,419.003,SF-P3O-v1,Walker2d-v4,3
830983,reward,6312,332.773421837116,409.826,SF-P3O-v1,Walker2d-v4,3
831053,reward,6313,148.69098696227013,386.17,SF-P3O-v1,Walker2d-v4,3
831282,reward,6314,590.2611562654031,409.419,SF-P3O-v1,Walker2d-v4,3
831403,reward,6315,321.1778391159908,399.41,SF-P3O-v1,Walker2d-v4,3
831497,reward,6316,211.033768675083,373.91,SF-P3O-v1,Walker2d-v4,3
831572,reward,6317,155.9875412654856,324.496,SF-P3O-v1,Walker2d-v4,3
831641,reward,6318,136.51911321161967,302.115,SF-P3O-v1,Walker2d-v4,3
831783,reward,6319,392.9859566701143,303.217,SF-P3O-v1,Walker2d-v4,3
831954,reward,6320,494.7375069637328,327.076,SF-P3O-v1,Walker2d-v4,3
832096,reward,6321,398.61925370908244,318.279,SF-P3O-v1,Walker2d-v4,3
832242,reward,6322,385.2414924103989,323.525,SF-P3O-v1,Walker2d-v4,3
832439,reward,6323,562.0208198037479,364.858,SF-P3O-v1,Walker2d-v4,3
832636,reward,6324,403.92483460618695,346.225,SF-P3O-v1,Walker2d-v4,3
832764,reward,6325,298.17987210835946,343.925,SF-P3O-v1,Walker2d-v4,3
832895,reward,6326,346.1607803223684,357.438,SF-P3O-v1,Walker2d-v4,3
833038,reward,6327,388.54601413724674,380.694,SF-P3O-v1,Walker2d-v4,3
833225,reward,6328,449.4305305151599,411.985,SF-P3O-v1,Walker2d-v4,3
833303,reward,6329,172.13946530410172,389.9,SF-P3O-v1,Walker2d-v4,3
833446,reward,6330,382.0170509929595,378.628,SF-P3O-v1,Walker2d-v4,3
833628,reward,6331,543.71364254216,393.137,SF-P3O-v1,Walker2d-v4,3
833740,reward,6332,285.01528497507104,383.115,SF-P3O-v1,Walker2d-v4,3
833884,reward,6333,397.5276076056326,366.666,SF-P3O-v1,Walker2d-v4,3
833979,reward,6334,215.8902408919997,347.862,SF-P3O-v1,Walker2d-v4,3
834114,reward,6335,361.1541431167019,354.159,SF-P3O-v1,Walker2d-v4,3
834297,reward,6336,480.68837826175115,367.612,SF-P3O-v1,Walker2d-v4,3
834426,reward,6337,378.30088849716344,366.588,SF-P3O-v1,Walker2d-v4,3
834518,reward,6338,210.75551589625104,342.72,SF-P3O-v1,Walker2d-v4,3
834684,reward,6339,431.27948103572646,368.634,SF-P3O-v1,Walker2d-v4,3
834827,reward,6340,374.75406583204244,367.908,SF-P3O-v1,Walker2d-v4,3
834950,reward,6341,315.1217163008005,345.049,SF-P3O-v1,Walker2d-v4,3
835102,reward,6342,425.51427106559606,359.099,SF-P3O-v1,Walker2d-v4,3
835247,reward,6343,390.26477719144407,358.372,SF-P3O-v1,Walker2d-v4,3
835451,reward,6344,535.5764451400008,390.341,SF-P3O-v1,Walker2d-v4,3
835577,reward,6345,352.7852886118533,389.504,SF-P3O-v1,Walker2d-v4,3
835584,loss,-0.0038374513387680054,0.7421061992645264,SF-P3O-v1,Walker2d-v4,3
835584,diagnostics,0.0,83.05,57.4907,0.078374,0.948974,0.5548,0.125693,SF-P3O-v1,Walker2d-v4,3
835777,reward,6346,553.6369674737917,396.799,SF-P3O-v1,Walker2d-v4,3
835904,reward,6347,344.453217620079,393.414,SF-P3O-v1,Walker2d-v4,3
836041,reward,6348,354.1791839178171,407.757,SF-P3O-v1,Walker2d-v4,3
836189,reward,6349,436.0544538434273,408.234,SF-P3O-v1,Walker2d-v4,3
836348,reward,6350,437.81287717016755,414.54,SF-P3O-v1,Walker2d-v4,3
836468,reward,6351,295.5613907827326,412.584,SF-P3O-v1,Walker2d-v4,3
836619,reward,6352,406.78043900442,410.711,SF-P3O-v1,Walker2d-v4,3
836778,reward,6353,400.9089455101956,411.775,SF-P3O-v1,Walker2d-v4,3
837106,reward,6354,878.3217410461234,446.049,SF-P3O-v1,Walker2d-v4,3
837223,reward,6355,286.53455051385083,439.424,SF-P3O-v1,Walker2d-v4,3
837380,reward,6356,436.73999871539456,427.735,SF-P3O-v1,Walker2d-v4,3
837514,reward,6357,347.24651519023735,428.014,SF-P3O-v1,Walker2d-v4,3
837721,reward,6358,548.6295039910995,447.459,SF-P3O-v1,Walker2d-v4,3
837811,reward,6359,211.89996497739202,425.044,SF-P3O-v1,Walker2d-v4,3
837996,reward,6360,443.007182588624,425.563,SF-P3O-v1,Walker2d-v4,3
838150,reward,6361,409.8718712562133,436.994,SF-P3O-v1,Walker2d-v4,3
838287,reward,6362,362.408690429132,432.557,SF-P3O-v1,Walker2d-v4,3
838410,reward,6363,312.151056642849,423.681,SF-P3O-v1,Walker2d-v4,3
838557,reward,6364,419.9327980708077,377.842,SF-P3O-v1,Walker2d-v4,3
838710,reward,6365,442.01711181245815,393.39,SF-P3O-v1,Walker2d-v4,3
838864,reward,6366,429.06045251502496,392.623,SF-P3O-v1,Walker2d-v4,3
839020,reward,6367,407.40362325739466,398.638,SF-P3O-v1,Walker2d-v4,3
839177,reward,6368,469.12086695561953,390.687,SF-P3O-v1,Walker2d-v4,3
839324,reward,6369,392.95566509026213,408.793,SF-P3O-v1,Walker2d-v4,3
839416,reward,6370,211.28017441826944,385.62,SF-P3O-v1,Walker2d-v4,3
839592,reward,6371,470.56907920566056,391.69,SF-P3O-v1,Walker2d-v4,3
839713,reward,6372,324.79665101976394,387.929,SF-P3O-v1,Walker2d-v4,3
839864,reward,6373,331.8469616409532,389.898,SF-P3O-v1,Walker2d-v4,3
840000,speed,840.42,23.51,SF-P3O-v1,Walker2d-v4,3
840001,spectral,0.078374,0.948974,0.5548,SF-P3O-v1,Walker2d-v4,3
840003,reward,6374,384.4505143946235,386.35,SF-P3O-v1,Walker2d-v4,3
840183,reward,6375,429.748538415916,385.123,SF-P3O-v1,Walker2d-v4,3
840300,reward,6376,298.6150468983156,372.079,SF-P3O-v1,Walker2d-v4,3
840438,reward,6377,336.47227179508616,364.986,SF-P3O-v1,Walker2d-v4,3
840591,reward,6378,332.6681863260921,351.34,SF-P3O-v1,Walker2d-v4,3
840717,reward,6379,348.51660138944607,346.896,SF-P3O-v1,Walker2d-v4,3
840877,reward,6380,388.31176863596255,364.6,SF-P3O-v1,Walker2d-v4,3
841038,reward,6381,419.14993152141403,359.458,SF-P3O-v1,Walker2d-v4,3
841134,reward,6382,234.07315456285752,350.385,SF-P3O-v1,Walker2d-v4,3
841270,reward,6383,404.61538193823367,357.662,SF-P3O-v1,Walker2d-v4,3
841432,reward,6384,431.5826547534659,362.375,SF-P3O-v1,Walker2d-v4,3
841582,reward,6385,403.76898633345945,359.777,SF-P3O-v1,Walker2d-v4,3
841742,reward,6386,382.28994446441897,368.145,SF-P3O-v1,Walker2d-v4,3
841862,reward,6387,298.2440320510354,364.322,SF-P3O-v1,Walker2d-v4,3
842091,reward,6388,620.2684946551307,393.082,SF-P3O-v1,Walker2d-v4,3
842214,reward,6389,357.91302137398293,394.022,SF-P3O-v1,Walker2d-v4,3
842347,reward,6390,323.4642015267076,387.537,SF-P3O-v1,Walker2d-v4,3
842560,reward,6391,543.5334177443317,399.975,SF-P3O-v1,Walker2d-v4,3
842717,reward,6392,444.0977756450293,420.978,SF-P3O-v1,Walker2d-v4,3
842900,reward,6393,509.3177119261818,431.448,SF-P3O-v1,Walker2d-v4,3
843024,reward,6394,308.7106687736859,419.161,SF-P3O-v1,Walker2d-v4,3
843109,reward,6395,169.89301503244118,395.773,SF-P3O-v1,Walker2d-v4,3
843261,reward,6396,437.4882846279523,401.293,SF-P3O-v1,Walker2d-v4,3
843409,reward,6397,403.797563386301,411.848,SF-P3O-v1,Walker2d-v4,3
843540,reward,6398,359.59879680290067,385.781,SF-P3O-v1,Walker2d-v4,3
843687,reward,6399,374.57405593887785,387.448,SF-P3O-v1,Walker2d-v4,3
843776,loss,-0.1309196949005127,0.6688777208328247,SF-P3O-v1,Walker2d-v4,3
843830,reward,6400,410.29562942540406,396.131,SF-P3O-v1,Walker2d-v4,3
843934,reward,6401,233.16220847634048,365.094,SF-P3O-v1,Walker2d-v4,3
844077,reward,6402,375.4011442513638,358.224,SF-P3O-v1,Walker2d-v4,3
844210,reward,6403,351.4417611989052,342.436,SF-P3O-v1,Walker2d-v4,3
844384,reward,6404,484.08449961604003,359.974,SF-P3O-v1,Walker2d-v4,3
844543,reward,6405,467.9848915722428,389.783,SF-P3O-v1,Walker2d-v4,3
844740,reward,6406,583.7015945368698,404.404,SF-P3O-v1,Walker2d-v4,3
844879,reward,6407,367.7703089225571,400.801,SF-P3O-v1,Walker2d-v4,3
845004,reward,6408,321.3499650687592,396.977,SF-P3O-v1,Walker2d-v4,3
845182,reward,6409,468.29308376117984,406.349,SF-P3O-v1,Walker2d-v4,3
845307,reward,6410,341.17631927163393,399.437,SF-P3O-v1,Walker2d-v4,3
845468,reward,6411,448.56973288186384,420.977,SF-P3O-v1,Walker2d-v4,3
845617,reward,6412,441.7237562695305,427.61,SF-P3O-v1,Walker2d-v4,3
845745,reward,6413,338.58310269804184,426.324,SF-P3O-v1,Walker2d-v4,3
845815,reward,6414,142.4506687214548,392.16,SF-P3O-v1,Walker2d-v4,3
845963,reward,6415,423.2178791720769,387.684,SF-P3O-v1,Walker2d-v4,3
846117,reward,6416,407.57997704025104,370.071,SF-P3O-v1,Walker2d-v4,3
846246,reward,6417,327.00545366568684,365.995,SF-P3O-v1,Walker2d-v4,3
846380,reward,6418,361.6820810502326,370.028,SF-P3O-v1,Walker2d-v4,3
846459,reward,6419,164.0320775804475,339.602,SF-P3O-v1,Walker2d-v4,3
846591,reward,6420,340.4758962129305,339.532,SF-P3O-v1,Walker2d-v4,3
846721,reward,6421,327.32528451925845,327.408,SF-P3O-v1,Walker2d-v4,3
846852,reward,6422,349.4922757748725,318.184,SF-P3O-v1,Walker2d-v4,3
846984,reward,6423,384.33190116048894,322.759,SF-P3O-v1,Walker2d-v4,3
847140,reward,6424,427.38577215105914,351.253,SF-P3O-v1,Walker2d-v4,3
847213,reward,6425,171.2694254008548,326.058,SF-P3O-v1,Walker2d-v4,3
847345,reward,6426,362.41806633548185,321.542,SF-P3O-v1,Walker2d-v4,3
847521,reward,6427,522.1047355699372,341.052,SF-P3O-v1,Walker2d-v4,3
847689,reward,6428,467.3191193481654,351.615,SF-P3O-v1,Walker2d-v4,3
847860,reward,6429,489.9051897823657,384.203,SF-P3O-v1,Walker2d-v4,3
847977,reward,6430,306.15596478178065,380.771,SF-P3O-v1,Walker2d-v4,3
848179,reward,6431,485.66419184936484,396.605,SF-P3O-v1,Walker2d-v4,3
848309,reward,6432,353.939954078684,397.049,SF-P3O-v1,Walker2d-v4,3
848465,reward,6433,421.9815886039399,400.814,SF-P3O-v1,Walker2d-v4,3
848613,reward,6434,401.7572228962618,398.252,SF-P3O-v1,Walker2d-v4,3
848749,reward,6435,284.1454540682505,409.539,SF-P3O-v1,Walker2d-v4,3
848861,reward,6436,265.23272902034023,399.821,SF-P3O-v1,Walker2d-v4,3
849004,reward,6437,400.7394831107772,387.684,SF-P3O-v1,Walker2d-v4,3
849132,reward,6438,324.8003556246401,373.432,SF-P3O-v1,Walker2d-v4,3
849265,reward,6439,363.49184223895736,360.791,SF-P3O-v1,Walker2d-v4,3
849406,reward,6440,352.28886970380876,365.404,SF-P3O-v1,Walker2d-v4,3
849561,reward,6441,448.1480340368371,361.653,SF-P3O-v1,Walker2d-v4,3
849727,reward,6442,419.71493427979124,368.23,SF-P3O-v1,Walker2d-v4,3
849911,reward,6443,520.1914545893213,378.051,SF-P3O-v1,Walker2d-v4,3
850000,speed,863.74,23.71,SF-P3O-v1,Walker2d-v4,3
850001,spectral,0.078564,0.94894,0.5694,SF-P3O-v1,Walker2d-v4,3
850045,reward,6444,364.3863640881631,374.314,SF-P3O-v1,Walker2d-v4,3
850219,reward,6445,479.98170133845696,393.898,SF-P3O-v1,Walker2d-v4,3
850365,reward,6446,421.5276705182218,409.527,SF-P3O-v1,Walker2d-v4,3
850485,reward,6447,286.411563319473,398.094,SF-P3O-v1,Walker2d-v4,3
850612,reward,6448,342.46459960240463,399.861,SF-P3O-v1,Walker2d-v4,3
850768,reward,6449,422.84167738439817,405.796,SF-P3O-v1,Walker2d-v4,3
850941,reward,6450,493.03783005201575,419.871,SF-P3O-v1,Walker2d-v4,3
851136,reward,6451,545.2636815821205,429.582,SF-P3O-v1,Walker2d-v4,3
851317,reward,6452,494.93637167499355,437.104,SF-P3O-v1,Walker2d-v4,3
851500,reward,6453,558.3434109836359,440.919,SF-P3O-v1,Walker2d-v4,3
851665,reward,6454,460.61100490000166,450.542,SF-P3O-v1,Walker2d-v4,3
851779,reward,6455,285.7826196891286,431.122,SF-P3O-v1,Walker2d-v4,3
851847,reward,6456,123.004797068111,401.27,SF-P3O-v1,Walker2d-v4,3
851968,loss,-0.2079964280128479,0.9226609468460083,SF-P3O-v1,Walker2d-v4,3
851968,diagnostics,0.0,83.29,69.6311,0.078789,0.94875,0.5816,0.121373,SF-P3O-v1,Walker2d-v4,3
852078,reward,6457,609.5538901623761,433.584,SF-P3O-v1,Walker2d-v4,3
852213,reward,6458,308.5725606070759,430.195,SF-P3O-v1,Walker2d-v4,3
852358,reward,6459,367.2013175819768,424.631,SF-P3O-v1,Walker2d-v4,3
852499,reward,6460,382.30788809469306,413.558,SF-P3O-v1,Walker2d-v4,3
852577,reward,6461,169.62737694608649,375.994,SF-P3O-v1,Walker2d-v4,3
852755,reward,6462,490.5854908678856,375.559,SF-P3O-v1,Walker2d-v4,3
852916,reward,6463,448.51555972237435,364.576,SF-P3O-v1,Walker2d-v4,3
853068,reward,6464,465.6773356568264,365.083,SF-P3O-v1,Walker2d-v4,3
853228,reward,6465,449.42694904413804,381.447,SF-P3O-v1,Walker2d-v4,3
853367,reward,6466,368.6985893170428,406.017,SF-P3O-v1,Walker2d-v4,3
853522,reward,6467,430.4868908536121,388.11,SF-P3O-v1,Walker2d-v4,3
853697,reward,6468,458.97027109688406,403.15,SF-P3O-v1,Walker2d-v4,3
853763,reward,6469,117.52982591951978,378.183,SF-P3O-v1,Walker2d-v4,3
853923,reward,6470,432.89630155150076,383.241,SF-P3O-v1,Walker2d-v4,3
854057,reward,6471,373.41837297036625,403.621,SF-P3O-v1,Walker2d-v4,3
854204,reward,6472,409.8018294647318,395.542,SF-P3O-v1,Walker2d-v4,3
854350,reward,6473,409.9035796815568,391.681,SF-P3O-v1,Walker2d-v4,3
854482,reward,6474,343.8010255580553,379.493,SF-P3O-v1,Walker2d-v4,3
854633,reward,6475,432.6020857307781,377.811,SF-P3O-v1,Walker2d-v4,3
854696,reward,6476,111.53153633960295,352.094,SF-P3O-v1,Walker2d-v4,3
854756,reward,6477,105.20666353301054,319.566,SF-P3O-v1,Walker2d-v4,3
854902,reward,6478,427.0131703558126,316.37,SF-P3O-v1,Walker2d-v4,3
855047,reward,6479,414.0196273834198,346.019,SF-P3O-v1,Walker2d-v4,3
855227,reward,6480,493.49460506255525,352.079,SF-P3O-v1,Walker2d-v4,3
855358,reward,6481,336.7942235190954,348.417,SF-P3O-v1,Walker2d-v4,3
855515,reward,6482,409.16509383796233,348.353,SF-P3O-v1,Walker2d-v4,3
855714,reward,6483,492.93716317416477,356.657,SF-P3O-v1,Walker2d-v4,3
855865,reward,6484,431.73961759350004,365.45,SF-P3O-v1,Walker2d-v4,3
856010,reward,6485,420.94606186530893,364.285,SF-P3O-v1,Walker2d-v4,3
856102,reward,6486,191.5768437913236,372.289,SF-P3O-v1,Walker2d-v4,3
856261,reward,6487,432.9647770276225,405.065,SF-P3O-v1,Walker2d-v4,3
856411,reward,6488,412.8257776960236,403.646,SF-P3O-v1,Walker2d-v4,3
856560,reward,6489,378.60283607797373,400.105,SF-P3O-v1,Walker2d-v4,3
856704,reward,6490,372.9715247816245,388.052,SF-P3O-v1,Walker2d-v4,3
856814,reward,6491,272.40058173222917,381.613,SF-P3O-v1,Walker2d-v4,3
856950,reward,6492,345.43849838349945,375.24,SF-P3O-v1,Walker2d-v4,3
857089,reward,6493,364.0312093570795,362.35,SF-P3O-v1,Walker2d-v4,3
857224,reward,6494,390.58793073780726,358.235,SF-P3O-v1,Walker2d-v4,3
857377,reward,6495,418.118211963065,357.952,SF-P3O-v1,Walker2d-v4,3
857541,reward,6496,433.86614064319957,382.181,SF-P3O-v1,Walker2d-v4,3
857709,reward,6497,479.9143560113506,386.876,SF-P3O-v1,Walker2d-v4,3
857793,reward,6498,175.13095546993168,363.106,SF-P3O-v1,Walker2d-v4,3
857913,reward,6499,298.83211924464854,355.129,SF-P3O-v1,Walker2d-v4,3
858073,reward,6500,413.0142430432868,359.133,SF-P3O-v1,Walker2d-v4,3
858249,reward,6501,508.50333356104403,382.744,SF-P3O-v1,Walker2d-v4,3
858391,reward,6502,360.47016054112004,384.247,SF-P3O-v1,Walker2d-v4,3
858536,reward,6503,390.4502776109359,386.889,SF-P3O-v1,Walker2d-v4,3
858706,reward,6504,423.981634375543,390.228,SF-P3O-v1,Walker2d-v4,3
858862,reward,6505,427.18327084932264,391.135,SF-P3O-v1,Walker2d-v4,3
859032,reward,6506,498.66832510942515,397.615,SF-P3O-v1,Walker2d-v4,3
859170,reward,6507,392.51864646304386,388.875,SF-P3O-v1,Walker2d-v4,3
859264,reward,6508,193.5930264423074,390.722,SF-P3O-v1,Walker2d-v4,3
859456,reward,6509,502.8271714522587,411.121,SF-P3O-v1,Walker2d-v4,3
859529,reward,6510,152.57106813153385,385.077,SF-P3O-v1,Walker2d-v4,3
859686,reward,6511,408.4350794476536,375.07,SF-P3O-v1,Walker2d-v4,3
859842,reward,6512,433.50457458402815,382.373,SF-P3O-v1,Walker2d-v4,3
859995,reward,6513,397.17857022530904,383.046,SF-P3O-v1,Walker2d-v4,3
860000,speed,832.66,23.91,SF-P3O-v1,Walker2d-v4,3
860001,perturb,0.078789,0.94875,0.5816,20767,47079,0.661743,10,SF-P3O-v1,Walker2d-v4,3
860128,reward,6514,333.44246780515584,373.992,SF-P3O-v1,Walker2d-v4,3
860160,loss,-0.07539620250463486,0.7121776938438416,SF-P3O-v1,Walker2d-v4,3
860310,reward,6515,477.12262004834935,378.986,SF-P3O-v1,Walker2d-v4,3
860475,reward,6516,442.92537308542114,373.412,SF-P3O-v1,Walker2d-v4,3
860624,reward,6517,421.87107391060243,376.347,SF-P3O-v1,Walker2d-v4,3
860730,reward,6518,248.5987419495874,381.848,SF-P3O-v1,Walker2d-v4,3
860906,reward,6519,467.9157539212836,378.357,SF-P3O-v1,Walker2d-v4,3
861095,reward,6520,517.4690465974536,414.846,SF-P3O-v1,Walker2d-v4,3
861247,reward,6521,391.91666605296103,413.194,SF-P3O-v1,Walker2d-v4,3
861411,reward,6522,482.7795738984089,418.122,SF-P3O-v1,Walker2d-v4,3
861554,reward,6523,420.8225603201952,420.486,SF-P3O-v1,Walker2d-v4,3
861678,reward,6524,338.6680133415713,421.009,SF-P3O-v1,Walker2d-v4,3
861822,reward,6525,394.24430162301206,412.721,SF-P3O-v1,Walker2d-v4,3
861928,reward,6526,257.30891805625004,394.159,SF-P3O-v1,Walker2d-v4,3
862114,reward,6527,492.85623943379005,401.258,SF-P3O-v1,Walker2d-v4,3
862258,reward,6528,407.451051117271,417.143,SF-P3O-v1,Walker2d-v4,3
862415,reward,6529,456.8810922720219,416.04,SF-P3O-v1,Walker2d-v4,3
862541,reward,6530,329.7875824083063,397.272,SF-P3O-v1,Walker2d-v4,3
862690,reward,6531,398.56514339817835,397.936,SF-P3O-v1,Walker2d-v4,3
862798,reward,6532,254.6157975856744,375.12,SF-P3O-v1,Walker2d-v4,3
862962,reward,6533,466.6271639649967,379.701,SF-P3O-v1,Walker2d-v4,3
863107,reward,6534,408.1575986999158,386.649,SF-P3O-v1,Walker2d-v4,3
863275,reward,6535,429.65733522885336,390.191,SF-P3O-v1,Walker2d-v4,3
863434,reward,6536,419.0689356013071,406.367,SF-P3O-v1,Walker2d-v4,3
863618,reward,6537,486.30738594747186,405.712,SF-P3O-v1,Walker2d-v4,3
863770,reward,6538,441.3962288810703,409.106,SF-P3O-v1,Walker2d-v4,3
863930,reward,6539,439.68559427115446,407.387,SF-P3O-v1,Walker2d-v4,3
864036,reward,6540,245.6469483270469,398.973,SF-P3O-v1,Walker2d-v4,3
864188,reward,6541,425.7361602604901,401.69,SF-P3O-v1,Walker2d-v4,3
864379,reward,6542,543.9743659424715,430.626,SF-P3O-v1,Walker2d-v4,3
864512,reward,6543,331.4422051037131,417.107,SF-P3O-v1,Walker2d-v4,3
864648,reward,6544,360.86669155628005,412.378,SF-P3O-v1,Walker2d-v4,3
864806,reward,6545,478.9198327372278,417.304,SF-P3O-v1,Walker2d-v4,3
864962,reward,6546,412.9747771863375,416.695,SF-P3O-v1,Walker2d-v4,3
865055,reward,6547,194.7269373552495,387.537,SF-P3O-v1,Walker2d-v4,3
865210,reward,6548,440.0456167627353,387.402,SF-P3O-v1,Walker2d-v4,3
865394,reward,6549,494.9248285292511,392.926,SF-P3O-v1,Walker2d-v4,3
865556,reward,6550,440.2394295782371,412.385,SF-P3O-v1,Walker2d-v4,3
865715,reward,6551,416.2238309797148,411.434,SF-P3O-v1,Walker2d-v4,3
865862,reward,6552,402.23404491794145,397.26,SF-P3O-v1,Walker2d-v4,3
866031,reward,6553,451.13814068744637,409.229,SF-P3O-v1,Walker2d-v4,3
866158,reward,6554,362.1446044960537,409.357,SF-P3O-v1,Walker2d-v4,3
866281,reward,6555,320.7932433276058,393.545,SF-P3O-v1,Walker2d-v4,3
866454,reward,6556,419.49539347183037,394.197,SF-P3O-v1,Walker2d-v4,3
866527,reward,6557,156.9204717754233,390.416,SF-P3O-v1,Walker2d-v4,3
866714,reward,6558,505.53347956785933,396.965,SF-P3O-v1,Walker2d-v4,3
866855,reward,6559,374.77797907028605,384.95,SF-P3O-v1,Walker2d-v4,3
866958,reward,6560,243.78069818561275,365.304,SF-P3O-v1,Walker2d-v4,3
867127,reward,6561,445.39236508237093,368.221,SF-P3O-v1,Walker2d-v4,3
867313,reward,6562,498.1697746201095,377.815,SF-P3O-v1,Walker2d-v4,3
867470,reward,6563,425.0852390659527,375.209,SF-P3O-v1,Walker2d-v4,3
867601,reward,6564,311.6130108965299,370.156,SF-P3O-v1,Walker2d-v4,3
867727,reward,6565,310.6582636681915,369.143,SF-P3O-v1,Walker2d-v4,3
867871,reward,6566,393.18343866117345,366.511,SF-P3O-v1,Walker2d-v4,3
868037,reward,6567,490.70600007441595,399.89,SF-P3O-v1,Walker2d-v4,3
868114,reward,6568,160.68190224040035,365.405,SF-P3O-v1,Walker2d-v4,3
868268,reward,6569,443.19840357158864,372.247,SF-P3O-v1,Walker2d-v4,3
868352,loss,-2.773664891719818e-05,0.9256042838096619,SF-P3O-v1,Walker2d-v4,3
868352,diagnostics,0.0,85.81,98.0582,0.080609,0.947859,0.5786,0.123105,SF-P3O-v1,Walker2d-v4,3
868420,reward,6570,419.99930358939775,389.869,SF-P3O-v1,Walker2d-v4,3
868561,reward,6571,351.4626340104869,380.476,SF-P3O-v1,Walker2d-v4,3
868747,reward,6572,520.0196538986966,382.661,SF-P3O-v1,Walker2d-v4,3
868898,reward,6573,409.1883221307662,381.071,SF-P3O-v1,Walker2d-v4,3
869050,reward,6574,413.62660208380674,391.272,SF-P3O-v1,Walker2d-v4,3
869201,reward,6575,458.32411294951874,406.039,SF-P3O-v1,Walker2d-v4,3
869345,reward,6576,390.9444780215356,405.815,SF-P3O-v1,Walker2d-v4,3
869469,reward,6577,322.0528014620863,388.95,SF-P3O-v1,Walker2d-v4,3
869633,reward,6578,498.64034019221384,422.746,SF-P3O-v1,Walker2d-v4,3
869808,reward,6579,446.96707188981947,423.123,SF-P3O-v1,Walker2d-v4,3
869973,reward,6580,440.59530331466175,425.182,SF-P3O-v1,Walker2d-v4,3
870000,speed,561.99,24.2,SF-P3O-v1,Walker2d-v4,3
870001,spectral,0.080609,0.947859,0.5786,SF-P3O-v1,Walker2d-v4,3
870141,reward,6581,483.38668876806287,438.375,SF-P3O-v1,Walker2d-v4,3
870330,reward,6582,514.09290313789,437.782,SF-P3O-v1,Walker2d-v4,3
870478,reward,6583,423.46808309549317,439.21,SF-P3O-v1,Walker2d-v4,3
870625,reward,6584,413.6113631556467,439.208,SF-P3O-v1,Walker2d-v4,3
870825,reward,6585,588.3455828722463,452.21,SF-P3O-v1,Walker2d-v4,3
870960,reward,6586,360.32857045930996,449.149,SF-P3O-v1,Walker2d-v4,3
871181,reward,6587,545.5630438152605,471.5,SF-P3O-v1,Walker2d-v4,3
871295,reward,6588,289.2822593456312,450.564,SF-P3O-v1,Walker2d-v4,3
871455,reward,6589,422.02946225774843,448.07,SF-P3O-v1,Walker2d-v4,3
871576,reward,6590,324.00778549337065,436.412,SF-P3O-v1,Walker2d-v4,3
871726,reward,6591,423.2034273203114,430.393,SF-P3O-v1,Walker2d-v4,3
871859,reward,6592,380.6437849131309,417.048,SF-P3O-v1,Walker2d-v4,3
872004,reward,6593,351.4177124506266,409.843,SF-P3O-v1,Walker2d-v4,3
872185,reward,6594,505.3294424443922,419.015,SF-P3O-v1,Walker2d-v4,3
872321,reward,6595,372.3094999287435,397.411,SF-P3O-v1,Walker2d-v4,3
872638,reward,6596,802.1970327211072,441.598,SF-P3O-v1,Walker2d-v4,3
872798,reward,6597,453.2711210105246,432.369,SF-P3O-v1,Walker2d-v4,3
872937,reward,6598,342.6747291507446,437.708,SF-P3O-v1,Walker2d-v4,3
873074,reward,6599,386.3075295322106,434.136,SF-P3O-v1,Walker2d-v4,3
873238,reward,6600,419.8353396374642,443.719,SF-P3O-v1,Walker2d-v4,3
873368,reward,6601,330.68991196607874,434.468,SF-P3O-v1,Walker2d-v4,3
873510,reward,6602,389.0882502812964,435.312,SF-P3O-v1,Walker2d-v4,3
873752,reward,6603,637.2061476865445,463.891,SF-P3O-v1,Walker2d-v4,3
873961,reward,6604,547.1545607456142,468.073,SF-P3O-v1,Walker2d-v4,3
874093,reward,6605,368.9963744922788,467.742,SF-P3O-v1,Walker2d-v4,3
874236,reward,6606,359.1886882429489,423.441,SF-P3O-v1,Walker2d-v4,3
874375,reward,6607,360.2795024505368,414.142,SF-P3O-v1,Walker2d-v4,3
874547,reward,6608,498.0106197037974,429.676,SF-P3O-v1,Walker2d-v4,3
874724,reward,6609,487.4231481855349,439.787,SF-P3O-v1,Walker2d-v4,3
874845,reward,6610,305.44946421027896,428.349,SF-P3O-v1,Walker2d-v4,3
874961,reward,6611,287.93304503771344,424.073,SF-P3O-v1,Walker2d-v4,3
875111,reward,6612,455.34871768939973,430.699,SF-P3O-v1,Walker2d-v4,3
875259,reward,6613,391.0655834349238,406.085,SF-P3O-v1,Walker2d-v4,3
875431,reward,6614,460.24819168125833,397.394,SF-P3O-v1,Walker2d-v4,3
875611,reward,6615,531.8086042474661,413.676,SF-P3O-v1,Walker2d-v4,3
875762,reward,6616,430.93374917318783,420.85,SF-P3O-v1,Walker2d-v4,3
875940,reward,6617,500.50528765630236,434.873,SF-P3O-v1,Walker2d-v4,3
876082,reward,6618,372.6390005127968,422.335,SF-P3O-v1,Walker2d-v4,3
876230,reward,6619,406.18751299358803,414.212,SF-P3O-v1,Walker2d-v4,3
876370,reward,6620,378.54801447970266,421.522,SF-P3O-v1,Walker2d-v4,3
876536,reward,6621,445.28703310055766,437.257,SF-P3O-v1,Walker2d-v4,3
876544,loss,-0.02599780075252056,1.0527502298355103,SF-P3O-v1,Walker2d-v4,3
876691,reward,6622,454.9283401551204,437.215,SF-P3O-v1,Walker2d-v4,3
876938,reward,6623,693.5132900643357,467.46,SF-P3O-v1,Walker2d-v4,3
877119,reward,6624,461.7882701080327,467.614,SF-P3O-v1,Walker2d-v4,3
877250,reward,6625,327.47163821187854,447.18,SF-P3O-v1,Walker2d-v4,3
877341,reward,6626,193.36117621283148,423.423,SF-P3O-v1,Walker2d-v4,3
877446,reward,6627,247.3715791262995,398.11,SF-P3O-v1,Walker2d-v4,3
877625,reward,6628,483.913784114801,409.237,SF-P3O-v1,Walker2d-v4,3
877785,reward,6629,423.1478862400221,410.933,SF-P3O-v1,Walker2d-v4,3
877938,reward,6630,409.7614033032404,414.054,SF-P3O-v1,Walker2d-v4,3
878093,reward,6631,384.5744104386745,407.983,SF-P3O-v1,Walker2d-v4,3
878239,reward,6632,402.6020035036601,402.751,SF-P3O-v1,Walker2d-v4,3
878409,reward,6633,435.2546547889974,376.925,SF-P3O-v1,Walker2d-v4,3
878546,reward,6634,381.34853142233163,368.881,SF-P3O-v1,Walker2d-v4,3
878696,reward,6635,366.45981436881806,372.78,SF-P3O-v1,Walker2d-v4,3
878824,reward,6636,305.17281825431127,383.961,SF-P3O-v1,Walker2d-v4,3
878985,reward,6637,487.5897842040495,407.983,SF-P3O-v1,Walker2d-v4,3
879133,reward,6638,277.23330305000104,387.314,SF-P3O-v1,Walker2d-v4,3
879277,reward,6639,383.65551196214705,383.365,SF-P3O-v1,Walker2d-v4,3
879472,reward,6640,562.2270028181624,398.612,SF-P3O-v1,Walker2d-v4,3
879618,reward,6641,426.04929584249277,402.759,SF-P3O-v1,Walker2d-v4,3
879713,reward,6642,190.09469325924601,381.509,SF-P3O-v1,Walker2d-v4,3
879938,reward,6643,628.4320154860707,400.826,SF-P3O-v1,Walker2d-v4,3
880000,speed,860.26,24.4,SF-P3O-v1,Walker2d-v4,3
880001,spectral,0.080824,0.947648,0.5735,SF-P3O-v1,Walker2d-v4,3
880004,reward,6644,118.2247133804262,374.514,SF-P3O-v1,Walker2d-v4,3
880132,reward,6645,316.0356477467744,369.471,SF-P3O-v1,Walker2d-v4,3
880279,reward,6646,403.5433115555172,379.309,SF-P3O-v1,Walker2d-v4,3
880390,reward,6647,280.17519490770064,358.567,SF-P3O-v1,Walker2d-v4,3
880462,reward,6648,153.3227790873244,346.176,SF-P3O-v1,Walker2d-v4,3
880549,reward,6649,190.75498440737223,326.886,SF-P3O-v1,Walker2d-v4,3
880677,reward,6650,342.16192690512685,304.879,SF-P3O-v1,Walker2d-v4,3
880874,reward,6651,612.3774831230438,323.512,SF-P3O-v1,Walker2d-v4,3
881003,reward,6652,345.8209859898072,339.085,SF-P3O-v1,Walker2d-v4,3
881250,reward,6653,653.2416905175689,341.566,SF-P3O-v1,Walker2d-v4,3
881411,reward,6654,420.1049233263236,371.754,SF-P3O-v1,Walker2d-v4,3
881547,reward,6655,350.9329265326539,375.244,SF-P3O-v1,Walker2d-v4,3
881692,reward,6656,391.64223045141273,374.054,SF-P3O-v1,Walker2d-v4,3
881802,reward,6657,243.67667835164892,370.404,SF-P3O-v1,Walker2d-v4,3
881970,reward,6658,428.1790151206383,397.889,SF-P3O-v1,Walker2d-v4,3
882118,reward,6659,395.1571508834362,418.33,SF-P3O-v1,Walker2d-v4,3
882259,reward,6660,372.65837512431176,421.379,SF-P3O-v1,Walker2d-v4,3
882448,reward,6661,523.0030268128374,412.442,SF-P3O-v1,Walker2d-v4,3
882590,reward,6662,374.8929704560678,415.349,SF-P3O-v1,Walker2d-v4,3
882746,reward,6663,409.4719814887928,390.972,SF-P3O-v1,Walker2d-v4,3
882894,reward,6664,399.360775168335,388.898,SF-P3O-v1,Walker2d-v4,3
883108,reward,6665,603.1518454456526,414.119,SF-P3O-v1,Walker2d-v4,3
883250,reward,6666,351.26288174407233,410.081,SF-P3O-v1,Walker2d-v4,3
883430,reward,6667,522.565720622633,437.97,SF-P3O-v1,Walker2d-v4,3
883573,reward,6668,392.45927017543823,434.398,SF-P3O-v1,Walker2d-v4,3
883683,reward,6669,282.1958503039311,423.102,SF-P3O-v1,Walker2d-v4,3
883762,reward,6670,146.4024261524227,400.477,SF-P3O-v1,Walker2d-v4,3
883904,reward,6671,393.5974114373477,387.536,SF-P3O-v1,Walker2d-v4,3
884059,reward,6672,452.5415035416854,395.301,SF-P3O-v1,Walker2d-v4,3
884223,reward,6673,470.5839339666008,401.412,SF-P3O-v1,Walker2d-v4,3
884383,reward,6674,459.1545255525323,407.392,SF-P3O-v1,Walker2d-v4,3
884552,reward,6675,451.34660009245687,392.211,SF-P3O-v1,Walker2d-v4,3
884669,reward,6676,293.9301959094172,386.478,SF-P3O-v1,Walker2d-v4,3
884736,loss,-0.06676317751407623,0.6858792304992676,SF-P3O-v1,Walker2d-v4,3
884736,diagnostics,0.0,86.05,66.8473,0.081127,0.947549,0.5887,0.118855,SF-P3O-v1,Walker2d-v4,3
884852,reward,6677,518.2411052923203,386.045,SF-P3O-v1,Walker2d-v4,3
885032,reward,6678,509.0571949587646,397.705,SF-P3O-v1,Walker2d-v4,3
885178,reward,6679,410.5846795690334,410.544,SF-P3O-v1,Walker2d-v4,3
885309,reward,6680,383.31032832111424,434.235,SF-P3O-v1,Walker2d-v4,3
885430,reward,6681,314.1973703887355,426.295,SF-P3O-v1,Walker2d-v4,3
885594,reward,6682,440.29763231987283,425.07,SF-P3O-v1,Walker2d-v4,3
885741,reward,6683,402.2828190647452,418.24,SF-P3O-v1,Walker2d-v4,3
885933,reward,6684,506.7045791261224,422.995,SF-P3O-v1,Walker2d-v4,3
886094,reward,6685,385.57921518923484,416.419,SF-P3O-v1,Walker2d-v4,3
886242,reward,6686,400.1221191184763,427.038,SF-P3O-v1,Walker2d-v4,3
886366,reward,6687,311.85368019930127,406.399,SF-P3O-v1,Walker2d-v4,3
886486,reward,6688,311.271127380444,386.62,SF-P3O-v1,Walker2d-v4,3
886639,reward,6689,422.7867917463714,387.841,SF-P3O-v1,Walker2d-v4,3
886772,reward,6690,401.864898992688,389.696,SF-P3O-v1,Walker2d-v4,3
886911,reward,6691,344.88256451589456,392.765,SF-P3O-v1,Walker2d-v4,3
887088,reward,6692,522.6686976256741,401.002,SF-P3O-v1,Walker2d-v4,3
887179,reward,6693,218.35595929366033,382.609,SF-P3O-v1,Walker2d-v4,3
887310,reward,6694,350.6840801041302,367.007,SF-P3O-v1,Walker2d-v4,3
887477,reward,6695,453.27710498400035,373.777,SF-P3O-v1,Walker2d-v4,3
887610,reward,6696,348.26441830571605,368.591,SF-P3O-v1,Walker2d-v4,3
887755,reward,6697,386.50149978049393,376.056,SF-P3O-v1,Walker2d-v4,3
887877,reward,6698,312.40647917735794,376.169,SF-P3O-v1,Walker2d-v4,3
887991,reward,6699,288.59834561298845,362.75,SF-P3O-v1,Walker2d-v4,3
888149,reward,6700,420.65359926493585,364.629,SF-P3O-v1,Walker2d-v4,3
888304,reward,6701,402.71995460792886,370.413,SF-P3O-v1,Walker2d-v4,3
888442,reward,6702,372.46154177325974,355.392,SF-P3O-v1,Walker2d-v4,3
888592,reward,6703,425.4751846861344,376.104,SF-P3O-v1,Walker2d-v4,3
888737,reward,6704,424.450774142324,383.481,SF-P3O-v1,Walker2d-v4,3
888899,reward,6705,496.4290672993048,387.796,SF-P3O-v1,Walker2d-v4,3
889014,reward,6706,271.6935937523562,380.139,SF-P3O-v1,Walker2d-v4,3
889140,reward,6707,308.8768853616236,372.377,SF-P3O-v1,Walker2d-v4,3
889304,reward,6708,444.07887903034475,385.544,SF-P3O-v1,Walker2d-v4,3
889474,reward,6709,447.0468033819876,401.389,SF-P3O-v1,Walker2d-v4,3
889635,reward,6710,456.16053551286814,404.939,SF-P3O-v1,Walker2d-v4,3
889773,reward,6711,371.1167558724844,401.779,SF-P3O-v1,Walker2d-v4,3
889909,reward,6712,385.46715694654364,403.08,SF-P3O-v1,Walker2d-v4,3
890000,speed,845.35,24.59,SF-P3O-v1,Walker2d-v4,3
890001,spectral,0.081127,0.947549,0.5887,SF-P3O-v1,Walker2d-v4,3
890068,reward,6713,446.7826791974064,405.21,SF-P3O-v1,Walker2d-v4,3
890221,reward,6714,422.5447508871924,405.02,SF-P3O-v1,Walker2d-v4,3
890405,reward,6715,479.8903127865741,403.366,SF-P3O-v1,Walker2d-v4,3
890568,reward,6716,454.8832660378132,421.685,SF-P3O-v1,Walker2d-v4,3
890700,reward,6717,378.13974676739605,428.611,SF-P3O-v1,Walker2d-v4,3
890833,reward,6718,339.6802281677559,418.171,SF-P3O-v1,Walker2d-v4,3
891036,reward,6719,486.935814046854,422.16,SF-P3O-v1,Walker2d-v4,3
891224,reward,6720,548.6422673310557,431.408,SF-P3O-v1,Walker2d-v4,3
891352,reward,6721,337.2963002202102,428.026,SF-P3O-v1,Walker2d-v4,3
891480,reward,6722,319.6057743431408,421.44,SF-P3O-v1,Walker2d-v4,3
891604,reward,6723,313.0104998684453,408.063,SF-P3O-v1,Walker2d-v4,3
891753,reward,6724,406.1267805313253,406.421,SF-P3O-v1,Walker2d-v4,3
891835,reward,6725,160.91165827933202,374.523,SF-P3O-v1,Walker2d-v4,3
891997,reward,6726,476.41076879141264,376.676,SF-P3O-v1,Walker2d-v4,3
892147,reward,6727,408.28938412082994,379.691,SF-P3O-v1,Walker2d-v4,3
892300,reward,6728,440.90252397036375,389.813,SF-P3O-v1,Walker2d-v4,3
892481,reward,6729,560.7385748415068,397.193,SF-P3O-v1,Walker2d-v4,3
892637,reward,6730,428.8152430026218,385.211,SF-P3O-v1,Walker2d-v4,3
892773,reward,6731,343.59786478343693,385.841,SF-P3O-v1,Walker2d-v4,3
892928,loss,-0.0634131133556366,0.7265985012054443,SF-P3O-v1,Walker2d-v4,3
892929,reward,6732,410.2729223493522,394.908,SF-P3O-v1,Walker2d-v4,3
893131,reward,6733,557.1183029070497,419.318,SF-P3O-v1,Walker2d-v4,3
893315,reward,6734,513.6660865578893,430.072,SF-P3O-v1,Walker2d-v4,3
893431,reward,6735,277.0136122921973,441.683,SF-P3O-v1,Walker2d-v4,3
893577,reward,6736,316.4457199370707,425.686,SF-P3O-v1,Walker2d-v4,3
893687,reward,6737,266.9389653051962,411.551,SF-P3O-v1,Walker2d-v4,3
893841,reward,6738,421.89612707654044,409.65,SF-P3O-v1,Walker2d-v4,3
894034,reward,6739,454.8840558303668,399.065,SF-P3O-v1,Walker2d-v4,3
894162,reward,6740,342.00015907651084,390.383,SF-P3O-v1,Walker2d-v4,3
894298,reward,6741,359.7043600985965,391.994,SF-P3O-v1,Walker2d-v4,3
894437,reward,6742,334.5441024592126,384.421,SF-P3O-v1,Walker2d-v4,3
894618,reward,6743,485.3642339368569,377.246,SF-P3O-v1,Walker2d-v4,3
894787,reward,6744,478.32503556342806,373.712,SF-P3O-v1,Walker2d-v4,3
894967,reward,6745,538.1685360736841,399.827,SF-P3O-v1,Walker2d-v4,3
895183,reward,6746,657.1836795373987,433.901,SF-P3O-v1,Walker2d-v4,3
895379,reward,6747,617.458576753428,468.953,SF-P3O-v1,Walker2d-v4,3
895517,reward,6748,376.7499851299435,464.438,SF-P3O-v1,Walker2d-v4,3
895693,reward,6749,511.59559110259227,470.109,SF-P3O-v1,Walker2d-v4,3
895835,reward,6750,394.4798429895829,475.357,SF-P3O-v1,Walker2d-v4,3
895910,reward,6751,154.0230095014578,454.789,SF-P3O-v1,Walker2d-v4,3
896091,reward,6752,529.7227096638038,474.307,SF-P3O-v1,Walker2d-v4,3
896264,reward,6753,466.4962299153583,472.42,SF-P3O-v1,Walker2d-v4,3
896410,reward,6754,392.60102299151754,463.848,SF-P3O-v1,Walker2d-v4,3
896606,reward,6755,498.19232580958317,459.85,SF-P3O-v1,Walker2d-v4,3
896791,reward,6756,512.4884701315882,445.381,SF-P3O-v1,Walker2d-v4,3
896950,reward,6757,435.7305071140024,427.208,SF-P3O-v1,Walker2d-v4,3
897082,reward,6758,337.9994503085191,423.333,SF-P3O-v1,Walker2d-v4,3
897221,reward,6759,372.7315095551135,409.447,SF-P3O-v1,Walker2d-v4,3
897331,reward,6760,266.7437265043311,396.673,SF-P3O-v1,Walker2d-v4,3
897470,reward,6761,357.96867967313807,417.067,SF-P3O-v1,Walker2d-v4,3
897643,reward,6762,503.2293910887051,414.418,SF-P3O-v1,Walker2d-v4,3
897820,reward,6763,483.0753957736042,416.076,SF-P3O-v1,Walker2d-v4,3
897984,reward,6764,448.3275012773515,421.649,SF-P3O-v1,Walker2d-v4,3
898090,reward,6765,250.01184392949574,396.831,SF-P3O-v1,Walker2d-v4,3
898334,reward,6766,590.5519220435306,404.637,SF-P3O-v1,Walker2d-v4,3
898486,reward,6767,420.9449605176312,403.158,SF-P3O-v1,Walker2d-v4,3
898657,reward,6768,459.5628782617199,415.315,SF-P3O-v1,Walker2d-v4,3
898781,reward,6769,324.6704174056283,410.509,SF-P3O-v1,Walker2d-v4,3
898912,reward,6770,349.67202837826585,418.802,SF-P3O-v1,Walker2d-v4,3
899049,reward,6771,332.71662040961246,416.276,SF-P3O-v1,Walker2d-v4,3
899197,reward,6772,418.7413104980297,407.827,SF-P3O-v1,Walker2d-v4,3
899324,reward,6773,346.5240456568736,394.172,SF-P3O-v1,Walker2d-v4,3
899455,reward,6774,329.231501620891,382.263,SF-P3O-v1,Walker2d-v4,3
899606,reward,6775,393.9698817619383,396.659,SF-P3O-v1,Walker2d-v4,3
899750,reward,6776,401.6814024685004,377.772,SF-P3O-v1,Walker2d-v4,3
899906,reward,6777,454.15913874471374,381.093,SF-P3O-v1,Walker2d-v4,3
900000,speed,875.18,24.79,SF-P3O-v1,Walker2d-v4,3
900001,spectral,0.081307,0.947472,0.6007,SF-P3O-v1,Walker2d-v4,3
900088,reward,6778,530.0849002257143,388.145,SF-P3O-v1,Walker2d-v4,3
900228,reward,6779,318.68291231626034,387.546,SF-P3O-v1,Walker2d-v4,3
900333,reward,6780,250.20982897108752,377.6,SF-P3O-v1,Walker2d-v4,3
900513,reward,6781,463.39867861641204,390.668,SF-P3O-v1,Walker2d-v4,3
900646,reward,6782,356.3782754301618,384.432,SF-P3O-v1,Walker2d-v4,3
900803,reward,6783,424.6697705438348,392.247,SF-P3O-v1,Walker2d-v4,3
900984,reward,6784,502.7826477533725,409.602,SF-P3O-v1,Walker2d-v4,3
901120,loss,-0.08998340368270874,0.7993484735488892,SF-P3O-v1,Walker2d-v4,3
901120,diagnostics,0.0,86.32,89.1405,0.081588,0.94737,0.6096,0.117431,SF-P3O-v1,Walker2d-v4,3
901126,reward,6785,416.7215999847062,411.877,SF-P3O-v1,Walker2d-v4,3
901280,reward,6786,434.8281810726101,415.192,SF-P3O-v1,Walker2d-v4,3
901477,reward,6787,557.553451907873,425.531,SF-P3O-v1,Walker2d-v4,3
901639,reward,6788,439.9311818492307,416.516,SF-P3O-v1,Walker2d-v4,3
901777,reward,6789,369.86792571497193,421.634,SF-P3O-v1,Walker2d-v4,3
901898,reward,6790,331.4965331113829,429.763,SF-P3O-v1,Walker2d-v4,3
902048,reward,6791,441.68295539918836,427.591,SF-P3O-v1,Walker2d-v4,3
902204,reward,6792,420.1059891042371,433.964,SF-P3O-v1,Walker2d-v4,3
902357,reward,6793,444.4894917734101,435.946,SF-P3O-v1,Walker2d-v4,3
902522,reward,6794,457.15265378432474,431.383,SF-P3O-v1,Walker2d-v4,3
902731,reward,6795,590.3733524175226,448.748,SF-P3O-v1,Walker2d-v4,3
902880,reward,6796,423.76315132295747,447.642,SF-P3O-v1,Walker2d-v4,3
902939,reward,6797,107.7889555822264,402.665,SF-P3O-v1,Walker2d-v4,3
903093,reward,6798,434.0800897625182,402.08,SF-P3O-v1,Walker2d-v4,3
903254,reward,6799,424.6356153144668,407.557,SF-P3O-v1,Walker2d-v4,3
903347,reward,6800,204.17515717382602,394.825,SF-P3O-v1,Walker2d-v4,3
903431,reward,6801,156.71637547778238,366.328,SF-P3O-v1,Walker2d-v4,3
903492,reward,6802,94.2178428826219,333.739,SF-P3O-v1,Walker2d-v4,3
903655,reward,6803,493.36010178950977,338.626,SF-P3O-v1,Walker2d-v4,3
903787,reward,6804,354.33337944562487,328.344,SF-P3O-v1,Walker2d-v4,3
903967,reward,6805,520.6062427947973,321.368,SF-P3O-v1,Walker2d-v4,3
904100,reward,6806,344.98831174888204,313.49,SF-P3O-v1,Walker2d-v4,3
904270,reward,6807,482.6983597286125,350.981,SF-P3O-v1,Walker2d-v4,3
904560,reward,6808,800.2468544293694,387.598,SF-P3O-v1,Walker2d-v4,3
904894,reward,6809,957.8411236701743,440.918,SF-P3O-v1,Walker2d-v4,3
905037,reward,6810,397.0208114241376,460.203,SF-P3O-v1,Walker2d-v4,3
905110,reward,6811,163.70092257229524,460.901,SF-P3O-v1,Walker2d-v4,3
905255,reward,6812,404.3327657956397,491.913,SF-P3O-v1,Walker2d-v4,3
905396,reward,6813,363.38910590431766,478.916,SF-P3O-v1,Walker2d-v4,3
905549,reward,6814,386.0547399694656,482.088,SF-P3O-v1,Walker2d-v4,3
905690,reward,6815,400.19177001276086,470.046,SF-P3O-v1,Walker2d-v4,3
905844,reward,6816,378.6853546599229,473.416,SF-P3O-v1,Walker2d-v4,3
906010,reward,6817,486.9504926284289,473.841,SF-P3O-v1,Walker2d-v4,3
906168,reward,6818,416.45093882663264,435.462,SF-P3O-v1,Walker2d-v4,3
906319,reward,6819,385.31225633535234,378.209,SF-P3O-v1,Walker2d-v4,3
906467,reward,6820,377.6793420745467,376.275,SF-P3O-v1,Walker2d-v4,3
906616,reward,6821,382.3348535955546,398.138,SF-P3O-v1,Walker2d-v4,3
906695,reward,6822,139.2943143332299,371.634,SF-P3O-v1,Walker2d-v4,3
906860,reward,6823,469.9898097019312,382.294,SF-P3O-v1,Walker2d-v4,3
906960,reward,6824,245.09009791908244,368.198,SF-P3O-v1,Walker2d-v4,3
907094,reward,6825,351.4509617558876,363.324,SF-P3O-v1,Walker2d-v4,3
907278,reward,6826,500.3433560561077,375.49,SF-P3O-v1,Walker2d-v4,3
907453,reward,6827,506.1807708035847,377.413,SF-P3O-v1,Walker2d-v4,3
907585,reward,6828,361.28884219883327,371.896,SF-P3O-v1,Walker2d-v4,3
907730,reward,6829,396.46385786482745,373.012,SF-P3O-v1,Walker2d-v4,3
907881,reward,6830,421.72233530201544,377.416,SF-P3O-v1,Walker2d-v4,3
908035,reward,6831,430.9383422506833,382.276,SF-P3O-v1,Walker2d-v4,3
908181,reward,6832,400.39202185407305,408.386,SF-P3O-v1,Walker2d-v4,3
908338,reward,6833,440.11592262992923,405.399,SF-P3O-v1,Walker2d-v4,3
908504,reward,6834,467.3699090020013,427.627,SF-P3O-v1,Walker2d-v4,3
908644,reward,6835,390.59164987723244,431.541,SF-P3O-v1,Walker2d-v4,3
908804,reward,6836,454.59641550575975,426.966,SF-P3O-v1,Walker2d-v4,3
908936,reward,6837,335.91822159287904,409.94,SF-P3O-v1,Walker2d-v4,3
909082,reward,6838,430.06529862991897,416.817,SF-P3O-v1,Walker2d-v4,3
909232,reward,6839,423.825909808399,419.554,SF-P3O-v1,Walker2d-v4,3
909312,loss,0.0809483677148819,0.7868295907974243,SF-P3O-v1,Walker2d-v4,3
909437,reward,6840,614.9154913876763,438.873,SF-P3O-v1,Walker2d-v4,3
909548,reward,6841,272.07609082324893,422.987,SF-P3O-v1,Walker2d-v4,3
909753,reward,6842,645.28445252834,447.476,SF-P3O-v1,Walker2d-v4,3
909902,reward,6843,421.9057612094681,445.655,SF-P3O-v1,Walker2d-v4,3
910000,speed,582.67,25.07,SF-P3O-v1,Walker2d-v4,3
910001,perturb,0.081787,0.947275,0.6013,19750,48096,0.674625,11,SF-P3O-v1,Walker2d-v4,3
910022,reward,6844,306.8227689343119,429.6,SF-P3O-v1,Walker2d-v4,3
910191,reward,6845,469.07893514339577,437.449,SF-P3O-v1,Walker2d-v4,3
910320,reward,6846,328.3835216592237,424.828,SF-P3O-v1,Walker2d-v4,3
910551,reward,6847,604.261485993284,451.662,SF-P3O-v1,Walker2d-v4,3
910707,reward,6848,314.7983539249365,440.135,SF-P3O-v1,Walker2d-v4,3
910847,reward,6849,385.56420247853737,436.309,SF-P3O-v1,Walker2d-v4,3
910973,reward,6850,323.4125274848504,407.159,SF-P3O-v1,Walker2d-v4,3
911118,reward,6851,384.0368636796491,418.355,SF-P3O-v1,Walker2d-v4,3
911251,reward,6852,354.2629720012634,389.253,SF-P3O-v1,Walker2d-v4,3
911386,reward,6853,380.95888610798954,385.158,SF-P3O-v1,Walker2d-v4,3
911564,reward,6854,505.42935594123065,405.019,SF-P3O-v1,Walker2d-v4,3
911705,reward,6855,378.9507520768411,396.006,SF-P3O-v1,Walker2d-v4,3
911796,reward,6856,195.96719092588754,382.764,SF-P3O-v1,Walker2d-v4,3
911939,reward,6857,398.3722225964324,362.175,SF-P3O-v1,Walker2d-v4,3
912076,reward,6858,362.8468965945437,366.98,SF-P3O-v1,Walker2d-v4,3
912230,reward,6859,406.9241825503488,369.116,SF-P3O-v1,Walker2d-v4,3
912373,reward,6860,387.7620748219117,375.551,SF-P3O-v1,Walker2d-v4,3
912520,reward,6861,411.97609593073344,378.345,SF-P3O-v1,Walker2d-v4,3
912660,reward,6862,373.1441017428508,380.233,SF-P3O-v1,Walker2d-v4,3
912771,reward,6863,272.2231398896198,369.36,SF-P3O-v1,Walker2d-v4,3
912907,reward,6864,322.03822729153666,351.02,SF-P3O-v1,Walker2d-v4,3
913032,reward,6865,329.9706436291212,346.122,SF-P3O-v1,Walker2d-v4,3
913156,reward,6866,326.29691917614474,359.155,SF-P3O-v1,Walker2d-v4,3
913298,reward,6867,375.69963597069267,356.888,SF-P3O-v1,Walker2d-v4,3
913464,reward,6868,469.49571834124964,367.553,SF-P3O-v1,Walker2d-v4,3
913586,reward,6869,297.40832280965463,356.601,SF-P3O-v1,Walker2d-v4,3
913731,reward,6870,392.9320765171177,357.118,SF-P3O-v1,Walker2d-v4,3
913881,reward,6871,350.18714357634076,350.94,SF-P3O-v1,Walker2d-v4,3
914020,reward,6872,365.2440445633829,350.15,SF-P3O-v1,Walker2d-v4,3
914166,reward,6873,420.2233837341453,364.95,SF-P3O-v1,Walker2d-v4,3
914342,reward,6874,472.15987904529123,379.962,SF-P3O-v1,Walker2d-v4,3
914424,reward,6875,140.52847782057955,361.018,SF-P3O-v1,Walker2d-v4,3
914562,reward,6876,379.3501860397254,366.323,SF-P3O-v1,Walker2d-v4,3
914701,reward,6877,357.99120489818915,364.552,SF-P3O-v1,Walker2d-v4,3
914830,reward,6878,319.7239602858474,349.575,SF-P3O-v1,Walker2d-v4,3
914954,reward,6879,304.68298554749583,350.302,SF-P3O-v1,Walker2d-v4,3
915109,reward,6880,434.4194201012337,354.451,SF-P3O-v1,Walker2d-v4,3
915263,reward,6881,454.18479221593986,364.851,SF-P3O-v1,Walker2d-v4,3
915328,reward,6882,131.3722092950505,341.464,SF-P3O-v1,Walker2d-v4,3
915467,reward,6883,373.6748647785415,336.809,SF-P3O-v1,Walker2d-v4,3
915620,reward,6884,421.78266082562925,331.771,SF-P3O-v1,Walker2d-v4,3
915764,reward,6885,406.37561574865055,358.356,SF-P3O-v1,Walker2d-v4,3
915907,reward,6886,416.7300464441207,362.094,SF-P3O-v1,Walker2d-v4,3
916034,reward,6887,326.3777147220429,358.932,SF-P3O-v1,Walker2d-v4,3
916160,reward,6888,342.37540520597133,361.198,SF-P3O-v1,Walker2d-v4,3
916328,reward,6889,441.46231803420505,374.876,SF-P3O-v1,Walker2d-v4,3
916555,reward,6890,634.0978787659652,394.843,SF-P3O-v1,Walker2d-v4,3
916721,reward,6891,438.74528295776895,393.299,SF-P3O-v1,Walker2d-v4,3
916869,reward,6892,414.1905226840122,421.581,SF-P3O-v1,Walker2d-v4,3
917014,reward,6893,377.2855607026635,421.942,SF-P3O-v1,Walker2d-v4,3
917133,reward,6894,295.6196623889655,409.326,SF-P3O-v1,Walker2d-v4,3
917248,reward,6895,249.62699995729113,393.651,SF-P3O-v1,Walker2d-v4,3
917411,reward,6896,420.6882706631214,394.047,SF-P3O-v1,Walker2d-v4,3
917504,loss,0.12000656872987747,0.9882535338401794,SF-P3O-v1,Walker2d-v4,3
917504,diagnostics,0.0,88.97,102.7817,0.083573,0.946308,0.6123,0.137687,SF-P3O-v1,Walker2d-v4,3
917568,reward,6897,436.80074743881255,405.089,SF-P3O-v1,Walker2d-v4,3
917703,reward,6898,346.37788895751123,405.49,SF-P3O-v1,Walker2d-v4,3
917900,reward,6899,546.273364037459,415.971,SF-P3O-v1,Walker2d-v4,3
918004,reward,6900,237.8186461094726,376.343,SF-P3O-v1,Walker2d-v4,3
918177,reward,6901,466.41931785133943,379.11,SF-P3O-v1,Walker2d-v4,3
918322,reward,6902,372.89989439279793,374.981,SF-P3O-v1,Walker2d-v4,3
918498,reward,6903,501.2315372265755,387.376,SF-P3O-v1,Walker2d-v4,3
918674,reward,6904,534.7946236174996,411.293,SF-P3O-v1,Walker2d-v4,3
918824,reward,6905,402.5698649561762,426.587,SF-P3O-v1,Walker2d-v4,3
918971,reward,6906,420.91108023368525,426.61,SF-P3O-v1,Walker2d-v4,3
919095,reward,6907,328.4609708550816,415.776,SF-P3O-v1,Walker2d-v4,3
919278,reward,6908,474.63218676365125,428.601,SF-P3O-v1,Walker2d-v4,3
919405,reward,6909,319.3596137189092,405.91,SF-P3O-v1,Walker2d-v4,3
919537,reward,6910,338.2585719920157,415.954,SF-P3O-v1,Walker2d-v4,3
919695,reward,6911,416.43502786395675,410.955,SF-P3O-v1,Walker2d-v4,3
919816,reward,6912,311.42950655232886,404.808,SF-P3O-v1,Walker2d-v4,3
919987,reward,6913,488.2853721265025,403.514,SF-P3O-v1,Walker2d-v4,3
920000,speed,836.56,25.27,SF-P3O-v1,Walker2d-v4,3
920001,spectral,0.083573,0.946308,0.6123,SF-P3O-v1,Walker2d-v4,3
920066,reward,6914,149.8157396074255,365.016,SF-P3O-v1,Walker2d-v4,3
920213,reward,6915,391.5868156065258,363.917,SF-P3O-v1,Walker2d-v4,3
920381,reward,6916,444.98046927216734,366.324,SF-P3O-v1,Walker2d-v4,3
920497,reward,6917,287.44077673620154,362.222,SF-P3O-v1,Walker2d-v4,3
920683,reward,6918,505.8600182282751,365.345,SF-P3O-v1,Walker2d-v4,3
920811,reward,6919,364.5301036337369,369.862,SF-P3O-v1,Walker2d-v4,3
920931,reward,6920,314.0175324572423,367.438,SF-P3O-v1,Walker2d-v4,3
921080,reward,6921,390.3099714296661,364.826,SF-P3O-v1,Walker2d-v4,3
921296,reward,6922,674.1197255835175,401.095,SF-P3O-v1,Walker2d-v4,3
921491,reward,6923,488.2693502218857,401.093,SF-P3O-v1,Walker2d-v4,3
921646,reward,6924,414.61030327184693,427.573,SF-P3O-v1,Walker2d-v4,3
921777,reward,6925,328.4668030641551,421.261,SF-P3O-v1,Walker2d-v4,3
921916,reward,6926,380.23519057982844,414.786,SF-P3O-v1,Walker2d-v4,3
922067,reward,6927,457.9957760974896,431.841,SF-P3O-v1,Walker2d-v4,3
922216,reward,6928,388.61060615882184,420.117,SF-P3O-v1,Walker2d-v4,3
922358,reward,6929,394.52444198483244,423.116,SF-P3O-v1,Walker2d-v4,3
922485,reward,6930,328.84933291293527,424.599,SF-P3O-v1,Walker2d-v4,3
922621,reward,6931,330.0653229614639,418.575,SF-P3O-v1,Walker2d-v4,3
922747,reward,6932,332.07201058518314,384.37,SF-P3O-v1,Walker2d-v4,3
922896,reward,6933,390.05411461060413,374.548,SF-P3O-v1,Walker2d-v4,3
923041,reward,6934,368.95078569026714,369.982,SF-P3O-v1,Walker2d-v4,3
923235,reward,6935,553.9735341771823,392.533,SF-P3O-v1,Walker2d-v4,3
923380,reward,6936,390.8532965590542,393.595,SF-P3O-v1,Walker2d-v4,3
923568,reward,6937,519.3629868987402,399.732,SF-P3O-v1,Walker2d-v4,3
923701,reward,6938,329.7966062994636,393.85,SF-P3O-v1,Walker2d-v4,3
923837,reward,6939,347.50452634133757,389.148,SF-P3O-v1,Walker2d-v4,3
923984,reward,6940,388.8777028234869,395.151,SF-P3O-v1,Walker2d-v4,3
924113,reward,6941,337.92288735478184,395.937,SF-P3O-v1,Walker2d-v4,3
924315,reward,6942,489.3142183810068,411.661,SF-P3O-v1,Walker2d-v4,3
924467,reward,6943,395.15682343612303,412.171,SF-P3O-v1,Walker2d-v4,3
924625,reward,6944,452.2249200509425,420.499,SF-P3O-v1,Walker2d-v4,3
924689,reward,6945,115.11634211043285,376.613,SF-P3O-v1,Walker2d-v4,3
924848,reward,6946,432.02993057139867,380.731,SF-P3O-v1,Walker2d-v4,3
924992,reward,6947,382.18945646650127,367.013,SF-P3O-v1,Walker2d-v4,3
925144,reward,6948,393.6024750989871,373.394,SF-P3O-v1,Walker2d-v4,3
925336,reward,6949,510.307625815893,389.674,SF-P3O-v1,Walker2d-v4,3
925502,reward,6950,447.38823895462514,395.525,SF-P3O-v1,Walker2d-v4,3
925648,reward,6951,377.6564968772882,399.499,SF-P3O-v1,Walker2d-v4,3
925696,loss,-0.08151739090681076,0.7921072244644165,SF-P3O-v1,Walker2d-v4,3
925776,reward,6952,316.4808827576673,382.215,SF-P3O-v1,Walker2d-v4,3
925975,reward,6953,512.2323067332303,393.923,SF-P3O-v1,Walker2d-v4,3
926198,reward,6954,611.7193079472526,409.872,SF-P3O-v1,Walker2d-v4,3
926337,reward,6955,381.78596844887477,436.539,SF-P3O-v1,Walker2d-v4,3
926493,reward,6956,444.76010920096513,437.812,SF-P3O-v1,Walker2d-v4,3
926619,reward,6957,300.9313297791862,429.686,SF-P3O-v1,Walker2d-v4,3
926814,reward,6958,522.6909985665727,442.595,SF-P3O-v1,Walker2d-v4,3
926933,reward,6959,322.9788818163759,423.862,SF-P3O-v1,Walker2d-v4,3
927080,reward,6960,421.1447833096783,421.238,SF-P3O-v1,Walker2d-v4,3
927237,reward,6961,437.21501693446515,427.194,SF-P3O-v1,Walker2d-v4,3
927403,reward,6962,437.59531344867014,439.305,SF-P3O-v1,Walker2d-v4,3
927567,reward,6963,453.7524070308161,433.457,SF-P3O-v1,Walker2d-v4,3
927699,reward,6964,342.9530280967888,406.581,SF-P3O-v1,Walker2d-v4,3
927870,reward,6965,455.1156140698443,413.914,SF-P3O-v1,Walker2d-v4,3
928016,reward,6966,366.9355503928303,406.131,SF-P3O-v1,Walker2d-v4,3
928160,reward,6967,432.09626023453035,419.248,SF-P3O-v1,Walker2d-v4,3
928305,reward,6968,358.8071315156853,402.859,SF-P3O-v1,Walker2d-v4,3
928461,reward,6969,429.37111253026234,413.499,SF-P3O-v1,Walker2d-v4,3
928635,reward,6970,537.895604649929,425.174,SF-P3O-v1,Walker2d-v4,3
928877,reward,6971,698.3629589024512,451.288,SF-P3O-v1,Walker2d-v4,3
929004,reward,6972,323.71067970614223,439.9,SF-P3O-v1,Walker2d-v4,3
929145,reward,6973,372.6538311575139,431.79,SF-P3O-v1,Walker2d-v4,3
929334,reward,6974,516.5432209286766,449.149,SF-P3O-v1,Walker2d-v4,3
929493,reward,6975,424.2438451746121,446.062,SF-P3O-v1,Walker2d-v4,3
929611,reward,6976,305.27395489937106,439.896,SF-P3O-v1,Walker2d-v4,3
929802,reward,6977,494.8872021198576,446.175,SF-P3O-v1,Walker2d-v4,3
929901,reward,6978,242.99857722703058,434.594,SF-P3O-v1,Walker2d-v4,3
930000,speed,837.92,25.47,SF-P3O-v1,Walker2d-v4,3
930001,spectral,0.083892,0.94619,0.6277,SF-P3O-v1,Walker2d-v4,3
930066,reward,6979,428.2081559366098,434.478,SF-P3O-v1,Walker2d-v4,3
930209,reward,6980,387.88889561077065,419.477,SF-P3O-v1,Walker2d-v4,3
930368,reward,6981,438.52947342461755,393.494,SF-P3O-v1,Walker2d-v4,3
930534,reward,6982,500.04669376457855,411.127,SF-P3O-v1,Walker2d-v4,3
930646,reward,6983,260.98836717376156,399.961,SF-P3O-v1,Walker2d-v4,3
930800,reward,6984,418.5673420782876,390.163,SF-P3O-v1,Walker2d-v4,3
930960,reward,6985,445.12146120641506,392.251,SF-P3O-v1,Walker2d-v4,3
931077,reward,6986,314.0221602126174,393.126,SF-P3O-v1,Walker2d-v4,3
931203,reward,6987,328.5586153389008,376.493,SF-P3O-v1,Walker2d-v4,3
931383,reward,6988,534.5481509426766,405.648,SF-P3O-v1,Walker2d-v4,3
931551,reward,6989,489.63985526194557,411.791,SF-P3O-v1,Walker2d-v4,3
931748,reward,6990,578.1142032994971,430.814,SF-P3O-v1,Walker2d-v4,3
931872,reward,6991,348.29797751612745,421.79,SF-P3O-v1,Walker2d-v4,3
931979,reward,6992,258.6804729608262,397.654,SF-P3O-v1,Walker2d-v4,3
932126,reward,6993,409.38682608289804,412.494,SF-P3O-v1,Walker2d-v4,3
932270,reward,6994,408.1569163936136,411.453,SF-P3O-v1,Walker2d-v4,3
932398,reward,6995,346.34885638315785,401.575,SF-P3O-v1,Walker2d-v4,3
932528,reward,6996,331.0854801360981,403.282,SF-P3O-v1,Walker2d-v4,3
932693,reward,6997,487.5682992686908,419.183,SF-P3O-v1,Walker2d-v4,3
932815,reward,6998,298.58489659976243,395.586,SF-P3O-v1,Walker2d-v4,3
932974,reward,6999,429.6053121623168,389.583,SF-P3O-v1,Walker2d-v4,3
933159,reward,7000,550.8536935504452,386.857,SF-P3O-v1,Walker2d-v4,3
933308,reward,7001,429.13331359982413,394.94,SF-P3O-v1,Walker2d-v4,3
933472,reward,7002,450.1150530791453,414.084,SF-P3O-v1,Walker2d-v4,3
933639,reward,7003,475.76739701916466,420.722,SF-P3O-v1,Walker2d-v4,3
933789,reward,7004,401.10096963380204,420.016,SF-P3O-v1,Walker2d-v4,3
933888,loss,-0.018211957067251205,0.6778033971786499,SF-P3O-v1,Walker2d-v4,3
933888,diagnostics,0.0,89.25,71.884,0.084232,0.946061,0.6241,0.123127,SF-P3O-v1,Walker2d-v4,3
933940,reward,7005,403.69179059759864,425.751,SF-P3O-v1,Walker2d-v4,3
934045,reward,7006,269.73356036661227,419.615,SF-P3O-v1,Walker2d-v4,3
934185,reward,7007,402.2624256922643,411.085,SF-P3O-v1,Walker2d-v4,3
934329,reward,7008,402.2866326755963,421.455,SF-P3O-v1,Walker2d-v4,3
934527,reward,7009,505.52696112712965,429.047,SF-P3O-v1,Walker2d-v4,3
934655,reward,7010,342.0564235284622,408.167,SF-P3O-v1,Walker2d-v4,3
934785,reward,7011,360.4558984690309,401.3,SF-P3O-v1,Walker2d-v4,3
934968,reward,7012,532.6823266429502,409.556,SF-P3O-v1,Walker2d-v4,3
935119,reward,7013,399.55057178391286,401.935,SF-P3O-v1,Walker2d-v4,3
935232,reward,7014,292.70014116796773,391.095,SF-P3O-v1,Walker2d-v4,3
935396,reward,7015,446.53188374654303,395.379,SF-P3O-v1,Walker2d-v4,3
935546,reward,7016,408.0436216835917,409.21,SF-P3O-v1,Walker2d-v4,3
935712,reward,7017,486.4078290777351,417.624,SF-P3O-v1,Walker2d-v4,3
935838,reward,7018,334.6817004395146,410.864,SF-P3O-v1,Walker2d-v4,3
935985,reward,7019,384.9494216552657,398.806,SF-P3O-v1,Walker2d-v4,3
936105,reward,7020,303.7999896034987,394.98,SF-P3O-v1,Walker2d-v4,3
936248,reward,7021,377.37830660386453,396.673,SF-P3O-v1,Walker2d-v4,3
936423,reward,7022,493.43721472920254,392.748,SF-P3O-v1,Walker2d-v4,3
936582,reward,7023,415.06350561758387,394.299,SF-P3O-v1,Walker2d-v4,3
936735,reward,7024,421.4510451879697,407.174,SF-P3O-v1,Walker2d-v4,3
936914,reward,7025,466.8055964703124,409.202,SF-P3O-v1,Walker2d-v4,3
937023,reward,7026,280.26677556650435,396.424,SF-P3O-v1,Walker2d-v4,3
937170,reward,7027,380.4203032117634,385.825,SF-P3O-v1,Walker2d-v4,3
937330,reward,7028,418.1811922277069,394.175,SF-P3O-v1,Walker2d-v4,3
937559,reward,7029,649.7949842000087,420.66,SF-P3O-v1,Walker2d-v4,3
937729,reward,7030,477.1289196742904,437.993,SF-P3O-v1,Walker2d-v4,3
937884,reward,7031,421.7158274859565,442.427,SF-P3O-v1,Walker2d-v4,3
938019,reward,7032,355.3353980850204,428.616,SF-P3O-v1,Walker2d-v4,3
938222,reward,7033,594.5288650405219,446.563,SF-P3O-v1,Walker2d-v4,3
938370,reward,7034,407.480603564936,445.166,SF-P3O-v1,Walker2d-v4,3
938567,reward,7035,566.9519605074686,455.18,SF-P3O-v1,Walker2d-v4,3
938720,reward,7036,408.33057031879804,467.987,SF-P3O-v1,Walker2d-v4,3
938898,reward,7037,512.2397365281149,481.169,SF-P3O-v1,Walker2d-v4,3
939029,reward,7038,367.10616473683757,476.061,SF-P3O-v1,Walker2d-v4,3
939221,reward,7039,527.0413185737959,463.786,SF-P3O-v1,Walker2d-v4,3
939350,reward,7040,321.3045258595885,448.203,SF-P3O-v1,Walker2d-v4,3
939552,reward,7041,528.2340040740528,458.855,SF-P3O-v1,Walker2d-v4,3
939688,reward,7042,356.63829417640613,458.986,SF-P3O-v1,Walker2d-v4,3
939829,reward,7043,391.30587085126785,438.663,SF-P3O-v1,Walker2d-v4,3
940000,speed,832.78,25.67,SF-P3O-v1,Walker2d-v4,3
940001,spectral,0.084232,0.946061,0.6241,SF-P3O-v1,Walker2d-v4,3
940013,reward,7044,525.6555788557778,450.481,SF-P3O-v1,Walker2d-v4,3
940175,reward,7045,420.5274887451423,435.838,SF-P3O-v1,Walker2d-v4,3
940275,reward,7046,244.66797950814458,419.472,SF-P3O-v1,Walker2d-v4,3
940451,reward,7047,510.18259566521607,419.266,SF-P3O-v1,Walker2d-v4,3
940630,reward,7048,522.3643116684565,434.792,SF-P3O-v1,Walker2d-v4,3
940775,reward,7049,396.76624996914455,421.765,SF-P3O-v1,Walker2d-v4,3
940933,reward,7050,416.2926122902974,431.263,SF-P3O-v1,Walker2d-v4,3
941068,reward,7051,319.63770903970163,410.404,SF-P3O-v1,Walker2d-v4,3
941221,reward,7052,424.1769894143141,417.158,SF-P3O-v1,Walker2d-v4,3
941344,reward,7053,296.82431064095584,407.71,SF-P3O-v1,Walker2d-v4,3
941477,reward,7054,386.86372317572904,393.83,SF-P3O-v1,Walker2d-v4,3
941635,reward,7055,448.365215743454,396.614,SF-P3O-v1,Walker2d-v4,3
941787,reward,7056,403.17408968453304,412.465,SF-P3O-v1,Walker2d-v4,3
941944,reward,7057,454.08949691282083,406.855,SF-P3O-v1,Walker2d-v4,3
942050,reward,7058,240.9816124100133,378.717,SF-P3O-v1,Walker2d-v4,3
942080,loss,-0.01888985000550747,0.5742298364639282,SF-P3O-v1,Walker2d-v4,3
942184,reward,7059,361.40354341127465,375.181,SF-P3O-v1,Walker2d-v4,3
942317,reward,7060,350.1329683218529,368.565,SF-P3O-v1,Walker2d-v4,3
942442,reward,7061,304.3278939022152,367.034,SF-P3O-v1,Walker2d-v4,3
942578,reward,7062,335.0110210858229,358.117,SF-P3O-v1,Walker2d-v4,3
942641,reward,7063,113.69576015493473,339.805,SF-P3O-v1,Walker2d-v4,3
942812,reward,7064,490.51837695301793,350.17,SF-P3O-v1,Walker2d-v4,3
943024,reward,7065,600.5707112552496,365.391,SF-P3O-v1,Walker2d-v4,3
943165,reward,7066,395.5189969046429,364.625,SF-P3O-v1,Walker2d-v4,3
943325,reward,7067,460.19212367337457,365.235,SF-P3O-v1,Walker2d-v4,3
943488,reward,7068,460.0390482820483,387.141,SF-P3O-v1,Walker2d-v4,3
943630,reward,7069,358.5835994584887,386.859,SF-P3O-v1,Walker2d-v4,3
943800,reward,7070,396.8824846282037,391.534,SF-P3O-v1,Walker2d-v4,3
943936,reward,7071,376.1828452658072,398.719,SF-P3O-v1,Walker2d-v4,3
944097,reward,7072,417.62299776703185,406.981,SF-P3O-v1,Walker2d-v4,3
944235,reward,7073,363.34991134448455,431.946,SF-P3O-v1,Walker2d-v4,3
944397,reward,7074,454.3865612867956,428.333,SF-P3O-v1,Walker2d-v4,3
944538,reward,7075,376.6004499727636,405.936,SF-P3O-v1,Walker2d-v4,3
944726,reward,7076,523.1651190105852,418.701,SF-P3O-v1,Walker2d-v4,3
944916,reward,7077,531.4049517457344,425.822,SF-P3O-v1,Walker2d-v4,3
945116,reward,7078,590.8529527110952,438.903,SF-P3O-v1,Walker2d-v4,3
945278,reward,7079,424.14632165091945,445.459,SF-P3O-v1,Walker2d-v4,3
945427,reward,7080,420.7455207001454,447.846,SF-P3O-v1,Walker2d-v4,3
945570,reward,7081,375.96603902494036,447.824,SF-P3O-v1,Walker2d-v4,3
945740,reward,7082,472.1044396342375,453.272,SF-P3O-v1,Walker2d-v4,3
945926,reward,7083,472.0863283494205,464.146,SF-P3O-v1,Walker2d-v4,3
946171,reward,7084,656.8663898322977,484.394,SF-P3O-v1,Walker2d-v4,3
946335,reward,7085,451.4833662566835,491.882,SF-P3O-v1,Walker2d-v4,3
946483,reward,7086,415.26504586549135,481.092,SF-P3O-v1,Walker2d-v4,3
946633,reward,7087,433.0223987809242,471.254,SF-P3O-v1,Walker2d-v4,3
946783,reward,7088,414.0754411113843,453.576,SF-P3O-v1,Walker2d-v4,3
946958,reward,7089,526.1960599842677,463.781,SF-P3O-v1,Walker2d-v4,3
947089,reward,7090,358.39609772336183,457.546,SF-P3O-v1,Walker2d-v4,3
947268,reward,7091,544.4048510774646,474.39,SF-P3O-v1,Walker2d-v4,3
947399,reward,7092,341.6408635934619,461.344,SF-P3O-v1,Walker2d-v4,3
947531,reward,7093,363.3426486316212,450.469,SF-P3O-v1,Walker2d-v4,3
947666,reward,7094,358.91803374469384,420.674,SF-P3O-v1,Walker2d-v4,3
947788,reward,7095,353.8879712100799,410.915,SF-P3O-v1,Walker2d-v4,3
947923,reward,7096,352.6772593501491,404.656,SF-P3O-v1,Walker2d-v4,3
948109,reward,7097,533.1278181109498,414.667,SF-P3O-v1,Walker2d-v4,3
948273,reward,7098,424.8294257053574,415.742,SF-P3O-v1,Walker2d-v4,3
948417,reward,7099,388.4804732514939,401.971,SF-P3O-v1,Walker2d-v4,3
948535,reward,7100,269.79777734633745,393.111,SF-P3O-v1,Walker2d-v4,3
948702,reward,7101,482.13327795488914,386.884,SF-P3O-v1,Walker2d-v4,3
948857,reward,7102,435.4504654867074,396.265,SF-P3O-v1,Walker2d-v4,3
948988,reward,7103,350.4825880202763,394.979,SF-P3O-v1,Walker2d-v4,3
949161,reward,7104,455.7961621062532,404.666,SF-P3O-v1,Walker2d-v4,3
949286,reward,7105,319.20291338240617,401.198,SF-P3O-v1,Walker2d-v4,3
949443,reward,7106,443.6954619789665,410.3,SF-P3O-v1,Walker2d-v4,3
949596,reward,7107,413.2478709670056,398.312,SF-P3O-v1,Walker2d-v4,3
949757,reward,7108,469.46805746102086,402.776,SF-P3O-v1,Walker2d-v4,3
949993,reward,7109,678.1501416401114,431.742,SF-P3O-v1,Walker2d-v4,3
950000,speed,880.13,25.86,SF-P3O-v1,Walker2d-v4,3
950001,spectral,0.08446,0.946053,0.6224,SF-P3O-v1,Walker2d-v4,3
950143,reward,7110,421.3865875827487,446.901,SF-P3O-v1,Walker2d-v4,3
950272,loss,0.004272203892469406,0.8103059530258179,SF-P3O-v1,Walker2d-v4,3
950272,diagnostics,0.0,89.52,60.3207,0.084716,0.946012,0.6223,0.120377,SF-P3O-v1,Walker2d-v4,3
950331,reward,7111,531.301773539523,451.818,SF-P3O-v1,Walker2d-v4,3
950471,reward,7112,395.85831256211924,447.859,SF-P3O-v1,Walker2d-v4,3
950589,reward,7113,308.1709745469114,443.628,SF-P3O-v1,Walker2d-v4,3
950726,reward,7114,388.8079747555522,436.929,SF-P3O-v1,Walker2d-v4,3
950885,reward,7115,411.04587966025997,446.113,SF-P3O-v1,Walker2d-v4,3
951077,reward,7116,564.1160939505187,458.155,SF-P3O-v1,Walker2d-v4,3
951295,reward,7117,539.7954603214591,470.81,SF-P3O-v1,Walker2d-v4,3
951451,reward,7118,418.9122528281495,465.755,SF-P3O-v1,Walker2d-v4,3
951590,reward,7119,374.1148853730354,435.351,SF-P3O-v1,Walker2d-v4,3
951723,reward,7120,343.719004759984,427.584,SF-P3O-v1,Walker2d-v4,3
951856,reward,7121,351.7004329242238,409.624,SF-P3O-v1,Walker2d-v4,3
952042,reward,7122,574.1737966134018,427.456,SF-P3O-v1,Walker2d-v4,3
952159,reward,7123,312.6201066830431,427.901,SF-P3O-v1,Walker2d-v4,3
952290,reward,7124,337.3577167162123,422.756,SF-P3O-v1,Walker2d-v4,3
952421,reward,7125,351.7950901546413,416.83,SF-P3O-v1,Walker2d-v4,3
952547,reward,7126,305.15714315307036,390.935,SF-P3O-v1,Walker2d-v4,3
952776,reward,7127,646.2753518261284,401.583,SF-P3O-v1,Walker2d-v4,3
952932,reward,7128,427.630307779174,402.454,SF-P3O-v1,Walker2d-v4,3
953083,reward,7129,417.64317884278785,406.807,SF-P3O-v1,Walker2d-v4,3
953233,reward,7130,400.1038064887767,412.446,SF-P3O-v1,Walker2d-v4,3
953401,reward,7131,495.5954361933889,426.835,SF-P3O-v1,Walker2d-v4,3
953619,reward,7132,570.8140057155211,426.499,SF-P3O-v1,Walker2d-v4,3
953887,reward,7133,741.6390937387786,469.401,SF-P3O-v1,Walker2d-v4,3
954028,reward,7134,394.7177465194059,475.137,SF-P3O-v1,Walker2d-v4,3
954165,reward,7135,369.0501527627905,476.863,SF-P3O-v1,Walker2d-v4,3
954416,reward,7136,691.5266495992345,515.5,SF-P3O-v1,Walker2d-v4,3
954550,reward,7137,382.18855084511483,489.091,SF-P3O-v1,Walker2d-v4,3
954699,reward,7138,411.655901834527,487.493,SF-P3O-v1,Walker2d-v4,3
954837,reward,7139,336.80755264760955,479.41,SF-P3O-v1,Walker2d-v4,3
954979,reward,7140,368.3398972647054,476.233,SF-P3O-v1,Walker2d-v4,3
955130,reward,7141,380.6123149012645,464.735,SF-P3O-v1,Walker2d-v4,3
955277,reward,7142,384.3887985929221,446.093,SF-P3O-v1,Walker2d-v4,3
955437,reward,7143,484.3458742415485,420.363,SF-P3O-v1,Walker2d-v4,3
955621,reward,7144,451.5091205667098,426.042,SF-P3O-v1,Walker2d-v4,3
955739,reward,7145,280.99993538858183,417.237,SF-P3O-v1,Walker2d-v4,3
955846,reward,7146,262.2875349269391,374.314,SF-P3O-v1,Walker2d-v4,3
955985,reward,7147,397.4399997071427,375.839,SF-P3O-v1,Walker2d-v4,3
956116,reward,7148,327.45874847912364,367.419,SF-P3O-v1,Walker2d-v4,3
956286,reward,7149,464.58391299721103,380.197,SF-P3O-v1,Walker2d-v4,3
956401,reward,7150,313.2281035848953,374.685,SF-P3O-v1,Walker2d-v4,3
956560,reward,7151,454.49683757070875,382.074,SF-P3O-v1,Walker2d-v4,3
956663,reward,7152,231.8898981033381,366.824,SF-P3O-v1,Walker2d-v4,3
956768,reward,7153,248.2730096866753,343.217,SF-P3O-v1,Walker2d-v4,3
956916,reward,7154,412.0221754233653,339.268,SF-P3O-v1,Walker2d-v4,3
957083,reward,7155,475.9375172544605,358.762,SF-P3O-v1,Walker2d-v4,3
957253,reward,7156,492.69537515812993,381.803,SF-P3O-v1,Walker2d-v4,3
957427,reward,7157,479.87564386764944,390.046,SF-P3O-v1,Walker2d-v4,3
957582,reward,7158,429.44596542957476,400.245,SF-P3O-v1,Walker2d-v4,3
957758,reward,7159,509.97391725304135,404.784,SF-P3O-v1,Walker2d-v4,3
957923,reward,7160,469.00698467364083,420.362,SF-P3O-v1,Walker2d-v4,3
958121,reward,7161,590.241040083464,433.936,SF-P3O-v1,Walker2d-v4,3
958285,reward,7162,484.01584972425445,459.149,SF-P3O-v1,Walker2d-v4,3
958439,reward,7163,404.7677301686012,474.798,SF-P3O-v1,Walker2d-v4,3
958464,loss,-0.016856279224157333,0.7452922463417053,SF-P3O-v1,Walker2d-v4,3
958739,reward,7164,918.4091266522338,525.437,SF-P3O-v1,Walker2d-v4,3
958922,reward,7165,488.15263442265643,526.658,SF-P3O-v1,Walker2d-v4,3
959071,reward,7166,410.34894012151847,518.424,SF-P3O-v1,Walker2d-v4,3
959242,reward,7167,488.219575520126,519.258,SF-P3O-v1,Walker2d-v4,3
959521,reward,7168,813.6791274773059,557.681,SF-P3O-v1,Walker2d-v4,3
959684,reward,7169,480.44674540552273,554.729,SF-P3O-v1,Walker2d-v4,3
959833,reward,7170,396.468606710736,547.475,SF-P3O-v1,Walker2d-v4,3
959939,reward,7171,276.927374229548,516.144,SF-P3O-v1,Walker2d-v4,3
960000,speed,582.14,26.15,SF-P3O-v1,Walker2d-v4,3
960001,perturb,0.084996,0.94609,0.5998,18662,49184,0.646385,12,SF-P3O-v1,Walker2d-v4,3
960109,reward,7172,488.0581636827386,516.548,SF-P3O-v1,Walker2d-v4,3
960384,reward,7173,655.2258358138421,541.594,SF-P3O-v1,Walker2d-v4,3
960549,reward,7174,391.7348631216054,488.926,SF-P3O-v1,Walker2d-v4,3
960668,reward,7175,293.6132305708541,469.472,SF-P3O-v1,Walker2d-v4,3
960894,reward,7176,653.8198427832117,493.819,SF-P3O-v1,Walker2d-v4,3
961022,reward,7177,348.22285084081125,479.82,SF-P3O-v1,Walker2d-v4,3
961246,reward,7178,587.132529877675,457.165,SF-P3O-v1,Walker2d-v4,3
961406,reward,7179,431.9381248171977,452.314,SF-P3O-v1,Walker2d-v4,3
961527,reward,7180,282.4968169723741,440.917,SF-P3O-v1,Walker2d-v4,3
961670,reward,7181,404.4458049604925,453.669,SF-P3O-v1,Walker2d-v4,3
961815,reward,7182,421.10388830749935,446.973,SF-P3O-v1,Walker2d-v4,3
961944,reward,7183,325.42444164879765,413.993,SF-P3O-v1,Walker2d-v4,3
962097,reward,7184,442.03330384841695,419.023,SF-P3O-v1,Walker2d-v4,3
962235,reward,7185,357.2986343940643,425.392,SF-P3O-v1,Walker2d-v4,3
962509,reward,7186,811.5556026579292,441.165,SF-P3O-v1,Walker2d-v4,3
962657,reward,7187,409.29802213090244,447.273,SF-P3O-v1,Walker2d-v4,3
962831,reward,7188,470.1787639516688,435.577,SF-P3O-v1,Walker2d-v4,3
962932,reward,7189,234.79482329923528,415.863,SF-P3O-v1,Walker2d-v4,3
963068,reward,7190,378.6648401346177,425.48,SF-P3O-v1,Walker2d-v4,3
963226,reward,7191,436.8145684984026,428.717,SF-P3O-v1,Walker2d-v4,3
963350,reward,7192,322.06849714057995,418.813,SF-P3O-v1,Walker2d-v4,3
963519,reward,7193,473.42437913995155,433.613,SF-P3O-v1,Walker2d-v4,3
963673,reward,7194,406.97958773334625,430.108,SF-P3O-v1,Walker2d-v4,3
963966,reward,7195,851.1825946148606,479.496,SF-P3O-v1,Walker2d-v4,3
964106,reward,7196,375.58688416836975,435.899,SF-P3O-v1,Walker2d-v4,3
964280,reward,7197,466.6700964097067,441.637,SF-P3O-v1,Walker2d-v4,3
964438,reward,7198,437.9462323635386,438.413,SF-P3O-v1,Walker2d-v4,3
964586,reward,7199,418.6305657300884,456.797,SF-P3O-v1,Walker2d-v4,3
964722,reward,7200,372.77128975423227,456.207,SF-P3O-v1,Walker2d-v4,3
964896,reward,7201,524.333393319954,464.959,SF-P3O-v1,Walker2d-v4,3
965042,reward,7202,403.34878442834867,473.087,SF-P3O-v1,Walker2d-v4,3
965198,reward,7203,452.5972456202736,471.005,SF-P3O-v1,Walker2d-v4,3
965404,reward,7204,561.8677765814375,486.493,SF-P3O-v1,Walker2d-v4,3
965540,reward,7205,345.88509251482,435.964,SF-P3O-v1,Walker2d-v4,3
965701,reward,7206,441.5441778560627,442.559,SF-P3O-v1,Walker2d-v4,3
965821,reward,7207,292.77513081514195,425.17,SF-P3O-v1,Walker2d-v4,3
965946,reward,7208,329.62943840199296,414.338,SF-P3O-v1,Walker2d-v4,3
966068,reward,7209,288.83108664675126,401.358,SF-P3O-v1,Walker2d-v4,3
966206,reward,7210,390.86733516696347,403.168,SF-P3O-v1,Walker2d-v4,3
966374,reward,7211,439.14105187897576,394.649,SF-P3O-v1,Walker2d-v4,3
966540,reward,7212,454.2823013594684,399.742,SF-P3O-v1,Walker2d-v4,3
966656,loss,-0.04098522290587425,0.6806084513664246,SF-P3O-v1,Walker2d-v4,3
966656,diagnostics,0.0,92.26,58.8037,0.086897,0.945017,0.6157,0.140394,SF-P3O-v1,Walker2d-v4,3
966690,reward,7213,409.01763337928315,395.384,SF-P3O-v1,Walker2d-v4,3
966847,reward,7214,438.41571307230487,383.039,SF-P3O-v1,Walker2d-v4,3
967014,reward,7215,423.73474813246804,390.824,SF-P3O-v1,Walker2d-v4,3
967153,reward,7216,364.0257816767586,383.072,SF-P3O-v1,Walker2d-v4,3
967214,reward,7217,109.49550198587414,364.744,SF-P3O-v1,Walker2d-v4,3
967351,reward,7218,355.2521139064155,367.306,SF-P3O-v1,Walker2d-v4,3
967498,reward,7219,402.36586852180017,378.66,SF-P3O-v1,Walker2d-v4,3
967650,reward,7220,427.54437287197874,382.328,SF-P3O-v1,Walker2d-v4,3
967813,reward,7221,438.34076611120673,382.247,SF-P3O-v1,Walker2d-v4,3
968016,reward,7222,597.3042356766681,396.55,SF-P3O-v1,Walker2d-v4,3
968184,reward,7223,480.8762119404563,403.736,SF-P3O-v1,Walker2d-v4,3
968347,reward,7224,442.86421398549214,404.18,SF-P3O-v1,Walker2d-v4,3
968456,reward,7225,274.41080373763435,389.248,SF-P3O-v1,Walker2d-v4,3
968601,reward,7226,407.43016340503516,393.588,SF-P3O-v1,Walker2d-v4,3
968840,reward,7227,628.1696185270367,445.456,SF-P3O-v1,Walker2d-v4,3
969012,reward,7228,486.37160307118035,458.568,SF-P3O-v1,Walker2d-v4,3
969128,reward,7229,271.9374218013505,445.525,SF-P3O-v1,Walker2d-v4,3
969258,reward,7230,385.5368003128209,441.324,SF-P3O-v1,Walker2d-v4,3
969410,reward,7231,441.3849023776639,441.629,SF-P3O-v1,Walker2d-v4,3
969535,reward,7232,309.0430687664446,412.802,SF-P3O-v1,Walker2d-v4,3
969657,reward,7233,312.6298471702209,395.978,SF-P3O-v1,Walker2d-v4,3
969802,reward,7234,402.84850587205227,391.976,SF-P3O-v1,Walker2d-v4,3
969962,reward,7235,432.3242087470014,407.768,SF-P3O-v1,Walker2d-v4,3
970000,speed,910.67,26.33,SF-P3O-v1,Walker2d-v4,3
970001,spectral,0.086897,0.945017,0.6157,SF-P3O-v1,Walker2d-v4,3
970116,reward,7236,435.10945206054566,410.536,SF-P3O-v1,Walker2d-v4,3
970250,reward,7237,340.7070871998077,381.789,SF-P3O-v1,Walker2d-v4,3
970392,reward,7238,373.21308249882344,370.473,SF-P3O-v1,Walker2d-v4,3
970542,reward,7239,438.7614993938889,387.156,SF-P3O-v1,Walker2d-v4,3
970699,reward,7240,451.8227409954782,393.784,SF-P3O-v1,Walker2d-v4,3
970878,reward,7241,491.4889062448037,398.795,SF-P3O-v1,Walker2d-v4,3
970991,reward,7242,265.14783058052376,394.405,SF-P3O-v1,Walker2d-v4,3
971138,reward,7243,400.635056718932,403.206,SF-P3O-v1,Walker2d-v4,3
971306,reward,7244,451.2662015259956,408.048,SF-P3O-v1,Walker2d-v4,3
971464,reward,7245,431.84274323802026,407.999,SF-P3O-v1,Walker2d-v4,3
971585,reward,7246,283.00427025393185,392.789,SF-P3O-v1,Walker2d-v4,3
971665,reward,7247,158.94495807746114,374.613,SF-P3O-v1,Walker2d-v4,3
971810,reward,7248,423.363753405394,379.628,SF-P3O-v1,Walker2d-v4,3
971985,reward,7249,486.0451071614326,384.356,SF-P3O-v1,Walker2d-v4,3
972203,reward,7250,606.5598433163176,399.83,SF-P3O-v1,Walker2d-v4,3
972328,reward,7251,312.80104480920073,381.961,SF-P3O-v1,Walker2d-v4,3
972485,reward,7252,490.2464899568634,404.471,SF-P3O-v1,Walker2d-v4,3
972637,reward,7253,372.104789432605,401.618,SF-P3O-v1,Walker2d-v4,3
972773,reward,7254,339.753614944853,390.467,SF-P3O-v1,Walker2d-v4,3
972918,reward,7255,414.8371170849339,388.766,SF-P3O-v1,Walker2d-v4,3
973039,reward,7256,276.48596788913534,388.114,SF-P3O-v1,Walker2d-v4,3
973211,reward,7257,448.13395595226234,417.033,SF-P3O-v1,Walker2d-v4,3
973362,reward,7258,415.46686661150943,416.243,SF-P3O-v1,Walker2d-v4,3
973537,reward,7259,471.850688302164,414.824,SF-P3O-v1,Walker2d-v4,3
973692,reward,7260,417.1815906630968,395.886,SF-P3O-v1,Walker2d-v4,3
973872,reward,7261,524.9123757790252,417.097,SF-P3O-v1,Walker2d-v4,3
973990,reward,7262,309.616496526582,399.034,SF-P3O-v1,Walker2d-v4,3
974135,reward,7263,398.2512695259266,401.649,SF-P3O-v1,Walker2d-v4,3
974281,reward,7264,400.6805125144215,407.742,SF-P3O-v1,Walker2d-v4,3
974408,reward,7265,333.45228069825254,399.603,SF-P3O-v1,Walker2d-v4,3
974549,reward,7266,403.6155346067556,412.316,SF-P3O-v1,Walker2d-v4,3
974776,reward,7267,630.9735389457286,430.6,SF-P3O-v1,Walker2d-v4,3
974848,loss,-0.11016541719436646,0.7504177093505859,SF-P3O-v1,Walker2d-v4,3
974940,reward,7268,473.4086935957547,436.394,SF-P3O-v1,Walker2d-v4,3
975143,reward,7269,582.4080040294969,447.45,SF-P3O-v1,Walker2d-v4,3
975311,reward,7270,472.17025743372596,452.949,SF-P3O-v1,Walker2d-v4,3
975416,reward,7271,243.16215722332072,424.774,SF-P3O-v1,Walker2d-v4,3
975589,reward,7272,469.41387286044187,440.754,SF-P3O-v1,Walker2d-v4,3
975690,reward,7273,215.7646865813767,422.505,SF-P3O-v1,Walker2d-v4,3
975893,reward,7274,616.6757741228806,444.104,SF-P3O-v1,Walker2d-v4,3
976045,reward,7275,421.2423420219786,452.883,SF-P3O-v1,Walker2d-v4,3
976204,reward,7276,413.0880423495607,453.831,SF-P3O-v1,Walker2d-v4,3
976366,reward,7277,451.47766306329027,435.881,SF-P3O-v1,Walker2d-v4,3
976523,reward,7278,407.01704617247555,429.242,SF-P3O-v1,Walker2d-v4,3
976674,reward,7279,393.55389274574776,410.357,SF-P3O-v1,Walker2d-v4,3
976810,reward,7280,344.66740028118403,397.606,SF-P3O-v1,Walker2d-v4,3
976953,reward,7281,395.2202272537998,412.812,SF-P3O-v1,Walker2d-v4,3
977068,reward,7282,288.2224406293722,394.693,SF-P3O-v1,Walker2d-v4,3
977215,reward,7283,356.24728209156973,408.741,SF-P3O-v1,Walker2d-v4,3
977362,reward,7284,402.66311262220734,387.34,SF-P3O-v1,Walker2d-v4,3
977465,reward,7285,216.9586563913031,366.912,SF-P3O-v1,Walker2d-v4,3
977619,reward,7286,436.2974647889236,369.233,SF-P3O-v1,Walker2d-v4,3
977782,reward,7287,470.5606906406957,371.141,SF-P3O-v1,Walker2d-v4,3
977935,reward,7288,426.57916474892585,373.097,SF-P3O-v1,Walker2d-v4,3
978149,reward,7289,660.6754910875798,399.809,SF-P3O-v1,Walker2d-v4,3
978384,reward,7290,681.2185577436479,433.464,SF-P3O-v1,Walker2d-v4,3
978513,reward,7291,346.8813144453558,428.63,SF-P3O-v1,Walker2d-v4,3
978768,reward,7292,642.4464659835079,464.053,SF-P3O-v1,Walker2d-v4,3
978927,reward,7293,429.5937760981916,471.387,SF-P3O-v1,Walker2d-v4,3
979102,reward,7294,513.2475963618112,482.446,SF-P3O-v1,Walker2d-v4,3
979250,reward,7295,418.01178656780553,502.551,SF-P3O-v1,Walker2d-v4,3
979358,reward,7296,277.1246427059787,486.634,SF-P3O-v1,Walker2d-v4,3
979509,reward,7297,430.0123130646967,482.579,SF-P3O-v1,Walker2d-v4,3
979659,reward,7298,431.9802241619444,483.119,SF-P3O-v1,Walker2d-v4,3
979817,reward,7299,482.2410953328933,465.276,SF-P3O-v1,Walker2d-v4,3
979967,reward,7300,390.32107168897164,436.186,SF-P3O-v1,Walker2d-v4,3
980000,speed,823.67,26.53,SF-P3O-v1,Walker2d-v4,3
980001,spectral,0.0872,0.944805,0.6185,SF-P3O-v1,Walker2d-v4,3
980098,reward,7301,340.4985415527327,435.548,SF-P3O-v1,Walker2d-v4,3
980262,reward,7302,471.94299950702396,418.497,SF-P3O-v1,Walker2d-v4,3
980411,reward,7303,434.40093097971356,418.978,SF-P3O-v1,Walker2d-v4,3
980563,reward,7304,401.53263027169083,407.807,SF-P3O-v1,Walker2d-v4,3
980753,reward,7305,533.2845534299195,419.334,SF-P3O-v1,Walker2d-v4,3
980890,reward,7306,302.57914631240266,421.879,SF-P3O-v1,Walker2d-v4,3
981050,reward,7307,456.6182537696633,424.54,SF-P3O-v1,Walker2d-v4,3
981241,reward,7308,547.303146068132,436.072,SF-P3O-v1,Walker2d-v4,3
981415,reward,7309,525.7817880555367,440.426,SF-P3O-v1,Walker2d-v4,3
981536,reward,7310,290.71909332994835,430.466,SF-P3O-v1,Walker2d-v4,3
981692,reward,7311,427.9583710246992,439.212,SF-P3O-v1,Walker2d-v4,3
981836,reward,7312,398.20781411757,431.839,SF-P3O-v1,Walker2d-v4,3
982012,reward,7313,515.0060237841533,439.899,SF-P3O-v1,Walker2d-v4,3
982134,reward,7314,330.85589259971164,432.831,SF-P3O-v1,Walker2d-v4,3
982304,reward,7315,482.313774384055,427.734,SF-P3O-v1,Walker2d-v4,3
982457,reward,7316,418.85761057105964,439.362,SF-P3O-v1,Walker2d-v4,3
982618,reward,7317,458.5452254952416,439.555,SF-P3O-v1,Walker2d-v4,3
982870,reward,7318,724.2981886052963,457.254,SF-P3O-v1,Walker2d-v4,3
983003,reward,7319,339.58025403310097,438.634,SF-P3O-v1,Walker2d-v4,3
983040,loss,-0.08179398626089096,0.7673811912536621,SF-P3O-v1,Walker2d-v4,3
983040,diagnostics,0.0,92.52,59.7305,0.087416,0.944792,0.6183,0.123363,SF-P3O-v1,Walker2d-v4,3
983173,reward,7320,484.4656144816609,458.009,SF-P3O-v1,Walker2d-v4,3
983300,reward,7321,311.27236171231283,446.34,SF-P3O-v1,Walker2d-v4,3
983450,reward,7322,398.69063664374073,446.389,SF-P3O-v1,Walker2d-v4,3
983607,reward,7323,415.34804017597094,436.423,SF-P3O-v1,Walker2d-v4,3
983764,reward,7324,436.8377286813358,447.021,SF-P3O-v1,Walker2d-v4,3
983946,reward,7325,511.76118865079263,449.966,SF-P3O-v1,Walker2d-v4,3
984191,reward,7326,701.6909236498786,478.249,SF-P3O-v1,Walker2d-v4,3
984360,reward,7327,486.38533879683297,481.033,SF-P3O-v1,Walker2d-v4,3
984534,reward,7328,484.853929602849,457.089,SF-P3O-v1,Walker2d-v4,3
984716,reward,7329,532.9769515879306,476.428,SF-P3O-v1,Walker2d-v4,3
984870,reward,7330,375.4978299798195,465.531,SF-P3O-v1,Walker2d-v4,3
985000,reward,7331,299.8114820527928,464.385,SF-P3O-v1,Walker2d-v4,3
985114,reward,7332,279.1220043913913,452.429,SF-P3O-v1,Walker2d-v4,3
985347,reward,7333,648.741034460815,475.768,SF-P3O-v1,Walker2d-v4,3
985518,reward,7334,441.65377369316644,476.249,SF-P3O-v1,Walker2d-v4,3
985651,reward,7335,356.5867679469858,460.732,SF-P3O-v1,Walker2d-v4,3
985799,reward,7336,424.1740557736465,432.98,SF-P3O-v1,Walker2d-v4,3
986004,reward,7337,600.6734521970233,444.409,SF-P3O-v1,Walker2d-v4,3
986150,reward,7338,400.98181139047193,436.022,SF-P3O-v1,Walker2d-v4,3
986314,reward,7339,469.72724116256205,429.697,SF-P3O-v1,Walker2d-v4,3
986485,reward,7340,511.1491054429075,443.262,SF-P3O-v1,Walker2d-v4,3
986663,reward,7341,508.9408553314813,464.175,SF-P3O-v1,Walker2d-v4,3
986907,reward,7342,723.3021696353975,508.593,SF-P3O-v1,Walker2d-v4,3
987047,reward,7343,387.3989511286452,482.459,SF-P3O-v1,Walker2d-v4,3
987203,reward,7344,443.1424012222031,482.608,SF-P3O-v1,Walker2d-v4,3
987321,reward,7345,288.9534893966658,475.844,SF-P3O-v1,Walker2d-v4,3
987428,reward,7346,242.8255083928641,457.709,SF-P3O-v1,Walker2d-v4,3
987655,reward,7347,679.8925847389328,465.631,SF-P3O-v1,Walker2d-v4,3
987859,reward,7348,582.7724681309923,483.81,SF-P3O-v1,Walker2d-v4,3
987872,reward,7349,4.09645353066661,437.247,SF-P3O-v1,Walker2d-v4,3
988050,reward,7350,522.3429857655958,438.367,SF-P3O-v1,Walker2d-v4,3
988232,reward,7351,530.5658714559578,440.529,SF-P3O-v1,Walker2d-v4,3
988381,reward,7352,399.8170492358259,408.181,SF-P3O-v1,Walker2d-v4,3
988556,reward,7353,478.90124192227455,417.331,SF-P3O-v1,Walker2d-v4,3
988776,reward,7354,645.8851826140294,437.605,SF-P3O-v1,Walker2d-v4,3
988951,reward,7355,511.386415321791,459.849,SF-P3O-v1,Walker2d-v4,3
989136,reward,7356,535.149025007374,489.081,SF-P3O-v1,Walker2d-v4,3
989319,reward,7357,552.5521583788952,476.347,SF-P3O-v1,Walker2d-v4,3
989474,reward,7358,452.5245518656801,463.322,SF-P3O-v1,Walker2d-v4,3
989637,reward,7359,458.8381491853691,508.796,SF-P3O-v1,Walker2d-v4,3
989808,reward,7360,490.17606368504,505.58,SF-P3O-v1,Walker2d-v4,3
989976,reward,7361,476.5459943729681,500.178,SF-P3O-v1,Walker2d-v4,3
990000,speed,966.61,26.7,SF-P3O-v1,Walker2d-v4,3
990001,spectral,0.087416,0.944792,0.6183,SF-P3O-v1,Walker2d-v4,3
990105,reward,7362,334.19771957630735,493.616,SF-P3O-v1,Walker2d-v4,3
990336,reward,7363,632.8297091601036,509.008,SF-P3O-v1,Walker2d-v4,3
990473,reward,7364,371.9957621844692,481.62,SF-P3O-v1,Walker2d-v4,3
990640,reward,7365,456.4883270584976,476.13,SF-P3O-v1,Walker2d-v4,3
990826,reward,7366,541.8777703696737,476.803,SF-P3O-v1,Walker2d-v4,3
990940,reward,7367,284.25154811186815,449.973,SF-P3O-v1,Walker2d-v4,3
991157,reward,7368,595.4948237476983,464.27,SF-P3O-v1,Walker2d-v4,3
991232,loss,-0.017047841101884842,0.875159740447998,SF-P3O-v1,Walker2d-v4,3
991324,reward,7369,466.4566189392953,465.031,SF-P3O-v1,Walker2d-v4,3
991512,reward,7370,561.8718791843124,472.201,SF-P3O-v1,Walker2d-v4,3
991676,reward,7371,416.1174015903663,466.158,SF-P3O-v1,Walker2d-v4,3
991806,reward,7372,344.832956473136,467.222,SF-P3O-v1,Walker2d-v4,3
991998,reward,7373,586.1562371462666,462.554,SF-P3O-v1,Walker2d-v4,3
992149,reward,7374,436.69385094652205,469.024,SF-P3O-v1,Walker2d-v4,3
992303,reward,7375,412.7810612366355,464.653,SF-P3O-v1,Walker2d-v4,3
992454,reward,7376,412.5204221224507,451.718,SF-P3O-v1,Walker2d-v4,3
992644,reward,7377,553.8928430103961,478.682,SF-P3O-v1,Walker2d-v4,3
992806,reward,7378,454.52738522218186,464.585,SF-P3O-v1,Walker2d-v4,3
992966,reward,7379,395.68822158454566,457.508,SF-P3O-v1,Walker2d-v4,3
993147,reward,7380,514.807308398018,452.802,SF-P3O-v1,Walker2d-v4,3
993315,reward,7381,465.93199122179755,457.783,SF-P3O-v1,Walker2d-v4,3
993493,reward,7382,506.1856754191194,473.918,SF-P3O-v1,Walker2d-v4,3
993653,reward,7383,403.4415654715356,455.647,SF-P3O-v1,Walker2d-v4,3
993790,reward,7384,399.98981503265026,451.977,SF-P3O-v1,Walker2d-v4,3
993935,reward,7385,391.9402659279686,449.893,SF-P3O-v1,Walker2d-v4,3
994090,reward,7386,452.5725076234577,453.898,SF-P3O-v1,Walker2d-v4,3
994308,reward,7387,620.2003457493686,460.529,SF-P3O-v1,Walker2d-v4,3
994449,reward,7388,390.74658771991864,454.15,SF-P3O-v1,Walker2d-v4,3
994615,reward,7389,449.84249657536265,459.566,SF-P3O-v1,Walker2d-v4,3
994785,reward,7390,483.534187978417,456.439,SF-P3O-v1,Walker2d-v4,3
995029,reward,7391,710.2230082583906,480.868,SF-P3O-v1,Walker2d-v4,3
995155,reward,7392,304.43289791425116,460.692,SF-P3O-v1,Walker2d-v4,3
995286,reward,7393,349.14026140195733,455.262,SF-P3O-v1,Walker2d-v4,3
995444,reward,7394,442.9295244551756,459.556,SF-P3O-v1,Walker2d-v4,3
995607,reward,7395,456.12012179189395,465.974,SF-P3O-v1,Walker2d-v4,3
995833,reward,7396,654.4583283549384,486.163,SF-P3O-v1,Walker2d-v4,3
996005,reward,7397,482.61801440562095,472.405,SF-P3O-v1,Walker2d-v4,3
996161,reward,7398,417.7911903535969,475.109,SF-P3O-v1,Walker2d-v4,3
996375,reward,7399,601.141712280099,490.239,SF-P3O-v1,Walker2d-v4,3
996587,reward,7400,643.9048428071378,506.276,SF-P3O-v1,Walker2d-v4,3
996727,reward,7401,379.91009390824564,473.245,SF-P3O-v1,Walker2d-v4,3
996907,reward,7402,558.1858981841057,498.62,SF-P3O-v1,Walker2d-v4,3
997062,reward,7403,428.0791749655164,506.514,SF-P3O-v1,Walker2d-v4,3
997295,reward,7404,617.7259648911881,523.994,SF-P3O-v1,Walker2d-v4,3
997544,reward,7405,699.7287936440954,548.354,SF-P3O-v1,Walker2d-v4,3
997752,reward,7406,562.7921829366076,539.188,SF-P3O-v1,Walker2d-v4,3
997934,reward,7407,510.28963139405664,541.955,SF-P3O-v1,Walker2d-v4,3
998078,reward,7408,433.44080588694095,543.52,SF-P3O-v1,Walker2d-v4,3
998253,reward,7409,490.6985901798657,532.476,SF-P3O-v1,Walker2d-v4,3
998430,reward,7410,473.89296280370485,515.474,SF-P3O-v1,Walker2d-v4,3
998607,reward,7411,456.13599234310834,523.097,SF-P3O-v1,Walker2d-v4,3
998810,reward,7412,630.1709812159457,530.296,SF-P3O-v1,Walker2d-v4,3
999026,reward,7413,588.9880268842517,546.386,SF-P3O-v1,Walker2d-v4,3
999207,reward,7414,518.9540900907956,536.509,SF-P3O-v1,Walker2d-v4,3
999415,reward,7415,668.673904350987,533.404,SF-P3O-v1,Walker2d-v4,3
999424,loss,-0.035266682505607605,0.894136905670166,SF-P3O-v1,Walker2d-v4,3
999424,diagnostics,0.0,92.83,79.6098,0.088248,0.944561,0.6569,0.12494,SF-P3O-v1,Walker2d-v4,3
999670,reward,7416,764.896722751035,553.614,SF-P3O-v1,Walker2d-v4,3
999842,reward,7417,478.2022476591,550.405,SF-P3O-v1,Walker2d-v4,3
1000000,speed,604.51,26.98,SF-P3O-v1,Walker2d-v4,3
