step,tag
10,reward,1,-0.27635583526509033,-0.276,SF-P3O-NoFisher,Walker2d-v4,2
45,reward,2,8.173921672231334,3.949,SF-P3O-NoFisher,Walker2d-v4,2
61,reward,3,-2.9816549700824266,1.639,SF-P3O-NoFisher,Walker2d-v4,2
126,reward,4,-3.7848001874698896,0.283,SF-P3O-NoFisher,Walker2d-v4,2
137,reward,5,0.38645337004372693,0.304,SF-P3O-NoFisher,Walker2d-v4,2
170,reward,6,4.104080406866574,0.937,SF-P3O-NoFisher,Walker2d-v4,2
185,reward,7,-12.9186543732223,-1.042,SF-P3O-NoFisher,Walker2d-v4,2
205,reward,8,-2.507635072528275,-1.226,SF-P3O-NoFisher,Walker2d-v4,2
221,reward,9,-4.281857085197133,-1.565,SF-P3O-NoFisher,Walker2d-v4,2
232,reward,10,-2.7302227325793105,-1.682,SF-P3O-NoFisher,Walker2d-v4,2
251,reward,11,2.769765444102723,-1.377,SF-P3O-NoFisher,Walker2d-v4,2
266,reward,12,-4.086681564220398,-2.603,SF-P3O-NoFisher,Walker2d-v4,2
292,reward,13,4.5544126250196335,-1.85,SF-P3O-NoFisher,Walker2d-v4,2
311,reward,14,4.32185647604635,-1.039,SF-P3O-NoFisher,Walker2d-v4,2
324,reward,15,-5.010678036643362,-1.579,SF-P3O-NoFisher,Walker2d-v4,2
333,reward,16,-1.4625044335987756,-2.135,SF-P3O-NoFisher,Walker2d-v4,2
347,reward,17,-0.7269049303885362,-0.916,SF-P3O-NoFisher,Walker2d-v4,2
362,reward,18,-4.248555940629559,-1.09,SF-P3O-NoFisher,Walker2d-v4,2
372,reward,19,1.3082446537450694,-0.531,SF-P3O-NoFisher,Walker2d-v4,2
389,reward,20,2.37127771380463,-0.021,SF-P3O-NoFisher,Walker2d-v4,2
406,reward,21,-6.486784261523908,-0.947,SF-P3O-NoFisher,Walker2d-v4,2
420,reward,22,0.32057068984316617,-0.506,SF-P3O-NoFisher,Walker2d-v4,2
457,reward,23,15.264239910057958,0.565,SF-P3O-NoFisher,Walker2d-v4,2
476,reward,24,-6.268693680727564,-0.494,SF-P3O-NoFisher,Walker2d-v4,2
489,reward,25,-2.3252106246378066,-0.225,SF-P3O-NoFisher,Walker2d-v4,2
544,reward,26,14.187618761117134,1.34,SF-P3O-NoFisher,Walker2d-v4,2
564,reward,27,-3.213770434459155,1.091,SF-P3O-NoFisher,Walker2d-v4,2
579,reward,28,-1.8272615737861215,1.333,SF-P3O-NoFisher,Walker2d-v4,2
617,reward,29,10.553069919841853,2.258,SF-P3O-NoFisher,Walker2d-v4,2
636,reward,30,3.795762328504372,2.4,SF-P3O-NoFisher,Walker2d-v4,2
669,reward,31,6.744464937342058,3.723,SF-P3O-NoFisher,Walker2d-v4,2
690,reward,32,9.924177881687774,4.683,SF-P3O-NoFisher,Walker2d-v4,2
708,reward,33,3.7478493146714813,3.532,SF-P3O-NoFisher,Walker2d-v4,2
725,reward,34,-3.1123780427948056,3.847,SF-P3O-NoFisher,Walker2d-v4,2
740,reward,35,0.6614788306784621,4.146,SF-P3O-NoFisher,Walker2d-v4,2
762,reward,36,0.4813303853877917,2.775,SF-P3O-NoFisher,Walker2d-v4,2
782,reward,37,6.17407916241097,3.714,SF-P3O-NoFisher,Walker2d-v4,2
791,reward,38,-2.0158141300185877,3.695,SF-P3O-NoFisher,Walker2d-v4,2
821,reward,39,9.25846622036137,3.566,SF-P3O-NoFisher,Walker2d-v4,2
849,reward,40,0.16907072194559702,3.203,SF-P3O-NoFisher,Walker2d-v4,2
865,reward,41,-4.555565381338209,2.073,SF-P3O-NoFisher,Walker2d-v4,2
878,reward,42,3.657071932310596,1.447,SF-P3O-NoFisher,Walker2d-v4,2
900,reward,43,-2.735975645241467,0.798,SF-P3O-NoFisher,Walker2d-v4,2
913,reward,44,-7.743071262879817,0.335,SF-P3O-NoFisher,Walker2d-v4,2
926,reward,45,0.6268433714460493,0.332,SF-P3O-NoFisher,Walker2d-v4,2
941,reward,46,-3.6152490951510488,-0.078,SF-P3O-NoFisher,Walker2d-v4,2
960,reward,47,3.532813095765957,-0.342,SF-P3O-NoFisher,Walker2d-v4,2
977,reward,48,1.433140365831692,0.003,SF-P3O-NoFisher,Walker2d-v4,2
988,reward,49,-2.851653398391769,-1.208,SF-P3O-NoFisher,Walker2d-v4,2
1003,reward,50,-3.9161549151019726,-1.617,SF-P3O-NoFisher,Walker2d-v4,2
1019,reward,51,1.2552280135877352,-1.036,SF-P3O-NoFisher,Walker2d-v4,2
1031,reward,52,-4.100432376655399,-1.811,SF-P3O-NoFisher,Walker2d-v4,2
1057,reward,53,8.775040720605828,-0.66,SF-P3O-NoFisher,Walker2d-v4,2
1075,reward,54,-8.50043243330944,-0.736,SF-P3O-NoFisher,Walker2d-v4,2
1102,reward,55,-0.29606605984478174,-0.828,SF-P3O-NoFisher,Walker2d-v4,2
1112,reward,56,-2.518920284290224,-0.719,SF-P3O-NoFisher,Walker2d-v4,2
1126,reward,57,-2.595550796453882,-1.332,SF-P3O-NoFisher,Walker2d-v4,2
1139,reward,58,-4.817228608674997,-1.957,SF-P3O-NoFisher,Walker2d-v4,2
1148,reward,59,-1.1237139331100476,-1.784,SF-P3O-NoFisher,Walker2d-v4,2
1163,reward,60,1.392384742488609,-1.253,SF-P3O-NoFisher,Walker2d-v4,2
1180,reward,61,-1.8409476609381117,-1.563,SF-P3O-NoFisher,Walker2d-v4,2
1201,reward,62,3.8824192927964867,-0.764,SF-P3O-NoFisher,Walker2d-v4,2
1213,reward,63,-1.7562119295925092,-1.817,SF-P3O-NoFisher,Walker2d-v4,2
1246,reward,64,2.7920660176209777,-0.688,SF-P3O-NoFisher,Walker2d-v4,2
1264,reward,65,6.464815017565725,-0.012,SF-P3O-NoFisher,Walker2d-v4,2
1290,reward,66,3.6617153916328773,0.606,SF-P3O-NoFisher,Walker2d-v4,2
1327,reward,67,8.286541331911021,1.694,SF-P3O-NoFisher,Walker2d-v4,2
1342,reward,68,5.03042872175317,2.679,SF-P3O-NoFisher,Walker2d-v4,2
1358,reward,69,2.67680629994857,3.059,SF-P3O-NoFisher,Walker2d-v4,2
1367,reward,70,-5.145164958027435,2.405,SF-P3O-NoFisher,Walker2d-v4,2
1392,reward,71,6.461961811990852,3.236,SF-P3O-NoFisher,Walker2d-v4,2
1415,reward,72,0.6738927075902905,2.915,SF-P3O-NoFisher,Walker2d-v4,2
1427,reward,73,-5.311413321280559,2.559,SF-P3O-NoFisher,Walker2d-v4,2
1438,reward,74,-4.06493588527057,1.873,SF-P3O-NoFisher,Walker2d-v4,2
1458,reward,75,1.705208031856341,1.398,SF-P3O-NoFisher,Walker2d-v4,2
1466,reward,76,-2.7432589469519995,0.757,SF-P3O-NoFisher,Walker2d-v4,2
1483,reward,77,-3.242998778853589,-0.396,SF-P3O-NoFisher,Walker2d-v4,2
1493,reward,78,-5.72194680931166,-1.471,SF-P3O-NoFisher,Walker2d-v4,2
1508,reward,79,2.6755029517206523,-1.471,SF-P3O-NoFisher,Walker2d-v4,2
1519,reward,80,-1.8214262220996553,-1.139,SF-P3O-NoFisher,Walker2d-v4,2
1535,reward,81,1.0170608496139881,-1.683,SF-P3O-NoFisher,Walker2d-v4,2
1562,reward,82,1.580071016094821,-1.593,SF-P3O-NoFisher,Walker2d-v4,2
1576,reward,83,1.4660340152754001,-0.915,SF-P3O-NoFisher,Walker2d-v4,2
1590,reward,84,-1.4982669479241468,-0.658,SF-P3O-NoFisher,Walker2d-v4,2
1606,reward,85,-8.71759355739442,-1.701,SF-P3O-NoFisher,Walker2d-v4,2
1642,reward,86,7.835541656763573,-0.643,SF-P3O-NoFisher,Walker2d-v4,2
1654,reward,87,-4.295199662879499,-0.748,SF-P3O-NoFisher,Walker2d-v4,2
1668,reward,88,-9.418657087079474,-1.118,SF-P3O-NoFisher,Walker2d-v4,2
1683,reward,89,-1.9651033362873047,-1.582,SF-P3O-NoFisher,Walker2d-v4,2
1703,reward,90,2.531414983541953,-1.146,SF-P3O-NoFisher,Walker2d-v4,2
1723,reward,91,-1.3767896835874187,-1.386,SF-P3O-NoFisher,Walker2d-v4,2
1742,reward,92,-4.278359108915829,-1.972,SF-P3O-NoFisher,Walker2d-v4,2
1751,reward,93,-1.3024294061806645,-2.249,SF-P3O-NoFisher,Walker2d-v4,2
1783,reward,94,3.864199282524735,-1.712,SF-P3O-NoFisher,Walker2d-v4,2
1794,reward,95,-3.861094767146741,-1.227,SF-P3O-NoFisher,Walker2d-v4,2
1807,reward,96,-1.0577548516664776,-2.116,SF-P3O-NoFisher,Walker2d-v4,2
1817,reward,97,-0.09347312531882546,-1.696,SF-P3O-NoFisher,Walker2d-v4,2
1830,reward,98,0.6497754015987502,-0.689,SF-P3O-NoFisher,Walker2d-v4,2
1842,reward,99,-7.118338082703451,-1.204,SF-P3O-NoFisher,Walker2d-v4,2
1860,reward,100,0.9115722523629,-1.366,SF-P3O-NoFisher,Walker2d-v4,2
1883,reward,101,1.4744414160778794,-1.081,SF-P3O-NoFisher,Walker2d-v4,2
1912,reward,102,0.022969893498957727,-0.651,SF-P3O-NoFisher,Walker2d-v4,2
1922,reward,103,-3.838784873889052,-0.905,SF-P3O-NoFisher,Walker2d-v4,2
1936,reward,104,-0.6376447106881544,-1.355,SF-P3O-NoFisher,Walker2d-v4,2
1956,reward,105,5.819966753693518,-0.387,SF-P3O-NoFisher,Walker2d-v4,2
1966,reward,106,-1.371641967798439,-0.418,SF-P3O-NoFisher,Walker2d-v4,2
1993,reward,107,1.6250763762395233,-0.246,SF-P3O-NoFisher,Walker2d-v4,2
2003,reward,108,-7.927397745430613,-1.104,SF-P3O-NoFisher,Walker2d-v4,2
2017,reward,109,-9.59013444348707,-1.351,SF-P3O-NoFisher,Walker2d-v4,2
2044,reward,110,4.759689698001372,-0.966,SF-P3O-NoFisher,Walker2d-v4,2
2077,reward,111,15.552195853331927,0.441,SF-P3O-NoFisher,Walker2d-v4,2
2094,reward,112,-1.9103642935985183,0.248,SF-P3O-NoFisher,Walker2d-v4,2
2114,reward,113,-0.7370221155031882,0.558,SF-P3O-NoFisher,Walker2d-v4,2
2124,reward,114,-4.685808753474352,0.153,SF-P3O-NoFisher,Walker2d-v4,2
2146,reward,115,4.782901424045589,0.05,SF-P3O-NoFisher,Walker2d-v4,2
2177,reward,116,3.0193681670765082,0.489,SF-P3O-NoFisher,Walker2d-v4,2
2193,reward,117,4.138255138520555,0.74,SF-P3O-NoFisher,Walker2d-v4,2
2210,reward,118,0.875362744962199,1.62,SF-P3O-NoFisher,Walker2d-v4,2
2230,reward,119,-6.793188772338941,1.9,SF-P3O-NoFisher,Walker2d-v4,2
2254,reward,120,4.968625549026014,1.921,SF-P3O-NoFisher,Walker2d-v4,2
2267,reward,121,0.548359166526323,0.421,SF-P3O-NoFisher,Walker2d-v4,2
2282,reward,122,3.4835037309589385,0.96,SF-P3O-NoFisher,Walker2d-v4,2
2303,reward,123,-3.026893311136681,0.731,SF-P3O-NoFisher,Walker2d-v4,2
2314,reward,124,-3.9524262398885215,0.804,SF-P3O-NoFisher,Walker2d-v4,2
2335,reward,125,9.623285494784554,1.288,SF-P3O-NoFisher,Walker2d-v4,2
2351,reward,126,-1.533547223991286,0.833,SF-P3O-NoFisher,Walker2d-v4,2
2374,reward,127,-0.8611276788332285,0.333,SF-P3O-NoFisher,Walker2d-v4,2
2391,reward,128,-4.644676604345358,-0.219,SF-P3O-NoFisher,Walker2d-v4,2
2405,reward,129,-0.6191815676727572,0.399,SF-P3O-NoFisher,Walker2d-v4,2
2419,reward,130,-1.5438519137981146,-0.253,SF-P3O-NoFisher,Walker2d-v4,2
2434,reward,131,0.26832121997105907,-0.281,SF-P3O-NoFisher,Walker2d-v4,2
2463,reward,132,2.8395712526569366,-0.345,SF-P3O-NoFisher,Walker2d-v4,2
2476,reward,133,2.6739666013917662,0.225,SF-P3O-NoFisher,Walker2d-v4,2
2484,reward,134,-1.5986844363075448,0.46,SF-P3O-NoFisher,Walker2d-v4,2
2510,reward,135,12.712436180601005,0.769,SF-P3O-NoFisher,Walker2d-v4,2
2528,reward,136,0.8128798588477599,1.004,SF-P3O-NoFisher,Walker2d-v4,2
2542,reward,137,-3.9979025359464027,0.69,SF-P3O-NoFisher,Walker2d-v4,2
2554,reward,138,-8.24634211839418,0.33,SF-P3O-NoFisher,Walker2d-v4,2
2564,reward,139,-2.3486258609302095,0.157,SF-P3O-NoFisher,Walker2d-v4,2
2579,reward,140,2.20136803198469,0.532,SF-P3O-NoFisher,Walker2d-v4,2
2590,reward,141,-2.5853571482431867,0.246,SF-P3O-NoFisher,Walker2d-v4,2
2604,reward,142,-1.7098516696404418,-0.209,SF-P3O-NoFisher,Walker2d-v4,2
2618,reward,143,3.6664630790133623,-0.109,SF-P3O-NoFisher,Walker2d-v4,2
2640,reward,144,4.619856254771972,0.512,SF-P3O-NoFisher,Walker2d-v4,2
2680,reward,145,3.8794150354003847,-0.371,SF-P3O-NoFisher,Walker2d-v4,2
2697,reward,146,-3.3621599586396025,-0.788,SF-P3O-NoFisher,Walker2d-v4,2
2720,reward,147,9.908808762278245,0.602,SF-P3O-NoFisher,Walker2d-v4,2
2731,reward,148,-3.2162173096420026,1.105,SF-P3O-NoFisher,Walker2d-v4,2
2758,reward,149,2.0758983869457595,1.548,SF-P3O-NoFisher,Walker2d-v4,2
2774,reward,150,0.2289673936894474,1.351,SF-P3O-NoFisher,Walker2d-v4,2
2794,reward,151,-1.8632180405482843,1.423,SF-P3O-NoFisher,Walker2d-v4,2
2827,reward,152,12.922120868435883,2.886,SF-P3O-NoFisher,Walker2d-v4,2
2863,reward,153,-2.4177265937845824,2.278,SF-P3O-NoFisher,Walker2d-v4,2
2887,reward,154,13.575031919682743,3.173,SF-P3O-NoFisher,Walker2d-v4,2
2908,reward,155,4.103907497374066,3.196,SF-P3O-NoFisher,Walker2d-v4,2
2930,reward,156,-5.166535378640204,3.015,SF-P3O-NoFisher,Walker2d-v4,2
2950,reward,157,-0.46208332380987915,1.978,SF-P3O-NoFisher,Walker2d-v4,2
2995,reward,158,19.06549964081975,4.206,SF-P3O-NoFisher,Walker2d-v4,2
3023,reward,159,1.6005351778071863,4.159,SF-P3O-NoFisher,Walker2d-v4,2
3044,reward,160,-1.7705360438095934,3.959,SF-P3O-NoFisher,Walker2d-v4,2
3085,reward,161,13.122621731613263,5.457,SF-P3O-NoFisher,Walker2d-v4,2
3106,reward,162,-0.7517249006095983,4.09,SF-P3O-NoFisher,Walker2d-v4,2
3127,reward,163,-1.1491616376325124,4.217,SF-P3O-NoFisher,Walker2d-v4,2
3174,reward,164,14.134697999952184,4.273,SF-P3O-NoFisher,Walker2d-v4,2
3184,reward,165,-1.158705621385549,3.746,SF-P3O-NoFisher,Walker2d-v4,2
3201,reward,166,2.4136632460297607,4.504,SF-P3O-NoFisher,Walker2d-v4,2
3214,reward,167,0.1589237063919018,4.567,SF-P3O-NoFisher,Walker2d-v4,2
3230,reward,168,-1.642753585562625,2.496,SF-P3O-NoFisher,Walker2d-v4,2
3245,reward,169,0.49820211166800177,2.386,SF-P3O-NoFisher,Walker2d-v4,2
3286,reward,170,4.391665099262929,3.002,SF-P3O-NoFisher,Walker2d-v4,2
3301,reward,171,-11.925404728960462,0.497,SF-P3O-NoFisher,Walker2d-v4,2
3313,reward,172,0.9414950551034762,0.666,SF-P3O-NoFisher,Walker2d-v4,2
3331,reward,173,-0.11671966977182957,0.77,SF-P3O-NoFisher,Walker2d-v4,2
3357,reward,174,0.2663605737160377,-0.617,SF-P3O-NoFisher,Walker2d-v4,2
3373,reward,175,3.689697826724986,-0.132,SF-P3O-NoFisher,Walker2d-v4,2
3392,reward,176,6.264521575088349,0.253,SF-P3O-NoFisher,Walker2d-v4,2
3409,reward,177,-4.162065283586344,-0.18,SF-P3O-NoFisher,Walker2d-v4,2
3424,reward,178,0.6494530213035992,0.05,SF-P3O-NoFisher,Walker2d-v4,2
3443,reward,179,0.4804391586948603,0.048,SF-P3O-NoFisher,Walker2d-v4,2
3456,reward,180,-2.303391510540918,-0.622,SF-P3O-NoFisher,Walker2d-v4,2
3466,reward,181,-4.198378454110605,0.151,SF-P3O-NoFisher,Walker2d-v4,2
3490,reward,182,4.999153469551521,0.557,SF-P3O-NoFisher,Walker2d-v4,2
3512,reward,183,-8.000514384946129,-0.231,SF-P3O-NoFisher,Walker2d-v4,2
3555,reward,184,11.291041259237504,0.871,SF-P3O-NoFisher,Walker2d-v4,2
3568,reward,185,-1.2137535199996963,0.381,SF-P3O-NoFisher,Walker2d-v4,2
3584,reward,186,-2.3846378960281776,-0.484,SF-P3O-NoFisher,Walker2d-v4,2
3604,reward,187,1.4309765503836906,0.075,SF-P3O-NoFisher,Walker2d-v4,2
3618,reward,188,-9.061679173301409,-0.896,SF-P3O-NoFisher,Walker2d-v4,2
3640,reward,189,2.2906436460896584,-0.715,SF-P3O-NoFisher,Walker2d-v4,2
3656,reward,190,0.7400761270013796,-0.411,SF-P3O-NoFisher,Walker2d-v4,2
3671,reward,191,-4.1573978293131875,-0.407,SF-P3O-NoFisher,Walker2d-v4,2
3690,reward,192,4.234544109621831,-0.483,SF-P3O-NoFisher,Walker2d-v4,2
3720,reward,193,5.369607653226234,0.854,SF-P3O-NoFisher,Walker2d-v4,2
3748,reward,194,5.646184840985424,0.289,SF-P3O-NoFisher,Walker2d-v4,2
3771,reward,195,-7.312771231882096,-0.32,SF-P3O-NoFisher,Walker2d-v4,2
3786,reward,196,-2.133429293582354,-0.295,SF-P3O-NoFisher,Walker2d-v4,2
3799,reward,197,-4.761106828131775,-0.915,SF-P3O-NoFisher,Walker2d-v4,2
3826,reward,198,-2.7489593902014056,-0.283,SF-P3O-NoFisher,Walker2d-v4,2
3838,reward,199,-4.09012012104502,-0.921,SF-P3O-NoFisher,Walker2d-v4,2
3857,reward,200,-3.755610237113331,-1.371,SF-P3O-NoFisher,Walker2d-v4,2
3870,reward,201,-3.5312572992440945,-1.308,SF-P3O-NoFisher,Walker2d-v4,2
3885,reward,202,1.3443001756411617,-1.597,SF-P3O-NoFisher,Walker2d-v4,2
3936,reward,203,20.440113799386282,-0.09,SF-P3O-NoFisher,Walker2d-v4,2
3950,reward,204,0.093503678832904,-0.646,SF-P3O-NoFisher,Walker2d-v4,2
3972,reward,205,2.8292202741818944,0.369,SF-P3O-NoFisher,Walker2d-v4,2
3987,reward,206,-0.1781344076291691,0.564,SF-P3O-NoFisher,Walker2d-v4,2
4004,reward,207,-4.42467022986998,0.598,SF-P3O-NoFisher,Walker2d-v4,2
4029,reward,208,5.966887395158412,1.469,SF-P3O-NoFisher,Walker2d-v4,2
4093,reward,209,18.54791806927293,3.733,SF-P3O-NoFisher,Walker2d-v4,2
4103,reward,210,-5.3871961698802675,3.57,SF-P3O-NoFisher,Walker2d-v4,2
4118,reward,211,-3.52519628464666,3.571,SF-P3O-NoFisher,Walker2d-v4,2
4136,reward,212,-2.862868895241361,3.15,SF-P3O-NoFisher,Walker2d-v4,2
4147,reward,213,1.353640970015393,1.241,SF-P3O-NoFisher,Walker2d-v4,2
4169,reward,214,-1.0712890481631108,1.125,SF-P3O-NoFisher,Walker2d-v4,2
4180,reward,215,-1.5644142347832046,0.685,SF-P3O-NoFisher,Walker2d-v4,2
4202,reward,216,4.96728329101814,1.2,SF-P3O-NoFisher,Walker2d-v4,2
4211,reward,217,-4.294109000377141,1.213,SF-P3O-NoFisher,Walker2d-v4,2
4227,reward,218,1.949302057604365,0.811,SF-P3O-NoFisher,Walker2d-v4,2
4255,reward,219,-3.5280015009219206,-1.396,SF-P3O-NoFisher,Walker2d-v4,2
4285,reward,220,10.758271928924595,0.218,SF-P3O-NoFisher,Walker2d-v4,2
4300,reward,221,-6.8625331541764325,-0.115,SF-P3O-NoFisher,Walker2d-v4,2
4318,reward,222,-0.5598501947549233,0.115,SF-P3O-NoFisher,Walker2d-v4,2
4331,reward,223,2.5419341793467387,0.234,SF-P3O-NoFisher,Walker2d-v4,2
4351,reward,224,0.15186322505500427,0.356,SF-P3O-NoFisher,Walker2d-v4,2
4371,reward,225,7.7296225380280354,1.285,SF-P3O-NoFisher,Walker2d-v4,2
4395,reward,226,11.373998628939383,1.926,SF-P3O-NoFisher,Walker2d-v4,2
4411,reward,227,3.8846915299740346,2.744,SF-P3O-NoFisher,Walker2d-v4,2
4420,reward,228,-0.07262842142249182,2.542,SF-P3O-NoFisher,Walker2d-v4,2
4439,reward,229,-0.4636646448616253,2.848,SF-P3O-NoFisher,Walker2d-v4,2
4450,reward,230,-1.9356117554400991,1.579,SF-P3O-NoFisher,Walker2d-v4,2
4471,reward,231,3.296191026994203,2.595,SF-P3O-NoFisher,Walker2d-v4,2
4519,reward,232,6.499902834033002,3.301,SF-P3O-NoFisher,Walker2d-v4,2
4533,reward,233,-4.770862275922429,2.569,SF-P3O-NoFisher,Walker2d-v4,2
4546,reward,234,0.9453150304524367,2.649,SF-P3O-NoFisher,Walker2d-v4,2
4578,reward,235,6.389825404640181,2.515,SF-P3O-NoFisher,Walker2d-v4,2
4602,reward,236,-2.72883290237768,1.104,SF-P3O-NoFisher,Walker2d-v4,2
4618,reward,237,1.5584129723265836,0.872,SF-P3O-NoFisher,Walker2d-v4,2
4627,reward,238,-1.6794578349746054,0.711,SF-P3O-NoFisher,Walker2d-v4,2
4654,reward,239,-3.4641204283750016,0.411,SF-P3O-NoFisher,Walker2d-v4,2
4676,reward,240,4.373976464614376,1.042,SF-P3O-NoFisher,Walker2d-v4,2
4693,reward,241,-1.8543125950599642,0.527,SF-P3O-NoFisher,Walker2d-v4,2
4756,reward,242,19.27600496533369,1.805,SF-P3O-NoFisher,Walker2d-v4,2
4777,reward,243,6.0215309710123766,2.884,SF-P3O-NoFisher,Walker2d-v4,2
4796,reward,244,-3.2652821590631413,2.463,SF-P3O-NoFisher,Walker2d-v4,2
4812,reward,245,2.9095553539190133,2.115,SF-P3O-NoFisher,Walker2d-v4,2
4826,reward,246,-1.978009593891831,2.19,SF-P3O-NoFisher,Walker2d-v4,2
4844,reward,247,2.9030050865076222,2.324,SF-P3O-NoFisher,Walker2d-v4,2
4865,reward,248,2.8002254770392216,2.772,SF-P3O-NoFisher,Walker2d-v4,2
4912,reward,249,13.429329344941783,4.462,SF-P3O-NoFisher,Walker2d-v4,2
4935,reward,250,-12.893066606847965,2.735,SF-P3O-NoFisher,Walker2d-v4,2
4953,reward,251,-1.729508266484258,2.747,SF-P3O-NoFisher,Walker2d-v4,2
4975,reward,252,7.466247032347694,1.566,SF-P3O-NoFisher,Walker2d-v4,2
5002,reward,253,7.714496318171456,1.736,SF-P3O-NoFisher,Walker2d-v4,2
5020,reward,254,1.5719176337401797,2.219,SF-P3O-NoFisher,Walker2d-v4,2
5039,reward,255,-6.611315452575848,1.267,SF-P3O-NoFisher,Walker2d-v4,2
5056,reward,256,2.621378012673045,1.727,SF-P3O-NoFisher,Walker2d-v4,2
5078,reward,257,4.121832687309269,1.849,SF-P3O-NoFisher,Walker2d-v4,2
5092,reward,258,-2.7287367793082757,1.296,SF-P3O-NoFisher,Walker2d-v4,2
5107,reward,259,-2.239656427258074,-0.271,SF-P3O-NoFisher,Walker2d-v4,2
5117,reward,260,1.0090685685703624,1.12,SF-P3O-NoFisher,Walker2d-v4,2
5132,reward,261,-7.083931479581489,0.584,SF-P3O-NoFisher,Walker2d-v4,2
5149,reward,262,4.422329341903323,0.28,SF-P3O-NoFisher,Walker2d-v4,2
5163,reward,263,-0.4574410568204166,-0.537,SF-P3O-NoFisher,Walker2d-v4,2
5177,reward,264,0.9445557668206064,-0.6,SF-P3O-NoFisher,Walker2d-v4,2
5224,reward,265,-0.37292708323797874,0.024,SF-P3O-NoFisher,Walker2d-v4,2
5235,reward,266,-2.2504143719493146,-0.464,SF-P3O-NoFisher,Walker2d-v4,2
5245,reward,267,-4.573649739628992,-1.333,SF-P3O-NoFisher,Walker2d-v4,2
5259,reward,268,-1.2294046602890716,-1.183,SF-P3O-NoFisher,Walker2d-v4,2
5284,reward,269,11.059335236365488,0.147,SF-P3O-NoFisher,Walker2d-v4,2
5307,reward,270,6.295645150563585,0.675,SF-P3O-NoFisher,Walker2d-v4,2
5324,reward,271,2.5333431329981932,1.637,SF-P3O-NoFisher,Walker2d-v4,2
5355,reward,272,3.1276352142974773,1.508,SF-P3O-NoFisher,Walker2d-v4,2
5371,reward,273,-1.9271034557596822,1.361,SF-P3O-NoFisher,Walker2d-v4,2
5418,reward,274,36.43895323922513,4.91,SF-P3O-NoFisher,Walker2d-v4,2
5435,reward,275,-4.2382693180392605,4.524,SF-P3O-NoFisher,Walker2d-v4,2
5453,reward,276,-2.4704292642004777,4.502,SF-P3O-NoFisher,Walker2d-v4,2
5474,reward,277,7.084470217890805,5.667,SF-P3O-NoFisher,Walker2d-v4,2
5493,reward,278,1.5748257459204682,5.948,SF-P3O-NoFisher,Walker2d-v4,2
5520,reward,279,4.8047041384852305,5.322,SF-P3O-NoFisher,Walker2d-v4,2
5542,reward,280,1.969927305347626,4.89,SF-P3O-NoFisher,Walker2d-v4,2
5563,reward,281,0.10046460608616858,4.647,SF-P3O-NoFisher,Walker2d-v4,2
5577,reward,282,5.151260989939212,4.849,SF-P3O-NoFisher,Walker2d-v4,2
5599,reward,283,3.081801398103879,5.35,SF-P3O-NoFisher,Walker2d-v4,2
5609,reward,284,-0.8417984087410033,1.622,SF-P3O-NoFisher,Walker2d-v4,2
5635,reward,285,5.299006804801107,2.575,SF-P3O-NoFisher,Walker2d-v4,2
5676,reward,286,-7.138712047685875,2.109,SF-P3O-NoFisher,Walker2d-v4,2
5688,reward,287,-2.242695545554929,1.176,SF-P3O-NoFisher,Walker2d-v4,2
5700,reward,288,-5.820531516721076,0.436,SF-P3O-NoFisher,Walker2d-v4,2
5716,reward,289,-6.827701769902761,-0.727,SF-P3O-NoFisher,Walker2d-v4,2
5734,reward,290,-0.15169493231100684,-0.939,SF-P3O-NoFisher,Walker2d-v4,2
5769,reward,291,14.028742360195139,0.454,SF-P3O-NoFisher,Walker2d-v4,2
5789,reward,292,0.696345262172114,0.008,SF-P3O-NoFisher,Walker2d-v4,2
5810,reward,293,-3.8019564540959756,-0.68,SF-P3O-NoFisher,Walker2d-v4,2
5826,reward,294,-5.8723206714719325,-1.183,SF-P3O-NoFisher,Walker2d-v4,2
5853,reward,295,3.2042709546790205,-1.393,SF-P3O-NoFisher,Walker2d-v4,2
5878,reward,296,5.392507372855188,-0.14,SF-P3O-NoFisher,Walker2d-v4,2
5896,reward,297,5.75939664568416,0.661,SF-P3O-NoFisher,Walker2d-v4,2
5925,reward,298,7.876371544019212,2.03,SF-P3O-NoFisher,Walker2d-v4,2
5936,reward,299,-2.35914977055259,2.477,SF-P3O-NoFisher,Walker2d-v4,2
5961,reward,300,11.309155730646115,3.623,SF-P3O-NoFisher,Walker2d-v4,2
5973,reward,301,-3.6027675187970374,1.86,SF-P3O-NoFisher,Walker2d-v4,2
5986,reward,302,-5.03075918955964,1.287,SF-P3O-NoFisher,Walker2d-v4,2
5996,reward,303,1.0277301060118524,1.77,SF-P3O-NoFisher,Walker2d-v4,2
6018,reward,304,-2.994775393817007,2.058,SF-P3O-NoFisher,Walker2d-v4,2
6035,reward,305,-2.5848103883886355,1.479,SF-P3O-NoFisher,Walker2d-v4,2
6045,reward,306,-2.0895443437650565,0.731,SF-P3O-NoFisher,Walker2d-v4,2
6070,reward,307,-0.7557117611536498,0.08,SF-P3O-NoFisher,Walker2d-v4,2
6087,reward,308,2.1429486459452054,-0.494,SF-P3O-NoFisher,Walker2d-v4,2
6105,reward,309,2.3392876924765957,-0.024,SF-P3O-NoFisher,Walker2d-v4,2
6122,reward,310,-0.5903081662782668,-1.214,SF-P3O-NoFisher,Walker2d-v4,2
6135,reward,311,1.4382537894943264,-0.71,SF-P3O-NoFisher,Walker2d-v4,2
6150,reward,312,-0.6542079551588382,-0.272,SF-P3O-NoFisher,Walker2d-v4,2
6179,reward,313,11.131349529595035,0.738,SF-P3O-NoFisher,Walker2d-v4,2
6229,reward,314,15.260480881939227,2.564,SF-P3O-NoFisher,Walker2d-v4,2
6244,reward,315,-3.7035937312916674,2.452,SF-P3O-NoFisher,Walker2d-v4,2
6261,reward,316,-3.1050447244523784,2.35,SF-P3O-NoFisher,Walker2d-v4,2
6274,reward,317,-5.021848037743207,1.924,SF-P3O-NoFisher,Walker2d-v4,2
6288,reward,318,-1.6366333645130797,1.546,SF-P3O-NoFisher,Walker2d-v4,2
6309,reward,319,-1.2443253686992386,1.187,SF-P3O-NoFisher,Walker2d-v4,2
6321,reward,320,-1.5983069279257651,1.087,SF-P3O-NoFisher,Walker2d-v4,2
6345,reward,321,6.617412997952312,1.605,SF-P3O-NoFisher,Walker2d-v4,2
6362,reward,322,-4.2149299860090705,1.248,SF-P3O-NoFisher,Walker2d-v4,2
6375,reward,323,-0.6516140987368446,0.07,SF-P3O-NoFisher,Walker2d-v4,2
6412,reward,324,2.2229870590370586,-1.234,SF-P3O-NoFisher,Walker2d-v4,2
6440,reward,325,1.4635254370347632,-0.717,SF-P3O-NoFisher,Walker2d-v4,2
6452,reward,326,-2.184088850858855,-0.625,SF-P3O-NoFisher,Walker2d-v4,2
6470,reward,327,1.7088136883369642,0.048,SF-P3O-NoFisher,Walker2d-v4,2
6485,reward,328,0.03204813365228376,0.215,SF-P3O-NoFisher,Walker2d-v4,2
6524,reward,329,10.587337572145834,1.398,SF-P3O-NoFisher,Walker2d-v4,2
6548,reward,330,5.094836259377832,2.068,SF-P3O-NoFisher,Walker2d-v4,2
6568,reward,331,-1.5584532537319156,1.25,SF-P3O-NoFisher,Walker2d-v4,2
6590,reward,332,-1.3640571835127178,1.535,SF-P3O-NoFisher,Walker2d-v4,2
6609,reward,333,-0.024367011066441346,1.598,SF-P3O-NoFisher,Walker2d-v4,2
6633,reward,334,-14.956810651089214,-0.12,SF-P3O-NoFisher,Walker2d-v4,2
6647,reward,335,-2.903831455242718,-0.557,SF-P3O-NoFisher,Walker2d-v4,2
6660,reward,336,-3.5542398823736248,-0.694,SF-P3O-NoFisher,Walker2d-v4,2
6675,reward,337,2.2141939306192264,-0.643,SF-P3O-NoFisher,Walker2d-v4,2
6689,reward,338,-0.12186705300178557,-0.659,SF-P3O-NoFisher,Walker2d-v4,2
6700,reward,339,-3.84455870921158,-2.102,SF-P3O-NoFisher,Walker2d-v4,2
6716,reward,340,-2.5927896386270297,-2.871,SF-P3O-NoFisher,Walker2d-v4,2
6750,reward,341,3.289077968499168,-2.386,SF-P3O-NoFisher,Walker2d-v4,2
6784,reward,342,10.112646495104313,-1.238,SF-P3O-NoFisher,Walker2d-v4,2
6793,reward,343,-3.975329959049138,-1.633,SF-P3O-NoFisher,Walker2d-v4,2
6816,reward,344,-1.9533843557521187,-0.333,SF-P3O-NoFisher,Walker2d-v4,2
6837,reward,345,6.029769915935951,0.56,SF-P3O-NoFisher,Walker2d-v4,2
6853,reward,346,-2.2469866995843777,0.691,SF-P3O-NoFisher,Walker2d-v4,2
6870,reward,347,3.004184470687022,0.77,SF-P3O-NoFisher,Walker2d-v4,2
6915,reward,348,11.058748153292468,1.888,SF-P3O-NoFisher,Walker2d-v4,2
6928,reward,349,-1.3535105521747086,2.137,SF-P3O-NoFisher,Walker2d-v4,2
6942,reward,350,0.5411672780004901,2.451,SF-P3O-NoFisher,Walker2d-v4,2
6951,reward,351,-4.329474950576289,1.689,SF-P3O-NoFisher,Walker2d-v4,2
6972,reward,352,-6.2384164743466854,0.054,SF-P3O-NoFisher,Walker2d-v4,2
6998,reward,353,-7.1476443077779725,-0.264,SF-P3O-NoFisher,Walker2d-v4,2
7016,reward,354,1.786060808310138,0.11,SF-P3O-NoFisher,Walker2d-v4,2
7031,reward,355,0.4535869905663872,-0.447,SF-P3O-NoFisher,Walker2d-v4,2
7062,reward,356,0.3649202043186037,-0.186,SF-P3O-NoFisher,Walker2d-v4,2
7075,reward,357,-4.992914908600926,-0.986,SF-P3O-NoFisher,Walker2d-v4,2
7100,reward,358,11.044266999180492,-0.987,SF-P3O-NoFisher,Walker2d-v4,2
7121,reward,359,1.6987740317016111,-0.682,SF-P3O-NoFisher,Walker2d-v4,2
7130,reward,360,-3.007051309793173,-1.037,SF-P3O-NoFisher,Walker2d-v4,2
7145,reward,361,1.3114604648325843,-0.473,SF-P3O-NoFisher,Walker2d-v4,2
7164,reward,362,-3.9195856412610777,-0.241,SF-P3O-NoFisher,Walker2d-v4,2
7174,reward,363,1.377249488473932,0.612,SF-P3O-NoFisher,Walker2d-v4,2
7191,reward,364,3.909036194503761,0.824,SF-P3O-NoFisher,Walker2d-v4,2
7209,reward,365,3.5280351740731692,1.131,SF-P3O-NoFisher,Walker2d-v4,2
7233,reward,366,0.25682060488452874,1.121,SF-P3O-NoFisher,Walker2d-v4,2
7243,reward,367,0.4797336868556068,1.668,SF-P3O-NoFisher,Walker2d-v4,2
7262,reward,368,-3.956409755376371,0.168,SF-P3O-NoFisher,Walker2d-v4,2
7303,reward,369,17.531116989442456,1.751,SF-P3O-NoFisher,Walker2d-v4,2
7326,reward,370,0.23833782549722526,2.076,SF-P3O-NoFisher,Walker2d-v4,2
7343,reward,371,-0.21454672780006734,1.923,SF-P3O-NoFisher,Walker2d-v4,2
7355,reward,372,-8.066118741504903,1.508,SF-P3O-NoFisher,Walker2d-v4,2
7371,reward,373,3.976577469623564,1.768,SF-P3O-NoFisher,Walker2d-v4,2
7387,reward,374,-5.327695677119777,0.845,SF-P3O-NoFisher,Walker2d-v4,2
7429,reward,375,5.131807463752265,1.005,SF-P3O-NoFisher,Walker2d-v4,2
7446,reward,376,3.92829312476881,1.372,SF-P3O-NoFisher,Walker2d-v4,2
7481,reward,377,12.575329967508177,2.582,SF-P3O-NoFisher,Walker2d-v4,2
7496,reward,378,1.8271880630330661,3.16,SF-P3O-NoFisher,Walker2d-v4,2
7514,reward,379,4.547799073474337,1.862,SF-P3O-NoFisher,Walker2d-v4,2
7528,reward,380,-6.194460926996237,1.218,SF-P3O-NoFisher,Walker2d-v4,2
7549,reward,381,5.088784144888283,1.749,SF-P3O-NoFisher,Walker2d-v4,2
7562,reward,382,1.141420434785163,2.67,SF-P3O-NoFisher,Walker2d-v4,2
7581,reward,383,4.76508249175572,2.748,SF-P3O-NoFisher,Walker2d-v4,2
7599,reward,384,-4.425271240253432,2.839,SF-P3O-NoFisher,Walker2d-v4,2
7614,reward,385,-5.875253068201391,1.738,SF-P3O-NoFisher,Walker2d-v4,2
7638,reward,386,-1.860670747334064,1.159,SF-P3O-NoFisher,Walker2d-v4,2
7655,reward,387,2.1874706469454774,0.12,SF-P3O-NoFisher,Walker2d-v4,2
7680,reward,388,1.0508951449222883,0.043,SF-P3O-NoFisher,Walker2d-v4,2
7694,reward,389,-0.6680781713524526,-0.479,SF-P3O-NoFisher,Walker2d-v4,2
7716,reward,390,-4.061617139787004,-0.266,SF-P3O-NoFisher,Walker2d-v4,2
7737,reward,391,6.708983870302187,-0.104,SF-P3O-NoFisher,Walker2d-v4,2
7758,reward,392,-4.196390869878677,-0.637,SF-P3O-NoFisher,Walker2d-v4,2
7782,reward,393,2.3504272332870886,-0.879,SF-P3O-NoFisher,Walker2d-v4,2
7794,reward,394,-4.59371319654947,-0.896,SF-P3O-NoFisher,Walker2d-v4,2
7807,reward,395,-2.6945427956022927,-0.578,SF-P3O-NoFisher,Walker2d-v4,2
7828,reward,396,4.424976123509343,0.051,SF-P3O-NoFisher,Walker2d-v4,2
7850,reward,397,3.127709047948964,0.145,SF-P3O-NoFisher,Walker2d-v4,2
7869,reward,398,-0.1618854807026766,0.024,SF-P3O-NoFisher,Walker2d-v4,2
7883,reward,399,-4.027432524442064,-0.312,SF-P3O-NoFisher,Walker2d-v4,2
7898,reward,400,3.638796533743837,0.458,SF-P3O-NoFisher,Walker2d-v4,2
7916,reward,401,5.123966655821983,0.299,SF-P3O-NoFisher,Walker2d-v4,2
7932,reward,402,-2.600695283313094,0.459,SF-P3O-NoFisher,Walker2d-v4,2
7945,reward,403,0.9670323551890465,0.32,SF-P3O-NoFisher,Walker2d-v4,2
7957,reward,404,-0.09197510585083757,0.771,SF-P3O-NoFisher,Walker2d-v4,2
7976,reward,405,4.127041782945337,1.453,SF-P3O-NoFisher,Walker2d-v4,2
7989,reward,406,1.3925609971503563,1.15,SF-P3O-NoFisher,Walker2d-v4,2
8016,reward,407,1.7792090759355124,1.015,SF-P3O-NoFisher,Walker2d-v4,2
8034,reward,408,-1.2434896772106936,0.907,SF-P3O-NoFisher,Walker2d-v4,2
8047,reward,409,3.2660288783878544,1.636,SF-P3O-NoFisher,Walker2d-v4,2
8060,reward,410,-0.35582520292153164,1.236,SF-P3O-NoFisher,Walker2d-v4,2
8084,reward,411,4.249717894600845,1.149,SF-P3O-NoFisher,Walker2d-v4,2
8097,reward,412,-4.067786680901887,1.002,SF-P3O-NoFisher,Walker2d-v4,2
8112,reward,413,-2.2820457984444618,0.677,SF-P3O-NoFisher,Walker2d-v4,2
8139,reward,414,-3.116652674259732,0.375,SF-P3O-NoFisher,Walker2d-v4,2
8154,reward,415,-1.53234665371059,-0.191,SF-P3O-NoFisher,Walker2d-v4,2
8176,reward,416,1.384882855051243,-0.192,SF-P3O-NoFisher,Walker2d-v4,2
8192,loss,0.05367893725633621,0.626389741897583,SF-P3O-NoFisher,Walker2d-v4,2
8197,reward,417,-1.966813710218456,-0.566,SF-P3O-NoFisher,Walker2d-v4,2
8215,reward,418,-3.6980926437618944,-0.812,SF-P3O-NoFisher,Walker2d-v4,2
8261,reward,419,9.71924970956927,-0.167,SF-P3O-NoFisher,Walker2d-v4,2
8276,reward,420,0.10391238688232529,-0.121,SF-P3O-NoFisher,Walker2d-v4,2
8295,reward,421,3.760082156567381,-0.17,SF-P3O-NoFisher,Walker2d-v4,2
8391,reward,422,22.753321709901975,2.513,SF-P3O-NoFisher,Walker2d-v4,2
8429,reward,423,2.6295999572452944,3.004,SF-P3O-NoFisher,Walker2d-v4,2
8457,reward,424,9.718155780499107,4.287,SF-P3O-NoFisher,Walker2d-v4,2
8504,reward,425,4.66722966415971,4.907,SF-P3O-NoFisher,Walker2d-v4,2
8525,reward,426,9.214219157952362,5.69,SF-P3O-NoFisher,Walker2d-v4,2
8550,reward,427,-2.5778255369184913,5.629,SF-P3O-NoFisher,Walker2d-v4,2
8567,reward,428,-3.476591131107106,5.651,SF-P3O-NoFisher,Walker2d-v4,2
8581,reward,429,0.08538838912365865,4.688,SF-P3O-NoFisher,Walker2d-v4,2
8604,reward,430,5.848289704468757,5.262,SF-P3O-NoFisher,Walker2d-v4,2
8633,reward,431,5.193530450915155,5.406,SF-P3O-NoFisher,Walker2d-v4,2
8678,reward,432,25.397397362095937,5.67,SF-P3O-NoFisher,Walker2d-v4,2
8693,reward,433,0.8305287297633466,5.49,SF-P3O-NoFisher,Walker2d-v4,2
8745,reward,434,27.442476054836987,7.262,SF-P3O-NoFisher,Walker2d-v4,2
8761,reward,435,2.835357053107751,7.079,SF-P3O-NoFisher,Walker2d-v4,2
8822,reward,436,29.327524311290176,9.091,SF-P3O-NoFisher,Walker2d-v4,2
8843,reward,437,0.2674513836110757,9.375,SF-P3O-NoFisher,Walker2d-v4,2
8877,reward,438,3.0715520940458774,10.03,SF-P3O-NoFisher,Walker2d-v4,2
8910,reward,439,-1.1109323929414756,9.91,SF-P3O-NoFisher,Walker2d-v4,2
8921,reward,440,-0.666378671787192,9.259,SF-P3O-NoFisher,Walker2d-v4,2
8954,reward,441,7.861608055994844,9.526,SF-P3O-NoFisher,Walker2d-v4,2
8977,reward,442,4.6366090317377235,7.45,SF-P3O-NoFisher,Walker2d-v4,2
9007,reward,443,7.586957075837613,8.125,SF-P3O-NoFisher,Walker2d-v4,2
9021,reward,444,3.26318841849698,5.707,SF-P3O-NoFisher,Walker2d-v4,2
9036,reward,445,3.810574074346608,5.805,SF-P3O-NoFisher,Walker2d-v4,2
9101,reward,446,24.516657822359814,5.324,SF-P3O-NoFisher,Walker2d-v4,2
9121,reward,447,-0.07492925502932613,5.289,SF-P3O-NoFisher,Walker2d-v4,2
9136,reward,448,1.5345077514873597,5.136,SF-P3O-NoFisher,Walker2d-v4,2
9153,reward,449,-7.835410556722514,4.463,SF-P3O-NoFisher,Walker2d-v4,2
9179,reward,450,3.071159963575081,4.837,SF-P3O-NoFisher,Walker2d-v4,2
9189,reward,451,-0.3572482884177892,4.015,SF-P3O-NoFisher,Walker2d-v4,2
9249,reward,452,3.145944416942803,3.866,SF-P3O-NoFisher,Walker2d-v4,2
9269,reward,453,-3.846506078633693,2.723,SF-P3O-NoFisher,Walker2d-v4,2
9294,reward,454,13.952349984462318,3.792,SF-P3O-NoFisher,Walker2d-v4,2
9326,reward,455,-1.0841478582143123,3.302,SF-P3O-NoFisher,Walker2d-v4,2
9344,reward,456,2.836035023364137,1.134,SF-P3O-NoFisher,Walker2d-v4,2
9358,reward,457,1.1761627134055355,1.259,SF-P3O-NoFisher,Walker2d-v4,2
9372,reward,458,3.684609112350633,1.474,SF-P3O-NoFisher,Walker2d-v4,2
9393,reward,459,-4.767385961094799,1.781,SF-P3O-NoFisher,Walker2d-v4,2
9411,reward,460,-5.416293391226303,0.932,SF-P3O-NoFisher,Walker2d-v4,2
9426,reward,461,3.0394421364662274,1.272,SF-P3O-NoFisher,Walker2d-v4,2
9452,reward,462,13.55445822599604,2.313,SF-P3O-NoFisher,Walker2d-v4,2
9474,reward,463,8.253933570221323,3.523,SF-P3O-NoFisher,Walker2d-v4,2
9491,reward,464,2.495555665616611,2.377,SF-P3O-NoFisher,Walker2d-v4,2
9504,reward,465,-1.2960555300207877,2.356,SF-P3O-NoFisher,Walker2d-v4,2
9517,reward,466,-1.7062435647862118,1.902,SF-P3O-NoFisher,Walker2d-v4,2
9551,reward,467,14.025489472688282,3.187,SF-P3O-NoFisher,Walker2d-v4,2
9568,reward,468,-0.7007791263127394,2.748,SF-P3O-NoFisher,Walker2d-v4,2
9602,reward,469,11.916313178757878,4.417,SF-P3O-NoFisher,Walker2d-v4,2
9659,reward,470,16.11839332945252,6.57,SF-P3O-NoFisher,Walker2d-v4,2
9689,reward,471,-1.9021882654478417,6.076,SF-P3O-NoFisher,Walker2d-v4,2
9715,reward,472,7.954414525326978,5.516,SF-P3O-NoFisher,Walker2d-v4,2
9751,reward,473,12.822823223560952,5.973,SF-P3O-NoFisher,Walker2d-v4,2
9785,reward,474,-2.766934957771732,5.447,SF-P3O-NoFisher,Walker2d-v4,2
9830,reward,475,4.966706192045763,6.073,SF-P3O-NoFisher,Walker2d-v4,2
9850,reward,476,3.1059084316023826,6.554,SF-P3O-NoFisher,Walker2d-v4,2
9883,reward,477,5.402590863189157,5.692,SF-P3O-NoFisher,Walker2d-v4,2
9911,reward,478,9.466925123324998,6.708,SF-P3O-NoFisher,Walker2d-v4,2
9940,reward,479,16.682526486255682,7.185,SF-P3O-NoFisher,Walker2d-v4,2
9970,reward,480,3.1859336784170136,5.892,SF-P3O-NoFisher,Walker2d-v4,2
9991,reward,481,3.112881386074757,6.393,SF-P3O-NoFisher,Walker2d-v4,2
10000,speed,510.86,0.33,SF-P3O-NoFisher,Walker2d-v4,2
10001,spectral,0.001607,0.968349,0.1326,SF-P3O-NoFisher,Walker2d-v4,2
10005,reward,482,-1.8981928127840462,5.408,SF-P3O-NoFisher,Walker2d-v4,2
10071,reward,483,6.0856462578385395,4.734,SF-P3O-NoFisher,Walker2d-v4,2
10087,reward,484,1.9320787890295064,5.204,SF-P3O-NoFisher,Walker2d-v4,2
10167,reward,485,49.92769828856957,9.7,SF-P3O-NoFisher,Walker2d-v4,2
10193,reward,486,5.9289394202920125,9.983,SF-P3O-NoFisher,Walker2d-v4,2
10212,reward,487,0.7893509055675074,9.521,SF-P3O-NoFisher,Walker2d-v4,2
10234,reward,488,-0.5436887180194034,8.52,SF-P3O-NoFisher,Walker2d-v4,2
10272,reward,489,8.358738691068602,7.688,SF-P3O-NoFisher,Walker2d-v4,2
10314,reward,490,20.639795497563227,9.433,SF-P3O-NoFisher,Walker2d-v4,2
10334,reward,491,-5.161605334568377,8.606,SF-P3O-NoFisher,Walker2d-v4,2
10347,reward,492,-1.635082005852892,8.632,SF-P3O-NoFisher,Walker2d-v4,2
10401,reward,493,-0.4930658657553002,7.974,SF-P3O-NoFisher,Walker2d-v4,2
10432,reward,494,11.991971812013778,8.98,SF-P3O-NoFisher,Walker2d-v4,2
10465,reward,495,16.849159093243717,5.672,SF-P3O-NoFisher,Walker2d-v4,2
10477,reward,496,-5.457054092166178,4.534,SF-P3O-NoFisher,Walker2d-v4,2
10508,reward,497,9.47204148729965,5.402,SF-P3O-NoFisher,Walker2d-v4,2
10526,reward,498,2.2683853097786177,5.683,SF-P3O-NoFisher,Walker2d-v4,2
10569,reward,499,4.290405076450542,5.276,SF-P3O-NoFisher,Walker2d-v4,2
10585,reward,500,1.4291619135956455,3.355,SF-P3O-NoFisher,Walker2d-v4,2
10599,reward,501,-1.0668922377353072,3.765,SF-P3O-NoFisher,Walker2d-v4,2
10619,reward,502,3.4807195802637185,4.276,SF-P3O-NoFisher,Walker2d-v4,2
10646,reward,503,5.0490054069386705,4.831,SF-P3O-NoFisher,Walker2d-v4,2
10680,reward,504,2.9326319840168034,3.925,SF-P3O-NoFisher,Walker2d-v4,2
10720,reward,505,23.504557574655905,4.59,SF-P3O-NoFisher,Walker2d-v4,2
10761,reward,506,14.020669717860264,6.538,SF-P3O-NoFisher,Walker2d-v4,2
10786,reward,507,2.674547367432534,5.858,SF-P3O-NoFisher,Walker2d-v4,2
10851,reward,508,34.31355580644716,9.063,SF-P3O-NoFisher,Walker2d-v4,2
10877,reward,509,4.730823022114954,9.107,SF-P3O-NoFisher,Walker2d-v4,2
10886,reward,510,-2.5800268266905158,8.706,SF-P3O-NoFisher,Walker2d-v4,2
10907,reward,511,2.1341917057174165,9.026,SF-P3O-NoFisher,Walker2d-v4,2
10930,reward,512,7.498335458042559,9.428,SF-P3O-NoFisher,Walker2d-v4,2
10963,reward,513,5.240637231025398,9.447,SF-P3O-NoFisher,Walker2d-v4,2
10979,reward,514,-4.748414421052451,8.679,SF-P3O-NoFisher,Walker2d-v4,2
11012,reward,515,2.34515091079195,6.563,SF-P3O-NoFisher,Walker2d-v4,2
11062,reward,516,8.022951168717654,5.963,SF-P3O-NoFisher,Walker2d-v4,2
11104,reward,517,12.331264346292242,6.929,SF-P3O-NoFisher,Walker2d-v4,2
11115,reward,518,-3.0732618402844425,3.19,SF-P3O-NoFisher,Walker2d-v4,2
11144,reward,519,-4.5102196229389815,2.266,SF-P3O-NoFisher,Walker2d-v4,2
11164,reward,520,6.815476527185216,3.206,SF-P3O-NoFisher,Walker2d-v4,2
11180,reward,521,1.7564004747291129,3.168,SF-P3O-NoFisher,Walker2d-v4,2
11191,reward,522,-7.078673529235727,1.71,SF-P3O-NoFisher,Walker2d-v4,2
11206,reward,523,1.9629457353894146,1.382,SF-P3O-NoFisher,Walker2d-v4,2
11230,reward,524,0.37831917890043854,1.895,SF-P3O-NoFisher,Walker2d-v4,2
11252,reward,525,8.09659067076187,2.47,SF-P3O-NoFisher,Walker2d-v4,2
11276,reward,526,6.676575776547684,2.336,SF-P3O-NoFisher,Walker2d-v4,2
11299,reward,527,3.065943670805029,1.409,SF-P3O-NoFisher,Walker2d-v4,2
11353,reward,528,23.250782322398127,4.041,SF-P3O-NoFisher,Walker2d-v4,2
11402,reward,529,2.908392101016629,4.783,SF-P3O-NoFisher,Walker2d-v4,2
11430,reward,530,2.8996071268138106,4.392,SF-P3O-NoFisher,Walker2d-v4,2
11477,reward,531,6.98033279818484,4.914,SF-P3O-NoFisher,Walker2d-v4,2
11502,reward,532,2.4788743937922475,5.87,SF-P3O-NoFisher,Walker2d-v4,2
11527,reward,533,3.9882080210617854,6.072,SF-P3O-NoFisher,Walker2d-v4,2
11545,reward,534,0.01769965075512092,6.036,SF-P3O-NoFisher,Walker2d-v4,2
11563,reward,535,-6.794582812759547,4.547,SF-P3O-NoFisher,Walker2d-v4,2
11575,reward,536,-1.090634949328,3.77,SF-P3O-NoFisher,Walker2d-v4,2
11603,reward,537,9.707251498477385,4.435,SF-P3O-NoFisher,Walker2d-v4,2
11642,reward,538,10.1749718603792,3.127,SF-P3O-NoFisher,Walker2d-v4,2
11657,reward,539,-1.4238463740516465,2.694,SF-P3O-NoFisher,Walker2d-v4,2
11691,reward,540,15.219290131469634,3.926,SF-P3O-NoFisher,Walker2d-v4,2
11717,reward,541,-0.266520253301457,3.201,SF-P3O-NoFisher,Walker2d-v4,2
11736,reward,542,8.921087793132843,3.845,SF-P3O-NoFisher,Walker2d-v4,2
11759,reward,543,11.771328006689803,4.624,SF-P3O-NoFisher,Walker2d-v4,2
11783,reward,544,4.492135226134463,5.071,SF-P3O-NoFisher,Walker2d-v4,2
11798,reward,545,-3.7598325548400893,5.375,SF-P3O-NoFisher,Walker2d-v4,2
11816,reward,546,-4.5939658959827225,5.024,SF-P3O-NoFisher,Walker2d-v4,2
11830,reward,547,3.4734479911949663,4.401,SF-P3O-NoFisher,Walker2d-v4,2
11846,reward,548,-0.6066462262119887,3.323,SF-P3O-NoFisher,Walker2d-v4,2
11909,reward,549,33.58370490925052,6.823,SF-P3O-NoFisher,Walker2d-v4,2
11931,reward,550,-0.8905881974790167,5.212,SF-P3O-NoFisher,Walker2d-v4,2
11954,reward,551,9.002698942295758,6.139,SF-P3O-NoFisher,Walker2d-v4,2
11972,reward,552,0.30133178366162017,5.277,SF-P3O-NoFisher,Walker2d-v4,2
12001,reward,553,0.8826107161768275,4.188,SF-P3O-NoFisher,Walker2d-v4,2
12034,reward,554,8.933397730759912,4.633,SF-P3O-NoFisher,Walker2d-v4,2
12045,reward,555,-1.7109847223611931,4.838,SF-P3O-NoFisher,Walker2d-v4,2
12074,reward,556,12.425040364836773,6.539,SF-P3O-NoFisher,Walker2d-v4,2
12099,reward,557,4.258398792108194,6.618,SF-P3O-NoFisher,Walker2d-v4,2
12109,reward,558,-2.008348077897865,6.478,SF-P3O-NoFisher,Walker2d-v4,2
12130,reward,559,6.492185435550405,3.769,SF-P3O-NoFisher,Walker2d-v4,2
12151,reward,560,3.006989733077586,4.158,SF-P3O-NoFisher,Walker2d-v4,2
12166,reward,561,-4.338847639776178,2.824,SF-P3O-NoFisher,Walker2d-v4,2
12187,reward,562,-0.42215577847091157,2.752,SF-P3O-NoFisher,Walker2d-v4,2
12217,reward,563,5.559023036368519,3.219,SF-P3O-NoFisher,Walker2d-v4,2
12232,reward,564,-4.870802727971075,1.839,SF-P3O-NoFisher,Walker2d-v4,2
12246,reward,565,1.132933730897358,2.123,SF-P3O-NoFisher,Walker2d-v4,2
12262,reward,566,2.6872308995167447,1.15,SF-P3O-NoFisher,Walker2d-v4,2
12310,reward,567,27.795371655917403,3.503,SF-P3O-NoFisher,Walker2d-v4,2
12333,reward,568,5.149955344814312,4.219,SF-P3O-NoFisher,Walker2d-v4,2
12351,reward,569,8.725263799102752,4.442,SF-P3O-NoFisher,Walker2d-v4,2
12392,reward,570,19.323565793166665,6.074,SF-P3O-NoFisher,Walker2d-v4,2
12418,reward,571,7.681246391430048,7.276,SF-P3O-NoFisher,Walker2d-v4,2
12467,reward,572,1.004757874042754,7.419,SF-P3O-NoFisher,Walker2d-v4,2
12490,reward,573,0.39413805489998643,6.902,SF-P3O-NoFisher,Walker2d-v4,2
12513,reward,574,4.727702391401582,7.862,SF-P3O-NoFisher,Walker2d-v4,2
12561,reward,575,0.47475880353392386,7.796,SF-P3O-NoFisher,Walker2d-v4,2
12591,reward,576,3.0294393353758973,7.831,SF-P3O-NoFisher,Walker2d-v4,2
12605,reward,577,0.109698804356406,5.062,SF-P3O-NoFisher,Walker2d-v4,2
12624,reward,578,1.3347735146956072,4.681,SF-P3O-NoFisher,Walker2d-v4,2
12638,reward,579,0.020545587351735506,3.81,SF-P3O-NoFisher,Walker2d-v4,2
12651,reward,580,0.11125221817163211,1.889,SF-P3O-NoFisher,Walker2d-v4,2
12690,reward,581,18.125856726315938,2.933,SF-P3O-NoFisher,Walker2d-v4,2
12714,reward,582,4.543355233810549,3.287,SF-P3O-NoFisher,Walker2d-v4,2
12736,reward,583,2.918887704463467,3.54,SF-P3O-NoFisher,Walker2d-v4,2
12751,reward,584,0.9311955910140554,3.16,SF-P3O-NoFisher,Walker2d-v4,2
12762,reward,585,-1.4743123413272619,2.965,SF-P3O-NoFisher,Walker2d-v4,2
12793,reward,586,5.107531734909277,3.173,SF-P3O-NoFisher,Walker2d-v4,2
12819,reward,587,1.951086165668881,3.357,SF-P3O-NoFisher,Walker2d-v4,2
12853,reward,588,4.003434483164771,3.624,SF-P3O-NoFisher,Walker2d-v4,2
12877,reward,589,-2.147083338614924,3.407,SF-P3O-NoFisher,Walker2d-v4,2
12910,reward,590,-3.2895411848312412,3.067,SF-P3O-NoFisher,Walker2d-v4,2
12933,reward,591,7.726617732568765,2.027,SF-P3O-NoFisher,Walker2d-v4,2
12952,reward,592,-1.3553928646119089,1.437,SF-P3O-NoFisher,Walker2d-v4,2
12987,reward,593,9.22379400046367,2.068,SF-P3O-NoFisher,Walker2d-v4,2
13013,reward,594,7.4617531550970355,2.721,SF-P3O-NoFisher,Walker2d-v4,2
13034,reward,595,7.155292823695685,3.584,SF-P3O-NoFisher,Walker2d-v4,2
13057,reward,596,3.7723987955262412,3.45,SF-P3O-NoFisher,Walker2d-v4,2
13087,reward,597,4.02969349991973,3.658,SF-P3O-NoFisher,Walker2d-v4,2
13122,reward,598,4.30706923551359,3.688,SF-P3O-NoFisher,Walker2d-v4,2
13136,reward,599,1.3918002080002108,4.042,SF-P3O-NoFisher,Walker2d-v4,2
13159,reward,600,9.16646254802501,5.288,SF-P3O-NoFisher,Walker2d-v4,2
13192,reward,601,4.8713596329067705,5.002,SF-P3O-NoFisher,Walker2d-v4,2
13222,reward,602,8.380272649477988,5.976,SF-P3O-NoFisher,Walker2d-v4,2
13240,reward,603,0.9073831967295987,5.144,SF-P3O-NoFisher,Walker2d-v4,2
13292,reward,604,9.217815522053323,5.32,SF-P3O-NoFisher,Walker2d-v4,2
13333,reward,605,6.01983458369948,5.206,SF-P3O-NoFisher,Walker2d-v4,2
13409,reward,606,24.581973813112675,7.287,SF-P3O-NoFisher,Walker2d-v4,2
13432,reward,607,3.931907740677926,7.278,SF-P3O-NoFisher,Walker2d-v4,2
13451,reward,608,-6.145799514872777,6.232,SF-P3O-NoFisher,Walker2d-v4,2
13463,reward,609,2.257545558500773,6.319,SF-P3O-NoFisher,Walker2d-v4,2
13480,reward,610,5.515573078735857,5.954,SF-P3O-NoFisher,Walker2d-v4,2
13491,reward,611,0.8795138623063199,5.555,SF-P3O-NoFisher,Walker2d-v4,2
13514,reward,612,14.778154814188593,6.194,SF-P3O-NoFisher,Walker2d-v4,2
13549,reward,613,5.438892808995545,6.648,SF-P3O-NoFisher,Walker2d-v4,2
13580,reward,614,10.136744009251613,6.739,SF-P3O-NoFisher,Walker2d-v4,2
13590,reward,615,-0.3156112248894518,6.106,SF-P3O-NoFisher,Walker2d-v4,2
13626,reward,616,8.900174154405363,4.538,SF-P3O-NoFisher,Walker2d-v4,2
13645,reward,617,2.0804565688809653,4.353,SF-P3O-NoFisher,Walker2d-v4,2
13657,reward,618,3.581953624626421,5.325,SF-P3O-NoFisher,Walker2d-v4,2
13692,reward,619,3.3464172520589255,5.434,SF-P3O-NoFisher,Walker2d-v4,2
13721,reward,620,10.261822914794202,5.909,SF-P3O-NoFisher,Walker2d-v4,2
13737,reward,621,-0.13097106093577027,5.808,SF-P3O-NoFisher,Walker2d-v4,2
13765,reward,622,9.23860071679935,5.254,SF-P3O-NoFisher,Walker2d-v4,2
13783,reward,623,-1.7925115065897488,4.531,SF-P3O-NoFisher,Walker2d-v4,2
13806,reward,624,7.375548495408281,4.255,SF-P3O-NoFisher,Walker2d-v4,2
13831,reward,625,12.038350259993845,5.49,SF-P3O-NoFisher,Walker2d-v4,2
13855,reward,626,5.990155551552317,5.199,SF-P3O-NoFisher,Walker2d-v4,2
13876,reward,627,-1.7362164752713307,4.817,SF-P3O-NoFisher,Walker2d-v4,2
13890,reward,628,3.89027886190028,4.848,SF-P3O-NoFisher,Walker2d-v4,2
13920,reward,629,6.602002343545373,5.174,SF-P3O-NoFisher,Walker2d-v4,2
13968,reward,630,-0.943027285183297,4.053,SF-P3O-NoFisher,Walker2d-v4,2
14032,reward,631,16.013835496113337,5.668,SF-P3O-NoFisher,Walker2d-v4,2
14112,reward,632,13.032198563893012,6.047,SF-P3O-NoFisher,Walker2d-v4,2
14146,reward,633,8.70138123112213,7.096,SF-P3O-NoFisher,Walker2d-v4,2
14163,reward,634,6.285457483769324,6.987,SF-P3O-NoFisher,Walker2d-v4,2
14190,reward,635,13.52403570597158,7.136,SF-P3O-NoFisher,Walker2d-v4,2
14201,reward,636,-0.35843222477490466,6.501,SF-P3O-NoFisher,Walker2d-v4,2
14223,reward,637,7.336411729181491,7.408,SF-P3O-NoFisher,Walker2d-v4,2
14263,reward,638,15.906838686540883,8.61,SF-P3O-NoFisher,Walker2d-v4,2
14290,reward,639,5.194554984533035,8.469,SF-P3O-NoFisher,Walker2d-v4,2
14317,reward,640,-9.673336601700811,7.596,SF-P3O-NoFisher,Walker2d-v4,2
14336,reward,641,4.870081438286389,6.482,SF-P3O-NoFisher,Walker2d-v4,2
14367,reward,642,-2.3371320402028983,4.945,SF-P3O-NoFisher,Walker2d-v4,2
14392,reward,643,3.871933034463849,4.462,SF-P3O-NoFisher,Walker2d-v4,2
14410,reward,644,0.23952653904944454,3.857,SF-P3O-NoFisher,Walker2d-v4,2
14468,reward,645,-3.956074959253037,2.109,SF-P3O-NoFisher,Walker2d-v4,2
14494,reward,646,10.912018114535611,3.236,SF-P3O-NoFisher,Walker2d-v4,2
14511,reward,647,2.0786286698005467,2.711,SF-P3O-NoFisher,Walker2d-v4,2
14520,reward,648,-1.4830943600922344,0.972,SF-P3O-NoFisher,Walker2d-v4,2
14587,reward,649,3.3445451001687987,0.787,SF-P3O-NoFisher,Walker2d-v4,2
14608,reward,650,0.8644773885429484,1.84,SF-P3O-NoFisher,Walker2d-v4,2
14637,reward,651,-3.0124793332408952,1.052,SF-P3O-NoFisher,Walker2d-v4,2
14672,reward,652,5.862158229672912,1.872,SF-P3O-NoFisher,Walker2d-v4,2
14686,reward,653,-4.807601184184552,1.004,SF-P3O-NoFisher,Walker2d-v4,2
14732,reward,654,6.182329167631847,1.598,SF-P3O-NoFisher,Walker2d-v4,2
14788,reward,655,20.781744975980477,4.072,SF-P3O-NoFisher,Walker2d-v4,2
14839,reward,656,18.18108752332422,4.799,SF-P3O-NoFisher,Walker2d-v4,2
14887,reward,657,34.95948829294187,8.087,SF-P3O-NoFisher,Walker2d-v4,2
14914,reward,658,-0.32998615237677986,8.203,SF-P3O-NoFisher,Walker2d-v4,2
14934,reward,659,5.082449084448624,8.376,SF-P3O-NoFisher,Walker2d-v4,2
14967,reward,660,0.6809653255503616,8.358,SF-P3O-NoFisher,Walker2d-v4,2
15002,reward,661,-1.0876207748210767,8.551,SF-P3O-NoFisher,Walker2d-v4,2
15037,reward,662,-5.783119501636838,7.386,SF-P3O-NoFisher,Walker2d-v4,2
15064,reward,663,10.985621542192984,8.965,SF-P3O-NoFisher,Walker2d-v4,2
15085,reward,664,-4.849209583688688,7.862,SF-P3O-NoFisher,Walker2d-v4,2
15134,reward,665,-2.5851377417600983,5.525,SF-P3O-NoFisher,Walker2d-v4,2
15193,reward,666,32.115799093815006,6.919,SF-P3O-NoFisher,Walker2d-v4,2
15206,reward,667,-4.739828855904298,2.949,SF-P3O-NoFisher,Walker2d-v4,2
15226,reward,668,0.8297902222184801,3.065,SF-P3O-NoFisher,Walker2d-v4,2
15252,reward,669,12.253079034407738,3.782,SF-P3O-NoFisher,Walker2d-v4,2
15265,reward,670,-1.8189234940562242,3.532,SF-P3O-NoFisher,Walker2d-v4,2
15289,reward,671,5.422000489765421,4.183,SF-P3O-NoFisher,Walker2d-v4,2
15302,reward,672,-2.804566884188934,4.481,SF-P3O-NoFisher,Walker2d-v4,2
15319,reward,673,2.7422532339819634,3.657,SF-P3O-NoFisher,Walker2d-v4,2
15331,reward,674,-2.3332484672445934,3.908,SF-P3O-NoFisher,Walker2d-v4,2
15418,reward,675,74.98250759273458,11.665,SF-P3O-NoFisher,Walker2d-v4,2
15453,reward,676,12.785409008525068,9.732,SF-P3O-NoFisher,Walker2d-v4,2
15473,reward,677,6.096897830116069,10.816,SF-P3O-NoFisher,Walker2d-v4,2
15509,reward,678,17.03952928564781,12.436,SF-P3O-NoFisher,Walker2d-v4,2
15527,reward,679,7.779336729085988,11.989,SF-P3O-NoFisher,Walker2d-v4,2
15549,reward,680,-1.167344422869772,12.054,SF-P3O-NoFisher,Walker2d-v4,2
15561,reward,681,-4.1906647083189705,11.093,SF-P3O-NoFisher,Walker2d-v4,2
15584,reward,682,6.776789460782509,12.051,SF-P3O-NoFisher,Walker2d-v4,2
15596,reward,683,-4.040362150225585,11.373,SF-P3O-NoFisher,Walker2d-v4,2
15611,reward,684,-6.382619991063299,10.968,SF-P3O-NoFisher,Walker2d-v4,2
15641,reward,685,4.6734918474315705,3.937,SF-P3O-NoFisher,Walker2d-v4,2
15655,reward,686,2.981735128919603,2.957,SF-P3O-NoFisher,Walker2d-v4,2
15691,reward,687,11.837189384472008,3.531,SF-P3O-NoFisher,Walker2d-v4,2
15720,reward,688,5.40775382585757,2.368,SF-P3O-NoFisher,Walker2d-v4,2
15736,reward,689,1.534058145858271,1.743,SF-P3O-NoFisher,Walker2d-v4,2
15757,reward,690,9.401022946822522,2.8,SF-P3O-NoFisher,Walker2d-v4,2
15774,reward,691,-5.519689378502612,2.667,SF-P3O-NoFisher,Walker2d-v4,2
15789,reward,692,5.1106903278479106,2.5,SF-P3O-NoFisher,Walker2d-v4,2
15813,reward,693,8.829957262044093,3.787,SF-P3O-NoFisher,Walker2d-v4,2
15833,reward,694,-3.0397780926539095,4.122,SF-P3O-NoFisher,Walker2d-v4,2
15848,reward,695,2.708538442204027,3.925,SF-P3O-NoFisher,Walker2d-v4,2
15872,reward,696,-2.2194278810116943,3.405,SF-P3O-NoFisher,Walker2d-v4,2
15896,reward,697,10.09263744911858,3.231,SF-P3O-NoFisher,Walker2d-v4,2
15922,reward,698,8.505191542338865,3.54,SF-P3O-NoFisher,Walker2d-v4,2
15943,reward,699,3.833524049408533,3.77,SF-P3O-NoFisher,Walker2d-v4,2
15971,reward,700,4.657826990278963,3.296,SF-P3O-NoFisher,Walker2d-v4,2
16016,reward,701,14.827738174497103,5.331,SF-P3O-NoFisher,Walker2d-v4,2
16067,reward,702,23.69751960968592,7.189,SF-P3O-NoFisher,Walker2d-v4,2
16118,reward,703,15.099838441589947,7.816,SF-P3O-NoFisher,Walker2d-v4,2
16137,reward,704,-4.3998502079890125,7.68,SF-P3O-NoFisher,Walker2d-v4,2
16154,reward,705,-2.71778481378807,7.138,SF-P3O-NoFisher,Walker2d-v4,2
16187,reward,706,8.122976821427887,8.172,SF-P3O-NoFisher,Walker2d-v4,2
16224,reward,707,17.023028964004553,8.865,SF-P3O-NoFisher,Walker2d-v4,2
16298,reward,708,19.345215259189853,9.949,SF-P3O-NoFisher,Walker2d-v4,2
16322,reward,709,9.839694365431416,10.55,SF-P3O-NoFisher,Walker2d-v4,2
16349,reward,710,-0.24010945953160379,10.06,SF-P3O-NoFisher,Walker2d-v4,2
16374,reward,711,0.8949908915032965,8.667,SF-P3O-NoFisher,Walker2d-v4,2
16384,loss,0.0008401777595281601,0.5955109000205994,SF-P3O-NoFisher,Walker2d-v4,2
16384,diagnostics,0.0,53.07,4.4163,0.005551,0.966975,0.1452,-1.0,SF-P3O-NoFisher,Walker2d-v4,2
16408,reward,712,7.8954126997869345,7.086,SF-P3O-NoFisher,Walker2d-v4,2
16465,reward,713,36.536750900791255,9.23,SF-P3O-NoFisher,Walker2d-v4,2
16514,reward,714,20.8887976695857,11.759,SF-P3O-NoFisher,Walker2d-v4,2
16544,reward,715,13.500844946601044,13.381,SF-P3O-NoFisher,Walker2d-v4,2
16587,reward,716,18.483374087469628,14.417,SF-P3O-NoFisher,Walker2d-v4,2
16609,reward,717,9.102424778286462,13.625,SF-P3O-NoFisher,Walker2d-v4,2
16634,reward,718,4.084138480687385,12.099,SF-P3O-NoFisher,Walker2d-v4,2
16675,reward,719,0.6353132793997307,11.178,SF-P3O-NoFisher,Walker2d-v4,2
16687,reward,720,1.6768611065842722,11.37,SF-P3O-NoFisher,Walker2d-v4,2
16712,reward,721,5.3774366336837645,11.818,SF-P3O-NoFisher,Walker2d-v4,2
16726,reward,722,1.0296240014457614,11.132,SF-P3O-NoFisher,Walker2d-v4,2
16758,reward,723,6.628510742608882,8.141,SF-P3O-NoFisher,Walker2d-v4,2
16788,reward,724,6.119955542682758,6.664,SF-P3O-NoFisher,Walker2d-v4,2
16868,reward,725,25.791660012226732,7.893,SF-P3O-NoFisher,Walker2d-v4,2
16897,reward,726,5.141772086501489,6.559,SF-P3O-NoFisher,Walker2d-v4,2
16926,reward,727,3.6044244628785282,6.009,SF-P3O-NoFisher,Walker2d-v4,2
16959,reward,728,7.937829095914031,6.394,SF-P3O-NoFisher,Walker2d-v4,2
16991,reward,729,12.487933223486207,7.58,SF-P3O-NoFisher,Walker2d-v4,2
17044,reward,730,19.336720706991752,9.346,SF-P3O-NoFisher,Walker2d-v4,2
17130,reward,731,31.01762862456222,11.91,SF-P3O-NoFisher,Walker2d-v4,2
17168,reward,732,9.505392081941686,12.757,SF-P3O-NoFisher,Walker2d-v4,2
17199,reward,733,6.8549018658999215,12.78,SF-P3O-NoFisher,Walker2d-v4,2
17224,reward,734,7.570475741162248,12.925,SF-P3O-NoFisher,Walker2d-v4,2
17238,reward,735,0.8091745312788976,10.427,SF-P3O-NoFisher,Walker2d-v4,2
17302,reward,736,53.22956039236461,15.235,SF-P3O-NoFisher,Walker2d-v4,2
17312,reward,737,-0.11212806089978578,14.864,SF-P3O-NoFisher,Walker2d-v4,2
17323,reward,738,-3.2217843636200465,13.748,SF-P3O-NoFisher,Walker2d-v4,2
17399,reward,739,8.370186863711764,13.336,SF-P3O-NoFisher,Walker2d-v4,2
17466,reward,740,42.13648968793337,15.616,SF-P3O-NoFisher,Walker2d-v4,2
17485,reward,741,3.6778602753313065,12.882,SF-P3O-NoFisher,Walker2d-v4,2
17500,reward,742,-0.15607159767320977,11.916,SF-P3O-NoFisher,Walker2d-v4,2
17537,reward,743,16.779511060274164,12.908,SF-P3O-NoFisher,Walker2d-v4,2
17590,reward,744,22.772815899532805,14.429,SF-P3O-NoFisher,Walker2d-v4,2
17627,reward,745,22.57337153333343,16.605,SF-P3O-NoFisher,Walker2d-v4,2
17674,reward,746,4.543114600646321,11.736,SF-P3O-NoFisher,Walker2d-v4,2
17688,reward,747,-2.141781411848682,11.533,SF-P3O-NoFisher,Walker2d-v4,2
17718,reward,748,7.664803680182015,12.622,SF-P3O-NoFisher,Walker2d-v4,2
17770,reward,749,14.704998085806263,13.256,SF-P3O-NoFisher,Walker2d-v4,2
17807,reward,750,28.185873432430522,11.86,SF-P3O-NoFisher,Walker2d-v4,2
17837,reward,751,15.635265675944295,13.056,SF-P3O-NoFisher,Walker2d-v4,2
17872,reward,752,14.265403180403787,14.498,SF-P3O-NoFisher,Walker2d-v4,2
17923,reward,753,22.820987723358186,15.102,SF-P3O-NoFisher,Walker2d-v4,2
17959,reward,754,16.58203744422795,14.483,SF-P3O-NoFisher,Walker2d-v4,2
17975,reward,755,3.1915988263030997,12.545,SF-P3O-NoFisher,Walker2d-v4,2
18023,reward,756,6.287681510927568,12.72,SF-P3O-NoFisher,Walker2d-v4,2
18046,reward,757,9.130671500432467,13.847,SF-P3O-NoFisher,Walker2d-v4,2
18111,reward,758,11.922087591059935,14.273,SF-P3O-NoFisher,Walker2d-v4,2
18135,reward,759,11.224765115141759,13.925,SF-P3O-NoFisher,Walker2d-v4,2
18182,reward,760,0.6706780895570041,11.173,SF-P3O-NoFisher,Walker2d-v4,2
18210,reward,761,6.2837700114677,10.238,SF-P3O-NoFisher,Walker2d-v4,2
18232,reward,762,7.331394241354013,9.545,SF-P3O-NoFisher,Walker2d-v4,2
18263,reward,763,16.164389642277836,8.879,SF-P3O-NoFisher,Walker2d-v4,2
18287,reward,764,4.264818652182073,7.647,SF-P3O-NoFisher,Walker2d-v4,2
18320,reward,765,-7.954154809628513,6.533,SF-P3O-NoFisher,Walker2d-v4,2
18357,reward,766,12.755005078386244,7.179,SF-P3O-NoFisher,Walker2d-v4,2
18392,reward,767,16.794435378688544,7.946,SF-P3O-NoFisher,Walker2d-v4,2
18433,reward,768,18.472366406756834,8.601,SF-P3O-NoFisher,Walker2d-v4,2
18462,reward,769,8.28115946829767,8.306,SF-P3O-NoFisher,Walker2d-v4,2
18538,reward,770,28.613193405012247,11.101,SF-P3O-NoFisher,Walker2d-v4,2
18566,reward,771,5.203481851915311,10.993,SF-P3O-NoFisher,Walker2d-v4,2
18610,reward,772,5.227566562902421,10.782,SF-P3O-NoFisher,Walker2d-v4,2
18637,reward,773,12.855116009279035,10.451,SF-P3O-NoFisher,Walker2d-v4,2
18652,reward,774,0.7438319979724981,10.099,SF-P3O-NoFisher,Walker2d-v4,2
18721,reward,775,2.5580518045580005,11.15,SF-P3O-NoFisher,Walker2d-v4,2
18746,reward,776,6.776099472230846,10.553,SF-P3O-NoFisher,Walker2d-v4,2
18756,reward,777,-1.1465083764651451,8.758,SF-P3O-NoFisher,Walker2d-v4,2
18789,reward,778,0.0028205348539636077,6.911,SF-P3O-NoFisher,Walker2d-v4,2
18805,reward,779,1.4216712666330478,6.226,SF-P3O-NoFisher,Walker2d-v4,2
18873,reward,780,16.700717880857013,5.034,SF-P3O-NoFisher,Walker2d-v4,2
18897,reward,781,14.18055392210244,5.932,SF-P3O-NoFisher,Walker2d-v4,2
18948,reward,782,0.33450187394678155,5.443,SF-P3O-NoFisher,Walker2d-v4,2
18968,reward,783,7.769243565178284,4.934,SF-P3O-NoFisher,Walker2d-v4,2
18993,reward,784,-0.6245796339841698,4.797,SF-P3O-NoFisher,Walker2d-v4,2
19022,reward,785,15.104618608940893,6.052,SF-P3O-NoFisher,Walker2d-v4,2
19047,reward,786,7.969081292721077,6.171,SF-P3O-NoFisher,Walker2d-v4,2
19058,reward,787,-0.26563024721375905,6.259,SF-P3O-NoFisher,Walker2d-v4,2
19078,reward,788,2.2683220524254564,6.486,SF-P3O-NoFisher,Walker2d-v4,2
19096,reward,789,-3.513590996674102,5.992,SF-P3O-NoFisher,Walker2d-v4,2
19141,reward,790,23.298309876920268,6.652,SF-P3O-NoFisher,Walker2d-v4,2
19198,reward,791,32.751887346090754,8.509,SF-P3O-NoFisher,Walker2d-v4,2
19228,reward,792,13.039630203609978,9.78,SF-P3O-NoFisher,Walker2d-v4,2
19240,reward,793,1.542568522598722,9.157,SF-P3O-NoFisher,Walker2d-v4,2
19267,reward,794,0.5952029853088325,9.279,SF-P3O-NoFisher,Walker2d-v4,2
19302,reward,795,6.381765394516077,8.407,SF-P3O-NoFisher,Walker2d-v4,2
19314,reward,796,-3.698492670566027,7.24,SF-P3O-NoFisher,Walker2d-v4,2
19374,reward,797,6.406276043600659,7.907,SF-P3O-NoFisher,Walker2d-v4,2
19425,reward,798,20.945712269677202,9.775,SF-P3O-NoFisher,Walker2d-v4,2
19452,reward,799,11.68144306164108,11.294,SF-P3O-NoFisher,Walker2d-v4,2
19503,reward,800,-6.544813972041511,8.31,SF-P3O-NoFisher,Walker2d-v4,2
19525,reward,801,-0.23472750505030326,5.011,SF-P3O-NoFisher,Walker2d-v4,2
19561,reward,802,3.0130106443774936,4.009,SF-P3O-NoFisher,Walker2d-v4,2
19623,reward,803,18.448485951786875,5.699,SF-P3O-NoFisher,Walker2d-v4,2
19647,reward,804,3.360059165171814,5.976,SF-P3O-NoFisher,Walker2d-v4,2
19703,reward,805,12.58841854917566,6.597,SF-P3O-NoFisher,Walker2d-v4,2
19728,reward,806,4.236318274641976,7.39,SF-P3O-NoFisher,Walker2d-v4,2
19775,reward,807,22.86723055112617,9.036,SF-P3O-NoFisher,Walker2d-v4,2
19797,reward,808,13.82631539297825,8.324,SF-P3O-NoFisher,Walker2d-v4,2
19861,reward,809,28.154232653924314,9.971,SF-P3O-NoFisher,Walker2d-v4,2
19896,reward,810,9.725063874812397,11.598,SF-P3O-NoFisher,Walker2d-v4,2
19933,reward,811,7.515220582070169,12.373,SF-P3O-NoFisher,Walker2d-v4,2
19948,reward,812,-1.7157759643823907,11.901,SF-P3O-NoFisher,Walker2d-v4,2
20000,speed,519.66,0.65,SF-P3O-NoFisher,Walker2d-v4,2
20001,spectral,0.005551,0.966975,0.1452,SF-P3O-NoFisher,Walker2d-v4,2
20028,reward,813,-19.696241644726253,8.086,SF-P3O-NoFisher,Walker2d-v4,2
20046,reward,814,4.256845714253421,8.176,SF-P3O-NoFisher,Walker2d-v4,2
20073,reward,815,11.403105276586494,8.057,SF-P3O-NoFisher,Walker2d-v4,2
20082,reward,816,-3.9312719628418478,7.24,SF-P3O-NoFisher,Walker2d-v4,2
20097,reward,817,-6.243445596749638,4.329,SF-P3O-NoFisher,Walker2d-v4,2
20141,reward,818,24.952240000863284,5.442,SF-P3O-NoFisher,Walker2d-v4,2
20153,reward,819,3.180299686057227,2.945,SF-P3O-NoFisher,Walker2d-v4,2
20185,reward,820,17.00752784866382,3.673,SF-P3O-NoFisher,Walker2d-v4,2
20236,reward,821,5.474809478011299,3.469,SF-P3O-NoFisher,Walker2d-v4,2
20299,reward,822,38.21959616991894,7.462,SF-P3O-NoFisher,Walker2d-v4,2
20321,reward,823,7.397021338977371,10.172,SF-P3O-NoFisher,Walker2d-v4,2
20352,reward,824,-5.016596247884545,9.244,SF-P3O-NoFisher,Walker2d-v4,2
20386,reward,825,15.181639841547184,9.622,SF-P3O-NoFisher,Walker2d-v4,2
20437,reward,826,9.292565099567051,10.945,SF-P3O-NoFisher,Walker2d-v4,2
20489,reward,827,-5.673924956249433,11.002,SF-P3O-NoFisher,Walker2d-v4,2
20502,reward,828,1.3282577034496827,8.639,SF-P3O-NoFisher,Walker2d-v4,2
20522,reward,829,5.121157700929604,8.833,SF-P3O-NoFisher,Walker2d-v4,2
20566,reward,830,19.775932334323972,9.11,SF-P3O-NoFisher,Walker2d-v4,2
20641,reward,831,14.421276499581642,10.005,SF-P3O-NoFisher,Walker2d-v4,2
20714,reward,832,13.87267636791333,7.57,SF-P3O-NoFisher,Walker2d-v4,2
20733,reward,833,9.08181049134111,7.738,SF-P3O-NoFisher,Walker2d-v4,2
20801,reward,834,8.603470045441565,9.1,SF-P3O-NoFisher,Walker2d-v4,2
20830,reward,835,15.339625420806325,9.116,SF-P3O-NoFisher,Walker2d-v4,2
20890,reward,836,28.072659541703096,10.994,SF-P3O-NoFisher,Walker2d-v4,2
20936,reward,837,-6.107397661986727,10.951,SF-P3O-NoFisher,Walker2d-v4,2
20957,reward,838,3.0492689743518193,11.123,SF-P3O-NoFisher,Walker2d-v4,2
21007,reward,839,12.949807797572609,11.906,SF-P3O-NoFisher,Walker2d-v4,2
21036,reward,840,9.345220364071077,10.863,SF-P3O-NoFisher,Walker2d-v4,2
21056,reward,841,8.694119278247399,10.29,SF-P3O-NoFisher,Walker2d-v4,2
21090,reward,842,5.739507244573099,9.477,SF-P3O-NoFisher,Walker2d-v4,2
21119,reward,843,5.6088251674387255,9.13,SF-P3O-NoFisher,Walker2d-v4,2
21152,reward,844,6.292108258492977,8.898,SF-P3O-NoFisher,Walker2d-v4,2
21172,reward,845,1.8222608544716388,7.547,SF-P3O-NoFisher,Walker2d-v4,2
21213,reward,846,12.956723461806348,6.035,SF-P3O-NoFisher,Walker2d-v4,2
21251,reward,847,5.973987653265299,7.243,SF-P3O-NoFisher,Walker2d-v4,2
21279,reward,848,1.7409534552643677,7.112,SF-P3O-NoFisher,Walker2d-v4,2
21317,reward,849,11.483088344945898,6.966,SF-P3O-NoFisher,Walker2d-v4,2
21364,reward,850,-0.38463525170552426,5.993,SF-P3O-NoFisher,Walker2d-v4,2
21411,reward,851,2.138253832610265,5.337,SF-P3O-NoFisher,Walker2d-v4,2
21439,reward,852,9.18599313039021,5.682,SF-P3O-NoFisher,Walker2d-v4,2
21497,reward,853,6.893807414401338,5.81,SF-P3O-NoFisher,Walker2d-v4,2
21565,reward,854,52.469710241591905,10.428,SF-P3O-NoFisher,Walker2d-v4,2
21620,reward,855,11.062488843569705,11.352,SF-P3O-NoFisher,Walker2d-v4,2
21641,reward,856,7.343446255215906,10.791,SF-P3O-NoFisher,Walker2d-v4,2
21668,reward,857,11.362721948185785,11.33,SF-P3O-NoFisher,Walker2d-v4,2
21681,reward,858,-0.6334871946041746,11.092,SF-P3O-NoFisher,Walker2d-v4,2
21725,reward,859,1.012299179882671,10.045,SF-P3O-NoFisher,Walker2d-v4,2
21766,reward,860,21.324083941979698,12.216,SF-P3O-NoFisher,Walker2d-v4,2
21830,reward,861,20.904014600157407,14.093,SF-P3O-NoFisher,Walker2d-v4,2
21848,reward,862,5.3522506782640145,13.709,SF-P3O-NoFisher,Walker2d-v4,2
21893,reward,863,30.08986562952335,16.029,SF-P3O-NoFisher,Walker2d-v4,2
21924,reward,864,14.986767867942945,12.28,SF-P3O-NoFisher,Walker2d-v4,2
21963,reward,865,11.047497432505704,12.279,SF-P3O-NoFisher,Walker2d-v4,2
21971,reward,866,-1.783704452394397,11.366,SF-P3O-NoFisher,Walker2d-v4,2
22038,reward,867,9.729663079672358,11.203,SF-P3O-NoFisher,Walker2d-v4,2
22079,reward,868,16.108530977165948,12.877,SF-P3O-NoFisher,Walker2d-v4,2
22105,reward,869,5.306184572938458,13.307,SF-P3O-NoFisher,Walker2d-v4,2
22131,reward,870,5.811362236656271,11.755,SF-P3O-NoFisher,Walker2d-v4,2
22151,reward,871,5.48598487288803,10.213,SF-P3O-NoFisher,Walker2d-v4,2
22188,reward,872,2.2773349798175646,9.906,SF-P3O-NoFisher,Walker2d-v4,2
22218,reward,873,7.1730747792586715,7.614,SF-P3O-NoFisher,Walker2d-v4,2
22231,reward,874,-2.6610277404992555,5.849,SF-P3O-NoFisher,Walker2d-v4,2
22279,reward,875,39.848798416630785,8.73,SF-P3O-NoFisher,Walker2d-v4,2
22328,reward,876,10.639971319652986,9.972,SF-P3O-NoFisher,Walker2d-v4,2
22371,reward,877,15.144384332858014,10.513,SF-P3O-NoFisher,Walker2d-v4,2
22417,reward,878,18.836611875411133,10.786,SF-P3O-NoFisher,Walker2d-v4,2
22437,reward,879,1.6678499603991754,10.422,SF-P3O-NoFisher,Walker2d-v4,2
22465,reward,880,12.744375327324999,11.116,SF-P3O-NoFisher,Walker2d-v4,2
22492,reward,881,5.534151692945832,11.121,SF-P3O-NoFisher,Walker2d-v4,2
22518,reward,882,11.582191214277692,12.051,SF-P3O-NoFisher,Walker2d-v4,2
22566,reward,883,18.34600313481954,13.168,SF-P3O-NoFisher,Walker2d-v4,2
22600,reward,884,6.3332046479913,14.068,SF-P3O-NoFisher,Walker2d-v4,2
22634,reward,885,-1.8662259924784868,9.896,SF-P3O-NoFisher,Walker2d-v4,2
22676,reward,886,11.720774078407747,10.004,SF-P3O-NoFisher,Walker2d-v4,2
22688,reward,887,-3.3085591855722205,8.159,SF-P3O-NoFisher,Walker2d-v4,2
22722,reward,888,15.798304628080835,7.855,SF-P3O-NoFisher,Walker2d-v4,2
22755,reward,889,3.1871759022714183,8.007,SF-P3O-NoFisher,Walker2d-v4,2
22772,reward,890,4.506833315257516,7.183,SF-P3O-NoFisher,Walker2d-v4,2
22834,reward,891,45.90398189370243,11.22,SF-P3O-NoFisher,Walker2d-v4,2
22865,reward,892,11.363420153345878,11.198,SF-P3O-NoFisher,Walker2d-v4,2
22903,reward,893,13.660672186189931,10.73,SF-P3O-NoFisher,Walker2d-v4,2
22919,reward,894,-2.1600714029239327,9.881,SF-P3O-NoFisher,Walker2d-v4,2
22934,reward,895,3.7101903440089585,10.438,SF-P3O-NoFisher,Walker2d-v4,2
22955,reward,896,5.421353323221491,9.808,SF-P3O-NoFisher,Walker2d-v4,2
22999,reward,897,16.576382342557224,11.797,SF-P3O-NoFisher,Walker2d-v4,2
23102,reward,898,20.979543515410768,12.315,SF-P3O-NoFisher,Walker2d-v4,2
23138,reward,899,10.214207878314344,13.018,SF-P3O-NoFisher,Walker2d-v4,2
23165,reward,900,8.523380259228396,13.419,SF-P3O-NoFisher,Walker2d-v4,2
23207,reward,901,9.808572450783696,9.81,SF-P3O-NoFisher,Walker2d-v4,2
23255,reward,902,23.51019292073754,11.024,SF-P3O-NoFisher,Walker2d-v4,2
23317,reward,903,24.235176055718863,12.082,SF-P3O-NoFisher,Walker2d-v4,2
23360,reward,904,24.328309983630064,14.731,SF-P3O-NoFisher,Walker2d-v4,2
23391,reward,905,3.7205503020826574,14.732,SF-P3O-NoFisher,Walker2d-v4,2
23422,reward,906,6.611486978783795,14.851,SF-P3O-NoFisher,Walker2d-v4,2
23471,reward,907,12.136858580097769,14.407,SF-P3O-NoFisher,Walker2d-v4,2
23504,reward,908,8.841962210915362,13.193,SF-P3O-NoFisher,Walker2d-v4,2
23571,reward,909,4.421715257123973,12.614,SF-P3O-NoFisher,Walker2d-v4,2
23589,reward,910,0.3853507526487001,11.8,SF-P3O-NoFisher,Walker2d-v4,2
23609,reward,911,5.086995398884747,11.328,SF-P3O-NoFisher,Walker2d-v4,2
23650,reward,912,9.623268295133546,9.939,SF-P3O-NoFisher,Walker2d-v4,2
23682,reward,913,12.231942748531683,8.739,SF-P3O-NoFisher,Walker2d-v4,2
23736,reward,914,32.65628680321821,9.572,SF-P3O-NoFisher,Walker2d-v4,2
23761,reward,915,9.127973854081924,10.112,SF-P3O-NoFisher,Walker2d-v4,2
23774,reward,916,-4.415177637593016,9.01,SF-P3O-NoFisher,Walker2d-v4,2
23813,reward,917,13.58844782254111,9.155,SF-P3O-NoFisher,Walker2d-v4,2
23836,reward,918,2.4170542614801738,8.512,SF-P3O-NoFisher,Walker2d-v4,2
23852,reward,919,4.428143037291524,8.513,SF-P3O-NoFisher,Walker2d-v4,2
23879,reward,920,16.86860369126753,10.161,SF-P3O-NoFisher,Walker2d-v4,2
23907,reward,921,8.442232265503064,10.497,SF-P3O-NoFisher,Walker2d-v4,2
23934,reward,922,4.687074393858479,10.003,SF-P3O-NoFisher,Walker2d-v4,2
23959,reward,923,7.9361539236331735,9.574,SF-P3O-NoFisher,Walker2d-v4,2
24003,reward,924,-2.4618783567627722,6.062,SF-P3O-NoFisher,Walker2d-v4,2
24015,reward,925,1.6310437309905157,5.312,SF-P3O-NoFisher,Walker2d-v4,2
24048,reward,926,0.8683985700451826,5.841,SF-P3O-NoFisher,Walker2d-v4,2
24084,reward,927,-1.318804015790771,4.35,SF-P3O-NoFisher,Walker2d-v4,2
24104,reward,928,4.666399700462324,4.575,SF-P3O-NoFisher,Walker2d-v4,2
24155,reward,929,-2.4731023338493694,3.885,SF-P3O-NoFisher,Walker2d-v4,2
24234,reward,930,-30.946699583503197,-0.897,SF-P3O-NoFisher,Walker2d-v4,2
24280,reward,931,15.847621850902202,-0.156,SF-P3O-NoFisher,Walker2d-v4,2
24299,reward,932,0.5758857726047234,-0.567,SF-P3O-NoFisher,Walker2d-v4,2
24342,reward,933,-1.3206406746215158,-1.493,SF-P3O-NoFisher,Walker2d-v4,2
24367,reward,934,4.689456101239125,-0.778,SF-P3O-NoFisher,Walker2d-v4,2
24453,reward,935,37.94062713095914,2.853,SF-P3O-NoFisher,Walker2d-v4,2
24503,reward,936,21.7138442672254,4.937,SF-P3O-NoFisher,Walker2d-v4,2
24533,reward,937,11.328302462510713,6.202,SF-P3O-NoFisher,Walker2d-v4,2
24567,reward,938,3.118247311360788,6.047,SF-P3O-NoFisher,Walker2d-v4,2
24576,loss,0.03410714119672775,0.5130667686462402,SF-P3O-NoFisher,Walker2d-v4,2
24603,reward,939,20.21294235842529,8.316,SF-P3O-NoFisher,Walker2d-v4,2
24787,reward,940,-17.45251946051607,9.665,SF-P3O-NoFisher,Walker2d-v4,2
24861,reward,941,47.525513810144226,12.833,SF-P3O-NoFisher,Walker2d-v4,2
24898,reward,942,19.121844928569274,14.688,SF-P3O-NoFisher,Walker2d-v4,2
24923,reward,943,4.529978783332734,15.273,SF-P3O-NoFisher,Walker2d-v4,2
24991,reward,944,-3.605412643580834,14.443,SF-P3O-NoFisher,Walker2d-v4,2
25021,reward,945,10.633865964500306,11.713,SF-P3O-NoFisher,Walker2d-v4,2
25051,reward,946,5.825392162165908,10.124,SF-P3O-NoFisher,Walker2d-v4,2
25107,reward,947,16.783236545517436,10.669,SF-P3O-NoFisher,Walker2d-v4,2
25229,reward,948,-2.3419225089411344,10.123,SF-P3O-NoFisher,Walker2d-v4,2
25266,reward,949,7.154241175949958,8.817,SF-P3O-NoFisher,Walker2d-v4,2
25330,reward,950,6.667673122717412,11.229,SF-P3O-NoFisher,Walker2d-v4,2
25372,reward,951,13.453033275797951,7.822,SF-P3O-NoFisher,Walker2d-v4,2
25406,reward,952,7.754819842909926,6.685,SF-P3O-NoFisher,Walker2d-v4,2
25423,reward,953,3.392680651630608,6.572,SF-P3O-NoFisher,Walker2d-v4,2
25474,reward,954,17.68037725397702,8.7,SF-P3O-NoFisher,Walker2d-v4,2
25535,reward,955,13.4348333427926,8.98,SF-P3O-NoFisher,Walker2d-v4,2
25570,reward,956,16.07030323491099,10.005,SF-P3O-NoFisher,Walker2d-v4,2
25617,reward,957,12.625833098834338,9.589,SF-P3O-NoFisher,Walker2d-v4,2
25635,reward,958,7.305315317234417,10.554,SF-P3O-NoFisher,Walker2d-v4,2
25654,reward,959,5.055000469513935,10.344,SF-P3O-NoFisher,Walker2d-v4,2
25716,reward,960,-9.867881758142781,8.69,SF-P3O-NoFisher,Walker2d-v4,2
25737,reward,961,8.410656965351546,8.186,SF-P3O-NoFisher,Walker2d-v4,2
25796,reward,962,5.34100599204864,7.945,SF-P3O-NoFisher,Walker2d-v4,2
25814,reward,963,1.879927368828193,7.794,SF-P3O-NoFisher,Walker2d-v4,2
25974,reward,964,119.58858433757476,17.984,SF-P3O-NoFisher,Walker2d-v4,2
26006,reward,965,6.1299173065498,17.254,SF-P3O-NoFisher,Walker2d-v4,2
26090,reward,966,60.53833822535398,21.701,SF-P3O-NoFisher,Walker2d-v4,2
26115,reward,967,13.416340106501128,21.78,SF-P3O-NoFisher,Walker2d-v4,2
26138,reward,968,11.6849753183776,22.218,SF-P3O-NoFisher,Walker2d-v4,2
26227,reward,969,3.0411596815874646,22.016,SF-P3O-NoFisher,Walker2d-v4,2
26245,reward,970,4.35579840314026,23.439,SF-P3O-NoFisher,Walker2d-v4,2
26259,reward,971,2.6293132856874437,22.861,SF-P3O-NoFisher,Walker2d-v4,2
26335,reward,972,17.438382233792616,24.07,SF-P3O-NoFisher,Walker2d-v4,2
26387,reward,973,4.865029994431797,24.369,SF-P3O-NoFisher,Walker2d-v4,2
26476,reward,974,-0.7574297618014669,12.334,SF-P3O-NoFisher,Walker2d-v4,2
26491,reward,975,2.7245444072255625,11.994,SF-P3O-NoFisher,Walker2d-v4,2
26517,reward,976,15.704132096826685,7.51,SF-P3O-NoFisher,Walker2d-v4,2
26568,reward,977,10.444507855628675,7.213,SF-P3O-NoFisher,Walker2d-v4,2
26607,reward,978,9.477095149659956,6.992,SF-P3O-NoFisher,Walker2d-v4,2
26699,reward,979,22.6281439079738,8.951,SF-P3O-NoFisher,Walker2d-v4,2
26747,reward,980,4.900025182989437,9.005,SF-P3O-NoFisher,Walker2d-v4,2
26779,reward,981,10.466257234480063,9.789,SF-P3O-NoFisher,Walker2d-v4,2
26850,reward,982,-13.105382645392968,6.735,SF-P3O-NoFisher,Walker2d-v4,2
26937,reward,983,18.16056442278105,8.064,SF-P3O-NoFisher,Walker2d-v4,2
26970,reward,984,-10.592582428296716,7.081,SF-P3O-NoFisher,Walker2d-v4,2
27005,reward,985,10.346535609177057,7.843,SF-P3O-NoFisher,Walker2d-v4,2
27073,reward,986,2.3262500249830955,6.505,SF-P3O-NoFisher,Walker2d-v4,2
27139,reward,987,41.9175817536868,9.652,SF-P3O-NoFisher,Walker2d-v4,2
27187,reward,988,32.97355085209465,12.002,SF-P3O-NoFisher,Walker2d-v4,2
27226,reward,989,25.5451270555239,12.294,SF-P3O-NoFisher,Walker2d-v4,2
27284,reward,990,17.552875921974504,13.559,SF-P3O-NoFisher,Walker2d-v4,2
27326,reward,991,21.102080008897957,14.623,SF-P3O-NoFisher,Walker2d-v4,2
27359,reward,992,12.458245711491752,17.179,SF-P3O-NoFisher,Walker2d-v4,2
27414,reward,993,4.890965287498869,15.852,SF-P3O-NoFisher,Walker2d-v4,2
27462,reward,994,23.920361203599864,19.303,SF-P3O-NoFisher,Walker2d-v4,2
27503,reward,995,8.622701014017654,19.131,SF-P3O-NoFisher,Walker2d-v4,2
27572,reward,996,46.866991376140774,23.585,SF-P3O-NoFisher,Walker2d-v4,2
27632,reward,997,19.53597051169119,21.347,SF-P3O-NoFisher,Walker2d-v4,2
27657,reward,998,4.57496883569133,18.507,SF-P3O-NoFisher,Walker2d-v4,2
27706,reward,999,26.693183266894835,18.622,SF-P3O-NoFisher,Walker2d-v4,2
27750,reward,1000,17.751956996334155,18.642,SF-P3O-NoFisher,Walker2d-v4,2
27827,reward,1001,52.845123905175726,21.816,SF-P3O-NoFisher,Walker2d-v4,2
27919,reward,1002,59.66703797725372,26.537,SF-P3O-NoFisher,Walker2d-v4,2
27938,reward,1003,4.676741268997394,26.516,SF-P3O-NoFisher,Walker2d-v4,2
27994,reward,1004,26.50883785991042,26.774,SF-P3O-NoFisher,Walker2d-v4,2
28049,reward,1005,36.11657862359269,29.524,SF-P3O-NoFisher,Walker2d-v4,2
28117,reward,1006,-1.0099512384978073,24.736,SF-P3O-NoFisher,Walker2d-v4,2
28167,reward,1007,19.223549891413292,24.705,SF-P3O-NoFisher,Walker2d-v4,2
28214,reward,1008,6.745555285750865,24.922,SF-P3O-NoFisher,Walker2d-v4,2
28232,reward,1009,7.918780544416843,23.044,SF-P3O-NoFisher,Walker2d-v4,2
28274,reward,1010,24.210967691324655,23.69,SF-P3O-NoFisher,Walker2d-v4,2
28361,reward,1011,12.867816920937821,19.693,SF-P3O-NoFisher,Walker2d-v4,2
28407,reward,1012,18.02067865459842,15.528,SF-P3O-NoFisher,Walker2d-v4,2
28520,reward,1013,53.301128740386005,20.39,SF-P3O-NoFisher,Walker2d-v4,2
28618,reward,1014,-14.332155541137594,16.306,SF-P3O-NoFisher,Walker2d-v4,2
28636,reward,1015,3.3539556967190167,13.03,SF-P3O-NoFisher,Walker2d-v4,2
28680,reward,1016,23.379926883152066,15.469,SF-P3O-NoFisher,Walker2d-v4,2
28747,reward,1017,26.25247597640958,16.172,SF-P3O-NoFisher,Walker2d-v4,2
28818,reward,1018,-2.8695293808649067,15.21,SF-P3O-NoFisher,Walker2d-v4,2
28847,reward,1019,5.431892652105356,14.962,SF-P3O-NoFisher,Walker2d-v4,2
28939,reward,1020,28.080820193891146,15.349,SF-P3O-NoFisher,Walker2d-v4,2
28969,reward,1021,3.6181430253452507,14.424,SF-P3O-NoFisher,Walker2d-v4,2
28993,reward,1022,8.420810462382866,13.464,SF-P3O-NoFisher,Walker2d-v4,2
29072,reward,1023,-11.840224222046466,6.95,SF-P3O-NoFisher,Walker2d-v4,2
29183,reward,1024,41.55420807632332,12.538,SF-P3O-NoFisher,Walker2d-v4,2
29254,reward,1025,35.44914438851079,15.748,SF-P3O-NoFisher,Walker2d-v4,2
29273,reward,1026,1.9167104924129388,13.601,SF-P3O-NoFisher,Walker2d-v4,2
29329,reward,1027,0.6613325310402849,11.042,SF-P3O-NoFisher,Walker2d-v4,2
29374,reward,1028,33.29075718577121,14.658,SF-P3O-NoFisher,Walker2d-v4,2
29403,reward,1029,7.204865328293024,14.836,SF-P3O-NoFisher,Walker2d-v4,2
29427,reward,1030,-0.2249988904653114,12.005,SF-P3O-NoFisher,Walker2d-v4,2
29465,reward,1031,14.849989181878298,13.128,SF-P3O-NoFisher,Walker2d-v4,2
29556,reward,1032,14.348520662530337,13.721,SF-P3O-NoFisher,Walker2d-v4,2
29597,reward,1033,7.4502754677191785,15.65,SF-P3O-NoFisher,Walker2d-v4,2
29615,reward,1034,7.259718100932693,12.221,SF-P3O-NoFisher,Walker2d-v4,2
29644,reward,1035,3.6107640782015853,9.037,SF-P3O-NoFisher,Walker2d-v4,2
29670,reward,1036,5.762393472631707,9.421,SF-P3O-NoFisher,Walker2d-v4,2
29731,reward,1037,9.910798184733094,10.346,SF-P3O-NoFisher,Walker2d-v4,2
29813,reward,1038,-4.461408764680914,6.571,SF-P3O-NoFisher,Walker2d-v4,2
29859,reward,1039,13.328413670001892,7.183,SF-P3O-NoFisher,Walker2d-v4,2
29934,reward,1040,-10.271479401712137,6.179,SF-P3O-NoFisher,Walker2d-v4,2
29983,reward,1041,10.000818659978187,5.694,SF-P3O-NoFisher,Walker2d-v4,2
30000,speed,537.4,0.96,SF-P3O-NoFisher,Walker2d-v4,2
30001,spectral,0.008313,0.966312,0.1517,SF-P3O-NoFisher,Walker2d-v4,2
30002,reward,1042,7.036989800193928,4.963,SF-P3O-NoFisher,Walker2d-v4,2
30033,reward,1043,8.360895844976193,5.054,SF-P3O-NoFisher,Walker2d-v4,2
30064,reward,1044,9.213261626825341,5.249,SF-P3O-NoFisher,Walker2d-v4,2
30112,reward,1045,11.712339334933485,6.059,SF-P3O-NoFisher,Walker2d-v4,2
30136,reward,1046,0.26832571421309503,5.51,SF-P3O-NoFisher,Walker2d-v4,2
30176,reward,1047,7.452608066737955,5.264,SF-P3O-NoFisher,Walker2d-v4,2
30219,reward,1048,4.011845753716264,6.111,SF-P3O-NoFisher,Walker2d-v4,2
30258,reward,1049,11.744247428395369,5.953,SF-P3O-NoFisher,Walker2d-v4,2
30275,reward,1050,4.230817798571495,7.403,SF-P3O-NoFisher,Walker2d-v4,2
30309,reward,1051,23.99331108663045,8.802,SF-P3O-NoFisher,Walker2d-v4,2
30391,reward,1052,28.340908012686924,10.933,SF-P3O-NoFisher,Walker2d-v4,2
30427,reward,1053,10.484432393634929,11.145,SF-P3O-NoFisher,Walker2d-v4,2
30443,reward,1054,7.390538275106587,10.963,SF-P3O-NoFisher,Walker2d-v4,2
30480,reward,1055,5.996471109357635,10.391,SF-P3O-NoFisher,Walker2d-v4,2
30492,reward,1056,3.142796923451005,10.679,SF-P3O-NoFisher,Walker2d-v4,2
30527,reward,1057,20.124609103988483,11.946,SF-P3O-NoFisher,Walker2d-v4,2
30561,reward,1058,6.450913114233923,12.19,SF-P3O-NoFisher,Walker2d-v4,2
30582,reward,1059,9.850890432445725,12.001,SF-P3O-NoFisher,Walker2d-v4,2
30633,reward,1060,9.004304148630315,12.478,SF-P3O-NoFisher,Walker2d-v4,2
30699,reward,1061,32.76833671852465,13.355,SF-P3O-NoFisher,Walker2d-v4,2
30729,reward,1062,13.330281677606543,11.854,SF-P3O-NoFisher,Walker2d-v4,2
30780,reward,1063,19.165130185666126,12.722,SF-P3O-NoFisher,Walker2d-v4,2
30882,reward,1064,11.383872601204795,13.122,SF-P3O-NoFisher,Walker2d-v4,2
30926,reward,1065,0.537998889261412,12.576,SF-P3O-NoFisher,Walker2d-v4,2
30955,reward,1066,13.020114535828542,13.564,SF-P3O-NoFisher,Walker2d-v4,2
30990,reward,1067,17.652014061582207,13.316,SF-P3O-NoFisher,Walker2d-v4,2
31043,reward,1068,13.465622802056902,14.018,SF-P3O-NoFisher,Walker2d-v4,2
31140,reward,1069,0.6636028967115308,13.099,SF-P3O-NoFisher,Walker2d-v4,2
31157,reward,1070,5.207737824957977,12.719,SF-P3O-NoFisher,Walker2d-v4,2
31261,reward,1071,38.93236665699608,13.336,SF-P3O-NoFisher,Walker2d-v4,2
31301,reward,1072,-3.291197845960366,11.674,SF-P3O-NoFisher,Walker2d-v4,2
31340,reward,1073,8.971736765973933,10.654,SF-P3O-NoFisher,Walker2d-v4,2
31527,reward,1074,26.06381648806076,12.122,SF-P3O-NoFisher,Walker2d-v4,2
31573,reward,1075,5.265986557768131,12.595,SF-P3O-NoFisher,Walker2d-v4,2
31605,reward,1076,16.526858846539707,12.946,SF-P3O-NoFisher,Walker2d-v4,2
31723,reward,1077,-28.44793186865966,8.336,SF-P3O-NoFisher,Walker2d-v4,2
31848,reward,1078,139.73389710746528,20.963,SF-P3O-NoFisher,Walker2d-v4,2
31921,reward,1079,7.83723884391976,21.68,SF-P3O-NoFisher,Walker2d-v4,2
31987,reward,1080,2.6778703520232803,21.427,SF-P3O-NoFisher,Walker2d-v4,2
32115,reward,1081,9.150939595871428,18.449,SF-P3O-NoFisher,Walker2d-v4,2
32177,reward,1082,29.720083168631536,21.75,SF-P3O-NoFisher,Walker2d-v4,2
32220,reward,1083,-3.070073848289133,20.546,SF-P3O-NoFisher,Walker2d-v4,2
32290,reward,1084,47.549912009524775,22.694,SF-P3O-NoFisher,Walker2d-v4,2
32360,reward,1085,-0.7250369464309689,22.095,SF-P3O-NoFisher,Walker2d-v4,2
32397,reward,1086,15.37922141959115,21.981,SF-P3O-NoFisher,Walker2d-v4,2
32440,reward,1087,7.049709903090968,25.53,SF-P3O-NoFisher,Walker2d-v4,2
32459,reward,1088,8.367923598006874,12.394,SF-P3O-NoFisher,Walker2d-v4,2
32494,reward,1089,4.208985109778512,12.031,SF-P3O-NoFisher,Walker2d-v4,2
32566,reward,1090,-3.16009613940089,11.447,SF-P3O-NoFisher,Walker2d-v4,2
32614,reward,1091,25.626702343606617,13.095,SF-P3O-NoFisher,Walker2d-v4,2
32667,reward,1092,21.297686543227623,12.252,SF-P3O-NoFisher,Walker2d-v4,2
32696,reward,1093,-1.7718521131386453,12.382,SF-P3O-NoFisher,Walker2d-v4,2
32749,reward,1094,13.964435491525728,9.024,SF-P3O-NoFisher,Walker2d-v4,2
32768,loss,-0.008868463337421417,0.433318167924881,SF-P3O-NoFisher,Walker2d-v4,2
32768,diagnostics,0.0,53.37,9.5724,0.010974,0.965672,0.1517,-1.0,SF-P3O-NoFisher,Walker2d-v4,2
32889,reward,1095,84.39261428571018,17.536,SF-P3O-NoFisher,Walker2d-v4,2
32971,reward,1096,12.212888677479253,17.219,SF-P3O-NoFisher,Walker2d-v4,2
33076,reward,1097,34.90914156611644,20.005,SF-P3O-NoFisher,Walker2d-v4,2
33185,reward,1098,30.864689096337703,22.255,SF-P3O-NoFisher,Walker2d-v4,2
33207,reward,1099,-0.16291908516009912,21.817,SF-P3O-NoFisher,Walker2d-v4,2
33233,reward,1100,2.274537727519323,22.361,SF-P3O-NoFisher,Walker2d-v4,2
33299,reward,1101,23.090484471771976,22.107,SF-P3O-NoFisher,Walker2d-v4,2
33335,reward,1102,6.733982266464551,20.651,SF-P3O-NoFisher,Walker2d-v4,2
33496,reward,1103,139.6316788461664,34.791,SF-P3O-NoFisher,Walker2d-v4,2
33616,reward,1104,40.269413515719954,37.422,SF-P3O-NoFisher,Walker2d-v4,2
33646,reward,1105,0.2368623310687401,29.006,SF-P3O-NoFisher,Walker2d-v4,2
33748,reward,1106,2.8952023213788545,28.074,SF-P3O-NoFisher,Walker2d-v4,2
33797,reward,1107,41.34613071778654,28.718,SF-P3O-NoFisher,Walker2d-v4,2
33828,reward,1108,19.063137999337116,27.538,SF-P3O-NoFisher,Walker2d-v4,2
33869,reward,1109,16.732956777066683,29.227,SF-P3O-NoFisher,Walker2d-v4,2
33910,reward,1110,4.1861933955032935,29.419,SF-P3O-NoFisher,Walker2d-v4,2
33955,reward,1111,19.79424846863611,29.089,SF-P3O-NoFisher,Walker2d-v4,2
34023,reward,1112,8.865528309296144,29.302,SF-P3O-NoFisher,Walker2d-v4,2
34098,reward,1113,41.679308508025784,19.507,SF-P3O-NoFisher,Walker2d-v4,2
34158,reward,1114,28.147606335762706,18.295,SF-P3O-NoFisher,Walker2d-v4,2
34205,reward,1115,35.57387352860675,21.828,SF-P3O-NoFisher,Walker2d-v4,2
34276,reward,1116,56.50053383602141,27.189,SF-P3O-NoFisher,Walker2d-v4,2
34288,reward,1117,1.0542394855014798,23.16,SF-P3O-NoFisher,Walker2d-v4,2
34303,reward,1118,4.2541405499769445,21.679,SF-P3O-NoFisher,Walker2d-v4,2
34328,reward,1119,5.639419569096502,20.57,SF-P3O-NoFisher,Walker2d-v4,2
34421,reward,1120,38.40424289608414,23.991,SF-P3O-NoFisher,Walker2d-v4,2
34475,reward,1121,26.340029502397183,24.646,SF-P3O-NoFisher,Walker2d-v4,2
34558,reward,1122,16.691196701053308,25.428,SF-P3O-NoFisher,Walker2d-v4,2
34654,reward,1123,26.57866393893814,23.918,SF-P3O-NoFisher,Walker2d-v4,2
34717,reward,1124,29.580812620722938,24.062,SF-P3O-NoFisher,Walker2d-v4,2
34815,reward,1125,25.354900201220538,23.04,SF-P3O-NoFisher,Walker2d-v4,2
34907,reward,1126,-9.172008059535331,16.473,SF-P3O-NoFisher,Walker2d-v4,2
34958,reward,1127,25.390563234103364,18.906,SF-P3O-NoFisher,Walker2d-v4,2
34971,reward,1128,0.6500525033547091,18.546,SF-P3O-NoFisher,Walker2d-v4,2
34997,reward,1129,6.141670566560359,18.596,SF-P3O-NoFisher,Walker2d-v4,2
35086,reward,1130,43.88158942916503,19.144,SF-P3O-NoFisher,Walker2d-v4,2
35142,reward,1131,28.83440575982335,19.393,SF-P3O-NoFisher,Walker2d-v4,2
35182,reward,1132,16.225075167658158,19.347,SF-P3O-NoFisher,Walker2d-v4,2
35222,reward,1133,14.97266292494551,18.186,SF-P3O-NoFisher,Walker2d-v4,2
35255,reward,1134,16.08025235121087,16.836,SF-P3O-NoFisher,Walker2d-v4,2
35277,reward,1135,7.192927209637473,15.02,SF-P3O-NoFisher,Walker2d-v4,2
35314,reward,1136,1.146175708909326,16.052,SF-P3O-NoFisher,Walker2d-v4,2
35351,reward,1137,12.92010914409762,14.804,SF-P3O-NoFisher,Walker2d-v4,2
35390,reward,1138,18.696613428983476,16.609,SF-P3O-NoFisher,Walker2d-v4,2
35482,reward,1139,17.924986049072075,17.787,SF-P3O-NoFisher,Walker2d-v4,2
35538,reward,1140,11.457317306361796,14.545,SF-P3O-NoFisher,Walker2d-v4,2
35582,reward,1141,15.957494914330557,13.257,SF-P3O-NoFisher,Walker2d-v4,2
35619,reward,1142,14.191544040735945,13.054,SF-P3O-NoFisher,Walker2d-v4,2
35683,reward,1143,19.74950170452465,13.532,SF-P3O-NoFisher,Walker2d-v4,2
35799,reward,1144,29.258964947959875,14.85,SF-P3O-NoFisher,Walker2d-v4,2
35853,reward,1145,27.25817036242236,16.856,SF-P3O-NoFisher,Walker2d-v4,2
35887,reward,1146,20.414790294615713,18.783,SF-P3O-NoFisher,Walker2d-v4,2
35916,reward,1147,10.389335045456004,18.53,SF-P3O-NoFisher,Walker2d-v4,2
35999,reward,1148,48.230660072905174,21.483,SF-P3O-NoFisher,Walker2d-v4,2
36038,reward,1149,-0.4943203447127793,19.641,SF-P3O-NoFisher,Walker2d-v4,2
36069,reward,1150,7.370256207757154,19.233,SF-P3O-NoFisher,Walker2d-v4,2
36350,reward,1151,339.9759847174819,51.634,SF-P3O-NoFisher,Walker2d-v4,2
36396,reward,1152,26.901136244590678,52.905,SF-P3O-NoFisher,Walker2d-v4,2
36460,reward,1153,51.48949291504904,56.079,SF-P3O-NoFisher,Walker2d-v4,2
36492,reward,1154,8.163004065144857,53.97,SF-P3O-NoFisher,Walker2d-v4,2
36530,reward,1155,24.830966609178578,53.727,SF-P3O-NoFisher,Walker2d-v4,2
36543,reward,1156,3.012735449174958,51.987,SF-P3O-NoFisher,Walker2d-v4,2
36591,reward,1157,6.414928447933148,51.589,SF-P3O-NoFisher,Walker2d-v4,2
36727,reward,1158,82.19805595038301,54.986,SF-P3O-NoFisher,Walker2d-v4,2
36775,reward,1159,20.468192383446965,57.082,SF-P3O-NoFisher,Walker2d-v4,2
36799,reward,1160,7.341851997232623,57.08,SF-P3O-NoFisher,Walker2d-v4,2
36881,reward,1161,35.59425844663249,26.641,SF-P3O-NoFisher,Walker2d-v4,2
36902,reward,1162,10.27714173550742,24.979,SF-P3O-NoFisher,Walker2d-v4,2
37020,reward,1163,11.953823627579347,21.025,SF-P3O-NoFisher,Walker2d-v4,2
37087,reward,1164,28.840833916263158,23.093,SF-P3O-NoFisher,Walker2d-v4,2
37161,reward,1165,3.1694609576718715,20.927,SF-P3O-NoFisher,Walker2d-v4,2
37219,reward,1166,21.69128573865595,22.795,SF-P3O-NoFisher,Walker2d-v4,2
37278,reward,1167,35.256766324040335,25.679,SF-P3O-NoFisher,Walker2d-v4,2
37308,reward,1168,17.592610710735148,19.219,SF-P3O-NoFisher,Walker2d-v4,2
37375,reward,1169,48.44031520772756,22.016,SF-P3O-NoFisher,Walker2d-v4,2
37402,reward,1170,13.152021328049265,22.597,SF-P3O-NoFisher,Walker2d-v4,2
37448,reward,1171,22.814718940231295,21.319,SF-P3O-NoFisher,Walker2d-v4,2
37506,reward,1172,16.497186885001277,21.941,SF-P3O-NoFisher,Walker2d-v4,2
37555,reward,1173,22.33353691329218,22.979,SF-P3O-NoFisher,Walker2d-v4,2
37598,reward,1174,16.133443347264176,21.708,SF-P3O-NoFisher,Walker2d-v4,2
37670,reward,1175,-4.379359434266691,20.953,SF-P3O-NoFisher,Walker2d-v4,2
37695,reward,1176,3.527207733941791,19.137,SF-P3O-NoFisher,Walker2d-v4,2
37711,reward,1177,3.646402732095235,15.976,SF-P3O-NoFisher,Walker2d-v4,2
37900,reward,1178,228.56162226444644,37.073,SF-P3O-NoFisher,Walker2d-v4,2
37994,reward,1179,-17.422951412224865,30.486,SF-P3O-NoFisher,Walker2d-v4,2
38057,reward,1180,14.006483821406476,30.572,SF-P3O-NoFisher,Walker2d-v4,2
38081,reward,1181,10.443162604733702,29.335,SF-P3O-NoFisher,Walker2d-v4,2
38121,reward,1182,10.476302689829954,28.733,SF-P3O-NoFisher,Walker2d-v4,2
38202,reward,1183,49.275163089372036,31.427,SF-P3O-NoFisher,Walker2d-v4,2
38284,reward,1184,28.027719641358903,32.616,SF-P3O-NoFisher,Walker2d-v4,2
38360,reward,1185,12.352253723395702,34.289,SF-P3O-NoFisher,Walker2d-v4,2
38453,reward,1186,2.9870940839646276,34.235,SF-P3O-NoFisher,Walker2d-v4,2
38519,reward,1187,23.909739901200656,36.262,SF-P3O-NoFisher,Walker2d-v4,2
38563,reward,1188,1.915309153155936,13.597,SF-P3O-NoFisher,Walker2d-v4,2
38631,reward,1189,23.364777140722293,17.676,SF-P3O-NoFisher,Walker2d-v4,2
38689,reward,1190,15.68452716973113,17.844,SF-P3O-NoFisher,Walker2d-v4,2
38747,reward,1191,6.2523085344073435,17.425,SF-P3O-NoFisher,Walker2d-v4,2
38791,reward,1192,23.70908673753861,18.748,SF-P3O-NoFisher,Walker2d-v4,2
38865,reward,1193,21.91521293754224,16.012,SF-P3O-NoFisher,Walker2d-v4,2
38934,reward,1194,30.804517689240694,16.289,SF-P3O-NoFisher,Walker2d-v4,2
39003,reward,1195,25.147998860441923,17.569,SF-P3O-NoFisher,Walker2d-v4,2
39073,reward,1196,7.898877446062091,18.06,SF-P3O-NoFisher,Walker2d-v4,2
39147,reward,1197,58.68355993116648,21.538,SF-P3O-NoFisher,Walker2d-v4,2
39228,reward,1198,-9.200732694604412,20.426,SF-P3O-NoFisher,Walker2d-v4,2
39264,reward,1199,4.2567611835239605,18.515,SF-P3O-NoFisher,Walker2d-v4,2
39492,reward,1200,332.3368661046312,50.18,SF-P3O-NoFisher,Walker2d-v4,2
39537,reward,1201,18.228092063000318,51.378,SF-P3O-NoFisher,Walker2d-v4,2
39589,reward,1202,18.756366140800253,50.883,SF-P3O-NoFisher,Walker2d-v4,2
39636,reward,1203,3.274551217762913,49.019,SF-P3O-NoFisher,Walker2d-v4,2
39723,reward,1204,-10.289811301079029,44.909,SF-P3O-NoFisher,Walker2d-v4,2
39767,reward,1205,19.945908795396548,44.389,SF-P3O-NoFisher,Walker2d-v4,2
39812,reward,1206,20.926724974154112,45.692,SF-P3O-NoFisher,Walker2d-v4,2
39831,reward,1207,2.6514440417746536,40.089,SF-P3O-NoFisher,Walker2d-v4,2
39874,reward,1208,4.253331935131818,41.434,SF-P3O-NoFisher,Walker2d-v4,2
39900,reward,1209,7.7660597356602254,41.785,SF-P3O-NoFisher,Walker2d-v4,2
39935,reward,1210,11.363767829344901,9.688,SF-P3O-NoFisher,Walker2d-v4,2
39979,reward,1211,21.106736028083283,9.976,SF-P3O-NoFisher,Walker2d-v4,2
40000,speed,540.79,1.27,SF-P3O-NoFisher,Walker2d-v4,2
40001,spectral,0.010974,0.965672,0.1517,SF-P3O-NoFisher,Walker2d-v4,2
40041,reward,1212,15.342905679116855,9.634,SF-P3O-NoFisher,Walker2d-v4,2
40178,reward,1213,-2.6241375698462646,9.044,SF-P3O-NoFisher,Walker2d-v4,2
40236,reward,1214,20.623407059519373,12.136,SF-P3O-NoFisher,Walker2d-v4,2
40285,reward,1215,0.9820712391240137,10.239,SF-P3O-NoFisher,Walker2d-v4,2
40307,reward,1216,8.323693229349422,8.979,SF-P3O-NoFisher,Walker2d-v4,2
40352,reward,1217,28.400330508256328,11.554,SF-P3O-NoFisher,Walker2d-v4,2
40367,reward,1218,0.8174265034223999,11.21,SF-P3O-NoFisher,Walker2d-v4,2
40397,reward,1219,10.388464009403387,11.472,SF-P3O-NoFisher,Walker2d-v4,2
40432,reward,1220,22.444019409233103,12.58,SF-P3O-NoFisher,Walker2d-v4,2
40502,reward,1221,1.9257440947930204,10.662,SF-P3O-NoFisher,Walker2d-v4,2
40586,reward,1222,12.298551541240755,10.358,SF-P3O-NoFisher,Walker2d-v4,2
40619,reward,1223,15.669435602768903,12.187,SF-P3O-NoFisher,Walker2d-v4,2
40665,reward,1224,12.046641089297063,11.33,SF-P3O-NoFisher,Walker2d-v4,2
40775,reward,1225,39.42889007772886,15.174,SF-P3O-NoFisher,Walker2d-v4,2
40796,reward,1226,6.837306708760985,15.026,SF-P3O-NoFisher,Walker2d-v4,2
40826,reward,1227,4.1052158592771875,12.596,SF-P3O-NoFisher,Walker2d-v4,2
40880,reward,1228,3.590232422270607,12.873,SF-P3O-NoFisher,Walker2d-v4,2
40911,reward,1229,-3.719229221795014,11.463,SF-P3O-NoFisher,Walker2d-v4,2
40960,loss,-0.15858867764472961,0.5769662261009216,SF-P3O-NoFisher,Walker2d-v4,2
40975,reward,1230,12.022727355434714,10.421,SF-P3O-NoFisher,Walker2d-v4,2
41013,reward,1231,19.667366856335036,12.195,SF-P3O-NoFisher,Walker2d-v4,2
41066,reward,1232,16.09603708265731,12.574,SF-P3O-NoFisher,Walker2d-v4,2
41150,reward,1233,15.629068475469248,12.57,SF-P3O-NoFisher,Walker2d-v4,2
41209,reward,1234,-7.980573714479264,10.568,SF-P3O-NoFisher,Walker2d-v4,2
41232,reward,1235,10.977497973164274,7.723,SF-P3O-NoFisher,Walker2d-v4,2
41312,reward,1236,-5.500816990878872,6.489,SF-P3O-NoFisher,Walker2d-v4,2
41444,reward,1237,54.22096258177316,11.5,SF-P3O-NoFisher,Walker2d-v4,2
41541,reward,1238,49.223969571252454,16.064,SF-P3O-NoFisher,Walker2d-v4,2
41577,reward,1239,20.215784792082122,18.457,SF-P3O-NoFisher,Walker2d-v4,2
41663,reward,1240,51.285296702509186,22.383,SF-P3O-NoFisher,Walker2d-v4,2
41722,reward,1241,27.17470341913434,23.134,SF-P3O-NoFisher,Walker2d-v4,2
41884,reward,1242,210.09369038919542,42.534,SF-P3O-NoFisher,Walker2d-v4,2
41954,reward,1243,14.127151766738312,42.384,SF-P3O-NoFisher,Walker2d-v4,2
41986,reward,1244,13.265639973798388,44.508,SF-P3O-NoFisher,Walker2d-v4,2
42051,reward,1245,28.919297857013007,46.303,SF-P3O-NoFisher,Walker2d-v4,2
42281,reward,1246,40.242540822597874,50.877,SF-P3O-NoFisher,Walker2d-v4,2
42340,reward,1247,4.5655167096691915,45.911,SF-P3O-NoFisher,Walker2d-v4,2
42382,reward,1248,26.028639572917992,43.592,SF-P3O-NoFisher,Walker2d-v4,2
42590,reward,1249,308.68798933856596,72.439,SF-P3O-NoFisher,Walker2d-v4,2
42610,reward,1250,8.119682245940874,68.122,SF-P3O-NoFisher,Walker2d-v4,2
42664,reward,1251,32.24630521630603,68.63,SF-P3O-NoFisher,Walker2d-v4,2
42717,reward,1252,-1.3654734897184577,47.484,SF-P3O-NoFisher,Walker2d-v4,2
42767,reward,1253,7.07289988543986,46.778,SF-P3O-NoFisher,Walker2d-v4,2
42837,reward,1254,50.23692952156442,50.475,SF-P3O-NoFisher,Walker2d-v4,2
42915,reward,1255,53.74316677922171,52.958,SF-P3O-NoFisher,Walker2d-v4,2
43029,reward,1256,29.982571971793703,51.932,SF-P3O-NoFisher,Walker2d-v4,2
43116,reward,1257,3.5787933538467156,51.833,SF-P3O-NoFisher,Walker2d-v4,2
43157,reward,1258,13.763328448627465,50.607,SF-P3O-NoFisher,Walker2d-v4,2
43181,reward,1259,9.618324562440367,20.7,SF-P3O-NoFisher,Walker2d-v4,2
43258,reward,1260,15.97345701041617,21.485,SF-P3O-NoFisher,Walker2d-v4,2
43310,reward,1261,34.60568458250053,21.721,SF-P3O-NoFisher,Walker2d-v4,2
43386,reward,1262,-5.206321911334581,21.337,SF-P3O-NoFisher,Walker2d-v4,2
43425,reward,1263,16.743503893484792,22.304,SF-P3O-NoFisher,Walker2d-v4,2
43510,reward,1264,28.70177800128542,20.15,SF-P3O-NoFisher,Walker2d-v4,2
43565,reward,1265,33.526604885839646,18.129,SF-P3O-NoFisher,Walker2d-v4,2
43602,reward,1266,16.954650806484743,16.826,SF-P3O-NoFisher,Walker2d-v4,2
43631,reward,1267,16.898010789157517,18.158,SF-P3O-NoFisher,Walker2d-v4,2
43844,reward,1268,267.9870233218439,43.58,SF-P3O-NoFisher,Walker2d-v4,2
43936,reward,1269,-3.4047525536225383,42.278,SF-P3O-NoFisher,Walker2d-v4,2
43994,reward,1270,9.148652065691763,41.595,SF-P3O-NoFisher,Walker2d-v4,2
44040,reward,1271,3.8999031980986345,38.525,SF-P3O-NoFisher,Walker2d-v4,2
44074,reward,1272,12.346256122242233,40.28,SF-P3O-NoFisher,Walker2d-v4,2
44156,reward,1273,11.826889699214213,39.789,SF-P3O-NoFisher,Walker2d-v4,2
44217,reward,1274,39.06535843264101,40.825,SF-P3O-NoFisher,Walker2d-v4,2
44302,reward,1275,41.84543222949473,41.657,SF-P3O-NoFisher,Walker2d-v4,2
44346,reward,1276,10.421859564735236,41.003,SF-P3O-NoFisher,Walker2d-v4,2
44410,reward,1277,21.622536815004732,41.476,SF-P3O-NoFisher,Walker2d-v4,2
44635,reward,1278,317.72897749786284,46.45,SF-P3O-NoFisher,Walker2d-v4,2
44706,reward,1279,27.80770942851869,49.571,SF-P3O-NoFisher,Walker2d-v4,2
44770,reward,1280,21.09435833242301,50.766,SF-P3O-NoFisher,Walker2d-v4,2
44823,reward,1281,12.790189538666377,51.655,SF-P3O-NoFisher,Walker2d-v4,2
44982,reward,1282,98.85701511611765,60.306,SF-P3O-NoFisher,Walker2d-v4,2
45188,reward,1283,77.32450484890009,66.856,SF-P3O-NoFisher,Walker2d-v4,2
45277,reward,1284,16.69511943325967,64.619,SF-P3O-NoFisher,Walker2d-v4,2
45424,reward,1285,12.279758202816367,61.662,SF-P3O-NoFisher,Walker2d-v4,2
45491,reward,1286,-25.109837721648944,58.109,SF-P3O-NoFisher,Walker2d-v4,2
45540,reward,1287,24.546622183078526,58.401,SF-P3O-NoFisher,Walker2d-v4,2
45680,reward,1288,217.80143288897898,48.409,SF-P3O-NoFisher,Walker2d-v4,2
45736,reward,1289,36.70370264542423,49.298,SF-P3O-NoFisher,Walker2d-v4,2
45785,reward,1290,17.580711642251398,48.947,SF-P3O-NoFisher,Walker2d-v4,2
45840,reward,1291,20.720002884116955,49.74,SF-P3O-NoFisher,Walker2d-v4,2
45887,reward,1292,23.22420453876935,42.177,SF-P3O-NoFisher,Walker2d-v4,2
46044,reward,1293,105.14992850274805,44.959,SF-P3O-NoFisher,Walker2d-v4,2
46080,reward,1294,7.736939107604963,44.063,SF-P3O-NoFisher,Walker2d-v4,2
46097,reward,1295,5.100845822155959,43.345,SF-P3O-NoFisher,Walker2d-v4,2
46170,reward,1296,20.204978812881336,47.877,SF-P3O-NoFisher,Walker2d-v4,2
46242,reward,1297,-6.702122828219807,44.752,SF-P3O-NoFisher,Walker2d-v4,2
46331,reward,1298,-9.495300077525934,22.022,SF-P3O-NoFisher,Walker2d-v4,2
46481,reward,1299,13.192961736435453,19.671,SF-P3O-NoFisher,Walker2d-v4,2
46567,reward,1300,51.14836867662865,23.028,SF-P3O-NoFisher,Walker2d-v4,2
46596,reward,1301,13.730640400866342,22.329,SF-P3O-NoFisher,Walker2d-v4,2
46649,reward,1302,28.598732084246063,22.867,SF-P3O-NoFisher,Walker2d-v4,2
46694,reward,1303,26.67796706102314,15.019,SF-P3O-NoFisher,Walker2d-v4,2
46721,reward,1304,7.423557811770412,14.988,SF-P3O-NoFisher,Walker2d-v4,2
46823,reward,1305,-1.754712668653045,14.303,SF-P3O-NoFisher,Walker2d-v4,2
46921,reward,1306,16.8827733157303,13.97,SF-P3O-NoFisher,Walker2d-v4,2
46978,reward,1307,18.60108476043568,16.501,SF-P3O-NoFisher,Walker2d-v4,2
47104,reward,1308,82.33621778533569,25.684,SF-P3O-NoFisher,Walker2d-v4,2
47188,reward,1309,14.931859460247447,25.858,SF-P3O-NoFisher,Walker2d-v4,2
47243,reward,1310,25.85321482704915,23.328,SF-P3O-NoFisher,Walker2d-v4,2
47381,reward,1311,125.90278841824801,34.545,SF-P3O-NoFisher,Walker2d-v4,2
47509,reward,1312,66.96913597223418,38.382,SF-P3O-NoFisher,Walker2d-v4,2
47596,reward,1313,31.19842825281917,38.834,SF-P3O-NoFisher,Walker2d-v4,2
47610,reward,1314,1.8270904647169242,38.275,SF-P3O-NoFisher,Walker2d-v4,2
47665,reward,1315,47.137059823276296,43.164,SF-P3O-NoFisher,Walker2d-v4,2
47739,reward,1316,23.76961053741642,43.853,SF-P3O-NoFisher,Walker2d-v4,2
47800,reward,1317,26.184166354365377,44.611,SF-P3O-NoFisher,Walker2d-v4,2
47871,reward,1318,34.387407843840606,39.816,SF-P3O-NoFisher,Walker2d-v4,2
47945,reward,1319,24.083450363929867,40.731,SF-P3O-NoFisher,Walker2d-v4,2
48070,reward,1320,45.03226220649207,42.649,SF-P3O-NoFisher,Walker2d-v4,2
48145,reward,1321,1.867313104571543,30.246,SF-P3O-NoFisher,Walker2d-v4,2
48227,reward,1322,12.728475332318345,24.822,SF-P3O-NoFisher,Walker2d-v4,2
48335,reward,1323,17.472145831975745,23.449,SF-P3O-NoFisher,Walker2d-v4,2
48431,reward,1324,43.884288013728266,27.655,SF-P3O-NoFisher,Walker2d-v4,2
48457,reward,1325,14.748378446999594,24.416,SF-P3O-NoFisher,Walker2d-v4,2
48518,reward,1326,11.199269617827694,23.159,SF-P3O-NoFisher,Walker2d-v4,2
48622,reward,1327,-6.984318781631483,19.842,SF-P3O-NoFisher,Walker2d-v4,2
48760,reward,1328,33.28170958717443,19.731,SF-P3O-NoFisher,Walker2d-v4,2
48863,reward,1329,57.20149894772746,23.043,SF-P3O-NoFisher,Walker2d-v4,2
48918,reward,1330,37.61229332050665,22.301,SF-P3O-NoFisher,Walker2d-v4,2
48997,reward,1331,52.67985886992781,27.382,SF-P3O-NoFisher,Walker2d-v4,2
49020,reward,1332,4.113747021926699,26.521,SF-P3O-NoFisher,Walker2d-v4,2
49072,reward,1333,10.947684365363704,25.868,SF-P3O-NoFisher,Walker2d-v4,2
49125,reward,1334,27.917768333892152,24.272,SF-P3O-NoFisher,Walker2d-v4,2
49144,reward,1335,3.658118348683007,23.163,SF-P3O-NoFisher,Walker2d-v4,2
49152,loss,-0.01913798600435257,0.3897666335105896,SF-P3O-NoFisher,Walker2d-v4,2
49152,diagnostics,0.0,53.78,8.7033,0.015265,0.964807,0.1631,-1.0,SF-P3O-NoFisher,Walker2d-v4,2
49327,reward,1336,96.39472723153746,31.682,SF-P3O-NoFisher,Walker2d-v4,2
49426,reward,1337,67.00663396572729,39.081,SF-P3O-NoFisher,Walker2d-v4,2
49515,reward,1338,26.124585905741753,38.366,SF-P3O-NoFisher,Walker2d-v4,2
49587,reward,1339,73.74223189958758,40.02,SF-P3O-NoFisher,Walker2d-v4,2
49657,reward,1340,27.052239214644086,38.964,SF-P3O-NoFisher,Walker2d-v4,2
49710,reward,1341,23.652891707442038,36.061,SF-P3O-NoFisher,Walker2d-v4,2
49867,reward,1342,278.3666625960208,63.486,SF-P3O-NoFisher,Walker2d-v4,2
49933,reward,1343,15.43092627752823,63.935,SF-P3O-NoFisher,Walker2d-v4,2
50000,speed,376.09,1.71,SF-P3O-NoFisher,Walker2d-v4,2
50001,spectral,0.015265,0.964807,0.1631,SF-P3O-NoFisher,Walker2d-v4,2
50055,reward,1344,70.12593222516051,68.155,SF-P3O-NoFisher,Walker2d-v4,2
50271,reward,1345,304.6389425080022,98.254,SF-P3O-NoFisher,Walker2d-v4,2
50419,reward,1346,49.064505982943714,93.521,SF-P3O-NoFisher,Walker2d-v4,2
50544,reward,1347,71.59776966231252,93.98,SF-P3O-NoFisher,Walker2d-v4,2
50659,reward,1348,10.440450706151395,92.411,SF-P3O-NoFisher,Walker2d-v4,2
50683,reward,1349,10.337604987564829,86.071,SF-P3O-NoFisher,Walker2d-v4,2
50735,reward,1350,10.35890748026883,84.401,SF-P3O-NoFisher,Walker2d-v4,2
50839,reward,1351,-1.4691489279262346,81.889,SF-P3O-NoFisher,Walker2d-v4,2
50883,reward,1352,28.508001918723203,56.903,SF-P3O-NoFisher,Walker2d-v4,2
50922,reward,1353,2.360210399380004,55.596,SF-P3O-NoFisher,Walker2d-v4,2
51078,reward,1354,246.4227117514923,73.226,SF-P3O-NoFisher,Walker2d-v4,2
51194,reward,1355,179.17476249838782,60.68,SF-P3O-NoFisher,Walker2d-v4,2
51267,reward,1356,1.1524303967843967,55.888,SF-P3O-NoFisher,Walker2d-v4,2
51357,reward,1357,7.28352269933417,49.457,SF-P3O-NoFisher,Walker2d-v4,2
51491,reward,1358,198.37446361673796,68.25,SF-P3O-NoFisher,Walker2d-v4,2
51597,reward,1359,-9.05128996406165,66.311,SF-P3O-NoFisher,Walker2d-v4,2
51657,reward,1360,4.772680782303132,65.753,SF-P3O-NoFisher,Walker2d-v4,2
51706,reward,1361,3.071565229209079,66.207,SF-P3O-NoFisher,Walker2d-v4,2
51788,reward,1362,7.457541429865542,64.102,SF-P3O-NoFisher,Walker2d-v4,2
51948,reward,1363,227.42429669682508,86.608,SF-P3O-NoFisher,Walker2d-v4,2
52000,reward,1364,24.93363806310382,64.459,SF-P3O-NoFisher,Walker2d-v4,2
52107,reward,1365,6.283251587634229,47.17,SF-P3O-NoFisher,Walker2d-v4,2
52145,reward,1366,2.4688370204406302,47.302,SF-P3O-NoFisher,Walker2d-v4,2
52191,reward,1367,13.100378760282297,47.884,SF-P3O-NoFisher,Walker2d-v4,2
52294,reward,1368,22.40250702768988,30.286,SF-P3O-NoFisher,Walker2d-v4,2
52409,reward,1369,9.408501070552354,32.132,SF-P3O-NoFisher,Walker2d-v4,2
52467,reward,1370,12.331574624891493,32.888,SF-P3O-NoFisher,Walker2d-v4,2
52542,reward,1371,25.668518007212903,35.148,SF-P3O-NoFisher,Walker2d-v4,2
52598,reward,1372,9.089866601176844,35.311,SF-P3O-NoFisher,Walker2d-v4,2
52649,reward,1373,25.636006385972433,15.132,SF-P3O-NoFisher,Walker2d-v4,2
52713,reward,1374,10.28867940664566,13.668,SF-P3O-NoFisher,Walker2d-v4,2
52859,reward,1375,33.90238720526947,16.43,SF-P3O-NoFisher,Walker2d-v4,2
52932,reward,1376,2.7111052488152705,16.454,SF-P3O-NoFisher,Walker2d-v4,2
53021,reward,1377,-21.718710891926495,12.972,SF-P3O-NoFisher,Walker2d-v4,2
53126,reward,1378,6.621581176568876,11.394,SF-P3O-NoFisher,Walker2d-v4,2
53195,reward,1379,1.8755800650385754,10.641,SF-P3O-NoFisher,Walker2d-v4,2
53232,reward,1380,15.763817024210686,10.984,SF-P3O-NoFisher,Walker2d-v4,2
53257,reward,1381,10.368687427741744,9.454,SF-P3O-NoFisher,Walker2d-v4,2
53360,reward,1382,43.67424290193082,12.912,SF-P3O-NoFisher,Walker2d-v4,2
53437,reward,1383,55.27701921030295,15.876,SF-P3O-NoFisher,Walker2d-v4,2
53495,reward,1384,2.5567970478752935,15.103,SF-P3O-NoFisher,Walker2d-v4,2
53599,reward,1385,52.02212568567655,16.915,SF-P3O-NoFisher,Walker2d-v4,2
53628,reward,1386,9.60851817885671,17.605,SF-P3O-NoFisher,Walker2d-v4,2
53916,reward,1387,341.48472385726575,53.925,SF-P3O-NoFisher,Walker2d-v4,2
54002,reward,1388,38.29564994993383,57.093,SF-P3O-NoFisher,Walker2d-v4,2
54160,reward,1389,112.57252532559863,68.162,SF-P3O-NoFisher,Walker2d-v4,2
54215,reward,1390,40.18106820916084,70.604,SF-P3O-NoFisher,Walker2d-v4,2
54344,reward,1391,20.498400323651587,71.617,SF-P3O-NoFisher,Walker2d-v4,2
54426,reward,1392,7.515504470120236,68.001,SF-P3O-NoFisher,Walker2d-v4,2
54478,reward,1393,4.498184742844408,62.923,SF-P3O-NoFisher,Walker2d-v4,2
54665,reward,1394,259.4661240630407,88.614,SF-P3O-NoFisher,Walker2d-v4,2
54731,reward,1395,8.657954330312805,84.278,SF-P3O-NoFisher,Walker2d-v4,2
54782,reward,1396,51.11247370027773,88.428,SF-P3O-NoFisher,Walker2d-v4,2
54851,reward,1397,36.30910939715026,57.911,SF-P3O-NoFisher,Walker2d-v4,2
54981,reward,1398,14.46365876093887,55.528,SF-P3O-NoFisher,Walker2d-v4,2
55075,reward,1399,-4.918375206267349,43.778,SF-P3O-NoFisher,Walker2d-v4,2
55244,reward,1400,73.59129824696323,47.119,SF-P3O-NoFisher,Walker2d-v4,2
55282,reward,1401,9.621359312093897,46.032,SF-P3O-NoFisher,Walker2d-v4,2
55328,reward,1402,25.827645669744772,47.863,SF-P3O-NoFisher,Walker2d-v4,2
55421,reward,1403,62.62320890798485,53.675,SF-P3O-NoFisher,Walker2d-v4,2
55504,reward,1404,38.82354971450198,31.611,SF-P3O-NoFisher,Walker2d-v4,2
55575,reward,1405,3.838963085544897,31.129,SF-P3O-NoFisher,Walker2d-v4,2
55649,reward,1406,37.20344675658105,29.738,SF-P3O-NoFisher,Walker2d-v4,2
55719,reward,1407,23.49414013129282,28.457,SF-P3O-NoFisher,Walker2d-v4,2
55773,reward,1408,6.578047690057507,27.668,SF-P3O-NoFisher,Walker2d-v4,2
55813,reward,1409,13.31919584661509,29.492,SF-P3O-NoFisher,Walker2d-v4,2
55877,reward,1410,4.964077445117423,22.629,SF-P3O-NoFisher,Walker2d-v4,2
55961,reward,1411,-9.555808895678856,20.712,SF-P3O-NoFisher,Walker2d-v4,2
56060,reward,1412,19.920218388875067,20.121,SF-P3O-NoFisher,Walker2d-v4,2
56120,reward,1413,30.708055942324226,16.929,SF-P3O-NoFisher,Walker2d-v4,2
56305,reward,1414,160.15229726547065,29.062,SF-P3O-NoFisher,Walker2d-v4,2
56480,reward,1415,42.607806759115725,32.939,SF-P3O-NoFisher,Walker2d-v4,2
56541,reward,1416,12.41553356474852,30.46,SF-P3O-NoFisher,Walker2d-v4,2
56678,reward,1417,45.19995338777866,32.631,SF-P3O-NoFisher,Walker2d-v4,2
56769,reward,1418,55.88442107545734,37.562,SF-P3O-NoFisher,Walker2d-v4,2
56803,reward,1419,12.179823109820926,37.448,SF-P3O-NoFisher,Walker2d-v4,2
56906,reward,1420,14.805877057647258,38.432,SF-P3O-NoFisher,Walker2d-v4,2
57060,reward,1421,245.02821975237458,63.89,SF-P3O-NoFisher,Walker2d-v4,2
57233,reward,1422,285.70196030249855,90.468,SF-P3O-NoFisher,Walker2d-v4,2
57335,reward,1423,-22.597270565827962,85.138,SF-P3O-NoFisher,Walker2d-v4,2
57344,loss,-0.12540404498577118,0.3293200433254242,SF-P3O-NoFisher,Walker2d-v4,2
57431,reward,1424,4.116088903513516,69.534,SF-P3O-NoFisher,Walker2d-v4,2
57451,reward,1425,5.108150398633147,65.784,SF-P3O-NoFisher,Walker2d-v4,2
57517,reward,1426,43.807617578312396,68.923,SF-P3O-NoFisher,Walker2d-v4,2
57534,reward,1427,6.178268142454165,65.021,SF-P3O-NoFisher,Walker2d-v4,2
57615,reward,1428,-2.302232907157503,59.203,SF-P3O-NoFisher,Walker2d-v4,2
57743,reward,1429,105.67738772258589,68.552,SF-P3O-NoFisher,Walker2d-v4,2
57839,reward,1430,37.390375098324085,70.811,SF-P3O-NoFisher,Walker2d-v4,2
57904,reward,1431,28.59971873636444,49.168,SF-P3O-NoFisher,Walker2d-v4,2
57969,reward,1432,38.41582906459448,24.439,SF-P3O-NoFisher,Walker2d-v4,2
58040,reward,1433,27.056820301647427,29.405,SF-P3O-NoFisher,Walker2d-v4,2
58130,reward,1434,20.130154421405454,31.006,SF-P3O-NoFisher,Walker2d-v4,2
58180,reward,1435,35.42232892262135,34.038,SF-P3O-NoFisher,Walker2d-v4,2
58315,reward,1436,20.95505321088574,31.752,SF-P3O-NoFisher,Walker2d-v4,2
58420,reward,1437,41.354265858473944,35.27,SF-P3O-NoFisher,Walker2d-v4,2
58515,reward,1438,17.07028689706694,37.207,SF-P3O-NoFisher,Walker2d-v4,2
58580,reward,1439,-6.496097130744688,25.99,SF-P3O-NoFisher,Walker2d-v4,2
58645,reward,1440,35.75841296405528,25.827,SF-P3O-NoFisher,Walker2d-v4,2
58899,reward,1441,330.5108231243936,56.018,SF-P3O-NoFisher,Walker2d-v4,2
58952,reward,1442,15.787541821587265,53.755,SF-P3O-NoFisher,Walker2d-v4,2
59181,reward,1443,181.07731920992498,69.157,SF-P3O-NoFisher,Walker2d-v4,2
59218,reward,1444,21.710585168448645,69.315,SF-P3O-NoFisher,Walker2d-v4,2
59347,reward,1445,39.600369068411425,69.733,SF-P3O-NoFisher,Walker2d-v4,2
59516,reward,1446,53.47250177701161,72.985,SF-P3O-NoFisher,Walker2d-v4,2
59634,reward,1447,5.122452960808978,69.361,SF-P3O-NoFisher,Walker2d-v4,2
59779,reward,1448,283.0599808905306,95.96,SF-P3O-NoFisher,Walker2d-v4,2
59821,reward,1449,30.10235652942431,99.62,SF-P3O-NoFisher,Walker2d-v4,2
59876,reward,1450,10.845406884697596,97.129,SF-P3O-NoFisher,Walker2d-v4,2
60000,speed,563.98,2.0,SF-P3O-NoFisher,Walker2d-v4,2
60001,spectral,0.01679,0.965093,0.179,SF-P3O-NoFisher,Walker2d-v4,2
60029,reward,1451,238.57758682782708,87.936,SF-P3O-NoFisher,Walker2d-v4,2
60138,reward,1452,28.129022028032402,89.17,SF-P3O-NoFisher,Walker2d-v4,2
60281,reward,1453,40.00623846437207,75.063,SF-P3O-NoFisher,Walker2d-v4,2
60374,reward,1454,19.667862265841837,74.858,SF-P3O-NoFisher,Walker2d-v4,2
60436,reward,1455,35.47772101791953,74.446,SF-P3O-NoFisher,Walker2d-v4,2
60525,reward,1456,20.986893240169362,71.198,SF-P3O-NoFisher,Walker2d-v4,2
60707,reward,1457,338.16579346503335,104.502,SF-P3O-NoFisher,Walker2d-v4,2
60791,reward,1458,18.72268795034698,78.068,SF-P3O-NoFisher,Walker2d-v4,2
60864,reward,1459,29.5220141094594,78.01,SF-P3O-NoFisher,Walker2d-v4,2
60937,reward,1460,30.61306095237648,79.987,SF-P3O-NoFisher,Walker2d-v4,2
61012,reward,1461,62.06267247362821,62.335,SF-P3O-NoFisher,Walker2d-v4,2
61102,reward,1462,32.037334095738856,62.726,SF-P3O-NoFisher,Walker2d-v4,2
61142,reward,1463,19.412288365315003,60.667,SF-P3O-NoFisher,Walker2d-v4,2
61217,reward,1464,24.201153713926505,61.12,SF-P3O-NoFisher,Walker2d-v4,2
61246,reward,1465,5.270805083843637,58.099,SF-P3O-NoFisher,Walker2d-v4,2
61316,reward,1466,35.707817328124754,59.572,SF-P3O-NoFisher,Walker2d-v4,2
61394,reward,1467,12.978567156375815,27.053,SF-P3O-NoFisher,Walker2d-v4,2
61536,reward,1468,66.69902254185699,31.85,SF-P3O-NoFisher,Walker2d-v4,2
61702,reward,1469,89.71645174670354,37.87,SF-P3O-NoFisher,Walker2d-v4,2
61775,reward,1470,21.10312025851419,36.919,SF-P3O-NoFisher,Walker2d-v4,2
61801,reward,1471,9.456536374194307,31.658,SF-P3O-NoFisher,Walker2d-v4,2
61825,reward,1472,7.484188073553853,29.203,SF-P3O-NoFisher,Walker2d-v4,2
61893,reward,1473,6.913817623251975,27.953,SF-P3O-NoFisher,Walker2d-v4,2
62026,reward,1474,243.25121976616975,49.858,SF-P3O-NoFisher,Walker2d-v4,2
62035,reward,1475,-0.16633448275461926,49.314,SF-P3O-NoFisher,Walker2d-v4,2
62253,reward,1476,173.56375717442225,63.1,SF-P3O-NoFisher,Walker2d-v4,2
62306,reward,1477,27.654464411082646,64.568,SF-P3O-NoFisher,Walker2d-v4,2
62442,reward,1478,86.59686808219803,66.557,SF-P3O-NoFisher,Walker2d-v4,2
62555,reward,1479,40.33815472531439,61.62,SF-P3O-NoFisher,Walker2d-v4,2
62671,reward,1480,69.79744897516332,66.489,SF-P3O-NoFisher,Walker2d-v4,2
62755,reward,1481,49.81545195451741,70.525,SF-P3O-NoFisher,Walker2d-v4,2
62854,reward,1482,65.08573327439571,76.285,SF-P3O-NoFisher,Walker2d-v4,2
62916,reward,1483,15.525048802272561,77.146,SF-P3O-NoFisher,Walker2d-v4,2
63139,reward,1484,251.31005533973232,77.952,SF-P3O-NoFisher,Walker2d-v4,2
63242,reward,1485,81.96479271808997,86.165,SF-P3O-NoFisher,Walker2d-v4,2
63256,reward,1486,-0.09842398199912816,68.799,SF-P3O-NoFisher,Walker2d-v4,2
63306,reward,1487,16.18993537355091,67.653,SF-P3O-NoFisher,Walker2d-v4,2
63383,reward,1488,-8.614704118625644,58.131,SF-P3O-NoFisher,Walker2d-v4,2
63429,reward,1489,7.349465417560733,54.832,SF-P3O-NoFisher,Walker2d-v4,2
63495,reward,1490,37.94896693320765,51.648,SF-P3O-NoFisher,Walker2d-v4,2
63518,reward,1491,8.312495113061848,47.497,SF-P3O-NoFisher,Walker2d-v4,2
63635,reward,1492,14.380035066758115,42.427,SF-P3O-NoFisher,Walker2d-v4,2
63752,reward,1493,16.79211417058296,42.553,SF-P3O-NoFisher,Walker2d-v4,2
63874,reward,1494,32.08654401635273,20.631,SF-P3O-NoFisher,Walker2d-v4,2
63974,reward,1495,26.959684783694755,15.131,SF-P3O-NoFisher,Walker2d-v4,2
64098,reward,1496,20.839350157264157,17.224,SF-P3O-NoFisher,Walker2d-v4,2
64169,reward,1497,11.402812392506526,16.746,SF-P3O-NoFisher,Walker2d-v4,2
64208,reward,1498,23.95453250489041,20.003,SF-P3O-NoFisher,Walker2d-v4,2
64363,reward,1499,53.17932903642503,24.586,SF-P3O-NoFisher,Walker2d-v4,2
64563,reward,1500,52.83612389876997,26.074,SF-P3O-NoFisher,Walker2d-v4,2
64609,reward,1501,28.256741466247334,28.069,SF-P3O-NoFisher,Walker2d-v4,2
64704,reward,1502,10.203217939827104,27.651,SF-P3O-NoFisher,Walker2d-v4,2
64836,reward,1503,62.40107343223919,32.212,SF-P3O-NoFisher,Walker2d-v4,2
65028,reward,1504,53.70842658165172,34.374,SF-P3O-NoFisher,Walker2d-v4,2
65117,reward,1505,12.28609199614703,32.907,SF-P3O-NoFisher,Walker2d-v4,2
65318,reward,1506,47.7800851946684,35.601,SF-P3O-NoFisher,Walker2d-v4,2
65536,loss,0.04130864515900612,0.2905369699001312,SF-P3O-NoFisher,Walker2d-v4,2
65536,diagnostics,0.0,54.24,8.6464,0.017451,0.965158,0.1731,-1.0,SF-P3O-NoFisher,Walker2d-v4,2
65551,reward,1507,174.01478240245382,51.862,SF-P3O-NoFisher,Walker2d-v4,2
65602,reward,1508,29.43880319847427,52.41,SF-P3O-NoFisher,Walker2d-v4,2
65694,reward,1509,-4.3714678191993395,46.655,SF-P3O-NoFisher,Walker2d-v4,2
65793,reward,1510,-0.1277997061812015,41.359,SF-P3O-NoFisher,Walker2d-v4,2
65901,reward,1511,73.5494392406243,45.888,SF-P3O-NoFisher,Walker2d-v4,2
65987,reward,1512,69.65518375551063,51.833,SF-P3O-NoFisher,Walker2d-v4,2
66125,reward,1513,3.578474268436568,45.951,SF-P3O-NoFisher,Walker2d-v4,2
66194,reward,1514,55.04408727736223,46.085,SF-P3O-NoFisher,Walker2d-v4,2
66471,reward,1515,413.42613157235553,86.199,SF-P3O-NoFisher,Walker2d-v4,2
66527,reward,1516,29.934939161612824,84.414,SF-P3O-NoFisher,Walker2d-v4,2
66593,reward,1517,14.131805434106106,68.426,SF-P3O-NoFisher,Walker2d-v4,2
66771,reward,1518,268.9703025383381,92.379,SF-P3O-NoFisher,Walker2d-v4,2
66862,reward,1519,-10.140559968340808,91.802,SF-P3O-NoFisher,Walker2d-v4,2
66897,reward,1520,20.0241551657545,93.817,SF-P3O-NoFisher,Walker2d-v4,2
67079,reward,1521,66.62557476134161,93.125,SF-P3O-NoFisher,Walker2d-v4,2
67270,reward,1522,230.11801835066697,109.171,SF-P3O-NoFisher,Walker2d-v4,2
67288,reward,1523,2.4228707420075724,109.056,SF-P3O-NoFisher,Walker2d-v4,2
67366,reward,1524,34.24567600977493,106.976,SF-P3O-NoFisher,Walker2d-v4,2
67384,reward,1525,3.4318558388228952,65.976,SF-P3O-NoFisher,Walker2d-v4,2
67471,reward,1526,48.8343049707991,67.866,SF-P3O-NoFisher,Walker2d-v4,2
67531,reward,1527,20.38942207322238,68.492,SF-P3O-NoFisher,Walker2d-v4,2
67644,reward,1528,73.02449861536856,48.898,SF-P3O-NoFisher,Walker2d-v4,2
67773,reward,1529,75.8093454045335,57.493,SF-P3O-NoFisher,Walker2d-v4,2
67872,reward,1530,-15.011929833990871,53.989,SF-P3O-NoFisher,Walker2d-v4,2
68057,reward,1531,95.77087530848674,56.903,SF-P3O-NoFisher,Walker2d-v4,2
68173,reward,1532,73.65352605456454,41.257,SF-P3O-NoFisher,Walker2d-v4,2
68210,reward,1533,25.538241181598888,43.569,SF-P3O-NoFisher,Walker2d-v4,2
68345,reward,1534,28.031283861874815,42.947,SF-P3O-NoFisher,Walker2d-v4,2
68372,reward,1535,10.211195043281663,43.625,SF-P3O-NoFisher,Walker2d-v4,2
68545,reward,1536,128.36068973761377,51.578,SF-P3O-NoFisher,Walker2d-v4,2
68565,reward,1537,4.810053134610508,50.02,SF-P3O-NoFisher,Walker2d-v4,2
68809,reward,1538,303.03108172560576,73.02,SF-P3O-NoFisher,Walker2d-v4,2
69045,reward,1539,14.558640750367456,66.895,SF-P3O-NoFisher,Walker2d-v4,2
69203,reward,1540,253.45153538183027,93.742,SF-P3O-NoFisher,Walker2d-v4,2
69304,reward,1541,73.58504294330828,91.523,SF-P3O-NoFisher,Walker2d-v4,2
69494,reward,1542,68.94233279631352,91.052,SF-P3O-NoFisher,Walker2d-v4,2
69684,reward,1543,293.66638655786153,117.865,SF-P3O-NoFisher,Walker2d-v4,2
69718,reward,1544,19.398245737936506,117.002,SF-P3O-NoFisher,Walker2d-v4,2
69785,reward,1545,17.476961210208078,117.728,SF-P3O-NoFisher,Walker2d-v4,2
69859,reward,1546,53.23021894187102,110.215,SF-P3O-NoFisher,Walker2d-v4,2
69963,reward,1547,65.81381551971964,116.315,SF-P3O-NoFisher,Walker2d-v4,2
70000,speed,553.57,2.31,SF-P3O-NoFisher,Walker2d-v4,2
70001,spectral,0.017451,0.965158,0.1731,SF-P3O-NoFisher,Walker2d-v4,2
70024,reward,1548,1.6905318107857048,86.181,SF-P3O-NoFisher,Walker2d-v4,2
70058,reward,1549,20.632256509985087,86.789,SF-P3O-NoFisher,Walker2d-v4,2
70131,reward,1550,43.913659899386936,65.835,SF-P3O-NoFisher,Walker2d-v4,2
70166,reward,1551,10.066780733645468,59.483,SF-P3O-NoFisher,Walker2d-v4,2
70357,reward,1552,69.66146153622911,59.555,SF-P3O-NoFisher,Walker2d-v4,2
70427,reward,1553,31.309420186796007,33.319,SF-P3O-NoFisher,Walker2d-v4,2
70519,reward,1554,27.819842740716823,34.161,SF-P3O-NoFisher,Walker2d-v4,2
70622,reward,1555,85.14063856493868,40.928,SF-P3O-NoFisher,Walker2d-v4,2
70736,reward,1556,187.10205913536876,54.315,SF-P3O-NoFisher,Walker2d-v4,2
70846,reward,1557,38.84146238372524,51.618,SF-P3O-NoFisher,Walker2d-v4,2
71061,reward,1558,78.0952536823026,59.258,SF-P3O-NoFisher,Walker2d-v4,2
71111,reward,1559,34.826452510676454,60.678,SF-P3O-NoFisher,Walker2d-v4,2
71207,reward,1560,25.834137937049267,58.87,SF-P3O-NoFisher,Walker2d-v4,2
71233,reward,1561,9.223488987840927,58.785,SF-P3O-NoFisher,Walker2d-v4,2
71245,reward,1562,3.5039093678431312,52.17,SF-P3O-NoFisher,Walker2d-v4,2
71319,reward,1563,28.776241023465403,51.916,SF-P3O-NoFisher,Walker2d-v4,2
71414,reward,1564,37.99229255152577,52.934,SF-P3O-NoFisher,Walker2d-v4,2
71494,reward,1565,37.368720959292716,48.156,SF-P3O-NoFisher,Walker2d-v4,2
71634,reward,1566,68.38896104949737,36.285,SF-P3O-NoFisher,Walker2d-v4,2
71829,reward,1567,218.14194486951928,54.215,SF-P3O-NoFisher,Walker2d-v4,2
72011,reward,1568,123.72271705165794,58.778,SF-P3O-NoFisher,Walker2d-v4,2
72109,reward,1569,40.901574157154656,59.385,SF-P3O-NoFisher,Walker2d-v4,2
72197,reward,1570,30.441949025271747,59.846,SF-P3O-NoFisher,Walker2d-v4,2
72319,reward,1571,77.86837695498242,66.711,SF-P3O-NoFisher,Walker2d-v4,2
72599,reward,1572,100.91594495071685,76.452,SF-P3O-NoFisher,Walker2d-v4,2
72691,reward,1573,42.305165170796926,77.805,SF-P3O-NoFisher,Walker2d-v4,2
72747,reward,1574,34.78558641085182,77.484,SF-P3O-NoFisher,Walker2d-v4,2
72852,reward,1575,19.6138387254808,75.709,SF-P3O-NoFisher,Walker2d-v4,2
72945,reward,1576,101.14349660270692,78.984,SF-P3O-NoFisher,Walker2d-v4,2
72997,reward,1577,37.267932553764076,60.897,SF-P3O-NoFisher,Walker2d-v4,2
73105,reward,1578,23.693516199640918,50.894,SF-P3O-NoFisher,Walker2d-v4,2
73237,reward,1579,-3.902177129684716,46.413,SF-P3O-NoFisher,Walker2d-v4,2
73495,reward,1580,209.1505292670905,64.284,SF-P3O-NoFisher,Walker2d-v4,2
73605,reward,1581,36.29129495181493,60.127,SF-P3O-NoFisher,Walker2d-v4,2
73728,loss,-0.04084709286689758,0.46372348070144653,SF-P3O-NoFisher,Walker2d-v4,2
73844,reward,1582,397.99141077977123,89.834,SF-P3O-NoFisher,Walker2d-v4,2
73884,reward,1583,23.242626568935723,87.928,SF-P3O-NoFisher,Walker2d-v4,2
74136,reward,1584,187.52121274684157,103.201,SF-P3O-NoFisher,Walker2d-v4,2
74211,reward,1585,44.617704943019945,105.702,SF-P3O-NoFisher,Walker2d-v4,2
74352,reward,1586,65.12528651441181,102.1,SF-P3O-NoFisher,Walker2d-v4,2
74441,reward,1587,44.615463371049785,102.835,SF-P3O-NoFisher,Walker2d-v4,2
74539,reward,1588,56.17538099765485,106.083,SF-P3O-NoFisher,Walker2d-v4,2
74779,reward,1589,156.74106302349924,122.147,SF-P3O-NoFisher,Walker2d-v4,2
74854,reward,1590,14.97171469801368,102.729,SF-P3O-NoFisher,Walker2d-v4,2
74942,reward,1591,60.779126682109,105.178,SF-P3O-NoFisher,Walker2d-v4,2
75034,reward,1592,-2.8337002596095697,65.096,SF-P3O-NoFisher,Walker2d-v4,2
75103,reward,1593,15.96713674887729,64.368,SF-P3O-NoFisher,Walker2d-v4,2
75197,reward,1594,33.46796488731354,48.963,SF-P3O-NoFisher,Walker2d-v4,2
75442,reward,1595,120.8152255750365,56.582,SF-P3O-NoFisher,Walker2d-v4,2
75653,reward,1596,153.20534379637195,65.39,SF-P3O-NoFisher,Walker2d-v4,2
75770,reward,1597,60.64991157341071,66.994,SF-P3O-NoFisher,Walker2d-v4,2
75833,reward,1598,34.52098961639394,64.828,SF-P3O-NoFisher,Walker2d-v4,2
75942,reward,1599,65.44153094607644,55.699,SF-P3O-NoFisher,Walker2d-v4,2
76085,reward,1600,96.16357097560295,63.818,SF-P3O-NoFisher,Walker2d-v4,2
76445,reward,1601,431.4323388181524,100.883,SF-P3O-NoFisher,Walker2d-v4,2
76528,reward,1602,32.376955659635634,104.404,SF-P3O-NoFisher,Walker2d-v4,2
76640,reward,1603,68.03312163026656,109.611,SF-P3O-NoFisher,Walker2d-v4,2
76917,reward,1604,348.63414922407196,141.127,SF-P3O-NoFisher,Walker2d-v4,2
77009,reward,1605,27.792710825112284,131.825,SF-P3O-NoFisher,Walker2d-v4,2
77138,reward,1606,90.53352722833712,125.558,SF-P3O-NoFisher,Walker2d-v4,2
77274,reward,1607,60.60650029557075,125.554,SF-P3O-NoFisher,Walker2d-v4,2
77386,reward,1608,54.2358086034612,127.525,SF-P3O-NoFisher,Walker2d-v4,2
77457,reward,1609,30.11885104786174,123.993,SF-P3O-NoFisher,Walker2d-v4,2
77596,reward,1610,47.772093499784255,119.154,SF-P3O-NoFisher,Walker2d-v4,2
77710,reward,1611,53.28976459502016,81.339,SF-P3O-NoFisher,Walker2d-v4,2
77792,reward,1612,36.482510672728466,81.75,SF-P3O-NoFisher,Walker2d-v4,2
77907,reward,1613,40.03861570907657,78.95,SF-P3O-NoFisher,Walker2d-v4,2
78004,reward,1614,22.623943809892808,46.349,SF-P3O-NoFisher,Walker2d-v4,2
78192,reward,1615,355.42197854527177,79.112,SF-P3O-NoFisher,Walker2d-v4,2
78282,reward,1616,20.479242993130846,72.107,SF-P3O-NoFisher,Walker2d-v4,2
78366,reward,1617,31.18476211390831,69.165,SF-P3O-NoFisher,Walker2d-v4,2
78544,reward,1618,123.90419480871269,76.132,SF-P3O-NoFisher,Walker2d-v4,2
78728,reward,1619,92.3950700214238,82.359,SF-P3O-NoFisher,Walker2d-v4,2
78813,reward,1620,1.2240047682098463,77.704,SF-P3O-NoFisher,Walker2d-v4,2
78887,reward,1621,35.37670543766097,75.913,SF-P3O-NoFisher,Walker2d-v4,2
78970,reward,1622,34.068604496730025,75.672,SF-P3O-NoFisher,Walker2d-v4,2
79116,reward,1623,249.49721358828594,96.618,SF-P3O-NoFisher,Walker2d-v4,2
79276,reward,1624,103.71134225802857,104.726,SF-P3O-NoFisher,Walker2d-v4,2
79357,reward,1625,44.720611521047815,73.656,SF-P3O-NoFisher,Walker2d-v4,2
79482,reward,1626,29.50704811491625,74.559,SF-P3O-NoFisher,Walker2d-v4,2
79602,reward,1627,71.62479561055346,78.603,SF-P3O-NoFisher,Walker2d-v4,2
79678,reward,1628,53.798334017143986,71.592,SF-P3O-NoFisher,Walker2d-v4,2
79759,reward,1629,25.910021261116412,64.944,SF-P3O-NoFisher,Walker2d-v4,2
79824,reward,1630,30.903343526406307,67.912,SF-P3O-NoFisher,Walker2d-v4,2
79966,reward,1631,79.4698325598148,72.321,SF-P3O-NoFisher,Walker2d-v4,2
80000,speed,561.67,2.6,SF-P3O-NoFisher,Walker2d-v4,2
80001,spectral,0.018648,0.964515,0.1754,SF-P3O-NoFisher,Walker2d-v4,2
80061,reward,1632,161.4671021124188,85.061,SF-P3O-NoFisher,Walker2d-v4,2
80161,reward,1633,176.00931580777774,77.712,SF-P3O-NoFisher,Walker2d-v4,2
80304,reward,1634,58.916527651704634,73.233,SF-P3O-NoFisher,Walker2d-v4,2
80618,reward,1635,418.2448853209246,110.585,SF-P3O-NoFisher,Walker2d-v4,2
80686,reward,1636,36.384861253025804,111.273,SF-P3O-NoFisher,Walker2d-v4,2
80810,reward,1637,58.48554806158561,109.959,SF-P3O-NoFisher,Walker2d-v4,2
80833,reward,1638,9.645049675367801,105.544,SF-P3O-NoFisher,Walker2d-v4,2
80929,reward,1639,21.436988654771664,105.096,SF-P3O-NoFisher,Walker2d-v4,2
81103,reward,1640,70.32644696599465,109.039,SF-P3O-NoFisher,Walker2d-v4,2
81201,reward,1641,22.892092094054398,103.381,SF-P3O-NoFisher,Walker2d-v4,2
81442,reward,1642,156.5358997373604,102.888,SF-P3O-NoFisher,Walker2d-v4,2
81599,reward,1643,271.4062422894222,112.427,SF-P3O-NoFisher,Walker2d-v4,2
81768,reward,1644,77.78025446542615,114.314,SF-P3O-NoFisher,Walker2d-v4,2
81854,reward,1645,28.35088246609618,75.324,SF-P3O-NoFisher,Walker2d-v4,2
81920,loss,-0.04249061644077301,0.407927542924881,SF-P3O-NoFisher,Walker2d-v4,2
81920,diagnostics,0.0,54.65,19.2777,0.020148,0.963667,0.1829,-1.0,SF-P3O-NoFisher,Walker2d-v4,2
82061,reward,1646,287.51089728778794,100.437,SF-P3O-NoFisher,Walker2d-v4,2
82209,reward,1647,79.63844046606309,102.552,SF-P3O-NoFisher,Walker2d-v4,2
82304,reward,1648,18.68997478126957,103.457,SF-P3O-NoFisher,Walker2d-v4,2
82376,reward,1649,29.777255466382304,104.291,SF-P3O-NoFisher,Walker2d-v4,2
82564,reward,1650,143.52063875547125,111.61,SF-P3O-NoFisher,Walker2d-v4,2
82628,reward,1651,33.01558306751169,112.623,SF-P3O-NoFisher,Walker2d-v4,2
82916,reward,1652,63.39758217408958,103.309,SF-P3O-NoFisher,Walker2d-v4,2
83026,reward,1653,67.83546987173442,82.952,SF-P3O-NoFisher,Walker2d-v4,2
83132,reward,1654,35.3565471178894,78.709,SF-P3O-NoFisher,Walker2d-v4,2
83199,reward,1655,23.065459098100618,78.181,SF-P3O-NoFisher,Walker2d-v4,2
83426,reward,1656,336.0057006455344,83.03,SF-P3O-NoFisher,Walker2d-v4,2
83543,reward,1657,24.600547582935377,77.526,SF-P3O-NoFisher,Walker2d-v4,2
83574,reward,1658,18.03717119409385,77.461,SF-P3O-NoFisher,Walker2d-v4,2
83731,reward,1659,252.22064726804433,99.706,SF-P3O-NoFisher,Walker2d-v4,2
83832,reward,1660,42.91905253142803,89.645,SF-P3O-NoFisher,Walker2d-v4,2
83861,reward,1661,17.47759074868667,88.092,SF-P3O-NoFisher,Walker2d-v4,2
84028,reward,1662,8.81432955110885,82.633,SF-P3O-NoFisher,Walker2d-v4,2
84133,reward,1663,17.20923956635029,77.571,SF-P3O-NoFisher,Walker2d-v4,2
84224,reward,1664,43.735483040040016,78.409,SF-P3O-NoFisher,Walker2d-v4,2
84392,reward,1665,68.73071667990348,82.975,SF-P3O-NoFisher,Walker2d-v4,2
84530,reward,1666,64.1914012896419,55.794,SF-P3O-NoFisher,Walker2d-v4,2
84588,reward,1667,42.375781658950366,57.571,SF-P3O-NoFisher,Walker2d-v4,2
84743,reward,1668,86.10277043266584,64.378,SF-P3O-NoFisher,Walker2d-v4,2
84835,reward,1669,29.136068869229582,42.069,SF-P3O-NoFisher,Walker2d-v4,2
84906,reward,1670,50.44874306639846,42.822,SF-P3O-NoFisher,Walker2d-v4,2
85004,reward,1671,39.76166531928052,45.051,SF-P3O-NoFisher,Walker2d-v4,2
85108,reward,1672,-10.130991969531305,43.156,SF-P3O-NoFisher,Walker2d-v4,2
85199,reward,1673,62.7213924307907,47.707,SF-P3O-NoFisher,Walker2d-v4,2
85231,reward,1674,20.550583380063323,45.389,SF-P3O-NoFisher,Walker2d-v4,2
85357,reward,1675,62.49302215820354,44.765,SF-P3O-NoFisher,Walker2d-v4,2
85506,reward,1676,29.67740482447379,41.314,SF-P3O-NoFisher,Walker2d-v4,2
85560,reward,1677,28.023411495141442,39.878,SF-P3O-NoFisher,Walker2d-v4,2
85626,reward,1678,36.01184094909334,34.869,SF-P3O-NoFisher,Walker2d-v4,2
85863,reward,1679,328.9147301215674,64.847,SF-P3O-NoFisher,Walker2d-v4,2
85953,reward,1680,41.17225644830014,63.92,SF-P3O-NoFisher,Walker2d-v4,2
86019,reward,1681,23.38918018630306,62.282,SF-P3O-NoFisher,Walker2d-v4,2
86114,reward,1682,-4.725604643377187,62.823,SF-P3O-NoFisher,Walker2d-v4,2
86222,reward,1683,50.92885201631699,61.644,SF-P3O-NoFisher,Walker2d-v4,2
86287,reward,1684,57.071427227428174,65.296,SF-P3O-NoFisher,Walker2d-v4,2
86385,reward,1685,24.004944882884434,61.447,SF-P3O-NoFisher,Walker2d-v4,2
86687,reward,1686,198.75490318821636,78.355,SF-P3O-NoFisher,Walker2d-v4,2
86749,reward,1687,23.70712152181167,77.923,SF-P3O-NoFisher,Walker2d-v4,2
86854,reward,1688,8.728207077269818,75.195,SF-P3O-NoFisher,Walker2d-v4,2
86952,reward,1689,30.484290430877422,45.352,SF-P3O-NoFisher,Walker2d-v4,2
87063,reward,1690,64.99853896867285,47.734,SF-P3O-NoFisher,Walker2d-v4,2
87228,reward,1691,32.426699530527614,48.638,SF-P3O-NoFisher,Walker2d-v4,2
87357,reward,1692,217.06393103978715,70.817,SF-P3O-NoFisher,Walker2d-v4,2
87480,reward,1693,9.332558637855968,66.657,SF-P3O-NoFisher,Walker2d-v4,2
87576,reward,1694,97.8345699858138,70.734,SF-P3O-NoFisher,Walker2d-v4,2
87699,reward,1695,53.69906921462071,73.703,SF-P3O-NoFisher,Walker2d-v4,2
87913,reward,1696,137.85217363907,67.613,SF-P3O-NoFisher,Walker2d-v4,2
88068,reward,1697,238.14396006577923,89.056,SF-P3O-NoFisher,Walker2d-v4,2
88149,reward,1698,5.9357458063612185,88.777,SF-P3O-NoFisher,Walker2d-v4,2
88241,reward,1699,49.014069081615226,90.63,SF-P3O-NoFisher,Walker2d-v4,2
88419,reward,1700,58.42217257853565,89.972,SF-P3O-NoFisher,Walker2d-v4,2
88539,reward,1701,80.9152108662858,94.821,SF-P3O-NoFisher,Walker2d-v4,2
88755,reward,1702,150.73377032482097,88.188,SF-P3O-NoFisher,Walker2d-v4,2
88886,reward,1703,44.51229602896446,91.706,SF-P3O-NoFisher,Walker2d-v4,2
89025,reward,1704,88.87334189041401,90.81,SF-P3O-NoFisher,Walker2d-v4,2
89102,reward,1705,16.726539316798373,87.113,SF-P3O-NoFisher,Walker2d-v4,2
89189,reward,1706,45.3580813676123,77.864,SF-P3O-NoFisher,Walker2d-v4,2
89388,reward,1707,40.159410794566945,58.065,SF-P3O-NoFisher,Walker2d-v4,2
89584,reward,1708,362.0886533981583,93.68,SF-P3O-NoFisher,Walker2d-v4,2
89815,reward,1709,67.99639939025477,95.579,SF-P3O-NoFisher,Walker2d-v4,2
89945,reward,1710,68.63856968357933,96.6,SF-P3O-NoFisher,Walker2d-v4,2
89985,reward,1711,13.982662698652378,89.907,SF-P3O-NoFisher,Walker2d-v4,2
90000,speed,562.98,2.9,SF-P3O-NoFisher,Walker2d-v4,2
90001,spectral,0.020148,0.963667,0.1829,SF-P3O-NoFisher,Walker2d-v4,2
90112,loss,0.01619415357708931,0.3651159405708313,SF-P3O-NoFisher,Walker2d-v4,2
90228,reward,1712,99.85667248548145,84.819,SF-P3O-NoFisher,Walker2d-v4,2
90365,reward,1713,100.63260562377098,90.431,SF-P3O-NoFisher,Walker2d-v4,2
90539,reward,1714,99.54970728236536,91.499,SF-P3O-NoFisher,Walker2d-v4,2
90585,reward,1715,20.935784461262493,91.92,SF-P3O-NoFisher,Walker2d-v4,2
90676,reward,1716,44.556697268140454,91.84,SF-P3O-NoFisher,Walker2d-v4,2
90744,reward,1717,64.6042846930662,94.284,SF-P3O-NoFisher,Walker2d-v4,2
90850,reward,1718,30.773196044143262,61.153,SF-P3O-NoFisher,Walker2d-v4,2
91025,reward,1719,84.20096525067247,62.773,SF-P3O-NoFisher,Walker2d-v4,2
91090,reward,1720,42.090947908196384,60.118,SF-P3O-NoFisher,Walker2d-v4,2
91217,reward,1721,50.460122378127544,63.766,SF-P3O-NoFisher,Walker2d-v4,2
91351,reward,1722,16.743660484126274,55.455,SF-P3O-NoFisher,Walker2d-v4,2
91470,reward,1723,81.7127406165246,53.563,SF-P3O-NoFisher,Walker2d-v4,2
91676,reward,1724,305.1441913672716,74.122,SF-P3O-NoFisher,Walker2d-v4,2
91778,reward,1725,27.388677961725286,74.768,SF-P3O-NoFisher,Walker2d-v4,2
91906,reward,1726,218.1567302717472,92.128,SF-P3O-NoFisher,Walker2d-v4,2
92019,reward,1727,73.02069516496486,92.969,SF-P3O-NoFisher,Walker2d-v4,2
92103,reward,1728,71.35528281170403,97.027,SF-P3O-NoFisher,Walker2d-v4,2
92406,reward,1729,402.93998866788553,128.901,SF-P3O-NoFisher,Walker2d-v4,2
92552,reward,1730,28.07219749452276,127.499,SF-P3O-NoFisher,Walker2d-v4,2
92614,reward,1731,1.5467726510872088,122.608,SF-P3O-NoFisher,Walker2d-v4,2
92740,reward,1732,71.68783919033606,128.103,SF-P3O-NoFisher,Walker2d-v4,2
92801,reward,1733,13.03683865583631,121.235,SF-P3O-NoFisher,Walker2d-v4,2
93059,reward,1734,147.02108912827134,105.423,SF-P3O-NoFisher,Walker2d-v4,2
93217,reward,1735,75.89339484957257,110.273,SF-P3O-NoFisher,Walker2d-v4,2
93432,reward,1736,129.83218033636257,101.441,SF-P3O-NoFisher,Walker2d-v4,2
93535,reward,1737,38.72532998576413,98.011,SF-P3O-NoFisher,Walker2d-v4,2
93607,reward,1738,61.3058366260951,97.006,SF-P3O-NoFisher,Walker2d-v4,2
93873,reward,1739,130.09684322174755,69.722,SF-P3O-NoFisher,Walker2d-v4,2
93981,reward,1740,32.304297634140426,70.145,SF-P3O-NoFisher,Walker2d-v4,2
94237,reward,1741,191.6219144102859,89.153,SF-P3O-NoFisher,Walker2d-v4,2
94379,reward,1742,62.77056292060767,88.261,SF-P3O-NoFisher,Walker2d-v4,2
94611,reward,1743,296.8971101129844,116.647,SF-P3O-NoFisher,Walker2d-v4,2
94741,reward,1744,28.18427290905849,104.763,SF-P3O-NoFisher,Walker2d-v4,2
94854,reward,1745,71.57933713575748,104.332,SF-P3O-NoFisher,Walker2d-v4,2
95053,reward,1746,113.27595284314167,102.676,SF-P3O-NoFisher,Walker2d-v4,2
95173,reward,1747,46.55686767712905,103.459,SF-P3O-NoFisher,Walker2d-v4,2
95280,reward,1748,169.472031016373,114.276,SF-P3O-NoFisher,Walker2d-v4,2
95341,reward,1749,22.386702787192185,103.505,SF-P3O-NoFisher,Walker2d-v4,2
95448,reward,1750,66.52760613566133,106.927,SF-P3O-NoFisher,Walker2d-v4,2
95556,reward,1751,41.73517610572326,91.939,SF-P3O-NoFisher,Walker2d-v4,2
95679,reward,1752,44.43817101100139,90.105,SF-P3O-NoFisher,Walker2d-v4,2
95950,reward,1753,169.1697739886465,77.333,SF-P3O-NoFisher,Walker2d-v4,2
96240,reward,1754,174.58165355435784,91.972,SF-P3O-NoFisher,Walker2d-v4,2
96346,reward,1755,66.87163746390219,91.502,SF-P3O-NoFisher,Walker2d-v4,2
96531,reward,1756,126.53605673586023,92.828,SF-P3O-NoFisher,Walker2d-v4,2
96678,reward,1757,202.2269688855058,108.395,SF-P3O-NoFisher,Walker2d-v4,2
96803,reward,1758,91.7956958781344,100.627,SF-P3O-NoFisher,Walker2d-v4,2
96912,reward,1759,47.95513787043032,103.184,SF-P3O-NoFisher,Walker2d-v4,2
97038,reward,1760,49.56341907285782,101.487,SF-P3O-NoFisher,Walker2d-v4,2
97113,reward,1761,24.218881667974102,99.736,SF-P3O-NoFisher,Walker2d-v4,2
97273,reward,1762,54.49653212257115,100.742,SF-P3O-NoFisher,Walker2d-v4,2
97477,reward,1763,96.99566654786106,93.524,SF-P3O-NoFisher,Walker2d-v4,2
97684,reward,1764,123.59852934409597,88.426,SF-P3O-NoFisher,Walker2d-v4,2
97856,reward,1765,91.01494329062379,90.84,SF-P3O-NoFisher,Walker2d-v4,2
98044,reward,1766,273.99828668210813,105.586,SF-P3O-NoFisher,Walker2d-v4,2
98145,reward,1767,75.11156138051024,92.875,SF-P3O-NoFisher,Walker2d-v4,2
98210,reward,1768,45.23320341664774,88.219,SF-P3O-NoFisher,Walker2d-v4,2
98297,reward,1769,48.3221443389601,88.255,SF-P3O-NoFisher,Walker2d-v4,2
98304,loss,-0.021814536303281784,0.594532310962677,SF-P3O-NoFisher,Walker2d-v4,2
98304,diagnostics,0.0,55.08,15.1064,0.022226,0.963906,0.2124,-1.0,SF-P3O-NoFisher,Walker2d-v4,2
98450,reward,1770,257.1190294206991,109.011,SF-P3O-NoFisher,Walker2d-v4,2
98603,reward,1771,225.86206919029132,129.175,SF-P3O-NoFisher,Walker2d-v4,2
98792,reward,1772,166.7950389240121,140.405,SF-P3O-NoFisher,Walker2d-v4,2
99044,reward,1773,78.19387094839875,138.525,SF-P3O-NoFisher,Walker2d-v4,2
99262,reward,1774,318.9990717465585,158.065,SF-P3O-NoFisher,Walker2d-v4,2
99440,reward,1775,128.43366636185775,161.807,SF-P3O-NoFisher,Walker2d-v4,2
99626,reward,1776,271.6464682897515,161.572,SF-P3O-NoFisher,Walker2d-v4,2
99704,reward,1777,46.18393844331303,158.679,SF-P3O-NoFisher,Walker2d-v4,2
99845,reward,1778,78.39503183584918,161.995,SF-P3O-NoFisher,Walker2d-v4,2
100000,speed,378.54,3.34,SF-P3O-NoFisher,Walker2d-v4,2
100001,spectral,0.022226,0.963906,0.2124,SF-P3O-NoFisher,Walker2d-v4,2
100118,reward,1779,205.26921216759666,177.69,SF-P3O-NoFisher,Walker2d-v4,2
100469,reward,1780,290.02791387350965,180.981,SF-P3O-NoFisher,Walker2d-v4,2
100522,reward,1781,29.21754273364111,161.316,SF-P3O-NoFisher,Walker2d-v4,2
100802,reward,1782,150.8584015801279,159.723,SF-P3O-NoFisher,Walker2d-v4,2
100923,reward,1783,61.21134121493767,158.024,SF-P3O-NoFisher,Walker2d-v4,2
100965,reward,1784,27.199059780609677,128.844,SF-P3O-NoFisher,Walker2d-v4,2
101078,reward,1785,82.81985855302545,124.283,SF-P3O-NoFisher,Walker2d-v4,2
101347,reward,1786,167.082781062722,113.827,SF-P3O-NoFisher,Walker2d-v4,2
101492,reward,1787,83.78154035471364,117.586,SF-P3O-NoFisher,Walker2d-v4,2
101736,reward,1788,353.20084187958105,145.067,SF-P3O-NoFisher,Walker2d-v4,2
101940,reward,1789,106.19964735754697,135.16,SF-P3O-NoFisher,Walker2d-v4,2
102049,reward,1790,196.10651143347923,125.768,SF-P3O-NoFisher,Walker2d-v4,2
102300,reward,1791,99.26662965413874,132.773,SF-P3O-NoFisher,Walker2d-v4,2
102470,reward,1792,80.90121714230126,125.777,SF-P3O-NoFisher,Walker2d-v4,2
102858,reward,1793,391.66486957585533,158.822,SF-P3O-NoFisher,Walker2d-v4,2
103024,reward,1794,299.2258723843312,186.025,SF-P3O-NoFisher,Walker2d-v4,2
103238,reward,1795,73.70776453161535,185.114,SF-P3O-NoFisher,Walker2d-v4,2
103386,reward,1796,210.13469237615868,189.419,SF-P3O-NoFisher,Walker2d-v4,2
103514,reward,1797,193.6988951826961,200.411,SF-P3O-NoFisher,Walker2d-v4,2
103621,reward,1798,195.3233834925238,184.623,SF-P3O-NoFisher,Walker2d-v4,2
103834,reward,1799,78.96983549649276,181.9,SF-P3O-NoFisher,Walker2d-v4,2
103967,reward,1800,66.54067451204217,168.943,SF-P3O-NoFisher,Walker2d-v4,2
104153,reward,1801,323.93526901444227,191.41,SF-P3O-NoFisher,Walker2d-v4,2
104226,reward,1802,44.24764926879715,187.745,SF-P3O-NoFisher,Walker2d-v4,2
104335,reward,1803,43.3717781313001,152.916,SF-P3O-NoFisher,Walker2d-v4,2
104599,reward,1804,389.1530438400341,161.908,SF-P3O-NoFisher,Walker2d-v4,2
104636,reward,1805,17.974090312985744,156.335,SF-P3O-NoFisher,Walker2d-v4,2
104812,reward,1806,279.68710136490466,163.29,SF-P3O-NoFisher,Walker2d-v4,2
104919,reward,1807,64.71508871376665,150.392,SF-P3O-NoFisher,Walker2d-v4,2
105082,reward,1808,76.74965244972077,138.534,SF-P3O-NoFisher,Walker2d-v4,2
105229,reward,1809,276.56996566251416,158.294,SF-P3O-NoFisher,Walker2d-v4,2
105458,reward,1810,384.77092292326853,190.117,SF-P3O-NoFisher,Walker2d-v4,2
105581,reward,1811,104.90681206814982,168.215,SF-P3O-NoFisher,Walker2d-v4,2
105690,reward,1812,15.046890808590783,165.295,SF-P3O-NoFisher,Walker2d-v4,2
105866,reward,1813,250.58713969330532,186.016,SF-P3O-NoFisher,Walker2d-v4,2
106060,reward,1814,317.95067869427726,178.896,SF-P3O-NoFisher,Walker2d-v4,2
106230,reward,1815,141.50158660980728,191.249,SF-P3O-NoFisher,Walker2d-v4,2
106458,reward,1816,160.64306592505704,179.344,SF-P3O-NoFisher,Walker2d-v4,2
106496,loss,-0.026502931490540504,0.46731704473495483,SF-P3O-NoFisher,Walker2d-v4,2
106653,reward,1817,92.07198051329982,182.08,SF-P3O-NoFisher,Walker2d-v4,2
106826,reward,1818,252.2481207412289,199.63,SF-P3O-NoFisher,Walker2d-v4,2
107121,reward,1819,264.02603745902064,198.375,SF-P3O-NoFisher,Walker2d-v4,2
107332,reward,1820,173.65283289562083,177.264,SF-P3O-NoFisher,Walker2d-v4,2
107588,reward,1821,60.552737808420794,172.828,SF-P3O-NoFisher,Walker2d-v4,2
107750,reward,1822,133.62206563958182,184.686,SF-P3O-NoFisher,Walker2d-v4,2
107982,reward,1823,120.21301010326854,171.648,SF-P3O-NoFisher,Walker2d-v4,2
108157,reward,1824,245.6097203021353,164.414,SF-P3O-NoFisher,Walker2d-v4,2
108297,reward,1825,69.59346821162329,157.223,SF-P3O-NoFisher,Walker2d-v4,2
108495,reward,1826,317.393712873131,172.898,SF-P3O-NoFisher,Walker2d-v4,2
108652,reward,1827,285.3849033973037,192.23,SF-P3O-NoFisher,Walker2d-v4,2
108712,reward,1828,44.99048305801294,171.504,SF-P3O-NoFisher,Walker2d-v4,2
108806,reward,1829,56.56703857828776,150.758,SF-P3O-NoFisher,Walker2d-v4,2
108921,reward,1830,24.09744289143557,135.802,SF-P3O-NoFisher,Walker2d-v4,2
109010,reward,1831,45.954260822928546,134.343,SF-P3O-NoFisher,Walker2d-v4,2
109146,reward,1832,199.3741751730184,140.918,SF-P3O-NoFisher,Walker2d-v4,2
109286,reward,1833,198.2186514878906,148.718,SF-P3O-NoFisher,Walker2d-v4,2
109532,reward,1834,146.43267821517554,138.801,SF-P3O-NoFisher,Walker2d-v4,2
109688,reward,1835,286.90896428940863,160.532,SF-P3O-NoFisher,Walker2d-v4,2
109794,reward,1836,24.010703629312196,131.194,SF-P3O-NoFisher,Walker2d-v4,2
109923,reward,1837,207.94478865018397,123.45,SF-P3O-NoFisher,Walker2d-v4,2
110000,speed,560.13,3.64,SF-P3O-NoFisher,Walker2d-v4,2
110001,spectral,0.023078,0.963226,0.2157,SF-P3O-NoFisher,Walker2d-v4,2
110205,reward,1838,373.32395371043407,156.283,SF-P3O-NoFisher,Walker2d-v4,2
110446,reward,1839,148.4166245012502,165.468,SF-P3O-NoFisher,Walker2d-v4,2
110583,reward,1840,197.96169569861428,182.855,SF-P3O-NoFisher,Walker2d-v4,2
110614,reward,1841,13.352021089333867,179.594,SF-P3O-NoFisher,Walker2d-v4,2
110747,reward,1842,220.77921267618885,181.735,SF-P3O-NoFisher,Walker2d-v4,2
111030,reward,1843,390.5319797028183,200.966,SF-P3O-NoFisher,Walker2d-v4,2
111149,reward,1844,51.674783009274826,191.49,SF-P3O-NoFisher,Walker2d-v4,2
111282,reward,1845,94.70342868191233,172.27,SF-P3O-NoFisher,Walker2d-v4,2
111431,reward,1846,109.24947491162277,180.794,SF-P3O-NoFisher,Walker2d-v4,2
111623,reward,1847,135.41765190920643,173.541,SF-P3O-NoFisher,Walker2d-v4,2
111808,reward,1848,89.04641547603332,145.113,SF-P3O-NoFisher,Walker2d-v4,2
112019,reward,1849,124.01343572056025,142.673,SF-P3O-NoFisher,Walker2d-v4,2
112285,reward,1850,344.90906594935916,157.368,SF-P3O-NoFisher,Walker2d-v4,2
112461,reward,1851,267.83259738644546,182.816,SF-P3O-NoFisher,Walker2d-v4,2
112566,reward,1852,82.63127209534744,169.001,SF-P3O-NoFisher,Walker2d-v4,2
112743,reward,1853,114.56815403389857,141.405,SF-P3O-NoFisher,Walker2d-v4,2
112839,reward,1854,42.27271241237556,140.464,SF-P3O-NoFisher,Walker2d-v4,2
112997,reward,1855,43.28971703683468,135.323,SF-P3O-NoFisher,Walker2d-v4,2
113383,reward,1856,440.8845750676915,168.487,SF-P3O-NoFisher,Walker2d-v4,2
113571,reward,1857,307.15149269405475,185.66,SF-P3O-NoFisher,Walker2d-v4,2
113725,reward,1858,273.94024530647533,204.149,SF-P3O-NoFisher,Walker2d-v4,2
113843,reward,1859,51.42724030656388,196.891,SF-P3O-NoFisher,Walker2d-v4,2
114042,reward,1860,326.0325828375792,195.003,SF-P3O-NoFisher,Walker2d-v4,2
114179,reward,1861,62.08212293688421,174.428,SF-P3O-NoFisher,Walker2d-v4,2
114272,reward,1862,63.191599579399835,172.484,SF-P3O-NoFisher,Walker2d-v4,2
114365,reward,1863,31.004061756145465,164.128,SF-P3O-NoFisher,Walker2d-v4,2
114650,reward,1864,259.21496004829487,185.822,SF-P3O-NoFisher,Walker2d-v4,2
114688,loss,-0.1413138210773468,0.5427460074424744,SF-P3O-NoFisher,Walker2d-v4,2
114688,diagnostics,0.0,55.48,23.5248,0.023728,0.963346,0.2191,-1.0,SF-P3O-NoFisher,Walker2d-v4,2
114824,reward,1865,125.61840886297674,194.055,SF-P3O-NoFisher,Walker2d-v4,2
114989,reward,1866,48.10204088491142,154.776,SF-P3O-NoFisher,Walker2d-v4,2
115125,reward,1867,77.68470576636851,131.83,SF-P3O-NoFisher,Walker2d-v4,2
115382,reward,1868,407.53674766155945,145.189,SF-P3O-NoFisher,Walker2d-v4,2
115543,reward,1869,52.97592895337236,145.344,SF-P3O-NoFisher,Walker2d-v4,2
115804,reward,1870,182.38658633008822,130.98,SF-P3O-NoFisher,Walker2d-v4,2
116023,reward,1871,202.4884276450237,145.02,SF-P3O-NoFisher,Walker2d-v4,2
116330,reward,1872,152.24708652885684,153.926,SF-P3O-NoFisher,Walker2d-v4,2
116458,reward,1873,43.688883461295674,155.194,SF-P3O-NoFisher,Walker2d-v4,2
116636,reward,1874,76.0862686140822,136.882,SF-P3O-NoFisher,Walker2d-v4,2
116752,reward,1875,45.019895488036866,128.822,SF-P3O-NoFisher,Walker2d-v4,2
116905,reward,1876,-2.4484610427822884,123.767,SF-P3O-NoFisher,Walker2d-v4,2
116998,reward,1877,150.959460800017,131.094,SF-P3O-NoFisher,Walker2d-v4,2
117133,reward,1878,216.85019134846291,112.025,SF-P3O-NoFisher,Walker2d-v4,2
117285,reward,1879,123.0383127915195,119.032,SF-P3O-NoFisher,Walker2d-v4,2
117509,reward,1880,99.81510697331565,110.775,SF-P3O-NoFisher,Walker2d-v4,2
118127,reward,1881,748.2135982471452,165.347,SF-P3O-NoFisher,Walker2d-v4,2
118515,reward,1882,440.02660185938834,194.125,SF-P3O-NoFisher,Walker2d-v4,2
118695,reward,1883,292.86186204239885,219.042,SF-P3O-NoFisher,Walker2d-v4,2
119028,reward,1884,195.00150176717082,230.934,SF-P3O-NoFisher,Walker2d-v4,2
119149,reward,1885,203.21447626569085,246.753,SF-P3O-NoFisher,Walker2d-v4,2
119248,reward,1886,43.034213447471956,251.302,SF-P3O-NoFisher,Walker2d-v4,2
119591,reward,1887,293.11478098050975,265.517,SF-P3O-NoFisher,Walker2d-v4,2
119657,reward,1888,37.70099834399381,247.602,SF-P3O-NoFisher,Walker2d-v4,2
119801,reward,1889,239.37045544642342,259.235,SF-P3O-NoFisher,Walker2d-v4,2
120000,speed,541.42,3.94,SF-P3O-NoFisher,Walker2d-v4,2
120001,spectral,0.023728,0.963346,0.2191,SF-P3O-NoFisher,Walker2d-v4,2
120116,reward,1890,153.29546603417856,264.583,SF-P3O-NoFisher,Walker2d-v4,2
120241,reward,1891,85.35091775017236,198.297,SF-P3O-NoFisher,Walker2d-v4,2
120603,reward,1892,289.33678395258227,183.228,SF-P3O-NoFisher,Walker2d-v4,2
120703,reward,1893,42.54600417834758,158.197,SF-P3O-NoFisher,Walker2d-v4,2
120877,reward,1894,135.24278403113053,152.221,SF-P3O-NoFisher,Walker2d-v4,2
120996,reward,1895,179.91748951720146,149.891,SF-P3O-NoFisher,Walker2d-v4,2
121134,reward,1896,138.64718409164934,159.452,SF-P3O-NoFisher,Walker2d-v4,2
121433,reward,1897,148.8539828147105,145.026,SF-P3O-NoFisher,Walker2d-v4,2
121597,reward,1898,88.34096710407734,150.09,SF-P3O-NoFisher,Walker2d-v4,2
121869,reward,1899,359.0378219707883,162.057,SF-P3O-NoFisher,Walker2d-v4,2
122130,reward,1900,218.2290667675459,168.55,SF-P3O-NoFisher,Walker2d-v4,2
122254,reward,1901,37.039980712235376,163.719,SF-P3O-NoFisher,Walker2d-v4,2
122457,reward,1902,67.09589836884403,141.495,SF-P3O-NoFisher,Walker2d-v4,2
122569,reward,1903,57.766249765338955,143.017,SF-P3O-NoFisher,Walker2d-v4,2
122824,reward,1904,381.0695894085991,167.6,SF-P3O-NoFisher,Walker2d-v4,2
122880,loss,-0.06918730586767197,0.746560275554657,SF-P3O-NoFisher,Walker2d-v4,2
122923,reward,1905,27.803664544369266,152.388,SF-P3O-NoFisher,Walker2d-v4,2
123121,reward,1906,283.4483295958025,166.869,SF-P3O-NoFisher,Walker2d-v4,2
123260,reward,1907,233.76922807610208,175.36,SF-P3O-NoFisher,Walker2d-v4,2
123567,reward,1908,445.4382170915352,211.07,SF-P3O-NoFisher,Walker2d-v4,2
123700,reward,1909,227.7688992278168,197.943,SF-P3O-NoFisher,Walker2d-v4,2
123913,reward,1910,324.8062977855473,208.601,SF-P3O-NoFisher,Walker2d-v4,2
124128,reward,1911,128.80819396520675,217.777,SF-P3O-NoFisher,Walker2d-v4,2
124335,reward,1912,72.03326167933221,218.271,SF-P3O-NoFisher,Walker2d-v4,2
124470,reward,1913,247.0008068249625,237.195,SF-P3O-NoFisher,Walker2d-v4,2
124604,reward,1914,46.786881891589026,203.766,SF-P3O-NoFisher,Walker2d-v4,2
124771,reward,1915,261.6544262172938,227.151,SF-P3O-NoFisher,Walker2d-v4,2
125119,reward,1916,186.9384544451106,217.5,SF-P3O-NoFisher,Walker2d-v4,2
125250,reward,1917,208.99638942447342,215.023,SF-P3O-NoFisher,Walker2d-v4,2
125429,reward,1918,240.21784211261075,194.501,SF-P3O-NoFisher,Walker2d-v4,2
125573,reward,1919,121.30543723327482,183.855,SF-P3O-NoFisher,Walker2d-v4,2
125633,reward,1920,36.540446941533524,155.028,SF-P3O-NoFisher,Walker2d-v4,2
125776,reward,1921,268.6582043893536,169.013,SF-P3O-NoFisher,Walker2d-v4,2
125898,reward,1922,117.13835145184564,173.524,SF-P3O-NoFisher,Walker2d-v4,2
126239,reward,1923,181.93428678698888,167.017,SF-P3O-NoFisher,Walker2d-v4,2
126365,reward,1924,66.32257043630018,168.971,SF-P3O-NoFisher,Walker2d-v4,2
126679,reward,1925,448.6997921592954,187.675,SF-P3O-NoFisher,Walker2d-v4,2
126847,reward,1926,274.96113100108585,196.477,SF-P3O-NoFisher,Walker2d-v4,2
127175,reward,1927,196.98613654908473,195.276,SF-P3O-NoFisher,Walker2d-v4,2
127328,reward,1928,256.6877351477581,196.923,SF-P3O-NoFisher,Walker2d-v4,2
127507,reward,1929,145.11087569043494,199.304,SF-P3O-NoFisher,Walker2d-v4,2
127664,reward,1930,65.98836273615223,202.249,SF-P3O-NoFisher,Walker2d-v4,2
127839,reward,1931,81.54429370837191,183.537,SF-P3O-NoFisher,Walker2d-v4,2
128029,reward,1932,170.47001552019066,188.871,SF-P3O-NoFisher,Walker2d-v4,2
128162,reward,1933,73.0464557045973,177.982,SF-P3O-NoFisher,Walker2d-v4,2
128337,reward,1934,274.59018901941505,198.808,SF-P3O-NoFisher,Walker2d-v4,2
128491,reward,1935,289.5541122459294,182.894,SF-P3O-NoFisher,Walker2d-v4,2
128659,reward,1936,63.166735531276785,161.714,SF-P3O-NoFisher,Walker2d-v4,2
128843,reward,1937,314.20860672945474,173.437,SF-P3O-NoFisher,Walker2d-v4,2
128946,reward,1938,61.171566749954636,153.885,SF-P3O-NoFisher,Walker2d-v4,2
129068,reward,1939,174.41878730456315,156.816,SF-P3O-NoFisher,Walker2d-v4,2
129236,reward,1940,81.66688132391468,158.384,SF-P3O-NoFisher,Walker2d-v4,2
129394,reward,1941,229.64846413327564,173.194,SF-P3O-NoFisher,Walker2d-v4,2
129634,reward,1942,350.2241817897512,191.17,SF-P3O-NoFisher,Walker2d-v4,2
129962,reward,1943,127.57903290177649,196.623,SF-P3O-NoFisher,Walker2d-v4,2
130000,speed,542.37,4.25,SF-P3O-NoFisher,Walker2d-v4,2
130001,spectral,0.024292,0.963822,0.2184,SF-P3O-NoFisher,Walker2d-v4,2
130172,reward,1944,101.15267123746405,179.279,SF-P3O-NoFisher,Walker2d-v4,2
130261,reward,1945,63.74510813726311,156.698,SF-P3O-NoFisher,Walker2d-v4,2
130849,reward,1946,583.1522203343044,208.697,SF-P3O-NoFisher,Walker2d-v4,2
131001,reward,1947,232.25555419268957,200.501,SF-P3O-NoFisher,Walker2d-v4,2
131072,loss,0.041811082512140274,0.4810648560523987,SF-P3O-NoFisher,Walker2d-v4,2
131072,diagnostics,0.0,55.86,26.7204,0.024955,0.963914,0.2196,-1.0,SF-P3O-NoFisher,Walker2d-v4,2
131119,reward,1948,74.0280025871538,201.787,SF-P3O-NoFisher,Walker2d-v4,2
131201,reward,1949,59.837292258489896,190.329,SF-P3O-NoFisher,Walker2d-v4,2
131328,reward,1950,232.72596363915397,205.435,SF-P3O-NoFisher,Walker2d-v4,2
131498,reward,1951,283.3075313635517,210.801,SF-P3O-NoFisher,Walker2d-v4,2
131757,reward,1952,190.08425982709022,194.787,SF-P3O-NoFisher,Walker2d-v4,2
132017,reward,1953,127.6281314770683,194.792,SF-P3O-NoFisher,Walker2d-v4,2
132150,reward,1954,238.2967230930036,208.506,SF-P3O-NoFisher,Walker2d-v4,2
132533,reward,1955,240.24835584477287,226.156,SF-P3O-NoFisher,Walker2d-v4,2
132622,reward,1956,28.263311771386544,170.668,SF-P3O-NoFisher,Walker2d-v4,2
132868,reward,1957,353.89288292943087,182.831,SF-P3O-NoFisher,Walker2d-v4,2
133013,reward,1958,66.22324945510428,182.051,SF-P3O-NoFisher,Walker2d-v4,2
133235,reward,1959,377.0290815928301,213.77,SF-P3O-NoFisher,Walker2d-v4,2
133514,reward,1960,125.35830058658948,203.033,SF-P3O-NoFisher,Walker2d-v4,2
133793,reward,1961,190.01391794848595,193.704,SF-P3O-NoFisher,Walker2d-v4,2
134070,reward,1962,179.46452865421597,192.642,SF-P3O-NoFisher,Walker2d-v4,2
134289,reward,1963,369.5897588876562,216.838,SF-P3O-NoFisher,Walker2d-v4,2
134445,reward,1964,277.83818730985985,220.792,SF-P3O-NoFisher,Walker2d-v4,2
134637,reward,1965,87.38824924625018,205.506,SF-P3O-NoFisher,Walker2d-v4,2
134778,reward,1966,82.46280296795946,210.926,SF-P3O-NoFisher,Walker2d-v4,2
134929,reward,1967,262.25622484711016,201.762,SF-P3O-NoFisher,Walker2d-v4,2
135210,reward,1968,338.1337210387299,228.953,SF-P3O-NoFisher,Walker2d-v4,2
135454,reward,1969,360.0860968303579,227.259,SF-P3O-NoFisher,Walker2d-v4,2
136110,reward,1970,468.9866255559664,261.622,SF-P3O-NoFisher,Walker2d-v4,2
136922,reward,1971,510.7525035902908,293.696,SF-P3O-NoFisher,Walker2d-v4,2
137167,reward,1972,127.02817869698187,288.452,SF-P3O-NoFisher,Walker2d-v4,2
137395,reward,1973,195.4537978840564,271.039,SF-P3O-NoFisher,Walker2d-v4,2
137591,reward,1974,304.7913305961503,273.734,SF-P3O-NoFisher,Walker2d-v4,2
137788,reward,1975,160.49311957336704,281.044,SF-P3O-NoFisher,Walker2d-v4,2
138025,reward,1976,399.55483427646146,312.754,SF-P3O-NoFisher,Walker2d-v4,2
138345,reward,1977,259.41776571425544,312.47,SF-P3O-NoFisher,Walker2d-v4,2
138820,reward,1978,383.7571746538097,317.032,SF-P3O-NoFisher,Walker2d-v4,2
139217,reward,1979,289.6601590355109,309.99,SF-P3O-NoFisher,Walker2d-v4,2
139264,loss,-0.03876006603240967,0.5020282864570618,SF-P3O-NoFisher,Walker2d-v4,2
139312,reward,1980,50.760236093851994,268.167,SF-P3O-NoFisher,Walker2d-v4,2
139584,reward,1981,477.0055049704377,264.792,SF-P3O-NoFisher,Walker2d-v4,2
139773,reward,1982,66.30069279883675,258.719,SF-P3O-NoFisher,Walker2d-v4,2
139970,reward,1983,148.77235571303365,254.051,SF-P3O-NoFisher,Walker2d-v4,2
140000,speed,387.21,4.68,SF-P3O-NoFisher,Walker2d-v4,2
140001,spectral,0.025627,0.963432,0.2246,SF-P3O-NoFisher,Walker2d-v4,2
140073,reward,1984,87.6237959968695,232.335,SF-P3O-NoFisher,Walker2d-v4,2
140284,reward,1985,312.7772288813528,247.563,SF-P3O-NoFisher,Walker2d-v4,2
140494,reward,1986,136.54616532480625,221.262,SF-P3O-NoFisher,Walker2d-v4,2
140670,reward,1987,310.55880283750867,226.376,SF-P3O-NoFisher,Walker2d-v4,2
140917,reward,1988,400.91084285851906,228.092,SF-P3O-NoFisher,Walker2d-v4,2
141516,reward,1989,623.2602657397166,261.452,SF-P3O-NoFisher,Walker2d-v4,2
141932,reward,1990,359.4317154694545,292.319,SF-P3O-NoFisher,Walker2d-v4,2
142195,reward,1991,175.25050094405086,262.143,SF-P3O-NoFisher,Walker2d-v4,2
142330,reward,1992,259.3828119902151,281.451,SF-P3O-NoFisher,Walker2d-v4,2
142491,reward,1993,125.99823411811117,279.174,SF-P3O-NoFisher,Walker2d-v4,2
142860,reward,1994,505.74398379695464,320.986,SF-P3O-NoFisher,Walker2d-v4,2
143030,reward,1995,104.13563205797145,300.122,SF-P3O-NoFisher,Walker2d-v4,2
143175,reward,1996,54.46883067922881,291.914,SF-P3O-NoFisher,Walker2d-v4,2
143286,reward,1997,79.4227058397711,268.801,SF-P3O-NoFisher,Walker2d-v4,2
143669,reward,1998,440.5257379481743,272.762,SF-P3O-NoFisher,Walker2d-v4,2
143805,reward,1999,110.9783454871376,221.534,SF-P3O-NoFisher,Walker2d-v4,2
143897,reward,2000,34.68204339490295,189.059,SF-P3O-NoFisher,Walker2d-v4,2
144056,reward,2001,259.6378878349443,197.498,SF-P3O-NoFisher,Walker2d-v4,2
144352,reward,2002,406.03532409879114,212.163,SF-P3O-NoFisher,Walker2d-v4,2
144620,reward,2003,434.50963974837714,243.014,SF-P3O-NoFisher,Walker2d-v4,2
144791,reward,2004,246.934934528723,217.133,SF-P3O-NoFisher,Walker2d-v4,2
144850,reward,2005,41.33470362650083,210.853,SF-P3O-NoFisher,Walker2d-v4,2
144965,reward,2006,36.520069333655414,209.058,SF-P3O-NoFisher,Walker2d-v4,2
145117,reward,2007,255.28690668381336,226.645,SF-P3O-NoFisher,Walker2d-v4,2
145275,reward,2008,261.4384527538041,208.736,SF-P3O-NoFisher,Walker2d-v4,2
145540,reward,2009,146.22067232329195,212.26,SF-P3O-NoFisher,Walker2d-v4,2
145791,reward,2010,154.796167441565,224.271,SF-P3O-NoFisher,Walker2d-v4,2
145920,reward,2011,201.06518062203867,218.414,SF-P3O-NoFisher,Walker2d-v4,2
146433,reward,2012,461.7679512111372,223.987,SF-P3O-NoFisher,Walker2d-v4,2
146617,reward,2013,338.27194056682663,214.364,SF-P3O-NoFisher,Walker2d-v4,2
146845,reward,2014,384.68732487211145,228.139,SF-P3O-NoFisher,Walker2d-v4,2
147094,reward,2015,321.25211466641974,256.131,SF-P3O-NoFisher,Walker2d-v4,2
147243,reward,2016,65.03629132581068,258.982,SF-P3O-NoFisher,Walker2d-v4,2
147446,reward,2017,303.2542530447861,263.779,SF-P3O-NoFisher,Walker2d-v4,2
147456,loss,-0.016253747045993805,0.5387641787528992,SF-P3O-NoFisher,Walker2d-v4,2
147456,diagnostics,0.0,56.25,21.4179,0.026421,0.962886,0.239,-1.0,SF-P3O-NoFisher,Walker2d-v4,2
147611,reward,2018,274.4044260051063,265.076,SF-P3O-NoFisher,Walker2d-v4,2
147784,reward,2019,256.395130241469,276.093,SF-P3O-NoFisher,Walker2d-v4,2
148048,reward,2020,349.0758866178531,295.521,SF-P3O-NoFisher,Walker2d-v4,2
148202,reward,2021,282.093951515939,303.624,SF-P3O-NoFisher,Walker2d-v4,2
148353,reward,2022,272.9689612213528,284.744,SF-P3O-NoFisher,Walker2d-v4,2
148533,reward,2023,297.66772542110226,280.684,SF-P3O-NoFisher,Walker2d-v4,2
148706,reward,2024,255.90087379569653,267.805,SF-P3O-NoFisher,Walker2d-v4,2
149112,reward,2025,467.41008826433676,282.421,SF-P3O-NoFisher,Walker2d-v4,2
149374,reward,2026,424.35362700246367,318.352,SF-P3O-NoFisher,Walker2d-v4,2
149625,reward,2027,381.8068479703233,326.208,SF-P3O-NoFisher,Walker2d-v4,2
149741,reward,2028,159.90356259805228,314.758,SF-P3O-NoFisher,Walker2d-v4,2
150000,speed,557.33,4.98,SF-P3O-NoFisher,Walker2d-v4,2
150001,spectral,0.026421,0.962886,0.239,SF-P3O-NoFisher,Walker2d-v4,2
150009,reward,2029,394.28360820374877,328.547,SF-P3O-NoFisher,Walker2d-v4,2
150201,reward,2030,307.97529265201956,324.436,SF-P3O-NoFisher,Walker2d-v4,2
150343,reward,2031,51.674398526229695,301.394,SF-P3O-NoFisher,Walker2d-v4,2
150608,reward,2032,107.96881376498598,284.894,SF-P3O-NoFisher,Walker2d-v4,2
151608,reward,2033,731.9964183313575,328.327,SF-P3O-NoFisher,Walker2d-v4,2
152086,reward,2034,404.4383216970363,343.181,SF-P3O-NoFisher,Walker2d-v4,2
152444,reward,2035,528.2371037369048,349.264,SF-P3O-NoFisher,Walker2d-v4,2
152686,reward,2036,284.96891926905926,335.325,SF-P3O-NoFisher,Walker2d-v4,2
152832,reward,2037,85.91661704978695,305.736,SF-P3O-NoFisher,Walker2d-v4,2
153136,reward,2038,459.14564691643557,335.661,SF-P3O-NoFisher,Walker2d-v4,2
153741,reward,2039,705.0112905960337,366.733,SF-P3O-NoFisher,Walker2d-v4,2
153911,reward,2040,297.9965045915155,365.735,SF-P3O-NoFisher,Walker2d-v4,2
154062,reward,2041,118.09779899576684,372.378,SF-P3O-NoFisher,Walker2d-v4,2
154455,reward,2042,271.53290193506297,388.734,SF-P3O-NoFisher,Walker2d-v4,2
154630,reward,2043,221.43435389775217,337.678,SF-P3O-NoFisher,Walker2d-v4,2
154974,reward,2044,405.9975580996147,337.834,SF-P3O-NoFisher,Walker2d-v4,2
155096,reward,2045,32.28894940002112,288.239,SF-P3O-NoFisher,Walker2d-v4,2
155344,reward,2046,409.39129885141415,300.681,SF-P3O-NoFisher,Walker2d-v4,2
155648,loss,-0.002568606287240982,0.4995909035205841,SF-P3O-NoFisher,Walker2d-v4,2
155896,reward,2047,421.59414197981624,334.249,SF-P3O-NoFisher,Walker2d-v4,2
156234,reward,2048,156.54973798976653,303.989,SF-P3O-NoFisher,Walker2d-v4,2
156325,reward,2049,23.313307107572157,235.82,SF-P3O-NoFisher,Walker2d-v4,2
156496,reward,2050,308.41027030283084,236.861,SF-P3O-NoFisher,Walker2d-v4,2
156819,reward,2051,405.7482562005583,265.626,SF-P3O-NoFisher,Walker2d-v4,2
157011,reward,2052,101.19789744122575,248.593,SF-P3O-NoFisher,Walker2d-v4,2
157319,reward,2053,444.07626430604796,270.857,SF-P3O-NoFisher,Walker2d-v4,2
157552,reward,2054,306.4387080667146,260.901,SF-P3O-NoFisher,Walker2d-v4,2
158552,reward,2055,935.0923311720472,351.181,SF-P3O-NoFisher,Walker2d-v4,2
158784,reward,2056,324.76215066796095,342.718,SF-P3O-NoFisher,Walker2d-v4,2
159101,reward,2057,417.56312855479774,342.315,SF-P3O-NoFisher,Walker2d-v4,2
159301,reward,2058,88.0345871674088,335.464,SF-P3O-NoFisher,Walker2d-v4,2
159745,reward,2059,586.9919009920046,391.832,SF-P3O-NoFisher,Walker2d-v4,2
160000,speed,539.29,5.29,SF-P3O-NoFisher,Walker2d-v4,2
160001,spectral,0.027207,0.962549,0.2481,SF-P3O-NoFisher,Walker2d-v4,2
160051,reward,2060,247.67316980113918,385.758,SF-P3O-NoFisher,Walker2d-v4,2
160308,reward,2061,404.53606789501964,385.637,SF-P3O-NoFisher,Walker2d-v4,2
160457,reward,2062,62.60681143407356,381.778,SF-P3O-NoFisher,Walker2d-v4,2
160606,reward,2063,273.4260831797542,364.712,SF-P3O-NoFisher,Walker2d-v4,2
160819,reward,2064,145.3208241034535,348.601,SF-P3O-NoFisher,Walker2d-v4,2
161045,reward,2065,367.1161480834024,291.803,SF-P3O-NoFisher,Walker2d-v4,2
161181,reward,2066,212.70013388686843,280.597,SF-P3O-NoFisher,Walker2d-v4,2
161371,reward,2067,315.9593277031556,270.437,SF-P3O-NoFisher,Walker2d-v4,2
161672,reward,2068,448.39395160562714,306.472,SF-P3O-NoFisher,Walker2d-v4,2
161859,reward,2069,116.96679085449473,259.47,SF-P3O-NoFisher,Walker2d-v4,2
162031,reward,2070,287.861333139978,263.489,SF-P3O-NoFisher,Walker2d-v4,2
162178,reward,2071,286.1879791292735,251.654,SF-P3O-NoFisher,Walker2d-v4,2
162326,reward,2072,257.47635378323344,271.141,SF-P3O-NoFisher,Walker2d-v4,2
162465,reward,2073,248.7722987025536,268.676,SF-P3O-NoFisher,Walker2d-v4,2
162667,reward,2074,115.04233269239738,265.648,SF-P3O-NoFisher,Walker2d-v4,2
162818,reward,2075,244.49191945411496,253.385,SF-P3O-NoFisher,Walker2d-v4,2
163086,reward,2076,404.9768971045836,272.613,SF-P3O-NoFisher,Walker2d-v4,2
163206,reward,2077,38.97651472220986,244.915,SF-P3O-NoFisher,Walker2d-v4,2
163718,reward,2078,513.4503542525566,251.42,SF-P3O-NoFisher,Walker2d-v4,2
163840,loss,-0.10385219007730484,0.518405020236969,SF-P3O-NoFisher,Walker2d-v4,2
163840,diagnostics,0.0,56.63,22.9539,0.02788,0.962313,0.264,-1.0,SF-P3O-NoFisher,Walker2d-v4,2
163966,reward,2079,403.11729916587484,280.035,SF-P3O-NoFisher,Walker2d-v4,2
164236,reward,2080,406.70270466846546,291.919,SF-P3O-NoFisher,Walker2d-v4,2
164288,reward,2081,31.54702753642894,266.455,SF-P3O-NoFisher,Walker2d-v4,2
164491,reward,2082,369.3665335767793,277.644,SF-P3O-NoFisher,Walker2d-v4,2
164743,reward,2083,189.6799235191,271.735,SF-P3O-NoFisher,Walker2d-v4,2
164976,reward,2084,308.53092515460065,291.084,SF-P3O-NoFisher,Walker2d-v4,2
165087,reward,2085,58.04051406252621,272.439,SF-P3O-NoFisher,Walker2d-v4,2
165297,reward,2086,126.35641105006565,244.577,SF-P3O-NoFisher,Walker2d-v4,2
165448,reward,2087,31.042139989235306,243.783,SF-P3O-NoFisher,Walker2d-v4,2
165757,reward,2088,422.6088167019731,234.699,SF-P3O-NoFisher,Walker2d-v4,2
165891,reward,2089,73.01119246920896,201.689,SF-P3O-NoFisher,Walker2d-v4,2
166092,reward,2090,325.4516468609821,193.564,SF-P3O-NoFisher,Walker2d-v4,2
166278,reward,2091,289.84422692726133,219.393,SF-P3O-NoFisher,Walker2d-v4,2
166528,reward,2092,239.64349954133905,206.421,SF-P3O-NoFisher,Walker2d-v4,2
166747,reward,2093,157.5955313779929,203.212,SF-P3O-NoFisher,Walker2d-v4,2
167084,reward,2094,437.45479796856563,216.105,SF-P3O-NoFisher,Walker2d-v4,2
167325,reward,2095,121.00569469499558,222.401,SF-P3O-NoFisher,Walker2d-v4,2
167484,reward,2096,139.68017799512626,223.734,SF-P3O-NoFisher,Walker2d-v4,2
167755,reward,2097,217.89384688629107,242.419,SF-P3O-NoFisher,Walker2d-v4,2
167954,reward,2098,313.0391337734753,231.462,SF-P3O-NoFisher,Walker2d-v4,2
168094,reward,2099,263.225272716054,250.483,SF-P3O-NoFisher,Walker2d-v4,2
168391,reward,2100,401.4766857608655,258.086,SF-P3O-NoFisher,Walker2d-v4,2
168570,reward,2101,281.3533305071323,257.237,SF-P3O-NoFisher,Walker2d-v4,2
168783,reward,2102,108.33321538383191,244.106,SF-P3O-NoFisher,Walker2d-v4,2
169297,reward,2103,435.5783964195482,271.904,SF-P3O-NoFisher,Walker2d-v4,2
169456,reward,2104,28.833610271606414,231.042,SF-P3O-NoFisher,Walker2d-v4,2
169654,reward,2105,190.23948836314463,237.965,SF-P3O-NoFisher,Walker2d-v4,2
169844,reward,2106,290.80225764134383,253.078,SF-P3O-NoFisher,Walker2d-v4,2
170000,speed,552.66,5.59,SF-P3O-NoFisher,Walker2d-v4,2
170001,spectral,0.02788,0.962313,0.264,SF-P3O-NoFisher,Walker2d-v4,2
170123,reward,2107,148.27830616662646,246.116,SF-P3O-NoFisher,Walker2d-v4,2
171001,reward,2108,981.589995062176,312.971,SF-P3O-NoFisher,Walker2d-v4,2
171098,reward,2109,50.83584674362973,291.732,SF-P3O-NoFisher,Walker2d-v4,2
171254,reward,2110,274.89233212004905,279.074,SF-P3O-NoFisher,Walker2d-v4,2
171867,reward,2111,505.08211889776555,301.447,SF-P3O-NoFisher,Walker2d-v4,2
172032,loss,-0.12743690609931946,0.7541913390159607,SF-P3O-NoFisher,Walker2d-v4,2
172167,reward,2112,233.4834956985679,313.962,SF-P3O-NoFisher,Walker2d-v4,2
172316,reward,2113,281.0114374042429,298.505,SF-P3O-NoFisher,Walker2d-v4,2
172463,reward,2114,65.72192286430946,302.194,SF-P3O-NoFisher,Walker2d-v4,2
172616,reward,2115,98.69530408553035,293.039,SF-P3O-NoFisher,Walker2d-v4,2
172766,reward,2116,70.26604467203823,270.986,SF-P3O-NoFisher,Walker2d-v4,2
172872,reward,2117,53.39215841350687,261.497,SF-P3O-NoFisher,Walker2d-v4,2
173060,reward,2118,300.4473028019002,193.383,SF-P3O-NoFisher,Walker2d-v4,2
173164,reward,2119,172.13296548268312,205.513,SF-P3O-NoFisher,Walker2d-v4,2
173263,reward,2120,75.68966023092446,185.592,SF-P3O-NoFisher,Walker2d-v4,2
173503,reward,2121,322.5222924426364,167.336,SF-P3O-NoFisher,Walker2d-v4,2
173816,reward,2122,215.4696417248119,165.535,SF-P3O-NoFisher,Walker2d-v4,2
174013,reward,2123,293.5702953442362,166.791,SF-P3O-NoFisher,Walker2d-v4,2
174154,reward,2124,66.80395179401893,166.899,SF-P3O-NoFisher,Walker2d-v4,2
174342,reward,2125,90.54448693894822,166.084,SF-P3O-NoFisher,Walker2d-v4,2
174488,reward,2126,256.03946482239735,184.661,SF-P3O-NoFisher,Walker2d-v4,2
174718,reward,2127,334.92627101123827,212.815,SF-P3O-NoFisher,Walker2d-v4,2
175147,reward,2128,515.9547492948934,234.365,SF-P3O-NoFisher,Walker2d-v4,2
175350,reward,2129,264.26728891214213,243.579,SF-P3O-NoFisher,Walker2d-v4,2
175692,reward,2130,463.54149986313337,282.364,SF-P3O-NoFisher,Walker2d-v4,2
175986,reward,2131,425.8885557289262,292.701,SF-P3O-NoFisher,Walker2d-v4,2
176173,reward,2132,302.67622060742764,301.421,SF-P3O-NoFisher,Walker2d-v4,2
176374,reward,2133,330.20276665849474,305.085,SF-P3O-NoFisher,Walker2d-v4,2
176645,reward,2134,212.18746366316066,319.623,SF-P3O-NoFisher,Walker2d-v4,2
177060,reward,2135,433.6378577522749,353.932,SF-P3O-NoFisher,Walker2d-v4,2
177188,reward,2136,66.93086812234749,335.021,SF-P3O-NoFisher,Walker2d-v4,2
177600,reward,2137,378.3222180920997,339.361,SF-P3O-NoFisher,Walker2d-v4,2
177921,reward,2138,404.25428140998736,328.191,SF-P3O-NoFisher,Walker2d-v4,2
177952,reward,2139,11.733602639081635,302.938,SF-P3O-NoFisher,Walker2d-v4,2
178154,reward,2140,161.55792806541967,272.739,SF-P3O-NoFisher,Walker2d-v4,2
178268,reward,2141,49.30718023669452,235.081,SF-P3O-NoFisher,Walker2d-v4,2
178427,reward,2142,84.93926427253632,213.307,SF-P3O-NoFisher,Walker2d-v4,2
178536,reward,2143,79.90217396773359,188.277,SF-P3O-NoFisher,Walker2d-v4,2
178707,reward,2144,252.70001747843187,192.329,SF-P3O-NoFisher,Walker2d-v4,2
178887,reward,2145,284.36551480879206,177.401,SF-P3O-NoFisher,Walker2d-v4,2
179073,reward,2146,124.87908844851633,183.196,SF-P3O-NoFisher,Walker2d-v4,2
179502,reward,2147,530.219742050505,198.386,SF-P3O-NoFisher,Walker2d-v4,2
179661,reward,2148,91.74297530000072,167.135,SF-P3O-NoFisher,Walker2d-v4,2
179916,reward,2149,193.08022820963237,185.269,SF-P3O-NoFisher,Walker2d-v4,2
180000,speed,559.29,5.89,SF-P3O-NoFisher,Walker2d-v4,2
180001,spectral,0.028587,0.96187,0.2687,SF-P3O-NoFisher,Walker2d-v4,2
180136,reward,2150,321.3183975896476,201.245,SF-P3O-NoFisher,Walker2d-v4,2
180224,loss,-0.09234628826379776,1.0515954494476318,SF-P3O-NoFisher,Walker2d-v4,2
180224,diagnostics,0.0,56.99,52.1202,0.029417,0.962206,0.2773,-1.0,SF-P3O-NoFisher,Walker2d-v4,2
180516,reward,2151,399.2530353892168,236.24,SF-P3O-NoFisher,Walker2d-v4,2
180690,reward,2152,264.89856846637457,254.236,SF-P3O-NoFisher,Walker2d-v4,2
180828,reward,2153,28.188855243672624,249.065,SF-P3O-NoFisher,Walker2d-v4,2
181194,reward,2154,498.6586712872694,273.661,SF-P3O-NoFisher,Walker2d-v4,2
181261,reward,2155,30.54515740418839,248.278,SF-P3O-NoFisher,Walker2d-v4,2
181659,reward,2156,228.61894535066463,258.652,SF-P3O-NoFisher,Walker2d-v4,2
181809,reward,2157,271.2591225397812,232.756,SF-P3O-NoFisher,Walker2d-v4,2
182254,reward,2158,282.6800226656077,251.85,SF-P3O-NoFisher,Walker2d-v4,2
182542,reward,2159,392.5926319214667,271.801,SF-P3O-NoFisher,Walker2d-v4,2
182735,reward,2160,347.8525197289273,274.455,SF-P3O-NoFisher,Walker2d-v4,2
183280,reward,2161,585.104999033721,293.04,SF-P3O-NoFisher,Walker2d-v4,2
183446,reward,2162,307.4739789003049,297.297,SF-P3O-NoFisher,Walker2d-v4,2
183672,reward,2163,145.57061039721214,309.036,SF-P3O-NoFisher,Walker2d-v4,2
183807,reward,2164,113.86548203730554,270.556,SF-P3O-NoFisher,Walker2d-v4,2
184778,reward,2165,1048.9826258925214,372.4,SF-P3O-NoFisher,Walker2d-v4,2
185004,reward,2166,156.37515135484534,365.176,SF-P3O-NoFisher,Walker2d-v4,2
185182,reward,2167,99.62078657101293,348.012,SF-P3O-NoFisher,Walker2d-v4,2
185274,reward,2168,32.247705726861234,322.969,SF-P3O-NoFisher,Walker2d-v4,2
185465,reward,2169,37.08643711713309,287.418,SF-P3O-NoFisher,Walker2d-v4,2
185588,reward,2170,58.05867819177279,258.439,SF-P3O-NoFisher,Walker2d-v4,2
185806,reward,2171,315.2663135009337,231.455,SF-P3O-NoFisher,Walker2d-v4,2
186087,reward,2172,149.41795872258308,215.649,SF-P3O-NoFisher,Walker2d-v4,2
186396,reward,2173,433.2924046715562,244.421,SF-P3O-NoFisher,Walker2d-v4,2
186517,reward,2174,209.41788413545538,253.977,SF-P3O-NoFisher,Walker2d-v4,2
186700,reward,2175,66.77693362091637,155.756,SF-P3O-NoFisher,Walker2d-v4,2
187219,reward,2176,667.0429462834597,206.823,SF-P3O-NoFisher,Walker2d-v4,2
187509,reward,2177,359.28598095200846,232.789,SF-P3O-NoFisher,Walker2d-v4,2
187774,reward,2178,369.8510014197001,266.55,SF-P3O-NoFisher,Walker2d-v4,2
187891,reward,2179,66.04462908233829,269.445,SF-P3O-NoFisher,Walker2d-v4,2
188047,reward,2180,84.44790753466707,272.084,SF-P3O-NoFisher,Walker2d-v4,2
188196,reward,2181,292.45926169194445,269.804,SF-P3O-NoFisher,Walker2d-v4,2
188225,reward,2182,12.935669695153237,256.155,SF-P3O-NoFisher,Walker2d-v4,2
188416,loss,-0.1580912321805954,0.8497885465621948,SF-P3O-NoFisher,Walker2d-v4,2
188438,reward,2183,368.86352022077784,249.713,SF-P3O-NoFisher,Walker2d-v4,2
188555,reward,2184,221.72755244974323,250.944,SF-P3O-NoFisher,Walker2d-v4,2
188717,reward,2185,282.1138042178457,272.477,SF-P3O-NoFisher,Walker2d-v4,2
189110,reward,2186,451.0116470901772,250.874,SF-P3O-NoFisher,Walker2d-v4,2
189306,reward,2187,341.27040299824006,249.073,SF-P3O-NoFisher,Walker2d-v4,2
189483,reward,2188,300.6029291491915,242.148,SF-P3O-NoFisher,Walker2d-v4,2
189656,reward,2189,302.2173019508594,265.765,SF-P3O-NoFisher,Walker2d-v4,2
189739,reward,2190,36.456924649977076,260.966,SF-P3O-NoFisher,Walker2d-v4,2
189931,reward,2191,284.6109496782347,260.181,SF-P3O-NoFisher,Walker2d-v4,2
190000,speed,374.58,6.33,SF-P3O-NoFisher,Walker2d-v4,2
190001,spectral,0.030416,0.961524,0.287,SF-P3O-NoFisher,Walker2d-v4,2
190234,reward,2192,338.9189732162584,292.779,SF-P3O-NoFisher,Walker2d-v4,2
190357,reward,2193,55.121050570431294,261.405,SF-P3O-NoFisher,Walker2d-v4,2
190566,reward,2194,323.28138147904747,271.561,SF-P3O-NoFisher,Walker2d-v4,2
190718,reward,2195,280.104497258488,271.36,SF-P3O-NoFisher,Walker2d-v4,2
191067,reward,2196,192.90803206427753,245.549,SF-P3O-NoFisher,Walker2d-v4,2
191303,reward,2197,412.70371182698915,252.693,SF-P3O-NoFisher,Walker2d-v4,2
191634,reward,2198,457.0429035297161,268.337,SF-P3O-NoFisher,Walker2d-v4,2
191853,reward,2199,345.41907676613283,272.657,SF-P3O-NoFisher,Walker2d-v4,2
192577,reward,2200,740.9925907958986,343.11,SF-P3O-NoFisher,Walker2d-v4,2
192765,reward,2201,330.8929426865876,347.739,SF-P3O-NoFisher,Walker2d-v4,2
192933,reward,2202,280.66157478215484,341.913,SF-P3O-NoFisher,Walker2d-v4,2
193082,reward,2203,270.95825839011115,363.496,SF-P3O-NoFisher,Walker2d-v4,2
193274,reward,2204,308.5060454674012,362.019,SF-P3O-NoFisher,Walker2d-v4,2
193446,reward,2205,260.98981771309997,360.107,SF-P3O-NoFisher,Walker2d-v4,2
193606,reward,2206,257.0565001818783,366.522,SF-P3O-NoFisher,Walker2d-v4,2
193756,reward,2207,257.5394452954366,351.006,SF-P3O-NoFisher,Walker2d-v4,2
193904,reward,2208,253.56879936818802,330.659,SF-P3O-NoFisher,Walker2d-v4,2
194085,reward,2209,275.99194576797805,323.716,SF-P3O-NoFisher,Walker2d-v4,2
194189,reward,2210,46.7222355708359,254.289,SF-P3O-NoFisher,Walker2d-v4,2
194775,reward,2211,686.8083336086069,289.88,SF-P3O-NoFisher,Walker2d-v4,2
195030,reward,2212,359.46777518007383,297.761,SF-P3O-NoFisher,Walker2d-v4,2
195327,reward,2213,448.9557848268414,315.561,SF-P3O-NoFisher,Walker2d-v4,2
195664,reward,2214,444.17122312239934,329.127,SF-P3O-NoFisher,Walker2d-v4,2
195861,reward,2215,293.4847197935944,332.377,SF-P3O-NoFisher,Walker2d-v4,2
196264,reward,2216,435.1842378640046,350.189,SF-P3O-NoFisher,Walker2d-v4,2
196608,loss,-0.12875120341777802,0.5292768478393555,SF-P3O-NoFisher,Walker2d-v4,2
196608,diagnostics,0.0,57.39,32.7795,0.03143,0.960976,0.3237,-1.0,SF-P3O-NoFisher,Walker2d-v4,2
196790,reward,2217,599.2045011456356,384.356,SF-P3O-NoFisher,Walker2d-v4,2
197242,reward,2218,598.644914193563,418.864,SF-P3O-NoFisher,Walker2d-v4,2
197353,reward,2219,177.9240858790309,409.057,SF-P3O-NoFisher,Walker2d-v4,2
197481,reward,2220,205.45545827799538,424.93,SF-P3O-NoFisher,Walker2d-v4,2
197621,reward,2221,297.9176547123633,386.041,SF-P3O-NoFisher,Walker2d-v4,2
197806,reward,2222,279.7575154286099,378.07,SF-P3O-NoFisher,Walker2d-v4,2
198092,reward,2223,218.65980748946632,355.04,SF-P3O-NoFisher,Walker2d-v4,2
198331,reward,2224,172.08758300327304,327.832,SF-P3O-NoFisher,Walker2d-v4,2
198580,reward,2225,359.8003874047963,334.464,SF-P3O-NoFisher,Walker2d-v4,2
198768,reward,2226,334.35723503589315,324.381,SF-P3O-NoFisher,Walker2d-v4,2
199059,reward,2227,457.6160920400833,310.222,SF-P3O-NoFisher,Walker2d-v4,2
199213,reward,2228,236.14691958050082,273.972,SF-P3O-NoFisher,Walker2d-v4,2
199868,reward,2229,485.7059168990769,304.75,SF-P3O-NoFisher,Walker2d-v4,2
200000,speed,556.53,6.63,SF-P3O-NoFisher,Walker2d-v4,2
200001,spectral,0.03143,0.960976,0.3237,SF-P3O-NoFisher,Walker2d-v4,2
200038,reward,2230,97.65963500589197,293.971,SF-P3O-NoFisher,Walker2d-v4,2
200268,reward,2231,350.2706977058225,299.206,SF-P3O-NoFisher,Walker2d-v4,2
200552,reward,2232,108.39836890186518,282.07,SF-P3O-NoFisher,Walker2d-v4,2
200911,reward,2233,228.6563965979011,283.07,SF-P3O-NoFisher,Walker2d-v4,2
201103,reward,2234,340.7955871132797,299.941,SF-P3O-NoFisher,Walker2d-v4,2
201574,reward,2235,640.4045324880273,328.001,SF-P3O-NoFisher,Walker2d-v4,2
201752,reward,2236,307.4371042966774,325.309,SF-P3O-NoFisher,Walker2d-v4,2
201893,reward,2237,244.88473027809297,304.036,SF-P3O-NoFisher,Walker2d-v4,2
202399,reward,2238,359.05613655384366,316.327,SF-P3O-NoFisher,Walker2d-v4,2
202565,reward,2239,221.9628252416524,289.953,SF-P3O-NoFisher,Walker2d-v4,2
202833,reward,2240,375.8581249116508,317.772,SF-P3O-NoFisher,Walker2d-v4,2
203521,reward,2241,683.8845717190251,351.134,SF-P3O-NoFisher,Walker2d-v4,2
203711,reward,2242,339.0616768774849,374.2,SF-P3O-NoFisher,Walker2d-v4,2
203887,reward,2243,316.37425323404716,382.972,SF-P3O-NoFisher,Walker2d-v4,2
204092,reward,2244,343.19595366253776,383.212,SF-P3O-NoFisher,Walker2d-v4,2
204340,reward,2245,347.26827452957815,353.898,SF-P3O-NoFisher,Walker2d-v4,2
204686,reward,2246,499.9753364625518,373.152,SF-P3O-NoFisher,Walker2d-v4,2
204800,loss,-0.02389879897236824,0.5927402973175049,SF-P3O-NoFisher,Walker2d-v4,2
204922,reward,2247,298.21613671125573,378.485,SF-P3O-NoFisher,Walker2d-v4,2
205237,reward,2248,421.5073755888268,384.73,SF-P3O-NoFisher,Walker2d-v4,2
205531,reward,2249,428.96175891404135,405.43,SF-P3O-NoFisher,Walker2d-v4,2
205724,reward,2250,289.82466894555694,396.827,SF-P3O-NoFisher,Walker2d-v4,2
206431,reward,2251,749.4620600640577,403.385,SF-P3O-NoFisher,Walker2d-v4,2
206599,reward,2252,152.54768466030959,384.733,SF-P3O-NoFisher,Walker2d-v4,2
206964,reward,2253,484.7521325375247,401.571,SF-P3O-NoFisher,Walker2d-v4,2
207186,reward,2254,381.5992249990389,405.411,SF-P3O-NoFisher,Walker2d-v4,2
207367,reward,2255,353.1169818402798,405.996,SF-P3O-NoFisher,Walker2d-v4,2
207660,reward,2256,216.22920321421506,377.622,SF-P3O-NoFisher,Walker2d-v4,2
207834,reward,2257,256.8092601157625,373.481,SF-P3O-NoFisher,Walker2d-v4,2
208025,reward,2258,332.5831789530884,364.589,SF-P3O-NoFisher,Walker2d-v4,2
208146,reward,2259,235.0722400520413,345.2,SF-P3O-NoFisher,Walker2d-v4,2
208379,reward,2260,371.3385407428366,353.351,SF-P3O-NoFisher,Walker2d-v4,2
208483,reward,2261,198.19841384755364,298.225,SF-P3O-NoFisher,Walker2d-v4,2
208622,reward,2262,58.14737904249488,288.785,SF-P3O-NoFisher,Walker2d-v4,2
208874,reward,2263,416.5594400299108,281.965,SF-P3O-NoFisher,Walker2d-v4,2
209131,reward,2264,135.5747546037085,257.363,SF-P3O-NoFisher,Walker2d-v4,2
209269,reward,2265,244.0924381306329,246.46,SF-P3O-NoFisher,Walker2d-v4,2
209455,reward,2266,336.14407110630503,258.452,SF-P3O-NoFisher,Walker2d-v4,2
209676,reward,2267,161.79210789715597,248.95,SF-P3O-NoFisher,Walker2d-v4,2
210000,speed,578.11,6.92,SF-P3O-NoFisher,Walker2d-v4,2
210001,spectral,0.032236,0.960649,0.3531,SF-P3O-NoFisher,Walker2d-v4,2
210082,reward,2268,291.99164015282366,244.891,SF-P3O-NoFisher,Walker2d-v4,2
210267,reward,2269,299.7300973275256,251.357,SF-P3O-NoFisher,Walker2d-v4,2
210429,reward,2270,275.1831461130777,241.741,SF-P3O-NoFisher,Walker2d-v4,2
210942,reward,2271,548.2610940419321,276.748,SF-P3O-NoFisher,Walker2d-v4,2
211272,reward,2272,377.28640434103204,308.662,SF-P3O-NoFisher,Walker2d-v4,2
211673,reward,2273,583.0738287726149,325.313,SF-P3O-NoFisher,Walker2d-v4,2
212005,reward,2274,424.8970412570868,354.245,SF-P3O-NoFisher,Walker2d-v4,2
212132,reward,2275,254.04799962071155,355.241,SF-P3O-NoFisher,Walker2d-v4,2
212297,reward,2276,287.4338798020566,350.37,SF-P3O-NoFisher,Walker2d-v4,2
212493,reward,2277,359.0777315729521,370.098,SF-P3O-NoFisher,Walker2d-v4,2
212734,reward,2278,376.31590272507617,378.531,SF-P3O-NoFisher,Walker2d-v4,2
212971,reward,2279,386.01162927430073,387.159,SF-P3O-NoFisher,Walker2d-v4,2
212992,loss,0.05186307802796364,0.6470744013786316,SF-P3O-NoFisher,Walker2d-v4,2
212992,diagnostics,0.0,57.76,32.2315,0.033112,0.959905,0.3964,-1.0,SF-P3O-NoFisher,Walker2d-v4,2
213180,reward,2280,346.2112030486691,394.262,SF-P3O-NoFisher,Walker2d-v4,2
213390,reward,2281,400.27644241286475,379.463,SF-P3O-NoFisher,Walker2d-v4,2
213651,reward,2282,426.12481725934725,384.347,SF-P3O-NoFisher,Walker2d-v4,2
213819,reward,2283,325.8381879904572,358.623,SF-P3O-NoFisher,Walker2d-v4,2
214058,reward,2284,435.06104753553444,359.64,SF-P3O-NoFisher,Walker2d-v4,2
214242,reward,2285,317.30394677187945,365.965,SF-P3O-NoFisher,Walker2d-v4,2
214448,reward,2286,304.82282793136903,367.704,SF-P3O-NoFisher,Walker2d-v4,2
214621,reward,2287,293.67816527239364,361.164,SF-P3O-NoFisher,Walker2d-v4,2
214743,reward,2288,221.99041961162632,345.732,SF-P3O-NoFisher,Walker2d-v4,2
214940,reward,2289,121.49085071948893,319.28,SF-P3O-NoFisher,Walker2d-v4,2
215079,reward,2290,229.7551484431815,307.634,SF-P3O-NoFisher,Walker2d-v4,2
215266,reward,2291,366.0716210567581,304.214,SF-P3O-NoFisher,Walker2d-v4,2
215472,reward,2292,382.8790779965324,299.889,SF-P3O-NoFisher,Walker2d-v4,2
215787,reward,2293,306.076037506714,297.913,SF-P3O-NoFisher,Walker2d-v4,2
215976,reward,2294,279.4030160906159,282.347,SF-P3O-NoFisher,Walker2d-v4,2
216392,reward,2295,516.3293128248868,302.25,SF-P3O-NoFisher,Walker2d-v4,2
216601,reward,2296,303.6552880604564,302.133,SF-P3O-NoFisher,Walker2d-v4,2
216796,reward,2297,330.49491276443223,305.815,SF-P3O-NoFisher,Walker2d-v4,2
217021,reward,2298,310.5195737682008,314.667,SF-P3O-NoFisher,Walker2d-v4,2
217337,reward,2299,408.15481688675015,343.334,SF-P3O-NoFisher,Walker2d-v4,2
217472,reward,2300,219.46834082241477,342.305,SF-P3O-NoFisher,Walker2d-v4,2
217649,reward,2301,286.65777371973286,334.364,SF-P3O-NoFisher,Walker2d-v4,2
217938,reward,2302,213.13096800000628,317.389,SF-P3O-NoFisher,Walker2d-v4,2
218095,reward,2303,252.31128824941524,312.013,SF-P3O-NoFisher,Walker2d-v4,2
218243,reward,2304,275.9774999013998,311.67,SF-P3O-NoFisher,Walker2d-v4,2
218509,reward,2305,396.3423689765543,299.671,SF-P3O-NoFisher,Walker2d-v4,2
218695,reward,2306,316.7013725487945,300.976,SF-P3O-NoFisher,Walker2d-v4,2
218924,reward,2307,327.9632251466434,300.723,SF-P3O-NoFisher,Walker2d-v4,2
219200,reward,2308,399.8957310956049,309.66,SF-P3O-NoFisher,Walker2d-v4,2
219426,reward,2309,405.60072511311876,309.405,SF-P3O-NoFisher,Walker2d-v4,2
219545,reward,2310,57.299152041425074,293.188,SF-P3O-NoFisher,Walker2d-v4,2
219701,reward,2311,265.5327522122758,291.076,SF-P3O-NoFisher,Walker2d-v4,2
219966,reward,2312,429.9324753553008,312.756,SF-P3O-NoFisher,Walker2d-v4,2
220000,speed,536.44,7.23,SF-P3O-NoFisher,Walker2d-v4,2
220001,spectral,0.033112,0.959905,0.3964,SF-P3O-NoFisher,Walker2d-v4,2
220269,reward,2313,241.3414151481671,311.659,SF-P3O-NoFisher,Walker2d-v4,2
220573,reward,2314,463.3666845789548,330.398,SF-P3O-NoFisher,Walker2d-v4,2
220712,reward,2315,251.21432242319082,315.885,SF-P3O-NoFisher,Walker2d-v4,2
220927,reward,2316,301.4567062770898,314.36,SF-P3O-NoFisher,Walker2d-v4,2
221159,reward,2317,381.11287063069216,319.675,SF-P3O-NoFisher,Walker2d-v4,2
221184,loss,-0.09186428785324097,0.8253728151321411,SF-P3O-NoFisher,Walker2d-v4,2
221516,reward,2318,506.91199433501805,330.377,SF-P3O-NoFisher,Walker2d-v4,2
221704,reward,2319,338.2107996058893,323.638,SF-P3O-NoFisher,Walker2d-v4,2
221985,reward,2320,355.70865399271133,353.479,SF-P3O-NoFisher,Walker2d-v4,2
222135,reward,2321,243.39449662660655,351.265,SF-P3O-NoFisher,Walker2d-v4,2
222660,reward,2322,706.6796042206787,378.94,SF-P3O-NoFisher,Walker2d-v4,2
223106,reward,2323,597.6695056215359,414.573,SF-P3O-NoFisher,Walker2d-v4,2
223442,reward,2324,192.84967916622423,387.521,SF-P3O-NoFisher,Walker2d-v4,2
223666,reward,2325,411.4624951919387,403.546,SF-P3O-NoFisher,Walker2d-v4,2
223841,reward,2326,286.89679905751154,402.09,SF-P3O-NoFisher,Walker2d-v4,2
223991,reward,2327,256.4336072825879,389.622,SF-P3O-NoFisher,Walker2d-v4,2
224214,reward,2328,335.7761513310044,372.508,SF-P3O-NoFisher,Walker2d-v4,2
224408,reward,2329,370.3622758023139,375.723,SF-P3O-NoFisher,Walker2d-v4,2
224601,reward,2330,268.2523357715748,366.978,SF-P3O-NoFisher,Walker2d-v4,2
224747,reward,2331,245.79903104033326,367.218,SF-P3O-NoFisher,Walker2d-v4,2
224892,reward,2332,281.51046079223244,324.701,SF-P3O-NoFisher,Walker2d-v4,2
225085,reward,2333,294.69307978421176,294.404,SF-P3O-NoFisher,Walker2d-v4,2
225402,reward,2334,352.13302984570134,310.332,SF-P3O-NoFisher,Walker2d-v4,2
225573,reward,2335,73.85552250279646,276.571,SF-P3O-NoFisher,Walker2d-v4,2
225809,reward,2336,356.0501996180885,283.487,SF-P3O-NoFisher,Walker2d-v4,2
225979,reward,2337,295.4770284094252,287.391,SF-P3O-NoFisher,Walker2d-v4,2
226283,reward,2338,425.96813970730085,296.41,SF-P3O-NoFisher,Walker2d-v4,2
226606,reward,2339,460.7646990509002,305.45,SF-P3O-NoFisher,Walker2d-v4,2
226869,reward,2340,404.0680579184529,319.032,SF-P3O-NoFisher,Walker2d-v4,2
227202,reward,2341,206.76515579961927,315.129,SF-P3O-NoFisher,Walker2d-v4,2
227324,reward,2342,45.002531665741024,291.478,SF-P3O-NoFisher,Walker2d-v4,2
227465,reward,2343,279.131231982871,289.922,SF-P3O-NoFisher,Walker2d-v4,2
227637,reward,2344,338.6051340111851,288.569,SF-P3O-NoFisher,Walker2d-v4,2
228129,reward,2345,625.2964665828489,343.713,SF-P3O-NoFisher,Walker2d-v4,2
228398,reward,2346,435.5609101917183,351.664,SF-P3O-NoFisher,Walker2d-v4,2
228539,reward,2347,249.67532894981778,347.084,SF-P3O-NoFisher,Walker2d-v4,2
228706,reward,2348,273.56550553762395,331.844,SF-P3O-NoFisher,Walker2d-v4,2
228878,reward,2349,286.4777161972663,314.415,SF-P3O-NoFisher,Walker2d-v4,2
229074,reward,2350,286.672127446106,302.675,SF-P3O-NoFisher,Walker2d-v4,2
229209,reward,2351,229.22807703411945,304.922,SF-P3O-NoFisher,Walker2d-v4,2
229376,loss,-0.05851002037525177,0.625992476940155,SF-P3O-NoFisher,Walker2d-v4,2
229376,diagnostics,0.0,58.15,50.2719,0.034646,0.959752,0.4485,-1.0,SF-P3O-NoFisher,Walker2d-v4,2
229431,reward,2352,332.5081826448181,333.672,SF-P3O-NoFisher,Walker2d-v4,2
229578,reward,2353,241.079224030276,329.867,SF-P3O-NoFisher,Walker2d-v4,2
229833,reward,2354,422.71246130290007,338.278,SF-P3O-NoFisher,Walker2d-v4,2
230000,speed,380.05,7.67,SF-P3O-NoFisher,Walker2d-v4,2
230001,spectral,0.034646,0.959752,0.4485,SF-P3O-NoFisher,Walker2d-v4,2
230026,reward,2355,348.9404282449236,310.642,SF-P3O-NoFisher,Walker2d-v4,2
230293,reward,2356,399.53203821328975,307.039,SF-P3O-NoFisher,Walker2d-v4,2
230449,reward,2357,282.09120005910444,310.281,SF-P3O-NoFisher,Walker2d-v4,2
230585,reward,2358,242.20683907453687,307.145,SF-P3O-NoFisher,Walker2d-v4,2
230776,reward,2359,293.6153717006045,307.859,SF-P3O-NoFisher,Walker2d-v4,2
231120,reward,2360,497.6520077337966,328.957,SF-P3O-NoFisher,Walker2d-v4,2
231567,reward,2361,483.59830471722677,354.394,SF-P3O-NoFisher,Walker2d-v4,2
231721,reward,2362,255.60987805859537,346.704,SF-P3O-NoFisher,Walker2d-v4,2
231969,reward,2363,388.4760736802454,361.443,SF-P3O-NoFisher,Walker2d-v4,2
232276,reward,2364,483.1376200431281,367.486,SF-P3O-NoFisher,Walker2d-v4,2
232595,reward,2365,464.2420098657631,379.016,SF-P3O-NoFisher,Walker2d-v4,2
232940,reward,2366,441.5117619528439,383.214,SF-P3O-NoFisher,Walker2d-v4,2
233089,reward,2367,109.55632837328756,365.961,SF-P3O-NoFisher,Walker2d-v4,2
233295,reward,2368,98.71493957062998,351.611,SF-P3O-NoFisher,Walker2d-v4,2
233434,reward,2369,237.59318851455754,346.009,SF-P3O-NoFisher,Walker2d-v4,2
233626,reward,2370,300.0948943043311,326.253,SF-P3O-NoFisher,Walker2d-v4,2
233815,reward,2371,286.9729844194443,306.591,SF-P3O-NoFisher,Walker2d-v4,2
234244,reward,2372,553.8146829752231,336.411,SF-P3O-NoFisher,Walker2d-v4,2
234356,reward,2373,185.5317594428405,316.117,SF-P3O-NoFisher,Walker2d-v4,2
234850,reward,2374,595.8391188327537,327.387,SF-P3O-NoFisher,Walker2d-v4,2
235185,reward,2375,483.12957455952505,329.276,SF-P3O-NoFisher,Walker2d-v4,2
235346,reward,2376,269.615510113492,312.086,SF-P3O-NoFisher,Walker2d-v4,2
235500,reward,2377,225.19704586732908,323.65,SF-P3O-NoFisher,Walker2d-v4,2
235722,reward,2378,370.00398147179203,350.779,SF-P3O-NoFisher,Walker2d-v4,2
235877,reward,2379,301.01268413131044,357.121,SF-P3O-NoFisher,Walker2d-v4,2
236070,reward,2380,347.7587642976329,361.888,SF-P3O-NoFisher,Walker2d-v4,2
236324,reward,2381,372.94949057877074,370.485,SF-P3O-NoFisher,Walker2d-v4,2
236501,reward,2382,348.6720670090553,349.971,SF-P3O-NoFisher,Walker2d-v4,2
236785,reward,2383,393.8551115179872,370.803,SF-P3O-NoFisher,Walker2d-v4,2
237023,reward,2384,150.08757724461455,326.228,SF-P3O-NoFisher,Walker2d-v4,2
237257,reward,2385,357.090706801726,313.624,SF-P3O-NoFisher,Walker2d-v4,2
237546,reward,2386,456.61231670318944,332.324,SF-P3O-NoFisher,Walker2d-v4,2
237568,loss,0.05342772603034973,0.8639224767684937,SF-P3O-NoFisher,Walker2d-v4,2
237799,reward,2387,425.47588983328734,352.352,SF-P3O-NoFisher,Walker2d-v4,2
237938,reward,2388,233.6799546277344,338.719,SF-P3O-NoFisher,Walker2d-v4,2
238099,reward,2389,296.8564289612905,338.304,SF-P3O-NoFisher,Walker2d-v4,2
238377,reward,2390,400.32976457484233,343.561,SF-P3O-NoFisher,Walker2d-v4,2
238717,reward,2391,424.318933070623,348.698,SF-P3O-NoFisher,Walker2d-v4,2
238932,reward,2392,397.38131305423013,353.569,SF-P3O-NoFisher,Walker2d-v4,2
239079,reward,2393,292.3678601143311,343.42,SF-P3O-NoFisher,Walker2d-v4,2
239274,reward,2394,300.72456878744475,358.484,SF-P3O-NoFisher,Walker2d-v4,2
239426,reward,2395,222.9588323898722,345.071,SF-P3O-NoFisher,Walker2d-v4,2
239562,reward,2396,259.9990540596598,325.409,SF-P3O-NoFisher,Walker2d-v4,2
239648,reward,2397,72.36488918132068,290.098,SF-P3O-NoFisher,Walker2d-v4,2
239831,reward,2398,296.681135412059,296.398,SF-P3O-NoFisher,Walker2d-v4,2
240000,speed,553.28,7.97,SF-P3O-NoFisher,Walker2d-v4,2
240001,spectral,0.035375,0.960011,0.4712,SF-P3O-NoFisher,Walker2d-v4,2
240022,reward,2399,306.56502329428156,297.369,SF-P3O-NoFisher,Walker2d-v4,2
240212,reward,2400,268.7663616843201,284.213,SF-P3O-NoFisher,Walker2d-v4,2
240374,reward,2401,315.95806469228216,273.377,SF-P3O-NoFisher,Walker2d-v4,2
240701,reward,2402,430.5981832243527,276.698,SF-P3O-NoFisher,Walker2d-v4,2
240936,reward,2403,333.13530227280586,280.775,SF-P3O-NoFisher,Walker2d-v4,2
241054,reward,2404,49.363660902926284,255.639,SF-P3O-NoFisher,Walker2d-v4,2
241327,reward,2405,375.59900065329225,270.903,SF-P3O-NoFisher,Walker2d-v4,2
241581,reward,2406,417.5549786429634,286.659,SF-P3O-NoFisher,Walker2d-v4,2
241766,reward,2407,95.49038499759527,288.971,SF-P3O-NoFisher,Walker2d-v4,2
241979,reward,2408,350.19902872619934,294.323,SF-P3O-NoFisher,Walker2d-v4,2
242149,reward,2409,280.5313762116065,291.72,SF-P3O-NoFisher,Walker2d-v4,2
242330,reward,2410,108.09425513527388,275.652,SF-P3O-NoFisher,Walker2d-v4,2
242552,reward,2411,370.93412623792017,281.15,SF-P3O-NoFisher,Walker2d-v4,2
242837,reward,2412,435.3944041403659,281.63,SF-P3O-NoFisher,Walker2d-v4,2
242955,reward,2413,87.35447971485176,257.052,SF-P3O-NoFisher,Walker2d-v4,2
243171,reward,2414,368.98934423158147,289.014,SF-P3O-NoFisher,Walker2d-v4,2
243335,reward,2415,308.90593133638646,282.345,SF-P3O-NoFisher,Walker2d-v4,2
243542,reward,2416,374.01968330023846,277.991,SF-P3O-NoFisher,Walker2d-v4,2
243741,reward,2417,374.2585831329822,305.868,SF-P3O-NoFisher,Walker2d-v4,2
243942,reward,2418,364.15619544295004,307.264,SF-P3O-NoFisher,Walker2d-v4,2
244085,reward,2419,206.9443937170197,299.905,SF-P3O-NoFisher,Walker2d-v4,2
244278,reward,2420,358.3657878307617,324.932,SF-P3O-NoFisher,Walker2d-v4,2
244633,reward,2421,381.20924064380256,325.96,SF-P3O-NoFisher,Walker2d-v4,2
244910,reward,2422,370.7881130825784,319.499,SF-P3O-NoFisher,Walker2d-v4,2
245024,reward,2423,109.24020498188104,321.688,SF-P3O-NoFisher,Walker2d-v4,2
245424,reward,2424,215.1011158351261,306.299,SF-P3O-NoFisher,Walker2d-v4,2
245568,reward,2425,267.98879253413486,302.207,SF-P3O-NoFisher,Walker2d-v4,2
245747,reward,2426,295.5671462821413,294.362,SF-P3O-NoFisher,Walker2d-v4,2
245760,loss,-0.03287653252482414,0.7311736941337585,SF-P3O-NoFisher,Walker2d-v4,2
245760,diagnostics,0.0,58.55,31.8289,0.03618,0.959278,0.5062,-1.0,SF-P3O-NoFisher,Walker2d-v4,2
246058,reward,2427,364.96378171922794,293.432,SF-P3O-NoFisher,Walker2d-v4,2
246204,reward,2428,273.4708315601404,284.364,SF-P3O-NoFisher,Walker2d-v4,2
246332,reward,2429,242.67150250433184,287.937,SF-P3O-NoFisher,Walker2d-v4,2
246603,reward,2430,203.76301503433908,272.476,SF-P3O-NoFisher,Walker2d-v4,2
246744,reward,2431,251.2258891776071,259.478,SF-P3O-NoFisher,Walker2d-v4,2
246860,reward,2432,246.7496366294183,247.074,SF-P3O-NoFisher,Walker2d-v4,2
247071,reward,2433,334.5927139485112,269.609,SF-P3O-NoFisher,Walker2d-v4,2
247253,reward,2434,305.2301006938269,278.622,SF-P3O-NoFisher,Walker2d-v4,2
247570,reward,2435,461.3104091427588,297.955,SF-P3O-NoFisher,Walker2d-v4,2
247809,reward,2436,388.93944466379116,307.292,SF-P3O-NoFisher,Walker2d-v4,2
248318,reward,2437,563.381790342865,327.134,SF-P3O-NoFisher,Walker2d-v4,2
248560,reward,2438,364.47886967470725,336.234,SF-P3O-NoFisher,Walker2d-v4,2
248765,reward,2439,325.69359083848195,344.537,SF-P3O-NoFisher,Walker2d-v4,2
249028,reward,2440,399.6550895071531,364.126,SF-P3O-NoFisher,Walker2d-v4,2
249195,reward,2441,348.1003893327836,373.813,SF-P3O-NoFisher,Walker2d-v4,2
249386,reward,2442,317.5677232453322,380.895,SF-P3O-NoFisher,Walker2d-v4,2
249509,reward,2443,201.09186756139073,367.545,SF-P3O-NoFisher,Walker2d-v4,2
249909,reward,2444,301.00478129282504,367.122,SF-P3O-NoFisher,Walker2d-v4,2
250000,speed,570.9,8.26,SF-P3O-NoFisher,Walker2d-v4,2
250001,spectral,0.03618,0.959278,0.5062,SF-P3O-NoFisher,Walker2d-v4,2
250091,reward,2445,75.00034871183841,328.491,SF-P3O-NoFisher,Walker2d-v4,2
250296,reward,2446,315.6735575927142,321.165,SF-P3O-NoFisher,Walker2d-v4,2
250483,reward,2447,349.8156631422798,299.808,SF-P3O-NoFisher,Walker2d-v4,2
250671,reward,2448,309.45089365518396,294.305,SF-P3O-NoFisher,Walker2d-v4,2
250878,reward,2449,319.6542675675228,293.701,SF-P3O-NoFisher,Walker2d-v4,2
251031,reward,2450,282.42352389391203,281.978,SF-P3O-NoFisher,Walker2d-v4,2
251211,reward,2451,321.5448976358595,279.323,SF-P3O-NoFisher,Walker2d-v4,2
251411,reward,2452,342.8803186120342,281.854,SF-P3O-NoFisher,Walker2d-v4,2
251658,reward,2453,423.4338933273244,304.088,SF-P3O-NoFisher,Walker2d-v4,2
251945,reward,2454,440.91315167016194,318.079,SF-P3O-NoFisher,Walker2d-v4,2
252410,reward,2455,524.1935450803643,362.998,SF-P3O-NoFisher,Walker2d-v4,2
252636,reward,2456,78.2556037124417,339.257,SF-P3O-NoFisher,Walker2d-v4,2
252804,reward,2457,304.7934922758939,334.754,SF-P3O-NoFisher,Walker2d-v4,2
253041,reward,2458,407.8255496663256,344.592,SF-P3O-NoFisher,Walker2d-v4,2
253256,reward,2459,363.374125038071,348.964,SF-P3O-NoFisher,Walker2d-v4,2
253409,reward,2460,283.90787972286125,349.112,SF-P3O-NoFisher,Walker2d-v4,2
253633,reward,2461,354.781653566275,352.436,SF-P3O-NoFisher,Walker2d-v4,2
253776,reward,2462,49.29775095272424,323.078,SF-P3O-NoFisher,Walker2d-v4,2
253952,loss,-0.05134552717208862,0.6139461398124695,SF-P3O-NoFisher,Walker2d-v4,2
254031,reward,2463,406.80755799817354,321.415,SF-P3O-NoFisher,Walker2d-v4,2
254256,reward,2464,350.30245905846914,312.354,SF-P3O-NoFisher,Walker2d-v4,2
254525,reward,2465,172.38198888087678,277.173,SF-P3O-NoFisher,Walker2d-v4,2
254779,reward,2466,421.7595170713607,311.523,SF-P3O-NoFisher,Walker2d-v4,2
254920,reward,2467,253.96680118623217,306.441,SF-P3O-NoFisher,Walker2d-v4,2
255203,reward,2468,326.32101937747336,298.29,SF-P3O-NoFisher,Walker2d-v4,2
255395,reward,2469,374.36712281901646,299.389,SF-P3O-NoFisher,Walker2d-v4,2
255575,reward,2470,323.3734819786533,303.336,SF-P3O-NoFisher,Walker2d-v4,2
255702,reward,2471,203.09322260876704,288.167,SF-P3O-NoFisher,Walker2d-v4,2
255823,reward,2472,218.62117722560006,305.099,SF-P3O-NoFisher,Walker2d-v4,2
256049,reward,2473,359.0538515548144,300.324,SF-P3O-NoFisher,Walker2d-v4,2
256260,reward,2474,366.9904942032624,301.993,SF-P3O-NoFisher,Walker2d-v4,2
256596,reward,2475,437.981199969121,328.553,SF-P3O-NoFisher,Walker2d-v4,2
256815,reward,2476,359.1916482433105,322.296,SF-P3O-NoFisher,Walker2d-v4,2
257048,reward,2477,332.4026580979268,330.14,SF-P3O-NoFisher,Walker2d-v4,2
257209,reward,2478,77.02362453239333,305.21,SF-P3O-NoFisher,Walker2d-v4,2
257411,reward,2479,376.147460424861,305.388,SF-P3O-NoFisher,Walker2d-v4,2
257648,reward,2480,358.6326253932004,308.914,SF-P3O-NoFisher,Walker2d-v4,2
258173,reward,2481,653.4677117949913,353.951,SF-P3O-NoFisher,Walker2d-v4,2
258468,reward,2482,457.5985965665326,377.849,SF-P3O-NoFisher,Walker2d-v4,2
259011,reward,2483,649.390034982403,406.883,SF-P3O-NoFisher,Walker2d-v4,2
259246,reward,2484,418.2426993076317,412.008,SF-P3O-NoFisher,Walker2d-v4,2
259404,reward,2485,95.14667321918725,377.724,SF-P3O-NoFisher,Walker2d-v4,2
259919,reward,2486,526.1048998419817,394.416,SF-P3O-NoFisher,Walker2d-v4,2
260000,speed,567.13,8.56,SF-P3O-NoFisher,Walker2d-v4,2
260001,spectral,0.037211,0.958811,0.5516,SF-P3O-NoFisher,Walker2d-v4,2
260077,reward,2487,268.51079433566036,388.027,SF-P3O-NoFisher,Walker2d-v4,2
260201,reward,2488,215.14539963620993,401.839,SF-P3O-NoFisher,Walker2d-v4,2
260398,reward,2489,328.6485585864763,397.089,SF-P3O-NoFisher,Walker2d-v4,2
260627,reward,2490,411.1387330618768,402.339,SF-P3O-NoFisher,Walker2d-v4,2
260857,reward,2491,404.43311107684826,377.436,SF-P3O-NoFisher,Walker2d-v4,2
261030,reward,2492,324.0644805394454,364.083,SF-P3O-NoFisher,Walker2d-v4,2
261210,reward,2493,319.49018492529905,331.093,SF-P3O-NoFisher,Walker2d-v4,2
261388,reward,2494,341.325998340398,323.401,SF-P3O-NoFisher,Walker2d-v4,2
261550,reward,2495,273.06121831036234,341.192,SF-P3O-NoFisher,Walker2d-v4,2
261782,reward,2496,356.30356314945845,324.212,SF-P3O-NoFisher,Walker2d-v4,2
262044,reward,2497,395.7941528464645,336.941,SF-P3O-NoFisher,Walker2d-v4,2
262144,loss,-0.11066193878650665,1.0825847387313843,SF-P3O-NoFisher,Walker2d-v4,2
262144,diagnostics,0.0,58.98,60.1391,0.037942,0.95858,0.5625,-1.0,SF-P3O-NoFisher,Walker2d-v4,2
262285,reward,2498,398.1917094453517,355.245,SF-P3O-NoFisher,Walker2d-v4,2
262462,reward,2499,321.5872773416895,354.539,SF-P3O-NoFisher,Walker2d-v4,2
262646,reward,2500,103.75367165717341,323.801,SF-P3O-NoFisher,Walker2d-v4,2
262822,reward,2501,294.5149071360299,312.809,SF-P3O-NoFisher,Walker2d-v4,2
263107,reward,2502,425.1386013108231,322.916,SF-P3O-NoFisher,Walker2d-v4,2
263252,reward,2503,277.64540043180887,318.732,SF-P3O-NoFisher,Walker2d-v4,2
263505,reward,2504,400.51286231280966,324.65,SF-P3O-NoFisher,Walker2d-v4,2
263679,reward,2505,283.15196195830845,325.659,SF-P3O-NoFisher,Walker2d-v4,2
263852,reward,2506,281.98308136810635,318.227,SF-P3O-NoFisher,Walker2d-v4,2
263954,reward,2507,176.665893735062,296.315,SF-P3O-NoFisher,Walker2d-v4,2
264068,reward,2508,184.3049481794927,274.926,SF-P3O-NoFisher,Walker2d-v4,2
264222,reward,2509,276.06440848663203,270.374,SF-P3O-NoFisher,Walker2d-v4,2
264384,reward,2510,304.1499721115859,290.413,SF-P3O-NoFisher,Walker2d-v4,2
264572,reward,2511,344.5343570927423,295.415,SF-P3O-NoFisher,Walker2d-v4,2
264802,reward,2512,402.7364494816602,293.175,SF-P3O-NoFisher,Walker2d-v4,2
264924,reward,2513,233.40564059341412,288.751,SF-P3O-NoFisher,Walker2d-v4,2
265311,reward,2514,234.26439494598984,272.126,SF-P3O-NoFisher,Walker2d-v4,2
265446,reward,2515,242.08200788011268,268.019,SF-P3O-NoFisher,Walker2d-v4,2
265610,reward,2516,259.50679126591336,265.771,SF-P3O-NoFisher,Walker2d-v4,2
265925,reward,2517,409.76503401606936,289.081,SF-P3O-NoFisher,Walker2d-v4,2
266164,reward,2518,424.47580943699927,313.098,SF-P3O-NoFisher,Walker2d-v4,2
266396,reward,2519,356.9960212047092,321.192,SF-P3O-NoFisher,Walker2d-v4,2
266677,reward,2520,468.79690400695466,337.656,SF-P3O-NoFisher,Walker2d-v4,2
266879,reward,2521,112.48373145949229,314.451,SF-P3O-NoFisher,Walker2d-v4,2
267076,reward,2522,106.4838421072732,284.826,SF-P3O-NoFisher,Walker2d-v4,2
267401,reward,2523,478.41072326350763,309.327,SF-P3O-NoFisher,Walker2d-v4,2
267591,reward,2524,346.38200710108595,320.538,SF-P3O-NoFisher,Walker2d-v4,2
267762,reward,2525,282.38508614054666,324.569,SF-P3O-NoFisher,Walker2d-v4,2
267915,reward,2526,293.4009658614374,327.958,SF-P3O-NoFisher,Walker2d-v4,2
268092,reward,2527,360.1143909139589,322.993,SF-P3O-NoFisher,Walker2d-v4,2
268329,reward,2528,136.8607517053059,294.231,SF-P3O-NoFisher,Walker2d-v4,2
268886,reward,2529,618.9087154887487,320.423,SF-P3O-NoFisher,Walker2d-v4,2
269115,reward,2530,344.5766660447976,308.001,SF-P3O-NoFisher,Walker2d-v4,2
269294,reward,2531,290.8507985391247,325.837,SF-P3O-NoFisher,Walker2d-v4,2
269583,reward,2532,423.33281297352835,357.522,SF-P3O-NoFisher,Walker2d-v4,2
269780,reward,2533,340.49182137344746,343.73,SF-P3O-NoFisher,Walker2d-v4,2
269956,reward,2534,292.8533894995111,338.378,SF-P3O-NoFisher,Walker2d-v4,2
270000,speed,549.66,8.86,SF-P3O-NoFisher,Walker2d-v4,2
270001,spectral,0.037942,0.95858,0.5625,SF-P3O-NoFisher,Walker2d-v4,2
270175,reward,2535,337.7625894070867,343.915,SF-P3O-NoFisher,Walker2d-v4,2
270336,loss,-0.032548822462558746,0.7192572355270386,SF-P3O-NoFisher,Walker2d-v4,2
270397,reward,2536,339.91835185259845,348.567,SF-P3O-NoFisher,Walker2d-v4,2
270710,reward,2537,457.7506146168126,358.331,SF-P3O-NoFisher,Walker2d-v4,2
270933,reward,2538,340.82103615258075,378.727,SF-P3O-NoFisher,Walker2d-v4,2
271532,reward,2539,644.2192212128184,381.258,SF-P3O-NoFisher,Walker2d-v4,2
271798,reward,2540,461.134538269225,392.914,SF-P3O-NoFisher,Walker2d-v4,2
272134,reward,2541,522.471724413207,416.076,SF-P3O-NoFisher,Walker2d-v4,2
272314,reward,2542,286.99246330885086,402.442,SF-P3O-NoFisher,Walker2d-v4,2
272459,reward,2543,241.30709739123694,392.523,SF-P3O-NoFisher,Walker2d-v4,2
272647,reward,2544,292.50762221011774,392.489,SF-P3O-NoFisher,Walker2d-v4,2
272902,reward,2545,438.411291631498,402.553,SF-P3O-NoFisher,Walker2d-v4,2
273133,reward,2546,395.52427635411885,408.114,SF-P3O-NoFisher,Walker2d-v4,2
273281,reward,2547,300.6850098030528,392.407,SF-P3O-NoFisher,Walker2d-v4,2
273525,reward,2548,378.7730216077642,396.203,SF-P3O-NoFisher,Walker2d-v4,2
273722,reward,2549,348.0469140973865,366.585,SF-P3O-NoFisher,Walker2d-v4,2
273960,reward,2550,388.5851205071256,359.33,SF-P3O-NoFisher,Walker2d-v4,2
274243,reward,2551,401.7277280937051,347.256,SF-P3O-NoFisher,Walker2d-v4,2
274469,reward,2552,356.8554529947921,354.242,SF-P3O-NoFisher,Walker2d-v4,2
274585,reward,2553,40.55427806937191,334.167,SF-P3O-NoFisher,Walker2d-v4,2
274803,reward,2554,376.6239610373129,342.579,SF-P3O-NoFisher,Walker2d-v4,2
275009,reward,2555,359.2871153479511,334.666,SF-P3O-NoFisher,Walker2d-v4,2
275213,reward,2556,314.49211454924205,326.563,SF-P3O-NoFisher,Walker2d-v4,2
275467,reward,2557,409.73863125090634,337.468,SF-P3O-NoFisher,Walker2d-v4,2
275603,reward,2558,226.429165002477,322.234,SF-P3O-NoFisher,Walker2d-v4,2
275874,reward,2559,420.4662473118066,329.476,SF-P3O-NoFisher,Walker2d-v4,2
275985,reward,2560,215.66085578096167,312.184,SF-P3O-NoFisher,Walker2d-v4,2
276241,reward,2561,364.94134014134346,308.505,SF-P3O-NoFisher,Walker2d-v4,2
276814,reward,2562,595.5342384845271,332.373,SF-P3O-NoFisher,Walker2d-v4,2
277019,reward,2563,339.2910593335412,362.246,SF-P3O-NoFisher,Walker2d-v4,2
277203,reward,2564,300.9804965063465,354.682,SF-P3O-NoFisher,Walker2d-v4,2
277350,reward,2565,240.3045707253863,342.784,SF-P3O-NoFisher,Walker2d-v4,2
277647,reward,2566,491.0541947025879,360.44,SF-P3O-NoFisher,Walker2d-v4,2
277807,reward,2567,272.29082438341663,346.695,SF-P3O-NoFisher,Walker2d-v4,2
277957,reward,2568,252.9875517003328,349.351,SF-P3O-NoFisher,Walker2d-v4,2
278234,reward,2569,414.6776804134188,348.772,SF-P3O-NoFisher,Walker2d-v4,2
278360,reward,2570,253.95772776060576,352.602,SF-P3O-NoFisher,Walker2d-v4,2
278506,reward,2571,267.81155471478957,342.889,SF-P3O-NoFisher,Walker2d-v4,2
278528,loss,0.007090972736477852,0.6693410277366638,SF-P3O-NoFisher,Walker2d-v4,2
278528,diagnostics,0.0,59.37,35.6653,0.039595,0.957835,0.5954,-1.0,SF-P3O-NoFisher,Walker2d-v4,2
278716,reward,2572,360.128591496914,319.348,SF-P3O-NoFisher,Walker2d-v4,2
278915,reward,2573,323.6090323071981,317.78,SF-P3O-NoFisher,Walker2d-v4,2
279073,reward,2574,280.58837171979394,315.741,SF-P3O-NoFisher,Walker2d-v4,2
279565,reward,2575,638.3916831617565,355.55,SF-P3O-NoFisher,Walker2d-v4,2
279710,reward,2576,86.38747220905877,315.083,SF-P3O-NoFisher,Walker2d-v4,2
279898,reward,2577,338.47219984684773,321.701,SF-P3O-NoFisher,Walker2d-v4,2
280000,speed,385.68,9.29,SF-P3O-NoFisher,Walker2d-v4,2
280001,spectral,0.039595,0.957835,0.5954,SF-P3O-NoFisher,Walker2d-v4,2
280183,reward,2578,389.7699911967105,335.379,SF-P3O-NoFisher,Walker2d-v4,2
280300,reward,2579,228.86841330225812,316.799,SF-P3O-NoFisher,Walker2d-v4,2
280761,reward,2580,584.0891058837437,349.812,SF-P3O-NoFisher,Walker2d-v4,2
280935,reward,2581,270.4320815508209,350.074,SF-P3O-NoFisher,Walker2d-v4,2
281137,reward,2582,351.9216520685428,349.253,SF-P3O-NoFisher,Walker2d-v4,2
281330,reward,2583,326.31195305386825,349.523,SF-P3O-NoFisher,Walker2d-v4,2
281630,reward,2584,460.46698415495865,367.511,SF-P3O-NoFisher,Walker2d-v4,2
281892,reward,2585,402.1827115210284,343.89,SF-P3O-NoFisher,Walker2d-v4,2
282166,reward,2586,139.72455751982366,349.224,SF-P3O-NoFisher,Walker2d-v4,2
282313,reward,2587,286.42720677063346,344.019,SF-P3O-NoFisher,Walker2d-v4,2
282440,reward,2588,237.05912641103407,328.748,SF-P3O-NoFisher,Walker2d-v4,2
282774,reward,2589,510.6288821453201,356.924,SF-P3O-NoFisher,Walker2d-v4,2
283240,reward,2590,608.3619614612098,359.352,SF-P3O-NoFisher,Walker2d-v4,2
283384,reward,2591,287.5675000610472,361.065,SF-P3O-NoFisher,Walker2d-v4,2
283554,reward,2592,326.5128683644235,358.524,SF-P3O-NoFisher,Walker2d-v4,2
283701,reward,2593,268.4623646106882,352.739,SF-P3O-NoFisher,Walker2d-v4,2
283828,reward,2594,58.499514312302644,312.543,SF-P3O-NoFisher,Walker2d-v4,2
283984,reward,2595,269.66540840937944,299.291,SF-P3O-NoFisher,Walker2d-v4,2
284236,reward,2596,379.6761770585863,323.286,SF-P3O-NoFisher,Walker2d-v4,2
284429,reward,2597,331.33277802375665,327.777,SF-P3O-NoFisher,Walker2d-v4,2
284566,reward,2598,274.08044692739986,331.479,SF-P3O-NoFisher,Walker2d-v4,2
284895,reward,2599,522.8397572675394,332.7,SF-P3O-NoFisher,Walker2d-v4,2
285190,reward,2600,431.43835224824426,315.008,SF-P3O-NoFisher,Walker2d-v4,2
285387,reward,2601,326.57549551151874,318.908,SF-P3O-NoFisher,Walker2d-v4,2
285517,reward,2602,278.6817159882822,314.125,SF-P3O-NoFisher,Walker2d-v4,2
285691,reward,2603,326.7770883567668,319.957,SF-P3O-NoFisher,Walker2d-v4,2
285894,reward,2604,387.5658557216949,352.863,SF-P3O-NoFisher,Walker2d-v4,2
286027,reward,2605,246.86268692835102,350.583,SF-P3O-NoFisher,Walker2d-v4,2
286346,reward,2606,452.52392964126045,357.868,SF-P3O-NoFisher,Walker2d-v4,2
286560,reward,2607,332.26661647084586,357.961,SF-P3O-NoFisher,Walker2d-v4,2
286720,loss,-0.04742537438869476,0.8181954622268677,SF-P3O-NoFisher,Walker2d-v4,2
286799,reward,2608,145.2151069076467,345.075,SF-P3O-NoFisher,Walker2d-v4,2
287054,reward,2609,421.77478545142236,334.968,SF-P3O-NoFisher,Walker2d-v4,2
287829,reward,2610,841.3566300097787,375.96,SF-P3O-NoFisher,Walker2d-v4,2
287953,reward,2611,230.26448843390517,366.329,SF-P3O-NoFisher,Walker2d-v4,2
288104,reward,2612,272.4008145666341,365.701,SF-P3O-NoFisher,Walker2d-v4,2
288298,reward,2613,341.72950451631243,367.196,SF-P3O-NoFisher,Walker2d-v4,2
288498,reward,2614,330.45427016072165,361.485,SF-P3O-NoFisher,Walker2d-v4,2
288622,reward,2615,246.04106769114253,361.403,SF-P3O-NoFisher,Walker2d-v4,2
289095,reward,2616,603.701231460405,376.52,SF-P3O-NoFisher,Walker2d-v4,2
289203,reward,2617,214.76463976530943,364.77,SF-P3O-NoFisher,Walker2d-v4,2
289368,reward,2618,307.63022954733816,381.012,SF-P3O-NoFisher,Walker2d-v4,2
289532,reward,2619,305.76152851610357,369.41,SF-P3O-NoFisher,Walker2d-v4,2
289688,reward,2620,282.3291620214895,313.508,SF-P3O-NoFisher,Walker2d-v4,2
289900,reward,2621,351.5752015375031,325.639,SF-P3O-NoFisher,Walker2d-v4,2
290000,speed,565.97,9.59,SF-P3O-NoFisher,Walker2d-v4,2
290001,spectral,0.04035,0.957562,0.6344,SF-P3O-NoFisher,Walker2d-v4,2
290117,reward,2622,380.5861163714383,336.457,SF-P3O-NoFisher,Walker2d-v4,2
290594,reward,2623,546.021859495947,356.887,SF-P3O-NoFisher,Walker2d-v4,2
290759,reward,2624,260.45292434748956,349.886,SF-P3O-NoFisher,Walker2d-v4,2
291206,reward,2625,527.2773563890056,378.01,SF-P3O-NoFisher,Walker2d-v4,2
291387,reward,2626,318.70305778473215,349.51,SF-P3O-NoFisher,Walker2d-v4,2
291847,reward,2627,651.2531701724241,393.159,SF-P3O-NoFisher,Walker2d-v4,2
291998,reward,2628,102.81370103468335,372.677,SF-P3O-NoFisher,Walker2d-v4,2
292181,reward,2629,336.60897167290887,375.762,SF-P3O-NoFisher,Walker2d-v4,2
292362,reward,2630,325.7790807512611,380.107,SF-P3O-NoFisher,Walker2d-v4,2
292544,reward,2631,308.1840554451915,375.768,SF-P3O-NoFisher,Walker2d-v4,2
292700,reward,2632,294.8297274544426,367.192,SF-P3O-NoFisher,Walker2d-v4,2
292876,reward,2633,73.6045007825735,319.951,SF-P3O-NoFisher,Walker2d-v4,2
293044,reward,2634,296.51338463688495,323.557,SF-P3O-NoFisher,Walker2d-v4,2
293260,reward,2635,131.32182254211017,283.961,SF-P3O-NoFisher,Walker2d-v4,2
293433,reward,2636,231.74555464285595,275.265,SF-P3O-NoFisher,Walker2d-v4,2
293672,reward,2637,342.8736498147762,244.427,SF-P3O-NoFisher,Walker2d-v4,2
293835,reward,2638,54.571720417557046,239.603,SF-P3O-NoFisher,Walker2d-v4,2
293987,reward,2639,276.9507421671129,233.637,SF-P3O-NoFisher,Walker2d-v4,2
294156,reward,2640,344.0317925037085,235.463,SF-P3O-NoFisher,Walker2d-v4,2
294323,reward,2641,289.24249713745104,233.569,SF-P3O-NoFisher,Walker2d-v4,2
294453,reward,2642,246.3092132870812,228.716,SF-P3O-NoFisher,Walker2d-v4,2
294833,reward,2643,525.5698991153639,273.913,SF-P3O-NoFisher,Walker2d-v4,2
294912,loss,0.032283809036016464,0.9265588521957397,SF-P3O-NoFisher,Walker2d-v4,2
294912,diagnostics,0.0,59.83,67.0989,0.041336,0.957412,0.6378,-1.0,SF-P3O-NoFisher,Walker2d-v4,2
295025,reward,2644,310.67745017790327,275.329,SF-P3O-NoFisher,Walker2d-v4,2
295198,reward,2645,315.12712088727903,293.71,SF-P3O-NoFisher,Walker2d-v4,2
295373,reward,2646,281.4016787156043,298.676,SF-P3O-NoFisher,Walker2d-v4,2
295564,reward,2647,360.8145595706793,300.47,SF-P3O-NoFisher,Walker2d-v4,2
295711,reward,2648,255.47012779810316,320.56,SF-P3O-NoFisher,Walker2d-v4,2
295846,reward,2649,267.392398263749,319.604,SF-P3O-NoFisher,Walker2d-v4,2
296011,reward,2650,292.74171784832527,314.475,SF-P3O-NoFisher,Walker2d-v4,2
296165,reward,2651,311.59180337108967,316.71,SF-P3O-NoFisher,Walker2d-v4,2
296371,reward,2652,360.2249580172227,328.101,SF-P3O-NoFisher,Walker2d-v4,2
296659,reward,2653,440.52697639359207,319.597,SF-P3O-NoFisher,Walker2d-v4,2
296909,reward,2654,374.12110010221625,325.941,SF-P3O-NoFisher,Walker2d-v4,2
297095,reward,2655,350.11351570512556,329.44,SF-P3O-NoFisher,Walker2d-v4,2
297371,reward,2656,422.6244027512728,343.562,SF-P3O-NoFisher,Walker2d-v4,2
297821,reward,2657,542.8723547911009,361.768,SF-P3O-NoFisher,Walker2d-v4,2
298038,reward,2658,363.2990849907157,372.551,SF-P3O-NoFisher,Walker2d-v4,2
298340,reward,2659,435.80737669323116,389.392,SF-P3O-NoFisher,Walker2d-v4,2
298490,reward,2660,290.1132082397448,389.129,SF-P3O-NoFisher,Walker2d-v4,2
298618,reward,2661,262.6562616253519,384.236,SF-P3O-NoFisher,Walker2d-v4,2
298786,reward,2662,339.67706569440844,382.181,SF-P3O-NoFisher,Walker2d-v4,2
298950,reward,2663,305.121621211474,368.641,SF-P3O-NoFisher,Walker2d-v4,2
299205,reward,2664,361.1675028400388,367.345,SF-P3O-NoFisher,Walker2d-v4,2
299351,reward,2665,279.29090346883567,360.263,SF-P3O-NoFisher,Walker2d-v4,2
299555,reward,2666,289.55130774803683,346.956,SF-P3O-NoFisher,Walker2d-v4,2
299814,reward,2667,407.4602962018439,333.414,SF-P3O-NoFisher,Walker2d-v4,2
299974,reward,2668,267.04790120452583,323.789,SF-P3O-NoFisher,Walker2d-v4,2
300000,speed,562.08,9.88,SF-P3O-NoFisher,Walker2d-v4,2
300001,spectral,0.041336,0.957412,0.6378,SF-P3O-NoFisher,Walker2d-v4,2
300202,reward,2669,360.40965252067684,316.25,SF-P3O-NoFisher,Walker2d-v4,2
300401,reward,2670,361.9172166093463,323.43,SF-P3O-NoFisher,Walker2d-v4,2
300596,reward,2671,315.1142861550684,328.676,SF-P3O-NoFisher,Walker2d-v4,2
300770,reward,2672,285.2059981847142,323.229,SF-P3O-NoFisher,Walker2d-v4,2
300905,reward,2673,279.52668743540727,320.669,SF-P3O-NoFisher,Walker2d-v4,2
301214,reward,2674,460.50070452518594,330.602,SF-P3O-NoFisher,Walker2d-v4,2
301366,reward,2675,252.47399797996553,327.921,SF-P3O-NoFisher,Walker2d-v4,2
301587,reward,2676,392.1097761693607,338.177,SF-P3O-NoFisher,Walker2d-v4,2
301756,reward,2677,306.42632599382705,328.073,SF-P3O-NoFisher,Walker2d-v4,2
301944,reward,2678,297.48731203105825,331.117,SF-P3O-NoFisher,Walker2d-v4,2
302246,reward,2679,457.3576232596468,340.812,SF-P3O-NoFisher,Walker2d-v4,2
302505,reward,2680,372.4319696738381,341.863,SF-P3O-NoFisher,Walker2d-v4,2
302647,reward,2681,269.80653531669503,337.333,SF-P3O-NoFisher,Walker2d-v4,2
302819,reward,2682,318.21067966313944,340.633,SF-P3O-NoFisher,Walker2d-v4,2
302974,reward,2683,248.98727498669,337.579,SF-P3O-NoFisher,Walker2d-v4,2
303104,loss,-0.0974542424082756,1.023424506187439,SF-P3O-NoFisher,Walker2d-v4,2
303143,reward,2684,126.87476451599231,304.217,SF-P3O-NoFisher,Walker2d-v4,2
303305,reward,2685,114.00667834045755,290.37,SF-P3O-NoFisher,Walker2d-v4,2
303742,reward,2686,530.9833911336794,304.257,SF-P3O-NoFisher,Walker2d-v4,2
303925,reward,2687,324.757556268954,306.09,SF-P3O-NoFisher,Walker2d-v4,2
304076,reward,2688,284.5536131247167,304.797,SF-P3O-NoFisher,Walker2d-v4,2
304294,reward,2689,368.57658546402394,295.919,SF-P3O-NoFisher,Walker2d-v4,2
304423,reward,2690,234.90093180746837,282.166,SF-P3O-NoFisher,Walker2d-v4,2
304625,reward,2691,339.67829485049845,289.153,SF-P3O-NoFisher,Walker2d-v4,2
304743,reward,2692,211.48745226227342,278.481,SF-P3O-NoFisher,Walker2d-v4,2
304934,reward,2693,350.96158794426196,288.678,SF-P3O-NoFisher,Walker2d-v4,2
305095,reward,2694,284.6484197990101,304.455,SF-P3O-NoFisher,Walker2d-v4,2
305315,reward,2695,360.75994050637195,329.131,SF-P3O-NoFisher,Walker2d-v4,2
305512,reward,2696,308.7456548456276,306.907,SF-P3O-NoFisher,Walker2d-v4,2
305797,reward,2697,446.2531038498978,319.057,SF-P3O-NoFisher,Walker2d-v4,2
305951,reward,2698,318.6999918491972,322.471,SF-P3O-NoFisher,Walker2d-v4,2
306172,reward,2699,398.2545184081271,325.439,SF-P3O-NoFisher,Walker2d-v4,2
306321,reward,2700,64.67321608892856,308.416,SF-P3O-NoFisher,Walker2d-v4,2
306507,reward,2701,357.40184071599964,310.189,SF-P3O-NoFisher,Walker2d-v4,2
306675,reward,2702,319.6543833103398,321.005,SF-P3O-NoFisher,Walker2d-v4,2
306840,reward,2703,310.4430732483475,316.953,SF-P3O-NoFisher,Walker2d-v4,2
307023,reward,2704,316.9033154664769,320.179,SF-P3O-NoFisher,Walker2d-v4,2
307262,reward,2705,355.5101736936587,319.654,SF-P3O-NoFisher,Walker2d-v4,2
307477,reward,2706,353.60523865158035,324.14,SF-P3O-NoFisher,Walker2d-v4,2
307695,reward,2707,379.2990384449293,317.444,SF-P3O-NoFisher,Walker2d-v4,2
307951,reward,2708,400.807505538707,325.655,SF-P3O-NoFisher,Walker2d-v4,2
308077,reward,2709,245.73145881320227,310.403,SF-P3O-NoFisher,Walker2d-v4,2
308328,reward,2710,149.61011331212893,318.897,SF-P3O-NoFisher,Walker2d-v4,2
308440,reward,2711,200.7759444045733,303.234,SF-P3O-NoFisher,Walker2d-v4,2
308664,reward,2712,380.30433535584007,309.299,SF-P3O-NoFisher,Walker2d-v4,2
309019,reward,2713,201.1571978100041,298.37,SF-P3O-NoFisher,Walker2d-v4,2
309293,reward,2714,412.8758928537218,307.968,SF-P3O-NoFisher,Walker2d-v4,2
309599,reward,2715,468.08854924877,319.226,SF-P3O-NoFisher,Walker2d-v4,2
309804,reward,2716,400.9484234902084,323.96,SF-P3O-NoFisher,Walker2d-v4,2
310000,speed,574.66,10.17,SF-P3O-NoFisher,Walker2d-v4,2
310001,spectral,0.041959,0.957337,0.6516,SF-P3O-NoFisher,Walker2d-v4,2
310026,reward,2717,435.95382723813776,329.625,SF-P3O-NoFisher,Walker2d-v4,2
310189,reward,2718,300.33126692926487,319.578,SF-P3O-NoFisher,Walker2d-v4,2
310399,reward,2719,369.99390286816947,332.004,SF-P3O-NoFisher,Walker2d-v4,2
310631,reward,2720,397.8256925715136,356.826,SF-P3O-NoFisher,Walker2d-v4,2
310838,reward,2721,343.30677602050184,371.079,SF-P3O-NoFisher,Walker2d-v4,2
311073,reward,2722,344.9591867134273,367.544,SF-P3O-NoFisher,Walker2d-v4,2
311291,reward,2723,367.42731405913764,384.171,SF-P3O-NoFisher,Walker2d-v4,2
311296,loss,-0.09855615347623825,1.0231330394744873,SF-P3O-NoFisher,Walker2d-v4,2
311296,diagnostics,0.0,60.23,91.8376,0.042974,0.957097,0.647,-1.0,SF-P3O-NoFisher,Walker2d-v4,2
311462,reward,2724,339.34866819356057,376.818,SF-P3O-NoFisher,Walker2d-v4,2
311639,reward,2725,336.29496472252487,363.639,SF-P3O-NoFisher,Walker2d-v4,2
311793,reward,2726,279.60436553121764,351.505,SF-P3O-NoFisher,Walker2d-v4,2
311956,reward,2727,292.47006290227677,337.156,SF-P3O-NoFisher,Walker2d-v4,2
312176,reward,2728,352.6633522836224,342.389,SF-P3O-NoFisher,Walker2d-v4,2
312374,reward,2729,359.9841315110132,341.388,SF-P3O-NoFisher,Walker2d-v4,2
312691,reward,2730,476.2532120628575,349.231,SF-P3O-NoFisher,Walker2d-v4,2
312801,reward,2731,195.74368089461404,334.475,SF-P3O-NoFisher,Walker2d-v4,2
312970,reward,2732,308.7228737446648,330.851,SF-P3O-NoFisher,Walker2d-v4,2
313459,reward,2733,588.6326039879973,352.972,SF-P3O-NoFisher,Walker2d-v4,2
313585,reward,2734,236.58174333638715,342.695,SF-P3O-NoFisher,Walker2d-v4,2
313833,reward,2735,428.9398685600753,351.96,SF-P3O-NoFisher,Walker2d-v4,2
313978,reward,2736,292.19096653282566,353.218,SF-P3O-NoFisher,Walker2d-v4,2
314181,reward,2737,343.39434199469554,358.311,SF-P3O-NoFisher,Walker2d-v4,2
314415,reward,2738,329.9145229227103,356.036,SF-P3O-NoFisher,Walker2d-v4,2
314601,reward,2739,377.1741965281763,357.755,SF-P3O-NoFisher,Walker2d-v4,2
314807,reward,2740,369.0609656847547,347.036,SF-P3O-NoFisher,Walker2d-v4,2
315040,reward,2741,342.6350318337136,361.725,SF-P3O-NoFisher,Walker2d-v4,2
315204,reward,2742,296.50424949171236,360.503,SF-P3O-NoFisher,Walker2d-v4,2
315366,reward,2743,304.9409101758965,332.134,SF-P3O-NoFisher,Walker2d-v4,2
315569,reward,2744,331.66559349728317,341.642,SF-P3O-NoFisher,Walker2d-v4,2
315846,reward,2745,406.18205145177313,339.366,SF-P3O-NoFisher,Walker2d-v4,2
316012,reward,2746,307.08597751209385,340.856,SF-P3O-NoFisher,Walker2d-v4,2
316206,reward,2747,356.51669967172256,342.168,SF-P3O-NoFisher,Walker2d-v4,2
316439,reward,2748,384.78978028145065,347.656,SF-P3O-NoFisher,Walker2d-v4,2
316610,reward,2749,333.395277204795,343.278,SF-P3O-NoFisher,Walker2d-v4,2
316816,reward,2750,285.0477818300075,334.876,SF-P3O-NoFisher,Walker2d-v4,2
316961,reward,2751,266.0503715289903,327.218,SF-P3O-NoFisher,Walker2d-v4,2
317146,reward,2752,343.4793453037258,331.915,SF-P3O-NoFisher,Walker2d-v4,2
317374,reward,2753,314.39307447965285,332.861,SF-P3O-NoFisher,Walker2d-v4,2
317554,reward,2754,310.28803293703317,330.723,SF-P3O-NoFisher,Walker2d-v4,2
317707,reward,2755,266.5150968398265,316.756,SF-P3O-NoFisher,Walker2d-v4,2
317833,reward,2756,206.83320950004156,306.731,SF-P3O-NoFisher,Walker2d-v4,2
318006,reward,2757,276.4936358861801,298.729,SF-P3O-NoFisher,Walker2d-v4,2
318211,reward,2758,355.69610497028106,295.819,SF-P3O-NoFisher,Walker2d-v4,2
318339,reward,2759,246.0537537681856,287.085,SF-P3O-NoFisher,Walker2d-v4,2
318655,reward,2760,261.8884492951614,284.769,SF-P3O-NoFisher,Walker2d-v4,2
318870,reward,2761,359.3598766681762,294.1,SF-P3O-NoFisher,Walker2d-v4,2
319035,reward,2762,321.0484781521864,291.857,SF-P3O-NoFisher,Walker2d-v4,2
319158,reward,2763,230.30545023397016,283.448,SF-P3O-NoFisher,Walker2d-v4,2
319354,reward,2764,273.90729830417376,279.81,SF-P3O-NoFisher,Walker2d-v4,2
319488,loss,-0.09221639484167099,0.8861028552055359,SF-P3O-NoFisher,Walker2d-v4,2
319576,reward,2765,393.1903741107029,292.478,SF-P3O-NoFisher,Walker2d-v4,2
319776,reward,2766,121.43476883628426,283.938,SF-P3O-NoFisher,Walker2d-v4,2
320000,speed,389.32,10.6,SF-P3O-NoFisher,Walker2d-v4,2
320001,spectral,0.043786,0.957066,0.6703,SF-P3O-NoFisher,Walker2d-v4,2
320004,reward,2767,372.42220106114684,293.531,SF-P3O-NoFisher,Walker2d-v4,2
320138,reward,2768,261.81060356575523,284.142,SF-P3O-NoFisher,Walker2d-v4,2
320302,reward,2769,280.9349166710104,287.63,SF-P3O-NoFisher,Walker2d-v4,2
320469,reward,2770,313.3986437785812,292.781,SF-P3O-NoFisher,Walker2d-v4,2
320648,reward,2771,267.47356127880437,283.593,SF-P3O-NoFisher,Walker2d-v4,2
320800,reward,2772,305.89775591517906,282.078,SF-P3O-NoFisher,Walker2d-v4,2
320937,reward,2773,240.42292916058864,283.089,SF-P3O-NoFisher,Walker2d-v4,2
321101,reward,2774,276.59385715291836,283.358,SF-P3O-NoFisher,Walker2d-v4,2
321241,reward,2775,272.2315464984754,271.262,SF-P3O-NoFisher,Walker2d-v4,2
321427,reward,2776,328.2408180394672,291.943,SF-P3O-NoFisher,Walker2d-v4,2
321597,reward,2777,315.2727039047429,286.228,SF-P3O-NoFisher,Walker2d-v4,2
321878,reward,2778,443.67854183809874,304.415,SF-P3O-NoFisher,Walker2d-v4,2
322075,reward,2779,341.1626142938264,310.437,SF-P3O-NoFisher,Walker2d-v4,2
322435,reward,2780,473.03771451840583,326.401,SF-P3O-NoFisher,Walker2d-v4,2
322697,reward,2781,452.8100103444167,344.935,SF-P3O-NoFisher,Walker2d-v4,2
322858,reward,2782,331.2915736220192,347.474,SF-P3O-NoFisher,Walker2d-v4,2
323060,reward,2783,351.2410040888641,358.556,SF-P3O-NoFisher,Walker2d-v4,2
323272,reward,2784,384.89869111137733,369.387,SF-P3O-NoFisher,Walker2d-v4,2
323448,reward,2785,309.6554701795701,373.129,SF-P3O-NoFisher,Walker2d-v4,2
323616,reward,2786,323.15141510715773,372.62,SF-P3O-NoFisher,Walker2d-v4,2
323820,reward,2787,383.83014972694815,379.476,SF-P3O-NoFisher,Walker2d-v4,2
323973,reward,2788,262.98938406529743,361.407,SF-P3O-NoFisher,Walker2d-v4,2
324132,reward,2789,319.5831894825764,359.249,SF-P3O-NoFisher,Walker2d-v4,2
324381,reward,2790,418.0206370049363,353.747,SF-P3O-NoFisher,Walker2d-v4,2
324519,reward,2791,280.1438211042766,336.481,SF-P3O-NoFisher,Walker2d-v4,2
324668,reward,2792,294.62370304355426,332.814,SF-P3O-NoFisher,Walker2d-v4,2
324946,reward,2793,442.5497692874443,341.945,SF-P3O-NoFisher,Walker2d-v4,2
325164,reward,2794,349.7574530264386,338.43,SF-P3O-NoFisher,Walker2d-v4,2
325330,reward,2795,287.091836935186,336.174,SF-P3O-NoFisher,Walker2d-v4,2
325517,reward,2796,382.92053858885197,342.151,SF-P3O-NoFisher,Walker2d-v4,2
325651,reward,2797,255.61079123481596,329.329,SF-P3O-NoFisher,Walker2d-v4,2
325873,reward,2798,380.3470010930006,341.065,SF-P3O-NoFisher,Walker2d-v4,2
326010,reward,2799,266.4958635581301,335.756,SF-P3O-NoFisher,Walker2d-v4,2
326182,reward,2800,285.5900590315326,322.513,SF-P3O-NoFisher,Walker2d-v4,2
326401,reward,2801,371.31574519537384,331.63,SF-P3O-NoFisher,Walker2d-v4,2
326539,reward,2802,249.27753635116142,327.096,SF-P3O-NoFisher,Walker2d-v4,2
326742,reward,2803,369.560316629315,319.797,SF-P3O-NoFisher,Walker2d-v4,2
326921,reward,2804,392.5620007227265,324.077,SF-P3O-NoFisher,Walker2d-v4,2
327103,reward,2805,342.7339983031039,329.641,SF-P3O-NoFisher,Walker2d-v4,2
327288,reward,2806,106.01826783130736,301.951,SF-P3O-NoFisher,Walker2d-v4,2
327450,reward,2807,308.19241255222306,307.209,SF-P3O-NoFisher,Walker2d-v4,2
327608,reward,2808,309.46416717925194,300.121,SF-P3O-NoFisher,Walker2d-v4,2
327680,loss,-0.02168983407318592,0.9490008354187012,SF-P3O-NoFisher,Walker2d-v4,2
327680,diagnostics,0.0,60.61,62.9322,0.044524,0.95716,0.7053,-1.0,SF-P3O-NoFisher,Walker2d-v4,2
327781,reward,2809,272.6608114503903,300.738,SF-P3O-NoFisher,Walker2d-v4,2
327985,reward,2810,371.08607488655804,309.287,SF-P3O-NoFisher,Walker2d-v4,2
328164,reward,2811,322.45949960736766,304.402,SF-P3O-NoFisher,Walker2d-v4,2
328402,reward,2812,429.99124681613125,322.473,SF-P3O-NoFisher,Walker2d-v4,2
328657,reward,2813,401.87970924630974,325.705,SF-P3O-NoFisher,Walker2d-v4,2
328846,reward,2814,318.93033369777663,318.342,SF-P3O-NoFisher,Walker2d-v4,2
329078,reward,2815,367.13762677785894,320.782,SF-P3O-NoFisher,Walker2d-v4,2
329375,reward,2816,477.9113052502585,357.971,SF-P3O-NoFisher,Walker2d-v4,2
329597,reward,2817,354.0813689384205,362.56,SF-P3O-NoFisher,Walker2d-v4,2
329713,reward,2818,214.68106694547146,353.082,SF-P3O-NoFisher,Walker2d-v4,2
329939,reward,2819,370.5902053506455,362.875,SF-P3O-NoFisher,Walker2d-v4,2
330000,speed,559.59,10.9,SF-P3O-NoFisher,Walker2d-v4,2
330001,spectral,0.044524,0.95716,0.7053,SF-P3O-NoFisher,Walker2d-v4,2
330136,reward,2820,382.79661602952365,364.046,SF-P3O-NoFisher,Walker2d-v4,2
330296,reward,2821,280.4096376098425,359.841,SF-P3O-NoFisher,Walker2d-v4,2
330439,reward,2822,253.35237598338014,342.177,SF-P3O-NoFisher,Walker2d-v4,2
330585,reward,2823,303.27154716331825,332.316,SF-P3O-NoFisher,Walker2d-v4,2
330765,reward,2824,311.2649683306635,331.55,SF-P3O-NoFisher,Walker2d-v4,2
330940,reward,2825,322.4219834793259,327.078,SF-P3O-NoFisher,Walker2d-v4,2
331053,reward,2826,182.92973212177307,297.58,SF-P3O-NoFisher,Walker2d-v4,2
331319,reward,2827,426.02195968337395,304.774,SF-P3O-NoFisher,Walker2d-v4,2
331463,reward,2828,278.4807080212576,311.154,SF-P3O-NoFisher,Walker2d-v4,2
331685,reward,2829,360.02806621367057,310.098,SF-P3O-NoFisher,Walker2d-v4,2
331848,reward,2830,295.92564263313267,301.411,SF-P3O-NoFisher,Walker2d-v4,2
332035,reward,2831,339.87118494642147,307.357,SF-P3O-NoFisher,Walker2d-v4,2
332278,reward,2832,429.16567318539984,324.938,SF-P3O-NoFisher,Walker2d-v4,2
332541,reward,2833,367.5626850302284,331.367,SF-P3O-NoFisher,Walker2d-v4,2
332784,reward,2834,382.95619889720126,338.536,SF-P3O-NoFisher,Walker2d-v4,2
332946,reward,2835,289.42582482675044,335.237,SF-P3O-NoFisher,Walker2d-v4,2
333057,reward,2836,209.64179001544176,337.908,SF-P3O-NoFisher,Walker2d-v4,2
333285,reward,2837,148.76417100704936,310.182,SF-P3O-NoFisher,Walker2d-v4,2
333452,reward,2838,307.59197865183137,313.093,SF-P3O-NoFisher,Walker2d-v4,2
333649,reward,2839,335.59372522526144,310.65,SF-P3O-NoFisher,Walker2d-v4,2
333808,reward,2840,274.07646178246335,308.465,SF-P3O-NoFisher,Walker2d-v4,2
333940,reward,2841,249.38712694797502,299.417,SF-P3O-NoFisher,Walker2d-v4,2
334123,reward,2842,326.4108902898462,289.141,SF-P3O-NoFisher,Walker2d-v4,2
334269,reward,2843,285.0011781425363,280.885,SF-P3O-NoFisher,Walker2d-v4,2
334406,reward,2844,283.03538227163455,270.893,SF-P3O-NoFisher,Walker2d-v4,2
334673,reward,2845,141.536584233492,256.104,SF-P3O-NoFisher,Walker2d-v4,2
334773,reward,2846,54.48327360191628,240.588,SF-P3O-NoFisher,Walker2d-v4,2
334984,reward,2847,357.0731591952889,261.419,SF-P3O-NoFisher,Walker2d-v4,2
335125,reward,2848,261.8096370683291,256.841,SF-P3O-NoFisher,Walker2d-v4,2
335249,reward,2849,225.32700106135516,245.814,SF-P3O-NoFisher,Walker2d-v4,2
335411,reward,2850,290.9135186040537,247.498,SF-P3O-NoFisher,Walker2d-v4,2
335672,reward,2851,416.2929874489273,264.188,SF-P3O-NoFisher,Walker2d-v4,2
335872,loss,-0.04989759624004364,0.5524803996086121,SF-P3O-NoFisher,Walker2d-v4,2
335948,reward,2852,407.68581488720076,272.316,SF-P3O-NoFisher,Walker2d-v4,2
336116,reward,2853,330.8974862127499,276.905,SF-P3O-NoFisher,Walker2d-v4,2
336249,reward,2854,267.57453046929294,275.359,SF-P3O-NoFisher,Walker2d-v4,2
336416,reward,2855,304.65695314310244,291.671,SF-P3O-NoFisher,Walker2d-v4,2
336607,reward,2856,339.8326870746942,320.206,SF-P3O-NoFisher,Walker2d-v4,2
336784,reward,2857,101.7135496955616,294.67,SF-P3O-NoFisher,Walker2d-v4,2
336943,reward,2858,293.7796569977792,297.867,SF-P3O-NoFisher,Walker2d-v4,2
337143,reward,2859,363.1525457131212,311.65,SF-P3O-NoFisher,Walker2d-v4,2
337291,reward,2860,299.72407274531486,312.531,SF-P3O-NoFisher,Walker2d-v4,2
337549,reward,2861,449.8553265995905,315.887,SF-P3O-NoFisher,Walker2d-v4,2
337727,reward,2862,311.93191740800927,306.312,SF-P3O-NoFisher,Walker2d-v4,2
337870,reward,2863,275.9914907344788,300.821,SF-P3O-NoFisher,Walker2d-v4,2
338047,reward,2864,331.74407712090374,307.238,SF-P3O-NoFisher,Walker2d-v4,2
338239,reward,2865,363.2080396731884,313.093,SF-P3O-NoFisher,Walker2d-v4,2
338435,reward,2866,284.5841322834227,307.568,SF-P3O-NoFisher,Walker2d-v4,2
338604,reward,2867,333.9503037099464,330.792,SF-P3O-NoFisher,Walker2d-v4,2
338748,reward,2868,298.0614811085733,331.22,SF-P3O-NoFisher,Walker2d-v4,2
338946,reward,2869,357.0159418574712,330.607,SF-P3O-NoFisher,Walker2d-v4,2
339114,reward,2870,281.76792030680184,328.811,SF-P3O-NoFisher,Walker2d-v4,2
339303,reward,2871,76.17503058328424,291.443,SF-P3O-NoFisher,Walker2d-v4,2
339496,reward,2872,335.11694929157,293.762,SF-P3O-NoFisher,Walker2d-v4,2
339686,reward,2873,357.7895050422733,301.941,SF-P3O-NoFisher,Walker2d-v4,2
339873,reward,2874,347.8544412806427,303.552,SF-P3O-NoFisher,Walker2d-v4,2
340000,speed,533.71,11.21,SF-P3O-NoFisher,Walker2d-v4,2
340001,spectral,0.045241,0.956975,0.7135,SF-P3O-NoFisher,Walker2d-v4,2
340098,reward,2875,394.56761182708516,306.688,SF-P3O-NoFisher,Walker2d-v4,2
340266,reward,2876,268.9837989172907,305.128,SF-P3O-NoFisher,Walker2d-v4,2
340502,reward,2877,358.19443892396595,307.553,SF-P3O-NoFisher,Walker2d-v4,2
340874,reward,2878,498.2260971676688,327.569,SF-P3O-NoFisher,Walker2d-v4,2
341051,reward,2879,340.8100089612271,325.949,SF-P3O-NoFisher,Walker2d-v4,2
341266,reward,2880,357.1817605668591,333.49,SF-P3O-NoFisher,Walker2d-v4,2
341467,reward,2881,380.5400580546001,363.926,SF-P3O-NoFisher,Walker2d-v4,2
341647,reward,2882,317.82911275881065,362.198,SF-P3O-NoFisher,Walker2d-v4,2
341985,reward,2883,397.5195055602811,366.171,SF-P3O-NoFisher,Walker2d-v4,2
342210,reward,2884,407.34174142320364,372.119,SF-P3O-NoFisher,Walker2d-v4,2
342374,reward,2885,311.5727677102162,363.82,SF-P3O-NoFisher,Walker2d-v4,2
342492,reward,2886,209.7815760311521,357.9,SF-P3O-NoFisher,Walker2d-v4,2
342766,reward,2887,391.2416224083229,361.204,SF-P3O-NoFisher,Walker2d-v4,2
342924,reward,2888,276.77709385730424,339.06,SF-P3O-NoFisher,Walker2d-v4,2
343092,reward,2889,308.3655453556788,335.815,SF-P3O-NoFisher,Walker2d-v4,2
343354,reward,2890,156.17569607663359,315.714,SF-P3O-NoFisher,Walker2d-v4,2
343529,reward,2891,300.78445889797814,307.739,SF-P3O-NoFisher,Walker2d-v4,2
343735,reward,2892,361.65519017952585,312.122,SF-P3O-NoFisher,Walker2d-v4,2
343906,reward,2893,283.8115260383067,300.751,SF-P3O-NoFisher,Walker2d-v4,2
344064,loss,-0.08564131706953049,1.0570579767227173,SF-P3O-NoFisher,Walker2d-v4,2
344064,diagnostics,0.0,60.97,72.8468,0.04573,0.957059,0.7025,-1.0,SF-P3O-NoFisher,Walker2d-v4,2
344137,reward,2894,360.19613085513004,296.036,SF-P3O-NoFisher,Walker2d-v4,2
344328,reward,2895,365.0186720351828,301.381,SF-P3O-NoFisher,Walker2d-v4,2
344488,reward,2896,316.52839828790366,312.055,SF-P3O-NoFisher,Walker2d-v4,2
344756,reward,2897,469.51691654595453,319.883,SF-P3O-NoFisher,Walker2d-v4,2
344933,reward,2898,311.1961065378666,323.325,SF-P3O-NoFisher,Walker2d-v4,2
345093,reward,2899,326.79041176847005,325.167,SF-P3O-NoFisher,Walker2d-v4,2
345335,reward,2900,437.6605909188524,353.316,SF-P3O-NoFisher,Walker2d-v4,2
345545,reward,2901,370.3342046798659,360.271,SF-P3O-NoFisher,Walker2d-v4,2
345711,reward,2902,266.3160173130139,350.737,SF-P3O-NoFisher,Walker2d-v4,2
345888,reward,2903,338.5255049071425,356.208,SF-P3O-NoFisher,Walker2d-v4,2
346077,reward,2904,350.00863583955106,355.19,SF-P3O-NoFisher,Walker2d-v4,2
346209,reward,2905,252.5546728827516,343.943,SF-P3O-NoFisher,Walker2d-v4,2
346384,reward,2906,316.6568315702173,343.956,SF-P3O-NoFisher,Walker2d-v4,2
346565,reward,2907,276.37576511065737,324.642,SF-P3O-NoFisher,Walker2d-v4,2
346849,reward,2908,482.8655935876992,341.809,SF-P3O-NoFisher,Walker2d-v4,2
347014,reward,2909,319.1791038780911,341.048,SF-P3O-NoFisher,Walker2d-v4,2
347216,reward,2910,370.1447702587077,334.296,SF-P3O-NoFisher,Walker2d-v4,2
347352,reward,2911,249.80750597288673,322.243,SF-P3O-NoFisher,Walker2d-v4,2
347520,reward,2912,325.80601596176604,328.192,SF-P3O-NoFisher,Walker2d-v4,2
347665,reward,2913,264.5645992191236,320.796,SF-P3O-NoFisher,Walker2d-v4,2
347854,reward,2914,369.7163194551557,322.767,SF-P3O-NoFisher,Walker2d-v4,2
348003,reward,2915,262.5850464495324,323.77,SF-P3O-NoFisher,Walker2d-v4,2
348171,reward,2916,277.98976231295234,319.903,SF-P3O-NoFisher,Walker2d-v4,2
348281,reward,2917,33.83545214171054,295.649,SF-P3O-NoFisher,Walker2d-v4,2
348388,reward,2918,203.56377119424602,267.719,SF-P3O-NoFisher,Walker2d-v4,2
348528,reward,2919,269.049173816243,262.706,SF-P3O-NoFisher,Walker2d-v4,2
348701,reward,2920,344.9932349006565,260.191,SF-P3O-NoFisher,Walker2d-v4,2
348909,reward,2921,360.66914617035724,271.277,SF-P3O-NoFisher,Walker2d-v4,2
349114,reward,2922,346.2266228543377,273.319,SF-P3O-NoFisher,Walker2d-v4,2
349311,reward,2923,399.371149485859,286.8,SF-P3O-NoFisher,Walker2d-v4,2
349493,reward,2924,363.4855406068481,286.177,SF-P3O-NoFisher,Walker2d-v4,2
349620,reward,2925,248.21535149326425,284.74,SF-P3O-NoFisher,Walker2d-v4,2
349778,reward,2926,318.82125537982216,288.823,SF-P3O-NoFisher,Walker2d-v4,2
349984,reward,2927,98.17890790576398,295.257,SF-P3O-NoFisher,Walker2d-v4,2
350000,speed,567.46,11.51,SF-P3O-NoFisher,Walker2d-v4,2
350001,spectral,0.04573,0.957059,0.7025,SF-P3O-NoFisher,Walker2d-v4,2
350182,reward,2928,355.33962821133775,310.435,SF-P3O-NoFisher,Walker2d-v4,2
350359,reward,2929,324.18537199695885,315.949,SF-P3O-NoFisher,Walker2d-v4,2
350537,reward,2930,331.9615749701505,314.645,SF-P3O-NoFisher,Walker2d-v4,2
350671,reward,2931,209.61288732187558,299.54,SF-P3O-NoFisher,Walker2d-v4,2
350824,reward,2932,294.35873407583387,294.353,SF-P3O-NoFisher,Walker2d-v4,2
350965,reward,2933,267.11897568916123,281.128,SF-P3O-NoFisher,Walker2d-v4,2
351069,reward,2934,211.38590352123427,265.918,SF-P3O-NoFisher,Walker2d-v4,2
351239,reward,2935,297.875259926675,270.884,SF-P3O-NoFisher,Walker2d-v4,2
351533,reward,2936,419.7874463262187,280.98,SF-P3O-NoFisher,Walker2d-v4,2
351737,reward,2937,327.3358741458929,303.896,SF-P3O-NoFisher,Walker2d-v4,2
352047,reward,2938,461.6117396865969,314.523,SF-P3O-NoFisher,Walker2d-v4,2
352256,loss,-0.08754292130470276,0.798065185546875,SF-P3O-NoFisher,Walker2d-v4,2
352284,reward,2939,354.6743750598414,317.572,SF-P3O-NoFisher,Walker2d-v4,2
352473,reward,2940,334.0919609363264,317.785,SF-P3O-NoFisher,Walker2d-v4,2
352654,reward,2941,351.27675559426183,331.952,SF-P3O-NoFisher,Walker2d-v4,2
352907,reward,2942,462.2026477300353,348.736,SF-P3O-NoFisher,Walker2d-v4,2
353047,reward,2943,220.77981612505226,344.102,SF-P3O-NoFisher,Walker2d-v4,2
353284,reward,2944,372.71768118176055,360.235,SF-P3O-NoFisher,Walker2d-v4,2
353437,reward,2945,271.965825753434,357.644,SF-P3O-NoFisher,Walker2d-v4,2
353641,reward,2946,353.90808617765913,351.056,SF-P3O-NoFisher,Walker2d-v4,2
353848,reward,2947,349.1192476003546,353.235,SF-P3O-NoFisher,Walker2d-v4,2
354031,reward,2948,335.6110549241556,340.635,SF-P3O-NoFisher,Walker2d-v4,2
354307,reward,2949,411.91291111695244,346.359,SF-P3O-NoFisher,Walker2d-v4,2
354670,reward,2950,463.35720099359776,359.285,SF-P3O-NoFisher,Walker2d-v4,2
354820,reward,2951,304.02373271048754,354.56,SF-P3O-NoFisher,Walker2d-v4,2
354950,reward,2952,246.3613999145646,332.976,SF-P3O-NoFisher,Walker2d-v4,2
355178,reward,2953,377.21869088420965,348.62,SF-P3O-NoFisher,Walker2d-v4,2
355400,reward,2954,327.2103982039617,344.069,SF-P3O-NoFisher,Walker2d-v4,2
355553,reward,2955,312.29597353493466,348.102,SF-P3O-NoFisher,Walker2d-v4,2
355656,reward,2956,199.59376390007426,332.67,SF-P3O-NoFisher,Walker2d-v4,2
355833,reward,2957,347.2504025672937,332.484,SF-P3O-NoFisher,Walker2d-v4,2
355990,reward,2958,303.22321046419097,329.245,SF-P3O-NoFisher,Walker2d-v4,2
356187,reward,2959,357.9565956109263,323.849,SF-P3O-NoFisher,Walker2d-v4,2
356322,reward,2960,245.5473707521638,302.068,SF-P3O-NoFisher,Walker2d-v4,2
356469,reward,2961,238.7741664586924,295.543,SF-P3O-NoFisher,Walker2d-v4,2
356624,reward,2962,287.39427304538424,299.646,SF-P3O-NoFisher,Walker2d-v4,2
356817,reward,2963,306.1097667079855,292.536,SF-P3O-NoFisher,Walker2d-v4,2
356970,reward,2964,250.60678523205524,284.875,SF-P3O-NoFisher,Walker2d-v4,2
357216,reward,2965,394.0413433827654,293.05,SF-P3O-NoFisher,Walker2d-v4,2
357439,reward,2966,385.9411504279378,311.685,SF-P3O-NoFisher,Walker2d-v4,2
357609,reward,2967,338.87494685112034,310.847,SF-P3O-NoFisher,Walker2d-v4,2
357816,reward,2968,337.39426194277877,314.264,SF-P3O-NoFisher,Walker2d-v4,2
357955,reward,2969,270.95184146429943,305.564,SF-P3O-NoFisher,Walker2d-v4,2
358096,reward,2970,279.9961477858375,309.008,SF-P3O-NoFisher,Walker2d-v4,2
358363,reward,2971,433.86753306658625,328.518,SF-P3O-NoFisher,Walker2d-v4,2
358540,reward,2972,113.62892977334164,311.141,SF-P3O-NoFisher,Walker2d-v4,2
358722,reward,2973,340.91357669928726,314.622,SF-P3O-NoFisher,Walker2d-v4,2
358903,reward,2974,306.74477009220686,320.235,SF-P3O-NoFisher,Walker2d-v4,2
359281,reward,2975,558.6011957449095,336.691,SF-P3O-NoFisher,Walker2d-v4,2
359516,reward,2976,371.3647267345438,335.234,SF-P3O-NoFisher,Walker2d-v4,2
359661,reward,2977,289.9844394122755,330.345,SF-P3O-NoFisher,Walker2d-v4,2
359845,reward,2978,85.02838969877946,305.108,SF-P3O-NoFisher,Walker2d-v4,2
360000,speed,563.39,11.8,SF-P3O-NoFisher,Walker2d-v4,2
360001,spectral,0.046322,0.957213,0.7166,SF-P3O-NoFisher,Walker2d-v4,2
360021,reward,2979,292.95081698821093,307.308,SF-P3O-NoFisher,Walker2d-v4,2
360175,reward,2980,318.57488810880005,311.166,SF-P3O-NoFisher,Walker2d-v4,2
360448,loss,-0.11102842539548874,0.9345971941947937,SF-P3O-NoFisher,Walker2d-v4,2
360448,diagnostics,0.0,61.36,73.592,0.047159,0.956524,0.7221,-1.0,SF-P3O-NoFisher,Walker2d-v4,2
360642,reward,2981,591.1351500344219,326.893,SF-P3O-NoFisher,Walker2d-v4,2
360848,reward,2982,350.81544234928026,350.611,SF-P3O-NoFisher,Walker2d-v4,2
360960,reward,2983,226.28276921189297,339.148,SF-P3O-NoFisher,Walker2d-v4,2
361122,reward,2984,283.1974396859425,336.794,SF-P3O-NoFisher,Walker2d-v4,2
361294,reward,2985,323.7249171840689,313.306,SF-P3O-NoFisher,Walker2d-v4,2
361551,reward,2986,466.61451777648807,322.831,SF-P3O-NoFisher,Walker2d-v4,2
361791,reward,2987,428.51189169073865,336.684,SF-P3O-NoFisher,Walker2d-v4,2
361962,reward,2988,317.89908362000256,359.971,SF-P3O-NoFisher,Walker2d-v4,2
362158,reward,2989,354.95278435601597,366.171,SF-P3O-NoFisher,Walker2d-v4,2
362315,reward,2990,288.85318389378716,363.199,SF-P3O-NoFisher,Walker2d-v4,2
362449,reward,2991,242.70552286067246,328.356,SF-P3O-NoFisher,Walker2d-v4,2
362654,reward,2992,399.2753037945548,333.202,SF-P3O-NoFisher,Walker2d-v4,2
362793,reward,2993,289.6339088238028,339.537,SF-P3O-NoFisher,Walker2d-v4,2
362949,reward,2994,284.36634562185463,339.654,SF-P3O-NoFisher,Walker2d-v4,2
363202,reward,2995,441.8312715559929,351.464,SF-P3O-NoFisher,Walker2d-v4,2
363296,reward,2996,192.37745520443292,324.041,SF-P3O-NoFisher,Walker2d-v4,2
363435,reward,2997,299.62789469666575,311.152,SF-P3O-NoFisher,Walker2d-v4,2
363655,reward,2998,366.34182720908785,315.997,SF-P3O-NoFisher,Walker2d-v4,2
363756,reward,2999,203.82176347736785,300.883,SF-P3O-NoFisher,Walker2d-v4,2
363993,reward,3000,404.96944436276226,312.495,SF-P3O-NoFisher,Walker2d-v4,2
364229,reward,3001,379.60188893552873,326.185,SF-P3O-NoFisher,Walker2d-v4,2
364397,reward,3002,309.7649645604255,317.234,SF-P3O-NoFisher,Walker2d-v4,2
364550,reward,3003,309.0919500653406,319.179,SF-P3O-NoFisher,Walker2d-v4,2
364724,reward,3004,313.6275276790198,322.106,SF-P3O-NoFisher,Walker2d-v4,2
364887,reward,3005,325.32542191811103,310.455,SF-P3O-NoFisher,Walker2d-v4,2
365093,reward,3006,357.80150018856006,326.997,SF-P3O-NoFisher,Walker2d-v4,2
365306,reward,3007,345.78844842916016,331.613,SF-P3O-NoFisher,Walker2d-v4,2
365537,reward,3008,464.4371369785626,341.423,SF-P3O-NoFisher,Walker2d-v4,2
365703,reward,3009,294.0138066229817,350.442,SF-P3O-NoFisher,Walker2d-v4,2
365884,reward,3010,322.6454452242945,342.21,SF-P3O-NoFisher,Walker2d-v4,2
366224,reward,3011,447.04569822788574,348.954,SF-P3O-NoFisher,Walker2d-v4,2
366403,reward,3012,339.9173340879315,351.969,SF-P3O-NoFisher,Walker2d-v4,2
366632,reward,3013,342.2069484746146,355.281,SF-P3O-NoFisher,Walker2d-v4,2
366810,reward,3014,332.12582448859746,357.131,SF-P3O-NoFisher,Walker2d-v4,2
367007,reward,3015,366.4612129491995,361.244,SF-P3O-NoFisher,Walker2d-v4,2
367168,reward,3016,298.5074926598894,355.315,SF-P3O-NoFisher,Walker2d-v4,2
367299,reward,3017,247.15262051664504,345.451,SF-P3O-NoFisher,Walker2d-v4,2
367435,reward,3018,264.4571023845345,325.453,SF-P3O-NoFisher,Walker2d-v4,2
367562,reward,3019,243.13342745515797,320.365,SF-P3O-NoFisher,Walker2d-v4,2
367706,reward,3020,283.9588068804348,316.497,SF-P3O-NoFisher,Walker2d-v4,2
367965,reward,3021,420.1401231949904,313.806,SF-P3O-NoFisher,Walker2d-v4,2
368119,reward,3022,258.8867980807148,305.703,SF-P3O-NoFisher,Walker2d-v4,2
368283,reward,3023,350.7810067109158,306.56,SF-P3O-NoFisher,Walker2d-v4,2
368486,reward,3024,360.1185290028864,309.36,SF-P3O-NoFisher,Walker2d-v4,2
368623,reward,3025,238.59528753961135,296.573,SF-P3O-NoFisher,Walker2d-v4,2
368640,loss,-0.05467671900987625,0.813115656375885,SF-P3O-NoFisher,Walker2d-v4,2
368797,reward,3026,320.07111078927915,298.729,SF-P3O-NoFisher,Walker2d-v4,2
368977,reward,3027,320.373321061686,306.052,SF-P3O-NoFisher,Walker2d-v4,2
369169,reward,3028,329.18909463955583,312.525,SF-P3O-NoFisher,Walker2d-v4,2
369321,reward,3029,263.9867885731529,314.61,SF-P3O-NoFisher,Walker2d-v4,2
369477,reward,3030,78.90097022174128,294.104,SF-P3O-NoFisher,Walker2d-v4,2
369613,reward,3031,259.27377056925843,278.018,SF-P3O-NoFisher,Walker2d-v4,2
369731,reward,3032,233.53531736092654,275.483,SF-P3O-NoFisher,Walker2d-v4,2
369954,reward,3033,382.0081890740112,278.605,SF-P3O-NoFisher,Walker2d-v4,2
370000,speed,401.45,12.22,SF-P3O-NoFisher,Walker2d-v4,2
370001,spectral,0.047756,0.956012,0.743,SF-P3O-NoFisher,Walker2d-v4,2
370130,reward,3034,356.1600765813591,278.209,SF-P3O-NoFisher,Walker2d-v4,2
370284,reward,3035,278.1544216992323,282.165,SF-P3O-NoFisher,Walker2d-v4,2
370484,reward,3036,353.3058513107529,285.489,SF-P3O-NoFisher,Walker2d-v4,2
370672,reward,3037,338.98663175422934,287.35,SF-P3O-NoFisher,Walker2d-v4,2
370901,reward,3038,388.6897586764406,293.3,SF-P3O-NoFisher,Walker2d-v4,2
371075,reward,3039,307.3035907585163,297.632,SF-P3O-NoFisher,Walker2d-v4,2
371295,reward,3040,366.85816559533856,326.428,SF-P3O-NoFisher,Walker2d-v4,2
371456,reward,3041,308.63640403463154,331.364,SF-P3O-NoFisher,Walker2d-v4,2
371636,reward,3042,333.4205758270828,341.352,SF-P3O-NoFisher,Walker2d-v4,2
371809,reward,3043,351.82323606930976,338.334,SF-P3O-NoFisher,Walker2d-v4,2
371944,reward,3044,246.0555609499826,327.323,SF-P3O-NoFisher,Walker2d-v4,2
372072,reward,3045,233.82759346408852,322.891,SF-P3O-NoFisher,Walker2d-v4,2
372385,reward,3046,413.37360317067277,328.898,SF-P3O-NoFisher,Walker2d-v4,2
372562,reward,3047,340.52434991421165,329.051,SF-P3O-NoFisher,Walker2d-v4,2
372761,reward,3048,344.93068852827497,324.675,SF-P3O-NoFisher,Walker2d-v4,2
373020,reward,3049,428.5132956993042,336.796,SF-P3O-NoFisher,Walker2d-v4,2
373195,reward,3050,317.87599905611495,331.898,SF-P3O-NoFisher,Walker2d-v4,2
373360,reward,3051,333.22642863159166,334.357,SF-P3O-NoFisher,Walker2d-v4,2
373557,reward,3052,397.46111346301376,340.761,SF-P3O-NoFisher,Walker2d-v4,2
373901,reward,3053,489.47359405850915,354.526,SF-P3O-NoFisher,Walker2d-v4,2
374039,reward,3054,42.69528084868334,334.19,SF-P3O-NoFisher,Walker2d-v4,2
374187,reward,3055,301.0427508850299,340.912,SF-P3O-NoFisher,Walker2d-v4,2
374360,reward,3056,352.0772800167402,334.782,SF-P3O-NoFisher,Walker2d-v4,2
374525,reward,3057,293.3957487601513,330.069,SF-P3O-NoFisher,Walker2d-v4,2
374810,reward,3058,398.6789842827699,335.444,SF-P3O-NoFisher,Walker2d-v4,2
374998,reward,3059,297.52561773380853,322.345,SF-P3O-NoFisher,Walker2d-v4,2
375144,reward,3060,275.2495545540801,318.083,SF-P3O-NoFisher,Walker2d-v4,2
375320,reward,3061,317.089823508128,316.469,SF-P3O-NoFisher,Walker2d-v4,2
375522,reward,3062,337.0506885439143,310.428,SF-P3O-NoFisher,Walker2d-v4,2
375729,reward,3063,375.5263724746584,299.033,SF-P3O-NoFisher,Walker2d-v4,2
375903,reward,3064,281.56662767894164,322.92,SF-P3O-NoFisher,Walker2d-v4,2
376088,reward,3065,355.1147841735784,328.328,SF-P3O-NoFisher,Walker2d-v4,2
376233,reward,3066,294.1647039237868,322.536,SF-P3O-NoFisher,Walker2d-v4,2
376397,reward,3067,336.6502528997688,326.862,SF-P3O-NoFisher,Walker2d-v4,2
376549,reward,3068,314.2322062922823,318.417,SF-P3O-NoFisher,Walker2d-v4,2
376794,reward,3069,416.7833132157402,330.343,SF-P3O-NoFisher,Walker2d-v4,2
376832,loss,0.05921408161520958,0.800805926322937,SF-P3O-NoFisher,Walker2d-v4,2
376832,diagnostics,0.0,61.73,59.4683,0.048481,0.955656,0.7676,-1.0,SF-P3O-NoFisher,Walker2d-v4,2
376995,reward,3070,374.75646412085223,340.294,SF-P3O-NoFisher,Walker2d-v4,2
377162,reward,3071,296.09031329897266,338.194,SF-P3O-NoFisher,Walker2d-v4,2
377267,reward,3072,202.4690233999629,324.735,SF-P3O-NoFisher,Walker2d-v4,2
377438,reward,3073,331.2012504138592,320.303,SF-P3O-NoFisher,Walker2d-v4,2
377705,reward,3074,408.2944154519889,332.976,SF-P3O-NoFisher,Walker2d-v4,2
377928,reward,3075,428.63645326273695,340.328,SF-P3O-NoFisher,Walker2d-v4,2
378181,reward,3076,404.23954064722795,351.335,SF-P3O-NoFisher,Walker2d-v4,2
378329,reward,3077,303.1957122833424,347.99,SF-P3O-NoFisher,Walker2d-v4,2
378539,reward,3078,400.72832798621016,356.639,SF-P3O-NoFisher,Walker2d-v4,2
378677,reward,3079,242.78194892460266,339.239,SF-P3O-NoFisher,Walker2d-v4,2
378836,reward,3080,288.06685705270377,330.57,SF-P3O-NoFisher,Walker2d-v4,2
378993,reward,3081,273.5571851961687,328.317,SF-P3O-NoFisher,Walker2d-v4,2
379203,reward,3082,365.68965624501124,344.639,SF-P3O-NoFisher,Walker2d-v4,2
379336,reward,3083,261.1202972840639,337.631,SF-P3O-NoFisher,Walker2d-v4,2
379530,reward,3084,325.8350147699194,329.385,SF-P3O-NoFisher,Walker2d-v4,2
379674,reward,3085,292.3761997896385,315.759,SF-P3O-NoFisher,Walker2d-v4,2
379791,reward,3086,224.74176066386892,297.809,SF-P3O-NoFisher,Walker2d-v4,2
380000,speed,630.17,12.48,SF-P3O-NoFisher,Walker2d-v4,2
380001,spectral,0.048481,0.955656,0.7676,SF-P3O-NoFisher,Walker2d-v4,2
380028,reward,3087,451.26932045619105,312.617,SF-P3O-NoFisher,Walker2d-v4,2
380201,reward,3088,287.38542066046796,301.282,SF-P3O-NoFisher,Walker2d-v4,2
380378,reward,3089,412.35403707719263,318.24,SF-P3O-NoFisher,Walker2d-v4,2
380598,reward,3090,393.45614050553075,328.779,SF-P3O-NoFisher,Walker2d-v4,2
380809,reward,3091,348.57234992630833,336.28,SF-P3O-NoFisher,Walker2d-v4,2
380980,reward,3092,289.71512172389504,328.683,SF-P3O-NoFisher,Walker2d-v4,2
381181,reward,3093,385.45996638869093,341.117,SF-P3O-NoFisher,Walker2d-v4,2
381436,reward,3094,425.7591419596105,351.109,SF-P3O-NoFisher,Walker2d-v4,2
381641,reward,3095,341.05327292731283,355.977,SF-P3O-NoFisher,Walker2d-v4,2
381797,reward,3096,263.3122182976225,359.834,SF-P3O-NoFisher,Walker2d-v4,2
381950,reward,3097,308.1358300248826,345.52,SF-P3O-NoFisher,Walker2d-v4,2
382128,reward,3098,300.77753037266405,346.86,SF-P3O-NoFisher,Walker2d-v4,2
382251,reward,3099,220.1387910788903,327.638,SF-P3O-NoFisher,Walker2d-v4,2
382428,reward,3100,337.38664080111874,322.031,SF-P3O-NoFisher,Walker2d-v4,2
382637,reward,3101,375.6444014882881,324.738,SF-P3O-NoFisher,Walker2d-v4,2
382789,reward,3102,305.44972554830827,326.312,SF-P3O-NoFisher,Walker2d-v4,2
382959,reward,3103,335.92306465410775,321.358,SF-P3O-NoFisher,Walker2d-v4,2
383096,reward,3104,284.3104343486631,307.213,SF-P3O-NoFisher,Walker2d-v4,2
383392,reward,3105,432.03050165196646,316.311,SF-P3O-NoFisher,Walker2d-v4,2
383538,reward,3106,283.1366012472547,318.293,SF-P3O-NoFisher,Walker2d-v4,2
383753,reward,3107,404.14898875749964,327.895,SF-P3O-NoFisher,Walker2d-v4,2
383993,reward,3108,370.4084463557325,334.858,SF-P3O-NoFisher,Walker2d-v4,2
384285,reward,3109,444.4538733532587,357.289,SF-P3O-NoFisher,Walker2d-v4,2
384410,reward,3110,253.75457401287386,348.926,SF-P3O-NoFisher,Walker2d-v4,2
384542,reward,3111,285.37826405343134,339.899,SF-P3O-NoFisher,Walker2d-v4,2
384756,reward,3112,361.7414310791036,345.529,SF-P3O-NoFisher,Walker2d-v4,2
384897,reward,3113,296.0414319137106,341.54,SF-P3O-NoFisher,Walker2d-v4,2
385024,loss,-0.03707890585064888,0.9262464046478271,SF-P3O-NoFisher,Walker2d-v4,2
385058,reward,3114,308.4845866737873,343.958,SF-P3O-NoFisher,Walker2d-v4,2
385342,reward,3115,432.2937150858579,343.984,SF-P3O-NoFisher,Walker2d-v4,2
385542,reward,3116,367.74690752485407,352.445,SF-P3O-NoFisher,Walker2d-v4,2
385771,reward,3117,415.8958686820765,353.62,SF-P3O-NoFisher,Walker2d-v4,2
385944,reward,3118,332.16646720882653,349.796,SF-P3O-NoFisher,Walker2d-v4,2
386310,reward,3119,443.6730941653588,349.718,SF-P3O-NoFisher,Walker2d-v4,2
386468,reward,3120,343.4986457083762,358.692,SF-P3O-NoFisher,Walker2d-v4,2
386671,reward,3121,376.5387869274686,367.808,SF-P3O-NoFisher,Walker2d-v4,2
386796,reward,3122,239.3533154759851,355.569,SF-P3O-NoFisher,Walker2d-v4,2
386959,reward,3123,275.2856028997048,353.494,SF-P3O-NoFisher,Walker2d-v4,2
387122,reward,3124,333.5965505083165,356.005,SF-P3O-NoFisher,Walker2d-v4,2
387230,reward,3125,208.33889871082388,333.609,SF-P3O-NoFisher,Walker2d-v4,2
387352,reward,3126,246.44480377957393,321.479,SF-P3O-NoFisher,Walker2d-v4,2
387553,reward,3127,346.08247579281834,314.498,SF-P3O-NoFisher,Walker2d-v4,2
387761,reward,3128,407.81057728139433,322.062,SF-P3O-NoFisher,Walker2d-v4,2
387931,reward,3129,319.39296391827844,309.634,SF-P3O-NoFisher,Walker2d-v4,2
388087,reward,3130,303.78412629015423,305.663,SF-P3O-NoFisher,Walker2d-v4,2
388314,reward,3131,407.42312612290243,308.751,SF-P3O-NoFisher,Walker2d-v4,2
388504,reward,3132,328.37114811457593,317.653,SF-P3O-NoFisher,Walker2d-v4,2
388623,reward,3133,244.78970709923632,314.603,SF-P3O-NoFisher,Walker2d-v4,2
388918,reward,3134,187.43302610757095,299.987,SF-P3O-NoFisher,Walker2d-v4,2
389111,reward,3135,315.3638340425259,310.69,SF-P3O-NoFisher,Walker2d-v4,2
389304,reward,3136,377.6324123636387,323.808,SF-P3O-NoFisher,Walker2d-v4,2
389469,reward,3137,324.0437124883237,321.604,SF-P3O-NoFisher,Walker2d-v4,2
389615,reward,3138,270.05180995088017,307.829,SF-P3O-NoFisher,Walker2d-v4,2
390000,speed,641.04,12.74,SF-P3O-NoFisher,Walker2d-v4,2
390001,spectral,0.049103,0.955787,0.7681,SF-P3O-NoFisher,Walker2d-v4,2
390008,reward,3139,550.8449134460093,330.974,SF-P3O-NoFisher,Walker2d-v4,2
390117,reward,3140,192.6959713254434,319.865,SF-P3O-NoFisher,Walker2d-v4,2
390342,reward,3141,406.55959617539173,319.779,SF-P3O-NoFisher,Walker2d-v4,2
390475,reward,3142,254.87508109581754,312.429,SF-P3O-NoFisher,Walker2d-v4,2
390622,reward,3143,333.6331411883024,321.313,SF-P3O-NoFisher,Walker2d-v4,2
390795,reward,3144,338.7561448854304,336.446,SF-P3O-NoFisher,Walker2d-v4,2
390981,reward,3145,341.58505727196433,339.068,SF-P3O-NoFisher,Walker2d-v4,2
391235,reward,3146,390.3982887925129,340.344,SF-P3O-NoFisher,Walker2d-v4,2
391438,reward,3147,390.1553221532958,346.956,SF-P3O-NoFisher,Walker2d-v4,2
391641,reward,3148,374.0842218546878,357.359,SF-P3O-NoFisher,Walker2d-v4,2
391777,reward,3149,272.7326477818589,329.548,SF-P3O-NoFisher,Walker2d-v4,2
391969,reward,3150,346.0219831664153,344.88,SF-P3O-NoFisher,Walker2d-v4,2
392117,reward,3151,318.21934052474637,336.046,SF-P3O-NoFisher,Walker2d-v4,2
392281,reward,3152,303.88579288249605,340.947,SF-P3O-NoFisher,Walker2d-v4,2
392444,reward,3153,316.6872408543423,339.253,SF-P3O-NoFisher,Walker2d-v4,2
392600,reward,3154,324.5287818209607,337.83,SF-P3O-NoFisher,Walker2d-v4,2
392749,reward,3155,295.1306627240252,333.184,SF-P3O-NoFisher,Walker2d-v4,2
392943,reward,3156,363.5711305066926,330.502,SF-P3O-NoFisher,Walker2d-v4,2
393169,reward,3157,484.5436459551762,339.941,SF-P3O-NoFisher,Walker2d-v4,2
393216,loss,-0.1058923602104187,1.0009022951126099,SF-P3O-NoFisher,Walker2d-v4,2
393216,diagnostics,0.0,62.06,76.8515,0.049617,0.955868,0.7463,-1.0,SF-P3O-NoFisher,Walker2d-v4,2
393363,reward,3158,356.9393893690796,338.226,SF-P3O-NoFisher,Walker2d-v4,2
393616,reward,3159,390.5975592162601,350.013,SF-P3O-NoFisher,Walker2d-v4,2
393826,reward,3160,425.8844598004221,357.999,SF-P3O-NoFisher,Walker2d-v4,2
393976,reward,3161,292.5455349891573,355.431,SF-P3O-NoFisher,Walker2d-v4,2
394137,reward,3162,301.34381021358695,355.177,SF-P3O-NoFisher,Walker2d-v4,2
394248,reward,3163,225.75114331390805,346.084,SF-P3O-NoFisher,Walker2d-v4,2
394404,reward,3164,307.72184435374254,344.403,SF-P3O-NoFisher,Walker2d-v4,2
394545,reward,3165,273.5310200380837,342.243,SF-P3O-NoFisher,Walker2d-v4,2
394688,reward,3166,249.65101613501156,330.851,SF-P3O-NoFisher,Walker2d-v4,2
394905,reward,3167,431.00805174585577,325.497,SF-P3O-NoFisher,Walker2d-v4,2
395083,reward,3168,354.76200095511615,325.28,SF-P3O-NoFisher,Walker2d-v4,2
395244,reward,3169,279.1653287240779,314.136,SF-P3O-NoFisher,Walker2d-v4,2
395405,reward,3170,307.69305442375975,302.317,SF-P3O-NoFisher,Walker2d-v4,2
395529,reward,3171,228.10096197389737,295.873,SF-P3O-NoFisher,Walker2d-v4,2
395651,reward,3172,240.5501465692791,289.793,SF-P3O-NoFisher,Walker2d-v4,2
395807,reward,3173,278.1372326907553,295.032,SF-P3O-NoFisher,Walker2d-v4,2
395993,reward,3174,357.0137580403983,299.961,SF-P3O-NoFisher,Walker2d-v4,2
396211,reward,3175,340.9590019630855,306.704,SF-P3O-NoFisher,Walker2d-v4,2
396343,reward,3176,269.71628493536826,308.711,SF-P3O-NoFisher,Walker2d-v4,2
396609,reward,3177,430.2320907110521,308.633,SF-P3O-NoFisher,Walker2d-v4,2
396730,reward,3178,216.02272195287435,294.759,SF-P3O-NoFisher,Walker2d-v4,2
396975,reward,3179,429.330787845253,309.776,SF-P3O-NoFisher,Walker2d-v4,2
397161,reward,3180,380.38928159475995,317.045,SF-P3O-NoFisher,Walker2d-v4,2
397320,reward,3181,333.969072414355,327.632,SF-P3O-NoFisher,Walker2d-v4,2
397443,reward,3182,242.90395020691395,327.867,SF-P3O-NoFisher,Walker2d-v4,2
397583,reward,3183,265.8804075721851,326.642,SF-P3O-NoFisher,Walker2d-v4,2
397713,reward,3184,275.1222251733952,318.453,SF-P3O-NoFisher,Walker2d-v4,2
397955,reward,3185,388.66440131068026,323.223,SF-P3O-NoFisher,Walker2d-v4,2
398099,reward,3186,282.01862149595075,324.453,SF-P3O-NoFisher,Walker2d-v4,2
398314,reward,3187,400.77202463804196,321.507,SF-P3O-NoFisher,Walker2d-v4,2
398508,reward,3188,367.0434859409111,336.609,SF-P3O-NoFisher,Walker2d-v4,2
398689,reward,3189,300.91230828805857,323.768,SF-P3O-NoFisher,Walker2d-v4,2
398828,reward,3190,301.31795769904545,315.86,SF-P3O-NoFisher,Walker2d-v4,2
398972,reward,3191,281.14013210102405,310.578,SF-P3O-NoFisher,Walker2d-v4,2
399102,reward,3192,245.10972555906073,310.798,SF-P3O-NoFisher,Walker2d-v4,2
399261,reward,3193,294.5030751046535,313.66,SF-P3O-NoFisher,Walker2d-v4,2
399474,reward,3194,378.98964930448585,324.047,SF-P3O-NoFisher,Walker2d-v4,2
399655,reward,3195,366.97895455077963,321.879,SF-P3O-NoFisher,Walker2d-v4,2
399797,reward,3196,304.3262344360767,324.109,SF-P3O-NoFisher,Walker2d-v4,2
399909,reward,3197,233.02263015862817,307.334,SF-P3O-NoFisher,Walker2d-v4,2
400000,speed,626.75,13.01,SF-P3O-NoFisher,Walker2d-v4,2
400001,spectral,0.049617,0.955868,0.7463,SF-P3O-NoFisher,Walker2d-v4,2
400084,reward,3198,353.86452324360766,306.017,SF-P3O-NoFisher,Walker2d-v4,2
400518,reward,3199,547.1047096018208,330.636,SF-P3O-NoFisher,Walker2d-v4,2
400751,reward,3200,423.60540852987305,342.865,SF-P3O-NoFisher,Walker2d-v4,2
400882,reward,3201,283.2386962182882,343.074,SF-P3O-NoFisher,Walker2d-v4,2
401055,reward,3202,322.80791201870494,350.844,SF-P3O-NoFisher,Walker2d-v4,2
401299,reward,3203,456.44033665245945,367.038,SF-P3O-NoFisher,Walker2d-v4,2
401408,loss,0.015883522108197212,0.787699282169342,SF-P3O-NoFisher,Walker2d-v4,2
401476,reward,3204,308.4808602882897,359.987,SF-P3O-NoFisher,Walker2d-v4,2
401622,reward,3205,282.56140711615313,351.545,SF-P3O-NoFisher,Walker2d-v4,2
401806,reward,3206,352.24497615843,356.337,SF-P3O-NoFisher,Walker2d-v4,2
402049,reward,3207,413.0731721575158,374.342,SF-P3O-NoFisher,Walker2d-v4,2
402221,reward,3208,301.1415846097195,369.07,SF-P3O-NoFisher,Walker2d-v4,2
402386,reward,3209,330.7421680097278,347.434,SF-P3O-NoFisher,Walker2d-v4,2
402547,reward,3210,336.86222333173515,338.759,SF-P3O-NoFisher,Walker2d-v4,2
402740,reward,3211,365.63604932410067,346.999,SF-P3O-NoFisher,Walker2d-v4,2
402907,reward,3212,347.4294250051159,349.461,SF-P3O-NoFisher,Walker2d-v4,2
403037,reward,3213,230.01612575557087,326.819,SF-P3O-NoFisher,Walker2d-v4,2
403192,reward,3214,346.4482499808943,330.616,SF-P3O-NoFisher,Walker2d-v4,2
403346,reward,3215,292.69280492831194,331.629,SF-P3O-NoFisher,Walker2d-v4,2
403487,reward,3216,282.30443327330977,324.635,SF-P3O-NoFisher,Walker2d-v4,2
403639,reward,3217,261.5757740889664,309.485,SF-P3O-NoFisher,Walker2d-v4,2
403889,reward,3218,427.9730439131549,322.168,SF-P3O-NoFisher,Walker2d-v4,2
404151,reward,3219,429.5746611401258,332.051,SF-P3O-NoFisher,Walker2d-v4,2
404327,reward,3220,308.5213654240264,329.217,SF-P3O-NoFisher,Walker2d-v4,2
404521,reward,3221,365.5018578188073,329.204,SF-P3O-NoFisher,Walker2d-v4,2
404685,reward,3222,324.44702497754173,326.906,SF-P3O-NoFisher,Walker2d-v4,2
404858,reward,3223,314.43121418423544,335.347,SF-P3O-NoFisher,Walker2d-v4,2
405004,reward,3224,285.5605631218083,329.258,SF-P3O-NoFisher,Walker2d-v4,2
405298,reward,3225,485.073798437097,348.496,SF-P3O-NoFisher,Walker2d-v4,2
405664,reward,3226,574.2794333218196,377.694,SF-P3O-NoFisher,Walker2d-v4,2
405806,reward,3227,268.8779436642703,378.424,SF-P3O-NoFisher,Walker2d-v4,2
405949,reward,3228,286.79991705212353,364.307,SF-P3O-NoFisher,Walker2d-v4,2
406102,reward,3229,305.64263866542524,351.914,SF-P3O-NoFisher,Walker2d-v4,2
406220,reward,3230,258.76086371509535,346.938,SF-P3O-NoFisher,Walker2d-v4,2
406423,reward,3231,334.14355436317777,343.802,SF-P3O-NoFisher,Walker2d-v4,2
406556,reward,3232,279.02010012254345,339.259,SF-P3O-NoFisher,Walker2d-v4,2
406751,reward,3233,371.65945919779233,344.982,SF-P3O-NoFisher,Walker2d-v4,2
406974,reward,3234,366.2186364224838,353.048,SF-P3O-NoFisher,Walker2d-v4,2
407180,reward,3235,317.84076419798,336.324,SF-P3O-NoFisher,Walker2d-v4,2
407305,reward,3236,250.3842743553937,303.935,SF-P3O-NoFisher,Walker2d-v4,2
407534,reward,3237,451.62561432129377,322.21,SF-P3O-NoFisher,Walker2d-v4,2
407710,reward,3238,342.02183521954197,327.732,SF-P3O-NoFisher,Walker2d-v4,2
407891,reward,3239,331.2205732948355,330.29,SF-P3O-NoFisher,Walker2d-v4,2
408045,reward,3240,327.0693343334322,337.12,SF-P3O-NoFisher,Walker2d-v4,2
408210,reward,3241,406.38713397726514,344.345,SF-P3O-NoFisher,Walker2d-v4,2
408371,reward,3242,335.098583103324,349.953,SF-P3O-NoFisher,Walker2d-v4,2
408527,reward,3243,303.9853755643162,343.185,SF-P3O-NoFisher,Walker2d-v4,2
408687,reward,3244,345.92744268523825,341.156,SF-P3O-NoFisher,Walker2d-v4,2
408828,reward,3245,296.7384679972937,339.046,SF-P3O-NoFisher,Walker2d-v4,2
409035,reward,3246,109.3807062640541,324.946,SF-P3O-NoFisher,Walker2d-v4,2
409244,reward,3247,385.5663346852153,318.34,SF-P3O-NoFisher,Walker2d-v4,2
409416,reward,3248,336.0305815974097,317.74,SF-P3O-NoFisher,Walker2d-v4,2
409588,reward,3249,369.6299892479407,321.581,SF-P3O-NoFisher,Walker2d-v4,2
409600,loss,-0.05505415052175522,0.9389263391494751,SF-P3O-NoFisher,Walker2d-v4,2
409600,diagnostics,0.0,62.43,64.3667,0.050949,0.955619,0.7409,-1.0,SF-P3O-NoFisher,Walker2d-v4,2
409729,reward,3250,284.2700368911833,317.301,SF-P3O-NoFisher,Walker2d-v4,2
409915,reward,3251,412.07029786663065,317.87,SF-P3O-NoFisher,Walker2d-v4,2
410000,speed,435.05,13.39,SF-P3O-NoFisher,Walker2d-v4,2
410001,perturb,0.050949,0.955619,0.7409,-1,-1,0.02,1,SF-P3O-NoFisher,Walker2d-v4,2
410093,reward,3252,352.5460303176547,319.615,SF-P3O-NoFisher,Walker2d-v4,2
410320,reward,3253,370.90171047015735,326.306,SF-P3O-NoFisher,Walker2d-v4,2
410503,reward,3254,307.9945542556925,322.513,SF-P3O-NoFisher,Walker2d-v4,2
410729,reward,3255,384.087123296716,331.248,SF-P3O-NoFisher,Walker2d-v4,2
410932,reward,3256,360.75716896200845,356.385,SF-P3O-NoFisher,Walker2d-v4,2
411067,reward,3257,23.529282472457734,320.182,SF-P3O-NoFisher,Walker2d-v4,2
411205,reward,3258,263.10322564587125,312.889,SF-P3O-NoFisher,Walker2d-v4,2
411442,reward,3259,407.09945109166165,316.636,SF-P3O-NoFisher,Walker2d-v4,2
411566,reward,3260,255.71187557261715,313.78,SF-P3O-NoFisher,Walker2d-v4,2
411707,reward,3261,315.5167983500138,304.125,SF-P3O-NoFisher,Walker2d-v4,2
411818,reward,3262,206.73939036212812,289.544,SF-P3O-NoFisher,Walker2d-v4,2
412030,reward,3263,338.4742823231637,286.301,SF-P3O-NoFisher,Walker2d-v4,2
412163,reward,3264,262.6654839630028,281.768,SF-P3O-NoFisher,Walker2d-v4,2
412344,reward,3265,356.8706827997815,279.047,SF-P3O-NoFisher,Walker2d-v4,2
412492,reward,3266,285.25267889847333,271.496,SF-P3O-NoFisher,Walker2d-v4,2
412606,reward,3267,217.47203133857394,290.891,SF-P3O-NoFisher,Walker2d-v4,2
412771,reward,3268,343.05745859832075,298.886,SF-P3O-NoFisher,Walker2d-v4,2
412899,reward,3269,247.12618582424383,282.889,SF-P3O-NoFisher,Walker2d-v4,2
413042,reward,3270,316.9807598444038,289.016,SF-P3O-NoFisher,Walker2d-v4,2
413165,reward,3271,240.95182355403904,281.559,SF-P3O-NoFisher,Walker2d-v4,2
413345,reward,3272,333.4248197632146,294.228,SF-P3O-NoFisher,Walker2d-v4,2
413468,reward,3273,251.03993439361506,285.484,SF-P3O-NoFisher,Walker2d-v4,2
413635,reward,3274,339.8334742653171,293.201,SF-P3O-NoFisher,Walker2d-v4,2
413798,reward,3275,323.61465697372046,289.875,SF-P3O-NoFisher,Walker2d-v4,2
414075,reward,3276,423.4319404565182,303.693,SF-P3O-NoFisher,Walker2d-v4,2
414213,reward,3277,279.6477145955668,309.911,SF-P3O-NoFisher,Walker2d-v4,2
414336,reward,3278,259.9337319420789,301.599,SF-P3O-NoFisher,Walker2d-v4,2
414527,reward,3279,345.9536506981946,311.481,SF-P3O-NoFisher,Walker2d-v4,2
414694,reward,3280,343.7165260766374,314.155,SF-P3O-NoFisher,Walker2d-v4,2
414917,reward,3281,387.7706637132456,328.837,SF-P3O-NoFisher,Walker2d-v4,2
415062,reward,3282,286.6406384894758,324.158,SF-P3O-NoFisher,Walker2d-v4,2
415231,reward,3283,342.4886378298418,333.303,SF-P3O-NoFisher,Walker2d-v4,2
415433,reward,3284,388.0632681963605,338.126,SF-P3O-NoFisher,Walker2d-v4,2
415609,reward,3285,330.554258205641,338.82,SF-P3O-NoFisher,Walker2d-v4,2
415827,reward,3286,446.3597266723808,341.113,SF-P3O-NoFisher,Walker2d-v4,2
416035,reward,3287,418.12700292558725,354.961,SF-P3O-NoFisher,Walker2d-v4,2
416168,reward,3288,278.84097752875425,356.852,SF-P3O-NoFisher,Walker2d-v4,2
416374,reward,3289,386.034546299975,360.86,SF-P3O-NoFisher,Walker2d-v4,2
416500,reward,3290,256.87844259672715,352.176,SF-P3O-NoFisher,Walker2d-v4,2
416713,reward,3291,405.0402333885363,353.903,SF-P3O-NoFisher,Walker2d-v4,2
416819,reward,3292,214.1201064431793,346.651,SF-P3O-NoFisher,Walker2d-v4,2
417023,reward,3293,343.18277460614183,346.72,SF-P3O-NoFisher,Walker2d-v4,2
417187,reward,3294,267.260337725997,334.64,SF-P3O-NoFisher,Walker2d-v4,2
417339,reward,3295,312.4514033446242,332.83,SF-P3O-NoFisher,Walker2d-v4,2
417490,reward,3296,285.1959960812177,316.713,SF-P3O-NoFisher,Walker2d-v4,2
417659,reward,3297,318.43839018176186,306.744,SF-P3O-NoFisher,Walker2d-v4,2
417786,reward,3298,279.9239264568642,306.853,SF-P3O-NoFisher,Walker2d-v4,2
417792,loss,0.05839153751730919,1.059836745262146,SF-P3O-NoFisher,Walker2d-v4,2
417913,reward,3299,261.01866498252184,294.351,SF-P3O-NoFisher,Walker2d-v4,2
418133,reward,3300,417.5162664921,310.415,SF-P3O-NoFisher,Walker2d-v4,2
418289,reward,3301,335.2353530192681,303.434,SF-P3O-NoFisher,Walker2d-v4,2
418420,reward,3302,278.37383785902455,309.86,SF-P3O-NoFisher,Walker2d-v4,2
418555,reward,3303,263.67169918435064,301.909,SF-P3O-NoFisher,Walker2d-v4,2
418749,reward,3304,412.9657189268522,316.479,SF-P3O-NoFisher,Walker2d-v4,2
418997,reward,3305,394.4496651039894,324.679,SF-P3O-NoFisher,Walker2d-v4,2
419141,reward,3306,307.9190686300369,326.951,SF-P3O-NoFisher,Walker2d-v4,2
419346,reward,3307,401.0610552477167,335.214,SF-P3O-NoFisher,Walker2d-v4,2
419502,reward,3308,316.7458276932578,338.896,SF-P3O-NoFisher,Walker2d-v4,2
419688,reward,3309,351.91772366049986,347.986,SF-P3O-NoFisher,Walker2d-v4,2
419832,reward,3310,293.0981033976545,335.544,SF-P3O-NoFisher,Walker2d-v4,2
420000,speed,640.33,13.65,SF-P3O-NoFisher,Walker2d-v4,2
420001,spectral,0.05111,0.95534,0.7424,SF-P3O-NoFisher,Walker2d-v4,2
420001,reward,3311,331.01165376894784,335.121,SF-P3O-NoFisher,Walker2d-v4,2
420180,reward,3312,322.33162640752084,339.517,SF-P3O-NoFisher,Walker2d-v4,2
420293,reward,3313,225.69796507851166,335.72,SF-P3O-NoFisher,Walker2d-v4,2
420462,reward,3314,374.5338471263023,331.877,SF-P3O-NoFisher,Walker2d-v4,2
420695,reward,3315,433.35042705424536,335.767,SF-P3O-NoFisher,Walker2d-v4,2
420883,reward,3316,400.183480116873,344.993,SF-P3O-NoFisher,Walker2d-v4,2
421082,reward,3317,350.0775423135417,339.895,SF-P3O-NoFisher,Walker2d-v4,2
421273,reward,3318,375.3736476569437,345.758,SF-P3O-NoFisher,Walker2d-v4,2
421437,reward,3319,309.1866973271133,341.484,SF-P3O-NoFisher,Walker2d-v4,2
421626,reward,3320,375.555270538909,349.73,SF-P3O-NoFisher,Walker2d-v4,2
421796,reward,3321,302.4535572352654,346.874,SF-P3O-NoFisher,Walker2d-v4,2
421938,reward,3322,279.1868264129245,342.56,SF-P3O-NoFisher,Walker2d-v4,2
422114,reward,3323,336.5066906618618,353.641,SF-P3O-NoFisher,Walker2d-v4,2
422303,reward,3324,360.65825260241417,352.253,SF-P3O-NoFisher,Walker2d-v4,2
422462,reward,3325,334.75446138730587,342.394,SF-P3O-NoFisher,Walker2d-v4,2
422594,reward,3326,265.6645386615902,328.942,SF-P3O-NoFisher,Walker2d-v4,2
422795,reward,3327,348.02240466977037,328.736,SF-P3O-NoFisher,Walker2d-v4,2
423115,reward,3328,474.9768638353622,338.697,SF-P3O-NoFisher,Walker2d-v4,2
423292,reward,3329,385.1734208834007,346.295,SF-P3O-NoFisher,Walker2d-v4,2
423416,reward,3330,236.1363525328202,332.353,SF-P3O-NoFisher,Walker2d-v4,2
423550,reward,3331,276.78088023115436,329.786,SF-P3O-NoFisher,Walker2d-v4,2
423725,reward,3332,386.5679039022579,340.524,SF-P3O-NoFisher,Walker2d-v4,2
423879,reward,3333,305.76360576823873,337.45,SF-P3O-NoFisher,Walker2d-v4,2
424030,reward,3334,296.21484746661946,331.006,SF-P3O-NoFisher,Walker2d-v4,2
424229,reward,3335,393.69223705830956,336.899,SF-P3O-NoFisher,Walker2d-v4,2
424391,reward,3336,311.5798674146871,341.491,SF-P3O-NoFisher,Walker2d-v4,2
424544,reward,3337,295.76303709900264,336.265,SF-P3O-NoFisher,Walker2d-v4,2
424708,reward,3338,316.6370533587696,320.431,SF-P3O-NoFisher,Walker2d-v4,2
424851,reward,3339,298.79016277623526,311.793,SF-P3O-NoFisher,Walker2d-v4,2
425377,reward,3340,606.1060194060142,348.79,SF-P3O-NoFisher,Walker2d-v4,2
425517,reward,3341,298.4772215335943,350.959,SF-P3O-NoFisher,Walker2d-v4,2
425702,reward,3342,357.61274226633407,348.064,SF-P3O-NoFisher,Walker2d-v4,2
425858,reward,3343,306.06849610074283,348.094,SF-P3O-NoFisher,Walker2d-v4,2
425984,loss,-0.011336183175444603,0.7830369472503662,SF-P3O-NoFisher,Walker2d-v4,2
425984,diagnostics,0.0,62.85,52.0147,0.051826,0.955207,0.7672,-1.0,SF-P3O-NoFisher,Walker2d-v4,2
426007,reward,3344,334.96994023020886,351.97,SF-P3O-NoFisher,Walker2d-v4,2
426166,reward,3345,374.7219227835087,350.073,SF-P3O-NoFisher,Walker2d-v4,2
426299,reward,3346,265.57690804924493,345.472,SF-P3O-NoFisher,Walker2d-v4,2
426461,reward,3347,295.354231631229,345.431,SF-P3O-NoFisher,Walker2d-v4,2
426621,reward,3348,333.8595469932386,347.154,SF-P3O-NoFisher,Walker2d-v4,2
426807,reward,3349,352.38385678662183,352.513,SF-P3O-NoFisher,Walker2d-v4,2
426957,reward,3350,374.13459227749735,329.316,SF-P3O-NoFisher,Walker2d-v4,2
427090,reward,3351,284.79620008970727,327.948,SF-P3O-NoFisher,Walker2d-v4,2
427224,reward,3352,280.91774727280216,320.278,SF-P3O-NoFisher,Walker2d-v4,2
427344,reward,3353,241.56399144485442,313.828,SF-P3O-NoFisher,Walker2d-v4,2
427477,reward,3354,285.0332309565194,308.834,SF-P3O-NoFisher,Walker2d-v4,2
427649,reward,3355,306.1998230906155,301.982,SF-P3O-NoFisher,Walker2d-v4,2
427808,reward,3356,330.5549997005251,308.48,SF-P3O-NoFisher,Walker2d-v4,2
427992,reward,3357,332.1499832184929,312.159,SF-P3O-NoFisher,Walker2d-v4,2
428113,reward,3358,244.26425616588853,303.2,SF-P3O-NoFisher,Walker2d-v4,2
428295,reward,3359,365.20848652793137,304.482,SF-P3O-NoFisher,Walker2d-v4,2
428450,reward,3360,292.6996105789512,296.339,SF-P3O-NoFisher,Walker2d-v4,2
428611,reward,3361,337.5708802094471,301.616,SF-P3O-NoFisher,Walker2d-v4,2
428804,reward,3362,393.4702679397113,312.872,SF-P3O-NoFisher,Walker2d-v4,2
429036,reward,3363,397.02668728638633,328.418,SF-P3O-NoFisher,Walker2d-v4,2
429168,reward,3364,237.01174478184547,323.616,SF-P3O-NoFisher,Walker2d-v4,2
429322,reward,3365,340.4823100384975,327.044,SF-P3O-NoFisher,Walker2d-v4,2
429436,reward,3366,211.46797392652797,315.135,SF-P3O-NoFisher,Walker2d-v4,2
429602,reward,3367,311.00244870779466,313.02,SF-P3O-NoFisher,Walker2d-v4,2
429873,reward,3368,435.0121666049915,332.095,SF-P3O-NoFisher,Walker2d-v4,2
430000,speed,637.94,13.91,SF-P3O-NoFisher,Walker2d-v4,2
430001,spectral,0.051826,0.955207,0.7672,SF-P3O-NoFisher,Walker2d-v4,2
430030,reward,3369,290.32795540961365,324.607,SF-P3O-NoFisher,Walker2d-v4,2
430318,reward,3370,459.20446362881154,341.258,SF-P3O-NoFisher,Walker2d-v4,2
430512,reward,3371,371.75666255346243,344.676,SF-P3O-NoFisher,Walker2d-v4,2
430649,reward,3372,255.76597409793084,330.906,SF-P3O-NoFisher,Walker2d-v4,2
430799,reward,3373,295.31689260772725,320.735,SF-P3O-NoFisher,Walker2d-v4,2
430941,reward,3374,313.4048006924913,328.374,SF-P3O-NoFisher,Walker2d-v4,2
431113,reward,3375,334.507907274546,327.777,SF-P3O-NoFisher,Walker2d-v4,2
431287,reward,3376,354.74624874708934,342.105,SF-P3O-NoFisher,Walker2d-v4,2
431428,reward,3377,305.4123150090636,341.546,SF-P3O-NoFisher,Walker2d-v4,2
431657,reward,3378,467.41357108778504,344.786,SF-P3O-NoFisher,Walker2d-v4,2
431767,reward,3379,203.33171064516912,336.086,SF-P3O-NoFisher,Walker2d-v4,2
432008,reward,3380,453.80428620965506,335.546,SF-P3O-NoFisher,Walker2d-v4,2
432231,reward,3381,387.35644585786264,337.106,SF-P3O-NoFisher,Walker2d-v4,2
432562,reward,3382,503.2032024519183,361.85,SF-P3O-NoFisher,Walker2d-v4,2
432776,reward,3383,385.38798763448125,370.857,SF-P3O-NoFisher,Walker2d-v4,2
432934,reward,3384,313.91479113806014,370.908,SF-P3O-NoFisher,Walker2d-v4,2
433067,reward,3385,258.56700803502036,363.314,SF-P3O-NoFisher,Walker2d-v4,2
433192,reward,3386,236.5749820934506,351.497,SF-P3O-NoFisher,Walker2d-v4,2
433370,reward,3387,331.90948955113595,354.146,SF-P3O-NoFisher,Walker2d-v4,2
433551,reward,3388,379.63120706189477,345.368,SF-P3O-NoFisher,Walker2d-v4,2
433674,reward,3389,249.79189242421103,350.014,SF-P3O-NoFisher,Walker2d-v4,2
433909,reward,3390,410.34252963936706,345.668,SF-P3O-NoFisher,Walker2d-v4,2
434077,reward,3391,327.97193004543954,339.73,SF-P3O-NoFisher,Walker2d-v4,2
434176,loss,0.04437095299363136,0.9068970084190369,SF-P3O-NoFisher,Walker2d-v4,2
434243,reward,3392,373.1773939337914,326.727,SF-P3O-NoFisher,Walker2d-v4,2
434377,reward,3393,313.8006238423374,319.568,SF-P3O-NoFisher,Walker2d-v4,2
434509,reward,3394,274.9937609610015,315.676,SF-P3O-NoFisher,Walker2d-v4,2
434719,reward,3395,381.04127767766175,327.924,SF-P3O-NoFisher,Walker2d-v4,2
434852,reward,3396,296.4051836491902,333.907,SF-P3O-NoFisher,Walker2d-v4,2
435012,reward,3397,339.838724946309,334.699,SF-P3O-NoFisher,Walker2d-v4,2
435149,reward,3398,294.5821873927792,326.195,SF-P3O-NoFisher,Walker2d-v4,2
435389,reward,3399,401.7503537386897,341.39,SF-P3O-NoFisher,Walker2d-v4,2
435548,reward,3400,297.60148636774016,330.116,SF-P3O-NoFisher,Walker2d-v4,2
435668,reward,3401,256.21616266766205,322.941,SF-P3O-NoFisher,Walker2d-v4,2
435835,reward,3402,354.78682843353243,321.102,SF-P3O-NoFisher,Walker2d-v4,2
436029,reward,3403,400.4933328250674,329.771,SF-P3O-NoFisher,Walker2d-v4,2
436232,reward,3404,384.87531894606997,340.759,SF-P3O-NoFisher,Walker2d-v4,2
436436,reward,3405,405.67754371097544,343.223,SF-P3O-NoFisher,Walker2d-v4,2
436577,reward,3406,299.7362385616214,343.556,SF-P3O-NoFisher,Walker2d-v4,2
436713,reward,3407,254.85738206340233,335.058,SF-P3O-NoFisher,Walker2d-v4,2
436853,reward,3408,290.08305474205883,334.608,SF-P3O-NoFisher,Walker2d-v4,2
437021,reward,3409,332.23396902492163,327.656,SF-P3O-NoFisher,Walker2d-v4,2
437184,reward,3410,310.8332895433165,328.979,SF-P3O-NoFisher,Walker2d-v4,2
437349,reward,3411,328.4753132656576,336.205,SF-P3O-NoFisher,Walker2d-v4,2
437512,reward,3412,319.4047081981641,332.667,SF-P3O-NoFisher,Walker2d-v4,2
437659,reward,3413,316.2426379626652,324.242,SF-P3O-NoFisher,Walker2d-v4,2
437820,reward,3414,349.79808570688573,320.734,SF-P3O-NoFisher,Walker2d-v4,2
438014,reward,3415,382.0943460661593,318.376,SF-P3O-NoFisher,Walker2d-v4,2
438192,reward,3416,299.27957599300686,318.33,SF-P3O-NoFisher,Walker2d-v4,2
438356,reward,3417,373.6093747098694,330.205,SF-P3O-NoFisher,Walker2d-v4,2
438491,reward,3418,303.9717163655192,331.594,SF-P3O-NoFisher,Walker2d-v4,2
438646,reward,3419,346.4194648706634,333.013,SF-P3O-NoFisher,Walker2d-v4,2
438817,reward,3420,380.30094338378996,339.96,SF-P3O-NoFisher,Walker2d-v4,2
438960,reward,3421,324.4847734013095,339.561,SF-P3O-NoFisher,Walker2d-v4,2
439100,reward,3422,330.26959804950116,340.647,SF-P3O-NoFisher,Walker2d-v4,2
439260,reward,3423,346.03780929697893,343.627,SF-P3O-NoFisher,Walker2d-v4,2
439449,reward,3424,435.7695471064533,352.224,SF-P3O-NoFisher,Walker2d-v4,2
439714,reward,3425,489.19257668625005,362.934,SF-P3O-NoFisher,Walker2d-v4,2
439888,reward,3426,370.70423944521076,370.076,SF-P3O-NoFisher,Walker2d-v4,2
440000,speed,648.24,14.17,SF-P3O-NoFisher,Walker2d-v4,2
440001,spectral,0.052408,0.955201,0.7617,SF-P3O-NoFisher,Walker2d-v4,2
440049,reward,3427,306.73536252009336,363.389,SF-P3O-NoFisher,Walker2d-v4,2
440219,reward,3428,325.3762526028654,365.529,SF-P3O-NoFisher,Walker2d-v4,2
440359,reward,3429,304.0700577088346,361.294,SF-P3O-NoFisher,Walker2d-v4,2
440469,reward,3430,227.19619659250418,345.984,SF-P3O-NoFisher,Walker2d-v4,2
440616,reward,3431,280.11989498865074,341.547,SF-P3O-NoFisher,Walker2d-v4,2
440784,reward,3432,321.13856407841257,340.634,SF-P3O-NoFisher,Walker2d-v4,2
440895,reward,3433,242.19196427763382,330.249,SF-P3O-NoFisher,Walker2d-v4,2
441033,reward,3434,292.67996202351435,315.941,SF-P3O-NoFisher,Walker2d-v4,2
441163,reward,3435,290.8557877751739,296.107,SF-P3O-NoFisher,Walker2d-v4,2
441358,reward,3436,400.885757742395,299.125,SF-P3O-NoFisher,Walker2d-v4,2
441488,reward,3437,257.90077681920116,294.242,SF-P3O-NoFisher,Walker2d-v4,2
441662,reward,3438,365.82997319378796,298.287,SF-P3O-NoFisher,Walker2d-v4,2
441793,reward,3439,275.20025081088795,295.4,SF-P3O-NoFisher,Walker2d-v4,2
442017,reward,3440,455.8130685227525,318.262,SF-P3O-NoFisher,Walker2d-v4,2
442121,reward,3441,207.89711857498568,311.039,SF-P3O-NoFisher,Walker2d-v4,2
442298,reward,3442,328.95817121572446,311.821,SF-P3O-NoFisher,Walker2d-v4,2
442368,loss,-0.037719953805208206,0.6608273983001709,SF-P3O-NoFisher,Walker2d-v4,2
442368,diagnostics,0.0,63.2,33.0451,0.052988,0.955312,0.7789,-1.0,SF-P3O-NoFisher,Walker2d-v4,2
442445,reward,3443,318.43606475252955,319.446,SF-P3O-NoFisher,Walker2d-v4,2
442603,reward,3444,322.7729143016233,322.455,SF-P3O-NoFisher,Walker2d-v4,2
442788,reward,3445,382.61374590953426,331.631,SF-P3O-NoFisher,Walker2d-v4,2
442989,reward,3446,418.06968244125886,333.349,SF-P3O-NoFisher,Walker2d-v4,2
443195,reward,3447,344.73595252528315,342.033,SF-P3O-NoFisher,Walker2d-v4,2
443286,reward,3448,182.09448031120507,323.659,SF-P3O-NoFisher,Walker2d-v4,2
443440,reward,3449,305.5453307932062,326.694,SF-P3O-NoFisher,Walker2d-v4,2
443597,reward,3450,353.5670061175976,316.469,SF-P3O-NoFisher,Walker2d-v4,2
443796,reward,3451,373.98361788220996,333.078,SF-P3O-NoFisher,Walker2d-v4,2
443938,reward,3452,289.27623681850525,329.11,SF-P3O-NoFisher,Walker2d-v4,2
444096,reward,3453,327.2951508984936,329.995,SF-P3O-NoFisher,Walker2d-v4,2
444224,reward,3454,286.88138433088113,326.406,SF-P3O-NoFisher,Walker2d-v4,2
444375,reward,3455,329.7072721153621,321.116,SF-P3O-NoFisher,Walker2d-v4,2
444500,reward,3456,283.09205156324515,307.618,SF-P3O-NoFisher,Walker2d-v4,2
444625,reward,3457,270.2659167474869,300.171,SF-P3O-NoFisher,Walker2d-v4,2
444815,reward,3458,363.26893857581746,318.288,SF-P3O-NoFisher,Walker2d-v4,2
444964,reward,3459,324.7031419196265,320.204,SF-P3O-NoFisher,Walker2d-v4,2
445121,reward,3460,339.0941884520871,318.757,SF-P3O-NoFisher,Walker2d-v4,2
445376,reward,3461,436.2597507146225,324.984,SF-P3O-NoFisher,Walker2d-v4,2
445516,reward,3462,322.53967461009853,328.311,SF-P3O-NoFisher,Walker2d-v4,2
445671,reward,3463,365.6166964847694,332.143,SF-P3O-NoFisher,Walker2d-v4,2
445845,reward,3464,355.67456461957937,339.022,SF-P3O-NoFisher,Walker2d-v4,2
446008,reward,3465,310.73973444023255,337.125,SF-P3O-NoFisher,Walker2d-v4,2
446164,reward,3466,347.155671405266,343.532,SF-P3O-NoFisher,Walker2d-v4,2
446385,reward,3467,433.20432891393745,359.826,SF-P3O-NoFisher,Walker2d-v4,2
446604,reward,3468,389.6149692225949,362.46,SF-P3O-NoFisher,Walker2d-v4,2
446768,reward,3469,314.9678387531969,361.487,SF-P3O-NoFisher,Walker2d-v4,2
446914,reward,3470,306.8555739663338,358.263,SF-P3O-NoFisher,Walker2d-v4,2
447080,reward,3471,342.11284440020677,348.848,SF-P3O-NoFisher,Walker2d-v4,2
447234,reward,3472,339.8463867037919,350.579,SF-P3O-NoFisher,Walker2d-v4,2
447373,reward,3473,320.46654250065706,346.064,SF-P3O-NoFisher,Walker2d-v4,2
447534,reward,3474,358.3092984904615,346.327,SF-P3O-NoFisher,Walker2d-v4,2
447653,reward,3475,253.66013455083043,340.619,SF-P3O-NoFisher,Walker2d-v4,2
447966,reward,3476,196.6953933694831,325.573,SF-P3O-NoFisher,Walker2d-v4,2
448131,reward,3477,332.85764987563533,315.539,SF-P3O-NoFisher,Walker2d-v4,2
448356,reward,3478,379.26337056351474,314.504,SF-P3O-NoFisher,Walker2d-v4,2
448519,reward,3479,335.5454431939355,316.561,SF-P3O-NoFisher,Walker2d-v4,2
448668,reward,3480,301.54822663258625,316.031,SF-P3O-NoFisher,Walker2d-v4,2
448804,reward,3481,289.87035862384226,310.806,SF-P3O-NoFisher,Walker2d-v4,2
448965,reward,3482,348.62196672554114,311.684,SF-P3O-NoFisher,Walker2d-v4,2
449175,reward,3483,396.41464024065004,319.279,SF-P3O-NoFisher,Walker2d-v4,2
449327,reward,3484,332.94635950740593,316.742,SF-P3O-NoFisher,Walker2d-v4,2
449520,reward,3485,365.49914019102187,327.926,SF-P3O-NoFisher,Walker2d-v4,2
449666,reward,3486,301.1331943834052,338.37,SF-P3O-NoFisher,Walker2d-v4,2
450000,speed,659.52,14.42,SF-P3O-NoFisher,Walker2d-v4,2
450001,spectral,0.052988,0.955312,0.7789,SF-P3O-NoFisher,Walker2d-v4,2
450001,reward,3487,531.9967659124507,358.284,SF-P3O-NoFisher,Walker2d-v4,2
450164,reward,3488,405.48263171522336,360.906,SF-P3O-NoFisher,Walker2d-v4,2
450401,reward,3489,432.3973136838879,370.591,SF-P3O-NoFisher,Walker2d-v4,2
450549,reward,3490,305.34773300730245,370.971,SF-P3O-NoFisher,Walker2d-v4,2
450560,loss,-0.03360581025481224,0.5260444283485413,SF-P3O-NoFisher,Walker2d-v4,2
450776,reward,3491,417.45005764603997,383.729,SF-P3O-NoFisher,Walker2d-v4,2
450900,reward,3492,273.9348915694222,376.26,SF-P3O-NoFisher,Walker2d-v4,2
451124,reward,3493,412.5950945048258,377.878,SF-P3O-NoFisher,Walker2d-v4,2
451279,reward,3494,354.15748072429517,379.999,SF-P3O-NoFisher,Walker2d-v4,2
451416,reward,3495,289.33890717997826,372.383,SF-P3O-NoFisher,Walker2d-v4,2
451532,reward,3496,246.75423831759008,366.946,SF-P3O-NoFisher,Walker2d-v4,2
451676,reward,3497,294.71425520277035,343.217,SF-P3O-NoFisher,Walker2d-v4,2
451827,reward,3498,317.4064851969129,334.41,SF-P3O-NoFisher,Walker2d-v4,2
451993,reward,3499,335.89111604420003,324.759,SF-P3O-NoFisher,Walker2d-v4,2
452120,reward,3500,236.22670328173712,317.847,SF-P3O-NoFisher,Walker2d-v4,2
452240,reward,3501,232.81840421349037,299.384,SF-P3O-NoFisher,Walker2d-v4,2
452387,reward,3502,314.82031137027127,303.472,SF-P3O-NoFisher,Walker2d-v4,2
452623,reward,3503,447.75855581685096,306.989,SF-P3O-NoFisher,Walker2d-v4,2
452755,reward,3504,283.7496693689366,299.948,SF-P3O-NoFisher,Walker2d-v4,2
452892,reward,3505,320.982761315644,303.112,SF-P3O-NoFisher,Walker2d-v4,2
453008,reward,3506,253.06858085901902,303.744,SF-P3O-NoFisher,Walker2d-v4,2
453185,reward,3507,363.74445872325254,310.647,SF-P3O-NoFisher,Walker2d-v4,2
453310,reward,3508,263.5270638806865,305.259,SF-P3O-NoFisher,Walker2d-v4,2
453448,reward,3509,309.9019185502117,302.66,SF-P3O-NoFisher,Walker2d-v4,2
453579,reward,3510,280.0971797590182,307.047,SF-P3O-NoFisher,Walker2d-v4,2
453719,reward,3511,267.9962576634685,310.565,SF-P3O-NoFisher,Walker2d-v4,2
453864,reward,3512,310.898478732569,310.172,SF-P3O-NoFisher,Walker2d-v4,2
454015,reward,3513,294.83826164956685,294.88,SF-P3O-NoFisher,Walker2d-v4,2
454181,reward,3514,356.2759952418676,302.133,SF-P3O-NoFisher,Walker2d-v4,2
454344,reward,3515,364.1134190884761,306.446,SF-P3O-NoFisher,Walker2d-v4,2
454502,reward,3516,335.3708510132217,314.676,SF-P3O-NoFisher,Walker2d-v4,2
454677,reward,3517,341.3698414029869,312.439,SF-P3O-NoFisher,Walker2d-v4,2
454898,reward,3518,424.71471889476146,328.558,SF-P3O-NoFisher,Walker2d-v4,2
455074,reward,3519,348.7560202690479,332.443,SF-P3O-NoFisher,Walker2d-v4,2
455261,reward,3520,411.3652238376338,345.57,SF-P3O-NoFisher,Walker2d-v4,2
455385,reward,3521,268.0715926615809,345.577,SF-P3O-NoFisher,Walker2d-v4,2
455541,reward,3522,345.0596477452398,348.994,SF-P3O-NoFisher,Walker2d-v4,2
455708,reward,3523,329.7859455958285,352.488,SF-P3O-NoFisher,Walker2d-v4,2
455891,reward,3524,396.0680391898266,356.468,SF-P3O-NoFisher,Walker2d-v4,2
456022,reward,3525,290.10050787581224,349.066,SF-P3O-NoFisher,Walker2d-v4,2
456339,reward,3526,514.362520406637,366.965,SF-P3O-NoFisher,Walker2d-v4,2
456488,reward,3527,326.6211883576555,365.491,SF-P3O-NoFisher,Walker2d-v4,2
456612,reward,3528,284.9933313257128,351.518,SF-P3O-NoFisher,Walker2d-v4,2
456796,reward,3529,404.81291496009385,357.124,SF-P3O-NoFisher,Walker2d-v4,2
456957,reward,3530,370.4483968330058,353.032,SF-P3O-NoFisher,Walker2d-v4,2
457133,reward,3531,377.92073576840994,364.017,SF-P3O-NoFisher,Walker2d-v4,2
457276,reward,3532,316.49629571783623,361.161,SF-P3O-NoFisher,Walker2d-v4,2
457417,reward,3533,287.5971332555169,356.942,SF-P3O-NoFisher,Walker2d-v4,2
457559,reward,3534,298.37694888310716,347.173,SF-P3O-NoFisher,Walker2d-v4,2
457698,reward,3535,322.04088384858863,350.367,SF-P3O-NoFisher,Walker2d-v4,2
457817,reward,3536,242.5572943801536,323.187,SF-P3O-NoFisher,Walker2d-v4,2
457989,reward,3537,376.14743941881744,328.139,SF-P3O-NoFisher,Walker2d-v4,2
458111,reward,3538,257.82668828731653,325.422,SF-P3O-NoFisher,Walker2d-v4,2
458258,reward,3539,322.0629824921952,317.147,SF-P3O-NoFisher,Walker2d-v4,2
458448,reward,3540,364.41273418394616,316.544,SF-P3O-NoFisher,Walker2d-v4,2
458679,reward,3541,483.3566575803954,327.088,SF-P3O-NoFisher,Walker2d-v4,2
458752,loss,-0.08798535913228989,0.8479834794998169,SF-P3O-NoFisher,Walker2d-v4,2
458752,diagnostics,0.0,63.57,43.4944,0.054244,0.954666,0.8036,-1.0,SF-P3O-NoFisher,Walker2d-v4,2
458807,reward,3542,273.13638950988826,322.752,SF-P3O-NoFisher,Walker2d-v4,2
458967,reward,3543,343.8337189828074,328.375,SF-P3O-NoFisher,Walker2d-v4,2
459094,reward,3544,282.58793049264267,326.796,SF-P3O-NoFisher,Walker2d-v4,2
459237,reward,3545,325.03157693331525,327.095,SF-P3O-NoFisher,Walker2d-v4,2
459380,reward,3546,333.2888674606942,336.168,SF-P3O-NoFisher,Walker2d-v4,2
459606,reward,3547,446.68165945003517,343.222,SF-P3O-NoFisher,Walker2d-v4,2
459763,reward,3548,316.21334462020576,349.061,SF-P3O-NoFisher,Walker2d-v4,2
459920,reward,3549,319.28913117755593,348.783,SF-P3O-NoFisher,Walker2d-v4,2
460000,speed,436.66,14.8,SF-P3O-NoFisher,Walker2d-v4,2
460001,perturb,0.054244,0.954666,0.8036,-1,-1,0.02,2,SF-P3O-NoFisher,Walker2d-v4,2
460170,reward,3550,398.81305379292627,352.223,SF-P3O-NoFisher,Walker2d-v4,2
460366,reward,3551,376.00295781694547,341.488,SF-P3O-NoFisher,Walker2d-v4,2
460553,reward,3552,435.77632096602207,357.752,SF-P3O-NoFisher,Walker2d-v4,2
460693,reward,3553,305.768286763478,353.945,SF-P3O-NoFisher,Walker2d-v4,2
460820,reward,3554,273.3638823701517,353.023,SF-P3O-NoFisher,Walker2d-v4,2
460995,reward,3555,374.86134813368835,358.006,SF-P3O-NoFisher,Walker2d-v4,2
461211,reward,3556,406.1615427553673,365.293,SF-P3O-NoFisher,Walker2d-v4,2
461341,reward,3557,277.73885165811737,348.399,SF-P3O-NoFisher,Walker2d-v4,2
461483,reward,3558,328.9951605222285,349.677,SF-P3O-NoFisher,Walker2d-v4,2
461611,reward,3559,258.7167788356731,343.62,SF-P3O-NoFisher,Walker2d-v4,2
461805,reward,3560,429.05246547569607,346.644,SF-P3O-NoFisher,Walker2d-v4,2
461945,reward,3561,283.13387854029884,337.357,SF-P3O-NoFisher,Walker2d-v4,2
462104,reward,3562,343.1038193204266,328.09,SF-P3O-NoFisher,Walker2d-v4,2
462216,reward,3563,234.77271733130712,320.99,SF-P3O-NoFisher,Walker2d-v4,2
462392,reward,3564,379.9976249694487,331.653,SF-P3O-NoFisher,Walker2d-v4,2
462526,reward,3565,299.6219082706496,324.129,SF-P3O-NoFisher,Walker2d-v4,2
462698,reward,3566,328.7534565125884,316.389,SF-P3O-NoFisher,Walker2d-v4,2
462877,reward,3567,348.5056973989376,323.465,SF-P3O-NoFisher,Walker2d-v4,2
463028,reward,3568,321.3061321838082,322.696,SF-P3O-NoFisher,Walker2d-v4,2
463163,reward,3569,285.64554884062744,325.389,SF-P3O-NoFisher,Walker2d-v4,2
463346,reward,3570,356.6065040150947,318.145,SF-P3O-NoFisher,Walker2d-v4,2
463566,reward,3571,418.31547153727973,331.663,SF-P3O-NoFisher,Walker2d-v4,2
463924,reward,3572,542.4212626424998,351.595,SF-P3O-NoFisher,Walker2d-v4,2
464161,reward,3573,411.60631863756385,369.278,SF-P3O-NoFisher,Walker2d-v4,2
464438,reward,3574,474.2682405228702,378.705,SF-P3O-NoFisher,Walker2d-v4,2
464546,reward,3575,231.04599148782222,371.847,SF-P3O-NoFisher,Walker2d-v4,2
464691,reward,3576,316.3114547381601,370.603,SF-P3O-NoFisher,Walker2d-v4,2
464859,reward,3577,341.4259309821979,369.895,SF-P3O-NoFisher,Walker2d-v4,2
464991,reward,3578,260.13879665501986,363.779,SF-P3O-NoFisher,Walker2d-v4,2
465128,reward,3579,318.4501433776872,367.059,SF-P3O-NoFisher,Walker2d-v4,2
465384,reward,3580,462.35049990769187,377.633,SF-P3O-NoFisher,Walker2d-v4,2
465544,reward,3581,368.9656685718467,372.698,SF-P3O-NoFisher,Walker2d-v4,2
465677,reward,3582,296.4418648532217,348.1,SF-P3O-NoFisher,Walker2d-v4,2
465790,reward,3583,252.00636307100325,332.14,SF-P3O-NoFisher,Walker2d-v4,2
465912,reward,3584,275.81229355131376,312.295,SF-P3O-NoFisher,Walker2d-v4,2
466095,reward,3585,329.8273784372744,322.173,SF-P3O-NoFisher,Walker2d-v4,2
466605,reward,3586,385.54541157211617,329.096,SF-P3O-NoFisher,Walker2d-v4,2
466821,reward,3587,354.3395784157971,330.388,SF-P3O-NoFisher,Walker2d-v4,2
466944,loss,-0.057956282049417496,0.7981839179992676,SF-P3O-NoFisher,Walker2d-v4,2
466955,reward,3588,295.61601983941205,333.936,SF-P3O-NoFisher,Walker2d-v4,2
467157,reward,3589,366.46187965348236,338.737,SF-P3O-NoFisher,Walker2d-v4,2
467322,reward,3590,373.48518427343066,329.85,SF-P3O-NoFisher,Walker2d-v4,2
467457,reward,3591,292.66916658453266,322.221,SF-P3O-NoFisher,Walker2d-v4,2
467636,reward,3592,368.0159581982589,329.378,SF-P3O-NoFisher,Walker2d-v4,2
467770,reward,3593,298.4932118248275,334.027,SF-P3O-NoFisher,Walker2d-v4,2
467891,reward,3594,283.4524902210726,334.791,SF-P3O-NoFisher,Walker2d-v4,2
468039,reward,3595,288.32248155447405,330.64,SF-P3O-NoFisher,Walker2d-v4,2
468178,reward,3596,326.84154027025687,324.77,SF-P3O-NoFisher,Walker2d-v4,2
468331,reward,3597,313.3615126845086,320.672,SF-P3O-NoFisher,Walker2d-v4,2
468566,reward,3598,453.3316778013119,336.444,SF-P3O-NoFisher,Walker2d-v4,2
468747,reward,3599,320.528894255329,331.85,SF-P3O-NoFisher,Walker2d-v4,2
468929,reward,3600,433.25954463882385,337.828,SF-P3O-NoFisher,Walker2d-v4,2
469113,reward,3601,384.0372280424269,346.964,SF-P3O-NoFisher,Walker2d-v4,2
469263,reward,3602,297.97748681865363,339.961,SF-P3O-NoFisher,Walker2d-v4,2
469439,reward,3603,376.0835918282046,347.72,SF-P3O-NoFisher,Walker2d-v4,2
469597,reward,3604,348.6910903243452,354.244,SF-P3O-NoFisher,Walker2d-v4,2
469742,reward,3605,316.1607608141056,357.027,SF-P3O-NoFisher,Walker2d-v4,2
469881,reward,3606,301.86181742496075,354.529,SF-P3O-NoFisher,Walker2d-v4,2
470000,speed,642.03,15.06,SF-P3O-NoFisher,Walker2d-v4,2
470001,spectral,0.054608,0.954826,0.8009,SF-P3O-NoFisher,Walker2d-v4,2
470062,reward,3607,379.7944695197445,361.173,SF-P3O-NoFisher,Walker2d-v4,2
470160,reward,3608,198.1292876023871,335.652,SF-P3O-NoFisher,Walker2d-v4,2
470268,reward,3609,230.67550462614216,326.667,SF-P3O-NoFisher,Walker2d-v4,2
470424,reward,3610,352.73941122386697,318.615,SF-P3O-NoFisher,Walker2d-v4,2
470592,reward,3611,363.1377669634544,316.525,SF-P3O-NoFisher,Walker2d-v4,2
470795,reward,3612,385.38097295948614,325.265,SF-P3O-NoFisher,Walker2d-v4,2
470929,reward,3613,291.3368339775396,316.791,SF-P3O-NoFisher,Walker2d-v4,2
471090,reward,3614,360.7380325301977,317.995,SF-P3O-NoFisher,Walker2d-v4,2
471200,reward,3615,257.63930665755464,312.143,SF-P3O-NoFisher,Walker2d-v4,2
471350,reward,3616,331.61267395183734,315.118,SF-P3O-NoFisher,Walker2d-v4,2
471513,reward,3617,376.87730372240884,314.827,SF-P3O-NoFisher,Walker2d-v4,2
471662,reward,3618,322.5206755583266,327.266,SF-P3O-NoFisher,Walker2d-v4,2
471758,reward,3619,224.07322087385026,326.606,SF-P3O-NoFisher,Walker2d-v4,2
471943,reward,3620,353.7010477417391,326.702,SF-P3O-NoFisher,Walker2d-v4,2
472111,reward,3621,381.9175098079013,328.58,SF-P3O-NoFisher,Walker2d-v4,2
472277,reward,3622,327.66939468011935,322.809,SF-P3O-NoFisher,Walker2d-v4,2
472452,reward,3623,396.3517182061388,333.31,SF-P3O-NoFisher,Walker2d-v4,2
472575,reward,3624,256.88325609882844,322.925,SF-P3O-NoFisher,Walker2d-v4,2
472757,reward,3625,367.2444294466441,333.885,SF-P3O-NoFisher,Walker2d-v4,2
472924,reward,3626,359.6785460414519,336.692,SF-P3O-NoFisher,Walker2d-v4,2
473081,reward,3627,294.18311774722883,328.422,SF-P3O-NoFisher,Walker2d-v4,2
473249,reward,3628,321.31430679149867,328.302,SF-P3O-NoFisher,Walker2d-v4,2
473374,reward,3629,254.80535223989094,331.375,SF-P3O-NoFisher,Walker2d-v4,2
473566,reward,3630,364.0721965218692,332.412,SF-P3O-NoFisher,Walker2d-v4,2
473696,reward,3631,278.94017678662414,322.114,SF-P3O-NoFisher,Walker2d-v4,2
473870,reward,3632,426.3660530188385,331.984,SF-P3O-NoFisher,Walker2d-v4,2
474120,reward,3633,122.99889329226234,304.649,SF-P3O-NoFisher,Walker2d-v4,2
474266,reward,3634,313.60876911112666,310.321,SF-P3O-NoFisher,Walker2d-v4,2
474417,reward,3635,338.274869343064,307.424,SF-P3O-NoFisher,Walker2d-v4,2
474571,reward,3636,344.49384790727515,305.906,SF-P3O-NoFisher,Walker2d-v4,2
474719,reward,3637,324.91267182229404,308.979,SF-P3O-NoFisher,Walker2d-v4,2
474872,reward,3638,318.7737864710967,308.725,SF-P3O-NoFisher,Walker2d-v4,2
474996,reward,3639,246.45002828977158,307.889,SF-P3O-NoFisher,Walker2d-v4,2
475136,loss,0.012045981362462044,1.165171504020691,SF-P3O-NoFisher,Walker2d-v4,2
475136,diagnostics,0.0,64.03,85.6383,0.055141,0.954509,0.7914,-1.0,SF-P3O-NoFisher,Walker2d-v4,2
475137,reward,3640,281.5478462088367,299.637,SF-P3O-NoFisher,Walker2d-v4,2
475253,reward,3641,242.70698601424508,296.013,SF-P3O-NoFisher,Walker2d-v4,2
475398,reward,3642,303.4197409719597,283.719,SF-P3O-NoFisher,Walker2d-v4,2
475566,reward,3643,378.48732061540426,309.268,SF-P3O-NoFisher,Walker2d-v4,2
475693,reward,3644,292.71530294749476,307.178,SF-P3O-NoFisher,Walker2d-v4,2
475823,reward,3645,287.4603189988731,302.097,SF-P3O-NoFisher,Walker2d-v4,2
475997,reward,3646,373.80887921312654,305.028,SF-P3O-NoFisher,Walker2d-v4,2
476143,reward,3647,312.57294518361954,303.794,SF-P3O-NoFisher,Walker2d-v4,2
476260,reward,3648,246.03341984744299,296.52,SF-P3O-NoFisher,Walker2d-v4,2
476483,reward,3649,465.5722948202819,318.433,SF-P3O-NoFisher,Walker2d-v4,2
476715,reward,3650,371.6129696055542,327.439,SF-P3O-NoFisher,Walker2d-v4,2
476857,reward,3651,305.41804135146157,333.71,SF-P3O-NoFisher,Walker2d-v4,2
477059,reward,3652,386.0601054986291,341.974,SF-P3O-NoFisher,Walker2d-v4,2
477208,reward,3653,322.00271483552405,336.326,SF-P3O-NoFisher,Walker2d-v4,2
477336,reward,3654,267.2052358206202,333.775,SF-P3O-NoFisher,Walker2d-v4,2
477475,reward,3655,274.17519092763433,332.446,SF-P3O-NoFisher,Walker2d-v4,2
477629,reward,3656,364.2701406806591,331.492,SF-P3O-NoFisher,Walker2d-v4,2
477795,reward,3657,369.99454889292804,337.234,SF-P3O-NoFisher,Walker2d-v4,2
477980,reward,3658,375.5568164555012,350.187,SF-P3O-NoFisher,Walker2d-v4,2
478179,reward,3659,445.6128304162721,348.191,SF-P3O-NoFisher,Walker2d-v4,2
478338,reward,3660,341.08355747955903,345.138,SF-P3O-NoFisher,Walker2d-v4,2
478460,reward,3661,251.74321631128248,339.77,SF-P3O-NoFisher,Walker2d-v4,2
478636,reward,3662,389.15224067375556,340.08,SF-P3O-NoFisher,Walker2d-v4,2
478783,reward,3663,342.43224773685404,342.123,SF-P3O-NoFisher,Walker2d-v4,2
478957,reward,3664,371.876412626795,352.59,SF-P3O-NoFisher,Walker2d-v4,2
479094,reward,3665,291.0242640771447,354.275,SF-P3O-NoFisher,Walker2d-v4,2
479235,reward,3666,314.59615316710085,349.307,SF-P3O-NoFisher,Walker2d-v4,2
479346,reward,3667,248.45522626609366,337.153,SF-P3O-NoFisher,Walker2d-v4,2
479525,reward,3668,380.090367066385,337.607,SF-P3O-NoFisher,Walker2d-v4,2
479685,reward,3669,335.03773628162224,326.549,SF-P3O-NoFisher,Walker2d-v4,2
479854,reward,3670,353.20965337662034,327.762,SF-P3O-NoFisher,Walker2d-v4,2
480000,speed,666.47,15.31,SF-P3O-NoFisher,Walker2d-v4,2
480001,spectral,0.055141,0.954509,0.7914,SF-P3O-NoFisher,Walker2d-v4,2
480016,reward,3671,353.83017944620053,337.97,SF-P3O-NoFisher,Walker2d-v4,2
480181,reward,3672,359.8681045996576,335.042,SF-P3O-NoFisher,Walker2d-v4,2
480413,reward,3673,484.7752415687523,349.276,SF-P3O-NoFisher,Walker2d-v4,2
480586,reward,3674,350.94396809623595,347.183,SF-P3O-NoFisher,Walker2d-v4,2
480723,reward,3675,300.79456915272846,348.16,SF-P3O-NoFisher,Walker2d-v4,2
480888,reward,3676,327.60788088592017,349.461,SF-P3O-NoFisher,Walker2d-v4,2
481020,reward,3677,282.40055811969876,352.856,SF-P3O-NoFisher,Walker2d-v4,2
481178,reward,3678,325.45904581535615,347.393,SF-P3O-NoFisher,Walker2d-v4,2
481341,reward,3679,363.3313052135899,350.222,SF-P3O-NoFisher,Walker2d-v4,2
481483,reward,3680,307.0491429232964,345.606,SF-P3O-NoFisher,Walker2d-v4,2
481725,reward,3681,472.57661625717105,357.481,SF-P3O-NoFisher,Walker2d-v4,2
481886,reward,3682,375.2058303232899,359.014,SF-P3O-NoFisher,Walker2d-v4,2
482061,reward,3683,373.9342556662476,347.93,SF-P3O-NoFisher,Walker2d-v4,2
482245,reward,3684,379.67602032723903,350.804,SF-P3O-NoFisher,Walker2d-v4,2
482356,reward,3685,221.08209886140605,342.832,SF-P3O-NoFisher,Walker2d-v4,2
482587,reward,3686,475.38155918061784,357.61,SF-P3O-NoFisher,Walker2d-v4,2
482732,reward,3687,324.2728380320689,361.797,SF-P3O-NoFisher,Walker2d-v4,2
482868,reward,3688,255.18763749619922,354.77,SF-P3O-NoFisher,Walker2d-v4,2
482995,reward,3689,252.9513209305829,343.732,SF-P3O-NoFisher,Walker2d-v4,2
483102,reward,3690,207.37694806707577,333.765,SF-P3O-NoFisher,Walker2d-v4,2
483302,reward,3691,424.4026497658878,328.947,SF-P3O-NoFisher,Walker2d-v4,2
483328,loss,-0.09733964502811432,0.8301346898078918,SF-P3O-NoFisher,Walker2d-v4,2
483465,reward,3692,309.1232875346204,322.339,SF-P3O-NoFisher,Walker2d-v4,2
483708,reward,3693,431.61759651819955,328.107,SF-P3O-NoFisher,Walker2d-v4,2
483867,reward,3694,342.1204895188338,324.352,SF-P3O-NoFisher,Walker2d-v4,2
484009,reward,3695,305.4200719851021,332.785,SF-P3O-NoFisher,Walker2d-v4,2
484265,reward,3696,461.62452102430825,331.41,SF-P3O-NoFisher,Walker2d-v4,2
484459,reward,3697,381.39870193181605,337.122,SF-P3O-NoFisher,Walker2d-v4,2
484635,reward,3698,367.24489162646626,348.328,SF-P3O-NoFisher,Walker2d-v4,2
484779,reward,3699,329.9903708798531,356.032,SF-P3O-NoFisher,Walker2d-v4,2
484918,reward,3700,304.85005258796673,365.779,SF-P3O-NoFisher,Walker2d-v4,2
485084,reward,3701,371.9532410373467,360.534,SF-P3O-NoFisher,Walker2d-v4,2
485238,reward,3702,323.9125890144586,362.013,SF-P3O-NoFisher,Walker2d-v4,2
485375,reward,3703,310.0209353200218,349.854,SF-P3O-NoFisher,Walker2d-v4,2
485492,reward,3704,246.79383486765863,340.321,SF-P3O-NoFisher,Walker2d-v4,2
485681,reward,3705,417.1095707810584,351.49,SF-P3O-NoFisher,Walker2d-v4,2
485823,reward,3706,317.0916261113691,337.037,SF-P3O-NoFisher,Walker2d-v4,2
486041,reward,3707,107.27081486044213,309.624,SF-P3O-NoFisher,Walker2d-v4,2
486237,reward,3708,446.46821920787045,317.546,SF-P3O-NoFisher,Walker2d-v4,2
486399,reward,3709,324.73982485833966,317.021,SF-P3O-NoFisher,Walker2d-v4,2
486521,reward,3710,276.1364332131949,314.15,SF-P3O-NoFisher,Walker2d-v4,2
486674,reward,3711,326.39355964729714,309.594,SF-P3O-NoFisher,Walker2d-v4,2
486813,reward,3712,311.3713931939676,308.34,SF-P3O-NoFisher,Walker2d-v4,2
486995,reward,3713,356.45966257153975,312.983,SF-P3O-NoFisher,Walker2d-v4,2
487171,reward,3714,374.9943999305206,325.804,SF-P3O-NoFisher,Walker2d-v4,2
487324,reward,3715,315.28990008651493,315.622,SF-P3O-NoFisher,Walker2d-v4,2
487455,reward,3716,292.0755796096319,313.12,SF-P3O-NoFisher,Walker2d-v4,2
487625,reward,3717,363.2926360676717,338.722,SF-P3O-NoFisher,Walker2d-v4,2
487802,reward,3718,360.62012647834206,330.137,SF-P3O-NoFisher,Walker2d-v4,2
487936,reward,3719,263.7049831465287,324.034,SF-P3O-NoFisher,Walker2d-v4,2
488083,reward,3720,322.7250020286301,328.693,SF-P3O-NoFisher,Walker2d-v4,2
488209,reward,3721,264.88120640541297,322.541,SF-P3O-NoFisher,Walker2d-v4,2
488331,reward,3722,247.50447214464313,316.155,SF-P3O-NoFisher,Walker2d-v4,2
488485,reward,3723,328.0394579965478,313.313,SF-P3O-NoFisher,Walker2d-v4,2
488644,reward,3724,336.06580251284413,309.42,SF-P3O-NoFisher,Walker2d-v4,2
488783,reward,3725,332.31649834418494,311.123,SF-P3O-NoFisher,Walker2d-v4,2
488942,reward,3726,331.5594383947681,315.071,SF-P3O-NoFisher,Walker2d-v4,2
489078,reward,3727,295.0626737784072,308.248,SF-P3O-NoFisher,Walker2d-v4,2
489235,reward,3728,365.88446467334774,308.774,SF-P3O-NoFisher,Walker2d-v4,2
489355,reward,3729,254.72499557897913,307.876,SF-P3O-NoFisher,Walker2d-v4,2
489493,reward,3730,309.32904007114445,306.537,SF-P3O-NoFisher,Walker2d-v4,2
489653,reward,3731,374.36546709444536,317.485,SF-P3O-NoFisher,Walker2d-v4,2
489779,reward,3732,279.8709411156439,320.722,SF-P3O-NoFisher,Walker2d-v4,2
489925,reward,3733,321.2141261346242,320.039,SF-P3O-NoFisher,Walker2d-v4,2
490000,speed,634.13,15.58,SF-P3O-NoFisher,Walker2d-v4,2
490001,spectral,0.055478,0.954577,0.8169,SF-P3O-NoFisher,Walker2d-v4,2
490113,reward,3734,408.4875694827415,327.282,SF-P3O-NoFisher,Walker2d-v4,2
490270,reward,3735,332.7437592560032,327.324,SF-P3O-NoFisher,Walker2d-v4,2
490441,reward,3736,338.01860092850427,327.97,SF-P3O-NoFisher,Walker2d-v4,2
490598,reward,3737,346.8832079582108,333.152,SF-P3O-NoFisher,Walker2d-v4,2
490761,reward,3738,348.53356258941847,331.417,SF-P3O-NoFisher,Walker2d-v4,2
490904,reward,3739,334.52239780492704,339.397,SF-P3O-NoFisher,Walker2d-v4,2
491058,reward,3740,325.1845557309713,340.982,SF-P3O-NoFisher,Walker2d-v4,2
491200,reward,3741,302.0945735906705,333.755,SF-P3O-NoFisher,Walker2d-v4,2
491373,reward,3742,337.5350371106244,339.522,SF-P3O-NoFisher,Walker2d-v4,2
491520,loss,-0.028104143217206,0.5496066808700562,SF-P3O-NoFisher,Walker2d-v4,2
491520,diagnostics,0.0,64.36,34.4227,0.055905,0.954429,0.784,-1.0,SF-P3O-NoFisher,Walker2d-v4,2
491566,reward,3743,452.97011463201574,352.697,SF-P3O-NoFisher,Walker2d-v4,2
491691,reward,3744,292.0805983684937,341.057,SF-P3O-NoFisher,Walker2d-v4,2
491805,reward,3745,253.38002781029797,333.12,SF-P3O-NoFisher,Walker2d-v4,2
492069,reward,3746,489.6246831314586,348.281,SF-P3O-NoFisher,Walker2d-v4,2
492244,reward,3747,362.64137739531054,349.857,SF-P3O-NoFisher,Walker2d-v4,2
492392,reward,3748,319.9449000032497,346.998,SF-P3O-NoFisher,Walker2d-v4,2
492560,reward,3749,362.8721513592379,349.833,SF-P3O-NoFisher,Walker2d-v4,2
492741,reward,3750,430.55303800763096,360.37,SF-P3O-NoFisher,Walker2d-v4,2
492903,reward,3751,342.1046933305234,364.371,SF-P3O-NoFisher,Walker2d-v4,2
493057,reward,3752,378.06796647415604,368.424,SF-P3O-NoFisher,Walker2d-v4,2
493215,reward,3753,392.3539376657734,362.362,SF-P3O-NoFisher,Walker2d-v4,2
493395,reward,3754,363.04972813753386,369.459,SF-P3O-NoFisher,Walker2d-v4,2
493500,reward,3755,209.70159125155175,365.091,SF-P3O-NoFisher,Walker2d-v4,2
493618,reward,3756,252.7048815777458,341.399,SF-P3O-NoFisher,Walker2d-v4,2
493763,reward,3757,315.13623368672415,336.649,SF-P3O-NoFisher,Walker2d-v4,2
493933,reward,3758,368.24033289920953,341.478,SF-P3O-NoFisher,Walker2d-v4,2
494254,reward,3759,538.7240384539485,359.064,SF-P3O-NoFisher,Walker2d-v4,2
494409,reward,3760,325.4185373064702,348.55,SF-P3O-NoFisher,Walker2d-v4,2
494545,reward,3761,299.45316948574236,344.285,SF-P3O-NoFisher,Walker2d-v4,2
494676,reward,3762,299.29104338564997,336.407,SF-P3O-NoFisher,Walker2d-v4,2
494844,reward,3763,410.5575698027852,338.228,SF-P3O-NoFisher,Walker2d-v4,2
494965,reward,3764,265.65711235110683,328.488,SF-P3O-NoFisher,Walker2d-v4,2
495048,reward,3765,152.287155528356,322.747,SF-P3O-NoFisher,Walker2d-v4,2
495212,reward,3766,333.4458142770757,330.821,SF-P3O-NoFisher,Walker2d-v4,2
495395,reward,3767,359.61808647765395,335.269,SF-P3O-NoFisher,Walker2d-v4,2
495575,reward,3768,392.1234737220995,337.658,SF-P3O-NoFisher,Walker2d-v4,2
495714,reward,3769,325.1573436814255,316.301,SF-P3O-NoFisher,Walker2d-v4,2
495872,reward,3770,351.4306101006538,318.902,SF-P3O-NoFisher,Walker2d-v4,2
496049,reward,3771,394.5906746317243,328.416,SF-P3O-NoFisher,Walker2d-v4,2
496194,reward,3772,321.48588953991646,330.635,SF-P3O-NoFisher,Walker2d-v4,2
496404,reward,3773,441.9688672735197,333.777,SF-P3O-NoFisher,Walker2d-v4,2
496539,reward,3774,304.02044685338626,337.613,SF-P3O-NoFisher,Walker2d-v4,2
496682,reward,3775,340.55742074102454,356.44,SF-P3O-NoFisher,Walker2d-v4,2
496947,reward,3776,506.4928100625372,373.745,SF-P3O-NoFisher,Walker2d-v4,2
497166,reward,3777,408.02372320020197,378.585,SF-P3O-NoFisher,Walker2d-v4,2
497332,reward,3778,388.7286608936464,378.246,SF-P3O-NoFisher,Walker2d-v4,2
497514,reward,3779,423.7345103775499,388.103,SF-P3O-NoFisher,Walker2d-v4,2
497698,reward,3780,353.1907931220787,388.279,SF-P3O-NoFisher,Walker2d-v4,2
497829,reward,3781,283.76119953150766,377.196,SF-P3O-NoFisher,Walker2d-v4,2
497973,reward,3782,315.3632165622895,376.584,SF-P3O-NoFisher,Walker2d-v4,2
498100,reward,3783,273.5055223366772,359.738,SF-P3O-NoFisher,Walker2d-v4,2
498225,reward,3784,276.1995444921363,356.956,SF-P3O-NoFisher,Walker2d-v4,2
498376,reward,3785,320.59547036193953,354.96,SF-P3O-NoFisher,Walker2d-v4,2
498523,reward,3786,369.12649107044206,341.223,SF-P3O-NoFisher,Walker2d-v4,2
498640,reward,3787,270.92347142702926,327.513,SF-P3O-NoFisher,Walker2d-v4,2
498822,reward,3788,461.38277165909017,334.778,SF-P3O-NoFisher,Walker2d-v4,2
499132,reward,3789,452.48373737925516,337.653,SF-P3O-NoFisher,Walker2d-v4,2
499259,reward,3790,277.714385394132,330.106,SF-P3O-NoFisher,Walker2d-v4,2
499370,reward,3791,244.34246848355755,326.164,SF-P3O-NoFisher,Walker2d-v4,2
499565,reward,3792,399.69720450101363,334.597,SF-P3O-NoFisher,Walker2d-v4,2
499683,reward,3793,261.4692867588011,333.393,SF-P3O-NoFisher,Walker2d-v4,2
499712,loss,-0.04532775282859802,0.7921837568283081,SF-P3O-NoFisher,Walker2d-v4,2
499832,reward,3794,350.24661889688196,340.798,SF-P3O-NoFisher,Walker2d-v4,2
499941,reward,3795,208.99199158751836,329.638,SF-P3O-NoFisher,Walker2d-v4,2
500000,speed,433.65,15.96,SF-P3O-NoFisher,Walker2d-v4,2
500001,spectral,0.056614,0.954449,0.7776,SF-P3O-NoFisher,Walker2d-v4,2
500107,reward,3796,392.7217072803843,331.997,SF-P3O-NoFisher,Walker2d-v4,2
500187,reward,3797,168.78152275532258,321.783,SF-P3O-NoFisher,Walker2d-v4,2
500348,reward,3798,345.1630463063409,310.161,SF-P3O-NoFisher,Walker2d-v4,2
500477,reward,3799,262.59176768829377,291.172,SF-P3O-NoFisher,Walker2d-v4,2
500618,reward,3800,320.9117876874409,295.492,SF-P3O-NoFisher,Walker2d-v4,2
500752,reward,3801,281.5453635095199,299.212,SF-P3O-NoFisher,Walker2d-v4,2
500886,reward,3802,304.2926504332279,289.672,SF-P3O-NoFisher,Walker2d-v4,2
501001,reward,3803,264.35509810761823,289.96,SF-P3O-NoFisher,Walker2d-v4,2
501164,reward,3804,319.24655015917165,286.86,SF-P3O-NoFisher,Walker2d-v4,2
501296,reward,3805,293.32272536956367,295.293,SF-P3O-NoFisher,Walker2d-v4,2
501431,reward,3806,294.5882437299694,285.48,SF-P3O-NoFisher,Walker2d-v4,2
501618,reward,3807,390.5745995271162,307.659,SF-P3O-NoFisher,Walker2d-v4,2
501784,reward,3808,361.02439683270944,309.245,SF-P3O-NoFisher,Walker2d-v4,2
501933,reward,3809,340.23659016402,317.01,SF-P3O-NoFisher,Walker2d-v4,2
502070,reward,3810,321.3678497697119,317.055,SF-P3O-NoFisher,Walker2d-v4,2
502212,reward,3811,326.6497683083185,321.566,SF-P3O-NoFisher,Walker2d-v4,2
502345,reward,3812,301.6665769168923,321.303,SF-P3O-NoFisher,Walker2d-v4,2
502567,reward,3813,541.2746912705946,348.995,SF-P3O-NoFisher,Walker2d-v4,2
502687,reward,3814,242.7152786082806,341.342,SF-P3O-NoFisher,Walker2d-v4,2
502860,reward,3815,341.09384005632035,346.119,SF-P3O-NoFisher,Walker2d-v4,2
503014,reward,3816,333.22217769578117,349.983,SF-P3O-NoFisher,Walker2d-v4,2
503148,reward,3817,291.7763578078991,340.103,SF-P3O-NoFisher,Walker2d-v4,2
503320,reward,3818,429.90005411370004,346.99,SF-P3O-NoFisher,Walker2d-v4,2
503487,reward,3819,382.8579071770217,351.252,SF-P3O-NoFisher,Walker2d-v4,2
503632,reward,3820,321.8062461392892,351.296,SF-P3O-NoFisher,Walker2d-v4,2
503764,reward,3821,291.549804606337,347.786,SF-P3O-NoFisher,Walker2d-v4,2
503906,reward,3822,313.06589148612886,348.926,SF-P3O-NoFisher,Walker2d-v4,2
504071,reward,3823,349.676486895835,329.766,SF-P3O-NoFisher,Walker2d-v4,2
504240,reward,3824,369.2277607484803,342.418,SF-P3O-NoFisher,Walker2d-v4,2
504384,reward,3825,303.67542146931453,338.676,SF-P3O-NoFisher,Walker2d-v4,2
504527,reward,3826,311.1786555905431,336.471,SF-P3O-NoFisher,Walker2d-v4,2
504664,reward,3827,301.2941326876706,337.423,SF-P3O-NoFisher,Walker2d-v4,2
504828,reward,3828,380.814448117201,332.515,SF-P3O-NoFisher,Walker2d-v4,2
505072,reward,3829,546.0000630636899,348.829,SF-P3O-NoFisher,Walker2d-v4,2
505291,reward,3830,460.6610677177838,362.714,SF-P3O-NoFisher,Walker2d-v4,2
505415,reward,3831,253.05679141718454,358.865,SF-P3O-NoFisher,Walker2d-v4,2
505561,reward,3832,313.90748712765685,358.949,SF-P3O-NoFisher,Walker2d-v4,2
505724,reward,3833,336.47269987359056,357.629,SF-P3O-NoFisher,Walker2d-v4,2
505882,reward,3834,342.8182365572783,354.988,SF-P3O-NoFisher,Walker2d-v4,2
506053,reward,3835,331.73142704838966,357.794,SF-P3O-NoFisher,Walker2d-v4,2
506226,reward,3836,402.28596837064765,366.904,SF-P3O-NoFisher,Walker2d-v4,2
506347,reward,3837,267.55746914489254,363.531,SF-P3O-NoFisher,Walker2d-v4,2
506492,reward,3838,306.1797125413884,356.067,SF-P3O-NoFisher,Walker2d-v4,2
506632,reward,3839,289.8698306141736,330.454,SF-P3O-NoFisher,Walker2d-v4,2
506785,reward,3840,351.76237411576966,319.564,SF-P3O-NoFisher,Walker2d-v4,2
506927,reward,3841,294.9611697418085,323.755,SF-P3O-NoFisher,Walker2d-v4,2
507146,reward,3842,389.2735143762627,331.291,SF-P3O-NoFisher,Walker2d-v4,2
507308,reward,3843,353.7556757471529,333.02,SF-P3O-NoFisher,Walker2d-v4,2
507511,reward,3844,392.93481382718255,338.031,SF-P3O-NoFisher,Walker2d-v4,2
507762,reward,3845,498.65783664908116,354.724,SF-P3O-NoFisher,Walker2d-v4,2
507876,reward,3846,248.86728547377683,339.382,SF-P3O-NoFisher,Walker2d-v4,2
507904,loss,0.01389371883124113,0.6214982867240906,SF-P3O-NoFisher,Walker2d-v4,2
507904,diagnostics,0.0,64.73,40.796,0.057272,0.954455,0.7666,-1.0,SF-P3O-NoFisher,Walker2d-v4,2
508299,reward,3847,319.83196646991803,344.609,SF-P3O-NoFisher,Walker2d-v4,2
508427,reward,3848,269.6482654250897,340.956,SF-P3O-NoFisher,Walker2d-v4,2
508613,reward,3849,399.69174538152544,351.938,SF-P3O-NoFisher,Walker2d-v4,2
508802,reward,3850,420.3146572624298,358.794,SF-P3O-NoFisher,Walker2d-v4,2
508974,reward,3851,365.43830989840365,365.841,SF-P3O-NoFisher,Walker2d-v4,2
509107,reward,3852,291.2434609003598,356.038,SF-P3O-NoFisher,Walker2d-v4,2
509304,reward,3853,431.0310373426332,363.766,SF-P3O-NoFisher,Walker2d-v4,2
509448,reward,3854,320.11097351320586,356.484,SF-P3O-NoFisher,Walker2d-v4,2
509645,reward,3855,405.7061732565596,347.188,SF-P3O-NoFisher,Walker2d-v4,2
509785,reward,3856,307.4404189228619,353.046,SF-P3O-NoFisher,Walker2d-v4,2
509925,reward,3857,297.3759684112623,350.8,SF-P3O-NoFisher,Walker2d-v4,2
510000,speed,623.29,16.23,SF-P3O-NoFisher,Walker2d-v4,2
510001,perturb,0.057272,0.954455,0.7666,-1,-1,0.02,3,SF-P3O-NoFisher,Walker2d-v4,2
510097,reward,3858,387.98534400115994,362.634,SF-P3O-NoFisher,Walker2d-v4,2
510264,reward,3859,351.6867840214477,357.833,SF-P3O-NoFisher,Walker2d-v4,2
510412,reward,3860,350.0440683300944,350.806,SF-P3O-NoFisher,Walker2d-v4,2
510590,reward,3861,410.75718886535583,355.338,SF-P3O-NoFisher,Walker2d-v4,2
510737,reward,3862,337.5846282640881,359.972,SF-P3O-NoFisher,Walker2d-v4,2
510874,reward,3863,269.99624201835485,343.869,SF-P3O-NoFisher,Walker2d-v4,2
511103,reward,3864,451.7893049582482,357.037,SF-P3O-NoFisher,Walker2d-v4,2
511215,reward,3865,230.1418560781661,339.48,SF-P3O-NoFisher,Walker2d-v4,2
511357,reward,3866,288.7798118366646,337.614,SF-P3O-NoFisher,Walker2d-v4,2
511575,reward,3867,415.7264077798151,349.449,SF-P3O-NoFisher,Walker2d-v4,2
511702,reward,3868,278.5500735658166,338.506,SF-P3O-NoFisher,Walker2d-v4,2
511838,reward,3869,312.6832745270523,334.605,SF-P3O-NoFisher,Walker2d-v4,2
512063,reward,3870,441.9630978609333,343.797,SF-P3O-NoFisher,Walker2d-v4,2
512192,reward,3871,263.60207141143457,329.082,SF-P3O-NoFisher,Walker2d-v4,2
512350,reward,3872,348.98394403182533,330.222,SF-P3O-NoFisher,Walker2d-v4,2
512530,reward,3873,419.21075644544436,345.143,SF-P3O-NoFisher,Walker2d-v4,2
512708,reward,3874,343.04734931167576,334.269,SF-P3O-NoFisher,Walker2d-v4,2
512861,reward,3875,347.52474394011233,346.007,SF-P3O-NoFisher,Walker2d-v4,2
513026,reward,3876,377.7817813758821,354.907,SF-P3O-NoFisher,Walker2d-v4,2
513177,reward,3877,334.8757187532866,346.822,SF-P3O-NoFisher,Walker2d-v4,2
513376,reward,3878,420.6412831255139,361.031,SF-P3O-NoFisher,Walker2d-v4,2
513538,reward,3879,393.7890036553961,369.142,SF-P3O-NoFisher,Walker2d-v4,2
513668,reward,3880,304.53832313339757,355.399,SF-P3O-NoFisher,Walker2d-v4,2
513815,reward,3881,352.74646173094175,364.314,SF-P3O-NoFisher,Walker2d-v4,2
513941,reward,3882,273.5578267793531,356.771,SF-P3O-NoFisher,Walker2d-v4,2
514112,reward,3883,372.50566235598495,352.101,SF-P3O-NoFisher,Walker2d-v4,2
514215,reward,3884,215.2047879213817,339.317,SF-P3O-NoFisher,Walker2d-v4,2
514372,reward,3885,373.69315925358154,341.933,SF-P3O-NoFisher,Walker2d-v4,2
514466,reward,3886,188.1144193989707,322.967,SF-P3O-NoFisher,Walker2d-v4,2
514596,reward,3887,287.1442077861125,318.194,SF-P3O-NoFisher,Walker2d-v4,2
514742,reward,3888,339.43888843609386,310.073,SF-P3O-NoFisher,Walker2d-v4,2
514872,reward,3889,312.87016492409737,301.981,SF-P3O-NoFisher,Walker2d-v4,2
515002,reward,3890,276.29410097801696,299.157,SF-P3O-NoFisher,Walker2d-v4,2
515172,reward,3891,414.68789717819163,305.351,SF-P3O-NoFisher,Walker2d-v4,2
515321,reward,3892,336.7569223590964,311.671,SF-P3O-NoFisher,Walker2d-v4,2
515466,reward,3893,313.0448765972819,305.725,SF-P3O-NoFisher,Walker2d-v4,2
515685,reward,3894,451.30309848306024,329.335,SF-P3O-NoFisher,Walker2d-v4,2
515837,reward,3895,320.3312631628609,323.999,SF-P3O-NoFisher,Walker2d-v4,2
515997,reward,3896,351.4338721552987,340.331,SF-P3O-NoFisher,Walker2d-v4,2
516096,loss,-0.03350507467985153,0.6357271075248718,SF-P3O-NoFisher,Walker2d-v4,2
516172,reward,3897,361.26477309199686,347.743,SF-P3O-NoFisher,Walker2d-v4,2
516372,reward,3898,391.4327668948944,352.942,SF-P3O-NoFisher,Walker2d-v4,2
516558,reward,3899,348.9261928307151,356.548,SF-P3O-NoFisher,Walker2d-v4,2
516726,reward,3900,368.92309982032435,365.81,SF-P3O-NoFisher,Walker2d-v4,2
516885,reward,3901,395.3205057038871,363.874,SF-P3O-NoFisher,Walker2d-v4,2
517022,reward,3902,301.68364517457655,360.366,SF-P3O-NoFisher,Walker2d-v4,2
517177,reward,3903,357.69050932150276,364.831,SF-P3O-NoFisher,Walker2d-v4,2
517310,reward,3904,321.1767652524412,351.818,SF-P3O-NoFisher,Walker2d-v4,2
517449,reward,3905,312.56042258045625,351.041,SF-P3O-NoFisher,Walker2d-v4,2
517615,reward,3906,396.98051661530934,355.596,SF-P3O-NoFisher,Walker2d-v4,2
517863,reward,3907,400.02769409840226,359.472,SF-P3O-NoFisher,Walker2d-v4,2
518062,reward,3908,392.8847972325142,359.617,SF-P3O-NoFisher,Walker2d-v4,2
518171,reward,3909,244.212491807978,349.146,SF-P3O-NoFisher,Walker2d-v4,2
518292,reward,3910,273.1013155533284,339.564,SF-P3O-NoFisher,Walker2d-v4,2
518424,reward,3911,351.90361740081306,335.222,SF-P3O-NoFisher,Walker2d-v4,2
518549,reward,3912,286.44009457202895,333.698,SF-P3O-NoFisher,Walker2d-v4,2
518684,reward,3913,295.1643709960754,327.445,SF-P3O-NoFisher,Walker2d-v4,2
518856,reward,3914,391.8958785003934,334.517,SF-P3O-NoFisher,Walker2d-v4,2
518989,reward,3915,299.595026206906,333.221,SF-P3O-NoFisher,Walker2d-v4,2
519195,reward,3916,495.1313110972743,343.036,SF-P3O-NoFisher,Walker2d-v4,2
519346,reward,3917,327.52069119277184,335.785,SF-P3O-NoFisher,Walker2d-v4,2
519532,reward,3918,459.8917749698511,342.486,SF-P3O-NoFisher,Walker2d-v4,2
519685,reward,3919,324.877299311633,350.552,SF-P3O-NoFisher,Walker2d-v4,2
519844,reward,3920,352.5629710706276,358.498,SF-P3O-NoFisher,Walker2d-v4,2
520000,speed,643.94,16.49,SF-P3O-NoFisher,Walker2d-v4,2
520001,spectral,0.057456,0.954346,0.7626,SF-P3O-NoFisher,Walker2d-v4,2
520024,reward,3921,439.4068267652943,367.249,SF-P3O-NoFisher,Walker2d-v4,2
520131,reward,3922,227.13428088190395,361.318,SF-P3O-NoFisher,Walker2d-v4,2
520392,reward,3923,505.79241961627207,382.381,SF-P3O-NoFisher,Walker2d-v4,2
520602,reward,3924,436.4687002008368,386.838,SF-P3O-NoFisher,Walker2d-v4,2
520761,reward,3925,367.42923719435754,393.622,SF-P3O-NoFisher,Walker2d-v4,2
520896,reward,3926,304.07598846922735,374.516,SF-P3O-NoFisher,Walker2d-v4,2
521016,reward,3927,277.40944087786943,369.505,SF-P3O-NoFisher,Walker2d-v4,2
521187,reward,3928,410.57798516587866,364.574,SF-P3O-NoFisher,Walker2d-v4,2
521313,reward,3929,250.18480404886282,357.104,SF-P3O-NoFisher,Walker2d-v4,2
521440,reward,3930,267.7836202718026,348.626,SF-P3O-NoFisher,Walker2d-v4,2
521575,reward,3931,300.39971019798577,334.726,SF-P3O-NoFisher,Walker2d-v4,2
521673,reward,3932,207.97933433775523,332.81,SF-P3O-NoFisher,Walker2d-v4,2
521767,reward,3933,186.32273020135128,300.863,SF-P3O-NoFisher,Walker2d-v4,2
521906,reward,3934,326.2835947739027,289.845,SF-P3O-NoFisher,Walker2d-v4,2
522035,reward,3935,310.68875360764827,284.171,SF-P3O-NoFisher,Walker2d-v4,2
522189,reward,3936,371.22858631245936,290.886,SF-P3O-NoFisher,Walker2d-v4,2
522341,reward,3937,341.38738020574465,297.284,SF-P3O-NoFisher,Walker2d-v4,2
522526,reward,3938,406.8784918181956,296.914,SF-P3O-NoFisher,Walker2d-v4,2
522787,reward,3939,509.2511847945238,322.82,SF-P3O-NoFisher,Walker2d-v4,2
523043,reward,3940,150.9569207377073,311.138,SF-P3O-NoFisher,Walker2d-v4,2
523187,reward,3941,343.00797884566026,315.398,SF-P3O-NoFisher,Walker2d-v4,2
523335,reward,3942,293.77078745414076,323.978,SF-P3O-NoFisher,Walker2d-v4,2
523441,reward,3943,240.3266244737531,329.378,SF-P3O-NoFisher,Walker2d-v4,2
523590,reward,3944,307.54885254073434,327.505,SF-P3O-NoFisher,Walker2d-v4,2
523786,reward,3945,393.53065048112285,335.789,SF-P3O-NoFisher,Walker2d-v4,2
523943,reward,3946,362.88122687129356,334.954,SF-P3O-NoFisher,Walker2d-v4,2
524090,reward,3947,334.73828116687395,334.289,SF-P3O-NoFisher,Walker2d-v4,2
524243,reward,3948,339.83157175355313,327.584,SF-P3O-NoFisher,Walker2d-v4,2
524288,loss,-0.0667983740568161,0.67643803358078,SF-P3O-NoFisher,Walker2d-v4,2
524288,diagnostics,0.0,65.15,44.6313,0.05796,0.954149,0.8017,-1.0,SF-P3O-NoFisher,Walker2d-v4,2
524371,reward,3949,267.65524805543697,303.425,SF-P3O-NoFisher,Walker2d-v4,2
524561,reward,3950,371.3520477901984,325.464,SF-P3O-NoFisher,Walker2d-v4,2
524673,reward,3951,227.14131630002313,313.878,SF-P3O-NoFisher,Walker2d-v4,2
524800,reward,3952,255.06257845431378,310.007,SF-P3O-NoFisher,Walker2d-v4,2
524947,reward,3953,345.67744151636003,320.542,SF-P3O-NoFisher,Walker2d-v4,2
525114,reward,3954,379.77690947141235,327.765,SF-P3O-NoFisher,Walker2d-v4,2
525359,reward,3955,469.9166517726441,335.403,SF-P3O-NoFisher,Walker2d-v4,2
525511,reward,3956,354.20686477449124,334.536,SF-P3O-NoFisher,Walker2d-v4,2
525652,reward,3957,349.7463386849439,336.037,SF-P3O-NoFisher,Walker2d-v4,2
525812,reward,3958,355.81455631634884,337.635,SF-P3O-NoFisher,Walker2d-v4,2
526020,reward,3959,438.5382912503502,354.723,SF-P3O-NoFisher,Walker2d-v4,2
526198,reward,3960,402.283609485371,357.816,SF-P3O-NoFisher,Walker2d-v4,2
526431,reward,3961,512.7174616399268,386.374,SF-P3O-NoFisher,Walker2d-v4,2
526566,reward,3962,290.8332285744989,389.951,SF-P3O-NoFisher,Walker2d-v4,2
526752,reward,3963,396.4462411380712,395.028,SF-P3O-NoFisher,Walker2d-v4,2
526891,reward,3964,314.91088529690325,388.541,SF-P3O-NoFisher,Walker2d-v4,2
526999,reward,3965,233.6312744870419,364.913,SF-P3O-NoFisher,Walker2d-v4,2
527132,reward,3966,289.4421740851496,358.436,SF-P3O-NoFisher,Walker2d-v4,2
527316,reward,3967,412.49522976799534,364.711,SF-P3O-NoFisher,Walker2d-v4,2
527477,reward,3968,345.04166233272247,363.634,SF-P3O-NoFisher,Walker2d-v4,2
527621,reward,3969,354.21837984662454,355.202,SF-P3O-NoFisher,Walker2d-v4,2
527756,reward,3970,319.03988966082113,346.878,SF-P3O-NoFisher,Walker2d-v4,2
527911,reward,3971,333.94063404378863,329.0,SF-P3O-NoFisher,Walker2d-v4,2
528087,reward,3972,437.5494923134563,343.672,SF-P3O-NoFisher,Walker2d-v4,2
528229,reward,3973,349.78071783792933,339.005,SF-P3O-NoFisher,Walker2d-v4,2
528338,reward,3974,220.17072942728802,329.531,SF-P3O-NoFisher,Walker2d-v4,2
528449,reward,3975,248.22809808226594,330.991,SF-P3O-NoFisher,Walker2d-v4,2
528594,reward,3976,328.5879377531831,334.905,SF-P3O-NoFisher,Walker2d-v4,2
528790,reward,3977,404.4217988341421,334.098,SF-P3O-NoFisher,Walker2d-v4,2
529057,reward,3978,456.2194215803735,345.216,SF-P3O-NoFisher,Walker2d-v4,2
529184,reward,3979,301.6798680523598,339.962,SF-P3O-NoFisher,Walker2d-v4,2
529324,reward,3980,318.74856497221646,339.933,SF-P3O-NoFisher,Walker2d-v4,2
529444,reward,3981,247.48187008469745,331.287,SF-P3O-NoFisher,Walker2d-v4,2
529556,reward,3982,250.48803365154473,312.581,SF-P3O-NoFisher,Walker2d-v4,2
529674,reward,3983,267.14424909755667,304.317,SF-P3O-NoFisher,Walker2d-v4,2
529812,reward,3984,320.63084077741826,314.363,SF-P3O-NoFisher,Walker2d-v4,2
529966,reward,3985,351.1663056765354,324.657,SF-P3O-NoFisher,Walker2d-v4,2
530000,speed,627.6,16.75,SF-P3O-NoFisher,Walker2d-v4,2
530001,spectral,0.05796,0.954149,0.8017,SF-P3O-NoFisher,Walker2d-v4,2
530113,reward,3986,363.7271824924325,328.171,SF-P3O-NoFisher,Walker2d-v4,2
530281,reward,3987,391.35574508453647,326.864,SF-P3O-NoFisher,Walker2d-v4,2
530419,reward,3988,309.8439714920205,312.227,SF-P3O-NoFisher,Walker2d-v4,2
530570,reward,3989,371.33826492296896,319.193,SF-P3O-NoFisher,Walker2d-v4,2
530715,reward,3990,309.5745265653454,318.275,SF-P3O-NoFisher,Walker2d-v4,2
530839,reward,3991,272.0591258577057,320.733,SF-P3O-NoFisher,Walker2d-v4,2
531021,reward,3992,359.8733820476601,331.671,SF-P3O-NoFisher,Walker2d-v4,2
531151,reward,3993,313.79593638940213,336.337,SF-P3O-NoFisher,Walker2d-v4,2
531322,reward,3994,433.43020461301376,347.616,SF-P3O-NoFisher,Walker2d-v4,2
531461,reward,3995,303.7190164911466,342.872,SF-P3O-NoFisher,Walker2d-v4,2
531616,reward,3996,312.1684066321061,337.716,SF-P3O-NoFisher,Walker2d-v4,2
531767,reward,3997,332.5506749813178,331.835,SF-P3O-NoFisher,Walker2d-v4,2
531947,reward,3998,387.4420075550578,339.595,SF-P3O-NoFisher,Walker2d-v4,2
532128,reward,3999,380.0254720543162,340.464,SF-P3O-NoFisher,Walker2d-v4,2
532238,reward,4000,277.7164196906764,337.278,SF-P3O-NoFisher,Walker2d-v4,2
532391,reward,4001,327.3541255207141,342.808,SF-P3O-NoFisher,Walker2d-v4,2
532480,loss,-0.0918392464518547,0.8078361749649048,SF-P3O-NoFisher,Walker2d-v4,2
532506,reward,4002,243.68999643726065,331.189,SF-P3O-NoFisher,Walker2d-v4,2
532590,reward,4003,169.39902018044896,316.75,SF-P3O-NoFisher,Walker2d-v4,2
532733,reward,4004,348.31678761432227,308.238,SF-P3O-NoFisher,Walker2d-v4,2
532901,reward,4005,401.6829821301005,318.035,SF-P3O-NoFisher,Walker2d-v4,2
533156,reward,4006,487.14731462902205,335.532,SF-P3O-NoFisher,Walker2d-v4,2
533300,reward,4007,307.01443962992886,332.979,SF-P3O-NoFisher,Walker2d-v4,2
533478,reward,4008,447.5961744014336,338.994,SF-P3O-NoFisher,Walker2d-v4,2
533627,reward,4009,297.26202697584995,330.718,SF-P3O-NoFisher,Walker2d-v4,2
533742,reward,4010,252.66695647963186,328.213,SF-P3O-NoFisher,Walker2d-v4,2
533819,reward,4011,134.1828752071753,308.896,SF-P3O-NoFisher,Walker2d-v4,2
534024,reward,4012,392.59014193824373,323.786,SF-P3O-NoFisher,Walker2d-v4,2
534144,reward,4013,266.306997435101,333.477,SF-P3O-NoFisher,Walker2d-v4,2
534304,reward,4014,360.97032340551766,334.742,SF-P3O-NoFisher,Walker2d-v4,2
534412,reward,4015,247.15491001119918,319.289,SF-P3O-NoFisher,Walker2d-v4,2
534635,reward,4016,447.59037367046426,315.334,SF-P3O-NoFisher,Walker2d-v4,2
534783,reward,4017,323.0770760441323,316.94,SF-P3O-NoFisher,Walker2d-v4,2
534945,reward,4018,355.2463551254163,307.705,SF-P3O-NoFisher,Walker2d-v4,2
535103,reward,4019,334.0531526440827,311.384,SF-P3O-NoFisher,Walker2d-v4,2
535241,reward,4020,294.07665061654944,315.525,SF-P3O-NoFisher,Walker2d-v4,2
535363,reward,4021,282.94899411573726,330.401,SF-P3O-NoFisher,Walker2d-v4,2
535494,reward,4022,271.32479437387707,318.275,SF-P3O-NoFisher,Walker2d-v4,2
535638,reward,4023,320.385911045792,323.683,SF-P3O-NoFisher,Walker2d-v4,2
535777,reward,4024,324.06601216273816,319.992,SF-P3O-NoFisher,Walker2d-v4,2
535903,reward,4025,311.0799737979983,326.385,SF-P3O-NoFisher,Walker2d-v4,2
536044,reward,4026,345.10089205122625,316.136,SF-P3O-NoFisher,Walker2d-v4,2
536191,reward,4027,358.7388207609014,319.702,SF-P3O-NoFisher,Walker2d-v4,2
536287,reward,4028,200.72947592822536,304.25,SF-P3O-NoFisher,Walker2d-v4,2
536445,reward,4029,362.61379642864733,307.107,SF-P3O-NoFisher,Walker2d-v4,2
536587,reward,4030,347.6428687558657,312.463,SF-P3O-NoFisher,Walker2d-v4,2
536708,reward,4031,259.6772577541711,310.136,SF-P3O-NoFisher,Walker2d-v4,2
536869,reward,4032,351.63011795205733,318.167,SF-P3O-NoFisher,Walker2d-v4,2
537089,reward,4033,400.46323532532256,326.174,SF-P3O-NoFisher,Walker2d-v4,2
537218,reward,4034,300.3928876320534,323.807,SF-P3O-NoFisher,Walker2d-v4,2
537373,reward,4035,389.8580702514112,331.685,SF-P3O-NoFisher,Walker2d-v4,2
537534,reward,4036,368.22341979087963,333.997,SF-P3O-NoFisher,Walker2d-v4,2
537739,reward,4037,437.89049778430376,341.912,SF-P3O-NoFisher,Walker2d-v4,2
537881,reward,4038,289.4555789620288,350.785,SF-P3O-NoFisher,Walker2d-v4,2
538156,reward,4039,486.44232934894904,363.168,SF-P3O-NoFisher,Walker2d-v4,2
538320,reward,4040,389.95906467645716,367.399,SF-P3O-NoFisher,Walker2d-v4,2
538475,reward,4041,334.2474523031605,374.856,SF-P3O-NoFisher,Walker2d-v4,2
538628,reward,4042,345.10256082007845,374.204,SF-P3O-NoFisher,Walker2d-v4,2
538749,reward,4043,272.1599845321155,361.373,SF-P3O-NoFisher,Walker2d-v4,2
538922,reward,4044,352.3846034612553,366.572,SF-P3O-NoFisher,Walker2d-v4,2
539028,reward,4045,218.66945718773565,349.453,SF-P3O-NoFisher,Walker2d-v4,2
539192,reward,4046,347.19674699765295,347.351,SF-P3O-NoFisher,Walker2d-v4,2
539364,reward,4047,383.2450517933928,341.886,SF-P3O-NoFisher,Walker2d-v4,2
539562,reward,4048,371.1192767257137,350.053,SF-P3O-NoFisher,Walker2d-v4,2
539656,reward,4049,169.96778503194847,318.405,SF-P3O-NoFisher,Walker2d-v4,2
539808,reward,4050,384.32819659967566,317.842,SF-P3O-NoFisher,Walker2d-v4,2
539972,reward,4051,373.5453881875256,321.772,SF-P3O-NoFisher,Walker2d-v4,2
540000,speed,659.35,17.01,SF-P3O-NoFisher,Walker2d-v4,2
540001,spectral,0.058425,0.953975,0.8084,SF-P3O-NoFisher,Walker2d-v4,2
540127,reward,4052,353.4005067014341,322.602,SF-P3O-NoFisher,Walker2d-v4,2
540263,reward,4053,300.3105916466918,325.417,SF-P3O-NoFisher,Walker2d-v4,2
540381,reward,4054,272.85355592303154,317.464,SF-P3O-NoFisher,Walker2d-v4,2
540540,reward,4055,356.98447893604526,331.295,SF-P3O-NoFisher,Walker2d-v4,2
540672,loss,-0.11598940938711166,0.681512713432312,SF-P3O-NoFisher,Walker2d-v4,2
540672,diagnostics,0.0,65.47,48.2035,0.058814,0.953958,0.7902,-1.0,SF-P3O-NoFisher,Walker2d-v4,2
540828,reward,4056,549.3061202273549,351.506,SF-P3O-NoFisher,Walker2d-v4,2
540950,reward,4057,264.78459248934865,339.66,SF-P3O-NoFisher,Walker2d-v4,2
541080,reward,4058,285.1254888168721,331.061,SF-P3O-NoFisher,Walker2d-v4,2
541170,reward,4059,175.0821053610275,331.572,SF-P3O-NoFisher,Walker2d-v4,2
541305,reward,4060,318.8988776600366,325.029,SF-P3O-NoFisher,Walker2d-v4,2
541455,reward,4061,374.9220677811748,325.167,SF-P3O-NoFisher,Walker2d-v4,2
541633,reward,4062,400.51585026755674,329.878,SF-P3O-NoFisher,Walker2d-v4,2
541784,reward,4063,359.96627087746924,335.844,SF-P3O-NoFisher,Walker2d-v4,2
541921,reward,4064,280.2647617477527,336.585,SF-P3O-NoFisher,Walker2d-v4,2
542086,reward,4065,355.6174501171905,336.448,SF-P3O-NoFisher,Walker2d-v4,2
542252,reward,4066,393.6676606908969,320.885,SF-P3O-NoFisher,Walker2d-v4,2
542366,reward,4067,241.21795176452363,318.528,SF-P3O-NoFisher,Walker2d-v4,2
542539,reward,4068,392.99189001642856,329.314,SF-P3O-NoFisher,Walker2d-v4,2
542746,reward,4069,453.9757869466936,357.204,SF-P3O-NoFisher,Walker2d-v4,2
542930,reward,4070,371.78828082654934,362.493,SF-P3O-NoFisher,Walker2d-v4,2
543063,reward,4071,316.4926630882354,356.65,SF-P3O-NoFisher,Walker2d-v4,2
543265,reward,4072,471.00576933889903,363.699,SF-P3O-NoFisher,Walker2d-v4,2
543433,reward,4073,396.12628864207056,367.315,SF-P3O-NoFisher,Walker2d-v4,2
543542,reward,4074,220.10899587653853,361.299,SF-P3O-NoFisher,Walker2d-v4,2
543692,reward,4075,362.64719856954673,362.002,SF-P3O-NoFisher,Walker2d-v4,2
543838,reward,4076,364.65045677033487,359.101,SF-P3O-NoFisher,Walker2d-v4,2
543981,reward,4077,328.0390293283743,367.783,SF-P3O-NoFisher,Walker2d-v4,2
544165,reward,4078,409.41462386680155,369.425,SF-P3O-NoFisher,Walker2d-v4,2
544303,reward,4079,306.95473401166123,354.723,SF-P3O-NoFisher,Walker2d-v4,2
544455,reward,4080,350.5668705078897,352.601,SF-P3O-NoFisher,Walker2d-v4,2
544595,reward,4081,353.9478187052062,356.346,SF-P3O-NoFisher,Walker2d-v4,2
544747,reward,4082,337.0386181555999,342.949,SF-P3O-NoFisher,Walker2d-v4,2
544908,reward,4083,357.1794199472712,339.055,SF-P3O-NoFisher,Walker2d-v4,2
545108,reward,4084,410.08613041913344,358.052,SF-P3O-NoFisher,Walker2d-v4,2
545285,reward,4085,365.493407599972,358.337,SF-P3O-NoFisher,Walker2d-v4,2
545431,reward,4086,325.8993273461908,354.462,SF-P3O-NoFisher,Walker2d-v4,2
545634,reward,4087,411.6691343670572,362.825,SF-P3O-NoFisher,Walker2d-v4,2
545752,reward,4088,275.258558651104,349.409,SF-P3O-NoFisher,Walker2d-v4,2
545897,reward,4089,358.90354176433243,354.604,SF-P3O-NoFisher,Walker2d-v4,2
545986,reward,4090,184.04489417510135,337.952,SF-P3O-NoFisher,Walker2d-v4,2
546173,reward,4091,505.2889451622828,353.086,SF-P3O-NoFisher,Walker2d-v4,2
546341,reward,4092,436.1254768569642,362.995,SF-P3O-NoFisher,Walker2d-v4,2
546455,reward,4093,263.62354128814013,353.639,SF-P3O-NoFisher,Walker2d-v4,2
546578,reward,4094,295.1453487478267,342.145,SF-P3O-NoFisher,Walker2d-v4,2
546682,reward,4095,214.02201881435232,326.998,SF-P3O-NoFisher,Walker2d-v4,2
546835,reward,4096,335.8435597417583,327.993,SF-P3O-NoFisher,Walker2d-v4,2
546952,reward,4097,263.06066705959125,313.132,SF-P3O-NoFisher,Walker2d-v4,2
547091,reward,4098,289.033989135678,314.509,SF-P3O-NoFisher,Walker2d-v4,2
547198,reward,4099,214.57709585336426,300.077,SF-P3O-NoFisher,Walker2d-v4,2
547313,reward,4100,258.7182742831346,307.544,SF-P3O-NoFisher,Walker2d-v4,2
547445,reward,4101,292.2021948817394,286.235,SF-P3O-NoFisher,Walker2d-v4,2
547521,reward,4102,149.37562117979024,257.56,SF-P3O-NoFisher,Walker2d-v4,2
547674,reward,4103,369.10953182398333,268.109,SF-P3O-NoFisher,Walker2d-v4,2
547830,reward,4104,340.62105404095337,272.656,SF-P3O-NoFisher,Walker2d-v4,2
548058,reward,4105,471.5614053626936,298.41,SF-P3O-NoFisher,Walker2d-v4,2
548217,reward,4106,372.51566623434405,302.078,SF-P3O-NoFisher,Walker2d-v4,2
548379,reward,4107,383.3971113486671,314.111,SF-P3O-NoFisher,Walker2d-v4,2
548523,reward,4108,309.37810261236746,316.146,SF-P3O-NoFisher,Walker2d-v4,2
548699,reward,4109,427.1300680251982,337.401,SF-P3O-NoFisher,Walker2d-v4,2
548854,reward,4110,399.15971595032863,351.445,SF-P3O-NoFisher,Walker2d-v4,2
548864,loss,-0.04443332925438881,0.8057037591934204,SF-P3O-NoFisher,Walker2d-v4,2
549014,reward,4111,377.74658951546667,359.999,SF-P3O-NoFisher,Walker2d-v4,2
549169,reward,4112,344.9211486751746,379.554,SF-P3O-NoFisher,Walker2d-v4,2
549316,reward,4113,343.4490563539546,376.988,SF-P3O-NoFisher,Walker2d-v4,2
549466,reward,4114,347.170086976975,377.643,SF-P3O-NoFisher,Walker2d-v4,2
549593,reward,4115,293.42649569404927,359.829,SF-P3O-NoFisher,Walker2d-v4,2
549731,reward,4116,324.7701188339438,355.055,SF-P3O-NoFisher,Walker2d-v4,2
549876,reward,4117,323.5559025970968,349.071,SF-P3O-NoFisher,Walker2d-v4,2
550000,speed,434.87,17.39,SF-P3O-NoFisher,Walker2d-v4,2
550001,spectral,0.05922,0.953829,0.8134,SF-P3O-NoFisher,Walker2d-v4,2
550030,reward,4118,378.39688174952545,355.973,SF-P3O-NoFisher,Walker2d-v4,2
550254,reward,4119,481.29400509803463,361.389,SF-P3O-NoFisher,Walker2d-v4,2
550417,reward,4120,372.93005334572695,358.766,SF-P3O-NoFisher,Walker2d-v4,2
550551,reward,4121,291.51994118250764,350.143,SF-P3O-NoFisher,Walker2d-v4,2
550727,reward,4122,381.1245424879675,353.764,SF-P3O-NoFisher,Walker2d-v4,2
550909,reward,4123,399.4536203695647,359.364,SF-P3O-NoFisher,Walker2d-v4,2
551115,reward,4124,499.27824626784997,374.575,SF-P3O-NoFisher,Walker2d-v4,2
551281,reward,4125,360.07920328580207,381.24,SF-P3O-NoFisher,Walker2d-v4,2
551430,reward,4126,316.6455034409742,380.428,SF-P3O-NoFisher,Walker2d-v4,2
551572,reward,4127,344.2693776384072,382.499,SF-P3O-NoFisher,Walker2d-v4,2
551697,reward,4128,280.38352977921284,372.698,SF-P3O-NoFisher,Walker2d-v4,2
551850,reward,4129,334.7501940049771,358.043,SF-P3O-NoFisher,Walker2d-v4,2
551981,reward,4130,290.80800643153685,349.831,SF-P3O-NoFisher,Walker2d-v4,2
552181,reward,4131,419.4108083176745,362.62,SF-P3O-NoFisher,Walker2d-v4,2
552351,reward,4132,410.9330264658673,365.601,SF-P3O-NoFisher,Walker2d-v4,2
552499,reward,4133,364.02950771128525,362.059,SF-P3O-NoFisher,Walker2d-v4,2
552627,reward,4134,282.54032241825126,340.385,SF-P3O-NoFisher,Walker2d-v4,2
552776,reward,4135,346.60655859096255,339.038,SF-P3O-NoFisher,Walker2d-v4,2
552923,reward,4136,355.36153339891797,342.909,SF-P3O-NoFisher,Walker2d-v4,2
553144,reward,4137,464.72252108166117,354.955,SF-P3O-NoFisher,Walker2d-v4,2
553307,reward,4138,425.22032053580443,369.438,SF-P3O-NoFisher,Walker2d-v4,2
553447,reward,4139,318.6214497936466,367.825,SF-P3O-NoFisher,Walker2d-v4,2
553686,reward,4140,570.5565218161807,395.8,SF-P3O-NoFisher,Walker2d-v4,2
553846,reward,4141,398.1002685387203,393.669,SF-P3O-NoFisher,Walker2d-v4,2
553999,reward,4142,315.72415032754213,384.148,SF-P3O-NoFisher,Walker2d-v4,2
554172,reward,4143,423.74903653058266,390.12,SF-P3O-NoFisher,Walker2d-v4,2
554350,reward,4144,409.6086185421936,402.827,SF-P3O-NoFisher,Walker2d-v4,2
554489,reward,4145,308.9280434166488,399.059,SF-P3O-NoFisher,Walker2d-v4,2
554633,reward,4146,325.9765031748131,396.121,SF-P3O-NoFisher,Walker2d-v4,2
554790,reward,4147,387.3486322287172,388.383,SF-P3O-NoFisher,Walker2d-v4,2
554967,reward,4148,379.944687440643,383.856,SF-P3O-NoFisher,Walker2d-v4,2
555083,reward,4149,259.6295960798178,377.957,SF-P3O-NoFisher,Walker2d-v4,2
555258,reward,4150,424.8433144579441,363.385,SF-P3O-NoFisher,Walker2d-v4,2
555441,reward,4151,392.9387065775032,362.869,SF-P3O-NoFisher,Walker2d-v4,2
555600,reward,4152,398.46493184101735,371.143,SF-P3O-NoFisher,Walker2d-v4,2
555741,reward,4153,336.85161874351337,362.453,SF-P3O-NoFisher,Walker2d-v4,2
555877,reward,4154,322.21481958218,353.714,SF-P3O-NoFisher,Walker2d-v4,2
556014,reward,4155,328.6499883705387,355.686,SF-P3O-NoFisher,Walker2d-v4,2
556181,reward,4156,393.84553879509565,362.473,SF-P3O-NoFisher,Walker2d-v4,2
556304,reward,4157,277.29111269498685,351.467,SF-P3O-NoFisher,Walker2d-v4,2
556484,reward,4158,403.59714308601593,353.833,SF-P3O-NoFisher,Walker2d-v4,2
556624,reward,4159,284.916719287102,356.361,SF-P3O-NoFisher,Walker2d-v4,2
556781,reward,4160,325.2846617662263,346.406,SF-P3O-NoFisher,Walker2d-v4,2
557033,reward,4161,508.7777053091937,357.989,SF-P3O-NoFisher,Walker2d-v4,2
557056,loss,-0.008748147636651993,0.836643397808075,SF-P3O-NoFisher,Walker2d-v4,2
557056,diagnostics,0.0,65.79,36.4255,0.059517,0.954018,0.7899,-1.0,SF-P3O-NoFisher,Walker2d-v4,2
557176,reward,4162,342.68320723308835,352.411,SF-P3O-NoFisher,Walker2d-v4,2
557334,reward,4163,374.5595079475119,356.182,SF-P3O-NoFisher,Walker2d-v4,2
557526,reward,4164,435.1234264290218,367.473,SF-P3O-NoFisher,Walker2d-v4,2
557659,reward,4165,325.2100480946133,367.129,SF-P3O-NoFisher,Walker2d-v4,2
557792,reward,4166,281.89918862158004,355.934,SF-P3O-NoFisher,Walker2d-v4,2
557985,reward,4167,492.4703519536817,377.452,SF-P3O-NoFisher,Walker2d-v4,2
558194,reward,4168,438.99660427054846,380.992,SF-P3O-NoFisher,Walker2d-v4,2
558260,reward,4169,121.48183522334149,364.649,SF-P3O-NoFisher,Walker2d-v4,2
558447,reward,4170,452.51731147423544,377.372,SF-P3O-NoFisher,Walker2d-v4,2
558632,reward,4171,389.0348244024909,365.398,SF-P3O-NoFisher,Walker2d-v4,2
558802,reward,4172,424.54225141470374,373.584,SF-P3O-NoFisher,Walker2d-v4,2
558969,reward,4173,331.46800183457077,369.274,SF-P3O-NoFisher,Walker2d-v4,2
559105,reward,4174,338.3709144387851,359.599,SF-P3O-NoFisher,Walker2d-v4,2
559289,reward,4175,436.52285958609457,370.73,SF-P3O-NoFisher,Walker2d-v4,2
559457,reward,4176,379.4545358531701,380.486,SF-P3O-NoFisher,Walker2d-v4,2
559625,reward,4177,361.7395414588097,367.413,SF-P3O-NoFisher,Walker2d-v4,2
559749,reward,4178,301.69515040940723,353.683,SF-P3O-NoFisher,Walker2d-v4,2
559877,reward,4179,309.61403822056957,372.496,SF-P3O-NoFisher,Walker2d-v4,2
560000,speed,659.13,17.64,SF-P3O-NoFisher,Walker2d-v4,2
560001,perturb,0.059517,0.954018,0.7899,-1,-1,0.02,4,SF-P3O-NoFisher,Walker2d-v4,2
560074,reward,4180,404.09267266662454,367.653,SF-P3O-NoFisher,Walker2d-v4,2
560268,reward,4181,494.64827146128425,378.215,SF-P3O-NoFisher,Walker2d-v4,2
560398,reward,4182,294.9619736961134,365.257,SF-P3O-NoFisher,Walker2d-v4,2
560494,reward,4183,175.34879812370056,349.645,SF-P3O-NoFisher,Walker2d-v4,2
560652,reward,4184,327.42180912588515,348.55,SF-P3O-NoFisher,Walker2d-v4,2
560803,reward,4185,347.68098118692745,339.666,SF-P3O-NoFisher,Walker2d-v4,2
560933,reward,4186,316.26481729897455,333.347,SF-P3O-NoFisher,Walker2d-v4,2
561096,reward,4187,348.58820225563335,332.032,SF-P3O-NoFisher,Walker2d-v4,2
561272,reward,4188,333.8854490367895,335.251,SF-P3O-NoFisher,Walker2d-v4,2
561569,reward,4189,495.8007391870018,353.869,SF-P3O-NoFisher,Walker2d-v4,2
561752,reward,4190,444.54807459689187,357.915,SF-P3O-NoFisher,Walker2d-v4,2
561888,reward,4191,318.28931967970664,340.279,SF-P3O-NoFisher,Walker2d-v4,2
562048,reward,4192,388.3535290645458,349.618,SF-P3O-NoFisher,Walker2d-v4,2
562235,reward,4193,411.06368274184234,373.19,SF-P3O-NoFisher,Walker2d-v4,2
562435,reward,4194,428.68356685828036,383.316,SF-P3O-NoFisher,Walker2d-v4,2
562586,reward,4195,366.9501127562147,385.243,SF-P3O-NoFisher,Walker2d-v4,2
562758,reward,4196,430.1250286737224,396.629,SF-P3O-NoFisher,Walker2d-v4,2
562941,reward,4197,393.2324768922858,401.093,SF-P3O-NoFisher,Walker2d-v4,2
563100,reward,4198,383.44322047255906,406.049,SF-P3O-NoFisher,Walker2d-v4,2
563306,reward,4199,516.9162423227863,408.161,SF-P3O-NoFisher,Walker2d-v4,2
563458,reward,4200,311.7217815374747,394.878,SF-P3O-NoFisher,Walker2d-v4,2
563759,reward,4201,580.9554158622417,421.145,SF-P3O-NoFisher,Walker2d-v4,2
563912,reward,4202,317.9662998373995,414.106,SF-P3O-NoFisher,Walker2d-v4,2
564078,reward,4203,404.8531468756284,413.485,SF-P3O-NoFisher,Walker2d-v4,2
564352,reward,4204,468.4979469548608,417.466,SF-P3O-NoFisher,Walker2d-v4,2
564525,reward,4205,393.4722076563295,420.118,SF-P3O-NoFisher,Walker2d-v4,2
564686,reward,4206,380.77505848289974,415.183,SF-P3O-NoFisher,Walker2d-v4,2
564931,reward,4207,639.952983320966,439.855,SF-P3O-NoFisher,Walker2d-v4,2
565049,reward,4208,257.84703603148967,427.296,SF-P3O-NoFisher,Walker2d-v4,2
565207,reward,4209,363.92386013763695,411.997,SF-P3O-NoFisher,Walker2d-v4,2
565248,loss,-0.15774691104888916,0.6382162570953369,SF-P3O-NoFisher,Walker2d-v4,2
565367,reward,4210,387.8024680505156,419.605,SF-P3O-NoFisher,Walker2d-v4,2
565485,reward,4211,267.56914785866155,388.266,SF-P3O-NoFisher,Walker2d-v4,2
565696,reward,4212,511.7945951265885,407.649,SF-P3O-NoFisher,Walker2d-v4,2
565849,reward,4213,376.9207442095173,404.856,SF-P3O-NoFisher,Walker2d-v4,2
566009,reward,4214,361.98104212967075,394.204,SF-P3O-NoFisher,Walker2d-v4,2
566152,reward,4215,323.6285094363497,387.22,SF-P3O-NoFisher,Walker2d-v4,2
566348,reward,4216,457.0068899479921,394.843,SF-P3O-NoFisher,Walker2d-v4,2
566466,reward,4217,288.86697893470676,359.734,SF-P3O-NoFisher,Walker2d-v4,2
566583,reward,4218,310.9342893563121,365.043,SF-P3O-NoFisher,Walker2d-v4,2
566727,reward,4219,352.7875221401456,363.929,SF-P3O-NoFisher,Walker2d-v4,2
566856,reward,4220,284.57317278070695,353.606,SF-P3O-NoFisher,Walker2d-v4,2
567068,reward,4221,549.0571178836468,381.755,SF-P3O-NoFisher,Walker2d-v4,2
567198,reward,4222,304.2913722679091,361.005,SF-P3O-NoFisher,Walker2d-v4,2
567334,reward,4223,280.2731307703946,351.34,SF-P3O-NoFisher,Walker2d-v4,2
567505,reward,4224,430.7576023841365,358.218,SF-P3O-NoFisher,Walker2d-v4,2
567681,reward,4225,413.14375728658723,367.169,SF-P3O-NoFisher,Walker2d-v4,2
567757,reward,4226,145.1337126185473,335.982,SF-P3O-NoFisher,Walker2d-v4,2
567922,reward,4227,416.2470511735303,348.72,SF-P3O-NoFisher,Walker2d-v4,2
568090,reward,4228,365.7522717335764,354.202,SF-P3O-NoFisher,Walker2d-v4,2
568337,reward,4229,556.1674511270944,374.54,SF-P3O-NoFisher,Walker2d-v4,2
568535,reward,4230,443.0962282294968,390.392,SF-P3O-NoFisher,Walker2d-v4,2
568672,reward,4231,307.6191682842456,366.248,SF-P3O-NoFisher,Walker2d-v4,2
568831,reward,4232,357.6173717434375,371.581,SF-P3O-NoFisher,Walker2d-v4,2
568956,reward,4233,278.25440110110645,371.379,SF-P3O-NoFisher,Walker2d-v4,2
569106,reward,4234,333.88952922232573,361.692,SF-P3O-NoFisher,Walker2d-v4,2
569248,reward,4235,328.97352663625645,353.275,SF-P3O-NoFisher,Walker2d-v4,2
569459,reward,4236,467.14019341638465,385.476,SF-P3O-NoFisher,Walker2d-v4,2
569577,reward,4237,265.558122486492,370.407,SF-P3O-NoFisher,Walker2d-v4,2
569697,reward,4238,267.1168562774143,360.543,SF-P3O-NoFisher,Walker2d-v4,2
569759,reward,4239,100.14223367799444,314.941,SF-P3O-NoFisher,Walker2d-v4,2
569937,reward,4240,416.60308281912586,312.291,SF-P3O-NoFisher,Walker2d-v4,2
570000,speed,651.81,17.9,SF-P3O-NoFisher,Walker2d-v4,2
570001,spectral,0.059655,0.954052,0.769,SF-P3O-NoFisher,Walker2d-v4,2
570116,reward,4241,368.186200363039,318.348,SF-P3O-NoFisher,Walker2d-v4,2
570249,reward,4242,296.8935030421014,312.276,SF-P3O-NoFisher,Walker2d-v4,2
570390,reward,4243,346.1194982869697,319.062,SF-P3O-NoFisher,Walker2d-v4,2
570600,reward,4244,464.5780487723138,332.131,SF-P3O-NoFisher,Walker2d-v4,2
570760,reward,4245,371.9352786851168,336.427,SF-P3O-NoFisher,Walker2d-v4,2
570918,reward,4246,353.58159312531416,325.071,SF-P3O-NoFisher,Walker2d-v4,2
571059,reward,4247,337.80480973404156,332.296,SF-P3O-NoFisher,Walker2d-v4,2
571246,reward,4248,491.4737533228894,354.732,SF-P3O-NoFisher,Walker2d-v4,2
571361,reward,4249,257.4948005487202,370.467,SF-P3O-NoFisher,Walker2d-v4,2
571517,reward,4250,402.3882241226592,369.046,SF-P3O-NoFisher,Walker2d-v4,2
571684,reward,4251,374.0118143458773,369.628,SF-P3O-NoFisher,Walker2d-v4,2
571838,reward,4252,373.2411471877071,377.263,SF-P3O-NoFisher,Walker2d-v4,2
572007,reward,4253,437.8083880361373,386.432,SF-P3O-NoFisher,Walker2d-v4,2
572130,reward,4254,260.6998492738529,366.044,SF-P3O-NoFisher,Walker2d-v4,2
572297,reward,4255,342.0757525382661,363.058,SF-P3O-NoFisher,Walker2d-v4,2
572444,reward,4256,345.5713451770453,362.257,SF-P3O-NoFisher,Walker2d-v4,2
572597,reward,4257,368.31400865804926,365.308,SF-P3O-NoFisher,Walker2d-v4,2
572757,reward,4258,384.48814985754194,354.609,SF-P3O-NoFisher,Walker2d-v4,2
572961,reward,4259,488.3395947126974,377.694,SF-P3O-NoFisher,Walker2d-v4,2
573111,reward,4260,348.8896814961335,372.344,SF-P3O-NoFisher,Walker2d-v4,2
573277,reward,4261,391.5152417300434,374.094,SF-P3O-NoFisher,Walker2d-v4,2
573440,loss,0.006516512483358383,1.0276581048965454,SF-P3O-NoFisher,Walker2d-v4,2
573440,diagnostics,0.0,66.21,52.1263,0.059913,0.95411,0.7441,-1.0,SF-P3O-NoFisher,Walker2d-v4,2
573501,reward,4262,560.6359487907855,392.834,SF-P3O-NoFisher,Walker2d-v4,2
573629,reward,4263,305.6320160711183,379.616,SF-P3O-NoFisher,Walker2d-v4,2
573781,reward,4264,358.24129845562015,389.37,SF-P3O-NoFisher,Walker2d-v4,2
573950,reward,4265,392.25023430510873,394.388,SF-P3O-NoFisher,Walker2d-v4,2
574117,reward,4266,400.377942851367,399.868,SF-P3O-NoFisher,Walker2d-v4,2
574259,reward,4267,332.13201848200316,396.25,SF-P3O-NoFisher,Walker2d-v4,2
574450,reward,4268,414.539824401197,399.255,SF-P3O-NoFisher,Walker2d-v4,2
574641,reward,4269,464.53961192494853,396.875,SF-P3O-NoFisher,Walker2d-v4,2
574842,reward,4270,437.2105258911699,405.707,SF-P3O-NoFisher,Walker2d-v4,2
574994,reward,4271,383.9216151617354,404.948,SF-P3O-NoFisher,Walker2d-v4,2
575145,reward,4272,353.27309496367207,384.212,SF-P3O-NoFisher,Walker2d-v4,2
575326,reward,4273,392.6105680963114,392.91,SF-P3O-NoFisher,Walker2d-v4,2
575455,reward,4274,283.65493051152845,385.451,SF-P3O-NoFisher,Walker2d-v4,2
575615,reward,4275,391.07812924551587,385.334,SF-P3O-NoFisher,Walker2d-v4,2
575766,reward,4276,402.34089943763627,385.53,SF-P3O-NoFisher,Walker2d-v4,2
575943,reward,4277,378.39360719859167,390.156,SF-P3O-NoFisher,Walker2d-v4,2
576070,reward,4278,300.23389332892356,378.726,SF-P3O-NoFisher,Walker2d-v4,2
576273,reward,4279,420.0263206335,374.274,SF-P3O-NoFisher,Walker2d-v4,2
576418,reward,4280,347.4085516514295,365.294,SF-P3O-NoFisher,Walker2d-v4,2
576602,reward,4281,420.4385001850032,368.946,SF-P3O-NoFisher,Walker2d-v4,2
576745,reward,4282,364.9171628464568,370.11,SF-P3O-NoFisher,Walker2d-v4,2
576864,reward,4283,291.16899347702076,359.966,SF-P3O-NoFisher,Walker2d-v4,2
577030,reward,4284,418.0425073668171,373.405,SF-P3O-NoFisher,Walker2d-v4,2
577156,reward,4285,298.972061641947,364.194,SF-P3O-NoFisher,Walker2d-v4,2
577295,reward,4286,351.17013167084883,359.077,SF-P3O-NoFisher,Walker2d-v4,2
577473,reward,4287,426.1728653053206,363.855,SF-P3O-NoFisher,Walker2d-v4,2
577694,reward,4288,390.89630081134067,372.921,SF-P3O-NoFisher,Walker2d-v4,2
577839,reward,4289,347.4935611168889,365.668,SF-P3O-NoFisher,Walker2d-v4,2
578037,reward,4290,434.9544984937724,374.423,SF-P3O-NoFisher,Walker2d-v4,2
578196,reward,4291,317.93608940485467,364.172,SF-P3O-NoFisher,Walker2d-v4,2
578295,reward,4292,210.75853398058914,348.757,SF-P3O-NoFisher,Walker2d-v4,2
578464,reward,4293,359.7253078853848,355.612,SF-P3O-NoFisher,Walker2d-v4,2
578650,reward,4294,432.1472858653746,357.023,SF-P3O-NoFisher,Walker2d-v4,2
578839,reward,4295,410.90023348913235,368.215,SF-P3O-NoFisher,Walker2d-v4,2
578972,reward,4296,320.10341076524514,365.109,SF-P3O-NoFisher,Walker2d-v4,2
579126,reward,4297,361.8460791253437,358.676,SF-P3O-NoFisher,Walker2d-v4,2
579297,reward,4298,419.4213209216509,361.529,SF-P3O-NoFisher,Walker2d-v4,2
579413,reward,4299,269.0228722420962,353.682,SF-P3O-NoFisher,Walker2d-v4,2
579603,reward,4300,487.049995238172,358.891,SF-P3O-NoFisher,Walker2d-v4,2
579766,reward,4301,390.67161480832505,366.165,SF-P3O-NoFisher,Walker2d-v4,2
579944,reward,4302,397.6633812340801,384.855,SF-P3O-NoFisher,Walker2d-v4,2
580000,speed,636.44,18.16,SF-P3O-NoFisher,Walker2d-v4,2
580001,spectral,0.059913,0.95411,0.7441,SF-P3O-NoFisher,Walker2d-v4,2
580074,reward,4303,322.8752199279416,381.17,SF-P3O-NoFisher,Walker2d-v4,2
580258,reward,4304,450.7641545493691,383.032,SF-P3O-NoFisher,Walker2d-v4,2
580468,reward,4305,442.44028569946425,386.186,SF-P3O-NoFisher,Walker2d-v4,2
580631,reward,4306,404.7669629326393,394.652,SF-P3O-NoFisher,Walker2d-v4,2
580736,reward,4307,206.38911812600875,379.106,SF-P3O-NoFisher,Walker2d-v4,2
580890,reward,4308,361.2534906087208,373.29,SF-P3O-NoFisher,Walker2d-v4,2
581052,reward,4309,372.5305991729415,383.64,SF-P3O-NoFisher,Walker2d-v4,2
581203,reward,4310,379.2989470572411,372.865,SF-P3O-NoFisher,Walker2d-v4,2
581394,reward,4311,440.0762760213014,377.806,SF-P3O-NoFisher,Walker2d-v4,2
581514,reward,4312,263.463524141088,364.386,SF-P3O-NoFisher,Walker2d-v4,2
581632,loss,-0.06571368128061295,0.7995072603225708,SF-P3O-NoFisher,Walker2d-v4,2
581633,reward,4313,247.3773395987195,356.836,SF-P3O-NoFisher,Walker2d-v4,2
581795,reward,4314,438.6508969807434,355.625,SF-P3O-NoFisher,Walker2d-v4,2
581959,reward,4315,374.61618392721056,348.842,SF-P3O-NoFisher,Walker2d-v4,2
582126,reward,4316,380.49430965124907,346.415,SF-P3O-NoFisher,Walker2d-v4,2
582333,reward,4317,436.8355701492159,369.46,SF-P3O-NoFisher,Walker2d-v4,2
582462,reward,4318,307.1299142138133,364.047,SF-P3O-NoFisher,Walker2d-v4,2
582661,reward,4319,491.67969580948954,375.962,SF-P3O-NoFisher,Walker2d-v4,2
582796,reward,4320,318.3905717291733,369.871,SF-P3O-NoFisher,Walker2d-v4,2
582931,reward,4321,318.9438832041658,357.758,SF-P3O-NoFisher,Walker2d-v4,2
583042,reward,4322,239.36277932226946,355.348,SF-P3O-NoFisher,Walker2d-v4,2
583177,reward,4323,335.896851172984,364.2,SF-P3O-NoFisher,Walker2d-v4,2
583312,reward,4324,336.4975124686773,353.985,SF-P3O-NoFisher,Walker2d-v4,2
583526,reward,4325,495.57205236214315,366.08,SF-P3O-NoFisher,Walker2d-v4,2
583682,reward,4326,384.61729738035666,366.493,SF-P3O-NoFisher,Walker2d-v4,2
583809,reward,4327,303.48603486682833,353.158,SF-P3O-NoFisher,Walker2d-v4,2
583988,reward,4328,367.02486727824095,359.147,SF-P3O-NoFisher,Walker2d-v4,2
584090,reward,4329,214.52714302020144,331.432,SF-P3O-NoFisher,Walker2d-v4,2
584250,reward,4330,355.06455764513925,335.099,SF-P3O-NoFisher,Walker2d-v4,2
584439,reward,4331,421.4705051662195,345.352,SF-P3O-NoFisher,Walker2d-v4,2
584576,reward,4332,331.33679409677825,354.549,SF-P3O-NoFisher,Walker2d-v4,2
584713,reward,4333,274.63796365191865,348.423,SF-P3O-NoFisher,Walker2d-v4,2
584888,reward,4334,435.7445581975867,358.348,SF-P3O-NoFisher,Walker2d-v4,2
585050,reward,4335,420.35737201651403,350.827,SF-P3O-NoFisher,Walker2d-v4,2
585193,reward,4336,366.4878482363747,349.014,SF-P3O-NoFisher,Walker2d-v4,2
585341,reward,4337,383.8840035422507,357.054,SF-P3O-NoFisher,Walker2d-v4,2
585485,reward,4338,343.49060970102727,354.7,SF-P3O-NoFisher,Walker2d-v4,2
585605,reward,4339,278.4783894170563,361.095,SF-P3O-NoFisher,Walker2d-v4,2
585777,reward,4340,449.1322678762203,370.502,SF-P3O-NoFisher,Walker2d-v4,2
585963,reward,4341,405.02024721081307,368.857,SF-P3O-NoFisher,Walker2d-v4,2
586076,reward,4342,249.41988362212925,360.665,SF-P3O-NoFisher,Walker2d-v4,2
586159,reward,4343,158.0164734493781,349.003,SF-P3O-NoFisher,Walker2d-v4,2
586327,reward,4344,361.43056551939424,341.572,SF-P3O-NoFisher,Walker2d-v4,2
586456,reward,4345,313.81561939423847,330.918,SF-P3O-NoFisher,Walker2d-v4,2
586636,reward,4346,481.2606496378487,342.395,SF-P3O-NoFisher,Walker2d-v4,2
586805,reward,4347,365.2895257175402,340.535,SF-P3O-NoFisher,Walker2d-v4,2
586978,reward,4348,388.5488966948486,345.041,SF-P3O-NoFisher,Walker2d-v4,2
587165,reward,4349,408.7973717700366,358.073,SF-P3O-NoFisher,Walker2d-v4,2
587347,reward,4350,436.59317598765915,356.819,SF-P3O-NoFisher,Walker2d-v4,2
587491,reward,4351,341.48616450526276,350.466,SF-P3O-NoFisher,Walker2d-v4,2
587643,reward,4352,364.48573862094645,361.972,SF-P3O-NoFisher,Walker2d-v4,2
587771,reward,4353,300.8364870715276,376.254,SF-P3O-NoFisher,Walker2d-v4,2
587926,reward,4354,377.32888537002043,377.844,SF-P3O-NoFisher,Walker2d-v4,2
588088,reward,4355,376.8289111092457,384.146,SF-P3O-NoFisher,Walker2d-v4,2
588232,reward,4356,351.8882105140143,371.208,SF-P3O-NoFisher,Walker2d-v4,2
588403,reward,4357,421.5547917333508,376.835,SF-P3O-NoFisher,Walker2d-v4,2
588560,reward,4358,358.69513633716144,373.849,SF-P3O-NoFisher,Walker2d-v4,2
588732,reward,4359,390.2866628832174,371.998,SF-P3O-NoFisher,Walker2d-v4,2
588872,reward,4360,340.91558253829794,362.431,SF-P3O-NoFisher,Walker2d-v4,2
589009,reward,4361,346.2888429787895,362.911,SF-P3O-NoFisher,Walker2d-v4,2
589171,reward,4362,436.7861479379464,370.141,SF-P3O-NoFisher,Walker2d-v4,2
589302,reward,4363,312.7428700434915,371.332,SF-P3O-NoFisher,Walker2d-v4,2
589436,reward,4364,316.219899863358,365.221,SF-P3O-NoFisher,Walker2d-v4,2
589655,reward,4365,505.6361869188903,378.101,SF-P3O-NoFisher,Walker2d-v4,2
589760,reward,4366,181.03968428423195,361.017,SF-P3O-NoFisher,Walker2d-v4,2
589824,loss,0.0392494797706604,0.8289527297019958,SF-P3O-NoFisher,Walker2d-v4,2
589824,diagnostics,0.0,66.54,65.2925,0.060697,0.953723,0.7944,-1.0,SF-P3O-NoFisher,Walker2d-v4,2
589923,reward,4367,425.69847350227457,361.431,SF-P3O-NoFisher,Walker2d-v4,2
590000,speed,428.32,18.55,SF-P3O-NoFisher,Walker2d-v4,2
590001,spectral,0.060697,0.953723,0.7944,SF-P3O-NoFisher,Walker2d-v4,2
590044,reward,4368,300.0313149020529,355.565,SF-P3O-NoFisher,Walker2d-v4,2
590228,reward,4369,408.2736185272792,357.363,SF-P3O-NoFisher,Walker2d-v4,2
590457,reward,4370,575.4490829736092,380.817,SF-P3O-NoFisher,Walker2d-v4,2
590673,reward,4371,502.13464542072785,396.401,SF-P3O-NoFisher,Walker2d-v4,2
590857,reward,4372,467.15626129148296,399.438,SF-P3O-NoFisher,Walker2d-v4,2
591036,reward,4373,421.87926299321316,410.352,SF-P3O-NoFisher,Walker2d-v4,2
591232,reward,4374,449.77660269570134,423.708,SF-P3O-NoFisher,Walker2d-v4,2
591382,reward,4375,369.7182491646586,410.116,SF-P3O-NoFisher,Walker2d-v4,2
591530,reward,4376,301.5456398685451,422.166,SF-P3O-NoFisher,Walker2d-v4,2
591676,reward,4377,348.5794243443023,414.454,SF-P3O-NoFisher,Walker2d-v4,2
591869,reward,4378,487.5026298330489,433.202,SF-P3O-NoFisher,Walker2d-v4,2
592002,reward,4379,314.69388000227275,423.844,SF-P3O-NoFisher,Walker2d-v4,2
592134,reward,4380,328.0878007572584,399.107,SF-P3O-NoFisher,Walker2d-v4,2
592272,reward,4381,325.34566622416423,381.429,SF-P3O-NoFisher,Walker2d-v4,2
592449,reward,4382,449.3649187129731,379.649,SF-P3O-NoFisher,Walker2d-v4,2
592562,reward,4383,249.08931450572044,362.37,SF-P3O-NoFisher,Walker2d-v4,2
592776,reward,4384,442.25176021435516,361.618,SF-P3O-NoFisher,Walker2d-v4,2
592991,reward,4385,473.9995381356748,372.046,SF-P3O-NoFisher,Walker2d-v4,2
593152,reward,4386,412.38567590777507,383.13,SF-P3O-NoFisher,Walker2d-v4,2
593322,reward,4387,370.4899656665028,385.321,SF-P3O-NoFisher,Walker2d-v4,2
593464,reward,4388,369.65139610013694,373.536,SF-P3O-NoFisher,Walker2d-v4,2
593637,reward,4389,430.12161566369105,385.079,SF-P3O-NoFisher,Walker2d-v4,2
593821,reward,4390,456.19245227629386,397.889,SF-P3O-NoFisher,Walker2d-v4,2
593999,reward,4391,422.0518746216387,407.56,SF-P3O-NoFisher,Walker2d-v4,2
594160,reward,4392,410.1505232655692,403.638,SF-P3O-NoFisher,Walker2d-v4,2
594328,reward,4393,445.97655949437654,423.327,SF-P3O-NoFisher,Walker2d-v4,2
594469,reward,4394,332.998122048708,412.402,SF-P3O-NoFisher,Walker2d-v4,2
594607,reward,4395,319.1765851411915,396.919,SF-P3O-NoFisher,Walker2d-v4,2
594775,reward,4396,473.83659431511694,403.065,SF-P3O-NoFisher,Walker2d-v4,2
594919,reward,4397,336.898429642255,399.705,SF-P3O-NoFisher,Walker2d-v4,2
595044,reward,4398,295.4552806219759,392.286,SF-P3O-NoFisher,Walker2d-v4,2
595235,reward,4399,477.34919652296935,397.009,SF-P3O-NoFisher,Walker2d-v4,2
595400,reward,4400,415.7077404724075,392.96,SF-P3O-NoFisher,Walker2d-v4,2
595570,reward,4401,434.9894831919262,394.254,SF-P3O-NoFisher,Walker2d-v4,2
595709,reward,4402,314.9164545132982,384.73,SF-P3O-NoFisher,Walker2d-v4,2
595871,reward,4403,343.7003965291591,374.503,SF-P3O-NoFisher,Walker2d-v4,2
596003,reward,4404,314.0419737513957,372.607,SF-P3O-NoFisher,Walker2d-v4,2
596197,reward,4405,392.00402839848704,379.89,SF-P3O-NoFisher,Walker2d-v4,2
596302,reward,4406,214.0182544894253,353.908,SF-P3O-NoFisher,Walker2d-v4,2
596475,reward,4407,383.20383268853476,358.539,SF-P3O-NoFisher,Walker2d-v4,2
596637,reward,4408,356.18129260888117,364.611,SF-P3O-NoFisher,Walker2d-v4,2
596782,reward,4409,317.6115706988199,348.638,SF-P3O-NoFisher,Walker2d-v4,2
596967,reward,4410,431.7326239945003,350.24,SF-P3O-NoFisher,Walker2d-v4,2
597139,reward,4411,414.3339345178729,348.174,SF-P3O-NoFisher,Walker2d-v4,2
597264,reward,4412,287.5888147943928,345.442,SF-P3O-NoFisher,Walker2d-v4,2
597450,reward,4413,467.9807374766111,357.87,SF-P3O-NoFisher,Walker2d-v4,2
597634,reward,4414,411.70267738345814,367.636,SF-P3O-NoFisher,Walker2d-v4,2
597822,reward,4415,486.60244804002923,377.096,SF-P3O-NoFisher,Walker2d-v4,2
597964,reward,4416,344.82641852262105,390.176,SF-P3O-NoFisher,Walker2d-v4,2
598016,loss,-0.03334170579910278,0.9358186721801758,SF-P3O-NoFisher,Walker2d-v4,2
598141,reward,4417,437.34356108238944,395.59,SF-P3O-NoFisher,Walker2d-v4,2
598330,reward,4418,427.8576679123659,402.758,SF-P3O-NoFisher,Walker2d-v4,2
598475,reward,4419,325.00429517158227,403.497,SF-P3O-NoFisher,Walker2d-v4,2
598679,reward,4420,503.37405354353365,410.661,SF-P3O-NoFisher,Walker2d-v4,2
598790,reward,4421,239.11095688549554,393.139,SF-P3O-NoFisher,Walker2d-v4,2
598946,reward,4422,373.8432299696267,401.765,SF-P3O-NoFisher,Walker2d-v4,2
599176,reward,4423,516.831516775447,406.65,SF-P3O-NoFisher,Walker2d-v4,2
599320,reward,4424,341.8030417731678,399.66,SF-P3O-NoFisher,Walker2d-v4,2
599532,reward,4425,524.6568237145112,403.465,SF-P3O-NoFisher,Walker2d-v4,2
599674,reward,4426,333.34788565353597,402.317,SF-P3O-NoFisher,Walker2d-v4,2
599814,reward,4427,320.04326782693715,390.587,SF-P3O-NoFisher,Walker2d-v4,2
599995,reward,4428,475.41842576292265,395.343,SF-P3O-NoFisher,Walker2d-v4,2
600000,speed,647.61,18.81,SF-P3O-NoFisher,Walker2d-v4,2
600001,spectral,0.06096,0.953831,0.7584,SF-P3O-NoFisher,Walker2d-v4,2
600164,reward,4429,419.5034807010913,404.793,SF-P3O-NoFisher,Walker2d-v4,2
600429,reward,4430,723.421161453146,426.798,SF-P3O-NoFisher,Walker2d-v4,2
600535,reward,4431,234.33013706560124,426.32,SF-P3O-NoFisher,Walker2d-v4,2
600679,reward,4432,340.2115040810067,422.957,SF-P3O-NoFisher,Walker2d-v4,2
600818,reward,4433,316.78235390958486,402.952,SF-P3O-NoFisher,Walker2d-v4,2
600988,reward,4434,379.0378638132264,406.675,SF-P3O-NoFisher,Walker2d-v4,2
601164,reward,4435,436.6102139639766,397.871,SF-P3O-NoFisher,Walker2d-v4,2
601402,reward,4436,524.5594256915148,416.992,SF-P3O-NoFisher,Walker2d-v4,2
601578,reward,4437,423.88097096681645,427.376,SF-P3O-NoFisher,Walker2d-v4,2
601734,reward,4438,373.98847569859714,417.233,SF-P3O-NoFisher,Walker2d-v4,2
601889,reward,4439,392.63256151291074,414.545,SF-P3O-NoFisher,Walker2d-v4,2
602044,reward,4440,378.81065636874035,380.084,SF-P3O-NoFisher,Walker2d-v4,2
602207,reward,4441,376.7904381377573,394.33,SF-P3O-NoFisher,Walker2d-v4,2
602420,reward,4442,493.94746708468256,409.704,SF-P3O-NoFisher,Walker2d-v4,2
602564,reward,4443,354.5726318268285,413.483,SF-P3O-NoFisher,Walker2d-v4,2
602715,reward,4444,316.8737279753745,407.267,SF-P3O-NoFisher,Walker2d-v4,2
602900,reward,4445,444.6252012721439,408.068,SF-P3O-NoFisher,Walker2d-v4,2
603075,reward,4446,394.9995623255736,395.112,SF-P3O-NoFisher,Walker2d-v4,2
603245,reward,4447,429.81005213371,395.705,SF-P3O-NoFisher,Walker2d-v4,2
603396,reward,4448,397.14544063924046,398.021,SF-P3O-NoFisher,Walker2d-v4,2
603570,reward,4449,420.9601951556856,400.854,SF-P3O-NoFisher,Walker2d-v4,2
603781,reward,4450,499.61951882403855,412.934,SF-P3O-NoFisher,Walker2d-v4,2
603937,reward,4451,386.19816162194286,413.875,SF-P3O-NoFisher,Walker2d-v4,2
604064,reward,4452,275.8896900398327,392.069,SF-P3O-NoFisher,Walker2d-v4,2
604205,reward,4453,352.95849357864364,391.908,SF-P3O-NoFisher,Walker2d-v4,2
604415,reward,4454,497.6516572744214,409.986,SF-P3O-NoFisher,Walker2d-v4,2
604595,reward,4455,401.16386159865226,405.64,SF-P3O-NoFisher,Walker2d-v4,2
604745,reward,4456,356.86432339494945,401.826,SF-P3O-NoFisher,Walker2d-v4,2
604880,reward,4457,314.1812027571945,390.263,SF-P3O-NoFisher,Walker2d-v4,2
605207,reward,4458,590.757137853531,409.624,SF-P3O-NoFisher,Walker2d-v4,2
605377,reward,4459,360.15246149733645,403.544,SF-P3O-NoFisher,Walker2d-v4,2
605516,reward,4460,339.6502104054819,387.547,SF-P3O-NoFisher,Walker2d-v4,2
605636,reward,4461,272.2893010978435,376.156,SF-P3O-NoFisher,Walker2d-v4,2
605846,reward,4462,538.440432929911,402.411,SF-P3O-NoFisher,Walker2d-v4,2
606006,reward,4463,399.2419635410435,407.039,SF-P3O-NoFisher,Walker2d-v4,2
606158,reward,4464,355.58288327786227,392.832,SF-P3O-NoFisher,Walker2d-v4,2
606208,loss,-0.07703617215156555,0.5523201823234558,SF-P3O-NoFisher,Walker2d-v4,2
606208,diagnostics,0.0,66.92,24.2239,0.061423,0.953702,0.757,-1.0,SF-P3O-NoFisher,Walker2d-v4,2
606325,reward,4465,333.13077419658015,386.029,SF-P3O-NoFisher,Walker2d-v4,2
606532,reward,4466,502.5463325957147,400.597,SF-P3O-NoFisher,Walker2d-v4,2
606686,reward,4467,396.818137991799,408.861,SF-P3O-NoFisher,Walker2d-v4,2
606891,reward,4468,82.52264333320448,358.038,SF-P3O-NoFisher,Walker2d-v4,2
607079,reward,4469,457.14589913752656,367.737,SF-P3O-NoFisher,Walker2d-v4,2
607300,reward,4470,551.6928352137838,388.941,SF-P3O-NoFisher,Walker2d-v4,2
607435,reward,4471,338.44138929711903,395.556,SF-P3O-NoFisher,Walker2d-v4,2
607598,reward,4472,415.948061761228,383.307,SF-P3O-NoFisher,Walker2d-v4,2
607807,reward,4473,488.2954783268119,392.212,SF-P3O-NoFisher,Walker2d-v4,2
607965,reward,4474,369.9479077598966,393.649,SF-P3O-NoFisher,Walker2d-v4,2
608122,reward,4475,405.5999877791753,400.896,SF-P3O-NoFisher,Walker2d-v4,2
608326,reward,4476,516.2834188928413,402.27,SF-P3O-NoFisher,Walker2d-v4,2
608478,reward,4477,385.4777430616751,401.136,SF-P3O-NoFisher,Walker2d-v4,2
608615,reward,4478,333.58386105477405,426.242,SF-P3O-NoFisher,Walker2d-v4,2
608835,reward,4479,514.169610351612,431.944,SF-P3O-NoFisher,Walker2d-v4,2
608981,reward,4480,346.8324567949077,411.458,SF-P3O-NoFisher,Walker2d-v4,2
609161,reward,4481,449.77994502434467,422.592,SF-P3O-NoFisher,Walker2d-v4,2
609295,reward,4482,316.43183717619195,412.64,SF-P3O-NoFisher,Walker2d-v4,2
609464,reward,4483,354.1579053885043,399.226,SF-P3O-NoFisher,Walker2d-v4,2
609673,reward,4484,486.18374772860625,410.85,SF-P3O-NoFisher,Walker2d-v4,2
609884,reward,4485,524.2797350902086,422.718,SF-P3O-NoFisher,Walker2d-v4,2
610000,speed,644.93,19.06,SF-P3O-NoFisher,Walker2d-v4,2
610001,perturb,0.061423,0.953702,0.757,-1,-1,0.02,5,SF-P3O-NoFisher,Walker2d-v4,2
610047,reward,4486,335.7012068678316,404.66,SF-P3O-NoFisher,Walker2d-v4,2
610240,reward,4487,488.9274431064922,415.005,SF-P3O-NoFisher,Walker2d-v4,2
610443,reward,4488,565.4798299907717,438.194,SF-P3O-NoFisher,Walker2d-v4,2
610542,reward,4489,222.43512911858173,409.021,SF-P3O-NoFisher,Walker2d-v4,2
610691,reward,4490,382.03477425098765,412.541,SF-P3O-NoFisher,Walker2d-v4,2
610878,reward,4491,493.45303526623036,416.908,SF-P3O-NoFisher,Walker2d-v4,2
611034,reward,4492,400.62620350241485,425.328,SF-P3O-NoFisher,Walker2d-v4,2
611217,reward,4493,461.3037834623884,436.042,SF-P3O-NoFisher,Walker2d-v4,2
611374,reward,4494,356.57818442278256,423.082,SF-P3O-NoFisher,Walker2d-v4,2
611659,reward,4495,596.4349365670392,430.297,SF-P3O-NoFisher,Walker2d-v4,2
611800,reward,4496,359.1322294683455,432.641,SF-P3O-NoFisher,Walker2d-v4,2
611969,reward,4497,400.21838698959397,423.77,SF-P3O-NoFisher,Walker2d-v4,2
612128,reward,4498,427.5868406067275,409.98,SF-P3O-NoFisher,Walker2d-v4,2
612333,reward,4499,526.105174120205,440.347,SF-P3O-NoFisher,Walker2d-v4,2
612459,reward,4500,293.148408380017,431.459,SF-P3O-NoFisher,Walker2d-v4,2
612584,reward,4501,282.9306166673463,410.406,SF-P3O-NoFisher,Walker2d-v4,2
612778,reward,4502,427.9524813228369,413.139,SF-P3O-NoFisher,Walker2d-v4,2
612924,reward,4503,338.0834976368912,400.817,SF-P3O-NoFisher,Walker2d-v4,2
613047,reward,4504,316.8677734512789,396.846,SF-P3O-NoFisher,Walker2d-v4,2
613257,reward,4505,558.5639971461679,393.059,SF-P3O-NoFisher,Walker2d-v4,2
613442,reward,4506,403.5040615301324,397.496,SF-P3O-NoFisher,Walker2d-v4,2
613595,reward,4507,404.91708573831227,397.966,SF-P3O-NoFisher,Walker2d-v4,2
613746,reward,4508,367.25439986797966,391.933,SF-P3O-NoFisher,Walker2d-v4,2
613923,reward,4509,467.8109035749658,386.103,SF-P3O-NoFisher,Walker2d-v4,2
614118,reward,4510,492.55888289133196,406.044,SF-P3O-NoFisher,Walker2d-v4,2
614261,reward,4511,364.4233936652617,414.194,SF-P3O-NoFisher,Walker2d-v4,2
614400,loss,-0.09908363223075867,0.6078548431396484,SF-P3O-NoFisher,Walker2d-v4,2
614425,reward,4512,395.8440506541709,410.983,SF-P3O-NoFisher,Walker2d-v4,2
614658,reward,4513,430.8695308970386,420.261,SF-P3O-NoFisher,Walker2d-v4,2
614893,reward,4514,596.7088880413485,448.246,SF-P3O-NoFisher,Walker2d-v4,2
615075,reward,4515,465.36920002769006,438.926,SF-P3O-NoFisher,Walker2d-v4,2
615222,reward,4516,344.91169318358027,433.067,SF-P3O-NoFisher,Walker2d-v4,2
615405,reward,4517,455.81732863995893,438.157,SF-P3O-NoFisher,Walker2d-v4,2
615609,reward,4518,431.4865407648258,444.58,SF-P3O-NoFisher,Walker2d-v4,2
615824,reward,4519,557.574423710637,453.556,SF-P3O-NoFisher,Walker2d-v4,2
615958,reward,4520,306.00710076161016,434.901,SF-P3O-NoFisher,Walker2d-v4,2
616169,reward,4521,553.3937871999419,453.798,SF-P3O-NoFisher,Walker2d-v4,2
616335,reward,4522,422.6077617259091,456.475,SF-P3O-NoFisher,Walker2d-v4,2
616488,reward,4523,359.38029874288003,449.326,SF-P3O-NoFisher,Walker2d-v4,2
616725,reward,4524,510.9464113062166,440.749,SF-P3O-NoFisher,Walker2d-v4,2
616917,reward,4525,538.2856100618012,448.041,SF-P3O-NoFisher,Walker2d-v4,2
617078,reward,4526,344.0494039450386,447.955,SF-P3O-NoFisher,Walker2d-v4,2
617216,reward,4527,345.67790435472136,436.941,SF-P3O-NoFisher,Walker2d-v4,2
617351,reward,4528,336.35652459593996,427.428,SF-P3O-NoFisher,Walker2d-v4,2
617501,reward,4529,373.05712001483676,408.976,SF-P3O-NoFisher,Walker2d-v4,2
617649,reward,4530,351.66508713990856,413.542,SF-P3O-NoFisher,Walker2d-v4,2
617775,reward,4531,296.4236415535713,387.845,SF-P3O-NoFisher,Walker2d-v4,2
617918,reward,4532,333.35177297788834,378.919,SF-P3O-NoFisher,Walker2d-v4,2
618051,reward,4533,326.6066098683284,375.642,SF-P3O-NoFisher,Walker2d-v4,2
618212,reward,4534,381.9022854588271,362.738,SF-P3O-NoFisher,Walker2d-v4,2
618375,reward,4535,409.73508903982764,349.883,SF-P3O-NoFisher,Walker2d-v4,2
618551,reward,4536,466.7211503598449,362.15,SF-P3O-NoFisher,Walker2d-v4,2
618755,reward,4537,505.393666644187,378.121,SF-P3O-NoFisher,Walker2d-v4,2
618899,reward,4538,338.3087823612808,378.317,SF-P3O-NoFisher,Walker2d-v4,2
619038,reward,4539,326.0579639244808,373.617,SF-P3O-NoFisher,Walker2d-v4,2
619198,reward,4540,371.23310346771353,375.573,SF-P3O-NoFisher,Walker2d-v4,2
619392,reward,4541,490.1219124933204,394.943,SF-P3O-NoFisher,Walker2d-v4,2
619553,reward,4542,375.6005793107516,399.168,SF-P3O-NoFisher,Walker2d-v4,2
619777,reward,4543,578.6301022671872,424.37,SF-P3O-NoFisher,Walker2d-v4,2
619959,reward,4544,428.1753240714924,428.998,SF-P3O-NoFisher,Walker2d-v4,2
620000,speed,673.83,19.31,SF-P3O-NoFisher,Walker2d-v4,2
620001,spectral,0.061782,0.953721,0.7461,SF-P3O-NoFisher,Walker2d-v4,2
620170,reward,4545,482.7531415284158,436.3,SF-P3O-NoFisher,Walker2d-v4,2
620339,reward,4546,412.44546791045695,430.872,SF-P3O-NoFisher,Walker2d-v4,2
620548,reward,4547,560.8984238294676,436.422,SF-P3O-NoFisher,Walker2d-v4,2
620705,reward,4548,369.41061011911455,439.533,SF-P3O-NoFisher,Walker2d-v4,2
620897,reward,4549,486.7041021372903,455.597,SF-P3O-NoFisher,Walker2d-v4,2
621021,reward,4550,266.196533166548,445.094,SF-P3O-NoFisher,Walker2d-v4,2
621181,reward,4551,366.2566345094044,432.707,SF-P3O-NoFisher,Walker2d-v4,2
621360,reward,4552,472.43211803369724,442.39,SF-P3O-NoFisher,Walker2d-v4,2
621525,reward,4553,441.1847574955395,428.646,SF-P3O-NoFisher,Walker2d-v4,2
621748,reward,4554,596.9996609338273,445.528,SF-P3O-NoFisher,Walker2d-v4,2
621982,reward,4555,547.8347043464304,452.036,SF-P3O-NoFisher,Walker2d-v4,2
622150,reward,4556,419.9095335426462,452.783,SF-P3O-NoFisher,Walker2d-v4,2
622328,reward,4557,405.8227038886359,437.275,SF-P3O-NoFisher,Walker2d-v4,2
622490,reward,4558,399.17245251803774,440.251,SF-P3O-NoFisher,Walker2d-v4,2
622592,loss,-0.07817715406417847,0.6910557746887207,SF-P3O-NoFisher,Walker2d-v4,2
622592,diagnostics,0.0,67.37,36.8907,0.062181,0.953574,0.7214,-1.0,SF-P3O-NoFisher,Walker2d-v4,2
622644,reward,4559,374.66020407843837,429.047,SF-P3O-NoFisher,Walker2d-v4,2
622790,reward,4560,354.93036011214093,437.92,SF-P3O-NoFisher,Walker2d-v4,2
622946,reward,4561,349.80869033744443,436.276,SF-P3O-NoFisher,Walker2d-v4,2
623106,reward,4562,392.9954391949378,428.332,SF-P3O-NoFisher,Walker2d-v4,2
623224,reward,4563,272.1216244479819,411.426,SF-P3O-NoFisher,Walker2d-v4,2
623387,reward,4564,430.8964036048808,394.815,SF-P3O-NoFisher,Walker2d-v4,2
623550,reward,4565,409.05597379300025,380.937,SF-P3O-NoFisher,Walker2d-v4,2
623738,reward,4566,371.95236124565497,376.142,SF-P3O-NoFisher,Walker2d-v4,2
623936,reward,4567,503.96277016360847,385.956,SF-P3O-NoFisher,Walker2d-v4,2
624081,reward,4568,369.10161917002006,382.949,SF-P3O-NoFisher,Walker2d-v4,2
624225,reward,4569,357.56769973704183,381.239,SF-P3O-NoFisher,Walker2d-v4,2
624373,reward,4570,343.83859780809456,380.13,SF-P3O-NoFisher,Walker2d-v4,2
624640,reward,4571,634.0833456172375,408.558,SF-P3O-NoFisher,Walker2d-v4,2
624809,reward,4572,397.004772515223,408.959,SF-P3O-NoFisher,Walker2d-v4,2
624973,reward,4573,410.6547843377301,422.812,SF-P3O-NoFisher,Walker2d-v4,2
625134,reward,4574,375.77222320470315,417.299,SF-P3O-NoFisher,Walker2d-v4,2
625238,reward,4575,240.9525342305014,400.489,SF-P3O-NoFisher,Walker2d-v4,2
625416,reward,4576,413.2806283922267,404.622,SF-P3O-NoFisher,Walker2d-v4,2
625551,reward,4577,311.188282826579,385.344,SF-P3O-NoFisher,Walker2d-v4,2
625676,reward,4578,289.8991229239867,377.424,SF-P3O-NoFisher,Walker2d-v4,2
625872,reward,4579,488.7725298689421,390.545,SF-P3O-NoFisher,Walker2d-v4,2
625993,reward,4580,298.910385245887,386.052,SF-P3O-NoFisher,Walker2d-v4,2
626137,reward,4581,335.00517320337997,356.144,SF-P3O-NoFisher,Walker2d-v4,2
626256,reward,4582,288.8633849001411,345.33,SF-P3O-NoFisher,Walker2d-v4,2
626399,reward,4583,334.3737100530313,337.702,SF-P3O-NoFisher,Walker2d-v4,2
626560,reward,4584,373.04288968263995,337.429,SF-P3O-NoFisher,Walker2d-v4,2
626721,reward,4585,407.4773198738773,354.081,SF-P3O-NoFisher,Walker2d-v4,2
626838,reward,4586,267.6185239283848,339.515,SF-P3O-NoFisher,Walker2d-v4,2
626992,reward,4587,387.9553815635947,347.192,SF-P3O-NoFisher,Walker2d-v4,2
627195,reward,4588,512.2013545808485,369.422,SF-P3O-NoFisher,Walker2d-v4,2
627310,reward,4589,255.07676925674127,346.052,SF-P3O-NoFisher,Walker2d-v4,2
627457,reward,4590,393.580094771137,355.519,SF-P3O-NoFisher,Walker2d-v4,2
627669,reward,4591,538.1033206121559,375.829,SF-P3O-NoFisher,Walker2d-v4,2
627815,reward,4592,358.66385733823137,382.809,SF-P3O-NoFisher,Walker2d-v4,2
627960,reward,4593,354.6434121660532,384.836,SF-P3O-NoFisher,Walker2d-v4,2
628136,reward,4594,468.03659560164647,394.336,SF-P3O-NoFisher,Walker2d-v4,2
628367,reward,4595,564.6585904153748,410.054,SF-P3O-NoFisher,Walker2d-v4,2
628582,reward,4596,457.7573037687366,429.068,SF-P3O-NoFisher,Walker2d-v4,2
628759,reward,4597,478.8249113541157,438.155,SF-P3O-NoFisher,Walker2d-v4,2
628930,reward,4598,425.2023121162692,429.455,SF-P3O-NoFisher,Walker2d-v4,2
629068,reward,4599,349.34650655694253,438.882,SF-P3O-NoFisher,Walker2d-v4,2
629205,reward,4600,324.68237833155456,431.992,SF-P3O-NoFisher,Walker2d-v4,2
629382,reward,4601,440.2458344555208,422.206,SF-P3O-NoFisher,Walker2d-v4,2
629627,reward,4602,574.8694774828208,443.827,SF-P3O-NoFisher,Walker2d-v4,2
629758,reward,4603,307.75064182368027,439.137,SF-P3O-NoFisher,Walker2d-v4,2
630000,speed,639.55,19.57,SF-P3O-NoFisher,Walker2d-v4,2
630001,spectral,0.062181,0.953574,0.7214,SF-P3O-NoFisher,Walker2d-v4,2
630070,reward,4604,680.4097852100687,460.375,SF-P3O-NoFisher,Walker2d-v4,2
630250,reward,4605,422.0629179505357,446.115,SF-P3O-NoFisher,Walker2d-v4,2
630408,reward,4606,374.4706543969585,437.787,SF-P3O-NoFisher,Walker2d-v4,2
630594,reward,4607,433.3515979419531,433.239,SF-P3O-NoFisher,Walker2d-v4,2
630755,reward,4608,434.6635960173375,434.185,SF-P3O-NoFisher,Walker2d-v4,2
630784,loss,-0.056347090750932693,0.6819373369216919,SF-P3O-NoFisher,Walker2d-v4,2
631014,reward,4609,615.0752083597769,460.758,SF-P3O-NoFisher,Walker2d-v4,2
631214,reward,4610,546.3609478940328,482.926,SF-P3O-NoFisher,Walker2d-v4,2
631399,reward,4611,443.2354476000968,483.225,SF-P3O-NoFisher,Walker2d-v4,2
631533,reward,4612,299.8761236094809,455.726,SF-P3O-NoFisher,Walker2d-v4,2
631712,reward,4613,426.01819961684913,467.552,SF-P3O-NoFisher,Walker2d-v4,2
631845,reward,4614,342.90321662288125,433.802,SF-P3O-NoFisher,Walker2d-v4,2
631987,reward,4615,345.2947468132491,426.125,SF-P3O-NoFisher,Walker2d-v4,2
632124,reward,4616,312.09188488853925,419.887,SF-P3O-NoFisher,Walker2d-v4,2
632281,reward,4617,406.4801889474949,417.2,SF-P3O-NoFisher,Walker2d-v4,2
632465,reward,4618,479.6768339444927,421.701,SF-P3O-NoFisher,Walker2d-v4,2
632619,reward,4619,378.92914160589885,398.087,SF-P3O-NoFisher,Walker2d-v4,2
632765,reward,4620,330.6226740826663,376.513,SF-P3O-NoFisher,Walker2d-v4,2
632935,reward,4621,438.83433414305114,376.073,SF-P3O-NoFisher,Walker2d-v4,2
633090,reward,4622,393.12808268021877,385.398,SF-P3O-NoFisher,Walker2d-v4,2
633329,reward,4623,604.6019620802346,403.256,SF-P3O-NoFisher,Walker2d-v4,2
633518,reward,4624,468.5630946998898,415.822,SF-P3O-NoFisher,Walker2d-v4,2
633745,reward,4625,578.0620208681438,439.099,SF-P3O-NoFisher,Walker2d-v4,2
633922,reward,4626,427.5043305531354,450.64,SF-P3O-NoFisher,Walker2d-v4,2
634082,reward,4627,402.0734434634811,450.2,SF-P3O-NoFisher,Walker2d-v4,2
634234,reward,4628,377.1246729620451,439.944,SF-P3O-NoFisher,Walker2d-v4,2
634421,reward,4629,450.7661885900512,447.128,SF-P3O-NoFisher,Walker2d-v4,2
634603,reward,4630,392.62505474602267,453.328,SF-P3O-NoFisher,Walker2d-v4,2
634751,reward,4631,347.3779401198806,444.183,SF-P3O-NoFisher,Walker2d-v4,2
634960,reward,4632,469.0034202747263,451.77,SF-P3O-NoFisher,Walker2d-v4,2
635081,reward,4633,285.6810203700897,419.878,SF-P3O-NoFisher,Walker2d-v4,2
635206,reward,4634,302.46708501766125,403.269,SF-P3O-NoFisher,Walker2d-v4,2
635490,reward,4635,769.978486870956,422.46,SF-P3O-NoFisher,Walker2d-v4,2
635699,reward,4636,493.82041820482505,429.092,SF-P3O-NoFisher,Walker2d-v4,2
635880,reward,4637,429.01200048662736,431.786,SF-P3O-NoFisher,Walker2d-v4,2
636049,reward,4638,422.2476942171326,436.298,SF-P3O-NoFisher,Walker2d-v4,2
636247,reward,4639,514.5906159077672,442.68,SF-P3O-NoFisher,Walker2d-v4,2
636468,reward,4640,557.3100277417266,459.149,SF-P3O-NoFisher,Walker2d-v4,2
636707,reward,4641,573.3352585671504,481.745,SF-P3O-NoFisher,Walker2d-v4,2
636856,reward,4642,368.5953204277109,471.704,SF-P3O-NoFisher,Walker2d-v4,2
637068,reward,4643,538.1404039982785,496.95,SF-P3O-NoFisher,Walker2d-v4,2
637298,reward,4644,570.2166554010536,523.725,SF-P3O-NoFisher,Walker2d-v4,2
637439,reward,4645,321.4770512154776,478.875,SF-P3O-NoFisher,Walker2d-v4,2
637699,reward,4646,547.3628561300072,484.229,SF-P3O-NoFisher,Walker2d-v4,2
637886,reward,4647,503.6429955705392,491.692,SF-P3O-NoFisher,Walker2d-v4,2
638051,reward,4648,419.89502999469784,491.457,SF-P3O-NoFisher,Walker2d-v4,2
638244,reward,4649,440.4438833484102,484.042,SF-P3O-NoFisher,Walker2d-v4,2
638326,reward,4650,149.79340998775825,443.29,SF-P3O-NoFisher,Walker2d-v4,2
638531,reward,4651,544.3554348109276,440.392,SF-P3O-NoFisher,Walker2d-v4,2
638670,reward,4652,326.8737043676626,436.22,SF-P3O-NoFisher,Walker2d-v4,2
638798,reward,4653,305.74556398474203,412.981,SF-P3O-NoFisher,Walker2d-v4,2
638939,reward,4654,363.1473514326956,392.274,SF-P3O-NoFisher,Walker2d-v4,2
638976,loss,-0.14276453852653503,0.8290697336196899,SF-P3O-NoFisher,Walker2d-v4,2
638976,diagnostics,0.0,67.68,74.4047,0.062868,0.953433,0.7239,-1.0,SF-P3O-NoFisher,Walker2d-v4,2
639123,reward,4655,463.4530650416779,406.471,SF-P3O-NoFisher,Walker2d-v4,2
639311,reward,4656,502.1977455851503,401.955,SF-P3O-NoFisher,Walker2d-v4,2
639497,reward,4657,513.4284604388065,402.933,SF-P3O-NoFisher,Walker2d-v4,2
639734,reward,4658,598.052755667499,420.749,SF-P3O-NoFisher,Walker2d-v4,2
639840,reward,4659,232.98178525823332,400.003,SF-P3O-NoFisher,Walker2d-v4,2
639979,reward,4660,362.9256689037591,421.316,SF-P3O-NoFisher,Walker2d-v4,2
640000,speed,444.21,19.95,SF-P3O-NoFisher,Walker2d-v4,2
640001,spectral,0.062868,0.953433,0.7239,SF-P3O-NoFisher,Walker2d-v4,2
640077,reward,4661,192.68325281839108,386.149,SF-P3O-NoFisher,Walker2d-v4,2
640243,reward,4662,350.75611052195933,388.537,SF-P3O-NoFisher,Walker2d-v4,2
640381,reward,4663,322.5868586053914,390.221,SF-P3O-NoFisher,Walker2d-v4,2
640499,reward,4664,261.89798432569677,380.096,SF-P3O-NoFisher,Walker2d-v4,2
640748,reward,4665,572.6420900524955,391.015,SF-P3O-NoFisher,Walker2d-v4,2
640949,reward,4666,529.9981421810121,393.795,SF-P3O-NoFisher,Walker2d-v4,2
641075,reward,4667,309.26725007107336,373.379,SF-P3O-NoFisher,Walker2d-v4,2
641224,reward,4668,353.83026191690226,348.957,SF-P3O-NoFisher,Walker2d-v4,2
641448,reward,4669,623.9103883388073,388.05,SF-P3O-NoFisher,Walker2d-v4,2
641622,reward,4670,472.4599483010809,399.003,SF-P3O-NoFisher,Walker2d-v4,2
641748,reward,4671,277.89562378428633,407.524,SF-P3O-NoFisher,Walker2d-v4,2
641935,reward,4672,537.2123015907903,426.17,SF-P3O-NoFisher,Walker2d-v4,2
642117,reward,4673,432.76741563279313,437.188,SF-P3O-NoFisher,Walker2d-v4,2
642267,reward,4674,414.92636741180655,452.491,SF-P3O-NoFisher,Walker2d-v4,2
642425,reward,4675,366.30552923331373,431.857,SF-P3O-NoFisher,Walker2d-v4,2
642586,reward,4676,362.23446765216306,415.081,SF-P3O-NoFisher,Walker2d-v4,2
642733,reward,4677,351.2739204966273,419.282,SF-P3O-NoFisher,Walker2d-v4,2
642876,reward,4678,348.8232238069064,418.781,SF-P3O-NoFisher,Walker2d-v4,2
643005,reward,4679,303.91719182059626,386.782,SF-P3O-NoFisher,Walker2d-v4,2
643268,reward,4680,660.0669009846295,405.542,SF-P3O-NoFisher,Walker2d-v4,2
643386,reward,4681,266.1152681148397,404.364,SF-P3O-NoFisher,Walker2d-v4,2
643588,reward,4682,534.4685281247014,404.09,SF-P3O-NoFisher,Walker2d-v4,2
643820,reward,4683,504.0362446034669,411.217,SF-P3O-NoFisher,Walker2d-v4,2
643972,reward,4684,382.12163856845206,407.936,SF-P3O-NoFisher,Walker2d-v4,2
644109,reward,4685,308.4664185256645,402.152,SF-P3O-NoFisher,Walker2d-v4,2
644251,reward,4686,337.26834831583926,399.656,SF-P3O-NoFisher,Walker2d-v4,2
644493,reward,4687,657.9936036892461,430.328,SF-P3O-NoFisher,Walker2d-v4,2
644645,reward,4688,359.26149013133255,431.372,SF-P3O-NoFisher,Walker2d-v4,2
644893,reward,4689,625.3803974759214,463.518,SF-P3O-NoFisher,Walker2d-v4,2
645053,reward,4690,430.8003083820894,440.591,SF-P3O-NoFisher,Walker2d-v4,2
645234,reward,4691,454.49716046619915,459.429,SF-P3O-NoFisher,Walker2d-v4,2
645390,reward,4692,396.31197000892183,445.614,SF-P3O-NoFisher,Walker2d-v4,2
645574,reward,4693,484.34346686354735,443.644,SF-P3O-NoFisher,Walker2d-v4,2
645722,reward,4694,366.88883870792677,442.121,SF-P3O-NoFisher,Walker2d-v4,2
645914,reward,4695,414.87274869340024,452.762,SF-P3O-NoFisher,Walker2d-v4,2
646036,reward,4696,288.4738054435487,447.882,SF-P3O-NoFisher,Walker2d-v4,2
646216,reward,4697,487.3502359671255,430.818,SF-P3O-NoFisher,Walker2d-v4,2
646389,reward,4698,431.59153371949276,438.051,SF-P3O-NoFisher,Walker2d-v4,2
646589,reward,4699,451.35453631429283,420.648,SF-P3O-NoFisher,Walker2d-v4,2
646738,reward,4700,383.2352619724569,415.892,SF-P3O-NoFisher,Walker2d-v4,2
646873,reward,4701,318.5662853323342,402.299,SF-P3O-NoFisher,Walker2d-v4,2
647002,reward,4702,328.3587718340617,395.504,SF-P3O-NoFisher,Walker2d-v4,2
647168,loss,-0.17445459961891174,0.6104520559310913,SF-P3O-NoFisher,Walker2d-v4,2
647197,reward,4703,482.8959516272076,395.359,SF-P3O-NoFisher,Walker2d-v4,2
647389,reward,4704,514.3444130840799,410.104,SF-P3O-NoFisher,Walker2d-v4,2
647567,reward,4705,411.8950453830016,409.807,SF-P3O-NoFisher,Walker2d-v4,2
647804,reward,4706,591.5450761754861,440.114,SF-P3O-NoFisher,Walker2d-v4,2
647931,reward,4707,290.50918608751164,420.43,SF-P3O-NoFisher,Walker2d-v4,2
648065,reward,4708,336.6431451172301,410.935,SF-P3O-NoFisher,Walker2d-v4,2
648283,reward,4709,575.179145596372,423.317,SF-P3O-NoFisher,Walker2d-v4,2
648488,reward,4710,479.0869653827198,432.902,SF-P3O-NoFisher,Walker2d-v4,2
648686,reward,4711,481.65885678238027,449.212,SF-P3O-NoFisher,Walker2d-v4,2
648811,reward,4712,309.4106000660413,447.317,SF-P3O-NoFisher,Walker2d-v4,2
648947,reward,4713,350.64794023989634,434.092,SF-P3O-NoFisher,Walker2d-v4,2
649080,reward,4714,326.896624024229,415.347,SF-P3O-NoFisher,Walker2d-v4,2
649224,reward,4715,367.44287572056,410.902,SF-P3O-NoFisher,Walker2d-v4,2
649384,reward,4716,350.67600885814227,386.815,SF-P3O-NoFisher,Walker2d-v4,2
649526,reward,4717,365.88323629231405,394.353,SF-P3O-NoFisher,Walker2d-v4,2
649670,reward,4718,368.0003345858943,397.488,SF-P3O-NoFisher,Walker2d-v4,2
649837,reward,4719,418.66754279083364,381.837,SF-P3O-NoFisher,Walker2d-v4,2
649975,reward,4720,317.928482010323,365.721,SF-P3O-NoFisher,Walker2d-v4,2
650000,speed,657.67,20.2,SF-P3O-NoFisher,Walker2d-v4,2
650001,spectral,0.063114,0.953634,0.7518,SF-P3O-NoFisher,Walker2d-v4,2
650149,reward,4721,436.39575197970515,361.195,SF-P3O-NoFisher,Walker2d-v4,2
650343,reward,4722,504.07545532266636,380.661,SF-P3O-NoFisher,Walker2d-v4,2
650464,reward,4723,281.4045377567768,373.737,SF-P3O-NoFisher,Walker2d-v4,2
650677,reward,4724,581.7123117589849,399.219,SF-P3O-NoFisher,Walker2d-v4,2
650857,reward,4725,465.05782490633595,408.98,SF-P3O-NoFisher,Walker2d-v4,2
650979,reward,4726,288.3902286892929,402.752,SF-P3O-NoFisher,Walker2d-v4,2
651132,reward,4727,381.58925039301283,404.322,SF-P3O-NoFisher,Walker2d-v4,2
651293,reward,4728,378.8754696979969,405.41,SF-P3O-NoFisher,Walker2d-v4,2
651420,reward,4729,310.3116118023095,394.574,SF-P3O-NoFisher,Walker2d-v4,2
651527,reward,4730,252.04787770017626,387.986,SF-P3O-NoFisher,Walker2d-v4,2
651625,reward,4731,195.04699364690782,363.851,SF-P3O-NoFisher,Walker2d-v4,2
651763,reward,4732,340.9830875395584,347.542,SF-P3O-NoFisher,Walker2d-v4,2
651880,reward,4733,303.0540109313805,349.707,SF-P3O-NoFisher,Walker2d-v4,2
652099,reward,4734,586.416862560237,350.177,SF-P3O-NoFisher,Walker2d-v4,2
652323,reward,4735,529.8922737678138,356.661,SF-P3O-NoFisher,Walker2d-v4,2
652509,reward,4736,484.43897056925664,376.266,SF-P3O-NoFisher,Walker2d-v4,2
652657,reward,4737,352.42578757806746,373.349,SF-P3O-NoFisher,Walker2d-v4,2
652847,reward,4738,469.3036055115923,382.392,SF-P3O-NoFisher,Walker2d-v4,2
652997,reward,4739,375.57824346098664,388.919,SF-P3O-NoFisher,Walker2d-v4,2
653119,reward,4740,277.8524586013216,391.499,SF-P3O-NoFisher,Walker2d-v4,2
653325,reward,4741,496.43856413691293,421.638,SF-P3O-NoFisher,Walker2d-v4,2
653486,reward,4742,391.0901273723767,426.649,SF-P3O-NoFisher,Walker2d-v4,2
653714,reward,4743,507.32198235927046,447.076,SF-P3O-NoFisher,Walker2d-v4,2
653844,reward,4744,305.52928301082767,418.987,SF-P3O-NoFisher,Walker2d-v4,2
654032,reward,4745,521.3962035691852,418.138,SF-P3O-NoFisher,Walker2d-v4,2
654204,reward,4746,410.4201559697898,410.736,SF-P3O-NoFisher,Walker2d-v4,2
654357,reward,4747,406.207672001279,416.114,SF-P3O-NoFisher,Walker2d-v4,2
654492,reward,4748,315.1907012323393,400.703,SF-P3O-NoFisher,Walker2d-v4,2
654686,reward,4749,525.3733792235065,415.682,SF-P3O-NoFisher,Walker2d-v4,2
654863,reward,4750,438.9139243535749,431.788,SF-P3O-NoFisher,Walker2d-v4,2
655073,reward,4751,514.8592979395734,433.63,SF-P3O-NoFisher,Walker2d-v4,2
655218,reward,4752,367.795766625761,431.301,SF-P3O-NoFisher,Walker2d-v4,2
655360,loss,-0.09659790247678757,1.0319693088531494,SF-P3O-NoFisher,Walker2d-v4,2
655360,diagnostics,0.0,68.02,62.3955,0.063347,0.953672,0.7405,-1.0,SF-P3O-NoFisher,Walker2d-v4,2
655483,reward,4753,692.4056092374692,449.809,SF-P3O-NoFisher,Walker2d-v4,2
655638,reward,4754,387.03621816373595,457.96,SF-P3O-NoFisher,Walker2d-v4,2
655806,reward,4755,412.1008527101439,447.03,SF-P3O-NoFisher,Walker2d-v4,2
655975,reward,4756,407.015340915558,446.69,SF-P3O-NoFisher,Walker2d-v4,2
656137,reward,4757,380.3544488179616,444.105,SF-P3O-NoFisher,Walker2d-v4,2
656329,reward,4758,428.46317568850446,455.432,SF-P3O-NoFisher,Walker2d-v4,2
656550,reward,4759,578.1719338714637,460.712,SF-P3O-NoFisher,Walker2d-v4,2
656700,reward,4760,421.88245808304384,459.009,SF-P3O-NoFisher,Walker2d-v4,2
656836,reward,4761,348.35708345613875,442.358,SF-P3O-NoFisher,Walker2d-v4,2
656974,reward,4762,330.46587012869605,438.625,SF-P3O-NoFisher,Walker2d-v4,2
657132,reward,4763,353.8611255912935,404.771,SF-P3O-NoFisher,Walker2d-v4,2
657318,reward,4764,467.41924292409016,412.809,SF-P3O-NoFisher,Walker2d-v4,2
657484,reward,4765,421.12747891195284,413.712,SF-P3O-NoFisher,Walker2d-v4,2
657666,reward,4766,479.37935904065097,420.948,SF-P3O-NoFisher,Walker2d-v4,2
657802,reward,4767,312.2018263701319,414.133,SF-P3O-NoFisher,Walker2d-v4,2
657930,reward,4768,315.3186855381969,402.819,SF-P3O-NoFisher,Walker2d-v4,2
658090,reward,4769,430.2390582123516,388.025,SF-P3O-NoFisher,Walker2d-v4,2
658266,reward,4770,419.66162133393254,387.803,SF-P3O-NoFisher,Walker2d-v4,2
658467,reward,4771,435.51797750633824,396.519,SF-P3O-NoFisher,Walker2d-v4,2
658624,reward,4772,444.82422525515403,407.955,SF-P3O-NoFisher,Walker2d-v4,2
658803,reward,4773,487.5099031562543,421.32,SF-P3O-NoFisher,Walker2d-v4,2
659017,reward,4774,501.54371019063973,424.732,SF-P3O-NoFisher,Walker2d-v4,2
659212,reward,4775,539.189441623776,436.539,SF-P3O-NoFisher,Walker2d-v4,2
659392,reward,4776,484.15133031944623,437.016,SF-P3O-NoFisher,Walker2d-v4,2
659626,reward,4777,523.9102916375552,458.187,SF-P3O-NoFisher,Walker2d-v4,2
659897,reward,4778,646.1937279555052,491.274,SF-P3O-NoFisher,Walker2d-v4,2
660000,speed,647.7,20.46,SF-P3O-NoFisher,Walker2d-v4,2
660001,perturb,0.063347,0.953672,0.7405,-1,-1,0.02,6,SF-P3O-NoFisher,Walker2d-v4,2
660032,reward,4779,320.81970005296995,480.332,SF-P3O-NoFisher,Walker2d-v4,2
660277,reward,4780,643.2138970525543,502.687,SF-P3O-NoFisher,Walker2d-v4,2
660369,reward,4781,194.38848995703236,478.574,SF-P3O-NoFisher,Walker2d-v4,2
660482,reward,4782,277.9087657606108,461.883,SF-P3O-NoFisher,Walker2d-v4,2
660601,reward,4783,266.31206702402136,439.763,SF-P3O-NoFisher,Walker2d-v4,2
660744,reward,4784,335.30321806397444,423.139,SF-P3O-NoFisher,Walker2d-v4,2
660958,reward,4785,586.8689499922802,427.907,SF-P3O-NoFisher,Walker2d-v4,2
661200,reward,4786,654.2975794051578,444.922,SF-P3O-NoFisher,Walker2d-v4,2
661384,reward,4787,498.4948054522002,442.38,SF-P3O-NoFisher,Walker2d-v4,2
661574,reward,4788,434.5352195290723,421.214,SF-P3O-NoFisher,Walker2d-v4,2
661732,reward,4789,409.2259556167852,430.055,SF-P3O-NoFisher,Walker2d-v4,2
661940,reward,4790,539.8346450865313,419.717,SF-P3O-NoFisher,Walker2d-v4,2
662133,reward,4791,526.2805769333473,452.906,SF-P3O-NoFisher,Walker2d-v4,2
662283,reward,4792,365.5739603348028,461.673,SF-P3O-NoFisher,Walker2d-v4,2
662411,reward,4793,333.0436824671736,468.346,SF-P3O-NoFisher,Walker2d-v4,2
662522,reward,4794,256.00361326255927,460.416,SF-P3O-NoFisher,Walker2d-v4,2
662760,reward,4795,623.0664015392664,464.036,SF-P3O-NoFisher,Walker2d-v4,2
662872,reward,4796,256.2693865513546,424.233,SF-P3O-NoFisher,Walker2d-v4,2
663092,reward,4797,500.34100425069335,424.417,SF-P3O-NoFisher,Walker2d-v4,2
663239,reward,4798,357.8410519273578,416.748,SF-P3O-NoFisher,Walker2d-v4,2
663370,reward,4799,315.73204656941846,407.399,SF-P3O-NoFisher,Walker2d-v4,2
663550,reward,4800,464.3182474204657,399.847,SF-P3O-NoFisher,Walker2d-v4,2
663552,loss,-0.027749501168727875,0.6735125780105591,SF-P3O-NoFisher,Walker2d-v4,2
663749,reward,4801,477.74238810322396,394.993,SF-P3O-NoFisher,Walker2d-v4,2
663892,reward,4802,345.4193893605556,392.978,SF-P3O-NoFisher,Walker2d-v4,2
664056,reward,4803,414.5976247417767,401.133,SF-P3O-NoFisher,Walker2d-v4,2
664275,reward,4804,613.7713798563711,436.91,SF-P3O-NoFisher,Walker2d-v4,2
664448,reward,4805,437.83840763279545,418.387,SF-P3O-NoFisher,Walker2d-v4,2
664600,reward,4806,411.7350115655473,433.934,SF-P3O-NoFisher,Walker2d-v4,2
664722,reward,4807,273.75062239386705,411.275,SF-P3O-NoFisher,Walker2d-v4,2
664938,reward,4808,540.9240032767177,429.583,SF-P3O-NoFisher,Walker2d-v4,2
665127,reward,4809,440.12436170990765,442.022,SF-P3O-NoFisher,Walker2d-v4,2
665273,reward,4810,345.63184089487635,430.154,SF-P3O-NoFisher,Walker2d-v4,2
665472,reward,4811,513.9807191506612,433.777,SF-P3O-NoFisher,Walker2d-v4,2
665675,reward,4812,505.67928300185577,449.803,SF-P3O-NoFisher,Walker2d-v4,2
665816,reward,4813,364.64071382133363,444.808,SF-P3O-NoFisher,Walker2d-v4,2
666014,reward,4814,513.8429993924859,434.815,SF-P3O-NoFisher,Walker2d-v4,2
666184,reward,4815,397.00676495910653,430.732,SF-P3O-NoFisher,Walker2d-v4,2
666404,reward,4816,571.0911361142344,446.667,SF-P3O-NoFisher,Walker2d-v4,2
666545,reward,4817,332.39643293383585,452.532,SF-P3O-NoFisher,Walker2d-v4,2
666763,reward,4818,548.0917261245298,453.249,SF-P3O-NoFisher,Walker2d-v4,2
666887,reward,4819,265.2647272769994,435.763,SF-P3O-NoFisher,Walker2d-v4,2
667030,reward,4820,349.65603264286716,436.165,SF-P3O-NoFisher,Walker2d-v4,2
667191,reward,4821,427.1045919995628,427.477,SF-P3O-NoFisher,Walker2d-v4,2
667323,reward,4822,342.2416015111794,411.134,SF-P3O-NoFisher,Walker2d-v4,2
667469,reward,4823,368.1862348071328,411.488,SF-P3O-NoFisher,Walker2d-v4,2
667609,reward,4824,377.704163301831,397.874,SF-P3O-NoFisher,Walker2d-v4,2
667745,reward,4825,327.677216834888,390.941,SF-P3O-NoFisher,Walker2d-v4,2
667886,reward,4826,335.7124433384292,367.404,SF-P3O-NoFisher,Walker2d-v4,2
668009,reward,4827,320.8497308042847,366.249,SF-P3O-NoFisher,Walker2d-v4,2
668142,reward,4828,337.608336917969,345.201,SF-P3O-NoFisher,Walker2d-v4,2
668283,reward,4829,324.9896936561359,351.173,SF-P3O-NoFisher,Walker2d-v4,2
668439,reward,4830,403.07196139664086,356.515,SF-P3O-NoFisher,Walker2d-v4,2
668563,reward,4831,271.9289583184829,340.997,SF-P3O-NoFisher,Walker2d-v4,2
668746,reward,4832,443.8378214382642,351.157,SF-P3O-NoFisher,Walker2d-v4,2
669037,reward,4833,728.1931235424839,387.157,SF-P3O-NoFisher,Walker2d-v4,2
669197,reward,4834,400.392461128784,389.426,SF-P3O-NoFisher,Walker2d-v4,2
669390,reward,4835,480.87147621351266,404.746,SF-P3O-NoFisher,Walker2d-v4,2
669577,reward,4836,502.64152107724743,421.439,SF-P3O-NoFisher,Walker2d-v4,2
669740,reward,4837,430.5510617622036,432.409,SF-P3O-NoFisher,Walker2d-v4,2
669890,reward,4838,390.37133711159623,437.685,SF-P3O-NoFisher,Walker2d-v4,2
670000,speed,645.45,20.72,SF-P3O-NoFisher,Walker2d-v4,2
670001,spectral,0.063494,0.953539,0.7356,SF-P3O-NoFisher,Walker2d-v4,2
670050,reward,4839,421.9155150733863,447.378,SF-P3O-NoFisher,Walker2d-v4,2
670267,reward,4840,480.137506981635,455.084,SF-P3O-NoFisher,Walker2d-v4,2
670432,reward,4841,426.0390788830999,470.495,SF-P3O-NoFisher,Walker2d-v4,2
670563,reward,4842,348.0441973812271,460.916,SF-P3O-NoFisher,Walker2d-v4,2
670706,reward,4843,341.5798948404479,422.254,SF-P3O-NoFisher,Walker2d-v4,2
670947,reward,4844,644.2202010340035,446.637,SF-P3O-NoFisher,Walker2d-v4,2
671175,reward,4845,557.7825443663857,454.328,SF-P3O-NoFisher,Walker2d-v4,2
671273,reward,4846,188.62136694098908,422.926,SF-P3O-NoFisher,Walker2d-v4,2
671470,reward,4847,427.5761921078246,422.629,SF-P3O-NoFisher,Walker2d-v4,2
671649,reward,4848,434.29714701546015,427.021,SF-P3O-NoFisher,Walker2d-v4,2
671744,loss,-0.0767255499958992,0.7532044649124146,SF-P3O-NoFisher,Walker2d-v4,2
671744,diagnostics,0.0,68.46,73.7776,0.063807,0.953478,0.7263,-1.0,SF-P3O-NoFisher,Walker2d-v4,2
671805,reward,4849,404.5892925413113,425.289,SF-P3O-NoFisher,Walker2d-v4,2
672004,reward,4850,528.4292259969195,430.118,SF-P3O-NoFisher,Walker2d-v4,2
672196,reward,4851,570.1198633446938,444.526,SF-P3O-NoFisher,Walker2d-v4,2
672357,reward,4852,404.3705465040136,450.159,SF-P3O-NoFisher,Walker2d-v4,2
672512,reward,4853,381.4075594796517,454.141,SF-P3O-NoFisher,Walker2d-v4,2
672717,reward,4854,527.9710141500217,442.516,SF-P3O-NoFisher,Walker2d-v4,2
672906,reward,4855,464.95389123145026,433.234,SF-P3O-NoFisher,Walker2d-v4,2
673124,reward,4856,554.0875799405329,469.78,SF-P3O-NoFisher,Walker2d-v4,2
673298,reward,4857,476.951378980076,474.718,SF-P3O-NoFisher,Walker2d-v4,2
673419,reward,4858,301.07532286832475,461.396,SF-P3O-NoFisher,Walker2d-v4,2
673586,reward,4859,430.92825142611264,464.029,SF-P3O-NoFisher,Walker2d-v4,2
673730,reward,4860,353.4799424139189,446.535,SF-P3O-NoFisher,Walker2d-v4,2
673827,reward,4861,195.9647301692683,409.119,SF-P3O-NoFisher,Walker2d-v4,2
674005,reward,4862,485.62311150808324,417.244,SF-P3O-NoFisher,Walker2d-v4,2
674223,reward,4863,530.2887765615244,432.132,SF-P3O-NoFisher,Walker2d-v4,2
674392,reward,4864,420.90402200810024,421.426,SF-P3O-NoFisher,Walker2d-v4,2
674524,reward,4865,332.46690182783504,408.177,SF-P3O-NoFisher,Walker2d-v4,2
674756,reward,4866,593.9530161598776,412.164,SF-P3O-NoFisher,Walker2d-v4,2
674891,reward,4867,339.07805004976274,398.376,SF-P3O-NoFisher,Walker2d-v4,2
675038,reward,4868,385.40730037601827,406.809,SF-P3O-NoFisher,Walker2d-v4,2
675217,reward,4869,475.6359062917253,411.28,SF-P3O-NoFisher,Walker2d-v4,2
675356,reward,4870,357.9296861154719,411.725,SF-P3O-NoFisher,Walker2d-v4,2
675612,reward,4871,662.5091551466334,458.38,SF-P3O-NoFisher,Walker2d-v4,2
675763,reward,4872,393.6920523794939,449.186,SF-P3O-NoFisher,Walker2d-v4,2
675953,reward,4873,502.90578810215123,446.448,SF-P3O-NoFisher,Walker2d-v4,2
676139,reward,4874,473.93012914865966,451.751,SF-P3O-NoFisher,Walker2d-v4,2
676372,reward,4875,578.1844191077631,476.323,SF-P3O-NoFisher,Walker2d-v4,2
676511,reward,4876,383.12173587101626,455.239,SF-P3O-NoFisher,Walker2d-v4,2
676664,reward,4877,378.52178327236254,459.184,SF-P3O-NoFisher,Walker2d-v4,2
676788,reward,4878,280.4019411448489,448.683,SF-P3O-NoFisher,Walker2d-v4,2
676970,reward,4879,476.0967989990556,448.729,SF-P3O-NoFisher,Walker2d-v4,2
677100,reward,4880,324.33953066150076,445.37,SF-P3O-NoFisher,Walker2d-v4,2
677354,reward,4881,686.2026465076657,447.74,SF-P3O-NoFisher,Walker2d-v4,2
677604,reward,4882,662.3418422529902,474.605,SF-P3O-NoFisher,Walker2d-v4,2
677821,reward,4883,569.7896423805032,481.293,SF-P3O-NoFisher,Walker2d-v4,2
678001,reward,4884,478.27722734880683,481.728,SF-P3O-NoFisher,Walker2d-v4,2
678129,reward,4885,342.0332320474755,458.113,SF-P3O-NoFisher,Walker2d-v4,2
678272,reward,4886,342.4934643859759,454.05,SF-P3O-NoFisher,Walker2d-v4,2
678437,reward,4887,426.6851147474678,458.866,SF-P3O-NoFisher,Walker2d-v4,2
678572,reward,4888,337.63761289115274,464.59,SF-P3O-NoFisher,Walker2d-v4,2
678700,reward,4889,320.00302037714675,448.98,SF-P3O-NoFisher,Walker2d-v4,2
678846,reward,4890,356.3399279015503,452.18,SF-P3O-NoFisher,Walker2d-v4,2
678993,reward,4891,353.15100301898286,418.875,SF-P3O-NoFisher,Walker2d-v4,2
679160,reward,4892,458.98736059894725,398.54,SF-P3O-NoFisher,Walker2d-v4,2
679330,reward,4893,479.23869491255056,389.485,SF-P3O-NoFisher,Walker2d-v4,2
679513,reward,4894,479.32583907331735,389.59,SF-P3O-NoFisher,Walker2d-v4,2
679589,reward,4895,141.01945674480214,369.488,SF-P3O-NoFisher,Walker2d-v4,2
679740,reward,4896,409.0159731923414,376.14,SF-P3O-NoFisher,Walker2d-v4,2
679936,loss,0.019688565284013748,0.725089967250824,SF-P3O-NoFisher,Walker2d-v4,2
679943,reward,4897,581.7741357017344,391.649,SF-P3O-NoFisher,Walker2d-v4,2
680000,speed,439.45,21.1,SF-P3O-NoFisher,Walker2d-v4,2
680001,spectral,0.064072,0.953486,0.7345,SF-P3O-NoFisher,Walker2d-v4,2
680031,reward,4898,166.14512940525518,374.5,SF-P3O-NoFisher,Walker2d-v4,2
680194,reward,4899,418.47206488596385,384.347,SF-P3O-NoFisher,Walker2d-v4,2
680393,reward,4900,428.0536410296542,391.518,SF-P3O-NoFisher,Walker2d-v4,2
680593,reward,4901,511.84392639371254,407.388,SF-P3O-NoFisher,Walker2d-v4,2
680730,reward,4902,342.2610853152422,395.715,SF-P3O-NoFisher,Walker2d-v4,2
680891,reward,4903,459.9967626533751,393.791,SF-P3O-NoFisher,Walker2d-v4,2
681060,reward,4904,429.03365113576456,388.762,SF-P3O-NoFisher,Walker2d-v4,2
681265,reward,4905,546.3798940654133,429.298,SF-P3O-NoFisher,Walker2d-v4,2
681478,reward,4906,585.270951710175,446.923,SF-P3O-NoFisher,Walker2d-v4,2
681646,reward,4907,432.9017047591792,432.036,SF-P3O-NoFisher,Walker2d-v4,2
681800,reward,4908,380.9069177120472,453.512,SF-P3O-NoFisher,Walker2d-v4,2
681980,reward,4909,481.4060218964478,459.805,SF-P3O-NoFisher,Walker2d-v4,2
682207,reward,4910,601.2401551190122,477.124,SF-P3O-NoFisher,Walker2d-v4,2
682399,reward,4911,567.5599313063279,482.696,SF-P3O-NoFisher,Walker2d-v4,2
682540,reward,4912,386.1154016786446,487.081,SF-P3O-NoFisher,Walker2d-v4,2
682621,reward,4913,159.6344983991692,457.045,SF-P3O-NoFisher,Walker2d-v4,2
682816,reward,4914,515.1321275816084,465.655,SF-P3O-NoFisher,Walker2d-v4,2
682962,reward,4915,360.5339978977587,447.07,SF-P3O-NoFisher,Walker2d-v4,2
683121,reward,4916,394.9648652148195,428.04,SF-P3O-NoFisher,Walker2d-v4,2
683265,reward,4917,379.1708743713433,422.666,SF-P3O-NoFisher,Walker2d-v4,2
683412,reward,4918,378.47725139099987,422.424,SF-P3O-NoFisher,Walker2d-v4,2
683567,reward,4919,420.1714721100151,416.3,SF-P3O-NoFisher,Walker2d-v4,2
683765,reward,4920,465.27092898410586,402.703,SF-P3O-NoFisher,Walker2d-v4,2
683912,reward,4921,399.46281579012236,385.893,SF-P3O-NoFisher,Walker2d-v4,2
683989,reward,4922,153.50128442333244,362.632,SF-P3O-NoFisher,Walker2d-v4,2
684237,reward,4923,633.1451919956692,409.983,SF-P3O-NoFisher,Walker2d-v4,2
684429,reward,4924,489.56516869747907,407.426,SF-P3O-NoFisher,Walker2d-v4,2
684561,reward,4925,328.40494401756837,404.213,SF-P3O-NoFisher,Walker2d-v4,2
684757,reward,4926,551.7576421998787,419.893,SF-P3O-NoFisher,Walker2d-v4,2
684956,reward,4927,407.1593397933672,422.692,SF-P3O-NoFisher,Walker2d-v4,2
685071,reward,4928,252.42573099399644,410.086,SF-P3O-NoFisher,Walker2d-v4,2
685202,reward,4929,323.72833192487667,400.442,SF-P3O-NoFisher,Walker2d-v4,2
685351,reward,4930,394.58764787080685,393.374,SF-P3O-NoFisher,Walker2d-v4,2
685493,reward,4931,360.8170681310341,389.509,SF-P3O-NoFisher,Walker2d-v4,2
685661,reward,4932,422.9904954266794,416.458,SF-P3O-NoFisher,Walker2d-v4,2
685822,reward,4933,392.61047724006676,392.405,SF-P3O-NoFisher,Walker2d-v4,2
686019,reward,4934,511.64150348046195,394.612,SF-P3O-NoFisher,Walker2d-v4,2
686240,reward,4935,586.416065830655,420.413,SF-P3O-NoFisher,Walker2d-v4,2
686416,reward,4936,451.00907088587525,410.339,SF-P3O-NoFisher,Walker2d-v4,2
686675,reward,4937,698.0536233141095,439.428,SF-P3O-NoFisher,Walker2d-v4,2
686817,reward,4938,378.83973543973104,452.069,SF-P3O-NoFisher,Walker2d-v4,2
686927,reward,4939,278.401902992472,447.537,SF-P3O-NoFisher,Walker2d-v4,2
687088,reward,4940,451.5172327855478,453.23,SF-P3O-NoFisher,Walker2d-v4,2
687203,reward,4941,267.5338636146897,443.901,SF-P3O-NoFisher,Walker2d-v4,2
687391,reward,4942,476.7967799836557,449.282,SF-P3O-NoFisher,Walker2d-v4,2
687527,reward,4943,315.6685726115439,441.588,SF-P3O-NoFisher,Walker2d-v4,2
687756,reward,4944,632.1451540879195,453.638,SF-P3O-NoFisher,Walker2d-v4,2
687962,reward,4945,509.9733471580046,445.994,SF-P3O-NoFisher,Walker2d-v4,2
688128,loss,-0.09140326082706451,0.7512295842170715,SF-P3O-NoFisher,Walker2d-v4,2
688128,diagnostics,0.0,68.77,43.0608,0.064378,0.953443,0.7482,-1.0,SF-P3O-NoFisher,Walker2d-v4,2
688162,reward,4946,515.7989715478435,452.473,SF-P3O-NoFisher,Walker2d-v4,2
688403,reward,4947,591.9902205572905,441.867,SF-P3O-NoFisher,Walker2d-v4,2
688549,reward,4948,355.71377002035007,439.554,SF-P3O-NoFisher,Walker2d-v4,2
688690,reward,4949,346.51278880400804,446.365,SF-P3O-NoFisher,Walker2d-v4,2
688832,reward,4950,406.2273355818055,441.836,SF-P3O-NoFisher,Walker2d-v4,2
688980,reward,4951,393.7701887491977,454.46,SF-P3O-NoFisher,Walker2d-v4,2
689170,reward,4952,463.358383251144,453.116,SF-P3O-NoFisher,Walker2d-v4,2
689393,reward,4953,589.0339672381573,480.452,SF-P3O-NoFisher,Walker2d-v4,2
689529,reward,4954,348.7359260894416,452.111,SF-P3O-NoFisher,Walker2d-v4,2
689698,reward,4955,422.317991999874,443.346,SF-P3O-NoFisher,Walker2d-v4,2
689889,reward,4956,501.22677391816063,441.889,SF-P3O-NoFisher,Walker2d-v4,2
690000,speed,665.86,21.35,SF-P3O-NoFisher,Walker2d-v4,2
690001,spectral,0.064378,0.953443,0.7482,SF-P3O-NoFisher,Walker2d-v4,2
690222,reward,4957,916.3222435969593,474.322,SF-P3O-NoFisher,Walker2d-v4,2
690477,reward,4958,630.5964741489655,501.81,SF-P3O-NoFisher,Walker2d-v4,2
690658,reward,4959,463.2678408322251,513.486,SF-P3O-NoFisher,Walker2d-v4,2
690794,reward,4960,358.0244670019522,508.665,SF-P3O-NoFisher,Walker2d-v4,2
690919,reward,4961,314.05009552375185,500.693,SF-P3O-NoFisher,Walker2d-v4,2
691064,reward,4962,371.58270818085725,491.516,SF-P3O-NoFisher,Walker2d-v4,2
691255,reward,4963,535.6360160410944,486.176,SF-P3O-NoFisher,Walker2d-v4,2
691471,reward,4964,562.8264329151556,507.585,SF-P3O-NoFisher,Walker2d-v4,2
691617,reward,4965,392.59091913099655,504.612,SF-P3O-NoFisher,Walker2d-v4,2
691814,reward,4966,527.6888016113925,507.259,SF-P3O-NoFisher,Walker2d-v4,2
691984,reward,4967,452.2053508414449,460.847,SF-P3O-NoFisher,Walker2d-v4,2
692203,reward,4968,594.968514780714,457.284,SF-P3O-NoFisher,Walker2d-v4,2
692351,reward,4969,374.3180162614997,448.389,SF-P3O-NoFisher,Walker2d-v4,2
692509,reward,4970,418.194260100387,454.406,SF-P3O-NoFisher,Walker2d-v4,2
692746,reward,4971,574.0915235406645,480.41,SF-P3O-NoFisher,Walker2d-v4,2
692860,reward,4972,272.93391297348126,470.545,SF-P3O-NoFisher,Walker2d-v4,2
693011,reward,4973,371.5858720814665,454.14,SF-P3O-NoFisher,Walker2d-v4,2
693236,reward,4974,575.7165441463683,455.429,SF-P3O-NoFisher,Walker2d-v4,2
693385,reward,4975,375.68656361063796,453.739,SF-P3O-NoFisher,Walker2d-v4,2
693457,reward,4976,137.49905455002923,414.72,SF-P3O-NoFisher,Walker2d-v4,2
693597,reward,4977,341.33389493748723,403.633,SF-P3O-NoFisher,Walker2d-v4,2
693782,reward,4978,479.5399518778461,392.09,SF-P3O-NoFisher,Walker2d-v4,2
693979,reward,4979,549.6137496503917,409.62,SF-P3O-NoFisher,Walker2d-v4,2
694165,reward,4980,479.8415308633781,415.784,SF-P3O-NoFisher,Walker2d-v4,2
694330,reward,4981,443.11050489555316,402.686,SF-P3O-NoFisher,Walker2d-v4,2
694481,reward,4982,395.95057338671677,414.988,SF-P3O-NoFisher,Walker2d-v4,2
694553,reward,4983,137.90558791514516,391.62,SF-P3O-NoFisher,Walker2d-v4,2
694702,reward,4984,383.4640348811471,372.395,SF-P3O-NoFisher,Walker2d-v4,2
694850,reward,4985,359.1573666538734,370.742,SF-P3O-NoFisher,Walker2d-v4,2
694984,reward,4986,339.68224578048756,390.96,SF-P3O-NoFisher,Walker2d-v4,2
695180,reward,4987,526.399670858984,409.467,SF-P3O-NoFisher,Walker2d-v4,2
695415,reward,4988,597.9306985904776,421.306,SF-P3O-NoFisher,Walker2d-v4,2
695633,reward,4989,565.3188563279664,422.876,SF-P3O-NoFisher,Walker2d-v4,2
695749,reward,4990,265.86661392336674,401.479,SF-P3O-NoFisher,Walker2d-v4,2
695953,reward,4991,451.0164787014055,402.269,SF-P3O-NoFisher,Walker2d-v4,2
696078,reward,4992,282.8550440229873,390.96,SF-P3O-NoFisher,Walker2d-v4,2
696249,reward,4993,461.03294015931556,423.272,SF-P3O-NoFisher,Walker2d-v4,2
696320,loss,-0.04966674745082855,0.7122047543525696,SF-P3O-NoFisher,Walker2d-v4,2
696390,reward,4994,358.052891894115,420.731,SF-P3O-NoFisher,Walker2d-v4,2
696579,reward,4995,521.7717751067148,436.993,SF-P3O-NoFisher,Walker2d-v4,2
696759,reward,4996,497.8579816164963,452.81,SF-P3O-NoFisher,Walker2d-v4,2
696988,reward,4997,551.6370149915662,455.334,SF-P3O-NoFisher,Walker2d-v4,2
697185,reward,4998,562.9154545201425,451.833,SF-P3O-NoFisher,Walker2d-v4,2
697512,reward,4999,791.0312107554672,474.404,SF-P3O-NoFisher,Walker2d-v4,2
697658,reward,5000,375.70059241454715,485.387,SF-P3O-NoFisher,Walker2d-v4,2
697845,reward,5001,529.4065552574873,493.226,SF-P3O-NoFisher,Walker2d-v4,2
697985,reward,5002,346.5443657261095,499.595,SF-P3O-NoFisher,Walker2d-v4,2
698107,reward,5003,313.320100323356,484.824,SF-P3O-NoFisher,Walker2d-v4,2
698311,reward,5004,473.60616574525284,496.379,SF-P3O-NoFisher,Walker2d-v4,2
698483,reward,5005,447.23265653633365,488.925,SF-P3O-NoFisher,Walker2d-v4,2
698610,reward,5006,336.358950345822,472.775,SF-P3O-NoFisher,Walker2d-v4,2
698807,reward,5007,555.8548105570399,473.197,SF-P3O-NoFisher,Walker2d-v4,2
699019,reward,5008,570.7567991666248,473.981,SF-P3O-NoFisher,Walker2d-v4,2
699284,reward,5009,649.3645287244062,459.815,SF-P3O-NoFisher,Walker2d-v4,2
699437,reward,5010,390.9667365315634,461.341,SF-P3O-NoFisher,Walker2d-v4,2
699562,reward,5011,302.7525894958374,438.676,SF-P3O-NoFisher,Walker2d-v4,2
699712,reward,5012,361.0412467822778,440.125,SF-P3O-NoFisher,Walker2d-v4,2
699888,reward,5013,473.03144165958497,456.097,SF-P3O-NoFisher,Walker2d-v4,2
700000,speed,643.04,21.6,SF-P3O-NoFisher,Walker2d-v4,2
700001,spectral,0.064564,0.953435,0.7569,SF-P3O-NoFisher,Walker2d-v4,2
700057,reward,5014,442.02145264978304,452.938,SF-P3O-NoFisher,Walker2d-v4,2
700191,reward,5015,343.0728625573215,442.522,SF-P3O-NoFisher,Walker2d-v4,2
700397,reward,5016,588.5420927795251,467.74,SF-P3O-NoFisher,Walker2d-v4,2
700539,reward,5017,337.3440595874937,445.889,SF-P3O-NoFisher,Walker2d-v4,2
700791,reward,5018,660.6975798008461,454.883,SF-P3O-NoFisher,Walker2d-v4,2
700909,reward,5019,243.55242948603674,414.302,SF-P3O-NoFisher,Walker2d-v4,2
701111,reward,5020,556.2613407558089,430.832,SF-P3O-NoFisher,Walker2d-v4,2
701333,reward,5021,568.3864315581316,457.395,SF-P3O-NoFisher,Walker2d-v4,2
701483,reward,5022,379.0400801786756,459.195,SF-P3O-NoFisher,Walker2d-v4,2
701638,reward,5023,402.9183540692307,452.184,SF-P3O-NoFisher,Walker2d-v4,2
701785,reward,5024,375.42778972402084,445.524,SF-P3O-NoFisher,Walker2d-v4,2
701967,reward,5025,512.7644941846398,462.493,SF-P3O-NoFisher,Walker2d-v4,2
702261,reward,5026,644.5574769961245,468.095,SF-P3O-NoFisher,Walker2d-v4,2
702470,reward,5027,553.4608596290416,489.707,SF-P3O-NoFisher,Walker2d-v4,2
702605,reward,5028,347.4202138807427,458.379,SF-P3O-NoFisher,Walker2d-v4,2
702837,reward,5029,606.9458864762748,494.718,SF-P3O-NoFisher,Walker2d-v4,2
702953,reward,5030,267.3510396305291,465.827,SF-P3O-NoFisher,Walker2d-v4,2
703119,reward,5031,432.4693186727055,452.236,SF-P3O-NoFisher,Walker2d-v4,2
703250,reward,5032,329.6728358385253,447.299,SF-P3O-NoFisher,Walker2d-v4,2
703406,reward,5033,401.4964350951321,447.157,SF-P3O-NoFisher,Walker2d-v4,2
703480,reward,5034,144.4699381160534,424.061,SF-P3O-NoFisher,Walker2d-v4,2
703581,reward,5035,204.86736234424004,393.271,SF-P3O-NoFisher,Walker2d-v4,2
703690,reward,5036,247.55012286837098,353.57,SF-P3O-NoFisher,Walker2d-v4,2
703776,reward,5037,187.1261888013917,316.937,SF-P3O-NoFisher,Walker2d-v4,2
703940,reward,5038,464.2810565124967,328.623,SF-P3O-NoFisher,Walker2d-v4,2
704185,reward,5039,652.2117529916185,333.15,SF-P3O-NoFisher,Walker2d-v4,2
704344,reward,5040,378.7096463664143,344.285,SF-P3O-NoFisher,Walker2d-v4,2
704485,reward,5041,347.2790511242023,335.766,SF-P3O-NoFisher,Walker2d-v4,2
704512,loss,-0.07966290414333344,0.8349431753158569,SF-P3O-NoFisher,Walker2d-v4,2
704512,diagnostics,0.0,69.07,79.6549,0.06489,0.953375,0.7711,-1.0,SF-P3O-NoFisher,Walker2d-v4,2
704637,reward,5042,415.0992365859568,344.309,SF-P3O-NoFisher,Walker2d-v4,2
704797,reward,5043,401.11417216178256,344.271,SF-P3O-NoFisher,Walker2d-v4,2
704978,reward,5044,491.8301376561859,379.007,SF-P3O-NoFisher,Walker2d-v4,2
705180,reward,5045,487.05787237808545,407.226,SF-P3O-NoFisher,Walker2d-v4,2
705327,reward,5046,411.13307943323997,423.584,SF-P3O-NoFisher,Walker2d-v4,2
705449,reward,5047,301.21998266200404,434.994,SF-P3O-NoFisher,Walker2d-v4,2
705716,reward,5048,671.5730654853533,455.723,SF-P3O-NoFisher,Walker2d-v4,2
705847,reward,5049,337.5148377780597,424.253,SF-P3O-NoFisher,Walker2d-v4,2
706014,reward,5050,432.2657802362668,429.609,SF-P3O-NoFisher,Walker2d-v4,2
706155,reward,5051,340.5978760710132,428.941,SF-P3O-NoFisher,Walker2d-v4,2
706378,reward,5052,620.2193007073256,449.453,SF-P3O-NoFisher,Walker2d-v4,2
706623,reward,5053,628.3527875527261,472.176,SF-P3O-NoFisher,Walker2d-v4,2
706706,reward,5054,163.08919738019148,439.302,SF-P3O-NoFisher,Walker2d-v4,2
706780,reward,5055,139.5097681301768,404.548,SF-P3O-NoFisher,Walker2d-v4,2
706918,reward,5056,352.1400695146064,398.648,SF-P3O-NoFisher,Walker2d-v4,2
707083,reward,5057,428.1303226325791,411.339,SF-P3O-NoFisher,Walker2d-v4,2
707320,reward,5058,573.8618774850671,401.568,SF-P3O-NoFisher,Walker2d-v4,2
707483,reward,5059,419.1797161725717,409.735,SF-P3O-NoFisher,Walker2d-v4,2
707611,reward,5060,337.6065656454605,400.269,SF-P3O-NoFisher,Walker2d-v4,2
707791,reward,5061,386.15964128150665,404.825,SF-P3O-NoFisher,Walker2d-v4,2
707860,reward,5062,132.74272493776198,356.077,SF-P3O-NoFisher,Walker2d-v4,2
708079,reward,5063,539.160919268907,347.158,SF-P3O-NoFisher,Walker2d-v4,2
708415,reward,5064,897.3202279487649,420.581,SF-P3O-NoFisher,Walker2d-v4,2
708592,reward,5065,503.5344699478375,456.984,SF-P3O-NoFisher,Walker2d-v4,2
708889,reward,5066,801.8116918167103,501.951,SF-P3O-NoFisher,Walker2d-v4,2
709031,reward,5067,372.52062927369195,496.39,SF-P3O-NoFisher,Walker2d-v4,2
709165,reward,5068,341.97925729678303,473.202,SF-P3O-NoFisher,Walker2d-v4,2
709397,reward,5069,583.6589504894221,489.65,SF-P3O-NoFisher,Walker2d-v4,2
709588,reward,5070,484.44143183597964,504.333,SF-P3O-NoFisher,Walker2d-v4,2
709846,reward,5071,609.7319867039093,526.69,SF-P3O-NoFisher,Walker2d-v4,2
710000,speed,665.73,21.85,SF-P3O-NoFisher,Walker2d-v4,2
710001,perturb,0.06489,0.953375,0.7711,-1,-1,0.02,7,SF-P3O-NoFisher,Walker2d-v4,2
710058,reward,5072,580.9265536170485,571.509,SF-P3O-NoFisher,Walker2d-v4,2
710173,reward,5073,295.1196623526769,547.104,SF-P3O-NoFisher,Walker2d-v4,2
710318,reward,5074,357.52021908970784,493.124,SF-P3O-NoFisher,Walker2d-v4,2
710538,reward,5075,568.4126973571999,499.612,SF-P3O-NoFisher,Walker2d-v4,2
710763,reward,5076,551.8305219368744,474.614,SF-P3O-NoFisher,Walker2d-v4,2
710957,reward,5077,463.22036224390575,483.684,SF-P3O-NoFisher,Walker2d-v4,2
711092,reward,5078,343.67034148713776,483.853,SF-P3O-NoFisher,Walker2d-v4,2
711252,reward,5079,430.4769798602683,468.535,SF-P3O-NoFisher,Walker2d-v4,2
711366,reward,5080,286.59228978180516,448.75,SF-P3O-NoFisher,Walker2d-v4,2
711543,reward,5081,500.3517032314415,437.812,SF-P3O-NoFisher,Walker2d-v4,2
711733,reward,5082,483.4268382825276,428.062,SF-P3O-NoFisher,Walker2d-v4,2
711969,reward,5083,618.0016340192822,460.35,SF-P3O-NoFisher,Walker2d-v4,2
712209,reward,5084,642.0872160793589,488.807,SF-P3O-NoFisher,Walker2d-v4,2
712385,reward,5085,486.88042732383127,480.654,SF-P3O-NoFisher,Walker2d-v4,2
712585,reward,5086,534.9825443360755,478.969,SF-P3O-NoFisher,Walker2d-v4,2
712704,loss,-0.03839118406176567,0.6604973077774048,SF-P3O-NoFisher,Walker2d-v4,2
712768,reward,5087,490.9650050297082,481.743,SF-P3O-NoFisher,Walker2d-v4,2
712977,reward,5088,546.9539602949978,502.072,SF-P3O-NoFisher,Walker2d-v4,2
713124,reward,5089,375.0402804721925,496.528,SF-P3O-NoFisher,Walker2d-v4,2
713361,reward,5090,599.5785389044872,527.827,SF-P3O-NoFisher,Walker2d-v4,2
713489,reward,5091,314.88981082878706,509.281,SF-P3O-NoFisher,Walker2d-v4,2
713698,reward,5092,567.4757666996542,517.686,SF-P3O-NoFisher,Walker2d-v4,2
713859,reward,5093,471.0379936023764,502.989,SF-P3O-NoFisher,Walker2d-v4,2
714004,reward,5094,351.1682489957004,473.897,SF-P3O-NoFisher,Walker2d-v4,2
714250,reward,5095,649.0416168302844,490.113,SF-P3O-NoFisher,Walker2d-v4,2
714439,reward,5096,474.75174106220067,484.09,SF-P3O-NoFisher,Walker2d-v4,2
714638,reward,5097,539.3731530407891,488.931,SF-P3O-NoFisher,Walker2d-v4,2
714819,reward,5098,457.74743360796145,480.01,SF-P3O-NoFisher,Walker2d-v4,2
714986,reward,5099,443.2121488362237,486.828,SF-P3O-NoFisher,Walker2d-v4,2
715162,reward,5100,443.0418856894271,471.174,SF-P3O-NoFisher,Walker2d-v4,2
715391,reward,5101,620.5642379537729,501.741,SF-P3O-NoFisher,Walker2d-v4,2
715469,reward,5102,158.9741078986994,460.891,SF-P3O-NoFisher,Walker2d-v4,2
715638,reward,5103,464.6173324033192,460.249,SF-P3O-NoFisher,Walker2d-v4,2
715798,reward,5104,438.16069631732717,468.948,SF-P3O-NoFisher,Walker2d-v4,2
716051,reward,5105,717.7780234291688,475.822,SF-P3O-NoFisher,Walker2d-v4,2
716189,reward,5106,353.5111109884727,463.698,SF-P3O-NoFisher,Walker2d-v4,2
716374,reward,5107,482.3344062361701,457.994,SF-P3O-NoFisher,Walker2d-v4,2
716543,reward,5108,446.47745351154344,456.867,SF-P3O-NoFisher,Walker2d-v4,2
716683,reward,5109,361.06296777741954,448.652,SF-P3O-NoFisher,Walker2d-v4,2
716904,reward,5110,619.2627408126901,466.274,SF-P3O-NoFisher,Walker2d-v4,2
717022,reward,5111,319.5186603612814,436.17,SF-P3O-NoFisher,Walker2d-v4,2
717127,reward,5112,230.97641218390993,443.37,SF-P3O-NoFisher,Walker2d-v4,2
717312,reward,5113,495.5783368287403,446.466,SF-P3O-NoFisher,Walker2d-v4,2
717372,reward,5114,105.27967987669963,413.178,SF-P3O-NoFisher,Walker2d-v4,2
717534,reward,5115,451.03840178168724,386.504,SF-P3O-NoFisher,Walker2d-v4,2
717684,reward,5116,393.8973449480755,390.543,SF-P3O-NoFisher,Walker2d-v4,2
717792,reward,5117,257.69976155711294,368.079,SF-P3O-NoFisher,Walker2d-v4,2
717955,reward,5118,468.6977882884899,370.301,SF-P3O-NoFisher,Walker2d-v4,2
718122,reward,5119,414.54860927644717,375.65,SF-P3O-NoFisher,Walker2d-v4,2
718256,reward,5120,347.810809872984,348.505,SF-P3O-NoFisher,Walker2d-v4,2
718444,reward,5121,512.2923227715098,367.782,SF-P3O-NoFisher,Walker2d-v4,2
718629,reward,5122,487.6215652081898,393.446,SF-P3O-NoFisher,Walker2d-v4,2
718787,reward,5123,400.91960945773457,383.981,SF-P3O-NoFisher,Walker2d-v4,2
718975,reward,5124,462.6298827077977,419.716,SF-P3O-NoFisher,Walker2d-v4,2
719107,reward,5125,323.66479413001343,406.978,SF-P3O-NoFisher,Walker2d-v4,2
719306,reward,5126,503.5604778655004,417.945,SF-P3O-NoFisher,Walker2d-v4,2
719529,reward,5127,610.305814727426,453.205,SF-P3O-NoFisher,Walker2d-v4,2
719680,reward,5128,400.41813539473753,446.377,SF-P3O-NoFisher,Walker2d-v4,2
719888,reward,5129,552.2271119763111,460.145,SF-P3O-NoFisher,Walker2d-v4,2
720000,speed,657.72,22.11,SF-P3O-NoFisher,Walker2d-v4,2
720001,spectral,0.064977,0.953431,0.7603,SF-P3O-NoFisher,Walker2d-v4,2
720067,reward,5130,483.95626670507625,473.76,SF-P3O-NoFisher,Walker2d-v4,2
720237,reward,5131,450.6777227336673,467.598,SF-P3O-NoFisher,Walker2d-v4,2
720456,reward,5132,577.6838732088371,476.604,SF-P3O-NoFisher,Walker2d-v4,2
720602,reward,5133,388.1740762759415,475.33,SF-P3O-NoFisher,Walker2d-v4,2
720747,reward,5134,343.9650799791839,463.463,SF-P3O-NoFisher,Walker2d-v4,2
720896,loss,0.018418075516819954,0.6317331790924072,SF-P3O-NoFisher,Walker2d-v4,2
720896,diagnostics,0.0,69.46,47.7256,0.065271,0.953489,0.7882,-1.0,SF-P3O-NoFisher,Walker2d-v4,2
720922,reward,5135,448.9069744418354,475.988,SF-P3O-NoFisher,Walker2d-v4,2
721162,reward,5136,652.1370530301836,490.845,SF-P3O-NoFisher,Walker2d-v4,2
721290,reward,5137,299.79863123458944,459.794,SF-P3O-NoFisher,Walker2d-v4,2
721428,reward,5138,341.14467553330473,453.867,SF-P3O-NoFisher,Walker2d-v4,2
721626,reward,5139,501.37588028046866,448.782,SF-P3O-NoFisher,Walker2d-v4,2
721761,reward,5140,336.9870067370377,434.085,SF-P3O-NoFisher,Walker2d-v4,2
721907,reward,5141,352.6219507537459,424.28,SF-P3O-NoFisher,Walker2d-v4,2
722116,reward,5142,500.3230206493089,416.543,SF-P3O-NoFisher,Walker2d-v4,2
722256,reward,5143,373.3578256716642,415.062,SF-P3O-NoFisher,Walker2d-v4,2
722462,reward,5144,507.63765701756654,431.429,SF-P3O-NoFisher,Walker2d-v4,2
722598,reward,5145,337.23736415447473,420.262,SF-P3O-NoFisher,Walker2d-v4,2
722777,reward,5146,460.47749068212545,401.096,SF-P3O-NoFisher,Walker2d-v4,2
723009,reward,5147,563.1210453954919,427.428,SF-P3O-NoFisher,Walker2d-v4,2
723146,reward,5148,330.12232373415696,426.326,SF-P3O-NoFisher,Walker2d-v4,2
723273,reward,5149,283.40411160815955,404.529,SF-P3O-NoFisher,Walker2d-v4,2
723469,reward,5150,461.4455287981718,416.975,SF-P3O-NoFisher,Walker2d-v4,2
723684,reward,5151,568.8936948047982,438.602,SF-P3O-NoFisher,Walker2d-v4,2
723856,reward,5152,457.269244772669,434.297,SF-P3O-NoFisher,Walker2d-v4,2
724018,reward,5153,382.4516236635751,435.206,SF-P3O-NoFisher,Walker2d-v4,2
724219,reward,5154,496.6828605070717,434.111,SF-P3O-NoFisher,Walker2d-v4,2
724518,reward,5155,824.1996090916824,482.807,SF-P3O-NoFisher,Walker2d-v4,2
724709,reward,5156,450.7347622673774,481.832,SF-P3O-NoFisher,Walker2d-v4,2
724852,reward,5157,381.2819524358989,463.649,SF-P3O-NoFisher,Walker2d-v4,2
725021,reward,5158,398.6003173933871,470.496,SF-P3O-NoFisher,Walker2d-v4,2
725192,reward,5159,441.5620951774252,486.312,SF-P3O-NoFisher,Walker2d-v4,2
725341,reward,5160,378.45539786059,478.013,SF-P3O-NoFisher,Walker2d-v4,2
725495,reward,5161,395.0399021385201,460.628,SF-P3O-NoFisher,Walker2d-v4,2
725676,reward,5162,507.5014990627846,465.651,SF-P3O-NoFisher,Walker2d-v4,2
725832,reward,5163,400.57518952890825,467.463,SF-P3O-NoFisher,Walker2d-v4,2
726048,reward,5164,605.0598648216984,478.301,SF-P3O-NoFisher,Walker2d-v4,2
726222,reward,5165,481.449343808296,444.026,SF-P3O-NoFisher,Walker2d-v4,2
726309,reward,5166,185.99634105760435,417.552,SF-P3O-NoFisher,Walker2d-v4,2
726528,reward,5167,641.1784255823311,443.542,SF-P3O-NoFisher,Walker2d-v4,2
726665,reward,5168,323.67303707555953,436.049,SF-P3O-NoFisher,Walker2d-v4,2
726844,reward,5169,388.0882870170397,430.702,SF-P3O-NoFisher,Walker2d-v4,2
726992,reward,5170,379.11516108550927,430.768,SF-P3O-NoFisher,Walker2d-v4,2
727129,reward,5171,349.20799813648443,426.185,SF-P3O-NoFisher,Walker2d-v4,2
727272,reward,5172,387.67381858079125,414.202,SF-P3O-NoFisher,Walker2d-v4,2
727402,reward,5173,351.5499311055927,409.299,SF-P3O-NoFisher,Walker2d-v4,2
727521,reward,5174,309.01545228004437,379.695,SF-P3O-NoFisher,Walker2d-v4,2
727854,reward,5175,824.8845289241659,414.038,SF-P3O-NoFisher,Walker2d-v4,2
728036,reward,5176,471.1949512997118,442.558,SF-P3O-NoFisher,Walker2d-v4,2
728182,reward,5177,365.5392642024402,414.994,SF-P3O-NoFisher,Walker2d-v4,2
728357,reward,5178,466.44713806445674,429.272,SF-P3O-NoFisher,Walker2d-v4,2
728567,reward,5179,560.4920425730232,446.512,SF-P3O-NoFisher,Walker2d-v4,2
728694,reward,5180,337.21001020061414,442.322,SF-P3O-NoFisher,Walker2d-v4,2
728834,reward,5181,336.46314171743893,441.047,SF-P3O-NoFisher,Walker2d-v4,2
729016,reward,5182,435.6116967104762,445.841,SF-P3O-NoFisher,Walker2d-v4,2
729088,loss,-0.05114567652344704,0.5533974170684814,SF-P3O-NoFisher,Walker2d-v4,2
729217,reward,5183,559.3865383801299,466.624,SF-P3O-NoFisher,Walker2d-v4,2
729355,reward,5184,346.956221687452,470.419,SF-P3O-NoFisher,Walker2d-v4,2
729491,reward,5185,377.9014685504877,425.72,SF-P3O-NoFisher,Walker2d-v4,2
729690,reward,5186,552.2971482976333,433.83,SF-P3O-NoFisher,Walker2d-v4,2
729759,reward,5187,146.11998536162938,411.889,SF-P3O-NoFisher,Walker2d-v4,2
729895,reward,5188,335.6287070207605,398.807,SF-P3O-NoFisher,Walker2d-v4,2
730000,speed,453.79,22.48,SF-P3O-NoFisher,Walker2d-v4,2
730001,spectral,0.065553,0.953432,0.7746,SF-P3O-NoFisher,Walker2d-v4,2
730022,reward,5189,314.4949943146872,374.207,SF-P3O-NoFisher,Walker2d-v4,2
730217,reward,5190,508.8430851713762,391.37,SF-P3O-NoFisher,Walker2d-v4,2
730340,reward,5191,305.6420537524264,388.288,SF-P3O-NoFisher,Walker2d-v4,2
730493,reward,5192,385.531368750644,383.28,SF-P3O-NoFisher,Walker2d-v4,2
730626,reward,5193,301.25129501524077,357.467,SF-P3O-NoFisher,Walker2d-v4,2
730790,reward,5194,431.2232679085852,365.893,SF-P3O-NoFisher,Walker2d-v4,2
730991,reward,5195,525.776318425533,380.681,SF-P3O-NoFisher,Walker2d-v4,2
731243,reward,5196,724.9758668154917,397.949,SF-P3O-NoFisher,Walker2d-v4,2
731404,reward,5197,389.8798289114764,422.325,SF-P3O-NoFisher,Walker2d-v4,2
731562,reward,5198,373.6313050630398,426.125,SF-P3O-NoFisher,Walker2d-v4,2
731769,reward,5199,539.5360925536246,448.629,SF-P3O-NoFisher,Walker2d-v4,2
731958,reward,5200,512.9763783160225,449.042,SF-P3O-NoFisher,Walker2d-v4,2
732191,reward,5201,601.0352235966419,478.582,SF-P3O-NoFisher,Walker2d-v4,2
732368,reward,5202,514.7650153657928,491.505,SF-P3O-NoFisher,Walker2d-v4,2
732671,reward,5203,724.867541676141,533.867,SF-P3O-NoFisher,Walker2d-v4,2
732825,reward,5204,403.66221834863234,531.111,SF-P3O-NoFisher,Walker2d-v4,2
732982,reward,5205,419.7157880593038,520.505,SF-P3O-NoFisher,Walker2d-v4,2
733118,reward,5206,347.2961520835282,482.737,SF-P3O-NoFisher,Walker2d-v4,2
733536,reward,5207,1068.7649684923463,550.625,SF-P3O-NoFisher,Walker2d-v4,2
733817,reward,5208,623.1940436759321,575.581,SF-P3O-NoFisher,Walker2d-v4,2
734062,reward,5209,634.0964642746462,585.037,SF-P3O-NoFisher,Walker2d-v4,2
734284,reward,5210,528.4400272276863,586.584,SF-P3O-NoFisher,Walker2d-v4,2
734420,reward,5211,337.2615878894249,560.206,SF-P3O-NoFisher,Walker2d-v4,2
734575,reward,5212,415.9432244962143,550.324,SF-P3O-NoFisher,Walker2d-v4,2
734643,reward,5213,120.17223441239366,489.855,SF-P3O-NoFisher,Walker2d-v4,2
734894,reward,5214,696.921236528341,519.181,SF-P3O-NoFisher,Walker2d-v4,2
735121,reward,5215,632.0918666052323,540.418,SF-P3O-NoFisher,Walker2d-v4,2
735328,reward,5216,570.9209290948032,562.781,SF-P3O-NoFisher,Walker2d-v4,2
735463,reward,5217,327.5362570788616,488.658,SF-P3O-NoFisher,Walker2d-v4,2
735585,reward,5218,304.60757270723434,456.799,SF-P3O-NoFisher,Walker2d-v4,2
735751,reward,5219,464.9056794761927,439.88,SF-P3O-NoFisher,Walker2d-v4,2
735960,reward,5220,592.7446300251335,446.311,SF-P3O-NoFisher,Walker2d-v4,2
736193,reward,5221,563.7019315784397,468.955,SF-P3O-NoFisher,Walker2d-v4,2
736341,reward,5222,391.12191220777777,466.472,SF-P3O-NoFisher,Walker2d-v4,2
736524,reward,5223,500.235195635913,504.479,SF-P3O-NoFisher,Walker2d-v4,2
736647,reward,5224,319.90177784535405,466.777,SF-P3O-NoFisher,Walker2d-v4,2
736839,reward,5225,524.3212198580669,456.0,SF-P3O-NoFisher,Walker2d-v4,2
736991,reward,5226,412.1035185936457,440.118,SF-P3O-NoFisher,Walker2d-v4,2
737175,reward,5227,450.4875023432665,452.413,SF-P3O-NoFisher,Walker2d-v4,2
737280,loss,0.002001304179430008,0.7191645503044128,SF-P3O-NoFisher,Walker2d-v4,2
737280,diagnostics,0.0,69.78,36.7374,0.065857,0.953617,0.7861,-1.0,SF-P3O-NoFisher,Walker2d-v4,2
737349,reward,5228,457.78175826861025,467.731,SF-P3O-NoFisher,Walker2d-v4,2
737497,reward,5229,420.94688151467363,463.335,SF-P3O-NoFisher,Walker2d-v4,2
737648,reward,5230,390.5823805461162,443.118,SF-P3O-NoFisher,Walker2d-v4,2
737807,reward,5231,376.9288956187863,424.441,SF-P3O-NoFisher,Walker2d-v4,2
738084,reward,5232,700.9037308092709,455.419,SF-P3O-NoFisher,Walker2d-v4,2
738218,reward,5233,310.64521142592406,436.46,SF-P3O-NoFisher,Walker2d-v4,2
738378,reward,5234,425.5535635669316,447.025,SF-P3O-NoFisher,Walker2d-v4,2
738509,reward,5235,333.19657143529724,427.913,SF-P3O-NoFisher,Walker2d-v4,2
738622,reward,5236,286.1195383306991,415.315,SF-P3O-NoFisher,Walker2d-v4,2
738795,reward,5237,403.21123168836357,410.587,SF-P3O-NoFisher,Walker2d-v4,2
738943,reward,5238,426.9432994004497,407.503,SF-P3O-NoFisher,Walker2d-v4,2
739173,reward,5239,611.9566793188885,426.604,SF-P3O-NoFisher,Walker2d-v4,2
739374,reward,5240,557.166480608415,443.263,SF-P3O-NoFisher,Walker2d-v4,2
739608,reward,5241,649.5562546684488,470.525,SF-P3O-NoFisher,Walker2d-v4,2
739744,reward,5242,350.02259579502083,435.437,SF-P3O-NoFisher,Walker2d-v4,2
739901,reward,5243,413.8673281665415,445.759,SF-P3O-NoFisher,Walker2d-v4,2
740000,speed,641.87,22.74,SF-P3O-NoFisher,Walker2d-v4,2
740001,spectral,0.065857,0.953617,0.7861,SF-P3O-NoFisher,Walker2d-v4,2
740314,reward,5244,953.4728942615236,498.551,SF-P3O-NoFisher,Walker2d-v4,2
740384,reward,5245,136.18049793988968,478.85,SF-P3O-NoFisher,Walker2d-v4,2
740550,reward,5246,427.6824086781944,493.006,SF-P3O-NoFisher,Walker2d-v4,2
740792,reward,5247,608.3941275678751,513.524,SF-P3O-NoFisher,Walker2d-v4,2
741022,reward,5248,641.414186474333,534.971,SF-P3O-NoFisher,Walker2d-v4,2
741155,reward,5249,358.4477729704399,509.62,SF-P3O-NoFisher,Walker2d-v4,2
741436,reward,5250,824.1688141875883,536.321,SF-P3O-NoFisher,Walker2d-v4,2
741708,reward,5251,691.3220364326204,540.497,SF-P3O-NoFisher,Walker2d-v4,2
741906,reward,5252,535.6161313886797,559.057,SF-P3O-NoFisher,Walker2d-v4,2
742108,reward,5253,595.8239060793776,577.252,SF-P3O-NoFisher,Walker2d-v4,2
742289,reward,5254,503.0867752116218,532.214,SF-P3O-NoFisher,Walker2d-v4,2
742461,reward,5255,471.7163001661678,565.767,SF-P3O-NoFisher,Walker2d-v4,2
742547,reward,5256,171.400993957975,540.139,SF-P3O-NoFisher,Walker2d-v4,2
742688,reward,5257,394.575057438819,518.757,SF-P3O-NoFisher,Walker2d-v4,2
742771,reward,5258,136.83301513699965,468.299,SF-P3O-NoFisher,Walker2d-v4,2
742918,reward,5259,403.54310608717606,472.809,SF-P3O-NoFisher,Walker2d-v4,2
743093,reward,5260,480.51088288964434,438.443,SF-P3O-NoFisher,Walker2d-v4,2
743279,reward,5261,511.2502687171612,420.436,SF-P3O-NoFisher,Walker2d-v4,2
743422,reward,5262,363.613808842973,403.235,SF-P3O-NoFisher,Walker2d-v4,2
743581,reward,5263,391.2708134496871,382.78,SF-P3O-NoFisher,Walker2d-v4,2
743751,reward,5264,505.937754060919,383.065,SF-P3O-NoFisher,Walker2d-v4,2
743836,reward,5265,176.01018950668228,353.495,SF-P3O-NoFisher,Walker2d-v4,2
744021,reward,5266,531.9780570653684,389.552,SF-P3O-NoFisher,Walker2d-v4,2
744206,reward,5267,473.84406453861936,397.479,SF-P3O-NoFisher,Walker2d-v4,2
744289,reward,5268,152.10555361902232,399.006,SF-P3O-NoFisher,Walker2d-v4,2
744431,reward,5269,365.9163364666974,395.244,SF-P3O-NoFisher,Walker2d-v4,2
744560,reward,5270,339.27937803304485,381.121,SF-P3O-NoFisher,Walker2d-v4,2
744735,reward,5271,464.27435343826886,376.423,SF-P3O-NoFisher,Walker2d-v4,2
744942,reward,5272,574.3938707096881,397.501,SF-P3O-NoFisher,Walker2d-v4,2
745145,reward,5273,562.5016394428937,414.624,SF-P3O-NoFisher,Walker2d-v4,2
745265,reward,5274,288.36441902067907,392.867,SF-P3O-NoFisher,Walker2d-v4,2
745456,reward,5275,560.5404636567149,431.32,SF-P3O-NoFisher,Walker2d-v4,2
745472,loss,-0.12881958484649658,0.556368350982666,SF-P3O-NoFisher,Walker2d-v4,2
745689,reward,5276,618.9156250714594,440.014,SF-P3O-NoFisher,Walker2d-v4,2
745879,reward,5277,484.1162258587846,441.041,SF-P3O-NoFisher,Walker2d-v4,2
746234,reward,5278,955.322034470449,521.362,SF-P3O-NoFisher,Walker2d-v4,2
746551,reward,5279,865.1347818889262,571.284,SF-P3O-NoFisher,Walker2d-v4,2
746694,reward,5280,382.9346270146477,575.65,SF-P3O-NoFisher,Walker2d-v4,2
746766,reward,5281,142.56183412251326,543.479,SF-P3O-NoFisher,Walker2d-v4,2
746929,reward,5282,389.6829981632174,525.007,SF-P3O-NoFisher,Walker2d-v4,2
747067,reward,5283,355.16365186985183,504.274,SF-P3O-NoFisher,Walker2d-v4,2
747239,reward,5284,462.38166921270613,521.675,SF-P3O-NoFisher,Walker2d-v4,2
747546,reward,5285,853.5997728756035,550.981,SF-P3O-NoFisher,Walker2d-v4,2
747693,reward,5286,372.3353904698176,526.323,SF-P3O-NoFisher,Walker2d-v4,2
747856,reward,5287,412.70308542608853,519.182,SF-P3O-NoFisher,Walker2d-v4,2
748012,reward,5288,375.2700255084426,461.177,SF-P3O-NoFisher,Walker2d-v4,2
748203,reward,5289,466.69459229956965,421.333,SF-P3O-NoFisher,Walker2d-v4,2
748462,reward,5290,749.3666750816338,457.976,SF-P3O-NoFisher,Walker2d-v4,2
748691,reward,5291,627.4412443080811,506.464,SF-P3O-NoFisher,Walker2d-v4,2
748823,reward,5292,320.74854139968744,499.57,SF-P3O-NoFisher,Walker2d-v4,2
749009,reward,5293,490.0467806853114,513.059,SF-P3O-NoFisher,Walker2d-v4,2
749168,reward,5294,419.6503692326786,508.786,SF-P3O-NoFisher,Walker2d-v4,2
749239,reward,5295,135.902178039938,437.016,SF-P3O-NoFisher,Walker2d-v4,2
749434,reward,5296,527.5760733028628,452.54,SF-P3O-NoFisher,Walker2d-v4,2
749598,reward,5297,444.6517111453705,455.735,SF-P3O-NoFisher,Walker2d-v4,2
749845,reward,5298,607.0159831008194,478.909,SF-P3O-NoFisher,Walker2d-v4,2
749980,reward,5299,347.69900588196555,467.01,SF-P3O-NoFisher,Walker2d-v4,2
750000,speed,628.37,23.0,SF-P3O-NoFisher,Walker2d-v4,2
750001,spectral,0.066125,0.953321,0.7993,SF-P3O-NoFisher,Walker2d-v4,2
750133,reward,5300,432.50856239596686,435.324,SF-P3O-NoFisher,Walker2d-v4,2
750302,reward,5301,490.2852189928145,421.608,SF-P3O-NoFisher,Walker2d-v4,2
750493,reward,5302,529.5311928928041,442.487,SF-P3O-NoFisher,Walker2d-v4,2
750650,reward,5303,435.55214821517166,437.037,SF-P3O-NoFisher,Walker2d-v4,2
750846,reward,5304,520.5903167674777,447.131,SF-P3O-NoFisher,Walker2d-v4,2
750990,reward,5305,397.7131246953759,473.312,SF-P3O-NoFisher,Walker2d-v4,2
751168,reward,5306,446.1684239327694,465.172,SF-P3O-NoFisher,Walker2d-v4,2
751270,reward,5307,196.8939081747128,440.396,SF-P3O-NoFisher,Walker2d-v4,2
751396,reward,5308,316.5114053616839,411.345,SF-P3O-NoFisher,Walker2d-v4,2
751546,reward,5309,370.7107690853756,413.647,SF-P3O-NoFisher,Walker2d-v4,2
751675,reward,5310,350.5937108719585,405.455,SF-P3O-NoFisher,Walker2d-v4,2
751932,reward,5311,716.9767330064992,428.124,SF-P3O-NoFisher,Walker2d-v4,2
752101,reward,5312,458.6994491765377,421.041,SF-P3O-NoFisher,Walker2d-v4,2
752266,reward,5313,449.31776482744186,422.418,SF-P3O-NoFisher,Walker2d-v4,2
752482,reward,5314,634.9023263797983,433.849,SF-P3O-NoFisher,Walker2d-v4,2
752661,reward,5315,481.9664654099566,442.274,SF-P3O-NoFisher,Walker2d-v4,2
752784,reward,5316,306.8926384746032,428.347,SF-P3O-NoFisher,Walker2d-v4,2
753027,reward,5317,629.4897590534538,471.606,SF-P3O-NoFisher,Walker2d-v4,2
753240,reward,5318,507.37467016880686,490.692,SF-P3O-NoFisher,Walker2d-v4,2
753385,reward,5319,379.3127109295768,491.553,SF-P3O-NoFisher,Walker2d-v4,2
753536,reward,5320,399.8283491970563,496.476,SF-P3O-NoFisher,Walker2d-v4,2
753664,loss,-0.06421743333339691,0.5269445776939392,SF-P3O-NoFisher,Walker2d-v4,2
753664,diagnostics,0.0,70.09,44.9275,0.066404,0.953191,0.8101,-1.0,SF-P3O-NoFisher,Walker2d-v4,2
753694,reward,5321,409.9177517183163,465.77,SF-P3O-NoFisher,Walker2d-v4,2
753893,reward,5322,547.2608791689318,474.626,SF-P3O-NoFisher,Walker2d-v4,2
754024,reward,5323,316.3069590170029,461.325,SF-P3O-NoFisher,Walker2d-v4,2
754145,reward,5324,324.32757625181887,430.268,SF-P3O-NoFisher,Walker2d-v4,2
754325,reward,5325,481.0635325417582,430.177,SF-P3O-NoFisher,Walker2d-v4,2
754505,reward,5326,472.783834322439,446.767,SF-P3O-NoFisher,Walker2d-v4,2
754678,reward,5327,446.2263412429366,428.44,SF-P3O-NoFisher,Walker2d-v4,2
754827,reward,5328,392.07864944631694,416.911,SF-P3O-NoFisher,Walker2d-v4,2
755073,reward,5329,704.1631077421986,449.396,SF-P3O-NoFisher,Walker2d-v4,2
755335,reward,5330,691.0099839045264,478.514,SF-P3O-NoFisher,Walker2d-v4,2
755527,reward,5331,559.7086646133594,493.493,SF-P3O-NoFisher,Walker2d-v4,2
755675,reward,5332,399.2893493455912,478.696,SF-P3O-NoFisher,Walker2d-v4,2
755896,reward,5333,636.252429814183,510.69,SF-P3O-NoFisher,Walker2d-v4,2
756142,reward,5334,628.6566914358048,541.123,SF-P3O-NoFisher,Walker2d-v4,2
756210,reward,5335,138.38313862631006,506.855,SF-P3O-NoFisher,Walker2d-v4,2
756360,reward,5336,406.86318824716346,500.263,SF-P3O-NoFisher,Walker2d-v4,2
756515,reward,5337,374.9583901170534,493.136,SF-P3O-NoFisher,Walker2d-v4,2
756636,reward,5338,326.7967339095725,486.608,SF-P3O-NoFisher,Walker2d-v4,2
756861,reward,5339,632.9548669596637,479.487,SF-P3O-NoFisher,Walker2d-v4,2
756994,reward,5340,383.4264602506551,448.729,SF-P3O-NoFisher,Walker2d-v4,2
757290,reward,5341,787.6470646541159,471.523,SF-P3O-NoFisher,Walker2d-v4,2
757493,reward,5342,546.8485555470586,486.279,SF-P3O-NoFisher,Walker2d-v4,2
757645,reward,5343,394.14618510873623,462.068,SF-P3O-NoFisher,Walker2d-v4,2
757845,reward,5344,551.1789274882623,454.32,SF-P3O-NoFisher,Walker2d-v4,2
758049,reward,5345,527.8585609007699,493.268,SF-P3O-NoFisher,Walker2d-v4,2
758238,reward,5346,498.87669473258575,502.469,SF-P3O-NoFisher,Walker2d-v4,2
758444,reward,5347,552.796008587552,520.253,SF-P3O-NoFisher,Walker2d-v4,2
758645,reward,5348,558.0726789948164,543.381,SF-P3O-NoFisher,Walker2d-v4,2
758924,reward,5349,778.296174126602,557.915,SF-P3O-NoFisher,Walker2d-v4,2
759114,reward,5350,558.8203817618229,575.454,SF-P3O-NoFisher,Walker2d-v4,2
759305,reward,5351,538.3451016649371,550.524,SF-P3O-NoFisher,Walker2d-v4,2
759599,reward,5352,714.9782607564906,567.337,SF-P3O-NoFisher,Walker2d-v4,2
759727,reward,5353,322.57720942956365,560.18,SF-P3O-NoFisher,Walker2d-v4,2
759960,reward,5354,585.7598356488701,563.638,SF-P3O-NoFisher,Walker2d-v4,2
760000,speed,656.93,23.25,SF-P3O-NoFisher,Walker2d-v4,2
760001,perturb,0.066404,0.953191,0.8101,-1,-1,0.02,8,SF-P3O-NoFisher,Walker2d-v4,2
760208,reward,5355,677.7280285413331,578.625,SF-P3O-NoFisher,Walker2d-v4,2
760283,reward,5356,146.79472198222214,543.417,SF-P3O-NoFisher,Walker2d-v4,2
760429,reward,5357,400.34199975117383,528.171,SF-P3O-NoFisher,Walker2d-v4,2
760496,reward,5358,118.66465596931724,484.231,SF-P3O-NoFisher,Walker2d-v4,2
760623,reward,5359,298.3747994332898,436.238,SF-P3O-NoFisher,Walker2d-v4,2
760995,reward,5360,824.0182662978361,462.758,SF-P3O-NoFisher,Walker2d-v4,2
761243,reward,5361,685.5512482767771,477.479,SF-P3O-NoFisher,Walker2d-v4,2
761414,reward,5362,466.6130348478218,452.642,SF-P3O-NoFisher,Walker2d-v4,2
761609,reward,5363,527.5162699675399,473.136,SF-P3O-NoFisher,Walker2d-v4,2
761744,reward,5364,356.51123918482585,450.211,SF-P3O-NoFisher,Walker2d-v4,2
761856,loss,-0.033227719366550446,0.6846060752868652,SF-P3O-NoFisher,Walker2d-v4,2
761865,reward,5365,306.6713609471088,413.106,SF-P3O-NoFisher,Walker2d-v4,2
761957,reward,5366,176.0141817713187,416.028,SF-P3O-NoFisher,Walker2d-v4,2
762156,reward,5367,557.8745494716173,431.781,SF-P3O-NoFisher,Walker2d-v4,2
762348,reward,5368,539.9120387551595,473.906,SF-P3O-NoFisher,Walker2d-v4,2
762522,reward,5369,494.71905400093306,493.54,SF-P3O-NoFisher,Walker2d-v4,2
762752,reward,5370,633.5056215462307,474.489,SF-P3O-NoFisher,Walker2d-v4,2
762898,reward,5371,397.9684699500052,445.731,SF-P3O-NoFisher,Walker2d-v4,2
763141,reward,5372,678.8046754275346,466.95,SF-P3O-NoFisher,Walker2d-v4,2
763323,reward,5373,463.21783497213676,460.52,SF-P3O-NoFisher,Walker2d-v4,2
763627,reward,5374,821.5866813154892,507.027,SF-P3O-NoFisher,Walker2d-v4,2
763834,reward,5375,598.2906439183362,536.189,SF-P3O-NoFisher,Walker2d-v4,2
764009,reward,5376,513.8853702204501,569.976,SF-P3O-NoFisher,Walker2d-v4,2
764138,reward,5377,315.42405991069245,545.731,SF-P3O-NoFisher,Walker2d-v4,2
764258,reward,5378,316.06485052164857,523.347,SF-P3O-NoFisher,Walker2d-v4,2
764459,reward,5379,543.5504053409658,528.23,SF-P3O-NoFisher,Walker2d-v4,2
764620,reward,5380,447.5215506885976,509.631,SF-P3O-NoFisher,Walker2d-v4,2
764783,reward,5381,388.49516259194525,508.684,SF-P3O-NoFisher,Walker2d-v4,2
764929,reward,5382,378.6515786196913,478.669,SF-P3O-NoFisher,Walker2d-v4,2
765065,reward,5383,323.5908266173199,464.706,SF-P3O-NoFisher,Walker2d-v4,2
765316,reward,5384,687.7312184968549,451.321,SF-P3O-NoFisher,Walker2d-v4,2
765473,reward,5385,423.5017582367868,433.842,SF-P3O-NoFisher,Walker2d-v4,2
765717,reward,5386,690.4266361194904,451.496,SF-P3O-NoFisher,Walker2d-v4,2
765887,reward,5387,464.01411528652585,466.355,SF-P3O-NoFisher,Walker2d-v4,2
766014,reward,5388,333.3761125403145,468.086,SF-P3O-NoFisher,Walker2d-v4,2
766213,reward,5389,552.3237819603856,468.963,SF-P3O-NoFisher,Walker2d-v4,2
766354,reward,5390,363.1194284374128,460.523,SF-P3O-NoFisher,Walker2d-v4,2
766513,reward,5391,398.8000059815914,461.554,SF-P3O-NoFisher,Walker2d-v4,2
766596,reward,5392,150.9730759965274,438.786,SF-P3O-NoFisher,Walker2d-v4,2
766727,reward,5393,333.0541473593922,439.732,SF-P3O-NoFisher,Walker2d-v4,2
766843,reward,5394,276.8117642994465,398.64,SF-P3O-NoFisher,Walker2d-v4,2
767035,reward,5395,505.3382207708572,406.824,SF-P3O-NoFisher,Walker2d-v4,2
767177,reward,5396,356.33803324488537,373.415,SF-P3O-NoFisher,Walker2d-v4,2
767310,reward,5397,334.52548581565424,360.466,SF-P3O-NoFisher,Walker2d-v4,2
767511,reward,5398,535.1524823981283,380.644,SF-P3O-NoFisher,Walker2d-v4,2
767619,reward,5399,266.9351647416255,352.105,SF-P3O-NoFisher,Walker2d-v4,2
767848,reward,5400,612.9277430856891,377.086,SF-P3O-NoFisher,Walker2d-v4,2
767989,reward,5401,343.6206761429417,371.568,SF-P3O-NoFisher,Walker2d-v4,2
768068,reward,5402,152.4808047703432,371.718,SF-P3O-NoFisher,Walker2d-v4,2
768217,reward,5403,400.1072636000007,378.424,SF-P3O-NoFisher,Walker2d-v4,2
768471,reward,5404,591.533944560783,409.896,SF-P3O-NoFisher,Walker2d-v4,2
768632,reward,5405,447.0423898730207,404.066,SF-P3O-NoFisher,Walker2d-v4,2
768793,reward,5406,424.25282780295413,410.858,SF-P3O-NoFisher,Walker2d-v4,2
768935,reward,5407,393.7141805643412,416.777,SF-P3O-NoFisher,Walker2d-v4,2
769222,reward,5408,776.6690262817777,440.928,SF-P3O-NoFisher,Walker2d-v4,2
769353,reward,5409,300.34521221108963,444.269,SF-P3O-NoFisher,Walker2d-v4,2
769522,reward,5410,473.1606410360311,430.293,SF-P3O-NoFisher,Walker2d-v4,2
769786,reward,5411,672.1402328418848,463.145,SF-P3O-NoFisher,Walker2d-v4,2
769920,reward,5412,369.01956303746636,484.799,SF-P3O-NoFisher,Walker2d-v4,2
770000,speed,644.27,23.51,SF-P3O-NoFisher,Walker2d-v4,2
770001,spectral,0.066343,0.95311,0.841,SF-P3O-NoFisher,Walker2d-v4,2
770048,loss,-0.10521795600652695,0.6142706871032715,SF-P3O-NoFisher,Walker2d-v4,2
770048,diagnostics,0.0,70.46,34.8173,0.066543,0.95313,0.831,-1.0,SF-P3O-NoFisher,Walker2d-v4,2
770068,reward,5413,408.4701533942728,485.635,SF-P3O-NoFisher,Walker2d-v4,2
770298,reward,5414,628.9223022024937,489.374,SF-P3O-NoFisher,Walker2d-v4,2
770492,reward,5415,571.3616966680445,501.806,SF-P3O-NoFisher,Walker2d-v4,2
770608,reward,5416,302.9321216799368,489.674,SF-P3O-NoFisher,Walker2d-v4,2
770800,reward,5417,549.2724980547534,505.229,SF-P3O-NoFisher,Walker2d-v4,2
770972,reward,5418,445.25697747829804,472.088,SF-P3O-NoFisher,Walker2d-v4,2
771105,reward,5419,337.77078334927364,475.831,SF-P3O-NoFisher,Walker2d-v4,2
771322,reward,5420,591.2780033625926,487.642,SF-P3O-NoFisher,Walker2d-v4,2
771507,reward,5421,529.6335971876415,473.392,SF-P3O-NoFisher,Walker2d-v4,2
771652,reward,5422,371.88855937525653,473.679,SF-P3O-NoFisher,Walker2d-v4,2
771819,reward,5423,457.2719888494438,478.559,SF-P3O-NoFisher,Walker2d-v4,2
772025,reward,5424,588.3201741109998,474.499,SF-P3O-NoFisher,Walker2d-v4,2
772225,reward,5425,571.6980163456128,474.532,SF-P3O-NoFisher,Walker2d-v4,2
772439,reward,5426,584.3703942135754,502.676,SF-P3O-NoFisher,Walker2d-v4,2
772634,reward,5427,534.3748640544704,501.186,SF-P3O-NoFisher,Walker2d-v4,2
772806,reward,5428,445.934809105123,501.254,SF-P3O-NoFisher,Walker2d-v4,2
772937,reward,5429,325.33881047323945,500.011,SF-P3O-NoFisher,Walker2d-v4,2
773140,reward,5430,583.3414663613762,499.217,SF-P3O-NoFisher,Walker2d-v4,2
773283,reward,5431,353.72283402659366,481.626,SF-P3O-NoFisher,Walker2d-v4,2
773466,reward,5432,507.50520198728253,495.188,SF-P3O-NoFisher,Walker2d-v4,2
773636,reward,5433,484.6353769846396,497.924,SF-P3O-NoFisher,Walker2d-v4,2
773783,reward,5434,384.4949216640845,477.542,SF-P3O-NoFisher,Walker2d-v4,2
773932,reward,5435,382.428324944649,458.615,SF-P3O-NoFisher,Walker2d-v4,2
774133,reward,5436,506.7622540406424,450.854,SF-P3O-NoFisher,Walker2d-v4,2
774272,reward,5437,384.5353648269438,435.87,SF-P3O-NoFisher,Walker2d-v4,2
774493,reward,5438,599.5566417603007,451.232,SF-P3O-NoFisher,Walker2d-v4,2
774671,reward,5439,461.97288522387333,464.896,SF-P3O-NoFisher,Walker2d-v4,2
774836,reward,5440,435.9938360412725,450.161,SF-P3O-NoFisher,Walker2d-v4,2
774998,reward,5441,441.119683901579,458.9,SF-P3O-NoFisher,Walker2d-v4,2
775123,reward,5442,308.92792591872296,439.043,SF-P3O-NoFisher,Walker2d-v4,2
775253,reward,5443,293.76664993300017,419.956,SF-P3O-NoFisher,Walker2d-v4,2
775417,reward,5444,395.16228325525805,421.023,SF-P3O-NoFisher,Walker2d-v4,2
775599,reward,5445,513.9488109871154,434.175,SF-P3O-NoFisher,Walker2d-v4,2
775691,reward,5446,199.2274624904032,403.421,SF-P3O-NoFisher,Walker2d-v4,2
775870,reward,5447,484.06713411453126,413.374,SF-P3O-NoFisher,Walker2d-v4,2
776043,reward,5448,434.88149778011797,396.907,SF-P3O-NoFisher,Walker2d-v4,2
776176,reward,5449,352.3738523597518,385.947,SF-P3O-NoFisher,Walker2d-v4,2
776399,reward,5450,593.2841209575954,401.676,SF-P3O-NoFisher,Walker2d-v4,2
776520,reward,5451,311.3199406281191,388.696,SF-P3O-NoFisher,Walker2d-v4,2
776727,reward,5452,594.359115538293,417.239,SF-P3O-NoFisher,Walker2d-v4,2
776936,reward,5453,576.7861974751942,445.541,SF-P3O-NoFisher,Walker2d-v4,2
777073,reward,5454,391.8804415496503,445.213,SF-P3O-NoFisher,Walker2d-v4,2
777202,reward,5455,319.4523296453316,425.763,SF-P3O-NoFisher,Walker2d-v4,2
777504,reward,5456,749.9519417127007,480.836,SF-P3O-NoFisher,Walker2d-v4,2
777604,reward,5457,211.50669948226127,453.58,SF-P3O-NoFisher,Walker2d-v4,2
777828,reward,5458,603.3871120454163,470.43,SF-P3O-NoFisher,Walker2d-v4,2
777975,reward,5459,365.2466555354204,471.717,SF-P3O-NoFisher,Walker2d-v4,2
778227,reward,5460,624.0901535581244,474.798,SF-P3O-NoFisher,Walker2d-v4,2
778240,loss,0.0033877314999699593,0.5974995493888855,SF-P3O-NoFisher,Walker2d-v4,2
778419,reward,5461,513.2166931340519,494.988,SF-P3O-NoFisher,Walker2d-v4,2
778586,reward,5462,459.4612495245657,481.498,SF-P3O-NoFisher,Walker2d-v4,2
778758,reward,5463,473.3219437978376,471.152,SF-P3O-NoFisher,Walker2d-v4,2
778914,reward,5464,418.9280134550914,473.856,SF-P3O-NoFisher,Walker2d-v4,2
779065,reward,5465,384.11261973383904,480.322,SF-P3O-NoFisher,Walker2d-v4,2
779176,reward,5466,253.05885995213384,430.633,SF-P3O-NoFisher,Walker2d-v4,2
779294,reward,5467,302.35499914661955,439.718,SF-P3O-NoFisher,Walker2d-v4,2
779525,reward,5468,659.8617718941352,445.365,SF-P3O-NoFisher,Walker2d-v4,2
779671,reward,5469,375.06858374312236,446.347,SF-P3O-NoFisher,Walker2d-v4,2
779846,reward,5470,501.1400326451386,434.052,SF-P3O-NoFisher,Walker2d-v4,2
779984,reward,5471,393.3312911602289,422.064,SF-P3O-NoFisher,Walker2d-v4,2
780000,speed,443.51,23.89,SF-P3O-NoFisher,Walker2d-v4,2
780001,spectral,0.066879,0.953138,0.8358,SF-P3O-NoFisher,Walker2d-v4,2
780092,reward,5472,255.8588613126883,401.704,SF-P3O-NoFisher,Walker2d-v4,2
780165,reward,5473,147.92600641127243,369.164,SF-P3O-NoFisher,Walker2d-v4,2
780389,reward,5474,614.5651790478448,388.728,SF-P3O-NoFisher,Walker2d-v4,2
780591,reward,5475,519.074955226052,402.224,SF-P3O-NoFisher,Walker2d-v4,2
780737,reward,5476,381.030173508732,415.021,SF-P3O-NoFisher,Walker2d-v4,2
780936,reward,5477,518.3065579750837,436.616,SF-P3O-NoFisher,Walker2d-v4,2
781065,reward,5478,326.02230668026556,403.232,SF-P3O-NoFisher,Walker2d-v4,2
781229,reward,5479,434.4058182469474,409.166,SF-P3O-NoFisher,Walker2d-v4,2
781418,reward,5480,536.4319366083587,412.695,SF-P3O-NoFisher,Walker2d-v4,2
781573,reward,5481,436.47054999785087,417.009,SF-P3O-NoFisher,Walker2d-v4,2
781654,reward,5482,162.77800271946242,407.701,SF-P3O-NoFisher,Walker2d-v4,2
781783,reward,5483,329.89535363574595,425.898,SF-P3O-NoFisher,Walker2d-v4,2
781930,reward,5484,355.02428680452493,399.944,SF-P3O-NoFisher,Walker2d-v4,2
782087,reward,5485,457.71751021351076,393.808,SF-P3O-NoFisher,Walker2d-v4,2
782270,reward,5486,509.31236583484696,406.636,SF-P3O-NoFisher,Walker2d-v4,2
782422,reward,5487,377.8257412056871,392.588,SF-P3O-NoFisher,Walker2d-v4,2
782568,reward,5488,398.74248608540427,399.86,SF-P3O-NoFisher,Walker2d-v4,2
782718,reward,5489,380.6986051439377,394.49,SF-P3O-NoFisher,Walker2d-v4,2
782921,reward,5490,576.1623341908276,398.463,SF-P3O-NoFisher,Walker2d-v4,2
783076,reward,5491,407.877988263477,395.603,SF-P3O-NoFisher,Walker2d-v4,2
783309,reward,5492,631.68305683414,442.494,SF-P3O-NoFisher,Walker2d-v4,2
783522,reward,5493,606.389621002061,470.143,SF-P3O-NoFisher,Walker2d-v4,2
783700,reward,5494,420.78731714853654,476.72,SF-P3O-NoFisher,Walker2d-v4,2
783852,reward,5495,403.3701891045511,471.285,SF-P3O-NoFisher,Walker2d-v4,2
784018,reward,5496,453.85973929125896,465.74,SF-P3O-NoFisher,Walker2d-v4,2
784175,reward,5497,434.77582973537625,471.435,SF-P3O-NoFisher,Walker2d-v4,2
784307,reward,5498,340.22444967698283,465.583,SF-P3O-NoFisher,Walker2d-v4,2
784544,reward,5499,627.4294917581423,490.256,SF-P3O-NoFisher,Walker2d-v4,2
784812,reward,5500,706.0661524798207,503.246,SF-P3O-NoFisher,Walker2d-v4,2
784949,reward,5501,373.3611530763771,499.795,SF-P3O-NoFisher,Walker2d-v4,2
785126,reward,5502,493.2548630604498,485.952,SF-P3O-NoFisher,Walker2d-v4,2
785268,reward,5503,366.3609867504358,461.949,SF-P3O-NoFisher,Walker2d-v4,2
785442,reward,5504,395.4938759477089,459.42,SF-P3O-NoFisher,Walker2d-v4,2
785594,reward,5505,404.10302780219143,459.493,SF-P3O-NoFisher,Walker2d-v4,2
785775,reward,5506,428.60383961820514,456.967,SF-P3O-NoFisher,Walker2d-v4,2
785942,reward,5507,421.8303392392983,455.673,SF-P3O-NoFisher,Walker2d-v4,2
786151,reward,5508,582.965048875279,479.947,SF-P3O-NoFisher,Walker2d-v4,2
786352,reward,5509,587.7073263427342,475.975,SF-P3O-NoFisher,Walker2d-v4,2
786432,loss,-0.08292168378829956,1.275235652923584,SF-P3O-NoFisher,Walker2d-v4,2
786432,diagnostics,0.0,70.75,90.7491,0.067237,0.952999,0.8463,-1.0,SF-P3O-NoFisher,Walker2d-v4,2
786492,reward,5510,364.6500710241003,441.833,SF-P3O-NoFisher,Walker2d-v4,2
786626,reward,5511,343.433446652957,438.84,SF-P3O-NoFisher,Walker2d-v4,2
786794,reward,5512,480.00610383237773,437.515,SF-P3O-NoFisher,Walker2d-v4,2
786954,reward,5513,431.43787796921515,444.023,SF-P3O-NoFisher,Walker2d-v4,2
787103,reward,5514,390.86178598587526,443.56,SF-P3O-NoFisher,Walker2d-v4,2
787343,reward,5515,669.7804591598741,470.128,SF-P3O-NoFisher,Walker2d-v4,2
787454,reward,5516,297.01630350068075,456.969,SF-P3O-NoFisher,Walker2d-v4,2
787617,reward,5517,500.49445131029927,464.835,SF-P3O-NoFisher,Walker2d-v4,2
787799,reward,5518,498.58858662033424,456.398,SF-P3O-NoFisher,Walker2d-v4,2
787982,reward,5519,522.2384756533625,449.851,SF-P3O-NoFisher,Walker2d-v4,2
788175,reward,5520,530.8992491013095,466.476,SF-P3O-NoFisher,Walker2d-v4,2
788364,reward,5521,495.7180096474219,481.704,SF-P3O-NoFisher,Walker2d-v4,2
788565,reward,5522,550.4371126365861,488.747,SF-P3O-NoFisher,Walker2d-v4,2
788715,reward,5523,444.33610511418965,490.037,SF-P3O-NoFisher,Walker2d-v4,2
788842,reward,5524,321.4610471170941,483.097,SF-P3O-NoFisher,Walker2d-v4,2
789046,reward,5525,552.2579423712637,471.345,SF-P3O-NoFisher,Walker2d-v4,2
789235,reward,5526,501.91470112546,491.835,SF-P3O-NoFisher,Walker2d-v4,2
789392,reward,5527,403.00925358713664,482.086,SF-P3O-NoFisher,Walker2d-v4,2
789531,reward,5528,337.33678389744665,465.961,SF-P3O-NoFisher,Walker2d-v4,2
789686,reward,5529,402.42831747767787,453.98,SF-P3O-NoFisher,Walker2d-v4,2
789922,reward,5530,686.1569891541376,469.506,SF-P3O-NoFisher,Walker2d-v4,2
790000,speed,645.26,24.15,SF-P3O-NoFisher,Walker2d-v4,2
790001,spectral,0.067237,0.952999,0.8463,SF-P3O-NoFisher,Walker2d-v4,2
790088,reward,5531,442.1478112933955,464.149,SF-P3O-NoFisher,Walker2d-v4,2
790287,reward,5532,488.36983880058955,457.942,SF-P3O-NoFisher,Walker2d-v4,2
790510,reward,5533,582.2301711719927,471.731,SF-P3O-NoFisher,Walker2d-v4,2
790710,reward,5534,552.1666651058379,494.802,SF-P3O-NoFisher,Walker2d-v4,2
790859,reward,5535,407.5866703246804,480.335,SF-P3O-NoFisher,Walker2d-v4,2
791050,reward,5536,427.3000758121991,472.873,SF-P3O-NoFisher,Walker2d-v4,2
791198,reward,5537,384.6670178702359,471.039,SF-P3O-NoFisher,Walker2d-v4,2
791355,reward,5538,402.96981502196945,477.602,SF-P3O-NoFisher,Walker2d-v4,2
791563,reward,5539,533.6646536101124,490.726,SF-P3O-NoFisher,Walker2d-v4,2
791702,reward,5540,373.2786924764042,459.438,SF-P3O-NoFisher,Walker2d-v4,2
791892,reward,5541,515.6128917689995,466.785,SF-P3O-NoFisher,Walker2d-v4,2
792087,reward,5542,560.0400138021276,473.952,SF-P3O-NoFisher,Walker2d-v4,2
792348,reward,5543,734.5054666294053,489.179,SF-P3O-NoFisher,Walker2d-v4,2
792473,reward,5544,330.4223927064424,467.005,SF-P3O-NoFisher,Walker2d-v4,2
792676,reward,5545,526.404533168121,478.887,SF-P3O-NoFisher,Walker2d-v4,2
792880,reward,5546,550.4687693827029,491.203,SF-P3O-NoFisher,Walker2d-v4,2
793133,reward,5547,672.3227396803912,519.969,SF-P3O-NoFisher,Walker2d-v4,2
793293,reward,5548,413.28167066168874,521.0,SF-P3O-NoFisher,Walker2d-v4,2
793498,reward,5549,564.5355719826673,524.087,SF-P3O-NoFisher,Walker2d-v4,2
793723,reward,5550,499.00847865303297,536.66,SF-P3O-NoFisher,Walker2d-v4,2
793907,reward,5551,461.81513982402015,531.28,SF-P3O-NoFisher,Walker2d-v4,2
794039,reward,5552,316.6625564848578,506.943,SF-P3O-NoFisher,Walker2d-v4,2
794206,reward,5553,475.5009222928387,481.042,SF-P3O-NoFisher,Walker2d-v4,2
794380,reward,5554,482.16693367209416,496.217,SF-P3O-NoFisher,Walker2d-v4,2
794507,reward,5555,304.5454658394906,474.031,SF-P3O-NoFisher,Walker2d-v4,2
794624,loss,-0.027850646525621414,0.7814891934394836,SF-P3O-NoFisher,Walker2d-v4,2
794713,reward,5556,590.9756193834419,478.082,SF-P3O-NoFisher,Walker2d-v4,2
794909,reward,5557,537.9019990316851,464.639,SF-P3O-NoFisher,Walker2d-v4,2
795100,reward,5558,545.6748238864049,477.879,SF-P3O-NoFisher,Walker2d-v4,2
795263,reward,5559,458.4990627437302,467.275,SF-P3O-NoFisher,Walker2d-v4,2
795429,reward,5560,434.0025066894999,460.775,SF-P3O-NoFisher,Walker2d-v4,2
795642,reward,5561,574.7704366919995,472.07,SF-P3O-NoFisher,Walker2d-v4,2
795813,reward,5562,467.639560619376,487.168,SF-P3O-NoFisher,Walker2d-v4,2
796078,reward,5563,715.4583820814453,511.163,SF-P3O-NoFisher,Walker2d-v4,2
796250,reward,5564,484.365331563095,511.383,SF-P3O-NoFisher,Walker2d-v4,2
796361,reward,5565,275.02265272329964,508.431,SF-P3O-NoFisher,Walker2d-v4,2
796536,reward,5566,477.5801267907626,497.091,SF-P3O-NoFisher,Walker2d-v4,2
796766,reward,5567,654.3820743198289,508.739,SF-P3O-NoFisher,Walker2d-v4,2
796904,reward,5568,357.3087443294668,489.903,SF-P3O-NoFisher,Walker2d-v4,2
797069,reward,5569,463.62551023911635,490.416,SF-P3O-NoFisher,Walker2d-v4,2
797222,reward,5570,414.5337984635976,488.469,SF-P3O-NoFisher,Walker2d-v4,2
797393,reward,5571,482.0745733028308,479.199,SF-P3O-NoFisher,Walker2d-v4,2
797611,reward,5572,630.2135829023417,495.456,SF-P3O-NoFisher,Walker2d-v4,2
797792,reward,5573,502.6145284556997,474.172,SF-P3O-NoFisher,Walker2d-v4,2
797951,reward,5574,431.4375549256358,468.879,SF-P3O-NoFisher,Walker2d-v4,2
798195,reward,5575,647.241146783401,506.101,SF-P3O-NoFisher,Walker2d-v4,2
798364,reward,5576,476.6800804691999,506.011,SF-P3O-NoFisher,Walker2d-v4,2
798506,reward,5577,376.41825262040794,478.215,SF-P3O-NoFisher,Walker2d-v4,2
798676,reward,5578,435.9399446052742,486.078,SF-P3O-NoFisher,Walker2d-v4,2
798853,reward,5579,512.9545739239601,491.011,SF-P3O-NoFisher,Walker2d-v4,2
799005,reward,5580,413.5199007905914,490.909,SF-P3O-NoFisher,Walker2d-v4,2
799234,reward,5581,656.5034525405016,508.352,SF-P3O-NoFisher,Walker2d-v4,2
799374,reward,5582,353.38615133573956,480.67,SF-P3O-NoFisher,Walker2d-v4,2
799511,reward,5583,358.8193182927715,466.29,SF-P3O-NoFisher,Walker2d-v4,2
799695,reward,5584,487.283465700329,471.875,SF-P3O-NoFisher,Walker2d-v4,2
799869,reward,5585,506.5155774260681,457.802,SF-P3O-NoFisher,Walker2d-v4,2
800000,speed,657.93,24.4,SF-P3O-NoFisher,Walker2d-v4,2
800001,spectral,0.067569,0.952948,0.8595,SF-P3O-NoFisher,Walker2d-v4,2
800106,reward,5586,669.7533710069964,477.109,SF-P3O-NoFisher,Walker2d-v4,2
800268,reward,5587,433.74809185234943,482.842,SF-P3O-NoFisher,Walker2d-v4,2
800480,reward,5588,589.7157584801539,498.22,SF-P3O-NoFisher,Walker2d-v4,2
800682,reward,5589,584.4450300076857,505.369,SF-P3O-NoFisher,Walker2d-v4,2
800858,reward,5590,490.84228692172024,513.101,SF-P3O-NoFisher,Walker2d-v4,2
801021,reward,5591,423.8689790994835,489.838,SF-P3O-NoFisher,Walker2d-v4,2
801183,reward,5592,412.1123755328793,495.71,SF-P3O-NoFisher,Walker2d-v4,2
801368,reward,5593,508.9668647156538,510.725,SF-P3O-NoFisher,Walker2d-v4,2
801550,reward,5594,499.8678300963091,511.984,SF-P3O-NoFisher,Walker2d-v4,2
801780,reward,5595,683.2231694667296,529.654,SF-P3O-NoFisher,Walker2d-v4,2
801968,reward,5596,430.7642041132408,505.755,SF-P3O-NoFisher,Walker2d-v4,2
802109,reward,5597,350.10377565605876,497.391,SF-P3O-NoFisher,Walker2d-v4,2
802231,reward,5598,308.7191155972105,469.291,SF-P3O-NoFisher,Walker2d-v4,2
802396,reward,5599,483.79552186065985,459.226,SF-P3O-NoFisher,Walker2d-v4,2
802547,reward,5600,416.71607614542074,451.814,SF-P3O-NoFisher,Walker2d-v4,2
802717,reward,5601,495.4098438929713,458.968,SF-P3O-NoFisher,Walker2d-v4,2
802816,loss,0.007178708910942078,0.7495685815811157,SF-P3O-NoFisher,Walker2d-v4,2
802816,diagnostics,0.0,71.08,61.4113,0.067943,0.952912,0.8537,-1.0,SF-P3O-NoFisher,Walker2d-v4,2
802993,reward,5602,750.6687858893528,492.824,SF-P3O-NoFisher,Walker2d-v4,2
803116,reward,5603,289.7125274853296,470.898,SF-P3O-NoFisher,Walker2d-v4,2
803277,reward,5604,417.70921265169795,462.682,SF-P3O-NoFisher,Walker2d-v4,2
803423,reward,5605,390.2428006442701,433.384,SF-P3O-NoFisher,Walker2d-v4,2
803588,reward,5606,495.41713840841624,439.849,SF-P3O-NoFisher,Walker2d-v4,2
803749,reward,5607,446.43273661482857,449.482,SF-P3O-NoFisher,Walker2d-v4,2
803936,reward,5608,551.864524517478,473.797,SF-P3O-NoFisher,Walker2d-v4,2
804144,reward,5609,573.2684918687232,482.744,SF-P3O-NoFisher,Walker2d-v4,2
804473,reward,5610,880.6227086388523,529.135,SF-P3O-NoFisher,Walker2d-v4,2
804620,reward,5611,428.7585047976873,522.47,SF-P3O-NoFisher,Walker2d-v4,2
804809,reward,5612,560.4470006791626,503.448,SF-P3O-NoFisher,Walker2d-v4,2
804888,reward,5613,158.04081339125352,490.28,SF-P3O-NoFisher,Walker2d-v4,2
805152,reward,5614,778.3801566091155,526.347,SF-P3O-NoFisher,Walker2d-v4,2
805461,reward,5615,720.8787591713913,559.411,SF-P3O-NoFisher,Walker2d-v4,2
805606,reward,5616,380.80925924020204,547.95,SF-P3O-NoFisher,Walker2d-v4,2
805752,reward,5617,395.618456649199,542.869,SF-P3O-NoFisher,Walker2d-v4,2
805937,reward,5618,502.7179456424305,537.954,SF-P3O-NoFisher,Walker2d-v4,2
806065,reward,5619,335.04998640701956,514.132,SF-P3O-NoFisher,Walker2d-v4,2
806261,reward,5620,576.275889344647,483.698,SF-P3O-NoFisher,Walker2d-v4,2
806425,reward,5621,410.91413401378526,481.913,SF-P3O-NoFisher,Walker2d-v4,2
806732,reward,5622,774.4027527338119,503.309,SF-P3O-NoFisher,Walker2d-v4,2
806890,reward,5623,393.8018161460257,526.885,SF-P3O-NoFisher,Walker2d-v4,2
807166,reward,5624,764.9903785304214,525.546,SF-P3O-NoFisher,Walker2d-v4,2
807401,reward,5625,676.849759001579,521.143,SF-P3O-NoFisher,Walker2d-v4,2
807547,reward,5626,403.0945271738854,523.372,SF-P3O-NoFisher,Walker2d-v4,2
807721,reward,5627,478.5230236459629,531.662,SF-P3O-NoFisher,Walker2d-v4,2
807878,reward,5628,452.5730355351341,526.648,SF-P3O-NoFisher,Walker2d-v4,2
808017,reward,5629,371.36865600338876,530.279,SF-P3O-NoFisher,Walker2d-v4,2
808134,reward,5630,284.6958499366543,501.121,SF-P3O-NoFisher,Walker2d-v4,2
808371,reward,5631,619.2881330115101,521.959,SF-P3O-NoFisher,Walker2d-v4,2
808526,reward,5632,413.31583714639083,485.85,SF-P3O-NoFisher,Walker2d-v4,2
808707,reward,5633,487.94750228308976,495.265,SF-P3O-NoFisher,Walker2d-v4,2
808887,reward,5634,494.1328408939243,468.179,SF-P3O-NoFisher,Walker2d-v4,2
809082,reward,5635,513.9684737684029,451.891,SF-P3O-NoFisher,Walker2d-v4,2
809220,reward,5636,345.966218110033,446.178,SF-P3O-NoFisher,Walker2d-v4,2
809383,reward,5637,465.9182453637055,444.917,SF-P3O-NoFisher,Walker2d-v4,2
809615,reward,5638,618.4737043220694,461.508,SF-P3O-NoFisher,Walker2d-v4,2
809836,reward,5639,618.9695041937754,486.268,SF-P3O-NoFisher,Walker2d-v4,2
810000,speed,640.96,24.66,SF-P3O-NoFisher,Walker2d-v4,2
810001,perturb,0.067943,0.952912,0.8537,-1,-1,0.02,9,SF-P3O-NoFisher,Walker2d-v4,2
810081,reward,5640,666.1126140846599,524.409,SF-P3O-NoFisher,Walker2d-v4,2
810282,reward,5641,520.288575901268,514.509,SF-P3O-NoFisher,Walker2d-v4,2
810393,reward,5642,268.76365683217597,500.054,SF-P3O-NoFisher,Walker2d-v4,2
810667,reward,5643,723.7543129186145,523.635,SF-P3O-NoFisher,Walker2d-v4,2
810884,reward,5644,595.3691215629415,533.758,SF-P3O-NoFisher,Walker2d-v4,2
811008,loss,-0.04439427703619003,0.8680061101913452,SF-P3O-NoFisher,Walker2d-v4,2
811041,reward,5645,395.21371641330757,521.883,SF-P3O-NoFisher,Walker2d-v4,2
811266,reward,5646,632.9215654552722,550.579,SF-P3O-NoFisher,Walker2d-v4,2
811356,reward,5647,181.88154918275714,522.175,SF-P3O-NoFisher,Walker2d-v4,2
811545,reward,5648,526.7936770890327,513.007,SF-P3O-NoFisher,Walker2d-v4,2
811695,reward,5649,388.06970274463663,489.917,SF-P3O-NoFisher,Walker2d-v4,2
811827,reward,5650,354.2889217468311,458.734,SF-P3O-NoFisher,Walker2d-v4,2
812097,reward,5651,673.5611884747703,474.062,SF-P3O-NoFisher,Walker2d-v4,2
812280,reward,5652,514.1636435577798,498.602,SF-P3O-NoFisher,Walker2d-v4,2
812413,reward,5653,288.9919981069782,455.126,SF-P3O-NoFisher,Walker2d-v4,2
812581,reward,5654,448.36457865588613,440.425,SF-P3O-NoFisher,Walker2d-v4,2
812772,reward,5655,543.9740900371376,455.301,SF-P3O-NoFisher,Walker2d-v4,2
812966,reward,5656,553.9795524901352,447.407,SF-P3O-NoFisher,Walker2d-v4,2
813049,reward,5657,184.81670511764054,447.7,SF-P3O-NoFisher,Walker2d-v4,2
813167,reward,5658,309.3213439946217,425.953,SF-P3O-NoFisher,Walker2d-v4,2
813305,reward,5659,375.05416959828466,424.652,SF-P3O-NoFisher,Walker2d-v4,2
813548,reward,5660,726.506396124609,461.873,SF-P3O-NoFisher,Walker2d-v4,2
813763,reward,5661,658.3461337581348,460.352,SF-P3O-NoFisher,Walker2d-v4,2
813935,reward,5662,463.11813321372284,455.247,SF-P3O-NoFisher,Walker2d-v4,2
814119,reward,5663,536.1582778306333,479.964,SF-P3O-NoFisher,Walker2d-v4,2
814312,reward,5664,498.6603279545573,484.994,SF-P3O-NoFisher,Walker2d-v4,2
814507,reward,5665,529.4271619837269,483.539,SF-P3O-NoFisher,Walker2d-v4,2
814686,reward,5666,510.8875669479871,479.23,SF-P3O-NoFisher,Walker2d-v4,2
814840,reward,5667,433.0834072556893,504.056,SF-P3O-NoFisher,Walker2d-v4,2
815065,reward,5668,628.5790291465865,535.982,SF-P3O-NoFisher,Walker2d-v4,2
815317,reward,5669,630.1194230980144,561.489,SF-P3O-NoFisher,Walker2d-v4,2
815585,reward,5670,736.273001077799,562.465,SF-P3O-NoFisher,Walker2d-v4,2
815815,reward,5671,623.3155911877807,558.962,SF-P3O-NoFisher,Walker2d-v4,2
816031,reward,5672,566.3158307175863,569.282,SF-P3O-NoFisher,Walker2d-v4,2
816287,reward,5673,626.7139489621628,578.338,SF-P3O-NoFisher,Walker2d-v4,2
816532,reward,5674,717.7124655291183,600.243,SF-P3O-NoFisher,Walker2d-v4,2
816709,reward,5675,476.27015724328425,594.927,SF-P3O-NoFisher,Walker2d-v4,2
816899,reward,5676,513.4713594763965,595.185,SF-P3O-NoFisher,Walker2d-v4,2
817101,reward,5677,576.7416841608402,609.551,SF-P3O-NoFisher,Walker2d-v4,2
817277,reward,5678,483.4776096284733,595.041,SF-P3O-NoFisher,Walker2d-v4,2
817412,reward,5679,347.9959528653056,566.829,SF-P3O-NoFisher,Walker2d-v4,2
817634,reward,5680,640.4058340128158,557.242,SF-P3O-NoFisher,Walker2d-v4,2
817754,reward,5681,292.9386765040584,524.204,SF-P3O-NoFisher,Walker2d-v4,2
817964,reward,5682,562.9489994044318,523.868,SF-P3O-NoFisher,Walker2d-v4,2
818108,reward,5683,368.0798811282149,498.004,SF-P3O-NoFisher,Walker2d-v4,2
818259,reward,5684,384.5971018024373,464.693,SF-P3O-NoFisher,Walker2d-v4,2
818489,reward,5685,633.7533908004502,480.441,SF-P3O-NoFisher,Walker2d-v4,2
818654,reward,5686,457.26758193985876,474.821,SF-P3O-NoFisher,Walker2d-v4,2
818809,reward,5687,423.5524867319052,459.502,SF-P3O-NoFisher,Walker2d-v4,2
818971,reward,5688,426.1674120957076,453.771,SF-P3O-NoFisher,Walker2d-v4,2
819166,reward,5689,531.3979515372149,472.111,SF-P3O-NoFisher,Walker2d-v4,2
819200,loss,-0.025454502552747726,0.658219039440155,SF-P3O-NoFisher,Walker2d-v4,2
819200,diagnostics,0.0,71.5,40.2044,0.068436,0.95286,0.833,-1.0,SF-P3O-NoFisher,Walker2d-v4,2
819395,reward,5690,637.6637836689123,471.837,SF-P3O-NoFisher,Walker2d-v4,2
819555,reward,5691,468.3071965543003,489.374,SF-P3O-NoFisher,Walker2d-v4,2
819714,reward,5692,414.0106758162863,474.48,SF-P3O-NoFisher,Walker2d-v4,2
819946,reward,5693,625.8476258005823,500.257,SF-P3O-NoFisher,Walker2d-v4,2
820000,speed,429.54,25.05,SF-P3O-NoFisher,Walker2d-v4,2
820001,spectral,0.068436,0.95286,0.833,SF-P3O-NoFisher,Walker2d-v4,2
820082,reward,5694,341.117164273228,495.909,SF-P3O-NoFisher,Walker2d-v4,2
820236,reward,5695,420.12821604602107,474.546,SF-P3O-NoFisher,Walker2d-v4,2
820510,reward,5696,764.2441046986809,505.244,SF-P3O-NoFisher,Walker2d-v4,2
820700,reward,5697,575.555079226913,520.444,SF-P3O-NoFisher,Walker2d-v4,2
820936,reward,5698,562.6493278475454,534.092,SF-P3O-NoFisher,Walker2d-v4,2
821104,reward,5699,475.6868598819939,528.521,SF-P3O-NoFisher,Walker2d-v4,2
821317,reward,5700,583.2888591821738,523.084,SF-P3O-NoFisher,Walker2d-v4,2
821464,reward,5701,395.10703001454647,515.763,SF-P3O-NoFisher,Walker2d-v4,2
821590,reward,5702,316.2713937290955,505.99,SF-P3O-NoFisher,Walker2d-v4,2
821772,reward,5703,449.3616553389155,488.341,SF-P3O-NoFisher,Walker2d-v4,2
821977,reward,5704,565.2820664853728,510.757,SF-P3O-NoFisher,Walker2d-v4,2
822144,reward,5705,412.5375831777097,509.998,SF-P3O-NoFisher,Walker2d-v4,2
822257,reward,5706,287.81164969049604,462.355,SF-P3O-NoFisher,Walker2d-v4,2
822449,reward,5707,522.881190155827,457.088,SF-P3O-NoFisher,Walker2d-v4,2
822660,reward,5708,588.4520963440776,459.668,SF-P3O-NoFisher,Walker2d-v4,2
822870,reward,5709,588.5842640069934,470.958,SF-P3O-NoFisher,Walker2d-v4,2
823079,reward,5710,577.0648279369926,470.335,SF-P3O-NoFisher,Walker2d-v4,2
823258,reward,5711,484.21526034033536,479.246,SF-P3O-NoFisher,Walker2d-v4,2
823416,reward,5712,413.95454988598595,489.015,SF-P3O-NoFisher,Walker2d-v4,2
823593,reward,5713,505.7221163847844,494.651,SF-P3O-NoFisher,Walker2d-v4,2
823778,reward,5714,521.915251784604,490.314,SF-P3O-NoFisher,Walker2d-v4,2
824018,reward,5715,663.4488762990278,515.405,SF-P3O-NoFisher,Walker2d-v4,2
824193,reward,5716,493.6004875746312,535.984,SF-P3O-NoFisher,Walker2d-v4,2
824375,reward,5717,415.74033427931823,525.27,SF-P3O-NoFisher,Walker2d-v4,2
824545,reward,5718,480.88112463515466,514.513,SF-P3O-NoFisher,Walker2d-v4,2
824667,reward,5719,318.52108018554094,487.506,SF-P3O-NoFisher,Walker2d-v4,2
824863,reward,5720,553.4974023873359,485.15,SF-P3O-NoFisher,Walker2d-v4,2
825010,reward,5721,390.8520697687582,475.813,SF-P3O-NoFisher,Walker2d-v4,2
825192,reward,5722,464.8788206412912,480.906,SF-P3O-NoFisher,Walker2d-v4,2
825424,reward,5723,627.8341816038931,493.117,SF-P3O-NoFisher,Walker2d-v4,2
825624,reward,5724,543.3818843584768,495.264,SF-P3O-NoFisher,Walker2d-v4,2
825877,reward,5725,720.5507784433685,500.974,SF-P3O-NoFisher,Walker2d-v4,2
825973,reward,5726,202.00678543147652,471.814,SF-P3O-NoFisher,Walker2d-v4,2
826117,reward,5727,356.2271112698571,465.863,SF-P3O-NoFisher,Walker2d-v4,2
826296,reward,5728,512.3444207964841,469.009,SF-P3O-NoFisher,Walker2d-v4,2
826434,reward,5729,307.8188891332302,467.939,SF-P3O-NoFisher,Walker2d-v4,2
826579,reward,5730,374.9947288228771,450.089,SF-P3O-NoFisher,Walker2d-v4,2
826829,reward,5731,702.4460630148947,481.248,SF-P3O-NoFisher,Walker2d-v4,2
827014,reward,5732,486.9676077787936,483.457,SF-P3O-NoFisher,Walker2d-v4,2
827193,reward,5733,417.5959590081556,462.433,SF-P3O-NoFisher,Walker2d-v4,2
827378,reward,5734,563.1990249831113,464.415,SF-P3O-NoFisher,Walker2d-v4,2
827392,loss,-0.05300970748066902,0.5594963431358337,SF-P3O-NoFisher,Walker2d-v4,2
827447,reward,5735,132.56158392537264,405.616,SF-P3O-NoFisher,Walker2d-v4,2
827601,reward,5736,415.32312889205724,426.948,SF-P3O-NoFisher,Walker2d-v4,2
827742,reward,5737,399.57056951765924,431.282,SF-P3O-NoFisher,Walker2d-v4,2
827888,reward,5738,383.74395406607454,418.422,SF-P3O-NoFisher,Walker2d-v4,2
828119,reward,5739,673.9773615444695,455.038,SF-P3O-NoFisher,Walker2d-v4,2
828264,reward,5740,381.4558131867752,455.684,SF-P3O-NoFisher,Walker2d-v4,2
828418,reward,5741,405.8159646681628,426.021,SF-P3O-NoFisher,Walker2d-v4,2
828571,reward,5742,425.8113346551233,419.905,SF-P3O-NoFisher,Walker2d-v4,2
828710,reward,5743,346.89672208613223,412.836,SF-P3O-NoFisher,Walker2d-v4,2
828895,reward,5744,502.3353654903851,406.749,SF-P3O-NoFisher,Walker2d-v4,2
829063,reward,5745,414.67654454348843,434.961,SF-P3O-NoFisher,Walker2d-v4,2
829241,reward,5746,494.969562415647,442.925,SF-P3O-NoFisher,Walker2d-v4,2
829446,reward,5747,604.3796998544858,463.406,SF-P3O-NoFisher,Walker2d-v4,2
829658,reward,5748,580.9696181488657,483.129,SF-P3O-NoFisher,Walker2d-v4,2
829819,reward,5749,463.066056897041,462.038,SF-P3O-NoFisher,Walker2d-v4,2
830000,speed,636.47,25.31,SF-P3O-NoFisher,Walker2d-v4,2
830001,spectral,0.068782,0.952743,0.8112,SF-P3O-NoFisher,Walker2d-v4,2
830049,reward,5750,626.9883974744698,486.591,SF-P3O-NoFisher,Walker2d-v4,2
830265,reward,5751,638.6293206043676,509.872,SF-P3O-NoFisher,Walker2d-v4,2
830390,reward,5752,317.34520956844796,499.026,SF-P3O-NoFisher,Walker2d-v4,2
830547,reward,5753,430.8938951847012,507.425,SF-P3O-NoFisher,Walker2d-v4,2
830852,reward,5754,882.8703368939805,545.479,SF-P3O-NoFisher,Walker2d-v4,2
831073,reward,5755,617.9596537638553,565.807,SF-P3O-NoFisher,Walker2d-v4,2
831215,reward,5756,372.9720106183863,553.607,SF-P3O-NoFisher,Walker2d-v4,2
831379,reward,5757,448.1792003579492,537.987,SF-P3O-NoFisher,Walker2d-v4,2
831547,reward,5758,471.4387344963549,527.034,SF-P3O-NoFisher,Walker2d-v4,2
831709,reward,5759,416.92772080526726,522.42,SF-P3O-NoFisher,Walker2d-v4,2
831908,reward,5760,584.5886892089484,518.18,SF-P3O-NoFisher,Walker2d-v4,2
832065,reward,5761,427.96602253191793,497.114,SF-P3O-NoFisher,Walker2d-v4,2
832335,reward,5762,761.6176878274781,541.541,SF-P3O-NoFisher,Walker2d-v4,2
832498,reward,5763,457.507098975255,544.203,SF-P3O-NoFisher,Walker2d-v4,2
832676,reward,5764,512.5620162009196,507.172,SF-P3O-NoFisher,Walker2d-v4,2
832846,reward,5765,446.53838856908186,490.03,SF-P3O-NoFisher,Walker2d-v4,2
833051,reward,5766,478.301827273245,500.563,SF-P3O-NoFisher,Walker2d-v4,2
833194,reward,5767,374.7769065195928,493.223,SF-P3O-NoFisher,Walker2d-v4,2
833321,reward,5768,346.86005084322335,480.765,SF-P3O-NoFisher,Walker2d-v4,2
833508,reward,5769,543.9160022194521,493.463,SF-P3O-NoFisher,Walker2d-v4,2
833771,reward,5770,663.5277596131132,501.357,SF-P3O-NoFisher,Walker2d-v4,2
833928,reward,5771,399.9050753610432,498.551,SF-P3O-NoFisher,Walker2d-v4,2
834095,reward,5772,467.7135619885563,469.161,SF-P3O-NoFisher,Walker2d-v4,2
834228,reward,5773,386.73494210597136,462.084,SF-P3O-NoFisher,Walker2d-v4,2
834530,reward,5774,875.7043573132626,498.398,SF-P3O-NoFisher,Walker2d-v4,2
834665,reward,5775,363.20192320792466,490.064,SF-P3O-NoFisher,Walker2d-v4,2
834901,reward,5776,675.256379055372,509.76,SF-P3O-NoFisher,Walker2d-v4,2
835037,reward,5777,339.9036217418404,506.272,SF-P3O-NoFisher,Walker2d-v4,2
835216,reward,5778,520.0661037258701,523.593,SF-P3O-NoFisher,Walker2d-v4,2
835355,reward,5779,344.68287613079497,503.67,SF-P3O-NoFisher,Walker2d-v4,2
835541,reward,5780,526.257279819797,489.943,SF-P3O-NoFisher,Walker2d-v4,2
835584,loss,-0.10854241251945496,0.6824260354042053,SF-P3O-NoFisher,Walker2d-v4,2
835584,diagnostics,0.0,71.81,44.4959,0.069058,0.95276,0.794,-1.0,SF-P3O-NoFisher,Walker2d-v4,2
835809,reward,5781,771.803983467303,527.133,SF-P3O-NoFisher,Walker2d-v4,2
836031,reward,5782,623.7424043545824,542.735,SF-P3O-NoFisher,Walker2d-v4,2
836268,reward,5783,680.3337671961822,572.095,SF-P3O-NoFisher,Walker2d-v4,2
836493,reward,5784,625.4883046249001,547.074,SF-P3O-NoFisher,Walker2d-v4,2
836705,reward,5785,563.7633629880487,567.13,SF-P3O-NoFisher,Walker2d-v4,2
836894,reward,5786,471.0424283574826,546.708,SF-P3O-NoFisher,Walker2d-v4,2
837129,reward,5787,693.4261632060477,582.061,SF-P3O-NoFisher,Walker2d-v4,2
837346,reward,5788,590.9540981969699,589.149,SF-P3O-NoFisher,Walker2d-v4,2
837525,reward,5789,475.0243870336381,602.184,SF-P3O-NoFisher,Walker2d-v4,2
837697,reward,5790,433.6191257780364,592.92,SF-P3O-NoFisher,Walker2d-v4,2
837878,reward,5791,518.9116232338422,567.631,SF-P3O-NoFisher,Walker2d-v4,2
838165,reward,5792,879.8609165180961,593.242,SF-P3O-NoFisher,Walker2d-v4,2
838363,reward,5793,564.3706170256966,581.646,SF-P3O-NoFisher,Walker2d-v4,2
838530,reward,5794,468.7724604156227,565.975,SF-P3O-NoFisher,Walker2d-v4,2
838679,reward,5795,406.3146257591736,550.23,SF-P3O-NoFisher,Walker2d-v4,2
838913,reward,5796,679.661391855291,571.092,SF-P3O-NoFisher,Walker2d-v4,2
839085,reward,5797,468.8411332060214,548.633,SF-P3O-NoFisher,Walker2d-v4,2
839327,reward,5798,637.3968419098013,553.277,SF-P3O-NoFisher,Walker2d-v4,2
839489,reward,5799,445.13668343933733,550.289,SF-P3O-NoFisher,Walker2d-v4,2
839613,reward,5800,332.43435919426565,540.17,SF-P3O-NoFisher,Walker2d-v4,2
839871,reward,5801,736.7489164927651,561.954,SF-P3O-NoFisher,Walker2d-v4,2
840000,speed,644.97,25.57,SF-P3O-NoFisher,Walker2d-v4,2
840001,spectral,0.069058,0.95276,0.794,SF-P3O-NoFisher,Walker2d-v4,2
840004,reward,5802,325.6618950381115,506.534,SF-P3O-NoFisher,Walker2d-v4,2
840198,reward,5803,555.6286922893978,505.66,SF-P3O-NoFisher,Walker2d-v4,2
840459,reward,5804,719.2431963187232,530.707,SF-P3O-NoFisher,Walker2d-v4,2
840727,reward,5805,764.2473043812187,566.5,SF-P3O-NoFisher,Walker2d-v4,2
840902,reward,5806,453.44063351135185,543.878,SF-P3O-NoFisher,Walker2d-v4,2
841063,reward,5807,403.2791838839533,537.322,SF-P3O-NoFisher,Walker2d-v4,2
841244,reward,5808,508.69870867466165,524.452,SF-P3O-NoFisher,Walker2d-v4,2
841392,reward,5809,385.7266144023621,518.511,SF-P3O-NoFisher,Walker2d-v4,2
841557,reward,5810,461.4215538665873,531.41,SF-P3O-NoFisher,Walker2d-v4,2
841732,reward,5811,522.0488740012423,509.94,SF-P3O-NoFisher,Walker2d-v4,2
841976,reward,5812,677.0211296504381,545.076,SF-P3O-NoFisher,Walker2d-v4,2
842190,reward,5813,612.2417058749089,550.737,SF-P3O-NoFisher,Walker2d-v4,2
842311,reward,5814,314.3224113610699,510.245,SF-P3O-NoFisher,Walker2d-v4,2
842603,reward,5815,775.8605775616271,511.406,SF-P3O-NoFisher,Walker2d-v4,2
842752,reward,5816,409.2464537284948,506.987,SF-P3O-NoFisher,Walker2d-v4,2
843004,reward,5817,708.2203855290186,537.481,SF-P3O-NoFisher,Walker2d-v4,2
843219,reward,5818,665.2759889809198,553.139,SF-P3O-NoFisher,Walker2d-v4,2
843407,reward,5819,519.955464562522,566.561,SF-P3O-NoFisher,Walker2d-v4,2
843582,reward,5820,520.8754738532158,572.507,SF-P3O-NoFisher,Walker2d-v4,2
843776,loss,0.020915038883686066,0.696485161781311,SF-P3O-NoFisher,Walker2d-v4,2
843906,reward,5821,919.2850208766345,612.23,SF-P3O-NoFisher,Walker2d-v4,2
844131,reward,5822,578.9584498994147,602.424,SF-P3O-NoFisher,Walker2d-v4,2
844283,reward,5823,408.5146547138653,582.051,SF-P3O-NoFisher,Walker2d-v4,2
844528,reward,5824,651.8492036694828,615.804,SF-P3O-NoFisher,Walker2d-v4,2
844712,reward,5825,475.33220979308436,585.751,SF-P3O-NoFisher,Walker2d-v4,2
844950,reward,5826,650.6137302624071,609.888,SF-P3O-NoFisher,Walker2d-v4,2
845218,reward,5827,790.0438014666116,618.07,SF-P3O-NoFisher,Walker2d-v4,2
845360,reward,5828,358.981957898829,587.441,SF-P3O-NoFisher,Walker2d-v4,2
845503,reward,5829,358.20546934829673,571.266,SF-P3O-NoFisher,Walker2d-v4,2
845674,reward,5830,444.50780210632576,563.629,SF-P3O-NoFisher,Walker2d-v4,2
845872,reward,5831,505.94948164383356,522.296,SF-P3O-NoFisher,Walker2d-v4,2
846011,reward,5832,356.89393137221253,500.089,SF-P3O-NoFisher,Walker2d-v4,2
846230,reward,5833,618.3537768861901,521.073,SF-P3O-NoFisher,Walker2d-v4,2
846408,reward,5834,510.72183370612487,506.96,SF-P3O-NoFisher,Walker2d-v4,2
846619,reward,5835,571.2985175022698,516.557,SF-P3O-NoFisher,Walker2d-v4,2
846842,reward,5836,578.2876831604128,509.324,SF-P3O-NoFisher,Walker2d-v4,2
847061,reward,5837,675.2301830131032,497.843,SF-P3O-NoFisher,Walker2d-v4,2
847231,reward,5838,493.96113334143297,511.341,SF-P3O-NoFisher,Walker2d-v4,2
847367,reward,5839,331.3136901173883,508.652,SF-P3O-NoFisher,Walker2d-v4,2
847573,reward,5840,616.9676487486576,525.898,SF-P3O-NoFisher,Walker2d-v4,2
847792,reward,5841,595.4148045189814,534.844,SF-P3O-NoFisher,Walker2d-v4,2
847972,reward,5842,529.9748529838987,552.152,SF-P3O-NoFisher,Walker2d-v4,2
848180,reward,5843,569.7018836315245,547.287,SF-P3O-NoFisher,Walker2d-v4,2
848411,reward,5844,636.9359213643799,559.909,SF-P3O-NoFisher,Walker2d-v4,2
848480,reward,5845,117.22248768405885,514.501,SF-P3O-NoFisher,Walker2d-v4,2
848647,reward,5846,475.4230308945819,504.215,SF-P3O-NoFisher,Walker2d-v4,2
848867,reward,5847,622.1982425777563,498.911,SF-P3O-NoFisher,Walker2d-v4,2
849089,reward,5848,490.47991687256683,498.563,SF-P3O-NoFisher,Walker2d-v4,2
849414,reward,5849,933.5168367816444,558.784,SF-P3O-NoFisher,Walker2d-v4,2
849567,reward,5850,431.2432853534182,540.211,SF-P3O-NoFisher,Walker2d-v4,2
849782,reward,5851,574.6662952842886,538.136,SF-P3O-NoFisher,Walker2d-v4,2
849921,reward,5852,378.76466230128375,523.015,SF-P3O-NoFisher,Walker2d-v4,2
850000,speed,650.34,25.82,SF-P3O-NoFisher,Walker2d-v4,2
850001,spectral,0.069431,0.952732,0.7941,SF-P3O-NoFisher,Walker2d-v4,2
850156,reward,5853,678.4487340984995,533.89,SF-P3O-NoFisher,Walker2d-v4,2
850335,reward,5854,523.4447663885497,522.541,SF-P3O-NoFisher,Walker2d-v4,2
850466,reward,5855,324.60965164024657,543.28,SF-P3O-NoFisher,Walker2d-v4,2
850694,reward,5856,682.5210530866771,563.989,SF-P3O-NoFisher,Walker2d-v4,2
850915,reward,5857,641.8129263823461,565.951,SF-P3O-NoFisher,Walker2d-v4,2
851161,reward,5858,631.0711588702662,580.01,SF-P3O-NoFisher,Walker2d-v4,2
851353,reward,5859,549.8666854402179,541.645,SF-P3O-NoFisher,Walker2d-v4,2
851564,reward,5860,664.1239942735759,564.933,SF-P3O-NoFisher,Walker2d-v4,2
851690,reward,5861,307.30344080760517,538.197,SF-P3O-NoFisher,Walker2d-v4,2
851853,reward,5862,454.84232646651225,545.804,SF-P3O-NoFisher,Walker2d-v4,2
851968,loss,0.02309529110789299,0.7719640731811523,SF-P3O-NoFisher,Walker2d-v4,2
851968,diagnostics,0.0,72.11,71.5824,0.069552,0.952518,0.817,-1.0,SF-P3O-NoFisher,Walker2d-v4,2
852031,reward,5863,485.5471956030213,526.514,SF-P3O-NoFisher,Walker2d-v4,2
852238,reward,5864,559.0498971268357,530.075,SF-P3O-NoFisher,Walker2d-v4,2
852565,reward,5865,920.7936718048257,589.693,SF-P3O-NoFisher,Walker2d-v4,2
852827,reward,5866,721.6330930841092,593.604,SF-P3O-NoFisher,Walker2d-v4,2
853125,reward,5867,849.154643503046,614.339,SF-P3O-NoFisher,Walker2d-v4,2
853317,reward,5868,536.9455643268453,604.926,SF-P3O-NoFisher,Walker2d-v4,2
853489,reward,5869,485.17171473037126,598.457,SF-P3O-NoFisher,Walker2d-v4,2
853746,reward,5870,735.6822491456977,605.612,SF-P3O-NoFisher,Walker2d-v4,2
853911,reward,5871,475.4048716470246,622.423,SF-P3O-NoFisher,Walker2d-v4,2
853996,reward,5872,164.80138867711523,593.418,SF-P3O-NoFisher,Walker2d-v4,2
854145,reward,5873,417.5316877371213,586.617,SF-P3O-NoFisher,Walker2d-v4,2
854269,reward,5874,335.73899201837656,564.286,SF-P3O-NoFisher,Walker2d-v4,2
854466,reward,5875,546.370686335432,526.843,SF-P3O-NoFisher,Walker2d-v4,2
854722,reward,5876,723.3618636734642,527.016,SF-P3O-NoFisher,Walker2d-v4,2
854971,reward,5877,604.6671139351233,502.568,SF-P3O-NoFisher,Walker2d-v4,2
855178,reward,5878,607.559222945084,509.629,SF-P3O-NoFisher,Walker2d-v4,2
855475,reward,5879,793.534953898365,540.465,SF-P3O-NoFisher,Walker2d-v4,2
855670,reward,5880,580.4101390588479,524.938,SF-P3O-NoFisher,Walker2d-v4,2
855804,reward,5881,341.21361663277224,511.519,SF-P3O-NoFisher,Walker2d-v4,2
855964,reward,5882,447.63007829587536,539.802,SF-P3O-NoFisher,Walker2d-v4,2
856176,reward,5883,624.6391109307763,560.513,SF-P3O-NoFisher,Walker2d-v4,2
856333,reward,5884,424.79835971600676,569.419,SF-P3O-NoFisher,Walker2d-v4,2
856489,reward,5885,392.1894029306909,554.0,SF-P3O-NoFisher,Walker2d-v4,2
856727,reward,5886,602.8142044450783,541.946,SF-P3O-NoFisher,Walker2d-v4,2
856930,reward,5887,599.947209664971,541.474,SF-P3O-NoFisher,Walker2d-v4,2
857093,reward,5888,436.8600004763721,524.404,SF-P3O-NoFisher,Walker2d-v4,2
857387,reward,5889,707.599969203241,515.81,SF-P3O-NoFisher,Walker2d-v4,2
857702,reward,5890,746.99342887105,532.469,SF-P3O-NoFisher,Walker2d-v4,2
857900,reward,5891,556.659094871697,554.013,SF-P3O-NoFisher,Walker2d-v4,2
858043,reward,5892,382.63616789329126,547.514,SF-P3O-NoFisher,Walker2d-v4,2
858317,reward,5893,805.5874081759325,565.609,SF-P3O-NoFisher,Walker2d-v4,2
858526,reward,5894,609.1288222840836,584.042,SF-P3O-NoFisher,Walker2d-v4,2
858677,reward,5895,385.6617022091883,583.389,SF-P3O-NoFisher,Walker2d-v4,2
858831,reward,5896,435.16004936421393,566.623,SF-P3O-NoFisher,Walker2d-v4,2
859038,reward,5897,592.2093985078957,565.85,SF-P3O-NoFisher,Walker2d-v4,2
859319,reward,5898,766.1286757945138,598.776,SF-P3O-NoFisher,Walker2d-v4,2
859462,reward,5899,361.73181291868815,564.19,SF-P3O-NoFisher,Walker2d-v4,2
859772,reward,5900,930.6364105112476,582.554,SF-P3O-NoFisher,Walker2d-v4,2
860000,speed,637.36,26.09,SF-P3O-NoFisher,Walker2d-v4,2
860001,perturb,0.069552,0.952518,0.817,-1,-1,0.02,10,SF-P3O-NoFisher,Walker2d-v4,2
860045,reward,5901,727.1978731396252,599.608,SF-P3O-NoFisher,Walker2d-v4,2
860160,loss,-0.11653851717710495,0.5881003141403198,SF-P3O-NoFisher,Walker2d-v4,2
860259,reward,5902,624.2893404978818,623.773,SF-P3O-NoFisher,Walker2d-v4,2
860431,reward,5903,492.83308816743124,592.498,SF-P3O-NoFisher,Walker2d-v4,2
860612,reward,5904,523.4354605831185,583.928,SF-P3O-NoFisher,Walker2d-v4,2
860777,reward,5905,450.4883365256906,590.411,SF-P3O-NoFisher,Walker2d-v4,2
860989,reward,5906,616.7430821620081,608.569,SF-P3O-NoFisher,Walker2d-v4,2
861212,reward,5907,581.3189202580782,607.48,SF-P3O-NoFisher,Walker2d-v4,2
861462,reward,5908,629.6442681138285,593.832,SF-P3O-NoFisher,Walker2d-v4,2
861742,reward,5909,762.4725986243101,633.906,SF-P3O-NoFisher,Walker2d-v4,2
861935,reward,5910,558.6629993315283,596.709,SF-P3O-NoFisher,Walker2d-v4,2
862181,reward,5911,680.9756022286214,592.086,SF-P3O-NoFisher,Walker2d-v4,2
862427,reward,5912,680.2642836778554,597.684,SF-P3O-NoFisher,Walker2d-v4,2
862563,reward,5913,372.25626521814905,585.626,SF-P3O-NoFisher,Walker2d-v4,2
862743,reward,5914,462.0839500249111,579.491,SF-P3O-NoFisher,Walker2d-v4,2
862949,reward,5915,613.9599972681007,595.838,SF-P3O-NoFisher,Walker2d-v4,2
863113,reward,5916,458.23504672934865,579.987,SF-P3O-NoFisher,Walker2d-v4,2
863342,reward,5917,628.2401514061477,584.68,SF-P3O-NoFisher,Walker2d-v4,2
863487,reward,5918,353.39610238118456,557.055,SF-P3O-NoFisher,Walker2d-v4,2
863673,reward,5919,525.943883169563,533.402,SF-P3O-NoFisher,Walker2d-v4,2
863970,reward,5920,863.254415404757,563.861,SF-P3O-NoFisher,Walker2d-v4,2
864174,reward,5921,619.6774505538615,557.731,SF-P3O-NoFisher,Walker2d-v4,2
864347,reward,5922,513.2791777742771,541.033,SF-P3O-NoFisher,Walker2d-v4,2
864622,reward,5923,836.3775973069389,587.445,SF-P3O-NoFisher,Walker2d-v4,2
864848,reward,5924,652.3482306090075,606.471,SF-P3O-NoFisher,Walker2d-v4,2
865060,reward,5925,590.004358140394,604.076,SF-P3O-NoFisher,Walker2d-v4,2
865255,reward,5926,555.7506671383973,613.827,SF-P3O-NoFisher,Walker2d-v4,2
865461,reward,5927,599.1520588084551,610.918,SF-P3O-NoFisher,Walker2d-v4,2
865653,reward,5928,549.0705400366842,630.486,SF-P3O-NoFisher,Walker2d-v4,2
865879,reward,5929,640.9610160807638,641.988,SF-P3O-NoFisher,Walker2d-v4,2
866043,reward,5930,483.5313282601157,604.015,SF-P3O-NoFisher,Walker2d-v4,2
866158,reward,5931,271.31378725762886,569.179,SF-P3O-NoFisher,Walker2d-v4,2
866462,reward,5932,827.9830080260691,600.649,SF-P3O-NoFisher,Walker2d-v4,2
866654,reward,5933,578.7007404068916,574.882,SF-P3O-NoFisher,Walker2d-v4,2
866878,reward,5934,607.8708935214958,570.434,SF-P3O-NoFisher,Walker2d-v4,2
866999,reward,5935,310.613556485948,542.495,SF-P3O-NoFisher,Walker2d-v4,2
867239,reward,5936,617.3422068914454,548.654,SF-P3O-NoFisher,Walker2d-v4,2
867550,reward,5937,900.2632782107266,578.765,SF-P3O-NoFisher,Walker2d-v4,2
867723,reward,5938,501.5340792468826,574.011,SF-P3O-NoFisher,Walker2d-v4,2
867900,reward,5939,459.8771399515189,555.903,SF-P3O-NoFisher,Walker2d-v4,2
868246,reward,5940,796.750623984275,587.225,SF-P3O-NoFisher,Walker2d-v4,2
868352,loss,0.04332532733678818,0.6211329698562622,SF-P3O-NoFisher,Walker2d-v4,2
868352,diagnostics,0.0,72.52,49.1674,0.069874,0.95256,0.7902,-1.0,SF-P3O-NoFisher,Walker2d-v4,2
868502,reward,5941,696.5540949120101,629.749,SF-P3O-NoFisher,Walker2d-v4,2
868676,reward,5942,429.59843111304883,589.911,SF-P3O-NoFisher,Walker2d-v4,2
868828,reward,5943,386.5298384731488,570.693,SF-P3O-NoFisher,Walker2d-v4,2
869002,reward,5944,455.48991943035725,555.455,SF-P3O-NoFisher,Walker2d-v4,2
869220,reward,5945,629.1038022864474,587.304,SF-P3O-NoFisher,Walker2d-v4,2
869404,reward,5946,495.4373798876998,575.114,SF-P3O-NoFisher,Walker2d-v4,2
869652,reward,5947,706.2547334360094,555.713,SF-P3O-NoFisher,Walker2d-v4,2
869831,reward,5948,512.5404797527314,556.814,SF-P3O-NoFisher,Walker2d-v4,2
870000,speed,437.62,26.47,SF-P3O-NoFisher,Walker2d-v4,2
870001,spectral,0.069874,0.95256,0.7902,SF-P3O-NoFisher,Walker2d-v4,2
870073,reward,5949,707.5021641103397,581.576,SF-P3O-NoFisher,Walker2d-v4,2
870302,reward,5950,686.2531886884157,570.526,SF-P3O-NoFisher,Walker2d-v4,2
870515,reward,5951,645.896760577255,565.461,SF-P3O-NoFisher,Walker2d-v4,2
870778,reward,5952,755.6968578376305,598.071,SF-P3O-NoFisher,Walker2d-v4,2
871017,reward,5953,689.4265243799398,628.36,SF-P3O-NoFisher,Walker2d-v4,2
871168,reward,5954,414.6603446107268,624.277,SF-P3O-NoFisher,Walker2d-v4,2
871340,reward,5955,496.41392455237184,611.008,SF-P3O-NoFisher,Walker2d-v4,2
871488,reward,5956,368.69692145543036,598.334,SF-P3O-NoFisher,Walker2d-v4,2
871633,reward,5957,379.1190060555647,565.621,SF-P3O-NoFisher,Walker2d-v4,2
871848,reward,5958,656.5455465561064,580.021,SF-P3O-NoFisher,Walker2d-v4,2
871988,reward,5959,385.06784555428834,547.778,SF-P3O-NoFisher,Walker2d-v4,2
872206,reward,5960,614.8107644717144,540.633,SF-P3O-NoFisher,Walker2d-v4,2
872387,reward,5961,501.2814814988462,526.172,SF-P3O-NoFisher,Walker2d-v4,2
872576,reward,5962,554.8126833852076,506.084,SF-P3O-NoFisher,Walker2d-v4,2
872783,reward,5963,553.7061250556502,492.511,SF-P3O-NoFisher,Walker2d-v4,2
873008,reward,5964,631.0520095750566,514.151,SF-P3O-NoFisher,Walker2d-v4,2
873145,reward,5965,350.78519714884226,499.588,SF-P3O-NoFisher,Walker2d-v4,2
873349,reward,5966,665.1022566255884,529.228,SF-P3O-NoFisher,Walker2d-v4,2
873492,reward,5967,390.4100269975037,530.357,SF-P3O-NoFisher,Walker2d-v4,2
873689,reward,5968,554.7159337497488,520.174,SF-P3O-NoFisher,Walker2d-v4,2
873846,reward,5969,418.8056995997238,523.548,SF-P3O-NoFisher,Walker2d-v4,2
874062,reward,5970,604.9729732015651,522.564,SF-P3O-NoFisher,Walker2d-v4,2
874288,reward,5971,604.5353178458811,532.89,SF-P3O-NoFisher,Walker2d-v4,2
874401,reward,5972,289.9196351454961,506.401,SF-P3O-NoFisher,Walker2d-v4,2
874539,reward,5973,325.80352995603124,483.61,SF-P3O-NoFisher,Walker2d-v4,2
874689,reward,5974,410.6565607857879,461.571,SF-P3O-NoFisher,Walker2d-v4,2
874825,reward,5975,340.12237904812986,460.504,SF-P3O-NoFisher,Walker2d-v4,2
875040,reward,5976,574.3263188001706,451.427,SF-P3O-NoFisher,Walker2d-v4,2
875220,reward,5977,504.44706902689506,462.831,SF-P3O-NoFisher,Walker2d-v4,2
875352,reward,5978,343.9398599449086,441.753,SF-P3O-NoFisher,Walker2d-v4,2
875536,reward,5979,526.0073065500303,452.473,SF-P3O-NoFisher,Walker2d-v4,2
875718,reward,5980,491.97294423034253,441.173,SF-P3O-NoFisher,Walker2d-v4,2
875910,reward,5981,531.7166248089319,433.891,SF-P3O-NoFisher,Walker2d-v4,2
876151,reward,5982,688.6583011201943,473.765,SF-P3O-NoFisher,Walker2d-v4,2
876340,reward,5983,541.6784040305705,495.353,SF-P3O-NoFisher,Walker2d-v4,2
876544,loss,-0.03469548374414444,0.6611523032188416,SF-P3O-NoFisher,Walker2d-v4,2
876650,reward,5984,961.9816138670827,550.485,SF-P3O-NoFisher,Walker2d-v4,2
876795,reward,5985,400.1150056095971,556.484,SF-P3O-NoFisher,Walker2d-v4,2
876996,reward,5986,574.5376517672872,556.505,SF-P3O-NoFisher,Walker2d-v4,2
877144,reward,5987,437.60563507248736,549.821,SF-P3O-NoFisher,Walker2d-v4,2
877342,reward,5988,602.3123814794355,575.659,SF-P3O-NoFisher,Walker2d-v4,2
877511,reward,5989,489.2831005892306,571.986,SF-P3O-NoFisher,Walker2d-v4,2
877676,reward,5990,471.15603574829214,569.904,SF-P3O-NoFisher,Walker2d-v4,2
877937,reward,5991,758.4919928009282,592.582,SF-P3O-NoFisher,Walker2d-v4,2
878119,reward,5992,512.1873771046612,574.935,SF-P3O-NoFisher,Walker2d-v4,2
878427,reward,5993,880.4727080015889,608.814,SF-P3O-NoFisher,Walker2d-v4,2
878635,reward,5994,571.0003567526321,569.716,SF-P3O-NoFisher,Walker2d-v4,2
878794,reward,5995,440.95289496509895,573.8,SF-P3O-NoFisher,Walker2d-v4,2
878927,reward,5996,354.5937447862444,551.806,SF-P3O-NoFisher,Walker2d-v4,2
879100,reward,5997,515.7472681124272,559.62,SF-P3O-NoFisher,Walker2d-v4,2
879269,reward,5998,459.73048115816795,545.362,SF-P3O-NoFisher,Walker2d-v4,2
879467,reward,5999,589.1449638195596,555.348,SF-P3O-NoFisher,Walker2d-v4,2
879624,reward,6000,451.7721967628404,553.409,SF-P3O-NoFisher,Walker2d-v4,2
879812,reward,6001,559.8674332797054,533.547,SF-P3O-NoFisher,Walker2d-v4,2
879985,reward,6002,495.88263997361963,531.916,SF-P3O-NoFisher,Walker2d-v4,2
880000,speed,638.13,26.73,SF-P3O-NoFisher,Walker2d-v4,2
880001,spectral,0.070225,0.952525,0.7968,SF-P3O-NoFisher,Walker2d-v4,2
880156,reward,6003,502.2368070621706,494.093,SF-P3O-NoFisher,Walker2d-v4,2
880371,reward,6004,645.3667289137496,501.53,SF-P3O-NoFisher,Walker2d-v4,2
880566,reward,6005,640.5267817680711,521.487,SF-P3O-NoFisher,Walker2d-v4,2
880755,reward,6006,549.5273471146668,540.98,SF-P3O-NoFisher,Walker2d-v4,2
881011,reward,6007,730.1150710997854,562.417,SF-P3O-NoFisher,Walker2d-v4,2
881175,reward,6008,450.1343124096537,561.457,SF-P3O-NoFisher,Walker2d-v4,2
881296,reward,6009,311.1663936966721,533.66,SF-P3O-NoFisher,Walker2d-v4,2
881607,reward,6010,872.12595614222,575.695,SF-P3O-NoFisher,Walker2d-v4,2
881835,reward,6011,716.3868662111247,591.347,SF-P3O-NoFisher,Walker2d-v4,2
881962,reward,6012,339.3082121460411,575.689,SF-P3O-NoFisher,Walker2d-v4,2
882087,reward,6013,338.168975958078,559.283,SF-P3O-NoFisher,Walker2d-v4,2
882335,reward,6014,749.6079517108047,569.707,SF-P3O-NoFisher,Walker2d-v4,2
882569,reward,6015,701.2070328148773,575.775,SF-P3O-NoFisher,Walker2d-v4,2
882729,reward,6016,447.6892245905736,565.591,SF-P3O-NoFisher,Walker2d-v4,2
882857,reward,6017,319.00455537741254,524.48,SF-P3O-NoFisher,Walker2d-v4,2
883098,reward,6018,707.0576789317456,550.172,SF-P3O-NoFisher,Walker2d-v4,2
883221,reward,6019,320.8916980284666,551.145,SF-P3O-NoFisher,Walker2d-v4,2
883427,reward,6020,644.568521837567,528.389,SF-P3O-NoFisher,Walker2d-v4,2
883637,reward,6021,603.1052453305091,517.061,SF-P3O-NoFisher,Walker2d-v4,2
883774,reward,6022,365.9199406992862,519.722,SF-P3O-NoFisher,Walker2d-v4,2
883911,reward,6023,390.77048814909324,524.982,SF-P3O-NoFisher,Walker2d-v4,2
884062,reward,6024,367.07791174786036,486.729,SF-P3O-NoFisher,Walker2d-v4,2
884189,reward,6025,330.2246747819954,449.631,SF-P3O-NoFisher,Walker2d-v4,2
884376,reward,6026,545.8691193968953,459.449,SF-P3O-NoFisher,Walker2d-v4,2
884498,reward,6027,338.42354858337836,461.391,SF-P3O-NoFisher,Walker2d-v4,2
884736,loss,-0.12112186849117279,0.5650215744972229,SF-P3O-NoFisher,Walker2d-v4,2
884736,diagnostics,0.0,72.79,52.8377,0.070378,0.9525,0.8038,-1.0,SF-P3O-NoFisher,Walker2d-v4,2
884836,reward,6028,954.6190996822248,486.147,SF-P3O-NoFisher,Walker2d-v4,2
885000,reward,6029,479.208054521809,501.979,SF-P3O-NoFisher,Walker2d-v4,2
885236,reward,6030,655.2905122185983,503.051,SF-P3O-NoFisher,Walker2d-v4,2
885440,reward,6031,601.9461768678616,502.935,SF-P3O-NoFisher,Walker2d-v4,2
885631,reward,6032,567.7023991758255,523.113,SF-P3O-NoFisher,Walker2d-v4,2
885907,reward,6033,786.2491414381595,562.661,SF-P3O-NoFisher,Walker2d-v4,2
886072,reward,6034,488.16428872369573,574.77,SF-P3O-NoFisher,Walker2d-v4,2
886334,reward,6035,768.3703742485005,618.584,SF-P3O-NoFisher,Walker2d-v4,2
886535,reward,6036,588.7448829796947,622.872,SF-P3O-NoFisher,Walker2d-v4,2
886675,reward,6037,362.70035237116457,625.3,SF-P3O-NoFisher,Walker2d-v4,2
886803,reward,6038,356.11731903304,565.449,SF-P3O-NoFisher,Walker2d-v4,2
886983,reward,6039,530.4181682619999,570.57,SF-P3O-NoFisher,Walker2d-v4,2
887117,reward,6040,343.52063014673826,539.393,SF-P3O-NoFisher,Walker2d-v4,2
887286,reward,6041,436.6480121376761,522.864,SF-P3O-NoFisher,Walker2d-v4,2
887470,reward,6042,480.6341657040513,514.157,SF-P3O-NoFisher,Walker2d-v4,2
887627,reward,6043,424.6677041057513,477.999,SF-P3O-NoFisher,Walker2d-v4,2
887853,reward,6044,621.6750297025864,491.35,SF-P3O-NoFisher,Walker2d-v4,2
888011,reward,6045,448.5878059228757,459.371,SF-P3O-NoFisher,Walker2d-v4,2
888300,reward,6046,831.5466850994629,483.652,SF-P3O-NoFisher,Walker2d-v4,2
888425,reward,6047,329.9559646912617,480.377,SF-P3O-NoFisher,Walker2d-v4,2
888621,reward,6048,588.6043041221797,503.626,SF-P3O-NoFisher,Walker2d-v4,2
888953,reward,6049,999.5392003613307,550.538,SF-P3O-NoFisher,Walker2d-v4,2
889180,reward,6050,687.045850190618,584.89,SF-P3O-NoFisher,Walker2d-v4,2
889345,reward,6051,470.20526876963214,588.246,SF-P3O-NoFisher,Walker2d-v4,2
889480,reward,6052,356.4799400184444,575.831,SF-P3O-NoFisher,Walker2d-v4,2
889623,reward,6053,376.22833476510095,570.987,SF-P3O-NoFisher,Walker2d-v4,2
889794,reward,6054,531.0865799904003,561.928,SF-P3O-NoFisher,Walker2d-v4,2
890000,speed,646.08,26.99,SF-P3O-NoFisher,Walker2d-v4,2
890001,spectral,0.070378,0.9525,0.8038,SF-P3O-NoFisher,Walker2d-v4,2
890035,reward,6055,660.901742062225,583.159,SF-P3O-NoFisher,Walker2d-v4,2
890202,reward,6056,454.66084473681747,545.471,SF-P3O-NoFisher,Walker2d-v4,2
890403,reward,6057,615.7431098560537,574.05,SF-P3O-NoFisher,Walker2d-v4,2
890617,reward,6058,622.0959414380233,577.399,SF-P3O-NoFisher,Walker2d-v4,2
890775,reward,6059,454.9708032282168,522.942,SF-P3O-NoFisher,Walker2d-v4,2
890907,reward,6060,353.22823064481173,489.56,SF-P3O-NoFisher,Walker2d-v4,2
891084,reward,6061,494.5619278428592,491.996,SF-P3O-NoFisher,Walker2d-v4,2
891243,reward,6062,425.1555461936454,498.863,SF-P3O-NoFisher,Walker2d-v4,2
891440,reward,6063,544.300550140193,515.671,SF-P3O-NoFisher,Walker2d-v4,2
891579,reward,6064,336.867214432645,496.249,SF-P3O-NoFisher,Walker2d-v4,2
891699,reward,6065,327.51711007662783,462.91,SF-P3O-NoFisher,Walker2d-v4,2
891934,reward,6066,717.1085412578007,489.155,SF-P3O-NoFisher,Walker2d-v4,2
892112,reward,6067,487.7552049000775,476.356,SF-P3O-NoFisher,Walker2d-v4,2
892261,reward,6068,397.12883354675904,453.859,SF-P3O-NoFisher,Walker2d-v4,2
892473,reward,6069,671.8709046831674,475.549,SF-P3O-NoFisher,Walker2d-v4,2
892657,reward,6070,542.2331057191416,494.45,SF-P3O-NoFisher,Walker2d-v4,2
892877,reward,6071,695.7421503691927,514.568,SF-P3O-NoFisher,Walker2d-v4,2
892928,loss,0.026852577924728394,0.5346408486366272,SF-P3O-NoFisher,Walker2d-v4,2
893137,reward,6072,800.3113881602771,552.084,SF-P3O-NoFisher,Walker2d-v4,2
893461,reward,6073,1005.0098623964143,598.154,SF-P3O-NoFisher,Walker2d-v4,2
893608,reward,6074,410.06841989645034,605.475,SF-P3O-NoFisher,Walker2d-v4,2
893783,reward,6075,514.2509729374167,624.148,SF-P3O-NoFisher,Walker2d-v4,2
893990,reward,6076,631.6128051676411,615.598,SF-P3O-NoFisher,Walker2d-v4,2
894200,reward,6077,588.3799282024936,625.661,SF-P3O-NoFisher,Walker2d-v4,2
894438,reward,6078,668.4983457017369,652.798,SF-P3O-NoFisher,Walker2d-v4,2
894657,reward,6079,626.9725235847337,648.308,SF-P3O-NoFisher,Walker2d-v4,2
894839,reward,6080,531.3231958763453,647.217,SF-P3O-NoFisher,Walker2d-v4,2
895151,reward,6081,911.86380559773,668.829,SF-P3O-NoFisher,Walker2d-v4,2
895337,reward,6082,521.5718394569275,640.955,SF-P3O-NoFisher,Walker2d-v4,2
895483,reward,6083,447.7898998584179,585.233,SF-P3O-NoFisher,Walker2d-v4,2
895795,reward,6084,794.093852612731,623.636,SF-P3O-NoFisher,Walker2d-v4,2
895960,reward,6085,454.13294020500393,617.624,SF-P3O-NoFisher,Walker2d-v4,2
896181,reward,6086,657.9929604839675,620.262,SF-P3O-NoFisher,Walker2d-v4,2
896333,reward,6087,432.8616418908552,604.71,SF-P3O-NoFisher,Walker2d-v4,2
896505,reward,6088,483.0028678711014,586.161,SF-P3O-NoFisher,Walker2d-v4,2
896712,reward,6089,597.0112688755382,583.164,SF-P3O-NoFisher,Walker2d-v4,2
896915,reward,6090,599.7598340285659,590.008,SF-P3O-NoFisher,Walker2d-v4,2
897068,reward,6091,452.6411372287307,544.086,SF-P3O-NoFisher,Walker2d-v4,2
897286,reward,6092,558.4696951298229,547.776,SF-P3O-NoFisher,Walker2d-v4,2
897472,reward,6093,535.0822195472524,556.505,SF-P3O-NoFisher,Walker2d-v4,2
897649,reward,6094,524.6367400886212,529.559,SF-P3O-NoFisher,Walker2d-v4,2
897804,reward,6095,448.2265718854715,528.968,SF-P3O-NoFisher,Walker2d-v4,2
898117,reward,6096,872.6487647184426,550.434,SF-P3O-NoFisher,Walker2d-v4,2
898362,reward,6097,759.9774389702812,583.146,SF-P3O-NoFisher,Walker2d-v4,2
898559,reward,6098,615.5712714990119,596.402,SF-P3O-NoFisher,Walker2d-v4,2
898693,reward,6099,374.67826054524267,574.169,SF-P3O-NoFisher,Walker2d-v4,2
898822,reward,6100,353.59273728337996,549.552,SF-P3O-NoFisher,Walker2d-v4,2
899040,reward,6101,654.3849399718904,569.727,SF-P3O-NoFisher,Walker2d-v4,2
899263,reward,6102,635.3440970761419,577.414,SF-P3O-NoFisher,Walker2d-v4,2
899505,reward,6103,645.8567988464563,588.492,SF-P3O-NoFisher,Walker2d-v4,2
899681,reward,6104,537.929151278463,589.821,SF-P3O-NoFisher,Walker2d-v4,2
899871,reward,6105,570.2437687775773,602.023,SF-P3O-NoFisher,Walker2d-v4,2
900000,speed,632.55,27.25,SF-P3O-NoFisher,Walker2d-v4,2
900001,spectral,0.070521,0.952589,0.8057,SF-P3O-NoFisher,Walker2d-v4,2
900103,reward,6106,682.9992519981399,583.058,SF-P3O-NoFisher,Walker2d-v4,2
900302,reward,6107,569.6368338798262,564.024,SF-P3O-NoFisher,Walker2d-v4,2
900467,reward,6108,467.9329520758323,549.26,SF-P3O-NoFisher,Walker2d-v4,2
900721,reward,6109,657.5299392107864,577.545,SF-P3O-NoFisher,Walker2d-v4,2
901058,reward,6110,953.8822060736089,637.574,SF-P3O-NoFisher,Walker2d-v4,2
901120,loss,-0.08083013445138931,0.7934486865997314,SF-P3O-NoFisher,Walker2d-v4,2
901120,diagnostics,0.0,73.03,60.6018,0.070703,0.95264,0.8056,-1.0,SF-P3O-NoFisher,Walker2d-v4,2
901179,reward,6111,299.06659249884484,602.042,SF-P3O-NoFisher,Walker2d-v4,2
901382,reward,6112,654.0177111210244,603.91,SF-P3O-NoFisher,Walker2d-v4,2
901538,reward,6113,417.3118778480001,581.055,SF-P3O-NoFisher,Walker2d-v4,2
901684,reward,6114,386.5899017838459,565.921,SF-P3O-NoFisher,Walker2d-v4,2
901837,reward,6115,418.0892806916686,550.706,SF-P3O-NoFisher,Walker2d-v4,2
901963,reward,6116,326.9431212791779,515.1,SF-P3O-NoFisher,Walker2d-v4,2
902103,reward,6117,348.09597845767956,492.946,SF-P3O-NoFisher,Walker2d-v4,2
902242,reward,6118,384.79496721896663,484.632,SF-P3O-NoFisher,Walker2d-v4,2
902465,reward,6119,673.4604682812823,486.225,SF-P3O-NoFisher,Walker2d-v4,2
902639,reward,6120,518.9766859482452,442.735,SF-P3O-NoFisher,Walker2d-v4,2
902831,reward,6121,542.063547615852,467.034,SF-P3O-NoFisher,Walker2d-v4,2
903091,reward,6122,727.5951799172967,474.392,SF-P3O-NoFisher,Walker2d-v4,2
903275,reward,6123,532.3287689899216,485.894,SF-P3O-NoFisher,Walker2d-v4,2
903409,reward,6124,364.52162102760263,483.687,SF-P3O-NoFisher,Walker2d-v4,2
903603,reward,6125,572.7475764509485,499.153,SF-P3O-NoFisher,Walker2d-v4,2
903870,reward,6126,750.8094461409196,541.539,SF-P3O-NoFisher,Walker2d-v4,2
904120,reward,6127,716.562656306548,578.386,SF-P3O-NoFisher,Walker2d-v4,2
904320,reward,6128,555.619738152776,595.469,SF-P3O-NoFisher,Walker2d-v4,2
904503,reward,6129,539.304434593047,582.053,SF-P3O-NoFisher,Walker2d-v4,2
904717,reward,6130,594.1214352025364,589.567,SF-P3O-NoFisher,Walker2d-v4,2
904955,reward,6131,689.7543105929101,604.337,SF-P3O-NoFisher,Walker2d-v4,2
905230,reward,6132,798.0052863103987,611.378,SF-P3O-NoFisher,Walker2d-v4,2
905486,reward,6133,752.1830849654477,633.363,SF-P3O-NoFisher,Walker2d-v4,2
905678,reward,6134,578.1825950216628,654.729,SF-P3O-NoFisher,Walker2d-v4,2
905847,reward,6135,444.387007350164,641.893,SF-P3O-NoFisher,Walker2d-v4,2
905997,reward,6136,418.0589021837714,608.618,SF-P3O-NoFisher,Walker2d-v4,2
906146,reward,6137,412.18466821355105,578.18,SF-P3O-NoFisher,Walker2d-v4,2
906488,reward,6138,859.0547115460632,608.524,SF-P3O-NoFisher,Walker2d-v4,2
906713,reward,6139,621.0078261943564,616.694,SF-P3O-NoFisher,Walker2d-v4,2
906999,reward,6140,828.1550835507506,640.097,SF-P3O-NoFisher,Walker2d-v4,2
907163,reward,6141,467.740878328607,617.896,SF-P3O-NoFisher,Walker2d-v4,2
907330,reward,6142,503.98278825113835,588.494,SF-P3O-NoFisher,Walker2d-v4,2
907457,reward,6143,314.7292885451554,544.748,SF-P3O-NoFisher,Walker2d-v4,2
907660,reward,6144,540.2850026535168,540.959,SF-P3O-NoFisher,Walker2d-v4,2
907828,reward,6145,476.63853392963455,544.184,SF-P3O-NoFisher,Walker2d-v4,2
908075,reward,6146,762.3390881828836,578.612,SF-P3O-NoFisher,Walker2d-v4,2
908176,reward,6147,204.09690305782811,557.803,SF-P3O-NoFisher,Walker2d-v4,2
908392,reward,6148,624.5310119043793,534.351,SF-P3O-NoFisher,Walker2d-v4,2
908526,reward,6149,360.4808345464258,508.298,SF-P3O-NoFisher,Walker2d-v4,2
908709,reward,6150,538.0233408267829,479.285,SF-P3O-NoFisher,Walker2d-v4,2
908940,reward,6151,704.7028510746046,502.981,SF-P3O-NoFisher,Walker2d-v4,2
909121,reward,6152,535.9993798160386,506.183,SF-P3O-NoFisher,Walker2d-v4,2
909312,loss,-0.02673777937889099,0.7118620872497559,SF-P3O-NoFisher,Walker2d-v4,2
909313,reward,6153,585.2712236743517,533.237,SF-P3O-NoFisher,Walker2d-v4,2
909379,reward,6154,124.73322040685267,491.682,SF-P3O-NoFisher,Walker2d-v4,2
909526,reward,6155,430.5542170952536,487.073,SF-P3O-NoFisher,Walker2d-v4,2
909796,reward,6156,812.67964904238,492.107,SF-P3O-NoFisher,Walker2d-v4,2
910000,speed,427.56,27.64,SF-P3O-NoFisher,Walker2d-v4,2
910001,perturb,0.070982,0.952477,0.8177,-1,-1,0.02,11,SF-P3O-NoFisher,Walker2d-v4,2
910005,reward,6157,559.2145975818478,527.619,SF-P3O-NoFisher,Walker2d-v4,2
910257,reward,6158,750.9268243734347,540.259,SF-P3O-NoFisher,Walker2d-v4,2
910398,reward,6159,391.79135601043765,543.39,SF-P3O-NoFisher,Walker2d-v4,2
910590,reward,6160,538.1859047486383,543.406,SF-P3O-NoFisher,Walker2d-v4,2
910790,reward,6161,595.0647321335124,532.442,SF-P3O-NoFisher,Walker2d-v4,2
910961,reward,6162,484.21849411443924,527.264,SF-P3O-NoFisher,Walker2d-v4,2
911114,reward,6163,416.9075854463957,510.428,SF-P3O-NoFisher,Walker2d-v4,2
911235,reward,6164,319.3405983740627,529.888,SF-P3O-NoFisher,Walker2d-v4,2
911650,reward,6165,1202.6955103274665,607.103,SF-P3O-NoFisher,Walker2d-v4,2
911802,reward,6166,439.78781624599844,569.813,SF-P3O-NoFisher,Walker2d-v4,2
912054,reward,6167,768.1900742372981,590.711,SF-P3O-NoFisher,Walker2d-v4,2
912241,reward,6168,536.1701032068943,569.235,SF-P3O-NoFisher,Walker2d-v4,2
912373,reward,6169,374.66368214566455,567.522,SF-P3O-NoFisher,Walker2d-v4,2
912520,reward,6170,380.15555531123675,551.719,SF-P3O-NoFisher,Walker2d-v4,2
912700,reward,6171,484.1106300338422,540.624,SF-P3O-NoFisher,Walker2d-v4,2
912908,reward,6172,614.53527271822,553.656,SF-P3O-NoFisher,Walker2d-v4,2
913147,reward,6173,607.719151181839,572.737,SF-P3O-NoFisher,Walker2d-v4,2
913385,reward,6174,673.8686677441772,608.19,SF-P3O-NoFisher,Walker2d-v4,2
913555,reward,6175,490.17362470769035,536.937,SF-P3O-NoFisher,Walker2d-v4,2
913736,reward,6176,547.0958627361131,547.668,SF-P3O-NoFisher,Walker2d-v4,2
914087,reward,6177,966.4224304746622,567.491,SF-P3O-NoFisher,Walker2d-v4,2
914216,reward,6178,326.45191463181266,546.52,SF-P3O-NoFisher,Walker2d-v4,2
914410,reward,6179,577.2832814045294,566.782,SF-P3O-NoFisher,Walker2d-v4,2
914537,reward,6180,336.4364998903547,562.41,SF-P3O-NoFisher,Walker2d-v4,2
914732,reward,6181,614.2204144740842,575.421,SF-P3O-NoFisher,Walker2d-v4,2
915030,reward,6182,843.9610236107064,598.363,SF-P3O-NoFisher,Walker2d-v4,2
915200,reward,6183,468.5958434856499,584.451,SF-P3O-NoFisher,Walker2d-v4,2
915429,reward,6184,667.1121036789325,583.775,SF-P3O-NoFisher,Walker2d-v4,2
915642,reward,6185,608.6349487024228,595.621,SF-P3O-NoFisher,Walker2d-v4,2
915717,reward,6186,153.40450358378646,556.252,SF-P3O-NoFisher,Walker2d-v4,2
915830,reward,6187,298.6141069444275,489.471,SF-P3O-NoFisher,Walker2d-v4,2
915987,reward,6188,450.9255692978237,501.919,SF-P3O-NoFisher,Walker2d-v4,2
916246,reward,6189,681.4950631416675,512.34,SF-P3O-NoFisher,Walker2d-v4,2
916433,reward,6190,552.95025199549,533.991,SF-P3O-NoFisher,Walker2d-v4,2
916652,reward,6191,578.7348488135747,530.443,SF-P3O-NoFisher,Walker2d-v4,2
916736,reward,6192,193.93667024892943,465.44,SF-P3O-NoFisher,Walker2d-v4,2
917008,reward,6193,752.4113117550932,493.822,SF-P3O-NoFisher,Walker2d-v4,2
917123,reward,6194,293.3792892926555,456.449,SF-P3O-NoFisher,Walker2d-v4,2
917270,reward,6195,391.2499966711656,434.71,SF-P3O-NoFisher,Walker2d-v4,2
917445,reward,6196,498.86265847253964,469.256,SF-P3O-NoFisher,Walker2d-v4,2
917504,loss,-0.09171365201473236,0.5458932518959045,SF-P3O-NoFisher,Walker2d-v4,2
917504,diagnostics,0.0,73.4,59.4869,0.070984,0.952445,0.8,-1.0,SF-P3O-NoFisher,Walker2d-v4,2
917642,reward,6197,558.8374660313297,495.278,SF-P3O-NoFisher,Walker2d-v4,2
917802,reward,6198,429.0104529998036,493.087,SF-P3O-NoFisher,Walker2d-v4,2
917995,reward,6199,592.7847599885604,484.216,SF-P3O-NoFisher,Walker2d-v4,2
918207,reward,6200,624.0092439521584,491.322,SF-P3O-NoFisher,Walker2d-v4,2
918417,reward,6201,672.5069702816008,500.699,SF-P3O-NoFisher,Walker2d-v4,2
918603,reward,6202,531.0707768277446,534.412,SF-P3O-NoFisher,Walker2d-v4,2
918927,reward,6203,1003.4442543175513,559.516,SF-P3O-NoFisher,Walker2d-v4,2
919139,reward,6204,621.74727370286,592.352,SF-P3O-NoFisher,Walker2d-v4,2
919443,reward,6205,840.1749582679703,637.245,SF-P3O-NoFisher,Walker2d-v4,2
919679,reward,6206,667.4514505691834,654.104,SF-P3O-NoFisher,Walker2d-v4,2
919844,reward,6207,476.58603533500377,645.879,SF-P3O-NoFisher,Walker2d-v4,2
920000,speed,641.1,27.9,SF-P3O-NoFisher,Walker2d-v4,2
920001,spectral,0.070984,0.952445,0.8,SF-P3O-NoFisher,Walker2d-v4,2
920070,reward,6208,643.6620286357333,667.344,SF-P3O-NoFisher,Walker2d-v4,2
920259,reward,6209,515.783710452749,659.644,SF-P3O-NoFisher,Walker2d-v4,2
920407,reward,6210,382.9750443292108,635.54,SF-P3O-NoFisher,Walker2d-v4,2
920607,reward,6211,569.4748123304248,625.237,SF-P3O-NoFisher,Walker2d-v4,2
920747,reward,6212,383.0624635494302,610.436,SF-P3O-NoFisher,Walker2d-v4,2
920885,reward,6213,366.53362687800075,546.745,SF-P3O-NoFisher,Walker2d-v4,2
921085,reward,6214,576.77563710096,542.248,SF-P3O-NoFisher,Walker2d-v4,2
921243,reward,6215,465.471837020193,504.778,SF-P3O-NoFisher,Walker2d-v4,2
921544,reward,6216,930.3009400014606,531.063,SF-P3O-NoFisher,Walker2d-v4,2
921640,reward,6217,186.32307263099023,502.036,SF-P3O-NoFisher,Walker2d-v4,2
921842,reward,6218,587.7583326987292,496.446,SF-P3O-NoFisher,Walker2d-v4,2
922124,reward,6219,851.6414401974421,530.032,SF-P3O-NoFisher,Walker2d-v4,2
922347,reward,6220,725.4505424188425,564.279,SF-P3O-NoFisher,Walker2d-v4,2
922538,reward,6221,582.9694429464611,565.629,SF-P3O-NoFisher,Walker2d-v4,2
922684,reward,6222,437.3429399858118,571.057,SF-P3O-NoFisher,Walker2d-v4,2
922877,reward,6223,584.5015967802535,592.854,SF-P3O-NoFisher,Walker2d-v4,2
923066,reward,6224,544.6513020919986,589.641,SF-P3O-NoFisher,Walker2d-v4,2
923195,reward,6225,347.8339915286683,577.877,SF-P3O-NoFisher,Walker2d-v4,2
923310,reward,6226,277.3757336242107,512.585,SF-P3O-NoFisher,Walker2d-v4,2
923460,reward,6227,376.3633507513037,531.589,SF-P3O-NoFisher,Walker2d-v4,2
923582,reward,6228,308.5838874394692,503.671,SF-P3O-NoFisher,Walker2d-v4,2
923797,reward,6229,524.286817132266,470.936,SF-P3O-NoFisher,Walker2d-v4,2
924087,reward,6230,896.0691121748717,487.998,SF-P3O-NoFisher,Walker2d-v4,2
924200,reward,6231,286.36404287144944,458.337,SF-P3O-NoFisher,Walker2d-v4,2
924328,reward,6232,336.2358275913138,448.227,SF-P3O-NoFisher,Walker2d-v4,2
924601,reward,6233,760.4467192756363,465.821,SF-P3O-NoFisher,Walker2d-v4,2
924845,reward,6234,739.0042669468236,485.256,SF-P3O-NoFisher,Walker2d-v4,2
925104,reward,6235,724.6634605198078,522.939,SF-P3O-NoFisher,Walker2d-v4,2
925238,reward,6236,390.5801219994072,534.26,SF-P3O-NoFisher,Walker2d-v4,2
925395,reward,6237,433.27362503833393,539.951,SF-P3O-NoFisher,Walker2d-v4,2
925608,reward,6238,640.6649789152655,573.159,SF-P3O-NoFisher,Walker2d-v4,2
925696,loss,-0.041294120252132416,0.4073593318462372,SF-P3O-NoFisher,Walker2d-v4,2
925813,reward,6239,625.5193868306417,583.282,SF-P3O-NoFisher,Walker2d-v4,2
925884,reward,6240,142.97537261852275,507.973,SF-P3O-NoFisher,Walker2d-v4,2
926175,reward,6241,897.0662241049716,569.043,SF-P3O-NoFisher,Walker2d-v4,2
926442,reward,6242,736.6963191006515,609.089,SF-P3O-NoFisher,Walker2d-v4,2
926588,reward,6243,370.6736771465673,570.112,SF-P3O-NoFisher,Walker2d-v4,2
926923,reward,6244,935.0329084895923,589.715,SF-P3O-NoFisher,Walker2d-v4,2
927134,reward,6245,619.4896752977193,579.197,SF-P3O-NoFisher,Walker2d-v4,2
927301,reward,6246,455.3251692505841,585.672,SF-P3O-NoFisher,Walker2d-v4,2
927465,reward,6247,493.2669787781782,591.671,SF-P3O-NoFisher,Walker2d-v4,2
927679,reward,6248,580.5006985860565,585.655,SF-P3O-NoFisher,Walker2d-v4,2
927912,reward,6249,688.5973413462235,591.962,SF-P3O-NoFisher,Walker2d-v4,2
928112,reward,6250,601.5451106889641,637.819,SF-P3O-NoFisher,Walker2d-v4,2
928318,reward,6251,629.1163945647152,611.024,SF-P3O-NoFisher,Walker2d-v4,2
928531,reward,6252,602.4793180126097,597.603,SF-P3O-NoFisher,Walker2d-v4,2
928764,reward,6253,708.8516609909406,631.421,SF-P3O-NoFisher,Walker2d-v4,2
929028,reward,6254,716.5147616251982,609.569,SF-P3O-NoFisher,Walker2d-v4,2
929157,reward,6255,360.8607154426386,583.706,SF-P3O-NoFisher,Walker2d-v4,2
929317,reward,6256,462.05762451537333,584.379,SF-P3O-NoFisher,Walker2d-v4,2
929479,reward,6257,445.25175199996863,579.578,SF-P3O-NoFisher,Walker2d-v4,2
929631,reward,6258,428.9622458497968,564.424,SF-P3O-NoFisher,Walker2d-v4,2
929817,reward,6259,545.1986718346312,550.084,SF-P3O-NoFisher,Walker2d-v4,2
930000,speed,648.2,28.16,SF-P3O-NoFisher,Walker2d-v4,2
930001,spectral,0.071112,0.9522,0.799,SF-P3O-NoFisher,Walker2d-v4,2
930013,reward,6260,585.6506443118129,548.494,SF-P3O-NoFisher,Walker2d-v4,2
930219,reward,6261,624.8185828985676,548.065,SF-P3O-NoFisher,Walker2d-v4,2
930593,reward,6262,970.6872065699732,584.885,SF-P3O-NoFisher,Walker2d-v4,2
930756,reward,6263,476.053414390243,561.606,SF-P3O-NoFisher,Walker2d-v4,2
930947,reward,6264,569.8507597679557,546.939,SF-P3O-NoFisher,Walker2d-v4,2
931136,reward,6265,538.9236462564858,564.745,SF-P3O-NoFisher,Walker2d-v4,2
931285,reward,6266,381.19087904930666,556.659,SF-P3O-NoFisher,Walker2d-v4,2
931537,reward,6267,753.1355387560258,587.447,SF-P3O-NoFisher,Walker2d-v4,2
931711,reward,6268,477.62245160340365,592.313,SF-P3O-NoFisher,Walker2d-v4,2
931907,reward,6269,565.6520149023254,594.359,SF-P3O-NoFisher,Walker2d-v4,2
932117,reward,6270,667.9791118119595,602.591,SF-P3O-NoFisher,Walker2d-v4,2
932324,reward,6271,591.812051307632,599.291,SF-P3O-NoFisher,Walker2d-v4,2
932525,reward,6272,585.0663646642798,560.729,SF-P3O-NoFisher,Walker2d-v4,2
932713,reward,6273,576.7513936938383,570.798,SF-P3O-NoFisher,Walker2d-v4,2
932926,reward,6274,628.473319427067,576.661,SF-P3O-NoFisher,Walker2d-v4,2
933167,reward,6275,642.109766839848,586.979,SF-P3O-NoFisher,Walker2d-v4,2
933396,reward,6276,673.9657269644347,616.257,SF-P3O-NoFisher,Walker2d-v4,2
933615,reward,6277,616.651435175306,602.608,SF-P3O-NoFisher,Walker2d-v4,2
933812,reward,6278,550.1366603116378,609.86,SF-P3O-NoFisher,Walker2d-v4,2
933888,loss,-0.06772907078266144,0.6112031936645508,SF-P3O-NoFisher,Walker2d-v4,2
933888,diagnostics,0.0,73.66,56.9226,0.071408,0.952166,0.8104,-1.0,SF-P3O-NoFisher,Walker2d-v4,2
934040,reward,6279,688.133220315598,622.108,SF-P3O-NoFisher,Walker2d-v4,2
934159,reward,6280,336.43211025279805,588.953,SF-P3O-NoFisher,Walker2d-v4,2
934364,reward,6281,637.6650629843837,593.539,SF-P3O-NoFisher,Walker2d-v4,2
934526,reward,6282,454.15398596298826,580.447,SF-P3O-NoFisher,Walker2d-v4,2
934777,reward,6283,714.0051594003897,594.173,SF-P3O-NoFisher,Walker2d-v4,2
934921,reward,6284,400.7456735621092,571.4,SF-P3O-NoFisher,Walker2d-v4,2
935167,reward,6285,729.5000306096994,580.139,SF-P3O-NoFisher,Walker2d-v4,2
935417,reward,6286,747.9502871267207,587.537,SF-P3O-NoFisher,Walker2d-v4,2
935666,reward,6287,674.8953438804078,593.362,SF-P3O-NoFisher,Walker2d-v4,2
935735,reward,6288,134.53584489838502,551.802,SF-P3O-NoFisher,Walker2d-v4,2
935805,reward,6289,130.56461848053468,496.045,SF-P3O-NoFisher,Walker2d-v4,2
935964,reward,6290,462.5780320275155,508.659,SF-P3O-NoFisher,Walker2d-v4,2
936185,reward,6291,724.219763290702,517.315,SF-P3O-NoFisher,Walker2d-v4,2
936294,reward,6292,293.47485481624346,501.247,SF-P3O-NoFisher,Walker2d-v4,2
936538,reward,6293,704.15223137767,500.262,SF-P3O-NoFisher,Walker2d-v4,2
936675,reward,6294,351.56852638715577,495.344,SF-P3O-NoFisher,Walker2d-v4,2
936831,reward,6295,445.6388595298569,466.958,SF-P3O-NoFisher,Walker2d-v4,2
936998,reward,6296,457.7675875927735,437.94,SF-P3O-NoFisher,Walker2d-v4,2
937272,reward,6297,775.5060826253565,448.001,SF-P3O-NoFisher,Walker2d-v4,2
937494,reward,6298,674.9281387129594,502.04,SF-P3O-NoFisher,Walker2d-v4,2
937776,reward,6299,839.5899594588274,572.942,SF-P3O-NoFisher,Walker2d-v4,2
937914,reward,6300,380.3178506816235,564.716,SF-P3O-NoFisher,Walker2d-v4,2
938108,reward,6301,590.9941062997914,551.394,SF-P3O-NoFisher,Walker2d-v4,2
938257,reward,6302,426.09386404957814,564.656,SF-P3O-NoFisher,Walker2d-v4,2
938495,reward,6303,750.3993305270981,569.28,SF-P3O-NoFisher,Walker2d-v4,2
938591,reward,6304,237.3299450273286,557.857,SF-P3O-NoFisher,Walker2d-v4,2
938870,reward,6305,814.7995799832134,594.773,SF-P3O-NoFisher,Walker2d-v4,2
939002,reward,6306,359.47425799118395,584.943,SF-P3O-NoFisher,Walker2d-v4,2
939146,reward,6307,427.2254159744562,550.115,SF-P3O-NoFisher,Walker2d-v4,2
939300,reward,6308,467.0334651568744,529.326,SF-P3O-NoFisher,Walker2d-v4,2
939569,reward,6309,755.9995464582469,520.967,SF-P3O-NoFisher,Walker2d-v4,2
939726,reward,6310,466.97579511040334,529.633,SF-P3O-NoFisher,Walker2d-v4,2
939884,reward,6311,432.80969214328775,513.814,SF-P3O-NoFisher,Walker2d-v4,2
940000,speed,669.97,28.41,SF-P3O-NoFisher,Walker2d-v4,2
940001,spectral,0.071408,0.952166,0.8104,SF-P3O-NoFisher,Walker2d-v4,2
940039,reward,6312,427.63776951281096,513.968,SF-P3O-NoFisher,Walker2d-v4,2
940250,reward,6313,656.8511474612263,504.614,SF-P3O-NoFisher,Walker2d-v4,2
940466,reward,6314,605.8698330845803,541.468,SF-P3O-NoFisher,Walker2d-v4,2
940577,reward,6315,300.6749362003356,490.055,SF-P3O-NoFisher,Walker2d-v4,2
940807,reward,6316,631.4673684327906,517.254,SF-P3O-NoFisher,Walker2d-v4,2
941054,reward,6317,726.440205598574,547.176,SF-P3O-NoFisher,Walker2d-v4,2
941227,reward,6318,514.7769500909135,551.95,SF-P3O-NoFisher,Walker2d-v4,2
941424,reward,6319,576.745343365485,534.025,SF-P3O-NoFisher,Walker2d-v4,2
941613,reward,6320,577.3255023360664,545.06,SF-P3O-NoFisher,Walker2d-v4,2
941767,reward,6321,444.66531251830276,546.245,SF-P3O-NoFisher,Walker2d-v4,2
941949,reward,6322,529.3923621514482,556.421,SF-P3O-NoFisher,Walker2d-v4,2
942078,reward,6323,346.3538279884559,525.371,SF-P3O-NoFisher,Walker2d-v4,2
942080,loss,0.014953849837183952,0.6515349745750427,SF-P3O-NoFisher,Walker2d-v4,2
942294,reward,6324,617.9103339415051,526.575,SF-P3O-NoFisher,Walker2d-v4,2
942491,reward,6325,573.1943919623037,553.827,SF-P3O-NoFisher,Walker2d-v4,2
942707,reward,6326,639.6377920724553,554.644,SF-P3O-NoFisher,Walker2d-v4,2
942855,reward,6327,412.8296408483819,523.283,SF-P3O-NoFisher,Walker2d-v4,2
943007,reward,6328,441.4619092923183,515.952,SF-P3O-NoFisher,Walker2d-v4,2
943269,reward,6329,780.1041792591806,536.288,SF-P3O-NoFisher,Walker2d-v4,2
943495,reward,6330,518.6333479145778,530.418,SF-P3O-NoFisher,Walker2d-v4,2
943629,reward,6331,351.38807832880235,521.091,SF-P3O-NoFisher,Walker2d-v4,2
943839,reward,6332,603.2481886730296,528.476,SF-P3O-NoFisher,Walker2d-v4,2
944006,reward,6333,479.91051199987504,541.832,SF-P3O-NoFisher,Walker2d-v4,2
944172,reward,6334,482.0678523009051,528.248,SF-P3O-NoFisher,Walker2d-v4,2
944428,reward,6335,778.3481996338464,548.763,SF-P3O-NoFisher,Walker2d-v4,2
944550,reward,6336,334.6991218232253,518.269,SF-P3O-NoFisher,Walker2d-v4,2
944635,reward,6337,197.45457471477127,496.732,SF-P3O-NoFisher,Walker2d-v4,2
944765,reward,6338,338.2728849387786,486.413,SF-P3O-NoFisher,Walker2d-v4,2
944883,reward,6339,314.0783061558065,439.81,SF-P3O-NoFisher,Walker2d-v4,2
945098,reward,6340,644.5450738752716,452.401,SF-P3O-NoFisher,Walker2d-v4,2
945340,reward,6341,705.0459973773211,487.767,SF-P3O-NoFisher,Walker2d-v4,2
945675,reward,6342,990.4148030484947,526.484,SF-P3O-NoFisher,Walker2d-v4,2
945744,reward,6343,138.13352174311245,492.306,SF-P3O-NoFisher,Walker2d-v4,2
946035,reward,6344,865.4563920621389,530.645,SF-P3O-NoFisher,Walker2d-v4,2
946341,reward,6345,987.9953009283788,551.61,SF-P3O-NoFisher,Walker2d-v4,2
946468,reward,6346,343.97655123763786,552.537,SF-P3O-NoFisher,Walker2d-v4,2
946639,reward,6347,510.94931958694394,583.887,SF-P3O-NoFisher,Walker2d-v4,2
946838,reward,6348,557.3985290578947,605.799,SF-P3O-NoFisher,Walker2d-v4,2
947169,reward,6349,969.6935400685389,671.361,SF-P3O-NoFisher,Walker2d-v4,2
947372,reward,6350,589.5668689535305,665.863,SF-P3O-NoFisher,Walker2d-v4,2
947555,reward,6351,545.6004219668756,649.919,SF-P3O-NoFisher,Walker2d-v4,2
947699,reward,6352,411.83790243367235,592.061,SF-P3O-NoFisher,Walker2d-v4,2
947965,reward,6353,775.5506375271309,655.803,SF-P3O-NoFisher,Walker2d-v4,2
948070,reward,6354,246.57494365523897,593.914,SF-P3O-NoFisher,Walker2d-v4,2
948229,reward,6355,409.19087171082924,536.034,SF-P3O-NoFisher,Walker2d-v4,2
948396,reward,6356,439.1471566229667,545.551,SF-P3O-NoFisher,Walker2d-v4,2
948539,reward,6357,342.0841382700654,528.665,SF-P3O-NoFisher,Walker2d-v4,2
948730,reward,6358,541.6826789529498,527.093,SF-P3O-NoFisher,Walker2d-v4,2
948981,reward,6359,745.3654044787402,504.66,SF-P3O-NoFisher,Walker2d-v4,2
949151,reward,6360,494.2612725703066,495.13,SF-P3O-NoFisher,Walker2d-v4,2
949405,reward,6361,794.5549368054753,520.025,SF-P3O-NoFisher,Walker2d-v4,2
949692,reward,6362,930.7304776181487,571.914,SF-P3O-NoFisher,Walker2d-v4,2
949947,reward,6363,709.0952295166713,565.269,SF-P3O-NoFisher,Walker2d-v4,2
950000,speed,654.76,28.66,SF-P3O-NoFisher,Walker2d-v4,2
950001,spectral,0.071856,0.952078,0.8178,SF-P3O-NoFisher,Walker2d-v4,2
950094,reward,6364,382.37244728753393,578.848,SF-P3O-NoFisher,Walker2d-v4,2
950226,reward,6365,349.8392868696708,572.913,SF-P3O-NoFisher,Walker2d-v4,2
950272,loss,-0.06621897220611572,0.514326274394989,SF-P3O-NoFisher,Walker2d-v4,2
950272,diagnostics,0.0,73.94,39.2784,0.072046,0.952112,0.837,-1.0,SF-P3O-NoFisher,Walker2d-v4,2
950339,reward,6366,305.5753911099967,559.556,SF-P3O-NoFisher,Walker2d-v4,2
950487,reward,6367,402.12421667144486,565.56,SF-P3O-NoFisher,Walker2d-v4,2
950638,reward,6368,480.03224603334996,559.395,SF-P3O-NoFisher,Walker2d-v4,2
950818,reward,6369,516.6777165484917,536.526,SF-P3O-NoFisher,Walker2d-v4,2
951124,reward,6370,891.5440927589179,576.255,SF-P3O-NoFisher,Walker2d-v4,2
951258,reward,6371,392.0253728034924,536.002,SF-P3O-NoFisher,Walker2d-v4,2
951337,reward,6372,173.99455440440497,460.328,SF-P3O-NoFisher,Walker2d-v4,2
951646,reward,6373,916.7355600645194,481.092,SF-P3O-NoFisher,Walker2d-v4,2
951799,reward,6374,398.7485318856929,482.73,SF-P3O-NoFisher,Walker2d-v4,2
952015,reward,6375,662.1284236909989,513.959,SF-P3O-NoFisher,Walker2d-v4,2
952339,reward,6376,881.7590737562231,571.577,SF-P3O-NoFisher,Walker2d-v4,2
952649,reward,6377,946.2383911651665,625.988,SF-P3O-NoFisher,Walker2d-v4,2
952921,reward,6378,808.9584683657503,658.881,SF-P3O-NoFisher,Walker2d-v4,2
953094,reward,6379,488.1847652268053,656.032,SF-P3O-NoFisher,Walker2d-v4,2
953333,reward,6380,672.3019981162747,634.108,SF-P3O-NoFisher,Walker2d-v4,2
953577,reward,6381,643.5187352939778,659.257,SF-P3O-NoFisher,Walker2d-v4,2
953777,reward,6382,580.4548623975602,699.903,SF-P3O-NoFisher,Walker2d-v4,2
953915,reward,6383,367.08911273140933,644.938,SF-P3O-NoFisher,Walker2d-v4,2
954060,reward,6384,390.5478352450276,644.118,SF-P3O-NoFisher,Walker2d-v4,2
954289,reward,6385,683.9667829419143,646.302,SF-P3O-NoFisher,Walker2d-v4,2
954534,reward,6386,761.4347865623405,634.27,SF-P3O-NoFisher,Walker2d-v4,2
954716,reward,6387,583.2818578298858,597.974,SF-P3O-NoFisher,Walker2d-v4,2
954838,reward,6388,334.1042966834743,550.489,SF-P3O-NoFisher,Walker2d-v4,2
954976,reward,6389,388.8106481290361,540.551,SF-P3O-NoFisher,Walker2d-v4,2
955182,reward,6390,615.8154312162393,534.902,SF-P3O-NoFisher,Walker2d-v4,2
955343,reward,6391,467.6119228647036,517.312,SF-P3O-NoFisher,Walker2d-v4,2
955435,reward,6392,195.21968993306035,478.788,SF-P3O-NoFisher,Walker2d-v4,2
955636,reward,6393,595.5980977012487,501.639,SF-P3O-NoFisher,Walker2d-v4,2
955777,reward,6394,359.5644074010548,498.541,SF-P3O-NoFisher,Walker2d-v4,2
955985,reward,6395,641.3296506008309,494.277,SF-P3O-NoFisher,Walker2d-v4,2
956136,reward,6396,394.84222995620627,457.618,SF-P3O-NoFisher,Walker2d-v4,2
956256,reward,6397,335.26154151996155,432.816,SF-P3O-NoFisher,Walker2d-v4,2
956432,reward,6398,537.8916183314307,453.195,SF-P3O-NoFisher,Walker2d-v4,2
956572,reward,6399,385.30185455635814,452.844,SF-P3O-NoFisher,Walker2d-v4,2
956743,reward,6400,512.9912511787415,442.561,SF-P3O-NoFisher,Walker2d-v4,2
956889,reward,6401,423.2436698739157,438.124,SF-P3O-NoFisher,Walker2d-v4,2
957026,reward,6402,365.519024137533,455.154,SF-P3O-NoFisher,Walker2d-v4,2
957234,reward,6403,633.3537636502585,458.93,SF-P3O-NoFisher,Walker2d-v4,2
957531,reward,6404,750.7942787607726,498.053,SF-P3O-NoFisher,Walker2d-v4,2
957658,reward,6405,329.9827844712348,466.918,SF-P3O-NoFisher,Walker2d-v4,2
957784,reward,6406,337.48412514450416,461.182,SF-P3O-NoFisher,Walker2d-v4,2
958041,reward,6407,809.5995378618228,508.616,SF-P3O-NoFisher,Walker2d-v4,2
958293,reward,6408,700.1865903533372,524.846,SF-P3O-NoFisher,Walker2d-v4,2
958464,loss,-0.03147801011800766,0.5047158598899841,SF-P3O-NoFisher,Walker2d-v4,2
958465,reward,6409,518.3095466153336,538.146,SF-P3O-NoFisher,Walker2d-v4,2
958752,reward,6410,761.4057797923028,562.988,SF-P3O-NoFisher,Walker2d-v4,2
958907,reward,6411,440.5486993211953,564.718,SF-P3O-NoFisher,Walker2d-v4,2
959050,reward,6412,324.4525466788902,560.612,SF-P3O-NoFisher,Walker2d-v4,2
959264,reward,6413,600.5216563125211,557.329,SF-P3O-NoFisher,Walker2d-v4,2
959434,reward,6414,499.1507398275791,532.164,SF-P3O-NoFisher,Walker2d-v4,2
959594,reward,6415,446.46747768669974,543.813,SF-P3O-NoFisher,Walker2d-v4,2
959786,reward,6416,599.1177899472631,569.976,SF-P3O-NoFisher,Walker2d-v4,2
959968,reward,6417,505.614879379215,539.578,SF-P3O-NoFisher,Walker2d-v4,2
960000,speed,439.62,29.04,SF-P3O-NoFisher,Walker2d-v4,2
960001,perturb,0.072334,0.952125,0.8396,-1,-1,0.02,12,SF-P3O-NoFisher,Walker2d-v4,2
960143,reward,6418,508.4173041528621,520.401,SF-P3O-NoFisher,Walker2d-v4,2
960473,reward,6419,886.7550249329466,557.245,SF-P3O-NoFisher,Walker2d-v4,2
960693,reward,6420,564.2577484288506,537.53,SF-P3O-NoFisher,Walker2d-v4,2
960849,reward,6421,420.3659538635735,535.512,SF-P3O-NoFisher,Walker2d-v4,2
961202,reward,6422,1052.9062824388382,608.357,SF-P3O-NoFisher,Walker2d-v4,2
961419,reward,6423,650.2470789710738,613.33,SF-P3O-NoFisher,Walker2d-v4,2
961606,reward,6424,571.3188309903057,620.547,SF-P3O-NoFisher,Walker2d-v4,2
961750,reward,6425,386.4915657681071,614.549,SF-P3O-NoFisher,Walker2d-v4,2
961917,reward,6426,488.75535739090856,603.513,SF-P3O-NoFisher,Walker2d-v4,2
962134,reward,6427,644.2387652519494,617.375,SF-P3O-NoFisher,Walker2d-v4,2
962330,reward,6428,588.5693493161643,625.391,SF-P3O-NoFisher,Walker2d-v4,2
962447,reward,6429,269.8224662668187,563.697,SF-P3O-NoFisher,Walker2d-v4,2
962682,reward,6430,691.4325675155753,576.415,SF-P3O-NoFisher,Walker2d-v4,2
962972,reward,6431,843.5978040874295,618.738,SF-P3O-NoFisher,Walker2d-v4,2
963235,reward,6432,788.3054644511552,592.278,SF-P3O-NoFisher,Walker2d-v4,2
963456,reward,6433,631.770753558774,590.43,SF-P3O-NoFisher,Walker2d-v4,2
963704,reward,6434,673.5111619082285,600.65,SF-P3O-NoFisher,Walker2d-v4,2
963828,reward,6435,331.25400936173565,595.126,SF-P3O-NoFisher,Walker2d-v4,2
963986,reward,6436,460.63516681467473,592.314,SF-P3O-NoFisher,Walker2d-v4,2
964195,reward,6437,631.8632619951525,591.076,SF-P3O-NoFisher,Walker2d-v4,2
964415,reward,6438,628.8067173290048,595.1,SF-P3O-NoFisher,Walker2d-v4,2
964611,reward,6439,574.5236952686989,625.57,SF-P3O-NoFisher,Walker2d-v4,2
964763,reward,6440,407.51373656982975,597.178,SF-P3O-NoFisher,Walker2d-v4,2
964892,reward,6441,317.7902727299842,544.597,SF-P3O-NoFisher,Walker2d-v4,2
965156,reward,6442,733.075677068135,539.074,SF-P3O-NoFisher,Walker2d-v4,2
965312,reward,6443,448.5598294932262,520.753,SF-P3O-NoFisher,Walker2d-v4,2
965455,reward,6444,377.22118359249464,491.124,SF-P3O-NoFisher,Walker2d-v4,2
965666,reward,6445,590.6104815383372,517.06,SF-P3O-NoFisher,Walker2d-v4,2
965891,reward,6446,626.4934657861967,533.646,SF-P3O-NoFisher,Walker2d-v4,2
966211,reward,6447,989.6045690111617,569.42,SF-P3O-NoFisher,Walker2d-v4,2
966421,reward,6448,621.23117177298,568.662,SF-P3O-NoFisher,Walker2d-v4,2
966650,reward,6449,752.9633097462884,586.506,SF-P3O-NoFisher,Walker2d-v4,2
966656,loss,-0.045401912182569504,0.5000630617141724,SF-P3O-NoFisher,Walker2d-v4,2
966656,diagnostics,0.0,74.32,63.1826,0.072446,0.952149,0.8606,-1.0,SF-P3O-NoFisher,Walker2d-v4,2
966792,reward,6450,404.4518645900845,586.2,SF-P3O-NoFisher,Walker2d-v4,2
966935,reward,6451,364.5603148112103,590.877,SF-P3O-NoFisher,Walker2d-v4,2
967196,reward,6452,755.4185841667896,593.111,SF-P3O-NoFisher,Walker2d-v4,2
967516,reward,6453,968.036875956189,645.059,SF-P3O-NoFisher,Walker2d-v4,2
967717,reward,6454,606.9903940031835,668.036,SF-P3O-NoFisher,Walker2d-v4,2
967902,reward,6455,579.5804012719342,666.933,SF-P3O-NoFisher,Walker2d-v4,2
967975,reward,6456,156.10468791485442,619.894,SF-P3O-NoFisher,Walker2d-v4,2
968140,reward,6457,489.10723222817603,569.844,SF-P3O-NoFisher,Walker2d-v4,2
968388,reward,6458,772.9961161348524,585.021,SF-P3O-NoFisher,Walker2d-v4,2
968627,reward,6459,722.5355153240253,581.978,SF-P3O-NoFisher,Walker2d-v4,2
968824,reward,6460,599.9367350824623,601.527,SF-P3O-NoFisher,Walker2d-v4,2
969074,reward,6461,723.1965034745433,637.39,SF-P3O-NoFisher,Walker2d-v4,2
969362,reward,6462,851.3855053426736,646.987,SF-P3O-NoFisher,Walker2d-v4,2
969622,reward,6463,798.1557053437792,629.999,SF-P3O-NoFisher,Walker2d-v4,2
969776,reward,6464,401.5908620224641,609.459,SF-P3O-NoFisher,Walker2d-v4,2
969928,reward,6465,411.72885835342737,592.674,SF-P3O-NoFisher,Walker2d-v4,2
970000,speed,641.64,29.3,SF-P3O-NoFisher,Walker2d-v4,2
970001,spectral,0.072446,0.952149,0.8606,SF-P3O-NoFisher,Walker2d-v4,2
970091,reward,6466,428.25525652495384,619.889,SF-P3O-NoFisher,Walker2d-v4,2
970269,reward,6467,552.8610505790676,626.264,SF-P3O-NoFisher,Walker2d-v4,2
970340,reward,6468,137.83729232235592,562.748,SF-P3O-NoFisher,Walker2d-v4,2
970480,reward,6469,391.19500339201716,529.614,SF-P3O-NoFisher,Walker2d-v4,2
970726,reward,6470,712.9510351200138,540.916,SF-P3O-NoFisher,Walker2d-v4,2
970835,reward,6471,288.7347310652868,497.47,SF-P3O-NoFisher,Walker2d-v4,2
971006,reward,6472,513.2126888260035,463.652,SF-P3O-NoFisher,Walker2d-v4,2
971193,reward,6473,594.3162793393215,443.268,SF-P3O-NoFisher,Walker2d-v4,2
971323,reward,6474,365.22805843768623,439.632,SF-P3O-NoFisher,Walker2d-v4,2
971512,reward,6475,530.5651227445438,451.516,SF-P3O-NoFisher,Walker2d-v4,2
971634,reward,6476,331.9538210886007,441.886,SF-P3O-NoFisher,Walker2d-v4,2
971870,reward,6477,677.7135814080788,454.371,SF-P3O-NoFisher,Walker2d-v4,2
972100,reward,6478,668.002890048106,507.387,SF-P3O-NoFisher,Walker2d-v4,2
972327,reward,6479,658.5857688143444,534.126,SF-P3O-NoFisher,Walker2d-v4,2
972532,reward,6480,578.7061490852348,520.702,SF-P3O-NoFisher,Walker2d-v4,2
972677,reward,6481,416.5786800744221,533.486,SF-P3O-NoFisher,Walker2d-v4,2
972945,reward,6482,765.6310007278427,558.728,SF-P3O-NoFisher,Walker2d-v4,2
973143,reward,6483,597.3410820735864,559.031,SF-P3O-NoFisher,Walker2d-v4,2
973487,reward,6484,965.7102574268658,619.079,SF-P3O-NoFisher,Walker2d-v4,2
973626,reward,6485,357.55995337897804,601.778,SF-P3O-NoFisher,Walker2d-v4,2
973853,reward,6486,675.0212238404617,636.085,SF-P3O-NoFisher,Walker2d-v4,2
973993,reward,6487,400.73757974805244,608.387,SF-P3O-NoFisher,Walker2d-v4,2
974127,reward,6488,380.8879603034985,579.676,SF-P3O-NoFisher,Walker2d-v4,2
974326,reward,6489,590.570956836333,572.874,SF-P3O-NoFisher,Walker2d-v4,2
974442,reward,6490,304.2429075817893,545.428,SF-P3O-NoFisher,Walker2d-v4,2
974592,reward,6491,421.4724172904422,545.918,SF-P3O-NoFisher,Walker2d-v4,2
974845,reward,6492,750.5943921455087,544.414,SF-P3O-NoFisher,Walker2d-v4,2
974848,loss,0.02016501873731613,0.7933170795440674,SF-P3O-NoFisher,Walker2d-v4,2
975092,reward,6493,704.0554477081681,555.085,SF-P3O-NoFisher,Walker2d-v4,2
975296,reward,6494,652.0079071055619,523.715,SF-P3O-NoFisher,Walker2d-v4,2
975487,reward,6495,597.4607538669427,547.705,SF-P3O-NoFisher,Walker2d-v4,2
975635,reward,6496,421.2028538212389,522.323,SF-P3O-NoFisher,Walker2d-v4,2
975827,reward,6497,591.8839356041884,541.438,SF-P3O-NoFisher,Walker2d-v4,2
976133,reward,6498,946.8856351206547,598.038,SF-P3O-NoFisher,Walker2d-v4,2
976364,reward,6499,728.8123050163719,611.862,SF-P3O-NoFisher,Walker2d-v4,2
976711,reward,6500,1050.9623646383238,686.534,SF-P3O-NoFisher,Walker2d-v4,2
976850,reward,6501,390.3582738382809,683.422,SF-P3O-NoFisher,Walker2d-v4,2
976985,reward,6502,358.7215796127321,644.235,SF-P3O-NoFisher,Walker2d-v4,2
977223,reward,6503,701.8420768035712,644.014,SF-P3O-NoFisher,Walker2d-v4,2
977439,reward,6504,656.1208776925899,644.425,SF-P3O-NoFisher,Walker2d-v4,2
977663,reward,6505,644.3880658470719,649.118,SF-P3O-NoFisher,Walker2d-v4,2
977813,reward,6506,441.0122731041105,651.099,SF-P3O-NoFisher,Walker2d-v4,2
978036,reward,6507,705.481576387035,662.459,SF-P3O-NoFisher,Walker2d-v4,2
978192,reward,6508,451.3251720401277,612.902,SF-P3O-NoFisher,Walker2d-v4,2
978482,reward,6509,884.0681373113196,628.428,SF-P3O-NoFisher,Walker2d-v4,2
978669,reward,6510,555.1566477684582,578.847,SF-P3O-NoFisher,Walker2d-v4,2
978866,reward,6511,622.8704670176377,602.099,SF-P3O-NoFisher,Walker2d-v4,2
979059,reward,6512,630.1970573969627,629.246,SF-P3O-NoFisher,Walker2d-v4,2
979261,reward,6513,635.8845056308035,622.65,SF-P3O-NoFisher,Walker2d-v4,2
979410,reward,6514,414.6286319563467,598.501,SF-P3O-NoFisher,Walker2d-v4,2
979738,reward,6515,836.7293970555927,617.735,SF-P3O-NoFisher,Walker2d-v4,2
979897,reward,6516,455.28708480950263,619.163,SF-P3O-NoFisher,Walker2d-v4,2
980000,speed,653.58,29.55,SF-P3O-NoFisher,Walker2d-v4,2
980001,spectral,0.07273,0.95216,0.8836,SF-P3O-NoFisher,Walker2d-v4,2
980008,reward,6517,282.55149354408195,576.87,SF-P3O-NoFisher,Walker2d-v4,2
980236,reward,6518,641.4027205942955,595.878,SF-P3O-NoFisher,Walker2d-v4,2
980402,reward,6519,454.9001940918563,552.961,SF-P3O-NoFisher,Walker2d-v4,2
980664,reward,6520,794.2885323816341,576.874,SF-P3O-NoFisher,Walker2d-v4,2
980993,reward,6521,969.3964895638602,611.527,SF-P3O-NoFisher,Walker2d-v4,2
981147,reward,6522,447.3241369215287,593.239,SF-P3O-NoFisher,Walker2d-v4,2
981300,reward,6523,426.5712073401708,572.308,SF-P3O-NoFisher,Walker2d-v4,2
981478,reward,6524,562.8992948552674,587.135,SF-P3O-NoFisher,Walker2d-v4,2
981667,reward,6525,537.4984390969316,557.212,SF-P3O-NoFisher,Walker2d-v4,2
981863,reward,6526,596.8174228274671,571.365,SF-P3O-NoFisher,Walker2d-v4,2
982104,reward,6527,687.2105325587253,611.831,SF-P3O-NoFisher,Walker2d-v4,2
982346,reward,6528,700.6908228582697,617.76,SF-P3O-NoFisher,Walker2d-v4,2
982559,reward,6529,659.7785520477865,638.248,SF-P3O-NoFisher,Walker2d-v4,2
982776,reward,6530,634.417614239913,622.26,SF-P3O-NoFisher,Walker2d-v4,2
982892,reward,6531,318.5522437562031,557.176,SF-P3O-NoFisher,Walker2d-v4,2
983040,loss,-0.0728888288140297,0.7006017565727234,SF-P3O-NoFisher,Walker2d-v4,2
983040,diagnostics,0.0,74.61,72.4354,0.072931,0.952111,0.859,-1.0,SF-P3O-NoFisher,Walker2d-v4,2
983043,reward,6532,408.7757262626529,553.321,SF-P3O-NoFisher,Walker2d-v4,2
983264,reward,6533,647.0998466673967,575.374,SF-P3O-NoFisher,Walker2d-v4,2
983503,reward,6534,744.0165014765321,593.486,SF-P3O-NoFisher,Walker2d-v4,2
983686,reward,6535,513.3650094949007,591.072,SF-P3O-NoFisher,Walker2d-v4,2
983756,reward,6536,148.40032316596077,546.231,SF-P3O-NoFisher,Walker2d-v4,2
983927,reward,6537,495.75824651307767,527.085,SF-P3O-NoFisher,Walker2d-v4,2
984207,reward,6538,844.6899086264849,541.485,SF-P3O-NoFisher,Walker2d-v4,2
984437,reward,6539,726.6480984769427,548.172,SF-P3O-NoFisher,Walker2d-v4,2
984681,reward,6540,652.3675426323138,549.967,SF-P3O-NoFisher,Walker2d-v4,2
984937,reward,6541,766.1785396620319,594.73,SF-P3O-NoFisher,Walker2d-v4,2
985087,reward,6542,408.3129151717812,594.684,SF-P3O-NoFisher,Walker2d-v4,2
985300,reward,6543,627.9081935134474,592.765,SF-P3O-NoFisher,Walker2d-v4,2
985547,reward,6544,663.231502516167,584.686,SF-P3O-NoFisher,Walker2d-v4,2
985742,reward,6545,566.4491395294563,589.994,SF-P3O-NoFisher,Walker2d-v4,2
986078,reward,6546,951.7687017755254,670.331,SF-P3O-NoFisher,Walker2d-v4,2
986254,reward,6547,497.00643013254995,670.456,SF-P3O-NoFisher,Walker2d-v4,2
986610,reward,6548,1094.0730735592626,695.394,SF-P3O-NoFisher,Walker2d-v4,2
986785,reward,6549,505.9164188972005,673.321,SF-P3O-NoFisher,Walker2d-v4,2
986944,reward,6550,402.0203278917434,648.287,SF-P3O-NoFisher,Walker2d-v4,2
987132,reward,6551,581.394962266176,629.808,SF-P3O-NoFisher,Walker2d-v4,2
987429,reward,6552,924.1368909859874,681.391,SF-P3O-NoFisher,Walker2d-v4,2
987567,reward,6553,355.37698725511837,654.137,SF-P3O-NoFisher,Walker2d-v4,2
987771,reward,6554,631.0751686027987,650.922,SF-P3O-NoFisher,Walker2d-v4,2
988005,reward,6555,622.4145080759859,656.518,SF-P3O-NoFisher,Walker2d-v4,2
988183,reward,6556,531.3511437378138,614.477,SF-P3O-NoFisher,Walker2d-v4,2
988327,reward,6557,396.1849153782599,604.394,SF-P3O-NoFisher,Walker2d-v4,2
988617,reward,6558,889.1700799264224,583.904,SF-P3O-NoFisher,Walker2d-v4,2
988780,reward,6559,500.81039718624197,583.394,SF-P3O-NoFisher,Walker2d-v4,2
989000,reward,6560,658.859768823259,609.077,SF-P3O-NoFisher,Walker2d-v4,2
989137,reward,6561,359.4201569089323,586.88,SF-P3O-NoFisher,Walker2d-v4,2
989368,reward,6562,632.162695743918,557.683,SF-P3O-NoFisher,Walker2d-v4,2
989548,reward,6563,530.7421959820101,575.219,SF-P3O-NoFisher,Walker2d-v4,2
989787,reward,6564,662.5467681945734,578.366,SF-P3O-NoFisher,Walker2d-v4,2
990000,speed,692.67,29.79,SF-P3O-NoFisher,Walker2d-v4,2
990001,spectral,0.072931,0.952111,0.859,SF-P3O-NoFisher,Walker2d-v4,2
990042,reward,6565,746.103633609731,590.735,SF-P3O-NoFisher,Walker2d-v4,2
990279,reward,6566,690.151776365197,606.615,SF-P3O-NoFisher,Walker2d-v4,2
990495,reward,6567,649.4801875117679,631.945,SF-P3O-NoFisher,Walker2d-v4,2
990719,reward,6568,624.726168157841,605.5,SF-P3O-NoFisher,Walker2d-v4,2
990897,reward,6569,493.70826253997814,604.79,SF-P3O-NoFisher,Walker2d-v4,2
991041,reward,6570,395.82796585976615,578.487,SF-P3O-NoFisher,Walker2d-v4,2
991232,loss,-0.06522178649902344,0.4997060298919678,SF-P3O-NoFisher,Walker2d-v4,2
991253,reward,6571,596.0554361197214,602.151,SF-P3O-NoFisher,Walker2d-v4,2
991421,reward,6572,481.75078181360954,587.109,SF-P3O-NoFisher,Walker2d-v4,2
991690,reward,6573,828.2820172568462,616.863,SF-P3O-NoFisher,Walker2d-v4,2
991917,reward,6574,681.1485684856312,618.723,SF-P3O-NoFisher,Walker2d-v4,2
992164,reward,6575,693.498701417301,613.463,SF-P3O-NoFisher,Walker2d-v4,2
992351,reward,6576,570.9794854865828,601.546,SF-P3O-NoFisher,Walker2d-v4,2
992591,reward,6577,693.7286719967647,605.971,SF-P3O-NoFisher,Walker2d-v4,2
992861,reward,6578,909.41138957466,634.439,SF-P3O-NoFisher,Walker2d-v4,2
993074,reward,6579,628.7268088476184,647.941,SF-P3O-NoFisher,Walker2d-v4,2
993297,reward,6580,684.7831931260416,676.837,SF-P3O-NoFisher,Walker2d-v4,2
993464,reward,6581,473.7800310869265,664.609,SF-P3O-NoFisher,Walker2d-v4,2
993687,reward,6582,666.1671018951179,683.051,SF-P3O-NoFisher,Walker2d-v4,2
993983,reward,6583,863.2854702572348,686.551,SF-P3O-NoFisher,Walker2d-v4,2
994217,reward,6584,670.3455345728743,685.471,SF-P3O-NoFisher,Walker2d-v4,2
994458,reward,6585,691.9364242701062,685.314,SF-P3O-NoFisher,Walker2d-v4,2
994751,reward,6586,910.0833468150959,719.225,SF-P3O-NoFisher,Walker2d-v4,2
994863,reward,6587,309.0819958748519,680.76,SF-P3O-NoFisher,Walker2d-v4,2
995095,reward,6588,716.219092957655,661.441,SF-P3O-NoFisher,Walker2d-v4,2
995268,reward,6589,507.0838122077387,649.277,SF-P3O-NoFisher,Walker2d-v4,2
995491,reward,6590,676.3286869341373,648.431,SF-P3O-NoFisher,Walker2d-v4,2
995710,reward,6591,673.1685275786084,668.37,SF-P3O-NoFisher,Walker2d-v4,2
995902,reward,6592,556.5910925085873,657.412,SF-P3O-NoFisher,Walker2d-v4,2
996103,reward,6593,654.4674721956437,636.531,SF-P3O-NoFisher,Walker2d-v4,2
996288,reward,6594,525.7541677116343,622.071,SF-P3O-NoFisher,Walker2d-v4,2
996487,reward,6595,595.6121518004658,612.439,SF-P3O-NoFisher,Walker2d-v4,2
996743,reward,6596,740.6027333410522,595.491,SF-P3O-NoFisher,Walker2d-v4,2
997015,reward,6597,821.0906154577438,646.692,SF-P3O-NoFisher,Walker2d-v4,2
997328,reward,6598,986.840868601895,673.754,SF-P3O-NoFisher,Walker2d-v4,2
997670,reward,6599,1017.4574004386301,724.791,SF-P3O-NoFisher,Walker2d-v4,2
997875,reward,6600,584.2687806461247,715.585,SF-P3O-NoFisher,Walker2d-v4,2
998087,reward,6601,643.2626909723405,712.595,SF-P3O-NoFisher,Walker2d-v4,2
998241,reward,6602,427.43881209062613,699.68,SF-P3O-NoFisher,Walker2d-v4,2
998450,reward,6603,672.5641708682491,701.489,SF-P3O-NoFisher,Walker2d-v4,2
998734,reward,6604,835.3507177925837,732.449,SF-P3O-NoFisher,Walker2d-v4,2
998888,reward,6605,429.96286345857607,715.884,SF-P3O-NoFisher,Walker2d-v4,2
999165,reward,6606,808.5311257785125,722.677,SF-P3O-NoFisher,Walker2d-v4,2
999424,loss,-0.027702204883098602,0.9015323519706726,SF-P3O-NoFisher,Walker2d-v4,2
999424,diagnostics,0.0,74.96,70.7054,0.073423,0.952135,0.8271,-1.0,SF-P3O-NoFisher,Walker2d-v4,2
999432,reward,6607,819.6051739435118,722.528,SF-P3O-NoFisher,Walker2d-v4,2
999590,reward,6608,450.12758386309935,668.857,SF-P3O-NoFisher,Walker2d-v4,2
999834,reward,6609,756.2865916604028,642.74,SF-P3O-NoFisher,Walker2d-v4,2
1000000,speed,469.06,30.15,SF-P3O-NoFisher,Walker2d-v4,2
