step,tag
21,reward,1,2.2818802989665636,2.282,SF-P3O-NoSpectral,Walker2d-v4,0
54,reward,2,9.224793295270228,5.753,SF-P3O-NoSpectral,Walker2d-v4,0
67,reward,3,0.6598656260955753,4.056,SF-P3O-NoSpectral,Walker2d-v4,0
83,reward,4,5.521148351309642,4.422,SF-P3O-NoSpectral,Walker2d-v4,0
96,reward,5,-0.8048102668443682,3.377,SF-P3O-NoSpectral,Walker2d-v4,0
114,reward,6,4.033965513832942,3.486,SF-P3O-NoSpectral,Walker2d-v4,0
125,reward,7,-5.004643656977479,2.273,SF-P3O-NoSpectral,Walker2d-v4,0
134,reward,8,-1.7557070007254176,1.77,SF-P3O-NoSpectral,Walker2d-v4,0
149,reward,9,-0.05949035792315738,1.566,SF-P3O-NoSpectral,Walker2d-v4,0
162,reward,10,-3.491443184044339,1.061,SF-P3O-NoSpectral,Walker2d-v4,0
185,reward,11,-0.3309663684871298,0.799,SF-P3O-NoSpectral,Walker2d-v4,0
199,reward,12,-4.255011271427525,-0.549,SF-P3O-NoSpectral,Walker2d-v4,0
226,reward,13,0.9623595723054637,-0.518,SF-P3O-NoSpectral,Walker2d-v4,0
245,reward,14,7.946630439206708,-0.276,SF-P3O-NoSpectral,Walker2d-v4,0
274,reward,15,-2.6209573218225017,-0.458,SF-P3O-NoSpectral,Walker2d-v4,0
294,reward,16,-2.7479796580983895,-1.136,SF-P3O-NoSpectral,Walker2d-v4,0
307,reward,17,2.0816007753246,-0.427,SF-P3O-NoSpectral,Walker2d-v4,0
324,reward,18,3.9759978301918446,0.146,SF-P3O-NoSpectral,Walker2d-v4,0
344,reward,19,-1.0999362375638746,0.042,SF-P3O-NoSpectral,Walker2d-v4,0
360,reward,20,-1.666704114333307,0.225,SF-P3O-NoSpectral,Walker2d-v4,0
380,reward,21,0.7587498406382531,0.333,SF-P3O-NoSpectral,Walker2d-v4,0
402,reward,22,2.5689332822326643,1.016,SF-P3O-NoSpectral,Walker2d-v4,0
420,reward,23,-3.373229470476525,0.582,SF-P3O-NoSpectral,Walker2d-v4,0
438,reward,24,-1.2138551067735723,-0.334,SF-P3O-NoSpectral,Walker2d-v4,0
451,reward,25,-0.18663284774885736,-0.09,SF-P3O-NoSpectral,Walker2d-v4,0
461,reward,26,-2.066358108503308,-0.022,SF-P3O-NoSpectral,Walker2d-v4,0
471,reward,27,-1.952214774120516,-0.426,SF-P3O-NoSpectral,Walker2d-v4,0
481,reward,28,-2.2120552329789653,-1.044,SF-P3O-NoSpectral,Walker2d-v4,0
507,reward,29,-0.9663196241118079,-1.031,SF-P3O-NoSpectral,Walker2d-v4,0
525,reward,30,-2.6432975503790486,-1.129,SF-P3O-NoSpectral,Walker2d-v4,0
542,reward,31,4.453648851744543,-0.759,SF-P3O-NoSpectral,Walker2d-v4,0
554,reward,32,1.9278711518767058,-0.823,SF-P3O-NoSpectral,Walker2d-v4,0
564,reward,33,0.5015835931011212,-0.436,SF-P3O-NoSpectral,Walker2d-v4,0
583,reward,34,4.0721789793279495,0.093,SF-P3O-NoSpectral,Walker2d-v4,0
595,reward,35,1.2702434955174637,0.239,SF-P3O-NoSpectral,Walker2d-v4,0
611,reward,36,3.1031004668669873,0.755,SF-P3O-NoSpectral,Walker2d-v4,0
625,reward,37,2.566808543788479,1.207,SF-P3O-NoSpectral,Walker2d-v4,0
641,reward,38,-3.523772223240329,1.076,SF-P3O-NoSpectral,Walker2d-v4,0
659,reward,39,3.0258223473543304,1.475,SF-P3O-NoSpectral,Walker2d-v4,0
669,reward,40,0.10938535285806816,1.751,SF-P3O-NoSpectral,Walker2d-v4,0
684,reward,41,-1.9437251853660567,1.111,SF-P3O-NoSpectral,Walker2d-v4,0
705,reward,42,-2.6428973689936273,0.654,SF-P3O-NoSpectral,Walker2d-v4,0
717,reward,43,1.3818021128694062,0.742,SF-P3O-NoSpectral,Walker2d-v4,0
731,reward,44,1.3626602513421702,0.471,SF-P3O-NoSpectral,Walker2d-v4,0
752,reward,45,5.166390276287004,0.861,SF-P3O-NoSpectral,Walker2d-v4,0
769,reward,46,5.748096167381089,1.125,SF-P3O-NoSpectral,Walker2d-v4,0
786,reward,47,4.212053288914655,1.29,SF-P3O-NoSpectral,Walker2d-v4,0
804,reward,48,8.53586692940515,2.496,SF-P3O-NoSpectral,Walker2d-v4,0
816,reward,49,-4.597873819900125,1.733,SF-P3O-NoSpectral,Walker2d-v4,0
827,reward,50,-1.824222424862206,1.54,SF-P3O-NoSpectral,Walker2d-v4,0
836,reward,51,-2.7216926471796508,1.462,SF-P3O-NoSpectral,Walker2d-v4,0
855,reward,52,-2.5104596678622935,1.475,SF-P3O-NoSpectral,Walker2d-v4,0
864,reward,53,-1.3933579677351646,1.198,SF-P3O-NoSpectral,Walker2d-v4,0
874,reward,54,-2.4573275743269196,0.816,SF-P3O-NoSpectral,Walker2d-v4,0
885,reward,55,-1.321299088184399,0.167,SF-P3O-NoSpectral,Walker2d-v4,0
898,reward,56,0.044900626428949986,-0.403,SF-P3O-NoSpectral,Walker2d-v4,0
914,reward,57,1.4241421105333134,-0.682,SF-P3O-NoSpectral,Walker2d-v4,0
931,reward,58,-0.8340968471042454,-1.619,SF-P3O-NoSpectral,Walker2d-v4,0
954,reward,59,2.26355151142506,-0.933,SF-P3O-NoSpectral,Walker2d-v4,0
969,reward,60,4.799994662924399,-0.271,SF-P3O-NoSpectral,Walker2d-v4,0
981,reward,61,0.9347388208553851,0.095,SF-P3O-NoSpectral,Walker2d-v4,0
1004,reward,62,11.17784508594862,1.464,SF-P3O-NoSpectral,Walker2d-v4,0
1015,reward,63,2.41811761590551,1.845,SF-P3O-NoSpectral,Walker2d-v4,0
1046,reward,64,15.525240178919539,3.643,SF-P3O-NoSpectral,Walker2d-v4,0
1055,reward,65,-2.8561549673908435,3.49,SF-P3O-NoSpectral,Walker2d-v4,0
1077,reward,66,8.87324547626225,4.373,SF-P3O-NoSpectral,Walker2d-v4,0
1094,reward,67,-4.5109480345199575,3.779,SF-P3O-NoSpectral,Walker2d-v4,0
1111,reward,68,0.5416507863679805,3.917,SF-P3O-NoSpectral,Walker2d-v4,0
1132,reward,69,-7.166137985222063,2.974,SF-P3O-NoSpectral,Walker2d-v4,0
1142,reward,70,-1.9930376451791338,2.294,SF-P3O-NoSpectral,Walker2d-v4,0
1156,reward,71,-0.9786117805465351,2.103,SF-P3O-NoSpectral,Walker2d-v4,0
1173,reward,72,-3.8010921209590336,0.605,SF-P3O-NoSpectral,Walker2d-v4,0
1182,reward,73,-2.932199583253836,0.07,SF-P3O-NoSpectral,Walker2d-v4,0
1192,reward,74,-1.6564285814206283,-1.648,SF-P3O-NoSpectral,Walker2d-v4,0
1208,reward,75,6.291598045938755,-0.733,SF-P3O-NoSpectral,Walker2d-v4,0
1218,reward,76,-4.315532323949977,-2.052,SF-P3O-NoSpectral,Walker2d-v4,0
1233,reward,77,2.288020067571269,-1.372,SF-P3O-NoSpectral,Walker2d-v4,0
1243,reward,78,-0.7351719001809377,-1.5,SF-P3O-NoSpectral,Walker2d-v4,0
1264,reward,79,8.43282757816347,0.06,SF-P3O-NoSpectral,Walker2d-v4,0
1297,reward,80,18.77983518411859,2.137,SF-P3O-NoSpectral,Walker2d-v4,0
1314,reward,81,0.587266115581407,2.294,SF-P3O-NoSpectral,Walker2d-v4,0
1330,reward,82,0.22934345406284362,2.697,SF-P3O-NoSpectral,Walker2d-v4,0
1344,reward,83,1.4058034538043607,3.131,SF-P3O-NoSpectral,Walker2d-v4,0
1369,reward,84,4.515438732688175,3.748,SF-P3O-NoSpectral,Walker2d-v4,0
1380,reward,85,-3.678500882070457,2.751,SF-P3O-NoSpectral,Walker2d-v4,0
1393,reward,86,0.8566697127196736,3.268,SF-P3O-NoSpectral,Walker2d-v4,0
1409,reward,87,4.751456260106071,3.514,SF-P3O-NoSpectral,Walker2d-v4,0
1421,reward,88,-1.1109812377620945,3.477,SF-P3O-NoSpectral,Walker2d-v4,0
1441,reward,89,-3.776421037283882,2.256,SF-P3O-NoSpectral,Walker2d-v4,0
1454,reward,90,-1.9977912950910903,0.178,SF-P3O-NoSpectral,Walker2d-v4,0
1464,reward,91,-0.3987835565495528,0.08,SF-P3O-NoSpectral,Walker2d-v4,0
1478,reward,92,1.6084566922241235,0.218,SF-P3O-NoSpectral,Walker2d-v4,0
1497,reward,93,2.647117649841272,0.342,SF-P3O-NoSpectral,Walker2d-v4,0
1514,reward,94,-0.1487126653134878,-0.125,SF-P3O-NoSpectral,Walker2d-v4,0
1531,reward,95,1.411684951939741,0.384,SF-P3O-NoSpectral,Walker2d-v4,0
1545,reward,96,4.842612832364029,0.783,SF-P3O-NoSpectral,Walker2d-v4,0
1554,reward,97,-1.538238463174176,0.154,SF-P3O-NoSpectral,Walker2d-v4,0
1565,reward,98,0.4123602880302939,0.306,SF-P3O-NoSpectral,Walker2d-v4,0
1578,reward,99,-1.9004744018654414,0.494,SF-P3O-NoSpectral,Walker2d-v4,0
1596,reward,100,-10.801693549899838,-0.387,SF-P3O-NoSpectral,Walker2d-v4,0
1605,reward,101,-2.9092019055533456,-0.638,SF-P3O-NoSpectral,Walker2d-v4,0
1615,reward,102,-3.8960262349388506,-1.188,SF-P3O-NoSpectral,Walker2d-v4,0
1626,reward,103,-4.340799248874751,-1.887,SF-P3O-NoSpectral,Walker2d-v4,0
1634,reward,104,-1.2365341983789424,-1.996,SF-P3O-NoSpectral,Walker2d-v4,0
1651,reward,105,-0.9950839461843195,-2.236,SF-P3O-NoSpectral,Walker2d-v4,0
1668,reward,106,1.19067375132254,-2.602,SF-P3O-NoSpectral,Walker2d-v4,0
1686,reward,107,8.68622111832357,-1.579,SF-P3O-NoSpectral,Walker2d-v4,0
1701,reward,108,0.353499276256376,-1.585,SF-P3O-NoSpectral,Walker2d-v4,0
1723,reward,109,1.3679005795349861,-1.258,SF-P3O-NoSpectral,Walker2d-v4,0
1747,reward,110,10.688651480156972,0.891,SF-P3O-NoSpectral,Walker2d-v4,0
1756,reward,111,-4.295763602109109,0.752,SF-P3O-NoSpectral,Walker2d-v4,0
1775,reward,112,1.7198015856492297,1.314,SF-P3O-NoSpectral,Walker2d-v4,0
1805,reward,113,3.7849084935395356,2.126,SF-P3O-NoSpectral,Walker2d-v4,0
1818,reward,114,2.7321957808801582,2.523,SF-P3O-NoSpectral,Walker2d-v4,0
1834,reward,115,-9.626662126157044,1.66,SF-P3O-NoSpectral,Walker2d-v4,0
1856,reward,116,9.176533189351451,2.459,SF-P3O-NoSpectral,Walker2d-v4,0
1868,reward,117,3.0074839068306027,1.891,SF-P3O-NoSpectral,Walker2d-v4,0
1880,reward,118,-1.9281602522239183,1.663,SF-P3O-NoSpectral,Walker2d-v4,0
1892,reward,119,-0.11968213367457148,1.514,SF-P3O-NoSpectral,Walker2d-v4,0
1899,reward,120,-3.662379661477839,0.079,SF-P3O-NoSpectral,Walker2d-v4,0
1917,reward,121,6.615688692844875,1.17,SF-P3O-NoSpectral,Walker2d-v4,0
1939,reward,122,1.64179364139928,1.162,SF-P3O-NoSpectral,Walker2d-v4,0
1954,reward,123,-0.13937911883724152,0.77,SF-P3O-NoSpectral,Walker2d-v4,0
1969,reward,124,6.552667325056621,1.152,SF-P3O-NoSpectral,Walker2d-v4,0
1986,reward,125,6.033051316653299,2.718,SF-P3O-NoSpectral,Walker2d-v4,0
2001,reward,126,2.4607907041055705,2.046,SF-P3O-NoSpectral,Walker2d-v4,0
2013,reward,127,-0.8697161412657881,1.658,SF-P3O-NoSpectral,Walker2d-v4,0
2025,reward,128,-2.8935310194977903,1.562,SF-P3O-NoSpectral,Walker2d-v4,0
2038,reward,129,-0.30375716816348386,1.544,SF-P3O-NoSpectral,Walker2d-v4,0
2052,reward,130,0.04921239020021617,1.915,SF-P3O-NoSpectral,Walker2d-v4,0
2061,reward,131,-0.7298560784442487,1.18,SF-P3O-NoSpectral,Walker2d-v4,0
2079,reward,132,-1.80657137417188,0.835,SF-P3O-NoSpectral,Walker2d-v4,0
2092,reward,133,3.243684057373499,1.174,SF-P3O-NoSpectral,Walker2d-v4,0
2106,reward,134,3.0149751865852092,0.82,SF-P3O-NoSpectral,Walker2d-v4,0
2123,reward,135,3.3876327788419762,0.555,SF-P3O-NoSpectral,Walker2d-v4,0
2151,reward,136,-0.6615601262355635,0.243,SF-P3O-NoSpectral,Walker2d-v4,0
2162,reward,137,-0.3578344556667761,0.294,SF-P3O-NoSpectral,Walker2d-v4,0
2181,reward,138,-0.9543790749039065,0.488,SF-P3O-NoSpectral,Walker2d-v4,0
2193,reward,139,-0.8675297043146943,0.432,SF-P3O-NoSpectral,Walker2d-v4,0
2215,reward,140,5.086205027838978,0.935,SF-P3O-NoSpectral,Walker2d-v4,0
2225,reward,141,-6.188815243201766,0.39,SF-P3O-NoSpectral,Walker2d-v4,0
2239,reward,142,-1.4828071397050115,0.422,SF-P3O-NoSpectral,Walker2d-v4,0
2254,reward,143,0.5274343356286478,0.15,SF-P3O-NoSpectral,Walker2d-v4,0
2266,reward,144,1.1080248009691334,-0.04,SF-P3O-NoSpectral,Walker2d-v4,0
2285,reward,145,0.9564422603692362,-0.283,SF-P3O-NoSpectral,Walker2d-v4,0
2311,reward,146,-3.1176197302227378,-0.529,SF-P3O-NoSpectral,Walker2d-v4,0
2326,reward,147,-0.1650317931318379,-0.51,SF-P3O-NoSpectral,Walker2d-v4,0
2341,reward,148,-3.2979161023167585,-0.744,SF-P3O-NoSpectral,Walker2d-v4,0
2357,reward,149,-3.940965200788341,-1.052,SF-P3O-NoSpectral,Walker2d-v4,0
2370,reward,150,-0.4905743929700468,-1.609,SF-P3O-NoSpectral,Walker2d-v4,0
2384,reward,151,-4.7717787457304475,-1.467,SF-P3O-NoSpectral,Walker2d-v4,0
2401,reward,152,-0.834695629485923,-1.403,SF-P3O-NoSpectral,Walker2d-v4,0
2412,reward,153,1.204785461396361,-1.335,SF-P3O-NoSpectral,Walker2d-v4,0
2422,reward,154,-1.69415307230988,-1.615,SF-P3O-NoSpectral,Walker2d-v4,0
2434,reward,155,-0.16336448672083237,-1.727,SF-P3O-NoSpectral,Walker2d-v4,0
2446,reward,156,-1.337358725419286,-1.549,SF-P3O-NoSpectral,Walker2d-v4,0
2461,reward,157,-6.802413541944505,-2.213,SF-P3O-NoSpectral,Walker2d-v4,0
2475,reward,158,0.31932033392388703,-1.851,SF-P3O-NoSpectral,Walker2d-v4,0
2483,reward,159,-4.314228022372045,-1.888,SF-P3O-NoSpectral,Walker2d-v4,0
2497,reward,160,-8.438105753048646,-2.683,SF-P3O-NoSpectral,Walker2d-v4,0
2512,reward,161,1.088822482299249,-2.097,SF-P3O-NoSpectral,Walker2d-v4,0
2525,reward,162,1.362106284771505,-1.877,SF-P3O-NoSpectral,Walker2d-v4,0
2543,reward,163,-0.4344479997174574,-2.041,SF-P3O-NoSpectral,Walker2d-v4,0
2555,reward,164,-5.570587854370499,-2.429,SF-P3O-NoSpectral,Walker2d-v4,0
2590,reward,165,13.236018617087696,-1.089,SF-P3O-NoSpectral,Walker2d-v4,0
2608,reward,166,5.822304188025457,-0.373,SF-P3O-NoSpectral,Walker2d-v4,0
2620,reward,167,-2.247801165951483,0.082,SF-P3O-NoSpectral,Walker2d-v4,0
2632,reward,168,-2.1218693629766663,-0.162,SF-P3O-NoSpectral,Walker2d-v4,0
2653,reward,169,4.4147724465255695,0.711,SF-P3O-NoSpectral,Walker2d-v4,0
2673,reward,170,0.60294850140773,1.615,SF-P3O-NoSpectral,Walker2d-v4,0
2685,reward,171,1.6075532596331783,1.667,SF-P3O-NoSpectral,Walker2d-v4,0
2702,reward,172,-3.58676657733299,1.172,SF-P3O-NoSpectral,Walker2d-v4,0
2713,reward,173,-5.285999561650616,0.687,SF-P3O-NoSpectral,Walker2d-v4,0
2726,reward,174,-0.12684239573400435,1.231,SF-P3O-NoSpectral,Walker2d-v4,0
2753,reward,175,10.216320559503954,0.929,SF-P3O-NoSpectral,Walker2d-v4,0
2765,reward,176,1.1253471688046852,0.46,SF-P3O-NoSpectral,Walker2d-v4,0
2780,reward,177,3.822170430259416,1.067,SF-P3O-NoSpectral,Walker2d-v4,0
2811,reward,178,4.2010886448092535,1.699,SF-P3O-NoSpectral,Walker2d-v4,0
2824,reward,179,1.8887945635179038,1.446,SF-P3O-NoSpectral,Walker2d-v4,0
2837,reward,180,0.26090549164594456,1.412,SF-P3O-NoSpectral,Walker2d-v4,0
2859,reward,181,1.3624472289313432,1.388,SF-P3O-NoSpectral,Walker2d-v4,0
2868,reward,182,-2.423113757865103,1.504,SF-P3O-NoSpectral,Walker2d-v4,0
2878,reward,183,-0.09557419564937986,2.023,SF-P3O-NoSpectral,Walker2d-v4,0
2895,reward,184,7.066530524646519,2.742,SF-P3O-NoSpectral,Walker2d-v4,0
2908,reward,185,-0.19578601106268434,1.701,SF-P3O-NoSpectral,Walker2d-v4,0
2934,reward,186,5.258104211942823,2.115,SF-P3O-NoSpectral,Walker2d-v4,0
2946,reward,187,-0.22306559810860993,1.71,SF-P3O-NoSpectral,Walker2d-v4,0
2964,reward,188,-1.0909340952010496,1.181,SF-P3O-NoSpectral,Walker2d-v4,0
2981,reward,189,-1.9649135443228407,0.795,SF-P3O-NoSpectral,Walker2d-v4,0
2991,reward,190,0.14566845081061186,0.784,SF-P3O-NoSpectral,Walker2d-v4,0
3003,reward,191,-1.3027433668152841,0.517,SF-P3O-NoSpectral,Walker2d-v4,0
3012,reward,192,-0.42681356901650536,0.717,SF-P3O-NoSpectral,Walker2d-v4,0
3036,reward,193,0.08369472648459464,0.735,SF-P3O-NoSpectral,Walker2d-v4,0
3050,reward,194,0.7278183419360829,0.101,SF-P3O-NoSpectral,Walker2d-v4,0
3065,reward,195,-5.931502058330276,-0.472,SF-P3O-NoSpectral,Walker2d-v4,0
3081,reward,196,3.0890578588416013,-0.689,SF-P3O-NoSpectral,Walker2d-v4,0
3091,reward,197,-1.3594868861962297,-0.803,SF-P3O-NoSpectral,Walker2d-v4,0
3105,reward,198,3.698217141369774,-0.324,SF-P3O-NoSpectral,Walker2d-v4,0
3122,reward,199,3.9438709120719935,0.267,SF-P3O-NoSpectral,Walker2d-v4,0
3133,reward,200,-5.672343849429737,-0.315,SF-P3O-NoSpectral,Walker2d-v4,0
3159,reward,201,3.1518625936945237,0.13,SF-P3O-NoSpectral,Walker2d-v4,0
3174,reward,202,-0.04510762014119196,0.169,SF-P3O-NoSpectral,Walker2d-v4,0
3189,reward,203,2.5096918154199956,0.411,SF-P3O-NoSpectral,Walker2d-v4,0
3216,reward,204,9.577814868773057,1.296,SF-P3O-NoSpectral,Walker2d-v4,0
3230,reward,205,-1.0041601449293558,1.789,SF-P3O-NoSpectral,Walker2d-v4,0
3245,reward,206,4.082145461587733,1.888,SF-P3O-NoSpectral,Walker2d-v4,0
3284,reward,207,9.5705595463633,2.981,SF-P3O-NoSpectral,Walker2d-v4,0
3295,reward,208,-0.22392503001607222,2.589,SF-P3O-NoSpectral,Walker2d-v4,0
3311,reward,209,7.277721711890239,2.922,SF-P3O-NoSpectral,Walker2d-v4,0
3321,reward,210,-0.6491532311262154,3.425,SF-P3O-NoSpectral,Walker2d-v4,0
3333,reward,211,-3.9777327299575624,2.712,SF-P3O-NoSpectral,Walker2d-v4,0
3342,reward,212,-0.6510058904258311,2.651,SF-P3O-NoSpectral,Walker2d-v4,0
3351,reward,213,-2.8026976708079125,2.12,SF-P3O-NoSpectral,Walker2d-v4,0
3365,reward,214,-5.2238623334315,0.64,SF-P3O-NoSpectral,Walker2d-v4,0
3385,reward,215,1.4812339727491421,0.888,SF-P3O-NoSpectral,Walker2d-v4,0
3401,reward,216,0.2145320414560914,0.502,SF-P3O-NoSpectral,Walker2d-v4,0
3413,reward,217,-1.679740148326393,-0.623,SF-P3O-NoSpectral,Walker2d-v4,0
3428,reward,218,-0.016561906603228094,-0.603,SF-P3O-NoSpectral,Walker2d-v4,0
3439,reward,219,-1.486230433602686,-1.479,SF-P3O-NoSpectral,Walker2d-v4,0
3465,reward,220,6.225857641258475,-0.792,SF-P3O-NoSpectral,Walker2d-v4,0
3475,reward,221,-3.860685778178585,-0.78,SF-P3O-NoSpectral,Walker2d-v4,0
3499,reward,222,11.11289206327702,0.396,SF-P3O-NoSpectral,Walker2d-v4,0
3512,reward,223,0.001563400597828557,0.677,SF-P3O-NoSpectral,Walker2d-v4,0
3525,reward,224,-0.23682533106608428,1.176,SF-P3O-NoSpectral,Walker2d-v4,0
3540,reward,225,-2.9306497619613143,0.734,SF-P3O-NoSpectral,Walker2d-v4,0
3553,reward,226,-1.8164647174899096,0.531,SF-P3O-NoSpectral,Walker2d-v4,0
3564,reward,227,-2.5190165909298488,0.447,SF-P3O-NoSpectral,Walker2d-v4,0
3583,reward,228,5.800199927518794,1.029,SF-P3O-NoSpectral,Walker2d-v4,0
3599,reward,229,4.5081541321155045,1.629,SF-P3O-NoSpectral,Walker2d-v4,0
3637,reward,230,2.5235857672392625,1.258,SF-P3O-NoSpectral,Walker2d-v4,0
3649,reward,231,1.859054751347242,1.83,SF-P3O-NoSpectral,Walker2d-v4,0
3662,reward,232,-1.361934208280008,0.583,SF-P3O-NoSpectral,Walker2d-v4,0
3681,reward,233,12.110876221912436,1.794,SF-P3O-NoSpectral,Walker2d-v4,0
3696,reward,234,-0.2835226240855222,1.789,SF-P3O-NoSpectral,Walker2d-v4,0
3708,reward,235,0.2986010592223043,2.112,SF-P3O-NoSpectral,Walker2d-v4,0
3718,reward,236,0.15017443067222536,2.309,SF-P3O-NoSpectral,Walker2d-v4,0
3728,reward,237,-1.5013786858918696,2.41,SF-P3O-NoSpectral,Walker2d-v4,0
3754,reward,238,8.316565267117227,2.662,SF-P3O-NoSpectral,Walker2d-v4,0
3764,reward,239,-0.07485355958958584,2.204,SF-P3O-NoSpectral,Walker2d-v4,0
3779,reward,240,4.242406034335541,2.376,SF-P3O-NoSpectral,Walker2d-v4,0
3813,reward,241,2.64132866074503,2.454,SF-P3O-NoSpectral,Walker2d-v4,0
3829,reward,242,-0.6091094824167951,2.529,SF-P3O-NoSpectral,Walker2d-v4,0
3841,reward,243,1.8969670091453947,1.508,SF-P3O-NoSpectral,Walker2d-v4,0
3858,reward,244,-3.846621290729999,1.151,SF-P3O-NoSpectral,Walker2d-v4,0
3875,reward,245,6.613739886918774,1.783,SF-P3O-NoSpectral,Walker2d-v4,0
3892,reward,246,-3.9497146166849384,1.373,SF-P3O-NoSpectral,Walker2d-v4,0
3904,reward,247,1.5638370285569119,1.679,SF-P3O-NoSpectral,Walker2d-v4,0
3923,reward,248,2.6596420804618965,1.114,SF-P3O-NoSpectral,Walker2d-v4,0
3933,reward,249,-3.4227147286405906,0.779,SF-P3O-NoSpectral,Walker2d-v4,0
3950,reward,250,2.632090538614333,0.618,SF-P3O-NoSpectral,Walker2d-v4,0
3967,reward,251,4.44197703888587,0.798,SF-P3O-NoSpectral,Walker2d-v4,0
3977,reward,252,-2.3876550429501915,0.62,SF-P3O-NoSpectral,Walker2d-v4,0
3996,reward,253,6.730097140546701,1.103,SF-P3O-NoSpectral,Walker2d-v4,0
4012,reward,254,3.203372798922353,1.808,SF-P3O-NoSpectral,Walker2d-v4,0
4024,reward,255,1.4228476194009019,1.289,SF-P3O-NoSpectral,Walker2d-v4,0
4041,reward,256,3.260150130853111,2.01,SF-P3O-NoSpectral,Walker2d-v4,0
4054,reward,257,-0.7448377549870819,1.779,SF-P3O-NoSpectral,Walker2d-v4,0
4076,reward,258,0.4706090084281789,1.561,SF-P3O-NoSpectral,Walker2d-v4,0
4096,reward,259,9.240842495225847,2.827,SF-P3O-NoSpectral,Walker2d-v4,0
4111,reward,260,5.599595177717836,3.124,SF-P3O-NoSpectral,Walker2d-v4,0
4126,reward,261,-3.930655662325523,2.286,SF-P3O-NoSpectral,Walker2d-v4,0
4134,reward,262,-1.037661707394401,2.421,SF-P3O-NoSpectral,Walker2d-v4,0
4142,reward,263,-3.178088060443567,1.431,SF-P3O-NoSpectral,Walker2d-v4,0
4158,reward,264,1.7028224536827175,1.281,SF-P3O-NoSpectral,Walker2d-v4,0
4168,reward,265,-1.0153089002458133,1.037,SF-P3O-NoSpectral,Walker2d-v4,0
4180,reward,266,-2.3561245999299665,0.475,SF-P3O-NoSpectral,Walker2d-v4,0
4189,reward,267,-5.619104493508945,-0.012,SF-P3O-NoSpectral,Walker2d-v4,0
4214,reward,268,9.475402905591912,0.888,SF-P3O-NoSpectral,Walker2d-v4,0
4243,reward,269,8.930409748931307,0.857,SF-P3O-NoSpectral,Walker2d-v4,0
4261,reward,270,2.1548570381642547,0.513,SF-P3O-NoSpectral,Walker2d-v4,0
4281,reward,271,4.260608426665712,1.332,SF-P3O-NoSpectral,Walker2d-v4,0
4293,reward,272,-3.046175949700883,1.131,SF-P3O-NoSpectral,Walker2d-v4,0
4318,reward,273,6.6125210327682815,2.11,SF-P3O-NoSpectral,Walker2d-v4,0
4328,reward,274,-3.797068939986138,1.56,SF-P3O-NoSpectral,Walker2d-v4,0
4336,reward,275,-3.575827160542679,1.304,SF-P3O-NoSpectral,Walker2d-v4,0
4344,reward,276,-1.9135836271436228,1.348,SF-P3O-NoSpectral,Walker2d-v4,0
4378,reward,277,9.879780558957648,2.898,SF-P3O-NoSpectral,Walker2d-v4,0
4395,reward,278,7.414821525559261,2.692,SF-P3O-NoSpectral,Walker2d-v4,0
4405,reward,279,-1.0530632651617862,1.694,SF-P3O-NoSpectral,Walker2d-v4,0
4425,reward,280,0.23251096391806025,1.501,SF-P3O-NoSpectral,Walker2d-v4,0
4440,reward,281,-0.5751489463891195,1.018,SF-P3O-NoSpectral,Walker2d-v4,0
4459,reward,282,0.039682981165202635,1.326,SF-P3O-NoSpectral,Walker2d-v4,0
4477,reward,283,5.296997788342522,1.195,SF-P3O-NoSpectral,Walker2d-v4,0
4495,reward,284,0.6272615101887185,1.637,SF-P3O-NoSpectral,Walker2d-v4,0
4505,reward,285,-2.958431071878433,1.699,SF-P3O-NoSpectral,Walker2d-v4,0
4518,reward,286,-3.6003309055473283,1.53,SF-P3O-NoSpectral,Walker2d-v4,0
4537,reward,287,2.416750831883727,0.784,SF-P3O-NoSpectral,Walker2d-v4,0
4547,reward,288,0.5003558253232753,0.093,SF-P3O-NoSpectral,Walker2d-v4,0
4563,reward,289,0.8165408251911042,0.28,SF-P3O-NoSpectral,Walker2d-v4,0
4595,reward,290,0.6026551355154127,0.317,SF-P3O-NoSpectral,Walker2d-v4,0
4609,reward,291,-0.7874754166036932,0.295,SF-P3O-NoSpectral,Walker2d-v4,0
4627,reward,292,-7.753924307647714,-0.484,SF-P3O-NoSpectral,Walker2d-v4,0
4639,reward,293,-3.853328649108062,-1.399,SF-P3O-NoSpectral,Walker2d-v4,0
4656,reward,294,1.0272101339828983,-1.359,SF-P3O-NoSpectral,Walker2d-v4,0
4668,reward,295,-5.611933349926222,-1.624,SF-P3O-NoSpectral,Walker2d-v4,0
4678,reward,296,-2.4796081813517254,-1.512,SF-P3O-NoSpectral,Walker2d-v4,0
4688,reward,297,0.23342082326141333,-1.731,SF-P3O-NoSpectral,Walker2d-v4,0
4702,reward,298,3.3803539388896833,-1.443,SF-P3O-NoSpectral,Walker2d-v4,0
4747,reward,299,20.53155894294536,0.529,SF-P3O-NoSpectral,Walker2d-v4,0
4758,reward,300,-2.584107182943411,0.21,SF-P3O-NoSpectral,Walker2d-v4,0
4770,reward,301,-1.5441862000662336,0.135,SF-P3O-NoSpectral,Walker2d-v4,0
4783,reward,302,-3.420316318091216,0.568,SF-P3O-NoSpectral,Walker2d-v4,0
4795,reward,303,0.2525746081149556,0.978,SF-P3O-NoSpectral,Walker2d-v4,0
4814,reward,304,1.8242862529564454,1.058,SF-P3O-NoSpectral,Walker2d-v4,0
4828,reward,305,-3.8649401156149175,1.233,SF-P3O-NoSpectral,Walker2d-v4,0
4843,reward,306,1.217558414996978,1.603,SF-P3O-NoSpectral,Walker2d-v4,0
4871,reward,307,9.85835062285122,2.565,SF-P3O-NoSpectral,Walker2d-v4,0
4883,reward,308,-1.1176796307205659,2.115,SF-P3O-NoSpectral,Walker2d-v4,0
4891,reward,309,-3.0851079621581805,-0.246,SF-P3O-NoSpectral,Walker2d-v4,0
4908,reward,310,5.834254044823031,0.595,SF-P3O-NoSpectral,Walker2d-v4,0
4924,reward,311,0.910056528325877,0.841,SF-P3O-NoSpectral,Walker2d-v4,0
4946,reward,312,2.198280765141846,1.403,SF-P3O-NoSpectral,Walker2d-v4,0
4963,reward,313,6.6861738014494225,2.046,SF-P3O-NoSpectral,Walker2d-v4,0
4976,reward,314,-1.180490226581249,1.746,SF-P3O-NoSpectral,Walker2d-v4,0
4996,reward,315,-0.5948035667948699,2.073,SF-P3O-NoSpectral,Walker2d-v4,0
5012,reward,316,-0.036853737403151454,1.947,SF-P3O-NoSpectral,Walker2d-v4,0
5027,reward,317,-0.5079798049328045,0.911,SF-P3O-NoSpectral,Walker2d-v4,0
5065,reward,318,20.950520970633015,3.117,SF-P3O-NoSpectral,Walker2d-v4,0
5099,reward,319,7.8432789753247745,4.21,SF-P3O-NoSpectral,Walker2d-v4,0
5115,reward,320,-4.670371475742716,3.16,SF-P3O-NoSpectral,Walker2d-v4,0
5137,reward,321,-2.7033972341417423,2.798,SF-P3O-NoSpectral,Walker2d-v4,0
5147,reward,322,-0.308583414671588,2.548,SF-P3O-NoSpectral,Walker2d-v4,0
5178,reward,323,11.460936155395508,3.025,SF-P3O-NoSpectral,Walker2d-v4,0
5198,reward,324,7.635808100336675,3.907,SF-P3O-NoSpectral,Walker2d-v4,0
5214,reward,325,-2.9917226908119225,3.667,SF-P3O-NoSpectral,Walker2d-v4,0
5226,reward,326,1.0077308961798832,3.772,SF-P3O-NoSpectral,Walker2d-v4,0
5234,reward,327,-5.022101970060444,3.32,SF-P3O-NoSpectral,Walker2d-v4,0
5246,reward,328,1.342696974373634,1.359,SF-P3O-NoSpectral,Walker2d-v4,0
5262,reward,329,1.9397184664770728,0.769,SF-P3O-NoSpectral,Walker2d-v4,0
5271,reward,330,-4.190377508559605,0.817,SF-P3O-NoSpectral,Walker2d-v4,0
5281,reward,331,-2.9878765889603933,0.789,SF-P3O-NoSpectral,Walker2d-v4,0
5290,reward,332,-2.6034970394312364,0.559,SF-P3O-NoSpectral,Walker2d-v4,0
5320,reward,333,2.4934157762211093,-0.338,SF-P3O-NoSpectral,Walker2d-v4,0
5338,reward,334,-0.24425396576062042,-1.126,SF-P3O-NoSpectral,Walker2d-v4,0
5348,reward,335,-0.11403878105355436,-0.838,SF-P3O-NoSpectral,Walker2d-v4,0
5362,reward,336,0.1005778629565175,-0.929,SF-P3O-NoSpectral,Walker2d-v4,0
5380,reward,337,3.071726669090995,-0.119,SF-P3O-NoSpectral,Walker2d-v4,0
5394,reward,338,-0.17823820764677678,-0.271,SF-P3O-NoSpectral,Walker2d-v4,0
5417,reward,339,4.805523411810797,0.015,SF-P3O-NoSpectral,Walker2d-v4,0
5436,reward,340,7.121146351732355,1.146,SF-P3O-NoSpectral,Walker2d-v4,0
5445,reward,341,-5.387368608224865,0.906,SF-P3O-NoSpectral,Walker2d-v4,0
5457,reward,342,-0.3795065350897522,1.129,SF-P3O-NoSpectral,Walker2d-v4,0
5473,reward,343,-0.737053834141067,0.806,SF-P3O-NoSpectral,Walker2d-v4,0
5486,reward,344,-1.7827261329614275,0.652,SF-P3O-NoSpectral,Walker2d-v4,0
5506,reward,345,6.073624150883525,1.271,SF-P3O-NoSpectral,Walker2d-v4,0
5523,reward,346,5.348854444902255,1.796,SF-P3O-NoSpectral,Walker2d-v4,0
5543,reward,347,0.8028481384679469,1.569,SF-P3O-NoSpectral,Walker2d-v4,0
5556,reward,348,-3.550426405333697,1.231,SF-P3O-NoSpectral,Walker2d-v4,0
5567,reward,349,0.6146300852978666,0.812,SF-P3O-NoSpectral,Walker2d-v4,0
5579,reward,350,-0.7737907030007937,0.023,SF-P3O-NoSpectral,Walker2d-v4,0
5594,reward,351,3.4723648328646393,0.909,SF-P3O-NoSpectral,Walker2d-v4,0
5607,reward,352,3.0625839993927926,1.253,SF-P3O-NoSpectral,Walker2d-v4,0
5621,reward,353,1.2914664385281054,1.456,SF-P3O-NoSpectral,Walker2d-v4,0
5630,reward,354,-2.043762175028153,1.43,SF-P3O-NoSpectral,Walker2d-v4,0
5638,reward,355,-1.828919562680812,0.64,SF-P3O-NoSpectral,Walker2d-v4,0
5676,reward,356,19.12935129199918,2.018,SF-P3O-NoSpectral,Walker2d-v4,0
5687,reward,357,0.3580454177894441,1.973,SF-P3O-NoSpectral,Walker2d-v4,0
5698,reward,358,-5.672984381840258,1.761,SF-P3O-NoSpectral,Walker2d-v4,0
5708,reward,359,-3.59831453177298,1.34,SF-P3O-NoSpectral,Walker2d-v4,0
5716,reward,360,-2.287227175206321,1.188,SF-P3O-NoSpectral,Walker2d-v4,0
5725,reward,361,-5.101887400050589,0.331,SF-P3O-NoSpectral,Walker2d-v4,0
5749,reward,362,3.646971669899819,0.389,SF-P3O-NoSpectral,Walker2d-v4,0
5763,reward,363,0.31874670957409057,0.292,SF-P3O-NoSpectral,Walker2d-v4,0
5774,reward,364,-1.9161692203773315,0.305,SF-P3O-NoSpectral,Walker2d-v4,0
5792,reward,365,-5.198495400304418,-0.032,SF-P3O-NoSpectral,Walker2d-v4,0
5803,reward,366,-1.1741185591967864,-2.063,SF-P3O-NoSpectral,Walker2d-v4,0
5828,reward,367,3.060583902955612,-1.792,SF-P3O-NoSpectral,Walker2d-v4,0
5838,reward,368,0.2500977241803355,-1.2,SF-P3O-NoSpectral,Walker2d-v4,0
5847,reward,369,-1.5952782879115763,-1.0,SF-P3O-NoSpectral,Walker2d-v4,0
5869,reward,370,-6.437005465967507,-1.415,SF-P3O-NoSpectral,Walker2d-v4,0
5881,reward,371,-0.5504407934524422,-0.96,SF-P3O-NoSpectral,Walker2d-v4,0
5898,reward,372,4.76164840551386,-0.848,SF-P3O-NoSpectral,Walker2d-v4,0
5917,reward,373,2.8606938059532823,-0.594,SF-P3O-NoSpectral,Walker2d-v4,0
5931,reward,374,1.4812075649549516,-0.254,SF-P3O-NoSpectral,Walker2d-v4,0
5948,reward,375,2.4875707229435657,0.514,SF-P3O-NoSpectral,Walker2d-v4,0
5957,reward,376,-0.8180032874953742,0.55,SF-P3O-NoSpectral,Walker2d-v4,0
5967,reward,377,-1.3284099147204307,0.111,SF-P3O-NoSpectral,Walker2d-v4,0
5978,reward,378,-5.450573769090944,-0.459,SF-P3O-NoSpectral,Walker2d-v4,0
5994,reward,379,2.6053992142623135,-0.039,SF-P3O-NoSpectral,Walker2d-v4,0
6008,reward,380,3.7751161772945703,0.982,SF-P3O-NoSpectral,Walker2d-v4,0
6036,reward,381,0.6669504498988401,1.104,SF-P3O-NoSpectral,Walker2d-v4,0
6048,reward,382,0.4654218348191782,0.675,SF-P3O-NoSpectral,Walker2d-v4,0
6062,reward,383,-1.9687058283579286,0.192,SF-P3O-NoSpectral,Walker2d-v4,0
6081,reward,384,3.299529463507633,0.373,SF-P3O-NoSpectral,Walker2d-v4,0
6090,reward,385,-2.476736958812875,-0.123,SF-P3O-NoSpectral,Walker2d-v4,0
6127,reward,386,14.67588535157124,1.426,SF-P3O-NoSpectral,Walker2d-v4,0
6142,reward,387,0.6623655634681342,1.625,SF-P3O-NoSpectral,Walker2d-v4,0
6152,reward,388,-2.243849905855419,1.946,SF-P3O-NoSpectral,Walker2d-v4,0
6169,reward,389,4.469825262135904,2.133,SF-P3O-NoSpectral,Walker2d-v4,0
6185,reward,390,6.274921657402837,2.383,SF-P3O-NoSpectral,Walker2d-v4,0
6199,reward,391,-0.6271170908231517,2.253,SF-P3O-NoSpectral,Walker2d-v4,0
6214,reward,392,-4.719678783606814,1.735,SF-P3O-NoSpectral,Walker2d-v4,0
6222,reward,393,-3.337429831013882,1.598,SF-P3O-NoSpectral,Walker2d-v4,0
6241,reward,394,2.6434152050064643,1.532,SF-P3O-NoSpectral,Walker2d-v4,0
6252,reward,395,0.2573983484987947,1.806,SF-P3O-NoSpectral,Walker2d-v4,0
6263,reward,396,-4.639866123509659,-0.126,SF-P3O-NoSpectral,Walker2d-v4,0
6276,reward,397,-0.05771100169337284,-0.198,SF-P3O-NoSpectral,Walker2d-v4,0
6297,reward,398,6.872685510203546,0.714,SF-P3O-NoSpectral,Walker2d-v4,0
6310,reward,399,0.011405773598935687,0.268,SF-P3O-NoSpectral,Walker2d-v4,0
6328,reward,400,6.0561004147044635,0.246,SF-P3O-NoSpectral,Walker2d-v4,0
6341,reward,401,2.8467717676418163,0.593,SF-P3O-NoSpectral,Walker2d-v4,0
6378,reward,402,12.629221390495548,2.328,SF-P3O-NoSpectral,Walker2d-v4,0
6395,reward,403,-2.7001061071350847,2.392,SF-P3O-NoSpectral,Walker2d-v4,0
6408,reward,404,-4.099272323749991,1.718,SF-P3O-NoSpectral,Walker2d-v4,0
6422,reward,405,0.857376304864961,1.778,SF-P3O-NoSpectral,Walker2d-v4,0
6439,reward,406,1.6436875486846878,2.406,SF-P3O-NoSpectral,Walker2d-v4,0
6451,reward,407,-0.593823373651192,2.352,SF-P3O-NoSpectral,Walker2d-v4,0
6468,reward,408,3.903848208651989,2.056,SF-P3O-NoSpectral,Walker2d-v4,0
6496,reward,409,11.810767788467496,3.235,SF-P3O-NoSpectral,Walker2d-v4,0
6511,reward,410,2.010445946294287,2.831,SF-P3O-NoSpectral,Walker2d-v4,0
6532,reward,411,-3.8018319798635845,2.166,SF-P3O-NoSpectral,Walker2d-v4,0
6544,reward,412,2.655719088318018,1.169,SF-P3O-NoSpectral,Walker2d-v4,0
6559,reward,413,4.3840217099746335,1.877,SF-P3O-NoSpectral,Walker2d-v4,0
6573,reward,414,4.294624685945732,2.716,SF-P3O-NoSpectral,Walker2d-v4,0
6593,reward,415,8.931001513807173,3.524,SF-P3O-NoSpectral,Walker2d-v4,0
6604,reward,416,-2.2679740186323194,3.133,SF-P3O-NoSpectral,Walker2d-v4,0
6626,reward,417,2.3408422291637527,3.426,SF-P3O-NoSpectral,Walker2d-v4,0
6645,reward,418,2.9632383291635245,3.332,SF-P3O-NoSpectral,Walker2d-v4,0
6656,reward,419,-5.8587092226866915,1.565,SF-P3O-NoSpectral,Walker2d-v4,0
6669,reward,420,0.0035981990189182245,1.364,SF-P3O-NoSpectral,Walker2d-v4,0
6680,reward,421,1.140619114109035,1.859,SF-P3O-NoSpectral,Walker2d-v4,0
6693,reward,422,3.1303386715238646,1.906,SF-P3O-NoSpectral,Walker2d-v4,0
6702,reward,423,-1.8758428840525516,1.28,SF-P3O-NoSpectral,Walker2d-v4,0
6713,reward,424,-2.553097437456615,0.595,SF-P3O-NoSpectral,Walker2d-v4,0
6727,reward,425,2.673646899515769,-0.03,SF-P3O-NoSpectral,Walker2d-v4,0
6737,reward,426,-4.781248933427115,-0.282,SF-P3O-NoSpectral,Walker2d-v4,0
6754,reward,427,3.7644691618999784,-0.139,SF-P3O-NoSpectral,Walker2d-v4,0
6763,reward,428,-2.455475374541691,-0.681,SF-P3O-NoSpectral,Walker2d-v4,0
6776,reward,429,-3.779237789356322,-0.473,SF-P3O-NoSpectral,Walker2d-v4,0
6790,reward,430,5.479796221095721,0.074,SF-P3O-NoSpectral,Walker2d-v4,0
6800,reward,431,-0.8601832103525937,-0.126,SF-P3O-NoSpectral,Walker2d-v4,0
6810,reward,432,-3.129097861743224,-0.752,SF-P3O-NoSpectral,Walker2d-v4,0
6829,reward,433,5.1343595777790325,-0.051,SF-P3O-NoSpectral,Walker2d-v4,0
6839,reward,434,-2.700797508796219,-0.065,SF-P3O-NoSpectral,Walker2d-v4,0
6846,reward,435,-3.75519259000324,-0.708,SF-P3O-NoSpectral,Walker2d-v4,0
6861,reward,436,0.3946778173997211,-0.191,SF-P3O-NoSpectral,Walker2d-v4,0
6889,reward,437,5.758727801566125,0.009,SF-P3O-NoSpectral,Walker2d-v4,0
6912,reward,438,-3.4987907968507383,-0.096,SF-P3O-NoSpectral,Walker2d-v4,0
6924,reward,439,0.348377711435661,0.317,SF-P3O-NoSpectral,Walker2d-v4,0
6941,reward,440,3.1091687840633915,0.08,SF-P3O-NoSpectral,Walker2d-v4,0
6950,reward,441,-2.2026735340483605,-0.054,SF-P3O-NoSpectral,Walker2d-v4,0
6957,reward,442,-4.130854922965852,-0.154,SF-P3O-NoSpectral,Walker2d-v4,0
6966,reward,443,-2.4897074876611964,-0.917,SF-P3O-NoSpectral,Walker2d-v4,0
6986,reward,444,9.129946301231582,0.266,SF-P3O-NoSpectral,Walker2d-v4,0
6996,reward,445,-1.1254801805236596,0.529,SF-P3O-NoSpectral,Walker2d-v4,0
7009,reward,446,-2.5326634887414667,0.237,SF-P3O-NoSpectral,Walker2d-v4,0
7021,reward,447,-1.5838452871976354,-0.498,SF-P3O-NoSpectral,Walker2d-v4,0
7034,reward,448,1.8135919799512297,0.034,SF-P3O-NoSpectral,Walker2d-v4,0
7044,reward,449,0.6815955207465783,0.067,SF-P3O-NoSpectral,Walker2d-v4,0
7058,reward,450,2.729532392002929,0.029,SF-P3O-NoSpectral,Walker2d-v4,0
7072,reward,451,1.9570024996513493,0.445,SF-P3O-NoSpectral,Walker2d-v4,0
7086,reward,452,0.09219228435128468,0.867,SF-P3O-NoSpectral,Walker2d-v4,0
7102,reward,453,1.9759568236228173,1.314,SF-P3O-NoSpectral,Walker2d-v4,0
7110,reward,454,-1.9884817156665189,0.202,SF-P3O-NoSpectral,Walker2d-v4,0
7137,reward,455,17.310160723789934,2.046,SF-P3O-NoSpectral,Walker2d-v4,0
7152,reward,456,3.0233558936986835,2.601,SF-P3O-NoSpectral,Walker2d-v4,0
7166,reward,457,2.0784960591278097,2.967,SF-P3O-NoSpectral,Walker2d-v4,0
7179,reward,458,-3.4514480489129093,2.441,SF-P3O-NoSpectral,Walker2d-v4,0
7205,reward,459,-1.5794348929625663,2.215,SF-P3O-NoSpectral,Walker2d-v4,0
7225,reward,460,11.052476719169222,3.047,SF-P3O-NoSpectral,Walker2d-v4,0
7237,reward,461,-5.118079226520349,2.34,SF-P3O-NoSpectral,Walker2d-v4,0
7263,reward,462,5.04731305976674,2.835,SF-P3O-NoSpectral,Walker2d-v4,0
7272,reward,463,-4.38923441416544,2.199,SF-P3O-NoSpectral,Walker2d-v4,0
7280,reward,464,-2.9330630105427695,2.104,SF-P3O-NoSpectral,Walker2d-v4,0
7288,reward,465,-2.002295248469342,0.173,SF-P3O-NoSpectral,Walker2d-v4,0
7300,reward,466,0.3516436678751744,-0.094,SF-P3O-NoSpectral,Walker2d-v4,0
7317,reward,467,3.679505958112558,0.066,SF-P3O-NoSpectral,Walker2d-v4,0
7326,reward,468,-2.2729343605638643,0.184,SF-P3O-NoSpectral,Walker2d-v4,0
7360,reward,469,3.7060801236141336,0.712,SF-P3O-NoSpectral,Walker2d-v4,0
7375,reward,470,1.4163289362862037,-0.251,SF-P3O-NoSpectral,Walker2d-v4,0
7387,reward,471,-0.439647418365368,0.216,SF-P3O-NoSpectral,Walker2d-v4,0
7408,reward,472,-2.1545756541926835,-0.504,SF-P3O-NoSpectral,Walker2d-v4,0
7417,reward,473,-1.7420151999337892,-0.239,SF-P3O-NoSpectral,Walker2d-v4,0
7428,reward,474,-0.4595989101289746,0.008,SF-P3O-NoSpectral,Walker2d-v4,0
7443,reward,475,1.719485759947462,0.38,SF-P3O-NoSpectral,Walker2d-v4,0
7457,reward,476,-4.803799413415925,-0.135,SF-P3O-NoSpectral,Walker2d-v4,0
7475,reward,477,3.9685330567656134,-0.106,SF-P3O-NoSpectral,Walker2d-v4,0
7489,reward,478,-2.1110628111398038,-0.09,SF-P3O-NoSpectral,Walker2d-v4,0
7505,reward,479,-1.4335677665071407,-0.604,SF-P3O-NoSpectral,Walker2d-v4,0
7527,reward,480,-1.7833906757556959,-0.924,SF-P3O-NoSpectral,Walker2d-v4,0
7536,reward,481,-1.2042922447221627,-1.0,SF-P3O-NoSpectral,Walker2d-v4,0
7556,reward,482,-0.9192893332602796,-0.877,SF-P3O-NoSpectral,Walker2d-v4,0
7584,reward,483,-5.246751803095085,-1.227,SF-P3O-NoSpectral,Walker2d-v4,0
7604,reward,484,8.731953933465523,-0.308,SF-P3O-NoSpectral,Walker2d-v4,0
7620,reward,485,0.7794930858416478,-0.402,SF-P3O-NoSpectral,Walker2d-v4,0
7632,reward,486,-1.3106464537638143,-0.053,SF-P3O-NoSpectral,Walker2d-v4,0
7644,reward,487,-1.979545900083556,-0.648,SF-P3O-NoSpectral,Walker2d-v4,0
7670,reward,488,2.2627641139690464,-0.21,SF-P3O-NoSpectral,Walker2d-v4,0
7679,reward,489,-0.9705968447213809,-0.164,SF-P3O-NoSpectral,Walker2d-v4,0
7699,reward,490,5.833254465765501,0.598,SF-P3O-NoSpectral,Walker2d-v4,0
7709,reward,491,-4.324490302347325,0.286,SF-P3O-NoSpectral,Walker2d-v4,0
7721,reward,492,-3.4823452596015025,0.029,SF-P3O-NoSpectral,Walker2d-v4,0
7743,reward,493,1.0008608959491125,0.654,SF-P3O-NoSpectral,Walker2d-v4,0
7761,reward,494,-2.1376222847467212,-0.433,SF-P3O-NoSpectral,Walker2d-v4,0
7782,reward,495,2.101079048417816,-0.301,SF-P3O-NoSpectral,Walker2d-v4,0
7790,reward,496,-2.2401578260264423,-0.394,SF-P3O-NoSpectral,Walker2d-v4,0
7806,reward,497,5.320412373565495,0.336,SF-P3O-NoSpectral,Walker2d-v4,0
7818,reward,498,-0.965784262172521,0.013,SF-P3O-NoSpectral,Walker2d-v4,0
7847,reward,499,12.34998411981789,1.346,SF-P3O-NoSpectral,Walker2d-v4,0
7868,reward,500,4.422540062209495,1.204,SF-P3O-NoSpectral,Walker2d-v4,0
7883,reward,501,-2.9368262715790987,1.343,SF-P3O-NoSpectral,Walker2d-v4,0
7906,reward,502,3.597209130294579,2.051,SF-P3O-NoSpectral,Walker2d-v4,0
7916,reward,503,-0.007734615260711175,1.95,SF-P3O-NoSpectral,Walker2d-v4,0
7934,reward,504,9.950341673622079,3.159,SF-P3O-NoSpectral,Walker2d-v4,0
7943,reward,505,-2.8579428627358565,2.663,SF-P3O-NoSpectral,Walker2d-v4,0
7960,reward,506,-7.445029606769825,2.143,SF-P3O-NoSpectral,Walker2d-v4,0
7973,reward,507,1.3149227980302611,1.742,SF-P3O-NoSpectral,Walker2d-v4,0
7982,reward,508,-2.2896450186034087,1.61,SF-P3O-NoSpectral,Walker2d-v4,0
8000,reward,509,4.520839468603979,0.827,SF-P3O-NoSpectral,Walker2d-v4,0
8023,reward,510,6.659428289189209,1.051,SF-P3O-NoSpectral,Walker2d-v4,0
8036,reward,511,1.4911173125959436,1.493,SF-P3O-NoSpectral,Walker2d-v4,0
8046,reward,512,-2.1381993805811117,0.92,SF-P3O-NoSpectral,Walker2d-v4,0
8060,reward,513,1.906727489825395,1.111,SF-P3O-NoSpectral,Walker2d-v4,0
8070,reward,514,-1.9345058378887423,-0.077,SF-P3O-NoSpectral,Walker2d-v4,0
8084,reward,515,-5.289160596706536,-0.32,SF-P3O-NoSpectral,Walker2d-v4,0
8096,reward,516,2.8229318450473304,0.706,SF-P3O-NoSpectral,Walker2d-v4,0
8106,reward,517,-0.7923307074080888,0.496,SF-P3O-NoSpectral,Walker2d-v4,0
8121,reward,518,4.051220074039996,1.13,SF-P3O-NoSpectral,Walker2d-v4,0
8134,reward,519,0.5035680180896753,0.728,SF-P3O-NoSpectral,Walker2d-v4,0
8160,reward,520,-4.19116308605323,-0.357,SF-P3O-NoSpectral,Walker2d-v4,0
8177,reward,521,1.9608985454711307,-0.31,SF-P3O-NoSpectral,Walker2d-v4,0
8192,loss,0.05834118276834488,0.6296123266220093,SF-P3O-NoSpectral,Walker2d-v4,0
8198,reward,522,2.0168095266209445,0.105,SF-P3O-NoSpectral,Walker2d-v4,0
8221,reward,523,12.314020225149008,1.146,SF-P3O-NoSpectral,Walker2d-v4,0
8231,reward,524,-3.3195589886757246,1.008,SF-P3O-NoSpectral,Walker2d-v4,0
8267,reward,525,23.001575451228536,3.837,SF-P3O-NoSpectral,Walker2d-v4,0
8281,reward,526,2.1678463724893535,3.771,SF-P3O-NoSpectral,Walker2d-v4,0
8301,reward,527,-3.1043881254103076,3.54,SF-P3O-NoSpectral,Walker2d-v4,0
8323,reward,528,4.6296007014051925,3.598,SF-P3O-NoSpectral,Walker2d-v4,0
8366,reward,529,17.509131793078193,5.298,SF-P3O-NoSpectral,Walker2d-v4,0
8387,reward,530,6.5783682352144535,6.375,SF-P3O-NoSpectral,Walker2d-v4,0
8398,reward,531,-1.6595098348659811,6.013,SF-P3O-NoSpectral,Walker2d-v4,0
8429,reward,532,27.728281936419737,8.585,SF-P3O-NoSpectral,Walker2d-v4,0
8442,reward,533,2.697717074530953,7.623,SF-P3O-NoSpectral,Walker2d-v4,0
8459,reward,534,6.176185538723608,8.572,SF-P3O-NoSpectral,Walker2d-v4,0
8478,reward,535,3.4889744276580923,6.621,SF-P3O-NoSpectral,Walker2d-v4,0
8532,reward,536,14.411305868924059,7.846,SF-P3O-NoSpectral,Walker2d-v4,0
8544,reward,537,-0.8047654565909425,8.076,SF-P3O-NoSpectral,Walker2d-v4,0
8556,reward,538,3.050796284691833,7.918,SF-P3O-NoSpectral,Walker2d-v4,0
8573,reward,539,1.7262714318994086,6.339,SF-P3O-NoSpectral,Walker2d-v4,0
8582,reward,540,-2.7074066360759663,5.411,SF-P3O-NoSpectral,Walker2d-v4,0
8605,reward,541,7.281461313032928,6.305,SF-P3O-NoSpectral,Walker2d-v4,0
8622,reward,542,5.095237184081649,4.042,SF-P3O-NoSpectral,Walker2d-v4,0
8638,reward,543,2.221755026462313,3.994,SF-P3O-NoSpectral,Walker2d-v4,0
8660,reward,544,13.205336469410229,4.697,SF-P3O-NoSpectral,Walker2d-v4,0
8677,reward,545,5.111131497133181,4.859,SF-P3O-NoSpectral,Walker2d-v4,0
8694,reward,546,5.403556882073051,3.958,SF-P3O-NoSpectral,Walker2d-v4,0
8706,reward,547,1.4308031021678866,4.182,SF-P3O-NoSpectral,Walker2d-v4,0
8725,reward,548,5.166511226982238,4.393,SF-P3O-NoSpectral,Walker2d-v4,0
8741,reward,549,2.9007487869761777,4.511,SF-P3O-NoSpectral,Walker2d-v4,0
8768,reward,550,7.48727161061696,5.53,SF-P3O-NoSpectral,Walker2d-v4,0
8786,reward,551,1.4173275075099234,4.944,SF-P3O-NoSpectral,Walker2d-v4,0
8802,reward,552,2.4470309176878984,4.679,SF-P3O-NoSpectral,Walker2d-v4,0
8816,reward,553,3.9409665884977207,4.851,SF-P3O-NoSpectral,Walker2d-v4,0
8832,reward,554,5.3870856242900045,4.069,SF-P3O-NoSpectral,Walker2d-v4,0
8853,reward,555,4.45934615136686,4.004,SF-P3O-NoSpectral,Walker2d-v4,0
8876,reward,556,9.589523708052738,4.423,SF-P3O-NoSpectral,Walker2d-v4,0
8892,reward,557,3.2674978087837037,4.606,SF-P3O-NoSpectral,Walker2d-v4,0
8900,reward,558,-2.7183806913524564,3.818,SF-P3O-NoSpectral,Walker2d-v4,0
8917,reward,559,3.3139628664721843,3.859,SF-P3O-NoSpectral,Walker2d-v4,0
8940,reward,560,7.768425878904016,3.887,SF-P3O-NoSpectral,Walker2d-v4,0
8965,reward,561,3.1805532843288615,4.064,SF-P3O-NoSpectral,Walker2d-v4,0
8979,reward,562,1.5665642050356552,3.976,SF-P3O-NoSpectral,Walker2d-v4,0
8987,reward,563,-1.4417476526175672,3.437,SF-P3O-NoSpectral,Walker2d-v4,0
8995,reward,564,-4.230512352492157,2.476,SF-P3O-NoSpectral,Walker2d-v4,0
9024,reward,565,9.626814678504491,2.992,SF-P3O-NoSpectral,Walker2d-v4,0
9036,reward,566,2.749036987563934,2.308,SF-P3O-NoSpectral,Walker2d-v4,0
9056,reward,567,6.866963268604752,2.668,SF-P3O-NoSpectral,Walker2d-v4,0
9078,reward,568,1.6490579095502058,3.105,SF-P3O-NoSpectral,Walker2d-v4,0
9097,reward,569,9.638851988363454,3.737,SF-P3O-NoSpectral,Walker2d-v4,0
9108,reward,570,1.0749091151892314,3.068,SF-P3O-NoSpectral,Walker2d-v4,0
9135,reward,571,2.7485169396645808,3.025,SF-P3O-NoSpectral,Walker2d-v4,0
9152,reward,572,4.909685072191639,3.359,SF-P3O-NoSpectral,Walker2d-v4,0
9160,reward,573,-2.9443543470322835,3.209,SF-P3O-NoSpectral,Walker2d-v4,0
9171,reward,574,-1.6027683914216122,3.472,SF-P3O-NoSpectral,Walker2d-v4,0
9188,reward,575,4.361530131992696,2.945,SF-P3O-NoSpectral,Walker2d-v4,0
9197,reward,576,-0.34842218466901365,2.635,SF-P3O-NoSpectral,Walker2d-v4,0
9228,reward,577,5.982440284412561,2.547,SF-P3O-NoSpectral,Walker2d-v4,0
9247,reward,578,1.9300319387786768,2.575,SF-P3O-NoSpectral,Walker2d-v4,0
9284,reward,579,5.311233105237249,2.142,SF-P3O-NoSpectral,Walker2d-v4,0
9298,reward,580,2.454611173515933,2.28,SF-P3O-NoSpectral,Walker2d-v4,0
9310,reward,581,1.1231330434302436,2.118,SF-P3O-NoSpectral,Walker2d-v4,0
9321,reward,582,1.561391263318804,1.783,SF-P3O-NoSpectral,Walker2d-v4,0
9345,reward,583,8.023311793866396,2.88,SF-P3O-NoSpectral,Walker2d-v4,0
9357,reward,584,-1.5715764869520887,2.883,SF-P3O-NoSpectral,Walker2d-v4,0
9371,reward,585,0.8462317424033643,2.531,SF-P3O-NoSpectral,Walker2d-v4,0
9393,reward,586,6.104300966582747,3.177,SF-P3O-NoSpectral,Walker2d-v4,0
9404,reward,587,-0.790759805739004,2.499,SF-P3O-NoSpectral,Walker2d-v4,0
9414,reward,588,-2.0638377300644057,2.1,SF-P3O-NoSpectral,Walker2d-v4,0
9428,reward,589,0.6265019336829505,1.631,SF-P3O-NoSpectral,Walker2d-v4,0
9443,reward,590,1.826793801203439,1.569,SF-P3O-NoSpectral,Walker2d-v4,0
9466,reward,591,4.943592690645648,1.951,SF-P3O-NoSpectral,Walker2d-v4,0
9483,reward,592,4.994872625300842,2.294,SF-P3O-NoSpectral,Walker2d-v4,0
9492,reward,593,-3.1184468299432533,1.18,SF-P3O-NoSpectral,Walker2d-v4,0
9508,reward,594,6.008487649886776,1.938,SF-P3O-NoSpectral,Walker2d-v4,0
9520,reward,595,3.154122493943449,2.169,SF-P3O-NoSpectral,Walker2d-v4,0
9531,reward,596,-0.09715193614265138,1.548,SF-P3O-NoSpectral,Walker2d-v4,0
9553,reward,597,12.465727049787336,2.874,SF-P3O-NoSpectral,Walker2d-v4,0
9569,reward,598,3.735546535935487,3.454,SF-P3O-NoSpectral,Walker2d-v4,0
9589,reward,599,1.7035350418071784,3.562,SF-P3O-NoSpectral,Walker2d-v4,0
9600,reward,600,-1.248067042969097,3.254,SF-P3O-NoSpectral,Walker2d-v4,0
9613,reward,601,0.46331472141245045,2.806,SF-P3O-NoSpectral,Walker2d-v4,0
9626,reward,602,-5.869280029425172,1.72,SF-P3O-NoSpectral,Walker2d-v4,0
9644,reward,603,8.75467760757005,2.907,SF-P3O-NoSpectral,Walker2d-v4,0
9686,reward,604,15.873474398062939,3.894,SF-P3O-NoSpectral,Walker2d-v4,0
9700,reward,605,2.2734859040858115,3.806,SF-P3O-NoSpectral,Walker2d-v4,0
9712,reward,606,0.10684071130589734,3.826,SF-P3O-NoSpectral,Walker2d-v4,0
9728,reward,607,4.216765021069887,3.001,SF-P3O-NoSpectral,Walker2d-v4,0
9744,reward,608,-5.136948708241231,2.114,SF-P3O-NoSpectral,Walker2d-v4,0
9772,reward,609,2.8708096403564403,2.231,SF-P3O-NoSpectral,Walker2d-v4,0
9798,reward,610,6.435329412962183,2.999,SF-P3O-NoSpectral,Walker2d-v4,0
9817,reward,611,6.342446361164793,3.587,SF-P3O-NoSpectral,Walker2d-v4,0
9835,reward,612,5.409393794256509,4.715,SF-P3O-NoSpectral,Walker2d-v4,0
9846,reward,613,2.2087146739429135,4.06,SF-P3O-NoSpectral,Walker2d-v4,0
9857,reward,614,1.1412561357124393,2.587,SF-P3O-NoSpectral,Walker2d-v4,0
9878,reward,615,7.009881234711734,3.06,SF-P3O-NoSpectral,Walker2d-v4,0
9890,reward,616,-0.1032882669505435,3.039,SF-P3O-NoSpectral,Walker2d-v4,0
9899,reward,617,-1.1098518375000812,2.507,SF-P3O-NoSpectral,Walker2d-v4,0
9923,reward,618,6.74065065144821,3.695,SF-P3O-NoSpectral,Walker2d-v4,0
9945,reward,619,2.760645089058218,3.684,SF-P3O-NoSpectral,Walker2d-v4,0
9961,reward,620,5.748006139994629,3.615,SF-P3O-NoSpectral,Walker2d-v4,0
9971,reward,621,0.9712718704118604,3.078,SF-P3O-NoSpectral,Walker2d-v4,0
9990,reward,622,5.72137141734435,3.109,SF-P3O-NoSpectral,Walker2d-v4,0
10000,speed,527.83,0.32,SF-P3O-NoSpectral,Walker2d-v4,0
10000,reward,623,-0.30837255713247846,2.857,SF-P3O-NoSpectral,Walker2d-v4,0
10016,reward,624,0.3102998746229062,2.774,SF-P3O-NoSpectral,Walker2d-v4,0
10039,reward,625,12.438639730311436,3.317,SF-P3O-NoSpectral,Walker2d-v4,0
10055,reward,626,1.1839352758704584,3.446,SF-P3O-NoSpectral,Walker2d-v4,0
10073,reward,627,4.478771435332503,4.005,SF-P3O-NoSpectral,Walker2d-v4,0
10097,reward,628,11.303410324952532,4.461,SF-P3O-NoSpectral,Walker2d-v4,0
10111,reward,629,1.721825972000718,4.357,SF-P3O-NoSpectral,Walker2d-v4,0
10127,reward,630,5.361679854516625,4.318,SF-P3O-NoSpectral,Walker2d-v4,0
10136,reward,631,-1.0369570339223704,4.117,SF-P3O-NoSpectral,Walker2d-v4,0
10152,reward,632,0.5428056169381261,3.6,SF-P3O-NoSpectral,Walker2d-v4,0
10185,reward,633,8.838000174219472,4.514,SF-P3O-NoSpectral,Walker2d-v4,0
10206,reward,634,10.229486699967065,5.506,SF-P3O-NoSpectral,Walker2d-v4,0
10215,reward,635,-1.1713133665115552,4.145,SF-P3O-NoSpectral,Walker2d-v4,0
10225,reward,636,-3.1672694783010726,3.71,SF-P3O-NoSpectral,Walker2d-v4,0
10244,reward,637,6.536132077021886,3.916,SF-P3O-NoSpectral,Walker2d-v4,0
10279,reward,638,6.528735135949388,3.438,SF-P3O-NoSpectral,Walker2d-v4,0
10290,reward,639,1.5394118965178372,3.42,SF-P3O-NoSpectral,Walker2d-v4,0
10311,reward,640,6.067831044720846,3.491,SF-P3O-NoSpectral,Walker2d-v4,0
10333,reward,641,6.613986585684794,4.256,SF-P3O-NoSpectral,Walker2d-v4,0
10351,reward,642,2.6391411356331576,4.465,SF-P3O-NoSpectral,Walker2d-v4,0
10360,reward,643,-3.8937339580058863,3.192,SF-P3O-NoSpectral,Walker2d-v4,0
10387,reward,644,0.6290310070866587,2.232,SF-P3O-NoSpectral,Walker2d-v4,0
10404,reward,645,4.485255862691939,2.798,SF-P3O-NoSpectral,Walker2d-v4,0
10426,reward,646,4.000466426517775,3.515,SF-P3O-NoSpectral,Walker2d-v4,0
10458,reward,647,5.731765988949996,3.434,SF-P3O-NoSpectral,Walker2d-v4,0
10473,reward,648,4.298806079024293,3.211,SF-P3O-NoSpectral,Walker2d-v4,0
10485,reward,649,-3.7747373270064077,2.68,SF-P3O-NoSpectral,Walker2d-v4,0
10498,reward,650,-6.43852190676881,1.429,SF-P3O-NoSpectral,Walker2d-v4,0
10511,reward,651,0.21001790917782925,0.789,SF-P3O-NoSpectral,Walker2d-v4,0
10525,reward,652,2.694522299826303,0.794,SF-P3O-NoSpectral,Walker2d-v4,0
10548,reward,653,2.697412498027385,1.453,SF-P3O-NoSpectral,Walker2d-v4,0
10559,reward,654,1.6868755921148808,1.559,SF-P3O-NoSpectral,Walker2d-v4,0
10574,reward,655,1.034053465552215,1.214,SF-P3O-NoSpectral,Walker2d-v4,0
10594,reward,656,8.887745200210109,1.703,SF-P3O-NoSpectral,Walker2d-v4,0
10615,reward,657,3.2319760290465505,1.453,SF-P3O-NoSpectral,Walker2d-v4,0
10638,reward,658,4.325489577512961,1.455,SF-P3O-NoSpectral,Walker2d-v4,0
10660,reward,659,3.334649202989749,2.166,SF-P3O-NoSpectral,Walker2d-v4,0
10672,reward,660,-1.1142960063933247,2.699,SF-P3O-NoSpectral,Walker2d-v4,0
10694,reward,661,10.282497195192928,3.706,SF-P3O-NoSpectral,Walker2d-v4,0
10709,reward,662,2.9355249487816883,3.73,SF-P3O-NoSpectral,Walker2d-v4,0
10736,reward,663,4.657627323674864,3.926,SF-P3O-NoSpectral,Walker2d-v4,0
10752,reward,664,1.6296385769717876,3.92,SF-P3O-NoSpectral,Walker2d-v4,0
10778,reward,665,0.8698305723808382,3.904,SF-P3O-NoSpectral,Walker2d-v4,0
10807,reward,666,7.83565337614821,3.799,SF-P3O-NoSpectral,Walker2d-v4,0
10819,reward,667,-3.5046367856077647,3.125,SF-P3O-NoSpectral,Walker2d-v4,0
10829,reward,668,-2.8212223750247674,2.411,SF-P3O-NoSpectral,Walker2d-v4,0
10845,reward,669,5.1883982539936975,2.596,SF-P3O-NoSpectral,Walker2d-v4,0
10858,reward,670,2.099744004021006,2.917,SF-P3O-NoSpectral,Walker2d-v4,0
10880,reward,671,-1.0706941474154565,1.782,SF-P3O-NoSpectral,Walker2d-v4,0
10895,reward,672,1.3155178170317716,1.62,SF-P3O-NoSpectral,Walker2d-v4,0
10920,reward,673,8.93275421924372,2.047,SF-P3O-NoSpectral,Walker2d-v4,0
10936,reward,674,-3.3957232742130348,1.545,SF-P3O-NoSpectral,Walker2d-v4,0
10959,reward,675,15.404088115883841,2.998,SF-P3O-NoSpectral,Walker2d-v4,0
10984,reward,676,4.3078594065930735,2.646,SF-P3O-NoSpectral,Walker2d-v4,0
10996,reward,677,0.9088278208195752,3.087,SF-P3O-NoSpectral,Walker2d-v4,0
11006,reward,678,0.6701788151113277,3.436,SF-P3O-NoSpectral,Walker2d-v4,0
11019,reward,679,-2.143714253647153,2.703,SF-P3O-NoSpectral,Walker2d-v4,0
11051,reward,680,16.271934701325748,4.12,SF-P3O-NoSpectral,Walker2d-v4,0
11061,reward,681,-0.823987578693714,4.145,SF-P3O-NoSpectral,Walker2d-v4,0
11081,reward,682,3.016342099637801,4.315,SF-P3O-NoSpectral,Walker2d-v4,0
11100,reward,683,6.388017605427345,4.06,SF-P3O-NoSpectral,Walker2d-v4,0
11111,reward,684,0.6106252408618714,4.461,SF-P3O-NoSpectral,Walker2d-v4,0
11132,reward,685,-2.984888137638789,2.622,SF-P3O-NoSpectral,Walker2d-v4,0
11148,reward,686,-1.0059242920592217,2.091,SF-P3O-NoSpectral,Walker2d-v4,0
11161,reward,687,1.9080860385637548,2.191,SF-P3O-NoSpectral,Walker2d-v4,0
11172,reward,688,0.20289397982452329,2.144,SF-P3O-NoSpectral,Walker2d-v4,0
11182,reward,689,-5.088863188403244,1.849,SF-P3O-NoSpectral,Walker2d-v4,0
11196,reward,690,-3.13241068023798,-0.091,SF-P3O-NoSpectral,Walker2d-v4,0
11209,reward,691,-1.2785128242909725,-0.136,SF-P3O-NoSpectral,Walker2d-v4,0
11228,reward,692,4.070221436477252,-0.031,SF-P3O-NoSpectral,Walker2d-v4,0
11254,reward,693,0.39058292502811676,-0.631,SF-P3O-NoSpectral,Walker2d-v4,0
11270,reward,694,2.488257327859545,-0.443,SF-P3O-NoSpectral,Walker2d-v4,0
11293,reward,695,12.028114682360226,1.058,SF-P3O-NoSpectral,Walker2d-v4,0
11305,reward,696,0.983460852749612,1.257,SF-P3O-NoSpectral,Walker2d-v4,0
11331,reward,697,17.012910421084268,2.768,SF-P3O-NoSpectral,Walker2d-v4,0
11353,reward,698,7.883498528183107,3.536,SF-P3O-NoSpectral,Walker2d-v4,0
11370,reward,699,0.5992169819360111,4.105,SF-P3O-NoSpectral,Walker2d-v4,0
11385,reward,700,-0.4765522351576379,4.37,SF-P3O-NoSpectral,Walker2d-v4,0
11394,reward,701,-0.5593545672103255,4.442,SF-P3O-NoSpectral,Walker2d-v4,0
11411,reward,702,4.149899488194094,4.45,SF-P3O-NoSpectral,Walker2d-v4,0
11425,reward,703,5.527934939060444,4.964,SF-P3O-NoSpectral,Walker2d-v4,0
11446,reward,704,-2.581855061739363,4.457,SF-P3O-NoSpectral,Walker2d-v4,0
11462,reward,705,4.989646703448627,3.753,SF-P3O-NoSpectral,Walker2d-v4,0
11486,reward,706,1.5779426888261245,3.812,SF-P3O-NoSpectral,Walker2d-v4,0
11500,reward,707,-0.07013647058277162,2.104,SF-P3O-NoSpectral,Walker2d-v4,0
11521,reward,708,6.3006953138448285,1.946,SF-P3O-NoSpectral,Walker2d-v4,0
11535,reward,709,-0.8086529007277183,1.805,SF-P3O-NoSpectral,Walker2d-v4,0
11549,reward,710,2.8521735404644475,2.138,SF-P3O-NoSpectral,Walker2d-v4,0
11580,reward,711,5.450171289658494,2.739,SF-P3O-NoSpectral,Walker2d-v4,0
11593,reward,712,2.2280231618420654,2.547,SF-P3O-NoSpectral,Walker2d-v4,0
11605,reward,713,0.9885546019235593,2.093,SF-P3O-NoSpectral,Walker2d-v4,0
11629,reward,714,-3.1457810835303075,2.036,SF-P3O-NoSpectral,Walker2d-v4,0
11652,reward,715,10.443938864337493,2.582,SF-P3O-NoSpectral,Walker2d-v4,0
11671,reward,716,5.005601511055552,2.924,SF-P3O-NoSpectral,Walker2d-v4,0
11723,reward,717,7.504682245944396,3.682,SF-P3O-NoSpectral,Walker2d-v4,0
11739,reward,718,-0.46158596097389326,3.006,SF-P3O-NoSpectral,Walker2d-v4,0
11753,reward,719,1.5432141939763218,3.241,SF-P3O-NoSpectral,Walker2d-v4,0
11770,reward,720,4.44558470233815,3.4,SF-P3O-NoSpectral,Walker2d-v4,0
11787,reward,721,4.233097074601277,3.279,SF-P3O-NoSpectral,Walker2d-v4,0
11802,reward,722,4.911971690598867,3.547,SF-P3O-NoSpectral,Walker2d-v4,0
11822,reward,723,2.183741557553511,3.666,SF-P3O-NoSpectral,Walker2d-v4,0
11835,reward,724,0.5629056335782909,4.037,SF-P3O-NoSpectral,Walker2d-v4,0
11844,reward,725,-1.1203747955347265,2.881,SF-P3O-NoSpectral,Walker2d-v4,0
11860,reward,726,5.457763895334291,2.926,SF-P3O-NoSpectral,Walker2d-v4,0
11875,reward,727,1.963716450609371,2.372,SF-P3O-NoSpectral,Walker2d-v4,0
11899,reward,728,6.668048356824899,3.085,SF-P3O-NoSpectral,Walker2d-v4,0
11913,reward,729,0.017270761013837288,2.932,SF-P3O-NoSpectral,Walker2d-v4,0
11943,reward,730,5.053905001618613,2.993,SF-P3O-NoSpectral,Walker2d-v4,0
11963,reward,731,8.336782859361962,3.404,SF-P3O-NoSpectral,Walker2d-v4,0
11974,reward,732,0.9187630936192197,3.004,SF-P3O-NoSpectral,Walker2d-v4,0
11988,reward,733,0.6644484091467677,2.852,SF-P3O-NoSpectral,Walker2d-v4,0
12004,reward,734,4.797808122724935,3.276,SF-P3O-NoSpectral,Walker2d-v4,0
12015,reward,735,-0.49626937401861726,3.338,SF-P3O-NoSpectral,Walker2d-v4,0
12034,reward,736,3.0832771862757866,3.101,SF-P3O-NoSpectral,Walker2d-v4,0
12069,reward,737,10.738858985349882,3.978,SF-P3O-NoSpectral,Walker2d-v4,0
12090,reward,738,0.06158837331347944,3.318,SF-P3O-NoSpectral,Walker2d-v4,0
12108,reward,739,-4.377765838833284,2.878,SF-P3O-NoSpectral,Walker2d-v4,0
12117,reward,740,-2.5088709369872504,2.122,SF-P3O-NoSpectral,Walker2d-v4,0
12143,reward,741,6.072298082685151,1.895,SF-P3O-NoSpectral,Walker2d-v4,0
12153,reward,742,-0.7109905861150216,1.732,SF-P3O-NoSpectral,Walker2d-v4,0
12177,reward,743,6.816137595872128,2.348,SF-P3O-NoSpectral,Walker2d-v4,0
12191,reward,744,2.76113386901148,2.144,SF-P3O-NoSpectral,Walker2d-v4,0
12210,reward,745,6.997652339869004,2.893,SF-P3O-NoSpectral,Walker2d-v4,0
12233,reward,746,-2.6225806602719146,2.323,SF-P3O-NoSpectral,Walker2d-v4,0
12244,reward,747,-0.04382002603539148,1.244,SF-P3O-NoSpectral,Walker2d-v4,0
12263,reward,748,4.528069591304601,1.691,SF-P3O-NoSpectral,Walker2d-v4,0
12275,reward,749,2.43826822310421,2.373,SF-P3O-NoSpectral,Walker2d-v4,0
12288,reward,750,2.8883895483305144,2.912,SF-P3O-NoSpectral,Walker2d-v4,0
12300,reward,751,2.358422398191215,2.541,SF-P3O-NoSpectral,Walker2d-v4,0
12312,reward,752,1.586212773763997,2.771,SF-P3O-NoSpectral,Walker2d-v4,0
12321,reward,753,-1.3833764004198663,1.951,SF-P3O-NoSpectral,Walker2d-v4,0
12329,reward,754,-1.0985717881971646,1.565,SF-P3O-NoSpectral,Walker2d-v4,0
12364,reward,755,22.390217520305157,3.104,SF-P3O-NoSpectral,Walker2d-v4,0
12382,reward,756,6.53089151684987,4.019,SF-P3O-NoSpectral,Walker2d-v4,0
12405,reward,757,5.198327632093516,4.544,SF-P3O-NoSpectral,Walker2d-v4,0
12440,reward,758,10.277312939428542,5.119,SF-P3O-NoSpectral,Walker2d-v4,0
12456,reward,759,-8.398225177912948,4.035,SF-P3O-NoSpectral,Walker2d-v4,0
12490,reward,760,18.810197311194926,5.627,SF-P3O-NoSpectral,Walker2d-v4,0
12499,reward,761,-2.035931695745406,5.188,SF-P3O-NoSpectral,Walker2d-v4,0
12519,reward,762,6.651085063574276,5.694,SF-P3O-NoSpectral,Walker2d-v4,0
12573,reward,763,14.90388501364814,7.323,SF-P3O-NoSpectral,Walker2d-v4,0
12587,reward,764,-4.724773967125465,6.96,SF-P3O-NoSpectral,Walker2d-v4,0
12597,reward,765,-2.800255575291117,4.441,SF-P3O-NoSpectral,Walker2d-v4,0
12625,reward,766,11.059592625124123,4.894,SF-P3O-NoSpectral,Walker2d-v4,0
12667,reward,767,29.497188877900808,7.324,SF-P3O-NoSpectral,Walker2d-v4,0
12692,reward,768,-1.7697402413680037,6.119,SF-P3O-NoSpectral,Walker2d-v4,0
12742,reward,769,11.163523721819137,8.075,SF-P3O-NoSpectral,Walker2d-v4,0
12754,reward,770,1.350106369295585,6.329,SF-P3O-NoSpectral,Walker2d-v4,0
12778,reward,771,-1.9007827288733135,6.343,SF-P3O-NoSpectral,Walker2d-v4,0
12797,reward,772,-2.3504497473150714,5.443,SF-P3O-NoSpectral,Walker2d-v4,0
12826,reward,773,-6.31555806983579,3.321,SF-P3O-NoSpectral,Walker2d-v4,0
12840,reward,774,2.3205131893969795,4.025,SF-P3O-NoSpectral,Walker2d-v4,0
12849,reward,775,-2.4853089230837258,4.057,SF-P3O-NoSpectral,Walker2d-v4,0
12886,reward,776,13.49615387405295,4.301,SF-P3O-NoSpectral,Walker2d-v4,0
12904,reward,777,5.214738500023396,1.872,SF-P3O-NoSpectral,Walker2d-v4,0
12927,reward,778,-6.389097962730641,1.41,SF-P3O-NoSpectral,Walker2d-v4,0
12943,reward,779,3.8083768584782423,0.675,SF-P3O-NoSpectral,Walker2d-v4,0
12981,reward,780,22.169206025549137,2.757,SF-P3O-NoSpectral,Walker2d-v4,0
13001,reward,781,4.56927995167944,3.404,SF-P3O-NoSpectral,Walker2d-v4,0
13018,reward,782,-0.08517509391393885,3.63,SF-P3O-NoSpectral,Walker2d-v4,0
13036,reward,783,8.234523574949993,5.085,SF-P3O-NoSpectral,Walker2d-v4,0
13054,reward,784,8.251100304811601,5.678,SF-P3O-NoSpectral,Walker2d-v4,0
13068,reward,785,1.8898725055777021,6.116,SF-P3O-NoSpectral,Walker2d-v4,0
13094,reward,786,10.564929249180262,5.823,SF-P3O-NoSpectral,Walker2d-v4,0
13103,reward,787,-1.3335368353013355,5.168,SF-P3O-NoSpectral,Walker2d-v4,0
13121,reward,788,2.1832489652152107,6.025,SF-P3O-NoSpectral,Walker2d-v4,0
13129,reward,789,-1.8201149050376235,5.462,SF-P3O-NoSpectral,Walker2d-v4,0
13152,reward,790,11.71579103356576,4.417,SF-P3O-NoSpectral,Walker2d-v4,0
13185,reward,791,5.891741194564138,4.549,SF-P3O-NoSpectral,Walker2d-v4,0
13200,reward,792,-1.8686933090243765,4.371,SF-P3O-NoSpectral,Walker2d-v4,0
13220,reward,793,4.6059977455936085,4.008,SF-P3O-NoSpectral,Walker2d-v4,0
13245,reward,794,6.441006747296432,3.827,SF-P3O-NoSpectral,Walker2d-v4,0
13270,reward,795,9.313412034308449,4.569,SF-P3O-NoSpectral,Walker2d-v4,0
13292,reward,796,11.711106611149402,4.684,SF-P3O-NoSpectral,Walker2d-v4,0
13313,reward,797,6.079441152348987,5.425,SF-P3O-NoSpectral,Walker2d-v4,0
13352,reward,798,7.6208672688871975,5.969,SF-P3O-NoSpectral,Walker2d-v4,0
13369,reward,799,3.7061895887789635,6.522,SF-P3O-NoSpectral,Walker2d-v4,0
13390,reward,800,5.164061123538909,5.867,SF-P3O-NoSpectral,Walker2d-v4,0
13403,reward,801,1.8750168205516409,5.465,SF-P3O-NoSpectral,Walker2d-v4,0
13419,reward,802,5.82373607037256,6.234,SF-P3O-NoSpectral,Walker2d-v4,0
13428,reward,803,-3.946570561684405,5.379,SF-P3O-NoSpectral,Walker2d-v4,0
13456,reward,804,11.107454479916358,5.845,SF-P3O-NoSpectral,Walker2d-v4,0
13469,reward,805,2.454688581072063,5.16,SF-P3O-NoSpectral,Walker2d-v4,0
13494,reward,806,13.268593978835858,5.315,SF-P3O-NoSpectral,Walker2d-v4,0
13509,reward,807,5.829418769621062,5.29,SF-P3O-NoSpectral,Walker2d-v4,0
13535,reward,808,1.135039517007387,4.642,SF-P3O-NoSpectral,Walker2d-v4,0
13557,reward,809,1.2474259885704084,4.396,SF-P3O-NoSpectral,Walker2d-v4,0
13574,reward,810,2.83511300919346,4.163,SF-P3O-NoSpectral,Walker2d-v4,0
13585,reward,811,-1.312925980977935,3.844,SF-P3O-NoSpectral,Walker2d-v4,0
13604,reward,812,6.438020315609714,3.906,SF-P3O-NoSpectral,Walker2d-v4,0
13644,reward,813,18.029834280039445,6.103,SF-P3O-NoSpectral,Walker2d-v4,0
13662,reward,814,7.334201530646284,5.726,SF-P3O-NoSpectral,Walker2d-v4,0
13678,reward,815,1.7422143886341834,5.655,SF-P3O-NoSpectral,Walker2d-v4,0
13702,reward,816,10.32954937474598,5.361,SF-P3O-NoSpectral,Walker2d-v4,0
13723,reward,817,2.117069753484803,4.99,SF-P3O-NoSpectral,Walker2d-v4,0
13746,reward,818,-1.0698888442882695,4.769,SF-P3O-NoSpectral,Walker2d-v4,0
13770,reward,819,9.430131923800566,5.587,SF-P3O-NoSpectral,Walker2d-v4,0
13784,reward,820,-1.6757048161921881,5.136,SF-P3O-NoSpectral,Walker2d-v4,0
13792,reward,821,-1.308414359719641,5.137,SF-P3O-NoSpectral,Walker2d-v4,0
13808,reward,822,1.9369043196043225,4.687,SF-P3O-NoSpectral,Walker2d-v4,0
13825,reward,823,7.694026395715597,3.653,SF-P3O-NoSpectral,Walker2d-v4,0
13845,reward,824,7.518146067288107,3.671,SF-P3O-NoSpectral,Walker2d-v4,0
13868,reward,825,14.3552347900108,4.933,SF-P3O-NoSpectral,Walker2d-v4,0
13883,reward,826,3.0534703359467326,4.205,SF-P3O-NoSpectral,Walker2d-v4,0
13923,reward,827,5.283222469252979,4.522,SF-P3O-NoSpectral,Walker2d-v4,0
13948,reward,828,9.910677918329517,5.62,SF-P3O-NoSpectral,Walker2d-v4,0
13963,reward,829,-2.0177729294959015,4.475,SF-P3O-NoSpectral,Walker2d-v4,0
13977,reward,830,1.4302143207212044,4.786,SF-P3O-NoSpectral,Walker2d-v4,0
13986,reward,831,-3.7206604509813364,4.544,SF-P3O-NoSpectral,Walker2d-v4,0
14019,reward,832,2.4678571675409025,4.597,SF-P3O-NoSpectral,Walker2d-v4,0
14058,reward,833,17.170007439248096,5.545,SF-P3O-NoSpectral,Walker2d-v4,0
14076,reward,834,3.4266948539883035,5.136,SF-P3O-NoSpectral,Walker2d-v4,0
14090,reward,835,4.484387522516775,4.149,SF-P3O-NoSpectral,Walker2d-v4,0
14119,reward,836,10.803772235474193,4.924,SF-P3O-NoSpectral,Walker2d-v4,0
14147,reward,837,11.269895066821563,5.523,SF-P3O-NoSpectral,Walker2d-v4,0
14192,reward,838,17.156998221512993,6.247,SF-P3O-NoSpectral,Walker2d-v4,0
14205,reward,839,2.568504142677785,6.706,SF-P3O-NoSpectral,Walker2d-v4,0
14216,reward,840,-0.02922325317815133,6.56,SF-P3O-NoSpectral,Walker2d-v4,0
14227,reward,841,0.5020047194472808,6.982,SF-P3O-NoSpectral,Walker2d-v4,0
14248,reward,842,5.285282344488549,7.264,SF-P3O-NoSpectral,Walker2d-v4,0
14261,reward,843,-4.803641108931845,5.066,SF-P3O-NoSpectral,Walker2d-v4,0
14283,reward,844,4.514078557722561,5.175,SF-P3O-NoSpectral,Walker2d-v4,0
14309,reward,845,9.626405031659152,5.689,SF-P3O-NoSpectral,Walker2d-v4,0
14348,reward,846,9.571322112354368,5.566,SF-P3O-NoSpectral,Walker2d-v4,0
14372,reward,847,11.334495241800507,5.573,SF-P3O-NoSpectral,Walker2d-v4,0
14380,reward,848,-3.3305919976019203,3.524,SF-P3O-NoSpectral,Walker2d-v4,0
14397,reward,849,1.3330707372647386,3.4,SF-P3O-NoSpectral,Walker2d-v4,0
14406,reward,850,-1.6804057571350162,3.235,SF-P3O-NoSpectral,Walker2d-v4,0
14420,reward,851,0.4395246982849913,3.229,SF-P3O-NoSpectral,Walker2d-v4,0
14434,reward,852,3.35528137357106,3.036,SF-P3O-NoSpectral,Walker2d-v4,0
14449,reward,853,1.6986121416239697,3.686,SF-P3O-NoSpectral,Walker2d-v4,0
14469,reward,854,5.561521133779852,3.791,SF-P3O-NoSpectral,Walker2d-v4,0
14487,reward,855,3.765018699945843,3.205,SF-P3O-NoSpectral,Walker2d-v4,0
14508,reward,856,6.200379930405943,2.868,SF-P3O-NoSpectral,Walker2d-v4,0
14521,reward,857,3.220019981120545,2.056,SF-P3O-NoSpectral,Walker2d-v4,0
14530,reward,858,-2.2625491204207013,2.163,SF-P3O-NoSpectral,Walker2d-v4,0
14547,reward,859,8.628143926519424,2.893,SF-P3O-NoSpectral,Walker2d-v4,0
14570,reward,860,4.524201830984535,3.513,SF-P3O-NoSpectral,Walker2d-v4,0
14586,reward,861,-1.426941411920458,3.326,SF-P3O-NoSpectral,Walker2d-v4,0
14596,reward,862,-3.543067436240773,2.637,SF-P3O-NoSpectral,Walker2d-v4,0
14618,reward,863,8.316500252583072,3.298,SF-P3O-NoSpectral,Walker2d-v4,0
14639,reward,864,5.248321101464517,3.267,SF-P3O-NoSpectral,Walker2d-v4,0
14651,reward,865,-0.24902497595192963,2.866,SF-P3O-NoSpectral,Walker2d-v4,0
14663,reward,866,1.5050050036559646,2.396,SF-P3O-NoSpectral,Walker2d-v4,0
14696,reward,867,11.116015980659576,3.186,SF-P3O-NoSpectral,Walker2d-v4,0
14708,reward,868,-1.5863996715709856,3.253,SF-P3O-NoSpectral,Walker2d-v4,0
14719,reward,869,-2.6528048235028017,2.125,SF-P3O-NoSpectral,Walker2d-v4,0
14728,reward,870,-3.673954999675702,1.305,SF-P3O-NoSpectral,Walker2d-v4,0
14751,reward,871,-0.6622544283846497,1.382,SF-P3O-NoSpectral,Walker2d-v4,0
14770,reward,872,-3.062633468146486,1.43,SF-P3O-NoSpectral,Walker2d-v4,0
14781,reward,873,-1.5505307341527155,0.443,SF-P3O-NoSpectral,Walker2d-v4,0
14802,reward,874,2.3032907902530866,0.149,SF-P3O-NoSpectral,Walker2d-v4,0
14833,reward,875,12.385913612475953,1.412,SF-P3O-NoSpectral,Walker2d-v4,0
14848,reward,876,-0.5598089177654697,1.206,SF-P3O-NoSpectral,Walker2d-v4,0
14881,reward,877,18.169144942436205,1.911,SF-P3O-NoSpectral,Walker2d-v4,0
14901,reward,878,3.084169899633179,2.378,SF-P3O-NoSpectral,Walker2d-v4,0
14924,reward,879,13.357119718833085,3.979,SF-P3O-NoSpectral,Walker2d-v4,0
14933,reward,880,-3.7205312262564814,3.974,SF-P3O-NoSpectral,Walker2d-v4,0
14977,reward,881,14.136175942686458,5.454,SF-P3O-NoSpectral,Walker2d-v4,0
14987,reward,882,1.1672862492452205,5.877,SF-P3O-NoSpectral,Walker2d-v4,0
14999,reward,883,-0.15060602628748987,6.017,SF-P3O-NoSpectral,Walker2d-v4,0
15016,reward,884,-2.3025735846098243,5.557,SF-P3O-NoSpectral,Walker2d-v4,0
15037,reward,885,3.692239133152796,4.687,SF-P3O-NoSpectral,Walker2d-v4,0
15049,reward,886,0.213453499039588,4.765,SF-P3O-NoSpectral,Walker2d-v4,0
15085,reward,887,24.806580582964884,5.428,SF-P3O-NoSpectral,Walker2d-v4,0
15123,reward,888,18.424675413485524,6.962,SF-P3O-NoSpectral,Walker2d-v4,0
15147,reward,889,5.528845808846431,6.18,SF-P3O-NoSpectral,Walker2d-v4,0
15158,reward,890,1.8217687440225157,6.734,SF-P3O-NoSpectral,Walker2d-v4,0
15177,reward,891,5.9933769399363985,5.92,SF-P3O-NoSpectral,Walker2d-v4,0
15199,reward,892,-3.5471514100510007,5.448,SF-P3O-NoSpectral,Walker2d-v4,0
15214,reward,893,2.2433067776385043,5.687,SF-P3O-NoSpectral,Walker2d-v4,0
15239,reward,894,-0.3119784711031115,5.887,SF-P3O-NoSpectral,Walker2d-v4,0
15257,reward,895,2.7779956003242168,5.795,SF-P3O-NoSpectral,Walker2d-v4,0
15265,reward,896,-2.5147421147066344,5.522,SF-P3O-NoSpectral,Walker2d-v4,0
15275,reward,897,-1.0416216622953245,2.937,SF-P3O-NoSpectral,Walker2d-v4,0
15322,reward,898,13.908381302051712,2.486,SF-P3O-NoSpectral,Walker2d-v4,0
15371,reward,899,15.094848881100543,3.442,SF-P3O-NoSpectral,Walker2d-v4,0
15381,reward,900,0.08912267900471671,3.269,SF-P3O-NoSpectral,Walker2d-v4,0
15390,reward,901,-1.9904266877572356,2.471,SF-P3O-NoSpectral,Walker2d-v4,0
15411,reward,902,4.4019110642339525,3.266,SF-P3O-NoSpectral,Walker2d-v4,0
15436,reward,903,12.138234921993435,4.255,SF-P3O-NoSpectral,Walker2d-v4,0
15451,reward,904,2.235526986398435,4.51,SF-P3O-NoSpectral,Walker2d-v4,0
15467,reward,905,1.761273440879512,4.408,SF-P3O-NoSpectral,Walker2d-v4,0
15494,reward,906,6.295653221886067,5.289,SF-P3O-NoSpectral,Walker2d-v4,0
15516,reward,907,5.022096843662432,5.896,SF-P3O-NoSpectral,Walker2d-v4,0
15540,reward,908,-2.0305340912621563,4.302,SF-P3O-NoSpectral,Walker2d-v4,0
15555,reward,909,2.1753642207044654,3.01,SF-P3O-NoSpectral,Walker2d-v4,0
15566,reward,910,-1.1438417958702878,2.887,SF-P3O-NoSpectral,Walker2d-v4,0
15587,reward,911,4.772610116273915,3.563,SF-P3O-NoSpectral,Walker2d-v4,0
15601,reward,912,3.770465681428498,3.5,SF-P3O-NoSpectral,Walker2d-v4,0
15631,reward,913,11.444752997578814,3.43,SF-P3O-NoSpectral,Walker2d-v4,0
15652,reward,914,4.36340568450287,3.643,SF-P3O-NoSpectral,Walker2d-v4,0
15679,reward,915,7.38118527436445,4.205,SF-P3O-NoSpectral,Walker2d-v4,0
15689,reward,916,-0.2966584792789535,3.546,SF-P3O-NoSpectral,Walker2d-v4,0
15700,reward,917,1.079848051622486,3.152,SF-P3O-NoSpectral,Walker2d-v4,0
15719,reward,918,7.087186289215771,4.063,SF-P3O-NoSpectral,Walker2d-v4,0
15734,reward,919,1.4056577169384041,3.986,SF-P3O-NoSpectral,Walker2d-v4,0
15762,reward,920,8.431143806533296,4.944,SF-P3O-NoSpectral,Walker2d-v4,0
15773,reward,921,-2.0343808432213963,4.263,SF-P3O-NoSpectral,Walker2d-v4,0
15783,reward,922,-3.8318459614532427,3.503,SF-P3O-NoSpectral,Walker2d-v4,0
15796,reward,923,1.9537607244874526,2.554,SF-P3O-NoSpectral,Walker2d-v4,0
15809,reward,924,-0.12701284972458282,2.105,SF-P3O-NoSpectral,Walker2d-v4,0
15823,reward,925,3.628404792531268,1.73,SF-P3O-NoSpectral,Walker2d-v4,0
15842,reward,926,1.7832626583672107,1.938,SF-P3O-NoSpectral,Walker2d-v4,0
15863,reward,927,7.2411166987913145,2.554,SF-P3O-NoSpectral,Walker2d-v4,0
15882,reward,928,8.252109610287093,2.67,SF-P3O-NoSpectral,Walker2d-v4,0
15898,reward,929,3.7175652171462876,2.901,SF-P3O-NoSpectral,Walker2d-v4,0
15923,reward,930,0.7908854443518593,2.137,SF-P3O-NoSpectral,Walker2d-v4,0
15944,reward,931,9.698940101400789,3.311,SF-P3O-NoSpectral,Walker2d-v4,0
15963,reward,932,8.380676224082837,4.532,SF-P3O-NoSpectral,Walker2d-v4,0
15980,reward,933,3.7193965317401307,4.709,SF-P3O-NoSpectral,Walker2d-v4,0
15997,reward,934,5.865691945481604,5.308,SF-P3O-NoSpectral,Walker2d-v4,0
16011,reward,935,0.5441493773822129,4.999,SF-P3O-NoSpectral,Walker2d-v4,0
16027,reward,936,2.1082053782559873,5.032,SF-P3O-NoSpectral,Walker2d-v4,0
16050,reward,937,1.8531667786082449,4.493,SF-P3O-NoSpectral,Walker2d-v4,0
16090,reward,938,24.592387644787898,6.127,SF-P3O-NoSpectral,Walker2d-v4,0
16099,reward,939,-0.1570998022247938,5.74,SF-P3O-NoSpectral,Walker2d-v4,0
16144,reward,940,23.122338527184088,7.973,SF-P3O-NoSpectral,Walker2d-v4,0
16155,reward,941,0.48391921352191924,7.051,SF-P3O-NoSpectral,Walker2d-v4,0
16168,reward,942,1.227791938140721,6.336,SF-P3O-NoSpectral,Walker2d-v4,0
16183,reward,943,1.3922314387066503,6.103,SF-P3O-NoSpectral,Walker2d-v4,0
16210,reward,944,7.947399245328026,6.311,SF-P3O-NoSpectral,Walker2d-v4,0
16220,reward,945,-3.8832795030230294,5.869,SF-P3O-NoSpectral,Walker2d-v4,0
16238,reward,946,2.230583243182225,5.881,SF-P3O-NoSpectral,Walker2d-v4,0
16249,reward,947,0.9583370076299733,5.791,SF-P3O-NoSpectral,Walker2d-v4,0
16272,reward,948,10.5105017743947,4.383,SF-P3O-NoSpectral,Walker2d-v4,0
16290,reward,949,2.353781166951709,4.634,SF-P3O-NoSpectral,Walker2d-v4,0
16333,reward,950,33.68748602781681,5.691,SF-P3O-NoSpectral,Walker2d-v4,0
16348,reward,951,3.634694852224764,6.006,SF-P3O-NoSpectral,Walker2d-v4,0
16365,reward,952,6.273762738050878,6.511,SF-P3O-NoSpectral,Walker2d-v4,0
16384,loss,-0.06337092071771622,0.7990831136703491,SF-P3O-NoSpectral,Walker2d-v4,0
16384,diagnostics,0.0,53.06,3.7706,0.004137,0.967359,0.1391,0.129998,SF-P3O-NoSpectral,Walker2d-v4,0
16387,reward,953,2.1930885775656974,6.591,SF-P3O-NoSpectral,Walker2d-v4,0
16417,reward,954,6.7302857957362185,6.469,SF-P3O-NoSpectral,Walker2d-v4,0
16427,reward,955,1.1292781427452772,6.97,SF-P3O-NoSpectral,Walker2d-v4,0
16441,reward,956,1.0679167911561265,6.854,SF-P3O-NoSpectral,Walker2d-v4,0
16453,reward,957,-0.5032209016449728,6.708,SF-P3O-NoSpectral,Walker2d-v4,0
16475,reward,958,4.0037493224643494,6.057,SF-P3O-NoSpectral,Walker2d-v4,0
16497,reward,959,5.289327505000017,6.351,SF-P3O-NoSpectral,Walker2d-v4,0
16512,reward,960,1.4677931330204912,3.129,SF-P3O-NoSpectral,Walker2d-v4,0
16531,reward,961,3.943012075236583,3.159,SF-P3O-NoSpectral,Walker2d-v4,0
16541,reward,962,0.583894049393981,2.591,SF-P3O-NoSpectral,Walker2d-v4,0
16580,reward,963,9.058615705004977,3.277,SF-P3O-NoSpectral,Walker2d-v4,0
16601,reward,964,-2.482954493145744,2.356,SF-P3O-NoSpectral,Walker2d-v4,0
16620,reward,965,7.366550224305082,2.979,SF-P3O-NoSpectral,Walker2d-v4,0
16653,reward,966,11.09002584341992,3.982,SF-P3O-NoSpectral,Walker2d-v4,0
16668,reward,967,4.122409162160373,4.444,SF-P3O-NoSpectral,Walker2d-v4,0
16693,reward,968,-0.8529130832484146,3.959,SF-P3O-NoSpectral,Walker2d-v4,0
16717,reward,969,12.71270498344581,4.701,SF-P3O-NoSpectral,Walker2d-v4,0
16752,reward,970,19.61122150460506,6.515,SF-P3O-NoSpectral,Walker2d-v4,0
16778,reward,971,13.46500693919487,7.467,SF-P3O-NoSpectral,Walker2d-v4,0
16805,reward,972,13.865859967154622,8.796,SF-P3O-NoSpectral,Walker2d-v4,0
16820,reward,973,4.656241241382659,8.355,SF-P3O-NoSpectral,Walker2d-v4,0
16854,reward,974,22.79781692097845,10.883,SF-P3O-NoSpectral,Walker2d-v4,0
16868,reward,975,0.22534750483060162,10.169,SF-P3O-NoSpectral,Walker2d-v4,0
16895,reward,976,1.110448777595788,9.171,SF-P3O-NoSpectral,Walker2d-v4,0
16920,reward,977,3.8526841502802482,9.144,SF-P3O-NoSpectral,Walker2d-v4,0
16938,reward,978,5.212092844702881,9.751,SF-P3O-NoSpectral,Walker2d-v4,0
16955,reward,979,6.237344522419945,9.103,SF-P3O-NoSpectral,Walker2d-v4,0
16975,reward,980,2.777890566468088,7.42,SF-P3O-NoSpectral,Walker2d-v4,0
16999,reward,981,7.349930586246247,6.809,SF-P3O-NoSpectral,Walker2d-v4,0
17010,reward,982,0.3313902939642098,5.455,SF-P3O-NoSpectral,Walker2d-v4,0
17028,reward,983,0.3265310131653465,5.022,SF-P3O-NoSpectral,Walker2d-v4,0
17051,reward,984,8.120399140413909,3.554,SF-P3O-NoSpectral,Walker2d-v4,0
17108,reward,985,44.576951526402524,7.99,SF-P3O-NoSpectral,Walker2d-v4,0
17125,reward,986,1.9713921824118184,8.076,SF-P3O-NoSpectral,Walker2d-v4,0
17166,reward,987,23.661298834617252,10.057,SF-P3O-NoSpectral,Walker2d-v4,0
17193,reward,988,18.453127704684253,11.381,SF-P3O-NoSpectral,Walker2d-v4,0
17239,reward,989,40.62469027148167,14.819,SF-P3O-NoSpectral,Walker2d-v4,0
17249,reward,990,-1.7693005661057162,14.365,SF-P3O-NoSpectral,Walker2d-v4,0
17281,reward,991,20.51409753978654,15.681,SF-P3O-NoSpectral,Walker2d-v4,0
17302,reward,992,11.025283220254122,16.75,SF-P3O-NoSpectral,Walker2d-v4,0
17315,reward,993,1.655362553511222,16.883,SF-P3O-NoSpectral,Walker2d-v4,0
17329,reward,994,2.391040277336922,16.31,SF-P3O-NoSpectral,Walker2d-v4,0
17344,reward,995,3.601370787628657,12.213,SF-P3O-NoSpectral,Walker2d-v4,0
17363,reward,996,9.564713517959694,12.972,SF-P3O-NoSpectral,Walker2d-v4,0
17377,reward,997,0.9265646103129372,10.699,SF-P3O-NoSpectral,Walker2d-v4,0
17418,reward,998,9.08104337790821,9.761,SF-P3O-NoSpectral,Walker2d-v4,0
17467,reward,999,7.74770632986698,6.474,SF-P3O-NoSpectral,Walker2d-v4,0
17488,reward,1000,7.0627315051283865,7.357,SF-P3O-NoSpectral,Walker2d-v4,0
17569,reward,1001,47.05562871512958,10.011,SF-P3O-NoSpectral,Walker2d-v4,0
17587,reward,1002,4.42343061652077,9.351,SF-P3O-NoSpectral,Walker2d-v4,0
17609,reward,1003,4.584896945822225,9.644,SF-P3O-NoSpectral,Walker2d-v4,0
17620,reward,1004,0.0072152842948063345,9.406,SF-P3O-NoSpectral,Walker2d-v4,0
17642,reward,1005,-3.5051144502770484,8.695,SF-P3O-NoSpectral,Walker2d-v4,0
17655,reward,1006,0.3698557793024633,7.775,SF-P3O-NoSpectral,Walker2d-v4,0
17707,reward,1007,18.71602260137065,9.554,SF-P3O-NoSpectral,Walker2d-v4,0
17749,reward,1008,9.90328124540233,9.637,SF-P3O-NoSpectral,Walker2d-v4,0
17824,reward,1009,10.736845336164599,9.935,SF-P3O-NoSpectral,Walker2d-v4,0
17860,reward,1010,18.55274540378602,11.084,SF-P3O-NoSpectral,Walker2d-v4,0
17874,reward,1011,3.190296933631574,6.698,SF-P3O-NoSpectral,Walker2d-v4,0
17888,reward,1012,0.22860760923107581,6.278,SF-P3O-NoSpectral,Walker2d-v4,0
17945,reward,1013,23.600724473655475,8.18,SF-P3O-NoSpectral,Walker2d-v4,0
17966,reward,1014,-1.9235167614656925,7.987,SF-P3O-NoSpectral,Walker2d-v4,0
18001,reward,1015,23.572840931604052,10.695,SF-P3O-NoSpectral,Walker2d-v4,0
18023,reward,1016,6.7662663443574385,11.334,SF-P3O-NoSpectral,Walker2d-v4,0
18106,reward,1017,40.943190154804206,13.557,SF-P3O-NoSpectral,Walker2d-v4,0
18119,reward,1018,1.7905400954953943,12.746,SF-P3O-NoSpectral,Walker2d-v4,0
18139,reward,1019,8.563300802853231,12.528,SF-P3O-NoSpectral,Walker2d-v4,0
18157,reward,1020,8.114794591731073,11.485,SF-P3O-NoSpectral,Walker2d-v4,0
18184,reward,1021,12.633082521997796,12.429,SF-P3O-NoSpectral,Walker2d-v4,0
18207,reward,1022,3.01540442946823,12.708,SF-P3O-NoSpectral,Walker2d-v4,0
18247,reward,1023,23.807845967865966,12.728,SF-P3O-NoSpectral,Walker2d-v4,0
18262,reward,1024,3.2616915817462138,13.247,SF-P3O-NoSpectral,Walker2d-v4,0
18286,reward,1025,-2.444980803894198,10.645,SF-P3O-NoSpectral,Walker2d-v4,0
18301,reward,1026,2.8784359999287012,10.256,SF-P3O-NoSpectral,Walker2d-v4,0
18322,reward,1027,10.481637167617349,7.21,SF-P3O-NoSpectral,Walker2d-v4,0
18339,reward,1028,6.358508467483985,7.667,SF-P3O-NoSpectral,Walker2d-v4,0
18365,reward,1029,10.37310942371852,7.848,SF-P3O-NoSpectral,Walker2d-v4,0
18415,reward,1030,34.733248249903966,10.51,SF-P3O-NoSpectral,Walker2d-v4,0
18435,reward,1031,9.546044842276883,10.201,SF-P3O-NoSpectral,Walker2d-v4,0
18460,reward,1032,4.424302442730014,10.342,SF-P3O-NoSpectral,Walker2d-v4,0
18516,reward,1033,34.061073190798325,11.367,SF-P3O-NoSpectral,Walker2d-v4,0
18546,reward,1034,5.06054216349871,11.547,SF-P3O-NoSpectral,Walker2d-v4,0
18567,reward,1035,6.087817180383876,12.4,SF-P3O-NoSpectral,Walker2d-v4,0
18621,reward,1036,13.2792876536454,13.441,SF-P3O-NoSpectral,Walker2d-v4,0
18646,reward,1037,8.932727849421571,13.286,SF-P3O-NoSpectral,Walker2d-v4,0
18668,reward,1038,6.043121415243219,13.254,SF-P3O-NoSpectral,Walker2d-v4,0
18685,reward,1039,7.2313358458217385,12.94,SF-P3O-NoSpectral,Walker2d-v4,0
18767,reward,1040,4.737484447557156,9.94,SF-P3O-NoSpectral,Walker2d-v4,0
18803,reward,1041,8.617030668397394,9.847,SF-P3O-NoSpectral,Walker2d-v4,0
18833,reward,1042,6.502129959152869,10.055,SF-P3O-NoSpectral,Walker2d-v4,0
18842,reward,1043,-2.150252926312028,6.434,SF-P3O-NoSpectral,Walker2d-v4,0
18860,reward,1044,6.215471091201905,6.55,SF-P3O-NoSpectral,Walker2d-v4,0
18905,reward,1045,41.303051524368506,10.071,SF-P3O-NoSpectral,Walker2d-v4,0
18931,reward,1046,10.86915954993721,9.83,SF-P3O-NoSpectral,Walker2d-v4,0
18967,reward,1047,25.47371539394232,11.484,SF-P3O-NoSpectral,Walker2d-v4,0
18985,reward,1048,2.51495841685428,11.131,SF-P3O-NoSpectral,Walker2d-v4,0
19049,reward,1049,14.05874672034602,11.814,SF-P3O-NoSpectral,Walker2d-v4,0
19066,reward,1050,6.946180511033654,12.035,SF-P3O-NoSpectral,Walker2d-v4,0
19092,reward,1051,2.2457381677561776,11.398,SF-P3O-NoSpectral,Walker2d-v4,0
19104,reward,1052,1.4366823095906291,10.891,SF-P3O-NoSpectral,Walker2d-v4,0
19116,reward,1053,0.902962988562507,11.197,SF-P3O-NoSpectral,Walker2d-v4,0
19170,reward,1054,26.230245343388265,13.198,SF-P3O-NoSpectral,Walker2d-v4,0
19189,reward,1055,2.24079751861741,9.292,SF-P3O-NoSpectral,Walker2d-v4,0
19240,reward,1056,24.39304003064658,10.644,SF-P3O-NoSpectral,Walker2d-v4,0
19267,reward,1057,1.1400789771882431,8.211,SF-P3O-NoSpectral,Walker2d-v4,0
19283,reward,1058,-3.981857644521164,7.561,SF-P3O-NoSpectral,Walker2d-v4,0
19303,reward,1059,5.730519167237546,6.728,SF-P3O-NoSpectral,Walker2d-v4,0
19358,reward,1060,11.047326293106169,7.139,SF-P3O-NoSpectral,Walker2d-v4,0
19411,reward,1061,52.22545780002364,12.137,SF-P3O-NoSpectral,Walker2d-v4,0
19427,reward,1062,1.4537625233975808,12.138,SF-P3O-NoSpectral,Walker2d-v4,0
19443,reward,1063,4.71040639680563,12.519,SF-P3O-NoSpectral,Walker2d-v4,0
19472,reward,1064,18.18700635846599,11.715,SF-P3O-NoSpectral,Walker2d-v4,0
19483,reward,1065,1.3461148613455989,11.625,SF-P3O-NoSpectral,Walker2d-v4,0
19509,reward,1066,15.206863016167027,10.707,SF-P3O-NoSpectral,Walker2d-v4,0
19528,reward,1067,10.929970654829699,11.686,SF-P3O-NoSpectral,Walker2d-v4,0
19539,reward,1068,-3.516616160277821,11.732,SF-P3O-NoSpectral,Walker2d-v4,0
19554,reward,1069,-0.5340816288217286,11.106,SF-P3O-NoSpectral,Walker2d-v4,0
19567,reward,1070,2.8660022073160247,10.287,SF-P3O-NoSpectral,Walker2d-v4,0
19583,reward,1071,3.6063489755090954,5.426,SF-P3O-NoSpectral,Walker2d-v4,0
19615,reward,1072,13.922699321960684,6.672,SF-P3O-NoSpectral,Walker2d-v4,0
19636,reward,1073,8.946050835999838,7.096,SF-P3O-NoSpectral,Walker2d-v4,0
19665,reward,1074,19.039564677137733,7.181,SF-P3O-NoSpectral,Walker2d-v4,0
19688,reward,1075,11.62074175934011,8.209,SF-P3O-NoSpectral,Walker2d-v4,0
19724,reward,1076,8.80627992432417,7.569,SF-P3O-NoSpectral,Walker2d-v4,0
19767,reward,1077,26.455736033599052,9.121,SF-P3O-NoSpectral,Walker2d-v4,0
19810,reward,1078,22.30097764061515,11.703,SF-P3O-NoSpectral,Walker2d-v4,0
19828,reward,1079,7.189402185519439,12.475,SF-P3O-NoSpectral,Walker2d-v4,0
19852,reward,1080,4.757512494899195,12.665,SF-P3O-NoSpectral,Walker2d-v4,0
19886,reward,1081,17.172114155465135,14.021,SF-P3O-NoSpectral,Walker2d-v4,0
19896,reward,1082,-1.5687671220101778,12.472,SF-P3O-NoSpectral,Walker2d-v4,0
19927,reward,1083,22.219790608214673,13.799,SF-P3O-NoSpectral,Walker2d-v4,0
19946,reward,1084,5.672407124711322,12.463,SF-P3O-NoSpectral,Walker2d-v4,0
19982,reward,1085,15.342351169645873,12.835,SF-P3O-NoSpectral,Walker2d-v4,0
20000,speed,498.84,0.65,SF-P3O-NoSpectral,Walker2d-v4,0
20009,reward,1086,16.043645048051562,13.559,SF-P3O-NoSpectral,Walker2d-v4,0
20033,reward,1087,7.49599173815056,11.663,SF-P3O-NoSpectral,Walker2d-v4,0
20074,reward,1088,3.7204819790969896,9.804,SF-P3O-NoSpectral,Walker2d-v4,0
20087,reward,1089,-1.07410360882056,8.978,SF-P3O-NoSpectral,Walker2d-v4,0
20121,reward,1090,19.84408609929536,10.487,SF-P3O-NoSpectral,Walker2d-v4,0
20137,reward,1091,3.8719468423746397,9.157,SF-P3O-NoSpectral,Walker2d-v4,0
20163,reward,1092,11.642971170499841,10.478,SF-P3O-NoSpectral,Walker2d-v4,0
20194,reward,1093,12.764410078339964,9.532,SF-P3O-NoSpectral,Walker2d-v4,0
20210,reward,1094,2.7249090723243916,9.238,SF-P3O-NoSpectral,Walker2d-v4,0
20219,reward,1095,-1.3730183268023068,7.566,SF-P3O-NoSpectral,Walker2d-v4,0
20235,reward,1096,4.200192796394893,6.382,SF-P3O-NoSpectral,Walker2d-v4,0
20251,reward,1097,5.466505546041457,6.179,SF-P3O-NoSpectral,Walker2d-v4,0
20310,reward,1098,33.214384659200455,9.128,SF-P3O-NoSpectral,Walker2d-v4,0
20342,reward,1099,19.574519897047054,11.193,SF-P3O-NoSpectral,Walker2d-v4,0
20364,reward,1100,5.886855611461213,9.797,SF-P3O-NoSpectral,Walker2d-v4,0
20401,reward,1101,16.686495971605556,11.079,SF-P3O-NoSpectral,Walker2d-v4,0
20418,reward,1102,8.985586222430912,10.813,SF-P3O-NoSpectral,Walker2d-v4,0
20463,reward,1103,22.526207303545817,11.789,SF-P3O-NoSpectral,Walker2d-v4,0
20483,reward,1104,-1.438475314014597,11.373,SF-P3O-NoSpectral,Walker2d-v4,0
20498,reward,1105,0.689803494628354,11.579,SF-P3O-NoSpectral,Walker2d-v4,0
20519,reward,1106,1.7913462449330257,11.338,SF-P3O-NoSpectral,Walker2d-v4,0
20563,reward,1107,32.581840598386734,14.05,SF-P3O-NoSpectral,Walker2d-v4,0
20575,reward,1108,0.9836126544354251,10.827,SF-P3O-NoSpectral,Walker2d-v4,0
20583,reward,1109,-1.611496105408205,8.708,SF-P3O-NoSpectral,Walker2d-v4,0
20595,reward,1110,1.365277133792088,8.256,SF-P3O-NoSpectral,Walker2d-v4,0
20646,reward,1111,26.88071406600976,9.275,SF-P3O-NoSpectral,Walker2d-v4,0
20658,reward,1112,0.6730429188181983,8.444,SF-P3O-NoSpectral,Walker2d-v4,0
20672,reward,1113,2.9776815549837004,6.489,SF-P3O-NoSpectral,Walker2d-v4,0
20705,reward,1114,13.868072052743294,8.02,SF-P3O-NoSpectral,Walker2d-v4,0
20715,reward,1115,-1.2509932409637312,7.826,SF-P3O-NoSpectral,Walker2d-v4,0
20734,reward,1116,-0.9640484261925237,7.55,SF-P3O-NoSpectral,Walker2d-v4,0
20755,reward,1117,3.550902624239625,4.647,SF-P3O-NoSpectral,Walker2d-v4,0
20768,reward,1118,2.9952414411102226,4.848,SF-P3O-NoSpectral,Walker2d-v4,0
20807,reward,1119,22.597903565268915,7.269,SF-P3O-NoSpectral,Walker2d-v4,0
20875,reward,1120,37.694923634233945,10.902,SF-P3O-NoSpectral,Walker2d-v4,0
20911,reward,1121,12.280557010911835,9.442,SF-P3O-NoSpectral,Walker2d-v4,0
20947,reward,1122,14.85953443136519,10.861,SF-P3O-NoSpectral,Walker2d-v4,0
20988,reward,1123,9.767453475276492,11.54,SF-P3O-NoSpectral,Walker2d-v4,0
21006,reward,1124,5.445659386872354,10.698,SF-P3O-NoSpectral,Walker2d-v4,0
21083,reward,1125,64.44526852175272,17.267,SF-P3O-NoSpectral,Walker2d-v4,0
21158,reward,1126,14.478472962904394,18.812,SF-P3O-NoSpectral,Walker2d-v4,0
21196,reward,1127,4.691684038855783,18.926,SF-P3O-NoSpectral,Walker2d-v4,0
21213,reward,1128,0.7100140150888699,18.697,SF-P3O-NoSpectral,Walker2d-v4,0
21250,reward,1129,5.228928716995835,16.96,SF-P3O-NoSpectral,Walker2d-v4,0
21303,reward,1130,20.63056958734712,15.254,SF-P3O-NoSpectral,Walker2d-v4,0
21320,reward,1131,0.4430341561482396,14.07,SF-P3O-NoSpectral,Walker2d-v4,0
21353,reward,1132,18.537388534470157,14.438,SF-P3O-NoSpectral,Walker2d-v4,0
21398,reward,1133,20.337107568891376,15.495,SF-P3O-NoSpectral,Walker2d-v4,0
21445,reward,1134,5.813247907842532,15.532,SF-P3O-NoSpectral,Walker2d-v4,0
21500,reward,1135,43.356954450167166,13.423,SF-P3O-NoSpectral,Walker2d-v4,0
21565,reward,1136,50.54785123092851,17.03,SF-P3O-NoSpectral,Walker2d-v4,0
21611,reward,1137,24.621481796169412,19.023,SF-P3O-NoSpectral,Walker2d-v4,0
21640,reward,1138,13.560363226669198,20.308,SF-P3O-NoSpectral,Walker2d-v4,0
21661,reward,1139,-3.243225400175132,19.46,SF-P3O-NoSpectral,Walker2d-v4,0
21694,reward,1140,15.349194770656583,18.932,SF-P3O-NoSpectral,Walker2d-v4,0
21715,reward,1141,5.91721388030185,19.48,SF-P3O-NoSpectral,Walker2d-v4,0
21757,reward,1142,25.164334375845424,20.142,SF-P3O-NoSpectral,Walker2d-v4,0
21805,reward,1143,39.72618562454266,22.081,SF-P3O-NoSpectral,Walker2d-v4,0
21826,reward,1144,6.15759989886511,22.116,SF-P3O-NoSpectral,Walker2d-v4,0
21839,reward,1145,4.3237178760328066,18.212,SF-P3O-NoSpectral,Walker2d-v4,0
21877,reward,1146,-6.3097605711623235,12.527,SF-P3O-NoSpectral,Walker2d-v4,0
21891,reward,1147,6.05117917052,10.67,SF-P3O-NoSpectral,Walker2d-v4,0
21908,reward,1148,-0.9918965412740064,9.214,SF-P3O-NoSpectral,Walker2d-v4,0
21937,reward,1149,-0.5065666953809245,9.488,SF-P3O-NoSpectral,Walker2d-v4,0
21972,reward,1150,11.435789729977543,9.097,SF-P3O-NoSpectral,Walker2d-v4,0
22072,reward,1151,96.77481553018492,18.183,SF-P3O-NoSpectral,Walker2d-v4,0
22086,reward,1152,4.164809853404217,16.083,SF-P3O-NoSpectral,Walker2d-v4,0
22106,reward,1153,-2.432047054814126,11.867,SF-P3O-NoSpectral,Walker2d-v4,0
22117,reward,1154,0.16043483193328578,11.267,SF-P3O-NoSpectral,Walker2d-v4,0
22161,reward,1155,21.887409056649464,13.023,SF-P3O-NoSpectral,Walker2d-v4,0
22186,reward,1156,14.84473360130938,15.139,SF-P3O-NoSpectral,Walker2d-v4,0
22238,reward,1157,31.414629482543173,17.675,SF-P3O-NoSpectral,Walker2d-v4,0
22252,reward,1158,-1.5252260229888304,17.622,SF-P3O-NoSpectral,Walker2d-v4,0
22279,reward,1159,10.848011223719915,18.757,SF-P3O-NoSpectral,Walker2d-v4,0
22341,reward,1160,-5.908534660570765,17.023,SF-P3O-NoSpectral,Walker2d-v4,0
22352,reward,1161,-1.9259948384444727,7.153,SF-P3O-NoSpectral,Walker2d-v4,0
22376,reward,1162,7.085177399806557,7.445,SF-P3O-NoSpectral,Walker2d-v4,0
22431,reward,1163,24.235284480302138,10.112,SF-P3O-NoSpectral,Walker2d-v4,0
22457,reward,1164,6.486584268404315,10.744,SF-P3O-NoSpectral,Walker2d-v4,0
22482,reward,1165,9.52940594612223,9.508,SF-P3O-NoSpectral,Walker2d-v4,0
22532,reward,1166,32.08193461370522,11.232,SF-P3O-NoSpectral,Walker2d-v4,0
22559,reward,1167,11.02924528799511,9.194,SF-P3O-NoSpectral,Walker2d-v4,0
22569,reward,1168,-0.4769712466678464,9.298,SF-P3O-NoSpectral,Walker2d-v4,0
22580,reward,1169,-0.35426320733266203,8.178,SF-P3O-NoSpectral,Walker2d-v4,0
22596,reward,1170,1.0433401920487464,8.873,SF-P3O-NoSpectral,Walker2d-v4,0
22621,reward,1171,0.2032205973889316,9.086,SF-P3O-NoSpectral,Walker2d-v4,0
22641,reward,1172,3.5974874803488204,8.738,SF-P3O-NoSpectral,Walker2d-v4,0
22672,reward,1173,9.237235402191272,7.238,SF-P3O-NoSpectral,Walker2d-v4,0
22698,reward,1174,2.011967411746121,6.79,SF-P3O-NoSpectral,Walker2d-v4,0
22736,reward,1175,6.2134144364226245,6.459,SF-P3O-NoSpectral,Walker2d-v4,0
22765,reward,1176,11.598141383546306,4.41,SF-P3O-NoSpectral,Walker2d-v4,0
22780,reward,1177,2.573427364961868,3.565,SF-P3O-NoSpectral,Walker2d-v4,0
22805,reward,1178,8.660952532187197,4.478,SF-P3O-NoSpectral,Walker2d-v4,0
22871,reward,1179,19.494133676222454,6.463,SF-P3O-NoSpectral,Walker2d-v4,0
22883,reward,1180,0.8283986430622512,6.442,SF-P3O-NoSpectral,Walker2d-v4,0
22904,reward,1181,5.87228405379314,7.009,SF-P3O-NoSpectral,Walker2d-v4,0
22933,reward,1182,1.9028688462102548,6.839,SF-P3O-NoSpectral,Walker2d-v4,0
22953,reward,1183,12.181356371909555,7.134,SF-P3O-NoSpectral,Walker2d-v4,0
22969,reward,1184,0.5362291915907016,6.986,SF-P3O-NoSpectral,Walker2d-v4,0
22981,reward,1185,0.028118037579050403,6.368,SF-P3O-NoSpectral,Walker2d-v4,0
23011,reward,1186,2.3310810784942877,5.441,SF-P3O-NoSpectral,Walker2d-v4,0
23028,reward,1187,5.556590366773249,5.739,SF-P3O-NoSpectral,Walker2d-v4,0
23056,reward,1188,2.8579918678913696,5.159,SF-P3O-NoSpectral,Walker2d-v4,0
23065,reward,1189,-3.600958482507519,2.849,SF-P3O-NoSpectral,Walker2d-v4,0
23079,reward,1190,0.2667391844484558,2.793,SF-P3O-NoSpectral,Walker2d-v4,0
23104,reward,1191,3.9738595808980373,2.603,SF-P3O-NoSpectral,Walker2d-v4,0
23128,reward,1192,10.006406920791079,3.414,SF-P3O-NoSpectral,Walker2d-v4,0
23143,reward,1193,2.521317213587964,2.448,SF-P3O-NoSpectral,Walker2d-v4,0
23185,reward,1194,18.48168076539643,4.242,SF-P3O-NoSpectral,Walker2d-v4,0
23211,reward,1195,7.31246420192347,4.971,SF-P3O-NoSpectral,Walker2d-v4,0
23245,reward,1196,21.348699743615093,6.872,SF-P3O-NoSpectral,Walker2d-v4,0
23260,reward,1197,2.3447927196086855,6.551,SF-P3O-NoSpectral,Walker2d-v4,0
23329,reward,1198,53.10704138646158,11.576,SF-P3O-NoSpectral,Walker2d-v4,0
23345,reward,1199,5.390438184157766,12.475,SF-P3O-NoSpectral,Walker2d-v4,0
23363,reward,1200,6.283809398970995,13.077,SF-P3O-NoSpectral,Walker2d-v4,0
23394,reward,1201,4.29715800695981,13.109,SF-P3O-NoSpectral,Walker2d-v4,0
23433,reward,1202,5.254349245189461,12.634,SF-P3O-NoSpectral,Walker2d-v4,0
23461,reward,1203,10.828902343541204,13.465,SF-P3O-NoSpectral,Walker2d-v4,0
23495,reward,1204,11.212584231770556,12.738,SF-P3O-NoSpectral,Walker2d-v4,0
23530,reward,1205,15.4927752956525,13.556,SF-P3O-NoSpectral,Walker2d-v4,0
23558,reward,1206,9.519891422745115,12.373,SF-P3O-NoSpectral,Walker2d-v4,0
23619,reward,1207,17.947960764287046,13.933,SF-P3O-NoSpectral,Walker2d-v4,0
23659,reward,1208,26.967756483152595,11.32,SF-P3O-NoSpectral,Walker2d-v4,0
23669,reward,1209,-0.5756872672770528,10.723,SF-P3O-NoSpectral,Walker2d-v4,0
23787,reward,1210,77.12021317826286,17.807,SF-P3O-NoSpectral,Walker2d-v4,0
23807,reward,1211,4.832678669396039,17.86,SF-P3O-NoSpectral,Walker2d-v4,0
23873,reward,1212,62.8530357639908,23.62,SF-P3O-NoSpectral,Walker2d-v4,0
23904,reward,1213,1.9793911498216838,22.735,SF-P3O-NoSpectral,Walker2d-v4,0
23943,reward,1214,11.463613179568268,22.76,SF-P3O-NoSpectral,Walker2d-v4,0
23968,reward,1215,7.462596400685829,21.957,SF-P3O-NoSpectral,Walker2d-v4,0
23981,reward,1216,-0.34005588028802824,20.971,SF-P3O-NoSpectral,Walker2d-v4,0
23996,reward,1217,-0.886353866438891,19.088,SF-P3O-NoSpectral,Walker2d-v4,0
24007,reward,1218,1.5316006397993172,16.544,SF-P3O-NoSpectral,Walker2d-v4,0
24081,reward,1219,46.779366271343456,21.28,SF-P3O-NoSpectral,Walker2d-v4,0
24140,reward,1220,25.92014903394059,16.16,SF-P3O-NoSpectral,Walker2d-v4,0
24177,reward,1221,14.496616440108587,17.126,SF-P3O-NoSpectral,Walker2d-v4,0
24188,reward,1222,-4.2036240746646705,10.42,SF-P3O-NoSpectral,Walker2d-v4,0
24242,reward,1223,38.895496486755555,14.112,SF-P3O-NoSpectral,Walker2d-v4,0
24254,reward,1224,0.47986939526961525,13.014,SF-P3O-NoSpectral,Walker2d-v4,0
24291,reward,1225,12.192311232618643,13.487,SF-P3O-NoSpectral,Walker2d-v4,0
24315,reward,1226,13.342445472665245,14.855,SF-P3O-NoSpectral,Walker2d-v4,0
24325,reward,1227,-3.915874027316937,14.552,SF-P3O-NoSpectral,Walker2d-v4,0
24345,reward,1228,1.0795427212772397,14.507,SF-P3O-NoSpectral,Walker2d-v4,0
24372,reward,1229,7.953592928835493,10.624,SF-P3O-NoSpectral,Walker2d-v4,0
24400,reward,1230,19.566187415434985,9.989,SF-P3O-NoSpectral,Walker2d-v4,0
24420,reward,1231,9.443996465017241,9.483,SF-P3O-NoSpectral,Walker2d-v4,0
24502,reward,1232,35.715378537848885,13.475,SF-P3O-NoSpectral,Walker2d-v4,0
24520,reward,1233,6.903244717141718,10.276,SF-P3O-NoSpectral,Walker2d-v4,0
24535,reward,1234,6.882474367088628,10.916,SF-P3O-NoSpectral,Walker2d-v4,0
24548,reward,1235,1.8543296960324316,9.883,SF-P3O-NoSpectral,Walker2d-v4,0
24561,reward,1236,-0.7485640996034675,8.473,SF-P3O-NoSpectral,Walker2d-v4,0
24576,loss,-0.05958541855216026,0.7055371403694153,SF-P3O-NoSpectral,Walker2d-v4,0
24625,reward,1237,7.494218624643173,9.614,SF-P3O-NoSpectral,Walker2d-v4,0
24638,reward,1238,1.3005760578085028,9.637,SF-P3O-NoSpectral,Walker2d-v4,0
24687,reward,1239,33.2179193506614,12.163,SF-P3O-NoSpectral,Walker2d-v4,0
24705,reward,1240,9.09050054272332,11.115,SF-P3O-NoSpectral,Walker2d-v4,0
24743,reward,1241,11.490736068845983,11.32,SF-P3O-NoSpectral,Walker2d-v4,0
24797,reward,1242,40.48262808984489,11.797,SF-P3O-NoSpectral,Walker2d-v4,0
24866,reward,1243,57.74776527808093,16.881,SF-P3O-NoSpectral,Walker2d-v4,0
24881,reward,1244,5.531534071643308,16.746,SF-P3O-NoSpectral,Walker2d-v4,0
24912,reward,1245,20.673653330793194,18.628,SF-P3O-NoSpectral,Walker2d-v4,0
24931,reward,1246,3.770097090792804,19.08,SF-P3O-NoSpectral,Walker2d-v4,0
24986,reward,1247,32.55568561630259,21.586,SF-P3O-NoSpectral,Walker2d-v4,0
25022,reward,1248,28.068715218994544,24.263,SF-P3O-NoSpectral,Walker2d-v4,0
25054,reward,1249,14.97217926686934,22.438,SF-P3O-NoSpectral,Walker2d-v4,0
25066,reward,1250,2.1076145701560227,21.74,SF-P3O-NoSpectral,Walker2d-v4,0
25090,reward,1251,9.142017706744081,21.505,SF-P3O-NoSpectral,Walker2d-v4,0
25098,reward,1252,-2.6625634678066246,17.191,SF-P3O-NoSpectral,Walker2d-v4,0
25117,reward,1253,4.571797462099812,11.873,SF-P3O-NoSpectral,Walker2d-v4,0
25130,reward,1254,3.217991796127378,11.642,SF-P3O-NoSpectral,Walker2d-v4,0
25139,reward,1255,-0.19653134747184398,9.555,SF-P3O-NoSpectral,Walker2d-v4,0
25155,reward,1256,1.019405891104281,9.28,SF-P3O-NoSpectral,Walker2d-v4,0
25178,reward,1257,3.336040467617319,6.358,SF-P3O-NoSpectral,Walker2d-v4,0
25195,reward,1258,3.384563463221896,3.889,SF-P3O-NoSpectral,Walker2d-v4,0
25209,reward,1259,4.638587196135963,2.856,SF-P3O-NoSpectral,Walker2d-v4,0
25283,reward,1260,19.932324242848903,4.638,SF-P3O-NoSpectral,Walker2d-v4,0
25335,reward,1261,37.16329436101102,7.44,SF-P3O-NoSpectral,Walker2d-v4,0
25369,reward,1262,17.895672035059125,9.496,SF-P3O-NoSpectral,Walker2d-v4,0
25432,reward,1263,30.64219714394112,12.103,SF-P3O-NoSpectral,Walker2d-v4,0
25477,reward,1264,21.236697717999782,13.905,SF-P3O-NoSpectral,Walker2d-v4,0
25494,reward,1265,5.1203585942586205,14.437,SF-P3O-NoSpectral,Walker2d-v4,0
25516,reward,1266,12.976067277601384,15.633,SF-P3O-NoSpectral,Walker2d-v4,0
25533,reward,1267,4.570694354686536,15.756,SF-P3O-NoSpectral,Walker2d-v4,0
25608,reward,1268,7.899047834692732,16.207,SF-P3O-NoSpectral,Walker2d-v4,0
25621,reward,1269,4.004893864755631,16.144,SF-P3O-NoSpectral,Walker2d-v4,0
25641,reward,1270,6.3705882190021565,14.788,SF-P3O-NoSpectral,Walker2d-v4,0
25722,reward,1271,35.652128297103495,14.637,SF-P3O-NoSpectral,Walker2d-v4,0
25766,reward,1272,20.372465011165836,14.885,SF-P3O-NoSpectral,Walker2d-v4,0
25788,reward,1273,13.14588185969615,13.135,SF-P3O-NoSpectral,Walker2d-v4,0
25798,reward,1274,0.03364363119431746,11.015,SF-P3O-NoSpectral,Walker2d-v4,0
25860,reward,1275,49.11150302370703,15.414,SF-P3O-NoSpectral,Walker2d-v4,0
25883,reward,1276,11.483217339091727,15.264,SF-P3O-NoSpectral,Walker2d-v4,0
25931,reward,1277,24.515811255437736,17.259,SF-P3O-NoSpectral,Walker2d-v4,0
25943,reward,1278,0.4400965738579967,16.513,SF-P3O-NoSpectral,Walker2d-v4,0
25962,reward,1279,11.80746577174188,17.293,SF-P3O-NoSpectral,Walker2d-v4,0
25979,reward,1280,5.561894585312629,17.212,SF-P3O-NoSpectral,Walker2d-v4,0
26003,reward,1281,9.9108680537013,14.638,SF-P3O-NoSpectral,Walker2d-v4,0
26012,reward,1282,-0.6113037213641577,12.54,SF-P3O-NoSpectral,Walker2d-v4,0
26032,reward,1283,2.573796713605221,11.483,SF-P3O-NoSpectral,Walker2d-v4,0
26066,reward,1284,12.058483677642496,12.685,SF-P3O-NoSpectral,Walker2d-v4,0
26081,reward,1285,4.5361762830954016,8.228,SF-P3O-NoSpectral,Walker2d-v4,0
26118,reward,1286,22.376713720126315,9.317,SF-P3O-NoSpectral,Walker2d-v4,0
26136,reward,1287,3.5961182655673243,7.225,SF-P3O-NoSpectral,Walker2d-v4,0
26184,reward,1288,30.60838870133931,10.242,SF-P3O-NoSpectral,Walker2d-v4,0
26205,reward,1289,0.3503897237889748,9.096,SF-P3O-NoSpectral,Walker2d-v4,0
26318,reward,1290,162.0363170633187,24.744,SF-P3O-NoSpectral,Walker2d-v4,0
26331,reward,1291,4.623208118562626,24.215,SF-P3O-NoSpectral,Walker2d-v4,0
26387,reward,1292,36.1074547563623,27.887,SF-P3O-NoSpectral,Walker2d-v4,0
26409,reward,1293,4.546012767404281,28.084,SF-P3O-NoSpectral,Walker2d-v4,0
26466,reward,1294,8.18733290230303,27.697,SF-P3O-NoSpectral,Walker2d-v4,0
26490,reward,1295,1.8036263904087841,27.424,SF-P3O-NoSpectral,Walker2d-v4,0
26503,reward,1296,3.674945076611798,25.553,SF-P3O-NoSpectral,Walker2d-v4,0
26521,reward,1297,8.343308650798877,26.028,SF-P3O-NoSpectral,Walker2d-v4,0
26555,reward,1298,26.79305045630062,25.647,SF-P3O-NoSpectral,Walker2d-v4,0
26579,reward,1299,10.029579495110465,26.614,SF-P3O-NoSpectral,Walker2d-v4,0
26591,reward,1300,0.1842093270243763,10.429,SF-P3O-NoSpectral,Walker2d-v4,0
26615,reward,1301,12.099685517884819,11.177,SF-P3O-NoSpectral,Walker2d-v4,0
26682,reward,1302,26.416581866270043,10.208,SF-P3O-NoSpectral,Walker2d-v4,0
26705,reward,1303,12.218577041529647,10.975,SF-P3O-NoSpectral,Walker2d-v4,0
26748,reward,1304,14.538397555173312,11.61,SF-P3O-NoSpectral,Walker2d-v4,0
26793,reward,1305,27.102805837208024,14.14,SF-P3O-NoSpectral,Walker2d-v4,0
26920,reward,1306,35.52502512940279,17.325,SF-P3O-NoSpectral,Walker2d-v4,0
26931,reward,1307,-0.458937811340271,16.445,SF-P3O-NoSpectral,Walker2d-v4,0
26969,reward,1308,17.278583727320306,15.493,SF-P3O-NoSpectral,Walker2d-v4,0
26992,reward,1309,11.056206201578016,15.596,SF-P3O-NoSpectral,Walker2d-v4,0
27020,reward,1310,17.377500537874173,17.315,SF-P3O-NoSpectral,Walker2d-v4,0
27045,reward,1311,11.544737482258565,17.26,SF-P3O-NoSpectral,Walker2d-v4,0
27081,reward,1312,19.030259213576638,16.521,SF-P3O-NoSpectral,Walker2d-v4,0
27101,reward,1313,7.666578881216494,16.066,SF-P3O-NoSpectral,Walker2d-v4,0
27128,reward,1314,12.715978437870374,15.884,SF-P3O-NoSpectral,Walker2d-v4,0
27176,reward,1315,15.619477699828904,14.736,SF-P3O-NoSpectral,Walker2d-v4,0
27236,reward,1316,25.829934270852547,13.766,SF-P3O-NoSpectral,Walker2d-v4,0
27261,reward,1317,15.253830483159332,15.337,SF-P3O-NoSpectral,Walker2d-v4,0
27309,reward,1318,11.574383034743441,14.767,SF-P3O-NoSpectral,Walker2d-v4,0
27369,reward,1319,11.378221980615345,14.799,SF-P3O-NoSpectral,Walker2d-v4,0
27453,reward,1320,62.47178517845179,19.309,SF-P3O-NoSpectral,Walker2d-v4,0
27491,reward,1321,20.604085135026175,20.214,SF-P3O-NoSpectral,Walker2d-v4,0
27610,reward,1322,75.75122537448263,25.887,SF-P3O-NoSpectral,Walker2d-v4,0
27651,reward,1323,9.946462514558498,26.115,SF-P3O-NoSpectral,Walker2d-v4,0
27751,reward,1324,54.46852893120848,30.29,SF-P3O-NoSpectral,Walker2d-v4,0
27822,reward,1325,33.693099645905406,32.097,SF-P3O-NoSpectral,Walker2d-v4,0
27868,reward,1326,14.2543383332865,30.94,SF-P3O-NoSpectral,Walker2d-v4,0
27913,reward,1327,26.27579845636858,32.042,SF-P3O-NoSpectral,Walker2d-v4,0
27936,reward,1328,8.57378520593526,31.742,SF-P3O-NoSpectral,Walker2d-v4,0
27963,reward,1329,16.403646440672006,32.244,SF-P3O-NoSpectral,Walker2d-v4,0
27987,reward,1330,7.4353363449560295,26.741,SF-P3O-NoSpectral,Walker2d-v4,0
28032,reward,1331,14.591680317270928,26.139,SF-P3O-NoSpectral,Walker2d-v4,0
28067,reward,1332,26.959283633366034,21.26,SF-P3O-NoSpectral,Walker2d-v4,0
28086,reward,1333,4.510453137492974,20.717,SF-P3O-NoSpectral,Walker2d-v4,0
28116,reward,1334,17.524592077132205,17.022,SF-P3O-NoSpectral,Walker2d-v4,0
28140,reward,1335,2.6961661614474686,13.923,SF-P3O-NoSpectral,Walker2d-v4,0
28152,reward,1336,-0.035139678255862616,12.494,SF-P3O-NoSpectral,Walker2d-v4,0
28200,reward,1337,23.820709015730927,12.248,SF-P3O-NoSpectral,Walker2d-v4,0
28243,reward,1338,25.31768723058426,13.922,SF-P3O-NoSpectral,Walker2d-v4,0
28260,reward,1339,4.283661725615511,12.71,SF-P3O-NoSpectral,Walker2d-v4,0
28291,reward,1340,18.348676785049204,13.802,SF-P3O-NoSpectral,Walker2d-v4,0
28316,reward,1341,3.939141659517765,12.737,SF-P3O-NoSpectral,Walker2d-v4,0
28336,reward,1342,6.803727575819925,10.721,SF-P3O-NoSpectral,Walker2d-v4,0
28371,reward,1343,16.34022513814482,11.904,SF-P3O-NoSpectral,Walker2d-v4,0
28380,reward,1344,-0.6983700790017066,10.082,SF-P3O-NoSpectral,Walker2d-v4,0
28421,reward,1345,16.72872622591795,11.485,SF-P3O-NoSpectral,Walker2d-v4,0
28437,reward,1346,3.9867771399645937,11.887,SF-P3O-NoSpectral,Walker2d-v4,0
28471,reward,1347,9.92062684750254,10.497,SF-P3O-NoSpectral,Walker2d-v4,0
28560,reward,1348,24.674639193451522,10.433,SF-P3O-NoSpectral,Walker2d-v4,0
28578,reward,1349,8.636265533916157,10.868,SF-P3O-NoSpectral,Walker2d-v4,0
28615,reward,1350,10.550174382904668,10.088,SF-P3O-NoSpectral,Walker2d-v4,0
28651,reward,1351,30.312504817861786,12.726,SF-P3O-NoSpectral,Walker2d-v4,0
28743,reward,1352,36.448037405139694,15.69,SF-P3O-NoSpectral,Walker2d-v4,0
28764,reward,1353,8.510896923201749,14.907,SF-P3O-NoSpectral,Walker2d-v4,0
28780,reward,1354,4.069971647395863,15.384,SF-P3O-NoSpectral,Walker2d-v4,0
28799,reward,1355,2.5501243323648533,13.966,SF-P3O-NoSpectral,Walker2d-v4,0
28824,reward,1356,15.506820759625018,15.118,SF-P3O-NoSpectral,Walker2d-v4,0
28861,reward,1357,26.767638190898158,16.803,SF-P3O-NoSpectral,Walker2d-v4,0
28984,reward,1358,76.1168053072608,21.947,SF-P3O-NoSpectral,Walker2d-v4,0
29030,reward,1359,14.730001215657744,22.556,SF-P3O-NoSpectral,Walker2d-v4,0
29050,reward,1360,8.450317080064613,22.346,SF-P3O-NoSpectral,Walker2d-v4,0
29098,reward,1361,25.049810844695582,21.82,SF-P3O-NoSpectral,Walker2d-v4,0
29131,reward,1362,11.488477564741917,19.324,SF-P3O-NoSpectral,Walker2d-v4,0
29153,reward,1363,6.369591051404095,19.11,SF-P3O-NoSpectral,Walker2d-v4,0
29190,reward,1364,15.131256665494359,20.216,SF-P3O-NoSpectral,Walker2d-v4,0
29213,reward,1365,2.5569929580968562,20.217,SF-P3O-NoSpectral,Walker2d-v4,0
29235,reward,1366,7.159238654256431,19.382,SF-P3O-NoSpectral,Walker2d-v4,0
29256,reward,1367,7.19660509895065,17.425,SF-P3O-NoSpectral,Walker2d-v4,0
29328,reward,1368,39.84742525831003,13.798,SF-P3O-NoSpectral,Walker2d-v4,0
29362,reward,1369,8.710610736758635,13.196,SF-P3O-NoSpectral,Walker2d-v4,0
29392,reward,1370,10.692818543105787,13.42,SF-P3O-NoSpectral,Walker2d-v4,0
29401,reward,1371,-1.9243404781643882,10.723,SF-P3O-NoSpectral,Walker2d-v4,0
29438,reward,1372,17.753947074177006,11.349,SF-P3O-NoSpectral,Walker2d-v4,0
29450,reward,1373,1.3574886171213256,10.848,SF-P3O-NoSpectral,Walker2d-v4,0
29483,reward,1374,0.7477284683348216,9.41,SF-P3O-NoSpectral,Walker2d-v4,0
29510,reward,1375,19.849726919903393,11.139,SF-P3O-NoSpectral,Walker2d-v4,0
29533,reward,1376,10.562777521523104,11.479,SF-P3O-NoSpectral,Walker2d-v4,0
29573,reward,1377,26.972698392863613,13.457,SF-P3O-NoSpectral,Walker2d-v4,0
29587,reward,1378,1.9175242708323599,9.664,SF-P3O-NoSpectral,Walker2d-v4,0
29599,reward,1379,2.2229806662109715,9.015,SF-P3O-NoSpectral,Walker2d-v4,0
29672,reward,1380,8.86759305354919,8.833,SF-P3O-NoSpectral,Walker2d-v4,0
29700,reward,1381,9.749751242531083,10.0,SF-P3O-NoSpectral,Walker2d-v4,0
29711,reward,1382,1.3020409287366594,8.355,SF-P3O-NoSpectral,Walker2d-v4,0
29726,reward,1383,3.6059921076184596,8.58,SF-P3O-NoSpectral,Walker2d-v4,0
29788,reward,1384,58.05382382176238,14.31,SF-P3O-NoSpectral,Walker2d-v4,0
29879,reward,1385,51.18972108125097,17.444,SF-P3O-NoSpectral,Walker2d-v4,0
29895,reward,1386,2.0185482756961166,16.59,SF-P3O-NoSpectral,Walker2d-v4,0
29911,reward,1387,4.35708910824782,14.329,SF-P3O-NoSpectral,Walker2d-v4,0
29924,reward,1388,3.238935323630125,14.461,SF-P3O-NoSpectral,Walker2d-v4,0
29995,reward,1389,48.90949988170863,19.129,SF-P3O-NoSpectral,Walker2d-v4,0
30000,speed,500.59,0.98,SF-P3O-NoSpectral,Walker2d-v4,0
30031,reward,1390,9.81068804703211,19.224,SF-P3O-NoSpectral,Walker2d-v4,0
30055,reward,1391,7.947549109920834,19.043,SF-P3O-NoSpectral,Walker2d-v4,0
30111,reward,1392,45.889347128361976,23.502,SF-P3O-NoSpectral,Walker2d-v4,0
30123,reward,1393,0.7873537645293012,23.22,SF-P3O-NoSpectral,Walker2d-v4,0
30160,reward,1394,7.732559256380178,18.188,SF-P3O-NoSpectral,Walker2d-v4,0
30221,reward,1395,48.013637288186665,17.871,SF-P3O-NoSpectral,Walker2d-v4,0
30238,reward,1396,6.637658733296629,18.332,SF-P3O-NoSpectral,Walker2d-v4,0
30250,reward,1397,-3.2651284652071118,17.57,SF-P3O-NoSpectral,Walker2d-v4,0
30348,reward,1398,28.687899615310833,20.115,SF-P3O-NoSpectral,Walker2d-v4,0
30365,reward,1399,5.977111104068981,15.822,SF-P3O-NoSpectral,Walker2d-v4,0
30409,reward,1400,31.23098907737316,17.964,SF-P3O-NoSpectral,Walker2d-v4,0
30449,reward,1401,17.49063426161796,18.918,SF-P3O-NoSpectral,Walker2d-v4,0
30468,reward,1402,2.390742072462945,14.568,SF-P3O-NoSpectral,Walker2d-v4,0
30509,reward,1403,19.986504077666815,16.488,SF-P3O-NoSpectral,Walker2d-v4,0
30594,reward,1404,48.96524676772238,20.612,SF-P3O-NoSpectral,Walker2d-v4,0
30604,reward,1405,-1.0370605755498115,15.706,SF-P3O-NoSpectral,Walker2d-v4,0
30628,reward,1406,7.019383258869278,15.745,SF-P3O-NoSpectral,Walker2d-v4,0
30670,reward,1407,28.14590761184858,18.886,SF-P3O-NoSpectral,Walker2d-v4,0
30745,reward,1408,54.24073991717668,21.441,SF-P3O-NoSpectral,Walker2d-v4,0
30796,reward,1409,25.37156069354045,23.38,SF-P3O-NoSpectral,Walker2d-v4,0
30821,reward,1410,8.03308026381203,21.061,SF-P3O-NoSpectral,Walker2d-v4,0
30869,reward,1411,25.39965850398868,21.852,SF-P3O-NoSpectral,Walker2d-v4,0
30931,reward,1412,41.332904529274366,25.746,SF-P3O-NoSpectral,Walker2d-v4,0
31025,reward,1413,33.185862214286,27.066,SF-P3O-NoSpectral,Walker2d-v4,0
31041,reward,1414,3.700194110179982,22.539,SF-P3O-NoSpectral,Walker2d-v4,0
31074,reward,1415,9.798348434588608,23.623,SF-P3O-NoSpectral,Walker2d-v4,0
31094,reward,1416,7.315198974133152,23.652,SF-P3O-NoSpectral,Walker2d-v4,0
31124,reward,1417,9.699550681753571,21.808,SF-P3O-NoSpectral,Walker2d-v4,0
31178,reward,1418,28.33502755313204,19.217,SF-P3O-NoSpectral,Walker2d-v4,0
31212,reward,1419,18.471857414690493,18.527,SF-P3O-NoSpectral,Walker2d-v4,0
31259,reward,1420,19.51205521066327,19.675,SF-P3O-NoSpectral,Walker2d-v4,0
31345,reward,1421,45.35774242896354,21.671,SF-P3O-NoSpectral,Walker2d-v4,0
31399,reward,1422,17.234498215781773,19.261,SF-P3O-NoSpectral,Walker2d-v4,0
31421,reward,1423,3.775048377532853,16.32,SF-P3O-NoSpectral,Walker2d-v4,0
31496,reward,1424,53.993512131519175,21.349,SF-P3O-NoSpectral,Walker2d-v4,0
31569,reward,1425,49.00625568039888,25.27,SF-P3O-NoSpectral,Walker2d-v4,0
31606,reward,1426,8.21796690666985,25.36,SF-P3O-NoSpectral,Walker2d-v4,0
31618,reward,1427,0.28598957833885885,24.419,SF-P3O-NoSpectral,Walker2d-v4,0
31639,reward,1428,9.790055911810093,22.564,SF-P3O-NoSpectral,Walker2d-v4,0
31657,reward,1429,7.784048902229479,21.496,SF-P3O-NoSpectral,Walker2d-v4,0
31666,reward,1430,-0.9459827045999898,19.45,SF-P3O-NoSpectral,Walker2d-v4,0
31688,reward,1431,8.889917810637415,15.803,SF-P3O-NoSpectral,Walker2d-v4,0
31708,reward,1432,7.343651088199642,14.814,SF-P3O-NoSpectral,Walker2d-v4,0
31801,reward,1433,43.631926453497,18.8,SF-P3O-NoSpectral,Walker2d-v4,0
31817,reward,1434,5.2100836962532515,13.921,SF-P3O-NoSpectral,Walker2d-v4,0
31842,reward,1435,15.499565497492135,10.571,SF-P3O-NoSpectral,Walker2d-v4,0
31855,reward,1436,4.29356888034685,10.178,SF-P3O-NoSpectral,Walker2d-v4,0
31892,reward,1437,28.765116236164623,13.026,SF-P3O-NoSpectral,Walker2d-v4,0
31956,reward,1438,30.978840756617608,15.145,SF-P3O-NoSpectral,Walker2d-v4,0
31971,reward,1439,1.4227401374553903,14.509,SF-P3O-NoSpectral,Walker2d-v4,0
32026,reward,1440,5.530370316583292,15.157,SF-P3O-NoSpectral,Walker2d-v4,0
32081,reward,1441,60.25405417302076,20.293,SF-P3O-NoSpectral,Walker2d-v4,0
32110,reward,1442,16.963934518188516,21.255,SF-P3O-NoSpectral,Walker2d-v4,0
32169,reward,1443,43.819692773064794,21.274,SF-P3O-NoSpectral,Walker2d-v4,0
32221,reward,1444,2.8379319334843105,21.037,SF-P3O-NoSpectral,Walker2d-v4,0
32238,reward,1445,7.496499613431659,20.236,SF-P3O-NoSpectral,Walker2d-v4,0
32279,reward,1446,19.88909789030242,21.796,SF-P3O-NoSpectral,Walker2d-v4,0
32297,reward,1447,6.631618202276854,19.582,SF-P3O-NoSpectral,Walker2d-v4,0
32365,reward,1448,47.7101777371998,21.256,SF-P3O-NoSpectral,Walker2d-v4,0
32379,reward,1449,3.0978056414250688,21.423,SF-P3O-NoSpectral,Walker2d-v4,0
32430,reward,1450,28.0091113028813,23.671,SF-P3O-NoSpectral,Walker2d-v4,0
32455,reward,1451,13.300267022519256,18.976,SF-P3O-NoSpectral,Walker2d-v4,0
32489,reward,1452,20.275147875552992,19.307,SF-P3O-NoSpectral,Walker2d-v4,0
32517,reward,1453,10.660888580271626,15.991,SF-P3O-NoSpectral,Walker2d-v4,0
32555,reward,1454,27.71107080257547,18.478,SF-P3O-NoSpectral,Walker2d-v4,0
32590,reward,1455,11.076337210251832,18.836,SF-P3O-NoSpectral,Walker2d-v4,0
32727,reward,1456,12.970295690012858,18.144,SF-P3O-NoSpectral,Walker2d-v4,0
32768,loss,-0.04023488983511925,0.6892013549804688,SF-P3O-NoSpectral,Walker2d-v4,0
32768,diagnostics,0.0,53.38,3.928,0.011128,0.964943,0.1488,0.120633,SF-P3O-NoSpectral,Walker2d-v4,0
32769,reward,1457,27.174651327259156,20.199,SF-P3O-NoSpectral,Walker2d-v4,0
32802,reward,1458,14.378710013866506,16.865,SF-P3O-NoSpectral,Walker2d-v4,0
32818,reward,1459,6.122834347599,17.168,SF-P3O-NoSpectral,Walker2d-v4,0
32993,reward,1460,261.6109501579789,40.528,SF-P3O-NoSpectral,Walker2d-v4,0
33013,reward,1461,8.967593194402536,40.095,SF-P3O-NoSpectral,Walker2d-v4,0
33043,reward,1462,17.782551104403975,39.846,SF-P3O-NoSpectral,Walker2d-v4,0
33167,reward,1463,50.68041668526155,43.848,SF-P3O-NoSpectral,Walker2d-v4,0
33192,reward,1464,9.732887530640026,42.05,SF-P3O-NoSpectral,Walker2d-v4,0
33203,reward,1465,-0.055006072866495836,40.937,SF-P3O-NoSpectral,Walker2d-v4,0
33312,reward,1466,36.496943014447815,43.289,SF-P3O-NoSpectral,Walker2d-v4,0
33369,reward,1467,34.12473825925294,43.984,SF-P3O-NoSpectral,Walker2d-v4,0
33436,reward,1468,46.392519398649114,47.186,SF-P3O-NoSpectral,Walker2d-v4,0
33559,reward,1469,24.02462017284917,48.976,SF-P3O-NoSpectral,Walker2d-v4,0
33615,reward,1470,15.78208517677801,24.393,SF-P3O-NoSpectral,Walker2d-v4,0
33722,reward,1471,97.96523318272774,33.293,SF-P3O-NoSpectral,Walker2d-v4,0
33820,reward,1472,58.47718754355296,37.362,SF-P3O-NoSpectral,Walker2d-v4,0
33901,reward,1473,73.3608005064089,39.63,SF-P3O-NoSpectral,Walker2d-v4,0
33986,reward,1474,27.788195758661324,41.436,SF-P3O-NoSpectral,Walker2d-v4,0
34028,reward,1475,23.279392623690022,43.769,SF-P3O-NoSpectral,Walker2d-v4,0
34079,reward,1476,22.66069673146275,42.386,SF-P3O-NoSpectral,Walker2d-v4,0
34163,reward,1477,-16.835481116449127,37.29,SF-P3O-NoSpectral,Walker2d-v4,0
34274,reward,1478,3.590006133983898,33.009,SF-P3O-NoSpectral,Walker2d-v4,0
34399,reward,1479,41.25312491449829,34.732,SF-P3O-NoSpectral,Walker2d-v4,0
34437,reward,1480,27.938797555390366,35.948,SF-P3O-NoSpectral,Walker2d-v4,0
34447,reward,1481,1.1837547025438238,26.27,SF-P3O-NoSpectral,Walker2d-v4,0
34506,reward,1482,23.978312848383794,22.82,SF-P3O-NoSpectral,Walker2d-v4,0
34553,reward,1483,31.10472390950815,18.594,SF-P3O-NoSpectral,Walker2d-v4,0
34666,reward,1484,49.80249789648378,20.796,SF-P3O-NoSpectral,Walker2d-v4,0
34680,reward,1485,4.508459013859512,18.918,SF-P3O-NoSpectral,Walker2d-v4,0
34717,reward,1486,24.844744575702926,19.137,SF-P3O-NoSpectral,Walker2d-v4,0
34780,reward,1487,34.39878817962276,24.26,SF-P3O-NoSpectral,Walker2d-v4,0
34798,reward,1488,8.045773875372511,24.706,SF-P3O-NoSpectral,Walker2d-v4,0
34856,reward,1489,18.258902789867395,22.406,SF-P3O-NoSpectral,Walker2d-v4,0
34959,reward,1490,64.29284326151435,26.042,SF-P3O-NoSpectral,Walker2d-v4,0
35001,reward,1491,34.33967273332153,29.357,SF-P3O-NoSpectral,Walker2d-v4,0
35071,reward,1492,46.71597268423068,31.631,SF-P3O-NoSpectral,Walker2d-v4,0
35123,reward,1493,22.473146793256912,30.768,SF-P3O-NoSpectral,Walker2d-v4,0
35298,reward,1494,276.04757992992086,53.393,SF-P3O-NoSpectral,Walker2d-v4,0
35328,reward,1495,7.322541397923305,53.674,SF-P3O-NoSpectral,Walker2d-v4,0
35428,reward,1496,21.465050978425182,53.336,SF-P3O-NoSpectral,Walker2d-v4,0
35444,reward,1497,4.686816162162852,50.365,SF-P3O-NoSpectral,Walker2d-v4,0
35473,reward,1498,8.417635002361989,50.402,SF-P3O-NoSpectral,Walker2d-v4,0
35567,reward,1499,56.89505812698838,54.266,SF-P3O-NoSpectral,Walker2d-v4,0
35647,reward,1500,11.220986816167384,48.958,SF-P3O-NoSpectral,Walker2d-v4,0
35721,reward,1501,-23.852819543334657,43.139,SF-P3O-NoSpectral,Walker2d-v4,0
35779,reward,1502,32.56811916711001,41.724,SF-P3O-NoSpectral,Walker2d-v4,0
35837,reward,1503,47.496228767719174,44.227,SF-P3O-NoSpectral,Walker2d-v4,0
35955,reward,1504,19.611139588824788,18.583,SF-P3O-NoSpectral,Walker2d-v4,0
36049,reward,1505,25.286742007174634,20.379,SF-P3O-NoSpectral,Walker2d-v4,0
36109,reward,1506,35.7957210892341,21.813,SF-P3O-NoSpectral,Walker2d-v4,0
36155,reward,1507,25.045954451907804,23.848,SF-P3O-NoSpectral,Walker2d-v4,0
36166,reward,1508,-1.536740178279291,22.853,SF-P3O-NoSpectral,Walker2d-v4,0
36305,reward,1509,66.04132499321884,23.768,SF-P3O-NoSpectral,Walker2d-v4,0
36398,reward,1510,108.52790823018941,33.498,SF-P3O-NoSpectral,Walker2d-v4,0
36538,reward,1511,71.10904099125206,42.995,SF-P3O-NoSpectral,Walker2d-v4,0
36615,reward,1512,29.107389515513812,42.648,SF-P3O-NoSpectral,Walker2d-v4,0
36654,reward,1513,22.392329514567066,40.138,SF-P3O-NoSpectral,Walker2d-v4,0
36737,reward,1514,69.98225829500193,45.175,SF-P3O-NoSpectral,Walker2d-v4,0
36801,reward,1515,17.945616434354168,44.441,SF-P3O-NoSpectral,Walker2d-v4,0
36896,reward,1516,61.381604540615015,47.0,SF-P3O-NoSpectral,Walker2d-v4,0
37006,reward,1517,44.505387319574545,48.946,SF-P3O-NoSpectral,Walker2d-v4,0
37159,reward,1518,104.41645487222468,59.541,SF-P3O-NoSpectral,Walker2d-v4,0
37173,reward,1519,4.28069894954967,53.365,SF-P3O-NoSpectral,Walker2d-v4,0
37214,reward,1520,22.297072565885426,44.742,SF-P3O-NoSpectral,Walker2d-v4,0
37277,reward,1521,26.75813375906376,40.307,SF-P3O-NoSpectral,Walker2d-v4,0
37297,reward,1522,5.326234075123599,37.929,SF-P3O-NoSpectral,Walker2d-v4,0
37355,reward,1523,19.83397331410531,37.673,SF-P3O-NoSpectral,Walker2d-v4,0
37434,reward,1524,88.64973503719057,39.539,SF-P3O-NoSpectral,Walker2d-v4,0
37520,reward,1525,5.375468071726072,38.282,SF-P3O-NoSpectral,Walker2d-v4,0
37540,reward,1526,7.7334067933520885,32.918,SF-P3O-NoSpectral,Walker2d-v4,0
37586,reward,1527,38.961959357542504,32.363,SF-P3O-NoSpectral,Walker2d-v4,0
37607,reward,1528,8.744633118192114,22.796,SF-P3O-NoSpectral,Walker2d-v4,0
37656,reward,1529,28.3865577703412,25.207,SF-P3O-NoSpectral,Walker2d-v4,0
37693,reward,1530,17.87595984396053,24.765,SF-P3O-NoSpectral,Walker2d-v4,0
37746,reward,1531,28.14328165753433,24.903,SF-P3O-NoSpectral,Walker2d-v4,0
37840,reward,1532,27.046930273949243,27.075,SF-P3O-NoSpectral,Walker2d-v4,0
37925,reward,1533,46.9324172304197,29.785,SF-P3O-NoSpectral,Walker2d-v4,0
37956,reward,1534,13.167631714281825,22.237,SF-P3O-NoSpectral,Walker2d-v4,0
38078,reward,1535,24.948167743555846,24.194,SF-P3O-NoSpectral,Walker2d-v4,0
38113,reward,1536,19.664566782108103,25.387,SF-P3O-NoSpectral,Walker2d-v4,0
38167,reward,1537,47.01298780788609,26.192,SF-P3O-NoSpectral,Walker2d-v4,0
38216,reward,1538,30.583059749330978,28.376,SF-P3O-NoSpectral,Walker2d-v4,0
38241,reward,1539,9.95945250900935,26.533,SF-P3O-NoSpectral,Walker2d-v4,0
38408,reward,1540,129.05110754126898,37.651,SF-P3O-NoSpectral,Walker2d-v4,0
38649,reward,1541,95.84397322297437,44.421,SF-P3O-NoSpectral,Walker2d-v4,0
38672,reward,1542,6.31545814253915,42.348,SF-P3O-NoSpectral,Walker2d-v4,0
38731,reward,1543,7.123411247297182,38.367,SF-P3O-NoSpectral,Walker2d-v4,0
38839,reward,1544,5.218127733039882,37.572,SF-P3O-NoSpectral,Walker2d-v4,0
38987,reward,1545,248.1734662667895,59.895,SF-P3O-NoSpectral,Walker2d-v4,0
39130,reward,1546,77.39021119889631,65.667,SF-P3O-NoSpectral,Walker2d-v4,0
39144,reward,1547,4.773196382814181,61.443,SF-P3O-NoSpectral,Walker2d-v4,0
39166,reward,1548,8.845421724905902,59.269,SF-P3O-NoSpectral,Walker2d-v4,0
39246,reward,1549,73.29794910292158,65.603,SF-P3O-NoSpectral,Walker2d-v4,0
39270,reward,1550,12.187823392147077,53.917,SF-P3O-NoSpectral,Walker2d-v4,0
39350,reward,1551,25.882117416289233,46.921,SF-P3O-NoSpectral,Walker2d-v4,0
39398,reward,1552,32.205871176891705,49.51,SF-P3O-NoSpectral,Walker2d-v4,0
39500,reward,1553,99.54142476440519,58.752,SF-P3O-NoSpectral,Walker2d-v4,0
39578,reward,1554,7.4712307441416055,58.977,SF-P3O-NoSpectral,Walker2d-v4,0
39619,reward,1555,23.773519322802677,36.537,SF-P3O-NoSpectral,Walker2d-v4,0
39708,reward,1556,48.94816126235102,33.693,SF-P3O-NoSpectral,Walker2d-v4,0
39768,reward,1557,45.3538106342117,37.751,SF-P3O-NoSpectral,Walker2d-v4,0
39856,reward,1558,48.09570783813534,41.676,SF-P3O-NoSpectral,Walker2d-v4,0
39919,reward,1559,30.556399565031207,37.402,SF-P3O-NoSpectral,Walker2d-v4,0
39941,reward,1560,4.408836945169532,36.624,SF-P3O-NoSpectral,Walker2d-v4,0
40000,speed,537.19,1.29,SF-P3O-NoSpectral,Walker2d-v4,0
40014,reward,1561,46.725753004315074,38.708,SF-P3O-NoSpectral,Walker2d-v4,0
40081,reward,1562,42.50630217408326,39.738,SF-P3O-NoSpectral,Walker2d-v4,0
40158,reward,1563,17.30621312009224,31.515,SF-P3O-NoSpectral,Walker2d-v4,0
40189,reward,1564,14.708728608717202,32.238,SF-P3O-NoSpectral,Walker2d-v4,0
40198,reward,1565,0.41801079059319135,29.903,SF-P3O-NoSpectral,Walker2d-v4,0
40212,reward,1566,3.208708821723019,25.329,SF-P3O-NoSpectral,Walker2d-v4,0
40244,reward,1567,10.04729482309888,21.798,SF-P3O-NoSpectral,Walker2d-v4,0
40376,reward,1568,230.54432212528593,40.043,SF-P3O-NoSpectral,Walker2d-v4,0
40419,reward,1569,20.160533660560677,39.003,SF-P3O-NoSpectral,Walker2d-v4,0
40551,reward,1570,56.677086232684104,44.23,SF-P3O-NoSpectral,Walker2d-v4,0
40621,reward,1571,34.7864828915478,43.036,SF-P3O-NoSpectral,Walker2d-v4,0
40649,reward,1572,13.523197489904904,40.138,SF-P3O-NoSpectral,Walker2d-v4,0
40676,reward,1573,8.53447268677516,39.261,SF-P3O-NoSpectral,Walker2d-v4,0
40687,reward,1574,0.21233255201608514,37.811,SF-P3O-NoSpectral,Walker2d-v4,0
40730,reward,1575,19.689939367809995,39.738,SF-P3O-NoSpectral,Walker2d-v4,0
40801,reward,1576,24.10252619966952,41.828,SF-P3O-NoSpectral,Walker2d-v4,0
40891,reward,1577,12.418725815556048,42.065,SF-P3O-NoSpectral,Walker2d-v4,0
40941,reward,1578,19.85290363256586,20.996,SF-P3O-NoSpectral,Walker2d-v4,0
40960,loss,-0.020418375730514526,0.5123432278633118,SF-P3O-NoSpectral,Walker2d-v4,0
40979,reward,1579,31.18175223504326,22.098,SF-P3O-NoSpectral,Walker2d-v4,0
41141,reward,1580,206.8726173371025,37.117,SF-P3O-NoSpectral,Walker2d-v4,0
41227,reward,1581,25.530482694677136,36.192,SF-P3O-NoSpectral,Walker2d-v4,0
41252,reward,1582,10.421658447631657,35.882,SF-P3O-NoSpectral,Walker2d-v4,0
41360,reward,1583,7.766930073928743,35.805,SF-P3O-NoSpectral,Walker2d-v4,0
41428,reward,1584,44.57453084486932,40.241,SF-P3O-NoSpectral,Walker2d-v4,0
41450,reward,1585,10.589168047895656,39.331,SF-P3O-NoSpectral,Walker2d-v4,0
41546,reward,1586,110.75379492303112,47.996,SF-P3O-NoSpectral,Walker2d-v4,0
41639,reward,1587,67.77471493476669,53.532,SF-P3O-NoSpectral,Walker2d-v4,0
41747,reward,1588,22.34848123548694,53.781,SF-P3O-NoSpectral,Walker2d-v4,0
41791,reward,1589,25.682647391072454,53.232,SF-P3O-NoSpectral,Walker2d-v4,0
41849,reward,1590,41.40586817583153,36.685,SF-P3O-NoSpectral,Walker2d-v4,0
41944,reward,1591,-8.004760991242218,33.331,SF-P3O-NoSpectral,Walker2d-v4,0
42033,reward,1592,-0.9048135290499046,32.199,SF-P3O-NoSpectral,Walker2d-v4,0
42307,reward,1593,349.47023639788705,66.369,SF-P3O-NoSpectral,Walker2d-v4,0
42345,reward,1594,20.606967569046034,63.972,SF-P3O-NoSpectral,Walker2d-v4,0
42399,reward,1595,42.852958497145664,67.199,SF-P3O-NoSpectral,Walker2d-v4,0
42592,reward,1596,74.79339677272274,63.603,SF-P3O-NoSpectral,Walker2d-v4,0
42741,reward,1597,82.36742078375059,65.062,SF-P3O-NoSpectral,Walker2d-v4,0
42821,reward,1598,30.02064947404469,65.829,SF-P3O-NoSpectral,Walker2d-v4,0
42886,reward,1599,29.108701771402878,66.172,SF-P3O-NoSpectral,Walker2d-v4,0
42982,reward,1600,6.166135518157128,62.648,SF-P3O-NoSpectral,Walker2d-v4,0
43092,reward,1601,76.75855836761832,71.124,SF-P3O-NoSpectral,Walker2d-v4,0
43294,reward,1602,330.6825793438829,104.283,SF-P3O-NoSpectral,Walker2d-v4,0
43454,reward,1603,26.30252062933526,71.966,SF-P3O-NoSpectral,Walker2d-v4,0
43475,reward,1604,11.910908461488152,71.096,SF-P3O-NoSpectral,Walker2d-v4,0
43555,reward,1605,77.83381333002484,74.594,SF-P3O-NoSpectral,Walker2d-v4,0
43583,reward,1606,18.910671493811936,69.006,SF-P3O-NoSpectral,Walker2d-v4,0
43807,reward,1607,23.930684009338208,63.163,SF-P3O-NoSpectral,Walker2d-v4,0
43948,reward,1608,1.6669040852977466,60.327,SF-P3O-NoSpectral,Walker2d-v4,0
44083,reward,1609,15.820615774599286,58.998,SF-P3O-NoSpectral,Walker2d-v4,0
44207,reward,1610,75.96989749365416,65.979,SF-P3O-NoSpectral,Walker2d-v4,0
44238,reward,1611,16.543899498470783,59.957,SF-P3O-NoSpectral,Walker2d-v4,0
44327,reward,1612,51.65210035766674,32.054,SF-P3O-NoSpectral,Walker2d-v4,0
44471,reward,1613,197.25573435321735,49.15,SF-P3O-NoSpectral,Walker2d-v4,0
44511,reward,1614,30.3834832059051,50.997,SF-P3O-NoSpectral,Walker2d-v4,0
44600,reward,1615,5.453462212841142,43.759,SF-P3O-NoSpectral,Walker2d-v4,0
44692,reward,1616,41.76244432158506,46.044,SF-P3O-NoSpectral,Walker2d-v4,0
44760,reward,1617,34.7632851828651,47.127,SF-P3O-NoSpectral,Walker2d-v4,0
44855,reward,1618,73.17518744515047,54.278,SF-P3O-NoSpectral,Walker2d-v4,0
44959,reward,1619,3.8908098313076276,53.085,SF-P3O-NoSpectral,Walker2d-v4,0
45186,reward,1620,313.0121140080619,76.789,SF-P3O-NoSpectral,Walker2d-v4,0
45500,reward,1621,419.95252931343424,117.13,SF-P3O-NoSpectral,Walker2d-v4,0
45518,reward,1622,5.377735854398297,112.503,SF-P3O-NoSpectral,Walker2d-v4,0
45567,reward,1623,38.21351759873991,96.598,SF-P3O-NoSpectral,Walker2d-v4,0
45657,reward,1624,59.60242879247677,99.52,SF-P3O-NoSpectral,Walker2d-v4,0
45787,reward,1625,218.53677145619451,120.829,SF-P3O-NoSpectral,Walker2d-v4,0
45917,reward,1626,86.5079577605228,125.303,SF-P3O-NoSpectral,Walker2d-v4,0
46058,reward,1627,256.0274449446037,147.43,SF-P3O-NoSpectral,Walker2d-v4,0
46131,reward,1628,43.22686929794971,144.435,SF-P3O-NoSpectral,Walker2d-v4,0
46200,reward,1629,37.882622903203696,147.834,SF-P3O-NoSpectral,Walker2d-v4,0
46284,reward,1630,29.965750298311402,119.529,SF-P3O-NoSpectral,Walker2d-v4,0
46332,reward,1631,20.54564052198482,79.589,SF-P3O-NoSpectral,Walker2d-v4,0
46361,reward,1632,11.260332099931201,80.177,SF-P3O-NoSpectral,Walker2d-v4,0
46384,reward,1633,5.826783818622365,76.938,SF-P3O-NoSpectral,Walker2d-v4,0
46481,reward,1634,90.40610562406435,80.019,SF-P3O-NoSpectral,Walker2d-v4,0
46634,reward,1635,68.52593158050269,65.018,SF-P3O-NoSpectral,Walker2d-v4,0
46761,reward,1636,61.907240301607715,62.557,SF-P3O-NoSpectral,Walker2d-v4,0
46804,reward,1637,10.898912442470536,38.045,SF-P3O-NoSpectral,Walker2d-v4,0
46898,reward,1638,113.31498509993166,45.053,SF-P3O-NoSpectral,Walker2d-v4,0
47035,reward,1639,107.90974485334603,52.056,SF-P3O-NoSpectral,Walker2d-v4,0
47087,reward,1640,17.891093581420662,50.849,SF-P3O-NoSpectral,Walker2d-v4,0
47113,reward,1641,6.562580068191482,49.45,SF-P3O-NoSpectral,Walker2d-v4,0
47165,reward,1642,20.404876418267914,50.365,SF-P3O-NoSpectral,Walker2d-v4,0
47202,reward,1643,22.47604035521065,52.03,SF-P3O-NoSpectral,Walker2d-v4,0
47247,reward,1644,11.529254938202387,44.142,SF-P3O-NoSpectral,Walker2d-v4,0
47380,reward,1645,7.349101064688053,38.024,SF-P3O-NoSpectral,Walker2d-v4,0
47594,reward,1646,88.40381949284279,40.674,SF-P3O-NoSpectral,Walker2d-v4,0
47749,reward,1647,287.3738300547294,68.322,SF-P3O-NoSpectral,Walker2d-v4,0
47835,reward,1648,61.60479429955454,63.151,SF-P3O-NoSpectral,Walker2d-v4,0
47963,reward,1649,80.85470485896147,60.445,SF-P3O-NoSpectral,Walker2d-v4,0
48021,reward,1650,25.358346826521526,61.192,SF-P3O-NoSpectral,Walker2d-v4,0
48055,reward,1651,22.39727051307204,62.775,SF-P3O-NoSpectral,Walker2d-v4,0
48209,reward,1652,51.61822489846234,65.897,SF-P3O-NoSpectral,Walker2d-v4,0
48318,reward,1653,81.63275689218196,71.812,SF-P3O-NoSpectral,Walker2d-v4,0
48434,reward,1654,6.464800278429913,71.306,SF-P3O-NoSpectral,Walker2d-v4,0
48536,reward,1655,-24.07837117879902,68.163,SF-P3O-NoSpectral,Walker2d-v4,0
48792,reward,1656,151.42523546402154,74.465,SF-P3O-NoSpectral,Walker2d-v4,0
48850,reward,1657,23.18878963162749,48.047,SF-P3O-NoSpectral,Walker2d-v4,0
48988,reward,1658,240.03783162895402,65.89,SF-P3O-NoSpectral,Walker2d-v4,0
49071,reward,1659,37.084300934619485,61.513,SF-P3O-NoSpectral,Walker2d-v4,0
49152,loss,0.0004483833909034729,0.25573670864105225,SF-P3O-NoSpectral,Walker2d-v4,0
49152,diagnostics,0.0,53.82,5.3981,0.01568,0.961938,0.1522,0.116358,SF-P3O-NoSpectral,Walker2d-v4,0
49225,reward,1660,71.66315711293596,66.143,SF-P3O-NoSpectral,Walker2d-v4,0
49350,reward,1661,38.37049427178909,67.741,SF-P3O-NoSpectral,Walker2d-v4,0
49455,reward,1662,52.81890170513626,67.861,SF-P3O-NoSpectral,Walker2d-v4,0
49557,reward,1663,114.18947882986312,71.116,SF-P3O-NoSpectral,Walker2d-v4,0
49829,reward,1664,186.3191188605233,89.102,SF-P3O-NoSpectral,Walker2d-v4,0
49861,reward,1665,20.995845684454558,93.609,SF-P3O-NoSpectral,Walker2d-v4,0
49990,reward,1666,22.17173368479276,80.684,SF-P3O-NoSpectral,Walker2d-v4,0
50000,speed,377.97,1.73,SF-P3O-NoSpectral,Walker2d-v4,0
50000,perturb,0.017066,0.961453,0.1522,42173,25673,0.298581,1,SF-P3O-NoSpectral,Walker2d-v4,0
50064,reward,1667,40.50965528660585,82.416,SF-P3O-NoSpectral,Walker2d-v4,0
50107,reward,1668,23.888416327639575,60.801,SF-P3O-NoSpectral,Walker2d-v4,0
50219,reward,1669,36.954303071202716,60.788,SF-P3O-NoSpectral,Walker2d-v4,0
50337,reward,1670,43.4977468865649,57.972,SF-P3O-NoSpectral,Walker2d-v4,0
50392,reward,1671,25.80594106027161,56.715,SF-P3O-NoSpectral,Walker2d-v4,0
50540,reward,1672,108.2457071935729,62.258,SF-P3O-NoSpectral,Walker2d-v4,0
50669,reward,1673,79.86251121114967,58.825,SF-P3O-NoSpectral,Walker2d-v4,0
50845,reward,1674,276.73442125631794,67.867,SF-P3O-NoSpectral,Walker2d-v4,0
50888,reward,1675,25.365680272164134,68.304,SF-P3O-NoSpectral,Walker2d-v4,0
50997,reward,1676,28.742091097329673,68.961,SF-P3O-NoSpectral,Walker2d-v4,0
51072,reward,1677,62.53268368286398,71.163,SF-P3O-NoSpectral,Walker2d-v4,0
51125,reward,1678,30.924457568784604,71.867,SF-P3O-NoSpectral,Walker2d-v4,0
51214,reward,1679,35.0139770778889,71.673,SF-P3O-NoSpectral,Walker2d-v4,0
51282,reward,1680,56.913326693279636,73.014,SF-P3O-NoSpectral,Walker2d-v4,0
51415,reward,1681,23.84761955701784,72.818,SF-P3O-NoSpectral,Walker2d-v4,0
51570,reward,1682,157.0021252195399,77.694,SF-P3O-NoSpectral,Walker2d-v4,0
51664,reward,1683,-8.760242358052565,68.832,SF-P3O-NoSpectral,Walker2d-v4,0
51747,reward,1684,22.46940329211322,43.405,SF-P3O-NoSpectral,Walker2d-v4,0
51848,reward,1685,0.8503376764319062,40.954,SF-P3O-NoSpectral,Walker2d-v4,0
51927,reward,1686,5.256305911583362,38.605,SF-P3O-NoSpectral,Walker2d-v4,0
52007,reward,1687,-1.1153890305362288,32.24,SF-P3O-NoSpectral,Walker2d-v4,0
52108,reward,1688,104.64147508735675,39.612,SF-P3O-NoSpectral,Walker2d-v4,0
52172,reward,1689,27.850960277270598,38.896,SF-P3O-NoSpectral,Walker2d-v4,0
52293,reward,1690,44.952737076479664,37.7,SF-P3O-NoSpectral,Walker2d-v4,0
52354,reward,1691,19.749353009176993,37.29,SF-P3O-NoSpectral,Walker2d-v4,0
52441,reward,1692,31.64204101914329,24.754,SF-P3O-NoSpectral,Walker2d-v4,0
52626,reward,1693,111.35347003589854,36.765,SF-P3O-NoSpectral,Walker2d-v4,0
52719,reward,1694,59.45042121243702,40.463,SF-P3O-NoSpectral,Walker2d-v4,0
52740,reward,1695,8.62862574344222,41.241,SF-P3O-NoSpectral,Walker2d-v4,0
52882,reward,1696,40.48942944904593,44.764,SF-P3O-NoSpectral,Walker2d-v4,0
52930,reward,1697,16.44271511205396,46.52,SF-P3O-NoSpectral,Walker2d-v4,0
53086,reward,1698,107.16944564911084,46.773,SF-P3O-NoSpectral,Walker2d-v4,0
53138,reward,1699,33.90273892231555,47.378,SF-P3O-NoSpectral,Walker2d-v4,0
53210,reward,1700,6.036000580517888,43.486,SF-P3O-NoSpectral,Walker2d-v4,0
53335,reward,1701,70.51192357206105,48.563,SF-P3O-NoSpectral,Walker2d-v4,0
53357,reward,1702,9.95200288985655,46.394,SF-P3O-NoSpectral,Walker2d-v4,0
53485,reward,1703,24.614861660489304,37.72,SF-P3O-NoSpectral,Walker2d-v4,0
53507,reward,1704,6.410165976227111,32.416,SF-P3O-NoSpectral,Walker2d-v4,0
53712,reward,1705,68.26403532455284,38.379,SF-P3O-NoSpectral,Walker2d-v4,0
53829,reward,1706,74.86686529508057,41.817,SF-P3O-NoSpectral,Walker2d-v4,0
53987,reward,1707,49.254833151748805,45.098,SF-P3O-NoSpectral,Walker2d-v4,0
54085,reward,1708,70.24449026821043,41.406,SF-P3O-NoSpectral,Walker2d-v4,0
54107,reward,1709,8.185837996154326,38.834,SF-P3O-NoSpectral,Walker2d-v4,0
54150,reward,1710,6.4914133771488025,38.88,SF-P3O-NoSpectral,Walker2d-v4,0
54190,reward,1711,26.191688631850813,34.448,SF-P3O-NoSpectral,Walker2d-v4,0
54300,reward,1712,61.09455715567475,39.562,SF-P3O-NoSpectral,Walker2d-v4,0
54368,reward,1713,7.758192891158586,37.876,SF-P3O-NoSpectral,Walker2d-v4,0
54497,reward,1714,121.84836345385642,49.42,SF-P3O-NoSpectral,Walker2d-v4,0
54533,reward,1715,20.81867900979027,44.675,SF-P3O-NoSpectral,Walker2d-v4,0
54628,reward,1716,36.43890577833929,40.833,SF-P3O-NoSpectral,Walker2d-v4,0
54719,reward,1717,69.62791503357073,42.87,SF-P3O-NoSpectral,Walker2d-v4,0
54751,reward,1718,13.064828138440012,37.152,SF-P3O-NoSpectral,Walker2d-v4,0
54848,reward,1719,51.59984965364025,41.493,SF-P3O-NoSpectral,Walker2d-v4,0
54920,reward,1720,23.724569497796704,43.217,SF-P3O-NoSpectral,Walker2d-v4,0
54955,reward,1721,20.74476356830244,42.672,SF-P3O-NoSpectral,Walker2d-v4,0
55008,reward,1722,11.849696638583428,37.748,SF-P3O-NoSpectral,Walker2d-v4,0
55135,reward,1723,67.02364600868862,43.674,SF-P3O-NoSpectral,Walker2d-v4,0
55399,reward,1724,392.0514593054776,70.694,SF-P3O-NoSpectral,Walker2d-v4,0
55482,reward,1725,10.402347669183765,69.653,SF-P3O-NoSpectral,Walker2d-v4,0
55655,reward,1726,40.66087179171809,70.075,SF-P3O-NoSpectral,Walker2d-v4,0
55744,reward,1727,47.36101994492852,67.848,SF-P3O-NoSpectral,Walker2d-v4,0
55794,reward,1728,25.392102243205017,69.081,SF-P3O-NoSpectral,Walker2d-v4,0
55857,reward,1729,34.76519032495692,67.398,SF-P3O-NoSpectral,Walker2d-v4,0
55937,reward,1730,8.675635403936306,65.893,SF-P3O-NoSpectral,Walker2d-v4,0
56043,reward,1731,83.09805111871282,72.128,SF-P3O-NoSpectral,Walker2d-v4,0
56091,reward,1732,2.682950252329605,71.211,SF-P3O-NoSpectral,Walker2d-v4,0
56136,reward,1733,11.780482831553908,65.687,SF-P3O-NoSpectral,Walker2d-v4,0
56236,reward,1734,73.12669632362815,33.795,SF-P3O-NoSpectral,Walker2d-v4,0
56256,reward,1735,9.306770111203162,33.685,SF-P3O-NoSpectral,Walker2d-v4,0
56342,reward,1736,7.817026558616337,30.401,SF-P3O-NoSpectral,Walker2d-v4,0
56422,reward,1737,43.626443344542196,30.027,SF-P3O-NoSpectral,Walker2d-v4,0
56438,reward,1738,4.631643645698298,27.951,SF-P3O-NoSpectral,Walker2d-v4,0
56468,reward,1739,15.29737419297346,26.004,SF-P3O-NoSpectral,Walker2d-v4,0
56539,reward,1740,31.161122074375722,28.253,SF-P3O-NoSpectral,Walker2d-v4,0
56627,reward,1741,71.71066102442363,27.114,SF-P3O-NoSpectral,Walker2d-v4,0
56697,reward,1742,19.62621231970493,28.808,SF-P3O-NoSpectral,Walker2d-v4,0
56786,reward,1743,21.889287462198634,29.819,SF-P3O-NoSpectral,Walker2d-v4,0
56879,reward,1744,-30.250122332540407,19.482,SF-P3O-NoSpectral,Walker2d-v4,0
56995,reward,1745,75.16881364993853,26.068,SF-P3O-NoSpectral,Walker2d-v4,0
57015,reward,1746,0.47128471515752723,25.333,SF-P3O-NoSpectral,Walker2d-v4,0
57075,reward,1747,22.7429832074564,23.245,SF-P3O-NoSpectral,Walker2d-v4,0
57154,reward,1748,57.676605433770106,28.549,SF-P3O-NoSpectral,Walker2d-v4,0
57283,reward,1749,23.54304916279006,29.374,SF-P3O-NoSpectral,Walker2d-v4,0
57344,loss,0.04403569921851158,0.41228437423706055,SF-P3O-NoSpectral,Walker2d-v4,0
57420,reward,1750,5.7268281691546585,26.831,SF-P3O-NoSpectral,Walker2d-v4,0
57581,reward,1751,277.1654673004757,47.376,SF-P3O-NoSpectral,Walker2d-v4,0
57691,reward,1752,5.977496716074973,46.011,SF-P3O-NoSpectral,Walker2d-v4,0
57758,reward,1753,64.74188412094688,50.296,SF-P3O-NoSpectral,Walker2d-v4,0
57864,reward,1754,-4.506081754830664,52.871,SF-P3O-NoSpectral,Walker2d-v4,0
57948,reward,1755,1.5055714741626192,45.505,SF-P3O-NoSpectral,Walker2d-v4,0
58109,reward,1756,312.49160909556446,76.707,SF-P3O-NoSpectral,Walker2d-v4,0
58236,reward,1757,23.09285502435931,76.742,SF-P3O-NoSpectral,Walker2d-v4,0
58399,reward,1758,93.01395074748153,80.275,SF-P3O-NoSpectral,Walker2d-v4,0
58501,reward,1759,26.6696748091604,80.588,SF-P3O-NoSpectral,Walker2d-v4,0
58568,reward,1760,38.79514138246022,83.895,SF-P3O-NoSpectral,Walker2d-v4,0
58766,reward,1761,81.87700605470312,64.366,SF-P3O-NoSpectral,Walker2d-v4,0
58902,reward,1762,110.233853994006,74.792,SF-P3O-NoSpectral,Walker2d-v4,0
58970,reward,1763,19.534431675790163,70.271,SF-P3O-NoSpectral,Walker2d-v4,0
59122,reward,1764,172.57448655882843,87.979,SF-P3O-NoSpectral,Walker2d-v4,0
59226,reward,1765,115.4170523186915,99.37,SF-P3O-NoSpectral,Walker2d-v4,0
59305,reward,1766,47.02429340532443,72.823,SF-P3O-NoSpectral,Walker2d-v4,0
59599,reward,1767,414.89147076284485,112.003,SF-P3O-NoSpectral,Walker2d-v4,0
59771,reward,1768,46.89773666696514,107.392,SF-P3O-NoSpectral,Walker2d-v4,0
59848,reward,1769,46.428431648783345,109.367,SF-P3O-NoSpectral,Walker2d-v4,0
59867,reward,1770,5.9615154304682765,106.084,SF-P3O-NoSpectral,Walker2d-v4,0
60000,speed,555.15,2.03,SF-P3O-NoSpectral,Walker2d-v4,0
60054,reward,1771,260.6412164563483,123.96,SF-P3O-NoSpectral,Walker2d-v4,0
60258,reward,1772,111.15850751436206,124.053,SF-P3O-NoSpectral,Walker2d-v4,0
60413,reward,1773,-6.396110700069433,121.46,SF-P3O-NoSpectral,Walker2d-v4,0
60578,reward,1774,91.7777005264117,113.38,SF-P3O-NoSpectral,Walker2d-v4,0
60731,reward,1775,38.059068181913645,105.644,SF-P3O-NoSpectral,Walker2d-v4,0
60847,reward,1776,23.13706536859098,103.256,SF-P3O-NoSpectral,Walker2d-v4,0
60863,reward,1777,7.1765082468177654,62.484,SF-P3O-NoSpectral,Walker2d-v4,0
61022,reward,1778,19.859812351634016,59.78,SF-P3O-NoSpectral,Walker2d-v4,0
61037,reward,1779,4.620759743487594,55.6,SF-P3O-NoSpectral,Walker2d-v4,0
61113,reward,1780,60.74334901356083,61.078,SF-P3O-NoSpectral,Walker2d-v4,0
61129,reward,1781,5.477617774283744,35.561,SF-P3O-NoSpectral,Walker2d-v4,0
61227,reward,1782,42.761158837918465,28.722,SF-P3O-NoSpectral,Walker2d-v4,0
61401,reward,1783,52.25300194608362,34.587,SF-P3O-NoSpectral,Walker2d-v4,0
61561,reward,1784,268.282850589999,52.237,SF-P3O-NoSpectral,Walker2d-v4,0
61777,reward,1785,174.84159487840287,65.915,SF-P3O-NoSpectral,Walker2d-v4,0
61902,reward,1786,159.39295019944518,79.541,SF-P3O-NoSpectral,Walker2d-v4,0
61985,reward,1787,60.55462519093182,84.879,SF-P3O-NoSpectral,Walker2d-v4,0
62284,reward,1788,123.19476674728925,95.212,SF-P3O-NoSpectral,Walker2d-v4,0
62445,reward,1789,16.948539486567583,96.445,SF-P3O-NoSpectral,Walker2d-v4,0
62538,reward,1790,43.39766827692975,94.71,SF-P3O-NoSpectral,Walker2d-v4,0
62588,reward,1791,37.992361750503534,97.962,SF-P3O-NoSpectral,Walker2d-v4,0
62646,reward,1792,38.86890202296234,97.573,SF-P3O-NoSpectral,Walker2d-v4,0
62906,reward,1793,217.69547413197404,114.117,SF-P3O-NoSpectral,Walker2d-v4,0
62949,reward,1794,35.496746477856654,90.838,SF-P3O-NoSpectral,Walker2d-v4,0
63150,reward,1795,58.6712036804932,79.221,SF-P3O-NoSpectral,Walker2d-v4,0
63277,reward,1796,122.69002119882221,75.551,SF-P3O-NoSpectral,Walker2d-v4,0
63345,reward,1797,44.560509249733194,73.952,SF-P3O-NoSpectral,Walker2d-v4,0
63509,reward,1798,84.38202213750347,70.07,SF-P3O-NoSpectral,Walker2d-v4,0
63659,reward,1799,26.995791740633656,71.075,SF-P3O-NoSpectral,Walker2d-v4,0
63816,reward,1800,54.696032218703024,72.205,SF-P3O-NoSpectral,Walker2d-v4,0
64006,reward,1801,161.1928929194994,84.525,SF-P3O-NoSpectral,Walker2d-v4,0
64151,reward,1802,210.55021947063048,101.693,SF-P3O-NoSpectral,Walker2d-v4,0
64290,reward,1803,10.159535080429354,80.939,SF-P3O-NoSpectral,Walker2d-v4,0
64409,reward,1804,193.21606374493825,96.711,SF-P3O-NoSpectral,Walker2d-v4,0
64562,reward,1805,141.06738547038057,104.951,SF-P3O-NoSpectral,Walker2d-v4,0
64721,reward,1806,101.16292510436831,102.798,SF-P3O-NoSpectral,Walker2d-v4,0
64838,reward,1807,8.67774758633486,99.21,SF-P3O-NoSpectral,Walker2d-v4,0
64871,reward,1808,19.03377430316587,92.675,SF-P3O-NoSpectral,Walker2d-v4,0
65025,reward,1809,199.73391639891662,109.949,SF-P3O-NoSpectral,Walker2d-v4,0
65053,reward,1810,13.152874477613437,105.795,SF-P3O-NoSpectral,Walker2d-v4,0
65184,reward,1811,58.53835538712215,95.529,SF-P3O-NoSpectral,Walker2d-v4,0
65345,reward,1812,29.38875100555928,77.413,SF-P3O-NoSpectral,Walker2d-v4,0
65487,reward,1813,105.24485224437156,86.922,SF-P3O-NoSpectral,Walker2d-v4,0
65536,loss,0.019751131534576416,0.24579142034053802,SF-P3O-NoSpectral,Walker2d-v4,0
65536,diagnostics,0.0,55.58,6.9487,0.021588,0.957993,0.2079,0.117361,SF-P3O-NoSpectral,Walker2d-v4,0
65598,reward,1814,66.43906707610557,74.244,SF-P3O-NoSpectral,Walker2d-v4,0
65783,reward,1815,282.9060056464822,88.428,SF-P3O-NoSpectral,Walker2d-v4,0
66032,reward,1816,332.2401308682622,111.536,SF-P3O-NoSpectral,Walker2d-v4,0
66181,reward,1817,227.57665109017051,133.425,SF-P3O-NoSpectral,Walker2d-v4,0
66247,reward,1818,42.773282233765926,135.799,SF-P3O-NoSpectral,Walker2d-v4,0
66413,reward,1819,37.88721528591516,119.615,SF-P3O-NoSpectral,Walker2d-v4,0
66620,reward,1820,6.181423088030584,118.918,SF-P3O-NoSpectral,Walker2d-v4,0
66707,reward,1821,37.09867573997768,116.774,SF-P3O-NoSpectral,Walker2d-v4,0
66811,reward,1822,5.032807125568976,114.338,SF-P3O-NoSpectral,Walker2d-v4,0
66967,reward,1823,262.2495033850858,130.038,SF-P3O-NoSpectral,Walker2d-v4,0
67237,reward,1824,106.16508015440365,134.011,SF-P3O-NoSpectral,Walker2d-v4,0
67381,reward,1825,12.066989690070454,106.927,SF-P3O-NoSpectral,Walker2d-v4,0
67562,reward,1826,300.00709767577894,103.704,SF-P3O-NoSpectral,Walker2d-v4,0
67697,reward,1827,266.9256613048716,107.639,SF-P3O-NoSpectral,Walker2d-v4,0
67808,reward,1828,201.92766700981028,123.554,SF-P3O-NoSpectral,Walker2d-v4,0
67998,reward,1829,187.49854139753427,138.515,SF-P3O-NoSpectral,Walker2d-v4,0
68234,reward,1830,127.8576977660872,150.683,SF-P3O-NoSpectral,Walker2d-v4,0
68390,reward,1831,23.45799719849433,149.319,SF-P3O-NoSpectral,Walker2d-v4,0
68446,reward,1832,43.57851155689521,153.173,SF-P3O-NoSpectral,Walker2d-v4,0
68681,reward,1833,139.1972131957654,140.868,SF-P3O-NoSpectral,Walker2d-v4,0
68848,reward,1834,90.86357400426462,139.338,SF-P3O-NoSpectral,Walker2d-v4,0
68922,reward,1835,70.46073872762533,145.177,SF-P3O-NoSpectral,Walker2d-v4,0
69131,reward,1836,96.59838599043066,124.837,SF-P3O-NoSpectral,Walker2d-v4,0
69360,reward,1837,157.0763790006823,113.852,SF-P3O-NoSpectral,Walker2d-v4,0
69541,reward,1838,233.8332718158943,117.042,SF-P3O-NoSpectral,Walker2d-v4,0
69597,reward,1839,35.48727273419955,101.841,SF-P3O-NoSpectral,Walker2d-v4,0
69833,reward,1840,66.45088862579239,95.7,SF-P3O-NoSpectral,Walker2d-v4,0
69874,reward,1841,36.864780285390395,97.041,SF-P3O-NoSpectral,Walker2d-v4,0
70000,speed,551.94,2.34,SF-P3O-NoSpectral,Walker2d-v4,0
70016,reward,1842,249.80130151842687,117.663,SF-P3O-NoSpectral,Walker2d-v4,0
70246,reward,1843,328.8921266289506,136.633,SF-P3O-NoSpectral,Walker2d-v4,0
70397,reward,1844,271.9065448313846,154.737,SF-P3O-NoSpectral,Walker2d-v4,0
70503,reward,1845,75.1307226019068,155.204,SF-P3O-NoSpectral,Walker2d-v4,0
70657,reward,1846,109.12325461660018,156.457,SF-P3O-NoSpectral,Walker2d-v4,0
70790,reward,1847,54.176565831286666,146.167,SF-P3O-NoSpectral,Walker2d-v4,0
70891,reward,1848,26.080453038710836,125.391,SF-P3O-NoSpectral,Walker2d-v4,0
70996,reward,1849,203.2583658935895,142.169,SF-P3O-NoSpectral,Walker2d-v4,0
71079,reward,1850,29.677334982097054,138.491,SF-P3O-NoSpectral,Walker2d-v4,0
71301,reward,1851,173.77340774302914,152.182,SF-P3O-NoSpectral,Walker2d-v4,0
71476,reward,1852,300.302925477159,157.232,SF-P3O-NoSpectral,Walker2d-v4,0
71656,reward,1853,305.80732352731917,154.924,SF-P3O-NoSpectral,Walker2d-v4,0
71733,reward,1854,28.408145276911426,130.574,SF-P3O-NoSpectral,Walker2d-v4,0
71872,reward,1855,250.0722757846487,148.068,SF-P3O-NoSpectral,Walker2d-v4,0
72030,reward,1856,250.96809427006914,162.252,SF-P3O-NoSpectral,Walker2d-v4,0
72080,reward,1857,28.800971826255516,159.715,SF-P3O-NoSpectral,Walker2d-v4,0
72120,reward,1858,34.43722094683693,160.551,SF-P3O-NoSpectral,Walker2d-v4,0
72306,reward,1859,46.766814375757484,144.901,SF-P3O-NoSpectral,Walker2d-v4,0
72470,reward,1860,98.71215628942613,151.805,SF-P3O-NoSpectral,Walker2d-v4,0
72631,reward,1861,105.34202683040394,144.962,SF-P3O-NoSpectral,Walker2d-v4,0
72815,reward,1862,294.5299076902248,144.384,SF-P3O-NoSpectral,Walker2d-v4,0
72961,reward,1863,44.29794613195349,118.234,SF-P3O-NoSpectral,Walker2d-v4,0
73158,reward,1864,319.07823576867645,147.301,SF-P3O-NoSpectral,Walker2d-v4,0
73331,reward,1865,66.43072099061433,128.936,SF-P3O-NoSpectral,Walker2d-v4,0
73428,reward,1866,54.31291775606229,109.271,SF-P3O-NoSpectral,Walker2d-v4,0
73544,reward,1867,32.512373579549305,109.642,SF-P3O-NoSpectral,Walker2d-v4,0
73616,reward,1868,44.14659776506812,110.613,SF-P3O-NoSpectral,Walker2d-v4,0
73643,reward,1869,20.046436643440096,107.941,SF-P3O-NoSpectral,Walker2d-v4,0
73728,loss,-0.05237948149442673,0.37017130851745605,SF-P3O-NoSpectral,Walker2d-v4,0
73773,reward,1870,219.10208383175535,119.98,SF-P3O-NoSpectral,Walker2d-v4,0
73925,reward,1871,42.60818427090518,113.707,SF-P3O-NoSpectral,Walker2d-v4,0
73973,reward,1872,28.731025793043255,87.127,SF-P3O-NoSpectral,Walker2d-v4,0
74299,reward,1873,510.5311388140163,133.75,SF-P3O-NoSpectral,Walker2d-v4,0
74493,reward,1874,103.64421483637904,112.207,SF-P3O-NoSpectral,Walker2d-v4,0
74598,reward,1875,200.99297825948298,125.663,SF-P3O-NoSpectral,Walker2d-v4,0
74797,reward,1876,281.43669689745394,148.375,SF-P3O-NoSpectral,Walker2d-v4,0
75077,reward,1877,123.14542265960877,157.438,SF-P3O-NoSpectral,Walker2d-v4,0
75224,reward,1878,74.5484650738224,160.479,SF-P3O-NoSpectral,Walker2d-v4,0
75443,reward,1879,321.85928469454257,190.66,SF-P3O-NoSpectral,Walker2d-v4,0
75755,reward,1880,404.5977698069896,209.21,SF-P3O-NoSpectral,Walker2d-v4,0
75897,reward,1881,68.05537542880086,211.754,SF-P3O-NoSpectral,Walker2d-v4,0
76250,reward,1882,442.72258173054655,253.153,SF-P3O-NoSpectral,Walker2d-v4,0
76500,reward,1883,173.58356085089557,219.459,SF-P3O-NoSpectral,Walker2d-v4,0
76648,reward,1884,238.37483205776607,232.932,SF-P3O-NoSpectral,Walker2d-v4,0
76919,reward,1885,110.04933420985857,223.837,SF-P3O-NoSpectral,Walker2d-v4,0
77059,reward,1886,113.65480847682811,207.059,SF-P3O-NoSpectral,Walker2d-v4,0
77138,reward,1887,11.86050964983909,195.931,SF-P3O-NoSpectral,Walker2d-v4,0
77447,reward,1888,143.42774448400266,202.819,SF-P3O-NoSpectral,Walker2d-v4,0
77505,reward,1889,29.207094541417913,173.553,SF-P3O-NoSpectral,Walker2d-v4,0
77731,reward,1890,340.07129499372195,167.101,SF-P3O-NoSpectral,Walker2d-v4,0
77975,reward,1891,355.7617128409618,195.871,SF-P3O-NoSpectral,Walker2d-v4,0
78173,reward,1892,317.186615163011,183.318,SF-P3O-NoSpectral,Walker2d-v4,0
78419,reward,1893,381.84795611908646,204.144,SF-P3O-NoSpectral,Walker2d-v4,0
78516,reward,1894,50.01466004615154,185.308,SF-P3O-NoSpectral,Walker2d-v4,0
78683,reward,1895,268.06876497669407,201.11,SF-P3O-NoSpectral,Walker2d-v4,0
78876,reward,1896,285.999531183798,218.345,SF-P3O-NoSpectral,Walker2d-v4,0
79089,reward,1897,309.86991711664274,248.146,SF-P3O-NoSpectral,Walker2d-v4,0
79188,reward,1898,54.37835498546455,239.241,SF-P3O-NoSpectral,Walker2d-v4,0
79311,reward,1899,221.44388127861555,258.464,SF-P3O-NoSpectral,Walker2d-v4,0
79567,reward,1900,108.69344909126062,235.326,SF-P3O-NoSpectral,Walker2d-v4,0
79703,reward,1901,117.53213440887599,211.504,SF-P3O-NoSpectral,Walker2d-v4,0
79897,reward,1902,6.596046457835374,180.444,SF-P3O-NoSpectral,Walker2d-v4,0
80000,speed,550.52,2.64,SF-P3O-NoSpectral,Walker2d-v4,0
80108,reward,1903,125.0022047340022,154.76,SF-P3O-NoSpectral,Walker2d-v4,0
80310,reward,1904,47.36396660853284,154.495,SF-P3O-NoSpectral,Walker2d-v4,0
80479,reward,1905,70.41725598964331,134.73,SF-P3O-NoSpectral,Walker2d-v4,0
80649,reward,1906,73.04637638172058,113.434,SF-P3O-NoSpectral,Walker2d-v4,0
80760,reward,1907,203.44549259276073,102.792,SF-P3O-NoSpectral,Walker2d-v4,0
80859,reward,1908,46.72258071425623,102.026,SF-P3O-NoSpectral,Walker2d-v4,0
81177,reward,1909,102.26752014559601,90.109,SF-P3O-NoSpectral,Walker2d-v4,0
81377,reward,1910,79.44862177892392,87.184,SF-P3O-NoSpectral,Walker2d-v4,0
81540,reward,1911,29.420486124641982,78.373,SF-P3O-NoSpectral,Walker2d-v4,0
81572,reward,1912,19.40271699211607,79.654,SF-P3O-NoSpectral,Walker2d-v4,0
81869,reward,1913,139.47997661703081,81.101,SF-P3O-NoSpectral,Walker2d-v4,0
81920,loss,-0.030216867104172707,0.23058485984802246,SF-P3O-NoSpectral,Walker2d-v4,0
81920,diagnostics,0.0,55.98,7.8992,0.024677,0.956367,0.2496,0.111511,SF-P3O-NoSpectral,Walker2d-v4,0
81968,reward,1914,185.04626918355123,94.87,SF-P3O-NoSpectral,Walker2d-v4,0
82111,reward,1915,159.27689805033478,103.756,SF-P3O-NoSpectral,Walker2d-v4,0
82304,reward,1916,199.62774012254172,116.414,SF-P3O-NoSpectral,Walker2d-v4,0
82406,reward,1917,8.573903772085568,96.927,SF-P3O-NoSpectral,Walker2d-v4,0
82563,reward,1918,250.7604463161339,117.33,SF-P3O-NoSpectral,Walker2d-v4,0
82691,reward,1919,216.54078252229422,128.758,SF-P3O-NoSpectral,Walker2d-v4,0
82892,reward,1920,322.53860238258807,153.067,SF-P3O-NoSpectral,Walker2d-v4,0
83080,reward,1921,268.9416590210754,177.019,SF-P3O-NoSpectral,Walker2d-v4,0
83244,reward,1922,94.04030133519882,184.483,SF-P3O-NoSpectral,Walker2d-v4,0
83498,reward,1923,105.12009222062146,181.047,SF-P3O-NoSpectral,Walker2d-v4,0
83666,reward,1924,239.6368794287213,186.506,SF-P3O-NoSpectral,Walker2d-v4,0
83859,reward,1925,327.0701523058905,203.285,SF-P3O-NoSpectral,Walker2d-v4,0
84009,reward,1926,261.9073751328538,209.513,SF-P3O-NoSpectral,Walker2d-v4,0
84236,reward,1927,135.51698164515196,222.207,SF-P3O-NoSpectral,Walker2d-v4,0
84393,reward,1928,243.4069993775695,221.472,SF-P3O-NoSpectral,Walker2d-v4,0
84617,reward,1929,123.22246381179895,212.14,SF-P3O-NoSpectral,Walker2d-v4,0
84823,reward,1930,76.85962286388529,187.572,SF-P3O-NoSpectral,Walker2d-v4,0
85316,reward,1931,340.43212877471905,194.721,SF-P3O-NoSpectral,Walker2d-v4,0
85486,reward,1932,117.20406750895982,197.038,SF-P3O-NoSpectral,Walker2d-v4,0
85684,reward,1933,333.89609634971384,219.915,SF-P3O-NoSpectral,Walker2d-v4,0
85735,reward,1934,26.564088944274513,198.608,SF-P3O-NoSpectral,Walker2d-v4,0
86038,reward,1935,372.93635968575063,203.195,SF-P3O-NoSpectral,Walker2d-v4,0
86267,reward,1936,368.27697074520836,213.832,SF-P3O-NoSpectral,Walker2d-v4,0
86390,reward,1937,214.25557930956896,221.705,SF-P3O-NoSpectral,Walker2d-v4,0
86614,reward,1938,88.49371041991768,206.214,SF-P3O-NoSpectral,Walker2d-v4,0
86867,reward,1939,346.00683606779876,228.493,SF-P3O-NoSpectral,Walker2d-v4,0
87042,reward,1940,285.90432020873646,249.397,SF-P3O-NoSpectral,Walker2d-v4,0
87177,reward,1941,247.07610557129595,240.061,SF-P3O-NoSpectral,Walker2d-v4,0
87388,reward,1942,346.27322566614885,262.968,SF-P3O-NoSpectral,Walker2d-v4,0
87555,reward,1943,304.59209210811207,260.038,SF-P3O-NoSpectral,Walker2d-v4,0
87700,reward,1944,240.78563260612876,281.46,SF-P3O-NoSpectral,Walker2d-v4,0
87970,reward,1945,371.351002263419,281.302,SF-P3O-NoSpectral,Walker2d-v4,0
87983,reward,1946,2.2205116232711033,244.696,SF-P3O-NoSpectral,Walker2d-v4,0
88183,reward,1947,107.51468941960017,234.022,SF-P3O-NoSpectral,Walker2d-v4,0
88342,reward,1948,47.6246882273379,229.935,SF-P3O-NoSpectral,Walker2d-v4,0
88541,reward,1949,313.8639893908107,226.721,SF-P3O-NoSpectral,Walker2d-v4,0
88901,reward,1950,489.2471006535719,247.055,SF-P3O-NoSpectral,Walker2d-v4,0
89039,reward,1951,18.599278169567924,224.207,SF-P3O-NoSpectral,Walker2d-v4,0
89204,reward,1952,285.3392821188073,218.114,SF-P3O-NoSpectral,Walker2d-v4,0
89393,reward,1953,131.83875326038094,200.838,SF-P3O-NoSpectral,Walker2d-v4,0
89701,reward,1954,418.66218452623826,218.626,SF-P3O-NoSpectral,Walker2d-v4,0
89744,reward,1955,26.2163722466418,184.113,SF-P3O-NoSpectral,Walker2d-v4,0
89974,reward,1956,308.339734681765,214.725,SF-P3O-NoSpectral,Walker2d-v4,0
90000,speed,533.32,2.95,SF-P3O-NoSpectral,Walker2d-v4,0
90112,loss,0.008333750069141388,0.37794560194015503,SF-P3O-NoSpectral,Walker2d-v4,0
90157,reward,1957,248.6734397188775,228.84,SF-P3O-NoSpectral,Walker2d-v4,0
90427,reward,1958,68.7805766170869,230.956,SF-P3O-NoSpectral,Walker2d-v4,0
90633,reward,1959,356.2808476796764,235.198,SF-P3O-NoSpectral,Walker2d-v4,0
90952,reward,1960,243.9716092353871,210.67,SF-P3O-NoSpectral,Walker2d-v4,0
91129,reward,1961,126.48363343160973,221.459,SF-P3O-NoSpectral,Walker2d-v4,0
91350,reward,1962,372.3318409238768,230.158,SF-P3O-NoSpectral,Walker2d-v4,0
91529,reward,1963,303.1645897306002,247.29,SF-P3O-NoSpectral,Walker2d-v4,0
91707,reward,1964,51.55734939209829,210.58,SF-P3O-NoSpectral,Walker2d-v4,0
91913,reward,1965,354.5098997383651,243.409,SF-P3O-NoSpectral,Walker2d-v4,0
92086,reward,1966,27.327570260513234,215.308,SF-P3O-NoSpectral,Walker2d-v4,0
92290,reward,1967,117.42723420624681,202.184,SF-P3O-NoSpectral,Walker2d-v4,0
92483,reward,1968,286.81944719281745,223.987,SF-P3O-NoSpectral,Walker2d-v4,0
92636,reward,1969,20.609374785976264,190.42,SF-P3O-NoSpectral,Walker2d-v4,0
92742,reward,1970,13.47316695044002,167.37,SF-P3O-NoSpectral,Walker2d-v4,0
92838,reward,1971,77.70596524984003,162.493,SF-P3O-NoSpectral,Walker2d-v4,0
92979,reward,1972,26.0195694362353,127.861,SF-P3O-NoSpectral,Walker2d-v4,0
93182,reward,1973,306.2362579564013,128.169,SF-P3O-NoSpectral,Walker2d-v4,0
93370,reward,1974,42.88433449718136,127.301,SF-P3O-NoSpectral,Walker2d-v4,0
93523,reward,1975,214.22385032124552,113.273,SF-P3O-NoSpectral,Walker2d-v4,0
93648,reward,1976,108.56569712166272,121.396,SF-P3O-NoSpectral,Walker2d-v4,0
93902,reward,1977,106.24484295470603,120.278,SF-P3O-NoSpectral,Walker2d-v4,0
94098,reward,1978,80.67864729750573,99.664,SF-P3O-NoSpectral,Walker2d-v4,0
94295,reward,1979,86.96694601840197,106.3,SF-P3O-NoSpectral,Walker2d-v4,0
94470,reward,1980,295.03025128218684,134.456,SF-P3O-NoSpectral,Walker2d-v4,0
94584,reward,1981,24.20797217735828,129.106,SF-P3O-NoSpectral,Walker2d-v4,0
94731,reward,1982,248.56274186915567,151.36,SF-P3O-NoSpectral,Walker2d-v4,0
94901,reward,1983,66.10732154436252,127.347,SF-P3O-NoSpectral,Walker2d-v4,0
95180,reward,1984,156.22435713455081,138.681,SF-P3O-NoSpectral,Walker2d-v4,0
95226,reward,1985,37.37963032424724,120.997,SF-P3O-NoSpectral,Walker2d-v4,0
95383,reward,1986,243.694190274579,134.51,SF-P3O-NoSpectral,Walker2d-v4,0
95562,reward,1987,127.87647706923283,136.673,SF-P3O-NoSpectral,Walker2d-v4,0
95660,reward,1988,184.05610806520917,147.011,SF-P3O-NoSpectral,Walker2d-v4,0
95890,reward,1989,296.892504693979,168.003,SF-P3O-NoSpectral,Walker2d-v4,0
95959,reward,1990,43.78130484544152,142.878,SF-P3O-NoSpectral,Walker2d-v4,0
96102,reward,1991,36.4094882135722,144.098,SF-P3O-NoSpectral,Walker2d-v4,0
96259,reward,1992,302.1996568384468,149.462,SF-P3O-NoSpectral,Walker2d-v4,0
96436,reward,1993,74.49879104309626,150.301,SF-P3O-NoSpectral,Walker2d-v4,0
96596,reward,1994,266.06452093710527,161.285,SF-P3O-NoSpectral,Walker2d-v4,0
96935,reward,1995,155.9704835926502,173.144,SF-P3O-NoSpectral,Walker2d-v4,0
97069,reward,1996,25.404653457121185,151.315,SF-P3O-NoSpectral,Walker2d-v4,0
97209,reward,1997,221.5214833519015,160.68,SF-P3O-NoSpectral,Walker2d-v4,0
97418,reward,1998,134.1967971381096,155.694,SF-P3O-NoSpectral,Walker2d-v4,0
97738,reward,1999,431.42216725270544,169.147,SF-P3O-NoSpectral,Walker2d-v4,0
97956,reward,2000,301.7726394524043,194.946,SF-P3O-NoSpectral,Walker2d-v4,0
98140,reward,2001,268.94190190245456,218.199,SF-P3O-NoSpectral,Walker2d-v4,0
98304,loss,-0.08848927915096283,0.3009941279888153,SF-P3O-NoSpectral,Walker2d-v4,0
98304,diagnostics,0.0,56.31,13.1683,0.027059,0.95537,0.2869,0.108772,SF-P3O-NoSpectral,Walker2d-v4,0
98413,reward,2002,387.45692842273877,226.725,SF-P3O-NoSpectral,Walker2d-v4,0
98613,reward,2003,306.8109126647807,249.956,SF-P3O-NoSpectral,Walker2d-v4,0
98789,reward,2004,77.40562276019426,231.09,SF-P3O-NoSpectral,Walker2d-v4,0
98995,reward,2005,106.08860502990946,226.102,SF-P3O-NoSpectral,Walker2d-v4,0
99169,reward,2006,286.3918821419335,252.201,SF-P3O-NoSpectral,Walker2d-v4,0
99304,reward,2007,210.3196774306111,251.081,SF-P3O-NoSpectral,Walker2d-v4,0
99644,reward,2008,77.28762282509595,245.39,SF-P3O-NoSpectral,Walker2d-v4,0
99996,reward,2009,439.895134092015,246.237,SF-P3O-NoSpectral,Walker2d-v4,0
100000,speed,377.85,3.39,SF-P3O-NoSpectral,Walker2d-v4,0
100000,perturb,0.027803,0.955099,0.2869,38314,29532,0.276561,2,SF-P3O-NoSpectral,Walker2d-v4,0
100114,reward,2010,191.99815378802444,235.26,SF-P3O-NoSpectral,Walker2d-v4,0
100186,reward,2011,38.83003197827619,212.248,SF-P3O-NoSpectral,Walker2d-v4,0
100365,reward,2012,252.3670736318119,198.739,SF-P3O-NoSpectral,Walker2d-v4,0
100561,reward,2013,49.78994055161091,173.037,SF-P3O-NoSpectral,Walker2d-v4,0
100777,reward,2014,309.12388488133774,196.209,SF-P3O-NoSpectral,Walker2d-v4,0
100838,reward,2015,28.030627454576667,188.403,SF-P3O-NoSpectral,Walker2d-v4,0
100955,reward,2016,26.142327970674945,162.378,SF-P3O-NoSpectral,Walker2d-v4,0
101203,reward,2017,384.20586294370906,179.767,SF-P3O-NoSpectral,Walker2d-v4,0
101316,reward,2018,60.49255850913548,178.088,SF-P3O-NoSpectral,Walker2d-v4,0
101408,reward,2019,39.64689415983137,138.063,SF-P3O-NoSpectral,Walker2d-v4,0
101665,reward,2020,335.59635260214264,152.423,SF-P3O-NoSpectral,Walker2d-v4,0
101917,reward,2021,327.5973535948207,181.299,SF-P3O-NoSpectral,Walker2d-v4,0
102063,reward,2022,247.07013241026482,180.77,SF-P3O-NoSpectral,Walker2d-v4,0
102216,reward,2023,56.448439542510584,181.435,SF-P3O-NoSpectral,Walker2d-v4,0
102452,reward,2024,333.85851922976946,183.909,SF-P3O-NoSpectral,Walker2d-v4,0
102648,reward,2025,296.38179385930533,210.744,SF-P3O-NoSpectral,Walker2d-v4,0
102790,reward,2026,87.83585883389166,216.913,SF-P3O-NoSpectral,Walker2d-v4,0
102922,reward,2027,120.81718762082156,190.575,SF-P3O-NoSpectral,Walker2d-v4,0
103086,reward,2028,87.02976851086743,193.228,SF-P3O-NoSpectral,Walker2d-v4,0
103234,reward,2029,225.67888046156236,211.831,SF-P3O-NoSpectral,Walker2d-v4,0
103565,reward,2030,384.05833150995227,216.678,SF-P3O-NoSpectral,Walker2d-v4,0
103746,reward,2031,227.37492453006953,206.655,SF-P3O-NoSpectral,Walker2d-v4,0
103876,reward,2032,6.617868317753909,182.61,SF-P3O-NoSpectral,Walker2d-v4,0
104191,reward,2033,202.32119471087253,197.197,SF-P3O-NoSpectral,Walker2d-v4,0
104448,reward,2034,77.97990267447287,171.61,SF-P3O-NoSpectral,Walker2d-v4,0
104779,reward,2035,43.06429767143254,146.278,SF-P3O-NoSpectral,Walker2d-v4,0
104888,reward,2036,36.89907897437468,141.184,SF-P3O-NoSpectral,Walker2d-v4,0
105123,reward,2037,287.8820158084795,157.891,SF-P3O-NoSpectral,Walker2d-v4,0
105293,reward,2038,243.19720832194292,173.507,SF-P3O-NoSpectral,Walker2d-v4,0
105659,reward,2039,311.7180984562314,182.111,SF-P3O-NoSpectral,Walker2d-v4,0
105789,reward,2040,18.538453665440684,145.559,SF-P3O-NoSpectral,Walker2d-v4,0
106046,reward,2041,152.44301211928402,138.066,SF-P3O-NoSpectral,Walker2d-v4,0
106070,reward,2042,11.064701996027933,138.511,SF-P3O-NoSpectral,Walker2d-v4,0
106284,reward,2043,335.1437405289249,151.793,SF-P3O-NoSpectral,Walker2d-v4,0
106496,loss,-0.021793555468320847,0.33462288975715637,SF-P3O-NoSpectral,Walker2d-v4,0
106566,reward,2044,317.8854798053431,175.784,SF-P3O-NoSpectral,Walker2d-v4,0
106789,reward,2045,70.42259230245011,178.519,SF-P3O-NoSpectral,Walker2d-v4,0
106897,reward,2046,15.77363517010376,176.407,SF-P3O-NoSpectral,Walker2d-v4,0
107070,reward,2047,92.80077129665871,156.899,SF-P3O-NoSpectral,Walker2d-v4,0
107256,reward,2048,191.8662552198579,151.766,SF-P3O-NoSpectral,Walker2d-v4,0
107471,reward,2049,270.1253126551446,147.606,SF-P3O-NoSpectral,Walker2d-v4,0
107722,reward,2050,112.51213818110007,157.004,SF-P3O-NoSpectral,Walker2d-v4,0
107889,reward,2051,104.32228604004308,152.192,SF-P3O-NoSpectral,Walker2d-v4,0
108016,reward,2052,225.23569241856603,173.609,SF-P3O-NoSpectral,Walker2d-v4,0
108241,reward,2053,84.41298302903809,148.536,SF-P3O-NoSpectral,Walker2d-v4,0
108387,reward,2054,14.384894385865827,118.186,SF-P3O-NoSpectral,Walker2d-v4,0
108612,reward,2055,312.00947373761056,142.344,SF-P3O-NoSpectral,Walker2d-v4,0
108807,reward,2056,351.8803148802713,175.955,SF-P3O-NoSpectral,Walker2d-v4,0
108986,reward,2057,251.0735943838557,191.782,SF-P3O-NoSpectral,Walker2d-v4,0
109172,reward,2058,306.49510059184195,203.245,SF-P3O-NoSpectral,Walker2d-v4,0
109440,reward,2059,133.82729305467498,189.615,SF-P3O-NoSpectral,Walker2d-v4,0
109653,reward,2060,30.113150180749273,181.375,SF-P3O-NoSpectral,Walker2d-v4,0
109893,reward,2061,232.57364764929733,194.201,SF-P3O-NoSpectral,Walker2d-v4,0
110000,speed,559.49,3.69,SF-P3O-NoSpectral,Walker2d-v4,0
110116,reward,2062,114.32825807350284,183.11,SF-P3O-NoSpectral,Walker2d-v4,0
110292,reward,2063,43.30640419414241,178.999,SF-P3O-NoSpectral,Walker2d-v4,0
110368,reward,2064,60.726903756700644,183.633,SF-P3O-NoSpectral,Walker2d-v4,0
110543,reward,2065,127.02299717384862,165.135,SF-P3O-NoSpectral,Walker2d-v4,0
110878,reward,2066,156.32650598819563,145.579,SF-P3O-NoSpectral,Walker2d-v4,0
111143,reward,2067,385.0556405731901,158.978,SF-P3O-NoSpectral,Walker2d-v4,0
111304,reward,2068,290.25974736479566,157.354,SF-P3O-NoSpectral,Walker2d-v4,0
111435,reward,2069,201.64119954395622,164.135,SF-P3O-NoSpectral,Walker2d-v4,0
111605,reward,2070,94.16377132390605,170.541,SF-P3O-NoSpectral,Walker2d-v4,0
111799,reward,2071,42.216068688232696,151.505,SF-P3O-NoSpectral,Walker2d-v4,0
111997,reward,2072,41.98697364025027,144.271,SF-P3O-NoSpectral,Walker2d-v4,0
112098,reward,2073,79.38781349687532,147.879,SF-P3O-NoSpectral,Walker2d-v4,0
112241,reward,2074,228.33704984317242,164.64,SF-P3O-NoSpectral,Walker2d-v4,0
112386,reward,2075,220.45948315684217,173.983,SF-P3O-NoSpectral,Walker2d-v4,0
112545,reward,2076,57.759112435303415,164.127,SF-P3O-NoSpectral,Walker2d-v4,0
112780,reward,2077,108.45729297289192,136.467,SF-P3O-NoSpectral,Walker2d-v4,0
112935,reward,2078,253.61441482467436,132.802,SF-P3O-NoSpectral,Walker2d-v4,0
113142,reward,2079,138.43935723527485,126.482,SF-P3O-NoSpectral,Walker2d-v4,0
113280,reward,2080,7.074244442815473,117.773,SF-P3O-NoSpectral,Walker2d-v4,0
113511,reward,2081,150.47472258263346,128.599,SF-P3O-NoSpectral,Walker2d-v4,0
113774,reward,2082,123.62921821005882,136.763,SF-P3O-NoSpectral,Walker2d-v4,0
113960,reward,2083,279.58172800071554,156.783,SF-P3O-NoSpectral,Walker2d-v4,0
114149,reward,2084,60.22443308715004,139.971,SF-P3O-NoSpectral,Walker2d-v4,0
114360,reward,2085,277.7295401376367,145.698,SF-P3O-NoSpectral,Walker2d-v4,0
114529,reward,2086,29.970570424860842,142.92,SF-P3O-NoSpectral,Walker2d-v4,0
114688,loss,0.011963196098804474,0.34100186824798584,SF-P3O-NoSpectral,Walker2d-v4,0
114688,diagnostics,0.0,57.68,22.0928,0.02918,0.954411,0.3532,0.123614,SF-P3O-NoSpectral,Walker2d-v4,0
114888,reward,2087,266.4121667100457,158.715,SF-P3O-NoSpectral,Walker2d-v4,0
115076,reward,2088,279.6850672567589,161.322,SF-P3O-NoSpectral,Walker2d-v4,0
115277,reward,2089,330.779620870048,180.556,SF-P3O-NoSpectral,Walker2d-v4,0
115495,reward,2090,306.20292499577647,210.469,SF-P3O-NoSpectral,Walker2d-v4,0
115719,reward,2091,293.04859597734537,224.726,SF-P3O-NoSpectral,Walker2d-v4,0
115861,reward,2092,247.55234218419196,237.119,SF-P3O-NoSpectral,Walker2d-v4,0
116131,reward,2093,407.5951931479492,249.92,SF-P3O-NoSpectral,Walker2d-v4,0
116274,reward,2094,60.9562764939636,249.993,SF-P3O-NoSpectral,Walker2d-v4,0
116309,reward,2095,27.593866097314898,224.98,SF-P3O-NoSpectral,Walker2d-v4,0
116504,reward,2096,79.42181026635029,229.925,SF-P3O-NoSpectral,Walker2d-v4,0
116893,reward,2097,541.7324561109725,257.457,SF-P3O-NoSpectral,Walker2d-v4,0
117204,reward,2098,134.08058525392732,242.896,SF-P3O-NoSpectral,Walker2d-v4,0
117427,reward,2099,381.5555041552612,247.974,SF-P3O-NoSpectral,Walker2d-v4,0
117633,reward,2100,78.8442842627951,225.238,SF-P3O-NoSpectral,Walker2d-v4,0
117886,reward,2101,383.9312982999023,234.326,SF-P3O-NoSpectral,Walker2d-v4,0
118042,reward,2102,29.987970123424716,212.57,SF-P3O-NoSpectral,Walker2d-v4,0
118200,reward,2103,42.052612648307935,176.016,SF-P3O-NoSpectral,Walker2d-v4,0
118336,reward,2104,217.99659343816109,191.72,SF-P3O-NoSpectral,Walker2d-v4,0
118573,reward,2105,136.31539637661098,202.592,SF-P3O-NoSpectral,Walker2d-v4,0
118788,reward,2106,373.54221643529905,232.004,SF-P3O-NoSpectral,Walker2d-v4,0
118957,reward,2107,269.96061014967233,204.827,SF-P3O-NoSpectral,Walker2d-v4,0
119003,reward,2108,29.897424850045784,194.408,SF-P3O-NoSpectral,Walker2d-v4,0
119220,reward,2109,122.16400891171357,168.469,SF-P3O-NoSpectral,Walker2d-v4,0
119472,reward,2110,379.5549575785214,198.54,SF-P3O-NoSpectral,Walker2d-v4,0
119682,reward,2111,114.58822496670145,171.606,SF-P3O-NoSpectral,Walker2d-v4,0
119857,reward,2112,50.56090399549661,173.663,SF-P3O-NoSpectral,Walker2d-v4,0
119918,reward,2113,57.174027383906385,175.175,SF-P3O-NoSpectral,Walker2d-v4,0
120000,speed,532.64,4.0,SF-P3O-NoSpectral,Walker2d-v4,0
120076,reward,2114,32.19493075246356,156.595,SF-P3O-NoSpectral,Walker2d-v4,0
120257,reward,2115,81.21629664317356,151.085,SF-P3O-NoSpectral,Walker2d-v4,0
120465,reward,2116,56.16461824874697,119.348,SF-P3O-NoSpectral,Walker2d-v4,0
120590,reward,2117,50.33608216105001,97.385,SF-P3O-NoSpectral,Walker2d-v4,0
120729,reward,2118,63.319177245688216,100.727,SF-P3O-NoSpectral,Walker2d-v4,0
120964,reward,2119,294.07222966684424,117.918,SF-P3O-NoSpectral,Walker2d-v4,0
121243,reward,2120,421.2207359970505,122.085,SF-P3O-NoSpectral,Walker2d-v4,0
121392,reward,2121,241.351370972926,134.761,SF-P3O-NoSpectral,Walker2d-v4,0
121559,reward,2122,253.59307730951434,155.064,SF-P3O-NoSpectral,Walker2d-v4,0
121835,reward,2123,398.32390515521934,189.179,SF-P3O-NoSpectral,Walker2d-v4,0
121908,reward,2124,54.13982079175108,191.374,SF-P3O-NoSpectral,Walker2d-v4,0
122141,reward,2125,39.362487686705165,187.188,SF-P3O-NoSpectral,Walker2d-v4,0
122156,reward,2126,3.1770463842453758,181.89,SF-P3O-NoSpectral,Walker2d-v4,0
122302,reward,2127,55.578693650299016,182.414,SF-P3O-NoSpectral,Walker2d-v4,0
122577,reward,2128,165.42445948949182,192.624,SF-P3O-NoSpectral,Walker2d-v4,0
122804,reward,2129,112.7265855025768,174.49,SF-P3O-NoSpectral,Walker2d-v4,0
122880,loss,-0.1677180379629135,0.4105255901813507,SF-P3O-NoSpectral,Walker2d-v4,0
123068,reward,2130,425.1085714304709,174.879,SF-P3O-NoSpectral,Walker2d-v4,0
123201,reward,2131,234.90258465834657,174.234,SF-P3O-NoSpectral,Walker2d-v4,0
123353,reward,2132,51.63894090197786,154.038,SF-P3O-NoSpectral,Walker2d-v4,0
123563,reward,2133,51.84090432916616,119.39,SF-P3O-NoSpectral,Walker2d-v4,0
123750,reward,2134,45.20291238816132,118.496,SF-P3O-NoSpectral,Walker2d-v4,0
123916,reward,2135,-14.847559136673683,113.075,SF-P3O-NoSpectral,Walker2d-v4,0
124112,reward,2136,339.00038969166894,146.658,SF-P3O-NoSpectral,Walker2d-v4,0
124277,reward,2137,234.5497195798141,164.555,SF-P3O-NoSpectral,Walker2d-v4,0
124744,reward,2138,299.2458042977124,177.937,SF-P3O-NoSpectral,Walker2d-v4,0
125023,reward,2139,114.62941504315057,178.127,SF-P3O-NoSpectral,Walker2d-v4,0
125174,reward,2140,245.57915411683018,160.174,SF-P3O-NoSpectral,Walker2d-v4,0
125334,reward,2141,287.93568587479155,165.478,SF-P3O-NoSpectral,Walker2d-v4,0
125435,reward,2142,157.48094749198546,176.062,SF-P3O-NoSpectral,Walker2d-v4,0
125569,reward,2143,129.60178066696318,183.838,SF-P3O-NoSpectral,Walker2d-v4,0
125811,reward,2144,68.79165618265932,186.197,SF-P3O-NoSpectral,Walker2d-v4,0
126041,reward,2145,337.5451899586379,221.436,SF-P3O-NoSpectral,Walker2d-v4,0
126167,reward,2146,70.17244196339995,194.553,SF-P3O-NoSpectral,Walker2d-v4,0
126375,reward,2147,20.172166966847445,173.115,SF-P3O-NoSpectral,Walker2d-v4,0
126520,reward,2148,-11.791443637445061,142.012,SF-P3O-NoSpectral,Walker2d-v4,0
126695,reward,2149,287.8284248793578,159.332,SF-P3O-NoSpectral,Walker2d-v4,0
126985,reward,2150,414.172639074559,176.191,SF-P3O-NoSpectral,Walker2d-v4,0
127400,reward,2151,122.84643473619651,159.682,SF-P3O-NoSpectral,Walker2d-v4,0
127718,reward,2152,99.82382015492867,153.916,SF-P3O-NoSpectral,Walker2d-v4,0
128096,reward,2153,175.09564753618034,158.466,SF-P3O-NoSpectral,Walker2d-v4,0
128243,reward,2154,265.08796815725105,178.095,SF-P3O-NoSpectral,Walker2d-v4,0
128504,reward,2155,386.6370960346957,183.005,SF-P3O-NoSpectral,Walker2d-v4,0
128636,reward,2156,210.65943036277477,197.053,SF-P3O-NoSpectral,Walker2d-v4,0
128834,reward,2157,90.32531327729572,204.069,SF-P3O-NoSpectral,Walker2d-v4,0
129191,reward,2158,409.1332906222784,246.161,SF-P3O-NoSpectral,Walker2d-v4,0
129361,reward,2159,301.99408830843095,247.578,SF-P3O-NoSpectral,Walker2d-v4,0
129527,reward,2160,268.931881557993,233.053,SF-P3O-NoSpectral,Walker2d-v4,0
129612,reward,2161,56.890360360228485,226.458,SF-P3O-NoSpectral,Walker2d-v4,0
129753,reward,2162,255.89685359137835,242.065,SF-P3O-NoSpectral,Walker2d-v4,0
129949,reward,2163,-5.088961163322093,224.047,SF-P3O-NoSpectral,Walker2d-v4,0
130000,speed,551.4,4.31,SF-P3O-NoSpectral,Walker2d-v4,0
130173,reward,2164,93.60715325791635,206.899,SF-P3O-NoSpectral,Walker2d-v4,0
130658,reward,2165,529.9518548877098,221.23,SF-P3O-NoSpectral,Walker2d-v4,0
130962,reward,2166,239.43985877595193,224.108,SF-P3O-NoSpectral,Walker2d-v4,0
131072,loss,0.004965821281075478,0.2829047441482544,SF-P3O-NoSpectral,Walker2d-v4,0
131072,diagnostics,0.0,57.97,9.0259,0.030943,0.953092,0.4138,0.116286,SF-P3O-NoSpectral,Walker2d-v4,0
131204,reward,2167,335.0700241744264,248.583,SF-P3O-NoSpectral,Walker2d-v4,0
131449,reward,2168,399.42324770039204,247.612,SF-P3O-NoSpectral,Walker2d-v4,0
131590,reward,2169,240.28287029709276,241.441,SF-P3O-NoSpectral,Walker2d-v4,0
131814,reward,2170,103.93410764488102,224.941,SF-P3O-NoSpectral,Walker2d-v4,0
132012,reward,2171,278.7367142516632,247.125,SF-P3O-NoSpectral,Walker2d-v4,0
132203,reward,2172,45.337909844241814,226.069,SF-P3O-NoSpectral,Walker2d-v4,0
132512,reward,2173,436.12332689438614,270.191,SF-P3O-NoSpectral,Walker2d-v4,0
132653,reward,2174,244.63120003846103,285.293,SF-P3O-NoSpectral,Walker2d-v4,0
132819,reward,2175,16.774137912193087,233.975,SF-P3O-NoSpectral,Walker2d-v4,0
133027,reward,2176,269.2266085786421,236.954,SF-P3O-NoSpectral,Walker2d-v4,0
133276,reward,2177,151.79632569620213,218.627,SF-P3O-NoSpectral,Walker2d-v4,0
133446,reward,2178,82.71445904769392,186.956,SF-P3O-NoSpectral,Walker2d-v4,0
133724,reward,2179,396.6113777790262,202.589,SF-P3O-NoSpectral,Walker2d-v4,0
133772,reward,2180,38.064709594962835,196.002,SF-P3O-NoSpectral,Walker2d-v4,0
133926,reward,2181,64.22631426671336,174.551,SF-P3O-NoSpectral,Walker2d-v4,0
134166,reward,2182,117.99024341505189,181.816,SF-P3O-NoSpectral,Walker2d-v4,0
134279,reward,2183,74.9963347953206,145.703,SF-P3O-NoSpectral,Walker2d-v4,0
134386,reward,2184,14.423721275736773,122.682,SF-P3O-NoSpectral,Walker2d-v4,0
134531,reward,2185,35.12189463167345,124.517,SF-P3O-NoSpectral,Walker2d-v4,0
134709,reward,2186,65.90003005428056,104.185,SF-P3O-NoSpectral,Walker2d-v4,0
134918,reward,2187,84.5955634154217,97.464,SF-P3O-NoSpectral,Walker2d-v4,0
135028,reward,2188,73.44635614353552,96.538,SF-P3O-NoSpectral,Walker2d-v4,0
135158,reward,2189,212.05823277628437,78.082,SF-P3O-NoSpectral,Walker2d-v4,0
135435,reward,2190,405.51675108124687,114.828,SF-P3O-NoSpectral,Walker2d-v4,0
135582,reward,2191,24.904512187292532,110.895,SF-P3O-NoSpectral,Walker2d-v4,0
135808,reward,2192,375.6598698495262,136.662,SF-P3O-NoSpectral,Walker2d-v4,0
135973,reward,2193,236.44622915545358,152.807,SF-P3O-NoSpectral,Walker2d-v4,0
136166,reward,2194,73.77966423187173,158.743,SF-P3O-NoSpectral,Walker2d-v4,0
136408,reward,2195,344.2662659033323,189.657,SF-P3O-NoSpectral,Walker2d-v4,0
136535,reward,2196,183.25454737256905,201.393,SF-P3O-NoSpectral,Walker2d-v4,0
136729,reward,2197,244.04570932806024,217.338,SF-P3O-NoSpectral,Walker2d-v4,0
136913,reward,2198,339.00663316253394,243.894,SF-P3O-NoSpectral,Walker2d-v4,0
137100,reward,2199,102.86229742746553,232.974,SF-P3O-NoSpectral,Walker2d-v4,0
137224,reward,2200,47.25884378233811,197.148,SF-P3O-NoSpectral,Walker2d-v4,0
137417,reward,2201,272.2114222592636,221.879,SF-P3O-NoSpectral,Walker2d-v4,0
137595,reward,2202,293.5010677831566,213.663,SF-P3O-NoSpectral,Walker2d-v4,0
137767,reward,2203,43.113192004313404,194.33,SF-P3O-NoSpectral,Walker2d-v4,0
137969,reward,2204,312.1190522085228,218.164,SF-P3O-NoSpectral,Walker2d-v4,0
138263,reward,2205,159.06175711294094,199.643,SF-P3O-NoSpectral,Walker2d-v4,0
138329,reward,2206,51.78385280651436,186.496,SF-P3O-NoSpectral,Walker2d-v4,0
138471,reward,2207,244.34078113985075,186.526,SF-P3O-NoSpectral,Walker2d-v4,0
138685,reward,2208,59.80085719199899,158.605,SF-P3O-NoSpectral,Walker2d-v4,0
138826,reward,2209,244.565080839014,172.776,SF-P3O-NoSpectral,Walker2d-v4,0
139065,reward,2210,299.6075856417214,198.01,SF-P3O-NoSpectral,Walker2d-v4,0
139247,reward,2211,101.65257659097198,180.955,SF-P3O-NoSpectral,Walker2d-v4,0
139264,loss,-0.040143344551324844,0.28371521830558777,SF-P3O-NoSpectral,Walker2d-v4,0
139550,reward,2212,175.30020511916075,169.134,SF-P3O-NoSpectral,Walker2d-v4,0
139680,reward,2213,55.412147043392046,170.364,SF-P3O-NoSpectral,Walker2d-v4,0
139821,reward,2214,222.30984535957396,161.383,SF-P3O-NoSpectral,Walker2d-v4,0
140000,speed,371.34,4.75,SF-P3O-NoSpectral,Walker2d-v4,0
140004,reward,2215,292.1968672596123,174.697,SF-P3O-NoSpectral,Walker2d-v4,0
140340,reward,2216,178.45832534358726,187.364,SF-P3O-NoSpectral,Walker2d-v4,0
140501,reward,2217,58.35575744484445,168.766,SF-P3O-NoSpectral,Walker2d-v4,0
140841,reward,2218,139.109029431595,176.697,SF-P3O-NoSpectral,Walker2d-v4,0
141018,reward,2219,116.0038750721882,163.841,SF-P3O-NoSpectral,Walker2d-v4,0
141303,reward,2220,400.7381539021876,173.954,SF-P3O-NoSpectral,Walker2d-v4,0
141565,reward,2221,108.8457742777739,174.673,SF-P3O-NoSpectral,Walker2d-v4,0
141738,reward,2222,75.628021589077,164.706,SF-P3O-NoSpectral,Walker2d-v4,0
141902,reward,2223,75.302423922571,166.695,SF-P3O-NoSpectral,Walker2d-v4,0
142152,reward,2224,141.62319432061392,158.626,SF-P3O-NoSpectral,Walker2d-v4,0
142373,reward,2225,329.09374221652814,162.316,SF-P3O-NoSpectral,Walker2d-v4,0
142553,reward,2226,313.5440491029897,175.824,SF-P3O-NoSpectral,Walker2d-v4,0
142744,reward,2227,327.2536691671629,202.714,SF-P3O-NoSpectral,Walker2d-v4,0
142921,reward,2228,288.6000449302534,217.663,SF-P3O-NoSpectral,Walker2d-v4,0
143032,reward,2229,29.205075603872814,208.983,SF-P3O-NoSpectral,Walker2d-v4,0
143273,reward,2230,73.45903955315832,176.256,SF-P3O-NoSpectral,Walker2d-v4,0
143422,reward,2231,234.48532912203078,188.819,SF-P3O-NoSpectral,Walker2d-v4,0
143794,reward,2232,420.1829210585984,223.275,SF-P3O-NoSpectral,Walker2d-v4,0
143952,reward,2233,258.94567574829387,241.639,SF-P3O-NoSpectral,Walker2d-v4,0
144207,reward,2234,200.47244498642095,247.524,SF-P3O-NoSpectral,Walker2d-v4,0
144347,reward,2235,228.29444233098477,237.444,SF-P3O-NoSpectral,Walker2d-v4,0
144594,reward,2236,104.98107879343544,216.588,SF-P3O-NoSpectral,Walker2d-v4,0
144781,reward,2237,288.8353577857537,212.746,SF-P3O-NoSpectral,Walker2d-v4,0
145133,reward,2238,392.2540862375622,223.112,SF-P3O-NoSpectral,Walker2d-v4,0
145364,reward,2239,314.71306513813613,251.662,SF-P3O-NoSpectral,Walker2d-v4,0
145542,reward,2240,313.16050512135007,275.632,SF-P3O-NoSpectral,Walker2d-v4,0
145708,reward,2241,281.625640169741,280.347,SF-P3O-NoSpectral,Walker2d-v4,0
145898,reward,2242,304.45531787385147,268.774,SF-P3O-NoSpectral,Walker2d-v4,0
146343,reward,2243,258.50843405253846,268.73,SF-P3O-NoSpectral,Walker2d-v4,0
146585,reward,2244,169.77090985793075,265.66,SF-P3O-NoSpectral,Walker2d-v4,0
146772,reward,2245,315.81737647800765,274.412,SF-P3O-NoSpectral,Walker2d-v4,0
146915,reward,2246,248.73985723834582,288.788,SF-P3O-NoSpectral,Walker2d-v4,0
147035,reward,2247,29.20722009938298,262.825,SF-P3O-NoSpectral,Walker2d-v4,0
147168,reward,2248,236.25957684038366,247.226,SF-P3O-NoSpectral,Walker2d-v4,0
147349,reward,2249,309.86722495801416,246.741,SF-P3O-NoSpectral,Walker2d-v4,0
147456,loss,-0.024825233966112137,0.49170318245887756,SF-P3O-NoSpectral,Walker2d-v4,0
147456,diagnostics,0.0,58.21,18.5715,0.032083,0.953105,0.4508,0.113515,SF-P3O-NoSpectral,Walker2d-v4,0
147607,reward,2250,389.1226256994053,254.337,SF-P3O-NoSpectral,Walker2d-v4,0
147764,reward,2251,117.08891462675324,237.884,SF-P3O-NoSpectral,Walker2d-v4,0
147893,reward,2252,204.94677214859036,227.933,SF-P3O-NoSpectral,Walker2d-v4,0
148029,reward,2253,239.01852732008325,225.984,SF-P3O-NoSpectral,Walker2d-v4,0
148169,reward,2254,91.60357210661014,218.167,SF-P3O-NoSpectral,Walker2d-v4,0
148303,reward,2255,234.1548413779098,210.001,SF-P3O-NoSpectral,Walker2d-v4,0
148438,reward,2256,280.6926726965417,213.196,SF-P3O-NoSpectral,Walker2d-v4,0
148654,reward,2257,140.3014707738487,224.306,SF-P3O-NoSpectral,Walker2d-v4,0
148816,reward,2258,268.3787947322577,227.518,SF-P3O-NoSpectral,Walker2d-v4,0
148992,reward,2259,278.78871125266875,224.41,SF-P3O-NoSpectral,Walker2d-v4,0
149101,reward,2260,35.48673337796637,189.046,SF-P3O-NoSpectral,Walker2d-v4,0
149195,reward,2261,39.32807379755378,181.27,SF-P3O-NoSpectral,Walker2d-v4,0
149368,reward,2262,262.7465665638518,187.05,SF-P3O-NoSpectral,Walker2d-v4,0
149758,reward,2263,434.92930713278577,206.641,SF-P3O-NoSpectral,Walker2d-v4,0
149933,reward,2264,226.60752524322058,220.141,SF-P3O-NoSpectral,Walker2d-v4,0
150000,speed,549.66,5.06,SF-P3O-NoSpectral,Walker2d-v4,0
150000,perturb,0.0328,0.952819,0.4508,36608,31238,0.273289,3,SF-P3O-NoSpectral,Walker2d-v4,0
150066,reward,2265,22.556853120677264,198.982,SF-P3O-NoSpectral,Walker2d-v4,0
150116,reward,2266,33.529313766518825,174.265,SF-P3O-NoSpectral,Walker2d-v4,0
150263,reward,2267,254.00571605522683,185.636,SF-P3O-NoSpectral,Walker2d-v4,0
150471,reward,2268,74.69949659632906,166.268,SF-P3O-NoSpectral,Walker2d-v4,0
150696,reward,2269,355.48158086777954,173.937,SF-P3O-NoSpectral,Walker2d-v4,0
150824,reward,2270,237.42560157563457,194.131,SF-P3O-NoSpectral,Walker2d-v4,0
150998,reward,2271,315.9710045899717,221.795,SF-P3O-NoSpectral,Walker2d-v4,0
151228,reward,2272,94.32986427207864,204.954,SF-P3O-NoSpectral,Walker2d-v4,0
151434,reward,2273,81.86583828814557,169.647,SF-P3O-NoSpectral,Walker2d-v4,0
151597,reward,2274,300.24513304680835,177.011,SF-P3O-NoSpectral,Walker2d-v4,0
151880,reward,2275,155.46076359090785,190.301,SF-P3O-NoSpectral,Walker2d-v4,0
152020,reward,2276,218.3397139632624,208.782,SF-P3O-NoSpectral,Walker2d-v4,0
152126,reward,2277,172.63710050365165,200.646,SF-P3O-NoSpectral,Walker2d-v4,0
152281,reward,2278,266.615075121715,219.837,SF-P3O-NoSpectral,Walker2d-v4,0
152509,reward,2279,353.4759873300938,219.637,SF-P3O-NoSpectral,Walker2d-v4,0
152862,reward,2280,478.74018612423316,243.768,SF-P3O-NoSpectral,Walker2d-v4,0
153107,reward,2281,302.0267767099793,242.374,SF-P3O-NoSpectral,Walker2d-v4,0
153269,reward,2282,291.20836525077317,262.061,SF-P3O-NoSpectral,Walker2d-v4,0
153371,reward,2283,65.57737457060443,260.433,SF-P3O-NoSpectral,Walker2d-v4,0
153461,reward,2284,44.33685901833168,234.842,SF-P3O-NoSpectral,Walker2d-v4,0
153670,reward,2285,340.74696297141014,253.37,SF-P3O-NoSpectral,Walker2d-v4,0
153759,reward,2286,75.10145048202949,239.047,SF-P3O-NoSpectral,Walker2d-v4,0
153993,reward,2287,124.59504514953174,234.242,SF-P3O-NoSpectral,Walker2d-v4,0
154130,reward,2288,250.87716430696545,232.669,SF-P3O-NoSpectral,Walker2d-v4,0
154250,reward,2289,38.70793861905716,201.192,SF-P3O-NoSpectral,Walker2d-v4,0
154358,reward,2290,206.6884457288491,173.987,SF-P3O-NoSpectral,Walker2d-v4,0
154467,reward,2291,193.25387343861084,163.109,SF-P3O-NoSpectral,Walker2d-v4,0
154611,reward,2292,241.35808726386756,158.124,SF-P3O-NoSpectral,Walker2d-v4,0
154764,reward,2293,253.57095482588966,176.924,SF-P3O-NoSpectral,Walker2d-v4,0
155132,reward,2294,385.5725477332754,211.047,SF-P3O-NoSpectral,Walker2d-v4,0
155311,reward,2295,268.109719021331,203.784,SF-P3O-NoSpectral,Walker2d-v4,0
155402,reward,2296,58.0993726215506,202.083,SF-P3O-NoSpectral,Walker2d-v4,0
155648,loss,-0.0553068108856678,0.6200388669967651,SF-P3O-NoSpectral,Walker2d-v4,0
155683,reward,2297,169.97889724329147,206.622,SF-P3O-NoSpectral,Walker2d-v4,0
155798,reward,2298,218.9343199524217,203.427,SF-P3O-NoSpectral,Walker2d-v4,0
155998,reward,2299,98.63398886144068,209.42,SF-P3O-NoSpectral,Walker2d-v4,0
156339,reward,2300,366.5141853271536,225.403,SF-P3O-NoSpectral,Walker2d-v4,0
156533,reward,2301,301.20968581096173,236.198,SF-P3O-NoSpectral,Walker2d-v4,0
156690,reward,2302,235.89797971118037,235.652,SF-P3O-NoSpectral,Walker2d-v4,0
156899,reward,2303,109.99250781758754,221.294,SF-P3O-NoSpectral,Walker2d-v4,0
157268,reward,2304,200.8946484987203,202.827,SF-P3O-NoSpectral,Walker2d-v4,0
157645,reward,2305,217.39781170199714,197.755,SF-P3O-NoSpectral,Walker2d-v4,0
157799,reward,2306,256.185044869679,217.564,SF-P3O-NoSpectral,Walker2d-v4,0
158011,reward,2307,332.7610203152374,233.842,SF-P3O-NoSpectral,Walker2d-v4,0
158195,reward,2308,310.7236876012192,243.021,SF-P3O-NoSpectral,Walker2d-v4,0
158331,reward,2309,107.02803721137037,243.86,SF-P3O-NoSpectral,Walker2d-v4,0
158470,reward,2310,98.12319629130363,217.021,SF-P3O-NoSpectral,Walker2d-v4,0
158614,reward,2311,92.02624156154289,196.103,SF-P3O-NoSpectral,Walker2d-v4,0
158831,reward,2312,120.37870595821049,184.551,SF-P3O-NoSpectral,Walker2d-v4,0
158967,reward,2313,65.27770040361524,180.08,SF-P3O-NoSpectral,Walker2d-v4,0
159282,reward,2314,487.7240085687491,208.763,SF-P3O-NoSpectral,Walker2d-v4,0
159512,reward,2315,76.36948174417456,194.66,SF-P3O-NoSpectral,Walker2d-v4,0
159674,reward,2316,231.82217918996753,192.223,SF-P3O-NoSpectral,Walker2d-v4,0
159858,reward,2317,349.22765093614413,193.87,SF-P3O-NoSpectral,Walker2d-v4,0
160000,speed,537.02,5.37,SF-P3O-NoSpectral,Walker2d-v4,0
160024,reward,2318,313.60244549036975,194.158,SF-P3O-NoSpectral,Walker2d-v4,0
160149,reward,2319,230.6331969134539,206.518,SF-P3O-NoSpectral,Walker2d-v4,0
160298,reward,2320,238.22937662193482,220.529,SF-P3O-NoSpectral,Walker2d-v4,0
160390,reward,2321,160.9512619116707,227.422,SF-P3O-NoSpectral,Walker2d-v4,0
160540,reward,2322,200.25476708785592,235.409,SF-P3O-NoSpectral,Walker2d-v4,0
160640,reward,2323,163.08562941746814,245.19,SF-P3O-NoSpectral,Walker2d-v4,0
160781,reward,2324,288.3650420660802,225.254,SF-P3O-NoSpectral,Walker2d-v4,0
160898,reward,2325,229.6695816439589,240.584,SF-P3O-NoSpectral,Walker2d-v4,0
161168,reward,2326,139.70364247671162,231.372,SF-P3O-NoSpectral,Walker2d-v4,0
161291,reward,2327,216.88650825331234,218.138,SF-P3O-NoSpectral,Walker2d-v4,0
161509,reward,2328,116.43766169736816,198.422,SF-P3O-NoSpectral,Walker2d-v4,0
161677,reward,2329,273.7180149078934,202.73,SF-P3O-NoSpectral,Walker2d-v4,0
161873,reward,2330,314.5638167637241,210.364,SF-P3O-NoSpectral,Walker2d-v4,0
162145,reward,2331,30.338304282642007,197.302,SF-P3O-NoSpectral,Walker2d-v4,0
162377,reward,2332,411.0046833013285,218.377,SF-P3O-NoSpectral,Walker2d-v4,0
162858,reward,2333,357.7260189621725,237.841,SF-P3O-NoSpectral,Walker2d-v4,0
162981,reward,2334,73.44823028768148,216.35,SF-P3O-NoSpectral,Walker2d-v4,0
163339,reward,2335,163.6044086640428,209.743,SF-P3O-NoSpectral,Walker2d-v4,0
163615,reward,2336,92.75341410981103,205.048,SF-P3O-NoSpectral,Walker2d-v4,0
163840,loss,-0.046629488468170166,0.42598938941955566,SF-P3O-NoSpectral,Walker2d-v4,0
163840,diagnostics,0.0,59.54,14.0084,0.034132,0.95244,0.4998,0.123621,SF-P3O-NoSpectral,Walker2d-v4,0
163929,reward,2337,415.9533121579067,224.955,SF-P3O-NoSpectral,Walker2d-v4,0
164222,reward,2338,443.32166816538034,257.643,SF-P3O-NoSpectral,Walker2d-v4,0
164427,reward,2339,354.1278015971083,265.684,SF-P3O-NoSpectral,Walker2d-v4,0
164542,reward,2340,210.86549670716758,255.314,SF-P3O-NoSpectral,Walker2d-v4,0
164699,reward,2341,41.95460814344988,256.476,SF-P3O-NoSpectral,Walker2d-v4,0
164907,reward,2342,74.21311800708207,222.797,SF-P3O-NoSpectral,Walker2d-v4,0
165077,reward,2343,242.56046006618462,211.28,SF-P3O-NoSpectral,Walker2d-v4,0
165364,reward,2344,95.36430421756425,213.472,SF-P3O-NoSpectral,Walker2d-v4,0
165544,reward,2345,267.3565614656568,223.847,SF-P3O-NoSpectral,Walker2d-v4,0
165696,reward,2346,72.19605853430859,221.791,SF-P3O-NoSpectral,Walker2d-v4,0
165861,reward,2347,264.2895558656675,206.625,SF-P3O-NoSpectral,Walker2d-v4,0
166147,reward,2348,402.79731756756854,202.573,SF-P3O-NoSpectral,Walker2d-v4,0
166304,reward,2349,258.68607495201445,193.028,SF-P3O-NoSpectral,Walker2d-v4,0
166673,reward,2350,196.75310588930768,191.617,SF-P3O-NoSpectral,Walker2d-v4,0
166900,reward,2351,128.82344268965892,200.304,SF-P3O-NoSpectral,Walker2d-v4,0
167416,reward,2352,532.7540687498853,246.158,SF-P3O-NoSpectral,Walker2d-v4,0
167442,reward,2353,16.885436221677054,223.591,SF-P3O-NoSpectral,Walker2d-v4,0
167597,reward,2354,293.89808081646623,243.444,SF-P3O-NoSpectral,Walker2d-v4,0
167956,reward,2355,458.7271943855271,262.581,SF-P3O-NoSpectral,Walker2d-v4,0
168200,reward,2356,353.7295272352612,290.734,SF-P3O-NoSpectral,Walker2d-v4,0
168688,reward,2357,341.24314598967555,298.43,SF-P3O-NoSpectral,Walker2d-v4,0
168895,reward,2358,306.13964669434546,288.764,SF-P3O-NoSpectral,Walker2d-v4,0
169029,reward,2359,238.77388141567315,286.773,SF-P3O-NoSpectral,Walker2d-v4,0
169239,reward,2360,313.94952888659907,298.492,SF-P3O-NoSpectral,Walker2d-v4,0
169584,reward,2361,372.0697517784572,322.817,SF-P3O-NoSpectral,Walker2d-v4,0
169724,reward,2362,272.45719200187506,296.787,SF-P3O-NoSpectral,Walker2d-v4,0
169863,reward,2363,72.5475982484625,302.354,SF-P3O-NoSpectral,Walker2d-v4,0
170000,speed,538.66,5.68,SF-P3O-NoSpectral,Walker2d-v4,0
170208,reward,2364,470.8251201093959,320.046,SF-P3O-NoSpectral,Walker2d-v4,0
170409,reward,2365,345.26440608590354,308.7,SF-P3O-NoSpectral,Walker2d-v4,0
170619,reward,2366,314.3778370324567,304.765,SF-P3O-NoSpectral,Walker2d-v4,0
170922,reward,2367,228.44298581559414,293.485,SF-P3O-NoSpectral,Walker2d-v4,0
171183,reward,2368,155.36009274242852,278.407,SF-P3O-NoSpectral,Walker2d-v4,0
171510,reward,2369,480.38997765235155,302.568,SF-P3O-NoSpectral,Walker2d-v4,0
171856,reward,2370,184.75960254771158,289.649,SF-P3O-NoSpectral,Walker2d-v4,0
172032,loss,-0.013634099625051022,0.5233060717582703,SF-P3O-NoSpectral,Walker2d-v4,0
172116,reward,2371,423.31670352494945,294.774,SF-P3O-NoSpectral,Walker2d-v4,0
172229,reward,2372,44.752371646054726,272.004,SF-P3O-NoSpectral,Walker2d-v4,0
172349,reward,2373,218.7312955176051,286.622,SF-P3O-NoSpectral,Walker2d-v4,0
172471,reward,2374,239.1343308688736,263.453,SF-P3O-NoSpectral,Walker2d-v4,0
172736,reward,2375,491.2448290430391,278.051,SF-P3O-NoSpectral,Walker2d-v4,0
172874,reward,2376,243.5646888570992,270.97,SF-P3O-NoSpectral,Walker2d-v4,0
173031,reward,2377,215.937602412759,269.719,SF-P3O-NoSpectral,Walker2d-v4,0
173396,reward,2378,351.0493642134785,289.288,SF-P3O-NoSpectral,Walker2d-v4,0
173591,reward,2379,296.0879769742368,270.858,SF-P3O-NoSpectral,Walker2d-v4,0
173665,reward,2380,41.30356550023079,256.512,SF-P3O-NoSpectral,Walker2d-v4,0
173820,reward,2381,251.288635207928,239.309,SF-P3O-NoSpectral,Walker2d-v4,0
173986,reward,2382,281.11307675221786,262.946,SF-P3O-NoSpectral,Walker2d-v4,0
174212,reward,2383,139.9709563588609,255.07,SF-P3O-NoSpectral,Walker2d-v4,0
174419,reward,2384,388.1606528984762,269.972,SF-P3O-NoSpectral,Walker2d-v4,0
174638,reward,2385,55.8923382685999,226.437,SF-P3O-NoSpectral,Walker2d-v4,0
174857,reward,2386,105.41110883390209,212.622,SF-P3O-NoSpectral,Walker2d-v4,0
175080,reward,2387,78.67605893003395,198.895,SF-P3O-NoSpectral,Walker2d-v4,0
175214,reward,2388,226.07614791677724,186.398,SF-P3O-NoSpectral,Walker2d-v4,0
175385,reward,2389,235.9694064146575,180.386,SF-P3O-NoSpectral,Walker2d-v4,0
175533,reward,2390,239.2434655460241,200.18,SF-P3O-NoSpectral,Walker2d-v4,0
175667,reward,2391,237.56304338991941,198.808,SF-P3O-NoSpectral,Walker2d-v4,0
175878,reward,2392,56.14055992535418,176.31,SF-P3O-NoSpectral,Walker2d-v4,0
176038,reward,2393,262.6679170687976,188.58,SF-P3O-NoSpectral,Walker2d-v4,0
176253,reward,2394,309.5571853017367,180.72,SF-P3O-NoSpectral,Walker2d-v4,0
176443,reward,2395,294.94789551934144,204.625,SF-P3O-NoSpectral,Walker2d-v4,0
176615,reward,2396,276.03860417515153,221.688,SF-P3O-NoSpectral,Walker2d-v4,0
176777,reward,2397,296.3111162984137,243.452,SF-P3O-NoSpectral,Walker2d-v4,0
177041,reward,2398,430.0054455510758,263.844,SF-P3O-NoSpectral,Walker2d-v4,0
177369,reward,2399,466.8423634504174,286.932,SF-P3O-NoSpectral,Walker2d-v4,0
177540,reward,2400,293.60089250761285,292.368,SF-P3O-NoSpectral,Walker2d-v4,0
177713,reward,2401,283.794422350624,296.991,SF-P3O-NoSpectral,Walker2d-v4,0
177891,reward,2402,263.9870450349993,317.775,SF-P3O-NoSpectral,Walker2d-v4,0
178080,reward,2403,279.8986576830497,319.498,SF-P3O-NoSpectral,Walker2d-v4,0
178180,reward,2404,26.777411511155716,291.22,SF-P3O-NoSpectral,Walker2d-v4,0
178345,reward,2405,286.38655463351773,290.364,SF-P3O-NoSpectral,Walker2d-v4,0
178551,reward,2406,334.3051604179469,296.191,SF-P3O-NoSpectral,Walker2d-v4,0
178964,reward,2407,484.2371850613364,314.984,SF-P3O-NoSpectral,Walker2d-v4,0
179100,reward,2408,223.4842975173842,294.331,SF-P3O-NoSpectral,Walker2d-v4,0
179287,reward,2409,86.40986360445932,256.288,SF-P3O-NoSpectral,Walker2d-v4,0
179529,reward,2410,392.3061131723715,266.159,SF-P3O-NoSpectral,Walker2d-v4,0
179665,reward,2411,259.59240222825804,263.738,SF-P3O-NoSpectral,Walker2d-v4,0
179839,reward,2412,280.4499792430757,265.385,SF-P3O-NoSpectral,Walker2d-v4,0
179995,reward,2413,284.00509776763425,265.795,SF-P3O-NoSpectral,Walker2d-v4,0
180000,speed,553.66,5.98,SF-P3O-NoSpectral,Walker2d-v4,0
180202,reward,2414,343.91775569166555,297.509,SF-P3O-NoSpectral,Walker2d-v4,0
180224,loss,-0.11518692970275879,0.3258565068244934,SF-P3O-NoSpectral,Walker2d-v4,0
180224,diagnostics,0.0,59.81,15.1102,0.035452,0.952397,0.5412,0.119494,SF-P3O-NoSpectral,Walker2d-v4,0
180478,reward,2415,401.8370081917237,309.054,SF-P3O-NoSpectral,Walker2d-v4,0
180616,reward,2416,249.77622888761695,300.602,SF-P3O-NoSpectral,Walker2d-v4,0
180820,reward,2417,305.1453164349261,282.692,SF-P3O-NoSpectral,Walker2d-v4,0
181029,reward,2418,319.68757630953746,292.313,SF-P3O-NoSpectral,Walker2d-v4,0
181199,reward,2419,292.5121354117959,312.923,SF-P3O-NoSpectral,Walker2d-v4,0
181220,reward,2420,10.760202068092669,274.768,SF-P3O-NoSpectral,Walker2d-v4,0
181355,reward,2421,222.95822157419934,271.105,SF-P3O-NoSpectral,Walker2d-v4,0
181720,reward,2422,210.7249291709609,264.132,SF-P3O-NoSpectral,Walker2d-v4,0
181864,reward,2423,248.64853840899036,260.597,SF-P3O-NoSpectral,Walker2d-v4,0
182066,reward,2424,358.5034610091593,262.055,SF-P3O-NoSpectral,Walker2d-v4,0
182185,reward,2425,185.29324572263775,240.401,SF-P3O-NoSpectral,Walker2d-v4,0
182360,reward,2426,270.64546883260033,242.488,SF-P3O-NoSpectral,Walker2d-v4,0
182508,reward,2427,271.55275396635153,239.129,SF-P3O-NoSpectral,Walker2d-v4,0
182768,reward,2428,415.28849074319874,248.689,SF-P3O-NoSpectral,Walker2d-v4,0
183077,reward,2429,162.66816402808033,235.704,SF-P3O-NoSpectral,Walker2d-v4,0
183294,reward,2430,332.3456473960685,267.863,SF-P3O-NoSpectral,Walker2d-v4,0
183562,reward,2431,194.1162521756544,264.979,SF-P3O-NoSpectral,Walker2d-v4,0
183685,reward,2432,240.3972403862687,267.946,SF-P3O-NoSpectral,Walker2d-v4,0
183953,reward,2433,381.2821285520423,281.209,SF-P3O-NoSpectral,Walker2d-v4,0
184136,reward,2434,284.2205708445783,273.781,SF-P3O-NoSpectral,Walker2d-v4,0
184330,reward,2435,340.13176973993035,289.265,SF-P3O-NoSpectral,Walker2d-v4,0
184442,reward,2436,12.9869073556886,263.499,SF-P3O-NoSpectral,Walker2d-v4,0
184605,reward,2437,251.5285063673614,261.497,SF-P3O-NoSpectral,Walker2d-v4,0
184731,reward,2438,203.08066377020944,240.276,SF-P3O-NoSpectral,Walker2d-v4,0
184965,reward,2439,356.44999656326917,259.654,SF-P3O-NoSpectral,Walker2d-v4,0
185418,reward,2440,304.2189129503416,256.841,SF-P3O-NoSpectral,Walker2d-v4,0
185596,reward,2441,60.14451625226296,243.444,SF-P3O-NoSpectral,Walker2d-v4,0
185915,reward,2442,516.0598577228442,271.01,SF-P3O-NoSpectral,Walker2d-v4,0
186083,reward,2443,269.63424397338576,259.846,SF-P3O-NoSpectral,Walker2d-v4,0
186251,reward,2444,291.0945883917471,260.533,SF-P3O-NoSpectral,Walker2d-v4,0
186433,reward,2445,325.22517774026596,259.042,SF-P3O-NoSpectral,Walker2d-v4,0
186594,reward,2446,276.73837033553815,285.417,SF-P3O-NoSpectral,Walker2d-v4,0
186717,reward,2447,82.0620961577694,268.471,SF-P3O-NoSpectral,Walker2d-v4,0
186889,reward,2448,279.9280605082845,276.156,SF-P3O-NoSpectral,Walker2d-v4,0
187049,reward,2449,296.3680439056847,270.147,SF-P3O-NoSpectral,Walker2d-v4,0
187150,reward,2450,185.3019665499685,258.256,SF-P3O-NoSpectral,Walker2d-v4,0
187264,reward,2451,204.56086825311675,272.697,SF-P3O-NoSpectral,Walker2d-v4,0
187458,reward,2452,324.2741951443258,253.519,SF-P3O-NoSpectral,Walker2d-v4,0
187622,reward,2453,52.698714719123856,231.825,SF-P3O-NoSpectral,Walker2d-v4,0
187772,reward,2454,286.8830285382913,231.404,SF-P3O-NoSpectral,Walker2d-v4,0
188017,reward,2455,101.26205204131548,209.008,SF-P3O-NoSpectral,Walker2d-v4,0
188182,reward,2456,257.35193390577706,207.069,SF-P3O-NoSpectral,Walker2d-v4,0
188329,reward,2457,233.63835078816356,222.227,SF-P3O-NoSpectral,Walker2d-v4,0
188416,loss,-0.04848047345876694,0.581104040145874,SF-P3O-NoSpectral,Walker2d-v4,0
188534,reward,2458,312.51393495508523,225.485,SF-P3O-NoSpectral,Walker2d-v4,0
188664,reward,2459,251.34028452356202,220.983,SF-P3O-NoSpectral,Walker2d-v4,0
188891,reward,2460,94.38558191053453,211.891,SF-P3O-NoSpectral,Walker2d-v4,0
189066,reward,2461,283.9600579869271,219.831,SF-P3O-NoSpectral,Walker2d-v4,0
189246,reward,2462,288.30079110109693,216.233,SF-P3O-NoSpectral,Walker2d-v4,0
189420,reward,2463,270.9269026395872,238.056,SF-P3O-NoSpectral,Walker2d-v4,0
189590,reward,2464,289.70418431530493,238.338,SF-P3O-NoSpectral,Walker2d-v4,0
189753,reward,2465,290.27635911513147,257.24,SF-P3O-NoSpectral,Walker2d-v4,0
189862,reward,2466,210.6193903962905,252.567,SF-P3O-NoSpectral,Walker2d-v4,0
189978,reward,2467,196.4776946494641,248.851,SF-P3O-NoSpectral,Walker2d-v4,0
190000,speed,366.39,6.43,SF-P3O-NoSpectral,Walker2d-v4,0
190183,reward,2468,90.18898808547716,226.618,SF-P3O-NoSpectral,Walker2d-v4,0
190371,reward,2469,97.23611170527441,211.208,SF-P3O-NoSpectral,Walker2d-v4,0
190594,reward,2470,352.440354527563,237.013,SF-P3O-NoSpectral,Walker2d-v4,0
190677,reward,2471,35.74703443762231,212.192,SF-P3O-NoSpectral,Walker2d-v4,0
190930,reward,2472,154.04535512315937,198.766,SF-P3O-NoSpectral,Walker2d-v4,0
191244,reward,2473,388.93573670212027,210.567,SF-P3O-NoSpectral,Walker2d-v4,0
191475,reward,2474,99.15099641243671,191.512,SF-P3O-NoSpectral,Walker2d-v4,0
191543,reward,2475,61.53034281640854,168.637,SF-P3O-NoSpectral,Walker2d-v4,0
191909,reward,2476,451.8690327041577,192.762,SF-P3O-NoSpectral,Walker2d-v4,0
192088,reward,2477,114.75082915725929,184.589,SF-P3O-NoSpectral,Walker2d-v4,0
192339,reward,2478,143.97643749531318,189.968,SF-P3O-NoSpectral,Walker2d-v4,0
192497,reward,2479,284.9611237601898,208.741,SF-P3O-NoSpectral,Walker2d-v4,0
192621,reward,2480,174.523910477432,190.949,SF-P3O-NoSpectral,Walker2d-v4,0
192777,reward,2481,273.45401339818403,214.72,SF-P3O-NoSpectral,Walker2d-v4,0
192963,reward,2482,315.42598863072396,230.858,SF-P3O-NoSpectral,Walker2d-v4,0
193148,reward,2483,291.99261286676085,221.164,SF-P3O-NoSpectral,Walker2d-v4,0
193317,reward,2484,274.29356402900726,238.678,SF-P3O-NoSpectral,Walker2d-v4,0
193445,reward,2485,236.10113110982942,256.135,SF-P3O-NoSpectral,Walker2d-v4,0
193642,reward,2486,337.6999535588041,244.718,SF-P3O-NoSpectral,Walker2d-v4,0
193839,reward,2487,297.3785129115683,262.981,SF-P3O-NoSpectral,Walker2d-v4,0
193986,reward,2488,261.7493440180156,274.758,SF-P3O-NoSpectral,Walker2d-v4,0
194135,reward,2489,293.51800046428724,275.614,SF-P3O-NoSpectral,Walker2d-v4,0
194326,reward,2490,265.90403124611464,284.752,SF-P3O-NoSpectral,Walker2d-v4,0
194571,reward,2491,390.4057143562918,296.447,SF-P3O-NoSpectral,Walker2d-v4,0
194691,reward,2492,242.24443762813422,289.129,SF-P3O-NoSpectral,Walker2d-v4,0
194941,reward,2493,136.38091295365967,273.568,SF-P3O-NoSpectral,Walker2d-v4,0
195169,reward,2494,368.17840862958855,282.956,SF-P3O-NoSpectral,Walker2d-v4,0
195324,reward,2495,262.4091018690667,285.587,SF-P3O-NoSpectral,Walker2d-v4,0
195488,reward,2496,294.6520729784845,281.282,SF-P3O-NoSpectral,Walker2d-v4,0
195648,reward,2497,275.37094112537443,279.081,SF-P3O-NoSpectral,Walker2d-v4,0
195916,reward,2498,144.71274215854027,267.378,SF-P3O-NoSpectral,Walker2d-v4,0
196083,reward,2499,224.59373611614868,260.485,SF-P3O-NoSpectral,Walker2d-v4,0
196312,reward,2500,367.73590436529963,270.668,SF-P3O-NoSpectral,Walker2d-v4,0
196506,reward,2501,309.3565789824211,262.563,SF-P3O-NoSpectral,Walker2d-v4,0
196608,loss,0.01144302450120449,0.5373401045799255,SF-P3O-NoSpectral,Walker2d-v4,0
196608,diagnostics,0.0,60.07,20.3925,0.03659,0.951988,0.534,0.118073,SF-P3O-NoSpectral,Walker2d-v4,0
196642,reward,2502,83.27955288319768,246.667,SF-P3O-NoSpectral,Walker2d-v4,0
196662,reward,2503,8.540113623542787,233.883,SF-P3O-NoSpectral,Walker2d-v4,0
196749,reward,2504,8.733293337867359,197.938,SF-P3O-NoSpectral,Walker2d-v4,0
197237,reward,2505,569.6431731900326,228.662,SF-P3O-NoSpectral,Walker2d-v4,0
197357,reward,2506,242.36957349098873,223.434,SF-P3O-NoSpectral,Walker2d-v4,0
197454,reward,2507,181.08380601300018,214.005,SF-P3O-NoSpectral,Walker2d-v4,0
197877,reward,2508,469.4938473286866,246.483,SF-P3O-NoSpectral,Walker2d-v4,0
198372,reward,2509,639.4715298173003,287.971,SF-P3O-NoSpectral,Walker2d-v4,0
198561,reward,2510,308.7508992768071,282.072,SF-P3O-NoSpectral,Walker2d-v4,0
198817,reward,2511,331.66100988899194,284.303,SF-P3O-NoSpectral,Walker2d-v4,0
199033,reward,2512,280.95067674534687,304.07,SF-P3O-NoSpectral,Walker2d-v4,0
199199,reward,2513,310.70781227371776,334.287,SF-P3O-NoSpectral,Walker2d-v4,0
199319,reward,2514,83.87067320418335,341.8,SF-P3O-NoSpectral,Walker2d-v4,0
199447,reward,2515,222.62166319512562,307.098,SF-P3O-NoSpectral,Walker2d-v4,0
199670,reward,2516,365.9539342533149,319.457,SF-P3O-NoSpectral,Walker2d-v4,0
199882,reward,2517,347.0577433363944,336.054,SF-P3O-NoSpectral,Walker2d-v4,0
200000,speed,541.86,6.74,SF-P3O-NoSpectral,Walker2d-v4,0
200000,perturb,0.037005,0.95182,0.534,35078,32768,0.269027,4,SF-P3O-NoSpectral,Walker2d-v4,0
200084,reward,2518,297.89404868604765,318.894,SF-P3O-NoSpectral,Walker2d-v4,0
200236,reward,2519,281.8114772767654,283.128,SF-P3O-NoSpectral,Walker2d-v4,0
200543,reward,2520,373.42370853000205,289.595,SF-P3O-NoSpectral,Walker2d-v4,0
200745,reward,2521,62.29162239417878,262.658,SF-P3O-NoSpectral,Walker2d-v4,0
200911,reward,2522,40.9686200462004,238.66,SF-P3O-NoSpectral,Walker2d-v4,0
201181,reward,2523,413.16735898244025,248.906,SF-P3O-NoSpectral,Walker2d-v4,0
201310,reward,2524,222.51123427205212,262.77,SF-P3O-NoSpectral,Walker2d-v4,0
201507,reward,2525,274.46985828813865,267.955,SF-P3O-NoSpectral,Walker2d-v4,0
201701,reward,2526,352.15407424888247,266.575,SF-P3O-NoSpectral,Walker2d-v4,0
201846,reward,2527,251.23264298761967,256.992,SF-P3O-NoSpectral,Walker2d-v4,0
202109,reward,2528,200.46995552830901,247.25,SF-P3O-NoSpectral,Walker2d-v4,0
202225,reward,2529,64.41577262109239,225.51,SF-P3O-NoSpectral,Walker2d-v4,0
202427,reward,2530,351.90815496199343,223.359,SF-P3O-NoSpectral,Walker2d-v4,0
202566,reward,2531,69.77441195103621,224.107,SF-P3O-NoSpectral,Walker2d-v4,0
202704,reward,2532,247.44948117223126,244.755,SF-P3O-NoSpectral,Walker2d-v4,0
202863,reward,2533,82.5362340877446,211.692,SF-P3O-NoSpectral,Walker2d-v4,0
202987,reward,2534,221.40386473257868,211.581,SF-P3O-NoSpectral,Walker2d-v4,0
203154,reward,2535,245.51242190017174,208.686,SF-P3O-NoSpectral,Walker2d-v4,0
203625,reward,2536,221.1535339033766,195.586,SF-P3O-NoSpectral,Walker2d-v4,0
203812,reward,2537,261.16754161382903,196.579,SF-P3O-NoSpectral,Walker2d-v4,0
203954,reward,2538,246.5000780501266,201.182,SF-P3O-NoSpectral,Walker2d-v4,0
204267,reward,2539,465.0677456458601,241.247,SF-P3O-NoSpectral,Walker2d-v4,0
204391,reward,2540,211.54823253953614,227.211,SF-P3O-NoSpectral,Walker2d-v4,0
204609,reward,2541,387.1746719928992,258.951,SF-P3O-NoSpectral,Walker2d-v4,0
204728,reward,2542,226.15894471000558,256.822,SF-P3O-NoSpectral,Walker2d-v4,0
204800,loss,-0.045460738241672516,0.9889707565307617,SF-P3O-NoSpectral,Walker2d-v4,0
204813,reward,2543,135.84290841970292,262.153,SF-P3O-NoSpectral,Walker2d-v4,0
204925,reward,2544,47.99383129592786,244.812,SF-P3O-NoSpectral,Walker2d-v4,0
205071,reward,2545,288.4624826794792,249.107,SF-P3O-NoSpectral,Walker2d-v4,0
205275,reward,2546,356.66538924467073,262.658,SF-P3O-NoSpectral,Walker2d-v4,0
205868,reward,2547,713.2672839725261,307.868,SF-P3O-NoSpectral,Walker2d-v4,0
205976,reward,2548,181.70569772187,301.389,SF-P3O-NoSpectral,Walker2d-v4,0
206114,reward,2549,220.96740201586357,276.979,SF-P3O-NoSpectral,Walker2d-v4,0
206321,reward,2550,330.0862359166755,288.832,SF-P3O-NoSpectral,Walker2d-v4,0
206446,reward,2551,269.1246252055389,277.027,SF-P3O-NoSpectral,Walker2d-v4,0
206727,reward,2552,378.64328439869007,292.276,SF-P3O-NoSpectral,Walker2d-v4,0
206893,reward,2553,290.7163519134847,307.763,SF-P3O-NoSpectral,Walker2d-v4,0
207032,reward,2554,236.3037065976283,326.594,SF-P3O-NoSpectral,Walker2d-v4,0
207141,reward,2555,66.16483009896211,304.364,SF-P3O-NoSpectral,Walker2d-v4,0
207373,reward,2556,140.25642170962527,282.724,SF-P3O-NoSpectral,Walker2d-v4,0
207594,reward,2557,372.7726519916116,248.674,SF-P3O-NoSpectral,Walker2d-v4,0
207651,reward,2558,55.7703907729504,236.081,SF-P3O-NoSpectral,Walker2d-v4,0
207829,reward,2559,39.28032664660993,217.912,SF-P3O-NoSpectral,Walker2d-v4,0
207964,reward,2560,196.9215915183757,204.595,SF-P3O-NoSpectral,Walker2d-v4,0
208164,reward,2561,260.82604697976797,203.766,SF-P3O-NoSpectral,Walker2d-v4,0
208301,reward,2562,245.28129158335167,190.429,SF-P3O-NoSpectral,Walker2d-v4,0
208479,reward,2563,288.034951457311,190.161,SF-P3O-NoSpectral,Walker2d-v4,0
208665,reward,2564,290.8204939048754,195.613,SF-P3O-NoSpectral,Walker2d-v4,0
208927,reward,2565,87.1069169559179,197.707,SF-P3O-NoSpectral,Walker2d-v4,0
209192,reward,2566,391.6906639855067,222.851,SF-P3O-NoSpectral,Walker2d-v4,0
209348,reward,2567,293.34899828086975,214.908,SF-P3O-NoSpectral,Walker2d-v4,0
209516,reward,2568,272.38655358408386,236.57,SF-P3O-NoSpectral,Walker2d-v4,0
209627,reward,2569,195.82070550075224,252.224,SF-P3O-NoSpectral,Walker2d-v4,0
209800,reward,2570,305.81082586610177,263.113,SF-P3O-NoSpectral,Walker2d-v4,0
209933,reward,2571,262.93582072255606,263.324,SF-P3O-NoSpectral,Walker2d-v4,0
209955,reward,2572,12.2350914617169,240.019,SF-P3O-NoSpectral,Walker2d-v4,0
210000,speed,531.13,7.05,SF-P3O-NoSpectral,Walker2d-v4,0
210155,reward,2573,43.63815638521899,215.579,SF-P3O-NoSpectral,Walker2d-v4,0
210357,reward,2574,363.63153380760116,222.861,SF-P3O-NoSpectral,Walker2d-v4,0
210369,reward,2575,2.217695190496322,214.372,SF-P3O-NoSpectral,Walker2d-v4,0
210586,reward,2576,392.086704667547,214.411,SF-P3O-NoSpectral,Walker2d-v4,0
210854,reward,2577,144.73423304187824,199.55,SF-P3O-NoSpectral,Walker2d-v4,0
211001,reward,2578,302.93525808549447,202.605,SF-P3O-NoSpectral,Walker2d-v4,0
211149,reward,2579,243.27205960363435,207.35,SF-P3O-NoSpectral,Walker2d-v4,0
211269,reward,2580,229.46087746786017,199.715,SF-P3O-NoSpectral,Walker2d-v4,0
211512,reward,2581,362.8107276470434,209.702,SF-P3O-NoSpectral,Walker2d-v4,0
211629,reward,2582,173.54748267231795,225.833,SF-P3O-NoSpectral,Walker2d-v4,0
211971,reward,2583,491.471589133792,270.617,SF-P3O-NoSpectral,Walker2d-v4,0
212160,reward,2584,331.02289107844007,267.356,SF-P3O-NoSpectral,Walker2d-v4,0
212289,reward,2585,222.20919007739897,289.355,SF-P3O-NoSpectral,Walker2d-v4,0
212487,reward,2586,284.20732131627176,278.567,SF-P3O-NoSpectral,Walker2d-v4,0
212735,reward,2587,134.02818377961282,277.497,SF-P3O-NoSpectral,Walker2d-v4,0
212856,reward,2588,58.34913740485934,253.038,SF-P3O-NoSpectral,Walker2d-v4,0
212898,reward,2589,37.72647493653831,232.483,SF-P3O-NoSpectral,Walker2d-v4,0
212992,loss,-0.07641378045082092,0.5961487293243408,SF-P3O-NoSpectral,Walker2d-v4,0
212992,diagnostics,0.0,61.3,45.2906,0.038436,0.951654,0.594,0.123015,SF-P3O-NoSpectral,Walker2d-v4,0
213269,reward,2590,425.1948599344995,252.057,SF-P3O-NoSpectral,Walker2d-v4,0
213363,reward,2591,72.96277599917147,223.072,SF-P3O-NoSpectral,Walker2d-v4,0
213489,reward,2592,216.89224287140493,227.406,SF-P3O-NoSpectral,Walker2d-v4,0
213645,reward,2593,256.9282560244491,203.952,SF-P3O-NoSpectral,Walker2d-v4,0
213898,reward,2594,124.54547966053725,183.304,SF-P3O-NoSpectral,Walker2d-v4,0
214023,reward,2595,250.50175715045611,186.134,SF-P3O-NoSpectral,Walker2d-v4,0
214215,reward,2596,323.39807592146644,190.053,SF-P3O-NoSpectral,Walker2d-v4,0
214339,reward,2597,234.21618261041561,200.072,SF-P3O-NoSpectral,Walker2d-v4,0
214517,reward,2598,260.41188016412997,220.278,SF-P3O-NoSpectral,Walker2d-v4,0
214692,reward,2599,112.67713006499397,227.773,SF-P3O-NoSpectral,Walker2d-v4,0
214984,reward,2600,158.5887944080179,201.112,SF-P3O-NoSpectral,Walker2d-v4,0
215092,reward,2601,79.86524440864477,201.803,SF-P3O-NoSpectral,Walker2d-v4,0
215113,reward,2602,9.049989968400178,181.018,SF-P3O-NoSpectral,Walker2d-v4,0
215420,reward,2603,158.7100469549216,171.196,SF-P3O-NoSpectral,Walker2d-v4,0
215761,reward,2604,324.5629362947266,191.198,SF-P3O-NoSpectral,Walker2d-v4,0
216000,reward,2605,310.7014936372252,197.218,SF-P3O-NoSpectral,Walker2d-v4,0
216349,reward,2606,457.9592452994837,210.674,SF-P3O-NoSpectral,Walker2d-v4,0
216726,reward,2607,474.94331193167966,234.747,SF-P3O-NoSpectral,Walker2d-v4,0
216930,reward,2608,310.4422639234291,239.75,SF-P3O-NoSpectral,Walker2d-v4,0
217115,reward,2609,292.9324776763944,257.776,SF-P3O-NoSpectral,Walker2d-v4,0
217375,reward,2610,108.75946211416218,252.793,SF-P3O-NoSpectral,Walker2d-v4,0
217497,reward,2611,183.06118997857044,263.112,SF-P3O-NoSpectral,Walker2d-v4,0
217648,reward,2612,232.8476102192566,285.492,SF-P3O-NoSpectral,Walker2d-v4,0
217796,reward,2613,249.30366059211653,294.551,SF-P3O-NoSpectral,Walker2d-v4,0
217933,reward,2614,241.48861738777373,286.244,SF-P3O-NoSpectral,Walker2d-v4,0
218167,reward,2615,117.46840164251624,266.921,SF-P3O-NoSpectral,Walker2d-v4,0
218364,reward,2616,104.19657366369637,231.544,SF-P3O-NoSpectral,Walker2d-v4,0
218406,reward,2617,31.738615948088526,187.224,SF-P3O-NoSpectral,Walker2d-v4,0
218716,reward,2618,437.58864002078417,199.939,SF-P3O-NoSpectral,Walker2d-v4,0
218930,reward,2619,352.5529730067228,205.901,SF-P3O-NoSpectral,Walker2d-v4,0
219051,reward,2620,204.88669070607506,215.513,SF-P3O-NoSpectral,Walker2d-v4,0
219242,reward,2621,325.2629562466233,229.733,SF-P3O-NoSpectral,Walker2d-v4,0
219420,reward,2622,285.1768357577915,234.966,SF-P3O-NoSpectral,Walker2d-v4,0
219598,reward,2623,285.61508731243924,238.598,SF-P3O-NoSpectral,Walker2d-v4,0
219719,reward,2624,204.22042519158515,234.871,SF-P3O-NoSpectral,Walker2d-v4,0
219894,reward,2625,297.120871422551,252.836,SF-P3O-NoSpectral,Walker2d-v4,0
220000,speed,521.85,7.37,SF-P3O-NoSpectral,Walker2d-v4,0
220105,reward,2626,95.30224862346023,251.947,SF-P3O-NoSpectral,Walker2d-v4,0
220298,reward,2627,337.924647830607,282.565,SF-P3O-NoSpectral,Walker2d-v4,0
220435,reward,2628,227.4606143651262,261.552,SF-P3O-NoSpectral,Walker2d-v4,0
220537,reward,2629,200.80697900827994,246.378,SF-P3O-NoSpectral,Walker2d-v4,0
220638,reward,2630,188.40302558922443,244.729,SF-P3O-NoSpectral,Walker2d-v4,0
220753,reward,2631,222.91440633570534,234.495,SF-P3O-NoSpectral,Walker2d-v4,0
220878,reward,2632,234.00207852023394,229.377,SF-P3O-NoSpectral,Walker2d-v4,0
221184,loss,-0.06204046308994293,0.5743308067321777,SF-P3O-NoSpectral,Walker2d-v4,0
221229,reward,2633,161.94871326928472,217.01,SF-P3O-NoSpectral,Walker2d-v4,0
221391,reward,2634,245.4990284095906,221.138,SF-P3O-NoSpectral,Walker2d-v4,0
221558,reward,2635,297.77321586715954,221.203,SF-P3O-NoSpectral,Walker2d-v4,0
221787,reward,2636,393.688157081707,251.042,SF-P3O-NoSpectral,Walker2d-v4,0
222025,reward,2637,305.4399636458825,247.794,SF-P3O-NoSpectral,Walker2d-v4,0
222201,reward,2638,298.41528272324837,254.889,SF-P3O-NoSpectral,Walker2d-v4,0
222388,reward,2639,314.8084905401569,266.289,SF-P3O-NoSpectral,Walker2d-v4,0
222493,reward,2640,161.40807671338908,263.59,SF-P3O-NoSpectral,Walker2d-v4,0
222625,reward,2641,250.7257370941687,266.371,SF-P3O-NoSpectral,Walker2d-v4,0
222764,reward,2642,253.89514478501303,268.36,SF-P3O-NoSpectral,Walker2d-v4,0
223003,reward,2643,172.01126235901324,269.366,SF-P3O-NoSpectral,Walker2d-v4,0
223133,reward,2644,250.1192678695817,269.828,SF-P3O-NoSpectral,Walker2d-v4,0
223336,reward,2645,308.6475526086692,270.916,SF-P3O-NoSpectral,Walker2d-v4,0
223515,reward,2646,46.26286949736965,236.173,SF-P3O-NoSpectral,Walker2d-v4,0
223677,reward,2647,247.5193301179514,230.381,SF-P3O-NoSpectral,Walker2d-v4,0
224129,reward,2648,310.84839014677755,231.625,SF-P3O-NoSpectral,Walker2d-v4,0
224311,reward,2649,303.4664195944588,230.49,SF-P3O-NoSpectral,Walker2d-v4,0
224481,reward,2650,286.54974276352726,243.005,SF-P3O-NoSpectral,Walker2d-v4,0
224627,reward,2651,233.8470648175761,241.317,SF-P3O-NoSpectral,Walker2d-v4,0
224742,reward,2652,198.61071721746472,235.788,SF-P3O-NoSpectral,Walker2d-v4,0
224884,reward,2653,227.58060985074013,241.345,SF-P3O-NoSpectral,Walker2d-v4,0
225103,reward,2654,339.6049815916266,250.294,SF-P3O-NoSpectral,Walker2d-v4,0
225629,reward,2655,301.9169939961512,249.621,SF-P3O-NoSpectral,Walker2d-v4,0
225805,reward,2656,256.03190950868776,270.598,SF-P3O-NoSpectral,Walker2d-v4,0
225871,reward,2657,36.93438710036547,249.539,SF-P3O-NoSpectral,Walker2d-v4,0
226049,reward,2658,318.5523133590912,250.31,SF-P3O-NoSpectral,Walker2d-v4,0
226317,reward,2659,156.89480031296048,235.652,SF-P3O-NoSpectral,Walker2d-v4,0
226469,reward,2660,252.49642681480765,232.247,SF-P3O-NoSpectral,Walker2d-v4,0
226625,reward,2661,300.9456174274224,238.957,SF-P3O-NoSpectral,Walker2d-v4,0
226788,reward,2662,268.28370099328976,245.924,SF-P3O-NoSpectral,Walker2d-v4,0
226919,reward,2663,201.7870221564069,243.345,SF-P3O-NoSpectral,Walker2d-v4,0
227033,reward,2664,51.02926712619081,214.487,SF-P3O-NoSpectral,Walker2d-v4,0
227265,reward,2665,364.11014745093115,220.707,SF-P3O-NoSpectral,Walker2d-v4,0
227459,reward,2666,337.0458026905305,228.808,SF-P3O-NoSpectral,Walker2d-v4,0
227841,reward,2667,517.7923980647981,276.894,SF-P3O-NoSpectral,Walker2d-v4,0
227970,reward,2668,236.84411222295324,268.723,SF-P3O-NoSpectral,Walker2d-v4,0
228185,reward,2669,310.62146310685773,284.096,SF-P3O-NoSpectral,Walker2d-v4,0
228503,reward,2670,471.13910245428707,305.96,SF-P3O-NoSpectral,Walker2d-v4,0
228740,reward,2671,323.34008787376064,308.199,SF-P3O-NoSpectral,Walker2d-v4,0
228893,reward,2672,97.37273169487163,291.108,SF-P3O-NoSpectral,Walker2d-v4,0
229068,reward,2673,277.3115718794953,298.661,SF-P3O-NoSpectral,Walker2d-v4,0
229196,reward,2674,217.29419845873042,315.287,SF-P3O-NoSpectral,Walker2d-v4,0
229356,reward,2675,38.195337068405664,282.696,SF-P3O-NoSpectral,Walker2d-v4,0
229376,loss,-0.02930159494280815,0.6857169270515442,SF-P3O-NoSpectral,Walker2d-v4,0
229376,diagnostics,0.0,61.56,43.4587,0.039502,0.951543,0.6252,0.120092,SF-P3O-NoSpectral,Walker2d-v4,0
229500,reward,2676,255.0081953094133,274.492,SF-P3O-NoSpectral,Walker2d-v4,0
229700,reward,2677,291.48205633141407,251.861,SF-P3O-NoSpectral,Walker2d-v4,0
229896,reward,2678,358.7662868960413,264.053,SF-P3O-NoSpectral,Walker2d-v4,0
230000,speed,357.12,7.84,SF-P3O-NoSpectral,Walker2d-v4,0
230045,reward,2679,259.39041522241706,258.93,SF-P3O-NoSpectral,Walker2d-v4,0
230373,reward,2680,513.2009619649621,263.136,SF-P3O-NoSpectral,Walker2d-v4,0
230581,reward,2681,90.38097158039905,239.84,SF-P3O-NoSpectral,Walker2d-v4,0
230702,reward,2682,214.38672698863016,251.542,SF-P3O-NoSpectral,Walker2d-v4,0
230853,reward,2683,255.7185297480834,249.382,SF-P3O-NoSpectral,Walker2d-v4,0
231014,reward,2684,125.2372678234552,240.177,SF-P3O-NoSpectral,Walker2d-v4,0
231165,reward,2685,129.73716939828608,249.331,SF-P3O-NoSpectral,Walker2d-v4,0
231224,reward,2686,38.131571398435035,227.643,SF-P3O-NoSpectral,Walker2d-v4,0
231409,reward,2687,42.25588733441085,202.721,SF-P3O-NoSpectral,Walker2d-v4,0
231562,reward,2688,273.7014222019096,194.214,SF-P3O-NoSpectral,Walker2d-v4,0
231835,reward,2689,391.25137094996956,207.4,SF-P3O-NoSpectral,Walker2d-v4,0
232015,reward,2690,327.7098453633177,188.851,SF-P3O-NoSpectral,Walker2d-v4,0
232225,reward,2691,353.7247082481595,215.185,SF-P3O-NoSpectral,Walker2d-v4,0
232350,reward,2692,225.96393457229684,216.343,SF-P3O-NoSpectral,Walker2d-v4,0
232637,reward,2693,431.17258497754193,233.889,SF-P3O-NoSpectral,Walker2d-v4,0
232743,reward,2694,207.682850839793,242.133,SF-P3O-NoSpectral,Walker2d-v4,0
232846,reward,2695,98.97575187727529,239.057,SF-P3O-NoSpectral,Walker2d-v4,0
232988,reward,2696,260.74873662722035,261.319,SF-P3O-NoSpectral,Walker2d-v4,0
233296,reward,2697,218.05083811241732,278.898,SF-P3O-NoSpectral,Walker2d-v4,0
233523,reward,2698,329.6255385751241,284.491,SF-P3O-NoSpectral,Walker2d-v4,0
233635,reward,2699,218.83740107910447,267.249,SF-P3O-NoSpectral,Walker2d-v4,0
233871,reward,2700,397.4364710149646,274.222,SF-P3O-NoSpectral,Walker2d-v4,0
234018,reward,2701,284.4136265689857,267.291,SF-P3O-NoSpectral,Walker2d-v4,0
234274,reward,2702,385.6347645344416,283.258,SF-P3O-NoSpectral,Walker2d-v4,0
234395,reward,2703,180.9094693225711,258.232,SF-P3O-NoSpectral,Walker2d-v4,0
234553,reward,2704,258.7455307057132,263.338,SF-P3O-NoSpectral,Walker2d-v4,0
234704,reward,2705,230.2028109154048,276.461,SF-P3O-NoSpectral,Walker2d-v4,0
234844,reward,2706,254.16899812906232,275.803,SF-P3O-NoSpectral,Walker2d-v4,0
234979,reward,2707,257.80233256255843,279.778,SF-P3O-NoSpectral,Walker2d-v4,0
235156,reward,2708,89.34001978370982,255.749,SF-P3O-NoSpectral,Walker2d-v4,0
235293,reward,2709,250.43169341175874,258.909,SF-P3O-NoSpectral,Walker2d-v4,0
235418,reward,2710,208.79894071314527,240.045,SF-P3O-NoSpectral,Walker2d-v4,0
235556,reward,2711,267.671383881943,238.371,SF-P3O-NoSpectral,Walker2d-v4,0
235825,reward,2712,194.57949030562446,219.265,SF-P3O-NoSpectral,Walker2d-v4,0
236036,reward,2713,355.20888601101444,236.695,SF-P3O-NoSpectral,Walker2d-v4,0
236265,reward,2714,395.29586025358543,250.35,SF-P3O-NoSpectral,Walker2d-v4,0
236416,reward,2715,289.21889127200683,256.252,SF-P3O-NoSpectral,Walker2d-v4,0
236544,reward,2716,230.25075472170414,253.86,SF-P3O-NoSpectral,Walker2d-v4,0
236811,reward,2717,443.6040810318419,272.44,SF-P3O-NoSpectral,Walker2d-v4,0
237025,reward,2718,358.36825046430914,299.343,SF-P3O-NoSpectral,Walker2d-v4,0
237165,reward,2719,241.54570079972206,298.454,SF-P3O-NoSpectral,Walker2d-v4,0
237276,reward,2720,234.91068153725078,301.065,SF-P3O-NoSpectral,Walker2d-v4,0
237461,reward,2721,292.86291758632876,303.585,SF-P3O-NoSpectral,Walker2d-v4,0
237568,loss,-0.03526587411761284,0.6949597597122192,SF-P3O-NoSpectral,Walker2d-v4,0
237577,reward,2722,189.23580124963473,303.05,SF-P3O-NoSpectral,Walker2d-v4,0
237734,reward,2723,245.36525852111703,292.066,SF-P3O-NoSpectral,Walker2d-v4,0
237966,reward,2724,152.87558880540718,267.824,SF-P3O-NoSpectral,Walker2d-v4,0
238213,reward,2725,144.88318800683012,253.39,SF-P3O-NoSpectral,Walker2d-v4,0
238335,reward,2726,241.54206898615058,254.519,SF-P3O-NoSpectral,Walker2d-v4,0
238570,reward,2727,313.3037430203166,241.489,SF-P3O-NoSpectral,Walker2d-v4,0
238738,reward,2728,279.4431775281883,233.597,SF-P3O-NoSpectral,Walker2d-v4,0
238894,reward,2729,259.93945339704175,235.436,SF-P3O-NoSpectral,Walker2d-v4,0
239132,reward,2730,342.0004146550099,246.145,SF-P3O-NoSpectral,Walker2d-v4,0
239306,reward,2731,294.7544358459953,246.334,SF-P3O-NoSpectral,Walker2d-v4,0
239476,reward,2732,273.18336300459,254.729,SF-P3O-NoSpectral,Walker2d-v4,0
239589,reward,2733,238.6529808907926,254.058,SF-P3O-NoSpectral,Walker2d-v4,0
239773,reward,2734,324.0707476560687,271.177,SF-P3O-NoSpectral,Walker2d-v4,0
239948,reward,2735,302.573799615298,286.946,SF-P3O-NoSpectral,Walker2d-v4,0
240000,speed,555.71,8.14,SF-P3O-NoSpectral,Walker2d-v4,0
240173,reward,2736,350.3295983376203,297.825,SF-P3O-NoSpectral,Walker2d-v4,0
240428,reward,2737,413.3506495950889,307.83,SF-P3O-NoSpectral,Walker2d-v4,0
240510,reward,2738,60.141678487017046,285.9,SF-P3O-NoSpectral,Walker2d-v4,0
240597,reward,2739,61.10267459123332,266.016,SF-P3O-NoSpectral,Walker2d-v4,0
240733,reward,2740,241.45066466898595,255.961,SF-P3O-NoSpectral,Walker2d-v4,0
240923,reward,2741,325.5643265891288,259.042,SF-P3O-NoSpectral,Walker2d-v4,0
241214,reward,2742,460.87290987350906,277.811,SF-P3O-NoSpectral,Walker2d-v4,0
241390,reward,2743,308.83852285984267,284.83,SF-P3O-NoSpectral,Walker2d-v4,0
241677,reward,2744,469.6727296537375,299.39,SF-P3O-NoSpectral,Walker2d-v4,0
241878,reward,2745,330.1683348355149,302.149,SF-P3O-NoSpectral,Walker2d-v4,0
242046,reward,2746,298.61016733745663,296.977,SF-P3O-NoSpectral,Walker2d-v4,0
242415,reward,2747,369.6106840774348,292.603,SF-P3O-NoSpectral,Walker2d-v4,0
242536,reward,2748,192.8791641517586,305.877,SF-P3O-NoSpectral,Walker2d-v4,0
242940,reward,2749,505.2645562221749,350.293,SF-P3O-NoSpectral,Walker2d-v4,0
242996,reward,2750,43.03000833687597,330.451,SF-P3O-NoSpectral,Walker2d-v4,0
243122,reward,2751,239.9503612398812,321.89,SF-P3O-NoSpectral,Walker2d-v4,0
243541,reward,2752,527.4886806981935,328.551,SF-P3O-NoSpectral,Walker2d-v4,0
243643,reward,2753,205.90424066777754,318.258,SF-P3O-NoSpectral,Walker2d-v4,0
243753,reward,2754,174.51364760438815,288.742,SF-P3O-NoSpectral,Walker2d-v4,0
243835,reward,2755,77.42939718392304,263.468,SF-P3O-NoSpectral,Walker2d-v4,0
244097,reward,2756,428.61300891679,276.468,SF-P3O-NoSpectral,Walker2d-v4,0
244208,reward,2757,201.00057860089592,259.607,SF-P3O-NoSpectral,Walker2d-v4,0
244338,reward,2758,213.81720160648354,261.701,SF-P3O-NoSpectral,Walker2d-v4,0
244482,reward,2759,272.78405800058044,238.453,SF-P3O-NoSpectral,Walker2d-v4,0
244707,reward,2760,377.61539816856657,271.912,SF-P3O-NoSpectral,Walker2d-v4,0
244915,reward,2761,143.85144095065039,262.302,SF-P3O-NoSpectral,Walker2d-v4,0
245115,reward,2762,338.45096360794713,243.398,SF-P3O-NoSpectral,Walker2d-v4,0
245253,reward,2763,257.038099147686,248.511,SF-P3O-NoSpectral,Walker2d-v4,0
245398,reward,2764,276.20562727561656,258.681,SF-P3O-NoSpectral,Walker2d-v4,0
245597,reward,2765,340.30125197804404,284.968,SF-P3O-NoSpectral,Walker2d-v4,0
245760,loss,0.1285390555858612,0.8848253488540649,SF-P3O-NoSpectral,Walker2d-v4,0
245760,diagnostics,0.0,61.82,53.0488,0.040608,0.952216,0.5954,0.12075,SF-P3O-NoSpectral,Walker2d-v4,0
245771,reward,2766,333.582935790883,275.465,SF-P3O-NoSpectral,Walker2d-v4,0
245883,reward,2767,173.12451179649813,272.677,SF-P3O-NoSpectral,Walker2d-v4,0
246055,reward,2768,289.7281716527315,280.268,SF-P3O-NoSpectral,Walker2d-v4,0
246227,reward,2769,326.8579013697258,285.676,SF-P3O-NoSpectral,Walker2d-v4,0
246428,reward,2770,351.09289982476537,283.023,SF-P3O-NoSpectral,Walker2d-v4,0
246635,reward,2771,326.7332522953917,301.312,SF-P3O-NoSpectral,Walker2d-v4,0
246820,reward,2772,308.4268575890025,298.309,SF-P3O-NoSpectral,Walker2d-v4,0
246926,reward,2773,214.97500167275317,294.103,SF-P3O-NoSpectral,Walker2d-v4,0
247216,reward,2774,457.55565782352045,312.238,SF-P3O-NoSpectral,Walker2d-v4,0
247424,reward,2775,344.5201320358794,312.66,SF-P3O-NoSpectral,Walker2d-v4,0
247785,reward,2776,219.74291902986153,301.276,SF-P3O-NoSpectral,Walker2d-v4,0
247975,reward,2777,289.89545236921964,312.953,SF-P3O-NoSpectral,Walker2d-v4,0
248013,reward,2778,35.27869436147055,287.508,SF-P3O-NoSpectral,Walker2d-v4,0
248213,reward,2779,140.4370136148382,268.866,SF-P3O-NoSpectral,Walker2d-v4,0
248356,reward,2780,217.81119145660674,255.538,SF-P3O-NoSpectral,Walker2d-v4,0
248545,reward,2781,281.1094818646254,250.975,SF-P3O-NoSpectral,Walker2d-v4,0
248823,reward,2782,385.8888621651012,258.721,SF-P3O-NoSpectral,Walker2d-v4,0
248991,reward,2783,289.1217793221274,266.136,SF-P3O-NoSpectral,Walker2d-v4,0
249262,reward,2784,360.58019335941833,256.439,SF-P3O-NoSpectral,Walker2d-v4,0
249518,reward,2785,107.148240389609,232.701,SF-P3O-NoSpectral,Walker2d-v4,0
249634,reward,2786,215.24118427203518,232.251,SF-P3O-NoSpectral,Walker2d-v4,0
249808,reward,2787,308.52246737229035,234.114,SF-P3O-NoSpectral,Walker2d-v4,0
249974,reward,2788,307.06727282893286,261.293,SF-P3O-NoSpectral,Walker2d-v4,0
250000,speed,553.86,8.44,SF-P3O-NoSpectral,Walker2d-v4,0
250000,perturb,0.041402,0.951772,0.5954,33716,34130,0.262797,5,SF-P3O-NoSpectral,Walker2d-v4,0
250067,reward,2789,192.853583444476,266.534,SF-P3O-NoSpectral,Walker2d-v4,0
250204,reward,2790,232.72483329244048,268.026,SF-P3O-NoSpectral,Walker2d-v4,0
250395,reward,2791,326.6502390986331,272.58,SF-P3O-NoSpectral,Walker2d-v4,0
250604,reward,2792,122.4494334507402,246.236,SF-P3O-NoSpectral,Walker2d-v4,0
250747,reward,2793,274.0646707943451,244.73,SF-P3O-NoSpectral,Walker2d-v4,0
250855,reward,2794,197.16625992267473,228.389,SF-P3O-NoSpectral,Walker2d-v4,0
250991,reward,2795,240.0459809629427,241.679,SF-P3O-NoSpectral,Walker2d-v4,0
251169,reward,2796,270.9985007003276,247.254,SF-P3O-NoSpectral,Walker2d-v4,0
251545,reward,2797,502.33089161802644,266.635,SF-P3O-NoSpectral,Walker2d-v4,0
251694,reward,2798,261.5892681819741,262.087,SF-P3O-NoSpectral,Walker2d-v4,0
251932,reward,2799,191.70484993142273,261.972,SF-P3O-NoSpectral,Walker2d-v4,0
252070,reward,2800,263.72927711316555,265.073,SF-P3O-NoSpectral,Walker2d-v4,0
252197,reward,2801,224.24279895090137,254.832,SF-P3O-NoSpectral,Walker2d-v4,0
252421,reward,2802,398.4762914147945,282.435,SF-P3O-NoSpectral,Walker2d-v4,0
252555,reward,2803,269.546394204239,281.983,SF-P3O-NoSpectral,Walker2d-v4,0
252645,reward,2804,163.78307823495933,278.645,SF-P3O-NoSpectral,Walker2d-v4,0
252862,reward,2805,345.0848569495017,289.149,SF-P3O-NoSpectral,Walker2d-v4,0
253011,reward,2806,81.90996591768629,270.24,SF-P3O-NoSpectral,Walker2d-v4,0
253142,reward,2807,234.1739687272735,243.424,SF-P3O-NoSpectral,Walker2d-v4,0
253306,reward,2808,290.91641016554803,246.357,SF-P3O-NoSpectral,Walker2d-v4,0
253518,reward,2809,342.5208119062523,261.438,SF-P3O-NoSpectral,Walker2d-v4,0
253682,reward,2810,259.305239345347,260.996,SF-P3O-NoSpectral,Walker2d-v4,0
253811,reward,2811,255.96010981882569,264.168,SF-P3O-NoSpectral,Walker2d-v4,0
253952,loss,-0.04390712082386017,0.5618351101875305,SF-P3O-NoSpectral,Walker2d-v4,0
253990,reward,2812,334.6765409207964,257.788,SF-P3O-NoSpectral,Walker2d-v4,0
254235,reward,2813,455.5203345279516,276.385,SF-P3O-NoSpectral,Walker2d-v4,0
254471,reward,2814,138.12345444788792,273.819,SF-P3O-NoSpectral,Walker2d-v4,0
254637,reward,2815,280.8722034963835,267.398,SF-P3O-NoSpectral,Walker2d-v4,0
254953,reward,2816,409.6654627971102,300.173,SF-P3O-NoSpectral,Walker2d-v4,0
255143,reward,2817,332.99387877354354,310.055,SF-P3O-NoSpectral,Walker2d-v4,0
255390,reward,2818,392.90597971970016,320.254,SF-P3O-NoSpectral,Walker2d-v4,0
255534,reward,2819,243.1795988691462,310.32,SF-P3O-NoSpectral,Walker2d-v4,0
255680,reward,2820,258.54413020643966,310.244,SF-P3O-NoSpectral,Walker2d-v4,0
255830,reward,2821,268.72276679891087,311.52,SF-P3O-NoSpectral,Walker2d-v4,0
256021,reward,2822,331.64923699756747,311.218,SF-P3O-NoSpectral,Walker2d-v4,0
256127,reward,2823,180.0550212186623,283.671,SF-P3O-NoSpectral,Walker2d-v4,0
256404,reward,2824,422.20901359512095,312.08,SF-P3O-NoSpectral,Walker2d-v4,0
256586,reward,2825,364.4425565256317,320.437,SF-P3O-NoSpectral,Walker2d-v4,0
256771,reward,2826,103.16256491709018,289.786,SF-P3O-NoSpectral,Walker2d-v4,0
256894,reward,2827,227.60841070090143,279.248,SF-P3O-NoSpectral,Walker2d-v4,0
257153,reward,2828,438.2273702378664,283.78,SF-P3O-NoSpectral,Walker2d-v4,0
257372,reward,2829,126.90507633420613,272.153,SF-P3O-NoSpectral,Walker2d-v4,0
257791,reward,2830,517.5719286043658,298.055,SF-P3O-NoSpectral,Walker2d-v4,0
258293,reward,2831,689.0520944197183,340.088,SF-P3O-NoSpectral,Walker2d-v4,0
258617,reward,2832,157.06329081109624,322.63,SF-P3O-NoSpectral,Walker2d-v4,0
258728,reward,2833,193.832826228953,324.008,SF-P3O-NoSpectral,Walker2d-v4,0
258911,reward,2834,308.0001983151796,312.587,SF-P3O-NoSpectral,Walker2d-v4,0
259092,reward,2835,321.95351165925103,308.338,SF-P3O-NoSpectral,Walker2d-v4,0
259227,reward,2836,269.5625462963024,324.978,SF-P3O-NoSpectral,Walker2d-v4,0
259375,reward,2837,285.1315868064067,330.73,SF-P3O-NoSpectral,Walker2d-v4,0
259811,reward,2838,620.3206879885877,348.939,SF-P3O-NoSpectral,Walker2d-v4,0
259927,reward,2839,220.40988590489854,358.29,SF-P3O-NoSpectral,Walker2d-v4,0
260000,speed,593.71,8.72,SF-P3O-NoSpectral,Walker2d-v4,0
260075,reward,2840,232.03452022757529,329.736,SF-P3O-NoSpectral,Walker2d-v4,0
260334,reward,2841,427.0922465244865,303.54,SF-P3O-NoSpectral,Walker2d-v4,0
260549,reward,2842,351.9101547252774,323.025,SF-P3O-NoSpectral,Walker2d-v4,0
260700,reward,2843,288.41461726428247,332.483,SF-P3O-NoSpectral,Walker2d-v4,0
260832,reward,2844,236.04039828654805,325.287,SF-P3O-NoSpectral,Walker2d-v4,0
260980,reward,2845,290.75891724524547,322.168,SF-P3O-NoSpectral,Walker2d-v4,0
261105,reward,2846,247.86761557597472,319.998,SF-P3O-NoSpectral,Walker2d-v4,0
261273,reward,2847,333.8256750030594,324.867,SF-P3O-NoSpectral,Walker2d-v4,0
261959,reward,2848,786.3834310111833,341.474,SF-P3O-NoSpectral,Walker2d-v4,0
262144,loss,-0.06657160818576813,0.7248812913894653,SF-P3O-NoSpectral,Walker2d-v4,0
262144,diagnostics,0.0,63.03,45.7374,0.042614,0.951502,0.5804,0.129481,SF-P3O-NoSpectral,Walker2d-v4,0
262177,reward,2849,131.62105016235816,332.595,SF-P3O-NoSpectral,Walker2d-v4,0
262387,reward,2850,361.04308816224165,345.496,SF-P3O-NoSpectral,Walker2d-v4,0
262527,reward,2851,246.81519928501243,327.468,SF-P3O-NoSpectral,Walker2d-v4,0
262680,reward,2852,291.4800440099256,321.425,SF-P3O-NoSpectral,Walker2d-v4,0
262850,reward,2853,85.742666688462,301.158,SF-P3O-NoSpectral,Walker2d-v4,0
263109,reward,2854,382.7244938412578,315.826,SF-P3O-NoSpectral,Walker2d-v4,0
263345,reward,2855,423.0171168715302,329.052,SF-P3O-NoSpectral,Walker2d-v4,0
263614,reward,2856,153.09684143140527,319.575,SF-P3O-NoSpectral,Walker2d-v4,0
263831,reward,2857,379.5666106003872,324.149,SF-P3O-NoSpectral,Walker2d-v4,0
263962,reward,2858,261.84103737159086,271.695,SF-P3O-NoSpectral,Walker2d-v4,0
264591,reward,2859,727.658730528943,331.299,SF-P3O-NoSpectral,Walker2d-v4,0
265003,reward,2860,530.149957828634,348.209,SF-P3O-NoSpectral,Walker2d-v4,0
265166,reward,2861,330.6983243605498,356.598,SF-P3O-NoSpectral,Walker2d-v4,0
265308,reward,2862,327.5331810999525,360.203,SF-P3O-NoSpectral,Walker2d-v4,0
265460,reward,2863,299.0662549277552,381.535,SF-P3O-NoSpectral,Walker2d-v4,0
265796,reward,2864,448.5031388603711,388.113,SF-P3O-NoSpectral,Walker2d-v4,0
265961,reward,2865,299.6967662003919,375.781,SF-P3O-NoSpectral,Walker2d-v4,0
266263,reward,2866,420.10789361743537,402.482,SF-P3O-NoSpectral,Walker2d-v4,0
266444,reward,2867,352.82448791778074,399.808,SF-P3O-NoSpectral,Walker2d-v4,0
266671,reward,2868,155.5997907493388,389.184,SF-P3O-NoSpectral,Walker2d-v4,0
266832,reward,2869,292.94213803437236,345.712,SF-P3O-NoSpectral,Walker2d-v4,0
267012,reward,2870,320.1199705111432,324.709,SF-P3O-NoSpectral,Walker2d-v4,0
267283,reward,2871,434.18849514477836,335.058,SF-P3O-NoSpectral,Walker2d-v4,0
267439,reward,2872,286.0803274408988,330.913,SF-P3O-NoSpectral,Walker2d-v4,0
267599,reward,2873,306.6204342404862,331.668,SF-P3O-NoSpectral,Walker2d-v4,0
267840,reward,2874,335.9988953388908,320.418,SF-P3O-NoSpectral,Walker2d-v4,0
267992,reward,2875,95.72167186169696,300.02,SF-P3O-NoSpectral,Walker2d-v4,0
268244,reward,2876,430.68129349529204,301.078,SF-P3O-NoSpectral,Walker2d-v4,0
268447,reward,2877,333.06390122576255,299.102,SF-P3O-NoSpectral,Walker2d-v4,0
268994,reward,2878,705.7656476465581,354.118,SF-P3O-NoSpectral,Walker2d-v4,0
269144,reward,2879,260.0366157139538,350.828,SF-P3O-NoSpectral,Walker2d-v4,0
269293,reward,2880,268.5893199625521,345.675,SF-P3O-NoSpectral,Walker2d-v4,0
269450,reward,2881,333.2881867768411,335.585,SF-P3O-NoSpectral,Walker2d-v4,0
269629,reward,2882,311.27389320576225,338.104,SF-P3O-NoSpectral,Walker2d-v4,0
269798,reward,2883,302.86449080953923,337.728,SF-P3O-NoSpectral,Walker2d-v4,0
269948,reward,2884,303.0613683714012,334.435,SF-P3O-NoSpectral,Walker2d-v4,0
270000,speed,575.22,9.01,SF-P3O-NoSpectral,Walker2d-v4,0
270069,reward,2885,217.32476293942972,346.595,SF-P3O-NoSpectral,Walker2d-v4,0
270258,reward,2886,329.8849531966401,336.515,SF-P3O-NoSpectral,Walker2d-v4,0
270336,loss,0.05344510078430176,1.1197896003723145,SF-P3O-NoSpectral,Walker2d-v4,0
270407,reward,2887,263.60147039925306,329.569,SF-P3O-NoSpectral,Walker2d-v4,0
270618,reward,2888,386.01103662042044,297.594,SF-P3O-NoSpectral,Walker2d-v4,0
270786,reward,2889,304.97317023760854,302.087,SF-P3O-NoSpectral,Walker2d-v4,0
270925,reward,2890,262.5213434532641,301.48,SF-P3O-NoSpectral,Walker2d-v4,0
271150,reward,2891,142.1878627916999,282.37,SF-P3O-NoSpectral,Walker2d-v4,0
271353,reward,2892,130.12224904241262,264.255,SF-P3O-NoSpectral,Walker2d-v4,0
271464,reward,2893,206.64627345191525,254.633,SF-P3O-NoSpectral,Walker2d-v4,0
271694,reward,2894,423.9866195904929,266.726,SF-P3O-NoSpectral,Walker2d-v4,0
271788,reward,2895,183.2347755962,263.317,SF-P3O-NoSpectral,Walker2d-v4,0
271992,reward,2896,349.5894733862457,265.287,SF-P3O-NoSpectral,Walker2d-v4,0
272128,reward,2897,97.24561341425292,248.652,SF-P3O-NoSpectral,Walker2d-v4,0
272318,reward,2898,377.2986716082391,247.781,SF-P3O-NoSpectral,Walker2d-v4,0
272517,reward,2899,356.7625468660042,252.96,SF-P3O-NoSpectral,Walker2d-v4,0
272657,reward,2900,291.29535742262846,255.837,SF-P3O-NoSpectral,Walker2d-v4,0
272830,reward,2901,294.98802855142776,271.117,SF-P3O-NoSpectral,Walker2d-v4,0
272976,reward,2902,302.6135607449228,288.366,SF-P3O-NoSpectral,Walker2d-v4,0
273153,reward,2903,324.93884334161794,300.195,SF-P3O-NoSpectral,Walker2d-v4,0
273370,reward,2904,412.3658168800832,299.033,SF-P3O-NoSpectral,Walker2d-v4,0
273538,reward,2905,293.8854658017474,310.098,SF-P3O-NoSpectral,Walker2d-v4,0
273736,reward,2906,150.6916663954398,290.209,SF-P3O-NoSpectral,Walker2d-v4,0
273888,reward,2907,288.80123078891114,309.364,SF-P3O-NoSpectral,Walker2d-v4,0
274043,reward,2908,327.2747546181129,304.362,SF-P3O-NoSpectral,Walker2d-v4,0
274337,reward,2909,446.29256745196415,313.315,SF-P3O-NoSpectral,Walker2d-v4,0
274511,reward,2910,287.6420310448609,312.949,SF-P3O-NoSpectral,Walker2d-v4,0
274700,reward,2911,324.1652771776807,315.867,SF-P3O-NoSpectral,Walker2d-v4,0
275074,reward,2912,575.189170793254,343.125,SF-P3O-NoSpectral,Walker2d-v4,0
275223,reward,2913,267.7910889322939,337.41,SF-P3O-NoSpectral,Walker2d-v4,0
275504,reward,2914,420.7108232310986,338.244,SF-P3O-NoSpectral,Walker2d-v4,0
275675,reward,2915,325.8167226848818,341.438,SF-P3O-NoSpectral,Walker2d-v4,0
275810,reward,2916,265.97979198490896,352.966,SF-P3O-NoSpectral,Walker2d-v4,0
276138,reward,2917,494.7610659306601,373.562,SF-P3O-NoSpectral,Walker2d-v4,0
276321,reward,2918,344.629548274278,375.298,SF-P3O-NoSpectral,Walker2d-v4,0
276466,reward,2919,268.9564925095022,357.564,SF-P3O-NoSpectral,Walker2d-v4,0
276708,reward,2920,415.13572448102474,370.314,SF-P3O-NoSpectral,Walker2d-v4,0
276767,reward,2921,54.31927049424396,343.329,SF-P3O-NoSpectral,Walker2d-v4,0
276932,reward,2922,121.64657213631956,297.975,SF-P3O-NoSpectral,Walker2d-v4,0
277152,reward,2923,387.92352018513964,309.988,SF-P3O-NoSpectral,Walker2d-v4,0
277334,reward,2924,287.7171305897871,296.689,SF-P3O-NoSpectral,Walker2d-v4,0
277457,reward,2925,240.62513738427654,288.169,SF-P3O-NoSpectral,Walker2d-v4,0
277582,reward,2926,54.395688775469495,267.011,SF-P3O-NoSpectral,Walker2d-v4,0
277693,reward,2927,214.3621402052747,238.971,SF-P3O-NoSpectral,Walker2d-v4,0
277867,reward,2928,298.0147987004289,234.31,SF-P3O-NoSpectral,Walker2d-v4,0
278059,reward,2929,308.9475185377472,238.309,SF-P3O-NoSpectral,Walker2d-v4,0
278203,reward,2930,263.9660136016455,223.192,SF-P3O-NoSpectral,Walker2d-v4,0
278347,reward,2931,267.31069384843846,244.491,SF-P3O-NoSpectral,Walker2d-v4,0
278528,loss,-0.07749541103839874,1.1449518203735352,SF-P3O-NoSpectral,Walker2d-v4,0
278528,diagnostics,0.0,63.31,79.0889,0.043695,0.951188,0.5411,0.122976,SF-P3O-NoSpectral,Walker2d-v4,0
278548,reward,2932,340.5470285859439,266.381,SF-P3O-NoSpectral,Walker2d-v4,0
278744,reward,2933,345.738647098165,262.162,SF-P3O-NoSpectral,Walker2d-v4,0
278971,reward,2934,379.60212463855845,271.351,SF-P3O-NoSpectral,Walker2d-v4,0
279151,reward,2935,310.5228965738043,278.341,SF-P3O-NoSpectral,Walker2d-v4,0
279275,reward,2936,242.89041578769357,297.19,SF-P3O-NoSpectral,Walker2d-v4,0
279428,reward,2937,286.78173589339957,304.432,SF-P3O-NoSpectral,Walker2d-v4,0
279637,reward,2938,324.29508282530486,307.06,SF-P3O-NoSpectral,Walker2d-v4,0
279866,reward,2939,313.59208707180653,307.525,SF-P3O-NoSpectral,Walker2d-v4,0
280000,speed,429.7,9.4,SF-P3O-NoSpectral,Walker2d-v4,0
280040,reward,2940,347.7880643733995,315.907,SF-P3O-NoSpectral,Walker2d-v4,0
280269,reward,2941,365.49158336846386,325.725,SF-P3O-NoSpectral,Walker2d-v4,0
280720,reward,2942,630.2886065686645,354.699,SF-P3O-NoSpectral,Walker2d-v4,0
281021,reward,2943,418.1081480111973,361.936,SF-P3O-NoSpectral,Walker2d-v4,0
281097,reward,2944,53.2809558976471,329.304,SF-P3O-NoSpectral,Walker2d-v4,0
281215,reward,2945,255.35968276993378,323.788,SF-P3O-NoSpectral,Walker2d-v4,0
281370,reward,2946,307.9440101176904,330.293,SF-P3O-NoSpectral,Walker2d-v4,0
281564,reward,2947,404.27069755045216,342.042,SF-P3O-NoSpectral,Walker2d-v4,0
281715,reward,2948,305.47625564318736,340.16,SF-P3O-NoSpectral,Walker2d-v4,0
281954,reward,2949,381.4937233204001,346.95,SF-P3O-NoSpectral,Walker2d-v4,0
282236,reward,2950,341.66679137583736,346.338,SF-P3O-NoSpectral,Walker2d-v4,0
282401,reward,2951,352.15591652866567,345.004,SF-P3O-NoSpectral,Walker2d-v4,0
282522,reward,2952,239.1838552304997,305.894,SF-P3O-NoSpectral,Walker2d-v4,0
282745,reward,2953,363.7155052123498,300.455,SF-P3O-NoSpectral,Walker2d-v4,0
282892,reward,2954,270.1310599589226,322.14,SF-P3O-NoSpectral,Walker2d-v4,0
283068,reward,2955,282.1275354824047,324.817,SF-P3O-NoSpectral,Walker2d-v4,0
283170,reward,2956,192.37721690339362,313.26,SF-P3O-NoSpectral,Walker2d-v4,0
283356,reward,2957,370.6613878404808,309.899,SF-P3O-NoSpectral,Walker2d-v4,0
283527,reward,2958,314.1632652959373,310.768,SF-P3O-NoSpectral,Walker2d-v4,0
283675,reward,2959,284.89175348533973,301.107,SF-P3O-NoSpectral,Walker2d-v4,0
283787,reward,2960,55.10478381277006,272.451,SF-P3O-NoSpectral,Walker2d-v4,0
284005,reward,2961,416.35735356131795,278.871,SF-P3O-NoSpectral,Walker2d-v4,0
284149,reward,2962,83.0533638475504,263.258,SF-P3O-NoSpectral,Walker2d-v4,0
284314,reward,2963,326.65149902675205,259.552,SF-P3O-NoSpectral,Walker2d-v4,0
284478,reward,2964,314.84651465484353,264.023,SF-P3O-NoSpectral,Walker2d-v4,0
284625,reward,2965,232.877066202941,259.098,SF-P3O-NoSpectral,Walker2d-v4,0
284790,reward,2966,306.15841775295,270.477,SF-P3O-NoSpectral,Walker2d-v4,0
284962,reward,2967,328.9258154089441,266.303,SF-P3O-NoSpectral,Walker2d-v4,0
285325,reward,2968,535.574688858694,288.444,SF-P3O-NoSpectral,Walker2d-v4,0
285739,reward,2969,535.2069544939937,313.476,SF-P3O-NoSpectral,Walker2d-v4,0
285894,reward,2970,306.7539512689027,338.641,SF-P3O-NoSpectral,Walker2d-v4,0
286015,reward,2971,233.43915748446614,320.349,SF-P3O-NoSpectral,Walker2d-v4,0
286142,reward,2972,271.2850695425056,339.172,SF-P3O-NoSpectral,Walker2d-v4,0
286351,reward,2973,348.2507072690989,341.332,SF-P3O-NoSpectral,Walker2d-v4,0
286572,reward,2974,403.2407526656784,350.171,SF-P3O-NoSpectral,Walker2d-v4,0
286699,reward,2975,250.14875025759173,351.898,SF-P3O-NoSpectral,Walker2d-v4,0
286720,loss,-0.08014200627803802,0.7471062541007996,SF-P3O-NoSpectral,Walker2d-v4,0
287095,reward,2976,468.7098998433615,368.154,SF-P3O-NoSpectral,Walker2d-v4,0
287315,reward,2977,387.8973595047445,374.051,SF-P3O-NoSpectral,Walker2d-v4,0
287491,reward,2978,313.9403866360529,351.887,SF-P3O-NoSpectral,Walker2d-v4,0
287636,reward,2979,276.13688018885773,325.98,SF-P3O-NoSpectral,Walker2d-v4,0
287796,reward,2980,352.71498253633587,330.576,SF-P3O-NoSpectral,Walker2d-v4,0
288007,reward,2981,334.4103224918686,340.674,SF-P3O-NoSpectral,Walker2d-v4,0
288167,reward,2982,309.8459987313622,344.53,SF-P3O-NoSpectral,Walker2d-v4,0
288277,reward,2983,24.54407565805535,312.159,SF-P3O-NoSpectral,Walker2d-v4,0
288668,reward,2984,537.2770110953155,325.563,SF-P3O-NoSpectral,Walker2d-v4,0
288827,reward,2985,313.72970965190086,331.921,SF-P3O-NoSpectral,Walker2d-v4,0
288954,reward,2986,264.8532391331859,311.535,SF-P3O-NoSpectral,Walker2d-v4,0
289184,reward,2987,357.52710498464137,308.498,SF-P3O-NoSpectral,Walker2d-v4,0
289455,reward,2988,446.7670728984254,321.781,SF-P3O-NoSpectral,Walker2d-v4,0
289797,reward,2989,489.47679961486836,343.115,SF-P3O-NoSpectral,Walker2d-v4,0
289907,reward,2990,153.4659448090373,323.19,SF-P3O-NoSpectral,Walker2d-v4,0
290000,speed,607.13,9.67,SF-P3O-NoSpectral,Walker2d-v4,0
290047,reward,2991,254.97925801127147,315.247,SF-P3O-NoSpectral,Walker2d-v4,0
290221,reward,2992,255.12008665582434,309.774,SF-P3O-NoSpectral,Walker2d-v4,0
290426,reward,2993,384.6091497536419,345.781,SF-P3O-NoSpectral,Walker2d-v4,0
290583,reward,2994,334.0825906722297,325.461,SF-P3O-NoSpectral,Walker2d-v4,0
290781,reward,2995,375.7641892299206,331.665,SF-P3O-NoSpectral,Walker2d-v4,0
291152,reward,2996,480.895264777383,353.269,SF-P3O-NoSpectral,Walker2d-v4,0
291291,reward,2997,219.53820395039395,339.47,SF-P3O-NoSpectral,Walker2d-v4,0
291457,reward,2998,297.14784434363224,324.508,SF-P3O-NoSpectral,Walker2d-v4,0
291628,reward,2999,337.77638937015445,309.338,SF-P3O-NoSpectral,Walker2d-v4,0
291827,reward,3000,269.90114659020855,320.981,SF-P3O-NoSpectral,Walker2d-v4,0
292212,reward,3001,479.23732336754216,343.407,SF-P3O-NoSpectral,Walker2d-v4,0
292390,reward,3002,337.3447204317675,351.63,SF-P3O-NoSpectral,Walker2d-v4,0
292524,reward,3003,211.19778162983295,334.289,SF-P3O-NoSpectral,Walker2d-v4,0
292649,reward,3004,206.81923538652126,321.562,SF-P3O-NoSpectral,Walker2d-v4,0
292834,reward,3005,366.7087917749599,320.657,SF-P3O-NoSpectral,Walker2d-v4,0
293214,reward,3006,558.0960941509106,328.377,SF-P3O-NoSpectral,Walker2d-v4,0
293330,reward,3007,221.39766392646615,328.563,SF-P3O-NoSpectral,Walker2d-v4,0
293478,reward,3008,269.92645778829666,325.841,SF-P3O-NoSpectral,Walker2d-v4,0
293621,reward,3009,300.71092488158024,322.134,SF-P3O-NoSpectral,Walker2d-v4,0
293780,reward,3010,326.90893749240126,327.835,SF-P3O-NoSpectral,Walker2d-v4,0
293967,reward,3011,146.23115120536517,294.534,SF-P3O-NoSpectral,Walker2d-v4,0
294087,reward,3012,244.55510005960164,285.255,SF-P3O-NoSpectral,Walker2d-v4,0
294267,reward,3013,345.8988075309733,298.725,SF-P3O-NoSpectral,Walker2d-v4,0
294437,reward,3014,328.42306393790255,310.886,SF-P3O-NoSpectral,Walker2d-v4,0
294583,reward,3015,276.0347889075483,301.818,SF-P3O-NoSpectral,Walker2d-v4,0
294797,reward,3016,124.28359396779841,258.437,SF-P3O-NoSpectral,Walker2d-v4,0
294912,loss,-0.08892448246479034,0.6971843242645264,SF-P3O-NoSpectral,Walker2d-v4,0
294912,diagnostics,0.0,63.6,47.1439,0.044685,0.951617,0.5047,0.119435,SF-P3O-NoSpectral,Walker2d-v4,0
294916,reward,3017,209.0448361324899,257.202,SF-P3O-NoSpectral,Walker2d-v4,0
295058,reward,3018,298.9772588977463,260.107,SF-P3O-NoSpectral,Walker2d-v4,0
295222,reward,3019,303.5655767554552,260.392,SF-P3O-NoSpectral,Walker2d-v4,0
295324,reward,3020,182.1479706585313,245.916,SF-P3O-NoSpectral,Walker2d-v4,0
295531,reward,3021,313.6704851561321,262.66,SF-P3O-NoSpectral,Walker2d-v4,0
295815,reward,3022,403.7305302318493,278.578,SF-P3O-NoSpectral,Walker2d-v4,0
296006,reward,3023,373.6050394571376,281.348,SF-P3O-NoSpectral,Walker2d-v4,0
296254,reward,3024,430.10488832930844,291.516,SF-P3O-NoSpectral,Walker2d-v4,0
296417,reward,3025,327.58154558000655,296.671,SF-P3O-NoSpectral,Walker2d-v4,0
296572,reward,3026,38.99434912946176,288.142,SF-P3O-NoSpectral,Walker2d-v4,0
296712,reward,3027,272.3657634856591,294.474,SF-P3O-NoSpectral,Walker2d-v4,0
296844,reward,3028,246.1475102427803,289.191,SF-P3O-NoSpectral,Walker2d-v4,0
296982,reward,3029,277.2762553440536,286.562,SF-P3O-NoSpectral,Walker2d-v4,0
297145,reward,3030,361.2231433255402,304.47,SF-P3O-NoSpectral,Walker2d-v4,0
297348,reward,3031,345.54918462776106,307.658,SF-P3O-NoSpectral,Walker2d-v4,0
297579,reward,3032,435.5847719528439,310.843,SF-P3O-NoSpectral,Walker2d-v4,0
297882,reward,3033,496.30431207644733,323.113,SF-P3O-NoSpectral,Walker2d-v4,0
298040,reward,3034,304.64021041749487,310.567,SF-P3O-NoSpectral,Walker2d-v4,0
298179,reward,3035,270.2529765563877,304.834,SF-P3O-NoSpectral,Walker2d-v4,0
298355,reward,3036,332.40030492384864,334.174,SF-P3O-NoSpectral,Walker2d-v4,0
298478,reward,3037,242.23695693142423,331.162,SF-P3O-NoSpectral,Walker2d-v4,0
298646,reward,3038,326.43029773111766,339.19,SF-P3O-NoSpectral,Walker2d-v4,0
298833,reward,3039,344.7943870064042,345.942,SF-P3O-NoSpectral,Walker2d-v4,0
298968,reward,3040,282.7348911748287,338.093,SF-P3O-NoSpectral,Walker2d-v4,0
299111,reward,3041,284.4058615841315,331.978,SF-P3O-NoSpectral,Walker2d-v4,0
299255,reward,3042,225.18835196227653,310.939,SF-P3O-NoSpectral,Walker2d-v4,0
299424,reward,3043,337.63230037251896,295.072,SF-P3O-NoSpectral,Walker2d-v4,0
299611,reward,3044,331.94591783262723,297.802,SF-P3O-NoSpectral,Walker2d-v4,0
299761,reward,3045,259.98431875141085,296.775,SF-P3O-NoSpectral,Walker2d-v4,0
299960,reward,3046,341.08124116131154,297.643,SF-P3O-NoSpectral,Walker2d-v4,0
300000,speed,626.03,9.94,SF-P3O-NoSpectral,Walker2d-v4,0
300000,perturb,0.045314,0.951306,0.5047,32334,35512,0.271662,6,SF-P3O-NoSpectral,Walker2d-v4,0
300166,reward,3047,300.9577713360674,303.516,SF-P3O-NoSpectral,Walker2d-v4,0
300329,reward,3048,320.44387631257047,302.917,SF-P3O-NoSpectral,Walker2d-v4,0
300455,reward,3049,229.52654961190157,291.39,SF-P3O-NoSpectral,Walker2d-v4,0
300599,reward,3050,282.36394049457175,291.353,SF-P3O-NoSpectral,Walker2d-v4,0
300813,reward,3051,386.1761980889296,301.53,SF-P3O-NoSpectral,Walker2d-v4,0
301057,reward,3052,132.0775257593161,292.219,SF-P3O-NoSpectral,Walker2d-v4,0
301234,reward,3053,307.559219621653,289.212,SF-P3O-NoSpectral,Walker2d-v4,0
301416,reward,3054,291.6633616857215,285.183,SF-P3O-NoSpectral,Walker2d-v4,0
301583,reward,3055,304.398686784966,289.625,SF-P3O-NoSpectral,Walker2d-v4,0
301778,reward,3056,354.3121067006648,290.948,SF-P3O-NoSpectral,Walker2d-v4,0
301945,reward,3057,287.5444046657383,289.607,SF-P3O-NoSpectral,Walker2d-v4,0
302277,reward,3058,472.08710717209675,304.771,SF-P3O-NoSpectral,Walker2d-v4,0
302544,reward,3059,469.7753743724105,328.796,SF-P3O-NoSpectral,Walker2d-v4,0
302703,reward,3060,307.6904048544643,331.328,SF-P3O-NoSpectral,Walker2d-v4,0
302967,reward,3061,388.162698344944,331.527,SF-P3O-NoSpectral,Walker2d-v4,0
303104,loss,0.050221413373947144,0.9148228764533997,SF-P3O-NoSpectral,Walker2d-v4,0
303175,reward,3062,383.07100803213626,356.626,SF-P3O-NoSpectral,Walker2d-v4,0
303355,reward,3063,343.44084050351813,360.215,SF-P3O-NoSpectral,Walker2d-v4,0
303494,reward,3064,294.9325529643906,360.542,SF-P3O-NoSpectral,Walker2d-v4,0
303647,reward,3065,307.5206368256242,360.854,SF-P3O-NoSpectral,Walker2d-v4,0
303815,reward,3066,311.53551714724193,356.576,SF-P3O-NoSpectral,Walker2d-v4,0
303993,reward,3067,296.292847270157,357.451,SF-P3O-NoSpectral,Walker2d-v4,0
304114,reward,3068,83.42810033689297,318.585,SF-P3O-NoSpectral,Walker2d-v4,0
304288,reward,3069,291.5444532240211,300.762,SF-P3O-NoSpectral,Walker2d-v4,0
304548,reward,3070,433.67686679902306,313.361,SF-P3O-NoSpectral,Walker2d-v4,0
304688,reward,3071,258.6709157257284,300.411,SF-P3O-NoSpectral,Walker2d-v4,0
304807,reward,3072,271.4469294220768,289.249,SF-P3O-NoSpectral,Walker2d-v4,0
304970,reward,3073,300.60180461889786,284.965,SF-P3O-NoSpectral,Walker2d-v4,0
305160,reward,3074,368.49512273634224,292.321,SF-P3O-NoSpectral,Walker2d-v4,0
305490,reward,3075,455.6813253540299,307.137,SF-P3O-NoSpectral,Walker2d-v4,0
305640,reward,3076,266.8074921963151,302.665,SF-P3O-NoSpectral,Walker2d-v4,0
305783,reward,3077,258.2535318549932,298.861,SF-P3O-NoSpectral,Walker2d-v4,0
305957,reward,3078,327.67385733547115,323.285,SF-P3O-NoSpectral,Walker2d-v4,0
306062,reward,3079,218.76780432225667,316.008,SF-P3O-NoSpectral,Walker2d-v4,0
306157,reward,3080,193.87420777933073,292.027,SF-P3O-NoSpectral,Walker2d-v4,0
306308,reward,3081,323.27730719873676,298.488,SF-P3O-NoSpectral,Walker2d-v4,0
306523,reward,3082,355.32364089763377,306.876,SF-P3O-NoSpectral,Walker2d-v4,0
306713,reward,3083,135.5398268437969,290.369,SF-P3O-NoSpectral,Walker2d-v4,0
307063,reward,3084,498.8090447085258,303.401,SF-P3O-NoSpectral,Walker2d-v4,0
307153,reward,3085,158.46717501166134,273.679,SF-P3O-NoSpectral,Walker2d-v4,0
307335,reward,3086,341.0297874618931,281.102,SF-P3O-NoSpectral,Walker2d-v4,0
307493,reward,3087,283.2936674902369,283.606,SF-P3O-NoSpectral,Walker2d-v4,0
307628,reward,3088,277.31388156212927,278.57,SF-P3O-NoSpectral,Walker2d-v4,0
307753,reward,3089,253.64645094040014,282.057,SF-P3O-NoSpectral,Walker2d-v4,0
308008,reward,3090,403.28809025567114,302.999,SF-P3O-NoSpectral,Walker2d-v4,0
308189,reward,3091,358.65104082559594,306.536,SF-P3O-NoSpectral,Walker2d-v4,0
308348,reward,3092,290.4106485073518,300.045,SF-P3O-NoSpectral,Walker2d-v4,0
308556,reward,3093,335.33138558142593,320.024,SF-P3O-NoSpectral,Walker2d-v4,0
308746,reward,3094,372.63860381409694,307.407,SF-P3O-NoSpectral,Walker2d-v4,0
308965,reward,3095,406.03519446391596,332.164,SF-P3O-NoSpectral,Walker2d-v4,0
309159,reward,3096,410.8350304222637,339.144,SF-P3O-NoSpectral,Walker2d-v4,0
309356,reward,3097,336.70188424625275,344.485,SF-P3O-NoSpectral,Walker2d-v4,0
309501,reward,3098,305.9466075082242,347.348,SF-P3O-NoSpectral,Walker2d-v4,0
309694,reward,3099,363.5812130114875,358.342,SF-P3O-NoSpectral,Walker2d-v4,0
310000,speed,653.81,10.2,SF-P3O-NoSpectral,Walker2d-v4,0
310028,reward,3100,489.82267489659716,366.995,SF-P3O-NoSpectral,Walker2d-v4,0
310303,reward,3101,433.6756091486031,374.498,SF-P3O-NoSpectral,Walker2d-v4,0
310380,reward,3102,137.54150538508003,359.211,SF-P3O-NoSpectral,Walker2d-v4,0
310631,reward,3103,377.7772752020136,363.456,SF-P3O-NoSpectral,Walker2d-v4,0
310768,reward,3104,276.3573047921767,353.827,SF-P3O-NoSpectral,Walker2d-v4,0
310942,reward,3105,333.8042015734397,346.604,SF-P3O-NoSpectral,Walker2d-v4,0
311089,reward,3106,286.27510666132144,334.148,SF-P3O-NoSpectral,Walker2d-v4,0
311250,reward,3107,303.08631367665106,330.787,SF-P3O-NoSpectral,Walker2d-v4,0
311296,loss,-0.047136254608631134,0.8560545444488525,SF-P3O-NoSpectral,Walker2d-v4,0
311296,diagnostics,0.0,64.72,47.7518,0.04639,0.951787,0.4103,0.127477,SF-P3O-NoSpectral,Walker2d-v4,0
311393,reward,3108,272.32663989194646,327.425,SF-P3O-NoSpectral,Walker2d-v4,0
311518,reward,3109,232.78486037372255,314.345,SF-P3O-NoSpectral,Walker2d-v4,0
311632,reward,3110,237.96276930178854,289.159,SF-P3O-NoSpectral,Walker2d-v4,0
311774,reward,3111,306.8555685850726,276.477,SF-P3O-NoSpectral,Walker2d-v4,0
311914,reward,3112,276.65637149111984,290.389,SF-P3O-NoSpectral,Walker2d-v4,0
312042,reward,3113,238.1565713844058,276.427,SF-P3O-NoSpectral,Walker2d-v4,0
312191,reward,3114,261.4501655768296,274.936,SF-P3O-NoSpectral,Walker2d-v4,0
312351,reward,3115,316.08711180726766,273.164,SF-P3O-NoSpectral,Walker2d-v4,0
312606,reward,3116,449.32614900557695,289.469,SF-P3O-NoSpectral,Walker2d-v4,0
312778,reward,3117,332.75990367315603,292.437,SF-P3O-NoSpectral,Walker2d-v4,0
312930,reward,3118,341.77644285978874,299.382,SF-P3O-NoSpectral,Walker2d-v4,0
313133,reward,3119,362.9542482865604,312.399,SF-P3O-NoSpectral,Walker2d-v4,0
313372,reward,3120,355.111558734435,324.113,SF-P3O-NoSpectral,Walker2d-v4,0
313855,reward,3121,670.716616494469,360.5,SF-P3O-NoSpectral,Walker2d-v4,0
314256,reward,3122,564.6633949415656,389.3,SF-P3O-NoSpectral,Walker2d-v4,0
314407,reward,3123,305.2548046038988,396.01,SF-P3O-NoSpectral,Walker2d-v4,0
314581,reward,3124,284.88832029736767,398.354,SF-P3O-NoSpectral,Walker2d-v4,0
314800,reward,3125,369.8418759623152,403.729,SF-P3O-NoSpectral,Walker2d-v4,0
315006,reward,3126,369.60922622654374,395.758,SF-P3O-NoSpectral,Walker2d-v4,0
315236,reward,3127,439.15025469665125,406.397,SF-P3O-NoSpectral,Walker2d-v4,0
315417,reward,3128,325.63510389745704,404.783,SF-P3O-NoSpectral,Walker2d-v4,0
315553,reward,3129,271.4924593879665,395.636,SF-P3O-NoSpectral,Walker2d-v4,0
315745,reward,3130,345.0446100041383,394.63,SF-P3O-NoSpectral,Walker2d-v4,0
316085,reward,3131,504.11045504523975,377.969,SF-P3O-NoSpectral,Walker2d-v4,0
316106,reward,3132,14.304472288398882,322.933,SF-P3O-NoSpectral,Walker2d-v4,0
316221,reward,3133,247.62543731029982,317.17,SF-P3O-NoSpectral,Walker2d-v4,0
316418,reward,3134,390.80666884852,327.762,SF-P3O-NoSpectral,Walker2d-v4,0
316646,reward,3135,390.20026842964904,329.798,SF-P3O-NoSpectral,Walker2d-v4,0
316796,reward,3136,274.854981400523,320.322,SF-P3O-NoSpectral,Walker2d-v4,0
316975,reward,3137,374.91781253063357,313.899,SF-P3O-NoSpectral,Walker2d-v4,0
317222,reward,3138,442.04223576633694,325.54,SF-P3O-NoSpectral,Walker2d-v4,0
317332,reward,3139,225.01701115737347,320.892,SF-P3O-NoSpectral,Walker2d-v4,0
317543,reward,3140,392.24641349079087,325.613,SF-P3O-NoSpectral,Walker2d-v4,0
317809,reward,3141,426.11009342675675,317.813,SF-P3O-NoSpectral,Walker2d-v4,0
317997,reward,3142,386.316862804243,355.014,SF-P3O-NoSpectral,Walker2d-v4,0
318200,reward,3143,113.16472589276111,341.568,SF-P3O-NoSpectral,Walker2d-v4,0
318337,reward,3144,271.959217838903,329.683,SF-P3O-NoSpectral,Walker2d-v4,0
318477,reward,3145,318.42472779931586,322.505,SF-P3O-NoSpectral,Walker2d-v4,0
318645,reward,3146,306.7180076967399,325.692,SF-P3O-NoSpectral,Walker2d-v4,0
318951,reward,3147,497.2898050179873,337.929,SF-P3O-NoSpectral,Walker2d-v4,0
319078,reward,3148,251.4751848518676,318.872,SF-P3O-NoSpectral,Walker2d-v4,0
319272,reward,3149,349.73192733572057,331.344,SF-P3O-NoSpectral,Walker2d-v4,0
319377,reward,3150,168.15378290673553,308.934,SF-P3O-NoSpectral,Walker2d-v4,0
319488,loss,-0.19527152180671692,0.7056288719177246,SF-P3O-NoSpectral,Walker2d-v4,0
319616,reward,3151,414.55341391981807,307.779,SF-P3O-NoSpectral,Walker2d-v4,0
320000,speed,435.72,10.58,SF-P3O-NoSpectral,Walker2d-v4,0
320056,reward,3152,290.188213221918,298.166,SF-P3O-NoSpectral,Walker2d-v4,0
320227,reward,3153,345.2816969297173,321.378,SF-P3O-NoSpectral,Walker2d-v4,0
320403,reward,3154,340.1449264714115,328.196,SF-P3O-NoSpectral,Walker2d-v4,0
320548,reward,3155,347.07124571760306,331.061,SF-P3O-NoSpectral,Walker2d-v4,0
320775,reward,3156,306.2125898691481,331.01,SF-P3O-NoSpectral,Walker2d-v4,0
321014,reward,3157,401.0549841613281,321.387,SF-P3O-NoSpectral,Walker2d-v4,0
321311,reward,3158,157.21786510520164,311.961,SF-P3O-NoSpectral,Walker2d-v4,0
321505,reward,3159,360.7735612539657,313.065,SF-P3O-NoSpectral,Walker2d-v4,0
321659,reward,3160,253.31356117837262,321.581,SF-P3O-NoSpectral,Walker2d-v4,0
321777,reward,3161,273.727325737509,307.499,SF-P3O-NoSpectral,Walker2d-v4,0
322085,reward,3162,476.85255503477475,326.165,SF-P3O-NoSpectral,Walker2d-v4,0
322309,reward,3163,451.9273862642346,336.83,SF-P3O-NoSpectral,Walker2d-v4,0
322444,reward,3164,281.0510360978085,330.92,SF-P3O-NoSpectral,Walker2d-v4,0
322600,reward,3165,299.64154786439946,326.177,SF-P3O-NoSpectral,Walker2d-v4,0
322856,reward,3166,455.6798269617746,341.124,SF-P3O-NoSpectral,Walker2d-v4,0
323006,reward,3167,270.06300705692394,328.025,SF-P3O-NoSpectral,Walker2d-v4,0
323140,reward,3168,267.0762590763711,339.011,SF-P3O-NoSpectral,Walker2d-v4,0
323292,reward,3169,295.2734472748206,332.461,SF-P3O-NoSpectral,Walker2d-v4,0
323490,reward,3170,355.4424164401749,342.673,SF-P3O-NoSpectral,Walker2d-v4,0
323656,reward,3171,311.58317631819205,346.459,SF-P3O-NoSpectral,Walker2d-v4,0
323765,reward,3172,222.81816769951058,321.056,SF-P3O-NoSpectral,Walker2d-v4,0
323911,reward,3173,295.9830918161553,305.461,SF-P3O-NoSpectral,Walker2d-v4,0
324111,reward,3174,159.9030581661138,293.346,SF-P3O-NoSpectral,Walker2d-v4,0
324243,reward,3175,273.36516726862527,290.719,SF-P3O-NoSpectral,Walker2d-v4,0
324489,reward,3176,391.4693333385718,284.298,SF-P3O-NoSpectral,Walker2d-v4,0
324672,reward,3177,329.835781752506,290.275,SF-P3O-NoSpectral,Walker2d-v4,0
324906,reward,3178,378.0424005848006,301.372,SF-P3O-NoSpectral,Walker2d-v4,0
325056,reward,3179,296.3638034873628,301.481,SF-P3O-NoSpectral,Walker2d-v4,0
325261,reward,3180,353.353262032875,301.272,SF-P3O-NoSpectral,Walker2d-v4,0
325407,reward,3181,300.4139604949616,300.155,SF-P3O-NoSpectral,Walker2d-v4,0
325600,reward,3182,348.54752185665194,312.728,SF-P3O-NoSpectral,Walker2d-v4,0
325766,reward,3183,301.12897177662796,313.242,SF-P3O-NoSpectral,Walker2d-v4,0
325916,reward,3184,312.63892458286796,328.516,SF-P3O-NoSpectral,Walker2d-v4,0
326058,reward,3185,302.8134690231064,331.461,SF-P3O-NoSpectral,Walker2d-v4,0
326178,reward,3186,273.9008066128357,319.704,SF-P3O-NoSpectral,Walker2d-v4,0
326359,reward,3187,355.4675286278187,322.267,SF-P3O-NoSpectral,Walker2d-v4,0
326490,reward,3188,260.1118069418584,310.474,SF-P3O-NoSpectral,Walker2d-v4,0
326671,reward,3189,355.50399767342384,316.388,SF-P3O-NoSpectral,Walker2d-v4,0
326857,reward,3190,365.1483534085934,317.568,SF-P3O-NoSpectral,Walker2d-v4,0
327020,reward,3191,321.3886079633456,319.665,SF-P3O-NoSpectral,Walker2d-v4,0
327148,reward,3192,246.39567126028794,309.45,SF-P3O-NoSpectral,Walker2d-v4,0
327321,reward,3193,326.91790586741064,312.029,SF-P3O-NoSpectral,Walker2d-v4,0
327492,reward,3194,268.4928462408585,307.614,SF-P3O-NoSpectral,Walker2d-v4,0
327658,reward,3195,288.33843463568905,306.167,SF-P3O-NoSpectral,Walker2d-v4,0
327680,loss,-0.05526047199964523,0.7059261202812195,SF-P3O-NoSpectral,Walker2d-v4,0
327680,diagnostics,0.0,65.03,38.7132,0.047541,0.952161,0.3562,0.124671,SF-P3O-NoSpectral,Walker2d-v4,0
327915,reward,3196,370.00504577684154,315.777,SF-P3O-NoSpectral,Walker2d-v4,0
328099,reward,3197,334.67822269973226,313.698,SF-P3O-NoSpectral,Walker2d-v4,0
328196,reward,3198,173.20854832117408,305.008,SF-P3O-NoSpectral,Walker2d-v4,0
328328,reward,3199,277.4597814104357,297.203,SF-P3O-NoSpectral,Walker2d-v4,0
328511,reward,3200,379.1937221443681,298.608,SF-P3O-NoSpectral,Walker2d-v4,0
328721,reward,3201,364.2597763814494,302.895,SF-P3O-NoSpectral,Walker2d-v4,0
328835,reward,3202,257.31685875039335,303.987,SF-P3O-NoSpectral,Walker2d-v4,0
328982,reward,3203,294.7681160116699,300.772,SF-P3O-NoSpectral,Walker2d-v4,0
329139,reward,3204,308.53169552686256,304.776,SF-P3O-NoSpectral,Walker2d-v4,0
329278,reward,3205,277.32404403248574,303.675,SF-P3O-NoSpectral,Walker2d-v4,0
329510,reward,3206,403.8501145742519,307.059,SF-P3O-NoSpectral,Walker2d-v4,0
329632,reward,3207,253.15269617192564,298.907,SF-P3O-NoSpectral,Walker2d-v4,0
329799,reward,3208,336.493778103911,315.235,SF-P3O-NoSpectral,Walker2d-v4,0
329924,reward,3209,255.47924441541204,313.037,SF-P3O-NoSpectral,Walker2d-v4,0
330000,speed,628.72,10.84,SF-P3O-NoSpectral,Walker2d-v4,0
330156,reward,3210,344.37032861706393,309.555,SF-P3O-NoSpectral,Walker2d-v4,0
330305,reward,3211,338.4450102996524,306.973,SF-P3O-NoSpectral,Walker2d-v4,0
330428,reward,3212,278.9180373130148,309.133,SF-P3O-NoSpectral,Walker2d-v4,0
330541,reward,3213,213.60124245787443,301.017,SF-P3O-NoSpectral,Walker2d-v4,0
330682,reward,3214,258.5699217443122,296.02,SF-P3O-NoSpectral,Walker2d-v4,0
330832,reward,3215,306.91169757656763,298.979,SF-P3O-NoSpectral,Walker2d-v4,0
331111,reward,3216,476.87892800214695,306.282,SF-P3O-NoSpectral,Walker2d-v4,0
331264,reward,3217,324.6702933624015,313.434,SF-P3O-NoSpectral,Walker2d-v4,0
331384,reward,3218,247.57486167771336,304.542,SF-P3O-NoSpectral,Walker2d-v4,0
331566,reward,3219,359.8997221029477,314.984,SF-P3O-NoSpectral,Walker2d-v4,0
331745,reward,3220,362.2967915019088,316.777,SF-P3O-NoSpectral,Walker2d-v4,0
331863,reward,3221,247.87063529580362,307.719,SF-P3O-NoSpectral,Walker2d-v4,0
331981,reward,3222,205.8846074453382,300.416,SF-P3O-NoSpectral,Walker2d-v4,0
332144,reward,3223,320.9504631322605,311.151,SF-P3O-NoSpectral,Walker2d-v4,0
332266,reward,3224,244.14858202331783,309.709,SF-P3O-NoSpectral,Walker2d-v4,0
332425,reward,3225,319.72158707956623,310.99,SF-P3O-NoSpectral,Walker2d-v4,0
332561,reward,3226,227.74736182914955,286.076,SF-P3O-NoSpectral,Walker2d-v4,0
332713,reward,3227,326.50803487304546,286.26,SF-P3O-NoSpectral,Walker2d-v4,0
332894,reward,3228,345.94433316333743,296.097,SF-P3O-NoSpectral,Walker2d-v4,0
333138,reward,3229,390.2368264657545,299.131,SF-P3O-NoSpectral,Walker2d-v4,0
333334,reward,3230,403.56719061794985,303.258,SF-P3O-NoSpectral,Walker2d-v4,0
333526,reward,3231,341.6042870232544,312.631,SF-P3O-NoSpectral,Walker2d-v4,0
333673,reward,3232,312.3524384964331,323.278,SF-P3O-NoSpectral,Walker2d-v4,0
333808,reward,3233,279.30244864186074,319.113,SF-P3O-NoSpectral,Walker2d-v4,0
333974,reward,3234,333.0585849222868,328.004,SF-P3O-NoSpectral,Walker2d-v4,0
334153,reward,3235,327.5860678670843,328.791,SF-P3O-NoSpectral,Walker2d-v4,0
334337,reward,3236,325.66767649230337,338.583,SF-P3O-NoSpectral,Walker2d-v4,0
334487,reward,3237,61.40523756920238,312.073,SF-P3O-NoSpectral,Walker2d-v4,0
334618,reward,3238,294.741307361518,306.952,SF-P3O-NoSpectral,Walker2d-v4,0
334799,reward,3239,343.0888211057843,302.237,SF-P3O-NoSpectral,Walker2d-v4,0
334926,reward,3240,257.8078974839294,287.661,SF-P3O-NoSpectral,Walker2d-v4,0
335065,reward,3241,262.63779021071264,279.765,SF-P3O-NoSpectral,Walker2d-v4,0
335197,reward,3242,257.0673842266137,274.236,SF-P3O-NoSpectral,Walker2d-v4,0
335346,reward,3243,287.2840934364305,275.034,SF-P3O-NoSpectral,Walker2d-v4,0
335431,reward,3244,162.2934450056988,257.958,SF-P3O-NoSpectral,Walker2d-v4,0
335542,reward,3245,213.66587420501818,246.566,SF-P3O-NoSpectral,Walker2d-v4,0
335684,reward,3246,305.9111589935825,244.59,SF-P3O-NoSpectral,Walker2d-v4,0
335872,loss,-0.05135592073202133,0.6434179544448853,SF-P3O-NoSpectral,Walker2d-v4,0
335898,reward,3247,310.5207334641125,269.502,SF-P3O-NoSpectral,Walker2d-v4,0
336132,reward,3248,432.37151123311963,283.265,SF-P3O-NoSpectral,Walker2d-v4,0
336300,reward,3249,357.1577095761811,284.672,SF-P3O-NoSpectral,Walker2d-v4,0
336462,reward,3250,300.3550822338076,288.926,SF-P3O-NoSpectral,Walker2d-v4,0
336642,reward,3251,355.14005547327804,298.177,SF-P3O-NoSpectral,Walker2d-v4,0
336816,reward,3252,380.5585376459764,310.526,SF-P3O-NoSpectral,Walker2d-v4,0
336958,reward,3253,295.5131199908626,311.349,SF-P3O-NoSpectral,Walker2d-v4,0
337072,reward,3254,196.22187305408823,314.742,SF-P3O-NoSpectral,Walker2d-v4,0
337205,reward,3255,269.31037963492736,320.306,SF-P3O-NoSpectral,Walker2d-v4,0
337391,reward,3256,326.14834394810737,322.33,SF-P3O-NoSpectral,Walker2d-v4,0
337516,reward,3257,262.18286473636044,317.496,SF-P3O-NoSpectral,Walker2d-v4,0
337862,reward,3258,520.4138983879741,326.3,SF-P3O-NoSpectral,Walker2d-v4,0
337969,reward,3259,212.5599662760919,311.84,SF-P3O-NoSpectral,Walker2d-v4,0
338120,reward,3260,311.899381997644,312.995,SF-P3O-NoSpectral,Walker2d-v4,0
338238,reward,3261,230.05173012536167,300.486,SF-P3O-NoSpectral,Walker2d-v4,0
338378,reward,3262,317.30474611128346,294.161,SF-P3O-NoSpectral,Walker2d-v4,0
338587,reward,3263,403.14409834768173,304.924,SF-P3O-NoSpectral,Walker2d-v4,0
338747,reward,3264,336.4151812534112,318.943,SF-P3O-NoSpectral,Walker2d-v4,0
338933,reward,3265,398.71721693781797,331.884,SF-P3O-NoSpectral,Walker2d-v4,0
339113,reward,3266,351.1575063619261,334.385,SF-P3O-NoSpectral,Walker2d-v4,0
339339,reward,3267,386.0327057357283,346.77,SF-P3O-NoSpectral,Walker2d-v4,0
339500,reward,3268,292.11370092123934,323.94,SF-P3O-NoSpectral,Walker2d-v4,0
339729,reward,3269,403.3158551577883,343.015,SF-P3O-NoSpectral,Walker2d-v4,0
339906,reward,3270,368.80817754711103,348.706,SF-P3O-NoSpectral,Walker2d-v4,0
340000,speed,627.57,11.11,SF-P3O-NoSpectral,Walker2d-v4,0
340056,reward,3271,289.7202054511476,354.673,SF-P3O-NoSpectral,Walker2d-v4,0
340161,reward,3272,191.7512869810115,342.118,SF-P3O-NoSpectral,Walker2d-v4,0
340346,reward,3273,335.19206439758545,335.322,SF-P3O-NoSpectral,Walker2d-v4,0
340495,reward,3274,321.68595084008217,333.849,SF-P3O-NoSpectral,Walker2d-v4,0
340648,reward,3275,319.62513432220135,325.94,SF-P3O-NoSpectral,Walker2d-v4,0
340807,reward,3276,339.1783640630592,324.742,SF-P3O-NoSpectral,Walker2d-v4,0
341043,reward,3277,446.38934505797664,330.778,SF-P3O-NoSpectral,Walker2d-v4,0
341293,reward,3278,452.7150245842419,346.838,SF-P3O-NoSpectral,Walker2d-v4,0
341542,reward,3279,396.17224924994645,346.124,SF-P3O-NoSpectral,Walker2d-v4,0
341665,reward,3280,263.8744235679599,335.63,SF-P3O-NoSpectral,Walker2d-v4,0
341858,reward,3281,95.97134561689111,316.256,SF-P3O-NoSpectral,Walker2d-v4,0
342005,reward,3282,315.9448895851383,328.675,SF-P3O-NoSpectral,Walker2d-v4,0
342219,reward,3283,400.2766148963412,335.183,SF-P3O-NoSpectral,Walker2d-v4,0
342331,reward,3284,219.19610694264412,324.934,SF-P3O-NoSpectral,Walker2d-v4,0
342496,reward,3285,307.53816166799726,323.726,SF-P3O-NoSpectral,Walker2d-v4,0
342806,reward,3286,467.98636271874875,336.606,SF-P3O-NoSpectral,Walker2d-v4,0
342961,reward,3287,296.9163937906542,321.659,SF-P3O-NoSpectral,Walker2d-v4,0
343152,reward,3288,355.9758045689616,311.985,SF-P3O-NoSpectral,Walker2d-v4,0
343342,reward,3289,403.31468992425056,312.699,SF-P3O-NoSpectral,Walker2d-v4,0
343535,reward,3290,376.0012929150356,323.912,SF-P3O-NoSpectral,Walker2d-v4,0
343637,reward,3291,198.96969265056717,334.212,SF-P3O-NoSpectral,Walker2d-v4,0
343750,reward,3292,227.94038116225514,325.412,SF-P3O-NoSpectral,Walker2d-v4,0
343889,reward,3293,253.64862922777516,310.749,SF-P3O-NoSpectral,Walker2d-v4,0
344006,reward,3294,252.62877355307103,314.092,SF-P3O-NoSpectral,Walker2d-v4,0
344064,loss,-0.0677255243062973,0.7575604319572449,SF-P3O-NoSpectral,Walker2d-v4,0
344064,diagnostics,0.0,65.35,49.9582,0.048771,0.952681,0.3502,0.122882,SF-P3O-NoSpectral,Walker2d-v4,0
344189,reward,3295,343.4304527090041,317.681,SF-P3O-NoSpectral,Walker2d-v4,0
344408,reward,3296,444.2777911281512,315.31,SF-P3O-NoSpectral,Walker2d-v4,0
344523,reward,3297,228.5458089984465,308.473,SF-P3O-NoSpectral,Walker2d-v4,0
344682,reward,3298,349.3743177747377,307.813,SF-P3O-NoSpectral,Walker2d-v4,0
344870,reward,3299,362.44687230764964,303.726,SF-P3O-NoSpectral,Walker2d-v4,0
345031,reward,3300,337.8505457020717,299.911,SF-P3O-NoSpectral,Walker2d-v4,0
345177,reward,3301,282.12739317285354,308.227,SF-P3O-NoSpectral,Walker2d-v4,0
345256,reward,3302,132.0280053111253,298.636,SF-P3O-NoSpectral,Walker2d-v4,0
345400,reward,3303,337.2930849746555,307.0,SF-P3O-NoSpectral,Walker2d-v4,0
345590,reward,3304,380.6507962313558,319.803,SF-P3O-NoSpectral,Walker2d-v4,0
345694,reward,3305,184.89956525810052,303.949,SF-P3O-NoSpectral,Walker2d-v4,0
345810,reward,3306,195.48548651992218,279.07,SF-P3O-NoSpectral,Walker2d-v4,0
345961,reward,3307,311.1501207626149,287.331,SF-P3O-NoSpectral,Walker2d-v4,0
346119,reward,3308,77.64257783036021,260.157,SF-P3O-NoSpectral,Walker2d-v4,0
346282,reward,3309,351.6912661272484,259.082,SF-P3O-NoSpectral,Walker2d-v4,0
346501,reward,3310,404.0122819661535,265.698,SF-P3O-NoSpectral,Walker2d-v4,0
346824,reward,3311,540.1311490829333,291.498,SF-P3O-NoSpectral,Walker2d-v4,0
346997,reward,3312,348.6180713974559,313.157,SF-P3O-NoSpectral,Walker2d-v4,0
347179,reward,3313,397.47129453036683,319.175,SF-P3O-NoSpectral,Walker2d-v4,0
347284,reward,3314,202.01669065977447,301.312,SF-P3O-NoSpectral,Walker2d-v4,0
347503,reward,3315,392.09866302903265,322.032,SF-P3O-NoSpectral,Walker2d-v4,0
347644,reward,3316,270.56451452606524,329.54,SF-P3O-NoSpectral,Walker2d-v4,0
347778,reward,3317,299.6032740565855,328.385,SF-P3O-NoSpectral,Walker2d-v4,0
347969,reward,3318,400.1687925138295,360.638,SF-P3O-NoSpectral,Walker2d-v4,0
348106,reward,3319,265.4491912982853,352.013,SF-P3O-NoSpectral,Walker2d-v4,0
348311,reward,3320,409.87683950592304,352.6,SF-P3O-NoSpectral,Walker2d-v4,0
348554,reward,3321,452.93762137503285,343.88,SF-P3O-NoSpectral,Walker2d-v4,0
348726,reward,3322,325.84934647468157,341.604,SF-P3O-NoSpectral,Walker2d-v4,0
348921,reward,3323,393.5853998065156,341.215,SF-P3O-NoSpectral,Walker2d-v4,0
349082,reward,3324,356.68161436053674,356.682,SF-P3O-NoSpectral,Walker2d-v4,0
349278,reward,3325,393.0194746124862,356.774,SF-P3O-NoSpectral,Walker2d-v4,0
349463,reward,3326,374.14075388329286,367.131,SF-P3O-NoSpectral,Walker2d-v4,0
349619,reward,3327,306.5234569296126,367.823,SF-P3O-NoSpectral,Walker2d-v4,0
349862,reward,3328,414.63332411867316,369.27,SF-P3O-NoSpectral,Walker2d-v4,0
350000,speed,664.71,11.36,SF-P3O-NoSpectral,Walker2d-v4,0
350000,perturb,0.049351,0.952341,0.3502,30949,36897,0.275505,7,SF-P3O-NoSpectral,Walker2d-v4,0
350049,reward,3329,350.2034322664529,377.745,SF-P3O-NoSpectral,Walker2d-v4,0
350194,reward,3330,289.51245991181287,365.709,SF-P3O-NoSpectral,Walker2d-v4,0
350455,reward,3331,430.18162195325795,363.433,SF-P3O-NoSpectral,Walker2d-v4,0
350631,reward,3332,367.14164567261633,367.562,SF-P3O-NoSpectral,Walker2d-v4,0
350904,reward,3333,461.2429279572053,374.328,SF-P3O-NoSpectral,Walker2d-v4,0
351022,reward,3334,204.2937383025478,359.089,SF-P3O-NoSpectral,Walker2d-v4,0
351195,reward,3335,310.52369211864925,350.84,SF-P3O-NoSpectral,Walker2d-v4,0
351344,reward,3336,283.7462810757653,341.8,SF-P3O-NoSpectral,Walker2d-v4,0
351504,reward,3337,328.5388202333703,344.002,SF-P3O-NoSpectral,Walker2d-v4,0
351672,reward,3338,303.62701514822675,332.901,SF-P3O-NoSpectral,Walker2d-v4,0
351858,reward,3339,340.754060057476,331.956,SF-P3O-NoSpectral,Walker2d-v4,0
351972,reward,3340,210.280002034016,324.033,SF-P3O-NoSpectral,Walker2d-v4,0
352104,reward,3341,274.34390730147874,308.449,SF-P3O-NoSpectral,Walker2d-v4,0
352256,loss,-0.09639285504817963,0.6708183288574219,SF-P3O-NoSpectral,Walker2d-v4,0
352306,reward,3342,350.8762409489289,306.823,SF-P3O-NoSpectral,Walker2d-v4,0
352449,reward,3343,295.51003164628855,290.249,SF-P3O-NoSpectral,Walker2d-v4,0
352610,reward,3344,326.29659350924226,302.45,SF-P3O-NoSpectral,Walker2d-v4,0
352726,reward,3345,216.3721136883735,293.035,SF-P3O-NoSpectral,Walker2d-v4,0
352987,reward,3346,380.45438808178676,302.705,SF-P3O-NoSpectral,Walker2d-v4,0
353155,reward,3347,321.9824193976265,302.05,SF-P3O-NoSpectral,Walker2d-v4,0
353319,reward,3348,361.085428192774,307.796,SF-P3O-NoSpectral,Walker2d-v4,0
353449,reward,3349,249.41673998271318,298.662,SF-P3O-NoSpectral,Walker2d-v4,0
353588,reward,3350,307.44255676938377,308.378,SF-P3O-NoSpectral,Walker2d-v4,0
353781,reward,3351,368.02415543018725,317.746,SF-P3O-NoSpectral,Walker2d-v4,0
353919,reward,3352,295.0398426979416,312.162,SF-P3O-NoSpectral,Walker2d-v4,0
354119,reward,3353,382.36320432856974,320.848,SF-P3O-NoSpectral,Walker2d-v4,0
354263,reward,3354,310.6165054733056,319.28,SF-P3O-NoSpectral,Walker2d-v4,0
354446,reward,3355,357.4989640838128,333.392,SF-P3O-NoSpectral,Walker2d-v4,0
354712,reward,3356,428.77626306439083,338.225,SF-P3O-NoSpectral,Walker2d-v4,0
354902,reward,3357,368.75068691033067,342.901,SF-P3O-NoSpectral,Walker2d-v4,0
355050,reward,3358,291.19358490935105,335.912,SF-P3O-NoSpectral,Walker2d-v4,0
355195,reward,3359,346.5992084944837,345.63,SF-P3O-NoSpectral,Walker2d-v4,0
355344,reward,3360,328.06092930929316,347.692,SF-P3O-NoSpectral,Walker2d-v4,0
355488,reward,3361,267.75725871116566,337.666,SF-P3O-NoSpectral,Walker2d-v4,0
355629,reward,3362,290.4942585626217,337.211,SF-P3O-NoSpectral,Walker2d-v4,0
355756,reward,3363,249.00769967041316,323.876,SF-P3O-NoSpectral,Walker2d-v4,0
355982,reward,3364,391.8736209211047,332.001,SF-P3O-NoSpectral,Walker2d-v4,0
356230,reward,3365,459.3755495822036,342.189,SF-P3O-NoSpectral,Walker2d-v4,0
356404,reward,3366,301.56963798685086,329.468,SF-P3O-NoSpectral,Walker2d-v4,0
356569,reward,3367,332.45248761608144,325.838,SF-P3O-NoSpectral,Walker2d-v4,0
356736,reward,3368,333.88205926955925,330.107,SF-P3O-NoSpectral,Walker2d-v4,0
356872,reward,3369,284.33160683772275,323.881,SF-P3O-NoSpectral,Walker2d-v4,0
357002,reward,3370,257.1427218910626,316.789,SF-P3O-NoSpectral,Walker2d-v4,0
357213,reward,3371,333.8808289561138,323.401,SF-P3O-NoSpectral,Walker2d-v4,0
357379,reward,3372,346.163110936586,328.968,SF-P3O-NoSpectral,Walker2d-v4,0
357563,reward,3373,385.31924318999955,342.599,SF-P3O-NoSpectral,Walker2d-v4,0
357696,reward,3374,283.7464649016886,331.786,SF-P3O-NoSpectral,Walker2d-v4,0
357876,reward,3375,384.2264900443271,324.271,SF-P3O-NoSpectral,Walker2d-v4,0
358015,reward,3376,299.3098563519891,324.045,SF-P3O-NoSpectral,Walker2d-v4,0
358187,reward,3377,379.7000235634181,328.77,SF-P3O-NoSpectral,Walker2d-v4,0
358428,reward,3378,401.3436005339172,335.516,SF-P3O-NoSpectral,Walker2d-v4,0
358653,reward,3379,418.12692087069155,348.896,SF-P3O-NoSpectral,Walker2d-v4,0
358815,reward,3380,331.08191841923974,356.29,SF-P3O-NoSpectral,Walker2d-v4,0
358917,reward,3381,186.23172971733436,341.525,SF-P3O-NoSpectral,Walker2d-v4,0
359169,reward,3382,444.1174667691586,351.32,SF-P3O-NoSpectral,Walker2d-v4,0
359366,reward,3383,401.89824778278796,352.978,SF-P3O-NoSpectral,Walker2d-v4,0
359569,reward,3384,94.73845897557868,334.077,SF-P3O-NoSpectral,Walker2d-v4,0
359768,reward,3385,354.1888841383144,331.074,SF-P3O-NoSpectral,Walker2d-v4,0
359856,reward,3386,146.80213844130267,315.823,SF-P3O-NoSpectral,Walker2d-v4,0
360000,speed,630.82,11.62,SF-P3O-NoSpectral,Walker2d-v4,0
360003,reward,3387,329.4810035354569,310.801,SF-P3O-NoSpectral,Walker2d-v4,0
360117,reward,3388,232.7139522057588,293.938,SF-P3O-NoSpectral,Walker2d-v4,0
360310,reward,3389,365.829854817563,288.708,SF-P3O-NoSpectral,Walker2d-v4,0
360439,reward,3390,276.62897565693225,283.263,SF-P3O-NoSpectral,Walker2d-v4,0
360448,loss,0.06420654058456421,0.7311389446258545,SF-P3O-NoSpectral,Walker2d-v4,0
360448,diagnostics,0.0,66.43,46.9466,0.050615,0.952504,0.3047,0.12803,SF-P3O-NoSpectral,Walker2d-v4,0
360600,reward,3391,309.94559797243613,295.634,SF-P3O-NoSpectral,Walker2d-v4,0
360738,reward,3392,316.34644868669005,282.857,SF-P3O-NoSpectral,Walker2d-v4,0
360861,reward,3393,257.3087305060617,268.398,SF-P3O-NoSpectral,Walker2d-v4,0
361122,reward,3394,494.5779828649009,308.382,SF-P3O-NoSpectral,Walker2d-v4,0
361237,reward,3395,243.05820968694317,297.269,SF-P3O-NoSpectral,Walker2d-v4,0
361392,reward,3396,299.6439519138368,312.553,SF-P3O-NoSpectral,Walker2d-v4,0
361555,reward,3397,324.63588611190255,312.069,SF-P3O-NoSpectral,Walker2d-v4,0
361748,reward,3398,342.49253758502687,323.047,SF-P3O-NoSpectral,Walker2d-v4,0
361874,reward,3399,261.41513205748174,312.605,SF-P3O-NoSpectral,Walker2d-v4,0
362004,reward,3400,281.7935825464353,313.122,SF-P3O-NoSpectral,Walker2d-v4,0
362135,reward,3401,308.6769555644781,312.995,SF-P3O-NoSpectral,Walker2d-v4,0
362396,reward,3402,447.25424636335003,326.086,SF-P3O-NoSpectral,Walker2d-v4,0
362532,reward,3403,273.244078326673,327.679,SF-P3O-NoSpectral,Walker2d-v4,0
362681,reward,3404,316.93786830107433,309.915,SF-P3O-NoSpectral,Walker2d-v4,0
362870,reward,3405,360.9134882983589,321.701,SF-P3O-NoSpectral,Walker2d-v4,0
363064,reward,3406,415.5888248369132,333.295,SF-P3O-NoSpectral,Walker2d-v4,0
363220,reward,3407,357.28937728901633,336.561,SF-P3O-NoSpectral,Walker2d-v4,0
363517,reward,3408,433.9196987449548,345.703,SF-P3O-NoSpectral,Walker2d-v4,0
363643,reward,3409,252.5396664251846,344.816,SF-P3O-NoSpectral,Walker2d-v4,0
363758,reward,3410,245.69932459229943,341.206,SF-P3O-NoSpectral,Walker2d-v4,0
363925,reward,3411,316.31798041551946,341.97,SF-P3O-NoSpectral,Walker2d-v4,0
364057,reward,3412,256.02174670301633,322.847,SF-P3O-NoSpectral,Walker2d-v4,0
364193,reward,3413,272.6591903844364,322.789,SF-P3O-NoSpectral,Walker2d-v4,0
364324,reward,3414,254.72594149004738,316.568,SF-P3O-NoSpectral,Walker2d-v4,0
364509,reward,3415,368.31955959125645,317.308,SF-P3O-NoSpectral,Walker2d-v4,0
364721,reward,3416,392.5296487668671,315.002,SF-P3O-NoSpectral,Walker2d-v4,0
364848,reward,3417,272.06580157235913,306.48,SF-P3O-NoSpectral,Walker2d-v4,0
365031,reward,3418,346.13119261764115,297.701,SF-P3O-NoSpectral,Walker2d-v4,0
365190,reward,3419,327.4697844496527,305.194,SF-P3O-NoSpectral,Walker2d-v4,0
365340,reward,3420,279.9922390411226,308.623,SF-P3O-NoSpectral,Walker2d-v4,0
365472,reward,3421,264.3934728039856,303.431,SF-P3O-NoSpectral,Walker2d-v4,0
365627,reward,3422,292.1149359797322,307.04,SF-P3O-NoSpectral,Walker2d-v4,0
365827,reward,3423,339.93380611162763,313.768,SF-P3O-NoSpectral,Walker2d-v4,0
365982,reward,3424,345.89187373443764,322.884,SF-P3O-NoSpectral,Walker2d-v4,0
366119,reward,3425,264.9398022195205,312.546,SF-P3O-NoSpectral,Walker2d-v4,0
366274,reward,3426,303.5044348854034,303.644,SF-P3O-NoSpectral,Walker2d-v4,0
366444,reward,3427,324.7078303538196,308.908,SF-P3O-NoSpectral,Walker2d-v4,0
366594,reward,3428,352.2284164047457,309.518,SF-P3O-NoSpectral,Walker2d-v4,0
366782,reward,3429,390.47205946709573,315.818,SF-P3O-NoSpectral,Walker2d-v4,0
366881,reward,3430,189.60706474503672,306.779,SF-P3O-NoSpectral,Walker2d-v4,0
367090,reward,3431,380.7384479637896,318.414,SF-P3O-NoSpectral,Walker2d-v4,0
367243,reward,3432,312.3822562908323,320.441,SF-P3O-NoSpectral,Walker2d-v4,0
367402,reward,3433,343.1041472769746,320.758,SF-P3O-NoSpectral,Walker2d-v4,0
367568,reward,3434,333.738549916608,319.542,SF-P3O-NoSpectral,Walker2d-v4,0
367777,reward,3435,416.7305536151254,334.721,SF-P3O-NoSpectral,Walker2d-v4,0
367949,reward,3436,345.99686364163693,338.971,SF-P3O-NoSpectral,Walker2d-v4,0
368104,reward,3437,322.9044409902899,338.79,SF-P3O-NoSpectral,Walker2d-v4,0
368216,reward,3438,240.55641502280673,327.623,SF-P3O-NoSpectral,Walker2d-v4,0
368494,reward,3439,419.329650413981,330.509,SF-P3O-NoSpectral,Walker2d-v4,0
368640,loss,-0.025542981922626495,0.7378491759300232,SF-P3O-NoSpectral,Walker2d-v4,0
368659,reward,3440,367.152295565533,348.263,SF-P3O-NoSpectral,Walker2d-v4,0
368881,reward,3441,410.74079386761093,351.264,SF-P3O-NoSpectral,Walker2d-v4,0
369138,reward,3442,399.37673963801575,359.963,SF-P3O-NoSpectral,Walker2d-v4,0
369315,reward,3443,366.82783319936027,362.335,SF-P3O-NoSpectral,Walker2d-v4,0
369461,reward,3444,316.6610785457074,360.628,SF-P3O-NoSpectral,Walker2d-v4,0
369622,reward,3445,317.03546967952485,350.658,SF-P3O-NoSpectral,Walker2d-v4,0
369804,reward,3446,410.5606418279773,357.115,SF-P3O-NoSpectral,Walker2d-v4,0
370000,speed,425.02,12.02,SF-P3O-NoSpectral,Walker2d-v4,0
370011,reward,3447,390.5053520961339,363.875,SF-P3O-NoSpectral,Walker2d-v4,0
370311,reward,3448,521.1650041348178,391.935,SF-P3O-NoSpectral,Walker2d-v4,0
370460,reward,3449,322.13721496336166,382.216,SF-P3O-NoSpectral,Walker2d-v4,0
370661,reward,3450,350.624339989234,380.563,SF-P3O-NoSpectral,Walker2d-v4,0
370817,reward,3451,314.45330153480495,370.935,SF-P3O-NoSpectral,Walker2d-v4,0
370960,reward,3452,283.082858640648,359.305,SF-P3O-NoSpectral,Walker2d-v4,0
371171,reward,3453,408.76138857197094,363.499,SF-P3O-NoSpectral,Walker2d-v4,0
371187,reward,3454,7.526757850126699,332.585,SF-P3O-NoSpectral,Walker2d-v4,0
371336,reward,3455,303.4803780104268,331.23,SF-P3O-NoSpectral,Walker2d-v4,0
371488,reward,3456,294.45467342326964,319.619,SF-P3O-NoSpectral,Walker2d-v4,0
371642,reward,3457,328.24879221527124,313.393,SF-P3O-NoSpectral,Walker2d-v4,0
371866,reward,3458,422.16685380981096,303.494,SF-P3O-NoSpectral,Walker2d-v4,0
372050,reward,3459,431.24601238074825,314.405,SF-P3O-NoSpectral,Walker2d-v4,0
372229,reward,3460,363.92721512594073,315.735,SF-P3O-NoSpectral,Walker2d-v4,0
372428,reward,3461,402.810152413555,324.571,SF-P3O-NoSpectral,Walker2d-v4,0
372607,reward,3462,340.62675062167335,330.325,SF-P3O-NoSpectral,Walker2d-v4,0
372792,reward,3463,390.8245064328494,328.531,SF-P3O-NoSpectral,Walker2d-v4,0
372915,reward,3464,235.2809495572008,351.307,SF-P3O-NoSpectral,Walker2d-v4,0
373088,reward,3465,368.4029179749927,357.799,SF-P3O-NoSpectral,Walker2d-v4,0
373245,reward,3466,283.06490220844756,356.66,SF-P3O-NoSpectral,Walker2d-v4,0
373417,reward,3467,315.35658715019383,355.371,SF-P3O-NoSpectral,Walker2d-v4,0
373561,reward,3468,288.9846644756731,342.052,SF-P3O-NoSpectral,Walker2d-v4,0
373717,reward,3469,318.15120354813547,330.743,SF-P3O-NoSpectral,Walker2d-v4,0
373868,reward,3470,315.7451402345173,325.925,SF-P3O-NoSpectral,Walker2d-v4,0
374060,reward,3471,420.7736651793714,327.721,SF-P3O-NoSpectral,Walker2d-v4,0
374269,reward,3472,381.19328311319634,331.778,SF-P3O-NoSpectral,Walker2d-v4,0
374449,reward,3473,379.58670967177125,330.654,SF-P3O-NoSpectral,Walker2d-v4,0
374624,reward,3474,314.8657038923392,338.612,SF-P3O-NoSpectral,Walker2d-v4,0
374874,reward,3475,406.78031120191434,342.45,SF-P3O-NoSpectral,Walker2d-v4,0
375041,reward,3476,363.04640009080356,350.448,SF-P3O-NoSpectral,Walker2d-v4,0
375201,reward,3477,309.41983580241396,349.855,SF-P3O-NoSpectral,Walker2d-v4,0
375376,reward,3478,349.7546162025583,355.932,SF-P3O-NoSpectral,Walker2d-v4,0
375556,reward,3479,422.11709816120333,366.328,SF-P3O-NoSpectral,Walker2d-v4,0
375721,reward,3480,343.1876317368015,369.073,SF-P3O-NoSpectral,Walker2d-v4,0
375927,reward,3481,365.24801946803746,363.52,SF-P3O-NoSpectral,Walker2d-v4,0
376063,reward,3482,333.12565083804844,358.713,SF-P3O-NoSpectral,Walker2d-v4,0
376176,reward,3483,261.1059591418623,346.865,SF-P3O-NoSpectral,Walker2d-v4,0
376336,reward,3484,341.6965662814072,349.548,SF-P3O-NoSpectral,Walker2d-v4,0
376473,reward,3485,291.9891520327777,338.069,SF-P3O-NoSpectral,Walker2d-v4,0
376587,reward,3486,216.87045753040985,323.451,SF-P3O-NoSpectral,Walker2d-v4,0
376796,reward,3487,400.5651971235723,332.566,SF-P3O-NoSpectral,Walker2d-v4,0
376832,loss,0.0009151031263172626,0.6264821887016296,SF-P3O-NoSpectral,Walker2d-v4,0
376832,diagnostics,0.0,66.74,39.7807,0.052052,0.952166,0.3181,0.12167,SF-P3O-NoSpectral,Walker2d-v4,0
376930,reward,3488,286.07776408971984,326.198,SF-P3O-NoSpectral,Walker2d-v4,0
377029,reward,3489,207.54267377448522,304.741,SF-P3O-NoSpectral,Walker2d-v4,0
377146,reward,3490,246.500965907306,295.072,SF-P3O-NoSpectral,Walker2d-v4,0
377293,reward,3491,327.43390137302976,291.291,SF-P3O-NoSpectral,Walker2d-v4,0
377540,reward,3492,445.65724005546167,302.544,SF-P3O-NoSpectral,Walker2d-v4,0
377729,reward,3493,367.0897673386224,313.142,SF-P3O-NoSpectral,Walker2d-v4,0
377900,reward,3494,379.56858538064097,316.93,SF-P3O-NoSpectral,Walker2d-v4,0
378117,reward,3495,458.1760344821731,333.548,SF-P3O-NoSpectral,Walker2d-v4,0
378307,reward,3496,396.273636019778,351.489,SF-P3O-NoSpectral,Walker2d-v4,0
378459,reward,3497,377.1176546094673,349.144,SF-P3O-NoSpectral,Walker2d-v4,0
378675,reward,3498,414.00144274435576,361.936,SF-P3O-NoSpectral,Walker2d-v4,0
378860,reward,3499,371.0837435055124,378.29,SF-P3O-NoSpectral,Walker2d-v4,0
379024,reward,3500,267.5995795535121,380.4,SF-P3O-NoSpectral,Walker2d-v4,0
379144,reward,3501,196.1562236301996,367.272,SF-P3O-NoSpectral,Walker2d-v4,0
379287,reward,3502,285.91959808051723,351.299,SF-P3O-NoSpectral,Walker2d-v4,0
379424,reward,3503,305.6957310591275,345.159,SF-P3O-NoSpectral,Walker2d-v4,0
379595,reward,3504,336.7190532940918,340.874,SF-P3O-NoSpectral,Walker2d-v4,0
379807,reward,3505,428.78222602128864,337.935,SF-P3O-NoSpectral,Walker2d-v4,0
380000,speed,623.69,12.28,SF-P3O-NoSpectral,Walker2d-v4,0
380045,reward,3506,390.44691230007624,337.352,SF-P3O-NoSpectral,Walker2d-v4,0
380264,reward,3507,370.48776801989703,336.689,SF-P3O-NoSpectral,Walker2d-v4,0
380421,reward,3508,324.13325866301386,327.702,SF-P3O-NoSpectral,Walker2d-v4,0
380577,reward,3509,368.51420449569036,327.445,SF-P3O-NoSpectral,Walker2d-v4,0
380699,reward,3510,233.51891830952243,324.037,SF-P3O-NoSpectral,Walker2d-v4,0
380893,reward,3511,384.2618931491114,342.848,SF-P3O-NoSpectral,Walker2d-v4,0
381103,reward,3512,391.69639256788537,353.426,SF-P3O-NoSpectral,Walker2d-v4,0
381275,reward,3513,301.21314009471905,352.977,SF-P3O-NoSpectral,Walker2d-v4,0
381392,reward,3514,253.4322222064769,344.649,SF-P3O-NoSpectral,Walker2d-v4,0
381567,reward,3515,395.46121618298537,341.317,SF-P3O-NoSpectral,Walker2d-v4,0
381729,reward,3516,318.33125031600736,334.105,SF-P3O-NoSpectral,Walker2d-v4,0
381855,reward,3517,275.15444808898224,324.572,SF-P3O-NoSpectral,Walker2d-v4,0
382029,reward,3518,352.7230919260709,327.431,SF-P3O-NoSpectral,Walker2d-v4,0
382166,reward,3519,326.30786063863866,323.21,SF-P3O-NoSpectral,Walker2d-v4,0
382310,reward,3520,290.2329123988057,328.881,SF-P3O-NoSpectral,Walker2d-v4,0
382450,reward,3521,310.86368954768767,321.542,SF-P3O-NoSpectral,Walker2d-v4,0
382640,reward,3522,359.9577186876377,318.368,SF-P3O-NoSpectral,Walker2d-v4,0
382810,reward,3523,342.5529643450584,322.502,SF-P3O-NoSpectral,Walker2d-v4,0
383007,reward,3524,378.74529363960494,335.033,SF-P3O-NoSpectral,Walker2d-v4,0
383174,reward,3525,355.97546527223005,331.084,SF-P3O-NoSpectral,Walker2d-v4,0
383306,reward,3526,280.9765303559416,327.349,SF-P3O-NoSpectral,Walker2d-v4,0
383449,reward,3527,312.13123746242746,331.047,SF-P3O-NoSpectral,Walker2d-v4,0
383627,reward,3528,353.56014412478834,331.13,SF-P3O-NoSpectral,Walker2d-v4,0
383832,reward,3529,422.37925776930905,340.738,SF-P3O-NoSpectral,Walker2d-v4,0
384064,reward,3530,400.13910483527565,351.728,SF-P3O-NoSpectral,Walker2d-v4,0
384238,reward,3531,360.96289323889505,356.738,SF-P3O-NoSpectral,Walker2d-v4,0
384361,reward,3532,275.0377023585827,348.246,SF-P3O-NoSpectral,Walker2d-v4,0
384516,reward,3533,306.3970965935205,344.63,SF-P3O-NoSpectral,Walker2d-v4,0
384654,reward,3534,314.0284053340242,338.159,SF-P3O-NoSpectral,Walker2d-v4,0
384814,reward,3535,300.37100241247697,332.598,SF-P3O-NoSpectral,Walker2d-v4,0
384988,reward,3536,400.84874717564827,344.586,SF-P3O-NoSpectral,Walker2d-v4,0
385024,loss,-0.09193339943885803,1.0069608688354492,SF-P3O-NoSpectral,Walker2d-v4,0
385143,reward,3537,363.2060714128223,349.693,SF-P3O-NoSpectral,Walker2d-v4,0
385247,reward,3538,193.4628200899314,333.683,SF-P3O-NoSpectral,Walker2d-v4,0
385387,reward,3539,311.65153219225255,322.611,SF-P3O-NoSpectral,Walker2d-v4,0
385509,reward,3540,255.83174581654106,308.18,SF-P3O-NoSpectral,Walker2d-v4,0
385639,reward,3541,305.6877010193539,302.652,SF-P3O-NoSpectral,Walker2d-v4,0
385806,reward,3542,314.0018630502782,306.549,SF-P3O-NoSpectral,Walker2d-v4,0
385938,reward,3543,304.8739335115837,306.396,SF-P3O-NoSpectral,Walker2d-v4,0
386111,reward,3544,363.42639028848083,311.336,SF-P3O-NoSpectral,Walker2d-v4,0
386293,reward,3545,367.19578764948784,318.019,SF-P3O-NoSpectral,Walker2d-v4,0
386433,reward,3546,294.5937134063804,307.393,SF-P3O-NoSpectral,Walker2d-v4,0
386580,reward,3547,330.6216848838247,304.135,SF-P3O-NoSpectral,Walker2d-v4,0
386734,reward,3548,338.1835942021059,318.607,SF-P3O-NoSpectral,Walker2d-v4,0
386920,reward,3549,329.8898688859562,320.431,SF-P3O-NoSpectral,Walker2d-v4,0
387046,reward,3550,264.8259996427338,321.33,SF-P3O-NoSpectral,Walker2d-v4,0
387250,reward,3551,402.20137230376935,330.981,SF-P3O-NoSpectral,Walker2d-v4,0
387486,reward,3552,439.92975483679385,343.574,SF-P3O-NoSpectral,Walker2d-v4,0
387665,reward,3553,403.2020781031737,353.407,SF-P3O-NoSpectral,Walker2d-v4,0
387824,reward,3554,321.051573133177,349.17,SF-P3O-NoSpectral,Walker2d-v4,0
388010,reward,3555,402.6611808026297,352.716,SF-P3O-NoSpectral,Walker2d-v4,0
388141,reward,3556,293.2199688353454,352.579,SF-P3O-NoSpectral,Walker2d-v4,0
388324,reward,3557,405.68543287995027,360.085,SF-P3O-NoSpectral,Walker2d-v4,0
388454,reward,3558,293.89301283441415,355.656,SF-P3O-NoSpectral,Walker2d-v4,0
388677,reward,3559,421.0472596973069,364.772,SF-P3O-NoSpectral,Walker2d-v4,0
388783,reward,3560,214.53848307827678,359.743,SF-P3O-NoSpectral,Walker2d-v4,0
388952,reward,3561,347.7193557291138,354.295,SF-P3O-NoSpectral,Walker2d-v4,0
389143,reward,3562,391.5993990319989,349.462,SF-P3O-NoSpectral,Walker2d-v4,0
389278,reward,3563,328.6048530253553,342.002,SF-P3O-NoSpectral,Walker2d-v4,0
389420,reward,3564,293.13521016199917,339.21,SF-P3O-NoSpectral,Walker2d-v4,0
389615,reward,3565,426.7015435144389,341.614,SF-P3O-NoSpectral,Walker2d-v4,0
389733,reward,3566,232.94243155489792,335.587,SF-P3O-NoSpectral,Walker2d-v4,0
389876,reward,3567,317.85329241029956,326.803,SF-P3O-NoSpectral,Walker2d-v4,0
390000,speed,640.7,12.54,SF-P3O-NoSpectral,Walker2d-v4,0
390055,reward,3568,357.0623905456616,333.12,SF-P3O-NoSpectral,Walker2d-v4,0
390235,reward,3569,379.76246329945826,328.992,SF-P3O-NoSpectral,Walker2d-v4,0
390397,reward,3570,328.200978557517,340.358,SF-P3O-NoSpectral,Walker2d-v4,0
390619,reward,3571,377.2317532057847,343.309,SF-P3O-NoSpectral,Walker2d-v4,0
390860,reward,3572,418.1192994570029,345.961,SF-P3O-NoSpectral,Walker2d-v4,0
391079,reward,3573,361.82260427670576,349.283,SF-P3O-NoSpectral,Walker2d-v4,0
391214,reward,3574,274.2149645501993,347.391,SF-P3O-NoSpectral,Walker2d-v4,0
391392,reward,3575,361.990858847793,340.92,SF-P3O-NoSpectral,Walker2d-v4,0
391574,reward,3576,369.8367800686227,354.61,SF-P3O-NoSpectral,Walker2d-v4,0
391715,reward,3577,290.0526018427132,351.829,SF-P3O-NoSpectral,Walker2d-v4,0
391863,reward,3578,324.2388468742976,348.547,SF-P3O-NoSpectral,Walker2d-v4,0
392036,reward,3579,373.88440455881204,347.959,SF-P3O-NoSpectral,Walker2d-v4,0
392175,reward,3580,300.74412556361955,345.214,SF-P3O-NoSpectral,Walker2d-v4,0
392380,reward,3581,380.5214992437731,345.543,SF-P3O-NoSpectral,Walker2d-v4,0
392586,reward,3582,417.92075633031277,345.523,SF-P3O-NoSpectral,Walker2d-v4,0
392750,reward,3583,336.8363067507389,343.024,SF-P3O-NoSpectral,Walker2d-v4,0
392918,reward,3584,401.7190817764181,355.775,SF-P3O-NoSpectral,Walker2d-v4,0
393049,reward,3585,288.5729124288168,348.433,SF-P3O-NoSpectral,Walker2d-v4,0
393216,loss,-0.010606883093714714,0.9825762510299683,SF-P3O-NoSpectral,Walker2d-v4,0
393216,diagnostics,0.0,67.05,61.7144,0.053819,0.951924,0.3029,0.119609,SF-P3O-NoSpectral,Walker2d-v4,0
393216,reward,3586,340.80254686012967,345.529,SF-P3O-NoSpectral,Walker2d-v4,0
393377,reward,3587,325.6351575383406,349.088,SF-P3O-NoSpectral,Walker2d-v4,0
393572,reward,3588,384.09590249795525,355.073,SF-P3O-NoSpectral,Walker2d-v4,0
393719,reward,3589,294.6126687211805,347.146,SF-P3O-NoSpectral,Walker2d-v4,0
393865,reward,3590,309.53245368127733,348.025,SF-P3O-NoSpectral,Walker2d-v4,0
394045,reward,3591,341.053849177376,344.078,SF-P3O-NoSpectral,Walker2d-v4,0
394198,reward,3592,357.63798329042055,338.05,SF-P3O-NoSpectral,Walker2d-v4,0
394328,reward,3593,290.52608351088463,333.419,SF-P3O-NoSpectral,Walker2d-v4,0
394481,reward,3594,311.98494719127245,324.445,SF-P3O-NoSpectral,Walker2d-v4,0
394655,reward,3595,365.1914994892849,332.107,SF-P3O-NoSpectral,Walker2d-v4,0
394763,reward,3596,204.21899428333805,318.449,SF-P3O-NoSpectral,Walker2d-v4,0
394885,reward,3597,265.1098153125788,312.396,SF-P3O-NoSpectral,Walker2d-v4,0
395055,reward,3598,329.67597231662745,306.954,SF-P3O-NoSpectral,Walker2d-v4,0
395259,reward,3599,434.6453594968149,320.958,SF-P3O-NoSpectral,Walker2d-v4,0
395404,reward,3600,328.6476203141286,322.869,SF-P3O-NoSpectral,Walker2d-v4,0
395553,reward,3601,291.8708315751775,317.951,SF-P3O-NoSpectral,Walker2d-v4,0
395866,reward,3602,461.87613468666643,328.375,SF-P3O-NoSpectral,Walker2d-v4,0
396007,reward,3603,305.8493244713274,329.907,SF-P3O-NoSpectral,Walker2d-v4,0
396174,reward,3604,363.5731700141662,335.066,SF-P3O-NoSpectral,Walker2d-v4,0
396408,reward,3605,414.33084299687914,339.98,SF-P3O-NoSpectral,Walker2d-v4,0
396605,reward,3606,388.51588807224664,358.409,SF-P3O-NoSpectral,Walker2d-v4,0
396720,reward,3607,233.78285978952664,355.277,SF-P3O-NoSpectral,Walker2d-v4,0
396880,reward,3608,356.1402109265803,357.923,SF-P3O-NoSpectral,Walker2d-v4,0
397005,reward,3609,265.55623204671946,341.014,SF-P3O-NoSpectral,Walker2d-v4,0
397148,reward,3610,284.6421000221738,336.614,SF-P3O-NoSpectral,Walker2d-v4,0
397282,reward,3611,323.3943114574219,339.766,SF-P3O-NoSpectral,Walker2d-v4,0
397468,reward,3612,368.04646961498116,330.383,SF-P3O-NoSpectral,Walker2d-v4,0
397598,reward,3613,284.3447584276109,328.233,SF-P3O-NoSpectral,Walker2d-v4,0
397717,reward,3614,247.3898231017545,316.614,SF-P3O-NoSpectral,Walker2d-v4,0
397870,reward,3615,326.2457096069299,307.806,SF-P3O-NoSpectral,Walker2d-v4,0
397994,reward,3616,246.16127872287288,293.57,SF-P3O-NoSpectral,Walker2d-v4,0
398249,reward,3617,411.94831488348177,311.387,SF-P3O-NoSpectral,Walker2d-v4,0
398409,reward,3618,410.0194274116716,316.775,SF-P3O-NoSpectral,Walker2d-v4,0
398569,reward,3619,346.4249447962106,324.862,SF-P3O-NoSpectral,Walker2d-v4,0
398791,reward,3620,392.0101726891741,335.599,SF-P3O-NoSpectral,Walker2d-v4,0
398944,reward,3621,329.9397012301964,336.253,SF-P3O-NoSpectral,Walker2d-v4,0
399079,reward,3622,283.74595792987884,327.823,SF-P3O-NoSpectral,Walker2d-v4,0
399215,reward,3623,287.1691710370329,328.105,SF-P3O-NoSpectral,Walker2d-v4,0
399375,reward,3624,333.75096515411116,336.742,SF-P3O-NoSpectral,Walker2d-v4,0
399605,reward,3625,438.63064901660874,347.98,SF-P3O-NoSpectral,Walker2d-v4,0
399733,reward,3626,299.7287054231612,353.337,SF-P3O-NoSpectral,Walker2d-v4,0
399886,reward,3627,350.45607865041853,347.188,SF-P3O-NoSpectral,Walker2d-v4,0
400000,speed,639.74,12.8,SF-P3O-NoSpectral,Walker2d-v4,0
400000,perturb,0.054337,0.951661,0.3029,29235,38611,0.329895,8,SF-P3O-NoSpectral,Walker2d-v4,0
400028,reward,3628,290.4519326775377,335.231,SF-P3O-NoSpectral,Walker2d-v4,0
400200,reward,3629,357.4721417975059,336.336,SF-P3O-NoSpectral,Walker2d-v4,0
400361,reward,3630,335.9846116394891,330.733,SF-P3O-NoSpectral,Walker2d-v4,0
400527,reward,3631,301.2990585842471,327.869,SF-P3O-NoSpectral,Walker2d-v4,0
400655,reward,3632,298.8273727566559,329.377,SF-P3O-NoSpectral,Walker2d-v4,0
400829,reward,3633,389.84136220643046,339.644,SF-P3O-NoSpectral,Walker2d-v4,0
400978,reward,3634,323.9723776174339,338.666,SF-P3O-NoSpectral,Walker2d-v4,0
401080,reward,3635,197.31480192951273,314.535,SF-P3O-NoSpectral,Walker2d-v4,0
401209,reward,3636,289.9656825896052,313.559,SF-P3O-NoSpectral,Walker2d-v4,0
401343,reward,3637,263.9559327085069,304.909,SF-P3O-NoSpectral,Walker2d-v4,0
401408,loss,0.08965358138084412,1.1561089754104614,SF-P3O-NoSpectral,Walker2d-v4,0
401554,reward,3638,434.4832869741623,319.312,SF-P3O-NoSpectral,Walker2d-v4,0
401675,reward,3639,267.7085988790145,310.335,SF-P3O-NoSpectral,Walker2d-v4,0
401841,reward,3640,324.3293519437614,309.17,SF-P3O-NoSpectral,Walker2d-v4,0
401998,reward,3641,354.368444653593,314.477,SF-P3O-NoSpectral,Walker2d-v4,0
402118,reward,3642,250.26149892302826,309.62,SF-P3O-NoSpectral,Walker2d-v4,0
402310,reward,3643,356.1707685189757,306.253,SF-P3O-NoSpectral,Walker2d-v4,0
402497,reward,3644,431.6935063838367,317.025,SF-P3O-NoSpectral,Walker2d-v4,0
402644,reward,3645,342.5775269718614,331.551,SF-P3O-NoSpectral,Walker2d-v4,0
402793,reward,3646,364.3087207040019,338.986,SF-P3O-NoSpectral,Walker2d-v4,0
402952,reward,3647,345.51306563578555,347.141,SF-P3O-NoSpectral,Walker2d-v4,0
403129,reward,3648,331.74582207209323,336.868,SF-P3O-NoSpectral,Walker2d-v4,0
403223,reward,3649,172.5896362077385,327.356,SF-P3O-NoSpectral,Walker2d-v4,0
403374,reward,3650,393.0538515570954,334.228,SF-P3O-NoSpectral,Walker2d-v4,0
403560,reward,3651,345.43693780122857,333.335,SF-P3O-NoSpectral,Walker2d-v4,0
403799,reward,3652,431.65346373078285,351.474,SF-P3O-NoSpectral,Walker2d-v4,0
403942,reward,3653,321.5380462557981,348.011,SF-P3O-NoSpectral,Walker2d-v4,0
404161,reward,3654,378.21168041112406,342.663,SF-P3O-NoSpectral,Walker2d-v4,0
404321,reward,3655,327.7070694269803,341.176,SF-P3O-NoSpectral,Walker2d-v4,0
404517,reward,3656,463.20937396061845,351.066,SF-P3O-NoSpectral,Walker2d-v4,0
404621,reward,3657,203.26974308953385,336.842,SF-P3O-NoSpectral,Walker2d-v4,0
404766,reward,3658,316.21192929636675,335.288,SF-P3O-NoSpectral,Walker2d-v4,0
404918,reward,3659,335.4036869279943,351.57,SF-P3O-NoSpectral,Walker2d-v4,0
405041,reward,3660,266.8152690440983,338.946,SF-P3O-NoSpectral,Walker2d-v4,0
405256,reward,3661,429.7771719467697,347.38,SF-P3O-NoSpectral,Walker2d-v4,0
405520,reward,3662,500.79336669619425,354.294,SF-P3O-NoSpectral,Walker2d-v4,0
405674,reward,3663,334.6244193653874,355.602,SF-P3O-NoSpectral,Walker2d-v4,0
405798,reward,3664,284.62476764331376,346.244,SF-P3O-NoSpectral,Walker2d-v4,0
405970,reward,3665,368.0461861533861,350.278,SF-P3O-NoSpectral,Walker2d-v4,0
406140,reward,3666,366.90872026911865,340.648,SF-P3O-NoSpectral,Walker2d-v4,0
406276,reward,3667,287.14395111643773,349.035,SF-P3O-NoSpectral,Walker2d-v4,0
406463,reward,3668,331.7723986015776,350.591,SF-P3O-NoSpectral,Walker2d-v4,0
406614,reward,3669,313.1352631867558,348.364,SF-P3O-NoSpectral,Walker2d-v4,0
406775,reward,3670,332.06065729530343,354.889,SF-P3O-NoSpectral,Walker2d-v4,0
406932,reward,3671,294.5799299102756,341.369,SF-P3O-NoSpectral,Walker2d-v4,0
407079,reward,3672,316.0786030408086,322.897,SF-P3O-NoSpectral,Walker2d-v4,0
407226,reward,3673,341.265054204829,323.562,SF-P3O-NoSpectral,Walker2d-v4,0
407362,reward,3674,277.28943031425575,322.828,SF-P3O-NoSpectral,Walker2d-v4,0
407566,reward,3675,337.8950075261866,319.813,SF-P3O-NoSpectral,Walker2d-v4,0
407696,reward,3676,299.32654843240056,313.055,SF-P3O-NoSpectral,Walker2d-v4,0
407856,reward,3677,342.24884747447646,318.565,SF-P3O-NoSpectral,Walker2d-v4,0
407996,reward,3678,306.50842582768803,316.039,SF-P3O-NoSpectral,Walker2d-v4,0
408188,reward,3679,378.0353587185297,322.529,SF-P3O-NoSpectral,Walker2d-v4,0
408328,reward,3680,301.2169343141689,319.444,SF-P3O-NoSpectral,Walker2d-v4,0
408577,reward,3681,444.4894137717192,334.435,SF-P3O-NoSpectral,Walker2d-v4,0
408761,reward,3682,350.1332185374653,337.841,SF-P3O-NoSpectral,Walker2d-v4,0
408909,reward,3683,330.02571570010343,336.717,SF-P3O-NoSpectral,Walker2d-v4,0
408978,reward,3684,114.23455150644078,320.411,SF-P3O-NoSpectral,Walker2d-v4,0
409170,reward,3685,347.80627684401577,321.403,SF-P3O-NoSpectral,Walker2d-v4,0
409306,reward,3686,285.64766156791063,320.035,SF-P3O-NoSpectral,Walker2d-v4,0
409437,reward,3687,278.9957260667169,313.709,SF-P3O-NoSpectral,Walker2d-v4,0
409547,reward,3688,232.714815241242,306.33,SF-P3O-NoSpectral,Walker2d-v4,0
409600,loss,-0.005775510333478451,1.1664692163467407,SF-P3O-NoSpectral,Walker2d-v4,0
409600,diagnostics,0.0,68.16,69.1416,0.055739,0.950468,0.3315,0.121621,SF-P3O-NoSpectral,Walker2d-v4,0
409686,reward,3689,351.1361391887703,303.64,SF-P3O-NoSpectral,Walker2d-v4,0
409887,reward,3690,427.10690554834406,316.229,SF-P3O-NoSpectral,Walker2d-v4,0
410000,speed,420.89,13.2,SF-P3O-NoSpectral,Walker2d-v4,0
410042,reward,3691,341.99981384803306,305.98,SF-P3O-NoSpectral,Walker2d-v4,0
410199,reward,3692,335.4080645315944,304.508,SF-P3O-NoSpectral,Walker2d-v4,0
410336,reward,3693,295.4005694399542,301.045,SF-P3O-NoSpectral,Walker2d-v4,0
410402,reward,3694,113.34020790918508,300.956,SF-P3O-NoSpectral,Walker2d-v4,0
410553,reward,3695,338.00180323022914,299.975,SF-P3O-NoSpectral,Walker2d-v4,0
410696,reward,3696,310.77663673270195,302.488,SF-P3O-NoSpectral,Walker2d-v4,0
410938,reward,3697,432.9121046053229,317.88,SF-P3O-NoSpectral,Walker2d-v4,0
411100,reward,3698,426.32091015850096,337.24,SF-P3O-NoSpectral,Walker2d-v4,0
411245,reward,3699,330.53159764214263,335.18,SF-P3O-NoSpectral,Walker2d-v4,0
411451,reward,3700,394.6720868495588,331.936,SF-P3O-NoSpectral,Walker2d-v4,0
411572,reward,3701,251.74883913405364,322.911,SF-P3O-NoSpectral,Walker2d-v4,0
411714,reward,3702,292.7062951659521,318.641,SF-P3O-NoSpectral,Walker2d-v4,0
411824,reward,3703,237.2510467720581,312.826,SF-P3O-NoSpectral,Walker2d-v4,0
411978,reward,3704,326.5824260174222,334.15,SF-P3O-NoSpectral,Walker2d-v4,0
412130,reward,3705,328.80319512261275,333.231,SF-P3O-NoSpectral,Walker2d-v4,0
412362,reward,3706,498.14370943940884,351.967,SF-P3O-NoSpectral,Walker2d-v4,0
412511,reward,3707,355.51198667423074,344.227,SF-P3O-NoSpectral,Walker2d-v4,0
412680,reward,3708,323.5912976521926,333.954,SF-P3O-NoSpectral,Walker2d-v4,0
412804,reward,3709,277.0773784888653,328.609,SF-P3O-NoSpectral,Walker2d-v4,0
412955,reward,3710,343.83285247172563,323.525,SF-P3O-NoSpectral,Walker2d-v4,0
413153,reward,3711,372.7639084519039,335.626,SF-P3O-NoSpectral,Walker2d-v4,0
413359,reward,3712,399.47813006315664,346.304,SF-P3O-NoSpectral,Walker2d-v4,0
413538,reward,3713,375.94417467923995,360.173,SF-P3O-NoSpectral,Walker2d-v4,0
413703,reward,3714,353.89490545643304,362.904,SF-P3O-NoSpectral,Walker2d-v4,0
413861,reward,3715,323.9789065004607,362.422,SF-P3O-NoSpectral,Walker2d-v4,0
414051,reward,3716,396.7582504647939,352.283,SF-P3O-NoSpectral,Walker2d-v4,0
414277,reward,3717,391.9827225959945,355.93,SF-P3O-NoSpectral,Walker2d-v4,0
414426,reward,3718,335.3381598181849,357.105,SF-P3O-NoSpectral,Walker2d-v4,0
414507,reward,3719,150.2306834754572,344.42,SF-P3O-NoSpectral,Walker2d-v4,0
414720,reward,3720,445.40813186283896,354.578,SF-P3O-NoSpectral,Walker2d-v4,0
414829,reward,3721,221.2942933655261,339.431,SF-P3O-NoSpectral,Walker2d-v4,0
414979,reward,3722,327.3817120725455,332.221,SF-P3O-NoSpectral,Walker2d-v4,0
415136,reward,3723,332.4030823282503,327.867,SF-P3O-NoSpectral,Walker2d-v4,0
415261,reward,3724,274.8815736371889,319.966,SF-P3O-NoSpectral,Walker2d-v4,0
415431,reward,3725,358.3564954836079,323.404,SF-P3O-NoSpectral,Walker2d-v4,0
415580,reward,3726,329.44067006355687,316.672,SF-P3O-NoSpectral,Walker2d-v4,0
415784,reward,3727,368.55168297539484,314.329,SF-P3O-NoSpectral,Walker2d-v4,0
415942,reward,3728,346.51607066077304,315.446,SF-P3O-NoSpectral,Walker2d-v4,0
416106,reward,3729,354.0911960554025,335.832,SF-P3O-NoSpectral,Walker2d-v4,0
416262,reward,3730,348.5976265787599,326.151,SF-P3O-NoSpectral,Walker2d-v4,0
416399,reward,3731,323.7217813721616,336.394,SF-P3O-NoSpectral,Walker2d-v4,0
416625,reward,3732,404.57049112463284,344.113,SF-P3O-NoSpectral,Walker2d-v4,0
416778,reward,3733,324.110717929093,343.284,SF-P3O-NoSpectral,Walker2d-v4,0
416929,reward,3734,339.85758071209676,349.781,SF-P3O-NoSpectral,Walker2d-v4,0
417048,reward,3735,245.5195225204753,338.498,SF-P3O-NoSpectral,Walker2d-v4,0
417180,reward,3736,261.80163781060753,331.734,SF-P3O-NoSpectral,Walker2d-v4,0
417352,reward,3737,375.60605253876514,332.439,SF-P3O-NoSpectral,Walker2d-v4,0
417511,reward,3738,343.69771919941627,332.157,SF-P3O-NoSpectral,Walker2d-v4,0
417792,loss,0.10862960666418076,1.1380881071090698,SF-P3O-NoSpectral,Walker2d-v4,0
417876,reward,3739,514.2580140538893,348.174,SF-P3O-NoSpectral,Walker2d-v4,0
418061,reward,3740,399.91968452806344,353.306,SF-P3O-NoSpectral,Walker2d-v4,0
418220,reward,3741,355.1548486264171,356.45,SF-P3O-NoSpectral,Walker2d-v4,0
418380,reward,3742,357.9221960297239,351.785,SF-P3O-NoSpectral,Walker2d-v4,0
418497,reward,3743,264.56159292339163,345.83,SF-P3O-NoSpectral,Walker2d-v4,0
418682,reward,3744,373.2996532984776,349.174,SF-P3O-NoSpectral,Walker2d-v4,0
418843,reward,3745,364.5364362159238,361.076,SF-P3O-NoSpectral,Walker2d-v4,0
418986,reward,3746,287.22486156078077,363.618,SF-P3O-NoSpectral,Walker2d-v4,0
419130,reward,3747,320.34128238695854,358.092,SF-P3O-NoSpectral,Walker2d-v4,0
419258,reward,3748,276.7658800971359,351.398,SF-P3O-NoSpectral,Walker2d-v4,0
419404,reward,3749,365.0233917179597,336.475,SF-P3O-NoSpectral,Walker2d-v4,0
419552,reward,3750,325.61714276104976,329.045,SF-P3O-NoSpectral,Walker2d-v4,0
419712,reward,3751,334.3452143488575,326.964,SF-P3O-NoSpectral,Walker2d-v4,0
419838,reward,3752,274.1727123734095,318.589,SF-P3O-NoSpectral,Walker2d-v4,0
420000,speed,612.38,13.47,SF-P3O-NoSpectral,Walker2d-v4,0
420027,reward,3753,385.76880831032673,330.71,SF-P3O-NoSpectral,Walker2d-v4,0
420213,reward,3754,378.8053153392218,331.26,SF-P3O-NoSpectral,Walker2d-v4,0
420359,reward,3755,326.5760565302848,327.464,SF-P3O-NoSpectral,Walker2d-v4,0
420500,reward,3756,304.0982542809516,329.151,SF-P3O-NoSpectral,Walker2d-v4,0
420626,reward,3757,267.403202905777,323.858,SF-P3O-NoSpectral,Walker2d-v4,0
420873,reward,3758,428.068455576485,338.988,SF-P3O-NoSpectral,Walker2d-v4,0
420990,reward,3759,273.4153813681083,329.827,SF-P3O-NoSpectral,Walker2d-v4,0
421157,reward,3760,356.52854078241234,332.918,SF-P3O-NoSpectral,Walker2d-v4,0
421321,reward,3761,341.4874617475289,333.632,SF-P3O-NoSpectral,Walker2d-v4,0
421504,reward,3762,385.7826965975363,344.793,SF-P3O-NoSpectral,Walker2d-v4,0
421699,reward,3763,425.9165725730868,348.808,SF-P3O-NoSpectral,Walker2d-v4,0
421874,reward,3764,390.14253720187105,349.942,SF-P3O-NoSpectral,Walker2d-v4,0
422027,reward,3765,305.16737669850926,347.801,SF-P3O-NoSpectral,Walker2d-v4,0
422137,reward,3766,220.6881465326115,339.46,SF-P3O-NoSpectral,Walker2d-v4,0
422334,reward,3767,374.49438085832946,350.169,SF-P3O-NoSpectral,Walker2d-v4,0
422674,reward,3768,603.5507332462928,367.717,SF-P3O-NoSpectral,Walker2d-v4,0
422826,reward,3769,395.84982228906694,379.961,SF-P3O-NoSpectral,Walker2d-v4,0
422959,reward,3770,286.1742879852102,372.925,SF-P3O-NoSpectral,Walker2d-v4,0
423104,reward,3771,325.7430232987281,371.351,SF-P3O-NoSpectral,Walker2d-v4,0
423244,reward,3772,309.74486938418283,363.747,SF-P3O-NoSpectral,Walker2d-v4,0
423403,reward,3773,305.98775097999794,351.754,SF-P3O-NoSpectral,Walker2d-v4,0
423547,reward,3774,320.2951717701269,344.77,SF-P3O-NoSpectral,Walker2d-v4,0
423703,reward,3775,328.42977211430036,347.096,SF-P3O-NoSpectral,Walker2d-v4,0
423849,reward,3776,318.34458850249285,356.861,SF-P3O-NoSpectral,Walker2d-v4,0
423984,reward,3777,320.15408988462957,351.427,SF-P3O-NoSpectral,Walker2d-v4,0
424074,reward,3778,142.70891861980886,305.343,SF-P3O-NoSpectral,Walker2d-v4,0
424268,reward,3779,361.94932514805936,301.953,SF-P3O-NoSpectral,Walker2d-v4,0
424404,reward,3780,286.8678217508013,302.023,SF-P3O-NoSpectral,Walker2d-v4,0
424731,reward,3781,557.0636377641466,325.155,SF-P3O-NoSpectral,Walker2d-v4,0
424939,reward,3782,401.2724287310878,334.307,SF-P3O-NoSpectral,Walker2d-v4,0
425109,reward,3783,294.2587438949795,333.134,SF-P3O-NoSpectral,Walker2d-v4,0
425255,reward,3784,356.80472111639233,336.785,SF-P3O-NoSpectral,Walker2d-v4,0
425399,reward,3785,310.82416872252674,335.025,SF-P3O-NoSpectral,Walker2d-v4,0
425577,reward,3786,371.36833812939614,340.327,SF-P3O-NoSpectral,Walker2d-v4,0
425748,reward,3787,416.33720499572655,349.946,SF-P3O-NoSpectral,Walker2d-v4,0
425899,reward,3788,359.750486521749,371.65,SF-P3O-NoSpectral,Walker2d-v4,0
425984,loss,-0.120633065700531,0.8207198977470398,SF-P3O-NoSpectral,Walker2d-v4,0
425984,diagnostics,0.0,68.45,37.6763,0.057183,0.95013,0.4308,0.118833,SF-P3O-NoSpectral,Walker2d-v4,0
426108,reward,3789,471.5450101488517,382.609,SF-P3O-NoSpectral,Walker2d-v4,0
426249,reward,3790,338.7494992194259,387.797,SF-P3O-NoSpectral,Walker2d-v4,0
426395,reward,3791,349.991438149583,367.09,SF-P3O-NoSpectral,Walker2d-v4,0
426551,reward,3792,317.87114330597643,358.75,SF-P3O-NoSpectral,Walker2d-v4,0
426717,reward,3793,410.8597760973684,370.41,SF-P3O-NoSpectral,Walker2d-v4,0
426830,reward,3794,227.6077547639566,357.49,SF-P3O-NoSpectral,Walker2d-v4,0
426966,reward,3795,340.0103402817207,360.409,SF-P3O-NoSpectral,Walker2d-v4,0
427123,reward,3796,315.77970935622693,354.85,SF-P3O-NoSpectral,Walker2d-v4,0
427271,reward,3797,335.8512144581755,346.802,SF-P3O-NoSpectral,Walker2d-v4,0
427456,reward,3798,334.27030174720227,344.254,SF-P3O-NoSpectral,Walker2d-v4,0
427580,reward,3799,281.25425528969646,325.225,SF-P3O-NoSpectral,Walker2d-v4,0
427730,reward,3800,304.7362152680207,321.823,SF-P3O-NoSpectral,Walker2d-v4,0
427851,reward,3801,287.4153962106623,315.566,SF-P3O-NoSpectral,Walker2d-v4,0
428017,reward,3802,379.8251316465489,321.761,SF-P3O-NoSpectral,Walker2d-v4,0
428118,reward,3803,156.91316926547253,296.366,SF-P3O-NoSpectral,Walker2d-v4,0
428258,reward,3804,313.2397441185184,304.93,SF-P3O-NoSpectral,Walker2d-v4,0
428377,reward,3805,235.5839457114874,294.487,SF-P3O-NoSpectral,Walker2d-v4,0
428530,reward,3806,293.1282612722115,292.222,SF-P3O-NoSpectral,Walker2d-v4,0
428647,reward,3807,214.54239330538599,280.091,SF-P3O-NoSpectral,Walker2d-v4,0
428840,reward,3808,369.01470525319473,283.565,SF-P3O-NoSpectral,Walker2d-v4,0
428945,reward,3809,214.24511687305213,276.864,SF-P3O-NoSpectral,Walker2d-v4,0
429087,reward,3810,306.75027853219774,277.066,SF-P3O-NoSpectral,Walker2d-v4,0
429225,reward,3811,263.0610487763496,274.63,SF-P3O-NoSpectral,Walker2d-v4,0
429372,reward,3812,374.09694266091554,274.058,SF-P3O-NoSpectral,Walker2d-v4,0
429464,reward,3813,155.80378046702626,273.947,SF-P3O-NoSpectral,Walker2d-v4,0
429628,reward,3814,348.60171454586015,277.483,SF-P3O-NoSpectral,Walker2d-v4,0
429775,reward,3815,322.57681784896937,286.182,SF-P3O-NoSpectral,Walker2d-v4,0
429895,reward,3816,255.58464735250845,282.428,SF-P3O-NoSpectral,Walker2d-v4,0
430000,speed,639.07,13.73,SF-P3O-NoSpectral,Walker2d-v4,0
430008,reward,3817,281.464635850477,289.12,SF-P3O-NoSpectral,Walker2d-v4,0
430192,reward,3818,379.17641863471016,290.136,SF-P3O-NoSpectral,Walker2d-v4,0
430372,reward,3819,440.1637500723947,312.728,SF-P3O-NoSpectral,Walker2d-v4,0
430453,reward,3820,148.2824380774706,296.881,SF-P3O-NoSpectral,Walker2d-v4,0
430619,reward,3821,344.0462956415935,304.98,SF-P3O-NoSpectral,Walker2d-v4,0
430757,reward,3822,333.2774153840864,300.898,SF-P3O-NoSpectral,Walker2d-v4,0
430898,reward,3823,278.0455817441348,313.122,SF-P3O-NoSpectral,Walker2d-v4,0
431048,reward,3824,387.8635793179257,317.048,SF-P3O-NoSpectral,Walker2d-v4,0
431183,reward,3825,273.5421452458364,312.145,SF-P3O-NoSpectral,Walker2d-v4,0
431451,reward,3826,443.1593563990614,330.902,SF-P3O-NoSpectral,Walker2d-v4,0
431596,reward,3827,351.3673677145303,337.892,SF-P3O-NoSpectral,Walker2d-v4,0
431775,reward,3828,342.9652948158971,334.271,SF-P3O-NoSpectral,Walker2d-v4,0
431929,reward,3829,337.92262954525114,324.047,SF-P3O-NoSpectral,Walker2d-v4,0
432123,reward,3830,437.04434731514795,352.923,SF-P3O-NoSpectral,Walker2d-v4,0
432315,reward,3831,415.2282365118292,360.042,SF-P3O-NoSpectral,Walker2d-v4,0
432430,reward,3832,235.09947243126072,350.224,SF-P3O-NoSpectral,Walker2d-v4,0
432570,reward,3833,281.22778204351926,350.542,SF-P3O-NoSpectral,Walker2d-v4,0
432680,reward,3834,223.84040759995793,334.14,SF-P3O-NoSpectral,Walker2d-v4,0
432926,reward,3835,456.7339247882916,352.459,SF-P3O-NoSpectral,Walker2d-v4,0
433042,reward,3836,284.3226532349125,336.575,SF-P3O-NoSpectral,Walker2d-v4,0
433192,reward,3837,386.6054288802115,340.099,SF-P3O-NoSpectral,Walker2d-v4,0
433328,reward,3838,287.2732763522695,334.53,SF-P3O-NoSpectral,Walker2d-v4,0
433436,reward,3839,212.79368642388863,322.017,SF-P3O-NoSpectral,Walker2d-v4,0
433565,reward,3840,305.51344328185075,308.864,SF-P3O-NoSpectral,Walker2d-v4,0
433706,reward,3841,237.41896164481096,291.083,SF-P3O-NoSpectral,Walker2d-v4,0
433799,reward,3842,204.83292950265374,288.056,SF-P3O-NoSpectral,Walker2d-v4,0
433955,reward,3843,382.07351388756865,298.141,SF-P3O-NoSpectral,Walker2d-v4,0
434107,reward,3844,357.0846787715979,311.465,SF-P3O-NoSpectral,Walker2d-v4,0
434176,loss,-0.0531708262860775,0.7232679128646851,SF-P3O-NoSpectral,Walker2d-v4,0
434298,reward,3845,382.13818181707694,304.006,SF-P3O-NoSpectral,Walker2d-v4,0
434370,reward,3846,120.87770817263575,287.661,SF-P3O-NoSpectral,Walker2d-v4,0
434482,reward,3847,252.98978221995404,274.3,SF-P3O-NoSpectral,Walker2d-v4,0
434624,reward,3848,332.45763391517175,278.818,SF-P3O-NoSpectral,Walker2d-v4,0
434783,reward,3849,368.5542472190696,294.394,SF-P3O-NoSpectral,Walker2d-v4,0
434959,reward,3850,375.4341664825386,301.386,SF-P3O-NoSpectral,Walker2d-v4,0
435116,reward,3851,346.8612565356667,312.33,SF-P3O-NoSpectral,Walker2d-v4,0
435261,reward,3852,339.54879717073266,325.802,SF-P3O-NoSpectral,Walker2d-v4,0
435456,reward,3853,411.68334562116627,328.763,SF-P3O-NoSpectral,Walker2d-v4,0
435631,reward,3854,418.3213443837182,334.887,SF-P3O-NoSpectral,Walker2d-v4,0
435796,reward,3855,360.42616971754234,332.715,SF-P3O-NoSpectral,Walker2d-v4,0
435989,reward,3856,390.23756690691795,359.651,SF-P3O-NoSpectral,Walker2d-v4,0
436128,reward,3857,325.5447718221585,366.907,SF-P3O-NoSpectral,Walker2d-v4,0
436248,reward,3858,250.60023879246646,358.721,SF-P3O-NoSpectral,Walker2d-v4,0
436416,reward,3859,378.6123391543305,359.727,SF-P3O-NoSpectral,Walker2d-v4,0
436580,reward,3860,324.3973033303348,354.623,SF-P3O-NoSpectral,Walker2d-v4,0
436739,reward,3861,331.0531059402122,353.042,SF-P3O-NoSpectral,Walker2d-v4,0
436892,reward,3862,365.8218923878013,355.67,SF-P3O-NoSpectral,Walker2d-v4,0
437040,reward,3863,355.5268576029683,350.054,SF-P3O-NoSpectral,Walker2d-v4,0
437151,reward,3864,242.06225530780867,332.428,SF-P3O-NoSpectral,Walker2d-v4,0
437311,reward,3865,361.1503708887238,332.501,SF-P3O-NoSpectral,Walker2d-v4,0
437455,reward,3866,321.568172085336,325.634,SF-P3O-NoSpectral,Walker2d-v4,0
437590,reward,3867,258.7142799045481,318.951,SF-P3O-NoSpectral,Walker2d-v4,0
437754,reward,3868,338.12415289790073,327.703,SF-P3O-NoSpectral,Walker2d-v4,0
437915,reward,3869,357.43574985792355,325.585,SF-P3O-NoSpectral,Walker2d-v4,0
438124,reward,3870,417.74328909752995,334.92,SF-P3O-NoSpectral,Walker2d-v4,0
438317,reward,3871,352.0363208511317,337.018,SF-P3O-NoSpectral,Walker2d-v4,0
438459,reward,3872,314.0768787650335,331.844,SF-P3O-NoSpectral,Walker2d-v4,0
438558,reward,3873,210.52921388766083,317.344,SF-P3O-NoSpectral,Walker2d-v4,0
438698,reward,3874,300.25803987701386,323.164,SF-P3O-NoSpectral,Walker2d-v4,0
438869,reward,3875,324.50714522510657,319.499,SF-P3O-NoSpectral,Walker2d-v4,0
439021,reward,3876,325.4639335236102,319.889,SF-P3O-NoSpectral,Walker2d-v4,0
439216,reward,3877,427.53736295293703,336.771,SF-P3O-NoSpectral,Walker2d-v4,0
439389,reward,3878,344.88977552474563,337.448,SF-P3O-NoSpectral,Walker2d-v4,0
439509,reward,3879,263.7730118883849,328.081,SF-P3O-NoSpectral,Walker2d-v4,0
439624,reward,3880,246.34818423895243,310.942,SF-P3O-NoSpectral,Walker2d-v4,0
439759,reward,3881,335.11775099025317,309.25,SF-P3O-NoSpectral,Walker2d-v4,0
439967,reward,3882,427.79568184051107,320.622,SF-P3O-NoSpectral,Walker2d-v4,0
440000,speed,640.44,13.99,SF-P3O-NoSpectral,Walker2d-v4,0
440119,reward,3883,361.31263181170436,335.7,SF-P3O-NoSpectral,Walker2d-v4,0
440257,reward,3884,272.12930499822784,332.887,SF-P3O-NoSpectral,Walker2d-v4,0
440397,reward,3885,284.7173104378959,328.908,SF-P3O-NoSpectral,Walker2d-v4,0
440509,reward,3886,228.70711309727136,319.233,SF-P3O-NoSpectral,Walker2d-v4,0
440649,reward,3887,273.517657436299,303.831,SF-P3O-NoSpectral,Walker2d-v4,0
440801,reward,3888,352.9223115643111,304.634,SF-P3O-NoSpectral,Walker2d-v4,0
440940,reward,3889,302.52618811017027,308.509,SF-P3O-NoSpectral,Walker2d-v4,0
441075,reward,3890,275.52910631531,311.428,SF-P3O-NoSpectral,Walker2d-v4,0
441265,reward,3891,407.5162150194713,318.667,SF-P3O-NoSpectral,Walker2d-v4,0
441468,reward,3892,357.33609409370627,311.621,SF-P3O-NoSpectral,Walker2d-v4,0
441613,reward,3893,319.6547040876803,307.456,SF-P3O-NoSpectral,Walker2d-v4,0
441760,reward,3894,364.95504738756887,316.738,SF-P3O-NoSpectral,Walker2d-v4,0
441913,reward,3895,334.75690669170285,321.742,SF-P3O-NoSpectral,Walker2d-v4,0
442076,reward,3896,295.6255632483923,328.434,SF-P3O-NoSpectral,Walker2d-v4,0
442274,reward,3897,405.6055257988128,341.643,SF-P3O-NoSpectral,Walker2d-v4,0
442368,loss,-0.06026316434144974,0.9038631916046143,SF-P3O-NoSpectral,Walker2d-v4,0
442368,diagnostics,0.0,68.72,49.1124,0.058272,0.950122,0.3703,0.115384,SF-P3O-NoSpectral,Walker2d-v4,0
442415,reward,3898,295.92769365405337,335.943,SF-P3O-NoSpectral,Walker2d-v4,0
442595,reward,3899,394.76592245673345,345.167,SF-P3O-NoSpectral,Walker2d-v4,0
442762,reward,3900,371.34363575750814,354.749,SF-P3O-NoSpectral,Walker2d-v4,0
442860,reward,3901,158.3775920478422,329.835,SF-P3O-NoSpectral,Walker2d-v4,0
443005,reward,3902,334.28673473984117,327.53,SF-P3O-NoSpectral,Walker2d-v4,0
443167,reward,3903,390.2784752248765,334.592,SF-P3O-NoSpectral,Walker2d-v4,0
443275,reward,3904,217.42149571542222,319.839,SF-P3O-NoSpectral,Walker2d-v4,0
443369,reward,3905,191.57814795395151,305.521,SF-P3O-NoSpectral,Walker2d-v4,0
443568,reward,3906,443.28851381685956,320.287,SF-P3O-NoSpectral,Walker2d-v4,0
443731,reward,3907,393.40485541272864,319.067,SF-P3O-NoSpectral,Walker2d-v4,0
443859,reward,3908,283.45801955880165,317.82,SF-P3O-NoSpectral,Walker2d-v4,0
444017,reward,3909,382.64250983769796,316.608,SF-P3O-NoSpectral,Walker2d-v4,0
444118,reward,3910,234.55861051255022,302.929,SF-P3O-NoSpectral,Walker2d-v4,0
444325,reward,3911,433.5386335159241,330.446,SF-P3O-NoSpectral,Walker2d-v4,0
444455,reward,3912,303.1316853639779,327.33,SF-P3O-NoSpectral,Walker2d-v4,0
444593,reward,3913,278.92037871896304,316.194,SF-P3O-NoSpectral,Walker2d-v4,0
444719,reward,3914,296.4706706950409,324.099,SF-P3O-NoSpectral,Walker2d-v4,0
444868,reward,3915,296.4056519336167,334.582,SF-P3O-NoSpectral,Walker2d-v4,0
444969,reward,3916,222.42523087227107,312.496,SF-P3O-NoSpectral,Walker2d-v4,0
445160,reward,3917,409.9523617739972,314.15,SF-P3O-NoSpectral,Walker2d-v4,0
445285,reward,3918,296.05494704053336,315.41,SF-P3O-NoSpectral,Walker2d-v4,0
445446,reward,3919,346.0404402320381,311.75,SF-P3O-NoSpectral,Walker2d-v4,0
445598,reward,3920,374.6073764495243,325.755,SF-P3O-NoSpectral,Walker2d-v4,0
445726,reward,3921,284.7568834262823,310.877,SF-P3O-NoSpectral,Walker2d-v4,0
445893,reward,3922,391.1329415578406,319.677,SF-P3O-NoSpectral,Walker2d-v4,0
446032,reward,3923,271.4017356231362,318.925,SF-P3O-NoSpectral,Walker2d-v4,0
446296,reward,3924,507.9363658249518,340.071,SF-P3O-NoSpectral,Walker2d-v4,0
446407,reward,3925,230.4278929203628,333.474,SF-P3O-NoSpectral,Walker2d-v4,0
446608,reward,3926,448.7087122031448,356.102,SF-P3O-NoSpectral,Walker2d-v4,0
446806,reward,3927,397.3499718145594,354.842,SF-P3O-NoSpectral,Walker2d-v4,0
446909,reward,3928,207.10189324723046,345.946,SF-P3O-NoSpectral,Walker2d-v4,0
447081,reward,3929,350.9718045071656,346.44,SF-P3O-NoSpectral,Walker2d-v4,0
447227,reward,3930,378.62351168924,346.841,SF-P3O-NoSpectral,Walker2d-v4,0
447361,reward,3931,302.90686022180773,348.656,SF-P3O-NoSpectral,Walker2d-v4,0
447525,reward,3932,351.5278715789416,344.696,SF-P3O-NoSpectral,Walker2d-v4,0
447675,reward,3933,370.1877014188291,354.574,SF-P3O-NoSpectral,Walker2d-v4,0
447845,reward,3934,344.4087367913282,338.221,SF-P3O-NoSpectral,Walker2d-v4,0
447995,reward,3935,352.03343403627605,350.382,SF-P3O-NoSpectral,Walker2d-v4,0
448163,reward,3936,336.5230459204582,339.163,SF-P3O-NoSpectral,Walker2d-v4,0
448369,reward,3937,487.56490506270126,348.185,SF-P3O-NoSpectral,Walker2d-v4,0
448495,reward,3938,286.55170673305645,356.13,SF-P3O-NoSpectral,Walker2d-v4,0
448599,reward,3939,217.0952139709595,342.742,SF-P3O-NoSpectral,Walker2d-v4,0
448813,reward,3940,410.72042655355193,345.952,SF-P3O-NoSpectral,Walker2d-v4,0
448951,reward,3941,317.36739221200895,347.398,SF-P3O-NoSpectral,Walker2d-v4,0
449111,reward,3942,385.42485703303765,350.788,SF-P3O-NoSpectral,Walker2d-v4,0
449193,reward,3943,151.5479781961576,328.924,SF-P3O-NoSpectral,Walker2d-v4,0
449370,reward,3944,432.9213748992884,337.775,SF-P3O-NoSpectral,Walker2d-v4,0
449531,reward,3945,343.8731148963875,336.959,SF-P3O-NoSpectral,Walker2d-v4,0
449686,reward,3946,276.50174654595855,330.957,SF-P3O-NoSpectral,Walker2d-v4,0
449838,reward,3947,359.7281310560969,318.173,SF-P3O-NoSpectral,Walker2d-v4,0
449975,reward,3948,298.6105462099525,319.379,SF-P3O-NoSpectral,Walker2d-v4,0
450000,speed,644.02,14.25,SF-P3O-NoSpectral,Walker2d-v4,0
450000,perturb,0.059292,0.949565,0.3703,27727,40119,0.407538,9,SF-P3O-NoSpectral,Walker2d-v4,0
450103,reward,3949,257.01221156258833,323.371,SF-P3O-NoSpectral,Walker2d-v4,0
450181,reward,3950,143.28723174536972,296.627,SF-P3O-NoSpectral,Walker2d-v4,0
450255,reward,3951,125.40173824141108,277.431,SF-P3O-NoSpectral,Walker2d-v4,0
450412,reward,3952,296.8661038880126,268.575,SF-P3O-NoSpectral,Walker2d-v4,0
450555,reward,3953,327.2787421335521,286.148,SF-P3O-NoSpectral,Walker2d-v4,0
450560,loss,-0.08593136072158813,0.9028297066688538,SF-P3O-NoSpectral,Walker2d-v4,0
450695,reward,3954,332.8591277005393,276.142,SF-P3O-NoSpectral,Walker2d-v4,0
450907,reward,3955,400.911170957707,281.846,SF-P3O-NoSpectral,Walker2d-v4,0
451048,reward,3956,359.93933639818806,290.189,SF-P3O-NoSpectral,Walker2d-v4,0
451205,reward,3957,346.07829709053306,288.824,SF-P3O-NoSpectral,Walker2d-v4,0
451368,reward,3958,377.4975687594576,296.713,SF-P3O-NoSpectral,Walker2d-v4,0
451487,reward,3959,255.7224636484897,296.584,SF-P3O-NoSpectral,Walker2d-v4,0
451655,reward,3960,332.8612705847867,315.542,SF-P3O-NoSpectral,Walker2d-v4,0
451829,reward,3961,403.17027199203494,343.318,SF-P3O-NoSpectral,Walker2d-v4,0
451955,reward,3962,343.8273456259801,348.015,SF-P3O-NoSpectral,Walker2d-v4,0
452088,reward,3963,330.82685286631994,348.369,SF-P3O-NoSpectral,Walker2d-v4,0
452209,reward,3964,274.08784041169463,342.492,SF-P3O-NoSpectral,Walker2d-v4,0
452312,reward,3965,183.74089310103702,320.775,SF-P3O-NoSpectral,Walker2d-v4,0
452432,reward,3966,245.66450225063235,309.348,SF-P3O-NoSpectral,Walker2d-v4,0
452612,reward,3967,414.2192006645365,316.162,SF-P3O-NoSpectral,Walker2d-v4,0
452751,reward,3968,320.16077007466254,310.428,SF-P3O-NoSpectral,Walker2d-v4,0
452864,reward,3969,270.9394097604788,311.95,SF-P3O-NoSpectral,Walker2d-v4,0
453039,reward,3970,403.3987891765438,319.004,SF-P3O-NoSpectral,Walker2d-v4,0
453122,reward,3971,154.83704740051735,294.17,SF-P3O-NoSpectral,Walker2d-v4,0
453247,reward,3972,298.5763559924751,289.645,SF-P3O-NoSpectral,Walker2d-v4,0
453385,reward,3973,327.3696496379039,289.299,SF-P3O-NoSpectral,Walker2d-v4,0
453544,reward,3974,340.4332751052156,295.934,SF-P3O-NoSpectral,Walker2d-v4,0
453711,reward,3975,355.33038713439566,313.093,SF-P3O-NoSpectral,Walker2d-v4,0
453862,reward,3976,343.93712768769683,322.92,SF-P3O-NoSpectral,Walker2d-v4,0
454035,reward,3977,359.6218408647195,317.46,SF-P3O-NoSpectral,Walker2d-v4,0
454259,reward,3978,482.96557096810824,333.741,SF-P3O-NoSpectral,Walker2d-v4,0
454392,reward,3979,318.6441423598365,338.511,SF-P3O-NoSpectral,Walker2d-v4,0
454574,reward,3980,448.74991211296555,343.047,SF-P3O-NoSpectral,Walker2d-v4,0
454685,reward,3981,213.65128436927728,348.928,SF-P3O-NoSpectral,Walker2d-v4,0
454935,reward,3982,488.81257449939375,367.952,SF-P3O-NoSpectral,Walker2d-v4,0
455101,reward,3983,384.12144981553456,373.627,SF-P3O-NoSpectral,Walker2d-v4,0
455248,reward,3984,314.7237174688685,371.056,SF-P3O-NoSpectral,Walker2d-v4,0
455418,reward,3985,405.8431135929071,376.107,SF-P3O-NoSpectral,Walker2d-v4,0
455564,reward,3986,358.6018754924013,377.574,SF-P3O-NoSpectral,Walker2d-v4,0
455702,reward,3987,324.49130860709494,374.06,SF-P3O-NoSpectral,Walker2d-v4,0
455882,reward,3988,408.5242315840066,366.616,SF-P3O-NoSpectral,Walker2d-v4,0
456051,reward,3989,382.8978288996196,373.042,SF-P3O-NoSpectral,Walker2d-v4,0
456267,reward,3990,489.45798652462895,377.113,SF-P3O-NoSpectral,Walker2d-v4,0
456393,reward,3991,290.92469099928536,384.84,SF-P3O-NoSpectral,Walker2d-v4,0
456623,reward,3992,408.62703831163157,376.821,SF-P3O-NoSpectral,Walker2d-v4,0
456732,reward,3993,239.30568207433737,362.34,SF-P3O-NoSpectral,Walker2d-v4,0
456849,reward,3994,241.8316177219096,355.051,SF-P3O-NoSpectral,Walker2d-v4,0
456982,reward,3995,327.6910007105438,347.235,SF-P3O-NoSpectral,Walker2d-v4,0
457135,reward,3996,391.8458863832244,350.56,SF-P3O-NoSpectral,Walker2d-v4,0
457255,reward,3997,267.68171861755326,344.879,SF-P3O-NoSpectral,Walker2d-v4,0
457428,reward,3998,342.2193443408593,338.248,SF-P3O-NoSpectral,Walker2d-v4,0
457571,reward,3999,335.64636171621333,333.523,SF-P3O-NoSpectral,Walker2d-v4,0
457719,reward,4000,296.2617013434579,314.204,SF-P3O-NoSpectral,Walker2d-v4,0
457822,reward,4001,204.1664577468449,305.528,SF-P3O-NoSpectral,Walker2d-v4,0
458025,reward,4002,390.82846500049146,303.748,SF-P3O-NoSpectral,Walker2d-v4,0
458091,reward,4003,114.54578644367881,291.272,SF-P3O-NoSpectral,Walker2d-v4,0
458203,reward,4004,229.15606469019258,290.004,SF-P3O-NoSpectral,Walker2d-v4,0
458340,reward,4005,298.30070668843535,287.065,SF-P3O-NoSpectral,Walker2d-v4,0
458516,reward,4006,353.7103248123627,283.252,SF-P3O-NoSpectral,Walker2d-v4,0
458646,reward,4007,304.7658155320966,286.96,SF-P3O-NoSpectral,Walker2d-v4,0
458752,loss,-0.06715422868728638,0.9476826190948486,SF-P3O-NoSpectral,Walker2d-v4,0
458752,diagnostics,0.0,70.15,76.8793,0.060147,0.94928,0.3536,0.121495,SF-P3O-NoSpectral,Walker2d-v4,0
458772,reward,4008,328.02772130990803,285.541,SF-P3O-NoSpectral,Walker2d-v4,0
458899,reward,4009,294.12887682708686,281.389,SF-P3O-NoSpectral,Walker2d-v4,0
459045,reward,4010,321.3065252472494,283.894,SF-P3O-NoSpectral,Walker2d-v4,0
459177,reward,4011,289.9552995935244,292.473,SF-P3O-NoSpectral,Walker2d-v4,0
459306,reward,4012,286.52858786690217,282.043,SF-P3O-NoSpectral,Walker2d-v4,0
459462,reward,4013,408.5347285037673,311.441,SF-P3O-NoSpectral,Walker2d-v4,0
459614,reward,4014,354.322186167534,323.958,SF-P3O-NoSpectral,Walker2d-v4,0
459760,reward,4015,319.2354131200163,326.052,SF-P3O-NoSpectral,Walker2d-v4,0
459947,reward,4016,370.5941178644265,327.74,SF-P3O-NoSpectral,Walker2d-v4,0
460000,speed,429.15,14.64,SF-P3O-NoSpectral,Walker2d-v4,0
460099,reward,4017,388.25430581739244,336.089,SF-P3O-NoSpectral,Walker2d-v4,0
460270,reward,4018,403.7295451043038,343.659,SF-P3O-NoSpectral,Walker2d-v4,0
460410,reward,4019,338.1766905456487,348.064,SF-P3O-NoSpectral,Walker2d-v4,0
460573,reward,4020,362.47990948598414,352.181,SF-P3O-NoSpectral,Walker2d-v4,0
460772,reward,4021,473.7754300784708,370.563,SF-P3O-NoSpectral,Walker2d-v4,0
460939,reward,4022,360.19513397228786,377.93,SF-P3O-NoSpectral,Walker2d-v4,0
461087,reward,4023,328.47998332434037,369.924,SF-P3O-NoSpectral,Walker2d-v4,0
461330,reward,4024,457.1432793606504,380.206,SF-P3O-NoSpectral,Walker2d-v4,0
461468,reward,4025,318.8033171205183,380.163,SF-P3O-NoSpectral,Walker2d-v4,0
461627,reward,4026,376.92258724514545,380.796,SF-P3O-NoSpectral,Walker2d-v4,0
461755,reward,4027,264.0145686310568,368.372,SF-P3O-NoSpectral,Walker2d-v4,0
461949,reward,4028,426.4281201702407,370.642,SF-P3O-NoSpectral,Walker2d-v4,0
462091,reward,4029,330.8287248971027,369.907,SF-P3O-NoSpectral,Walker2d-v4,0
462253,reward,4030,352.2959114708272,368.889,SF-P3O-NoSpectral,Walker2d-v4,0
462366,reward,4031,249.48794030013056,346.46,SF-P3O-NoSpectral,Walker2d-v4,0
462453,reward,4032,170.8314667926544,327.524,SF-P3O-NoSpectral,Walker2d-v4,0
462575,reward,4033,250.70140212762178,319.746,SF-P3O-NoSpectral,Walker2d-v4,0
462697,reward,4034,280.45573635317817,302.077,SF-P3O-NoSpectral,Walker2d-v4,0
462829,reward,4035,327.4812032750047,302.945,SF-P3O-NoSpectral,Walker2d-v4,0
462993,reward,4036,425.8182596909045,307.834,SF-P3O-NoSpectral,Walker2d-v4,0
463122,reward,4037,274.7945148038653,308.912,SF-P3O-NoSpectral,Walker2d-v4,0
463275,reward,4038,357.3116860224098,302.001,SF-P3O-NoSpectral,Walker2d-v4,0
463481,reward,4039,407.0820452699294,309.626,SF-P3O-NoSpectral,Walker2d-v4,0
463614,reward,4040,268.4933402881734,301.246,SF-P3O-NoSpectral,Walker2d-v4,0
463703,reward,4041,162.23491226549757,292.52,SF-P3O-NoSpectral,Walker2d-v4,0
463824,reward,4042,240.6215493753989,299.499,SF-P3O-NoSpectral,Walker2d-v4,0
463974,reward,4043,347.99881756947855,309.229,SF-P3O-NoSpectral,Walker2d-v4,0
464143,reward,4044,352.0724146774064,316.391,SF-P3O-NoSpectral,Walker2d-v4,0
464278,reward,4045,313.5663984928919,314.999,SF-P3O-NoSpectral,Walker2d-v4,0
464445,reward,4046,336.9846061000317,306.116,SF-P3O-NoSpectral,Walker2d-v4,0
464584,reward,4047,327.34539643210593,311.371,SF-P3O-NoSpectral,Walker2d-v4,0
464668,reward,4048,162.17814780774165,291.858,SF-P3O-NoSpectral,Walker2d-v4,0
464816,reward,4049,331.7978465257844,284.329,SF-P3O-NoSpectral,Walker2d-v4,0
464957,reward,4050,272.2864545579205,284.709,SF-P3O-NoSpectral,Walker2d-v4,0
465106,reward,4051,342.00269322084335,302.685,SF-P3O-NoSpectral,Walker2d-v4,0
465238,reward,4052,306.5706935565851,309.28,SF-P3O-NoSpectral,Walker2d-v4,0
465406,reward,4053,357.07854742859257,310.188,SF-P3O-NoSpectral,Walker2d-v4,0
465537,reward,4054,333.36512640102677,308.318,SF-P3O-NoSpectral,Walker2d-v4,0
465688,reward,4055,371.14593786544935,314.076,SF-P3O-NoSpectral,Walker2d-v4,0
465861,reward,4056,407.3328805166276,321.11,SF-P3O-NoSpectral,Walker2d-v4,0
465990,reward,4057,289.0269129669858,317.279,SF-P3O-NoSpectral,Walker2d-v4,0
466125,reward,4058,290.10561484747103,330.071,SF-P3O-NoSpectral,Walker2d-v4,0
466274,reward,4059,365.409334266175,333.432,SF-P3O-NoSpectral,Walker2d-v4,0
466402,reward,4060,285.39079343053476,334.743,SF-P3O-NoSpectral,Walker2d-v4,0
466518,reward,4061,261.85545799025084,326.728,SF-P3O-NoSpectral,Walker2d-v4,0
466651,reward,4062,338.12675045286346,329.884,SF-P3O-NoSpectral,Walker2d-v4,0
466919,reward,4063,501.5386986939954,344.33,SF-P3O-NoSpectral,Walker2d-v4,0
466944,loss,-0.00943014770746231,0.8974987268447876,SF-P3O-NoSpectral,Walker2d-v4,0
467119,reward,4064,457.9312414324991,356.786,SF-P3O-NoSpectral,Walker2d-v4,0
467206,reward,4065,155.39243091269427,335.211,SF-P3O-NoSpectral,Walker2d-v4,0
467366,reward,4066,356.116083433568,330.089,SF-P3O-NoSpectral,Walker2d-v4,0
467521,reward,4067,333.73780099497554,334.56,SF-P3O-NoSpectral,Walker2d-v4,0
467644,reward,4068,267.20701930798003,332.271,SF-P3O-NoSpectral,Walker2d-v4,0
467807,reward,4069,383.03369053192745,334.033,SF-P3O-NoSpectral,Walker2d-v4,0
467942,reward,4070,266.66425655977633,332.16,SF-P3O-NoSpectral,Walker2d-v4,0
468110,reward,4071,382.31601456821465,344.206,SF-P3O-NoSpectral,Walker2d-v4,0
468315,reward,4072,522.1780274298983,362.612,SF-P3O-NoSpectral,Walker2d-v4,0
468448,reward,4073,301.0650770840704,342.564,SF-P3O-NoSpectral,Walker2d-v4,0
468602,reward,4074,353.35417165775647,332.106,SF-P3O-NoSpectral,Walker2d-v4,0
468751,reward,4075,342.0769905109821,350.775,SF-P3O-NoSpectral,Walker2d-v4,0
468904,reward,4076,322.3242054853481,347.396,SF-P3O-NoSpectral,Walker2d-v4,0
469081,reward,4077,421.40802510298266,356.163,SF-P3O-NoSpectral,Walker2d-v4,0
469192,reward,4078,212.48490223288263,350.691,SF-P3O-NoSpectral,Walker2d-v4,0
469341,reward,4079,329.51390973376584,345.339,SF-P3O-NoSpectral,Walker2d-v4,0
469514,reward,4080,411.22773671797495,359.795,SF-P3O-NoSpectral,Walker2d-v4,0
469716,reward,4081,412.8556466685585,362.849,SF-P3O-NoSpectral,Walker2d-v4,0
469820,reward,4082,235.12073757388688,334.143,SF-P3O-NoSpectral,Walker2d-v4,0
470000,speed,637.85,14.9,SF-P3O-NoSpectral,Walker2d-v4,0
470041,reward,4083,478.98444692810983,351.935,SF-P3O-NoSpectral,Walker2d-v4,0
470293,reward,4084,487.8445247058194,365.384,SF-P3O-NoSpectral,Walker2d-v4,0
470379,reward,4085,147.86929392359843,345.963,SF-P3O-NoSpectral,Walker2d-v4,0
470536,reward,4086,335.5053887902008,347.281,SF-P3O-NoSpectral,Walker2d-v4,0
470697,reward,4087,369.44027298491335,342.085,SF-P3O-NoSpectral,Walker2d-v4,0
470823,reward,4088,324.39571461903057,353.276,SF-P3O-NoSpectral,Walker2d-v4,0
470994,reward,4089,344.1365004759474,354.738,SF-P3O-NoSpectral,Walker2d-v4,0
471167,reward,4090,367.66643790943004,350.382,SF-P3O-NoSpectral,Walker2d-v4,0
471271,reward,4091,201.62621933206458,329.259,SF-P3O-NoSpectral,Walker2d-v4,0
471374,reward,4092,204.16298498797804,326.163,SF-P3O-NoSpectral,Walker2d-v4,0
471513,reward,4093,295.36055214255,307.801,SF-P3O-NoSpectral,Walker2d-v4,0
471834,reward,4094,641.6839282390933,323.185,SF-P3O-NoSpectral,Walker2d-v4,0
471961,reward,4095,256.51473130299655,334.049,SF-P3O-NoSpectral,Walker2d-v4,0
472115,reward,4096,279.473526042733,328.446,SF-P3O-NoSpectral,Walker2d-v4,0
472244,reward,4097,266.93922159358334,318.196,SF-P3O-NoSpectral,Walker2d-v4,0
472372,reward,4098,298.3843434920255,315.595,SF-P3O-NoSpectral,Walker2d-v4,0
472510,reward,4099,338.1734820199551,314.999,SF-P3O-NoSpectral,Walker2d-v4,0
472659,reward,4100,349.1958176525923,313.151,SF-P3O-NoSpectral,Walker2d-v4,0
472775,reward,4101,232.3736713621414,316.226,SF-P3O-NoSpectral,Walker2d-v4,0
472895,reward,4102,290.5141729656012,324.861,SF-P3O-NoSpectral,Walker2d-v4,0
473083,reward,4103,393.12993331789363,334.638,SF-P3O-NoSpectral,Walker2d-v4,0
473250,reward,4104,385.8590316967359,309.056,SF-P3O-NoSpectral,Walker2d-v4,0
473465,reward,4105,416.20549568615064,325.025,SF-P3O-NoSpectral,Walker2d-v4,0
473627,reward,4106,365.0645339112276,333.584,SF-P3O-NoSpectral,Walker2d-v4,0
473807,reward,4107,428.36029772217984,349.726,SF-P3O-NoSpectral,Walker2d-v4,0
473943,reward,4108,300.0553193739724,349.893,SF-P3O-NoSpectral,Walker2d-v4,0
474091,reward,4109,373.8068431168807,353.457,SF-P3O-NoSpectral,Walker2d-v4,0
474260,reward,4110,360.17595841247584,354.555,SF-P3O-NoSpectral,Walker2d-v4,0
474375,reward,4111,251.01658457612703,356.419,SF-P3O-NoSpectral,Walker2d-v4,0
474518,reward,4112,308.97976757899085,358.265,SF-P3O-NoSpectral,Walker2d-v4,0
474656,reward,4113,331.69426400924874,352.122,SF-P3O-NoSpectral,Walker2d-v4,0
474845,reward,4114,382.3791283217135,351.774,SF-P3O-NoSpectral,Walker2d-v4,0
475006,reward,4115,343.5253922861889,344.506,SF-P3O-NoSpectral,Walker2d-v4,0
475136,loss,0.11045902967453003,0.9022516012191772,SF-P3O-NoSpectral,Walker2d-v4,0
475136,diagnostics,0.0,70.41,48.1778,0.061075,0.948597,0.4495,0.115584,SF-P3O-NoSpectral,Walker2d-v4,0
475143,reward,4116,337.27082738505953,341.726,SF-P3O-NoSpectral,Walker2d-v4,0
475262,reward,4117,269.11743128951775,325.802,SF-P3O-NoSpectral,Walker2d-v4,0
475418,reward,4118,309.07094213168637,326.704,SF-P3O-NoSpectral,Walker2d-v4,0
475603,reward,4119,387.8498230205679,328.108,SF-P3O-NoSpectral,Walker2d-v4,0
475757,reward,4120,388.44705029827935,330.935,SF-P3O-NoSpectral,Walker2d-v4,0
475890,reward,4121,314.6091773557996,337.294,SF-P3O-NoSpectral,Walker2d-v4,0
476071,reward,4122,476.4302279853128,354.039,SF-P3O-NoSpectral,Walker2d-v4,0
476243,reward,4123,386.9727924341151,359.567,SF-P3O-NoSpectral,Walker2d-v4,0
476369,reward,4124,300.12340585333345,351.342,SF-P3O-NoSpectral,Walker2d-v4,0
476574,reward,4125,436.99930170755636,360.689,SF-P3O-NoSpectral,Walker2d-v4,0
476752,reward,4126,419.93072901639766,368.955,SF-P3O-NoSpectral,Walker2d-v4,0
476894,reward,4127,306.4379519409037,372.687,SF-P3O-NoSpectral,Walker2d-v4,0
477052,reward,4128,349.42484917425696,376.723,SF-P3O-NoSpectral,Walker2d-v4,0
477157,reward,4129,226.6186055299514,360.599,SF-P3O-NoSpectral,Walker2d-v4,0
477265,reward,4130,245.973342586781,346.352,SF-P3O-NoSpectral,Walker2d-v4,0
477420,reward,4131,309.0873381150703,345.8,SF-P3O-NoSpectral,Walker2d-v4,0
477623,reward,4132,462.810885702987,344.438,SF-P3O-NoSpectral,Walker2d-v4,0
477750,reward,4133,310.9173684339528,336.832,SF-P3O-NoSpectral,Walker2d-v4,0
477940,reward,4134,396.38129627790096,346.458,SF-P3O-NoSpectral,Walker2d-v4,0
478084,reward,4135,326.00570275010523,335.359,SF-P3O-NoSpectral,Walker2d-v4,0
478231,reward,4136,374.01911158327766,330.768,SF-P3O-NoSpectral,Walker2d-v4,0
478339,reward,4137,242.02379610456285,324.326,SF-P3O-NoSpectral,Walker2d-v4,0
478527,reward,4138,356.0128425050037,324.985,SF-P3O-NoSpectral,Walker2d-v4,0
478620,reward,4139,182.09705063766623,320.533,SF-P3O-NoSpectral,Walker2d-v4,0
478831,reward,4140,373.2635832792836,333.262,SF-P3O-NoSpectral,Walker2d-v4,0
478988,reward,4141,307.24035034852375,333.077,SF-P3O-NoSpectral,Walker2d-v4,0
479122,reward,4142,315.5523431570939,318.351,SF-P3O-NoSpectral,Walker2d-v4,0
479268,reward,4143,315.2645678459193,318.786,SF-P3O-NoSpectral,Walker2d-v4,0
479437,reward,4144,349.2699261401535,314.075,SF-P3O-NoSpectral,Walker2d-v4,0
479606,reward,4145,400.46829349391305,321.521,SF-P3O-NoSpectral,Walker2d-v4,0
479768,reward,4146,360.5606291255385,320.175,SF-P3O-NoSpectral,Walker2d-v4,0
479981,reward,4147,438.5181882266625,339.825,SF-P3O-NoSpectral,Walker2d-v4,0
480000,speed,635.08,15.16,SF-P3O-NoSpectral,Walker2d-v4,0
480123,reward,4148,310.5056743447074,335.274,SF-P3O-NoSpectral,Walker2d-v4,0
480235,reward,4149,257.34921876999204,342.799,SF-P3O-NoSpectral,Walker2d-v4,0
480360,reward,4150,286.2596330362347,334.099,SF-P3O-NoSpectral,Walker2d-v4,0
480480,reward,4151,253.7398099101747,328.749,SF-P3O-NoSpectral,Walker2d-v4,0
480627,reward,4152,368.0767770182176,334.001,SF-P3O-NoSpectral,Walker2d-v4,0
480743,reward,4153,238.62278262800857,326.337,SF-P3O-NoSpectral,Walker2d-v4,0
480904,reward,4154,357.9466447181633,327.205,SF-P3O-NoSpectral,Walker2d-v4,0
481030,reward,4155,285.65391801853247,315.723,SF-P3O-NoSpectral,Walker2d-v4,0
481179,reward,4156,334.5613129196201,313.123,SF-P3O-NoSpectral,Walker2d-v4,0
481343,reward,4157,386.90064936365695,307.962,SF-P3O-NoSpectral,Walker2d-v4,0
481484,reward,4158,309.95304373830606,307.906,SF-P3O-NoSpectral,Walker2d-v4,0
481642,reward,4159,358.08416549695795,317.98,SF-P3O-NoSpectral,Walker2d-v4,0
481791,reward,4160,377.66757438786334,327.121,SF-P3O-NoSpectral,Walker2d-v4,0
481968,reward,4161,394.2011808496635,341.167,SF-P3O-NoSpectral,Walker2d-v4,0
482116,reward,4162,374.4098169135737,341.8,SF-P3O-NoSpectral,Walker2d-v4,0
482277,reward,4163,392.5365897986724,357.191,SF-P3O-NoSpectral,Walker2d-v4,0
482436,reward,4164,360.43657148817687,357.44,SF-P3O-NoSpectral,Walker2d-v4,0
482561,reward,4165,275.317493670563,356.407,SF-P3O-NoSpectral,Walker2d-v4,0
482746,reward,4166,448.82598407840095,367.833,SF-P3O-NoSpectral,Walker2d-v4,0
482902,reward,4167,382.36374024234476,367.38,SF-P3O-NoSpectral,Walker2d-v4,0
483055,reward,4168,384.9805450092966,374.882,SF-P3O-NoSpectral,Walker2d-v4,0
483202,reward,4169,315.00743252592645,370.575,SF-P3O-NoSpectral,Walker2d-v4,0
483328,loss,-0.026488807052373886,0.7732115983963013,SF-P3O-NoSpectral,Walker2d-v4,0
483390,reward,4170,461.9497134264867,379.003,SF-P3O-NoSpectral,Walker2d-v4,0
483503,reward,4171,260.8459421247323,365.667,SF-P3O-NoSpectral,Walker2d-v4,0
483655,reward,4172,341.1260770646107,362.339,SF-P3O-NoSpectral,Walker2d-v4,0
483817,reward,4173,367.5678141592401,359.842,SF-P3O-NoSpectral,Walker2d-v4,0
483987,reward,4174,382.1079425741264,362.009,SF-P3O-NoSpectral,Walker2d-v4,0
484118,reward,4175,313.49993593049874,365.828,SF-P3O-NoSpectral,Walker2d-v4,0
484315,reward,4176,489.3282076712248,369.878,SF-P3O-NoSpectral,Walker2d-v4,0
484457,reward,4177,337.86994903581524,365.428,SF-P3O-NoSpectral,Walker2d-v4,0
484617,reward,4178,383.76333094805545,365.307,SF-P3O-NoSpectral,Walker2d-v4,0
484776,reward,4179,341.89063657628446,367.995,SF-P3O-NoSpectral,Walker2d-v4,0
484934,reward,4180,343.00797193200987,356.101,SF-P3O-NoSpectral,Walker2d-v4,0
485069,reward,4181,336.6103405948309,363.677,SF-P3O-NoSpectral,Walker2d-v4,0
485246,reward,4182,474.1903620466934,376.984,SF-P3O-NoSpectral,Walker2d-v4,0
485363,reward,4183,262.9927894241075,366.526,SF-P3O-NoSpectral,Walker2d-v4,0
485459,reward,4184,185.1601129802555,346.831,SF-P3O-NoSpectral,Walker2d-v4,0
485599,reward,4185,330.4559796599886,348.527,SF-P3O-NoSpectral,Walker2d-v4,0
485745,reward,4186,324.44062158737756,332.038,SF-P3O-NoSpectral,Walker2d-v4,0
485911,reward,4187,437.59347791626413,342.011,SF-P3O-NoSpectral,Walker2d-v4,0
486090,reward,4188,406.4304075717677,344.277,SF-P3O-NoSpectral,Walker2d-v4,0
486218,reward,4189,314.6386135274056,341.552,SF-P3O-NoSpectral,Walker2d-v4,0
486365,reward,4190,384.4712071138603,345.698,SF-P3O-NoSpectral,Walker2d-v4,0
486516,reward,4191,348.07627685178625,346.845,SF-P3O-NoSpectral,Walker2d-v4,0
486667,reward,4192,358.34727372251905,335.261,SF-P3O-NoSpectral,Walker2d-v4,0
486864,reward,4193,430.7714027662822,352.039,SF-P3O-NoSpectral,Walker2d-v4,0
487032,reward,4194,406.68980994406735,374.192,SF-P3O-NoSpectral,Walker2d-v4,0
487260,reward,4195,417.69981841814786,382.916,SF-P3O-NoSpectral,Walker2d-v4,0
487417,reward,4196,350.6577394677849,385.538,SF-P3O-NoSpectral,Walker2d-v4,0
487542,reward,4197,274.67865612349,369.246,SF-P3O-NoSpectral,Walker2d-v4,0
487694,reward,4198,342.1929694789818,362.822,SF-P3O-NoSpectral,Walker2d-v4,0
487821,reward,4199,270.91185578608236,358.45,SF-P3O-NoSpectral,Walker2d-v4,0
487970,reward,4200,365.81825333890066,356.584,SF-P3O-NoSpectral,Walker2d-v4,0
488046,reward,4201,120.692288723329,333.846,SF-P3O-NoSpectral,Walker2d-v4,0
488177,reward,4202,308.2691636700308,328.838,SF-P3O-NoSpectral,Walker2d-v4,0
488317,reward,4203,337.0183130307217,319.463,SF-P3O-NoSpectral,Walker2d-v4,0
488434,reward,4204,302.93979144218446,309.088,SF-P3O-NoSpectral,Walker2d-v4,0
488619,reward,4205,408.38494462170036,308.156,SF-P3O-NoSpectral,Walker2d-v4,0
488769,reward,4206,310.3627592254142,304.127,SF-P3O-NoSpectral,Walker2d-v4,0
488897,reward,4207,277.21093756221103,304.38,SF-P3O-NoSpectral,Walker2d-v4,0
489086,reward,4208,389.0199841929634,309.063,SF-P3O-NoSpectral,Walker2d-v4,0
489258,reward,4209,419.4214521832847,323.914,SF-P3O-NoSpectral,Walker2d-v4,0
489385,reward,4210,305.767866966849,317.909,SF-P3O-NoSpectral,Walker2d-v4,0
489534,reward,4211,358.23153210334357,341.663,SF-P3O-NoSpectral,Walker2d-v4,0
489636,reward,4212,178.53683544715275,328.689,SF-P3O-NoSpectral,Walker2d-v4,0
489769,reward,4213,374.74151836660474,332.462,SF-P3O-NoSpectral,Walker2d-v4,0
489936,reward,4214,387.5306582347078,340.921,SF-P3O-NoSpectral,Walker2d-v4,0
490000,speed,625.57,15.43,SF-P3O-NoSpectral,Walker2d-v4,0
490123,reward,4215,458.9805362896118,345.98,SF-P3O-NoSpectral,Walker2d-v4,0
490242,reward,4216,267.8665090171245,341.731,SF-P3O-NoSpectral,Walker2d-v4,0
490421,reward,4217,429.0610844629635,356.916,SF-P3O-NoSpectral,Walker2d-v4,0
490591,reward,4218,425.9182379084934,360.606,SF-P3O-NoSpectral,Walker2d-v4,0
490768,reward,4219,501.1478470777317,368.778,SF-P3O-NoSpectral,Walker2d-v4,0
490906,reward,4220,350.0779888114893,373.209,SF-P3O-NoSpectral,Walker2d-v4,0
491055,reward,4221,321.89645610243315,369.576,SF-P3O-NoSpectral,Walker2d-v4,0
491195,reward,4222,345.8724492733387,386.309,SF-P3O-NoSpectral,Walker2d-v4,0
491375,reward,4223,440.1725643704051,392.852,SF-P3O-NoSpectral,Walker2d-v4,0
491502,reward,4224,337.2804388225991,387.827,SF-P3O-NoSpectral,Walker2d-v4,0
491520,loss,-0.1249682828783989,0.8479247689247131,SF-P3O-NoSpectral,Walker2d-v4,0
491520,diagnostics,0.0,70.67,49.7679,0.061749,0.948795,0.3836,0.112662,SF-P3O-NoSpectral,Walker2d-v4,0
491635,reward,4225,312.71645982469585,373.201,SF-P3O-NoSpectral,Walker2d-v4,0
491847,reward,4226,487.672095059324,395.182,SF-P3O-NoSpectral,Walker2d-v4,0
492024,reward,4227,460.0861780690065,398.284,SF-P3O-NoSpectral,Walker2d-v4,0
492203,reward,4228,392.9315114998025,394.985,SF-P3O-NoSpectral,Walker2d-v4,0
492352,reward,4229,313.9259045939218,376.263,SF-P3O-NoSpectral,Walker2d-v4,0
492512,reward,4230,338.58313731647416,375.114,SF-P3O-NoSpectral,Walker2d-v4,0
492660,reward,4231,369.8369535206236,379.908,SF-P3O-NoSpectral,Walker2d-v4,0
492818,reward,4232,389.1034931371809,384.231,SF-P3O-NoSpectral,Walker2d-v4,0
493025,reward,4233,424.42065630744645,382.656,SF-P3O-NoSpectral,Walker2d-v4,0
493266,reward,4234,406.7228629192375,389.6,SF-P3O-NoSpectral,Walker2d-v4,0
493411,reward,4235,323.9095182444954,390.719,SF-P3O-NoSpectral,Walker2d-v4,0
493549,reward,4236,308.47355114661457,372.799,SF-P3O-NoSpectral,Walker2d-v4,0
493701,reward,4237,435.36597469222454,370.327,SF-P3O-NoSpectral,Walker2d-v4,0
493839,reward,4238,336.08158215977045,364.642,SF-P3O-NoSpectral,Walker2d-v4,0
493993,reward,4239,325.66734743152995,365.817,SF-P3O-NoSpectral,Walker2d-v4,0
494226,reward,4240,470.2560625382484,378.984,SF-P3O-NoSpectral,Walker2d-v4,0
494372,reward,4241,368.1575024037399,378.816,SF-P3O-NoSpectral,Walker2d-v4,0
494550,reward,4242,454.004714245242,385.306,SF-P3O-NoSpectral,Walker2d-v4,0
494701,reward,4243,335.62817514132166,376.427,SF-P3O-NoSpectral,Walker2d-v4,0
494852,reward,4244,427.88525172521014,378.543,SF-P3O-NoSpectral,Walker2d-v4,0
494991,reward,4245,314.9614788870139,377.648,SF-P3O-NoSpectral,Walker2d-v4,0
495243,reward,4246,544.2677924415076,401.228,SF-P3O-NoSpectral,Walker2d-v4,0
495388,reward,4247,322.0201958437059,389.893,SF-P3O-NoSpectral,Walker2d-v4,0
495565,reward,4248,442.7894446583573,400.564,SF-P3O-NoSpectral,Walker2d-v4,0
495743,reward,4249,418.0258731305866,409.8,SF-P3O-NoSpectral,Walker2d-v4,0
495908,reward,4250,385.74906895501374,401.349,SF-P3O-NoSpectral,Walker2d-v4,0
496058,reward,4251,348.2474032474205,399.358,SF-P3O-NoSpectral,Walker2d-v4,0
496272,reward,4252,502.740827279798,404.232,SF-P3O-NoSpectral,Walker2d-v4,0
496344,reward,4253,129.84015877827562,383.653,SF-P3O-NoSpectral,Walker2d-v4,0
496538,reward,4254,458.02207201688225,386.666,SF-P3O-NoSpectral,Walker2d-v4,0
496659,reward,4255,268.4225820341364,382.013,SF-P3O-NoSpectral,Walker2d-v4,0
496788,reward,4256,282.1632651418061,355.802,SF-P3O-NoSpectral,Walker2d-v4,0
496967,reward,4257,379.6661967072996,361.567,SF-P3O-NoSpectral,Walker2d-v4,0
497158,reward,4258,394.48578089465343,356.736,SF-P3O-NoSpectral,Walker2d-v4,0
497281,reward,4259,284.11185396800147,343.345,SF-P3O-NoSpectral,Walker2d-v4,0
497444,reward,4260,406.7465769443633,345.445,SF-P3O-NoSpectral,Walker2d-v4,0
497660,reward,4261,436.86566178947726,354.306,SF-P3O-NoSpectral,Walker2d-v4,0
497839,reward,4262,432.0359522908426,347.236,SF-P3O-NoSpectral,Walker2d-v4,0
498030,reward,4263,447.38227281274766,378.99,SF-P3O-NoSpectral,Walker2d-v4,0
498135,reward,4264,241.87587180134992,357.376,SF-P3O-NoSpectral,Walker2d-v4,0
498282,reward,4265,350.29074979247633,365.562,SF-P3O-NoSpectral,Walker2d-v4,0
498459,reward,4266,383.79950230530795,375.726,SF-P3O-NoSpectral,Walker2d-v4,0
498601,reward,4267,365.7323747297067,374.333,SF-P3O-NoSpectral,Walker2d-v4,0
498762,reward,4268,363.18579314710917,371.203,SF-P3O-NoSpectral,Walker2d-v4,0
498910,reward,4269,315.64170971056245,374.356,SF-P3O-NoSpectral,Walker2d-v4,0
499042,reward,4270,319.996227560033,365.681,SF-P3O-NoSpectral,Walker2d-v4,0
499165,reward,4271,263.44019930961167,348.338,SF-P3O-NoSpectral,Walker2d-v4,0
499301,reward,4272,323.288237733576,337.463,SF-P3O-NoSpectral,Walker2d-v4,0
499500,reward,4273,418.1629527579082,334.541,SF-P3O-NoSpectral,Walker2d-v4,0
499611,reward,4274,271.35544324073476,337.489,SF-P3O-NoSpectral,Walker2d-v4,0
499712,loss,0.07268509268760681,0.6708696484565735,SF-P3O-NoSpectral,Walker2d-v4,0
499718,reward,4275,253.50879454954278,327.811,SF-P3O-NoSpectral,Walker2d-v4,0
499849,reward,4276,290.25053368784734,318.456,SF-P3O-NoSpectral,Walker2d-v4,0
499990,reward,4277,327.6398179689859,314.647,SF-P3O-NoSpectral,Walker2d-v4,0
500000,speed,431.16,15.82,SF-P3O-NoSpectral,Walker2d-v4,0
500000,perturb,0.063026,0.948312,0.4074,26391,41455,0.386907,10,SF-P3O-NoSpectral,Walker2d-v4,0
500189,reward,4278,401.3550078051177,318.464,SF-P3O-NoSpectral,Walker2d-v4,0
500319,reward,4279,304.04676712686825,317.304,SF-P3O-NoSpectral,Walker2d-v4,0
500475,reward,4280,380.82166531344114,323.387,SF-P3O-NoSpectral,Walker2d-v4,0
500567,reward,4281,175.8367993855714,314.627,SF-P3O-NoSpectral,Walker2d-v4,0
500714,reward,4282,352.69632831676154,317.567,SF-P3O-NoSpectral,Walker2d-v4,0
500853,reward,4283,330.33725832931594,308.785,SF-P3O-NoSpectral,Walker2d-v4,0
501058,reward,4284,526.4611457357302,334.295,SF-P3O-NoSpectral,Walker2d-v4,0
501220,reward,4285,418.7114769828962,350.816,SF-P3O-NoSpectral,Walker2d-v4,0
501337,reward,4286,254.51439526168178,347.242,SF-P3O-NoSpectral,Walker2d-v4,0
501508,reward,4287,393.98276970304954,353.876,SF-P3O-NoSpectral,Walker2d-v4,0
501673,reward,4288,454.7088443280113,359.212,SF-P3O-NoSpectral,Walker2d-v4,0
501852,reward,4289,409.19073807460194,369.726,SF-P3O-NoSpectral,Walker2d-v4,0
501979,reward,4290,317.32972039704305,363.377,SF-P3O-NoSpectral,Walker2d-v4,0
502159,reward,4291,374.80256336541936,383.274,SF-P3O-NoSpectral,Walker2d-v4,0
502274,reward,4292,247.1950235988159,372.723,SF-P3O-NoSpectral,Walker2d-v4,0
502471,reward,4293,508.9061114299605,390.58,SF-P3O-NoSpectral,Walker2d-v4,0
502634,reward,4294,360.8876799539485,374.023,SF-P3O-NoSpectral,Walker2d-v4,0
502859,reward,4295,448.72257197282073,377.024,SF-P3O-NoSpectral,Walker2d-v4,0
503039,reward,4296,338.75850714517463,385.448,SF-P3O-NoSpectral,Walker2d-v4,0
503151,reward,4297,249.02290231223327,370.952,SF-P3O-NoSpectral,Walker2d-v4,0
503349,reward,4298,384.1178207168842,363.893,SF-P3O-NoSpectral,Walker2d-v4,0
503510,reward,4299,370.0448182766546,359.979,SF-P3O-NoSpectral,Walker2d-v4,0
503599,reward,4300,164.29193321381717,344.675,SF-P3O-NoSpectral,Walker2d-v4,0
503734,reward,4301,297.13694806768297,336.908,SF-P3O-NoSpectral,Walker2d-v4,0
503861,reward,4302,282.03683886193386,340.393,SF-P3O-NoSpectral,Walker2d-v4,0
504001,reward,4303,357.99607616079356,325.302,SF-P3O-NoSpectral,Walker2d-v4,0
504145,reward,4304,365.90459607668157,325.803,SF-P3O-NoSpectral,Walker2d-v4,0
504330,reward,4305,425.14812288122266,323.446,SF-P3O-NoSpectral,Walker2d-v4,0
504444,reward,4306,239.00699046920377,313.471,SF-P3O-NoSpectral,Walker2d-v4,0
504553,reward,4307,248.8663769970635,313.455,SF-P3O-NoSpectral,Walker2d-v4,0
504644,reward,4308,169.2520877283457,291.968,SF-P3O-NoSpectral,Walker2d-v4,0
504817,reward,4309,365.444202353743,291.508,SF-P3O-NoSpectral,Walker2d-v4,0
505003,reward,4310,456.6277585115506,320.742,SF-P3O-NoSpectral,Walker2d-v4,0
505174,reward,4311,422.3762119736898,333.266,SF-P3O-NoSpectral,Walker2d-v4,0
505331,reward,4312,384.0909119596366,343.471,SF-P3O-NoSpectral,Walker2d-v4,0
505509,reward,4313,478.7395780982835,355.546,SF-P3O-NoSpectral,Walker2d-v4,0
505671,reward,4314,381.1383316983296,357.069,SF-P3O-NoSpectral,Walker2d-v4,0
505813,reward,4315,334.30856921488186,347.985,SF-P3O-NoSpectral,Walker2d-v4,0
506094,reward,4316,627.5762292754279,386.842,SF-P3O-NoSpectral,Walker2d-v4,0
506242,reward,4317,393.02517000526893,401.258,SF-P3O-NoSpectral,Walker2d-v4,0
506370,reward,4318,305.02922172350736,414.836,SF-P3O-NoSpectral,Walker2d-v4,0
506543,reward,4319,475.00916026821307,425.792,SF-P3O-NoSpectral,Walker2d-v4,0
506739,reward,4320,473.1805554098302,427.447,SF-P3O-NoSpectral,Walker2d-v4,0
506922,reward,4321,450.9416546694555,430.304,SF-P3O-NoSpectral,Walker2d-v4,0
507078,reward,4322,403.1398707540609,432.209,SF-P3O-NoSpectral,Walker2d-v4,0
507200,reward,4323,262.9430670759198,410.629,SF-P3O-NoSpectral,Walker2d-v4,0
507337,reward,4324,318.28028604192554,404.343,SF-P3O-NoSpectral,Walker2d-v4,0
507546,reward,4325,453.5754917523926,416.27,SF-P3O-NoSpectral,Walker2d-v4,0
507707,reward,4326,386.09610524160007,392.122,SF-P3O-NoSpectral,Walker2d-v4,0
507856,reward,4327,357.4846316004578,388.568,SF-P3O-NoSpectral,Walker2d-v4,0
507904,loss,-0.12511231005191803,0.8106753826141357,SF-P3O-NoSpectral,Walker2d-v4,0
507904,diagnostics,0.0,72.28,40.1853,0.063361,0.948413,0.4024,0.127704,SF-P3O-NoSpectral,Walker2d-v4,0
508011,reward,4328,372.5695536801316,395.322,SF-P3O-NoSpectral,Walker2d-v4,0
508159,reward,4329,346.19559743695487,382.441,SF-P3O-NoSpectral,Walker2d-v4,0
508296,reward,4330,324.0492919824367,367.528,SF-P3O-NoSpectral,Walker2d-v4,0
508425,reward,4331,293.443568823485,351.778,SF-P3O-NoSpectral,Walker2d-v4,0
508547,reward,4332,282.1693208975476,339.681,SF-P3O-NoSpectral,Walker2d-v4,0
508669,reward,4333,297.32404884102345,343.119,SF-P3O-NoSpectral,Walker2d-v4,0
508788,reward,4334,273.3126110169277,338.622,SF-P3O-NoSpectral,Walker2d-v4,0
508912,reward,4335,325.52888690571046,325.817,SF-P3O-NoSpectral,Walker2d-v4,0
509056,reward,4336,302.8210073092802,317.49,SF-P3O-NoSpectral,Walker2d-v4,0
509149,reward,4337,200.2132080159067,301.763,SF-P3O-NoSpectral,Walker2d-v4,0
509303,reward,4338,381.22675765334577,302.628,SF-P3O-NoSpectral,Walker2d-v4,0
509449,reward,4339,357.888392687069,303.798,SF-P3O-NoSpectral,Walker2d-v4,0
509615,reward,4340,361.7913525294372,307.572,SF-P3O-NoSpectral,Walker2d-v4,0
509829,reward,4341,484.49630966392266,326.677,SF-P3O-NoSpectral,Walker2d-v4,0
509944,reward,4342,239.0723118517915,322.367,SF-P3O-NoSpectral,Walker2d-v4,0
510000,speed,648.83,16.07,SF-P3O-NoSpectral,Walker2d-v4,0
510087,reward,4343,331.29496239710704,325.765,SF-P3O-NoSpectral,Walker2d-v4,0
510194,reward,4344,232.9720223422752,321.731,SF-P3O-NoSpectral,Walker2d-v4,0
510363,reward,4345,392.273280385466,328.405,SF-P3O-NoSpectral,Walker2d-v4,0
510510,reward,4346,338.9058855835666,332.013,SF-P3O-NoSpectral,Walker2d-v4,0
510698,reward,4347,465.7796160332618,358.57,SF-P3O-NoSpectral,Walker2d-v4,0
510824,reward,4348,295.08232466334084,349.956,SF-P3O-NoSpectral,Walker2d-v4,0
511007,reward,4349,408.87293585179447,355.054,SF-P3O-NoSpectral,Walker2d-v4,0
511154,reward,4350,358.5586387822302,354.731,SF-P3O-NoSpectral,Walker2d-v4,0
511272,reward,4351,274.8907425710327,333.77,SF-P3O-NoSpectral,Walker2d-v4,0
511424,reward,4352,336.17685973825877,343.481,SF-P3O-NoSpectral,Walker2d-v4,0
511547,reward,4353,301.7217528845301,340.523,SF-P3O-NoSpectral,Walker2d-v4,0
511742,reward,4354,469.5382174992044,364.18,SF-P3O-NoSpectral,Walker2d-v4,0
511894,reward,4355,329.0998368302412,357.863,SF-P3O-NoSpectral,Walker2d-v4,0
512046,reward,4356,367.29401763798455,360.701,SF-P3O-NoSpectral,Walker2d-v4,0
512194,reward,4357,365.7481940971171,350.698,SF-P3O-NoSpectral,Walker2d-v4,0
512357,reward,4358,354.05844072330785,356.596,SF-P3O-NoSpectral,Walker2d-v4,0
512500,reward,4359,309.5976140673261,346.668,SF-P3O-NoSpectral,Walker2d-v4,0
512702,reward,4360,406.58841080635625,351.471,SF-P3O-NoSpectral,Walker2d-v4,0
512846,reward,4361,334.94217053648106,357.477,SF-P3O-NoSpectral,Walker2d-v4,0
512967,reward,4362,283.19450706094716,352.178,SF-P3O-NoSpectral,Walker2d-v4,0
513102,reward,4363,291.75701661401007,351.182,SF-P3O-NoSpectral,Walker2d-v4,0
513247,reward,4364,298.3790773297937,334.066,SF-P3O-NoSpectral,Walker2d-v4,0
513419,reward,4365,440.0955658064559,345.166,SF-P3O-NoSpectral,Walker2d-v4,0
513622,reward,4366,464.2928100549609,354.865,SF-P3O-NoSpectral,Walker2d-v4,0
513796,reward,4367,382.4552386910361,356.536,SF-P3O-NoSpectral,Walker2d-v4,0
513896,reward,4368,203.04768423263567,341.435,SF-P3O-NoSpectral,Walker2d-v4,0
514099,reward,4369,399.5539912249384,350.431,SF-P3O-NoSpectral,Walker2d-v4,0
514230,reward,4370,333.5944373572116,343.131,SF-P3O-NoSpectral,Walker2d-v4,0
514400,reward,4371,406.3626501629213,350.273,SF-P3O-NoSpectral,Walker2d-v4,0
514589,reward,4372,411.01171757683176,363.055,SF-P3O-NoSpectral,Walker2d-v4,0
514766,reward,4373,416.34286741568604,375.514,SF-P3O-NoSpectral,Walker2d-v4,0
514931,reward,4374,402.88799431987604,385.964,SF-P3O-NoSpectral,Walker2d-v4,0
515066,reward,4375,333.89272570234925,375.344,SF-P3O-NoSpectral,Walker2d-v4,0
515235,reward,4376,378.7531978090471,366.79,SF-P3O-NoSpectral,Walker2d-v4,0
515361,reward,4377,319.92527777077703,360.537,SF-P3O-NoSpectral,Walker2d-v4,0
515469,reward,4378,247.2477681978847,364.957,SF-P3O-NoSpectral,Walker2d-v4,0
515595,reward,4379,326.81033761933196,357.683,SF-P3O-NoSpectral,Walker2d-v4,0
515767,reward,4380,468.0311109659605,371.127,SF-P3O-NoSpectral,Walker2d-v4,0
515923,reward,4381,372.47281947261496,367.738,SF-P3O-NoSpectral,Walker2d-v4,0
516096,loss,-0.05423654243350029,0.8102684617042542,SF-P3O-NoSpectral,Walker2d-v4,0
516161,reward,4382,487.36415971394916,375.373,SF-P3O-NoSpectral,Walker2d-v4,0
516300,reward,4383,350.74539424630643,368.813,SF-P3O-NoSpectral,Walker2d-v4,0
516453,reward,4384,366.7050413388116,365.195,SF-P3O-NoSpectral,Walker2d-v4,0
516615,reward,4385,352.26766921431243,367.032,SF-P3O-NoSpectral,Walker2d-v4,0
516750,reward,4386,327.70738946283166,361.928,SF-P3O-NoSpectral,Walker2d-v4,0
516942,reward,4387,457.05224464426084,375.64,SF-P3O-NoSpectral,Walker2d-v4,0
517092,reward,4388,415.13132365619913,392.429,SF-P3O-NoSpectral,Walker2d-v4,0
517252,reward,4389,348.83489978768705,394.631,SF-P3O-NoSpectral,Walker2d-v4,0
517361,reward,4390,254.967240182677,373.325,SF-P3O-NoSpectral,Walker2d-v4,0
517494,reward,4391,343.64246754284716,370.442,SF-P3O-NoSpectral,Walker2d-v4,0
517571,reward,4392,144.08096034857186,336.113,SF-P3O-NoSpectral,Walker2d-v4,0
517735,reward,4393,377.9581021591915,338.835,SF-P3O-NoSpectral,Walker2d-v4,0
517862,reward,4394,268.96682274907204,329.061,SF-P3O-NoSpectral,Walker2d-v4,0
518043,reward,4395,406.3091093907246,334.465,SF-P3O-NoSpectral,Walker2d-v4,0
518169,reward,4396,324.21461196723516,334.116,SF-P3O-NoSpectral,Walker2d-v4,0
518334,reward,4397,415.11383762900005,329.922,SF-P3O-NoSpectral,Walker2d-v4,0
518540,reward,4398,407.4721204325593,329.156,SF-P3O-NoSpectral,Walker2d-v4,0
518757,reward,4399,532.2241758089889,347.495,SF-P3O-NoSpectral,Walker2d-v4,0
518900,reward,4400,348.1637975461956,356.815,SF-P3O-NoSpectral,Walker2d-v4,0
519061,reward,4401,397.7371313423732,362.224,SF-P3O-NoSpectral,Walker2d-v4,0
519234,reward,4402,449.2572116377403,392.742,SF-P3O-NoSpectral,Walker2d-v4,0
519355,reward,4403,283.55586825393715,383.301,SF-P3O-NoSpectral,Walker2d-v4,0
519575,reward,4404,513.1925440033051,407.724,SF-P3O-NoSpectral,Walker2d-v4,0
519714,reward,4405,363.58128430012346,403.451,SF-P3O-NoSpectral,Walker2d-v4,0
519909,reward,4406,478.1957244111408,418.849,SF-P3O-NoSpectral,Walker2d-v4,0
520000,speed,626.87,16.34,SF-P3O-NoSpectral,Walker2d-v4,0
520044,reward,4407,312.5967051507586,408.598,SF-P3O-NoSpectral,Walker2d-v4,0
520177,reward,4408,354.08624602561645,403.259,SF-P3O-NoSpectral,Walker2d-v4,0
520317,reward,4409,352.9026999471927,385.327,SF-P3O-NoSpectral,Walker2d-v4,0
520500,reward,4410,469.0104974477731,397.412,SF-P3O-NoSpectral,Walker2d-v4,0
520637,reward,4411,357.9479475280689,393.433,SF-P3O-NoSpectral,Walker2d-v4,0
520774,reward,4412,314.81567317635654,379.989,SF-P3O-NoSpectral,Walker2d-v4,0
520915,reward,4413,313.1796077908994,382.951,SF-P3O-NoSpectral,Walker2d-v4,0
521048,reward,4414,361.53365433700094,367.785,SF-P3O-NoSpectral,Walker2d-v4,0
521134,reward,4415,170.65677178389777,348.493,SF-P3O-NoSpectral,Walker2d-v4,0
521263,reward,4416,292.71202041761507,329.944,SF-P3O-NoSpectral,Walker2d-v4,0
521430,reward,4417,333.6364463366581,332.048,SF-P3O-NoSpectral,Walker2d-v4,0
521620,reward,4418,406.82889094249754,337.322,SF-P3O-NoSpectral,Walker2d-v4,0
521745,reward,4419,228.7731923886045,324.909,SF-P3O-NoSpectral,Walker2d-v4,0
521882,reward,4420,351.47227786602434,313.156,SF-P3O-NoSpectral,Walker2d-v4,0
522046,reward,4421,344.0150293360919,311.762,SF-P3O-NoSpectral,Walker2d-v4,0
522156,reward,4422,236.77426812964595,303.958,SF-P3O-NoSpectral,Walker2d-v4,0
522279,reward,4423,304.43917753381515,303.084,SF-P3O-NoSpectral,Walker2d-v4,0
522408,reward,4424,311.47037695995186,298.078,SF-P3O-NoSpectral,Walker2d-v4,0
522604,reward,4425,470.6054854436131,328.073,SF-P3O-NoSpectral,Walker2d-v4,0
522868,reward,4426,659.9597425065315,364.797,SF-P3O-NoSpectral,Walker2d-v4,0
523016,reward,4427,353.6769315960112,366.802,SF-P3O-NoSpectral,Walker2d-v4,0
523221,reward,4428,422.5371409550428,368.372,SF-P3O-NoSpectral,Walker2d-v4,0
523331,reward,4429,218.80571987070365,367.376,SF-P3O-NoSpectral,Walker2d-v4,0
523473,reward,4430,317.69032021854804,363.997,SF-P3O-NoSpectral,Walker2d-v4,0
523624,reward,4431,306.2387506615521,360.22,SF-P3O-NoSpectral,Walker2d-v4,0
523773,reward,4432,358.8564835179911,372.428,SF-P3O-NoSpectral,Walker2d-v4,0
523870,reward,4433,188.67009490213474,360.851,SF-P3O-NoSpectral,Walker2d-v4,0
524018,reward,4434,376.8447444086974,367.389,SF-P3O-NoSpectral,Walker2d-v4,0
524122,reward,4435,230.1000100693555,343.338,SF-P3O-NoSpectral,Walker2d-v4,0
524288,loss,-0.14309613406658173,0.6880069971084595,SF-P3O-NoSpectral,Walker2d-v4,0
524288,diagnostics,0.0,72.55,29.2828,0.06424,0.948861,0.4598,0.117239,SF-P3O-NoSpectral,Walker2d-v4,0
524299,reward,4436,439.98698811643146,321.341,SF-P3O-NoSpectral,Walker2d-v4,0
524467,reward,4437,408.99607631339927,326.873,SF-P3O-NoSpectral,Walker2d-v4,0
524538,reward,4438,118.08721951820937,296.428,SF-P3O-NoSpectral,Walker2d-v4,0
524673,reward,4439,333.0686808933323,307.854,SF-P3O-NoSpectral,Walker2d-v4,0
524835,reward,4440,317.54121105268865,307.839,SF-P3O-NoSpectral,Walker2d-v4,0
525006,reward,4441,438.7997685359138,321.095,SF-P3O-NoSpectral,Walker2d-v4,0
525169,reward,4442,407.3388244407816,325.943,SF-P3O-NoSpectral,Walker2d-v4,0
525365,reward,4443,468.571331047085,353.933,SF-P3O-NoSpectral,Walker2d-v4,0
525532,reward,4444,409.21820786416197,357.171,SF-P3O-NoSpectral,Walker2d-v4,0
525725,reward,4445,456.6285604965208,379.824,SF-P3O-NoSpectral,Walker2d-v4,0
525924,reward,4446,389.81597099800285,374.807,SF-P3O-NoSpectral,Walker2d-v4,0
526085,reward,4447,318.2099569963374,365.728,SF-P3O-NoSpectral,Walker2d-v4,0
526251,reward,4448,381.6115379151879,392.08,SF-P3O-NoSpectral,Walker2d-v4,0
526431,reward,4449,418.59949146883855,400.633,SF-P3O-NoSpectral,Walker2d-v4,0
526614,reward,4450,479.46841416172003,416.826,SF-P3O-NoSpectral,Walker2d-v4,0
526785,reward,4451,389.6578909376088,411.912,SF-P3O-NoSpectral,Walker2d-v4,0
526965,reward,4452,433.1142800726815,414.49,SF-P3O-NoSpectral,Walker2d-v4,0
527151,reward,4453,493.9024666746736,417.023,SF-P3O-NoSpectral,Walker2d-v4,0
527339,reward,4454,481.3106743201905,424.232,SF-P3O-NoSpectral,Walker2d-v4,0
527483,reward,4455,342.65470341683096,412.835,SF-P3O-NoSpectral,Walker2d-v4,0
527626,reward,4456,340.1352482249501,407.866,SF-P3O-NoSpectral,Walker2d-v4,0
527785,reward,4457,401.5875433290036,416.204,SF-P3O-NoSpectral,Walker2d-v4,0
527958,reward,4458,429.9190416613311,421.035,SF-P3O-NoSpectral,Walker2d-v4,0
528112,reward,4459,414.1048130826769,420.586,SF-P3O-NoSpectral,Walker2d-v4,0
528235,reward,4460,246.17518484488645,397.256,SF-P3O-NoSpectral,Walker2d-v4,0
528369,reward,4461,252.9319947407766,383.584,SF-P3O-NoSpectral,Walker2d-v4,0
528520,reward,4462,374.63104297913685,377.735,SF-P3O-NoSpectral,Walker2d-v4,0
528689,reward,4463,388.15235399556667,367.16,SF-P3O-NoSpectral,Walker2d-v4,0
528838,reward,4464,343.97045732759887,353.426,SF-P3O-NoSpectral,Walker2d-v4,0
528955,reward,4465,289.2448019407457,348.085,SF-P3O-NoSpectral,Walker2d-v4,0
529088,reward,4466,346.14792863331854,348.687,SF-P3O-NoSpectral,Walker2d-v4,0
529395,reward,4467,574.9820632633679,366.026,SF-P3O-NoSpectral,Walker2d-v4,0
529535,reward,4468,328.77698148209606,355.912,SF-P3O-NoSpectral,Walker2d-v4,0
529704,reward,4469,390.42546460270404,353.544,SF-P3O-NoSpectral,Walker2d-v4,0
529852,reward,4470,420.64470135886825,370.991,SF-P3O-NoSpectral,Walker2d-v4,0
530000,speed,655.07,16.59,SF-P3O-NoSpectral,Walker2d-v4,0
530007,reward,4471,319.4191878653007,377.639,SF-P3O-NoSpectral,Walker2d-v4,0
530135,reward,4472,252.1175515345442,365.388,SF-P3O-NoSpectral,Walker2d-v4,0
530313,reward,4473,417.41240635944246,368.314,SF-P3O-NoSpectral,Walker2d-v4,0
530467,reward,4474,406.693890428099,374.586,SF-P3O-NoSpectral,Walker2d-v4,0
530577,reward,4475,239.87667119625988,369.65,SF-P3O-NoSpectral,Walker2d-v4,0
530698,reward,4476,280.71034529004646,363.106,SF-P3O-NoSpectral,Walker2d-v4,0
530866,reward,4477,404.7903791793666,346.087,SF-P3O-NoSpectral,Walker2d-v4,0
531099,reward,4478,470.7599861606433,360.285,SF-P3O-NoSpectral,Walker2d-v4,0
531237,reward,4479,333.8855665420576,354.631,SF-P3O-NoSpectral,Walker2d-v4,0
531373,reward,4480,339.5060292240824,346.517,SF-P3O-NoSpectral,Walker2d-v4,0
531581,reward,4481,460.16046325932166,360.591,SF-P3O-NoSpectral,Walker2d-v4,0
531739,reward,4482,395.9407382300737,374.974,SF-P3O-NoSpectral,Walker2d-v4,0
531916,reward,4483,426.42211861362364,375.875,SF-P3O-NoSpectral,Walker2d-v4,0
532030,reward,4484,196.98167765783842,354.903,SF-P3O-NoSpectral,Walker2d-v4,0
532173,reward,4485,311.09198537403864,362.025,SF-P3O-NoSpectral,Walker2d-v4,0
532239,reward,4486,112.75495534376766,345.229,SF-P3O-NoSpectral,Walker2d-v4,0
532440,reward,4487,502.2544712726536,354.976,SF-P3O-NoSpectral,Walker2d-v4,0
532480,loss,-0.08935645967721939,0.6510418057441711,SF-P3O-NoSpectral,Walker2d-v4,0
532640,reward,4488,539.1226894220675,361.812,SF-P3O-NoSpectral,Walker2d-v4,0
532777,reward,4489,349.06373770452706,363.33,SF-P3O-NoSpectral,Walker2d-v4,0
532902,reward,4490,330.5310746232391,362.432,SF-P3O-NoSpectral,Walker2d-v4,0
532959,reward,4491,92.80482587519171,325.697,SF-P3O-NoSpectral,Walker2d-v4,0
533126,reward,4492,371.8503665554925,323.288,SF-P3O-NoSpectral,Walker2d-v4,0
533238,reward,4493,240.25601458276307,304.671,SF-P3O-NoSpectral,Walker2d-v4,0
533391,reward,4494,334.4281621028403,318.416,SF-P3O-NoSpectral,Walker2d-v4,0
533594,reward,4495,497.31094097685474,337.038,SF-P3O-NoSpectral,Walker2d-v4,0
533752,reward,4496,367.78319384451027,362.541,SF-P3O-NoSpectral,Walker2d-v4,0
533994,reward,4497,443.17708935839016,356.633,SF-P3O-NoSpectral,Walker2d-v4,0
534151,reward,4498,415.81682542501954,344.302,SF-P3O-NoSpectral,Walker2d-v4,0
534396,reward,4499,648.5308703783749,374.249,SF-P3O-NoSpectral,Walker2d-v4,0
534591,reward,4500,377.40267942669095,378.936,SF-P3O-NoSpectral,Walker2d-v4,0
534725,reward,4501,349.106228854269,404.566,SF-P3O-NoSpectral,Walker2d-v4,0
534869,reward,4502,374.0129957798196,404.783,SF-P3O-NoSpectral,Walker2d-v4,0
534989,reward,4503,313.8296141285761,412.14,SF-P3O-NoSpectral,Walker2d-v4,0
535096,reward,4504,237.8456679074084,402.482,SF-P3O-NoSpectral,Walker2d-v4,0
535273,reward,4505,517.9847450805818,404.549,SF-P3O-NoSpectral,Walker2d-v4,0
535425,reward,4506,373.930996344873,405.164,SF-P3O-NoSpectral,Walker2d-v4,0
535561,reward,4507,326.2640097722776,393.472,SF-P3O-NoSpectral,Walker2d-v4,0
535684,reward,4508,293.2179988972218,381.213,SF-P3O-NoSpectral,Walker2d-v4,0
535835,reward,4509,388.1870750162099,355.178,SF-P3O-NoSpectral,Walker2d-v4,0
535986,reward,4510,332.7302894162502,350.711,SF-P3O-NoSpectral,Walker2d-v4,0
536151,reward,4511,336.84011969102977,349.484,SF-P3O-NoSpectral,Walker2d-v4,0
536275,reward,4512,246.69245429457297,336.752,SF-P3O-NoSpectral,Walker2d-v4,0
536392,reward,4513,280.66416292650126,333.436,SF-P3O-NoSpectral,Walker2d-v4,0
536533,reward,4514,313.8837338781946,341.04,SF-P3O-NoSpectral,Walker2d-v4,0
536674,reward,4515,269.4870627801382,316.19,SF-P3O-NoSpectral,Walker2d-v4,0
536838,reward,4516,403.702055780659,319.167,SF-P3O-NoSpectral,Walker2d-v4,0
537022,reward,4517,525.4477887713904,339.085,SF-P3O-NoSpectral,Walker2d-v4,0
537150,reward,4518,301.4808752966227,339.912,SF-P3O-NoSpectral,Walker2d-v4,0
537303,reward,4519,409.6980015995554,342.063,SF-P3O-NoSpectral,Walker2d-v4,0
537429,reward,4520,250.61186106055007,333.851,SF-P3O-NoSpectral,Walker2d-v4,0
537570,reward,4521,391.3637190569193,339.303,SF-P3O-NoSpectral,Walker2d-v4,0
537758,reward,4522,523.9985759605449,367.034,SF-P3O-NoSpectral,Walker2d-v4,0
537901,reward,4523,314.85778417126403,370.453,SF-P3O-NoSpectral,Walker2d-v4,0
538059,reward,4524,393.76053111178715,378.441,SF-P3O-NoSpectral,Walker2d-v4,0
538230,reward,4525,442.3695600584597,395.729,SF-P3O-NoSpectral,Walker2d-v4,0
538391,reward,4526,423.8861330653295,397.747,SF-P3O-NoSpectral,Walker2d-v4,0
538558,reward,4527,438.7536342843666,389.078,SF-P3O-NoSpectral,Walker2d-v4,0
538716,reward,4528,385.0233597336369,397.432,SF-P3O-NoSpectral,Walker2d-v4,0
538857,reward,4529,330.10407626737185,389.473,SF-P3O-NoSpectral,Walker2d-v4,0
539078,reward,4530,395.4502922994646,403.957,SF-P3O-NoSpectral,Walker2d-v4,0
539234,reward,4531,367.40984283164084,401.561,SF-P3O-NoSpectral,Walker2d-v4,0
539381,reward,4532,340.51645681108647,383.213,SF-P3O-NoSpectral,Walker2d-v4,0
539544,reward,4533,499.16450393788506,401.644,SF-P3O-NoSpectral,Walker2d-v4,0
539703,reward,4534,387.8768872312024,401.055,SF-P3O-NoSpectral,Walker2d-v4,0
539860,reward,4535,367.4224067533309,393.561,SF-P3O-NoSpectral,Walker2d-v4,0
540000,speed,656.2,16.85,SF-P3O-NoSpectral,Walker2d-v4,0
540004,reward,4536,394.4888223834476,390.621,SF-P3O-NoSpectral,Walker2d-v4,0
540253,reward,4537,560.675525039461,402.813,SF-P3O-NoSpectral,Walker2d-v4,0
540403,reward,4538,356.7266910740074,399.984,SF-P3O-NoSpectral,Walker2d-v4,0
540529,reward,4539,321.0659841148508,399.08,SF-P3O-NoSpectral,Walker2d-v4,0
540672,loss,-0.02815621718764305,0.6965265870094299,SF-P3O-NoSpectral,Walker2d-v4,0
540672,diagnostics,0.0,72.83,29.3934,0.06498,0.94875,0.4039,0.113316,SF-P3O-NoSpectral,Walker2d-v4,0
540683,reward,4540,347.74803273475163,394.31,SF-P3O-NoSpectral,Walker2d-v4,0
540809,reward,4541,296.4208093054722,387.211,SF-P3O-NoSpectral,Walker2d-v4,0
540956,reward,4542,396.86598009481787,392.846,SF-P3O-NoSpectral,Walker2d-v4,0
541109,reward,4543,376.8215085373896,380.611,SF-P3O-NoSpectral,Walker2d-v4,0
541286,reward,4544,401.70476191728636,381.994,SF-P3O-NoSpectral,Walker2d-v4,0
541424,reward,4545,341.34693963703205,379.387,SF-P3O-NoSpectral,Walker2d-v4,0
541562,reward,4546,309.04510140319974,370.842,SF-P3O-NoSpectral,Walker2d-v4,0
541689,reward,4547,325.41003382021756,347.316,SF-P3O-NoSpectral,Walker2d-v4,0
541823,reward,4548,326.2455414226403,344.267,SF-P3O-NoSpectral,Walker2d-v4,0
542026,reward,4549,389.5675446478827,351.118,SF-P3O-NoSpectral,Walker2d-v4,0
542169,reward,4550,364.78556192197584,352.821,SF-P3O-NoSpectral,Walker2d-v4,0
542308,reward,4551,336.40669456547477,356.82,SF-P3O-NoSpectral,Walker2d-v4,0
542433,reward,4552,265.91604021131513,343.725,SF-P3O-NoSpectral,Walker2d-v4,0
542529,reward,4553,207.07686173257989,326.751,SF-P3O-NoSpectral,Walker2d-v4,0
542649,reward,4554,315.2541946477026,318.105,SF-P3O-NoSpectral,Walker2d-v4,0
542787,reward,4555,390.73124665962825,323.044,SF-P3O-NoSpectral,Walker2d-v4,0
542959,reward,4556,398.26833872042613,331.966,SF-P3O-NoSpectral,Walker2d-v4,0
543079,reward,4557,322.29489455446213,331.655,SF-P3O-NoSpectral,Walker2d-v4,0
543228,reward,4558,372.22648849107804,336.253,SF-P3O-NoSpectral,Walker2d-v4,0
543417,reward,4559,439.870811196592,341.283,SF-P3O-NoSpectral,Walker2d-v4,0
543551,reward,4560,294.0156459671291,334.206,SF-P3O-NoSpectral,Walker2d-v4,0
543692,reward,4561,323.2010025490545,332.886,SF-P3O-NoSpectral,Walker2d-v4,0
543857,reward,4562,329.4249437361002,339.236,SF-P3O-NoSpectral,Walker2d-v4,0
543920,reward,4563,105.88763757570604,329.118,SF-P3O-NoSpectral,Walker2d-v4,0
544144,reward,4564,339.86294739819164,331.578,SF-P3O-NoSpectral,Walker2d-v4,0
544291,reward,4565,345.7249326551965,327.078,SF-P3O-NoSpectral,Walker2d-v4,0
544421,reward,4566,296.5752012090501,316.908,SF-P3O-NoSpectral,Walker2d-v4,0
544536,reward,4567,243.10865274425242,308.99,SF-P3O-NoSpectral,Walker2d-v4,0
544711,reward,4568,408.5739453214242,312.625,SF-P3O-NoSpectral,Walker2d-v4,0
544867,reward,4569,396.6833848892783,308.306,SF-P3O-NoSpectral,Walker2d-v4,0
545017,reward,4570,380.39719196832823,316.944,SF-P3O-NoSpectral,Walker2d-v4,0
545136,reward,4571,282.29437609107134,312.853,SF-P3O-NoSpectral,Walker2d-v4,0
545293,reward,4572,349.4776739809982,314.859,SF-P3O-NoSpectral,Walker2d-v4,0
545454,reward,4573,433.9278666425297,347.663,SF-P3O-NoSpectral,Walker2d-v4,0
545625,reward,4574,416.92027214147623,355.368,SF-P3O-NoSpectral,Walker2d-v4,0
545775,reward,4575,361.8171769337122,356.978,SF-P3O-NoSpectral,Walker2d-v4,0
545967,reward,4576,384.80334098778405,365.8,SF-P3O-NoSpectral,Walker2d-v4,0
546093,reward,4577,306.30457092248275,372.12,SF-P3O-NoSpectral,Walker2d-v4,0
546235,reward,4578,364.5169944653875,367.714,SF-P3O-NoSpectral,Walker2d-v4,0
546318,reward,4579,189.28663817017787,346.975,SF-P3O-NoSpectral,Walker2d-v4,0
546392,reward,4580,126.76388194174757,321.611,SF-P3O-NoSpectral,Walker2d-v4,0
546548,reward,4581,402.8313090064739,333.665,SF-P3O-NoSpectral,Walker2d-v4,0
546832,reward,4582,561.3572731798781,354.853,SF-P3O-NoSpectral,Walker2d-v4,0
547026,reward,4583,489.82400411126537,360.443,SF-P3O-NoSpectral,Walker2d-v4,0
547184,reward,4584,398.73243077894745,358.624,SF-P3O-NoSpectral,Walker2d-v4,0
547315,reward,4585,324.85662850697923,354.928,SF-P3O-NoSpectral,Walker2d-v4,0
547394,reward,4586,132.76166983270699,329.724,SF-P3O-NoSpectral,Walker2d-v4,0
547550,reward,4587,372.4746210389533,336.341,SF-P3O-NoSpectral,Walker2d-v4,0
547717,reward,4588,403.2564344261108,340.214,SF-P3O-NoSpectral,Walker2d-v4,0
547858,reward,4589,362.3056353717272,357.516,SF-P3O-NoSpectral,Walker2d-v4,0
547998,reward,4590,378.802668703344,382.72,SF-P3O-NoSpectral,Walker2d-v4,0
548127,reward,4591,346.5098939218354,377.088,SF-P3O-NoSpectral,Walker2d-v4,0
548329,reward,4592,455.43597820619885,366.496,SF-P3O-NoSpectral,Walker2d-v4,0
548492,reward,4593,391.5182887622945,356.665,SF-P3O-NoSpectral,Walker2d-v4,0
548633,reward,4594,285.83075199191387,345.375,SF-P3O-NoSpectral,Walker2d-v4,0
548730,reward,4595,211.89887228256433,334.079,SF-P3O-NoSpectral,Walker2d-v4,0
548852,reward,4596,297.0138942922507,350.505,SF-P3O-NoSpectral,Walker2d-v4,0
548864,loss,0.03281274437904358,0.7263671159744263,SF-P3O-NoSpectral,Walker2d-v4,0
548988,reward,4597,319.75815917832,345.233,SF-P3O-NoSpectral,Walker2d-v4,0
549132,reward,4598,366.44105906337234,341.552,SF-P3O-NoSpectral,Walker2d-v4,0
549254,reward,4599,269.62660668115353,332.284,SF-P3O-NoSpectral,Walker2d-v4,0
549388,reward,4600,329.8504242902437,327.388,SF-P3O-NoSpectral,Walker2d-v4,0
549535,reward,4601,376.44127099964135,330.382,SF-P3O-NoSpectral,Walker2d-v4,0
549673,reward,4602,345.68243538450196,319.406,SF-P3O-NoSpectral,Walker2d-v4,0
549842,reward,4603,452.0260041722794,325.457,SF-P3O-NoSpectral,Walker2d-v4,0
549972,reward,4604,300.58295991077574,326.932,SF-P3O-NoSpectral,Walker2d-v4,0
550000,speed,430.83,17.23,SF-P3O-NoSpectral,Walker2d-v4,0
550000,perturb,0.066281,0.948165,0.413,25324,42522,0.405516,11,SF-P3O-NoSpectral,Walker2d-v4,0
550111,reward,4605,347.8525935681477,340.528,SF-P3O-NoSpectral,Walker2d-v4,0
550302,reward,4606,476.8456613634322,358.511,SF-P3O-NoSpectral,Walker2d-v4,0
550407,reward,4607,216.3049815535175,348.165,SF-P3O-NoSpectral,Walker2d-v4,0
550545,reward,4608,302.34105491974464,341.755,SF-P3O-NoSpectral,Walker2d-v4,0
550704,reward,4609,400.6622607770979,354.859,SF-P3O-NoSpectral,Walker2d-v4,0
550855,reward,4610,409.9164584504415,362.866,SF-P3O-NoSpectral,Walker2d-v4,0
551006,reward,4611,374.28593733543175,362.65,SF-P3O-NoSpectral,Walker2d-v4,0
551143,reward,4612,323.5707659024365,360.439,SF-P3O-NoSpectral,Walker2d-v4,0
551272,reward,4613,315.7391967448102,346.81,SF-P3O-NoSpectral,Walker2d-v4,0
551414,reward,4614,371.61922797481895,353.914,SF-P3O-NoSpectral,Walker2d-v4,0
551510,reward,4615,241.7069059882815,343.299,SF-P3O-NoSpectral,Walker2d-v4,0
551656,reward,4616,333.8928060053605,329.004,SF-P3O-NoSpectral,Walker2d-v4,0
551783,reward,4617,323.83263670707237,339.757,SF-P3O-NoSpectral,Walker2d-v4,0
551915,reward,4618,355.08086661090124,345.031,SF-P3O-NoSpectral,Walker2d-v4,0
552049,reward,4619,310.9789187918293,336.062,SF-P3O-NoSpectral,Walker2d-v4,0
552245,reward,4620,526.2420716289776,347.695,SF-P3O-NoSpectral,Walker2d-v4,0
552444,reward,4621,549.7760201870465,365.244,SF-P3O-NoSpectral,Walker2d-v4,0
552591,reward,4622,346.9380276519617,367.581,SF-P3O-NoSpectral,Walker2d-v4,0
552704,reward,4623,261.9432381835244,362.201,SF-P3O-NoSpectral,Walker2d-v4,0
552791,reward,4624,168.40412502057023,341.88,SF-P3O-NoSpectral,Walker2d-v4,0
553002,reward,4625,597.0516655386159,377.414,SF-P3O-NoSpectral,Walker2d-v4,0
553140,reward,4626,302.6801820887673,374.293,SF-P3O-NoSpectral,Walker2d-v4,0
553268,reward,4627,295.21324242450925,371.431,SF-P3O-NoSpectral,Walker2d-v4,0
553390,reward,4628,321.1326473240045,368.036,SF-P3O-NoSpectral,Walker2d-v4,0
553497,reward,4629,272.5895551284247,364.197,SF-P3O-NoSpectral,Walker2d-v4,0
553625,reward,4630,348.8433201953348,346.457,SF-P3O-NoSpectral,Walker2d-v4,0
553812,reward,4631,467.787854050606,338.258,SF-P3O-NoSpectral,Walker2d-v4,0
553970,reward,4632,362.91039210337965,339.856,SF-P3O-NoSpectral,Walker2d-v4,0
554134,reward,4633,446.6832852094055,358.33,SF-P3O-NoSpectral,Walker2d-v4,0
554305,reward,4634,473.9661913880876,388.886,SF-P3O-NoSpectral,Walker2d-v4,0
554493,reward,4635,447.0199343555361,373.883,SF-P3O-NoSpectral,Walker2d-v4,0
554663,reward,4636,448.13479640102787,388.428,SF-P3O-NoSpectral,Walker2d-v4,0
554833,reward,4637,457.7367741971709,404.68,SF-P3O-NoSpectral,Walker2d-v4,0
554957,reward,4638,303.94501926274984,402.962,SF-P3O-NoSpectral,Walker2d-v4,0
555113,reward,4639,390.0490031667074,414.708,SF-P3O-NoSpectral,Walker2d-v4,0
555228,reward,4640,273.27120295516073,407.15,SF-P3O-NoSpectral,Walker2d-v4,0
555432,reward,4641,471.04409463606083,407.476,SF-P3O-NoSpectral,Walker2d-v4,0
555563,reward,4642,306.13707455894877,401.799,SF-P3O-NoSpectral,Walker2d-v4,0
555706,reward,4643,348.14715661446445,391.945,SF-P3O-NoSpectral,Walker2d-v4,0
555865,reward,4644,364.9179651464278,381.04,SF-P3O-NoSpectral,Walker2d-v4,0
556051,reward,4645,460.8909200075268,382.427,SF-P3O-NoSpectral,Walker2d-v4,0
556178,reward,4646,328.92387462360836,370.506,SF-P3O-NoSpectral,Walker2d-v4,0
556324,reward,4647,345.5936100795551,359.292,SF-P3O-NoSpectral,Walker2d-v4,0
556461,reward,4648,350.43678985926516,363.941,SF-P3O-NoSpectral,Walker2d-v4,0
556582,reward,4649,315.8612116319544,356.522,SF-P3O-NoSpectral,Walker2d-v4,0
556800,reward,4650,571.5548266232051,386.351,SF-P3O-NoSpectral,Walker2d-v4,0
556966,reward,4651,433.0216996704058,382.549,SF-P3O-NoSpectral,Walker2d-v4,0
557056,loss,0.06461168080568314,0.6746352314949036,SF-P3O-NoSpectral,Walker2d-v4,0
557056,diagnostics,0.0,74.65,51.3649,0.06663,0.948252,0.4173,0.12869,SF-P3O-NoSpectral,Walker2d-v4,0
557106,reward,4652,358.88844189710426,387.824,SF-P3O-NoSpectral,Walker2d-v4,0
557272,reward,4653,453.0697563583194,398.316,SF-P3O-NoSpectral,Walker2d-v4,0
557405,reward,4654,337.2568106321965,395.55,SF-P3O-NoSpectral,Walker2d-v4,0
557579,reward,4655,401.454735482071,389.606,SF-P3O-NoSpectral,Walker2d-v4,0
557724,reward,4656,343.1042222450172,391.024,SF-P3O-NoSpectral,Walker2d-v4,0
557897,reward,4657,465.12314340248827,402.977,SF-P3O-NoSpectral,Walker2d-v4,0
558070,reward,4658,450.02522243421396,412.936,SF-P3O-NoSpectral,Walker2d-v4,0
558256,reward,4659,462.0817363118886,427.558,SF-P3O-NoSpectral,Walker2d-v4,0
558421,reward,4660,453.3918943134898,415.742,SF-P3O-NoSpectral,Walker2d-v4,0
558610,reward,4661,395.8611025508849,412.026,SF-P3O-NoSpectral,Walker2d-v4,0
558747,reward,4662,346.3152437800288,410.768,SF-P3O-NoSpectral,Walker2d-v4,0
558911,reward,4663,409.6220382123851,406.424,SF-P3O-NoSpectral,Walker2d-v4,0
559083,reward,4664,429.4986953885617,415.648,SF-P3O-NoSpectral,Walker2d-v4,0
559210,reward,4665,350.8608066986661,410.588,SF-P3O-NoSpectral,Walker2d-v4,0
559400,reward,4666,463.3878591219037,422.617,SF-P3O-NoSpectral,Walker2d-v4,0
559524,reward,4667,273.5386981513926,403.458,SF-P3O-NoSpectral,Walker2d-v4,0
559687,reward,4668,396.6656709028917,398.122,SF-P3O-NoSpectral,Walker2d-v4,0
559879,reward,4669,492.13989297390486,401.128,SF-P3O-NoSpectral,Walker2d-v4,0
560000,speed,643.63,17.49,SF-P3O-NoSpectral,Walker2d-v4,0
560014,reward,4670,346.2320974004858,390.412,SF-P3O-NoSpectral,Walker2d-v4,0
560161,reward,4671,335.20001551645174,384.346,SF-P3O-NoSpectral,Walker2d-v4,0
560306,reward,4672,337.47885692909165,383.462,SF-P3O-NoSpectral,Walker2d-v4,0
560470,reward,4673,397.6870698830805,382.269,SF-P3O-NoSpectral,Walker2d-v4,0
560565,reward,4674,199.4640050369648,359.265,SF-P3O-NoSpectral,Walker2d-v4,0
560747,reward,4675,432.462291441995,367.426,SF-P3O-NoSpectral,Walker2d-v4,0
560906,reward,4676,371.6894717192276,358.256,SF-P3O-NoSpectral,Walker2d-v4,0
561075,reward,4677,427.37604373379224,373.64,SF-P3O-NoSpectral,Walker2d-v4,0
561238,reward,4678,462.70123589751216,380.243,SF-P3O-NoSpectral,Walker2d-v4,0
561420,reward,4679,487.84132520192276,379.813,SF-P3O-NoSpectral,Walker2d-v4,0
561626,reward,4680,473.4998732559437,392.54,SF-P3O-NoSpectral,Walker2d-v4,0
561812,reward,4681,465.34421246814804,405.554,SF-P3O-NoSpectral,Walker2d-v4,0
561956,reward,4682,392.61482150787754,411.068,SF-P3O-NoSpectral,Walker2d-v4,0
562088,reward,4683,328.6585010803923,404.165,SF-P3O-NoSpectral,Walker2d-v4,0
562290,reward,4684,537.2344430133107,437.942,SF-P3O-NoSpectral,Walker2d-v4,0
562477,reward,4685,496.24290041926093,444.32,SF-P3O-NoSpectral,Walker2d-v4,0
562670,reward,4686,503.4939923740233,457.501,SF-P3O-NoSpectral,Walker2d-v4,0
562810,reward,4687,375.7732553456085,452.34,SF-P3O-NoSpectral,Walker2d-v4,0
562989,reward,4688,543.9803587303079,460.468,SF-P3O-NoSpectral,Walker2d-v4,0
563104,reward,4689,305.8550718378812,442.27,SF-P3O-NoSpectral,Walker2d-v4,0
563230,reward,4690,301.94892275454,425.115,SF-P3O-NoSpectral,Walker2d-v4,0
563376,reward,4691,355.2150679251021,414.102,SF-P3O-NoSpectral,Walker2d-v4,0
563532,reward,4692,376.4483937210748,412.485,SF-P3O-NoSpectral,Walker2d-v4,0
563689,reward,4693,432.9626878915226,422.916,SF-P3O-NoSpectral,Walker2d-v4,0
563885,reward,4694,449.1868975157605,414.111,SF-P3O-NoSpectral,Walker2d-v4,0
564049,reward,4695,361.7248450342532,400.659,SF-P3O-NoSpectral,Walker2d-v4,0
564244,reward,4696,485.6960211127221,398.879,SF-P3O-NoSpectral,Walker2d-v4,0
564411,reward,4697,416.0446368179906,402.906,SF-P3O-NoSpectral,Walker2d-v4,0
564588,reward,4698,507.9414070504579,399.302,SF-P3O-NoSpectral,Walker2d-v4,0
564732,reward,4699,352.95647765760475,404.013,SF-P3O-NoSpectral,Walker2d-v4,0
564881,reward,4700,402.27221605814026,414.045,SF-P3O-NoSpectral,Walker2d-v4,0
565057,reward,4701,422.97618895806977,420.821,SF-P3O-NoSpectral,Walker2d-v4,0
565223,reward,4702,391.9787083423323,422.374,SF-P3O-NoSpectral,Walker2d-v4,0
565248,loss,-0.05297361686825752,0.6992533802986145,SF-P3O-NoSpectral,Walker2d-v4,0
565402,reward,4703,429.40002601254804,422.018,SF-P3O-NoSpectral,Walker2d-v4,0
565582,reward,4704,464.5038885545519,423.549,SF-P3O-NoSpectral,Walker2d-v4,0
565783,reward,4705,549.5169477867154,442.329,SF-P3O-NoSpectral,Walker2d-v4,0
565848,reward,4706,108.64684598903916,404.624,SF-P3O-NoSpectral,Walker2d-v4,0
565996,reward,4707,407.80507763797135,403.8,SF-P3O-NoSpectral,Walker2d-v4,0
566151,reward,4708,300.7995133263429,383.086,SF-P3O-NoSpectral,Walker2d-v4,0
566317,reward,4709,433.62196313710166,391.152,SF-P3O-NoSpectral,Walker2d-v4,0
566524,reward,4710,546.6449841046332,405.589,SF-P3O-NoSpectral,Walker2d-v4,0
566653,reward,4711,330.3765828392566,396.329,SF-P3O-NoSpectral,Walker2d-v4,0
566864,reward,4712,437.36663095600534,400.868,SF-P3O-NoSpectral,Walker2d-v4,0
566987,reward,4713,318.49652495890746,389.778,SF-P3O-NoSpectral,Walker2d-v4,0
567178,reward,4714,552.7975148962581,398.607,SF-P3O-NoSpectral,Walker2d-v4,0
567330,reward,4715,419.2387891018413,385.579,SF-P3O-NoSpectral,Walker2d-v4,0
567505,reward,4716,347.1955160716273,409.434,SF-P3O-NoSpectral,Walker2d-v4,0
567617,reward,4717,260.92432143407643,394.746,SF-P3O-NoSpectral,Walker2d-v4,0
567759,reward,4718,325.8329761905824,397.25,SF-P3O-NoSpectral,Walker2d-v4,0
567833,reward,4719,138.10217800341087,367.698,SF-P3O-NoSpectral,Walker2d-v4,0
568029,reward,4720,557.033316497656,368.736,SF-P3O-NoSpectral,Walker2d-v4,0
568185,reward,4721,391.69142997361877,374.868,SF-P3O-NoSpectral,Walker2d-v4,0
568312,reward,4722,299.28515726617405,361.06,SF-P3O-NoSpectral,Walker2d-v4,0
568470,reward,4723,416.6713627377032,370.877,SF-P3O-NoSpectral,Walker2d-v4,0
568617,reward,4724,381.8110849524972,353.779,SF-P3O-NoSpectral,Walker2d-v4,0
568779,reward,4725,376.5067591305756,349.505,SF-P3O-NoSpectral,Walker2d-v4,0
568931,reward,4726,412.87125008957617,356.073,SF-P3O-NoSpectral,Walker2d-v4,0
569104,reward,4727,423.67741491781015,372.348,SF-P3O-NoSpectral,Walker2d-v4,0
569251,reward,4728,413.06753127323265,381.072,SF-P3O-NoSpectral,Walker2d-v4,0
569409,reward,4729,407.13679023060564,407.975,SF-P3O-NoSpectral,Walker2d-v4,0
569488,reward,4730,146.48567017921485,366.92,SF-P3O-NoSpectral,Walker2d-v4,0
569625,reward,4731,303.2318119314618,358.074,SF-P3O-NoSpectral,Walker2d-v4,0
569726,reward,4732,193.61065612661577,347.507,SF-P3O-NoSpectral,Walker2d-v4,0
569849,reward,4733,313.2695828854441,337.167,SF-P3O-NoSpectral,Walker2d-v4,0
569927,reward,4734,151.78199263409834,314.164,SF-P3O-NoSpectral,Walker2d-v4,0
570000,speed,648.27,17.75,SF-P3O-NoSpectral,Walker2d-v4,0
570049,reward,4735,299.67106077695246,306.48,SF-P3O-NoSpectral,Walker2d-v4,0
570133,reward,4736,168.53844753257644,282.047,SF-P3O-NoSpectral,Walker2d-v4,0
570309,reward,4737,484.14016047787374,288.093,SF-P3O-NoSpectral,Walker2d-v4,0
570419,reward,4738,237.64539507120517,270.551,SF-P3O-NoSpectral,Walker2d-v4,0
570553,reward,4739,322.29756976706983,262.067,SF-P3O-NoSpectral,Walker2d-v4,0
570756,reward,4740,575.0266639188258,304.921,SF-P3O-NoSpectral,Walker2d-v4,0
570963,reward,4741,554.9520528668024,330.093,SF-P3O-NoSpectral,Walker2d-v4,0
571147,reward,4742,436.9634482924216,354.429,SF-P3O-NoSpectral,Walker2d-v4,0
571345,reward,4743,425.7988281692564,365.682,SF-P3O-NoSpectral,Walker2d-v4,0
571477,reward,4744,349.6289018344984,385.466,SF-P3O-NoSpectral,Walker2d-v4,0
571598,reward,4745,274.2664115568535,382.926,SF-P3O-NoSpectral,Walker2d-v4,0
571703,reward,4746,249.12363656118157,390.984,SF-P3O-NoSpectral,Walker2d-v4,0
571892,reward,4747,556.845355929946,398.255,SF-P3O-NoSpectral,Walker2d-v4,0
572043,reward,4748,362.9877060304979,410.789,SF-P3O-NoSpectral,Walker2d-v4,0
572204,reward,4749,361.8534201599644,414.745,SF-P3O-NoSpectral,Walker2d-v4,0
572340,reward,4750,321.0331039386549,389.345,SF-P3O-NoSpectral,Walker2d-v4,0
572495,reward,4751,423.0634795961305,376.156,SF-P3O-NoSpectral,Walker2d-v4,0
572648,reward,4752,414.33774122349405,373.894,SF-P3O-NoSpectral,Walker2d-v4,0
572822,reward,4753,480.9414728322208,379.408,SF-P3O-NoSpectral,Walker2d-v4,0
572918,reward,4754,190.72466411549325,363.518,SF-P3O-NoSpectral,Walker2d-v4,0
572994,reward,4755,132.11494228443806,349.303,SF-P3O-NoSpectral,Walker2d-v4,0
573066,reward,4756,135.86841733332062,337.977,SF-P3O-NoSpectral,Walker2d-v4,0
573282,reward,4757,448.6791766009108,327.16,SF-P3O-NoSpectral,Walker2d-v4,0
573423,reward,4758,377.92947170680736,328.655,SF-P3O-NoSpectral,Walker2d-v4,0
573440,loss,-0.00981072150170803,0.8332386612892151,SF-P3O-NoSpectral,Walker2d-v4,0
573440,diagnostics,0.0,74.94,57.0805,0.067453,0.94832,0.435,0.117342,SF-P3O-NoSpectral,Walker2d-v4,0
573520,reward,4759,196.34499088560992,312.104,SF-P3O-NoSpectral,Walker2d-v4,0
573692,reward,4760,486.25516918023743,328.626,SF-P3O-NoSpectral,Walker2d-v4,0
573832,reward,4761,341.21771805566476,320.441,SF-P3O-NoSpectral,Walker2d-v4,0
574035,reward,4762,527.2076914886474,331.728,SF-P3O-NoSpectral,Walker2d-v4,0
574210,reward,4763,411.63816432110315,324.798,SF-P3O-NoSpectral,Walker2d-v4,0
574420,reward,4764,459.8965110271739,351.715,SF-P3O-NoSpectral,Walker2d-v4,0
574605,reward,4765,458.371090462771,384.341,SF-P3O-NoSpectral,Walker2d-v4,0
574726,reward,4766,277.36577128318527,398.491,SF-P3O-NoSpectral,Walker2d-v4,0
574885,reward,4767,366.7719131545586,390.3,SF-P3O-NoSpectral,Walker2d-v4,0
575016,reward,4768,320.7389203719428,384.581,SF-P3O-NoSpectral,Walker2d-v4,0
575189,reward,4769,480.002493974867,412.947,SF-P3O-NoSpectral,Walker2d-v4,0
575405,reward,4770,446.64897648425597,408.986,SF-P3O-NoSpectral,Walker2d-v4,0
575533,reward,4771,316.59037873181563,406.523,SF-P3O-NoSpectral,Walker2d-v4,0
575618,reward,4772,152.4391007045519,369.046,SF-P3O-NoSpectral,Walker2d-v4,0
575751,reward,4773,316.34518866549246,359.517,SF-P3O-NoSpectral,Walker2d-v4,0
575893,reward,4774,346.22260901831396,348.15,SF-P3O-NoSpectral,Walker2d-v4,0
576035,reward,4775,357.5605667463214,338.069,SF-P3O-NoSpectral,Walker2d-v4,0
576248,reward,4776,433.1238892624232,353.644,SF-P3O-NoSpectral,Walker2d-v4,0
576433,reward,4777,416.7699582308946,358.644,SF-P3O-NoSpectral,Walker2d-v4,0
576598,reward,4778,464.04812961763355,372.975,SF-P3O-NoSpectral,Walker2d-v4,0
576731,reward,4779,337.098030248976,358.685,SF-P3O-NoSpectral,Walker2d-v4,0
576922,reward,4780,449.2875746341404,358.949,SF-P3O-NoSpectral,Walker2d-v4,0
577073,reward,4781,298.99607036824915,357.189,SF-P3O-NoSpectral,Walker2d-v4,0
577250,reward,4782,444.2701122018495,386.372,SF-P3O-NoSpectral,Walker2d-v4,0
577421,reward,4783,441.61043760579037,398.899,SF-P3O-NoSpectral,Walker2d-v4,0
577543,reward,4784,330.9771211319989,397.374,SF-P3O-NoSpectral,Walker2d-v4,0
577718,reward,4785,406.7745381524433,402.296,SF-P3O-NoSpectral,Walker2d-v4,0
577892,reward,4786,457.8024855452037,404.763,SF-P3O-NoSpectral,Walker2d-v4,0
578055,reward,4787,398.0380863329173,402.89,SF-P3O-NoSpectral,Walker2d-v4,0
578283,reward,4788,482.8311089952315,404.769,SF-P3O-NoSpectral,Walker2d-v4,0
578398,reward,4789,270.11504617965664,398.07,SF-P3O-NoSpectral,Walker2d-v4,0
578548,reward,4790,368.7620552936649,390.018,SF-P3O-NoSpectral,Walker2d-v4,0
578689,reward,4791,376.4279384274459,397.761,SF-P3O-NoSpectral,Walker2d-v4,0
578842,reward,4792,389.6343918974461,392.297,SF-P3O-NoSpectral,Walker2d-v4,0
579091,reward,4793,493.3460645813264,397.471,SF-P3O-NoSpectral,Walker2d-v4,0
579169,reward,4794,140.7536704950754,378.449,SF-P3O-NoSpectral,Walker2d-v4,0
579326,reward,4795,353.6020847344766,373.131,SF-P3O-NoSpectral,Walker2d-v4,0
579520,reward,4796,467.48667881190124,374.1,SF-P3O-NoSpectral,Walker2d-v4,0
579662,reward,4797,362.0592819973537,370.502,SF-P3O-NoSpectral,Walker2d-v4,0
579850,reward,4798,501.88293197344007,372.407,SF-P3O-NoSpectral,Walker2d-v4,0
579983,reward,4799,346.6651228494673,380.062,SF-P3O-NoSpectral,Walker2d-v4,0
580000,speed,619.67,18.02,SF-P3O-NoSpectral,Walker2d-v4,0
580173,reward,4800,480.14251408912315,391.2,SF-P3O-NoSpectral,Walker2d-v4,0
580339,reward,4801,393.1785669743583,392.875,SF-P3O-NoSpectral,Walker2d-v4,0
580501,reward,4802,423.8589608941681,396.298,SF-P3O-NoSpectral,Walker2d-v4,0
580634,reward,4803,355.9300696292074,382.556,SF-P3O-NoSpectral,Walker2d-v4,0
580777,reward,4804,311.0791454724639,399.589,SF-P3O-NoSpectral,Walker2d-v4,0
580927,reward,4805,412.64832196361215,405.493,SF-P3O-NoSpectral,Walker2d-v4,0
581004,reward,4806,134.07146279165633,372.152,SF-P3O-NoSpectral,Walker2d-v4,0
581140,reward,4807,301.6202618896262,366.108,SF-P3O-NoSpectral,Walker2d-v4,0
581374,reward,4808,612.2102546654928,377.14,SF-P3O-NoSpectral,Walker2d-v4,0
581572,reward,4809,465.90902373298957,389.065,SF-P3O-NoSpectral,Walker2d-v4,0
581632,loss,-0.09351687133312225,0.7921124696731567,SF-P3O-NoSpectral,Walker2d-v4,0
581746,reward,4810,428.4092072251932,383.892,SF-P3O-NoSpectral,Walker2d-v4,0
581928,reward,4811,513.9878688919829,395.972,SF-P3O-NoSpectral,Walker2d-v4,0
582075,reward,4812,399.5853332977638,393.545,SF-P3O-NoSpectral,Walker2d-v4,0
582218,reward,4813,353.07084545599537,393.259,SF-P3O-NoSpectral,Walker2d-v4,0
582430,reward,4814,490.4671536090268,411.198,SF-P3O-NoSpectral,Walker2d-v4,0
582592,reward,4815,387.8903783826674,408.722,SF-P3O-NoSpectral,Walker2d-v4,0
582758,reward,4816,375.2393970772002,432.839,SF-P3O-NoSpectral,Walker2d-v4,0
582905,reward,4817,376.5633509671355,440.333,SF-P3O-NoSpectral,Walker2d-v4,0
583079,reward,4818,468.0500082431649,425.917,SF-P3O-NoSpectral,Walker2d-v4,0
583243,reward,4819,431.85673405192085,422.512,SF-P3O-NoSpectral,Walker2d-v4,0
583404,reward,4820,399.46183291208695,419.617,SF-P3O-NoSpectral,Walker2d-v4,0
583489,reward,4821,163.7953306041622,384.598,SF-P3O-NoSpectral,Walker2d-v4,0
583718,reward,4822,593.6177902438676,404.001,SF-P3O-NoSpectral,Walker2d-v4,0
583958,reward,4823,686.4741090491812,437.342,SF-P3O-NoSpectral,Walker2d-v4,0
584130,reward,4824,399.1680370843044,428.212,SF-P3O-NoSpectral,Walker2d-v4,0
584296,reward,4825,397.17353509423197,429.14,SF-P3O-NoSpectral,Walker2d-v4,0
584473,reward,4826,399.68737801270373,431.585,SF-P3O-NoSpectral,Walker2d-v4,0
584642,reward,4827,396.97162339812314,433.626,SF-P3O-NoSpectral,Walker2d-v4,0
584823,reward,4828,434.116086466364,430.232,SF-P3O-NoSpectral,Walker2d-v4,0
584886,reward,4829,104.93790342338266,397.54,SF-P3O-NoSpectral,Walker2d-v4,0
585017,reward,4830,334.1809089813816,391.012,SF-P3O-NoSpectral,Walker2d-v4,0
585227,reward,4831,518.3153278215754,426.464,SF-P3O-NoSpectral,Walker2d-v4,0
585367,reward,4832,361.1005703630781,403.213,SF-P3O-NoSpectral,Walker2d-v4,0
585476,reward,4833,279.14940610819696,362.48,SF-P3O-NoSpectral,Walker2d-v4,0
585618,reward,4834,348.39388727620695,357.403,SF-P3O-NoSpectral,Walker2d-v4,0
585746,reward,4835,337.3894227575919,351.424,SF-P3O-NoSpectral,Walker2d-v4,0
585908,reward,4836,387.0096782669197,350.156,SF-P3O-NoSpectral,Walker2d-v4,0
586105,reward,4837,436.725605935836,354.132,SF-P3O-NoSpectral,Walker2d-v4,0
586264,reward,4838,423.07763119957787,353.028,SF-P3O-NoSpectral,Walker2d-v4,0
586392,reward,4839,310.87187516107645,373.621,SF-P3O-NoSpectral,Walker2d-v4,0
586532,reward,4840,364.98611322561277,376.702,SF-P3O-NoSpectral,Walker2d-v4,0
586699,reward,4841,418.06764552538266,366.677,SF-P3O-NoSpectral,Walker2d-v4,0
586870,reward,4842,478.11284000805756,378.378,SF-P3O-NoSpectral,Walker2d-v4,0
587021,reward,4843,389.439451687858,389.407,SF-P3O-NoSpectral,Walker2d-v4,0
587184,reward,4844,483.67875281086845,402.936,SF-P3O-NoSpectral,Walker2d-v4,0
587303,reward,4845,290.4711047425249,398.244,SF-P3O-NoSpectral,Walker2d-v4,0
587489,reward,4846,436.80614244480705,403.224,SF-P3O-NoSpectral,Walker2d-v4,0
587643,reward,4847,394.04328571713756,398.955,SF-P3O-NoSpectral,Walker2d-v4,0
587788,reward,4848,368.54767537813524,393.502,SF-P3O-NoSpectral,Walker2d-v4,0
587959,reward,4849,441.6314654441034,406.578,SF-P3O-NoSpectral,Walker2d-v4,0
588085,reward,4850,254.67750182954723,395.548,SF-P3O-NoSpectral,Walker2d-v4,0
588282,reward,4851,502.73984635383283,404.015,SF-P3O-NoSpectral,Walker2d-v4,0
588484,reward,4852,569.6552392112061,413.169,SF-P3O-NoSpectral,Walker2d-v4,0
588628,reward,4853,374.58223841043366,411.683,SF-P3O-NoSpectral,Walker2d-v4,0
588783,reward,4854,382.6135475390328,401.577,SF-P3O-NoSpectral,Walker2d-v4,0
588912,reward,4855,307.97659988923397,403.327,SF-P3O-NoSpectral,Walker2d-v4,0
589057,reward,4856,367.25057623056466,396.372,SF-P3O-NoSpectral,Walker2d-v4,0
589171,reward,4857,273.12368892691467,384.28,SF-P3O-NoSpectral,Walker2d-v4,0
589312,reward,4858,346.6753730209176,382.093,SF-P3O-NoSpectral,Walker2d-v4,0
589490,reward,4859,393.7283035592818,377.302,SF-P3O-NoSpectral,Walker2d-v4,0
589566,reward,4860,147.66718219921447,366.601,SF-P3O-NoSpectral,Walker2d-v4,0
589640,reward,4861,135.2091360212405,329.848,SF-P3O-NoSpectral,Walker2d-v4,0
589718,reward,4862,156.2549112698327,288.508,SF-P3O-NoSpectral,Walker2d-v4,0
589824,loss,-0.05440467596054077,0.7482668161392212,SF-P3O-NoSpectral,Walker2d-v4,0
589824,diagnostics,0.0,75.2,69.7672,0.068241,0.948172,0.5259,0.114293,SF-P3O-NoSpectral,Walker2d-v4,0
589881,reward,4863,433.09881753056663,294.36,SF-P3O-NoSpectral,Walker2d-v4,0
590000,speed,425.99,18.41,SF-P3O-NoSpectral,Walker2d-v4,0
590023,reward,4864,420.7759886954384,298.176,SF-P3O-NoSpectral,Walker2d-v4,0
590191,reward,4865,405.2685534491108,307.905,SF-P3O-NoSpectral,Walker2d-v4,0
590358,reward,4866,433.3272657950479,314.513,SF-P3O-NoSpectral,Walker2d-v4,0
590511,reward,4867,424.8405936656678,329.685,SF-P3O-NoSpectral,Walker2d-v4,0
590645,reward,4868,325.0715097171967,327.524,SF-P3O-NoSpectral,Walker2d-v4,0
590791,reward,4869,395.26369224358984,327.678,SF-P3O-NoSpectral,Walker2d-v4,0
590961,reward,4870,489.5561654062255,361.867,SF-P3O-NoSpectral,Walker2d-v4,0
591226,reward,4871,680.3930491357844,416.385,SF-P3O-NoSpectral,Walker2d-v4,0
591351,reward,4872,329.1140829086332,433.671,SF-P3O-NoSpectral,Walker2d-v4,0
591474,reward,4873,302.33084954021695,420.594,SF-P3O-NoSpectral,Walker2d-v4,0
591655,reward,4874,536.0856569151179,432.125,SF-P3O-NoSpectral,Walker2d-v4,0
591836,reward,4875,434.68873457724607,435.067,SF-P3O-NoSpectral,Walker2d-v4,0
591969,reward,4876,343.2427508435939,426.059,SF-P3O-NoSpectral,Walker2d-v4,0
592153,reward,4877,481.5887591372109,431.734,SF-P3O-NoSpectral,Walker2d-v4,0
592330,reward,4878,411.854597721714,440.412,SF-P3O-NoSpectral,Walker2d-v4,0
592492,reward,4879,431.7871036269959,444.064,SF-P3O-NoSpectral,Walker2d-v4,0
592695,reward,4880,449.44475314093194,440.053,SF-P3O-NoSpectral,Walker2d-v4,0
592932,reward,4881,109.58315946274536,382.972,SF-P3O-NoSpectral,Walker2d-v4,0
593064,reward,4882,345.3566825009064,384.596,SF-P3O-NoSpectral,Walker2d-v4,0
593253,reward,4883,486.5368197364758,403.017,SF-P3O-NoSpectral,Walker2d-v4,0
593404,reward,4884,418.96596834827153,391.305,SF-P3O-NoSpectral,Walker2d-v4,0
593603,reward,4885,467.8318133941325,394.619,SF-P3O-NoSpectral,Walker2d-v4,0
593780,reward,4886,418.2425443685971,402.119,SF-P3O-NoSpectral,Walker2d-v4,0
593931,reward,4887,377.30268309129224,391.691,SF-P3O-NoSpectral,Walker2d-v4,0
594082,reward,4888,372.4614913752462,387.751,SF-P3O-NoSpectral,Walker2d-v4,0
594250,reward,4889,464.88013867922837,391.061,SF-P3O-NoSpectral,Walker2d-v4,0
594413,reward,4890,385.7505400663996,384.691,SF-P3O-NoSpectral,Walker2d-v4,0
594636,reward,4891,472.75129522799597,421.008,SF-P3O-NoSpectral,Walker2d-v4,0
594822,reward,4892,457.57875021124335,432.23,SF-P3O-NoSpectral,Walker2d-v4,0
594966,reward,4893,398.2752729179069,423.404,SF-P3O-NoSpectral,Walker2d-v4,0
595118,reward,4894,401.7914739579503,421.687,SF-P3O-NoSpectral,Walker2d-v4,0
595298,reward,4895,485.30821763892004,423.434,SF-P3O-NoSpectral,Walker2d-v4,0
595437,reward,4896,359.61019728431665,417.571,SF-P3O-NoSpectral,Walker2d-v4,0
595612,reward,4897,470.8315563531664,426.924,SF-P3O-NoSpectral,Walker2d-v4,0
595735,reward,4898,278.2580864933316,417.504,SF-P3O-NoSpectral,Walker2d-v4,0
595862,reward,4899,324.2142363384358,403.437,SF-P3O-NoSpectral,Walker2d-v4,0
596057,reward,4900,504.2003911212425,415.282,SF-P3O-NoSpectral,Walker2d-v4,0
596192,reward,4901,252.39324565566042,393.246,SF-P3O-NoSpectral,Walker2d-v4,0
596335,reward,4902,371.9056338818691,384.679,SF-P3O-NoSpectral,Walker2d-v4,0
596489,reward,4903,393.1287864360379,384.164,SF-P3O-NoSpectral,Walker2d-v4,0
596624,reward,4904,356.6126051511231,379.646,SF-P3O-NoSpectral,Walker2d-v4,0
596789,reward,4905,373.82609793806154,368.498,SF-P3O-NoSpectral,Walker2d-v4,0
596994,reward,4906,557.0690145305975,388.244,SF-P3O-NoSpectral,Walker2d-v4,0
597166,reward,4907,437.5926389667174,384.92,SF-P3O-NoSpectral,Walker2d-v4,0
597424,reward,4908,736.0214797044421,430.696,SF-P3O-NoSpectral,Walker2d-v4,0
597608,reward,4909,561.1368263420777,454.389,SF-P3O-NoSpectral,Walker2d-v4,0
597835,reward,4910,570.4746798219658,461.016,SF-P3O-NoSpectral,Walker2d-v4,0
598016,loss,0.07658462971448898,0.6763724684715271,SF-P3O-NoSpectral,Walker2d-v4,0
598031,reward,4911,557.0611412142848,491.483,SF-P3O-NoSpectral,Walker2d-v4,0
598200,reward,4912,446.2176305756254,498.914,SF-P3O-NoSpectral,Walker2d-v4,0
598335,reward,4913,367.1736932673253,496.319,SF-P3O-NoSpectral,Walker2d-v4,0
598518,reward,4914,466.39416075257304,507.297,SF-P3O-NoSpectral,Walker2d-v4,0
598675,reward,4915,452.8757258626719,515.202,SF-P3O-NoSpectral,Walker2d-v4,0
598891,reward,4916,480.00814240139016,507.496,SF-P3O-NoSpectral,Walker2d-v4,0
599016,reward,4917,335.98775953784644,497.335,SF-P3O-NoSpectral,Walker2d-v4,0
599163,reward,4918,365.0780353276118,460.241,SF-P3O-NoSpectral,Walker2d-v4,0
599327,reward,4919,434.13096981380335,447.54,SF-P3O-NoSpectral,Walker2d-v4,0
599409,reward,4920,156.07195033015066,406.1,SF-P3O-NoSpectral,Walker2d-v4,0
599603,reward,4921,451.9579098537768,395.59,SF-P3O-NoSpectral,Walker2d-v4,0
599761,reward,4922,302.25626218254763,381.193,SF-P3O-NoSpectral,Walker2d-v4,0
599973,reward,4923,474.16444773740346,391.893,SF-P3O-NoSpectral,Walker2d-v4,0
600000,speed,653.7,18.67,SF-P3O-NoSpectral,Walker2d-v4,0
600000,perturb,0.069855,0.947457,0.5186,24251,43595,0.425226,12,SF-P3O-NoSpectral,Walker2d-v4,0
600111,reward,4924,366.6561243230538,381.919,SF-P3O-NoSpectral,Walker2d-v4,0
600291,reward,4925,476.5269408208272,384.284,SF-P3O-NoSpectral,Walker2d-v4,0
600415,reward,4926,311.39430242443063,367.422,SF-P3O-NoSpectral,Walker2d-v4,0
600583,reward,4927,420.70556154286476,375.894,SF-P3O-NoSpectral,Walker2d-v4,0
600774,reward,4928,452.34684722057585,384.621,SF-P3O-NoSpectral,Walker2d-v4,0
600894,reward,4929,290.79683983557874,370.288,SF-P3O-NoSpectral,Walker2d-v4,0
601063,reward,4930,422.39286747441525,396.92,SF-P3O-NoSpectral,Walker2d-v4,0
601217,reward,4931,377.9004622350386,389.514,SF-P3O-NoSpectral,Walker2d-v4,0
601350,reward,4932,282.8926979775517,387.578,SF-P3O-NoSpectral,Walker2d-v4,0
601525,reward,4933,480.1454891617047,388.176,SF-P3O-NoSpectral,Walker2d-v4,0
601744,reward,4934,506.7251476056363,402.183,SF-P3O-NoSpectral,Walker2d-v4,0
601864,reward,4935,288.8946843521341,383.419,SF-P3O-NoSpectral,Walker2d-v4,0
601967,reward,4936,256.07623723545623,377.888,SF-P3O-NoSpectral,Walker2d-v4,0
602118,reward,4937,390.5437248993798,374.871,SF-P3O-NoSpectral,Walker2d-v4,0
602252,reward,4938,356.0161113513006,365.238,SF-P3O-NoSpectral,Walker2d-v4,0
602322,reward,4939,133.9616739073953,349.555,SF-P3O-NoSpectral,Walker2d-v4,0
602539,reward,4940,619.6407630055062,369.28,SF-P3O-NoSpectral,Walker2d-v4,0
602675,reward,4941,369.4136578605356,368.431,SF-P3O-NoSpectral,Walker2d-v4,0
602933,reward,4942,673.222631080574,407.464,SF-P3O-NoSpectral,Walker2d-v4,0
603089,reward,4943,410.50970065443596,400.5,SF-P3O-NoSpectral,Walker2d-v4,0
603216,reward,4944,356.90229928073734,385.518,SF-P3O-NoSpectral,Walker2d-v4,0
603346,reward,4945,339.0672067481596,390.535,SF-P3O-NoSpectral,Walker2d-v4,0
603501,reward,4946,383.2465839108429,403.252,SF-P3O-NoSpectral,Walker2d-v4,0
603651,reward,4947,430.1527735627928,407.213,SF-P3O-NoSpectral,Walker2d-v4,0
603826,reward,4948,477.2951508116455,419.341,SF-P3O-NoSpectral,Walker2d-v4,0
603986,reward,4949,422.00150278163864,448.145,SF-P3O-NoSpectral,Walker2d-v4,0
604149,reward,4950,410.17679637920156,427.199,SF-P3O-NoSpectral,Walker2d-v4,0
604351,reward,4951,508.98811790399714,441.156,SF-P3O-NoSpectral,Walker2d-v4,0
604508,reward,4952,443.14414832205455,418.148,SF-P3O-NoSpectral,Walker2d-v4,0
604656,reward,4953,382.9260537438221,415.39,SF-P3O-NoSpectral,Walker2d-v4,0
604785,reward,4954,309.994687620246,410.699,SF-P3O-NoSpectral,Walker2d-v4,0
604887,reward,4955,189.75589197320863,395.768,SF-P3O-NoSpectral,Walker2d-v4,0
605046,reward,4956,406.35783164469706,398.079,SF-P3O-NoSpectral,Walker2d-v4,0
605219,reward,4957,459.3233300229651,400.996,SF-P3O-NoSpectral,Walker2d-v4,0
605330,reward,4958,273.8032470535855,380.647,SF-P3O-NoSpectral,Walker2d-v4,0
605513,reward,4959,459.92599964024737,384.44,SF-P3O-NoSpectral,Walker2d-v4,0
605661,reward,4960,388.3233046899423,382.254,SF-P3O-NoSpectral,Walker2d-v4,0
605832,reward,4961,423.1958493108775,373.675,SF-P3O-NoSpectral,Walker2d-v4,0
605961,reward,4962,346.53842595714485,364.014,SF-P3O-NoSpectral,Walker2d-v4,0
606091,reward,4963,340.91912631226694,359.814,SF-P3O-NoSpectral,Walker2d-v4,0
606208,loss,-0.06150710582733154,0.5847530961036682,SF-P3O-NoSpectral,Walker2d-v4,0
606208,diagnostics,0.0,77.26,29.9914,0.070072,0.947587,0.4713,0.136177,SF-P3O-NoSpectral,Walker2d-v4,0
606465,reward,4964,639.9711464480117,392.811,SF-P3O-NoSpectral,Walker2d-v4,0
606590,reward,4965,317.5786081913425,405.594,SF-P3O-NoSpectral,Walker2d-v4,0
606720,reward,4966,312.8185584835097,396.24,SF-P3O-NoSpectral,Walker2d-v4,0
606902,reward,4967,484.7051162969566,398.778,SF-P3O-NoSpectral,Walker2d-v4,0
607104,reward,4968,522.5912864561745,423.657,SF-P3O-NoSpectral,Walker2d-v4,0
607223,reward,4969,299.79711532538283,407.644,SF-P3O-NoSpectral,Walker2d-v4,0
607400,reward,4970,490.02824079263115,417.814,SF-P3O-NoSpectral,Walker2d-v4,0
607530,reward,4971,263.15312411530266,401.81,SF-P3O-NoSpectral,Walker2d-v4,0
607689,reward,4972,398.1449011411408,406.971,SF-P3O-NoSpectral,Walker2d-v4,0
607872,reward,4973,458.52758851919225,418.732,SF-P3O-NoSpectral,Walker2d-v4,0
608095,reward,4974,538.586151942982,408.593,SF-P3O-NoSpectral,Walker2d-v4,0
608280,reward,4975,496.8786559382004,426.523,SF-P3O-NoSpectral,Walker2d-v4,0
608440,reward,4976,421.93225019460726,437.434,SF-P3O-NoSpectral,Walker2d-v4,0
608590,reward,4977,359.83718319961724,424.948,SF-P3O-NoSpectral,Walker2d-v4,0
608730,reward,4978,339.3017162156128,406.619,SF-P3O-NoSpectral,Walker2d-v4,0
608944,reward,4979,615.4162059165989,438.181,SF-P3O-NoSpectral,Walker2d-v4,0
609124,reward,4980,459.6447843211547,435.142,SF-P3O-NoSpectral,Walker2d-v4,0
609297,reward,4981,448.37989539436956,453.665,SF-P3O-NoSpectral,Walker2d-v4,0
609427,reward,4982,341.205399824112,447.971,SF-P3O-NoSpectral,Walker2d-v4,0
609575,reward,4983,376.35360962526863,439.754,SF-P3O-NoSpectral,Walker2d-v4,0
609776,reward,4984,600.7719124371515,445.972,SF-P3O-NoSpectral,Walker2d-v4,0
609917,reward,4985,369.7071580020139,433.255,SF-P3O-NoSpectral,Walker2d-v4,0
610000,speed,648.31,18.92,SF-P3O-NoSpectral,Walker2d-v4,0
610071,reward,4986,405.1353510430428,431.575,SF-P3O-NoSpectral,Walker2d-v4,0
610217,reward,4987,383.54179445938775,433.946,SF-P3O-NoSpectral,Walker2d-v4,0
610341,reward,4988,309.62207715334756,430.978,SF-P3O-NoSpectral,Walker2d-v4,0
610485,reward,4989,385.36733187868515,407.973,SF-P3O-NoSpectral,Walker2d-v4,0
610626,reward,4990,345.4304339092913,396.551,SF-P3O-NoSpectral,Walker2d-v4,0
610694,reward,4991,112.19620900488654,362.933,SF-P3O-NoSpectral,Walker2d-v4,0
610836,reward,4992,370.32213261238843,365.845,SF-P3O-NoSpectral,Walker2d-v4,0
610969,reward,4993,333.64563519041656,361.574,SF-P3O-NoSpectral,Walker2d-v4,0
611101,reward,4994,334.8700126847606,334.984,SF-P3O-NoSpectral,Walker2d-v4,0
611225,reward,4995,310.90775357967664,329.104,SF-P3O-NoSpectral,Walker2d-v4,0
611289,reward,4996,114.41992173376121,300.032,SF-P3O-NoSpectral,Walker2d-v4,0
611424,reward,4997,375.1367251278336,299.192,SF-P3O-NoSpectral,Walker2d-v4,0
611623,reward,4998,531.1934815627724,321.349,SF-P3O-NoSpectral,Walker2d-v4,0
611778,reward,4999,416.70598472234263,324.483,SF-P3O-NoSpectral,Walker2d-v4,0
611930,reward,5000,316.6931240634305,321.609,SF-P3O-NoSpectral,Walker2d-v4,0
612088,reward,5001,400.7636305306606,350.466,SF-P3O-NoSpectral,Walker2d-v4,0
612287,reward,5002,576.1552473479387,371.049,SF-P3O-NoSpectral,Walker2d-v4,0
612437,reward,5003,361.5413396998369,373.839,SF-P3O-NoSpectral,Walker2d-v4,0
612566,reward,5004,354.50587141619985,375.802,SF-P3O-NoSpectral,Walker2d-v4,0
612720,reward,5005,392.6557189410002,383.977,SF-P3O-NoSpectral,Walker2d-v4,0
612868,reward,5006,417.045842109372,414.24,SF-P3O-NoSpectral,Walker2d-v4,0
612975,reward,5007,272.94095303566655,404.02,SF-P3O-NoSpectral,Walker2d-v4,0
613116,reward,5008,334.21230467217083,384.322,SF-P3O-NoSpectral,Walker2d-v4,0
613268,reward,5009,394.67368979811647,382.119,SF-P3O-NoSpectral,Walker2d-v4,0
613416,reward,5010,398.88223666867015,390.338,SF-P3O-NoSpectral,Walker2d-v4,0
613588,reward,5011,408.6128470455172,391.123,SF-P3O-NoSpectral,Walker2d-v4,0
613755,reward,5012,418.34146957997666,375.341,SF-P3O-NoSpectral,Walker2d-v4,0
613890,reward,5013,342.14898596787344,373.402,SF-P3O-NoSpectral,Walker2d-v4,0
614016,reward,5014,334.67630419654245,371.419,SF-P3O-NoSpectral,Walker2d-v4,0
614192,reward,5015,401.8667953023039,372.34,SF-P3O-NoSpectral,Walker2d-v4,0
614309,reward,5016,296.1663513096896,360.252,SF-P3O-NoSpectral,Walker2d-v4,0
614400,loss,-0.047089189291000366,0.5005109310150146,SF-P3O-NoSpectral,Walker2d-v4,0
614547,reward,5017,714.781405468088,404.436,SF-P3O-NoSpectral,Walker2d-v4,0
614676,reward,5018,306.6380835932528,401.679,SF-P3O-NoSpectral,Walker2d-v4,0
614837,reward,5019,450.3927924049335,407.251,SF-P3O-NoSpectral,Walker2d-v4,0
614973,reward,5020,357.26407045202836,403.089,SF-P3O-NoSpectral,Walker2d-v4,0
615125,reward,5021,404.8180068974487,402.709,SF-P3O-NoSpectral,Walker2d-v4,0
615312,reward,5022,508.5009166060439,411.725,SF-P3O-NoSpectral,Walker2d-v4,0
615488,reward,5023,424.546531022199,419.965,SF-P3O-NoSpectral,Walker2d-v4,0
615658,reward,5024,425.73290790880355,429.071,SF-P3O-NoSpectral,Walker2d-v4,0
615756,reward,5025,238.9874017201574,412.783,SF-P3O-NoSpectral,Walker2d-v4,0
615924,reward,5026,448.68228060315306,428.034,SF-P3O-NoSpectral,Walker2d-v4,0
616142,reward,5027,601.4936286877797,416.706,SF-P3O-NoSpectral,Walker2d-v4,0
616278,reward,5028,360.7994996029656,422.122,SF-P3O-NoSpectral,Walker2d-v4,0
616444,reward,5029,462.64736014214895,423.347,SF-P3O-NoSpectral,Walker2d-v4,0
616600,reward,5030,382.03780629018325,425.825,SF-P3O-NoSpectral,Walker2d-v4,0
616745,reward,5031,350.3904721255771,420.382,SF-P3O-NoSpectral,Walker2d-v4,0
616903,reward,5032,364.0245491760843,405.934,SF-P3O-NoSpectral,Walker2d-v4,0
617064,reward,5033,425.0842616451614,405.988,SF-P3O-NoSpectral,Walker2d-v4,0
617196,reward,5034,346.4925876245563,398.064,SF-P3O-NoSpectral,Walker2d-v4,0
617330,reward,5035,357.54251129707745,409.919,SF-P3O-NoSpectral,Walker2d-v4,0
617543,reward,5036,599.8103215960492,425.032,SF-P3O-NoSpectral,Walker2d-v4,0
617669,reward,5037,334.0919131237481,398.292,SF-P3O-NoSpectral,Walker2d-v4,0
617818,reward,5038,411.9049781194382,403.403,SF-P3O-NoSpectral,Walker2d-v4,0
618024,reward,5039,466.2852059894242,403.766,SF-P3O-NoSpectral,Walker2d-v4,0
618176,reward,5040,402.0023378264972,405.763,SF-P3O-NoSpectral,Walker2d-v4,0
618359,reward,5041,461.38728146973665,416.863,SF-P3O-NoSpectral,Walker2d-v4,0
618506,reward,5042,414.1835021384124,421.878,SF-P3O-NoSpectral,Walker2d-v4,0
618662,reward,5043,396.673195721205,419.037,SF-P3O-NoSpectral,Walker2d-v4,0
618827,reward,5044,419.37076437784765,426.325,SF-P3O-NoSpectral,Walker2d-v4,0
619022,reward,5045,464.5959986092019,437.031,SF-P3O-NoSpectral,Walker2d-v4,0
619203,reward,5046,515.5035830255531,428.6,SF-P3O-NoSpectral,Walker2d-v4,0
619329,reward,5047,327.78703737538,427.969,SF-P3O-NoSpectral,Walker2d-v4,0
619529,reward,5048,486.91458417653325,435.47,SF-P3O-NoSpectral,Walker2d-v4,0
619787,reward,5049,743.891565075216,463.231,SF-P3O-NoSpectral,Walker2d-v4,0
620000,speed,627.12,19.19,SF-P3O-NoSpectral,Walker2d-v4,0
620011,reward,5050,576.7813471794439,480.709,SF-P3O-NoSpectral,Walker2d-v4,0
620151,reward,5051,336.3811470025623,468.208,SF-P3O-NoSpectral,Walker2d-v4,0
620369,reward,5052,615.7542135580438,488.365,SF-P3O-NoSpectral,Walker2d-v4,0
620540,reward,5053,455.9805916805241,494.296,SF-P3O-NoSpectral,Walker2d-v4,0
620764,reward,5054,621.0309281088331,514.462,SF-P3O-NoSpectral,Walker2d-v4,0
620995,reward,5055,626.3433124599634,530.637,SF-P3O-NoSpectral,Walker2d-v4,0
621122,reward,5056,309.02441162159437,509.989,SF-P3O-NoSpectral,Walker2d-v4,0
621242,reward,5057,301.70317632738994,507.381,SF-P3O-NoSpectral,Walker2d-v4,0
621474,reward,5058,631.3947681311308,521.829,SF-P3O-NoSpectral,Walker2d-v4,0
621670,reward,5059,461.5045631308782,493.59,SF-P3O-NoSpectral,Walker2d-v4,0
621804,reward,5060,345.0701840921377,470.419,SF-P3O-NoSpectral,Walker2d-v4,0
622000,reward,5061,472.1132219793953,483.992,SF-P3O-NoSpectral,Walker2d-v4,0
622131,reward,5062,311.58414087485653,453.575,SF-P3O-NoSpectral,Walker2d-v4,0
622328,reward,5063,580.8406583192395,466.061,SF-P3O-NoSpectral,Walker2d-v4,0
622484,reward,5064,440.586652747494,448.017,SF-P3O-NoSpectral,Walker2d-v4,0
622592,loss,0.07537955045700073,0.7699816226959229,SF-P3O-NoSpectral,Walker2d-v4,0
622592,diagnostics,0.0,77.56,55.4402,0.070782,0.947439,0.5463,0.11965,SF-P3O-NoSpectral,Walker2d-v4,0
622655,reward,5065,394.44215237663354,424.826,SF-P3O-NoSpectral,Walker2d-v4,0
622799,reward,5066,378.76106847645707,431.8,SF-P3O-NoSpectral,Walker2d-v4,0
622936,reward,5067,374.3327035889656,439.063,SF-P3O-NoSpectral,Walker2d-v4,0
623066,reward,5068,328.1754102487659,408.741,SF-P3O-NoSpectral,Walker2d-v4,0
623221,reward,5069,457.66862281124935,408.357,SF-P3O-NoSpectral,Walker2d-v4,0
623453,reward,5070,600.7643494747671,433.927,SF-P3O-NoSpectral,Walker2d-v4,0
623700,reward,5071,702.1598810981498,456.932,SF-P3O-NoSpectral,Walker2d-v4,0
623840,reward,5072,362.5334554576678,462.026,SF-P3O-NoSpectral,Walker2d-v4,0
624031,reward,5073,467.1419616467211,450.657,SF-P3O-NoSpectral,Walker2d-v4,0
624278,reward,5074,532.274961329648,459.825,SF-P3O-NoSpectral,Walker2d-v4,0
624461,reward,5075,502.0574513722895,470.587,SF-P3O-NoSpectral,Walker2d-v4,0
624656,reward,5076,469.17243490018706,479.628,SF-P3O-NoSpectral,Walker2d-v4,0
624787,reward,5077,341.851020777571,476.38,SF-P3O-NoSpectral,Walker2d-v4,0
624929,reward,5078,394.74740286842365,483.037,SF-P3O-NoSpectral,Walker2d-v4,0
625101,reward,5079,470.7556524215354,484.346,SF-P3O-NoSpectral,Walker2d-v4,0
625221,reward,5080,325.6242874499939,456.832,SF-P3O-NoSpectral,Walker2d-v4,0
625370,reward,5081,342.42652519511427,420.859,SF-P3O-NoSpectral,Walker2d-v4,0
625519,reward,5082,412.6269262342211,425.868,SF-P3O-NoSpectral,Walker2d-v4,0
625854,reward,5083,932.6318452794594,472.417,SF-P3O-NoSpectral,Walker2d-v4,0
626072,reward,5084,616.7436626340121,480.864,SF-P3O-NoSpectral,Walker2d-v4,0
626334,reward,5085,753.6240823220168,506.02,SF-P3O-NoSpectral,Walker2d-v4,0
626481,reward,5086,370.0230965514388,496.105,SF-P3O-NoSpectral,Walker2d-v4,0
626693,reward,5087,559.4004987242597,517.86,SF-P3O-NoSpectral,Walker2d-v4,0
626890,reward,5088,523.8603610168585,530.772,SF-P3O-NoSpectral,Walker2d-v4,0
626985,reward,5089,198.3141791960159,503.528,SF-P3O-NoSpectral,Walker2d-v4,0
627070,reward,5090,163.64597415684503,487.33,SF-P3O-NoSpectral,Walker2d-v4,0
627263,reward,5091,590.2364726400951,512.111,SF-P3O-NoSpectral,Walker2d-v4,0
627398,reward,5092,338.91871982239024,504.74,SF-P3O-NoSpectral,Walker2d-v4,0
627539,reward,5093,349.9834473396215,446.475,SF-P3O-NoSpectral,Walker2d-v4,0
627683,reward,5094,371.55245695552196,421.956,SF-P3O-NoSpectral,Walker2d-v4,0
627896,reward,5095,568.7125295116256,403.465,SF-P3O-NoSpectral,Walker2d-v4,0
628023,reward,5096,317.0273537700585,398.165,SF-P3O-NoSpectral,Walker2d-v4,0
628159,reward,5097,393.3924538113327,381.564,SF-P3O-NoSpectral,Walker2d-v4,0
628393,reward,5098,657.4513379852859,394.923,SF-P3O-NoSpectral,Walker2d-v4,0
628555,reward,5099,381.8504603117578,413.277,SF-P3O-NoSpectral,Walker2d-v4,0
628705,reward,5100,336.6276751743836,430.575,SF-P3O-NoSpectral,Walker2d-v4,0
628864,reward,5101,429.9182587997101,414.543,SF-P3O-NoSpectral,Walker2d-v4,0
629031,reward,5102,381.59236305107044,418.811,SF-P3O-NoSpectral,Walker2d-v4,0
629212,reward,5103,525.473259248514,436.36,SF-P3O-NoSpectral,Walker2d-v4,0
629373,reward,5104,441.9253034300443,443.397,SF-P3O-NoSpectral,Walker2d-v4,0
629516,reward,5105,404.7604551964261,427.002,SF-P3O-NoSpectral,Walker2d-v4,0
629657,reward,5106,364.00957851765037,431.7,SF-P3O-NoSpectral,Walker2d-v4,0
629784,reward,5107,317.148214657254,424.076,SF-P3O-NoSpectral,Walker2d-v4,0
630000,speed,624.78,19.46,SF-P3O-NoSpectral,Walker2d-v4,0
630025,reward,5108,614.2657789740324,419.757,SF-P3O-NoSpectral,Walker2d-v4,0
630228,reward,5109,522.3843675349724,433.811,SF-P3O-NoSpectral,Walker2d-v4,0
630405,reward,5110,480.7268256102262,448.22,SF-P3O-NoSpectral,Walker2d-v4,0
630578,reward,5111,469.69836498328647,452.198,SF-P3O-NoSpectral,Walker2d-v4,0
630715,reward,5112,383.1136659364737,452.351,SF-P3O-NoSpectral,Walker2d-v4,0
630784,loss,-0.03506892919540405,0.7350910305976868,SF-P3O-NoSpectral,Walker2d-v4,0
630881,reward,5113,428.3685907628018,442.64,SF-P3O-NoSpectral,Walker2d-v4,0
631012,reward,5114,335.13002279862064,431.961,SF-P3O-NoSpectral,Walker2d-v4,0
631152,reward,5115,373.00273155459575,428.785,SF-P3O-NoSpectral,Walker2d-v4,0
631318,reward,5116,487.5645889951848,441.14,SF-P3O-NoSpectral,Walker2d-v4,0
631464,reward,5117,406.75833504723175,450.101,SF-P3O-NoSpectral,Walker2d-v4,0
631702,reward,5118,596.054303988031,448.28,SF-P3O-NoSpectral,Walker2d-v4,0
631890,reward,5119,491.7863032503226,445.22,SF-P3O-NoSpectral,Walker2d-v4,0
632092,reward,5120,578.592128827038,455.007,SF-P3O-NoSpectral,Walker2d-v4,0
632333,reward,5121,663.3287152820292,474.37,SF-P3O-NoSpectral,Walker2d-v4,0
632462,reward,5122,323.2808484122443,468.387,SF-P3O-NoSpectral,Walker2d-v4,0
632627,reward,5123,466.63117941058516,472.213,SF-P3O-NoSpectral,Walker2d-v4,0
632761,reward,5124,346.95041698328293,473.395,SF-P3O-NoSpectral,Walker2d-v4,0
632911,reward,5125,384.70862474489684,474.566,SF-P3O-NoSpectral,Walker2d-v4,0
633012,reward,5126,219.97397477029483,447.806,SF-P3O-NoSpectral,Walker2d-v4,0
633172,reward,5127,389.714287149671,446.102,SF-P3O-NoSpectral,Walker2d-v4,0
633298,reward,5128,311.83420031775836,417.68,SF-P3O-NoSpectral,Walker2d-v4,0
633512,reward,5129,613.5551955975754,429.857,SF-P3O-NoSpectral,Walker2d-v4,0
633664,reward,5130,451.3971767355256,417.137,SF-P3O-NoSpectral,Walker2d-v4,0
633806,reward,5131,374.2018501464921,388.225,SF-P3O-NoSpectral,Walker2d-v4,0
634007,reward,5132,510.7289723172381,406.97,SF-P3O-NoSpectral,Walker2d-v4,0
634179,reward,5133,463.6137861533886,406.668,SF-P3O-NoSpectral,Walker2d-v4,0
634346,reward,5134,449.60783734626807,416.934,SF-P3O-NoSpectral,Walker2d-v4,0
634535,reward,5135,548.7853642309944,433.341,SF-P3O-NoSpectral,Walker2d-v4,0
634640,reward,5136,264.4731124154046,437.791,SF-P3O-NoSpectral,Walker2d-v4,0
634812,reward,5137,376.51303206085873,436.471,SF-P3O-NoSpectral,Walker2d-v4,0
634979,reward,5138,412.1723027522066,446.505,SF-P3O-NoSpectral,Walker2d-v4,0
635132,reward,5139,332.88647875117283,418.438,SF-P3O-NoSpectral,Walker2d-v4,0
635357,reward,5140,592.9122702198694,432.59,SF-P3O-NoSpectral,Walker2d-v4,0
635534,reward,5141,424.9540886109869,437.665,SF-P3O-NoSpectral,Walker2d-v4,0
635734,reward,5142,526.984685073279,439.29,SF-P3O-NoSpectral,Walker2d-v4,0
635889,reward,5143,362.8957150250736,429.218,SF-P3O-NoSpectral,Walker2d-v4,0
636024,reward,5144,367.20784596648775,420.978,SF-P3O-NoSpectral,Walker2d-v4,0
636280,reward,5145,679.5589614349159,434.056,SF-P3O-NoSpectral,Walker2d-v4,0
636447,reward,5146,413.6838873167126,448.977,SF-P3O-NoSpectral,Walker2d-v4,0
636617,reward,5147,484.6644043685247,459.792,SF-P3O-NoSpectral,Walker2d-v4,0
636843,reward,5148,511.57937556362157,469.733,SF-P3O-NoSpectral,Walker2d-v4,0
636985,reward,5149,350.45138982217304,471.489,SF-P3O-NoSpectral,Walker2d-v4,0
637156,reward,5150,470.47124223505415,459.245,SF-P3O-NoSpectral,Walker2d-v4,0
637332,reward,5151,502.59052076038415,467.009,SF-P3O-NoSpectral,Walker2d-v4,0
637515,reward,5152,490.0653738137003,463.317,SF-P3O-NoSpectral,Walker2d-v4,0
637660,reward,5153,392.90076952039453,466.317,SF-P3O-NoSpectral,Walker2d-v4,0
637818,reward,5154,438.0021836045807,473.397,SF-P3O-NoSpectral,Walker2d-v4,0
637988,reward,5155,486.9437897585561,454.135,SF-P3O-NoSpectral,Walker2d-v4,0
638133,reward,5156,372.9382963212753,450.061,SF-P3O-NoSpectral,Walker2d-v4,0
638267,reward,5157,312.86740858135477,432.881,SF-P3O-NoSpectral,Walker2d-v4,0
638415,reward,5158,398.2712810376631,421.55,SF-P3O-NoSpectral,Walker2d-v4,0
638553,reward,5159,362.14862030668604,422.72,SF-P3O-NoSpectral,Walker2d-v4,0
638765,reward,5160,574.9252544134463,433.165,SF-P3O-NoSpectral,Walker2d-v4,0
638908,reward,5161,356.74793223514274,418.581,SF-P3O-NoSpectral,Walker2d-v4,0
638976,loss,-0.0015417698305100203,0.6270965933799744,SF-P3O-NoSpectral,Walker2d-v4,0
638976,diagnostics,0.0,77.83,43.7024,0.071385,0.946921,0.4935,0.116916,SF-P3O-NoSpectral,Walker2d-v4,0
639007,reward,5162,217.8767080897246,391.362,SF-P3O-NoSpectral,Walker2d-v4,0
639161,reward,5163,364.9991336251335,388.572,SF-P3O-NoSpectral,Walker2d-v4,0
639316,reward,5164,430.77051199878963,387.849,SF-P3O-NoSpectral,Walker2d-v4,0
639471,reward,5165,381.18320352393266,377.273,SF-P3O-NoSpectral,Walker2d-v4,0
639721,reward,5166,692.371943607297,409.216,SF-P3O-NoSpectral,Walker2d-v4,0
639900,reward,5167,480.9271997985075,426.022,SF-P3O-NoSpectral,Walker2d-v4,0
640000,speed,427.86,19.85,SF-P3O-NoSpectral,Walker2d-v4,0
640110,reward,5168,583.9210750255221,444.587,SF-P3O-NoSpectral,Walker2d-v4,0
640301,reward,5169,510.2428408303906,459.397,SF-P3O-NoSpectral,Walker2d-v4,0
640519,reward,5170,551.1891520139807,457.023,SF-P3O-NoSpectral,Walker2d-v4,0
640681,reward,5171,491.1253524756287,470.461,SF-P3O-NoSpectral,Walker2d-v4,0
640880,reward,5172,450.5651026167455,493.73,SF-P3O-NoSpectral,Walker2d-v4,0
641025,reward,5173,404.6725575068372,497.697,SF-P3O-NoSpectral,Walker2d-v4,0
641212,reward,5174,486.7016315820846,503.29,SF-P3O-NoSpectral,Walker2d-v4,0
641396,reward,5175,499.2585170768373,515.098,SF-P3O-NoSpectral,Walker2d-v4,0
641590,reward,5176,571.3004703648977,502.99,SF-P3O-NoSpectral,Walker2d-v4,0
641796,reward,5177,437.10805233607005,498.608,SF-P3O-NoSpectral,Walker2d-v4,0
641985,reward,5178,439.6046637460462,484.177,SF-P3O-NoSpectral,Walker2d-v4,0
642231,reward,5179,658.9040145028508,499.043,SF-P3O-NoSpectral,Walker2d-v4,0
642435,reward,5180,618.5662740630955,505.781,SF-P3O-NoSpectral,Walker2d-v4,0
642792,reward,5181,843.5470753350638,541.023,SF-P3O-NoSpectral,Walker2d-v4,0
642984,reward,5182,520.8982793715563,548.056,SF-P3O-NoSpectral,Walker2d-v4,0
643134,reward,5183,370.9466493259402,544.684,SF-P3O-NoSpectral,Walker2d-v4,0
643303,reward,5184,414.3161727485429,537.445,SF-P3O-NoSpectral,Walker2d-v4,0
643493,reward,5185,521.5341494326912,539.673,SF-P3O-NoSpectral,Walker2d-v4,0
643621,reward,5186,332.6992198476921,515.812,SF-P3O-NoSpectral,Walker2d-v4,0
643765,reward,5187,361.9773592653612,508.299,SF-P3O-NoSpectral,Walker2d-v4,0
644003,reward,5188,639.6085455248556,528.3,SF-P3O-NoSpectral,Walker2d-v4,0
644218,reward,5189,595.4608668392001,521.955,SF-P3O-NoSpectral,Walker2d-v4,0
644464,reward,5190,727.3726975089196,532.836,SF-P3O-NoSpectral,Walker2d-v4,0
644606,reward,5191,365.6672431187935,485.048,SF-P3O-NoSpectral,Walker2d-v4,0
644812,reward,5192,603.5069624461313,493.309,SF-P3O-NoSpectral,Walker2d-v4,0
644978,reward,5193,475.9704373673992,503.811,SF-P3O-NoSpectral,Walker2d-v4,0
645189,reward,5194,521.513964136247,514.531,SF-P3O-NoSpectral,Walker2d-v4,0
645323,reward,5195,321.4162082406841,494.519,SF-P3O-NoSpectral,Walker2d-v4,0
645544,reward,5196,633.8156249999553,524.631,SF-P3O-NoSpectral,Walker2d-v4,0
645735,reward,5197,446.05824550928304,533.039,SF-P3O-NoSpectral,Walker2d-v4,0
645845,reward,5198,260.5257644359603,495.131,SF-P3O-NoSpectral,Walker2d-v4,0
646039,reward,5199,537.910623817815,489.376,SF-P3O-NoSpectral,Walker2d-v4,0
646118,reward,5200,163.29756954906972,432.968,SF-P3O-NoSpectral,Walker2d-v4,0
646280,reward,5201,409.06185509402246,437.308,SF-P3O-NoSpectral,Walker2d-v4,0
646363,reward,5202,166.96271445040443,393.653,SF-P3O-NoSpectral,Walker2d-v4,0
646510,reward,5203,386.88585874428185,384.745,SF-P3O-NoSpectral,Walker2d-v4,0
646706,reward,5204,466.3886235075764,379.232,SF-P3O-NoSpectral,Walker2d-v4,0
646878,reward,5205,423.13800786034545,389.404,SF-P3O-NoSpectral,Walker2d-v4,0
647041,reward,5206,375.9567144685226,363.619,SF-P3O-NoSpectral,Walker2d-v4,0
647168,loss,0.03470563888549805,1.1704961061477661,SF-P3O-NoSpectral,Walker2d-v4,0
647231,reward,5207,569.9047332645137,376.003,SF-P3O-NoSpectral,Walker2d-v4,0
647438,reward,5208,467.18726756210856,396.669,SF-P3O-NoSpectral,Walker2d-v4,0
647577,reward,5209,365.37351057674397,379.416,SF-P3O-NoSpectral,Walker2d-v4,0
647704,reward,5210,331.56218917975474,396.242,SF-P3O-NoSpectral,Walker2d-v4,0
647858,reward,5211,376.75684097817117,393.012,SF-P3O-NoSpectral,Walker2d-v4,0
648060,reward,5212,456.37439610046056,421.953,SF-P3O-NoSpectral,Walker2d-v4,0
648178,reward,5213,319.82886308004834,415.247,SF-P3O-NoSpectral,Walker2d-v4,0
648335,reward,5214,407.5076063770419,409.359,SF-P3O-NoSpectral,Walker2d-v4,0
648516,reward,5215,536.1363269569335,420.659,SF-P3O-NoSpectral,Walker2d-v4,0
648685,reward,5216,463.0691430996984,429.37,SF-P3O-NoSpectral,Walker2d-v4,0
648837,reward,5217,400.7108874793759,412.451,SF-P3O-NoSpectral,Walker2d-v4,0
649045,reward,5218,540.6907592309766,419.801,SF-P3O-NoSpectral,Walker2d-v4,0
649174,reward,5219,328.1879188457076,416.082,SF-P3O-NoSpectral,Walker2d-v4,0
649380,reward,5220,553.5133595465439,438.278,SF-P3O-NoSpectral,Walker2d-v4,0
649560,reward,5221,519.879959738893,452.59,SF-P3O-NoSpectral,Walker2d-v4,0
649719,reward,5222,435.91533501764746,450.544,SF-P3O-NoSpectral,Walker2d-v4,0
649951,reward,5223,681.9421244471929,486.755,SF-P3O-NoSpectral,Walker2d-v4,0
650000,speed,633.83,20.11,SF-P3O-NoSpectral,Walker2d-v4,0
650000,perturb,0.072615,0.94631,0.5204,23195,44651,0.508602,13,SF-P3O-NoSpectral,Walker2d-v4,0
650152,reward,5224,557.0039035196568,501.705,SF-P3O-NoSpectral,Walker2d-v4,0
650340,reward,5225,475.0040556552724,495.592,SF-P3O-NoSpectral,Walker2d-v4,0
650519,reward,5226,479.18448154985117,497.203,SF-P3O-NoSpectral,Walker2d-v4,0
650677,reward,5227,397.07958016499344,496.84,SF-P3O-NoSpectral,Walker2d-v4,0
650846,reward,5228,425.61328898765345,485.332,SF-P3O-NoSpectral,Walker2d-v4,0
651021,reward,5229,415.63203708799125,494.077,SF-P3O-NoSpectral,Walker2d-v4,0
651180,reward,5230,437.18126508409915,482.444,SF-P3O-NoSpectral,Walker2d-v4,0
651347,reward,5231,421.28176280800494,472.584,SF-P3O-NoSpectral,Walker2d-v4,0
651519,reward,5232,446.8894407714576,473.681,SF-P3O-NoSpectral,Walker2d-v4,0
651634,reward,5233,307.240592628702,436.211,SF-P3O-NoSpectral,Walker2d-v4,0
651805,reward,5234,518.9484654250768,432.405,SF-P3O-NoSpectral,Walker2d-v4,0
651929,reward,5235,330.276314950535,417.933,SF-P3O-NoSpectral,Walker2d-v4,0
652052,reward,5236,329.0154680213225,402.916,SF-P3O-NoSpectral,Walker2d-v4,0
652233,reward,5237,480.46492304318843,411.254,SF-P3O-NoSpectral,Walker2d-v4,0
652439,reward,5238,600.03079143825,428.696,SF-P3O-NoSpectral,Walker2d-v4,0
652603,reward,5239,455.97025001584353,432.73,SF-P3O-NoSpectral,Walker2d-v4,0
652732,reward,5240,356.09937164353005,424.622,SF-P3O-NoSpectral,Walker2d-v4,0
652858,reward,5241,313.937437649783,413.887,SF-P3O-NoSpectral,Walker2d-v4,0
653029,reward,5242,428.92957869957667,412.091,SF-P3O-NoSpectral,Walker2d-v4,0
653163,reward,5243,327.4885129094996,414.116,SF-P3O-NoSpectral,Walker2d-v4,0
653338,reward,5244,490.5506432266941,411.276,SF-P3O-NoSpectral,Walker2d-v4,0
653544,reward,5245,567.9583382083745,435.045,SF-P3O-NoSpectral,Walker2d-v4,0
653743,reward,5246,470.5369699896869,449.197,SF-P3O-NoSpectral,Walker2d-v4,0
653909,reward,5247,426.50288118066686,443.8,SF-P3O-NoSpectral,Walker2d-v4,0
654051,reward,5248,369.9245393703899,420.79,SF-P3O-NoSpectral,Walker2d-v4,0
654208,reward,5249,393.591466011352,414.552,SF-P3O-NoSpectral,Walker2d-v4,0
654383,reward,5250,498.86674514004244,428.829,SF-P3O-NoSpectral,Walker2d-v4,0
654537,reward,5251,409.99720999589624,438.435,SF-P3O-NoSpectral,Walker2d-v4,0
654692,reward,5252,405.1632755840629,436.058,SF-P3O-NoSpectral,Walker2d-v4,0
654911,reward,5253,625.0737642899413,465.817,SF-P3O-NoSpectral,Walker2d-v4,0
655071,reward,5254,385.44172310839633,455.306,SF-P3O-NoSpectral,Walker2d-v4,0
655225,reward,5255,433.2749167731563,441.837,SF-P3O-NoSpectral,Walker2d-v4,0
655360,loss,0.0034536775201559067,0.7210654020309448,SF-P3O-NoSpectral,Walker2d-v4,0
655360,diagnostics,0.0,80.14,42.3816,0.072936,0.946434,0.5111,0.132205,SF-P3O-NoSpectral,Walker2d-v4,0
655452,reward,5256,544.9499849029536,449.279,SF-P3O-NoSpectral,Walker2d-v4,0
655661,reward,5257,496.8272184232322,456.311,SF-P3O-NoSpectral,Walker2d-v4,0
655817,reward,5258,454.4987562527131,464.769,SF-P3O-NoSpectral,Walker2d-v4,0
655985,reward,5259,481.5198186334061,473.561,SF-P3O-NoSpectral,Walker2d-v4,0
656179,reward,5260,578.4934902972423,481.524,SF-P3O-NoSpectral,Walker2d-v4,0
656377,reward,5261,462.2036730099299,486.745,SF-P3O-NoSpectral,Walker2d-v4,0
656551,reward,5262,488.8160392193845,495.11,SF-P3O-NoSpectral,Walker2d-v4,0
656695,reward,5263,352.3673633808923,467.839,SF-P3O-NoSpectral,Walker2d-v4,0
656867,reward,5264,484.2170657695391,477.717,SF-P3O-NoSpectral,Walker2d-v4,0
657031,reward,5265,436.39257969910494,478.029,SF-P3O-NoSpectral,Walker2d-v4,0
657165,reward,5266,351.85841891630054,458.719,SF-P3O-NoSpectral,Walker2d-v4,0
657344,reward,5267,418.21649911141486,450.858,SF-P3O-NoSpectral,Walker2d-v4,0
657517,reward,5268,464.5069070708224,451.859,SF-P3O-NoSpectral,Walker2d-v4,0
657681,reward,5269,476.5416190009693,451.361,SF-P3O-NoSpectral,Walker2d-v4,0
657837,reward,5270,409.3741486522755,434.449,SF-P3O-NoSpectral,Walker2d-v4,0
657983,reward,5271,384.1859275014813,426.648,SF-P3O-NoSpectral,Walker2d-v4,0
658084,reward,5272,209.57866138519296,398.724,SF-P3O-NoSpectral,Walker2d-v4,0
658266,reward,5273,487.73530839467116,412.261,SF-P3O-NoSpectral,Walker2d-v4,0
658402,reward,5274,354.2745608294284,399.266,SF-P3O-NoSpectral,Walker2d-v4,0
658581,reward,5275,509.3703357868674,406.564,SF-P3O-NoSpectral,Walker2d-v4,0
658799,reward,5276,655.257748517499,436.904,SF-P3O-NoSpectral,Walker2d-v4,0
658914,reward,5277,305.6240337733639,425.645,SF-P3O-NoSpectral,Walker2d-v4,0
659119,reward,5278,574.2836624689339,436.623,SF-P3O-NoSpectral,Walker2d-v4,0
659251,reward,5279,330.2918393470559,421.998,SF-P3O-NoSpectral,Walker2d-v4,0
659429,reward,5280,453.7919979270456,426.439,SF-P3O-NoSpectral,Walker2d-v4,0
659670,reward,5281,504.2620606871585,438.447,SF-P3O-NoSpectral,Walker2d-v4,0
659807,reward,5282,331.0220652730901,450.591,SF-P3O-NoSpectral,Walker2d-v4,0
660000,speed,616.29,20.38,SF-P3O-NoSpectral,Walker2d-v4,0
660009,reward,5283,503.75127997143,452.193,SF-P3O-NoSpectral,Walker2d-v4,0
660185,reward,5284,474.2813965954382,464.194,SF-P3O-NoSpectral,Walker2d-v4,0
660322,reward,5285,362.90064794948677,449.547,SF-P3O-NoSpectral,Walker2d-v4,0
660512,reward,5286,470.60714753534495,431.082,SF-P3O-NoSpectral,Walker2d-v4,0
660671,reward,5287,429.56782827504696,443.476,SF-P3O-NoSpectral,Walker2d-v4,0
660836,reward,5288,464.6292434542752,432.511,SF-P3O-NoSpectral,Walker2d-v4,0
661013,reward,5289,513.3153528680047,450.813,SF-P3O-NoSpectral,Walker2d-v4,0
661247,reward,5290,629.6062808834117,468.394,SF-P3O-NoSpectral,Walker2d-v4,0
661448,reward,5291,508.07606048231924,468.776,SF-P3O-NoSpectral,Walker2d-v4,0
661582,reward,5292,372.23733966076,472.897,SF-P3O-NoSpectral,Walker2d-v4,0
661787,reward,5293,564.6302463097538,478.985,SF-P3O-NoSpectral,Walker2d-v4,0
661984,reward,5294,543.4418141908467,485.901,SF-P3O-NoSpectral,Walker2d-v4,0
662100,reward,5295,312.70474628323785,480.882,SF-P3O-NoSpectral,Walker2d-v4,0
662247,reward,5296,397.31877467092477,473.553,SF-P3O-NoSpectral,Walker2d-v4,0
662416,reward,5297,480.60319642102127,478.656,SF-P3O-NoSpectral,Walker2d-v4,0
662579,reward,5298,435.0864345582074,475.702,SF-P3O-NoSpectral,Walker2d-v4,0
662763,reward,5299,442.1637128743342,468.587,SF-P3O-NoSpectral,Walker2d-v4,0
662957,reward,5300,469.2880678698446,452.555,SF-P3O-NoSpectral,Walker2d-v4,0
663199,reward,5301,679.5274887943062,469.7,SF-P3O-NoSpectral,Walker2d-v4,0
663280,reward,5302,172.32740649826786,449.709,SF-P3O-NoSpectral,Walker2d-v4,0
663409,reward,5303,319.40850948942136,425.187,SF-P3O-NoSpectral,Walker2d-v4,0
663552,loss,0.031088920310139656,0.8708075284957886,SF-P3O-NoSpectral,Walker2d-v4,0
663649,reward,5304,535.99196199014,424.442,SF-P3O-NoSpectral,Walker2d-v4,0
663780,reward,5305,302.6519286582052,423.437,SF-P3O-NoSpectral,Walker2d-v4,0
663929,reward,5306,385.7572810598833,422.281,SF-P3O-NoSpectral,Walker2d-v4,0
664097,reward,5307,403.03178437231986,414.523,SF-P3O-NoSpectral,Walker2d-v4,0
664353,reward,5308,714.0383322215373,442.419,SF-P3O-NoSpectral,Walker2d-v4,0
664492,reward,5309,372.1292201035597,435.415,SF-P3O-NoSpectral,Walker2d-v4,0
664683,reward,5310,521.0542479270653,440.592,SF-P3O-NoSpectral,Walker2d-v4,0
664935,reward,5311,617.1504504557043,434.354,SF-P3O-NoSpectral,Walker2d-v4,0
665108,reward,5312,488.3505127782426,465.956,SF-P3O-NoSpectral,Walker2d-v4,0
665323,reward,5313,593.1605962518969,493.332,SF-P3O-NoSpectral,Walker2d-v4,0
665453,reward,5314,338.9870063281876,473.631,SF-P3O-NoSpectral,Walker2d-v4,0
665613,reward,5315,395.7470314139211,482.941,SF-P3O-NoSpectral,Walker2d-v4,0
665780,reward,5316,429.5641155850155,487.321,SF-P3O-NoSpectral,Walker2d-v4,0
665943,reward,5317,409.1469971488089,487.933,SF-P3O-NoSpectral,Walker2d-v4,0
666119,reward,5318,528.7832400350021,469.407,SF-P3O-NoSpectral,Walker2d-v4,0
666355,reward,5319,655.6636919922712,497.761,SF-P3O-NoSpectral,Walker2d-v4,0
666505,reward,5320,424.0396320582906,488.059,SF-P3O-NoSpectral,Walker2d-v4,0
666760,reward,5321,775.0501568914282,503.849,SF-P3O-NoSpectral,Walker2d-v4,0
666944,reward,5322,461.6594968639487,501.18,SF-P3O-NoSpectral,Walker2d-v4,0
667086,reward,5323,421.54097333790685,484.018,SF-P3O-NoSpectral,Walker2d-v4,0
667306,reward,5324,661.5136738754699,516.271,SF-P3O-NoSpectral,Walker2d-v4,0
667497,reward,5325,531.9206286335033,529.888,SF-P3O-NoSpectral,Walker2d-v4,0
667651,reward,5326,472.5317310241787,534.185,SF-P3O-NoSpectral,Walker2d-v4,0
667860,reward,5327,534.6980262539358,546.74,SF-P3O-NoSpectral,Walker2d-v4,0
667989,reward,5328,342.47004734871297,528.109,SF-P3O-NoSpectral,Walker2d-v4,0
668159,reward,5329,429.1294819434369,505.455,SF-P3O-NoSpectral,Walker2d-v4,0
668353,reward,5330,478.64333947870153,510.916,SF-P3O-NoSpectral,Walker2d-v4,0
668578,reward,5331,553.2229146800429,488.733,SF-P3O-NoSpectral,Walker2d-v4,0
668725,reward,5332,402.14210403423994,482.781,SF-P3O-NoSpectral,Walker2d-v4,0
668892,reward,5333,455.7174750362128,486.199,SF-P3O-NoSpectral,Walker2d-v4,0
669078,reward,5334,538.8001185982238,473.928,SF-P3O-NoSpectral,Walker2d-v4,0
669280,reward,5335,512.194665268594,471.955,SF-P3O-NoSpectral,Walker2d-v4,0
669407,reward,5336,327.57613434189227,457.459,SF-P3O-NoSpectral,Walker2d-v4,0
669572,reward,5337,463.2424183218518,450.314,SF-P3O-NoSpectral,Walker2d-v4,0
669793,reward,5338,682.685101557256,484.335,SF-P3O-NoSpectral,Walker2d-v4,0
670000,speed,639.66,20.64,SF-P3O-NoSpectral,Walker2d-v4,0
670006,reward,5339,636.7417791922671,505.097,SF-P3O-NoSpectral,Walker2d-v4,0
670168,reward,5340,395.83894603341065,496.816,SF-P3O-NoSpectral,Walker2d-v4,0
670307,reward,5341,391.4591548891128,480.64,SF-P3O-NoSpectral,Walker2d-v4,0
670435,reward,5342,333.66490184635126,473.792,SF-P3O-NoSpectral,Walker2d-v4,0
670676,reward,5343,691.9453028003985,497.415,SF-P3O-NoSpectral,Walker2d-v4,0
670898,reward,5344,663.3426479938477,509.869,SF-P3O-NoSpectral,Walker2d-v4,0
671130,reward,5345,625.6014955578463,521.21,SF-P3O-NoSpectral,Walker2d-v4,0
671245,reward,5346,306.0788203472228,519.06,SF-P3O-NoSpectral,Walker2d-v4,0
671378,reward,5347,343.5332719556982,507.089,SF-P3O-NoSpectral,Walker2d-v4,0
671567,reward,5348,537.650962988682,492.586,SF-P3O-NoSpectral,Walker2d-v4,0
671721,reward,5349,405.57756963190656,469.469,SF-P3O-NoSpectral,Walker2d-v4,0
671744,loss,-0.08730363845825195,0.7889181971549988,SF-P3O-NoSpectral,Walker2d-v4,0
671744,diagnostics,0.0,80.42,52.1717,0.073564,0.946181,0.5437,0.116164,SF-P3O-NoSpectral,Walker2d-v4,0
671875,reward,5350,418.20594089221885,471.706,SF-P3O-NoSpectral,Walker2d-v4,0
672032,reward,5351,443.8336174418578,476.943,SF-P3O-NoSpectral,Walker2d-v4,0
672180,reward,5352,409.6998993393131,484.547,SF-P3O-NoSpectral,Walker2d-v4,0
672353,reward,5353,494.106261575551,464.763,SF-P3O-NoSpectral,Walker2d-v4,0
672586,reward,5354,631.164690992803,461.545,SF-P3O-NoSpectral,Walker2d-v4,0
672713,reward,5355,331.00965658499445,432.086,SF-P3O-NoSpectral,Walker2d-v4,0
672908,reward,5356,527.9842473074613,454.277,SF-P3O-NoSpectral,Walker2d-v4,0
673123,reward,5357,642.9285911732492,484.216,SF-P3O-NoSpectral,Walker2d-v4,0
673281,reward,5358,423.8598680116153,472.837,SF-P3O-NoSpectral,Walker2d-v4,0
673476,reward,5359,550.1899887881161,487.298,SF-P3O-NoSpectral,Walker2d-v4,0
673675,reward,5360,621.8649385323488,507.664,SF-P3O-NoSpectral,Walker2d-v4,0
673870,reward,5361,534.8195980299936,516.763,SF-P3O-NoSpectral,Walker2d-v4,0
674023,reward,5362,395.37754606597355,515.331,SF-P3O-NoSpectral,Walker2d-v4,0
674214,reward,5363,559.7369521098141,521.894,SF-P3O-NoSpectral,Walker2d-v4,0
674345,reward,5364,347.9003832321175,493.567,SF-P3O-NoSpectral,Walker2d-v4,0
674572,reward,5365,606.1947501458059,521.086,SF-P3O-NoSpectral,Walker2d-v4,0
674785,reward,5366,591.6122940215615,527.448,SF-P3O-NoSpectral,Walker2d-v4,0
674962,reward,5367,491.4574186942763,512.301,SF-P3O-NoSpectral,Walker2d-v4,0
675132,reward,5368,480.3523355876587,517.951,SF-P3O-NoSpectral,Walker2d-v4,0
675437,reward,5369,639.6076611307659,526.892,SF-P3O-NoSpectral,Walker2d-v4,0
675614,reward,5370,489.1960620532346,513.626,SF-P3O-NoSpectral,Walker2d-v4,0
675848,reward,5371,654.2914494910783,525.573,SF-P3O-NoSpectral,Walker2d-v4,0
676010,reward,5372,410.3147755234733,527.066,SF-P3O-NoSpectral,Walker2d-v4,0
676213,reward,5373,508.60660993823996,521.953,SF-P3O-NoSpectral,Walker2d-v4,0
676348,reward,5374,327.048483169755,519.868,SF-P3O-NoSpectral,Walker2d-v4,0
676485,reward,5375,310.68659940099747,490.317,SF-P3O-NoSpectral,Walker2d-v4,0
676630,reward,5376,382.2767177931361,469.384,SF-P3O-NoSpectral,Walker2d-v4,0
676747,reward,5377,315.4111452541199,451.779,SF-P3O-NoSpectral,Walker2d-v4,0
676909,reward,5378,465.2342333458218,450.267,SF-P3O-NoSpectral,Walker2d-v4,0
677130,reward,5379,646.4102374836164,450.948,SF-P3O-NoSpectral,Walker2d-v4,0
677245,reward,5380,262.3189065322918,428.26,SF-P3O-NoSpectral,Walker2d-v4,0
677415,reward,5381,536.7858787815757,416.509,SF-P3O-NoSpectral,Walker2d-v4,0
677554,reward,5382,355.4743922067667,411.025,SF-P3O-NoSpectral,Walker2d-v4,0
677690,reward,5383,377.46131193399754,397.911,SF-P3O-NoSpectral,Walker2d-v4,0
677881,reward,5384,490.64154971594314,414.27,SF-P3O-NoSpectral,Walker2d-v4,0
678079,reward,5385,536.5926223779089,436.861,SF-P3O-NoSpectral,Walker2d-v4,0
678238,reward,5386,456.5384894358299,444.287,SF-P3O-NoSpectral,Walker2d-v4,0
678574,reward,5387,826.6459961580767,495.41,SF-P3O-NoSpectral,Walker2d-v4,0
678734,reward,5388,415.3806477984393,490.425,SF-P3O-NoSpectral,Walker2d-v4,0
678895,reward,5389,473.713912084279,473.155,SF-P3O-NoSpectral,Walker2d-v4,0
679189,reward,5390,868.3761839862926,533.761,SF-P3O-NoSpectral,Walker2d-v4,0
679358,reward,5391,456.944555218875,525.777,SF-P3O-NoSpectral,Walker2d-v4,0
679518,reward,5392,475.3059881478749,537.76,SF-P3O-NoSpectral,Walker2d-v4,0
679689,reward,5393,438.6282105366575,543.877,SF-P3O-NoSpectral,Walker2d-v4,0
679817,reward,5394,321.72454836108176,526.985,SF-P3O-NoSpectral,Walker2d-v4,0
679936,loss,0.018671341240406036,0.626034677028656,SF-P3O-NoSpectral,Walker2d-v4,0
679966,reward,5395,388.30596911330304,512.156,SF-P3O-NoSpectral,Walker2d-v4,0
680000,speed,424.61,21.03,SF-P3O-NoSpectral,Walker2d-v4,0
680108,reward,5396,393.4499682641547,505.848,SF-P3O-NoSpectral,Walker2d-v4,0
680325,reward,5397,553.7336479997226,478.556,SF-P3O-NoSpectral,Walker2d-v4,0
680483,reward,5398,418.8217545967488,478.9,SF-P3O-NoSpectral,Walker2d-v4,0
680666,reward,5399,522.5538529408075,483.784,SF-P3O-NoSpectral,Walker2d-v4,0
680838,reward,5400,543.8135286869251,451.328,SF-P3O-NoSpectral,Walker2d-v4,0
680977,reward,5401,369.068427564743,442.541,SF-P3O-NoSpectral,Walker2d-v4,0
681185,reward,5402,486.71992702642353,443.682,SF-P3O-NoSpectral,Walker2d-v4,0
681326,reward,5403,383.63100410935834,438.182,SF-P3O-NoSpectral,Walker2d-v4,0
681561,reward,5404,569.7719609238051,462.987,SF-P3O-NoSpectral,Walker2d-v4,0
681674,reward,5405,291.2795828594854,453.284,SF-P3O-NoSpectral,Walker2d-v4,0
681854,reward,5406,409.5164234692348,454.891,SF-P3O-NoSpectral,Walker2d-v4,0
681989,reward,5407,343.246327628235,433.842,SF-P3O-NoSpectral,Walker2d-v4,0
682123,reward,5408,362.01532528833616,428.162,SF-P3O-NoSpectral,Walker2d-v4,0
682257,reward,5409,370.42412108983467,412.949,SF-P3O-NoSpectral,Walker2d-v4,0
682436,reward,5410,517.5830341736963,410.326,SF-P3O-NoSpectral,Walker2d-v4,0
682584,reward,5411,393.56869773066427,412.776,SF-P3O-NoSpectral,Walker2d-v4,0
682818,reward,5412,624.5302706200039,426.557,SF-P3O-NoSpectral,Walker2d-v4,0
682964,reward,5413,365.09764070759144,424.703,SF-P3O-NoSpectral,Walker2d-v4,0
683152,reward,5414,512.7974719776054,419.006,SF-P3O-NoSpectral,Walker2d-v4,0
683287,reward,5415,360.0264170902418,425.881,SF-P3O-NoSpectral,Walker2d-v4,0
683423,reward,5416,357.42086187234827,420.671,SF-P3O-NoSpectral,Walker2d-v4,0
683584,reward,5417,411.8703707925276,427.533,SF-P3O-NoSpectral,Walker2d-v4,0
683738,reward,5418,417.6843380769111,433.1,SF-P3O-NoSpectral,Walker2d-v4,0
683924,reward,5419,506.72800777513066,446.731,SF-P3O-NoSpectral,Walker2d-v4,0
684102,reward,5420,448.789467344521,439.851,SF-P3O-NoSpectral,Walker2d-v4,0
684298,reward,5421,517.4750681223475,452.242,SF-P3O-NoSpectral,Walker2d-v4,0
684461,reward,5422,403.105804225232,430.1,SF-P3O-NoSpectral,Walker2d-v4,0
684613,reward,5423,434.5732652293918,437.047,SF-P3O-NoSpectral,Walker2d-v4,0
684737,reward,5424,320.44186914772234,417.812,SF-P3O-NoSpectral,Walker2d-v4,0
684850,reward,5425,293.0327573633637,411.112,SF-P3O-NoSpectral,Walker2d-v4,0
684991,reward,5426,345.5339708125284,409.923,SF-P3O-NoSpectral,Walker2d-v4,0
685124,reward,5427,342.6350305150455,403.0,SF-P3O-NoSpectral,Walker2d-v4,0
685351,reward,5428,641.1132596910161,425.343,SF-P3O-NoSpectral,Walker2d-v4,0
685535,reward,5429,495.0893810252193,424.179,SF-P3O-NoSpectral,Walker2d-v4,0
685673,reward,5430,356.2374758002093,414.924,SF-P3O-NoSpectral,Walker2d-v4,0
685848,reward,5431,524.3954270926116,415.616,SF-P3O-NoSpectral,Walker2d-v4,0
686015,reward,5432,484.89111955689765,423.794,SF-P3O-NoSpectral,Walker2d-v4,0
686218,reward,5433,555.1372019796485,435.851,SF-P3O-NoSpectral,Walker2d-v4,0
686433,reward,5434,636.3250579746223,467.439,SF-P3O-NoSpectral,Walker2d-v4,0
686565,reward,5435,349.4739298237478,473.083,SF-P3O-NoSpectral,Walker2d-v4,0
686712,reward,5436,386.42908901891496,477.173,SF-P3O-NoSpectral,Walker2d-v4,0
686869,reward,5437,433.2918223225272,486.238,SF-P3O-NoSpectral,Walker2d-v4,0
687049,reward,5438,555.9868250569195,477.726,SF-P3O-NoSpectral,Walker2d-v4,0
687185,reward,5439,346.78453488409616,462.895,SF-P3O-NoSpectral,Walker2d-v4,0
687420,reward,5440,615.5907285414341,488.831,SF-P3O-NoSpectral,Walker2d-v4,0
687572,reward,5441,414.1171137886286,477.803,SF-P3O-NoSpectral,Walker2d-v4,0
687786,reward,5442,625.8635102609276,491.9,SF-P3O-NoSpectral,Walker2d-v4,0
687922,reward,5443,369.36345873813195,473.323,SF-P3O-NoSpectral,Walker2d-v4,0
688128,loss,0.04822540655732155,0.8230978846549988,SF-P3O-NoSpectral,Walker2d-v4,0
688128,diagnostics,0.0,80.7,60.1889,0.074148,0.945962,0.5131,0.11282,SF-P3O-NoSpectral,Walker2d-v4,0
688180,reward,5444,697.317820405649,479.422,SF-P3O-NoSpectral,Walker2d-v4,0
688356,reward,5445,495.76203535717485,494.051,SF-P3O-NoSpectral,Walker2d-v4,0
688523,reward,5446,490.06571239639277,504.414,SF-P3O-NoSpectral,Walker2d-v4,0
688652,reward,5447,351.3682393064505,496.222,SF-P3O-NoSpectral,Walker2d-v4,0
688823,reward,5448,469.4289302682481,487.566,SF-P3O-NoSpectral,Walker2d-v4,0
688960,reward,5449,354.0826012769807,488.296,SF-P3O-NoSpectral,Walker2d-v4,0
689113,reward,5450,407.2330193675846,467.46,SF-P3O-NoSpectral,Walker2d-v4,0
689274,reward,5451,441.76534616850904,470.225,SF-P3O-NoSpectral,Walker2d-v4,0
689414,reward,5452,372.4040083612541,444.879,SF-P3O-NoSpectral,Walker2d-v4,0
689553,reward,5453,317.2283553225526,439.666,SF-P3O-NoSpectral,Walker2d-v4,0
689801,reward,5454,715.5563432907201,441.489,SF-P3O-NoSpectral,Walker2d-v4,0
689967,reward,5455,451.7781030394931,437.091,SF-P3O-NoSpectral,Walker2d-v4,0
690000,speed,617.33,21.3,SF-P3O-NoSpectral,Walker2d-v4,0
690101,reward,5456,383.86469338555924,426.471,SF-P3O-NoSpectral,Walker2d-v4,0
690370,reward,5457,657.3055722280793,457.065,SF-P3O-NoSpectral,Walker2d-v4,0
690547,reward,5458,540.0573229198055,464.128,SF-P3O-NoSpectral,Walker2d-v4,0
690706,reward,5459,381.3373688532753,466.853,SF-P3O-NoSpectral,Walker2d-v4,0
690880,reward,5460,431.5602556572735,469.286,SF-P3O-NoSpectral,Walker2d-v4,0
691080,reward,5461,467.71787396763915,471.881,SF-P3O-NoSpectral,Walker2d-v4,0
691211,reward,5462,332.3518782948704,467.876,SF-P3O-NoSpectral,Walker2d-v4,0
691357,reward,5463,384.4098094623976,474.594,SF-P3O-NoSpectral,Walker2d-v4,0
691488,reward,5464,343.23719978468097,437.362,SF-P3O-NoSpectral,Walker2d-v4,0
691726,reward,5465,713.4276537613654,463.527,SF-P3O-NoSpectral,Walker2d-v4,0
691891,reward,5466,459.4449383957345,471.085,SF-P3O-NoSpectral,Walker2d-v4,0
692034,reward,5467,391.7650137906335,444.531,SF-P3O-NoSpectral,Walker2d-v4,0
692169,reward,5468,354.6493035294507,425.99,SF-P3O-NoSpectral,Walker2d-v4,0
692401,reward,5469,677.8328870192,455.64,SF-P3O-NoSpectral,Walker2d-v4,0
692557,reward,5470,398.0798411200455,452.292,SF-P3O-NoSpectral,Walker2d-v4,0
692778,reward,5471,720.1038028686875,477.53,SF-P3O-NoSpectral,Walker2d-v4,0
692853,reward,5472,127.80957909159726,457.076,SF-P3O-NoSpectral,Walker2d-v4,0
693105,reward,5473,650.2419542828864,483.659,SF-P3O-NoSpectral,Walker2d-v4,0
693270,reward,5474,472.86885753205013,496.622,SF-P3O-NoSpectral,Walker2d-v4,0
693402,reward,5475,326.60966483173974,457.941,SF-P3O-NoSpectral,Walker2d-v4,0
693567,reward,5476,414.2256226619695,453.419,SF-P3O-NoSpectral,Walker2d-v4,0
693724,reward,5477,416.9123521465667,455.933,SF-P3O-NoSpectral,Walker2d-v4,0
693861,reward,5478,382.47802995136345,458.716,SF-P3O-NoSpectral,Walker2d-v4,0
693996,reward,5479,358.85606940262574,426.819,SF-P3O-NoSpectral,Walker2d-v4,0
694242,reward,5480,678.831711229288,454.894,SF-P3O-NoSpectral,Walker2d-v4,0
694394,reward,5481,348.3942671789244,417.723,SF-P3O-NoSpectral,Walker2d-v4,0
694609,reward,5482,434.69966367868346,448.412,SF-P3O-NoSpectral,Walker2d-v4,0
694783,reward,5483,434.63311763988975,426.851,SF-P3O-NoSpectral,Walker2d-v4,0
694943,reward,5484,412.9777484791866,420.862,SF-P3O-NoSpectral,Walker2d-v4,0
695036,reward,5485,214.36490852045964,409.637,SF-P3O-NoSpectral,Walker2d-v4,0
695170,reward,5486,376.47268714411354,405.862,SF-P3O-NoSpectral,Walker2d-v4,0
695346,reward,5487,480.4588478351499,412.217,SF-P3O-NoSpectral,Walker2d-v4,0
695552,reward,5488,571.5747747650263,431.126,SF-P3O-NoSpectral,Walker2d-v4,0
695702,reward,5489,380.04841734861515,433.246,SF-P3O-NoSpectral,Walker2d-v4,0
695888,reward,5490,521.7499981119499,417.537,SF-P3O-NoSpectral,Walker2d-v4,0
696072,reward,5491,489.6606438748365,431.664,SF-P3O-NoSpectral,Walker2d-v4,0
696204,reward,5492,327.49536722876724,420.944,SF-P3O-NoSpectral,Walker2d-v4,0
696320,loss,-0.025367775931954384,0.7750556468963623,SF-P3O-NoSpectral,Walker2d-v4,0
696372,reward,5493,484.44722990925317,425.925,SF-P3O-NoSpectral,Walker2d-v4,0
696525,reward,5494,410.81553390133877,425.709,SF-P3O-NoSpectral,Walker2d-v4,0
696714,reward,5495,462.38712627219644,450.511,SF-P3O-NoSpectral,Walker2d-v4,0
696930,reward,5496,661.5504199343907,479.019,SF-P3O-NoSpectral,Walker2d-v4,0
697094,reward,5497,466.6299130013907,477.636,SF-P3O-NoSpectral,Walker2d-v4,0
697320,reward,5498,651.1888788770867,485.597,SF-P3O-NoSpectral,Walker2d-v4,0
697445,reward,5499,328.76403707374277,480.469,SF-P3O-NoSpectral,Walker2d-v4,0
697614,reward,5500,448.1918508727465,473.113,SF-P3O-NoSpectral,Walker2d-v4,0
697801,reward,5501,469.65957480121665,471.113,SF-P3O-NoSpectral,Walker2d-v4,0
697941,reward,5502,355.01979320598286,473.865,SF-P3O-NoSpectral,Walker2d-v4,0
698125,reward,5503,447.3030663242184,470.151,SF-P3O-NoSpectral,Walker2d-v4,0
698272,reward,5504,417.9802439762091,470.867,SF-P3O-NoSpectral,Walker2d-v4,0
698423,reward,5505,359.82869749911436,460.612,SF-P3O-NoSpectral,Walker2d-v4,0
698666,reward,5506,714.1206553430486,465.869,SF-P3O-NoSpectral,Walker2d-v4,0
698835,reward,5507,493.5847786804139,468.564,SF-P3O-NoSpectral,Walker2d-v4,0
699007,reward,5508,481.98772646643795,451.644,SF-P3O-NoSpectral,Walker2d-v4,0
699138,reward,5509,316.76504762736005,450.444,SF-P3O-NoSpectral,Walker2d-v4,0
699332,reward,5510,523.9518713493601,458.02,SF-P3O-NoSpectral,Walker2d-v4,0
699469,reward,5511,391.7486031524563,450.229,SF-P3O-NoSpectral,Walker2d-v4,0
699689,reward,5512,620.2619728466397,476.753,SF-P3O-NoSpectral,Walker2d-v4,0
699847,reward,5513,421.1508996502492,474.138,SF-P3O-NoSpectral,Walker2d-v4,0
699999,reward,5514,367.2797149615055,469.068,SF-P3O-NoSpectral,Walker2d-v4,0
700000,speed,653.6,21.56,SF-P3O-NoSpectral,Walker2d-v4,0
700000,perturb,0.075673,0.945358,0.5265,22264,45582,0.554297,14,SF-P3O-NoSpectral,Walker2d-v4,0
700200,reward,5515,609.1500999087563,494.0,SF-P3O-NoSpectral,Walker2d-v4,0
700389,reward,5516,534.3946118383086,476.028,SF-P3O-NoSpectral,Walker2d-v4,0
700604,reward,5517,578.9964609222197,484.569,SF-P3O-NoSpectral,Walker2d-v4,0
700858,reward,5518,678.4337219920218,504.213,SF-P3O-NoSpectral,Walker2d-v4,0
701003,reward,5519,405.452733726622,513.082,SF-P3O-NoSpectral,Walker2d-v4,0
701143,reward,5520,378.15944442717927,498.503,SF-P3O-NoSpectral,Walker2d-v4,0
701342,reward,5521,592.8721364497395,518.615,SF-P3O-NoSpectral,Walker2d-v4,0
701477,reward,5522,316.3723269092696,488.226,SF-P3O-NoSpectral,Walker2d-v4,0
701662,reward,5523,545.40330638676,500.651,SF-P3O-NoSpectral,Walker2d-v4,0
701847,reward,5524,556.8765308090718,519.611,SF-P3O-NoSpectral,Walker2d-v4,0
701989,reward,5525,377.7647998372117,496.473,SF-P3O-NoSpectral,Walker2d-v4,0
702180,reward,5526,522.0733663826242,495.24,SF-P3O-NoSpectral,Walker2d-v4,0
702339,reward,5527,443.727310531345,481.714,SF-P3O-NoSpectral,Walker2d-v4,0
702497,reward,5528,382.3751577727947,452.108,SF-P3O-NoSpectral,Walker2d-v4,0
702742,reward,5529,652.4909304074052,476.812,SF-P3O-NoSpectral,Walker2d-v4,0
702934,reward,5530,465.0085123692955,485.496,SF-P3O-NoSpectral,Walker2d-v4,0
703070,reward,5531,360.6739520671501,462.277,SF-P3O-NoSpectral,Walker2d-v4,0
703257,reward,5532,475.34002609665464,478.173,SF-P3O-NoSpectral,Walker2d-v4,0
703488,reward,5533,553.9258941087961,479.026,SF-P3O-NoSpectral,Walker2d-v4,0
703626,reward,5534,337.279690862307,457.066,SF-P3O-NoSpectral,Walker2d-v4,0
703779,reward,5535,424.8008147216178,461.77,SF-P3O-NoSpectral,Walker2d-v4,0
703964,reward,5536,473.34690180626274,456.897,SF-P3O-NoSpectral,Walker2d-v4,0
704110,reward,5537,359.7300174733114,448.497,SF-P3O-NoSpectral,Walker2d-v4,0
704255,reward,5538,369.4727811501332,447.207,SF-P3O-NoSpectral,Walker2d-v4,0
704423,reward,5539,395.3886643836346,421.497,SF-P3O-NoSpectral,Walker2d-v4,0
704512,loss,-0.20250216126441956,0.5506433844566345,SF-P3O-NoSpectral,Walker2d-v4,0
704512,diagnostics,0.0,82.98,26.8115,0.076064,0.9454,0.5515,0.131847,SF-P3O-NoSpectral,Walker2d-v4,0
704563,reward,5540,374.6922347564938,412.465,SF-P3O-NoSpectral,Walker2d-v4,0
704737,reward,5541,436.8545936293693,420.083,SF-P3O-NoSpectral,Walker2d-v4,0
704872,reward,5542,385.17278304977185,411.066,SF-P3O-NoSpectral,Walker2d-v4,0
705075,reward,5543,501.6897378730181,405.843,SF-P3O-NoSpectral,Walker2d-v4,0
705263,reward,5544,511.57192567002755,423.272,SF-P3O-NoSpectral,Walker2d-v4,0
705466,reward,5545,540.7166162208119,434.864,SF-P3O-NoSpectral,Walker2d-v4,0
705684,reward,5546,596.5999218843584,447.189,SF-P3O-NoSpectral,Walker2d-v4,0
705828,reward,5547,379.50484015672606,449.166,SF-P3O-NoSpectral,Walker2d-v4,0
705971,reward,5548,370.9347211385334,449.313,SF-P3O-NoSpectral,Walker2d-v4,0
706167,reward,5549,497.9956028986253,459.573,SF-P3O-NoSpectral,Walker2d-v4,0
706294,reward,5550,319.8653873688916,454.091,SF-P3O-NoSpectral,Walker2d-v4,0
706498,reward,5551,573.772578694005,467.782,SF-P3O-NoSpectral,Walker2d-v4,0
706615,reward,5552,272.8540461826795,456.551,SF-P3O-NoSpectral,Walker2d-v4,0
706832,reward,5553,602.4232987671028,466.624,SF-P3O-NoSpectral,Walker2d-v4,0
707008,reward,5554,474.06342072064683,462.873,SF-P3O-NoSpectral,Walker2d-v4,0
707251,reward,5555,622.3533147164339,471.037,SF-P3O-NoSpectral,Walker2d-v4,0
707433,reward,5556,474.67987039257616,458.845,SF-P3O-NoSpectral,Walker2d-v4,0
707572,reward,5557,421.19395860334384,463.014,SF-P3O-NoSpectral,Walker2d-v4,0
707760,reward,5558,542.854793798463,480.206,SF-P3O-NoSpectral,Walker2d-v4,0
707965,reward,5559,593.9899819646697,489.805,SF-P3O-NoSpectral,Walker2d-v4,0
708088,reward,5560,319.36977718847294,489.756,SF-P3O-NoSpectral,Walker2d-v4,0
708270,reward,5561,538.6945871264378,486.248,SF-P3O-NoSpectral,Walker2d-v4,0
708479,reward,5562,607.0681258518081,519.669,SF-P3O-NoSpectral,Walker2d-v4,0
708660,reward,5563,478.46344505153746,507.273,SF-P3O-NoSpectral,Walker2d-v4,0
708848,reward,5564,556.0649771736041,515.473,SF-P3O-NoSpectral,Walker2d-v4,0
708974,reward,5565,311.7156385574724,484.41,SF-P3O-NoSpectral,Walker2d-v4,0
709129,reward,5566,401.3099653156619,477.073,SF-P3O-NoSpectral,Walker2d-v4,0
709366,reward,5567,643.4757962613588,499.301,SF-P3O-NoSpectral,Walker2d-v4,0
709564,reward,5568,562.65942027412,501.281,SF-P3O-NoSpectral,Walker2d-v4,0
709778,reward,5569,618.810108338378,503.763,SF-P3O-NoSpectral,Walker2d-v4,0
709910,reward,5570,339.18831815668943,505.745,SF-P3O-NoSpectral,Walker2d-v4,0
710000,speed,613.57,21.83,SF-P3O-NoSpectral,Walker2d-v4,0
710057,reward,5571,394.662850094742,491.342,SF-P3O-NoSpectral,Walker2d-v4,0
710228,reward,5572,498.25318296381954,480.46,SF-P3O-NoSpectral,Walker2d-v4,0
710392,reward,5573,418.98157586314585,474.512,SF-P3O-NoSpectral,Walker2d-v4,0
710612,reward,5574,625.0909976271777,481.415,SF-P3O-NoSpectral,Walker2d-v4,0
710774,reward,5575,434.1796087605247,493.661,SF-P3O-NoSpectral,Walker2d-v4,0
710984,reward,5576,551.549291479883,508.685,SF-P3O-NoSpectral,Walker2d-v4,0
711296,reward,5577,687.3391013105746,513.071,SF-P3O-NoSpectral,Walker2d-v4,0
711501,reward,5578,466.2607329716227,503.432,SF-P3O-NoSpectral,Walker2d-v4,0
711640,reward,5579,387.00687162164616,480.251,SF-P3O-NoSpectral,Walker2d-v4,0
711804,reward,5580,487.72018927946044,495.104,SF-P3O-NoSpectral,Walker2d-v4,0
712022,reward,5581,512.5237110679658,506.891,SF-P3O-NoSpectral,Walker2d-v4,0
712206,reward,5582,562.858301170859,513.351,SF-P3O-NoSpectral,Walker2d-v4,0
712451,reward,5583,671.7083022910606,538.624,SF-P3O-NoSpectral,Walker2d-v4,0
712580,reward,5584,313.16158076915934,507.431,SF-P3O-NoSpectral,Walker2d-v4,0
712704,loss,-0.13060832023620605,0.8443893194198608,SF-P3O-NoSpectral,Walker2d-v4,0
712773,reward,5585,536.3396976122048,517.647,SF-P3O-NoSpectral,Walker2d-v4,0
713026,reward,5586,605.7814688008123,523.07,SF-P3O-NoSpectral,Walker2d-v4,0
713219,reward,5587,558.6907066562906,510.205,SF-P3O-NoSpectral,Walker2d-v4,0
713327,reward,5588,238.36696947934269,487.416,SF-P3O-NoSpectral,Walker2d-v4,0
713490,reward,5589,443.84005993320875,493.099,SF-P3O-NoSpectral,Walker2d-v4,0
713656,reward,5590,438.7286329789386,488.2,SF-P3O-NoSpectral,Walker2d-v4,0
713799,reward,5591,381.3031393597981,475.078,SF-P3O-NoSpectral,Walker2d-v4,0
714033,reward,5592,694.1382693316815,488.206,SF-P3O-NoSpectral,Walker2d-v4,0
714248,reward,5593,667.0108109408828,487.736,SF-P3O-NoSpectral,Walker2d-v4,0
714451,reward,5594,624.8672938887967,518.907,SF-P3O-NoSpectral,Walker2d-v4,0
714604,reward,5595,412.44389157094787,506.517,SF-P3O-NoSpectral,Walker2d-v4,0
714743,reward,5596,363.45729668850333,482.285,SF-P3O-NoSpectral,Walker2d-v4,0
715013,reward,5597,838.9047710910233,510.306,SF-P3O-NoSpectral,Walker2d-v4,0
715157,reward,5598,368.5510454192032,523.325,SF-P3O-NoSpectral,Walker2d-v4,0
715311,reward,5599,437.9571695517106,522.736,SF-P3O-NoSpectral,Walker2d-v4,0
715447,reward,5600,368.8879224439346,515.752,SF-P3O-NoSpectral,Walker2d-v4,0
715583,reward,5601,386.5089451993304,516.273,SF-P3O-NoSpectral,Walker2d-v4,0
715779,reward,5602,533.8699599013602,500.246,SF-P3O-NoSpectral,Walker2d-v4,0
716022,reward,5603,755.911347777804,509.136,SF-P3O-NoSpectral,Walker2d-v4,0
716278,reward,5604,722.4502133288709,518.894,SF-P3O-NoSpectral,Walker2d-v4,0
716527,reward,5605,755.9166710847468,553.242,SF-P3O-NoSpectral,Walker2d-v4,0
716652,reward,5606,316.78011593052594,548.574,SF-P3O-NoSpectral,Walker2d-v4,0
716833,reward,5607,549.0378997009122,519.587,SF-P3O-NoSpectral,Walker2d-v4,0
716950,reward,5608,283.99326487607294,511.131,SF-P3O-NoSpectral,Walker2d-v4,0
717163,reward,5609,621.9779209828826,529.533,SF-P3O-NoSpectral,Walker2d-v4,0
717392,reward,5610,580.0356483709555,550.648,SF-P3O-NoSpectral,Walker2d-v4,0
717636,reward,5611,737.4784758052034,585.745,SF-P3O-NoSpectral,Walker2d-v4,0
717789,reward,5612,386.42517877189465,571.001,SF-P3O-NoSpectral,Walker2d-v4,0
718003,reward,5613,626.9565187914914,558.105,SF-P3O-NoSpectral,Walker2d-v4,0
718182,reward,5614,488.90586943088323,534.751,SF-P3O-NoSpectral,Walker2d-v4,0
718362,reward,5615,541.3237928366566,513.291,SF-P3O-NoSpectral,Walker2d-v4,0
718529,reward,5616,452.57849969303464,526.871,SF-P3O-NoSpectral,Walker2d-v4,0
718790,reward,5617,755.8975646885578,547.557,SF-P3O-NoSpectral,Walker2d-v4,0
719048,reward,5618,692.9153822058311,588.449,SF-P3O-NoSpectral,Walker2d-v4,0
719329,reward,5619,731.446500329079,599.396,SF-P3O-NoSpectral,Walker2d-v4,0
719560,reward,5620,647.0771450263788,606.1,SF-P3O-NoSpectral,Walker2d-v4,0
719811,reward,5621,795.9444571305571,611.947,SF-P3O-NoSpectral,Walker2d-v4,0
719938,reward,5622,318.4964462886179,605.154,SF-P3O-NoSpectral,Walker2d-v4,0
720000,speed,670.42,22.08,SF-P3O-NoSpectral,Walker2d-v4,0
720106,reward,5623,442.6534293216545,586.724,SF-P3O-NoSpectral,Walker2d-v4,0
720425,reward,5624,934.4149977959568,631.275,SF-P3O-NoSpectral,Walker2d-v4,0
720578,reward,5625,413.035203113695,618.446,SF-P3O-NoSpectral,Walker2d-v4,0
720870,reward,5626,858.2525506675654,659.013,SF-P3O-NoSpectral,Walker2d-v4,0
720896,loss,-0.12730485200881958,0.6945019960403442,SF-P3O-NoSpectral,Walker2d-v4,0
720896,diagnostics,0.0,83.27,55.9205,0.076451,0.945161,0.5797,0.1145,SF-P3O-NoSpectral,Walker2d-v4,0
720987,reward,5627,323.877897358822,615.811,SF-P3O-NoSpectral,Walker2d-v4,0
721145,reward,5628,408.7486599430687,587.395,SF-P3O-NoSpectral,Walker2d-v4,0
721367,reward,5629,648.1240068850698,579.062,SF-P3O-NoSpectral,Walker2d-v4,0
721598,reward,5630,586.8637543624999,573.041,SF-P3O-NoSpectral,Walker2d-v4,0
721823,reward,5631,586.589638222507,552.106,SF-P3O-NoSpectral,Walker2d-v4,0
721968,reward,5632,402.60462976162347,560.516,SF-P3O-NoSpectral,Walker2d-v4,0
722099,reward,5633,357.76206759124403,552.027,SF-P3O-NoSpectral,Walker2d-v4,0
722406,reward,5634,794.415608833406,538.027,SF-P3O-NoSpectral,Walker2d-v4,0
722582,reward,5635,504.9523490338894,547.219,SF-P3O-NoSpectral,Walker2d-v4,0
722735,reward,5636,438.41130899785924,505.235,SF-P3O-NoSpectral,Walker2d-v4,0
722934,reward,5637,527.7893871848862,525.626,SF-P3O-NoSpectral,Walker2d-v4,0
723212,reward,5638,845.0430826339748,569.256,SF-P3O-NoSpectral,Walker2d-v4,0
723362,reward,5639,409.93109361907443,545.436,SF-P3O-NoSpectral,Walker2d-v4,0
723525,reward,5640,450.9441949448038,531.844,SF-P3O-NoSpectral,Walker2d-v4,0
723699,reward,5641,485.726160509321,521.758,SF-P3O-NoSpectral,Walker2d-v4,0
723847,reward,5642,416.5315029961188,523.151,SF-P3O-NoSpectral,Walker2d-v4,0
724051,reward,5643,606.0227119443308,547.977,SF-P3O-NoSpectral,Walker2d-v4,0
724218,reward,5644,487.78095831713676,517.313,SF-P3O-NoSpectral,Walker2d-v4,0
724517,reward,5645,819.6940299509295,548.787,SF-P3O-NoSpectral,Walker2d-v4,0
724661,reward,5646,392.6900037929919,544.215,SF-P3O-NoSpectral,Walker2d-v4,0
724801,reward,5647,380.6393234770201,529.5,SF-P3O-NoSpectral,Walker2d-v4,0
724965,reward,5648,475.1161036140572,492.508,SF-P3O-NoSpectral,Walker2d-v4,0
725190,reward,5649,588.0887174572065,510.323,SF-P3O-NoSpectral,Walker2d-v4,0
725323,reward,5650,335.14397862076373,498.743,SF-P3O-NoSpectral,Walker2d-v4,0
725529,reward,5651,599.1565757860106,510.086,SF-P3O-NoSpectral,Walker2d-v4,0
725694,reward,5652,471.1271593807467,515.546,SF-P3O-NoSpectral,Walker2d-v4,0
725976,reward,5653,694.0795888233401,524.352,SF-P3O-NoSpectral,Walker2d-v4,0
726191,reward,5654,607.5673506719435,536.33,SF-P3O-NoSpectral,Walker2d-v4,0
726482,reward,5655,801.8166799505884,534.543,SF-P3O-NoSpectral,Walker2d-v4,0
726719,reward,5656,705.6377800074685,565.837,SF-P3O-NoSpectral,Walker2d-v4,0
726916,reward,5657,562.1621744229641,583.99,SF-P3O-NoSpectral,Walker2d-v4,0
727120,reward,5658,597.4704221648776,596.225,SF-P3O-NoSpectral,Walker2d-v4,0
727374,reward,5659,620.956014643459,599.512,SF-P3O-NoSpectral,Walker2d-v4,0
727696,reward,5660,916.0808970558221,657.605,SF-P3O-NoSpectral,Walker2d-v4,0
727837,reward,5661,390.0325687247472,636.693,SF-P3O-NoSpectral,Walker2d-v4,0
728014,reward,5662,507.88224638719896,640.369,SF-P3O-NoSpectral,Walker2d-v4,0
728321,reward,5663,833.1951996144513,654.28,SF-P3O-NoSpectral,Walker2d-v4,0
728545,reward,5664,682.7226527544783,661.796,SF-P3O-NoSpectral,Walker2d-v4,0
728700,reward,5665,444.7065501285007,626.085,SF-P3O-NoSpectral,Walker2d-v4,0
728921,reward,5666,660.3570014506977,621.557,SF-P3O-NoSpectral,Walker2d-v4,0
729088,loss,-0.1449277102947235,0.9665858149528503,SF-P3O-NoSpectral,Walker2d-v4,0
729212,reward,5667,791.5628461083512,644.497,SF-P3O-NoSpectral,Walker2d-v4,0
729453,reward,5668,694.3577234528807,654.185,SF-P3O-NoSpectral,Walker2d-v4,0
729647,reward,5669,502.0515379711737,642.295,SF-P3O-NoSpectral,Walker2d-v4,0
729802,reward,5670,461.1508210983144,596.802,SF-P3O-NoSpectral,Walker2d-v4,0
730000,speed,423.59,22.47,SF-P3O-NoSpectral,Walker2d-v4,0
730005,reward,5671,635.8902551500846,621.388,SF-P3O-NoSpectral,Walker2d-v4,0
730196,reward,5672,559.5196123341258,626.551,SF-P3O-NoSpectral,Walker2d-v4,0
730418,reward,5673,609.7604911338386,604.208,SF-P3O-NoSpectral,Walker2d-v4,0
730628,reward,5674,529.1193331137664,588.848,SF-P3O-NoSpectral,Walker2d-v4,0
730804,reward,5675,531.0222046713608,597.479,SF-P3O-NoSpectral,Walker2d-v4,0
731134,reward,5676,1007.4598722404675,632.189,SF-P3O-NoSpectral,Walker2d-v4,0
731292,reward,5677,421.00765901981174,595.134,SF-P3O-NoSpectral,Walker2d-v4,0
731427,reward,5678,358.82148379183286,561.58,SF-P3O-NoSpectral,Walker2d-v4,0
731672,reward,5679,693.5408367907386,580.729,SF-P3O-NoSpectral,Walker2d-v4,0
731869,reward,5680,521.1942047880057,586.734,SF-P3O-NoSpectral,Walker2d-v4,0
732113,reward,5681,653.7858319553873,588.523,SF-P3O-NoSpectral,Walker2d-v4,0
732208,reward,5682,243.26719600049776,556.898,SF-P3O-NoSpectral,Walker2d-v4,0
732362,reward,5683,448.6336781875171,540.785,SF-P3O-NoSpectral,Walker2d-v4,0
732439,reward,5684,178.01825314620262,505.675,SF-P3O-NoSpectral,Walker2d-v4,0
732645,reward,5685,630.8709599365261,515.66,SF-P3O-NoSpectral,Walker2d-v4,0
732756,reward,5686,320.04153865430453,446.918,SF-P3O-NoSpectral,Walker2d-v4,0
733070,reward,5687,997.588630149928,504.576,SF-P3O-NoSpectral,Walker2d-v4,0
733331,reward,5688,687.9834446634353,537.492,SF-P3O-NoSpectral,Walker2d-v4,0
733553,reward,5689,587.5053453270012,526.889,SF-P3O-NoSpectral,Walker2d-v4,0
733857,reward,5690,934.6695082169667,568.236,SF-P3O-NoSpectral,Walker2d-v4,0
734011,reward,5691,455.7412915867207,548.432,SF-P3O-NoSpectral,Walker2d-v4,0
734240,reward,5692,651.8334214982157,589.289,SF-P3O-NoSpectral,Walker2d-v4,0
734414,reward,5693,439.5490941919471,588.38,SF-P3O-NoSpectral,Walker2d-v4,0
734547,reward,5694,338.36784326538776,604.415,SF-P3O-NoSpectral,Walker2d-v4,0
734840,reward,5695,792.2500427726552,620.553,SF-P3O-NoSpectral,Walker2d-v4,0
734948,reward,5696,274.7174980555925,616.021,SF-P3O-NoSpectral,Walker2d-v4,0
735184,reward,5697,655.8448046768663,581.846,SF-P3O-NoSpectral,Walker2d-v4,0
735374,reward,5698,558.5720649493617,568.905,SF-P3O-NoSpectral,Walker2d-v4,0
735596,reward,5699,631.281384038106,573.283,SF-P3O-NoSpectral,Walker2d-v4,0
735762,reward,5700,491.5929058582064,528.975,SF-P3O-NoSpectral,Walker2d-v4,0
735912,reward,5701,442.3675994352562,527.638,SF-P3O-NoSpectral,Walker2d-v4,0
736072,reward,5702,470.7174878314793,509.526,SF-P3O-NoSpectral,Walker2d-v4,0
736303,reward,5703,683.2485287722072,533.896,SF-P3O-NoSpectral,Walker2d-v4,0
736495,reward,5704,539.8377323785173,554.043,SF-P3O-NoSpectral,Walker2d-v4,0
736696,reward,5705,553.1649511723592,530.134,SF-P3O-NoSpectral,Walker2d-v4,0
736928,reward,5706,707.5484091784836,573.418,SF-P3O-NoSpectral,Walker2d-v4,0
737170,reward,5707,701.4342232349437,577.977,SF-P3O-NoSpectral,Walker2d-v4,0
737280,loss,-0.07453805208206177,0.6893372535705566,SF-P3O-NoSpectral,Walker2d-v4,0
737280,diagnostics,0.0,83.57,54.6519,0.077033,0.94479,0.6315,0.111057,SF-P3O-NoSpectral,Walker2d-v4,0
737340,reward,5708,429.8738779466642,565.107,SF-P3O-NoSpectral,Walker2d-v4,0
737595,reward,5709,755.7394461602285,577.553,SF-P3O-NoSpectral,Walker2d-v4,0
737720,reward,5710,338.22901768160926,562.216,SF-P3O-NoSpectral,Walker2d-v4,0
737871,reward,5711,414.2192313767889,559.401,SF-P3O-NoSpectral,Walker2d-v4,0
738063,reward,5712,596.7169257905379,572.001,SF-P3O-NoSpectral,Walker2d-v4,0
738364,reward,5713,816.7311191849234,585.349,SF-P3O-NoSpectral,Walker2d-v4,0
738594,reward,5714,646.3229642395881,595.998,SF-P3O-NoSpectral,Walker2d-v4,0
738789,reward,5715,541.337825695787,594.815,SF-P3O-NoSpectral,Walker2d-v4,0
738915,reward,5716,344.1077207957701,558.471,SF-P3O-NoSpectral,Walker2d-v4,0
739188,reward,5717,772.1238032488764,565.54,SF-P3O-NoSpectral,Walker2d-v4,0
739318,reward,5718,338.69171011550617,556.422,SF-P3O-NoSpectral,Walker2d-v4,0
739450,reward,5719,351.69373515149266,516.017,SF-P3O-NoSpectral,Walker2d-v4,0
739644,reward,5720,473.11831471525335,529.506,SF-P3O-NoSpectral,Walker2d-v4,0
739849,reward,5721,600.3776258955362,548.122,SF-P3O-NoSpectral,Walker2d-v4,0
739973,reward,5722,344.01059955995566,522.852,SF-P3O-NoSpectral,Walker2d-v4,0
740000,speed,622.15,22.74,SF-P3O-NoSpectral,Walker2d-v4,0
740155,reward,5723,471.3051956857042,488.309,SF-P3O-NoSpectral,Walker2d-v4,0
740353,reward,5724,562.4413248979176,479.921,SF-P3O-NoSpectral,Walker2d-v4,0
740512,reward,5725,447.2898245017541,470.516,SF-P3O-NoSpectral,Walker2d-v4,0
740776,reward,5726,822.3850148221035,518.344,SF-P3O-NoSpectral,Walker2d-v4,0
740925,reward,5727,394.8718770788439,480.619,SF-P3O-NoSpectral,Walker2d-v4,0
741176,reward,5728,771.5707857291494,523.906,SF-P3O-NoSpectral,Walker2d-v4,0
741344,reward,5729,491.67565875489527,537.905,SF-P3O-NoSpectral,Walker2d-v4,0
741533,reward,5730,550.4730004250396,545.64,SF-P3O-NoSpectral,Walker2d-v4,0
741686,reward,5731,428.2962946002045,528.432,SF-P3O-NoSpectral,Walker2d-v4,0
741844,reward,5732,422.2968229680277,536.261,SF-P3O-NoSpectral,Walker2d-v4,0
741995,reward,5733,460.57106257741606,535.187,SF-P3O-NoSpectral,Walker2d-v4,0
742142,reward,5734,388.8937826690018,517.832,SF-P3O-NoSpectral,Walker2d-v4,0
742374,reward,5735,709.5909974354215,544.063,SF-P3O-NoSpectral,Walker2d-v4,0
742524,reward,5736,397.0106753634325,501.525,SF-P3O-NoSpectral,Walker2d-v4,0
742680,reward,5737,455.0161299298245,507.54,SF-P3O-NoSpectral,Walker2d-v4,0
742836,reward,5738,408.9552574237663,471.278,SF-P3O-NoSpectral,Walker2d-v4,0
743065,reward,5739,643.620248510918,486.472,SF-P3O-NoSpectral,Walker2d-v4,0
743246,reward,5740,512.0255461547308,482.628,SF-P3O-NoSpectral,Walker2d-v4,0
743441,reward,5741,589.3057627938633,498.729,SF-P3O-NoSpectral,Walker2d-v4,0
743651,reward,5742,630.6600209864329,519.565,SF-P3O-NoSpectral,Walker2d-v4,0
743788,reward,5743,343.96667280949464,507.905,SF-P3O-NoSpectral,Walker2d-v4,0
744050,reward,5744,734.9301460551183,542.508,SF-P3O-NoSpectral,Walker2d-v4,0
744258,reward,5745,613.8783684185996,532.937,SF-P3O-NoSpectral,Walker2d-v4,0
744443,reward,5746,530.0435442291162,546.24,SF-P3O-NoSpectral,Walker2d-v4,0
744609,reward,5747,498.50621720880525,550.589,SF-P3O-NoSpectral,Walker2d-v4,0
744807,reward,5748,567.4479306748067,566.438,SF-P3O-NoSpectral,Walker2d-v4,0
744989,reward,5749,552.1070556562096,557.287,SF-P3O-NoSpectral,Walker2d-v4,0
745154,reward,5750,473.81950383568386,553.467,SF-P3O-NoSpectral,Walker2d-v4,0
745275,reward,5751,324.8462422216465,527.021,SF-P3O-NoSpectral,Walker2d-v4,0
745464,reward,5752,591.0980096705514,523.064,SF-P3O-NoSpectral,Walker2d-v4,0
745472,loss,-0.015970706939697266,0.7755556702613831,SF-P3O-NoSpectral,Walker2d-v4,0
745680,reward,5753,657.0837831870438,554.376,SF-P3O-NoSpectral,Walker2d-v4,0
745833,reward,5754,422.23260078162303,523.106,SF-P3O-NoSpectral,Walker2d-v4,0
746052,reward,5755,598.3906924119275,521.558,SF-P3O-NoSpectral,Walker2d-v4,0
746241,reward,5756,597.0260338986479,528.256,SF-P3O-NoSpectral,Walker2d-v4,0
746483,reward,5757,637.7205621324033,542.177,SF-P3O-NoSpectral,Walker2d-v4,0
746646,reward,5758,479.7471016143712,533.407,SF-P3O-NoSpectral,Walker2d-v4,0
746788,reward,5759,386.8762288745413,516.884,SF-P3O-NoSpectral,Walker2d-v4,0
747020,reward,5760,674.3483437536762,536.937,SF-P3O-NoSpectral,Walker2d-v4,0
747190,reward,5761,482.4311932094031,552.695,SF-P3O-NoSpectral,Walker2d-v4,0
747312,reward,5762,333.26015284195853,526.912,SF-P3O-NoSpectral,Walker2d-v4,0
747480,reward,5763,476.2308481628732,508.826,SF-P3O-NoSpectral,Walker2d-v4,0
747614,reward,5764,355.84294323106207,502.187,SF-P3O-NoSpectral,Walker2d-v4,0
747940,reward,5765,946.4685464256019,536.995,SF-P3O-NoSpectral,Walker2d-v4,0
748070,reward,5766,336.8121587381504,510.974,SF-P3O-NoSpectral,Walker2d-v4,0
748194,reward,5767,321.69441550790947,479.371,SF-P3O-NoSpectral,Walker2d-v4,0
748313,reward,5768,311.9806107939216,462.595,SF-P3O-NoSpectral,Walker2d-v4,0
748466,reward,5769,443.5457310990506,468.261,SF-P3O-NoSpectral,Walker2d-v4,0
748528,reward,5770,108.87171750092193,411.714,SF-P3O-NoSpectral,Walker2d-v4,0
748775,reward,5771,697.9517060594206,433.266,SF-P3O-NoSpectral,Walker2d-v4,0
748967,reward,5772,583.6846013112365,458.308,SF-P3O-NoSpectral,Walker2d-v4,0
749259,reward,5773,882.7354436050248,498.959,SF-P3O-NoSpectral,Walker2d-v4,0
749424,reward,5774,445.3885531335748,507.913,SF-P3O-NoSpectral,Walker2d-v4,0
749691,reward,5775,744.054319590853,487.672,SF-P3O-NoSpectral,Walker2d-v4,0
749846,reward,5776,469.17467761221576,500.908,SF-P3O-NoSpectral,Walker2d-v4,0
750000,speed,633.76,23.0,SF-P3O-NoSpectral,Walker2d-v4,0
750000,perturb,0.078399,0.944125,0.6133,21322,46524,0.653866,15,SF-P3O-NoSpectral,Walker2d-v4,0
750071,reward,5777,617.07800211117,530.447,SF-P3O-NoSpectral,Walker2d-v4,0
750276,reward,5778,598.9972650728884,559.148,SF-P3O-NoSpectral,Walker2d-v4,0
750393,reward,5779,304.5615735959057,545.25,SF-P3O-NoSpectral,Walker2d-v4,0
750575,reward,5780,522.5853521207742,586.621,SF-P3O-NoSpectral,Walker2d-v4,0
750711,reward,5781,369.8590249988457,553.812,SF-P3O-NoSpectral,Walker2d-v4,0
750975,reward,5782,694.6969819611622,564.913,SF-P3O-NoSpectral,Walker2d-v4,0
751191,reward,5783,653.4411398399585,541.984,SF-P3O-NoSpectral,Walker2d-v4,0
751345,reward,5784,419.39449826371396,539.384,SF-P3O-NoSpectral,Walker2d-v4,0
751496,reward,5785,426.68755014837177,507.648,SF-P3O-NoSpectral,Walker2d-v4,0
751641,reward,5786,403.0894973937925,501.039,SF-P3O-NoSpectral,Walker2d-v4,0
751825,reward,5787,541.4543577964384,493.477,SF-P3O-NoSpectral,Walker2d-v4,0
752089,reward,5788,757.5212159593389,509.329,SF-P3O-NoSpectral,Walker2d-v4,0
752230,reward,5789,350.2209102009544,513.895,SF-P3O-NoSpectral,Walker2d-v4,0
752435,reward,5790,623.5716291304915,523.994,SF-P3O-NoSpectral,Walker2d-v4,0
752566,reward,5791,361.6883799863317,523.177,SF-P3O-NoSpectral,Walker2d-v4,0
752716,reward,5792,436.75918480987843,497.383,SF-P3O-NoSpectral,Walker2d-v4,0
752908,reward,5793,580.3575892927286,490.074,SF-P3O-NoSpectral,Walker2d-v4,0
753055,reward,5794,417.3268962670156,489.868,SF-P3O-NoSpectral,Walker2d-v4,0
753245,reward,5795,504.0067203084285,497.6,SF-P3O-NoSpectral,Walker2d-v4,0
753416,reward,5796,494.2919753230297,506.72,SF-P3O-NoSpectral,Walker2d-v4,0
753640,reward,5797,610.5256431206195,513.627,SF-P3O-NoSpectral,Walker2d-v4,0
753664,loss,-0.02561287209391594,0.7252262830734253,SF-P3O-NoSpectral,Walker2d-v4,0
753664,diagnostics,0.0,86.09,67.1264,0.078682,0.944118,0.6066,0.134219,SF-P3O-NoSpectral,Walker2d-v4,0
753723,reward,5798,192.56255960538002,457.131,SF-P3O-NoSpectral,Walker2d-v4,0
753854,reward,5799,350.9175951756061,457.201,SF-P3O-NoSpectral,Walker2d-v4,0
753998,reward,5800,394.15312889822275,434.259,SF-P3O-NoSpectral,Walker2d-v4,0
754231,reward,5801,690.6875516676729,467.159,SF-P3O-NoSpectral,Walker2d-v4,0
754402,reward,5802,482.8339870893786,471.766,SF-P3O-NoSpectral,Walker2d-v4,0
754524,reward,5803,328.97269202578576,446.628,SF-P3O-NoSpectral,Walker2d-v4,0
754701,reward,5804,516.7482484272182,456.57,SF-P3O-NoSpectral,Walker2d-v4,0
755012,reward,5805,952.5816946629369,501.428,SF-P3O-NoSpectral,Walker2d-v4,0
755215,reward,5806,568.5878799001028,508.857,SF-P3O-NoSpectral,Walker2d-v4,0
755410,reward,5807,607.0205457996576,508.507,SF-P3O-NoSpectral,Walker2d-v4,0
755557,reward,5808,401.55256788689013,529.406,SF-P3O-NoSpectral,Walker2d-v4,0
755792,reward,5809,715.4965631653802,565.863,SF-P3O-NoSpectral,Walker2d-v4,0
755936,reward,5810,366.56682591875875,563.105,SF-P3O-NoSpectral,Walker2d-v4,0
756111,reward,5811,528.1504370908049,546.851,SF-P3O-NoSpectral,Walker2d-v4,0
756321,reward,5812,640.4426890441531,562.612,SF-P3O-NoSpectral,Walker2d-v4,0
756497,reward,5813,549.9152531094503,584.706,SF-P3O-NoSpectral,Walker2d-v4,0
756621,reward,5814,320.4826824864794,565.08,SF-P3O-NoSpectral,Walker2d-v4,0
756744,reward,5815,321.7864919208976,502.0,SF-P3O-NoSpectral,Walker2d-v4,0
756951,reward,5816,628.114483705084,507.953,SF-P3O-NoSpectral,Walker2d-v4,0
757093,reward,5817,403.1135890428909,487.562,SF-P3O-NoSpectral,Walker2d-v4,0
757229,reward,5818,382.03764816326697,485.611,SF-P3O-NoSpectral,Walker2d-v4,0
757376,reward,5819,361.77368352601775,450.238,SF-P3O-NoSpectral,Walker2d-v4,0
757593,reward,5820,641.3885454120802,477.721,SF-P3O-NoSpectral,Walker2d-v4,0
757725,reward,5821,344.4787484231109,459.353,SF-P3O-NoSpectral,Walker2d-v4,0
757874,reward,5822,435.0685429262232,438.816,SF-P3O-NoSpectral,Walker2d-v4,0
758061,reward,5823,527.4269593398677,436.567,SF-P3O-NoSpectral,Walker2d-v4,0
758295,reward,5824,705.1119709390983,475.03,SF-P3O-NoSpectral,Walker2d-v4,0
758481,reward,5825,462.63338391582994,489.115,SF-P3O-NoSpectral,Walker2d-v4,0
758635,reward,5826,493.754204366864,475.679,SF-P3O-NoSpectral,Walker2d-v4,0
758809,reward,5827,505.1712719297445,485.884,SF-P3O-NoSpectral,Walker2d-v4,0
759002,reward,5828,537.690755072172,501.45,SF-P3O-NoSpectral,Walker2d-v4,0
759221,reward,5829,641.3430948285195,529.407,SF-P3O-NoSpectral,Walker2d-v4,0
759391,reward,5830,476.8301899074638,512.951,SF-P3O-NoSpectral,Walker2d-v4,0
759575,reward,5831,538.6608429838378,532.369,SF-P3O-NoSpectral,Walker2d-v4,0
759698,reward,5832,316.43130461276235,520.505,SF-P3O-NoSpectral,Walker2d-v4,0
759856,reward,5833,474.46733518082215,515.209,SF-P3O-NoSpectral,Walker2d-v4,0
760000,speed,606.15,23.28,SF-P3O-NoSpectral,Walker2d-v4,0
760019,reward,5834,395.55857557173744,484.254,SF-P3O-NoSpectral,Walker2d-v4,0
760206,reward,5835,545.8514774272744,492.576,SF-P3O-NoSpectral,Walker2d-v4,0
760372,reward,5836,472.56151561872144,490.457,SF-P3O-NoSpectral,Walker2d-v4,0
760562,reward,5837,543.8443474656357,494.324,SF-P3O-NoSpectral,Walker2d-v4,0
760708,reward,5838,400.6548327641595,480.62,SF-P3O-NoSpectral,Walker2d-v4,0
760896,reward,5839,460.33117164555443,462.519,SF-P3O-NoSpectral,Walker2d-v4,0
761070,reward,5840,510.01557625899187,465.838,SF-P3O-NoSpectral,Walker2d-v4,0
761276,reward,5841,623.3934460682252,474.311,SF-P3O-NoSpectral,Walker2d-v4,0
761476,reward,5842,597.0333155411488,502.371,SF-P3O-NoSpectral,Walker2d-v4,0
761602,reward,5843,335.47362278994405,488.472,SF-P3O-NoSpectral,Walker2d-v4,0
761765,reward,5844,459.754806265806,494.891,SF-P3O-NoSpectral,Walker2d-v4,0
761856,loss,-0.09068664908409119,0.5617242455482483,SF-P3O-NoSpectral,Walker2d-v4,0
762006,reward,5845,735.4749363563836,513.854,SF-P3O-NoSpectral,Walker2d-v4,0
762104,reward,5846,231.11501073733996,489.709,SF-P3O-NoSpectral,Walker2d-v4,0
762281,reward,5847,456.26522612540873,480.951,SF-P3O-NoSpectral,Walker2d-v4,0
762452,reward,5848,510.223840090354,491.908,SF-P3O-NoSpectral,Walker2d-v4,0
762620,reward,5849,432.27726321223224,489.103,SF-P3O-NoSpectral,Walker2d-v4,0
762783,reward,5850,419.65416679517693,480.067,SF-P3O-NoSpectral,Walker2d-v4,0
762977,reward,5851,473.14955339983635,465.042,SF-P3O-NoSpectral,Walker2d-v4,0
763123,reward,5852,415.59203457275373,446.898,SF-P3O-NoSpectral,Walker2d-v4,0
763406,reward,5853,877.1046688323806,501.061,SF-P3O-NoSpectral,Walker2d-v4,0
763641,reward,5854,723.59365396383,527.445,SF-P3O-NoSpectral,Walker2d-v4,0
763804,reward,5855,469.971964759151,500.895,SF-P3O-NoSpectral,Walker2d-v4,0
764020,reward,5856,621.5209719852833,539.935,SF-P3O-NoSpectral,Walker2d-v4,0
764180,reward,5857,442.08259824611696,538.517,SF-P3O-NoSpectral,Walker2d-v4,0
764344,reward,5858,471.48994572618324,534.644,SF-P3O-NoSpectral,Walker2d-v4,0
764530,reward,5859,490.48119385624983,540.464,SF-P3O-NoSpectral,Walker2d-v4,0
764667,reward,5860,395.2331400657945,538.022,SF-P3O-NoSpectral,Walker2d-v4,0
764788,reward,5861,303.10341906977425,521.017,SF-P3O-NoSpectral,Walker2d-v4,0
764953,reward,5862,471.098158079065,526.568,SF-P3O-NoSpectral,Walker2d-v4,0
765111,reward,5863,480.2152039587237,486.879,SF-P3O-NoSpectral,Walker2d-v4,0
765274,reward,5864,399.48692177240923,454.468,SF-P3O-NoSpectral,Walker2d-v4,0
765412,reward,5865,371.4255208267422,444.614,SF-P3O-NoSpectral,Walker2d-v4,0
765597,reward,5866,505.7483836245587,433.036,SF-P3O-NoSpectral,Walker2d-v4,0
765909,reward,5867,980.9904121554679,486.927,SF-P3O-NoSpectral,Walker2d-v4,0
766061,reward,5868,415.1127376990506,481.29,SF-P3O-NoSpectral,Walker2d-v4,0
766232,reward,5869,484.25056685590334,480.666,SF-P3O-NoSpectral,Walker2d-v4,0
766432,reward,5870,580.464047699208,499.19,SF-P3O-NoSpectral,Walker2d-v4,0
766575,reward,5871,417.95795319441925,510.675,SF-P3O-NoSpectral,Walker2d-v4,0
766782,reward,5872,571.4273917483374,520.708,SF-P3O-NoSpectral,Walker2d-v4,0
766916,reward,5873,377.5109618191788,510.437,SF-P3O-NoSpectral,Walker2d-v4,0
767067,reward,5874,420.74055600312397,512.563,SF-P3O-NoSpectral,Walker2d-v4,0
767359,reward,5875,846.7268009394996,560.093,SF-P3O-NoSpectral,Walker2d-v4,0
767507,reward,5876,477.33175660210225,557.251,SF-P3O-NoSpectral,Walker2d-v4,0
767696,reward,5877,545.7992457229669,513.732,SF-P3O-NoSpectral,Walker2d-v4,0
767866,reward,5878,499.89723095979963,522.211,SF-P3O-NoSpectral,Walker2d-v4,0
768157,reward,5879,826.3423141206656,556.42,SF-P3O-NoSpectral,Walker2d-v4,0
768324,reward,5880,442.02090002917737,542.576,SF-P3O-NoSpectral,Walker2d-v4,0
768452,reward,5881,335.84008399546,534.364,SF-P3O-NoSpectral,Walker2d-v4,0
768595,reward,5882,385.5130436272662,515.772,SF-P3O-NoSpectral,Walker2d-v4,0
768776,reward,5883,486.9796091583437,526.719,SF-P3O-NoSpectral,Walker2d-v4,0
768988,reward,5884,619.7079747346744,546.616,SF-P3O-NoSpectral,Walker2d-v4,0
769136,reward,5885,410.5244795983083,502.996,SF-P3O-NoSpectral,Walker2d-v4,0
769298,reward,5886,479.058850215796,503.168,SF-P3O-NoSpectral,Walker2d-v4,0
769443,reward,5887,410.3595494686324,489.624,SF-P3O-NoSpectral,Walker2d-v4,0
769614,reward,5888,446.838195611259,484.319,SF-P3O-NoSpectral,Walker2d-v4,0
769829,reward,5889,638.8828138058609,465.573,SF-P3O-NoSpectral,Walker2d-v4,0
769958,reward,5890,344.07151729938937,455.778,SF-P3O-NoSpectral,Walker2d-v4,0
770000,speed,655.16,23.53,SF-P3O-NoSpectral,Walker2d-v4,0
770048,loss,-0.11081823706626892,0.7877470254898071,SF-P3O-NoSpectral,Walker2d-v4,0
770048,diagnostics,0.0,86.34,72.133,0.078941,0.943887,0.6371,0.120142,SF-P3O-NoSpectral,Walker2d-v4,0
770150,reward,5891,566.0845228636009,478.802,SF-P3O-NoSpectral,Walker2d-v4,0
770476,reward,5892,856.8983477760053,525.941,SF-P3O-NoSpectral,Walker2d-v4,0
770615,reward,5893,345.5589934921678,511.799,SF-P3O-NoSpectral,Walker2d-v4,0
770753,reward,5894,379.6275800837854,487.79,SF-P3O-NoSpectral,Walker2d-v4,0
770944,reward,5895,599.8045317307201,506.718,SF-P3O-NoSpectral,Walker2d-v4,0
771058,reward,5896,302.6027069083033,489.073,SF-P3O-NoSpectral,Walker2d-v4,0
771288,reward,5897,620.7056290195237,510.107,SF-P3O-NoSpectral,Walker2d-v4,0
771520,reward,5898,674.8415822233738,532.908,SF-P3O-NoSpectral,Walker2d-v4,0
771700,reward,5899,530.0246105195918,522.022,SF-P3O-NoSpectral,Walker2d-v4,0
771905,reward,5900,564.6413335820444,544.079,SF-P3O-NoSpectral,Walker2d-v4,0
772061,reward,5901,453.85144638709255,532.856,SF-P3O-NoSpectral,Walker2d-v4,0
772239,reward,5902,522.146808810087,499.381,SF-P3O-NoSpectral,Walker2d-v4,0
772355,reward,5903,307.519385910974,495.577,SF-P3O-NoSpectral,Walker2d-v4,0
772572,reward,5904,650.5290418471787,522.667,SF-P3O-NoSpectral,Walker2d-v4,0
772700,reward,5905,320.36225177990497,494.722,SF-P3O-NoSpectral,Walker2d-v4,0
772864,reward,5906,469.44706387581607,511.407,SF-P3O-NoSpectral,Walker2d-v4,0
772999,reward,5907,376.975718966471,487.034,SF-P3O-NoSpectral,Walker2d-v4,0
773176,reward,5908,504.5103343618465,470.001,SF-P3O-NoSpectral,Walker2d-v4,0
773329,reward,5909,403.8994170688595,457.388,SF-P3O-NoSpectral,Walker2d-v4,0
773548,reward,5910,649.2800285193947,465.852,SF-P3O-NoSpectral,Walker2d-v4,0
773781,reward,5911,689.3143373752855,489.398,SF-P3O-NoSpectral,Walker2d-v4,0
773939,reward,5912,420.950218246655,479.279,SF-P3O-NoSpectral,Walker2d-v4,0
774138,reward,5913,574.8732976027148,506.014,SF-P3O-NoSpectral,Walker2d-v4,0
774367,reward,5914,676.2022656520526,508.581,SF-P3O-NoSpectral,Walker2d-v4,0
774616,reward,5915,816.762432152327,558.222,SF-P3O-NoSpectral,Walker2d-v4,0
774786,reward,5916,457.8095354410656,557.058,SF-P3O-NoSpectral,Walker2d-v4,0
774953,reward,5917,504.6036374900975,569.821,SF-P3O-NoSpectral,Walker2d-v4,0
775119,reward,5918,441.55255257535475,563.525,SF-P3O-NoSpectral,Walker2d-v4,0
775297,reward,5919,475.7324321660083,570.708,SF-P3O-NoSpectral,Walker2d-v4,0
775556,reward,5920,787.2886290838269,584.509,SF-P3O-NoSpectral,Walker2d-v4,0
775716,reward,5921,471.4870641359269,562.726,SF-P3O-NoSpectral,Walker2d-v4,0
775873,reward,5922,438.0361051094938,564.435,SF-P3O-NoSpectral,Walker2d-v4,0
776150,reward,5923,794.590995203552,586.407,SF-P3O-NoSpectral,Walker2d-v4,0
776309,reward,5924,451.33356267925046,563.92,SF-P3O-NoSpectral,Walker2d-v4,0
776431,reward,5925,344.1260662794974,516.656,SF-P3O-NoSpectral,Walker2d-v4,0
776555,reward,5926,296.4506731714516,500.52,SF-P3O-NoSpectral,Walker2d-v4,0
776734,reward,5927,464.1210735133177,496.472,SF-P3O-NoSpectral,Walker2d-v4,0
776876,reward,5928,388.49851181174853,491.167,SF-P3O-NoSpectral,Walker2d-v4,0
777032,reward,5929,447.37712855533937,488.331,SF-P3O-NoSpectral,Walker2d-v4,0
777182,reward,5930,413.05286004438136,450.907,SF-P3O-NoSpectral,Walker2d-v4,0
777396,reward,5931,534.6121254298633,457.22,SF-P3O-NoSpectral,Walker2d-v4,0
777720,reward,5932,992.1088730740648,512.627,SF-P3O-NoSpectral,Walker2d-v4,0
777945,reward,5933,728.1812291632292,505.986,SF-P3O-NoSpectral,Walker2d-v4,0
778101,reward,5934,402.315776877078,501.084,SF-P3O-NoSpectral,Walker2d-v4,0
778240,loss,0.06540743261575699,0.8430236577987671,SF-P3O-NoSpectral,Walker2d-v4,0
778369,reward,5935,720.8765919103221,538.759,SF-P3O-NoSpectral,Walker2d-v4,0
778512,reward,5936,373.9420075053913,546.509,SF-P3O-NoSpectral,Walker2d-v4,0
778694,reward,5937,555.5867762920172,555.655,SF-P3O-NoSpectral,Walker2d-v4,0
778894,reward,5938,485.1572431593114,565.321,SF-P3O-NoSpectral,Walker2d-v4,0
779050,reward,5939,351.70863008660893,555.754,SF-P3O-NoSpectral,Walker2d-v4,0
779234,reward,5940,522.2948091488196,566.678,SF-P3O-NoSpectral,Walker2d-v4,0
779515,reward,5941,852.0981833945507,598.427,SF-P3O-NoSpectral,Walker2d-v4,0
779757,reward,5942,614.9152471438565,560.708,SF-P3O-NoSpectral,Walker2d-v4,0
779984,reward,5943,670.8678223853892,554.976,SF-P3O-NoSpectral,Walker2d-v4,0
780000,speed,424.81,23.92,SF-P3O-NoSpectral,Walker2d-v4,0
780161,reward,5944,506.5289100674238,565.398,SF-P3O-NoSpectral,Walker2d-v4,0
780396,reward,5945,660.8697563644297,559.397,SF-P3O-NoSpectral,Walker2d-v4,0
780534,reward,5946,363.2426586791928,558.327,SF-P3O-NoSpectral,Walker2d-v4,0
780596,reward,5947,104.89679795163539,513.258,SF-P3O-NoSpectral,Walker2d-v4,0
780809,reward,5948,615.7092650049141,526.313,SF-P3O-NoSpectral,Walker2d-v4,0
780967,reward,5949,449.05449327210306,536.048,SF-P3O-NoSpectral,Walker2d-v4,0
781200,reward,5950,666.9053298500797,550.509,SF-P3O-NoSpectral,Walker2d-v4,0
781365,reward,5951,526.6432104976788,517.963,SF-P3O-NoSpectral,Walker2d-v4,0
781508,reward,5952,401.2934479593598,496.601,SF-P3O-NoSpectral,Walker2d-v4,0
781649,reward,5953,424.06928633795064,471.921,SF-P3O-NoSpectral,Walker2d-v4,0
781836,reward,5954,519.0616678431788,473.175,SF-P3O-NoSpectral,Walker2d-v4,0
781986,reward,5955,402.71410882431513,447.359,SF-P3O-NoSpectral,Walker2d-v4,0
782185,reward,5956,561.0358971433335,467.138,SF-P3O-NoSpectral,Walker2d-v4,0
782397,reward,5957,588.9102456101904,515.54,SF-P3O-NoSpectral,Walker2d-v4,0
782554,reward,5958,447.38503553820425,498.707,SF-P3O-NoSpectral,Walker2d-v4,0
782720,reward,5959,434.28355413939335,497.23,SF-P3O-NoSpectral,Walker2d-v4,0
782843,reward,5960,334.1864518412846,463.958,SF-P3O-NoSpectral,Walker2d-v4,0
783085,reward,5961,725.9162230500713,483.886,SF-P3O-NoSpectral,Walker2d-v4,0
783231,reward,5962,376.8167079007008,481.438,SF-P3O-NoSpectral,Walker2d-v4,0
783453,reward,5963,612.3350534169515,500.264,SF-P3O-NoSpectral,Walker2d-v4,0
783656,reward,5964,584.1194902106137,506.77,SF-P3O-NoSpectral,Walker2d-v4,0
783864,reward,5965,545.7028686991771,521.069,SF-P3O-NoSpectral,Walker2d-v4,0
784057,reward,5966,530.4464642803833,518.01,SF-P3O-NoSpectral,Walker2d-v4,0
784266,reward,5967,603.8777720274327,519.507,SF-P3O-NoSpectral,Walker2d-v4,0
784462,reward,5968,573.1503348441623,532.083,SF-P3O-NoSpectral,Walker2d-v4,0
784640,reward,5969,533.6202183360047,542.017,SF-P3O-NoSpectral,Walker2d-v4,0
784813,reward,5970,506.8719862507649,559.286,SF-P3O-NoSpectral,Walker2d-v4,0
784943,reward,5971,337.16656237243654,520.411,SF-P3O-NoSpectral,Walker2d-v4,0
785156,reward,5972,679.5350051033199,550.683,SF-P3O-NoSpectral,Walker2d-v4,0
785307,reward,5973,388.2859181024213,528.278,SF-P3O-NoSpectral,Walker2d-v4,0
785472,reward,5974,427.5959320648579,512.625,SF-P3O-NoSpectral,Walker2d-v4,0
785661,reward,5975,518.1329191156166,509.868,SF-P3O-NoSpectral,Walker2d-v4,0
785795,reward,5976,373.4606947869213,494.17,SF-P3O-NoSpectral,Walker2d-v4,0
786061,reward,5977,783.554266551136,512.137,SF-P3O-NoSpectral,Walker2d-v4,0
786208,reward,5978,394.2295789151049,494.245,SF-P3O-NoSpectral,Walker2d-v4,0
786420,reward,5979,556.6737904231976,496.551,SF-P3O-NoSpectral,Walker2d-v4,0
786432,loss,-0.09208329021930695,0.6593250036239624,SF-P3O-NoSpectral,Walker2d-v4,0
786432,diagnostics,0.0,86.6,39.9257,0.079539,0.943783,0.6672,0.113742,SF-P3O-NoSpectral,Walker2d-v4,0
786536,reward,5980,309.02873661306563,476.766,SF-P3O-NoSpectral,Walker2d-v4,0
786699,reward,5981,465.53003166251943,489.603,SF-P3O-NoSpectral,Walker2d-v4,0
786867,reward,5982,476.9285442017666,469.342,SF-P3O-NoSpectral,Walker2d-v4,0
787029,reward,5983,421.8654461984917,472.7,SF-P3O-NoSpectral,Walker2d-v4,0
787211,reward,5984,529.4126206335958,482.882,SF-P3O-NoSpectral,Walker2d-v4,0
787352,reward,5985,380.78621469327834,469.147,SF-P3O-NoSpectral,Walker2d-v4,0
787536,reward,5986,520.8155090306229,483.882,SF-P3O-NoSpectral,Walker2d-v4,0
787723,reward,5987,548.748643524581,460.402,SF-P3O-NoSpectral,Walker2d-v4,0
787993,reward,5988,838.208953466048,504.8,SF-P3O-NoSpectral,Walker2d-v4,0
788163,reward,5989,447.65801832583946,493.898,SF-P3O-NoSpectral,Walker2d-v4,0
788423,reward,5990,767.533619135216,539.749,SF-P3O-NoSpectral,Walker2d-v4,0
788589,reward,5991,486.0240167235962,541.798,SF-P3O-NoSpectral,Walker2d-v4,0
788731,reward,5992,386.73460647870166,532.779,SF-P3O-NoSpectral,Walker2d-v4,0
788881,reward,5993,387.44626190198187,529.337,SF-P3O-NoSpectral,Walker2d-v4,0
789101,reward,5994,566.9980181132242,533.095,SF-P3O-NoSpectral,Walker2d-v4,0
789331,reward,5995,636.7354024506053,558.69,SF-P3O-NoSpectral,Walker2d-v4,0
789523,reward,5996,581.0111260452097,564.71,SF-P3O-NoSpectral,Walker2d-v4,0
789700,reward,5997,503.2743773052059,560.162,SF-P3O-NoSpectral,Walker2d-v4,0
789891,reward,5998,574.0670332885918,533.748,SF-P3O-NoSpectral,Walker2d-v4,0
790000,speed,632.16,24.19,SF-P3O-NoSpectral,Walker2d-v4,0
790081,reward,5999,529.4939391837058,541.932,SF-P3O-NoSpectral,Walker2d-v4,0
790264,reward,6000,478.21866982719894,513.0,SF-P3O-NoSpectral,Walker2d-v4,0
790398,reward,6001,361.56733117044274,500.555,SF-P3O-NoSpectral,Walker2d-v4,0
790603,reward,6002,562.792923877719,518.161,SF-P3O-NoSpectral,Walker2d-v4,0
790840,reward,6003,661.8558972167317,545.601,SF-P3O-NoSpectral,Walker2d-v4,0
791029,reward,6004,543.7568304658533,543.277,SF-P3O-NoSpectral,Walker2d-v4,0
791210,reward,6005,492.7069840970391,528.875,SF-P3O-NoSpectral,Walker2d-v4,0
791348,reward,6006,374.1775021230146,508.191,SF-P3O-NoSpectral,Walker2d-v4,0
791597,reward,6007,653.7795358518694,523.242,SF-P3O-NoSpectral,Walker2d-v4,0
791762,reward,6008,480.10673441941157,513.846,SF-P3O-NoSpectral,Walker2d-v4,0
791970,reward,6009,627.1861505159618,523.615,SF-P3O-NoSpectral,Walker2d-v4,0
792175,reward,6010,534.38753542638,529.232,SF-P3O-NoSpectral,Walker2d-v4,0
792339,reward,6011,457.65978368025935,538.841,SF-P3O-NoSpectral,Walker2d-v4,0
792541,reward,6012,602.8901124738626,542.851,SF-P3O-NoSpectral,Walker2d-v4,0
792728,reward,6013,504.6035474517377,527.125,SF-P3O-NoSpectral,Walker2d-v4,0
792986,reward,6014,750.6126726896424,547.811,SF-P3O-NoSpectral,Walker2d-v4,0
793156,reward,6015,457.7541533190305,544.316,SF-P3O-NoSpectral,Walker2d-v4,0
793338,reward,6016,532.1433025610818,560.112,SF-P3O-NoSpectral,Walker2d-v4,0
793532,reward,6017,511.80754595810754,545.915,SF-P3O-NoSpectral,Walker2d-v4,0
793656,reward,6018,323.90171325157485,530.295,SF-P3O-NoSpectral,Walker2d-v4,0
793794,reward,6019,356.19471732587954,503.196,SF-P3O-NoSpectral,Walker2d-v4,0
793925,reward,6020,364.5090126378187,486.208,SF-P3O-NoSpectral,Walker2d-v4,0
794084,reward,6021,407.9109462030345,481.233,SF-P3O-NoSpectral,Walker2d-v4,0
794249,reward,6022,428.18198490978244,463.762,SF-P3O-NoSpectral,Walker2d-v4,0
794484,reward,6023,680.5808622421476,481.36,SF-P3O-NoSpectral,Walker2d-v4,0
794624,loss,-0.07859611511230469,0.643395185470581,SF-P3O-NoSpectral,Walker2d-v4,0
794763,reward,6024,892.6927455282585,495.568,SF-P3O-NoSpectral,Walker2d-v4,0
794948,reward,6025,581.0387375784877,507.896,SF-P3O-NoSpectral,Walker2d-v4,0
795173,reward,6026,677.3004229175805,522.412,SF-P3O-NoSpectral,Walker2d-v4,0
795297,reward,6027,354.34359111766867,506.665,SF-P3O-NoSpectral,Walker2d-v4,0
795475,reward,6028,524.9623802242255,526.772,SF-P3O-NoSpectral,Walker2d-v4,0
795759,reward,6029,773.2752496495558,568.48,SF-P3O-NoSpectral,Walker2d-v4,0
795929,reward,6030,466.8585067905035,578.715,SF-P3O-NoSpectral,Walker2d-v4,0
796095,reward,6031,481.89113992430225,586.113,SF-P3O-NoSpectral,Walker2d-v4,0
796331,reward,6032,706.907769356017,613.985,SF-P3O-NoSpectral,Walker2d-v4,0
796448,reward,6033,310.1832575405954,576.945,SF-P3O-NoSpectral,Walker2d-v4,0
796612,reward,6034,452.3281628320145,532.909,SF-P3O-NoSpectral,Walker2d-v4,0
796715,reward,6035,250.1824603143464,499.823,SF-P3O-NoSpectral,Walker2d-v4,0
796870,reward,6036,427.19881860174337,474.813,SF-P3O-NoSpectral,Walker2d-v4,0
796946,reward,6037,158.71415346752158,455.25,SF-P3O-NoSpectral,Walker2d-v4,0
797070,reward,6038,330.16742534887976,435.771,SF-P3O-NoSpectral,Walker2d-v4,0
797294,reward,6039,664.1193731383012,424.855,SF-P3O-NoSpectral,Walker2d-v4,0
797455,reward,6040,418.25421914703537,419.995,SF-P3O-NoSpectral,Walker2d-v4,0
797678,reward,6041,678.1479734992141,439.62,SF-P3O-NoSpectral,Walker2d-v4,0
797851,reward,6042,490.2019107024563,417.95,SF-P3O-NoSpectral,Walker2d-v4,0
798059,reward,6043,644.1784908736079,451.349,SF-P3O-NoSpectral,Walker2d-v4,0
798315,reward,6044,787.4257285772433,484.859,SF-P3O-NoSpectral,Walker2d-v4,0
798536,reward,6045,600.5491025729734,519.896,SF-P3O-NoSpectral,Walker2d-v4,0
798781,reward,6046,788.7774700184057,556.054,SF-P3O-NoSpectral,Walker2d-v4,0
798935,reward,6047,438.16285423345045,583.998,SF-P3O-NoSpectral,Walker2d-v4,0
799085,reward,6048,396.75138769148015,590.657,SF-P3O-NoSpectral,Walker2d-v4,0
799273,reward,6049,555.4778681882764,579.793,SF-P3O-NoSpectral,Walker2d-v4,0
799407,reward,6050,370.67476891115524,575.035,SF-P3O-NoSpectral,Walker2d-v4,0
799549,reward,6051,378.8371296174639,545.104,SF-P3O-NoSpectral,Walker2d-v4,0
799689,reward,6052,399.94470346698273,536.078,SF-P3O-NoSpectral,Walker2d-v4,0
799842,reward,6053,431.1647169245331,514.777,SF-P3O-NoSpectral,Walker2d-v4,0
799969,reward,6054,356.1853408110674,471.653,SF-P3O-NoSpectral,Walker2d-v4,0
800000,speed,624.5,24.45,SF-P3O-NoSpectral,Walker2d-v4,0
800000,perturb,0.080999,0.942938,0.6663,20415,47431,0.572099,16,SF-P3O-NoSpectral,Walker2d-v4,0
800164,reward,6055,558.3278972703066,467.43,SF-P3O-NoSpectral,Walker2d-v4,0
800313,reward,6056,443.6427489898446,432.917,SF-P3O-NoSpectral,Walker2d-v4,0
800462,reward,6057,413.0041084111705,430.401,SF-P3O-NoSpectral,Walker2d-v4,0
800706,reward,6058,696.4286776061929,460.369,SF-P3O-NoSpectral,Walker2d-v4,0
800870,reward,6059,458.6007566847008,450.681,SF-P3O-NoSpectral,Walker2d-v4,0
801020,reward,6060,423.62168192659897,455.976,SF-P3O-NoSpectral,Walker2d-v4,0
801205,reward,6061,565.4874128213853,474.641,SF-P3O-NoSpectral,Walker2d-v4,0
801517,reward,6062,916.0245840116795,526.249,SF-P3O-NoSpectral,Walker2d-v4,0
801829,reward,6063,856.5882762284971,568.791,SF-P3O-NoSpectral,Walker2d-v4,0
801981,reward,6064,406.43099708039074,573.816,SF-P3O-NoSpectral,Walker2d-v4,0
802114,reward,6065,362.70730496751787,554.254,SF-P3O-NoSpectral,Walker2d-v4,0
802311,reward,6066,599.4940447100432,569.839,SF-P3O-NoSpectral,Walker2d-v4,0
802461,reward,6067,387.1124171707553,567.25,SF-P3O-NoSpectral,Walker2d-v4,0
802700,reward,6068,705.6155328422645,568.168,SF-P3O-NoSpectral,Walker2d-v4,0
802816,loss,-0.10725144296884537,0.6829144358634949,SF-P3O-NoSpectral,Walker2d-v4,0
802816,diagnostics,0.0,89.12,65.5384,0.081138,0.943082,0.6759,0.13095,SF-P3O-NoSpectral,Walker2d-v4,0
802962,reward,6069,757.3361778603801,598.042,SF-P3O-NoSpectral,Walker2d-v4,0
803099,reward,6070,350.99039103810503,590.779,SF-P3O-NoSpectral,Walker2d-v4,0
803273,reward,6071,492.36212989985484,583.466,SF-P3O-NoSpectral,Walker2d-v4,0
803532,reward,6072,766.4371080655158,568.507,SF-P3O-NoSpectral,Walker2d-v4,0
803736,reward,6073,577.262846535864,540.575,SF-P3O-NoSpectral,Walker2d-v4,0
803886,reward,6074,431.23105543374544,543.055,SF-P3O-NoSpectral,Walker2d-v4,0
804049,reward,6075,446.26207172608633,551.41,SF-P3O-NoSpectral,Walker2d-v4,0
804209,reward,6076,470.93753020727553,538.555,SF-P3O-NoSpectral,Walker2d-v4,0
804424,reward,6077,642.2463570823566,564.068,SF-P3O-NoSpectral,Walker2d-v4,0
804705,reward,6078,864.6758189817681,579.974,SF-P3O-NoSpectral,Walker2d-v4,0
804892,reward,6079,533.7032262696855,557.611,SF-P3O-NoSpectral,Walker2d-v4,0
805123,reward,6080,742.2797899745016,596.74,SF-P3O-NoSpectral,Walker2d-v4,0
805324,reward,6081,575.5759630510454,605.061,SF-P3O-NoSpectral,Walker2d-v4,0
805558,reward,6082,711.1852670036238,599.536,SF-P3O-NoSpectral,Walker2d-v4,0
805734,reward,6083,506.7513943823236,592.485,SF-P3O-NoSpectral,Walker2d-v4,0
805934,reward,6084,614.9794668831581,610.86,SF-P3O-NoSpectral,Walker2d-v4,0
806067,reward,6085,358.9570596773593,602.129,SF-P3O-NoSpectral,Walker2d-v4,0
806289,reward,6086,663.1317647901509,621.349,SF-P3O-NoSpectral,Walker2d-v4,0
806454,reward,6087,483.66486746627487,605.49,SF-P3O-NoSpectral,Walker2d-v4,0
806615,reward,6088,444.9154974842693,563.514,SF-P3O-NoSpectral,Walker2d-v4,0
806878,reward,6089,774.0414333774663,587.548,SF-P3O-NoSpectral,Walker2d-v4,0
807035,reward,6090,452.381759785341,558.558,SF-P3O-NoSpectral,Walker2d-v4,0
807174,reward,6091,375.06821526167187,538.508,SF-P3O-NoSpectral,Walker2d-v4,0
807340,reward,6092,465.8650968458269,513.976,SF-P3O-NoSpectral,Walker2d-v4,0
807471,reward,6093,332.96080700686264,496.597,SF-P3O-NoSpectral,Walker2d-v4,0
807667,reward,6094,592.0904662042088,494.308,SF-P3O-NoSpectral,Walker2d-v4,0
807834,reward,6095,475.5345650784375,505.965,SF-P3O-NoSpectral,Walker2d-v4,0
808032,reward,6096,566.5512801714243,496.307,SF-P3O-NoSpectral,Walker2d-v4,0
808170,reward,6097,408.4175748178713,488.783,SF-P3O-NoSpectral,Walker2d-v4,0
808384,reward,6098,651.3506236167294,509.426,SF-P3O-NoSpectral,Walker2d-v4,0
808524,reward,6099,394.4881447059541,471.471,SF-P3O-NoSpectral,Walker2d-v4,0
808654,reward,6100,348.869982134888,461.12,SF-P3O-NoSpectral,Walker2d-v4,0
808813,reward,6101,430.5564210659482,466.668,SF-P3O-NoSpectral,Walker2d-v4,0
808987,reward,6102,542.1877134338114,474.301,SF-P3O-NoSpectral,Walker2d-v4,0
809210,reward,6103,669.9589367659252,508.001,SF-P3O-NoSpectral,Walker2d-v4,0
809440,reward,6104,708.908689930415,519.682,SF-P3O-NoSpectral,Walker2d-v4,0
809675,reward,6105,732.4339308695104,545.372,SF-P3O-NoSpectral,Walker2d-v4,0
809896,reward,6106,662.5446181689673,554.972,SF-P3O-NoSpectral,Walker2d-v4,0
810000,speed,645.86,24.71,SF-P3O-NoSpectral,Walker2d-v4,0
810032,reward,6107,398.4619203274761,553.976,SF-P3O-NoSpectral,Walker2d-v4,0
810228,reward,6108,562.5348859197161,545.095,SF-P3O-NoSpectral,Walker2d-v4,0
810404,reward,6109,535.1671156281725,559.162,SF-P3O-NoSpectral,Walker2d-v4,0
810607,reward,6110,621.9179663680153,586.467,SF-P3O-NoSpectral,Walker2d-v4,0
810787,reward,6111,476.1602237424001,591.028,SF-P3O-NoSpectral,Walker2d-v4,0
811002,reward,6112,633.8647785486787,600.195,SF-P3O-NoSpectral,Walker2d-v4,0
811008,loss,0.004128165543079376,1.0213810205459595,SF-P3O-NoSpectral,Walker2d-v4,0
811166,reward,6113,456.45185943919836,578.845,SF-P3O-NoSpectral,Walker2d-v4,0
811318,reward,6114,439.80455205154675,551.934,SF-P3O-NoSpectral,Walker2d-v4,0
811557,reward,6115,718.220709405945,550.513,SF-P3O-NoSpectral,Walker2d-v4,0
811774,reward,6116,648.9319732855423,549.152,SF-P3O-NoSpectral,Walker2d-v4,0
811906,reward,6117,378.3963823462114,547.145,SF-P3O-NoSpectral,Walker2d-v4,0
812065,reward,6118,462.7355514204461,537.165,SF-P3O-NoSpectral,Walker2d-v4,0
812214,reward,6119,414.8379200410822,525.132,SF-P3O-NoSpectral,Walker2d-v4,0
812377,reward,6120,496.3577020068369,512.576,SF-P3O-NoSpectral,Walker2d-v4,0
812554,reward,6121,467.94269253765435,511.754,SF-P3O-NoSpectral,Walker2d-v4,0
812869,reward,6122,857.75844535816,534.144,SF-P3O-NoSpectral,Walker2d-v4,0
813023,reward,6123,460.3367192836076,534.532,SF-P3O-NoSpectral,Walker2d-v4,0
813181,reward,6124,447.4209264922076,535.294,SF-P3O-NoSpectral,Walker2d-v4,0
813335,reward,6125,448.363765003006,508.308,SF-P3O-NoSpectral,Walker2d-v4,0
813484,reward,6126,408.7375430239791,484.289,SF-P3O-NoSpectral,Walker2d-v4,0
813627,reward,6127,393.25952764255203,485.775,SF-P3O-NoSpectral,Walker2d-v4,0
813771,reward,6128,377.2743010978062,477.229,SF-P3O-NoSpectral,Walker2d-v4,0
813920,reward,6129,423.9517652966557,478.14,SF-P3O-NoSpectral,Walker2d-v4,0
814074,reward,6130,437.3971533197774,472.244,SF-P3O-NoSpectral,Walker2d-v4,0
814275,reward,6131,532.8558414956537,478.736,SF-P3O-NoSpectral,Walker2d-v4,0
814439,reward,6132,385.95722674964327,431.555,SF-P3O-NoSpectral,Walker2d-v4,0
814581,reward,6133,392.10601128329364,424.732,SF-P3O-NoSpectral,Walker2d-v4,0
814749,reward,6134,485.4739550651621,428.538,SF-P3O-NoSpectral,Walker2d-v4,0
814970,reward,6135,630.420210311962,446.743,SF-P3O-NoSpectral,Walker2d-v4,0
815124,reward,6136,450.0382669903901,450.873,SF-P3O-NoSpectral,Walker2d-v4,0
815263,reward,6137,368.263899773449,448.374,SF-P3O-NoSpectral,Walker2d-v4,0
815440,reward,6138,524.3782765701362,463.084,SF-P3O-NoSpectral,Walker2d-v4,0
815625,reward,6139,523.7441798333014,473.064,SF-P3O-NoSpectral,Walker2d-v4,0
815776,reward,6140,454.222675100242,474.746,SF-P3O-NoSpectral,Walker2d-v4,0
816138,reward,6141,1097.2315440511854,531.184,SF-P3O-NoSpectral,Walker2d-v4,0
816279,reward,6142,386.2154618253635,531.209,SF-P3O-NoSpectral,Walker2d-v4,0
816445,reward,6143,447.611405003979,536.76,SF-P3O-NoSpectral,Walker2d-v4,0
816583,reward,6144,371.61233664937043,525.374,SF-P3O-NoSpectral,Walker2d-v4,0
816748,reward,6145,471.8480265387106,509.517,SF-P3O-NoSpectral,Walker2d-v4,0
816939,reward,6146,569.8803883598862,521.501,SF-P3O-NoSpectral,Walker2d-v4,0
817150,reward,6147,617.3100186807177,546.405,SF-P3O-NoSpectral,Walker2d-v4,0
817314,reward,6148,484.9276424752997,542.46,SF-P3O-NoSpectral,Walker2d-v4,0
817607,reward,6149,934.3686572659307,583.523,SF-P3O-NoSpectral,Walker2d-v4,0
817784,reward,6150,480.3556455039511,586.136,SF-P3O-NoSpectral,Walker2d-v4,0
817916,reward,6151,363.75375150426606,512.788,SF-P3O-NoSpectral,Walker2d-v4,0
818050,reward,6152,367.68703799140917,510.935,SF-P3O-NoSpectral,Walker2d-v4,0
818217,reward,6153,454.4094276729542,511.615,SF-P3O-NoSpectral,Walker2d-v4,0
818414,reward,6154,579.8535304951129,532.439,SF-P3O-NoSpectral,Walker2d-v4,0
818556,reward,6155,374.8467403928082,522.739,SF-P3O-NoSpectral,Walker2d-v4,0
818717,reward,6156,497.67535174850826,515.519,SF-P3O-NoSpectral,Walker2d-v4,0
818903,reward,6157,452.79190323766096,499.067,SF-P3O-NoSpectral,Walker2d-v4,0
819056,reward,6158,432.9169683217869,493.866,SF-P3O-NoSpectral,Walker2d-v4,0
819200,loss,-0.062054865062236786,0.5708661079406738,SF-P3O-NoSpectral,Walker2d-v4,0
819200,diagnostics,0.0,89.36,48.4289,0.081553,0.942935,0.7062,0.114793,SF-P3O-NoSpectral,Walker2d-v4,0
819267,reward,6159,622.5942668005878,462.688,SF-P3O-NoSpectral,Walker2d-v4,0
819480,reward,6160,597.7522502445185,474.428,SF-P3O-NoSpectral,Walker2d-v4,0
819661,reward,6161,562.3994311166227,494.293,SF-P3O-NoSpectral,Walker2d-v4,0
819801,reward,6162,396.4381722197285,497.168,SF-P3O-NoSpectral,Walker2d-v4,0
820000,speed,419.71,25.11,SF-P3O-NoSpectral,Walker2d-v4,0
820007,reward,6163,623.7510879463275,514.102,SF-P3O-NoSpectral,Walker2d-v4,0
820173,reward,6164,481.79969916000846,504.297,SF-P3O-NoSpectral,Walker2d-v4,0
820319,reward,6165,396.4089831064145,506.453,SF-P3O-NoSpectral,Walker2d-v4,0
820526,reward,6166,617.2457083533894,518.41,SF-P3O-NoSpectral,Walker2d-v4,0
820734,reward,6167,602.6920127426954,533.4,SF-P3O-NoSpectral,Walker2d-v4,0
820957,reward,6168,730.0754217902455,563.116,SF-P3O-NoSpectral,Walker2d-v4,0
821073,reward,6169,308.31946488657604,531.688,SF-P3O-NoSpectral,Walker2d-v4,0
821241,reward,6170,493.8636733485812,521.299,SF-P3O-NoSpectral,Walker2d-v4,0
821420,reward,6171,472.7528486112995,512.335,SF-P3O-NoSpectral,Walker2d-v4,0
821566,reward,6172,369.02170996157577,509.593,SF-P3O-NoSpectral,Walker2d-v4,0
821752,reward,6173,488.40443023198856,496.058,SF-P3O-NoSpectral,Walker2d-v4,0
821911,reward,6174,448.9636022277275,492.775,SF-P3O-NoSpectral,Walker2d-v4,0
822115,reward,6175,602.7019076064365,513.404,SF-P3O-NoSpectral,Walker2d-v4,0
822254,reward,6176,393.18883812202563,490.998,SF-P3O-NoSpectral,Walker2d-v4,0
822400,reward,6177,412.75338344555337,472.005,SF-P3O-NoSpectral,Walker2d-v4,0
822544,reward,6178,409.16663763976754,439.914,SF-P3O-NoSpectral,Walker2d-v4,0
822808,reward,6179,810.3504617890904,490.117,SF-P3O-NoSpectral,Walker2d-v4,0
822973,reward,6180,454.85423930621397,486.216,SF-P3O-NoSpectral,Walker2d-v4,0
823111,reward,6181,332.91132152388656,472.232,SF-P3O-NoSpectral,Walker2d-v4,0
823259,reward,6182,372.20674244022854,472.55,SF-P3O-NoSpectral,Walker2d-v4,0
823457,reward,6183,565.9285712282084,480.303,SF-P3O-NoSpectral,Walker2d-v4,0
823591,reward,6184,364.9024827834378,471.896,SF-P3O-NoSpectral,Walker2d-v4,0
823752,reward,6185,422.633618873575,453.89,SF-P3O-NoSpectral,Walker2d-v4,0
824009,reward,6186,738.2085539567717,488.392,SF-P3O-NoSpectral,Walker2d-v4,0
824064,reward,6187,97.48686438367434,456.865,SF-P3O-NoSpectral,Walker2d-v4,0
824219,reward,6188,438.71559685880277,459.82,SF-P3O-NoSpectral,Walker2d-v4,0
824404,reward,6189,545.3831693868725,433.323,SF-P3O-NoSpectral,Walker2d-v4,0
824576,reward,6190,459.98438428767867,433.836,SF-P3O-NoSpectral,Walker2d-v4,0
824767,reward,6191,620.8701719404411,462.632,SF-P3O-NoSpectral,Walker2d-v4,0
824905,reward,6192,381.70241081031554,463.582,SF-P3O-NoSpectral,Walker2d-v4,0
825156,reward,6193,826.0820202552601,489.597,SF-P3O-NoSpectral,Walker2d-v4,0
825308,reward,6194,427.728609510616,495.88,SF-P3O-NoSpectral,Walker2d-v4,0
825502,reward,6195,586.7906034703494,512.295,SF-P3O-NoSpectral,Walker2d-v4,0
825625,reward,6196,343.81256871419873,472.856,SF-P3O-NoSpectral,Walker2d-v4,0
825747,reward,6197,345.7933014051148,497.686,SF-P3O-NoSpectral,Walker2d-v4,0
825916,reward,6198,471.0009391106238,500.915,SF-P3O-NoSpectral,Walker2d-v4,0
826074,reward,6199,495.978775163442,495.974,SF-P3O-NoSpectral,Walker2d-v4,0
826236,reward,6200,484.3014361189283,498.406,SF-P3O-NoSpectral,Walker2d-v4,0
826447,reward,6201,624.630631121928,498.782,SF-P3O-NoSpectral,Walker2d-v4,0
826754,reward,6202,879.1522468417417,548.527,SF-P3O-NoSpectral,Walker2d-v4,0
826902,reward,6203,425.5315526055435,508.472,SF-P3O-NoSpectral,Walker2d-v4,0
827076,reward,6204,467.63168605539346,512.462,SF-P3O-NoSpectral,Walker2d-v4,0
827330,reward,6205,720.2977104203129,525.813,SF-P3O-NoSpectral,Walker2d-v4,0
827392,loss,-0.07828497141599655,0.7251157760620117,SF-P3O-NoSpectral,Walker2d-v4,0
827490,reward,6206,445.0305174282648,535.935,SF-P3O-NoSpectral,Walker2d-v4,0
827631,reward,6207,394.93318569925503,540.849,SF-P3O-NoSpectral,Walker2d-v4,0
827787,reward,6208,471.45033144565525,540.894,SF-P3O-NoSpectral,Walker2d-v4,0
828006,reward,6209,569.0323577149184,548.199,SF-P3O-NoSpectral,Walker2d-v4,0
828184,reward,6210,500.02154412200235,549.771,SF-P3O-NoSpectral,Walker2d-v4,0
828340,reward,6211,422.27181917671777,529.535,SF-P3O-NoSpectral,Walker2d-v4,0
828644,reward,6212,769.6094589330335,518.581,SF-P3O-NoSpectral,Walker2d-v4,0
828813,reward,6213,405.4701421218324,516.575,SF-P3O-NoSpectral,Walker2d-v4,0
828972,reward,6214,471.40015552742767,516.952,SF-P3O-NoSpectral,Walker2d-v4,0
829130,reward,6215,419.4893718492949,486.871,SF-P3O-NoSpectral,Walker2d-v4,0
829322,reward,6216,547.4892074342903,497.117,SF-P3O-NoSpectral,Walker2d-v4,0
829488,reward,6217,456.9987689422252,503.323,SF-P3O-NoSpectral,Walker2d-v4,0
829637,reward,6218,432.07888458462713,499.386,SF-P3O-NoSpectral,Walker2d-v4,0
829828,reward,6219,561.9886448014171,498.682,SF-P3O-NoSpectral,Walker2d-v4,0
830000,speed,648.41,25.37,SF-P3O-NoSpectral,Walker2d-v4,0
830031,reward,6220,602.6103214073546,508.941,SF-P3O-NoSpectral,Walker2d-v4,0
830257,reward,6221,688.2381359193386,535.537,SF-P3O-NoSpectral,Walker2d-v4,0
830471,reward,6222,664.3533601173851,525.012,SF-P3O-NoSpectral,Walker2d-v4,0
830684,reward,6223,656.080504825669,550.073,SF-P3O-NoSpectral,Walker2d-v4,0
830877,reward,6224,629.4208443440883,565.875,SF-P3O-NoSpectral,Walker2d-v4,0
831095,reward,6225,707.9803169648242,594.724,SF-P3O-NoSpectral,Walker2d-v4,0
831212,reward,6226,317.3884662657605,571.714,SF-P3O-NoSpectral,Walker2d-v4,0
831479,reward,6227,764.709824022831,602.485,SF-P3O-NoSpectral,Walker2d-v4,0
831688,reward,6228,621.8296743591626,621.46,SF-P3O-NoSpectral,Walker2d-v4,0
831852,reward,6229,467.8781785608263,612.049,SF-P3O-NoSpectral,Walker2d-v4,0
832067,reward,6230,655.0490157380415,617.293,SF-P3O-NoSpectral,Walker2d-v4,0
832227,reward,6231,458.60731567760126,594.33,SF-P3O-NoSpectral,Walker2d-v4,0
832372,reward,6232,387.1847906016898,566.613,SF-P3O-NoSpectral,Walker2d-v4,0
832547,reward,6233,486.0549337080377,549.61,SF-P3O-NoSpectral,Walker2d-v4,0
832736,reward,6234,460.3792810280591,532.706,SF-P3O-NoSpectral,Walker2d-v4,0
832924,reward,6235,538.2086418621549,515.729,SF-P3O-NoSpectral,Walker2d-v4,0
833091,reward,6236,438.2792066034986,527.818,SF-P3O-NoSpectral,Walker2d-v4,0
833300,reward,6237,595.3826942189305,510.885,SF-P3O-NoSpectral,Walker2d-v4,0
833439,reward,6238,393.82832799335506,488.085,SF-P3O-NoSpectral,Walker2d-v4,0
833653,reward,6239,678.2284824577838,509.12,SF-P3O-NoSpectral,Walker2d-v4,0
833893,reward,6240,577.6378311629074,501.379,SF-P3O-NoSpectral,Walker2d-v4,0
834078,reward,6241,579.5761371425681,513.476,SF-P3O-NoSpectral,Walker2d-v4,0
834289,reward,6242,628.2031554306812,537.578,SF-P3O-NoSpectral,Walker2d-v4,0
834471,reward,6243,542.3672734312471,543.209,SF-P3O-NoSpectral,Walker2d-v4,0
834677,reward,6244,652.4200840487848,562.413,SF-P3O-NoSpectral,Walker2d-v4,0
834837,reward,6245,423.9471026490876,550.987,SF-P3O-NoSpectral,Walker2d-v4,0
835060,reward,6246,687.7303019216677,575.932,SF-P3O-NoSpectral,Walker2d-v4,0
835244,reward,6247,555.889731327774,571.983,SF-P3O-NoSpectral,Walker2d-v4,0
835404,reward,6248,457.5908205113541,578.359,SF-P3O-NoSpectral,Walker2d-v4,0
835584,loss,-0.0829298123717308,0.7394352555274963,SF-P3O-NoSpectral,Walker2d-v4,0
835584,diagnostics,0.0,89.59,69.0883,0.081946,0.942584,0.6663,0.110413,SF-P3O-NoSpectral,Walker2d-v4,0
835613,reward,6249,643.7932108393147,574.916,SF-P3O-NoSpectral,Walker2d-v4,0
835842,reward,6250,670.2254033028037,584.174,SF-P3O-NoSpectral,Walker2d-v4,0
835991,reward,6251,415.4671627084937,567.763,SF-P3O-NoSpectral,Walker2d-v4,0
836195,reward,6252,632.7015425189566,568.213,SF-P3O-NoSpectral,Walker2d-v4,0
836359,reward,6253,452.5781719124786,559.234,SF-P3O-NoSpectral,Walker2d-v4,0
836564,reward,6254,647.3916475517111,558.732,SF-P3O-NoSpectral,Walker2d-v4,0
836804,reward,6255,664.7693173686657,582.814,SF-P3O-NoSpectral,Walker2d-v4,0
837096,reward,6256,930.9922891112062,607.14,SF-P3O-NoSpectral,Walker2d-v4,0
837170,reward,6257,148.51722720337904,566.403,SF-P3O-NoSpectral,Walker2d-v4,0
837418,reward,6258,717.6495579342361,592.409,SF-P3O-NoSpectral,Walker2d-v4,0
837592,reward,6259,540.8166285840684,582.111,SF-P3O-NoSpectral,Walker2d-v4,0
837719,reward,6260,315.0310208343245,546.591,SF-P3O-NoSpectral,Walker2d-v4,0
837936,reward,6261,667.5136717623989,571.796,SF-P3O-NoSpectral,Walker2d-v4,0
838071,reward,6262,353.6115489068608,543.887,SF-P3O-NoSpectral,Walker2d-v4,0
838225,reward,6263,400.63370969387,538.693,SF-P3O-NoSpectral,Walker2d-v4,0
838491,reward,6264,717.5230438462605,545.706,SF-P3O-NoSpectral,Walker2d-v4,0
838697,reward,6265,540.7000751705316,533.299,SF-P3O-NoSpectral,Walker2d-v4,0
838903,reward,6266,553.7652817910796,495.576,SF-P3O-NoSpectral,Walker2d-v4,0
839070,reward,6267,457.3362033167174,526.458,SF-P3O-NoSpectral,Walker2d-v4,0
839250,reward,6268,526.2678332601008,507.32,SF-P3O-NoSpectral,Walker2d-v4,0
839468,reward,6269,654.2358736982806,518.662,SF-P3O-NoSpectral,Walker2d-v4,0
839621,reward,6270,417.49565655033393,528.908,SF-P3O-NoSpectral,Walker2d-v4,0
839744,reward,6271,341.6084832202079,496.318,SF-P3O-NoSpectral,Walker2d-v4,0
839916,reward,6272,451.771368869347,506.134,SF-P3O-NoSpectral,Walker2d-v4,0
840000,speed,642.33,25.63,SF-P3O-NoSpectral,Walker2d-v4,0
840024,reward,6273,284.6663548739691,494.537,SF-P3O-NoSpectral,Walker2d-v4,0
840179,reward,6274,446.96790644611906,467.482,SF-P3O-NoSpectral,Walker2d-v4,0
840357,reward,6275,435.2149683971373,456.933,SF-P3O-NoSpectral,Walker2d-v4,0
840507,reward,6276,408.93073355277005,442.45,SF-P3O-NoSpectral,Walker2d-v4,0
840713,reward,6277,551.4999097011445,451.866,SF-P3O-NoSpectral,Walker2d-v4,0
840879,reward,6278,499.2179795357655,449.161,SF-P3O-NoSpectral,Walker2d-v4,0
841105,reward,6279,667.7924007826956,450.517,SF-P3O-NoSpectral,Walker2d-v4,0
841262,reward,6280,410.96720917915593,449.864,SF-P3O-NoSpectral,Walker2d-v4,0
841395,reward,6281,383.4790134154895,454.051,SF-P3O-NoSpectral,Walker2d-v4,0
841549,reward,6282,446.0149076238618,453.475,SF-P3O-NoSpectral,Walker2d-v4,0
841690,reward,6283,391.5427429383783,464.163,SF-P3O-NoSpectral,Walker2d-v4,0
841849,reward,6284,445.96036845001925,464.062,SF-P3O-NoSpectral,Walker2d-v4,0
842079,reward,6285,698.6459115449723,490.405,SF-P3O-NoSpectral,Walker2d-v4,0
842266,reward,6286,517.5763808884016,501.27,SF-P3O-NoSpectral,Walker2d-v4,0
842404,reward,6287,381.08522796706677,484.228,SF-P3O-NoSpectral,Walker2d-v4,0
842632,reward,6288,641.9029349376971,498.497,SF-P3O-NoSpectral,Walker2d-v4,0
842817,reward,6289,528.1473849177493,484.532,SF-P3O-NoSpectral,Walker2d-v4,0
843054,reward,6290,520.9775017179942,495.533,SF-P3O-NoSpectral,Walker2d-v4,0
843200,reward,6291,403.96958657735087,497.582,SF-P3O-NoSpectral,Walker2d-v4,0
843334,reward,6292,380.5329155248093,491.034,SF-P3O-NoSpectral,Walker2d-v4,0
843548,reward,6293,640.3581124656889,515.916,SF-P3O-NoSpectral,Walker2d-v4,0
843753,reward,6294,640.0334176443491,535.323,SF-P3O-NoSpectral,Walker2d-v4,0
843776,loss,-0.0695660412311554,0.9409120082855225,SF-P3O-NoSpectral,Walker2d-v4,0
843886,reward,6295,385.3304683816064,503.991,SF-P3O-NoSpectral,Walker2d-v4,0
844141,reward,6296,790.6882926660152,531.303,SF-P3O-NoSpectral,Walker2d-v4,0
844323,reward,6297,482.0672810145433,541.401,SF-P3O-NoSpectral,Walker2d-v4,0
844497,reward,6298,527.574793411738,529.968,SF-P3O-NoSpectral,Walker2d-v4,0
844624,reward,6299,356.2026394293347,512.774,SF-P3O-NoSpectral,Walker2d-v4,0
844818,reward,6300,599.66173442949,520.642,SF-P3O-NoSpectral,Walker2d-v4,0
844972,reward,6301,427.7644086172123,523.021,SF-P3O-NoSpectral,Walker2d-v4,0
845122,reward,6302,383.79450460174775,523.348,SF-P3O-NoSpectral,Walker2d-v4,0
845325,reward,6303,605.1891505108616,519.831,SF-P3O-NoSpectral,Walker2d-v4,0
845564,reward,6304,733.0105030532947,529.128,SF-P3O-NoSpectral,Walker2d-v4,0
845695,reward,6305,361.21139408672104,526.716,SF-P3O-NoSpectral,Walker2d-v4,0
845856,reward,6306,490.00926401754543,496.649,SF-P3O-NoSpectral,Walker2d-v4,0
846021,reward,6307,478.21486153091485,496.263,SF-P3O-NoSpectral,Walker2d-v4,0
846187,reward,6308,440.214779357133,487.527,SF-P3O-NoSpectral,Walker2d-v4,0
846395,reward,6309,603.0296481170612,512.21,SF-P3O-NoSpectral,Walker2d-v4,0
846550,reward,6310,457.03084894285473,497.947,SF-P3O-NoSpectral,Walker2d-v4,0
846671,reward,6311,320.9971374833371,487.27,SF-P3O-NoSpectral,Walker2d-v4,0
846822,reward,6312,412.0586330303268,490.097,SF-P3O-NoSpectral,Walker2d-v4,0
846992,reward,6313,493.14322591282195,478.892,SF-P3O-NoSpectral,Walker2d-v4,0
847212,reward,6314,671.0247736434275,472.693,SF-P3O-NoSpectral,Walker2d-v4,0
847346,reward,6315,384.53093039604016,475.025,SF-P3O-NoSpectral,Walker2d-v4,0
847580,reward,6316,607.1713626393838,486.742,SF-P3O-NoSpectral,Walker2d-v4,0
847726,reward,6317,388.5393592297715,477.774,SF-P3O-NoSpectral,Walker2d-v4,0
847871,reward,6318,387.3209413101284,472.485,SF-P3O-NoSpectral,Walker2d-v4,0
848150,reward,6319,804.5338716864278,492.635,SF-P3O-NoSpectral,Walker2d-v4,0
848305,reward,6320,416.17523325826795,488.55,SF-P3O-NoSpectral,Walker2d-v4,0
848537,reward,6321,691.1628249106882,525.566,SF-P3O-NoSpectral,Walker2d-v4,0
848745,reward,6322,585.6406621498799,542.924,SF-P3O-NoSpectral,Walker2d-v4,0
848924,reward,6323,578.8165334032486,551.492,SF-P3O-NoSpectral,Walker2d-v4,0
849131,reward,6324,595.7795924459126,543.967,SF-P3O-NoSpectral,Walker2d-v4,0
849336,reward,6325,619.8890851288169,567.503,SF-P3O-NoSpectral,Walker2d-v4,0
849509,reward,6326,510.74611917597656,557.86,SF-P3O-NoSpectral,Walker2d-v4,0
849684,reward,6327,475.84378297960143,566.591,SF-P3O-NoSpectral,Walker2d-v4,0
849840,reward,6328,448.7317922343517,572.732,SF-P3O-NoSpectral,Walker2d-v4,0
849969,reward,6329,365.7304276089433,528.852,SF-P3O-NoSpectral,Walker2d-v4,0
850000,speed,642.45,25.88,SF-P3O-NoSpectral,Walker2d-v4,0
850000,perturb,0.082939,0.94214,0.721,19604,48242,0.653313,17,SF-P3O-NoSpectral,Walker2d-v4,0
850119,reward,6330,424.8459678374214,529.719,SF-P3O-NoSpectral,Walker2d-v4,0
850291,reward,6331,482.37861670721554,508.84,SF-P3O-NoSpectral,Walker2d-v4,0
850516,reward,6332,720.6571128685209,522.342,SF-P3O-NoSpectral,Walker2d-v4,0
850670,reward,6333,416.3673432568462,506.097,SF-P3O-NoSpectral,Walker2d-v4,0
850977,reward,6334,887.0262493441257,535.222,SF-P3O-NoSpectral,Walker2d-v4,0
851167,reward,6335,534.0397094937707,526.637,SF-P3O-NoSpectral,Walker2d-v4,0
851346,reward,6336,553.0739605301052,530.869,SF-P3O-NoSpectral,Walker2d-v4,0
851519,reward,6337,511.87169402122476,534.472,SF-P3O-NoSpectral,Walker2d-v4,0
851713,reward,6338,564.119002634485,546.011,SF-P3O-NoSpectral,Walker2d-v4,0
851869,reward,6339,458.5148829048384,555.289,SF-P3O-NoSpectral,Walker2d-v4,0
851968,loss,-0.18481478095054626,1.2131680250167847,SF-P3O-NoSpectral,Walker2d-v4,0
851968,diagnostics,0.0,92.19,117.8636,0.083291,0.941896,0.7541,0.109215,SF-P3O-NoSpectral,Walker2d-v4,0
852050,reward,6340,546.024013093657,567.407,SF-P3O-NoSpectral,Walker2d-v4,0
852244,reward,6341,564.157898834636,575.585,SF-P3O-NoSpectral,Walker2d-v4,0
852454,reward,6342,651.5228465053467,568.672,SF-P3O-NoSpectral,Walker2d-v4,0
852661,reward,6343,639.9189016715544,591.027,SF-P3O-NoSpectral,Walker2d-v4,0
852933,reward,6344,831.8376160625955,585.508,SF-P3O-NoSpectral,Walker2d-v4,0
853117,reward,6345,583.3902382735605,590.443,SF-P3O-NoSpectral,Walker2d-v4,0
853324,reward,6346,569.7631516615296,592.112,SF-P3O-NoSpectral,Walker2d-v4,0
853478,reward,6347,462.5133618976497,587.176,SF-P3O-NoSpectral,Walker2d-v4,0
853654,reward,6348,542.1010394566673,584.974,SF-P3O-NoSpectral,Walker2d-v4,0
853783,reward,6349,340.41610726743977,573.165,SF-P3O-NoSpectral,Walker2d-v4,0
853933,reward,6350,413.4325511507848,559.905,SF-P3O-NoSpectral,Walker2d-v4,0
854099,reward,6351,513.797167760707,554.869,SF-P3O-NoSpectral,Walker2d-v4,0
854201,reward,6352,239.12891422627496,513.63,SF-P3O-NoSpectral,Walker2d-v4,0
854388,reward,6353,514.6336847150376,501.101,SF-P3O-NoSpectral,Walker2d-v4,0
854592,reward,6354,610.9786377282638,479.015,SF-P3O-NoSpectral,Walker2d-v4,0
854744,reward,6355,415.30505978603225,462.207,SF-P3O-NoSpectral,Walker2d-v4,0
854911,reward,6356,442.2727475904581,449.458,SF-P3O-NoSpectral,Walker2d-v4,0
855070,reward,6357,467.15232785451474,449.922,SF-P3O-NoSpectral,Walker2d-v4,0
855241,reward,6358,439.8997937615824,439.702,SF-P3O-NoSpectral,Walker2d-v4,0
855414,reward,6359,505.3956283248445,456.2,SF-P3O-NoSpectral,Walker2d-v4,0
855546,reward,6360,356.33443147769344,450.49,SF-P3O-NoSpectral,Walker2d-v4,0
855752,reward,6361,691.5196079239993,468.262,SF-P3O-NoSpectral,Walker2d-v4,0
855906,reward,6362,456.4948523375968,489.999,SF-P3O-NoSpectral,Walker2d-v4,0
856039,reward,6363,338.01096713947624,472.336,SF-P3O-NoSpectral,Walker2d-v4,0
856218,reward,6364,531.90049311418,464.429,SF-P3O-NoSpectral,Walker2d-v4,0
856421,reward,6365,630.4534389225015,485.943,SF-P3O-NoSpectral,Walker2d-v4,0
856576,reward,6366,438.70202930060213,485.586,SF-P3O-NoSpectral,Walker2d-v4,0
856818,reward,6367,738.1933564629028,512.69,SF-P3O-NoSpectral,Walker2d-v4,0
856986,reward,6368,454.9366470737171,514.194,SF-P3O-NoSpectral,Walker2d-v4,0
857196,reward,6369,643.5069475805481,528.005,SF-P3O-NoSpectral,Walker2d-v4,0
857362,reward,6370,483.9173255195591,540.764,SF-P3O-NoSpectral,Walker2d-v4,0
857552,reward,6371,555.2155205345537,527.133,SF-P3O-NoSpectral,Walker2d-v4,0
857720,reward,6372,473.06511880337115,528.79,SF-P3O-NoSpectral,Walker2d-v4,0
857903,reward,6373,547.5726761570843,549.746,SF-P3O-NoSpectral,Walker2d-v4,0
858071,reward,6374,476.4675606307487,544.203,SF-P3O-NoSpectral,Walker2d-v4,0
858298,reward,6375,671.974584391356,548.355,SF-P3O-NoSpectral,Walker2d-v4,0
858467,reward,6376,523.6506277629244,556.85,SF-P3O-NoSpectral,Walker2d-v4,0
858558,reward,6377,203.17713939575455,503.348,SF-P3O-NoSpectral,Walker2d-v4,0
858660,reward,6378,240.976228529978,481.952,SF-P3O-NoSpectral,Walker2d-v4,0
858782,reward,6379,299.9009628165251,447.592,SF-P3O-NoSpectral,Walker2d-v4,0
859014,reward,6380,684.7208786043055,467.672,SF-P3O-NoSpectral,Walker2d-v4,0
859420,reward,6381,1257.342032156555,537.885,SF-P3O-NoSpectral,Walker2d-v4,0
859576,reward,6382,437.89552288396004,534.368,SF-P3O-NoSpectral,Walker2d-v4,0
859712,reward,6383,402.67445796919486,519.878,SF-P3O-NoSpectral,Walker2d-v4,0
859935,reward,6384,680.601008181605,540.291,SF-P3O-NoSpectral,Walker2d-v4,0
860000,speed,614.73,26.16,SF-P3O-NoSpectral,Walker2d-v4,0
860095,reward,6385,457.71116680868516,518.865,SF-P3O-NoSpectral,Walker2d-v4,0
860160,loss,0.019866738468408585,0.513171911239624,SF-P3O-NoSpectral,Walker2d-v4,0
860408,reward,6386,923.3966016591202,558.84,SF-P3O-NoSpectral,Walker2d-v4,0
860571,reward,6387,419.17230219563436,580.439,SF-P3O-NoSpectral,Walker2d-v4,0
860723,reward,6388,414.2730277905429,597.769,SF-P3O-NoSpectral,Walker2d-v4,0
860861,reward,6389,399.63284266060606,607.742,SF-P3O-NoSpectral,Walker2d-v4,0
860987,reward,6390,336.8352926722474,572.953,SF-P3O-NoSpectral,Walker2d-v4,0
861186,reward,6391,621.0381782306147,509.323,SF-P3O-NoSpectral,Walker2d-v4,0
861434,reward,6392,645.3559211080657,530.069,SF-P3O-NoSpectral,Walker2d-v4,0
861634,reward,6393,643.4159419724473,554.143,SF-P3O-NoSpectral,Walker2d-v4,0
861883,reward,6394,850.7809370714882,571.161,SF-P3O-NoSpectral,Walker2d-v4,0
862062,reward,6395,502.8645165731889,575.677,SF-P3O-NoSpectral,Walker2d-v4,0
862279,reward,6396,626.0222385090292,545.939,SF-P3O-NoSpectral,Walker2d-v4,0
862482,reward,6397,614.7618554277109,565.498,SF-P3O-NoSpectral,Walker2d-v4,0
862683,reward,6398,573.3390725490134,581.405,SF-P3O-NoSpectral,Walker2d-v4,0
862982,reward,6399,955.7643366639517,637.018,SF-P3O-NoSpectral,Walker2d-v4,0
863137,reward,6400,424.0800632280581,645.742,SF-P3O-NoSpectral,Walker2d-v4,0
863367,reward,6401,703.0072634699422,653.939,SF-P3O-NoSpectral,Walker2d-v4,0
863550,reward,6402,523.0884313931834,641.712,SF-P3O-NoSpectral,Walker2d-v4,0
863756,reward,6403,613.7063144693856,638.742,SF-P3O-NoSpectral,Walker2d-v4,0
863908,reward,6404,447.5336038027434,598.417,SF-P3O-NoSpectral,Walker2d-v4,0
864130,reward,6405,665.4345847035463,614.674,SF-P3O-NoSpectral,Walker2d-v4,0
864449,reward,6406,950.0088559740308,647.072,SF-P3O-NoSpectral,Walker2d-v4,0
864600,reward,6407,401.67102467919426,625.763,SF-P3O-NoSpectral,Walker2d-v4,0
864723,reward,6408,328.38017861775313,601.267,SF-P3O-NoSpectral,Walker2d-v4,0
864898,reward,6409,454.2020872037112,551.111,SF-P3O-NoSpectral,Walker2d-v4,0
865021,reward,6410,333.691747310816,542.072,SF-P3O-NoSpectral,Walker2d-v4,0
865234,reward,6411,679.1911273961484,539.691,SF-P3O-NoSpectral,Walker2d-v4,0
865402,reward,6412,509.7300666469607,538.355,SF-P3O-NoSpectral,Walker2d-v4,0
865612,reward,6413,650.9036051720892,542.075,SF-P3O-NoSpectral,Walker2d-v4,0
865831,reward,6414,637.6568759148037,561.087,SF-P3O-NoSpectral,Walker2d-v4,0
866058,reward,6415,696.9389747471573,564.237,SF-P3O-NoSpectral,Walker2d-v4,0
866275,reward,6416,647.4629794535316,533.983,SF-P3O-NoSpectral,Walker2d-v4,0
866553,reward,6417,832.6292847394412,577.079,SF-P3O-NoSpectral,Walker2d-v4,0
866772,reward,6418,630.5773057832063,607.298,SF-P3O-NoSpectral,Walker2d-v4,0
866953,reward,6419,510.3383066874772,612.912,SF-P3O-NoSpectral,Walker2d-v4,0
867113,reward,6420,467.40115251132636,626.283,SF-P3O-NoSpectral,Walker2d-v4,0
867261,reward,6421,414.45763492796186,599.81,SF-P3O-NoSpectral,Walker2d-v4,0
867503,reward,6422,721.9471619072291,621.031,SF-P3O-NoSpectral,Walker2d-v4,0
867696,reward,6423,545.1081201804274,610.452,SF-P3O-NoSpectral,Walker2d-v4,0
867848,reward,6424,453.83988717939025,592.07,SF-P3O-NoSpectral,Walker2d-v4,0
867969,reward,6425,335.88824325740075,555.965,SF-P3O-NoSpectral,Walker2d-v4,0
868131,reward,6426,477.04557117308786,538.923,SF-P3O-NoSpectral,Walker2d-v4,0
868284,reward,6427,461.3837084172248,501.799,SF-P3O-NoSpectral,Walker2d-v4,0
868352,loss,0.01866067200899124,0.7260668277740479,SF-P3O-NoSpectral,Walker2d-v4,0
868352,diagnostics,0.0,92.43,47.9474,0.083815,0.941669,0.7743,0.111198,SF-P3O-NoSpectral,Walker2d-v4,0
868443,reward,6428,451.0361658230096,483.845,SF-P3O-NoSpectral,Walker2d-v4,0
868849,reward,6429,1185.46348539212,551.357,SF-P3O-NoSpectral,Walker2d-v4,0
869114,reward,6430,823.3431336190649,586.951,SF-P3O-NoSpectral,Walker2d-v4,0
869327,reward,6431,665.3667355325325,612.042,SF-P3O-NoSpectral,Walker2d-v4,0
869469,reward,6432,435.6951512817301,583.417,SF-P3O-NoSpectral,Walker2d-v4,0
869654,reward,6433,503.2254084210199,579.229,SF-P3O-NoSpectral,Walker2d-v4,0
869768,reward,6434,319.9159089574192,565.836,SF-P3O-NoSpectral,Walker2d-v4,0
869985,reward,6435,691.1596797193079,601.363,SF-P3O-NoSpectral,Walker2d-v4,0
870000,speed,442.47,26.53,SF-P3O-NoSpectral,Walker2d-v4,0
870207,reward,6436,675.400116718614,621.199,SF-P3O-NoSpectral,Walker2d-v4,0
870491,reward,6437,734.3960949578936,648.5,SF-P3O-NoSpectral,Walker2d-v4,0
870715,reward,6438,660.9918044962983,669.496,SF-P3O-NoSpectral,Walker2d-v4,0
870884,reward,6439,486.64086198044595,599.613,SF-P3O-NoSpectral,Walker2d-v4,0
871019,reward,6440,344.9606766940796,551.775,SF-P3O-NoSpectral,Walker2d-v4,0
871335,reward,6441,967.3240618847645,581.971,SF-P3O-NoSpectral,Walker2d-v4,0
871471,reward,6442,399.1762032915904,578.319,SF-P3O-NoSpectral,Walker2d-v4,0
871684,reward,6443,664.4496704121982,594.442,SF-P3O-NoSpectral,Walker2d-v4,0
871882,reward,6444,579.3900656178567,620.389,SF-P3O-NoSpectral,Walker2d-v4,0
872035,reward,6445,396.62180103352296,590.935,SF-P3O-NoSpectral,Walker2d-v4,0
872253,reward,6446,660.9796962670863,589.493,SF-P3O-NoSpectral,Walker2d-v4,0
872452,reward,6447,608.7927754161133,576.933,SF-P3O-NoSpectral,Walker2d-v4,0
872617,reward,6448,471.451481953787,557.979,SF-P3O-NoSpectral,Walker2d-v4,0
872765,reward,6449,383.6628544477684,547.681,SF-P3O-NoSpectral,Walker2d-v4,0
872968,reward,6450,608.2601733473329,574.011,SF-P3O-NoSpectral,Walker2d-v4,0
873152,reward,6451,604.6494798473826,537.743,SF-P3O-NoSpectral,Walker2d-v4,0
873349,reward,6452,606.0177597006369,558.428,SF-P3O-NoSpectral,Walker2d-v4,0
873648,reward,6453,888.6677239151995,580.849,SF-P3O-NoSpectral,Walker2d-v4,0
873867,reward,6454,644.9662230548737,587.407,SF-P3O-NoSpectral,Walker2d-v4,0
874025,reward,6455,515.2818548612498,599.273,SF-P3O-NoSpectral,Walker2d-v4,0
874176,reward,6456,440.5672403742199,577.232,SF-P3O-NoSpectral,Walker2d-v4,0
874516,reward,6457,955.8353917059748,611.936,SF-P3O-NoSpectral,Walker2d-v4,0
874671,reward,6458,412.8940794951289,606.08,SF-P3O-NoSpectral,Walker2d-v4,0
874869,reward,6459,549.0677158161151,622.621,SF-P3O-NoSpectral,Walker2d-v4,0
875032,reward,6460,495.60339265931106,611.355,SF-P3O-NoSpectral,Walker2d-v4,0
875284,reward,6461,655.1389891285547,616.404,SF-P3O-NoSpectral,Walker2d-v4,0
875515,reward,6462,695.0297907660722,625.305,SF-P3O-NoSpectral,Walker2d-v4,0
875666,reward,6463,386.42808711313734,575.081,SF-P3O-NoSpectral,Walker2d-v4,0
876021,reward,6464,1013.021956510485,611.887,SF-P3O-NoSpectral,Walker2d-v4,0
876277,reward,6465,843.7627959166352,644.735,SF-P3O-NoSpectral,Walker2d-v4,0
876494,reward,6466,667.9794479125361,667.476,SF-P3O-NoSpectral,Walker2d-v4,0
876544,loss,-0.07127822190523148,0.6829754114151001,SF-P3O-NoSpectral,Walker2d-v4,0
876708,reward,6467,646.8548897268179,636.578,SF-P3O-NoSpectral,Walker2d-v4,0
877237,reward,6468,1552.4029676677783,750.529,SF-P3O-NoSpectral,Walker2d-v4,0
877373,reward,6469,399.8016763788315,735.602,SF-P3O-NoSpectral,Walker2d-v4,0
877620,reward,6470,759.7218938381053,762.014,SF-P3O-NoSpectral,Walker2d-v4,0
877829,reward,6471,596.5940304370345,756.16,SF-P3O-NoSpectral,Walker2d-v4,0
878080,reward,6472,685.9949596905083,755.256,SF-P3O-NoSpectral,Walker2d-v4,0
878218,reward,6473,360.7583246271079,752.689,SF-P3O-NoSpectral,Walker2d-v4,0
878366,reward,6474,444.4233211110483,695.829,SF-P3O-NoSpectral,Walker2d-v4,0
878497,reward,6475,332.8584157672595,644.739,SF-P3O-NoSpectral,Walker2d-v4,0
878679,reward,6476,500.1896712530017,627.96,SF-P3O-NoSpectral,Walker2d-v4,0
878924,reward,6477,705.1318111683598,633.788,SF-P3O-NoSpectral,Walker2d-v4,0
879187,reward,6478,671.2055644267725,545.668,SF-P3O-NoSpectral,Walker2d-v4,0
879481,reward,6479,887.116187262563,594.399,SF-P3O-NoSpectral,Walker2d-v4,0
879673,reward,6480,585.4452274435729,576.972,SF-P3O-NoSpectral,Walker2d-v4,0
880000,speed,684.51,26.78,SF-P3O-NoSpectral,Walker2d-v4,0
880065,reward,6481,1156.7431535876315,632.987,SF-P3O-NoSpectral,Walker2d-v4,0
880223,reward,6482,471.531110412177,611.54,SF-P3O-NoSpectral,Walker2d-v4,0
880366,reward,6483,367.90548945444385,612.255,SF-P3O-NoSpectral,Walker2d-v4,0
880480,reward,6484,298.3924928374014,597.652,SF-P3O-NoSpectral,Walker2d-v4,0
880690,reward,6485,651.1015810358679,629.476,SF-P3O-NoSpectral,Walker2d-v4,0
880834,reward,6486,388.27346423552865,618.285,SF-P3O-NoSpectral,Walker2d-v4,0
880962,reward,6487,358.24448720764684,583.596,SF-P3O-NoSpectral,Walker2d-v4,0
881193,reward,6488,720.1492430674613,588.49,SF-P3O-NoSpectral,Walker2d-v4,0
881409,reward,6489,622.1743608373737,561.996,SF-P3O-NoSpectral,Walker2d-v4,0
881602,reward,6490,526.4719013183009,556.099,SF-P3O-NoSpectral,Walker2d-v4,0
881784,reward,6491,514.2493484054714,491.849,SF-P3O-NoSpectral,Walker2d-v4,0
881978,reward,6492,609.4772596859445,505.644,SF-P3O-NoSpectral,Walker2d-v4,0
882228,reward,6493,713.8836208688259,540.242,SF-P3O-NoSpectral,Walker2d-v4,0
882395,reward,6494,438.9089644393957,554.293,SF-P3O-NoSpectral,Walker2d-v4,0
882580,reward,6495,546.1842168644887,543.802,SF-P3O-NoSpectral,Walker2d-v4,0
882701,reward,6496,311.4814396673112,536.122,SF-P3O-NoSpectral,Walker2d-v4,0
882886,reward,6497,584.5214232323777,558.75,SF-P3O-NoSpectral,Walker2d-v4,0
883032,reward,6498,403.32105141368316,527.067,SF-P3O-NoSpectral,Walker2d-v4,0
883241,reward,6499,630.3658501497791,527.887,SF-P3O-NoSpectral,Walker2d-v4,0
883445,reward,6500,621.9300724699448,537.432,SF-P3O-NoSpectral,Walker2d-v4,0
883762,reward,6501,969.6011543062174,582.968,SF-P3O-NoSpectral,Walker2d-v4,0
883913,reward,6502,436.39523403054875,565.659,SF-P3O-NoSpectral,Walker2d-v4,0
884085,reward,6503,495.63984576651876,543.835,SF-P3O-NoSpectral,Walker2d-v4,0
884219,reward,6504,371.96911226501487,537.141,SF-P3O-NoSpectral,Walker2d-v4,0
884380,reward,6505,503.2187056134512,532.844,SF-P3O-NoSpectral,Walker2d-v4,0
884535,reward,6506,465.8639904169899,548.283,SF-P3O-NoSpectral,Walker2d-v4,0
884736,loss,0.018553519621491432,0.7962711453437805,SF-P3O-NoSpectral,Walker2d-v4,0
884736,diagnostics,0.0,92.7,39.5539,0.084494,0.941649,0.7774,0.111043,SF-P3O-NoSpectral,Walker2d-v4,0
884762,reward,6507,687.4685241685057,558.577,SF-P3O-NoSpectral,Walker2d-v4,0
884935,reward,6508,531.0687501972815,571.352,SF-P3O-NoSpectral,Walker2d-v4,0
885271,reward,6509,1021.4343342145443,610.459,SF-P3O-NoSpectral,Walker2d-v4,0
885550,reward,6510,856.3188536280743,633.898,SF-P3O-NoSpectral,Walker2d-v4,0
885731,reward,6511,497.56783798619233,586.695,SF-P3O-NoSpectral,Walker2d-v4,0
885979,reward,6512,716.4782099929782,614.703,SF-P3O-NoSpectral,Walker2d-v4,0
886229,reward,6513,707.3699466460247,635.876,SF-P3O-NoSpectral,Walker2d-v4,0
886445,reward,6514,676.591059248481,666.338,SF-P3O-NoSpectral,Walker2d-v4,0
886714,reward,6515,650.2604664597428,681.042,SF-P3O-NoSpectral,Walker2d-v4,0
886893,reward,6516,510.23711844731633,685.48,SF-P3O-NoSpectral,Walker2d-v4,0
887180,reward,6517,857.0440176648374,702.437,SF-P3O-NoSpectral,Walker2d-v4,0
887522,reward,6518,899.0300115894123,739.233,SF-P3O-NoSpectral,Walker2d-v4,0
887708,reward,6519,560.8418031740192,693.174,SF-P3O-NoSpectral,Walker2d-v4,0
887902,reward,6520,578.2743735304623,665.369,SF-P3O-NoSpectral,Walker2d-v4,0
888056,reward,6521,436.9586490352725,659.309,SF-P3O-NoSpectral,Walker2d-v4,0
888425,reward,6522,1085.9561799499984,696.256,SF-P3O-NoSpectral,Walker2d-v4,0
888607,reward,6523,529.7270652745972,678.492,SF-P3O-NoSpectral,Walker2d-v4,0
888890,reward,6524,909.816124135961,701.815,SF-P3O-NoSpectral,Walker2d-v4,0
889052,reward,6525,420.45372563175886,678.834,SF-P3O-NoSpectral,Walker2d-v4,0
889317,reward,6526,851.5312522748848,712.963,SF-P3O-NoSpectral,Walker2d-v4,0
889566,reward,6527,820.3890704841215,709.298,SF-P3O-NoSpectral,Walker2d-v4,0
889754,reward,6528,498.9106780688798,669.286,SF-P3O-NoSpectral,Walker2d-v4,0
889912,reward,6529,468.163650142061,660.018,SF-P3O-NoSpectral,Walker2d-v4,0
890000,speed,685.34,27.02,SF-P3O-NoSpectral,Walker2d-v4,0
890098,reward,6530,553.071901952941,657.498,SF-P3O-NoSpectral,Walker2d-v4,0
890235,reward,6531,370.6055113576786,650.863,SF-P3O-NoSpectral,Walker2d-v4,0
890466,reward,6532,720.3544040799417,614.302,SF-P3O-NoSpectral,Walker2d-v4,0
890688,reward,6533,616.7042596235257,623.0,SF-P3O-NoSpectral,Walker2d-v4,0
890889,reward,6534,625.6833452793386,594.587,SF-P3O-NoSpectral,Walker2d-v4,0
891235,reward,6535,1027.450744794616,655.286,SF-P3O-NoSpectral,Walker2d-v4,0
891556,reward,6536,1012.6499675321494,671.398,SF-P3O-NoSpectral,Walker2d-v4,0
891824,reward,6537,859.0449617548519,675.264,SF-P3O-NoSpectral,Walker2d-v4,0
891970,reward,6538,440.150219529153,669.388,SF-P3O-NoSpectral,Walker2d-v4,0
892131,reward,6539,487.3540389658385,671.307,SF-P3O-NoSpectral,Walker2d-v4,0
892438,reward,6540,879.0046604751295,703.9,SF-P3O-NoSpectral,Walker2d-v4,0
892601,reward,6541,494.30597499056336,716.27,SF-P3O-NoSpectral,Walker2d-v4,0
892839,reward,6542,728.028729948675,717.038,SF-P3O-NoSpectral,Walker2d-v4,0
892928,loss,0.04435344785451889,0.6066902279853821,SF-P3O-NoSpectral,Walker2d-v4,0
893030,reward,6543,542.9035288868055,709.658,SF-P3O-NoSpectral,Walker2d-v4,0
893251,reward,6544,705.2027053675048,717.61,SF-P3O-NoSpectral,Walker2d-v4,0
893565,reward,6545,1019.4326618322261,716.808,SF-P3O-NoSpectral,Walker2d-v4,0
893707,reward,6546,411.37275004646784,656.68,SF-P3O-NoSpectral,Walker2d-v4,0
893879,reward,6547,509.1774898194488,621.693,SF-P3O-NoSpectral,Walker2d-v4,0
893989,reward,6548,297.2966132895667,607.408,SF-P3O-NoSpectral,Walker2d-v4,0
894191,reward,6549,644.101566013771,623.083,SF-P3O-NoSpectral,Walker2d-v4,0
894319,reward,6550,340.88707521987135,569.271,SF-P3O-NoSpectral,Walker2d-v4,0
894490,reward,6551,514.2584603603696,571.266,SF-P3O-NoSpectral,Walker2d-v4,0
894681,reward,6552,557.0868926738359,554.172,SF-P3O-NoSpectral,Walker2d-v4,0
894850,reward,6553,487.5865116284033,548.64,SF-P3O-NoSpectral,Walker2d-v4,0
895072,reward,6554,691.8875495205331,547.309,SF-P3O-NoSpectral,Walker2d-v4,0
895282,reward,6555,663.3629660939109,511.702,SF-P3O-NoSpectral,Walker2d-v4,0
895461,reward,6556,504.5044593891989,521.015,SF-P3O-NoSpectral,Walker2d-v4,0
895575,reward,6557,300.8710522873629,500.184,SF-P3O-NoSpectral,Walker2d-v4,0
895730,reward,6558,443.9068256502928,514.845,SF-P3O-NoSpectral,Walker2d-v4,0
895810,reward,6559,182.4979813313201,468.685,SF-P3O-NoSpectral,Walker2d-v4,0
895952,reward,6560,417.0616442017137,476.302,SF-P3O-NoSpectral,Walker2d-v4,0
896089,reward,6561,360.36323251172854,460.913,SF-P3O-NoSpectral,Walker2d-v4,0
896230,reward,6562,411.76503387325187,446.381,SF-P3O-NoSpectral,Walker2d-v4,0
896370,reward,6563,372.7129108922018,434.893,SF-P3O-NoSpectral,Walker2d-v4,0
896484,reward,6564,311.8277479279082,396.887,SF-P3O-NoSpectral,Walker2d-v4,0
896755,reward,6565,745.7889806672983,405.13,SF-P3O-NoSpectral,Walker2d-v4,0
896901,reward,6566,396.85839557915483,394.365,SF-P3O-NoSpectral,Walker2d-v4,0
897094,reward,6567,600.2429674715323,424.303,SF-P3O-NoSpectral,Walker2d-v4,0
897305,reward,6568,646.3283187112999,444.545,SF-P3O-NoSpectral,Walker2d-v4,0
897611,reward,6569,897.9796779911711,516.093,SF-P3O-NoSpectral,Walker2d-v4,0
897786,reward,6570,531.2787663113312,527.515,SF-P3O-NoSpectral,Walker2d-v4,0
897989,reward,6571,623.2574453996849,553.804,SF-P3O-NoSpectral,Walker2d-v4,0
898124,reward,6572,393.6928157173439,551.997,SF-P3O-NoSpectral,Walker2d-v4,0
898284,reward,6573,430.2144925859085,557.747,SF-P3O-NoSpectral,Walker2d-v4,0
898521,reward,6574,670.8006337781546,593.644,SF-P3O-NoSpectral,Walker2d-v4,0
898601,reward,6575,183.15698624424493,537.381,SF-P3O-NoSpectral,Walker2d-v4,0
898822,reward,6576,678.5825580689013,565.553,SF-P3O-NoSpectral,Walker2d-v4,0
899030,reward,6577,632.2166873124946,568.751,SF-P3O-NoSpectral,Walker2d-v4,0
899168,reward,6578,369.9377698090843,541.112,SF-P3O-NoSpectral,Walker2d-v4,0
899325,reward,6579,447.6571492029886,496.08,SF-P3O-NoSpectral,Walker2d-v4,0
899638,reward,6580,1028.5396037018727,545.806,SF-P3O-NoSpectral,Walker2d-v4,0
899814,reward,6581,525.1877385466483,535.999,SF-P3O-NoSpectral,Walker2d-v4,0
899970,reward,6582,447.611048810476,541.39,SF-P3O-NoSpectral,Walker2d-v4,0
900000,speed,706.94,27.25,SF-P3O-NoSpectral,Walker2d-v4,0
900000,perturb,0.085712,0.94105,0.7723,18726,49120,0.661262,18,SF-P3O-NoSpectral,Walker2d-v4,0
900045,reward,6583,170.05899013424508,515.375,SF-P3O-NoSpectral,Walker2d-v4,0
900284,reward,6584,705.0650568043845,518.801,SF-P3O-NoSpectral,Walker2d-v4,0
900709,reward,6585,1217.855020888045,622.271,SF-P3O-NoSpectral,Walker2d-v4,0
900863,reward,6586,441.710687934879,598.584,SF-P3O-NoSpectral,Walker2d-v4,0
901030,reward,6587,535.63750564216,588.926,SF-P3O-NoSpectral,Walker2d-v4,0
901120,loss,-0.024635832756757736,0.441994845867157,SF-P3O-NoSpectral,Walker2d-v4,0
901120,diagnostics,0.0,95.34,35.9467,0.085942,0.941045,0.7738,0.119771,SF-P3O-NoSpectral,Walker2d-v4,0
901151,reward,6588,325.8842766287389,584.521,SF-P3O-NoSpectral,Walker2d-v4,0
901342,reward,6589,623.0027697190036,602.055,SF-P3O-NoSpectral,Walker2d-v4,0
901457,reward,6590,322.04701810514837,531.406,SF-P3O-NoSpectral,Walker2d-v4,0
901632,reward,6591,507.34729580329,529.622,SF-P3O-NoSpectral,Walker2d-v4,0
901777,reward,6592,444.15675105651684,529.277,SF-P3O-NoSpectral,Walker2d-v4,0
901930,reward,6593,431.008096516759,555.371,SF-P3O-NoSpectral,Walker2d-v4,0
902137,reward,6594,646.0700746783946,549.472,SF-P3O-NoSpectral,Walker2d-v4,0
902236,reward,6595,260.52549269983285,453.739,SF-P3O-NoSpectral,Walker2d-v4,0
902386,reward,6596,429.63887498626633,452.532,SF-P3O-NoSpectral,Walker2d-v4,0
902517,reward,6597,347.59895650812405,433.728,SF-P3O-NoSpectral,Walker2d-v4,0
902691,reward,6598,477.77844894905127,448.917,SF-P3O-NoSpectral,Walker2d-v4,0
902837,reward,6599,409.9774716401152,427.615,SF-P3O-NoSpectral,Walker2d-v4,0
903028,reward,6600,503.61278325966174,445.771,SF-P3O-NoSpectral,Walker2d-v4,0
903316,reward,6601,899.245120701173,484.961,SF-P3O-NoSpectral,Walker2d-v4,0
903654,reward,6602,869.2347253335108,527.469,SF-P3O-NoSpectral,Walker2d-v4,0
903793,reward,6603,398.34750562378184,524.203,SF-P3O-NoSpectral,Walker2d-v4,0
903966,reward,6604,488.7901217941325,508.475,SF-P3O-NoSpectral,Walker2d-v4,0
904171,reward,6605,636.5467936039588,546.077,SF-P3O-NoSpectral,Walker2d-v4,0
904363,reward,6606,604.155404916457,563.529,SF-P3O-NoSpectral,Walker2d-v4,0
904530,reward,6607,493.88797000210053,578.158,SF-P3O-NoSpectral,Walker2d-v4,0
904698,reward,6608,482.9453094403579,578.674,SF-P3O-NoSpectral,Walker2d-v4,0
904936,reward,6609,668.5698288112924,604.534,SF-P3O-NoSpectral,Walker2d-v4,0
905256,reward,6610,985.6005249756937,652.732,SF-P3O-NoSpectral,Walker2d-v4,0
905403,reward,6611,417.16797005965634,604.525,SF-P3O-NoSpectral,Walker2d-v4,0
905602,reward,6612,651.8046166883057,582.782,SF-P3O-NoSpectral,Walker2d-v4,0
905807,reward,6613,624.7773106548858,605.425,SF-P3O-NoSpectral,Walker2d-v4,0
905992,reward,6614,562.1981428086194,612.765,SF-P3O-NoSpectral,Walker2d-v4,0
906136,reward,6615,429.02357535728413,592.013,SF-P3O-NoSpectral,Walker2d-v4,0
906306,reward,6616,441.4760943764363,575.745,SF-P3O-NoSpectral,Walker2d-v4,0
906518,reward,6617,668.6915697134646,593.225,SF-P3O-NoSpectral,Walker2d-v4,0
906649,reward,6618,361.5346279654536,581.084,SF-P3O-NoSpectral,Walker2d-v4,0
906791,reward,6619,422.2443615018929,556.452,SF-P3O-NoSpectral,Walker2d-v4,0
906994,reward,6620,650.7230238236443,522.964,SF-P3O-NoSpectral,Walker2d-v4,0
907135,reward,6621,408.82922972949973,522.13,SF-P3O-NoSpectral,Walker2d-v4,0
907279,reward,6622,389.2019768227506,495.87,SF-P3O-NoSpectral,Walker2d-v4,0
907496,reward,6623,657.2547574501706,499.118,SF-P3O-NoSpectral,Walker2d-v4,0
907683,reward,6624,551.5718982162106,498.055,SF-P3O-NoSpectral,Walker2d-v4,0
907853,reward,6625,492.9728975017431,504.45,SF-P3O-NoSpectral,Walker2d-v4,0
908006,reward,6626,444.0590880939497,504.708,SF-P3O-NoSpectral,Walker2d-v4,0
908160,reward,6627,410.95064343206764,478.934,SF-P3O-NoSpectral,Walker2d-v4,0
908341,reward,6628,565.8450475255419,499.365,SF-P3O-NoSpectral,Walker2d-v4,0
908497,reward,6629,459.3798412721745,503.079,SF-P3O-NoSpectral,Walker2d-v4,0
908703,reward,6630,582.6918029346713,496.276,SF-P3O-NoSpectral,Walker2d-v4,0
908937,reward,6631,627.0952610016348,518.102,SF-P3O-NoSpectral,Walker2d-v4,0
909083,reward,6632,394.6154801869484,518.644,SF-P3O-NoSpectral,Walker2d-v4,0
909300,reward,6633,664.1424332506334,519.332,SF-P3O-NoSpectral,Walker2d-v4,0
909312,loss,-0.0005353812593966722,0.9858260154724121,SF-P3O-NoSpectral,Walker2d-v4,0
909497,reward,6634,623.9688264246429,526.572,SF-P3O-NoSpectral,Walker2d-v4,0
909643,reward,6635,402.07015749886403,517.482,SF-P3O-NoSpectral,Walker2d-v4,0
909894,reward,6636,798.4804094891381,552.924,SF-P3O-NoSpectral,Walker2d-v4,0
910000,speed,477.47,27.6,SF-P3O-NoSpectral,Walker2d-v4,0
910030,reward,6637,367.64004171268095,548.593,SF-P3O-NoSpectral,Walker2d-v4,0
910185,reward,6638,416.0486809527969,533.613,SF-P3O-NoSpectral,Walker2d-v4,0
910384,reward,6639,554.6969919829722,543.145,SF-P3O-NoSpectral,Walker2d-v4,0
910584,reward,6640,621.7027049308441,547.046,SF-P3O-NoSpectral,Walker2d-v4,0
910778,reward,6641,579.4519954605294,542.282,SF-P3O-NoSpectral,Walker2d-v4,0
911012,reward,6642,758.097547384179,578.63,SF-P3O-NoSpectral,Walker2d-v4,0
911198,reward,6643,530.3211304731853,565.248,SF-P3O-NoSpectral,Walker2d-v4,0
911341,reward,6644,410.38706275376256,543.89,SF-P3O-NoSpectral,Walker2d-v4,0
911487,reward,6645,401.18900969140657,543.802,SF-P3O-NoSpectral,Walker2d-v4,0
911721,reward,6646,709.7854692083956,534.932,SF-P3O-NoSpectral,Walker2d-v4,0
911959,reward,6647,709.8352510562511,569.152,SF-P3O-NoSpectral,Walker2d-v4,0
912247,reward,6648,779.6635321947766,605.513,SF-P3O-NoSpectral,Walker2d-v4,0
912398,reward,6649,447.94688409157555,594.838,SF-P3O-NoSpectral,Walker2d-v4,0
912580,reward,6650,572.8224761980961,589.95,SF-P3O-NoSpectral,Walker2d-v4,0
912833,reward,6651,728.3071132966968,604.836,SF-P3O-NoSpectral,Walker2d-v4,0
913005,reward,6652,495.12725073569794,578.539,SF-P3O-NoSpectral,Walker2d-v4,0
913134,reward,6653,353.8398749510938,560.89,SF-P3O-NoSpectral,Walker2d-v4,0
913290,reward,6654,414.7883948096144,561.331,SF-P3O-NoSpectral,Walker2d-v4,0
913449,reward,6655,462.2036550491928,567.432,SF-P3O-NoSpectral,Walker2d-v4,0
913683,reward,6656,739.893425799628,570.443,SF-P3O-NoSpectral,Walker2d-v4,0
913854,reward,6657,491.6324314590738,548.623,SF-P3O-NoSpectral,Walker2d-v4,0
913977,reward,6658,339.75189683419865,504.631,SF-P3O-NoSpectral,Walker2d-v4,0
914190,reward,6659,519.6317306691058,511.8,SF-P3O-NoSpectral,Walker2d-v4,0
914339,reward,6660,449.26840144526096,499.444,SF-P3O-NoSpectral,Walker2d-v4,0
914489,reward,6661,411.4148236207483,467.755,SF-P3O-NoSpectral,Walker2d-v4,0
914688,reward,6662,564.5595281842787,474.698,SF-P3O-NoSpectral,Walker2d-v4,0
914863,reward,6663,560.3879832159457,495.353,SF-P3O-NoSpectral,Walker2d-v4,0
915109,reward,6664,710.7248824754978,524.947,SF-P3O-NoSpectral,Walker2d-v4,0
915260,reward,6665,423.8385542013639,521.11,SF-P3O-NoSpectral,Walker2d-v4,0
915427,reward,6666,513.0014286045042,498.421,SF-P3O-NoSpectral,Walker2d-v4,0
915617,reward,6667,608.4975626747174,510.108,SF-P3O-NoSpectral,Walker2d-v4,0
915777,reward,6668,432.0822463401716,519.341,SF-P3O-NoSpectral,Walker2d-v4,0
915934,reward,6669,431.51616359072034,510.529,SF-P3O-NoSpectral,Walker2d-v4,0
916064,reward,6670,323.94232725956067,497.997,SF-P3O-NoSpectral,Walker2d-v4,0
916281,reward,6671,678.4132634302152,524.696,SF-P3O-NoSpectral,Walker2d-v4,0
916341,reward,6672,100.80815618839728,478.321,SF-P3O-NoSpectral,Walker2d-v4,0
916478,reward,6673,349.72911733813805,457.255,SF-P3O-NoSpectral,Walker2d-v4,0
916659,reward,6674,557.0560202230563,441.888,SF-P3O-NoSpectral,Walker2d-v4,0
916886,reward,6675,660.5478957673112,465.559,SF-P3O-NoSpectral,Walker2d-v4,0
917032,reward,6676,383.3408360164804,452.593,SF-P3O-NoSpectral,Walker2d-v4,0
917273,reward,6677,728.8491881494757,464.629,SF-P3O-NoSpectral,Walker2d-v4,0
917462,reward,6678,621.2659310601357,483.547,SF-P3O-NoSpectral,Walker2d-v4,0
917504,loss,-0.10597136616706848,0.5677891969680786,SF-P3O-NoSpectral,Walker2d-v4,0
917504,diagnostics,0.0,95.59,45.8222,0.086495,0.940685,0.82,0.110907,SF-P3O-NoSpectral,Walker2d-v4,0
917577,reward,6679,305.7844838994614,470.974,SF-P3O-NoSpectral,Walker2d-v4,0
917751,reward,6680,498.6034796390807,488.44,SF-P3O-NoSpectral,Walker2d-v4,0
917875,reward,6681,324.96562987610434,453.095,SF-P3O-NoSpectral,Walker2d-v4,0
918022,reward,6682,464.37818738643557,489.452,SF-P3O-NoSpectral,Walker2d-v4,0
918204,reward,6683,544.2972116969536,508.909,SF-P3O-NoSpectral,Walker2d-v4,0
918351,reward,6684,424.5791912953764,495.661,SF-P3O-NoSpectral,Walker2d-v4,0
918503,reward,6685,406.7658168019372,470.283,SF-P3O-NoSpectral,Walker2d-v4,0
918690,reward,6686,554.1544116540375,487.364,SF-P3O-NoSpectral,Walker2d-v4,0
918913,reward,6687,686.3949123176701,483.119,SF-P3O-NoSpectral,Walker2d-v4,0
919048,reward,6688,375.37186484290464,458.53,SF-P3O-NoSpectral,Walker2d-v4,0
919234,reward,6689,564.3724033295154,484.388,SF-P3O-NoSpectral,Walker2d-v4,0
919454,reward,6690,611.3317364251528,495.661,SF-P3O-NoSpectral,Walker2d-v4,0
919687,reward,6691,711.835857727701,534.348,SF-P3O-NoSpectral,Walker2d-v4,0
919811,reward,6692,339.6578506252963,521.876,SF-P3O-NoSpectral,Walker2d-v4,0
920000,speed,697.9,27.84,SF-P3O-NoSpectral,Walker2d-v4,0
920028,reward,6693,660.2070559917308,533.467,SF-P3O-NoSpectral,Walker2d-v4,0
920137,reward,6694,287.08952427233174,519.718,SF-P3O-NoSpectral,Walker2d-v4,0
920338,reward,6695,627.3500895878619,541.777,SF-P3O-NoSpectral,Walker2d-v4,0
920539,reward,6696,572.1689763402427,543.578,SF-P3O-NoSpectral,Walker2d-v4,0
920779,reward,6697,692.3701110091372,544.176,SF-P3O-NoSpectral,Walker2d-v4,0
920952,reward,6698,497.1622699996442,556.355,SF-P3O-NoSpectral,Walker2d-v4,0
921103,reward,6699,408.8521788392165,540.803,SF-P3O-NoSpectral,Walker2d-v4,0
921239,reward,6700,364.8874062737007,516.158,SF-P3O-NoSpectral,Walker2d-v4,0
921564,reward,6701,973.8796616880946,542.363,SF-P3O-NoSpectral,Walker2d-v4,0
921703,reward,6702,399.3678018373558,548.334,SF-P3O-NoSpectral,Walker2d-v4,0
921947,reward,6703,762.3075809214912,558.544,SF-P3O-NoSpectral,Walker2d-v4,0
922089,reward,6704,370.77835358495525,566.912,SF-P3O-NoSpectral,Walker2d-v4,0
922330,reward,6705,686.3116033423825,572.809,SF-P3O-NoSpectral,Walker2d-v4,0
922591,reward,6706,840.0872606922081,599.6,SF-P3O-NoSpectral,Walker2d-v4,0
922696,reward,6707,280.7534222940148,558.439,SF-P3O-NoSpectral,Walker2d-v4,0
922810,reward,6708,313.6564048969401,540.088,SF-P3O-NoSpectral,Walker2d-v4,0
923136,reward,6709,970.0553186791291,596.208,SF-P3O-NoSpectral,Walker2d-v4,0
923326,reward,6710,605.6177148954238,620.282,SF-P3O-NoSpectral,Walker2d-v4,0
923479,reward,6711,406.794039252184,563.573,SF-P3O-NoSpectral,Walker2d-v4,0
923821,reward,6712,923.8668145813226,616.023,SF-P3O-NoSpectral,Walker2d-v4,0
924043,reward,6713,685.1534629909418,608.307,SF-P3O-NoSpectral,Walker2d-v4,0
924279,reward,6714,733.6990766277083,644.6,SF-P3O-NoSpectral,Walker2d-v4,0
924435,reward,6715,430.3106121825935,618.999,SF-P3O-NoSpectral,Walker2d-v4,0
924586,reward,6716,447.46317668089415,579.737,SF-P3O-NoSpectral,Walker2d-v4,0
924764,reward,6717,545.4692306714862,606.209,SF-P3O-NoSpectral,Walker2d-v4,0
924977,reward,6718,666.12421042649,641.455,SF-P3O-NoSpectral,Walker2d-v4,0
925115,reward,6719,387.43712612649756,583.194,SF-P3O-NoSpectral,Walker2d-v4,0
925333,reward,6720,690.0827682545399,591.64,SF-P3O-NoSpectral,Walker2d-v4,0
925495,reward,6721,430.0372798151112,593.964,SF-P3O-NoSpectral,Walker2d-v4,0
925625,reward,6722,336.74106057603063,535.252,SF-P3O-NoSpectral,Walker2d-v4,0
925696,loss,-0.03228064626455307,0.7757061719894409,SF-P3O-NoSpectral,Walker2d-v4,0
925758,reward,6723,331.86404391013986,499.923,SF-P3O-NoSpectral,Walker2d-v4,0
925901,reward,6724,399.9348875175148,466.546,SF-P3O-NoSpectral,Walker2d-v4,0
926245,reward,6725,970.0928763381212,520.525,SF-P3O-NoSpectral,Walker2d-v4,0
926437,reward,6726,574.0387927237907,533.182,SF-P3O-NoSpectral,Walker2d-v4,0
926614,reward,6727,563.309846315833,534.966,SF-P3O-NoSpectral,Walker2d-v4,0
926818,reward,6728,658.4314300892117,534.197,SF-P3O-NoSpectral,Walker2d-v4,0
926977,reward,6729,451.4642127733748,540.6,SF-P3O-NoSpectral,Walker2d-v4,0
927108,reward,6730,338.9188187805907,505.483,SF-P3O-NoSpectral,Walker2d-v4,0
927263,reward,6731,444.0098753783562,506.881,SF-P3O-NoSpectral,Walker2d-v4,0
927425,reward,6732,518.0504204373195,525.012,SF-P3O-NoSpectral,Walker2d-v4,0
927578,reward,6733,411.46309583410715,532.971,SF-P3O-NoSpectral,Walker2d-v4,0
927829,reward,6734,773.1914211566826,570.297,SF-P3O-NoSpectral,Walker2d-v4,0
927938,reward,6735,307.8955728056318,504.077,SF-P3O-NoSpectral,Walker2d-v4,0
928111,reward,6736,533.1316179869015,499.987,SF-P3O-NoSpectral,Walker2d-v4,0
928265,reward,6737,503.1868989035856,493.974,SF-P3O-NoSpectral,Walker2d-v4,0
928539,reward,6738,722.0943269512074,500.341,SF-P3O-NoSpectral,Walker2d-v4,0
928734,reward,6739,509.0198751157094,506.096,SF-P3O-NoSpectral,Walker2d-v4,0
928913,reward,6740,558.3548155702073,528.04,SF-P3O-NoSpectral,Walker2d-v4,0
929119,reward,6741,641.7986328822868,547.819,SF-P3O-NoSpectral,Walker2d-v4,0
929274,reward,6742,433.20956527205965,539.335,SF-P3O-NoSpectral,Walker2d-v4,0
929447,reward,6743,495.16377060170373,547.705,SF-P3O-NoSpectral,Walker2d-v4,0
929649,reward,6744,630.8240806143639,533.468,SF-P3O-NoSpectral,Walker2d-v4,0
929798,reward,6745,410.9664613142492,543.775,SF-P3O-NoSpectral,Walker2d-v4,0
929957,reward,6746,431.4471357551973,533.607,SF-P3O-NoSpectral,Walker2d-v4,0
930000,speed,737.78,28.07,SF-P3O-NoSpectral,Walker2d-v4,0
930123,reward,6747,474.1693508023049,530.705,SF-P3O-NoSpectral,Walker2d-v4,0
930276,reward,6748,477.9532838189159,506.291,SF-P3O-NoSpectral,Walker2d-v4,0
930463,reward,6749,577.9044847349,513.179,SF-P3O-NoSpectral,Walker2d-v4,0
930634,reward,6750,488.0875136126523,506.152,SF-P3O-NoSpectral,Walker2d-v4,0
930775,reward,6751,387.5305119340227,480.726,SF-P3O-NoSpectral,Walker2d-v4,0
931007,reward,6752,735.091296312233,510.914,SF-P3O-NoSpectral,Walker2d-v4,0
931209,reward,6753,630.4369410721279,524.441,SF-P3O-NoSpectral,Walker2d-v4,0
931335,reward,6754,346.9366874398611,496.052,SF-P3O-NoSpectral,Walker2d-v4,0
931529,reward,6755,596.2757844608396,514.583,SF-P3O-NoSpectral,Walker2d-v4,0
931799,reward,6756,840.99837807689,555.538,SF-P3O-NoSpectral,Walker2d-v4,0
931961,reward,6757,480.67875490349746,556.189,SF-P3O-NoSpectral,Walker2d-v4,0
932197,reward,6758,750.0474267293073,583.399,SF-P3O-NoSpectral,Walker2d-v4,0
932437,reward,6759,695.7061084181832,595.179,SF-P3O-NoSpectral,Walker2d-v4,0
932752,reward,6760,994.3192090417288,645.802,SF-P3O-NoSpectral,Walker2d-v4,0
933009,reward,6761,816.7134702008226,688.72,SF-P3O-NoSpectral,Walker2d-v4,0
933203,reward,6762,567.7535163584612,671.987,SF-P3O-NoSpectral,Walker2d-v4,0
933473,reward,6763,816.4529248736327,690.588,SF-P3O-NoSpectral,Walker2d-v4,0
933676,reward,6764,627.0911203575575,718.604,SF-P3O-NoSpectral,Walker2d-v4,0
933874,reward,6765,599.1918758895949,718.895,SF-P3O-NoSpectral,Walker2d-v4,0
933888,loss,-0.16646389663219452,0.5321075320243835,SF-P3O-NoSpectral,Walker2d-v4,0
933888,diagnostics,0.0,95.83,28.4384,0.086823,0.940846,0.8415,0.107829,SF-P3O-NoSpectral,Walker2d-v4,0
934088,reward,6766,674.5990133466878,702.255,SF-P3O-NoSpectral,Walker2d-v4,0
934250,reward,6767,485.8134069281575,702.769,SF-P3O-NoSpectral,Walker2d-v4,0
934454,reward,6768,643.4155396115715,692.106,SF-P3O-NoSpectral,Walker2d-v4,0
934598,reward,6769,379.47175341411804,660.482,SF-P3O-NoSpectral,Walker2d-v4,0
934860,reward,6770,800.240255034966,641.074,SF-P3O-NoSpectral,Walker2d-v4,0
935141,reward,6771,904.1525557584932,649.818,SF-P3O-NoSpectral,Walker2d-v4,0
935310,reward,6772,454.2382682864469,638.467,SF-P3O-NoSpectral,Walker2d-v4,0
935540,reward,6773,686.8547709683822,625.507,SF-P3O-NoSpectral,Walker2d-v4,0
935686,reward,6774,407.080414552849,603.506,SF-P3O-NoSpectral,Walker2d-v4,0
935882,reward,6775,618.3725851566487,605.424,SF-P3O-NoSpectral,Walker2d-v4,0
936045,reward,6776,448.73298637189583,582.837,SF-P3O-NoSpectral,Walker2d-v4,0
936203,reward,6777,447.82212401431,579.038,SF-P3O-NoSpectral,Walker2d-v4,0
936356,reward,6778,438.4190177761012,558.538,SF-P3O-NoSpectral,Walker2d-v4,0
936595,reward,6779,701.6586739196106,590.757,SF-P3O-NoSpectral,Walker2d-v4,0
936754,reward,6780,466.90639465735546,557.424,SF-P3O-NoSpectral,Walker2d-v4,0
936883,reward,6781,355.67588693584,502.576,SF-P3O-NoSpectral,Walker2d-v4,0
937093,reward,6782,664.8485615819138,523.637,SF-P3O-NoSpectral,Walker2d-v4,0
937357,reward,6783,826.9011173372023,537.642,SF-P3O-NoSpectral,Walker2d-v4,0
937562,reward,6784,653.5201399314997,562.286,SF-P3O-NoSpectral,Walker2d-v4,0
937805,reward,6785,795.5078216581401,579.999,SF-P3O-NoSpectral,Walker2d-v4,0
937987,reward,6786,548.2785815565052,589.954,SF-P3O-NoSpectral,Walker2d-v4,0
938151,reward,6787,485.39709015676414,593.711,SF-P3O-NoSpectral,Walker2d-v4,0
938413,reward,6788,853.853629315154,635.255,SF-P3O-NoSpectral,Walker2d-v4,0
938564,reward,6789,438.56350353114783,608.945,SF-P3O-NoSpectral,Walker2d-v4,0
938793,reward,6790,704.1962286944989,632.674,SF-P3O-NoSpectral,Walker2d-v4,0
939008,reward,6791,687.0718420469866,665.814,SF-P3O-NoSpectral,Walker2d-v4,0
939278,reward,6792,797.828487590432,679.112,SF-P3O-NoSpectral,Walker2d-v4,0
939568,reward,6793,876.1138118662645,684.033,SF-P3O-NoSpectral,Walker2d-v4,0
939847,reward,6794,834.4721631390697,702.128,SF-P3O-NoSpectral,Walker2d-v4,0
940000,speed,758.33,28.29,SF-P3O-NoSpectral,Walker2d-v4,0
940072,reward,6795,653.9080355996564,687.968,SF-P3O-NoSpectral,Walker2d-v4,0
940276,reward,6796,611.5258721810031,694.293,SF-P3O-NoSpectral,Walker2d-v4,0
940458,reward,6797,518.2525096308261,697.579,SF-P3O-NoSpectral,Walker2d-v4,0
940749,reward,6798,907.4829372122151,702.942,SF-P3O-NoSpectral,Walker2d-v4,0
940896,reward,6799,436.71513507919263,702.757,SF-P3O-NoSpectral,Walker2d-v4,0
941040,reward,6800,401.5663784001779,672.494,SF-P3O-NoSpectral,Walker2d-v4,0
941229,reward,6801,583.2082466195016,662.107,SF-P3O-NoSpectral,Walker2d-v4,0
941539,reward,6802,955.101023507375,677.835,SF-P3O-NoSpectral,Walker2d-v4,0
941669,reward,6803,370.93630109325306,627.317,SF-P3O-NoSpectral,Walker2d-v4,0
941877,reward,6804,617.750124113094,605.645,SF-P3O-NoSpectral,Walker2d-v4,0
942028,reward,6805,438.9677680249787,584.151,SF-P3O-NoSpectral,Walker2d-v4,0
942080,loss,-0.02531762234866619,0.906447172164917,SF-P3O-NoSpectral,Walker2d-v4,0
942128,reward,6806,260.665881258661,549.065,SF-P3O-NoSpectral,Walker2d-v4,0
942192,reward,6807,126.31962612627343,509.871,SF-P3O-NoSpectral,Walker2d-v4,0
942408,reward,6808,621.5417160052067,481.277,SF-P3O-NoSpectral,Walker2d-v4,0
942601,reward,6809,511.9540114731024,488.801,SF-P3O-NoSpectral,Walker2d-v4,0
942860,reward,6810,726.5995384545857,521.304,SF-P3O-NoSpectral,Walker2d-v4,0
943046,reward,6811,536.8725233632637,516.671,SF-P3O-NoSpectral,Walker2d-v4,0
943201,reward,6812,481.9913234196655,469.36,SF-P3O-NoSpectral,Walker2d-v4,0
943384,reward,6813,548.2946929318458,487.096,SF-P3O-NoSpectral,Walker2d-v4,0
943543,reward,6814,441.5352623689521,469.474,SF-P3O-NoSpectral,Walker2d-v4,0
943683,reward,6815,403.9195627728824,465.969,SF-P3O-NoSpectral,Walker2d-v4,0
943881,reward,6816,551.9401010296298,495.097,SF-P3O-NoSpectral,Walker2d-v4,0
944060,reward,6817,544.97804876294,536.963,SF-P3O-NoSpectral,Walker2d-v4,0
944195,reward,6818,367.2863165491998,511.537,SF-P3O-NoSpectral,Walker2d-v4,0
944429,reward,6819,690.9038535344515,529.432,SF-P3O-NoSpectral,Walker2d-v4,0
944592,reward,6820,454.2652573317903,502.199,SF-P3O-NoSpectral,Walker2d-v4,0
944775,reward,6821,602.7805955888962,508.79,SF-P3O-NoSpectral,Walker2d-v4,0
944993,reward,6822,661.4276094631218,526.733,SF-P3O-NoSpectral,Walker2d-v4,0
945223,reward,6823,709.7375225512833,542.877,SF-P3O-NoSpectral,Walker2d-v4,0
945428,reward,6824,655.9982681555649,564.324,SF-P3O-NoSpectral,Walker2d-v4,0
945648,reward,6825,575.3604830623509,581.468,SF-P3O-NoSpectral,Walker2d-v4,0
945936,reward,6826,904.0030080099856,616.674,SF-P3O-NoSpectral,Walker2d-v4,0
946081,reward,6827,401.6179805502868,602.338,SF-P3O-NoSpectral,Walker2d-v4,0
946243,reward,6828,457.06712131981266,611.316,SF-P3O-NoSpectral,Walker2d-v4,0
946406,reward,6829,504.14258305903684,592.64,SF-P3O-NoSpectral,Walker2d-v4,0
946680,reward,6830,910.7484607333265,638.288,SF-P3O-NoSpectral,Walker2d-v4,0
946881,reward,6831,574.8047905688466,635.491,SF-P3O-NoSpectral,Walker2d-v4,0
947161,reward,6832,874.7561176529077,656.824,SF-P3O-NoSpectral,Walker2d-v4,0
947370,reward,6833,658.9628326027322,651.746,SF-P3O-NoSpectral,Walker2d-v4,0
947526,reward,6834,427.2096612694343,628.867,SF-P3O-NoSpectral,Walker2d-v4,0
947699,reward,6835,521.4079411116594,623.472,SF-P3O-NoSpectral,Walker2d-v4,0
947819,reward,6836,286.8907377323584,561.761,SF-P3O-NoSpectral,Walker2d-v4,0
948057,reward,6837,699.1927376957193,591.518,SF-P3O-NoSpectral,Walker2d-v4,0
948236,reward,6838,595.5919149394958,605.371,SF-P3O-NoSpectral,Walker2d-v4,0
948389,reward,6839,440.524532498959,599.009,SF-P3O-NoSpectral,Walker2d-v4,0
948564,reward,6840,438.28087330010175,551.762,SF-P3O-NoSpectral,Walker2d-v4,0
948688,reward,6841,348.8180835648617,529.164,SF-P3O-NoSpectral,Walker2d-v4,0
949027,reward,6842,1069.6231155862317,548.65,SF-P3O-NoSpectral,Walker2d-v4,0
949236,reward,6843,539.9823134813823,536.752,SF-P3O-NoSpectral,Walker2d-v4,0
949470,reward,6844,567.7407434076489,550.805,SF-P3O-NoSpectral,Walker2d-v4,0
949615,reward,6845,392.54905820343475,537.919,SF-P3O-NoSpectral,Walker2d-v4,0
949765,reward,6846,433.01595845401624,552.532,SF-P3O-NoSpectral,Walker2d-v4,0
950000,speed,743.2,28.51,SF-P3O-NoSpectral,Walker2d-v4,0
950000,perturb,0.088234,0.94007,0.8476,17958,49888,0.714701,19,SF-P3O-NoSpectral,Walker2d-v4,0
950011,reward,6847,757.8968580186015,558.402,SF-P3O-NoSpectral,Walker2d-v4,0
950176,reward,6848,475.77613334824775,546.421,SF-P3O-NoSpectral,Walker2d-v4,0
950272,loss,-0.04049680754542351,0.7236469984054565,SF-P3O-NoSpectral,Walker2d-v4,0
950272,diagnostics,0.0,98.26,64.4169,0.088496,0.940073,0.8608,0.115298,SF-P3O-NoSpectral,Walker2d-v4,0
950375,reward,6849,632.1024180542461,565.579,SF-P3O-NoSpectral,Walker2d-v4,0
950525,reward,6850,445.9028257184483,566.341,SF-P3O-NoSpectral,Walker2d-v4,0
950699,reward,6851,473.74993868392704,578.834,SF-P3O-NoSpectral,Walker2d-v4,0
950928,reward,6852,707.2278848414059,542.594,SF-P3O-NoSpectral,Walker2d-v4,0
951071,reward,6853,426.68479720786894,531.265,SF-P3O-NoSpectral,Walker2d-v4,0
951208,reward,6854,385.97626906984146,513.088,SF-P3O-NoSpectral,Walker2d-v4,0
951379,reward,6855,521.851385229794,526.018,SF-P3O-NoSpectral,Walker2d-v4,0
951575,reward,6856,639.0242727507413,546.619,SF-P3O-NoSpectral,Walker2d-v4,0
951755,reward,6857,553.1172823642864,526.141,SF-P3O-NoSpectral,Walker2d-v4,0
952030,reward,6858,832.4247444537167,561.806,SF-P3O-NoSpectral,Walker2d-v4,0
952286,reward,6859,830.3183137134939,581.628,SF-P3O-NoSpectral,Walker2d-v4,0
952432,reward,6860,405.9472362373267,577.632,SF-P3O-NoSpectral,Walker2d-v4,0
952649,reward,6861,699.9985990282614,600.257,SF-P3O-NoSpectral,Walker2d-v4,0
952755,reward,6862,282.55743918908786,557.79,SF-P3O-NoSpectral,Walker2d-v4,0
952923,reward,6863,525.6138548414732,567.683,SF-P3O-NoSpectral,Walker2d-v4,0
953120,reward,6864,659.653932042306,595.051,SF-P3O-NoSpectral,Walker2d-v4,0
953319,reward,6865,612.1927959403366,604.085,SF-P3O-NoSpectral,Walker2d-v4,0
953519,reward,6866,628.3174912643703,603.014,SF-P3O-NoSpectral,Walker2d-v4,0
953775,reward,6867,829.1573402126778,630.618,SF-P3O-NoSpectral,Walker2d-v4,0
953924,reward,6868,472.6160334426667,594.637,SF-P3O-NoSpectral,Walker2d-v4,0
954079,reward,6869,454.04174045665553,557.01,SF-P3O-NoSpectral,Walker2d-v4,0
954287,reward,6870,677.8808165287827,584.203,SF-P3O-NoSpectral,Walker2d-v4,0
954436,reward,6871,439.10581736627097,558.114,SF-P3O-NoSpectral,Walker2d-v4,0
954650,reward,6872,638.8860197543651,593.747,SF-P3O-NoSpectral,Walker2d-v4,0
954932,reward,6873,910.9137936372315,632.277,SF-P3O-NoSpectral,Walker2d-v4,0
955126,reward,6874,599.7425441486785,626.285,SF-P3O-NoSpectral,Walker2d-v4,0
955328,reward,6875,633.4488799484901,628.411,SF-P3O-NoSpectral,Walker2d-v4,0
955469,reward,6876,378.27745216317925,603.407,SF-P3O-NoSpectral,Walker2d-v4,0
955706,reward,6877,742.2620189112104,594.718,SF-P3O-NoSpectral,Walker2d-v4,0
955917,reward,6878,656.7847799388301,613.134,SF-P3O-NoSpectral,Walker2d-v4,0
956084,reward,6879,523.0975380580633,620.04,SF-P3O-NoSpectral,Walker2d-v4,0
956260,reward,6880,557.7587020219202,608.028,SF-P3O-NoSpectral,Walker2d-v4,0
956392,reward,6881,376.2622666323427,601.743,SF-P3O-NoSpectral,Walker2d-v4,0
956516,reward,6882,329.388570087423,570.794,SF-P3O-NoSpectral,Walker2d-v4,0
956680,reward,6883,500.1149425585022,529.714,SF-P3O-NoSpectral,Walker2d-v4,0
956883,reward,6884,601.6837797958093,529.908,SF-P3O-NoSpectral,Walker2d-v4,0
957107,reward,6885,684.5326102783316,535.016,SF-P3O-NoSpectral,Walker2d-v4,0
957264,reward,6886,448.6098227697465,542.05,SF-P3O-NoSpectral,Walker2d-v4,0
957454,reward,6887,598.9976879670112,527.723,SF-P3O-NoSpectral,Walker2d-v4,0
957739,reward,6888,908.7031902919374,552.915,SF-P3O-NoSpectral,Walker2d-v4,0
958075,reward,6889,981.9179654795748,598.797,SF-P3O-NoSpectral,Walker2d-v4,0
958205,reward,6890,342.29414617990966,577.25,SF-P3O-NoSpectral,Walker2d-v4,0
958422,reward,6891,710.7854480766179,610.703,SF-P3O-NoSpectral,Walker2d-v4,0
958464,loss,-0.07163222134113312,0.7950420379638672,SF-P3O-NoSpectral,Walker2d-v4,0
958581,reward,6892,473.9263202564319,625.157,SF-P3O-NoSpectral,Walker2d-v4,0
958754,reward,6893,550.6030988643797,630.205,SF-P3O-NoSpectral,Walker2d-v4,0
958984,reward,6894,693.1812477230563,639.355,SF-P3O-NoSpectral,Walker2d-v4,0
959112,reward,6895,320.3395602115101,602.936,SF-P3O-NoSpectral,Walker2d-v4,0
959387,reward,6896,677.6759561008992,625.842,SF-P3O-NoSpectral,Walker2d-v4,0
959617,reward,6897,712.4114854579951,637.184,SF-P3O-NoSpectral,Walker2d-v4,0
959914,reward,6898,921.6118933972512,638.475,SF-P3O-NoSpectral,Walker2d-v4,0
960000,speed,503.73,28.84,SF-P3O-NoSpectral,Walker2d-v4,0
960090,reward,6899,547.0446770116132,594.987,SF-P3O-NoSpectral,Walker2d-v4,0
960274,reward,6900,547.458345103919,615.504,SF-P3O-NoSpectral,Walker2d-v4,0
960508,reward,6901,688.1612138364148,613.241,SF-P3O-NoSpectral,Walker2d-v4,0
960649,reward,6902,406.8100992275301,606.53,SF-P3O-NoSpectral,Walker2d-v4,0
960902,reward,6903,749.2756514722034,626.397,SF-P3O-NoSpectral,Walker2d-v4,0
961043,reward,6904,404.52527030944617,597.531,SF-P3O-NoSpectral,Walker2d-v4,0
961174,reward,6905,368.8275244902922,602.38,SF-P3O-NoSpectral,Walker2d-v4,0
961322,reward,6906,424.4550671199185,577.058,SF-P3O-NoSpectral,Walker2d-v4,0
961596,reward,6907,813.9881868451249,587.216,SF-P3O-NoSpectral,Walker2d-v4,0
961847,reward,6908,805.2857803375822,575.583,SF-P3O-NoSpectral,Walker2d-v4,0
962043,reward,6909,617.5095002129866,582.63,SF-P3O-NoSpectral,Walker2d-v4,0
962252,reward,6910,94.13313071772278,537.297,SF-P3O-NoSpectral,Walker2d-v4,0
962471,reward,6911,688.7853395704105,537.36,SF-P3O-NoSpectral,Walker2d-v4,0
962693,reward,6912,718.4144957757694,568.52,SF-P3O-NoSpectral,Walker2d-v4,0
962838,reward,6913,398.45923618372444,533.438,SF-P3O-NoSpectral,Walker2d-v4,0
962973,reward,6914,360.2650020944406,529.012,SF-P3O-NoSpectral,Walker2d-v4,0
963209,reward,6915,717.5319627897908,563.883,SF-P3O-NoSpectral,Walker2d-v4,0
963456,reward,6916,769.611284534549,598.398,SF-P3O-NoSpectral,Walker2d-v4,0
963653,reward,6917,627.7777996334693,579.777,SF-P3O-NoSpectral,Walker2d-v4,0
963790,reward,6918,404.0816618553356,539.657,SF-P3O-NoSpectral,Walker2d-v4,0
963963,reward,6919,568.6584432617607,534.772,SF-P3O-NoSpectral,Walker2d-v4,0
964188,reward,6920,651.2270930339977,590.481,SF-P3O-NoSpectral,Walker2d-v4,0
964407,reward,6921,697.4809569090073,591.351,SF-P3O-NoSpectral,Walker2d-v4,0
964576,reward,6922,544.1439318649493,573.924,SF-P3O-NoSpectral,Walker2d-v4,0
964806,reward,6923,657.2129841470604,599.799,SF-P3O-NoSpectral,Walker2d-v4,0
965039,reward,6924,645.232121031239,628.296,SF-P3O-NoSpectral,Walker2d-v4,0
965183,reward,6925,433.3373178342898,599.876,SF-P3O-NoSpectral,Walker2d-v4,0
965392,reward,6926,628.4549086312499,585.761,SF-P3O-NoSpectral,Walker2d-v4,0
965528,reward,6927,404.58998300997473,563.442,SF-P3O-NoSpectral,Walker2d-v4,0
965757,reward,6928,739.4851728126606,596.982,SF-P3O-NoSpectral,Walker2d-v4,0
965966,reward,6929,652.526466512104,605.369,SF-P3O-NoSpectral,Walker2d-v4,0
966143,reward,6930,567.8714659117921,597.034,SF-P3O-NoSpectral,Walker2d-v4,0
966365,reward,6931,728.8530416852974,600.171,SF-P3O-NoSpectral,Walker2d-v4,0
966521,reward,6932,471.57193352063683,592.914,SF-P3O-NoSpectral,Walker2d-v4,0
966656,loss,-0.03344230353832245,0.37787389755249023,SF-P3O-NoSpectral,Walker2d-v4,0
966656,diagnostics,0.0,98.48,32.7968,0.08898,0.940132,0.8733,0.105607,SF-P3O-NoSpectral,Walker2d-v4,0
966702,reward,6933,565.2721797933334,583.719,SF-P3O-NoSpectral,Walker2d-v4,0
966859,reward,6934,479.58106455178967,567.154,SF-P3O-NoSpectral,Walker2d-v4,0
967067,reward,6935,634.9791791025917,587.319,SF-P3O-NoSpectral,Walker2d-v4,0
967220,reward,6936,447.3836457655887,569.211,SF-P3O-NoSpectral,Walker2d-v4,0
967441,reward,6937,702.9141904318224,599.044,SF-P3O-NoSpectral,Walker2d-v4,0
967595,reward,6938,502.49470453917803,575.345,SF-P3O-NoSpectral,Walker2d-v4,0
967735,reward,6939,407.36009112218096,550.828,SF-P3O-NoSpectral,Walker2d-v4,0
967921,reward,6940,501.0852042286874,544.15,SF-P3O-NoSpectral,Walker2d-v4,0
968077,reward,6941,466.3805842533972,517.902,SF-P3O-NoSpectral,Walker2d-v4,0
968263,reward,6942,515.4671309079002,522.292,SF-P3O-NoSpectral,Walker2d-v4,0
968492,reward,6943,655.3450341607278,531.299,SF-P3O-NoSpectral,Walker2d-v4,0
968654,reward,6944,479.28689655547026,531.27,SF-P3O-NoSpectral,Walker2d-v4,0
968872,reward,6945,673.676807966013,535.139,SF-P3O-NoSpectral,Walker2d-v4,0
969100,reward,6946,666.5195764647718,557.053,SF-P3O-NoSpectral,Walker2d-v4,0
969254,reward,6947,426.2300828031871,529.385,SF-P3O-NoSpectral,Walker2d-v4,0
969432,reward,6948,495.11855289371243,528.647,SF-P3O-NoSpectral,Walker2d-v4,0
969628,reward,6949,561.5865852008382,544.07,SF-P3O-NoSpectral,Walker2d-v4,0
969851,reward,6950,649.5193461222136,558.913,SF-P3O-NoSpectral,Walker2d-v4,0
969985,reward,6951,363.9386294178007,548.669,SF-P3O-NoSpectral,Walker2d-v4,0
970000,speed,727.12,29.07,SF-P3O-NoSpectral,Walker2d-v4,0
970227,reward,6952,740.52754264372,571.175,SF-P3O-NoSpectral,Walker2d-v4,0
970394,reward,6953,506.80723543164345,556.321,SF-P3O-NoSpectral,Walker2d-v4,0
970594,reward,6954,621.4569766073074,570.538,SF-P3O-NoSpectral,Walker2d-v4,0
970831,reward,6955,768.4623172456895,580.017,SF-P3O-NoSpectral,Walker2d-v4,0
971051,reward,6956,718.6555184095499,585.23,SF-P3O-NoSpectral,Walker2d-v4,0
971261,reward,6957,627.4743858553153,605.355,SF-P3O-NoSpectral,Walker2d-v4,0
971544,reward,6958,885.601136044673,644.403,SF-P3O-NoSpectral,Walker2d-v4,0
971737,reward,6959,610.7384506524959,649.318,SF-P3O-NoSpectral,Walker2d-v4,0
971943,reward,6960,615.6516659352881,645.931,SF-P3O-NoSpectral,Walker2d-v4,0
972149,reward,6961,644.0809587604426,673.946,SF-P3O-NoSpectral,Walker2d-v4,0
972317,reward,6962,535.5781047026148,653.451,SF-P3O-NoSpectral,Walker2d-v4,0
972494,reward,6963,554.4166370327887,658.212,SF-P3O-NoSpectral,Walker2d-v4,0
972672,reward,6964,531.03883049869,649.17,SF-P3O-NoSpectral,Walker2d-v4,0
972781,reward,6965,297.14015991498115,602.038,SF-P3O-NoSpectral,Walker2d-v4,0
972979,reward,6966,553.5590505193965,585.528,SF-P3O-NoSpectral,Walker2d-v4,0
973128,reward,6967,418.53506551368054,564.634,SF-P3O-NoSpectral,Walker2d-v4,0
973307,reward,6968,540.0756796060008,530.081,SF-P3O-NoSpectral,Walker2d-v4,0
973460,reward,6969,422.4900956901348,511.257,SF-P3O-NoSpectral,Walker2d-v4,0
973651,reward,6970,529.6495437675701,502.656,SF-P3O-NoSpectral,Walker2d-v4,0
973881,reward,6971,724.4842294531364,510.697,SF-P3O-NoSpectral,Walker2d-v4,0
974073,reward,6972,597.3975949017737,516.879,SF-P3O-NoSpectral,Walker2d-v4,0
974207,reward,6973,370.9477148925093,498.532,SF-P3O-NoSpectral,Walker2d-v4,0
974434,reward,6974,733.6707957257137,518.795,SF-P3O-NoSpectral,Walker2d-v4,0
974578,reward,6975,401.2261291449785,529.204,SF-P3O-NoSpectral,Walker2d-v4,0
974801,reward,6976,708.2358615432987,544.671,SF-P3O-NoSpectral,Walker2d-v4,0
974848,loss,-0.0738433301448822,0.6259260177612305,SF-P3O-NoSpectral,Walker2d-v4,0
974962,reward,6977,529.5520235527263,555.773,SF-P3O-NoSpectral,Walker2d-v4,0
975255,reward,6978,948.7383359482562,596.639,SF-P3O-NoSpectral,Walker2d-v4,0
975377,reward,6979,338.0358706518002,588.194,SF-P3O-NoSpectral,Walker2d-v4,0
975698,reward,6980,1057.5311809307739,640.982,SF-P3O-NoSpectral,Walker2d-v4,0
975876,reward,6981,543.772092592983,622.911,SF-P3O-NoSpectral,Walker2d-v4,0
976163,reward,6982,944.9921079440261,657.67,SF-P3O-NoSpectral,Walker2d-v4,0
976301,reward,6983,384.7150619306794,659.047,SF-P3O-NoSpectral,Walker2d-v4,0
976461,reward,6984,474.13861084275857,633.094,SF-P3O-NoSpectral,Walker2d-v4,0
976543,reward,6985,165.76641734034246,609.548,SF-P3O-NoSpectral,Walker2d-v4,0
976700,reward,6986,466.1201643932321,585.336,SF-P3O-NoSpectral,Walker2d-v4,0
976931,reward,6987,726.8692509003009,605.068,SF-P3O-NoSpectral,Walker2d-v4,0
977172,reward,6988,725.2338099023535,582.717,SF-P3O-NoSpectral,Walker2d-v4,0
977367,reward,6989,601.5654031131828,609.07,SF-P3O-NoSpectral,Walker2d-v4,0
977546,reward,6990,515.0716002815593,554.824,SF-P3O-NoSpectral,Walker2d-v4,0
977833,reward,6991,897.8408250851783,590.231,SF-P3O-NoSpectral,Walker2d-v4,0
978107,reward,6992,726.3923248493235,568.371,SF-P3O-NoSpectral,Walker2d-v4,0
978261,reward,6993,446.4599186677404,574.546,SF-P3O-NoSpectral,Walker2d-v4,0
978437,reward,6994,538.8043828843795,581.012,SF-P3O-NoSpectral,Walker2d-v4,0
978601,reward,6995,487.07933363238993,613.144,SF-P3O-NoSpectral,Walker2d-v4,0
978760,reward,6996,464.6281390793022,612.994,SF-P3O-NoSpectral,Walker2d-v4,0
978890,reward,6997,356.16853115664105,575.924,SF-P3O-NoSpectral,Walker2d-v4,0
979094,reward,6998,617.3793879286321,565.139,SF-P3O-NoSpectral,Walker2d-v4,0
979235,reward,6999,406.7370598680562,545.656,SF-P3O-NoSpectral,Walker2d-v4,0
979411,reward,7000,533.723066709189,547.521,SF-P3O-NoSpectral,Walker2d-v4,0
979612,reward,7001,633.1810234574123,521.055,SF-P3O-NoSpectral,Walker2d-v4,0
979820,reward,7002,636.8488650375429,512.101,SF-P3O-NoSpectral,Walker2d-v4,0
979988,reward,7003,503.2247385805279,517.777,SF-P3O-NoSpectral,Walker2d-v4,0
980000,speed,725.6,29.3,SF-P3O-NoSpectral,Walker2d-v4,0
980234,reward,7004,731.1218890106006,537.009,SF-P3O-NoSpectral,Walker2d-v4,0
980422,reward,7005,581.4128261775855,546.443,SF-P3O-NoSpectral,Walker2d-v4,0
980694,reward,7006,775.7747652054711,577.557,SF-P3O-NoSpectral,Walker2d-v4,0
980871,reward,7007,513.8604566620667,593.326,SF-P3O-NoSpectral,Walker2d-v4,0
981086,reward,7008,676.4766507859703,599.236,SF-P3O-NoSpectral,Walker2d-v4,0
981323,reward,7009,719.5053861142366,630.513,SF-P3O-NoSpectral,Walker2d-v4,0
981488,reward,7010,503.88430421109445,627.529,SF-P3O-NoSpectral,Walker2d-v4,0
981699,reward,7011,551.1907996915334,619.33,SF-P3O-NoSpectral,Walker2d-v4,0
981845,reward,7012,434.36584571957985,599.082,SF-P3O-NoSpectral,Walker2d-v4,0
982006,reward,7013,465.89874633675356,595.349,SF-P3O-NoSpectral,Walker2d-v4,0
982202,reward,7014,609.150855839114,583.152,SF-P3O-NoSpectral,Walker2d-v4,0
982536,reward,7015,1078.6175350757799,632.873,SF-P3O-NoSpectral,Walker2d-v4,0
982781,reward,7016,769.0958396301039,632.205,SF-P3O-NoSpectral,Walker2d-v4,0
982944,reward,7017,469.39333453046913,627.758,SF-P3O-NoSpectral,Walker2d-v4,0
983040,loss,-0.10836634039878845,0.42272117733955383,SF-P3O-NoSpectral,Walker2d-v4,0
983040,diagnostics,0.0,98.72,39.9816,0.089464,0.940045,0.8615,0.105356,SF-P3O-NoSpectral,Walker2d-v4,0
983070,reward,7018,334.21850785077146,593.532,SF-P3O-NoSpectral,Walker2d-v4,0
983243,reward,7019,528.700242018273,574.452,SF-P3O-NoSpectral,Walker2d-v4,0
983452,reward,7020,651.5763196232522,589.221,SF-P3O-NoSpectral,Walker2d-v4,0
983740,reward,7021,876.033623097424,621.705,SF-P3O-NoSpectral,Walker2d-v4,0
983881,reward,7022,410.7351029963099,619.342,SF-P3O-NoSpectral,Walker2d-v4,0
984136,reward,7023,800.6920389374449,652.821,SF-P3O-NoSpectral,Walker2d-v4,0
984287,reward,7024,429.3860576914444,634.845,SF-P3O-NoSpectral,Walker2d-v4,0
984509,reward,7025,709.5750743068528,597.941,SF-P3O-NoSpectral,Walker2d-v4,0
984755,reward,7026,726.0323255661707,593.634,SF-P3O-NoSpectral,Walker2d-v4,0
985037,reward,7027,866.1520013350274,633.31,SF-P3O-NoSpectral,Walker2d-v4,0
985227,reward,7028,569.3947425562137,656.828,SF-P3O-NoSpectral,Walker2d-v4,0
985352,reward,7029,345.5776122488355,638.515,SF-P3O-NoSpectral,Walker2d-v4,0
985642,reward,7030,805.6455597694824,653.922,SF-P3O-NoSpectral,Walker2d-v4,0
985782,reward,7031,389.83876634313356,605.303,SF-P3O-NoSpectral,Walker2d-v4,0
985922,reward,7032,382.63441575597165,602.493,SF-P3O-NoSpectral,Walker2d-v4,0
986140,reward,7033,695.4667398996829,591.97,SF-P3O-NoSpectral,Walker2d-v4,0
986281,reward,7034,422.55701869432744,591.287,SF-P3O-NoSpectral,Walker2d-v4,0
986434,reward,7035,422.0394252794841,562.534,SF-P3O-NoSpectral,Walker2d-v4,0
986587,reward,7036,456.56828640275586,535.587,SF-P3O-NoSpectral,Walker2d-v4,0
986866,reward,7037,895.3684412974317,538.509,SF-P3O-NoSpectral,Walker2d-v4,0
987081,reward,7038,715.1286066805683,553.082,SF-P3O-NoSpectral,Walker2d-v4,0
987279,reward,7039,644.0030810369076,582.925,SF-P3O-NoSpectral,Walker2d-v4,0
987471,reward,7040,602.2418306824871,562.585,SF-P3O-NoSpectral,Walker2d-v4,0
987643,reward,7041,537.9311102556502,577.394,SF-P3O-NoSpectral,Walker2d-v4,0
987778,reward,7042,367.74067462319834,575.905,SF-P3O-NoSpectral,Walker2d-v4,0
987971,reward,7043,583.4725860432159,564.705,SF-P3O-NoSpectral,Walker2d-v4,0
988138,reward,7044,528.8256565305097,575.332,SF-P3O-NoSpectral,Walker2d-v4,0
988404,reward,7045,882.4846503662795,621.376,SF-P3O-NoSpectral,Walker2d-v4,0
988615,reward,7046,665.9695679100323,642.317,SF-P3O-NoSpectral,Walker2d-v4,0
988889,reward,7047,842.5483372975127,637.035,SF-P3O-NoSpectral,Walker2d-v4,0
988972,reward,7048,179.05472241635619,583.427,SF-P3O-NoSpectral,Walker2d-v4,0
989176,reward,7049,620.8447740350247,581.111,SF-P3O-NoSpectral,Walker2d-v4,0
989386,reward,7050,675.0970835758167,588.397,SF-P3O-NoSpectral,Walker2d-v4,0
989544,reward,7051,438.8362439007217,578.487,SF-P3O-NoSpectral,Walker2d-v4,0
989692,reward,7052,468.9696982767512,588.61,SF-P3O-NoSpectral,Walker2d-v4,0
989918,reward,7053,664.4220847577036,596.705,SF-P3O-NoSpectral,Walker2d-v4,0
990000,speed,721.04,29.53,SF-P3O-NoSpectral,Walker2d-v4,0
990106,reward,7054,529.5682231351541,596.78,SF-P3O-NoSpectral,Walker2d-v4,0
990261,reward,7055,460.8224303915145,554.613,SF-P3O-NoSpectral,Walker2d-v4,0
990457,reward,7056,631.1017278830051,551.127,SF-P3O-NoSpectral,Walker2d-v4,0
990653,reward,7057,612.0275309536408,528.074,SF-P3O-NoSpectral,Walker2d-v4,0
990842,reward,7058,603.6873928866244,570.538,SF-P3O-NoSpectral,Walker2d-v4,0
990999,reward,7059,474.3671836386844,555.89,SF-P3O-NoSpectral,Walker2d-v4,0
991228,reward,7060,749.235744531641,563.304,SF-P3O-NoSpectral,Walker2d-v4,0
991232,loss,0.002525545656681061,0.8499763011932373,SF-P3O-NoSpectral,Walker2d-v4,0
991371,reward,7061,389.23801714993556,558.344,SF-P3O-NoSpectral,Walker2d-v4,0
991581,reward,7062,647.6207058220476,576.209,SF-P3O-NoSpectral,Walker2d-v4,0
991705,reward,7063,335.3768206092397,543.305,SF-P3O-NoSpectral,Walker2d-v4,0
991882,reward,7064,515.4338613391365,541.891,SF-P3O-NoSpectral,Walker2d-v4,0
992055,reward,7065,553.2785397509471,551.137,SF-P3O-NoSpectral,Walker2d-v4,0
992192,reward,7066,394.6920753049116,527.496,SF-P3O-NoSpectral,Walker2d-v4,0
992402,reward,7067,633.2053541346376,529.614,SF-P3O-NoSpectral,Walker2d-v4,0
992615,reward,7068,630.7644511806645,532.321,SF-P3O-NoSpectral,Walker2d-v4,0
992852,reward,7069,736.7571827000625,558.56,SF-P3O-NoSpectral,Walker2d-v4,0
993082,reward,7070,735.0502154912829,557.142,SF-P3O-NoSpectral,Walker2d-v4,0
993254,reward,7071,443.02343672212476,562.52,SF-P3O-NoSpectral,Walker2d-v4,0
993457,reward,7072,659.5165551147085,563.71,SF-P3O-NoSpectral,Walker2d-v4,0
993715,reward,7073,803.6866698765589,610.541,SF-P3O-NoSpectral,Walker2d-v4,0
993956,reward,7074,725.6894196512053,631.566,SF-P3O-NoSpectral,Walker2d-v4,0
994212,reward,7075,798.6773990602162,656.106,SF-P3O-NoSpectral,Walker2d-v4,0
994469,reward,7076,816.465341305819,698.284,SF-P3O-NoSpectral,Walker2d-v4,0
994655,reward,7077,556.6295939774243,690.626,SF-P3O-NoSpectral,Walker2d-v4,0
994804,reward,7078,463.75846856616494,673.925,SF-P3O-NoSpectral,Walker2d-v4,0
995039,reward,7079,698.6612823627836,670.116,SF-P3O-NoSpectral,Walker2d-v4,0
995252,reward,7080,680.5499719895805,664.666,SF-P3O-NoSpectral,Walker2d-v4,0
995490,reward,7081,804.06270247819,700.77,SF-P3O-NoSpectral,Walker2d-v4,0
995765,reward,7082,764.5046618393761,711.269,SF-P3O-NoSpectral,Walker2d-v4,0
996042,reward,7083,868.5319338394942,717.753,SF-P3O-NoSpectral,Walker2d-v4,0
996208,reward,7084,464.17812750206934,691.602,SF-P3O-NoSpectral,Walker2d-v4,0
996380,reward,7085,547.1927947140837,666.453,SF-P3O-NoSpectral,Walker2d-v4,0
996534,reward,7086,417.6367066552226,626.571,SF-P3O-NoSpectral,Walker2d-v4,0
996777,reward,7087,686.7204735809394,639.58,SF-P3O-NoSpectral,Walker2d-v4,0
997026,reward,7088,768.2566845657561,670.03,SF-P3O-NoSpectral,Walker2d-v4,0
997212,reward,7089,526.9835477186343,652.862,SF-P3O-NoSpectral,Walker2d-v4,0
997392,reward,7090,522.8890446933741,637.096,SF-P3O-NoSpectral,Walker2d-v4,0
997602,reward,7091,661.8053123005568,622.87,SF-P3O-NoSpectral,Walker2d-v4,0
997749,reward,7092,446.9458568678804,591.114,SF-P3O-NoSpectral,Walker2d-v4,0
997929,reward,7093,553.7611038499819,559.637,SF-P3O-NoSpectral,Walker2d-v4,0
998165,reward,7094,716.5312634872976,584.872,SF-P3O-NoSpectral,Walker2d-v4,0
998293,reward,7095,366.88726553974305,566.842,SF-P3O-NoSpectral,Walker2d-v4,0
998443,reward,7096,441.8727175979992,569.265,SF-P3O-NoSpectral,Walker2d-v4,0
998687,reward,7097,764.7599544693004,577.069,SF-P3O-NoSpectral,Walker2d-v4,0
998987,reward,7098,818.4580283469915,582.089,SF-P3O-NoSpectral,Walker2d-v4,0
999298,reward,7099,779.977518431113,607.389,SF-P3O-NoSpectral,Walker2d-v4,0
999424,loss,-0.032872799783945084,0.6355183720588684,SF-P3O-NoSpectral,Walker2d-v4,0
999424,diagnostics,0.0,98.96,52.9113,0.09009,0.93975,0.8729,0.104687,SF-P3O-NoSpectral,Walker2d-v4,0
999582,reward,7100,748.8577537597531,629.986,SF-P3O-NoSpectral,Walker2d-v4,0
999775,reward,7101,597.5611042762163,623.561,SF-P3O-NoSpectral,Walker2d-v4,0
999928,reward,7102,458.1804069803207,624.685,SF-P3O-NoSpectral,Walker2d-v4,0
1000000,speed,514.69,29.86,SF-P3O-NoSpectral,Walker2d-v4,0
1000000,perturb,0.0913,0.93907,0.8729,16933,50913,0.737814,20,SF-P3O-NoSpectral,Walker2d-v4,0
