step,tag
22,reward,1,-2.3255261526617494,-2.326,SF-P3O-NoDual,Walker2d-v4,3
38,reward,2,1.5540227086343492,-0.386,SF-P3O-NoDual,Walker2d-v4,3
53,reward,3,-1.0766751235702592,-0.616,SF-P3O-NoDual,Walker2d-v4,3
72,reward,4,-4.767181423927623,-1.654,SF-P3O-NoDual,Walker2d-v4,3
88,reward,5,-0.21353920360695067,-1.366,SF-P3O-NoDual,Walker2d-v4,3
106,reward,6,-1.1400177688968856,-1.328,SF-P3O-NoDual,Walker2d-v4,3
127,reward,7,-3.551440778583534,-1.646,SF-P3O-NoDual,Walker2d-v4,3
136,reward,8,0.16795888667274772,-1.419,SF-P3O-NoDual,Walker2d-v4,3
159,reward,9,2.50257554761876,-0.983,SF-P3O-NoDual,Walker2d-v4,3
181,reward,10,-6.858707249253619,-1.571,SF-P3O-NoDual,Walker2d-v4,3
199,reward,11,-5.4068653472151125,-1.879,SF-P3O-NoDual,Walker2d-v4,3
215,reward,12,2.1200733275224506,-1.822,SF-P3O-NoDual,Walker2d-v4,3
249,reward,13,-0.6866452396346534,-1.783,SF-P3O-NoDual,Walker2d-v4,3
268,reward,14,1.481577007892606,-1.159,SF-P3O-NoDual,Walker2d-v4,3
282,reward,15,-0.5856781127088135,-1.196,SF-P3O-NoDual,Walker2d-v4,3
292,reward,16,-6.045684735872578,-1.686,SF-P3O-NoDual,Walker2d-v4,3
301,reward,17,-4.370944153612546,-1.768,SF-P3O-NoDual,Walker2d-v4,3
324,reward,18,-4.924657663056054,-2.277,SF-P3O-NoDual,Walker2d-v4,3
335,reward,19,-1.5911916945017754,-2.687,SF-P3O-NoDual,Walker2d-v4,3
345,reward,20,-1.7267395857102414,-2.174,SF-P3O-NoDual,Walker2d-v4,3
355,reward,21,-1.4534085648604638,-1.778,SF-P3O-NoDual,Walker2d-v4,3
372,reward,22,-5.123349810938786,-2.503,SF-P3O-NoDual,Walker2d-v4,3
390,reward,23,3.862370165149396,-2.048,SF-P3O-NoDual,Walker2d-v4,3
404,reward,24,-4.195692406456137,-2.615,SF-P3O-NoDual,Walker2d-v4,3
421,reward,25,-12.050830271435013,-3.762,SF-P3O-NoDual,Walker2d-v4,3
431,reward,26,-0.6646416672595032,-3.224,SF-P3O-NoDual,Walker2d-v4,3
450,reward,27,-7.2878414948364,-3.516,SF-P3O-NoDual,Walker2d-v4,3
484,reward,28,2.8601819496443524,-2.737,SF-P3O-NoDual,Walker2d-v4,3
498,reward,29,-1.8822554857679468,-2.766,SF-P3O-NoDual,Walker2d-v4,3
516,reward,30,1.000497059225127,-2.493,SF-P3O-NoDual,Walker2d-v4,3
526,reward,31,0.2050121769115676,-2.328,SF-P3O-NoDual,Walker2d-v4,3
538,reward,32,-0.5580133856689611,-1.871,SF-P3O-NoDual,Walker2d-v4,3
553,reward,33,-1.9682721716844416,-2.454,SF-P3O-NoDual,Walker2d-v4,3
566,reward,34,-1.941384290443046,-2.229,SF-P3O-NoDual,Walker2d-v4,3
579,reward,35,-4.971680165561223,-1.521,SF-P3O-NoDual,Walker2d-v4,3
593,reward,36,1.8914266520790437,-1.265,SF-P3O-NoDual,Walker2d-v4,3
610,reward,37,-4.202684095128944,-0.957,SF-P3O-NoDual,Walker2d-v4,3
625,reward,38,3.271026377879923,-0.916,SF-P3O-NoDual,Walker2d-v4,3
649,reward,39,-5.375836222742802,-1.265,SF-P3O-NoDual,Walker2d-v4,3
660,reward,40,1.596140512367306,-1.205,SF-P3O-NoDual,Walker2d-v4,3
669,reward,41,-4.0560402895829215,-1.632,SF-P3O-NoDual,Walker2d-v4,3
682,reward,42,2.244281719629553,-1.351,SF-P3O-NoDual,Walker2d-v4,3
694,reward,43,-1.7416021867313054,-1.329,SF-P3O-NoDual,Walker2d-v4,3
706,reward,44,-1.142282361758996,-1.249,SF-P3O-NoDual,Walker2d-v4,3
741,reward,45,2.6597334540778097,-0.486,SF-P3O-NoDual,Walker2d-v4,3
751,reward,46,-4.985304540840595,-1.173,SF-P3O-NoDual,Walker2d-v4,3
759,reward,47,-3.7763654858639644,-1.131,SF-P3O-NoDual,Walker2d-v4,3
771,reward,48,2.2187657147257873,-1.236,SF-P3O-NoDual,Walker2d-v4,3
781,reward,49,-1.2501295858537174,-0.823,SF-P3O-NoDual,Walker2d-v4,3
805,reward,50,-0.29489881083548475,-1.012,SF-P3O-NoDual,Walker2d-v4,3
828,reward,51,-3.945672280137149,-1.001,SF-P3O-NoDual,Walker2d-v4,3
838,reward,52,-2.0257609064386135,-1.428,SF-P3O-NoDual,Walker2d-v4,3
858,reward,53,-2.0999842086315845,-1.464,SF-P3O-NoDual,Walker2d-v4,3
870,reward,54,-3.3791940630040314,-1.688,SF-P3O-NoDual,Walker2d-v4,3
898,reward,55,-2.9236118201937176,-2.246,SF-P3O-NoDual,Walker2d-v4,3
911,reward,56,-2.198600057406849,-1.968,SF-P3O-NoDual,Walker2d-v4,3
920,reward,57,-0.8231021890276788,-1.672,SF-P3O-NoDual,Walker2d-v4,3
936,reward,58,3.6577307869509927,-1.528,SF-P3O-NoDual,Walker2d-v4,3
962,reward,59,-1.6968097695302802,-1.573,SF-P3O-NoDual,Walker2d-v4,3
981,reward,60,8.540943703174738,-0.689,SF-P3O-NoDual,Walker2d-v4,3
991,reward,61,-1.259314102114121,-0.421,SF-P3O-NoDual,Walker2d-v4,3
1002,reward,62,-2.14028254791526,-0.432,SF-P3O-NoDual,Walker2d-v4,3
1013,reward,63,-1.1085155698553077,-0.333,SF-P3O-NoDual,Walker2d-v4,3
1020,reward,64,-3.7853136559069016,-0.374,SF-P3O-NoDual,Walker2d-v4,3
1036,reward,65,1.9904175946933373,0.118,SF-P3O-NoDual,Walker2d-v4,3
1046,reward,66,-2.2496591414901967,0.113,SF-P3O-NoDual,Walker2d-v4,3
1063,reward,67,-5.227141817140625,-0.328,SF-P3O-NoDual,Walker2d-v4,3
1076,reward,68,-1.7519703482290816,-0.869,SF-P3O-NoDual,Walker2d-v4,3
1085,reward,69,-9.723968585983394,-1.671,SF-P3O-NoDual,Walker2d-v4,3
1115,reward,70,9.623094403608304,-1.563,SF-P3O-NoDual,Walker2d-v4,3
1129,reward,71,-2.2781857923330335,-1.665,SF-P3O-NoDual,Walker2d-v4,3
1149,reward,72,2.240228575630292,-1.227,SF-P3O-NoDual,Walker2d-v4,3
1182,reward,73,19.321970459411414,0.816,SF-P3O-NoDual,Walker2d-v4,3
1205,reward,74,-12.676518014659253,-0.073,SF-P3O-NoDual,Walker2d-v4,3
1232,reward,75,-1.818243291928594,-0.454,SF-P3O-NoDual,Walker2d-v4,3
1246,reward,76,-1.2312315298073957,-0.352,SF-P3O-NoDual,Walker2d-v4,3
1256,reward,77,-0.07438720319147829,0.163,SF-P3O-NoDual,Walker2d-v4,3
1266,reward,78,-1.2510432097362942,0.213,SF-P3O-NoDual,Walker2d-v4,3
1281,reward,79,-0.44827728110208875,1.141,SF-P3O-NoDual,Walker2d-v4,3
1324,reward,80,15.502436947318017,1.729,SF-P3O-NoDual,Walker2d-v4,3
1335,reward,81,-0.32951270760871454,1.924,SF-P3O-NoDual,Walker2d-v4,3
1354,reward,82,-7.5616715763220865,0.943,SF-P3O-NoDual,Walker2d-v4,3
1369,reward,83,0.42212084243563086,-0.947,SF-P3O-NoDual,Walker2d-v4,3
1389,reward,84,4.114369470013351,0.732,SF-P3O-NoDual,Walker2d-v4,3
1401,reward,85,-2.94187297976233,0.62,SF-P3O-NoDual,Walker2d-v4,3
1413,reward,86,-2.1985797938077387,0.523,SF-P3O-NoDual,Walker2d-v4,3
1422,reward,87,-2.1978537517869707,0.311,SF-P3O-NoDual,Walker2d-v4,3
1451,reward,88,2.143582453562596,0.65,SF-P3O-NoDual,Walker2d-v4,3
1460,reward,89,-1.8661069625092157,0.509,SF-P3O-NoDual,Walker2d-v4,3
1475,reward,90,2.1987824090746235,-0.822,SF-P3O-NoDual,Walker2d-v4,3
1502,reward,91,3.8198405754691,-0.407,SF-P3O-NoDual,Walker2d-v4,3
1524,reward,92,-7.711154522551377,-0.422,SF-P3O-NoDual,Walker2d-v4,3
1534,reward,93,-0.8566729351787791,-0.55,SF-P3O-NoDual,Walker2d-v4,3
1550,reward,94,-7.473854033566108,-1.708,SF-P3O-NoDual,Walker2d-v4,3
1570,reward,95,7.301962061522813,-0.684,SF-P3O-NoDual,Walker2d-v4,3
1591,reward,96,3.4300798749252426,-0.121,SF-P3O-NoDual,Walker2d-v4,3
1606,reward,97,-3.648476790974066,-0.266,SF-P3O-NoDual,Walker2d-v4,3
1628,reward,98,-3.507276107249801,-0.831,SF-P3O-NoDual,Walker2d-v4,3
1658,reward,99,12.006051990977898,0.556,SF-P3O-NoDual,Walker2d-v4,3
1675,reward,100,-4.598016821196531,-0.124,SF-P3O-NoDual,Walker2d-v4,3
1700,reward,101,2.941014809000918,-0.212,SF-P3O-NoDual,Walker2d-v4,3
1711,reward,102,-3.3650170209670667,0.223,SF-P3O-NoDual,Walker2d-v4,3
1723,reward,103,-3.3720635579199896,-0.029,SF-P3O-NoDual,Walker2d-v4,3
1739,reward,104,3.8791968777887362,1.107,SF-P3O-NoDual,Walker2d-v4,3
1748,reward,105,-0.08685137318774394,0.368,SF-P3O-NoDual,Walker2d-v4,3
1766,reward,106,-4.791368129225096,-0.454,SF-P3O-NoDual,Walker2d-v4,3
1784,reward,107,3.9788870946380377,0.308,SF-P3O-NoDual,Walker2d-v4,3
1796,reward,108,-1.5742887851156089,0.502,SF-P3O-NoDual,Walker2d-v4,3
1808,reward,109,-6.7018366481537095,-1.369,SF-P3O-NoDual,Walker2d-v4,3
1821,reward,110,-3.7156779247884777,-1.281,SF-P3O-NoDual,Walker2d-v4,3
1835,reward,111,-3.4226288878861366,-1.917,SF-P3O-NoDual,Walker2d-v4,3
1852,reward,112,-14.60885037681696,-3.042,SF-P3O-NoDual,Walker2d-v4,3
1862,reward,113,-0.9732482065874797,-2.802,SF-P3O-NoDual,Walker2d-v4,3
1887,reward,114,-1.3185539159914,-3.321,SF-P3O-NoDual,Walker2d-v4,3
1910,reward,115,3.760168636493989,-2.937,SF-P3O-NoDual,Walker2d-v4,3
1919,reward,116,-1.6098970381971365,-2.619,SF-P3O-NoDual,Walker2d-v4,3
1931,reward,117,-4.597485855004437,-3.476,SF-P3O-NoDual,Walker2d-v4,3
1957,reward,118,-1.7502210178405888,-3.494,SF-P3O-NoDual,Walker2d-v4,3
1981,reward,119,3.576166819359279,-2.466,SF-P3O-NoDual,Walker2d-v4,3
2000,reward,120,-3.955932611318523,-2.49,SF-P3O-NoDual,Walker2d-v4,3
2019,reward,121,-8.534700113790931,-3.001,SF-P3O-NoDual,Walker2d-v4,3
2033,reward,122,-4.838561594170402,-2.024,SF-P3O-NoDual,Walker2d-v4,3
2044,reward,123,-0.10879646866955717,-1.938,SF-P3O-NoDual,Walker2d-v4,3
2056,reward,124,-4.121764569652283,-2.218,SF-P3O-NoDual,Walker2d-v4,3
2070,reward,125,-0.6859491007800567,-2.663,SF-P3O-NoDual,Walker2d-v4,3
2081,reward,126,0.2122901381659943,-2.48,SF-P3O-NoDual,Walker2d-v4,3
2097,reward,127,0.15400826818045932,-2.005,SF-P3O-NoDual,Walker2d-v4,3
2110,reward,128,0.8775767402558194,-1.743,SF-P3O-NoDual,Walker2d-v4,3
2120,reward,129,-2.5216672932095197,-2.352,SF-P3O-NoDual,Walker2d-v4,3
2145,reward,130,3.820927074349145,-1.575,SF-P3O-NoDual,Walker2d-v4,3
2164,reward,131,3.6779901613875787,-0.353,SF-P3O-NoDual,Walker2d-v4,3
2176,reward,132,-5.066330353115802,-0.376,SF-P3O-NoDual,Walker2d-v4,3
2184,reward,133,-6.313302748498883,-0.997,SF-P3O-NoDual,Walker2d-v4,3
2194,reward,134,-4.1975784105941365,-1.004,SF-P3O-NoDual,Walker2d-v4,3
2201,reward,135,-2.8845215135906237,-1.224,SF-P3O-NoDual,Walker2d-v4,3
2220,reward,136,0.9317499291959408,-1.152,SF-P3O-NoDual,Walker2d-v4,3
2240,reward,137,-5.989742297190112,-1.766,SF-P3O-NoDual,Walker2d-v4,3
2250,reward,138,-0.07982336857713723,-1.862,SF-P3O-NoDual,Walker2d-v4,3
2275,reward,139,2.913889353765819,-1.319,SF-P3O-NoDual,Walker2d-v4,3
2285,reward,140,-1.3894326634579104,-1.84,SF-P3O-NoDual,Walker2d-v4,3
2298,reward,141,-6.962367975527423,-2.904,SF-P3O-NoDual,Walker2d-v4,3
2313,reward,142,1.993128881309349,-2.198,SF-P3O-NoDual,Walker2d-v4,3
2322,reward,143,-2.9572310440227803,-1.862,SF-P3O-NoDual,Walker2d-v4,3
2339,reward,144,-5.962919019007764,-2.039,SF-P3O-NoDual,Walker2d-v4,3
2349,reward,145,-5.970332686220086,-2.347,SF-P3O-NoDual,Walker2d-v4,3
2362,reward,146,-1.2954358618875697,-2.57,SF-P3O-NoDual,Walker2d-v4,3
2377,reward,147,1.2622873561737413,-1.845,SF-P3O-NoDual,Walker2d-v4,3
2398,reward,148,1.1055213621476756,-1.726,SF-P3O-NoDual,Walker2d-v4,3
2418,reward,149,-4.032695436919098,-2.421,SF-P3O-NoDual,Walker2d-v4,3
2430,reward,150,-3.7352465089666027,-2.656,SF-P3O-NoDual,Walker2d-v4,3
2444,reward,151,-1.942817342510424,-2.154,SF-P3O-NoDual,Walker2d-v4,3
2463,reward,152,2.9490451258899277,-2.058,SF-P3O-NoDual,Walker2d-v4,3
2474,reward,153,0.7963192170512453,-1.683,SF-P3O-NoDual,Walker2d-v4,3
2505,reward,154,10.770704783363172,-0.009,SF-P3O-NoDual,Walker2d-v4,3
2517,reward,155,-1.3593084167293852,0.452,SF-P3O-NoDual,Walker2d-v4,3
2537,reward,156,-11.050220753671246,-0.524,SF-P3O-NoDual,Walker2d-v4,3
2548,reward,157,-3.053284693752741,-0.955,SF-P3O-NoDual,Walker2d-v4,3
2563,reward,158,-1.274387941576042,-1.193,SF-P3O-NoDual,Walker2d-v4,3
2571,reward,159,-1.5729053269723332,-0.947,SF-P3O-NoDual,Walker2d-v4,3
2582,reward,160,-5.654345550059746,-1.139,SF-P3O-NoDual,Walker2d-v4,3
2603,reward,161,6.089475179043373,-0.336,SF-P3O-NoDual,Walker2d-v4,3
2616,reward,162,-5.661848076106258,-1.197,SF-P3O-NoDual,Walker2d-v4,3
2634,reward,163,3.8158664007262604,-0.895,SF-P3O-NoDual,Walker2d-v4,3
2641,reward,164,-3.4503572803569513,-2.317,SF-P3O-NoDual,Walker2d-v4,3
2666,reward,165,10.833882491719933,-1.098,SF-P3O-NoDual,Walker2d-v4,3
2684,reward,166,-3.904688354475572,-0.383,SF-P3O-NoDual,Walker2d-v4,3
2701,reward,167,3.4176133831922377,0.264,SF-P3O-NoDual,Walker2d-v4,3
2714,reward,168,-4.262078819531386,-0.035,SF-P3O-NoDual,Walker2d-v4,3
2738,reward,169,4.916657804704213,0.614,SF-P3O-NoDual,Walker2d-v4,3
2757,reward,170,3.0801392425483227,1.487,SF-P3O-NoDual,Walker2d-v4,3
2782,reward,171,2.1516339055199136,1.094,SF-P3O-NoDual,Walker2d-v4,3
2798,reward,172,-4.965731323149286,1.163,SF-P3O-NoDual,Walker2d-v4,3
2820,reward,173,-4.86257899004727,0.295,SF-P3O-NoDual,Walker2d-v4,3
2835,reward,174,-10.48446245113609,-0.408,SF-P3O-NoDual,Walker2d-v4,3
2848,reward,175,-5.052458204286469,-1.997,SF-P3O-NoDual,Walker2d-v4,3
2868,reward,176,-8.589163350827866,-2.465,SF-P3O-NoDual,Walker2d-v4,3
2881,reward,177,-6.253624941197639,-3.432,SF-P3O-NoDual,Walker2d-v4,3
2902,reward,178,3.239837812830114,-2.682,SF-P3O-NoDual,Walker2d-v4,3
2920,reward,179,2.882309206539418,-2.885,SF-P3O-NoDual,Walker2d-v4,3
2936,reward,180,-9.416513557358323,-4.135,SF-P3O-NoDual,Walker2d-v4,3
2956,reward,181,-3.3435620718702905,-4.685,SF-P3O-NoDual,Walker2d-v4,3
2966,reward,182,-3.4301904943314403,-4.531,SF-P3O-NoDual,Walker2d-v4,3
2996,reward,183,0.17199764530130568,-4.028,SF-P3O-NoDual,Walker2d-v4,3
3008,reward,184,-1.3458086896151664,-3.114,SF-P3O-NoDual,Walker2d-v4,3
3020,reward,185,0.5952205040196779,-2.549,SF-P3O-NoDual,Walker2d-v4,3
3051,reward,186,-1.481336946201081,-1.838,SF-P3O-NoDual,Walker2d-v4,3
3079,reward,187,5.671325326017202,-0.646,SF-P3O-NoDual,Walker2d-v4,3
3101,reward,188,-6.152456910725419,-1.585,SF-P3O-NoDual,Walker2d-v4,3
3109,reward,189,-0.9690597054911415,-1.97,SF-P3O-NoDual,Walker2d-v4,3
3122,reward,190,0.46362199941440374,-0.982,SF-P3O-NoDual,Walker2d-v4,3
3136,reward,191,-2.904945348939489,-0.938,SF-P3O-NoDual,Walker2d-v4,3
3148,reward,192,-3.2820154860354958,-0.923,SF-P3O-NoDual,Walker2d-v4,3
3161,reward,193,-1.490603729481966,-1.09,SF-P3O-NoDual,Walker2d-v4,3
3184,reward,194,5.471483413344463,-0.408,SF-P3O-NoDual,Walker2d-v4,3
3197,reward,195,-1.579656109953297,-0.625,SF-P3O-NoDual,Walker2d-v4,3
3217,reward,196,1.347692061097661,-0.342,SF-P3O-NoDual,Walker2d-v4,3
3226,reward,197,-1.1404724600930511,-1.024,SF-P3O-NoDual,Walker2d-v4,3
3239,reward,198,-3.8687621562168024,-0.795,SF-P3O-NoDual,Walker2d-v4,3
3262,reward,199,-4.291238709873859,-1.127,SF-P3O-NoDual,Walker2d-v4,3
3278,reward,200,-1.7150022057411267,-1.345,SF-P3O-NoDual,Walker2d-v4,3
3306,reward,201,-3.012260008841581,-1.356,SF-P3O-NoDual,Walker2d-v4,3
3331,reward,202,0.6192142825630023,-0.966,SF-P3O-NoDual,Walker2d-v4,3
3353,reward,203,-4.6676367073022,-1.284,SF-P3O-NoDual,Walker2d-v4,3
3373,reward,204,-7.641052037802223,-2.595,SF-P3O-NoDual,Walker2d-v4,3
3391,reward,205,0.5817013773675191,-2.379,SF-P3O-NoDual,Walker2d-v4,3
3413,reward,206,-3.4267193635878557,-2.856,SF-P3O-NoDual,Walker2d-v4,3
3432,reward,207,-0.3977714411392985,-2.782,SF-P3O-NoDual,Walker2d-v4,3
3469,reward,208,20.711248369774424,-0.324,SF-P3O-NoDual,Walker2d-v4,3
3486,reward,209,-0.29295838340472313,0.076,SF-P3O-NoDual,Walker2d-v4,3
3499,reward,210,-0.17030284231837145,0.23,SF-P3O-NoDual,Walker2d-v4,3
3515,reward,211,-2.9655296746863256,0.235,SF-P3O-NoDual,Walker2d-v4,3
3531,reward,212,4.537991684906283,0.627,SF-P3O-NoDual,Walker2d-v4,3
3541,reward,213,-3.5603016754735792,0.738,SF-P3O-NoDual,Walker2d-v4,3
3576,reward,214,0.47171072277330794,1.549,SF-P3O-NoDual,Walker2d-v4,3
3594,reward,215,-3.0934633871779558,1.181,SF-P3O-NoDual,Walker2d-v4,3
3608,reward,216,1.8573833818326255,1.71,SF-P3O-NoDual,Walker2d-v4,3
3618,reward,217,-1.8748479773472815,1.562,SF-P3O-NoDual,Walker2d-v4,3
3628,reward,218,-5.3185898368471225,-1.041,SF-P3O-NoDual,Walker2d-v4,3
3638,reward,219,-1.2557611963747315,-1.137,SF-P3O-NoDual,Walker2d-v4,3
3661,reward,220,0.3003838921719644,-1.09,SF-P3O-NoDual,Walker2d-v4,3
3673,reward,221,2.6543679828916575,-0.528,SF-P3O-NoDual,Walker2d-v4,3
3690,reward,222,-7.508526404148544,-1.733,SF-P3O-NoDual,Walker2d-v4,3
3709,reward,223,6.855290523911728,-0.691,SF-P3O-NoDual,Walker2d-v4,3
3721,reward,224,-1.180275161731884,-0.856,SF-P3O-NoDual,Walker2d-v4,3
3733,reward,225,-4.148876755282007,-0.962,SF-P3O-NoDual,Walker2d-v4,3
3746,reward,226,-3.9123659196339755,-1.539,SF-P3O-NoDual,Walker2d-v4,3
3763,reward,227,-4.302931188278503,-1.782,SF-P3O-NoDual,Walker2d-v4,3
3776,reward,228,-4.177021774940175,-1.668,SF-P3O-NoDual,Walker2d-v4,3
3797,reward,229,-5.5148038551987995,-2.093,SF-P3O-NoDual,Walker2d-v4,3
3823,reward,230,8.397815997381299,-1.284,SF-P3O-NoDual,Walker2d-v4,3
3842,reward,231,-6.473207906571267,-2.196,SF-P3O-NoDual,Walker2d-v4,3
3853,reward,232,-3.1648144081212477,-1.762,SF-P3O-NoDual,Walker2d-v4,3
3877,reward,233,11.123759624470267,-1.335,SF-P3O-NoDual,Walker2d-v4,3
3885,reward,234,-2.3984180605523084,-1.457,SF-P3O-NoDual,Walker2d-v4,3
3896,reward,235,-1.4583563414489886,-1.188,SF-P3O-NoDual,Walker2d-v4,3
3925,reward,236,2.8971272501400858,-0.507,SF-P3O-NoDual,Walker2d-v4,3
3936,reward,237,-2.1993818706439034,-0.297,SF-P3O-NoDual,Walker2d-v4,3
3960,reward,238,4.717759181448483,0.593,SF-P3O-NoDual,Walker2d-v4,3
3975,reward,239,3.0758897342934004,1.452,SF-P3O-NoDual,Walker2d-v4,3
3983,reward,240,-1.9389275818926037,0.418,SF-P3O-NoDual,Walker2d-v4,3
3998,reward,241,0.18210318685379856,1.084,SF-P3O-NoDual,Walker2d-v4,3
4021,reward,242,-3.1383548466466915,1.086,SF-P3O-NoDual,Walker2d-v4,3
4032,reward,243,0.07631158186927345,-0.018,SF-P3O-NoDual,Walker2d-v4,3
4045,reward,244,-2.408352810968384,-0.019,SF-P3O-NoDual,Walker2d-v4,3
4062,reward,245,-4.125080469767463,-0.286,SF-P3O-NoDual,Walker2d-v4,3
4091,reward,246,-1.0971691042427638,-0.686,SF-P3O-NoDual,Walker2d-v4,3
4105,reward,247,3.278139391574309,-0.138,SF-P3O-NoDual,Walker2d-v4,3
4118,reward,248,-0.8456628285714,-0.694,SF-P3O-NoDual,Walker2d-v4,3
4135,reward,249,-6.6699662381815426,-1.669,SF-P3O-NoDual,Walker2d-v4,3
4144,reward,250,-4.551293864504441,-1.93,SF-P3O-NoDual,Walker2d-v4,3
4158,reward,251,3.7602510254013106,-1.572,SF-P3O-NoDual,Walker2d-v4,3
4180,reward,252,6.117295277960903,-0.647,SF-P3O-NoDual,Walker2d-v4,3
4193,reward,253,0.3319783051337588,-0.621,SF-P3O-NoDual,Walker2d-v4,3
4204,reward,254,-0.8829286753356225,-0.468,SF-P3O-NoDual,Walker2d-v4,3
4224,reward,255,-7.294047997026987,-0.785,SF-P3O-NoDual,Walker2d-v4,3
4236,reward,256,-1.2715388233258675,-0.803,SF-P3O-NoDual,Walker2d-v4,3
4254,reward,257,-5.329674140070144,-1.664,SF-P3O-NoDual,Walker2d-v4,3
4279,reward,258,-7.725444651240311,-2.352,SF-P3O-NoDual,Walker2d-v4,3
4293,reward,259,-3.1904241375060582,-2.004,SF-P3O-NoDual,Walker2d-v4,3
4317,reward,260,-2.306499086968417,-1.779,SF-P3O-NoDual,Walker2d-v4,3
4328,reward,261,-2.9977761124700555,-2.455,SF-P3O-NoDual,Walker2d-v4,3
4335,reward,262,-3.2301156580711186,-3.39,SF-P3O-NoDual,Walker2d-v4,3
4357,reward,263,-5.67162527267816,-3.99,SF-P3O-NoDual,Walker2d-v4,3
4369,reward,264,-1.8817898694230932,-4.09,SF-P3O-NoDual,Walker2d-v4,3
4384,reward,265,3.899829324904562,-2.971,SF-P3O-NoDual,Walker2d-v4,3
4405,reward,266,-4.205531093838582,-3.264,SF-P3O-NoDual,Walker2d-v4,3
4433,reward,267,-9.789210746569168,-3.71,SF-P3O-NoDual,Walker2d-v4,3
4442,reward,268,0.37757291295143003,-2.9,SF-P3O-NoDual,Walker2d-v4,3
4453,reward,269,-1.4554372701883882,-2.726,SF-P3O-NoDual,Walker2d-v4,3
4472,reward,270,-5.556159843001238,-3.051,SF-P3O-NoDual,Walker2d-v4,3
4484,reward,271,-0.1520097891834662,-2.766,SF-P3O-NoDual,Walker2d-v4,3
4505,reward,272,3.5874088121846994,-2.085,SF-P3O-NoDual,Walker2d-v4,3
4521,reward,273,-0.5844322878264081,-1.576,SF-P3O-NoDual,Walker2d-v4,3
4539,reward,274,4.005894959908652,-0.987,SF-P3O-NoDual,Walker2d-v4,3
4552,reward,275,-3.7855029941751535,-1.756,SF-P3O-NoDual,Walker2d-v4,3
4565,reward,276,-2.8834817746434096,-1.624,SF-P3O-NoDual,Walker2d-v4,3
4590,reward,277,-6.091012994158463,-1.254,SF-P3O-NoDual,Walker2d-v4,3
4613,reward,278,8.966388736777535,-0.395,SF-P3O-NoDual,Walker2d-v4,3
4640,reward,279,15.181776750264833,1.269,SF-P3O-NoDual,Walker2d-v4,3
4655,reward,280,1.3435089065008552,1.959,SF-P3O-NoDual,Walker2d-v4,3
4669,reward,281,-8.145411271248982,1.16,SF-P3O-NoDual,Walker2d-v4,3
4688,reward,282,-1.116366963114007,0.689,SF-P3O-NoDual,Walker2d-v4,3
4698,reward,283,-4.662975008678874,0.281,SF-P3O-NoDual,Walker2d-v4,3
4713,reward,284,-1.605299285439466,-0.28,SF-P3O-NoDual,Walker2d-v4,3
4738,reward,285,7.038829197400141,0.803,SF-P3O-NoDual,Walker2d-v4,3
4749,reward,286,1.4370784800699243,1.235,SF-P3O-NoDual,Walker2d-v4,3
4762,reward,287,-1.2515637758993634,1.719,SF-P3O-NoDual,Walker2d-v4,3
4782,reward,288,-6.918709125490867,0.13,SF-P3O-NoDual,Walker2d-v4,3
4801,reward,289,8.800793578452714,-0.508,SF-P3O-NoDual,Walker2d-v4,3
4809,reward,290,-5.674970613265105,-1.21,SF-P3O-NoDual,Walker2d-v4,3
4838,reward,291,5.9071796442570115,0.195,SF-P3O-NoDual,Walker2d-v4,3
4862,reward,292,5.479125173572712,0.855,SF-P3O-NoDual,Walker2d-v4,3
4882,reward,293,-6.478090840806394,0.673,SF-P3O-NoDual,Walker2d-v4,3
4908,reward,294,-1.6979764284967431,0.664,SF-P3O-NoDual,Walker2d-v4,3
4935,reward,295,5.553045791648769,0.516,SF-P3O-NoDual,Walker2d-v4,3
4958,reward,296,3.398855301427608,0.712,SF-P3O-NoDual,Walker2d-v4,3
4968,reward,297,-0.12017414504606205,0.825,SF-P3O-NoDual,Walker2d-v4,3
5011,reward,298,11.603820462441552,2.677,SF-P3O-NoDual,Walker2d-v4,3
5030,reward,299,-6.3891018582773,1.158,SF-P3O-NoDual,Walker2d-v4,3
5056,reward,300,12.896200061881068,3.015,SF-P3O-NoDual,Walker2d-v4,3
5077,reward,301,-5.2186654126754775,1.903,SF-P3O-NoDual,Walker2d-v4,3
5093,reward,302,-5.737955623459464,0.781,SF-P3O-NoDual,Walker2d-v4,3
5107,reward,303,-2.475573836317306,1.181,SF-P3O-NoDual,Walker2d-v4,3
5126,reward,304,3.741685107541979,1.725,SF-P3O-NoDual,Walker2d-v4,3
5141,reward,305,-1.0054196257535926,1.069,SF-P3O-NoDual,Walker2d-v4,3
5149,reward,306,-3.786751999248456,0.351,SF-P3O-NoDual,Walker2d-v4,3
5183,reward,307,8.985668456176791,1.261,SF-P3O-NoDual,Walker2d-v4,3
5208,reward,308,4.439374664389894,0.545,SF-P3O-NoDual,Walker2d-v4,3
5222,reward,309,-2.758109968977788,0.908,SF-P3O-NoDual,Walker2d-v4,3
5238,reward,310,-6.064397607603002,-0.988,SF-P3O-NoDual,Walker2d-v4,3
5252,reward,311,-10.728597364958148,-1.539,SF-P3O-NoDual,Walker2d-v4,3
5272,reward,312,-0.8790766736645917,-1.053,SF-P3O-NoDual,Walker2d-v4,3
5292,reward,313,4.583134561818628,-0.347,SF-P3O-NoDual,Walker2d-v4,3
5306,reward,314,-4.034452469656003,-1.125,SF-P3O-NoDual,Walker2d-v4,3
5323,reward,315,1.2635348208176442,-0.898,SF-P3O-NoDual,Walker2d-v4,3
5343,reward,316,-7.663308918704701,-1.286,SF-P3O-NoDual,Walker2d-v4,3
5374,reward,317,3.625042356452927,-1.822,SF-P3O-NoDual,Walker2d-v4,3
5388,reward,318,-9.256158983822377,-3.191,SF-P3O-NoDual,Walker2d-v4,3
5407,reward,319,-2.0226529831366014,-3.118,SF-P3O-NoDual,Walker2d-v4,3
5419,reward,320,-3.6753641819466623,-2.879,SF-P3O-NoDual,Walker2d-v4,3
5431,reward,321,-1.4991093266912603,-1.956,SF-P3O-NoDual,Walker2d-v4,3
5442,reward,322,0.4307865300548366,-1.825,SF-P3O-NoDual,Walker2d-v4,3
5460,reward,323,-1.4035617821125468,-2.424,SF-P3O-NoDual,Walker2d-v4,3
5470,reward,324,-1.9827723699538125,-2.218,SF-P3O-NoDual,Walker2d-v4,3
5485,reward,325,0.9048493689399445,-2.254,SF-P3O-NoDual,Walker2d-v4,3
5494,reward,326,-2.0943129420994726,-1.697,SF-P3O-NoDual,Walker2d-v4,3
5503,reward,327,-1.8072812158926754,-2.241,SF-P3O-NoDual,Walker2d-v4,3
5517,reward,328,3.8437345087819663,-0.931,SF-P3O-NoDual,Walker2d-v4,3
5528,reward,329,-10.24848309083035,-1.753,SF-P3O-NoDual,Walker2d-v4,3
5542,reward,330,1.6236252270600477,-1.223,SF-P3O-NoDual,Walker2d-v4,3
5554,reward,331,-2.62153656808454,-1.335,SF-P3O-NoDual,Walker2d-v4,3
5570,reward,332,-5.620807580025282,-1.941,SF-P3O-NoDual,Walker2d-v4,3
5591,reward,333,0.7752757543222757,-1.723,SF-P3O-NoDual,Walker2d-v4,3
5601,reward,334,-4.991075402494435,-2.024,SF-P3O-NoDual,Walker2d-v4,3
5611,reward,335,-1.2426748199980633,-2.238,SF-P3O-NoDual,Walker2d-v4,3
5644,reward,336,12.936586840166642,-0.735,SF-P3O-NoDual,Walker2d-v4,3
5655,reward,337,1.7996885477255762,-0.375,SF-P3O-NoDual,Walker2d-v4,3
5665,reward,338,-5.629317778128886,-1.322,SF-P3O-NoDual,Walker2d-v4,3
5684,reward,339,4.925157644199537,0.195,SF-P3O-NoDual,Walker2d-v4,3
5692,reward,340,-2.4014891478378306,-0.207,SF-P3O-NoDual,Walker2d-v4,3
5702,reward,341,-4.411834219825369,-0.386,SF-P3O-NoDual,Walker2d-v4,3
5727,reward,342,3.3273707175386846,0.509,SF-P3O-NoDual,Walker2d-v4,3
5747,reward,343,-2.700640661846694,0.161,SF-P3O-NoDual,Walker2d-v4,3
5758,reward,344,-0.35491306609576023,0.625,SF-P3O-NoDual,Walker2d-v4,3
5769,reward,345,-6.2379419859463425,0.125,SF-P3O-NoDual,Walker2d-v4,3
5812,reward,346,18.832803469925924,0.715,SF-P3O-NoDual,Walker2d-v4,3
5824,reward,347,0.3683488929670806,0.572,SF-P3O-NoDual,Walker2d-v4,3
5839,reward,348,-5.5515007159379435,0.58,SF-P3O-NoDual,Walker2d-v4,3
5862,reward,349,-4.429422413581581,-0.356,SF-P3O-NoDual,Walker2d-v4,3
5891,reward,350,18.80410537876639,1.765,SF-P3O-NoDual,Walker2d-v4,3
5903,reward,351,-2.2180854488622352,1.984,SF-P3O-NoDual,Walker2d-v4,3
5917,reward,352,-3.441463959070223,1.307,SF-P3O-NoDual,Walker2d-v4,3
5939,reward,353,-3.3092266802630843,1.246,SF-P3O-NoDual,Walker2d-v4,3
5951,reward,354,-1.4297775031875497,1.139,SF-P3O-NoDual,Walker2d-v4,3
5974,reward,355,-5.942703181560418,1.168,SF-P3O-NoDual,Walker2d-v4,3
5996,reward,356,1.028426783982392,-0.612,SF-P3O-NoDual,Walker2d-v4,3
6009,reward,357,1.575372210168636,-0.491,SF-P3O-NoDual,Walker2d-v4,3
6038,reward,358,-7.292880298404273,-0.666,SF-P3O-NoDual,Walker2d-v4,3
6054,reward,359,-1.0740737973538175,-0.33,SF-P3O-NoDual,Walker2d-v4,3
6071,reward,360,3.4438994048030684,-1.866,SF-P3O-NoDual,Walker2d-v4,3
6087,reward,361,-4.35128173005417,-2.079,SF-P3O-NoDual,Walker2d-v4,3
6103,reward,362,-0.023955625414783355,-1.738,SF-P3O-NoDual,Walker2d-v4,3
6129,reward,363,5.109594480005573,-0.896,SF-P3O-NoDual,Walker2d-v4,3
6150,reward,364,-2.6979471007390408,-1.023,SF-P3O-NoDual,Walker2d-v4,3
6162,reward,365,0.22123169166675938,-0.406,SF-P3O-NoDual,Walker2d-v4,3
6175,reward,366,-1.1334232260870656,-0.622,SF-P3O-NoDual,Walker2d-v4,3
6208,reward,367,6.094967203940172,-0.17,SF-P3O-NoDual,Walker2d-v4,3
6217,reward,368,-1.9955490109865797,0.359,SF-P3O-NoDual,Walker2d-v4,3
6230,reward,369,-4.4404008109594635,0.023,SF-P3O-NoDual,Walker2d-v4,3
6245,reward,370,-5.588702414828088,-0.881,SF-P3O-NoDual,Walker2d-v4,3
6261,reward,371,-2.4530368160442757,-0.691,SF-P3O-NoDual,Walker2d-v4,3
6297,reward,372,10.799124721514794,0.392,SF-P3O-NoDual,Walker2d-v4,3
6311,reward,373,0.3292289338597614,-0.086,SF-P3O-NoDual,Walker2d-v4,3
6328,reward,374,-4.334195997441226,-0.25,SF-P3O-NoDual,Walker2d-v4,3
6338,reward,375,-4.461206396367256,-0.718,SF-P3O-NoDual,Walker2d-v4,3
6348,reward,376,0.2553348987556868,-0.579,SF-P3O-NoDual,Walker2d-v4,3
6373,reward,377,13.29142222538597,0.14,SF-P3O-NoDual,Walker2d-v4,3
6391,reward,378,4.185274294159061,0.758,SF-P3O-NoDual,Walker2d-v4,3
6404,reward,379,-3.189530057292925,0.883,SF-P3O-NoDual,Walker2d-v4,3
6428,reward,380,-0.5980498071539078,1.382,SF-P3O-NoDual,Walker2d-v4,3
6455,reward,381,2.692405851746936,1.897,SF-P3O-NoDual,Walker2d-v4,3
6470,reward,382,-10.69952923296266,-0.253,SF-P3O-NoDual,Walker2d-v4,3
6482,reward,383,-7.801475514081963,-1.066,SF-P3O-NoDual,Walker2d-v4,3
6513,reward,384,6.470831318514367,0.015,SF-P3O-NoDual,Walker2d-v4,3
6534,reward,385,0.37228446484340005,0.498,SF-P3O-NoDual,Walker2d-v4,3
6550,reward,386,-1.2476780475827902,0.348,SF-P3O-NoDual,Walker2d-v4,3
6584,reward,387,5.1338543180077965,-0.468,SF-P3O-NoDual,Walker2d-v4,3
6597,reward,388,-7.471396877568244,-1.634,SF-P3O-NoDual,Walker2d-v4,3
6613,reward,389,6.14459203104142,-0.7,SF-P3O-NoDual,Walker2d-v4,3
6634,reward,390,-4.729128203064997,-1.114,SF-P3O-NoDual,Walker2d-v4,3
6650,reward,391,0.1475836228398435,-1.368,SF-P3O-NoDual,Walker2d-v4,3
6663,reward,392,0.21782091878387289,-0.276,SF-P3O-NoDual,Walker2d-v4,3
6675,reward,393,-0.5764308489827945,0.446,SF-P3O-NoDual,Walker2d-v4,3
6684,reward,394,-2.1217760607069587,-0.413,SF-P3O-NoDual,Walker2d-v4,3
6701,reward,395,2.5398486593106053,-0.196,SF-P3O-NoDual,Walker2d-v4,3
6719,reward,396,2.9094307910629458,0.219,SF-P3O-NoDual,Walker2d-v4,3
6745,reward,397,4.604791993002337,0.167,SF-P3O-NoDual,Walker2d-v4,3
6757,reward,398,-2.3608456884016067,0.678,SF-P3O-NoDual,Walker2d-v4,3
6772,reward,399,0.5254225847598251,0.116,SF-P3O-NoDual,Walker2d-v4,3
6786,reward,400,-2.458271329560138,0.343,SF-P3O-NoDual,Walker2d-v4,3
6807,reward,401,-3.718441547618486,-0.044,SF-P3O-NoDual,Walker2d-v4,3
6819,reward,402,-7.333135304304973,-0.799,SF-P3O-NoDual,Walker2d-v4,3
6834,reward,403,-0.8764889884499024,-0.829,SF-P3O-NoDual,Walker2d-v4,3
6854,reward,404,-4.124944385078035,-1.029,SF-P3O-NoDual,Walker2d-v4,3
6872,reward,405,-10.583933149633642,-2.342,SF-P3O-NoDual,Walker2d-v4,3
6905,reward,406,-7.502339786547722,-3.383,SF-P3O-NoDual,Walker2d-v4,3
6917,reward,407,1.1042591698145932,-3.733,SF-P3O-NoDual,Walker2d-v4,3
6943,reward,408,-4.6865100977865755,-3.965,SF-P3O-NoDual,Walker2d-v4,3
6960,reward,409,7.373520805291286,-3.281,SF-P3O-NoDual,Walker2d-v4,3
6969,reward,410,-3.080757873275532,-3.343,SF-P3O-NoDual,Walker2d-v4,3
6998,reward,411,10.116183844351546,-1.959,SF-P3O-NoDual,Walker2d-v4,3
7017,reward,412,-6.35846111059629,-1.862,SF-P3O-NoDual,Walker2d-v4,3
7036,reward,413,-0.9369897168698481,-1.868,SF-P3O-NoDual,Walker2d-v4,3
7045,reward,414,-3.6040689180449177,-1.816,SF-P3O-NoDual,Walker2d-v4,3
7060,reward,415,-5.701905123720861,-1.328,SF-P3O-NoDual,Walker2d-v4,3
7079,reward,416,3.9275422655831322,-0.185,SF-P3O-NoDual,Walker2d-v4,3
7102,reward,417,6.1692282711694055,0.322,SF-P3O-NoDual,Walker2d-v4,3
7115,reward,418,-1.1474556951976302,0.676,SF-P3O-NoDual,Walker2d-v4,3
7151,reward,419,22.649911326174923,2.203,SF-P3O-NoDual,Walker2d-v4,3
7175,reward,420,-2.718698651443221,2.24,SF-P3O-NoDual,Walker2d-v4,3
7184,reward,421,-2.291061097513089,0.999,SF-P3O-NoDual,Walker2d-v4,3
7193,reward,422,-3.237669672253448,1.311,SF-P3O-NoDual,Walker2d-v4,3
7207,reward,423,-8.336925959466509,0.571,SF-P3O-NoDual,Walker2d-v4,3
7218,reward,424,-3.174117412031092,0.614,SF-P3O-NoDual,Walker2d-v4,3
7233,reward,425,2.9686284648628005,1.481,SF-P3O-NoDual,Walker2d-v4,3
7248,reward,426,-2.543159740202686,0.834,SF-P3O-NoDual,Walker2d-v4,3
7294,reward,427,5.960844603831312,0.813,SF-P3O-NoDual,Walker2d-v4,3
7319,reward,428,-2.2391595562943305,0.704,SF-P3O-NoDual,Walker2d-v4,3
7334,reward,429,-1.3386322155401842,-1.695,SF-P3O-NoDual,Walker2d-v4,3
7363,reward,430,1.6243137242684342,-1.261,SF-P3O-NoDual,Walker2d-v4,3
7376,reward,431,2.7983992486078977,-0.752,SF-P3O-NoDual,Walker2d-v4,3
7403,reward,432,5.197884183238417,0.092,SF-P3O-NoDual,Walker2d-v4,3
7419,reward,433,-0.7804318821886924,0.847,SF-P3O-NoDual,Walker2d-v4,3
7433,reward,434,0.17478305548193118,1.182,SF-P3O-NoDual,Walker2d-v4,3
7450,reward,435,-4.899883817999388,0.395,SF-P3O-NoDual,Walker2d-v4,3
7462,reward,436,0.8362529500463041,0.733,SF-P3O-NoDual,Walker2d-v4,3
7488,reward,437,0.7476472641155472,0.212,SF-P3O-NoDual,Walker2d-v4,3
7499,reward,438,1.2222896414757853,0.558,SF-P3O-NoDual,Walker2d-v4,3
7509,reward,439,-6.236990269047019,0.068,SF-P3O-NoDual,Walker2d-v4,3
7518,reward,440,-4.2063597415384235,-0.515,SF-P3O-NoDual,Walker2d-v4,3
7535,reward,441,-1.1689093757740738,-0.911,SF-P3O-NoDual,Walker2d-v4,3
7545,reward,442,-3.0512021887841816,-1.736,SF-P3O-NoDual,Walker2d-v4,3
7570,reward,443,1.3315264776763165,-1.525,SF-P3O-NoDual,Walker2d-v4,3
7583,reward,444,-5.645817322517971,-2.107,SF-P3O-NoDual,Walker2d-v4,3
7597,reward,445,1.5771085220030625,-1.459,SF-P3O-NoDual,Walker2d-v4,3
7632,reward,446,6.45391371839189,-0.898,SF-P3O-NoDual,Walker2d-v4,3
7651,reward,447,-1.4937119883152437,-1.122,SF-P3O-NoDual,Walker2d-v4,3
7671,reward,448,-0.8413289649920566,-1.328,SF-P3O-NoDual,Walker2d-v4,3
7690,reward,449,-7.289705752503032,-1.433,SF-P3O-NoDual,Walker2d-v4,3
7703,reward,450,-0.7262129608922696,-1.085,SF-P3O-NoDual,Walker2d-v4,3
7721,reward,451,4.894715915490957,-0.479,SF-P3O-NoDual,Walker2d-v4,3
7735,reward,452,1.0958562524262472,-0.064,SF-P3O-NoDual,Walker2d-v4,3
7754,reward,453,-4.057973770591742,-0.603,SF-P3O-NoDual,Walker2d-v4,3
7771,reward,454,0.6581530596515783,0.027,SF-P3O-NoDual,Walker2d-v4,3
7786,reward,455,-7.377731825939735,-0.868,SF-P3O-NoDual,Walker2d-v4,3
7810,reward,456,6.4312071739432835,-0.871,SF-P3O-NoDual,Walker2d-v4,3
7826,reward,457,-9.224198083805344,-1.644,SF-P3O-NoDual,Walker2d-v4,3
7846,reward,458,-1.930922307864943,-1.753,SF-P3O-NoDual,Walker2d-v4,3
7865,reward,459,-1.7088850047706161,-1.195,SF-P3O-NoDual,Walker2d-v4,3
7889,reward,460,-0.4444820991288605,-1.166,SF-P3O-NoDual,Walker2d-v4,3
7903,reward,461,-0.22183180464455,-1.678,SF-P3O-NoDual,Walker2d-v4,3
7921,reward,462,-3.9816171461761583,-2.186,SF-P3O-NoDual,Walker2d-v4,3
7953,reward,463,-1.88001140663698,-1.968,SF-P3O-NoDual,Walker2d-v4,3
7968,reward,464,-0.9269965156083844,-2.127,SF-P3O-NoDual,Walker2d-v4,3
7983,reward,465,0.2783177915908618,-1.361,SF-P3O-NoDual,Walker2d-v4,3
7999,reward,466,0.34062439512763887,-1.97,SF-P3O-NoDual,Walker2d-v4,3
8023,reward,467,-6.224105029141299,-1.67,SF-P3O-NoDual,Walker2d-v4,3
8034,reward,468,-1.6030063306043738,-1.637,SF-P3O-NoDual,Walker2d-v4,3
8048,reward,469,-3.7622924588843865,-1.843,SF-P3O-NoDual,Walker2d-v4,3
8060,reward,470,-3.7487767125135143,-2.173,SF-P3O-NoDual,Walker2d-v4,3
8079,reward,471,-5.710106957614278,-2.722,SF-P3O-NoDual,Walker2d-v4,3
8097,reward,472,8.395073126941298,-1.484,SF-P3O-NoDual,Walker2d-v4,3
8114,reward,473,1.654182914642975,-1.131,SF-P3O-NoDual,Walker2d-v4,3
8130,reward,474,3.0615001115722373,-0.732,SF-P3O-NoDual,Walker2d-v4,3
8150,reward,475,5.451800434677875,-0.215,SF-P3O-NoDual,Walker2d-v4,3
8169,reward,476,-4.838452748330958,-0.732,SF-P3O-NoDual,Walker2d-v4,3
8179,reward,477,-1.078401894709997,-0.218,SF-P3O-NoDual,Walker2d-v4,3
8192,loss,0.045220717787742615,0.5744080543518066,SF-P3O-NoDual,Walker2d-v4,3
8192,reward,478,-0.5487966842180161,-0.112,SF-P3O-NoDual,Walker2d-v4,3
8220,reward,479,6.670320829215705,0.931,SF-P3O-NoDual,Walker2d-v4,3
8246,reward,480,1.7121502723304873,1.477,SF-P3O-NoDual,Walker2d-v4,3
8260,reward,481,2.9803371307893056,2.346,SF-P3O-NoDual,Walker2d-v4,3
8277,reward,482,2.974504127607844,1.804,SF-P3O-NoDual,Walker2d-v4,3
8310,reward,483,3.950418158479436,2.034,SF-P3O-NoDual,Walker2d-v4,3
8344,reward,484,10.720904504868207,2.799,SF-P3O-NoDual,Walker2d-v4,3
8377,reward,485,6.3604292747350435,2.89,SF-P3O-NoDual,Walker2d-v4,3
8388,reward,486,-2.6709686028228883,3.107,SF-P3O-NoDual,Walker2d-v4,3
8404,reward,487,0.4508480577331633,3.26,SF-P3O-NoDual,Walker2d-v4,3
8428,reward,488,-3.2783580746190264,2.987,SF-P3O-NoDual,Walker2d-v4,3
8442,reward,489,-4.337226235020321,1.886,SF-P3O-NoDual,Walker2d-v4,3
8463,reward,490,-2.977980003169742,1.417,SF-P3O-NoDual,Walker2d-v4,3
8486,reward,491,-5.434675613837118,0.576,SF-P3O-NoDual,Walker2d-v4,3
8513,reward,492,-4.131948704462151,-0.135,SF-P3O-NoDual,Walker2d-v4,3
8589,reward,493,30.03900224369864,2.474,SF-P3O-NoDual,Walker2d-v4,3
8633,reward,494,7.8184370244423596,2.184,SF-P3O-NoDual,Walker2d-v4,3
8687,reward,495,-13.470961549494458,0.201,SF-P3O-NoDual,Walker2d-v4,3
8712,reward,496,16.116833438368165,2.079,SF-P3O-NoDual,Walker2d-v4,3
8736,reward,497,9.139241747055902,2.948,SF-P3O-NoDual,Walker2d-v4,3
8749,reward,498,0.8237680195813422,3.358,SF-P3O-NoDual,Walker2d-v4,3
8773,reward,499,-6.344186987008172,3.158,SF-P3O-NoDual,Walker2d-v4,3
8802,reward,500,7.887638271953744,4.244,SF-P3O-NoDual,Walker2d-v4,3
8815,reward,501,0.3316844511446495,4.821,SF-P3O-NoDual,Walker2d-v4,3
8839,reward,502,-6.11450323318838,4.623,SF-P3O-NoDual,Walker2d-v4,3
8854,reward,503,0.7745530716580509,1.696,SF-P3O-NoDual,Walker2d-v4,3
8880,reward,504,1.47122658932728,1.062,SF-P3O-NoDual,Walker2d-v4,3
8917,reward,505,8.477857030297274,3.256,SF-P3O-NoDual,Walker2d-v4,3
8937,reward,506,4.6350532314320425,2.108,SF-P3O-NoDual,Walker2d-v4,3
8952,reward,507,3.348543242235106,1.529,SF-P3O-NoDual,Walker2d-v4,3
8970,reward,508,5.9477319730471345,2.042,SF-P3O-NoDual,Walker2d-v4,3
8983,reward,509,-0.9614909232714715,2.58,SF-P3O-NoDual,Walker2d-v4,3
8995,reward,510,-3.2175791369246625,1.469,SF-P3O-NoDual,Walker2d-v4,3
9006,reward,511,-1.8057160142211206,1.256,SF-P3O-NoDual,Walker2d-v4,3
9019,reward,512,0.5746350163846196,1.924,SF-P3O-NoDual,Walker2d-v4,3
9038,reward,513,3.6572904021362658,2.213,SF-P3O-NoDual,Walker2d-v4,3
9065,reward,514,7.281567855667342,2.794,SF-P3O-NoDual,Walker2d-v4,3
9091,reward,515,-3.198584381073069,1.626,SF-P3O-NoDual,Walker2d-v4,3
9103,reward,516,-1.6021501141313679,1.002,SF-P3O-NoDual,Walker2d-v4,3
9135,reward,517,3.6573499020158278,1.033,SF-P3O-NoDual,Walker2d-v4,3
9161,reward,518,-4.7242785969687535,-0.034,SF-P3O-NoDual,Walker2d-v4,3
9188,reward,519,14.73174216312097,1.535,SF-P3O-NoDual,Walker2d-v4,3
9209,reward,520,0.6112768778266826,1.918,SF-P3O-NoDual,Walker2d-v4,3
9220,reward,521,0.7807756039015848,2.177,SF-P3O-NoDual,Walker2d-v4,3
9252,reward,522,3.46905338046645,2.466,SF-P3O-NoDual,Walker2d-v4,3
9281,reward,523,2.227435514828188,2.323,SF-P3O-NoDual,Walker2d-v4,3
9321,reward,524,9.495848154241893,2.545,SF-P3O-NoDual,Walker2d-v4,3
9340,reward,525,5.036621470112108,3.368,SF-P3O-NoDual,Walker2d-v4,3
9358,reward,526,6.144936392709266,4.143,SF-P3O-NoDual,Walker2d-v4,3
9375,reward,527,3.096055465013459,4.087,SF-P3O-NoDual,Walker2d-v4,3
9402,reward,528,0.863873700362249,4.646,SF-P3O-NoDual,Walker2d-v4,3
9438,reward,529,21.996004668676786,5.372,SF-P3O-NoDual,Walker2d-v4,3
9447,reward,530,-2.0022882166696148,5.111,SF-P3O-NoDual,Walker2d-v4,3
9485,reward,531,4.471752816621807,5.48,SF-P3O-NoDual,Walker2d-v4,3
9500,reward,532,-1.2445510930317958,5.009,SF-P3O-NoDual,Walker2d-v4,3
9532,reward,533,6.083457924249459,5.394,SF-P3O-NoDual,Walker2d-v4,3
9551,reward,534,-10.428281963270443,3.402,SF-P3O-NoDual,Walker2d-v4,3
9582,reward,535,3.9711562233809277,3.295,SF-P3O-NoDual,Walker2d-v4,3
9604,reward,536,5.02705284332813,3.183,SF-P3O-NoDual,Walker2d-v4,3
9627,reward,537,7.568956438191692,3.631,SF-P3O-NoDual,Walker2d-v4,3
9641,reward,538,4.872762259755833,4.032,SF-P3O-NoDual,Walker2d-v4,3
9653,reward,539,1.9153191228343323,2.024,SF-P3O-NoDual,Walker2d-v4,3
9662,reward,540,-1.7035789252925368,2.053,SF-P3O-NoDual,Walker2d-v4,3
9677,reward,541,1.2513213628393671,1.731,SF-P3O-NoDual,Walker2d-v4,3
9717,reward,542,13.790732516861596,3.235,SF-P3O-NoDual,Walker2d-v4,3
9738,reward,543,-2.081762742723018,2.418,SF-P3O-NoDual,Walker2d-v4,3
9782,reward,544,0.23439926063116467,3.485,SF-P3O-NoDual,Walker2d-v4,3
9792,reward,545,-1.9713045707149282,2.89,SF-P3O-NoDual,Walker2d-v4,3
9806,reward,546,2.1657108173594697,2.604,SF-P3O-NoDual,Walker2d-v4,3
9824,reward,547,3.7540682167142188,2.223,SF-P3O-NoDual,Walker2d-v4,3
9856,reward,548,2.0829444486052813,1.944,SF-P3O-NoDual,Walker2d-v4,3
9872,reward,549,-2.6271920200981214,1.49,SF-P3O-NoDual,Walker2d-v4,3
9906,reward,550,-2.381084161451197,1.422,SF-P3O-NoDual,Walker2d-v4,3
9944,reward,551,0.4814045887506524,1.345,SF-P3O-NoDual,Walker2d-v4,3
9958,reward,552,2.547205806160671,0.22,SF-P3O-NoDual,Walker2d-v4,3
9994,reward,553,19.151012992884926,2.344,SF-P3O-NoDual,Walker2d-v4,3
10000,speed,978.02,0.17,SF-P3O-NoDual,Walker2d-v4,3
10001,spectral,0.001499,0.976171,-1.0,SF-P3O-NoDual,Walker2d-v4,3
10023,reward,554,11.284603089994413,3.449,SF-P3O-NoDual,Walker2d-v4,3
10036,reward,555,0.9179790663685097,3.738,SF-P3O-NoDual,Walker2d-v4,3
10048,reward,556,2.5652727756467026,3.778,SF-P3O-NoDual,Walker2d-v4,3
10063,reward,557,0.13583837036738766,3.416,SF-P3O-NoDual,Walker2d-v4,3
10100,reward,558,7.712194692399509,3.979,SF-P3O-NoDual,Walker2d-v4,3
10123,reward,559,15.035133750653499,5.745,SF-P3O-NoDual,Walker2d-v4,3
10166,reward,560,-1.6748526890243292,5.816,SF-P3O-NoDual,Walker2d-v4,3
10177,reward,561,2.252509542638113,5.993,SF-P3O-NoDual,Walker2d-v4,3
10196,reward,562,-1.035745286923,5.634,SF-P3O-NoDual,Walker2d-v4,3
10210,reward,563,-0.509914829880882,3.668,SF-P3O-NoDual,Walker2d-v4,3
10225,reward,564,1.9799906538034138,2.738,SF-P3O-NoDual,Walker2d-v4,3
10243,reward,565,0.7325776536398869,2.719,SF-P3O-NoDual,Walker2d-v4,3
10289,reward,566,18.408925224784827,4.304,SF-P3O-NoDual,Walker2d-v4,3
10313,reward,567,8.640147731501319,5.154,SF-P3O-NoDual,Walker2d-v4,3
10328,reward,568,1.3667750309599433,4.52,SF-P3O-NoDual,Walker2d-v4,3
10347,reward,569,-8.340033953879631,2.182,SF-P3O-NoDual,Walker2d-v4,3
10369,reward,570,-2.0000080844035453,2.15,SF-P3O-NoDual,Walker2d-v4,3
10395,reward,571,-0.5685233513364435,1.867,SF-P3O-NoDual,Walker2d-v4,3
10414,reward,572,0.22488644174849948,1.993,SF-P3O-NoDual,Walker2d-v4,3
10450,reward,573,29.354863329361336,4.98,SF-P3O-NoDual,Walker2d-v4,3
10462,reward,574,1.7939717945330167,4.961,SF-P3O-NoDual,Walker2d-v4,3
10527,reward,575,31.14506272829762,8.003,SF-P3O-NoDual,Walker2d-v4,3
10571,reward,576,23.754984593701167,8.537,SF-P3O-NoDual,Walker2d-v4,3
10587,reward,577,0.5902253292212907,7.732,SF-P3O-NoDual,Walker2d-v4,3
10614,reward,578,1.2585636321518507,7.721,SF-P3O-NoDual,Walker2d-v4,3
10623,reward,579,-8.594487995988574,7.696,SF-P3O-NoDual,Walker2d-v4,3
10638,reward,580,3.219774353776215,8.218,SF-P3O-NoDual,Walker2d-v4,3
10651,reward,581,-6.112116718703064,7.664,SF-P3O-NoDual,Walker2d-v4,3
10687,reward,582,-1.5804006232270957,7.483,SF-P3O-NoDual,Walker2d-v4,3
10712,reward,583,9.022187071381037,5.45,SF-P3O-NoDual,Walker2d-v4,3
10732,reward,584,0.44459951673218545,5.315,SF-P3O-NoDual,Walker2d-v4,3
10751,reward,585,2.599983472204003,2.46,SF-P3O-NoDual,Walker2d-v4,3
10773,reward,586,-9.54421519233074,-0.87,SF-P3O-NoDual,Walker2d-v4,3
10793,reward,587,-5.191425129949051,-1.448,SF-P3O-NoDual,Walker2d-v4,3
10808,reward,588,-1.2153653731259428,-1.695,SF-P3O-NoDual,Walker2d-v4,3
10858,reward,589,16.257563937035002,0.79,SF-P3O-NoDual,Walker2d-v4,3
10874,reward,590,4.501753345499653,0.918,SF-P3O-NoDual,Walker2d-v4,3
10892,reward,591,2.3102684063188508,1.76,SF-P3O-NoDual,Walker2d-v4,3
10912,reward,592,0.5063826910274015,1.969,SF-P3O-NoDual,Walker2d-v4,3
10927,reward,593,1.3449846620724422,1.201,SF-P3O-NoDual,Walker2d-v4,3
10937,reward,594,-1.0259789097041705,1.054,SF-P3O-NoDual,Walker2d-v4,3
10959,reward,595,7.454618064267595,1.54,SF-P3O-NoDual,Walker2d-v4,3
10968,reward,596,-3.191425545909746,2.175,SF-P3O-NoDual,Walker2d-v4,3
11008,reward,597,3.77718464353186,3.072,SF-P3O-NoDual,Walker2d-v4,3
11026,reward,598,3.6340766011658348,3.557,SF-P3O-NoDual,Walker2d-v4,3
11041,reward,599,1.8854911784960984,2.12,SF-P3O-NoDual,Walker2d-v4,3
11057,reward,600,-4.0162859175322625,1.268,SF-P3O-NoDual,Walker2d-v4,3
11099,reward,601,5.80503055345237,1.617,SF-P3O-NoDual,Walker2d-v4,3
11116,reward,602,-8.746943276486869,0.692,SF-P3O-NoDual,Walker2d-v4,3
11131,reward,603,1.7629700145206129,0.734,SF-P3O-NoDual,Walker2d-v4,3
11140,reward,604,-4.250738210807001,0.411,SF-P3O-NoDual,Walker2d-v4,3
11151,reward,605,2.4177128471057037,-0.092,SF-P3O-NoDual,Walker2d-v4,3
11168,reward,606,0.24119772988056853,0.251,SF-P3O-NoDual,Walker2d-v4,3
11194,reward,607,10.651443085161715,0.938,SF-P3O-NoDual,Walker2d-v4,3
11212,reward,608,5.754685230463097,1.15,SF-P3O-NoDual,Walker2d-v4,3
11225,reward,609,-0.718205929220407,0.89,SF-P3O-NoDual,Walker2d-v4,3
11274,reward,610,12.615300546665267,2.553,SF-P3O-NoDual,Walker2d-v4,3
11308,reward,611,19.653215513879687,3.938,SF-P3O-NoDual,Walker2d-v4,3
11326,reward,612,-5.366537210882765,4.276,SF-P3O-NoDual,Walker2d-v4,3
11337,reward,613,-2.05349328160273,3.894,SF-P3O-NoDual,Walker2d-v4,3
11366,reward,614,18.394324085322044,6.159,SF-P3O-NoDual,Walker2d-v4,3
11383,reward,615,1.100373823682611,6.027,SF-P3O-NoDual,Walker2d-v4,3
11405,reward,616,0.342124548497993,6.037,SF-P3O-NoDual,Walker2d-v4,3
11424,reward,617,-6.337537562335435,4.338,SF-P3O-NoDual,Walker2d-v4,3
11452,reward,618,-3.0540904874086285,3.458,SF-P3O-NoDual,Walker2d-v4,3
11471,reward,619,4.061261808827635,3.935,SF-P3O-NoDual,Walker2d-v4,3
11486,reward,620,2.2617005789162907,2.9,SF-P3O-NoDual,Walker2d-v4,3
11500,reward,621,1.7831833547693787,1.113,SF-P3O-NoDual,Walker2d-v4,3
11515,reward,622,4.052270946443986,2.055,SF-P3O-NoDual,Walker2d-v4,3
11528,reward,623,2.5163239344887094,2.512,SF-P3O-NoDual,Walker2d-v4,3
11560,reward,624,8.009318131418341,1.473,SF-P3O-NoDual,Walker2d-v4,3
11586,reward,625,8.077241371528116,2.171,SF-P3O-NoDual,Walker2d-v4,3
11597,reward,626,-2.4495068243446325,1.892,SF-P3O-NoDual,Walker2d-v4,3
11628,reward,627,16.250774680277985,4.151,SF-P3O-NoDual,Walker2d-v4,3
11651,reward,628,-3.6145528086293517,4.095,SF-P3O-NoDual,Walker2d-v4,3
11677,reward,629,0.017541578900449384,3.69,SF-P3O-NoDual,Walker2d-v4,3
11692,reward,630,-2.2605166184727805,3.238,SF-P3O-NoDual,Walker2d-v4,3
11704,reward,631,1.37218505475703,3.197,SF-P3O-NoDual,Walker2d-v4,3
11740,reward,632,14.028045983337366,4.195,SF-P3O-NoDual,Walker2d-v4,3
11758,reward,633,-1.8881484625620482,3.754,SF-P3O-NoDual,Walker2d-v4,3
11774,reward,634,-9.065399508442797,2.047,SF-P3O-NoDual,Walker2d-v4,3
11791,reward,635,2.860610545692945,1.525,SF-P3O-NoDual,Walker2d-v4,3
11818,reward,636,7.943008817080219,2.564,SF-P3O-NoDual,Walker2d-v4,3
11849,reward,637,14.178373360557101,2.357,SF-P3O-NoDual,Walker2d-v4,3
11863,reward,638,-0.17990934617444876,2.701,SF-P3O-NoDual,Walker2d-v4,3
11888,reward,639,-3.7995483294996752,2.319,SF-P3O-NoDual,Walker2d-v4,3
11905,reward,640,-4.618258838315572,2.083,SF-P3O-NoDual,Walker2d-v4,3
11936,reward,641,0.33973434260328217,1.98,SF-P3O-NoDual,Walker2d-v4,3
11949,reward,642,3.046610067411714,0.882,SF-P3O-NoDual,Walker2d-v4,3
11969,reward,643,-6.880879407717729,0.382,SF-P3O-NoDual,Walker2d-v4,3
11990,reward,644,-1.4210543123438164,1.147,SF-P3O-NoDual,Walker2d-v4,3
12000,reward,645,-1.5552306963999314,0.705,SF-P3O-NoDual,Walker2d-v4,3
12016,reward,646,-0.21717790069931298,-0.111,SF-P3O-NoDual,Walker2d-v4,3
12032,reward,647,-0.21174408833763336,-1.55,SF-P3O-NoDual,Walker2d-v4,3
12061,reward,648,5.067749641251986,-1.025,SF-P3O-NoDual,Walker2d-v4,3
12073,reward,649,-4.149508686735523,-1.06,SF-P3O-NoDual,Walker2d-v4,3
12086,reward,650,0.20286869140026098,-0.578,SF-P3O-NoDual,Walker2d-v4,3
12096,reward,651,-2.683341773491942,-0.88,SF-P3O-NoDual,Walker2d-v4,3
12119,reward,652,2.784542367680397,-0.906,SF-P3O-NoDual,Walker2d-v4,3
12149,reward,653,-4.820529919529872,-0.7,SF-P3O-NoDual,Walker2d-v4,3
12169,reward,654,4.756181210222895,-0.083,SF-P3O-NoDual,Walker2d-v4,3
12186,reward,655,-1.2752304776817607,-0.055,SF-P3O-NoDual,Walker2d-v4,3
12208,reward,656,-2.6480224516941586,-0.298,SF-P3O-NoDual,Walker2d-v4,3
12235,reward,657,-6.401811293325228,-0.917,SF-P3O-NoDual,Walker2d-v4,3
12251,reward,658,5.172845179722569,-0.906,SF-P3O-NoDual,Walker2d-v4,3
12260,reward,659,-3.4254374906510403,-0.834,SF-P3O-NoDual,Walker2d-v4,3
12297,reward,660,7.228607393543918,-0.131,SF-P3O-NoDual,Walker2d-v4,3
12309,reward,661,0.9944504966019119,0.237,SF-P3O-NoDual,Walker2d-v4,3
12328,reward,662,-2.0046777454267266,-0.242,SF-P3O-NoDual,Walker2d-v4,3
12354,reward,663,2.605861502106742,0.5,SF-P3O-NoDual,Walker2d-v4,3
12371,reward,664,-0.3944866239671496,-0.015,SF-P3O-NoDual,Walker2d-v4,3
12397,reward,665,2.96903108432406,0.41,SF-P3O-NoDual,Walker2d-v4,3
12420,reward,666,1.3697274439936653,0.811,SF-P3O-NoDual,Walker2d-v4,3
12431,reward,667,-1.5961848024111436,1.292,SF-P3O-NoDual,Walker2d-v4,3
12448,reward,668,-3.8024701403654175,0.394,SF-P3O-NoDual,Walker2d-v4,3
12484,reward,669,6.645784278680328,1.402,SF-P3O-NoDual,Walker2d-v4,3
12506,reward,670,-4.987901356050941,0.18,SF-P3O-NoDual,Walker2d-v4,3
12552,reward,671,2.492878592559726,0.33,SF-P3O-NoDual,Walker2d-v4,3
12565,reward,672,2.5174278083932706,0.782,SF-P3O-NoDual,Walker2d-v4,3
12587,reward,673,0.2875522564844277,0.55,SF-P3O-NoDual,Walker2d-v4,3
12626,reward,674,7.187481298795548,1.308,SF-P3O-NoDual,Walker2d-v4,3
12662,reward,675,13.026669589154213,2.314,SF-P3O-NoDual,Walker2d-v4,3
12682,reward,676,5.479930762172115,2.725,SF-P3O-NoDual,Walker2d-v4,3
12696,reward,677,-1.779887749157052,2.707,SF-P3O-NoDual,Walker2d-v4,3
12726,reward,678,6.786516557679816,3.766,SF-P3O-NoDual,Walker2d-v4,3
12743,reward,679,-2.4589100587176995,2.855,SF-P3O-NoDual,Walker2d-v4,3
12825,reward,680,52.65564693800211,8.62,SF-P3O-NoDual,Walker2d-v4,3
12840,reward,681,3.333642427067418,8.704,SF-P3O-NoDual,Walker2d-v4,3
12891,reward,682,-3.45453218739352,8.106,SF-P3O-NoDual,Walker2d-v4,3
12903,reward,683,-1.0780529790330335,7.97,SF-P3O-NoDual,Walker2d-v4,3
12940,reward,684,8.673551771751548,8.118,SF-P3O-NoDual,Walker2d-v4,3
12978,reward,685,11.202454301094425,7.936,SF-P3O-NoDual,Walker2d-v4,3
12998,reward,686,4.263418970056988,7.814,SF-P3O-NoDual,Walker2d-v4,3
13015,reward,687,1.1746094757685497,8.11,SF-P3O-NoDual,Walker2d-v4,3
13033,reward,688,1.7173962478819647,7.603,SF-P3O-NoDual,Walker2d-v4,3
13046,reward,689,1.3798768247051192,7.987,SF-P3O-NoDual,Walker2d-v4,3
13072,reward,690,6.306348432633156,3.352,SF-P3O-NoDual,Walker2d-v4,3
13090,reward,691,8.028938999998326,3.821,SF-P3O-NoDual,Walker2d-v4,3
13104,reward,692,-1.4986699064537778,4.017,SF-P3O-NoDual,Walker2d-v4,3
13128,reward,693,7.611311122728605,4.886,SF-P3O-NoDual,Walker2d-v4,3
13164,reward,694,13.95381489417307,5.414,SF-P3O-NoDual,Walker2d-v4,3
13204,reward,695,16.630510496129503,5.957,SF-P3O-NoDual,Walker2d-v4,3
13218,reward,696,3.226853458117544,5.853,SF-P3O-NoDual,Walker2d-v4,3
13246,reward,697,4.493163248680429,6.185,SF-P3O-NoDual,Walker2d-v4,3
13261,reward,698,3.019386632403907,6.315,SF-P3O-NoDual,Walker2d-v4,3
13321,reward,699,23.20203140838319,8.497,SF-P3O-NoDual,Walker2d-v4,3
13330,reward,700,-1.0673816640300533,7.76,SF-P3O-NoDual,Walker2d-v4,3
13341,reward,701,1.9867542506350064,7.156,SF-P3O-NoDual,Walker2d-v4,3
13361,reward,702,6.5574201815661874,7.961,SF-P3O-NoDual,Walker2d-v4,3
13396,reward,703,17.990186501529077,8.999,SF-P3O-NoDual,Walker2d-v4,3
13431,reward,704,13.863699712495396,8.99,SF-P3O-NoDual,Walker2d-v4,3
13449,reward,705,3.669410775009334,7.694,SF-P3O-NoDual,Walker2d-v4,3
13462,reward,706,2.086108512711891,7.58,SF-P3O-NoDual,Walker2d-v4,3
13488,reward,707,-2.9712691483262113,6.834,SF-P3O-NoDual,Walker2d-v4,3
13513,reward,708,11.007389881522403,7.632,SF-P3O-NoDual,Walker2d-v4,3
13526,reward,709,3.1422343367945063,5.626,SF-P3O-NoDual,Walker2d-v4,3
13553,reward,710,-1.5915401828149973,5.574,SF-P3O-NoDual,Walker2d-v4,3
13565,reward,711,0.2734632227604298,5.403,SF-P3O-NoDual,Walker2d-v4,3
13590,reward,712,6.709960410675329,5.418,SF-P3O-NoDual,Walker2d-v4,3
13619,reward,713,-7.8476628820355065,2.834,SF-P3O-NoDual,Walker2d-v4,3
13627,reward,714,-5.035620622869128,0.944,SF-P3O-NoDual,Walker2d-v4,3
13650,reward,715,6.220636027803884,1.199,SF-P3O-NoDual,Walker2d-v4,3
13669,reward,716,-0.85110418565326,0.906,SF-P3O-NoDual,Walker2d-v4,3
13680,reward,717,1.7530108633889296,1.378,SF-P3O-NoDual,Walker2d-v4,3
13708,reward,718,8.772528377717704,1.155,SF-P3O-NoDual,Walker2d-v4,3
13738,reward,719,5.782092131577974,1.419,SF-P3O-NoDual,Walker2d-v4,3
13753,reward,720,3.208649092949541,1.899,SF-P3O-NoDual,Walker2d-v4,3
13779,reward,721,1.5881323247891241,2.03,SF-P3O-NoDual,Walker2d-v4,3
13792,reward,722,-1.0791801765896691,1.251,SF-P3O-NoDual,Walker2d-v4,3
13829,reward,723,7.592909693123056,2.795,SF-P3O-NoDual,Walker2d-v4,3
13860,reward,724,14.87042106178214,4.786,SF-P3O-NoDual,Walker2d-v4,3
13883,reward,725,2.6529993866965924,4.429,SF-P3O-NoDual,Walker2d-v4,3
13895,reward,726,-1.4972918949260001,4.364,SF-P3O-NoDual,Walker2d-v4,3
13916,reward,727,0.5596341301671247,4.245,SF-P3O-NoDual,Walker2d-v4,3
13937,reward,728,0.4191386347343873,3.41,SF-P3O-NoDual,Walker2d-v4,3
13958,reward,729,6.688777166889528,3.5,SF-P3O-NoDual,Walker2d-v4,3
13995,reward,730,15.514503182914662,4.731,SF-P3O-NoDual,Walker2d-v4,3
14004,reward,731,-1.835450166679492,4.389,SF-P3O-NoDual,Walker2d-v4,3
14015,reward,732,-2.1546820711881356,4.281,SF-P3O-NoDual,Walker2d-v4,3
14025,reward,733,-2.980994701414051,3.224,SF-P3O-NoDual,Walker2d-v4,3
14038,reward,734,3.4966851093451874,2.086,SF-P3O-NoDual,Walker2d-v4,3
14057,reward,735,0.5370192938344617,1.875,SF-P3O-NoDual,Walker2d-v4,3
14075,reward,736,2.155940255287024,2.24,SF-P3O-NoDual,Walker2d-v4,3
14095,reward,737,0.6598014679606966,2.25,SF-P3O-NoDual,Walker2d-v4,3
14120,reward,738,4.879994033245356,2.696,SF-P3O-NoDual,Walker2d-v4,3
14132,reward,739,0.8318903617642734,2.11,SF-P3O-NoDual,Walker2d-v4,3
14145,reward,740,0.33231780757398477,0.592,SF-P3O-NoDual,Walker2d-v4,3
14200,reward,741,16.489525715597495,2.425,SF-P3O-NoDual,Walker2d-v4,3
14262,reward,742,29.594726202425857,5.6,SF-P3O-NoDual,Walker2d-v4,3
14282,reward,743,0.34235629308513094,5.932,SF-P3O-NoDual,Walker2d-v4,3
14294,reward,744,-2.087087467632763,5.374,SF-P3O-NoDual,Walker2d-v4,3
14316,reward,745,6.477941824209839,5.968,SF-P3O-NoDual,Walker2d-v4,3
14337,reward,746,1.4204011092886526,5.894,SF-P3O-NoDual,Walker2d-v4,3
14348,reward,747,-1.9328554621417362,5.635,SF-P3O-NoDual,Walker2d-v4,3
14369,reward,748,4.580736235286584,5.605,SF-P3O-NoDual,Walker2d-v4,3
14396,reward,749,4.851164712695484,6.007,SF-P3O-NoDual,Walker2d-v4,3
14419,reward,750,-3.035081260721751,5.67,SF-P3O-NoDual,Walker2d-v4,3
14434,reward,751,-5.1049143995667094,3.511,SF-P3O-NoDual,Walker2d-v4,3
14479,reward,752,10.21033342830041,1.572,SF-P3O-NoDual,Walker2d-v4,3
14497,reward,753,3.482940823987665,1.886,SF-P3O-NoDual,Walker2d-v4,3
14523,reward,754,8.019283890390073,2.897,SF-P3O-NoDual,Walker2d-v4,3
14532,reward,755,-0.5104446108114047,2.198,SF-P3O-NoDual,Walker2d-v4,3
14554,reward,756,2.0025801019879914,2.256,SF-P3O-NoDual,Walker2d-v4,3
14567,reward,757,-2.1659568121277513,2.233,SF-P3O-NoDual,Walker2d-v4,3
14607,reward,758,20.356693823311637,3.811,SF-P3O-NoDual,Walker2d-v4,3
14641,reward,759,2.0553195878130985,3.531,SF-P3O-NoDual,Walker2d-v4,3
14681,reward,760,15.706436543567426,5.405,SF-P3O-NoDual,Walker2d-v4,3
14721,reward,761,8.795637625456244,6.795,SF-P3O-NoDual,Walker2d-v4,3
14747,reward,762,14.114260254922662,7.186,SF-P3O-NoDual,Walker2d-v4,3
14764,reward,763,5.808224675070661,7.418,SF-P3O-NoDual,Walker2d-v4,3
14786,reward,764,0.33465536194761447,6.65,SF-P3O-NoDual,Walker2d-v4,3
14816,reward,765,5.77469579171146,7.278,SF-P3O-NoDual,Walker2d-v4,3
14844,reward,766,2.393779764392104,7.317,SF-P3O-NoDual,Walker2d-v4,3
14859,reward,767,4.713557652958317,8.005,SF-P3O-NoDual,Walker2d-v4,3
14885,reward,768,11.126415918146197,7.082,SF-P3O-NoDual,Walker2d-v4,3
14908,reward,769,11.765326355612954,8.053,SF-P3O-NoDual,Walker2d-v4,3
14930,reward,770,2.640683760681369,6.747,SF-P3O-NoDual,Walker2d-v4,3
14947,reward,771,-1.5718873658130132,5.71,SF-P3O-NoDual,Walker2d-v4,3
14968,reward,772,2.23399124008708,4.522,SF-P3O-NoDual,Walker2d-v4,3
14991,reward,773,3.857718918383969,4.327,SF-P3O-NoDual,Walker2d-v4,3
15013,reward,774,1.4258828842890532,4.436,SF-P3O-NoDual,Walker2d-v4,3
15043,reward,775,19.37663440421846,5.796,SF-P3O-NoDual,Walker2d-v4,3
15064,reward,776,6.256585250510138,6.182,SF-P3O-NoDual,Walker2d-v4,3
15087,reward,777,-0.03448114146556924,5.708,SF-P3O-NoDual,Walker2d-v4,3
15118,reward,778,18.496672758670556,6.445,SF-P3O-NoDual,Walker2d-v4,3
15131,reward,779,1.192918864682007,5.387,SF-P3O-NoDual,Walker2d-v4,3
15157,reward,780,6.713861597119686,5.795,SF-P3O-NoDual,Walker2d-v4,3
15175,reward,781,6.135311239546152,6.566,SF-P3O-NoDual,Walker2d-v4,3
15231,reward,782,43.01314407352164,10.643,SF-P3O-NoDual,Walker2d-v4,3
15266,reward,783,4.966592770629109,10.754,SF-P3O-NoDual,Walker2d-v4,3
15287,reward,784,5.936306318810489,11.205,SF-P3O-NoDual,Walker2d-v4,3
15302,reward,785,0.9394664049134223,9.362,SF-P3O-NoDual,Walker2d-v4,3
15329,reward,786,9.923925377290535,9.728,SF-P3O-NoDual,Walker2d-v4,3
15356,reward,787,11.776329910433361,10.909,SF-P3O-NoDual,Walker2d-v4,3
15372,reward,788,1.8563481604284038,9.245,SF-P3O-NoDual,Walker2d-v4,3
15385,reward,789,3.661930727429928,9.492,SF-P3O-NoDual,Walker2d-v4,3
15402,reward,790,4.205547043029977,9.241,SF-P3O-NoDual,Walker2d-v4,3
15445,reward,791,18.201325272272474,10.448,SF-P3O-NoDual,Walker2d-v4,3
15478,reward,792,2.9010724081070287,6.437,SF-P3O-NoDual,Walker2d-v4,3
15509,reward,793,15.692553543930782,7.509,SF-P3O-NoDual,Walker2d-v4,3
15542,reward,794,-4.303328397876732,6.486,SF-P3O-NoDual,Walker2d-v4,3
15561,reward,795,-15.740628994951066,4.818,SF-P3O-NoDual,Walker2d-v4,3
15596,reward,796,4.784462390963563,4.304,SF-P3O-NoDual,Walker2d-v4,3
15612,reward,797,-0.7050532838168851,3.055,SF-P3O-NoDual,Walker2d-v4,3
15642,reward,798,1.066169092328595,2.976,SF-P3O-NoDual,Walker2d-v4,3
15681,reward,799,2.718217815986958,2.882,SF-P3O-NoDual,Walker2d-v4,3
15692,reward,800,-1.603264014868938,2.301,SF-P3O-NoDual,Walker2d-v4,3
15705,reward,801,-5.56892939398121,-0.076,SF-P3O-NoDual,Walker2d-v4,3
15720,reward,802,-4.392373368471523,-0.805,SF-P3O-NoDual,Walker2d-v4,3
15738,reward,803,9.129868742848156,-1.461,SF-P3O-NoDual,Walker2d-v4,3
15778,reward,804,10.33023256501944,0.002,SF-P3O-NoDual,Walker2d-v4,3
15801,reward,805,1.6656517896828653,1.742,SF-P3O-NoDual,Walker2d-v4,3
15811,reward,806,-1.2620253284665897,1.138,SF-P3O-NoDual,Walker2d-v4,3
15837,reward,807,6.201285319430685,1.828,SF-P3O-NoDual,Walker2d-v4,3
15866,reward,808,3.615480038261858,2.083,SF-P3O-NoDual,Walker2d-v4,3
15880,reward,809,1.6666536383540507,1.978,SF-P3O-NoDual,Walker2d-v4,3
15905,reward,810,-2.5522895297582036,1.883,SF-P3O-NoDual,Walker2d-v4,3
15916,reward,811,-3.693607347751911,2.071,SF-P3O-NoDual,Walker2d-v4,3
15927,reward,812,1.9589194097629805,2.706,SF-P3O-NoDual,Walker2d-v4,3
15961,reward,813,18.543345473499006,3.647,SF-P3O-NoDual,Walker2d-v4,3
15979,reward,814,0.4201269562757657,2.656,SF-P3O-NoDual,Walker2d-v4,3
15991,reward,815,2.358256925161138,2.726,SF-P3O-NoDual,Walker2d-v4,3
16012,reward,816,0.8001676836296123,2.932,SF-P3O-NoDual,Walker2d-v4,3
16025,reward,817,-0.8742435246938229,2.224,SF-P3O-NoDual,Walker2d-v4,3
16070,reward,818,25.195182074256486,4.382,SF-P3O-NoDual,Walker2d-v4,3
16101,reward,819,10.01897588428345,5.217,SF-P3O-NoDual,Walker2d-v4,3
16112,reward,820,-1.9360622991873853,5.279,SF-P3O-NoDual,Walker2d-v4,3
16139,reward,821,-0.888116522346492,5.56,SF-P3O-NoDual,Walker2d-v4,3
16155,reward,822,2.519259016367965,5.616,SF-P3O-NoDual,Walker2d-v4,3
16178,reward,823,-6.949019155199255,3.066,SF-P3O-NoDual,Walker2d-v4,3
16194,reward,824,2.865215947114356,3.311,SF-P3O-NoDual,Walker2d-v4,3
16213,reward,825,-3.5241460298640006,2.723,SF-P3O-NoDual,Walker2d-v4,3
16235,reward,826,-3.0863219434215083,2.334,SF-P3O-NoDual,Walker2d-v4,3
16278,reward,827,13.663536113151602,3.788,SF-P3O-NoDual,Walker2d-v4,3
16305,reward,828,7.352515701252853,2.004,SF-P3O-NoDual,Walker2d-v4,3
16329,reward,829,-0.8291357449677543,0.919,SF-P3O-NoDual,Walker2d-v4,3
16347,reward,830,-2.017819280770948,0.911,SF-P3O-NoDual,Walker2d-v4,3
16376,reward,831,-0.36442196360479007,0.963,SF-P3O-NoDual,Walker2d-v4,3
16384,loss,-0.11274208128452301,0.6524965763092041,SF-P3O-NoDual,Walker2d-v4,3
16384,diagnostics,0.0,23.27,1.4253,0.003316,0.975706,-1.0,0.088207,SF-P3O-NoDual,Walker2d-v4,3
16387,reward,832,-1.1442719174051093,0.597,SF-P3O-NoDual,Walker2d-v4,3
16413,reward,833,-2.019442799047749,1.09,SF-P3O-NoDual,Walker2d-v4,3
16432,reward,834,-3.8102232365210713,0.422,SF-P3O-NoDual,Walker2d-v4,3
16451,reward,835,-2.6148889067742465,0.513,SF-P3O-NoDual,Walker2d-v4,3
16476,reward,836,-5.517769152544606,0.27,SF-P3O-NoDual,Walker2d-v4,3
16497,reward,837,-0.6858582098887839,-1.165,SF-P3O-NoDual,Walker2d-v4,3
16510,reward,838,1.487101222836877,-1.752,SF-P3O-NoDual,Walker2d-v4,3
16535,reward,839,7.3254986312632315,-0.936,SF-P3O-NoDual,Walker2d-v4,3
16621,reward,840,54.44717414631347,4.71,SF-P3O-NoDual,Walker2d-v4,3
16635,reward,841,-4.661603702199974,4.281,SF-P3O-NoDual,Walker2d-v4,3
16667,reward,842,-2.2294163233056077,4.172,SF-P3O-NoDual,Walker2d-v4,3
16675,reward,843,-3.8746164070010316,3.987,SF-P3O-NoDual,Walker2d-v4,3
16704,reward,844,9.413485109636026,5.309,SF-P3O-NoDual,Walker2d-v4,3
16725,reward,845,1.2826357976203004,5.699,SF-P3O-NoDual,Walker2d-v4,3
16750,reward,846,6.956493921317824,6.946,SF-P3O-NoDual,Walker2d-v4,3
16800,reward,847,17.482826229002043,8.763,SF-P3O-NoDual,Walker2d-v4,3
16819,reward,848,9.91335664310169,9.606,SF-P3O-NoDual,Walker2d-v4,3
16829,reward,849,-3.3601577543515804,8.537,SF-P3O-NoDual,Walker2d-v4,3
16854,reward,850,1.802215969984334,3.273,SF-P3O-NoDual,Walker2d-v4,3
16888,reward,851,15.824575858197887,5.321,SF-P3O-NoDual,Walker2d-v4,3
16921,reward,852,0.33518285836723605,5.578,SF-P3O-NoDual,Walker2d-v4,3
16943,reward,853,7.848993881792051,6.75,SF-P3O-NoDual,Walker2d-v4,3
16972,reward,854,2.6028863819664143,6.069,SF-P3O-NoDual,Walker2d-v4,3
17003,reward,855,1.8306662249839056,6.124,SF-P3O-NoDual,Walker2d-v4,3
17040,reward,856,9.658399959827507,6.394,SF-P3O-NoDual,Walker2d-v4,3
17074,reward,857,7.378947159022023,5.384,SF-P3O-NoDual,Walker2d-v4,3
17098,reward,858,7.5136244079176215,5.144,SF-P3O-NoDual,Walker2d-v4,3
17115,reward,859,7.84799863351911,6.264,SF-P3O-NoDual,Walker2d-v4,3
17161,reward,860,18.507958446574964,7.935,SF-P3O-NoDual,Walker2d-v4,3
17178,reward,861,5.085362790787416,6.861,SF-P3O-NoDual,Walker2d-v4,3
17194,reward,862,5.281442186222952,7.356,SF-P3O-NoDual,Walker2d-v4,3
17210,reward,863,2.226631542373016,6.793,SF-P3O-NoDual,Walker2d-v4,3
17227,reward,864,1.151883123159836,6.648,SF-P3O-NoDual,Walker2d-v4,3
17259,reward,865,19.229751867867623,8.388,SF-P3O-NoDual,Walker2d-v4,3
17298,reward,866,11.538965561577164,8.576,SF-P3O-NoDual,Walker2d-v4,3
17343,reward,867,12.164671721452077,9.055,SF-P3O-NoDual,Walker2d-v4,3
17358,reward,868,5.834793415678455,8.887,SF-P3O-NoDual,Walker2d-v4,3
17372,reward,869,1.0218346091035297,8.204,SF-P3O-NoDual,Walker2d-v4,3
17388,reward,870,-1.6694261060824298,6.187,SF-P3O-NoDual,Walker2d-v4,3
17403,reward,871,1.2057106004005478,5.799,SF-P3O-NoDual,Walker2d-v4,3
17414,reward,872,0.882315151914198,5.359,SF-P3O-NoDual,Walker2d-v4,3
17430,reward,873,4.504103808063008,5.586,SF-P3O-NoDual,Walker2d-v4,3
17459,reward,874,5.79084071931241,6.05,SF-P3O-NoDual,Walker2d-v4,3
17473,reward,875,-1.7594303177245385,3.951,SF-P3O-NoDual,Walker2d-v4,3
17509,reward,876,18.4872916420395,4.646,SF-P3O-NoDual,Walker2d-v4,3
17533,reward,877,11.98377729406254,4.628,SF-P3O-NoDual,Walker2d-v4,3
17545,reward,878,2.7237653990865587,4.317,SF-P3O-NoDual,Walker2d-v4,3
17585,reward,879,4.913551065542244,4.706,SF-P3O-NoDual,Walker2d-v4,3
17654,reward,880,23.976764861970864,7.271,SF-P3O-NoDual,Walker2d-v4,3
17674,reward,881,-0.3498114645654199,7.115,SF-P3O-NoDual,Walker2d-v4,3
17702,reward,882,12.701648323415231,8.297,SF-P3O-NoDual,Walker2d-v4,3
17741,reward,883,14.749242579844019,9.322,SF-P3O-NoDual,Walker2d-v4,3
17757,reward,884,0.41695470050633265,8.784,SF-P3O-NoDual,Walker2d-v4,3
17774,reward,885,-0.49944225306169887,8.91,SF-P3O-NoDual,Walker2d-v4,3
17791,reward,886,2.143582602073386,7.276,SF-P3O-NoDual,Walker2d-v4,3
17831,reward,887,30.471441451749808,9.125,SF-P3O-NoDual,Walker2d-v4,3
17867,reward,888,16.592822306075433,10.512,SF-P3O-NoDual,Walker2d-v4,3
17907,reward,889,0.3523052570502615,10.056,SF-P3O-NoDual,Walker2d-v4,3
17919,reward,890,1.0193917255410359,7.76,SF-P3O-NoDual,Walker2d-v4,3
17963,reward,891,16.494040321441787,9.444,SF-P3O-NoDual,Walker2d-v4,3
17995,reward,892,24.085087917126927,10.583,SF-P3O-NoDual,Walker2d-v4,3
18076,reward,893,59.142545226292334,15.022,SF-P3O-NoDual,Walker2d-v4,3
18109,reward,894,8.204197940321915,15.801,SF-P3O-NoDual,Walker2d-v4,3
18125,reward,895,4.647655971625159,16.315,SF-P3O-NoDual,Walker2d-v4,3
18145,reward,896,-1.4317446715554603,15.958,SF-P3O-NoDual,Walker2d-v4,3
18178,reward,897,23.091160077973182,15.22,SF-P3O-NoDual,Walker2d-v4,3
18209,reward,898,14.326668383104524,14.993,SF-P3O-NoDual,Walker2d-v4,3
18244,reward,899,6.818997928804932,15.64,SF-P3O-NoDual,Walker2d-v4,3
18275,reward,900,6.21842407685034,16.16,SF-P3O-NoDual,Walker2d-v4,3
18333,reward,901,25.166647142700548,17.027,SF-P3O-NoDual,Walker2d-v4,3
18364,reward,902,14.511083063284623,16.07,SF-P3O-NoDual,Walker2d-v4,3
18411,reward,903,7.439969730209984,10.899,SF-P3O-NoDual,Walker2d-v4,3
18429,reward,904,3.749607318509213,10.454,SF-P3O-NoDual,Walker2d-v4,3
18443,reward,905,0.473903691503326,10.036,SF-P3O-NoDual,Walker2d-v4,3
18483,reward,906,14.447030100783463,11.624,SF-P3O-NoDual,Walker2d-v4,3
18590,reward,907,18.322139453608262,11.147,SF-P3O-NoDual,Walker2d-v4,3
18634,reward,908,38.16907928369642,13.532,SF-P3O-NoDual,Walker2d-v4,3
18648,reward,909,1.7156693288498035,13.021,SF-P3O-NoDual,Walker2d-v4,3
18668,reward,910,1.4658316938995533,12.546,SF-P3O-NoDual,Walker2d-v4,3
18679,reward,911,0.21662889165125332,10.051,SF-P3O-NoDual,Walker2d-v4,3
18703,reward,912,3.005936964200039,8.901,SF-P3O-NoDual,Walker2d-v4,3
18714,reward,913,-0.20090007536058518,8.136,SF-P3O-NoDual,Walker2d-v4,3
18751,reward,914,2.3979099490210825,8.001,SF-P3O-NoDual,Walker2d-v4,3
18767,reward,915,-1.3342429634859032,7.821,SF-P3O-NoDual,Walker2d-v4,3
18800,reward,916,11.802540392075029,7.556,SF-P3O-NoDual,Walker2d-v4,3
18826,reward,917,8.649153892826819,6.589,SF-P3O-NoDual,Walker2d-v4,3
18856,reward,918,-3.2779035508908647,2.444,SF-P3O-NoDual,Walker2d-v4,3
18872,reward,919,4.8104207719635665,2.754,SF-P3O-NoDual,Walker2d-v4,3
18907,reward,920,7.259594686968333,3.333,SF-P3O-NoDual,Walker2d-v4,3
18927,reward,921,1.2205038729709887,3.433,SF-P3O-NoDual,Walker2d-v4,3
18943,reward,922,5.780775591426824,3.711,SF-P3O-NoDual,Walker2d-v4,3
18964,reward,923,-6.008823615307742,3.13,SF-P3O-NoDual,Walker2d-v4,3
18984,reward,924,-1.73958557348115,2.716,SF-P3O-NoDual,Walker2d-v4,3
19016,reward,925,13.879169311584423,4.238,SF-P3O-NoDual,Walker2d-v4,3
19071,reward,926,15.96178821314975,4.654,SF-P3O-NoDual,Walker2d-v4,3
19103,reward,927,0.9439948767711475,3.883,SF-P3O-NoDual,Walker2d-v4,3
19119,reward,928,5.569452159945665,4.768,SF-P3O-NoDual,Walker2d-v4,3
19144,reward,929,0.22981100401621668,4.31,SF-P3O-NoDual,Walker2d-v4,3
19180,reward,930,14.774961825906033,5.061,SF-P3O-NoDual,Walker2d-v4,3
19219,reward,931,1.9142458491357546,5.131,SF-P3O-NoDual,Walker2d-v4,3
19264,reward,932,19.604069680263166,6.513,SF-P3O-NoDual,Walker2d-v4,3
19310,reward,933,11.569451435223046,8.271,SF-P3O-NoDual,Walker2d-v4,3
19321,reward,934,-2.5013311198359958,8.195,SF-P3O-NoDual,Walker2d-v4,3
19356,reward,935,21.081979917778117,8.915,SF-P3O-NoDual,Walker2d-v4,3
19371,reward,936,2.2452763453724307,7.543,SF-P3O-NoDual,Walker2d-v4,3
19381,reward,937,0.028589665870153658,7.452,SF-P3O-NoDual,Walker2d-v4,3
19428,reward,938,17.38375322365537,8.633,SF-P3O-NoDual,Walker2d-v4,3
19457,reward,939,8.674615274723275,9.478,SF-P3O-NoDual,Walker2d-v4,3
19468,reward,940,2.9351008683386013,8.294,SF-P3O-NoDual,Walker2d-v4,3
19510,reward,941,2.1194617027272873,8.314,SF-P3O-NoDual,Walker2d-v4,3
19544,reward,942,7.2727437693970405,7.081,SF-P3O-NoDual,Walker2d-v4,3
19570,reward,943,3.247140470468659,6.249,SF-P3O-NoDual,Walker2d-v4,3
19590,reward,944,3.142456415150388,6.813,SF-P3O-NoDual,Walker2d-v4,3
19620,reward,945,19.562420271199272,6.661,SF-P3O-NoDual,Walker2d-v4,3
19657,reward,946,1.3326724249327162,6.57,SF-P3O-NoDual,Walker2d-v4,3
19683,reward,947,2.3980379890944286,6.807,SF-P3O-NoDual,Walker2d-v4,3
19708,reward,948,10.396863017554505,6.108,SF-P3O-NoDual,Walker2d-v4,3
19742,reward,949,7.027727582119712,5.943,SF-P3O-NoDual,Walker2d-v4,3
19776,reward,950,1.6260474614368143,5.813,SF-P3O-NoDual,Walker2d-v4,3
19789,reward,951,-1.656751927709054,5.435,SF-P3O-NoDual,Walker2d-v4,3
19850,reward,952,27.814183658721063,7.489,SF-P3O-NoDual,Walker2d-v4,3
19895,reward,953,7.810894867308544,7.945,SF-P3O-NoDual,Walker2d-v4,3
19907,reward,954,2.922353033291855,7.923,SF-P3O-NoDual,Walker2d-v4,3
19971,reward,955,41.11859295504913,10.079,SF-P3O-NoDual,Walker2d-v4,3
20000,speed,982.72,0.34,SF-P3O-NoDual,Walker2d-v4,3
20001,spectral,0.003316,0.975706,-1.0,SF-P3O-NoDual,Walker2d-v4,3
20007,reward,956,11.02780040333431,11.049,SF-P3O-NoDual,Walker2d-v4,3
20032,reward,957,12.646967892651602,12.073,SF-P3O-NoDual,Walker2d-v4,3
20045,reward,958,-1.3133171625520408,10.902,SF-P3O-NoDual,Walker2d-v4,3
20072,reward,959,14.976006357208242,11.697,SF-P3O-NoDual,Walker2d-v4,3
20109,reward,960,6.109131841182321,12.146,SF-P3O-NoDual,Walker2d-v4,3
20127,reward,961,1.2888994308328772,12.44,SF-P3O-NoDual,Walker2d-v4,3
20153,reward,962,-3.3163249486553434,9.327,SF-P3O-NoDual,Walker2d-v4,3
20182,reward,963,0.36058462447386685,8.582,SF-P3O-NoDual,Walker2d-v4,3
20221,reward,964,-2.7859486812822674,8.011,SF-P3O-NoDual,Walker2d-v4,3
20260,reward,965,14.233084126183984,5.323,SF-P3O-NoDual,Walker2d-v4,3
20273,reward,966,3.8250676525421676,4.602,SF-P3O-NoDual,Walker2d-v4,3
20312,reward,967,23.07511567930052,5.645,SF-P3O-NoDual,Walker2d-v4,3
20358,reward,968,14.163553743820392,7.193,SF-P3O-NoDual,Walker2d-v4,3
20406,reward,969,3.9086534962651367,6.086,SF-P3O-NoDual,Walker2d-v4,3
20432,reward,970,8.509337357521233,6.326,SF-P3O-NoDual,Walker2d-v4,3
20468,reward,971,18.881417322338333,8.085,SF-P3O-NoDual,Walker2d-v4,3
20497,reward,972,5.714224549937447,8.989,SF-P3O-NoDual,Walker2d-v4,3
20513,reward,973,4.137874874609855,9.366,SF-P3O-NoDual,Walker2d-v4,3
20543,reward,974,23.70969445845437,12.016,SF-P3O-NoDual,Walker2d-v4,3
20572,reward,975,6.360676105502273,11.229,SF-P3O-NoDual,Walker2d-v4,3
20606,reward,976,3.9148400913291583,11.238,SF-P3O-NoDual,Walker2d-v4,3
20622,reward,977,6.342204197223365,9.564,SF-P3O-NoDual,Walker2d-v4,3
20644,reward,978,4.043247307529151,8.552,SF-P3O-NoDual,Walker2d-v4,3
20657,reward,979,-1.261070591975953,8.035,SF-P3O-NoDual,Walker2d-v4,3
20689,reward,980,3.0757671064802965,7.492,SF-P3O-NoDual,Walker2d-v4,3
20720,reward,981,14.129969269303416,7.017,SF-P3O-NoDual,Walker2d-v4,3
20748,reward,982,11.218968101106103,7.567,SF-P3O-NoDual,Walker2d-v4,3
20790,reward,983,31.4423072048276,10.298,SF-P3O-NoDual,Walker2d-v4,3
20810,reward,984,5.543760965178444,8.481,SF-P3O-NoDual,Walker2d-v4,3
20865,reward,985,33.95403384183877,11.24,SF-P3O-NoDual,Walker2d-v4,3
20884,reward,986,2.439568658954732,11.093,SF-P3O-NoDual,Walker2d-v4,3
20918,reward,987,2.584059738476312,10.717,SF-P3O-NoDual,Walker2d-v4,3
20933,reward,988,2.5611313289034205,10.569,SF-P3O-NoDual,Walker2d-v4,3
20949,reward,989,1.4995469331741478,10.845,SF-P3O-NoDual,Walker2d-v4,3
20970,reward,990,6.796633903251051,11.217,SF-P3O-NoDual,Walker2d-v4,3
20990,reward,991,-4.489156457870725,9.355,SF-P3O-NoDual,Walker2d-v4,3
21013,reward,992,-1.8517653315558853,8.048,SF-P3O-NoDual,Walker2d-v4,3
21023,reward,993,-1.9788888711248898,4.706,SF-P3O-NoDual,Walker2d-v4,3
21055,reward,994,5.410189883463858,4.693,SF-P3O-NoDual,Walker2d-v4,3
21089,reward,995,14.744687112061952,2.772,SF-P3O-NoDual,Walker2d-v4,3
21130,reward,996,8.51372713637254,3.379,SF-P3O-NoDual,Walker2d-v4,3
21189,reward,997,24.907757142219644,5.611,SF-P3O-NoDual,Walker2d-v4,3
21202,reward,998,3.2746808550476336,5.683,SF-P3O-NoDual,Walker2d-v4,3
21249,reward,999,16.398335550359434,7.173,SF-P3O-NoDual,Walker2d-v4,3
21275,reward,1000,4.917655740786907,6.985,SF-P3O-NoDual,Walker2d-v4,3
21302,reward,1001,12.958721354056213,8.73,SF-P3O-NoDual,Walker2d-v4,3
21322,reward,1002,8.707623342306043,9.785,SF-P3O-NoDual,Walker2d-v4,3
21337,reward,1003,4.863795380214469,10.47,SF-P3O-NoDual,Walker2d-v4,3
21351,reward,1004,1.1589356374488977,10.045,SF-P3O-NoDual,Walker2d-v4,3
21367,reward,1005,0.06967803479961965,8.577,SF-P3O-NoDual,Walker2d-v4,3
21431,reward,1006,8.877411747506548,8.613,SF-P3O-NoDual,Walker2d-v4,3
21446,reward,1007,-0.3025796621207544,6.092,SF-P3O-NoDual,Walker2d-v4,3
21463,reward,1008,2.85825731482441,6.051,SF-P3O-NoDual,Walker2d-v4,3
21531,reward,1009,21.4162780966486,6.553,SF-P3O-NoDual,Walker2d-v4,3
21558,reward,1010,6.510272413183408,6.712,SF-P3O-NoDual,Walker2d-v4,3
21636,reward,1011,35.57960212631732,8.974,SF-P3O-NoDual,Walker2d-v4,3
21645,reward,1012,-3.657573664815489,7.737,SF-P3O-NoDual,Walker2d-v4,3
21664,reward,1013,4.031663572163081,7.654,SF-P3O-NoDual,Walker2d-v4,3
21693,reward,1014,15.51641480930652,9.09,SF-P3O-NoDual,Walker2d-v4,3
21734,reward,1015,20.02653262615145,11.086,SF-P3O-NoDual,Walker2d-v4,3
21756,reward,1016,16.024059060512116,11.8,SF-P3O-NoDual,Walker2d-v4,3
21800,reward,1017,17.72504927184528,13.603,SF-P3O-NoDual,Walker2d-v4,3
21825,reward,1018,7.131453571266224,14.03,SF-P3O-NoDual,Walker2d-v4,3
21860,reward,1019,16.976906833483753,13.586,SF-P3O-NoDual,Walker2d-v4,3
21885,reward,1020,6.128624092682939,13.548,SF-P3O-NoDual,Walker2d-v4,3
21934,reward,1021,29.30227361891219,12.921,SF-P3O-NoDual,Walker2d-v4,3
21975,reward,1022,11.00547722862668,14.387,SF-P3O-NoDual,Walker2d-v4,3
22011,reward,1023,7.034223268189087,14.687,SF-P3O-NoDual,Walker2d-v4,3
22024,reward,1024,3.1944014901634543,13.455,SF-P3O-NoDual,Walker2d-v4,3
22043,reward,1025,5.7093657247941385,12.023,SF-P3O-NoDual,Walker2d-v4,3
22061,reward,1026,5.420732359909303,10.963,SF-P3O-NoDual,Walker2d-v4,3
22075,reward,1027,2.654035081772899,9.456,SF-P3O-NoDual,Walker2d-v4,3
22107,reward,1028,-0.12323800749435776,8.73,SF-P3O-NoDual,Walker2d-v4,3
22170,reward,1029,42.22574765752585,11.255,SF-P3O-NoDual,Walker2d-v4,3
22199,reward,1030,3.3480083201519864,10.977,SF-P3O-NoDual,Walker2d-v4,3
22304,reward,1031,49.694545586596305,13.016,SF-P3O-NoDual,Walker2d-v4,3
22334,reward,1032,8.109622929916744,12.727,SF-P3O-NoDual,Walker2d-v4,3
22379,reward,1033,33.65010262496235,15.388,SF-P3O-NoDual,Walker2d-v4,3
22421,reward,1034,15.125069001396579,16.581,SF-P3O-NoDual,Walker2d-v4,3
22432,reward,1035,0.6675609323628289,16.077,SF-P3O-NoDual,Walker2d-v4,3
22470,reward,1036,14.991110399889628,17.034,SF-P3O-NoDual,Walker2d-v4,3
22502,reward,1037,21.787873433370237,18.948,SF-P3O-NoDual,Walker2d-v4,3
22530,reward,1038,9.422646887963865,19.902,SF-P3O-NoDual,Walker2d-v4,3
22576,reward,1039,16.338307087966413,17.313,SF-P3O-NoDual,Walker2d-v4,3
22631,reward,1040,18.325508805744946,18.811,SF-P3O-NoDual,Walker2d-v4,3
22646,reward,1041,-0.9584677328454145,13.746,SF-P3O-NoDual,Walker2d-v4,3
22676,reward,1042,4.058996715794053,13.341,SF-P3O-NoDual,Walker2d-v4,3
22705,reward,1043,4.574571069624221,10.433,SF-P3O-NoDual,Walker2d-v4,3
22731,reward,1044,4.504022189106889,9.371,SF-P3O-NoDual,Walker2d-v4,3
22768,reward,1045,17.60074731976964,11.065,SF-P3O-NoDual,Walker2d-v4,3
22781,reward,1046,1.569277086822804,9.722,SF-P3O-NoDual,Walker2d-v4,3
22826,reward,1047,12.351085064501122,8.779,SF-P3O-NoDual,Walker2d-v4,3
22846,reward,1048,0.8867395757019196,7.925,SF-P3O-NoDual,Walker2d-v4,3
22882,reward,1049,3.699974876293812,6.661,SF-P3O-NoDual,Walker2d-v4,3
22894,reward,1050,-1.3573261725257904,4.693,SF-P3O-NoDual,Walker2d-v4,3
22927,reward,1051,1.169535043473893,4.906,SF-P3O-NoDual,Walker2d-v4,3
22978,reward,1052,-0.25290296720149064,4.475,SF-P3O-NoDual,Walker2d-v4,3
23011,reward,1053,10.512452488779546,5.068,SF-P3O-NoDual,Walker2d-v4,3
23034,reward,1054,10.939272937663802,5.712,SF-P3O-NoDual,Walker2d-v4,3
23059,reward,1055,8.492117960319991,4.801,SF-P3O-NoDual,Walker2d-v4,3
23127,reward,1056,41.447890632929415,8.789,SF-P3O-NoDual,Walker2d-v4,3
23142,reward,1057,3.5975794838929778,7.914,SF-P3O-NoDual,Walker2d-v4,3
23177,reward,1058,22.6629288682134,10.091,SF-P3O-NoDual,Walker2d-v4,3
23216,reward,1059,29.492092934658515,12.67,SF-P3O-NoDual,Walker2d-v4,3
23235,reward,1060,9.518321353764142,13.758,SF-P3O-NoDual,Walker2d-v4,3
23270,reward,1061,6.144478366706565,14.255,SF-P3O-NoDual,Walker2d-v4,3
23293,reward,1062,3.778215870574825,14.659,SF-P3O-NoDual,Walker2d-v4,3
23314,reward,1063,12.155642162207496,14.823,SF-P3O-NoDual,Walker2d-v4,3
23332,reward,1064,3.10456857376971,14.039,SF-P3O-NoDual,Walker2d-v4,3
23368,reward,1065,17.086743811392356,14.899,SF-P3O-NoDual,Walker2d-v4,3
23391,reward,1066,-10.669433959358074,9.687,SF-P3O-NoDual,Walker2d-v4,3
23449,reward,1067,24.877425068551283,11.815,SF-P3O-NoDual,Walker2d-v4,3
23474,reward,1068,-1.6405750322145352,9.385,SF-P3O-NoDual,Walker2d-v4,3
23516,reward,1069,13.558109081834667,7.791,SF-P3O-NoDual,Walker2d-v4,3
23553,reward,1070,15.48083462130944,8.388,SF-P3O-NoDual,Walker2d-v4,3
23569,reward,1071,6.116988182407522,8.385,SF-P3O-NoDual,Walker2d-v4,3
23583,reward,1072,5.34930482439753,8.542,SF-P3O-NoDual,Walker2d-v4,3
23610,reward,1073,12.821956666606411,8.609,SF-P3O-NoDual,Walker2d-v4,3
23640,reward,1074,10.91534733518648,9.39,SF-P3O-NoDual,Walker2d-v4,3
23654,reward,1075,2.758964755483118,7.957,SF-P3O-NoDual,Walker2d-v4,3
23705,reward,1076,18.23821926047939,10.848,SF-P3O-NoDual,Walker2d-v4,3
23726,reward,1077,10.655248617117547,9.425,SF-P3O-NoDual,Walker2d-v4,3
23783,reward,1078,12.036989160139903,10.793,SF-P3O-NoDual,Walker2d-v4,3
23799,reward,1079,4.187631651728819,9.856,SF-P3O-NoDual,Walker2d-v4,3
23819,reward,1080,7.047210585631746,9.013,SF-P3O-NoDual,Walker2d-v4,3
23841,reward,1081,10.489316170789916,9.45,SF-P3O-NoDual,Walker2d-v4,3
23853,reward,1082,1.2500658780706564,9.04,SF-P3O-NoDual,Walker2d-v4,3
23907,reward,1083,20.030441919935136,9.761,SF-P3O-NoDual,Walker2d-v4,3
23939,reward,1084,19.581142178546834,10.628,SF-P3O-NoDual,Walker2d-v4,3
23957,reward,1085,5.631150153660235,10.915,SF-P3O-NoDual,Walker2d-v4,3
24015,reward,1086,1.5898905936283172,9.25,SF-P3O-NoDual,Walker2d-v4,3
24029,reward,1087,2.688159850514241,8.453,SF-P3O-NoDual,Walker2d-v4,3
24051,reward,1088,2.040746816937895,7.454,SF-P3O-NoDual,Walker2d-v4,3
24074,reward,1089,-6.437596234044842,6.391,SF-P3O-NoDual,Walker2d-v4,3
24085,reward,1090,1.948609792931576,5.881,SF-P3O-NoDual,Walker2d-v4,3
24097,reward,1091,-0.680588715255918,4.764,SF-P3O-NoDual,Walker2d-v4,3
24112,reward,1092,3.3811976165255935,4.977,SF-P3O-NoDual,Walker2d-v4,3
24153,reward,1093,15.203946285090971,4.495,SF-P3O-NoDual,Walker2d-v4,3
24177,reward,1094,6.889012223863823,3.225,SF-P3O-NoDual,Walker2d-v4,3
24193,reward,1095,-6.538344362825104,2.009,SF-P3O-NoDual,Walker2d-v4,3
24208,reward,1096,6.300322587375604,2.48,SF-P3O-NoDual,Walker2d-v4,3
24240,reward,1097,12.423756781714067,3.453,SF-P3O-NoDual,Walker2d-v4,3
24273,reward,1098,5.314691114296965,3.781,SF-P3O-NoDual,Walker2d-v4,3
24283,reward,1099,0.362675758856307,4.461,SF-P3O-NoDual,Walker2d-v4,3
24302,reward,1100,9.145379211147455,5.18,SF-P3O-NoDual,Walker2d-v4,3
24333,reward,1101,8.600856874467208,6.108,SF-P3O-NoDual,Walker2d-v4,3
24358,reward,1102,-5.625459363115255,5.208,SF-P3O-NoDual,Walker2d-v4,3
24406,reward,1103,19.898759936267783,5.677,SF-P3O-NoDual,Walker2d-v4,3
24442,reward,1104,8.594293459661062,5.848,SF-P3O-NoDual,Walker2d-v4,3
24462,reward,1105,9.155986569384343,7.417,SF-P3O-NoDual,Walker2d-v4,3
24475,reward,1106,2.1257843594069246,7.0,SF-P3O-NoDual,Walker2d-v4,3
24484,reward,1107,-0.3143996468793224,5.726,SF-P3O-NoDual,Walker2d-v4,3
24516,reward,1108,15.982377400073473,6.793,SF-P3O-NoDual,Walker2d-v4,3
24542,reward,1109,-1.7018995617646833,6.586,SF-P3O-NoDual,Walker2d-v4,3
24576,loss,-0.036874495446681976,0.844658613204956,SF-P3O-NoDual,Walker2d-v4,3
24610,reward,1110,-4.076487245538406,5.264,SF-P3O-NoDual,Walker2d-v4,3
24680,reward,1111,-13.609742569766984,3.043,SF-P3O-NoDual,Walker2d-v4,3
24721,reward,1112,24.041852387568767,6.01,SF-P3O-NoDual,Walker2d-v4,3
24765,reward,1113,10.995945444462386,5.119,SF-P3O-NoDual,Walker2d-v4,3
24815,reward,1114,16.607683568235363,5.921,SF-P3O-NoDual,Walker2d-v4,3
24868,reward,1115,25.164290791766135,7.522,SF-P3O-NoDual,Walker2d-v4,3
24963,reward,1116,16.867321743163494,8.996,SF-P3O-NoDual,Walker2d-v4,3
24989,reward,1117,0.8962022032739657,9.117,SF-P3O-NoDual,Walker2d-v4,3
25010,reward,1118,11.061672218378835,8.625,SF-P3O-NoDual,Walker2d-v4,3
25099,reward,1119,46.58518065569264,13.453,SF-P3O-NoDual,Walker2d-v4,3
25137,reward,1120,18.042261587334135,15.665,SF-P3O-NoDual,Walker2d-v4,3
25169,reward,1121,19.531399278199785,18.979,SF-P3O-NoDual,Walker2d-v4,3
25208,reward,1122,15.539658966167938,18.129,SF-P3O-NoDual,Walker2d-v4,3
25255,reward,1123,26.139560297217788,19.644,SF-P3O-NoDual,Walker2d-v4,3
25279,reward,1124,8.229637253872875,18.806,SF-P3O-NoDual,Walker2d-v4,3
25441,reward,1125,186.35629325511397,34.925,SF-P3O-NoDual,Walker2d-v4,3
25460,reward,1126,6.563914065684476,33.895,SF-P3O-NoDual,Walker2d-v4,3
25476,reward,1127,2.148081958021505,34.02,SF-P3O-NoDual,Walker2d-v4,3
25559,reward,1128,41.58476940144975,37.072,SF-P3O-NoDual,Walker2d-v4,3
25672,reward,1129,95.45762625403084,41.959,SF-P3O-NoDual,Walker2d-v4,3
25705,reward,1130,7.405224197864528,40.896,SF-P3O-NoDual,Walker2d-v4,3
25757,reward,1131,30.772321869083925,42.02,SF-P3O-NoDual,Walker2d-v4,3
25809,reward,1132,23.06113399030643,42.772,SF-P3O-NoDual,Walker2d-v4,3
25856,reward,1133,10.295110204419915,41.187,SF-P3O-NoDual,Walker2d-v4,3
25946,reward,1134,53.59677173466322,45.724,SF-P3O-NoDual,Walker2d-v4,3
26037,reward,1135,44.353445686066266,31.524,SF-P3O-NoDual,Walker2d-v4,3
26094,reward,1136,6.993478029337236,31.567,SF-P3O-NoDual,Walker2d-v4,3
26110,reward,1137,2.3575447702933006,31.588,SF-P3O-NoDual,Walker2d-v4,3
26153,reward,1138,19.906612346039214,29.42,SF-P3O-NoDual,Walker2d-v4,3
26178,reward,1139,-8.382091216308925,19.036,SF-P3O-NoDual,Walker2d-v4,3
26192,reward,1140,3.408693902402651,18.636,SF-P3O-NoDual,Walker2d-v4,3
26234,reward,1141,13.847895723479247,16.944,SF-P3O-NoDual,Walker2d-v4,3
26284,reward,1142,16.779958835285257,16.316,SF-P3O-NoDual,Walker2d-v4,3
26308,reward,1143,11.141002134474506,16.4,SF-P3O-NoDual,Walker2d-v4,3
26372,reward,1144,40.64924677307781,15.106,SF-P3O-NoDual,Walker2d-v4,3
26426,reward,1145,18.696065836298924,12.54,SF-P3O-NoDual,Walker2d-v4,3
26479,reward,1146,19.21034487704864,13.762,SF-P3O-NoDual,Walker2d-v4,3
26499,reward,1147,9.397895162430018,14.466,SF-P3O-NoDual,Walker2d-v4,3
26525,reward,1148,10.514217633546387,13.526,SF-P3O-NoDual,Walker2d-v4,3
26734,reward,1149,136.23169050903994,27.988,SF-P3O-NoDual,Walker2d-v4,3
26796,reward,1150,39.93056390283413,31.64,SF-P3O-NoDual,Walker2d-v4,3
26878,reward,1151,57.63928243785288,36.019,SF-P3O-NoDual,Walker2d-v4,3
26988,reward,1152,-5.9363278454411414,33.747,SF-P3O-NoDual,Walker2d-v4,3
27056,reward,1153,-7.7516259569373,31.858,SF-P3O-NoDual,Walker2d-v4,3
27076,reward,1154,9.833206107456046,28.777,SF-P3O-NoDual,Walker2d-v4,3
27204,reward,1155,130.41176315546525,39.948,SF-P3O-NoDual,Walker2d-v4,3
27226,reward,1156,7.342471348339061,38.761,SF-P3O-NoDual,Walker2d-v4,3
27302,reward,1157,14.576939851748596,39.279,SF-P3O-NoDual,Walker2d-v4,3
27360,reward,1158,21.889254358929893,40.417,SF-P3O-NoDual,Walker2d-v4,3
27442,reward,1159,11.831645241745935,27.977,SF-P3O-NoDual,Walker2d-v4,3
27509,reward,1160,29.21622813526188,26.905,SF-P3O-NoDual,Walker2d-v4,3
27523,reward,1161,3.0602792278110313,21.447,SF-P3O-NoDual,Walker2d-v4,3
27596,reward,1162,71.47157507365989,29.188,SF-P3O-NoDual,Walker2d-v4,3
27645,reward,1163,29.148876854922612,32.878,SF-P3O-NoDual,Walker2d-v4,3
27661,reward,1164,2.7941022330925787,32.174,SF-P3O-NoDual,Walker2d-v4,3
27694,reward,1165,19.68347798714855,21.101,SF-P3O-NoDual,Walker2d-v4,3
27735,reward,1166,11.508623611188934,21.518,SF-P3O-NoDual,Walker2d-v4,3
27749,reward,1167,4.05618764691023,20.466,SF-P3O-NoDual,Walker2d-v4,3
27803,reward,1168,30.635856006114658,21.341,SF-P3O-NoDual,Walker2d-v4,3
27871,reward,1169,2.7226504939915857,20.43,SF-P3O-NoDual,Walker2d-v4,3
27887,reward,1170,7.6418435179759445,18.272,SF-P3O-NoDual,Walker2d-v4,3
27916,reward,1171,10.275592818168008,18.994,SF-P3O-NoDual,Walker2d-v4,3
27947,reward,1172,0.721507877619915,11.919,SF-P3O-NoDual,Walker2d-v4,3
27991,reward,1173,31.210531853701895,12.125,SF-P3O-NoDual,Walker2d-v4,3
28063,reward,1174,21.653983962259645,14.011,SF-P3O-NoDual,Walker2d-v4,3
28094,reward,1175,13.032401428615426,13.346,SF-P3O-NoDual,Walker2d-v4,3
28168,reward,1176,-11.146342295460208,11.08,SF-P3O-NoDual,Walker2d-v4,3
28209,reward,1177,1.8849898736821251,10.863,SF-P3O-NoDual,Walker2d-v4,3
28244,reward,1178,18.57071071506335,9.657,SF-P3O-NoDual,Walker2d-v4,3
28278,reward,1179,-0.9592579313940051,9.289,SF-P3O-NoDual,Walker2d-v4,3
28290,reward,1180,1.3925817138921788,8.664,SF-P3O-NoDual,Walker2d-v4,3
28365,reward,1181,15.52498167081972,9.189,SF-P3O-NoDual,Walker2d-v4,3
28409,reward,1182,33.26670147723191,12.443,SF-P3O-NoDual,Walker2d-v4,3
28445,reward,1183,8.122348103433708,10.134,SF-P3O-NoDual,Walker2d-v4,3
28487,reward,1184,22.36471659069945,10.205,SF-P3O-NoDual,Walker2d-v4,3
28502,reward,1185,1.25660699007675,9.028,SF-P3O-NoDual,Walker2d-v4,3
28554,reward,1186,12.594523636254387,11.402,SF-P3O-NoDual,Walker2d-v4,3
28573,reward,1187,4.843687389508034,11.698,SF-P3O-NoDual,Walker2d-v4,3
28599,reward,1188,0.601452045367307,9.901,SF-P3O-NoDual,Walker2d-v4,3
28646,reward,1189,32.32254788559868,13.229,SF-P3O-NoDual,Walker2d-v4,3
28695,reward,1190,28.855580229486073,15.975,SF-P3O-NoDual,Walker2d-v4,3
28758,reward,1191,14.571963670757345,15.88,SF-P3O-NoDual,Walker2d-v4,3
28804,reward,1192,36.53332669822953,16.207,SF-P3O-NoDual,Walker2d-v4,3
28871,reward,1193,-3.7407589042894744,15.02,SF-P3O-NoDual,Walker2d-v4,3
28891,reward,1194,2.508621079182685,13.035,SF-P3O-NoDual,Walker2d-v4,3
28946,reward,1195,18.676162991863247,14.777,SF-P3O-NoDual,Walker2d-v4,3
28972,reward,1196,9.315366936072524,14.449,SF-P3O-NoDual,Walker2d-v4,3
28985,reward,1197,3.0272176806448465,14.267,SF-P3O-NoDual,Walker2d-v4,3
29021,reward,1198,1.6082432772556454,14.368,SF-P3O-NoDual,Walker2d-v4,3
29081,reward,1199,8.40260774714635,11.976,SF-P3O-NoDual,Walker2d-v4,3
29112,reward,1200,8.935720628152863,9.984,SF-P3O-NoDual,Walker2d-v4,3
29142,reward,1201,6.401363718928965,9.167,SF-P3O-NoDual,Walker2d-v4,3
29239,reward,1202,57.677113644491854,11.281,SF-P3O-NoDual,Walker2d-v4,3
29285,reward,1203,20.429120655373904,13.698,SF-P3O-NoDual,Walker2d-v4,3
29312,reward,1204,10.697324251972008,14.517,SF-P3O-NoDual,Walker2d-v4,3
29340,reward,1205,0.7531864891447186,12.725,SF-P3O-NoDual,Walker2d-v4,3
29356,reward,1206,-1.4802056804727872,11.645,SF-P3O-NoDual,Walker2d-v4,3
29375,reward,1207,7.80230566246542,12.123,SF-P3O-NoDual,Walker2d-v4,3
29407,reward,1208,8.88277162282977,12.85,SF-P3O-NoDual,Walker2d-v4,3
29451,reward,1209,21.486771976789168,14.159,SF-P3O-NoDual,Walker2d-v4,3
29507,reward,1210,18.369760428400895,15.102,SF-P3O-NoDual,Walker2d-v4,3
29561,reward,1211,16.149904516553075,16.077,SF-P3O-NoDual,Walker2d-v4,3
29615,reward,1212,19.82656553760388,12.292,SF-P3O-NoDual,Walker2d-v4,3
29719,reward,1213,100.46464726645321,20.295,SF-P3O-NoDual,Walker2d-v4,3
29807,reward,1214,38.73845284312538,23.099,SF-P3O-NoDual,Walker2d-v4,3
29830,reward,1215,5.610685824624668,23.585,SF-P3O-NoDual,Walker2d-v4,3
29892,reward,1216,12.289971837129318,24.962,SF-P3O-NoDual,Walker2d-v4,3
29940,reward,1217,35.93774127179759,27.776,SF-P3O-NoDual,Walker2d-v4,3
29985,reward,1218,21.096453397134123,28.997,SF-P3O-NoDual,Walker2d-v4,3
30000,speed,980.63,0.51,SF-P3O-NoDual,Walker2d-v4,3
30001,spectral,0.004971,0.975302,-1.0,SF-P3O-NoDual,Walker2d-v4,3
30003,reward,1219,-2.7313644473051326,26.575,SF-P3O-NoDual,Walker2d-v4,3
30029,reward,1220,3.5083464822774832,25.089,SF-P3O-NoDual,Walker2d-v4,3
30076,reward,1221,15.063479243504693,24.98,SF-P3O-NoDual,Walker2d-v4,3
30116,reward,1222,22.32101197637203,25.23,SF-P3O-NoDual,Walker2d-v4,3
30173,reward,1223,19.388500405074385,17.122,SF-P3O-NoDual,Walker2d-v4,3
30189,reward,1224,3.3804020331288287,13.587,SF-P3O-NoDual,Walker2d-v4,3
30234,reward,1225,23.966768517340245,15.422,SF-P3O-NoDual,Walker2d-v4,3
30278,reward,1226,28.49870166025263,17.043,SF-P3O-NoDual,Walker2d-v4,3
30323,reward,1227,6.301618629457813,14.079,SF-P3O-NoDual,Walker2d-v4,3
30362,reward,1228,13.342842641719278,13.304,SF-P3O-NoDual,Walker2d-v4,3
30407,reward,1229,22.850310324898054,15.862,SF-P3O-NoDual,Walker2d-v4,3
30415,reward,1230,-3.5370661408776605,15.158,SF-P3O-NoDual,Walker2d-v4,3
30454,reward,1231,18.872958990849465,15.539,SF-P3O-NoDual,Walker2d-v4,3
30471,reward,1232,2.8625681300933703,13.593,SF-P3O-NoDual,Walker2d-v4,3
30554,reward,1233,43.161020770704965,15.97,SF-P3O-NoDual,Walker2d-v4,3
30608,reward,1234,38.223478854437055,19.454,SF-P3O-NoDual,Walker2d-v4,3
30648,reward,1235,30.33563227072268,20.091,SF-P3O-NoDual,Walker2d-v4,3
30685,reward,1236,12.90165083869239,18.532,SF-P3O-NoDual,Walker2d-v4,3
30737,reward,1237,-1.1294876505257645,17.788,SF-P3O-NoDual,Walker2d-v4,3
30809,reward,1238,34.149774440940526,19.869,SF-P3O-NoDual,Walker2d-v4,3
30889,reward,1239,34.840144006266776,21.068,SF-P3O-NoDual,Walker2d-v4,3
30976,reward,1240,77.65920925929646,29.188,SF-P3O-NoDual,Walker2d-v4,3
31018,reward,1241,20.00390358998082,29.301,SF-P3O-NoDual,Walker2d-v4,3
31138,reward,1242,32.63894643861834,32.278,SF-P3O-NoDual,Walker2d-v4,3
31235,reward,1243,84.65938114333933,36.428,SF-P3O-NoDual,Walker2d-v4,3
31278,reward,1244,17.87202210179906,34.393,SF-P3O-NoDual,Walker2d-v4,3
31311,reward,1245,23.964178909991357,33.756,SF-P3O-NoDual,Walker2d-v4,3
31362,reward,1246,15.340122308356918,34.0,SF-P3O-NoDual,Walker2d-v4,3
31431,reward,1247,29.103762447164353,37.023,SF-P3O-NoDual,Walker2d-v4,3
31460,reward,1248,8.805033023048221,34.489,SF-P3O-NoDual,Walker2d-v4,3
31503,reward,1249,13.535579339667096,32.358,SF-P3O-NoDual,Walker2d-v4,3
31522,reward,1250,10.845161772044863,25.677,SF-P3O-NoDual,Walker2d-v4,3
31552,reward,1251,0.32869814996177293,23.709,SF-P3O-NoDual,Walker2d-v4,3
31624,reward,1252,10.882628639880647,21.534,SF-P3O-NoDual,Walker2d-v4,3
31688,reward,1253,46.16909745109375,17.685,SF-P3O-NoDual,Walker2d-v4,3
31780,reward,1254,41.100464343584314,20.007,SF-P3O-NoDual,Walker2d-v4,3
31840,reward,1255,19.200949124828195,19.531,SF-P3O-NoDual,Walker2d-v4,3
31882,reward,1256,28.042107053716062,20.801,SF-P3O-NoDual,Walker2d-v4,3
31910,reward,1257,8.525901818255516,18.744,SF-P3O-NoDual,Walker2d-v4,3
31929,reward,1258,-8.899635129124713,16.973,SF-P3O-NoDual,Walker2d-v4,3
31957,reward,1259,9.234192108246718,16.543,SF-P3O-NoDual,Walker2d-v4,3
31995,reward,1260,12.190575078652545,16.677,SF-P3O-NoDual,Walker2d-v4,3
32026,reward,1261,0.26500856531181505,16.671,SF-P3O-NoDual,Walker2d-v4,3
32099,reward,1262,-9.628022449548311,14.62,SF-P3O-NoDual,Walker2d-v4,3
32117,reward,1263,4.727574732931711,10.476,SF-P3O-NoDual,Walker2d-v4,3
32149,reward,1264,20.108719798043413,8.377,SF-P3O-NoDual,Walker2d-v4,3
32184,reward,1265,17.220899843283064,8.179,SF-P3O-NoDual,Walker2d-v4,3
32282,reward,1266,30.756478378501438,8.45,SF-P3O-NoDual,Walker2d-v4,3
32418,reward,1267,96.5852445578071,17.256,SF-P3O-NoDual,Walker2d-v4,3
32430,reward,1268,1.6867820154117465,18.315,SF-P3O-NoDual,Walker2d-v4,3
32513,reward,1269,30.78291156337458,20.47,SF-P3O-NoDual,Walker2d-v4,3
32538,reward,1270,2.2087991190060903,19.471,SF-P3O-NoDual,Walker2d-v4,3
32571,reward,1271,10.330235875636628,20.478,SF-P3O-NoDual,Walker2d-v4,3
32610,reward,1272,1.3914996919737421,21.58,SF-P3O-NoDual,Walker2d-v4,3
32638,reward,1273,13.122184415103108,22.419,SF-P3O-NoDual,Walker2d-v4,3
32660,reward,1274,5.753188078676093,20.984,SF-P3O-NoDual,Walker2d-v4,3
32695,reward,1275,-0.28272682815294714,19.233,SF-P3O-NoDual,Walker2d-v4,3
32768,loss,0.08955496549606323,0.581933319568634,SF-P3O-NoDual,Walker2d-v4,3
32768,diagnostics,0.0,23.67,2.9901,0.007297,0.974697,-1.0,0.083748,SF-P3O-NoDual,Walker2d-v4,3
32768,reward,1276,29.417375963381463,19.1,SF-P3O-NoDual,Walker2d-v4,3
32823,reward,1277,18.68467617830874,11.309,SF-P3O-NoDual,Walker2d-v4,3
32913,reward,1278,59.20266634752954,17.061,SF-P3O-NoDual,Walker2d-v4,3
32951,reward,1279,14.702441590153207,15.453,SF-P3O-NoDual,Walker2d-v4,3
32971,reward,1280,5.885038450382909,15.821,SF-P3O-NoDual,Walker2d-v4,3
33007,reward,1281,30.11065969145291,17.799,SF-P3O-NoDual,Walker2d-v4,3
33028,reward,1282,-1.620213178305419,17.498,SF-P3O-NoDual,Walker2d-v4,3
33050,reward,1283,8.390676671261716,17.024,SF-P3O-NoDual,Walker2d-v4,3
33084,reward,1284,24.892641891156785,18.938,SF-P3O-NoDual,Walker2d-v4,3
33173,reward,1285,59.0488504606962,24.871,SF-P3O-NoDual,Walker2d-v4,3
33240,reward,1286,53.655591590358284,27.295,SF-P3O-NoDual,Walker2d-v4,3
33275,reward,1287,27.729327599291786,28.2,SF-P3O-NoDual,Walker2d-v4,3
33287,reward,1288,0.16655521912756943,22.296,SF-P3O-NoDual,Walker2d-v4,3
33398,reward,1289,38.86513174141201,24.712,SF-P3O-NoDual,Walker2d-v4,3
33456,reward,1290,18.94159681459584,26.018,SF-P3O-NoDual,Walker2d-v4,3
33480,reward,1291,6.096901343628511,23.617,SF-P3O-NoDual,Walker2d-v4,3
33516,reward,1292,15.6256156479202,25.341,SF-P3O-NoDual,Walker2d-v4,3
33532,reward,1293,-2.2522584202156724,24.277,SF-P3O-NoDual,Walker2d-v4,3
33600,reward,1294,11.1538685268866,22.903,SF-P3O-NoDual,Walker2d-v4,3
33645,reward,1295,11.933518339243097,18.192,SF-P3O-NoDual,Walker2d-v4,3
33705,reward,1296,24.97084079080752,15.323,SF-P3O-NoDual,Walker2d-v4,3
33754,reward,1297,36.048125351834805,16.155,SF-P3O-NoDual,Walker2d-v4,3
33851,reward,1298,16.941842061912986,17.833,SF-P3O-NoDual,Walker2d-v4,3
33911,reward,1299,17.310540611046665,15.677,SF-P3O-NoDual,Walker2d-v4,3
34016,reward,1300,16.940996060308734,15.477,SF-P3O-NoDual,Walker2d-v4,3
34048,reward,1301,22.87130454483997,17.154,SF-P3O-NoDual,Walker2d-v4,3
34130,reward,1302,12.6570102666954,16.858,SF-P3O-NoDual,Walker2d-v4,3
34180,reward,1303,15.313319503950028,18.614,SF-P3O-NoDual,Walker2d-v4,3
34225,reward,1304,23.739069512442555,19.873,SF-P3O-NoDual,Walker2d-v4,3
34261,reward,1305,13.879222131194563,20.067,SF-P3O-NoDual,Walker2d-v4,3
34293,reward,1306,13.639583347799354,18.934,SF-P3O-NoDual,Walker2d-v4,3
34307,reward,1307,5.10059650473743,15.839,SF-P3O-NoDual,Walker2d-v4,3
34465,reward,1308,45.264569364694076,18.672,SF-P3O-NoDual,Walker2d-v4,3
34476,reward,1309,0.43818542279617145,16.984,SF-P3O-NoDual,Walker2d-v4,3
34499,reward,1310,9.000224228362017,16.19,SF-P3O-NoDual,Walker2d-v4,3
34560,reward,1311,5.1724359258993715,14.42,SF-P3O-NoDual,Walker2d-v4,3
34597,reward,1312,19.8120629595896,15.136,SF-P3O-NoDual,Walker2d-v4,3
34714,reward,1313,66.98913360162044,20.304,SF-P3O-NoDual,Walker2d-v4,3
34738,reward,1314,2.7398443463633138,18.204,SF-P3O-NoDual,Walker2d-v4,3
34818,reward,1315,28.157534149955083,19.631,SF-P3O-NoDual,Walker2d-v4,3
34879,reward,1316,17.144797605758143,19.982,SF-P3O-NoDual,Walker2d-v4,3
34910,reward,1317,8.17668361881365,20.29,SF-P3O-NoDual,Walker2d-v4,3
35015,reward,1318,88.84479265859555,24.648,SF-P3O-NoDual,Walker2d-v4,3
35090,reward,1319,36.00908590185926,28.205,SF-P3O-NoDual,Walker2d-v4,3
35147,reward,1320,33.62417595067378,30.667,SF-P3O-NoDual,Walker2d-v4,3
35287,reward,1321,56.77718052971663,35.828,SF-P3O-NoDual,Walker2d-v4,3
35309,reward,1322,13.704136789647496,35.217,SF-P3O-NoDual,Walker2d-v4,3
35358,reward,1323,31.523708429686558,31.67,SF-P3O-NoDual,Walker2d-v4,3
35391,reward,1324,23.878170364110456,33.784,SF-P3O-NoDual,Walker2d-v4,3
35442,reward,1325,28.83120221707378,33.851,SF-P3O-NoDual,Walker2d-v4,3
35495,reward,1326,40.23827923903775,36.161,SF-P3O-NoDual,Walker2d-v4,3
35580,reward,1327,74.90904255063471,42.834,SF-P3O-NoDual,Walker2d-v4,3
35613,reward,1328,20.496815837160604,35.999,SF-P3O-NoDual,Walker2d-v4,3
35655,reward,1329,3.915480779253145,32.79,SF-P3O-NoDual,Walker2d-v4,3
35718,reward,1330,41.370767736086066,33.564,SF-P3O-NoDual,Walker2d-v4,3
35747,reward,1331,13.702635887163762,29.257,SF-P3O-NoDual,Walker2d-v4,3
35813,reward,1332,37.88423939192209,31.675,SF-P3O-NoDual,Walker2d-v4,3
35855,reward,1333,25.551408670161774,31.078,SF-P3O-NoDual,Walker2d-v4,3
36037,reward,1334,256.01456767389664,54.291,SF-P3O-NoDual,Walker2d-v4,3
36085,reward,1335,3.7190988106308436,51.78,SF-P3O-NoDual,Walker2d-v4,3
36098,reward,1336,0.3862065617768834,47.795,SF-P3O-NoDual,Walker2d-v4,3
36219,reward,1337,83.76525023781173,48.681,SF-P3O-NoDual,Walker2d-v4,3
36266,reward,1338,18.55727448809357,48.487,SF-P3O-NoDual,Walker2d-v4,3
36319,reward,1339,-7.356356599976766,47.36,SF-P3O-NoDual,Walker2d-v4,3
36331,reward,1340,0.4250950773573089,43.265,SF-P3O-NoDual,Walker2d-v4,3
36392,reward,1341,10.853663578339749,42.98,SF-P3O-NoDual,Walker2d-v4,3
36441,reward,1342,23.441841859954053,41.536,SF-P3O-NoDual,Walker2d-v4,3
36473,reward,1343,11.702496725629613,40.151,SF-P3O-NoDual,Walker2d-v4,3
36535,reward,1344,14.489784510082693,15.998,SF-P3O-NoDual,Walker2d-v4,3
36662,reward,1345,36.135895411203904,19.24,SF-P3O-NoDual,Walker2d-v4,3
36705,reward,1346,20.61391948364167,21.263,SF-P3O-NoDual,Walker2d-v4,3
36773,reward,1347,28.877859541692793,15.774,SF-P3O-NoDual,Walker2d-v4,3
36815,reward,1348,16.330813852642454,15.552,SF-P3O-NoDual,Walker2d-v4,3
36848,reward,1349,19.066875712172624,18.194,SF-P3O-NoDual,Walker2d-v4,3
36936,reward,1350,58.377663185693045,23.989,SF-P3O-NoDual,Walker2d-v4,3
36992,reward,1351,27.5354643701973,25.657,SF-P3O-NoDual,Walker2d-v4,3
37080,reward,1352,30.360480413738895,26.349,SF-P3O-NoDual,Walker2d-v4,3
37111,reward,1353,16.93950814951257,26.873,SF-P3O-NoDual,Walker2d-v4,3
37173,reward,1354,6.7490227235433045,26.099,SF-P3O-NoDual,Walker2d-v4,3
37337,reward,1355,218.23693051901898,44.309,SF-P3O-NoDual,Walker2d-v4,3
37352,reward,1356,4.569004280918154,42.704,SF-P3O-NoDual,Walker2d-v4,3
37380,reward,1357,13.575300456056993,41.174,SF-P3O-NoDual,Walker2d-v4,3
37512,reward,1358,58.52414218582713,45.393,SF-P3O-NoDual,Walker2d-v4,3
37667,reward,1359,254.44870731820814,68.932,SF-P3O-NoDual,Walker2d-v4,3
37768,reward,1360,48.20755359795043,67.915,SF-P3O-NoDual,Walker2d-v4,3
37822,reward,1361,17.792494461991975,66.94,SF-P3O-NoDual,Walker2d-v4,3
37874,reward,1362,18.52181607395706,65.756,SF-P3O-NoDual,Walker2d-v4,3
37939,reward,1363,38.06156418710822,67.869,SF-P3O-NoDual,Walker2d-v4,3
37954,reward,1364,-3.9521114520362093,66.799,SF-P3O-NoDual,Walker2d-v4,3
37983,reward,1365,2.5001269372122756,45.225,SF-P3O-NoDual,Walker2d-v4,3
38103,reward,1366,203.91141417096983,65.159,SF-P3O-NoDual,Walker2d-v4,3
38118,reward,1367,-1.1464237869112446,63.687,SF-P3O-NoDual,Walker2d-v4,3
38292,reward,1368,62.31600468365612,64.066,SF-P3O-NoDual,Walker2d-v4,3
38339,reward,1369,10.328446944494884,39.654,SF-P3O-NoDual,Walker2d-v4,3
38371,reward,1370,8.317119701838731,35.665,SF-P3O-NoDual,Walker2d-v4,3
38409,reward,1371,21.47390334376976,36.033,SF-P3O-NoDual,Walker2d-v4,3
38438,reward,1372,-0.9744975043020705,34.084,SF-P3O-NoDual,Walker2d-v4,3
38612,reward,1373,255.82486958886597,55.86,SF-P3O-NoDual,Walker2d-v4,3
38702,reward,1374,29.33313439848597,59.188,SF-P3O-NoDual,Walker2d-v4,3
38800,reward,1375,88.22408117066868,67.761,SF-P3O-NoDual,Walker2d-v4,3
38859,reward,1376,33.255378076031775,50.695,SF-P3O-NoDual,Walker2d-v4,3
38924,reward,1377,37.005881066713506,54.51,SF-P3O-NoDual,Walker2d-v4,3
38949,reward,1378,4.543238424287665,48.733,SF-P3O-NoDual,Walker2d-v4,3
39026,reward,1379,78.87537702126953,55.588,SF-P3O-NoDual,Walker2d-v4,3
39047,reward,1380,5.5840205960379095,55.315,SF-P3O-NoDual,Walker2d-v4,3
39098,reward,1381,38.32275184365489,56.999,SF-P3O-NoDual,Walker2d-v4,3
39168,reward,1382,22.681999679653476,59.365,SF-P3O-NoDual,Walker2d-v4,3
39239,reward,1383,32.215736360639866,37.004,SF-P3O-NoDual,Walker2d-v4,3
39261,reward,1384,5.069833799162971,34.578,SF-P3O-NoDual,Walker2d-v4,3
39351,reward,1385,34.82589404461787,29.238,SF-P3O-NoDual,Walker2d-v4,3
39418,reward,1386,35.343675208954785,29.447,SF-P3O-NoDual,Walker2d-v4,3
39522,reward,1387,28.824642491031955,28.629,SF-P3O-NoDual,Walker2d-v4,3
39551,reward,1388,11.539169407617655,29.328,SF-P3O-NoDual,Walker2d-v4,3
39664,reward,1389,87.63238404573161,30.204,SF-P3O-NoDual,Walker2d-v4,3
39726,reward,1390,26.27924711243358,32.274,SF-P3O-NoDual,Walker2d-v4,3
39785,reward,1391,39.519619873524086,32.393,SF-P3O-NoDual,Walker2d-v4,3
39835,reward,1392,22.676803018019893,32.393,SF-P3O-NoDual,Walker2d-v4,3
39859,reward,1393,10.557860391820617,30.227,SF-P3O-NoDual,Walker2d-v4,3
39905,reward,1394,21.01133194944766,31.821,SF-P3O-NoDual,Walker2d-v4,3
39943,reward,1395,29.106725750562546,31.249,SF-P3O-NoDual,Walker2d-v4,3
39998,reward,1396,20.05198808411504,29.72,SF-P3O-NoDual,Walker2d-v4,3
40000,speed,1021.58,0.67,SF-P3O-NoDual,Walker2d-v4,3
40001,spectral,0.007297,0.974697,-1.0,SF-P3O-NoDual,Walker2d-v4,3
40060,reward,1397,16.929597310438655,28.53,SF-P3O-NoDual,Walker2d-v4,3
40140,reward,1398,34.81750753864811,30.858,SF-P3O-NoDual,Walker2d-v4,3
40199,reward,1399,43.74088221694978,26.469,SF-P3O-NoDual,Walker2d-v4,3
40226,reward,1400,12.65197526674463,25.106,SF-P3O-NoDual,Walker2d-v4,3
40281,reward,1401,27.091752185265857,23.864,SF-P3O-NoDual,Walker2d-v4,3
40313,reward,1402,5.851454519842797,22.181,SF-P3O-NoDual,Walker2d-v4,3
40386,reward,1403,67.11131384544535,27.836,SF-P3O-NoDual,Walker2d-v4,3
40455,reward,1404,70.0433793514749,32.74,SF-P3O-NoDual,Walker2d-v4,3
40489,reward,1405,10.869448819196256,30.916,SF-P3O-NoDual,Walker2d-v4,3
40556,reward,1406,35.82466130080023,32.493,SF-P3O-NoDual,Walker2d-v4,3
40583,reward,1407,14.328601761364036,32.233,SF-P3O-NoDual,Walker2d-v4,3
40625,reward,1408,21.602426996259936,30.912,SF-P3O-NoDual,Walker2d-v4,3
40700,reward,1409,-9.62504974284743,25.575,SF-P3O-NoDual,Walker2d-v4,3
40757,reward,1410,19.16540601613332,26.226,SF-P3O-NoDual,Walker2d-v4,3
40798,reward,1411,23.75418392158896,25.893,SF-P3O-NoDual,Walker2d-v4,3
40922,reward,1412,42.26992654313845,29.534,SF-P3O-NoDual,Walker2d-v4,3
40947,reward,1413,10.004843266046258,23.824,SF-P3O-NoDual,Walker2d-v4,3
40960,loss,-0.02810220792889595,0.5754595994949341,SF-P3O-NoDual,Walker2d-v4,3
40981,reward,1414,8.799348850880792,17.699,SF-P3O-NoDual,Walker2d-v4,3
41229,reward,1415,144.1953250913338,31.032,SF-P3O-NoDual,Walker2d-v4,3
41275,reward,1416,23.910860583906963,29.841,SF-P3O-NoDual,Walker2d-v4,3
41438,reward,1417,268.72477582329356,55.28,SF-P3O-NoDual,Walker2d-v4,3
41465,reward,1418,15.937249903210354,54.714,SF-P3O-NoDual,Walker2d-v4,3
41504,reward,1419,17.97762571650389,57.474,SF-P3O-NoDual,Walker2d-v4,3
41591,reward,1420,12.37830081893712,56.795,SF-P3O-NoDual,Walker2d-v4,3
41685,reward,1421,32.26779972884283,57.647,SF-P3O-NoDual,Walker2d-v4,3
41701,reward,1422,-1.5320538072894045,53.266,SF-P3O-NoDual,Walker2d-v4,3
41867,reward,1423,50.764475499329436,57.342,SF-P3O-NoDual,Walker2d-v4,3
41880,reward,1424,1.514796335910415,56.614,SF-P3O-NoDual,Walker2d-v4,3
41965,reward,1425,71.56495169195037,49.351,SF-P3O-NoDual,Walker2d-v4,3
42022,reward,1426,29.350974139222252,49.895,SF-P3O-NoDual,Walker2d-v4,3
42072,reward,1427,32.53802564301154,26.276,SF-P3O-NoDual,Walker2d-v4,3
42115,reward,1428,20.10406333921802,26.693,SF-P3O-NoDual,Walker2d-v4,3
42157,reward,1429,29.373568940231255,27.832,SF-P3O-NoDual,Walker2d-v4,3
42218,reward,1430,33.84057498916073,29.979,SF-P3O-NoDual,Walker2d-v4,3
42357,reward,1431,51.609953376499,31.913,SF-P3O-NoDual,Walker2d-v4,3
42427,reward,1432,50.25119009728334,37.091,SF-P3O-NoDual,Walker2d-v4,3
42588,reward,1433,102.0032897328227,42.215,SF-P3O-NoDual,Walker2d-v4,3
42681,reward,1434,6.151824833613588,42.679,SF-P3O-NoDual,Walker2d-v4,3
42810,reward,1435,39.112008453107386,39.434,SF-P3O-NoDual,Walker2d-v4,3
42833,reward,1436,11.27966066567364,37.626,SF-P3O-NoDual,Walker2d-v4,3
42875,reward,1437,26.00930986067178,36.974,SF-P3O-NoDual,Walker2d-v4,3
42939,reward,1438,37.28781247074515,38.692,SF-P3O-NoDual,Walker2d-v4,3
42978,reward,1439,26.49988015025297,38.405,SF-P3O-NoDual,Walker2d-v4,3
43028,reward,1440,16.70214140221653,36.691,SF-P3O-NoDual,Walker2d-v4,3
43057,reward,1441,1.5924094645493923,31.689,SF-P3O-NoDual,Walker2d-v4,3
43075,reward,1442,3.781672107948789,27.042,SF-P3O-NoDual,Walker2d-v4,3
43124,reward,1443,31.742395564045058,20.016,SF-P3O-NoDual,Walker2d-v4,3
43163,reward,1444,11.421353243413268,20.543,SF-P3O-NoDual,Walker2d-v4,3
43194,reward,1445,7.5823327971243195,17.39,SF-P3O-NoDual,Walker2d-v4,3
43286,reward,1446,49.39252786590243,21.201,SF-P3O-NoDual,Walker2d-v4,3
43310,reward,1447,7.849707768619984,19.385,SF-P3O-NoDual,Walker2d-v4,3
43428,reward,1448,38.089970944666824,19.465,SF-P3O-NoDual,Walker2d-v4,3
43454,reward,1449,15.29357539392905,18.345,SF-P3O-NoDual,Walker2d-v4,3
43498,reward,1450,27.719416385653727,19.447,SF-P3O-NoDual,Walker2d-v4,3
43569,reward,1451,50.44561427539583,24.332,SF-P3O-NoDual,Walker2d-v4,3
43661,reward,1452,29.40239524330979,26.894,SF-P3O-NoDual,Walker2d-v4,3
43759,reward,1453,52.47114119476361,28.967,SF-P3O-NoDual,Walker2d-v4,3
43820,reward,1454,36.7446136535379,31.499,SF-P3O-NoDual,Walker2d-v4,3
43843,reward,1455,8.107095246754705,31.552,SF-P3O-NoDual,Walker2d-v4,3
43892,reward,1456,34.94996307141475,30.107,SF-P3O-NoDual,Walker2d-v4,3
43940,reward,1457,14.657289994841731,30.788,SF-P3O-NoDual,Walker2d-v4,3
43990,reward,1458,17.269971472586302,28.706,SF-P3O-NoDual,Walker2d-v4,3
44041,reward,1459,37.081564955296805,30.885,SF-P3O-NoDual,Walker2d-v4,3
44128,reward,1460,2.411230502029345,28.354,SF-P3O-NoDual,Walker2d-v4,3
44272,reward,1461,20.341929201683033,25.344,SF-P3O-NoDual,Walker2d-v4,3
44294,reward,1462,9.908105900978079,23.394,SF-P3O-NoDual,Walker2d-v4,3
44373,reward,1463,48.37778016654942,22.985,SF-P3O-NoDual,Walker2d-v4,3
44417,reward,1464,22.391002894345796,21.55,SF-P3O-NoDual,Walker2d-v4,3
44426,reward,1465,-1.5492021202372486,20.584,SF-P3O-NoDual,Walker2d-v4,3
44488,reward,1466,33.46532418907276,20.435,SF-P3O-NoDual,Walker2d-v4,3
44545,reward,1467,32.04078370856344,22.174,SF-P3O-NoDual,Walker2d-v4,3
44733,reward,1468,74.40630361830047,27.887,SF-P3O-NoDual,Walker2d-v4,3
44889,reward,1469,49.71903837501599,29.151,SF-P3O-NoDual,Walker2d-v4,3
44976,reward,1470,-1.2205850160741618,28.788,SF-P3O-NoDual,Walker2d-v4,3
45003,reward,1471,13.076509922939481,28.062,SF-P3O-NoDual,Walker2d-v4,3
45088,reward,1472,27.815773688423448,29.852,SF-P3O-NoDual,Walker2d-v4,3
45158,reward,1473,40.135263785520365,29.028,SF-P3O-NoDual,Walker2d-v4,3
45209,reward,1474,15.254647081495053,28.314,SF-P3O-NoDual,Walker2d-v4,3
45316,reward,1475,121.37343868451873,40.607,SF-P3O-NoDual,Walker2d-v4,3
45452,reward,1476,158.8148025132245,53.142,SF-P3O-NoDual,Walker2d-v4,3
45475,reward,1477,9.548105069835241,50.892,SF-P3O-NoDual,Walker2d-v4,3
45644,reward,1478,116.51995419667686,55.104,SF-P3O-NoDual,Walker2d-v4,3
45678,reward,1479,12.722873653766706,51.404,SF-P3O-NoDual,Walker2d-v4,3
45754,reward,1480,42.31795025726537,55.758,SF-P3O-NoDual,Walker2d-v4,3
45789,reward,1481,8.01303448377135,55.252,SF-P3O-NoDual,Walker2d-v4,3
45910,reward,1482,25.365226095719724,55.007,SF-P3O-NoDual,Walker2d-v4,3
45938,reward,1483,12.450028134733301,52.238,SF-P3O-NoDual,Walker2d-v4,3
45998,reward,1484,43.89844405479201,55.102,SF-P3O-NoDual,Walker2d-v4,3
46105,reward,1485,35.77632463736719,46.543,SF-P3O-NoDual,Walker2d-v4,3
46199,reward,1486,58.332453133368595,36.494,SF-P3O-NoDual,Walker2d-v4,3
46261,reward,1487,32.51778752694483,38.791,SF-P3O-NoDual,Walker2d-v4,3
46310,reward,1488,15.22070187773699,28.661,SF-P3O-NoDual,Walker2d-v4,3
46468,reward,1489,105.22594124914987,37.912,SF-P3O-NoDual,Walker2d-v4,3
46504,reward,1490,9.28639776316327,34.609,SF-P3O-NoDual,Walker2d-v4,3
46703,reward,1491,67.16422436793565,40.524,SF-P3O-NoDual,Walker2d-v4,3
46741,reward,1492,22.262134650255053,40.213,SF-P3O-NoDual,Walker2d-v4,3
46784,reward,1493,24.52716873832711,41.421,SF-P3O-NoDual,Walker2d-v4,3
46878,reward,1494,46.34570352924485,41.666,SF-P3O-NoDual,Walker2d-v4,3
47001,reward,1495,46.07880634314793,42.696,SF-P3O-NoDual,Walker2d-v4,3
47051,reward,1496,14.497166948841231,38.313,SF-P3O-NoDual,Walker2d-v4,3
47092,reward,1497,29.521931870748812,38.013,SF-P3O-NoDual,Walker2d-v4,3
47161,reward,1498,41.62996729023367,40.654,SF-P3O-NoDual,Walker2d-v4,3
47291,reward,1499,103.18086376194672,40.449,SF-P3O-NoDual,Walker2d-v4,3
47421,reward,1500,80.93321018353991,47.614,SF-P3O-NoDual,Walker2d-v4,3
47460,reward,1501,30.22289945407039,43.92,SF-P3O-NoDual,Walker2d-v4,3
47506,reward,1502,27.004623614442615,44.394,SF-P3O-NoDual,Walker2d-v4,3
47645,reward,1503,126.8511286054397,54.627,SF-P3O-NoDual,Walker2d-v4,3
47745,reward,1504,25.80721636518615,52.573,SF-P3O-NoDual,Walker2d-v4,3
47831,reward,1505,66.97784727525026,54.663,SF-P3O-NoDual,Walker2d-v4,3
47858,reward,1506,5.754913014733191,53.788,SF-P3O-NoDual,Walker2d-v4,3
47942,reward,1507,25.186026869098903,53.355,SF-P3O-NoDual,Walker2d-v4,3
48073,reward,1508,29.850598331675137,52.177,SF-P3O-NoDual,Walker2d-v4,3
48148,reward,1509,8.974776103491202,42.756,SF-P3O-NoDual,Walker2d-v4,3
48212,reward,1510,18.17944576116862,36.481,SF-P3O-NoDual,Walker2d-v4,3
48285,reward,1511,66.16122447678075,40.075,SF-P3O-NoDual,Walker2d-v4,3
48345,reward,1512,8.089585096114694,38.183,SF-P3O-NoDual,Walker2d-v4,3
48362,reward,1513,6.0177919266921265,26.1,SF-P3O-NoDual,Walker2d-v4,3
48470,reward,1514,-8.47562432298588,22.672,SF-P3O-NoDual,Walker2d-v4,3
48520,reward,1515,29.888851919230376,18.963,SF-P3O-NoDual,Walker2d-v4,3
48683,reward,1516,38.841693560213685,22.271,SF-P3O-NoDual,Walker2d-v4,3
48792,reward,1517,103.54731999863051,30.108,SF-P3O-NoDual,Walker2d-v4,3
48863,reward,1518,58.118782147021314,32.934,SF-P3O-NoDual,Walker2d-v4,3
48933,reward,1519,14.618111981232683,33.499,SF-P3O-NoDual,Walker2d-v4,3
48962,reward,1520,-5.4125906439476275,31.14,SF-P3O-NoDual,Walker2d-v4,3
48990,reward,1521,8.126867454028488,25.336,SF-P3O-NoDual,Walker2d-v4,3
49069,reward,1522,24.579945699241907,26.985,SF-P3O-NoDual,Walker2d-v4,3
49152,loss,-0.08439294993877411,0.6032357215881348,SF-P3O-NoDual,Walker2d-v4,3
49152,diagnostics,0.0,24.11,8.0312,0.011155,0.973654,-1.0,0.081665,SF-P3O-NoDual,Walker2d-v4,3
49179,reward,1523,2.7440234425900165,26.658,SF-P3O-NoDual,Walker2d-v4,3
49281,reward,1524,39.5056505405765,31.456,SF-P3O-NoDual,Walker2d-v4,3
49311,reward,1525,16.18634386814604,30.086,SF-P3O-NoDual,Walker2d-v4,3
49453,reward,1526,198.28914292163233,46.03,SF-P3O-NoDual,Walker2d-v4,3
49600,reward,1527,12.726494574832145,36.948,SF-P3O-NoDual,Walker2d-v4,3
49685,reward,1528,15.333573536049117,32.67,SF-P3O-NoDual,Walker2d-v4,3
49800,reward,1529,76.73159864502617,38.881,SF-P3O-NoDual,Walker2d-v4,3
49998,reward,1530,376.5928136937036,77.082,SF-P3O-NoDual,Walker2d-v4,3
50000,speed,709.07,0.91,SF-P3O-NoDual,Walker2d-v4,3
50001,spectral,0.011155,0.973654,-1.0,SF-P3O-NoDual,Walker2d-v4,3
50073,reward,1531,56.99802559820864,81.969,SF-P3O-NoDual,Walker2d-v4,3
50170,reward,1532,43.68807590387108,83.88,SF-P3O-NoDual,Walker2d-v4,3
50409,reward,1533,212.4516814279918,104.85,SF-P3O-NoDual,Walker2d-v4,3
50548,reward,1534,82.88039206051096,109.188,SF-P3O-NoDual,Walker2d-v4,3
50564,reward,1535,2.692069611118751,107.838,SF-P3O-NoDual,Walker2d-v4,3
50684,reward,1536,28.451465996750983,90.855,SF-P3O-NoDual,Walker2d-v4,3
50960,reward,1537,188.5408942533749,108.436,SF-P3O-NoDual,Walker2d-v4,3
51026,reward,1538,32.87873364679233,110.191,SF-P3O-NoDual,Walker2d-v4,3
51195,reward,1539,169.78088223720354,119.496,SF-P3O-NoDual,Walker2d-v4,3
51314,reward,1540,7.329271478816127,82.569,SF-P3O-NoDual,Walker2d-v4,3
51571,reward,1541,279.56423746932234,104.826,SF-P3O-NoDual,Walker2d-v4,3
51695,reward,1542,69.77866271128654,107.435,SF-P3O-NoDual,Walker2d-v4,3
51733,reward,1543,31.772187553149248,89.367,SF-P3O-NoDual,Walker2d-v4,3
51887,reward,1544,38.17106014047612,84.896,SF-P3O-NoDual,Walker2d-v4,3
52000,reward,1545,200.61798180458578,104.689,SF-P3O-NoDual,Walker2d-v4,3
52183,reward,1546,293.17339378305206,131.161,SF-P3O-NoDual,Walker2d-v4,3
52271,reward,1547,13.529483456454306,113.66,SF-P3O-NoDual,Walker2d-v4,3
52380,reward,1548,58.562472086081726,116.228,SF-P3O-NoDual,Walker2d-v4,3
52494,reward,1549,51.859483920358144,104.436,SF-P3O-NoDual,Walker2d-v4,3
52645,reward,1550,254.02598686950196,129.105,SF-P3O-NoDual,Walker2d-v4,3
52686,reward,1551,24.96141690617842,103.645,SF-P3O-NoDual,Walker2d-v4,3
52852,reward,1552,32.66027022660843,99.933,SF-P3O-NoDual,Walker2d-v4,3
52908,reward,1553,44.07637344669324,101.164,SF-P3O-NoDual,Walker2d-v4,3
52965,reward,1554,44.45918609921931,101.793,SF-P3O-NoDual,Walker2d-v4,3
53019,reward,1555,33.67552544937436,85.098,SF-P3O-NoDual,Walker2d-v4,3
53147,reward,1556,91.87880756888957,64.969,SF-P3O-NoDual,Walker2d-v4,3
53211,reward,1557,50.50536559172316,68.666,SF-P3O-NoDual,Walker2d-v4,3
53349,reward,1558,70.33772823524009,69.844,SF-P3O-NoDual,Walker2d-v4,3
53427,reward,1559,64.21489471875611,71.08,SF-P3O-NoDual,Walker2d-v4,3
53588,reward,1560,84.15432285630284,54.092,SF-P3O-NoDual,Walker2d-v4,3
53900,reward,1561,178.6537964660167,69.462,SF-P3O-NoDual,Walker2d-v4,3
53975,reward,1562,46.17477378661405,70.813,SF-P3O-NoDual,Walker2d-v4,3
54141,reward,1563,182.3643919578726,84.642,SF-P3O-NoDual,Walker2d-v4,3
54227,reward,1564,63.25379854505121,86.521,SF-P3O-NoDual,Walker2d-v4,3
54322,reward,1565,-14.45447606908872,81.708,SF-P3O-NoDual,Walker2d-v4,3
54363,reward,1566,35.113441883586454,76.032,SF-P3O-NoDual,Walker2d-v4,3
54511,reward,1567,101.47934981991577,81.129,SF-P3O-NoDual,Walker2d-v4,3
54566,reward,1568,43.01984575469783,78.397,SF-P3O-NoDual,Walker2d-v4,3
54650,reward,1569,23.623707083721108,74.338,SF-P3O-NoDual,Walker2d-v4,3
54751,reward,1570,44.38261755343654,70.361,SF-P3O-NoDual,Walker2d-v4,3
54814,reward,1571,34.331154920027956,55.929,SF-P3O-NoDual,Walker2d-v4,3
54984,reward,1572,28.391122282322666,54.15,SF-P3O-NoDual,Walker2d-v4,3
55005,reward,1573,1.654991265796311,36.08,SF-P3O-NoDual,Walker2d-v4,3
55043,reward,1574,19.65026391600732,31.719,SF-P3O-NoDual,Walker2d-v4,3
55114,reward,1575,62.74931304136228,39.44,SF-P3O-NoDual,Walker2d-v4,3
55221,reward,1576,48.09448081779418,40.738,SF-P3O-NoDual,Walker2d-v4,3
55264,reward,1577,26.124224883164533,33.202,SF-P3O-NoDual,Walker2d-v4,3
55357,reward,1578,38.0232064532526,32.703,SF-P3O-NoDual,Walker2d-v4,3
55383,reward,1579,5.181018697343498,30.858,SF-P3O-NoDual,Walker2d-v4,3
55490,reward,1580,57.913410001547476,32.211,SF-P3O-NoDual,Walker2d-v4,3
55581,reward,1581,80.37911857818843,36.816,SF-P3O-NoDual,Walker2d-v4,3
55594,reward,1582,4.929739399205146,34.47,SF-P3O-NoDual,Walker2d-v4,3
55783,reward,1583,273.039619277016,61.608,SF-P3O-NoDual,Walker2d-v4,3
55917,reward,1584,44.87268584095112,64.131,SF-P3O-NoDual,Walker2d-v4,3
56155,reward,1585,367.60454467875087,94.616,SF-P3O-NoDual,Walker2d-v4,3
56281,reward,1586,35.13556901511475,93.32,SF-P3O-NoDual,Walker2d-v4,3
56334,reward,1587,29.23684511749429,93.632,SF-P3O-NoDual,Walker2d-v4,3
56508,reward,1588,167.0241425387224,106.532,SF-P3O-NoDual,Walker2d-v4,3
56531,reward,1589,4.117406370201863,106.425,SF-P3O-NoDual,Walker2d-v4,3
56585,reward,1590,32.49630533476463,103.884,SF-P3O-NoDual,Walker2d-v4,3
56718,reward,1591,67.7366300126633,102.619,SF-P3O-NoDual,Walker2d-v4,3
56813,reward,1592,66.26231988103133,108.753,SF-P3O-NoDual,Walker2d-v4,3
56922,reward,1593,90.79823596897059,90.528,SF-P3O-NoDual,Walker2d-v4,3
57074,reward,1594,91.58819343790906,95.2,SF-P3O-NoDual,Walker2d-v4,3
57255,reward,1595,112.83680882426214,69.723,SF-P3O-NoDual,Walker2d-v4,3
57314,reward,1596,22.168343718926568,68.427,SF-P3O-NoDual,Walker2d-v4,3
57344,loss,-0.0244204793125391,0.4531915783882141,SF-P3O-NoDual,Walker2d-v4,3
57464,reward,1597,52.85058299965796,70.788,SF-P3O-NoDual,Walker2d-v4,3
57615,reward,1598,256.8051074378795,79.766,SF-P3O-NoDual,Walker2d-v4,3
57851,reward,1599,201.72257184032196,99.527,SF-P3O-NoDual,Walker2d-v4,3
58000,reward,1600,246.06959700600942,120.884,SF-P3O-NoDual,Walker2d-v4,3
58149,reward,1601,34.41182826372105,117.551,SF-P3O-NoDual,Walker2d-v4,3
58335,reward,1602,67.52247711315145,117.677,SF-P3O-NoDual,Walker2d-v4,3
58374,reward,1603,22.868808494658598,110.884,SF-P3O-NoDual,Walker2d-v4,3
58452,reward,1604,16.15243735837137,103.341,SF-P3O-NoDual,Walker2d-v4,3
58493,reward,1605,16.87154061486229,93.744,SF-P3O-NoDual,Walker2d-v4,3
58541,reward,1606,19.485326437274683,93.476,SF-P3O-NoDual,Walker2d-v4,3
58687,reward,1607,252.16327484127788,113.407,SF-P3O-NoDual,Walker2d-v4,3
58836,reward,1608,260.66154242498646,113.793,SF-P3O-NoDual,Walker2d-v4,3
58980,reward,1609,89.17208073363658,102.538,SF-P3O-NoDual,Walker2d-v4,3
59130,reward,1610,94.59196363529728,87.39,SF-P3O-NoDual,Walker2d-v4,3
59376,reward,1611,312.61555625825565,115.211,SF-P3O-NoDual,Walker2d-v4,3
59577,reward,1612,341.1100159423213,142.569,SF-P3O-NoDual,Walker2d-v4,3
59860,reward,1613,365.80284003259237,176.863,SF-P3O-NoDual,Walker2d-v4,3
60000,speed,1086.71,1.06,SF-P3O-NoDual,Walker2d-v4,3
60001,spectral,0.012996,0.973161,-1.0,SF-P3O-NoDual,Walker2d-v4,3
60067,reward,1614,76.64540015082146,182.912,SF-P3O-NoDual,Walker2d-v4,3
60224,reward,1615,67.74601566240196,187.999,SF-P3O-NoDual,Walker2d-v4,3
60289,reward,1616,9.381742469966252,186.989,SF-P3O-NoDual,Walker2d-v4,3
60496,reward,1617,96.4524716403868,171.418,SF-P3O-NoDual,Walker2d-v4,3
60656,reward,1618,45.22599500536835,149.874,SF-P3O-NoDual,Walker2d-v4,3
60855,reward,1619,74.38589952376567,148.396,SF-P3O-NoDual,Walker2d-v4,3
60872,reward,1620,2.2993836724267585,139.167,SF-P3O-NoDual,Walker2d-v4,3
61056,reward,1621,126.1813167821809,120.523,SF-P3O-NoDual,Walker2d-v4,3
61443,reward,1622,160.37042991357677,102.449,SF-P3O-NoDual,Walker2d-v4,3
61613,reward,1623,295.83743968182034,95.453,SF-P3O-NoDual,Walker2d-v4,3
61728,reward,1624,51.005693780281256,92.889,SF-P3O-NoDual,Walker2d-v4,3
61969,reward,1625,97.30735306256082,95.845,SF-P3O-NoDual,Walker2d-v4,3
62165,reward,1626,351.5179882742,130.058,SF-P3O-NoDual,Walker2d-v4,3
62397,reward,1627,187.39212698251077,139.152,SF-P3O-NoDual,Walker2d-v4,3
62614,reward,1628,98.22079508588857,144.452,SF-P3O-NoDual,Walker2d-v4,3
62836,reward,1629,116.5767909971591,148.671,SF-P3O-NoDual,Walker2d-v4,3
62953,reward,1630,70.18805871533442,155.46,SF-P3O-NoDual,Walker2d-v4,3
63107,reward,1631,71.2867588406323,149.97,SF-P3O-NoDual,Walker2d-v4,3
63178,reward,1632,16.853001215514542,135.619,SF-P3O-NoDual,Walker2d-v4,3
63335,reward,1633,96.45522226808389,115.68,SF-P3O-NoDual,Walker2d-v4,3
63481,reward,1634,57.30410555536119,116.31,SF-P3O-NoDual,Walker2d-v4,3
63621,reward,1635,99.49907363130951,116.529,SF-P3O-NoDual,Walker2d-v4,3
63761,reward,1636,77.12905403329428,89.09,SF-P3O-NoDual,Walker2d-v4,3
63951,reward,1637,278.7748659336805,98.229,SF-P3O-NoDual,Walker2d-v4,3
63987,reward,1638,17.469018711584162,90.154,SF-P3O-NoDual,Walker2d-v4,3
64242,reward,1639,154.22192307913366,93.918,SF-P3O-NoDual,Walker2d-v4,3
64455,reward,1640,295.06486651508703,116.406,SF-P3O-NoDual,Walker2d-v4,3
64864,reward,1641,210.87563561480246,130.365,SF-P3O-NoDual,Walker2d-v4,3
64956,reward,1642,35.76553051703925,132.256,SF-P3O-NoDual,Walker2d-v4,3
65034,reward,1643,58.526807822607914,128.463,SF-P3O-NoDual,Walker2d-v4,3
65069,reward,1644,13.999788551982352,124.133,SF-P3O-NoDual,Walker2d-v4,3
65162,reward,1645,98.89392197641932,124.072,SF-P3O-NoDual,Walker2d-v4,3
65344,reward,1646,127.93868939129015,129.153,SF-P3O-NoDual,Walker2d-v4,3
65381,reward,1647,29.64861410840365,104.24,SF-P3O-NoDual,Walker2d-v4,3
65536,loss,0.007259767036885023,0.3737733066082001,SF-P3O-NoDual,Walker2d-v4,3
65536,diagnostics,0.0,24.52,9.5433,0.014881,0.972683,-1.0,0.080482,SF-P3O-NoDual,Walker2d-v4,3
65657,reward,1648,404.94270553901424,142.988,SF-P3O-NoDual,Walker2d-v4,3
65801,reward,1649,98.04821671714011,137.37,SF-P3O-NoDual,Walker2d-v4,3
66023,reward,1650,327.68063932601075,140.632,SF-P3O-NoDual,Walker2d-v4,3
66227,reward,1651,352.53504056295014,154.798,SF-P3O-NoDual,Walker2d-v4,3
66344,reward,1652,26.267672207399222,153.848,SF-P3O-NoDual,Walker2d-v4,3
66494,reward,1653,38.913255700334446,151.887,SF-P3O-NoDual,Walker2d-v4,3
66633,reward,1654,251.64492520974906,175.651,SF-P3O-NoDual,Walker2d-v4,3
66842,reward,1655,191.0869803288098,184.871,SF-P3O-NoDual,Walker2d-v4,3
67069,reward,1656,75.45823502554993,179.623,SF-P3O-NoDual,Walker2d-v4,3
67241,reward,1657,108.56609596543292,187.514,SF-P3O-NoDual,Walker2d-v4,3
67345,reward,1658,29.608199459820067,149.981,SF-P3O-NoDual,Walker2d-v4,3
67494,reward,1659,287.5190465458155,168.928,SF-P3O-NoDual,Walker2d-v4,3
67624,reward,1660,47.60284341582229,140.92,SF-P3O-NoDual,Walker2d-v4,3
67726,reward,1661,98.87356016756075,115.554,SF-P3O-NoDual,Walker2d-v4,3
67882,reward,1662,267.8929434654404,139.717,SF-P3O-NoDual,Walker2d-v4,3
68157,reward,1663,389.876158925828,174.813,SF-P3O-NoDual,Walker2d-v4,3
68344,reward,1664,296.15961916720687,179.264,SF-P3O-NoDual,Walker2d-v4,3
68446,reward,1665,-15.638851911176815,158.592,SF-P3O-NoDual,Walker2d-v4,3
68574,reward,1666,191.2433719042279,170.17,SF-P3O-NoDual,Walker2d-v4,3
68768,reward,1667,292.89288742322265,188.603,SF-P3O-NoDual,Walker2d-v4,3
68852,reward,1668,27.10530641942735,188.353,SF-P3O-NoDual,Walker2d-v4,3
68887,reward,1669,14.105257893876072,161.011,SF-P3O-NoDual,Walker2d-v4,3
68907,reward,1670,11.157760487903213,157.367,SF-P3O-NoDual,Walker2d-v4,3
69034,reward,1671,49.786051707033465,152.458,SF-P3O-NoDual,Walker2d-v4,3
69208,reward,1672,52.145719879685416,130.883,SF-P3O-NoDual,Walker2d-v4,3
69456,reward,1673,252.56589443215702,117.152,SF-P3O-NoDual,Walker2d-v4,3
69681,reward,1674,146.6493544913185,102.201,SF-P3O-NoDual,Walker2d-v4,3
69834,reward,1675,269.3945348505705,130.705,SF-P3O-NoDual,Walker2d-v4,3
69905,reward,1676,50.942594376932405,116.675,SF-P3O-NoDual,Walker2d-v4,3
70000,speed,1033.67,1.22,SF-P3O-NoDual,Walker2d-v4,3
70001,spectral,0.014881,0.972683,-1.0,SF-P3O-NoDual,Walker2d-v4,3
70167,reward,1677,376.1086556915026,124.996,SF-P3O-NoDual,Walker2d-v4,3
70327,reward,1678,260.5480690447828,148.34,SF-P3O-NoDual,Walker2d-v4,3
70789,reward,1679,350.08881489139105,181.939,SF-P3O-NoDual,Walker2d-v4,3
70863,reward,1680,33.660806851587886,184.189,SF-P3O-NoDual,Walker2d-v4,3
70896,reward,1681,26.790898368468408,181.89,SF-P3O-NoDual,Walker2d-v4,3
71004,reward,1682,87.51637888016423,185.427,SF-P3O-NoDual,Walker2d-v4,3
71307,reward,1683,94.782209899761,169.648,SF-P3O-NoDual,Walker2d-v4,3
71616,reward,1684,160.88925853737305,171.072,SF-P3O-NoDual,Walker2d-v4,3
71707,reward,1685,48.01645440241765,148.934,SF-P3O-NoDual,Walker2d-v4,3
72015,reward,1686,209.32553504663903,164.773,SF-P3O-NoDual,Walker2d-v4,3
72094,reward,1687,50.03313537522671,132.165,SF-P3O-NoDual,Walker2d-v4,3
72189,reward,1688,41.038674650683504,110.214,SF-P3O-NoDual,Walker2d-v4,3
72398,reward,1689,179.24962310104144,93.13,SF-P3O-NoDual,Walker2d-v4,3
72414,reward,1690,4.137126278573458,90.178,SF-P3O-NoDual,Walker2d-v4,3
72593,reward,1691,11.258378756864358,88.625,SF-P3O-NoDual,Walker2d-v4,3
72817,reward,1692,325.3866174178291,112.412,SF-P3O-NoDual,Walker2d-v4,3
72884,reward,1693,23.302538173549678,105.264,SF-P3O-NoDual,Walker2d-v4,3
73029,reward,1694,5.521076273474307,89.727,SF-P3O-NoDual,Walker2d-v4,3
73171,reward,1695,47.42527881913409,89.668,SF-P3O-NoDual,Walker2d-v4,3
73358,reward,1696,58.80084051126878,74.615,SF-P3O-NoDual,Walker2d-v4,3
73509,reward,1697,246.5321960288443,94.265,SF-P3O-NoDual,Walker2d-v4,3
73661,reward,1698,27.16620061796561,92.878,SF-P3O-NoDual,Walker2d-v4,3
73686,reward,1699,14.747449440002518,76.428,SF-P3O-NoDual,Walker2d-v4,3
73728,loss,-0.011261852458119392,0.29481807351112366,SF-P3O-NoDual,Walker2d-v4,3
73826,reward,1700,243.3094689005591,100.345,SF-P3O-NoDual,Walker2d-v4,3
74047,reward,1701,320.14190026542144,131.233,SF-P3O-NoDual,Walker2d-v4,3
74211,reward,1702,263.2449886503771,125.019,SF-P3O-NoDual,Walker2d-v4,3
74309,reward,1703,41.00917329317857,126.79,SF-P3O-NoDual,Walker2d-v4,3
74498,reward,1704,61.30553227904086,132.368,SF-P3O-NoDual,Walker2d-v4,3
74678,reward,1705,1.927265298871463,127.819,SF-P3O-NoDual,Walker2d-v4,3
74878,reward,1706,68.91379314339115,128.83,SF-P3O-NoDual,Walker2d-v4,3
75073,reward,1707,282.28927012238216,132.406,SF-P3O-NoDual,Walker2d-v4,3
75195,reward,1708,226.47282612736015,152.336,SF-P3O-NoDual,Walker2d-v4,3
75464,reward,1709,348.15241615638354,185.677,SF-P3O-NoDual,Walker2d-v4,3
75590,reward,1710,238.75469772422156,185.221,SF-P3O-NoDual,Walker2d-v4,3
75839,reward,1711,87.0886380160085,161.916,SF-P3O-NoDual,Walker2d-v4,3
75927,reward,1712,23.306812898365095,137.922,SF-P3O-NoDual,Walker2d-v4,3
76353,reward,1713,311.8270396119857,165.004,SF-P3O-NoDual,Walker2d-v4,3
76496,reward,1714,237.07823813566915,182.581,SF-P3O-NoDual,Walker2d-v4,3
76696,reward,1715,96.4335742629834,192.032,SF-P3O-NoDual,Walker2d-v4,3
76892,reward,1716,351.9266214103591,220.333,SF-P3O-NoDual,Walker2d-v4,3
77047,reward,1717,78.69251645179011,199.973,SF-P3O-NoDual,Walker2d-v4,3
77355,reward,1718,173.0595231040802,194.632,SF-P3O-NoDual,Walker2d-v4,3
77617,reward,1719,89.36463161873276,168.753,SF-P3O-NoDual,Walker2d-v4,3
78246,reward,1720,583.2912978554275,203.207,SF-P3O-NoDual,Walker2d-v4,3
78382,reward,1721,35.56627176051046,198.055,SF-P3O-NoDual,Walker2d-v4,3
78640,reward,1722,292.52712196871,224.977,SF-P3O-NoDual,Walker2d-v4,3
78736,reward,1723,55.075612573961465,199.302,SF-P3O-NoDual,Walker2d-v4,3
78882,reward,1724,260.3636175248568,201.63,SF-P3O-NoDual,Walker2d-v4,3
79054,reward,1725,281.04463859600406,220.091,SF-P3O-NoDual,Walker2d-v4,3
79168,reward,1726,50.41019452262907,189.94,SF-P3O-NoDual,Walker2d-v4,3
79286,reward,1727,67.80596745816197,188.851,SF-P3O-NoDual,Walker2d-v4,3
79350,reward,1728,41.98310298642863,175.743,SF-P3O-NoDual,Walker2d-v4,3
79522,reward,1729,290.7535372338278,195.882,SF-P3O-NoDual,Walker2d-v4,3
79736,reward,1730,308.72353801693504,168.425,SF-P3O-NoDual,Walker2d-v4,3
79890,reward,1731,23.34214562461212,167.203,SF-P3O-NoDual,Walker2d-v4,3
80000,speed,1057.25,1.38,SF-P3O-NoDual,Walker2d-v4,3
80001,spectral,0.016971,0.972165,-1.0,SF-P3O-NoDual,Walker2d-v4,3
80156,reward,1732,167.43089282270185,154.693,SF-P3O-NoDual,Walker2d-v4,3
80382,reward,1733,143.72851133186256,163.559,SF-P3O-NoDual,Walker2d-v4,3
80494,reward,1734,32.201266162069714,140.742,SF-P3O-NoDual,Walker2d-v4,3
80629,reward,1735,240.89590493061098,136.728,SF-P3O-NoDual,Walker2d-v4,3
80842,reward,1736,123.4250330035636,144.029,SF-P3O-NoDual,Walker2d-v4,3
81080,reward,1737,324.76562506939405,169.725,SF-P3O-NoDual,Walker2d-v4,3
81207,reward,1738,15.531020031839532,167.08,SF-P3O-NoDual,Walker2d-v4,3
81437,reward,1739,327.33214396520486,170.738,SF-P3O-NoDual,Walker2d-v4,3
81637,reward,1740,93.24734433387599,149.19,SF-P3O-NoDual,Walker2d-v4,3
81768,reward,1741,4.712846731394442,147.327,SF-P3O-NoDual,Walker2d-v4,3
81850,reward,1742,46.4064019105587,135.225,SF-P3O-NoDual,Walker2d-v4,3
81920,loss,-0.028219953179359436,0.33204272389411926,SF-P3O-NoDual,Walker2d-v4,3
81920,diagnostics,0.0,25.02,7.2564,0.019614,0.971505,-1.0,0.07947,SF-P3O-NoDual,Walker2d-v4,3
82142,reward,1743,210.32734719680036,141.884,SF-P3O-NoDual,Walker2d-v4,3
82305,reward,1744,256.6417320148339,164.329,SF-P3O-NoDual,Walker2d-v4,3
82578,reward,1745,365.4771401274742,176.787,SF-P3O-NoDual,Walker2d-v4,3
82743,reward,1746,39.53508607131635,168.398,SF-P3O-NoDual,Walker2d-v4,3
83003,reward,1747,119.17400453769413,147.839,SF-P3O-NoDual,Walker2d-v4,3
83273,reward,1748,405.193594131409,186.805,SF-P3O-NoDual,Walker2d-v4,3
83341,reward,1749,38.9213675923301,157.964,SF-P3O-NoDual,Walker2d-v4,3
83528,reward,1750,-23.267621799756952,146.312,SF-P3O-NoDual,Walker2d-v4,3
83621,reward,1751,83.03271113563763,154.144,SF-P3O-NoDual,Walker2d-v4,3
83929,reward,1752,158.22772542570024,165.326,SF-P3O-NoDual,Walker2d-v4,3
84128,reward,1753,334.77771340347925,177.771,SF-P3O-NoDual,Walker2d-v4,3
84238,reward,1754,80.21665179401847,160.129,SF-P3O-NoDual,Walker2d-v4,3
84428,reward,1755,56.62505739451757,129.244,SF-P3O-NoDual,Walker2d-v4,3
84444,reward,1756,3.499308021457778,125.64,SF-P3O-NoDual,Walker2d-v4,3
84629,reward,1757,307.2705776593813,144.45,SF-P3O-NoDual,Walker2d-v4,3
84763,reward,1758,110.48561718917081,114.979,SF-P3O-NoDual,Walker2d-v4,3
84968,reward,1759,67.114681733086,117.798,SF-P3O-NoDual,Walker2d-v4,3
85107,reward,1760,230.99306304659177,143.224,SF-P3O-NoDual,Walker2d-v4,3
85317,reward,1761,352.2835476632442,170.149,SF-P3O-NoDual,Walker2d-v4,3
85530,reward,1762,309.7427145929412,185.301,SF-P3O-NoDual,Walker2d-v4,3
85822,reward,1763,128.16592589193806,164.64,SF-P3O-NoDual,Walker2d-v4,3
86024,reward,1764,109.76148901936163,167.594,SF-P3O-NoDual,Walker2d-v4,3
86107,reward,1765,30.306921074917376,164.962,SF-P3O-NoDual,Walker2d-v4,3
86137,reward,1766,23.365844086229778,166.949,SF-P3O-NoDual,Walker2d-v4,3
86290,reward,1767,67.42153175633257,142.964,SF-P3O-NoDual,Walker2d-v4,3
86477,reward,1768,261.9610634857114,158.112,SF-P3O-NoDual,Walker2d-v4,3
86778,reward,1769,78.94467196650363,159.295,SF-P3O-NoDual,Walker2d-v4,3
86870,reward,1770,42.242242543959485,140.42,SF-P3O-NoDual,Walker2d-v4,3
87012,reward,1771,260.41150757592914,131.232,SF-P3O-NoDual,Walker2d-v4,3
87149,reward,1772,212.1960576386843,121.478,SF-P3O-NoDual,Walker2d-v4,3
87348,reward,1773,265.48338915322165,135.209,SF-P3O-NoDual,Walker2d-v4,3
87603,reward,1774,166.58678231492766,140.892,SF-P3O-NoDual,Walker2d-v4,3
87745,reward,1775,229.07143058751012,160.768,SF-P3O-NoDual,Walker2d-v4,3
87861,reward,1776,48.4256969806279,163.274,SF-P3O-NoDual,Walker2d-v4,3
87985,reward,1777,193.9383686536153,175.926,SF-P3O-NoDual,Walker2d-v4,3
88304,reward,1778,172.45433147578973,166.975,SF-P3O-NoDual,Walker2d-v4,3
88436,reward,1779,94.37505191691264,168.518,SF-P3O-NoDual,Walker2d-v4,3
88624,reward,1780,294.8513477969631,193.779,SF-P3O-NoDual,Walker2d-v4,3
88745,reward,1781,15.91053128420877,169.329,SF-P3O-NoDual,Walker2d-v4,3
88956,reward,1782,32.37833583916498,151.348,SF-P3O-NoDual,Walker2d-v4,3
89198,reward,1783,370.6667076670894,161.866,SF-P3O-NoDual,Walker2d-v4,3
89386,reward,1784,297.8693130072778,174.994,SF-P3O-NoDual,Walker2d-v4,3
89455,reward,1785,45.88539828093254,156.676,SF-P3O-NoDual,Walker2d-v4,3
89570,reward,1786,216.78507957587223,173.511,SF-P3O-NoDual,Walker2d-v4,3
89938,reward,1787,243.99595888867,178.517,SF-P3O-NoDual,Walker2d-v4,3
90000,speed,1032.86,1.54,SF-P3O-NoDual,Walker2d-v4,3
90001,spectral,0.019614,0.971505,-1.0,SF-P3O-NoDual,Walker2d-v4,3
90112,loss,-0.008887609466910362,0.3789483904838562,SF-P3O-NoDual,Walker2d-v4,3
90149,reward,1788,97.06599641655316,170.978,SF-P3O-NoDual,Walker2d-v4,3
90343,reward,1789,304.22612889394986,191.963,SF-P3O-NoDual,Walker2d-v4,3
90441,reward,1790,1.7195750698820031,162.65,SF-P3O-NoDual,Walker2d-v4,3
90580,reward,1791,38.83267802705245,164.943,SF-P3O-NoDual,Walker2d-v4,3
90940,reward,1792,190.58773069294477,180.763,SF-P3O-NoDual,Walker2d-v4,3
91065,reward,1793,222.15642854985467,165.912,SF-P3O-NoDual,Walker2d-v4,3
91253,reward,1794,331.29464740467347,169.255,SF-P3O-NoDual,Walker2d-v4,3
91547,reward,1795,415.5986739980146,206.226,SF-P3O-NoDual,Walker2d-v4,3
91679,reward,1796,245.4808950181611,209.096,SF-P3O-NoDual,Walker2d-v4,3
91875,reward,1797,96.60319956305786,194.357,SF-P3O-NoDual,Walker2d-v4,3
92124,reward,1798,133.5090182834698,198.001,SF-P3O-NoDual,Walker2d-v4,3
92398,reward,1799,91.37995486002822,176.716,SF-P3O-NoDual,Walker2d-v4,3
92526,reward,1800,80.68867652561151,184.613,SF-P3O-NoDual,Walker2d-v4,3
92762,reward,1801,150.25759189183185,195.756,SF-P3O-NoDual,Walker2d-v4,3
93003,reward,1802,319.18413512090905,208.615,SF-P3O-NoDual,Walker2d-v4,3
93273,reward,1803,376.5355838403106,224.053,SF-P3O-NoDual,Walker2d-v4,3
93426,reward,1804,266.67510832507065,217.591,SF-P3O-NoDual,Walker2d-v4,3
93638,reward,1805,322.8975246218076,208.321,SF-P3O-NoDual,Walker2d-v4,3
94048,reward,1806,320.93297325908594,215.866,SF-P3O-NoDual,Walker2d-v4,3
94191,reward,1807,25.03847521219811,208.71,SF-P3O-NoDual,Walker2d-v4,3
94313,reward,1808,18.433901544322453,197.202,SF-P3O-NoDual,Walker2d-v4,3
94646,reward,1809,96.76550477590861,197.741,SF-P3O-NoDual,Walker2d-v4,3
94816,reward,1810,48.301185757180136,194.502,SF-P3O-NoDual,Walker2d-v4,3
94937,reward,1811,201.50208332144544,199.627,SF-P3O-NoDual,Walker2d-v4,3
95122,reward,1812,328.1123348005527,200.519,SF-P3O-NoDual,Walker2d-v4,3
95208,reward,1813,19.967674974594523,164.863,SF-P3O-NoDual,Walker2d-v4,3
95351,reward,1814,53.51281176407704,143.546,SF-P3O-NoDual,Walker2d-v4,3
95556,reward,1815,72.71342468833824,118.528,SF-P3O-NoDual,Walker2d-v4,3
95695,reward,1816,239.59684752256365,110.394,SF-P3O-NoDual,Walker2d-v4,3
95748,reward,1817,49.252589418624396,112.816,SF-P3O-NoDual,Walker2d-v4,3
95897,reward,1818,73.18880149435519,118.291,SF-P3O-NoDual,Walker2d-v4,3
96072,reward,1819,281.87599334358606,136.802,SF-P3O-NoDual,Walker2d-v4,3
96324,reward,1820,183.37607929366186,150.31,SF-P3O-NoDual,Walker2d-v4,3
96563,reward,1821,68.61950090519059,137.022,SF-P3O-NoDual,Walker2d-v4,3
96840,reward,1822,380.79294152693575,142.29,SF-P3O-NoDual,Walker2d-v4,3
97005,reward,1823,240.76294569299958,164.369,SF-P3O-NoDual,Walker2d-v4,3
97259,reward,1824,126.62658771916415,171.681,SF-P3O-NoDual,Walker2d-v4,3
97397,reward,1825,236.00631229551553,188.01,SF-P3O-NoDual,Walker2d-v4,3
97628,reward,1826,355.58908210046064,199.609,SF-P3O-NoDual,Walker2d-v4,3
97794,reward,1827,32.044991533299374,197.888,SF-P3O-NoDual,Walker2d-v4,3
97899,reward,1828,7.147853178692796,191.284,SF-P3O-NoDual,Walker2d-v4,3
98065,reward,1829,237.2461987939197,186.821,SF-P3O-NoDual,Walker2d-v4,3
98205,reward,1830,82.39633034365555,176.723,SF-P3O-NoDual,Walker2d-v4,3
98304,loss,0.07202596962451935,0.3779328763484955,SF-P3O-NoDual,Walker2d-v4,3
98304,diagnostics,0.0,25.6,13.222,0.024679,0.970238,-1.0,0.079094,SF-P3O-NoDual,Walker2d-v4,3
98441,reward,1831,68.64399498121803,176.726,SF-P3O-NoDual,Walker2d-v4,3
98564,reward,1832,242.6868238471179,162.915,SF-P3O-NoDual,Walker2d-v4,3
98681,reward,1833,81.40535090434814,146.979,SF-P3O-NoDual,Walker2d-v4,3
98984,reward,1834,123.38120750865441,146.655,SF-P3O-NoDual,Walker2d-v4,3
99158,reward,1835,68.25924447890489,129.88,SF-P3O-NoDual,Walker2d-v4,3
99425,reward,1836,362.00510037321334,130.522,SF-P3O-NoDual,Walker2d-v4,3
99576,reward,1837,-2.6945663540121676,127.048,SF-P3O-NoDual,Walker2d-v4,3
99726,reward,1838,233.61605534894554,149.695,SF-P3O-NoDual,Walker2d-v4,3
99985,reward,1839,337.48218414035097,159.718,SF-P3O-NoDual,Walker2d-v4,3
100000,speed,717.76,1.77,SF-P3O-NoDual,Walker2d-v4,3
100001,spectral,0.024679,0.970238,-1.0,SF-P3O-NoDual,Walker2d-v4,3
100455,reward,1840,282.17204267721513,179.696,SF-P3O-NoDual,Walker2d-v4,3
100698,reward,1841,114.82715855755187,184.314,SF-P3O-NoDual,Walker2d-v4,3
101059,reward,1842,225.35628355039543,182.581,SF-P3O-NoDual,Walker2d-v4,3
101353,reward,1843,149.01600299106633,189.342,SF-P3O-NoDual,Walker2d-v4,3
101511,reward,1844,263.6482802579226,203.369,SF-P3O-NoDual,Walker2d-v4,3
101699,reward,1845,248.4519806073635,221.388,SF-P3O-NoDual,Walker2d-v4,3
101889,reward,1846,302.3637471809749,215.424,SF-P3O-NoDual,Walker2d-v4,3
102090,reward,1847,268.2736373170115,242.521,SF-P3O-NoDual,Walker2d-v4,3
102211,reward,1848,201.48591110909734,239.308,SF-P3O-NoDual,Walker2d-v4,3
102384,reward,1849,293.6468963537713,234.924,SF-P3O-NoDual,Walker2d-v4,3
102516,reward,1850,39.49198256750835,210.656,SF-P3O-NoDual,Walker2d-v4,3
102632,reward,1851,204.94466912363671,219.668,SF-P3O-NoDual,Walker2d-v4,3
102964,reward,1852,496.74633546485603,246.807,SF-P3O-NoDual,Walker2d-v4,3
103078,reward,1853,205.6432752568578,252.47,SF-P3O-NoDual,Walker2d-v4,3
103231,reward,1854,242.59144315804326,250.364,SF-P3O-NoDual,Walker2d-v4,3
103414,reward,1855,87.6619395091996,234.285,SF-P3O-NoDual,Walker2d-v4,3
103580,reward,1856,290.9468861839076,233.143,SF-P3O-NoDual,Walker2d-v4,3
103838,reward,1857,373.25047553203257,243.641,SF-P3O-NoDual,Walker2d-v4,3
103920,reward,1858,70.05662231460633,230.498,SF-P3O-NoDual,Walker2d-v4,3
104095,reward,1859,288.5132540093052,229.985,SF-P3O-NoDual,Walker2d-v4,3
104230,reward,1860,228.45578972770122,248.881,SF-P3O-NoDual,Walker2d-v4,3
104399,reward,1861,275.8904432494305,255.976,SF-P3O-NoDual,Walker2d-v4,3
104563,reward,1862,137.93821836604454,220.095,SF-P3O-NoDual,Walker2d-v4,3
104689,reward,1863,174.97145982740494,217.028,SF-P3O-NoDual,Walker2d-v4,3
104927,reward,1864,388.47858420753784,231.616,SF-P3O-NoDual,Walker2d-v4,3
105046,reward,1865,25.257165054575676,225.376,SF-P3O-NoDual,Walker2d-v4,3
105357,reward,1866,199.38291514239532,216.219,SF-P3O-NoDual,Walker2d-v4,3
105652,reward,1867,206.1423662176153,199.509,SF-P3O-NoDual,Walker2d-v4,3
105934,reward,1868,375.588399610999,230.062,SF-P3O-NoDual,Walker2d-v4,3
106073,reward,1869,248.47609215657175,226.058,SF-P3O-NoDual,Walker2d-v4,3
106496,loss,-0.026482634246349335,0.3205038011074066,SF-P3O-NoDual,Walker2d-v4,3
106515,reward,1870,512.8385166628464,254.496,SF-P3O-NoDual,Walker2d-v4,3
106709,reward,1871,301.8336992819705,257.091,SF-P3O-NoDual,Walker2d-v4,3
106847,reward,1872,262.1021757305744,269.507,SF-P3O-NoDual,Walker2d-v4,3
107292,reward,1873,151.9496288168925,267.205,SF-P3O-NoDual,Walker2d-v4,3
107513,reward,1874,282.12946111317416,256.57,SF-P3O-NoDual,Walker2d-v4,3
107740,reward,1875,104.8291824076276,264.527,SF-P3O-NoDual,Walker2d-v4,3
107975,reward,1876,134.04242776457818,257.993,SF-P3O-NoDual,Walker2d-v4,3
108080,reward,1877,51.8226984081189,242.561,SF-P3O-NoDual,Walker2d-v4,3
108297,reward,1878,296.7466988295145,234.677,SF-P3O-NoDual,Walker2d-v4,3
108415,reward,1879,34.13511374134736,213.243,SF-P3O-NoDual,Walker2d-v4,3
108568,reward,1880,46.4093614132901,166.6,SF-P3O-NoDual,Walker2d-v4,3
108822,reward,1881,295.2497022993898,165.942,SF-P3O-NoDual,Walker2d-v4,3
109023,reward,1882,286.7084088704516,168.402,SF-P3O-NoDual,Walker2d-v4,3
109164,reward,1883,96.24773757345916,162.832,SF-P3O-NoDual,Walker2d-v4,3
109312,reward,1884,58.448307692762015,140.464,SF-P3O-NoDual,Walker2d-v4,3
109465,reward,1885,308.49654691389014,160.831,SF-P3O-NoDual,Walker2d-v4,3
109663,reward,1886,303.0550488427771,177.732,SF-P3O-NoDual,Walker2d-v4,3
109786,reward,1887,43.64089534177106,176.914,SF-P3O-NoDual,Walker2d-v4,3
109937,reward,1888,247.88065266246548,172.027,SF-P3O-NoDual,Walker2d-v4,3
110000,speed,1073.44,1.93,SF-P3O-NoDual,Walker2d-v4,3
110001,spectral,0.027321,0.969567,-1.0,SF-P3O-NoDual,Walker2d-v4,3
110121,reward,1889,55.221873203588984,174.136,SF-P3O-NoDual,Walker2d-v4,3
110333,reward,1890,317.41347644113654,201.236,SF-P3O-NoDual,Walker2d-v4,3
110486,reward,1891,255.70001751930505,197.281,SF-P3O-NoDual,Walker2d-v4,3
110676,reward,1892,56.48451061943192,174.259,SF-P3O-NoDual,Walker2d-v4,3
110909,reward,1893,84.61795842033814,173.096,SF-P3O-NoDual,Walker2d-v4,3
111157,reward,1894,114.63639211428317,178.715,SF-P3O-NoDual,Walker2d-v4,3
111358,reward,1895,63.73717398861602,154.239,SF-P3O-NoDual,Walker2d-v4,3
111594,reward,1896,304.92751283392107,154.426,SF-P3O-NoDual,Walker2d-v4,3
111777,reward,1897,318.61064083333315,181.923,SF-P3O-NoDual,Walker2d-v4,3
111924,reward,1898,73.67494162235279,164.502,SF-P3O-NoDual,Walker2d-v4,3
112083,reward,1899,252.42741246789817,184.223,SF-P3O-NoDual,Walker2d-v4,3
112292,reward,1900,79.74500144049706,160.456,SF-P3O-NoDual,Walker2d-v4,3
112353,reward,1901,18.91191435973188,136.777,SF-P3O-NoDual,Walker2d-v4,3
112499,reward,1902,33.36198391628266,134.465,SF-P3O-NoDual,Walker2d-v4,3
112678,reward,1903,280.67170603722144,154.07,SF-P3O-NoDual,Walker2d-v4,3
112960,reward,1904,418.63510545979227,184.47,SF-P3O-NoDual,Walker2d-v4,3
113139,reward,1905,58.418999626077564,183.939,SF-P3O-NoDual,Walker2d-v4,3
113253,reward,1906,180.7438320549939,171.52,SF-P3O-NoDual,Walker2d-v4,3
113455,reward,1907,345.0800646379635,174.167,SF-P3O-NoDual,Walker2d-v4,3
113803,reward,1908,392.86393373731636,206.086,SF-P3O-NoDual,Walker2d-v4,3
113967,reward,1909,291.8661448361664,210.03,SF-P3O-NoDual,Walker2d-v4,3
114264,reward,1910,419.86635044455005,244.042,SF-P3O-NoDual,Walker2d-v4,3
114688,loss,0.020664267241954803,0.2967849373817444,SF-P3O-NoDual,Walker2d-v4,3
114688,diagnostics,0.0,26.19,13.8677,0.0297,0.968943,-1.0,0.078727,SF-P3O-NoDual,Walker2d-v4,3
114722,reward,1911,318.67422658346453,274.018,SF-P3O-NoDual,Walker2d-v4,3
114830,reward,1912,197.2605761088899,290.408,SF-P3O-NoDual,Walker2d-v4,3
115046,reward,1913,351.987621450073,297.54,SF-P3O-NoDual,Walker2d-v4,3
115196,reward,1914,24.947213950963004,258.171,SF-P3O-NoDual,Walker2d-v4,3
115350,reward,1915,255.18139373878105,277.847,SF-P3O-NoDual,Walker2d-v4,3
115458,reward,1916,12.349102198260331,261.008,SF-P3O-NoDual,Walker2d-v4,3
115726,reward,1917,65.65797866596806,233.065,SF-P3O-NoDual,Walker2d-v4,3
116049,reward,1918,188.75277935392458,212.654,SF-P3O-NoDual,Walker2d-v4,3
116165,reward,1919,201.0351838080748,203.571,SF-P3O-NoDual,Walker2d-v4,3
116317,reward,1920,240.20089172933282,185.605,SF-P3O-NoDual,Walker2d-v4,3
116490,reward,1921,306.13420572186527,184.351,SF-P3O-NoDual,Walker2d-v4,3
116600,reward,1922,31.450351094590594,167.77,SF-P3O-NoDual,Walker2d-v4,3
116791,reward,1923,299.8530152497245,162.556,SF-P3O-NoDual,Walker2d-v4,3
117172,reward,1924,544.432750505157,214.505,SF-P3O-NoDual,Walker2d-v4,3
117448,reward,1925,396.57102869213594,228.644,SF-P3O-NoDual,Walker2d-v4,3
117672,reward,1926,330.6386120102565,260.473,SF-P3O-NoDual,Walker2d-v4,3
117862,reward,1927,310.3373137777825,284.941,SF-P3O-NoDual,Walker2d-v4,3
118050,reward,1928,303.1380991336036,296.379,SF-P3O-NoDual,Walker2d-v4,3
118189,reward,1929,46.25563367497252,280.901,SF-P3O-NoDual,Walker2d-v4,3
118634,reward,1930,327.76900092847967,289.658,SF-P3O-NoDual,Walker2d-v4,3
118966,reward,1931,178.89677167635114,276.934,SF-P3O-NoDual,Walker2d-v4,3
119191,reward,1932,59.351708309229785,279.724,SF-P3O-NoDual,Walker2d-v4,3
119562,reward,1933,143.94615212304382,264.134,SF-P3O-NoDual,Walker2d-v4,3
120000,speed,1058.75,2.09,SF-P3O-NoDual,Walker2d-v4,3
120001,spectral,0.0297,0.968943,-1.0,SF-P3O-NoDual,Walker2d-v4,3
120102,reward,1934,395.19661574562775,249.21,SF-P3O-NoDual,Walker2d-v4,3
120322,reward,1935,309.5273785265264,240.506,SF-P3O-NoDual,Walker2d-v4,3
120552,reward,1936,102.98890056710445,217.741,SF-P3O-NoDual,Walker2d-v4,3
120744,reward,1937,281.7967702851768,214.887,SF-P3O-NoDual,Walker2d-v4,3
120963,reward,1938,345.5533981689538,219.128,SF-P3O-NoDual,Walker2d-v4,3
121185,reward,1939,310.13512045813746,245.516,SF-P3O-NoDual,Walker2d-v4,3
121344,reward,1940,269.93820256895447,239.733,SF-P3O-NoDual,Walker2d-v4,3
121594,reward,1941,385.58051016797805,260.401,SF-P3O-NoDual,Walker2d-v4,3
121754,reward,1942,57.23671780558717,260.19,SF-P3O-NoDual,Walker2d-v4,3
122065,reward,1943,368.0189780409403,282.597,SF-P3O-NoDual,Walker2d-v4,3
122179,reward,1944,219.233869998582,265.001,SF-P3O-NoDual,Walker2d-v4,3
122352,reward,1945,70.45623439223209,241.094,SF-P3O-NoDual,Walker2d-v4,3
122482,reward,1946,197.92091651546482,250.587,SF-P3O-NoDual,Walker2d-v4,3
122726,reward,1947,314.4641181839412,253.854,SF-P3O-NoDual,Walker2d-v4,3
122880,loss,-0.03602518141269684,0.3402664065361023,SF-P3O-NoDual,Walker2d-v4,3
122916,reward,1948,323.33562018829065,251.632,SF-P3O-NoDual,Walker2d-v4,3
123138,reward,1949,106.4665121463993,231.265,SF-P3O-NoDual,Walker2d-v4,3
123336,reward,1950,327.279945668688,236.999,SF-P3O-NoDual,Walker2d-v4,3
123480,reward,1951,234.5284378676157,221.894,SF-P3O-NoDual,Walker2d-v4,3
123667,reward,1952,302.3006033826198,246.401,SF-P3O-NoDual,Walker2d-v4,3
123773,reward,1953,177.6385821896655,227.362,SF-P3O-NoDual,Walker2d-v4,3
123943,reward,1954,262.44527326412395,231.684,SF-P3O-NoDual,Walker2d-v4,3
124141,reward,1955,333.1721187385509,257.955,SF-P3O-NoDual,Walker2d-v4,3
124329,reward,1956,78.114452913484,245.975,SF-P3O-NoDual,Walker2d-v4,3
124481,reward,1957,250.28139844940986,239.556,SF-P3O-NoDual,Walker2d-v4,3
124835,reward,1958,132.58024881109492,220.481,SF-P3O-NoDual,Walker2d-v4,3
125106,reward,1959,437.08467479850896,253.543,SF-P3O-NoDual,Walker2d-v4,3
125491,reward,1960,296.27712671419744,250.442,SF-P3O-NoDual,Walker2d-v4,3
125683,reward,1961,91.90828347181282,236.18,SF-P3O-NoDual,Walker2d-v4,3
125973,reward,1962,189.24804573704657,224.875,SF-P3O-NoDual,Walker2d-v4,3
126133,reward,1963,237.34316960734608,230.845,SF-P3O-NoDual,Walker2d-v4,3
126270,reward,1964,250.92582946236556,229.694,SF-P3O-NoDual,Walker2d-v4,3
126455,reward,1965,294.88179260954945,225.865,SF-P3O-NoDual,Walker2d-v4,3
126601,reward,1966,283.6993216662465,246.423,SF-P3O-NoDual,Walker2d-v4,3
126750,reward,1967,239.27576615353644,245.322,SF-P3O-NoDual,Walker2d-v4,3
126934,reward,1968,71.58640450041874,239.223,SF-P3O-NoDual,Walker2d-v4,3
127211,reward,1969,423.4532431528314,237.86,SF-P3O-NoDual,Walker2d-v4,3
127422,reward,1970,107.52968040639978,218.985,SF-P3O-NoDual,Walker2d-v4,3
127460,reward,1971,24.858426485502093,212.28,SF-P3O-NoDual,Walker2d-v4,3
127788,reward,1972,450.7150889131717,238.427,SF-P3O-NoDual,Walker2d-v4,3
127957,reward,1973,100.46263327955167,224.739,SF-P3O-NoDual,Walker2d-v4,3
128100,reward,1974,260.8051329294852,225.727,SF-P3O-NoDual,Walker2d-v4,3
128355,reward,1975,337.84442102349834,230.023,SF-P3O-NoDual,Walker2d-v4,3
128592,reward,1976,376.9919848492016,239.352,SF-P3O-NoDual,Walker2d-v4,3
128813,reward,1977,284.1314079406864,243.838,SF-P3O-NoDual,Walker2d-v4,3
129004,reward,1978,288.99864656313514,265.579,SF-P3O-NoDual,Walker2d-v4,3
129685,reward,1979,744.8704723755304,297.721,SF-P3O-NoDual,Walker2d-v4,3
129948,reward,1980,378.98464188215166,324.866,SF-P3O-NoDual,Walker2d-v4,3
130000,speed,1084.93,2.24,SF-P3O-NoDual,Walker2d-v4,3
130001,spectral,0.03248,0.968207,-1.0,SF-P3O-NoDual,Walker2d-v4,3
130406,reward,1981,254.21854418658177,347.802,SF-P3O-NoDual,Walker2d-v4,3
130624,reward,1982,323.7802590211643,335.109,SF-P3O-NoDual,Walker2d-v4,3
130991,reward,1983,174.35513994595044,342.498,SF-P3O-NoDual,Walker2d-v4,3
131072,loss,0.003623957745730877,0.41205665469169617,SF-P3O-NoDual,Walker2d-v4,3
131072,diagnostics,0.0,26.77,24.4251,0.034514,0.967649,-1.0,0.078419,SF-P3O-NoDual,Walker2d-v4,3
131134,reward,1984,236.83544949253732,340.101,SF-P3O-NoDual,Walker2d-v4,3
131399,reward,1985,367.57976572734384,343.075,SF-P3O-NoDual,Walker2d-v4,3
131546,reward,1986,257.07701054634003,331.083,SF-P3O-NoDual,Walker2d-v4,3
131728,reward,1987,306.0820270218176,333.278,SF-P3O-NoDual,Walker2d-v4,3
132004,reward,1988,397.74782246965606,344.153,SF-P3O-NoDual,Walker2d-v4,3
132127,reward,1989,221.27602505964816,291.794,SF-P3O-NoDual,Walker2d-v4,3
132241,reward,1990,198.09619279926702,273.705,SF-P3O-NoDual,Walker2d-v4,3
132591,reward,1991,492.06007591399396,297.489,SF-P3O-NoDual,Walker2d-v4,3
132802,reward,1992,347.8972538357468,299.901,SF-P3O-NoDual,Walker2d-v4,3
133020,reward,1993,73.28382350817309,289.794,SF-P3O-NoDual,Walker2d-v4,3
133206,reward,1994,336.98665590525457,299.809,SF-P3O-NoDual,Walker2d-v4,3
133426,reward,1995,376.52627611995507,300.703,SF-P3O-NoDual,Walker2d-v4,3
133689,reward,1996,129.24663594727735,287.92,SF-P3O-NoDual,Walker2d-v4,3
133908,reward,1997,358.03369783490683,293.115,SF-P3O-NoDual,Walker2d-v4,3
134082,reward,1998,254.87677334929535,278.828,SF-P3O-NoDual,Walker2d-v4,3
134298,reward,1999,100.83642616025749,266.784,SF-P3O-NoDual,Walker2d-v4,3
134643,reward,2000,469.4138643804891,293.916,SF-P3O-NoDual,Walker2d-v4,3
134805,reward,2001,258.53712616558613,270.564,SF-P3O-NoDual,Walker2d-v4,3
134989,reward,2002,122.42224937355769,248.016,SF-P3O-NoDual,Walker2d-v4,3
135190,reward,2003,343.0615315223645,274.994,SF-P3O-NoDual,Walker2d-v4,3
135411,reward,2004,106.01269708290991,251.897,SF-P3O-NoDual,Walker2d-v4,3
135694,reward,2005,250.00196021201887,239.244,SF-P3O-NoDual,Walker2d-v4,3
135947,reward,2006,362.3532828928288,262.555,SF-P3O-NoDual,Walker2d-v4,3
136146,reward,2007,336.0709280602801,260.359,SF-P3O-NoDual,Walker2d-v4,3
136496,reward,2008,509.8918328054067,285.86,SF-P3O-NoDual,Walker2d-v4,3
136646,reward,2009,276.2706746994829,303.404,SF-P3O-NoDual,Walker2d-v4,3
136732,reward,2010,36.858390900629175,260.148,SF-P3O-NoDual,Walker2d-v4,3
137128,reward,2011,164.01136801575643,250.695,SF-P3O-NoDual,Walker2d-v4,3
137390,reward,2012,379.03936278697194,276.357,SF-P3O-NoDual,Walker2d-v4,3
137539,reward,2013,249.65600396242962,267.017,SF-P3O-NoDual,Walker2d-v4,3
137650,reward,2014,226.64363535373522,279.08,SF-P3O-NoDual,Walker2d-v4,3
137894,reward,2015,320.87659020850236,286.167,SF-P3O-NoDual,Walker2d-v4,3
138150,reward,2016,382.8436033712201,288.216,SF-P3O-NoDual,Walker2d-v4,3
138349,reward,2017,96.49362360371465,264.259,SF-P3O-NoDual,Walker2d-v4,3
138519,reward,2018,293.3677895533477,242.606,SF-P3O-NoDual,Walker2d-v4,3
139065,reward,2019,335.8266624395043,248.562,SF-P3O-NoDual,Walker2d-v4,3
139264,loss,-0.07681979238986969,0.41582196950912476,SF-P3O-NoDual,Walker2d-v4,3
139267,reward,2020,320.59890103697234,276.936,SF-P3O-NoDual,Walker2d-v4,3
139625,reward,2021,513.93561123672,311.928,SF-P3O-NoDual,Walker2d-v4,3
139741,reward,2022,217.14723175591143,295.739,SF-P3O-NoDual,Walker2d-v4,3
139911,reward,2023,94.16949366318295,280.19,SF-P3O-NoDual,Walker2d-v4,3
140000,speed,722.25,2.47,SF-P3O-NoDual,Walker2d-v4,3
140001,spectral,0.036488,0.967157,-1.0,SF-P3O-NoDual,Walker2d-v4,3
140103,reward,2024,295.294980806878,287.055,SF-P3O-NoDual,Walker2d-v4,3
140280,reward,2025,281.58582877588225,283.126,SF-P3O-NoDual,Walker2d-v4,3
140506,reward,2026,354.97499221547025,280.34,SF-P3O-NoDual,Walker2d-v4,3
140806,reward,2027,410.54327793953945,311.744,SF-P3O-NoDual,Walker2d-v4,3
140964,reward,2028,287.6332135920448,311.171,SF-P3O-NoDual,Walker2d-v4,3
141101,reward,2029,215.18820432712528,299.107,SF-P3O-NoDual,Walker2d-v4,3
141344,reward,2030,113.91657201706073,278.439,SF-P3O-NoDual,Walker2d-v4,3
141537,reward,2031,360.7740960704253,263.123,SF-P3O-NoDual,Walker2d-v4,3
141669,reward,2032,236.35041225917433,265.043,SF-P3O-NoDual,Walker2d-v4,3
141811,reward,2033,238.63147882771779,279.489,SF-P3O-NoDual,Walker2d-v4,3
142002,reward,2034,310.02893084236644,280.963,SF-P3O-NoDual,Walker2d-v4,3
142224,reward,2035,70.85059329445983,259.889,SF-P3O-NoDual,Walker2d-v4,3
142405,reward,2036,263.1348031744543,250.705,SF-P3O-NoDual,Walker2d-v4,3
142618,reward,2037,90.13275181369465,218.664,SF-P3O-NoDual,Walker2d-v4,3
142770,reward,2038,261.47996345002707,216.049,SF-P3O-NoDual,Walker2d-v4,3
142947,reward,2039,236.01015278571518,218.131,SF-P3O-NoDual,Walker2d-v4,3
143189,reward,2040,316.8381917797668,238.423,SF-P3O-NoDual,Walker2d-v4,3
143381,reward,2041,283.09599257460246,230.655,SF-P3O-NoDual,Walker2d-v4,3
143547,reward,2042,136.23681063628888,220.644,SF-P3O-NoDual,Walker2d-v4,3
143743,reward,2043,324.8462139207412,229.265,SF-P3O-NoDual,Walker2d-v4,3
143869,reward,2044,215.12479542717296,219.775,SF-P3O-NoDual,Walker2d-v4,3
144037,reward,2045,296.03597210175843,242.294,SF-P3O-NoDual,Walker2d-v4,3
144278,reward,2046,31.29096924836205,219.109,SF-P3O-NoDual,Walker2d-v4,3
144386,reward,2047,203.5696471951789,230.453,SF-P3O-NoDual,Walker2d-v4,3
144665,reward,2048,222.17683883233877,226.523,SF-P3O-NoDual,Walker2d-v4,3
144976,reward,2049,434.66504580711415,246.388,SF-P3O-NoDual,Walker2d-v4,3
145162,reward,2050,318.48983383946074,246.553,SF-P3O-NoDual,Walker2d-v4,3
145403,reward,2051,135.63863715980733,231.807,SF-P3O-NoDual,Walker2d-v4,3
145516,reward,2052,225.50699126761123,240.734,SF-P3O-NoDual,Walker2d-v4,3
145646,reward,2053,234.36152493686646,231.686,SF-P3O-NoDual,Walker2d-v4,3
145753,reward,2054,201.9912327175124,230.373,SF-P3O-NoDual,Walker2d-v4,3
145920,reward,2055,271.47953958440195,227.917,SF-P3O-NoDual,Walker2d-v4,3
146154,reward,2056,336.2299996285024,258.411,SF-P3O-NoDual,Walker2d-v4,3
146276,reward,2057,57.3099251004696,243.785,SF-P3O-NoDual,Walker2d-v4,3
146430,reward,2058,271.3726855779132,248.705,SF-P3O-NoDual,Walker2d-v4,3
146592,reward,2059,47.250709412924586,209.963,SF-P3O-NoDual,Walker2d-v4,3
146804,reward,2060,60.717595899345014,184.186,SF-P3O-NoDual,Walker2d-v4,3
146934,reward,2061,257.1339580534786,196.335,SF-P3O-NoDual,Walker2d-v4,3
147073,reward,2062,224.8366044206012,196.268,SF-P3O-NoDual,Walker2d-v4,3
147329,reward,2063,345.4731318463409,207.38,SF-P3O-NoDual,Walker2d-v4,3
147434,reward,2064,200.8162152499326,207.262,SF-P3O-NoDual,Walker2d-v4,3
147456,loss,-0.11969925463199615,0.3944985866546631,SF-P3O-NoDual,Walker2d-v4,3
147456,diagnostics,0.0,27.29,11.3353,0.038242,0.96666,-1.0,0.078197,SF-P3O-NoDual,Walker2d-v4,3
147585,reward,2065,242.27928120048065,204.342,SF-P3O-NoDual,Walker2d-v4,3
147879,reward,2066,387.70578876124046,209.49,SF-P3O-NoDual,Walker2d-v4,3
147909,reward,2067,18.671712740352984,205.626,SF-P3O-NoDual,Walker2d-v4,3
148277,reward,2068,490.4606523825904,227.535,SF-P3O-NoDual,Walker2d-v4,3
148435,reward,2069,257.36885583129725,248.546,SF-P3O-NoDual,Walker2d-v4,3
148602,reward,2070,34.56313323556528,245.931,SF-P3O-NoDual,Walker2d-v4,3
148764,reward,2071,233.12818722724305,243.53,SF-P3O-NoDual,Walker2d-v4,3
149155,reward,2072,460.0365180595394,267.05,SF-P3O-NoDual,Walker2d-v4,3
149263,reward,2073,185.61583587108146,251.065,SF-P3O-NoDual,Walker2d-v4,3
149472,reward,2074,48.408017427854965,235.824,SF-P3O-NoDual,Walker2d-v4,3
149595,reward,2075,240.48281968603675,235.644,SF-P3O-NoDual,Walker2d-v4,3
149810,reward,2076,337.7151352421483,230.645,SF-P3O-NoDual,Walker2d-v4,3
149995,reward,2077,301.6277630499112,258.941,SF-P3O-NoDual,Walker2d-v4,3
150000,speed,1017.59,2.63,SF-P3O-NoDual,Walker2d-v4,3
150001,spectral,0.038242,0.96666,-1.0,SF-P3O-NoDual,Walker2d-v4,3
150137,reward,2078,74.42545164053199,217.337,SF-P3O-NoDual,Walker2d-v4,3
150389,reward,2079,369.1925709894659,228.52,SF-P3O-NoDual,Walker2d-v4,3
150611,reward,2080,161.1824693614899,241.181,SF-P3O-NoDual,Walker2d-v4,3
150752,reward,2081,9.647198710800902,218.833,SF-P3O-NoDual,Walker2d-v4,3
150911,reward,2082,282.2949159982235,201.059,SF-P3O-NoDual,Walker2d-v4,3
151114,reward,2083,294.5861372876834,211.956,SF-P3O-NoDual,Walker2d-v4,3
151243,reward,2084,249.6917553477214,232.085,SF-P3O-NoDual,Walker2d-v4,3
151367,reward,2085,217.17225496141802,229.754,SF-P3O-NoDual,Walker2d-v4,3
151553,reward,2086,311.7107514263186,227.153,SF-P3O-NoDual,Walker2d-v4,3
151744,reward,2087,337.1329550379515,230.704,SF-P3O-NoDual,Walker2d-v4,3
151957,reward,2088,84.59287060070336,231.72,SF-P3O-NoDual,Walker2d-v4,3
152326,reward,2089,476.54682989620716,242.456,SF-P3O-NoDual,Walker2d-v4,3
152553,reward,2090,363.2998440062122,262.668,SF-P3O-NoDual,Walker2d-v4,3
152712,reward,2091,278.07175257408386,289.51,SF-P3O-NoDual,Walker2d-v4,3
153031,reward,2092,177.74556676431706,279.055,SF-P3O-NoDual,Walker2d-v4,3
153214,reward,2093,320.64886260339597,281.661,SF-P3O-NoDual,Walker2d-v4,3
153336,reward,2094,223.31185030194365,279.023,SF-P3O-NoDual,Walker2d-v4,3
153493,reward,2095,284.009908792899,285.707,SF-P3O-NoDual,Walker2d-v4,3
153631,reward,2096,248.24951263118197,279.361,SF-P3O-NoDual,Walker2d-v4,3
153827,reward,2097,338.4503123379996,279.493,SF-P3O-NoDual,Walker2d-v4,3
154106,reward,2098,379.6061031788616,308.994,SF-P3O-NoDual,Walker2d-v4,3
154250,reward,2099,264.85820126105557,287.825,SF-P3O-NoDual,Walker2d-v4,3
154484,reward,2100,334.419802958225,284.937,SF-P3O-NoDual,Walker2d-v4,3
154752,reward,2101,400.7073019514896,297.201,SF-P3O-NoDual,Walker2d-v4,3
154949,reward,2102,287.9447668737061,308.221,SF-P3O-NoDual,Walker2d-v4,3
155227,reward,2103,399.2225851663174,316.078,SF-P3O-NoDual,Walker2d-v4,3
155378,reward,2104,255.75940316729248,319.323,SF-P3O-NoDual,Walker2d-v4,3
155569,reward,2105,339.06786658661133,324.829,SF-P3O-NoDual,Walker2d-v4,3
155648,loss,-0.10756520926952362,0.3689481317996979,SF-P3O-NoDual,Walker2d-v4,3
155827,reward,2106,153.60088191264907,315.364,SF-P3O-NoDual,Walker2d-v4,3
155981,reward,2107,256.1530016358114,307.134,SF-P3O-NoDual,Walker2d-v4,3
156408,reward,2108,210.81925775374975,290.255,SF-P3O-NoDual,Walker2d-v4,3
156514,reward,2109,178.2062245917493,281.59,SF-P3O-NoDual,Walker2d-v4,3
156644,reward,2110,51.868921761017376,253.335,SF-P3O-NoDual,Walker2d-v4,3
156938,reward,2111,418.59669759278376,255.124,SF-P3O-NoDual,Walker2d-v4,3
157092,reward,2112,264.22466808867466,252.752,SF-P3O-NoDual,Walker2d-v4,3
157285,reward,2113,50.031688966975224,217.833,SF-P3O-NoDual,Walker2d-v4,3
157457,reward,2114,265.62545809559623,218.819,SF-P3O-NoDual,Walker2d-v4,3
157597,reward,2115,244.9634509765211,209.409,SF-P3O-NoDual,Walker2d-v4,3
157782,reward,2116,289.50732815366206,223.0,SF-P3O-NoDual,Walker2d-v4,3
158359,reward,2117,708.2016822973031,268.205,SF-P3O-NoDual,Walker2d-v4,3
158896,reward,2118,378.22086715174987,284.945,SF-P3O-NoDual,Walker2d-v4,3
159092,reward,2119,326.46901005937434,299.771,SF-P3O-NoDual,Walker2d-v4,3
159272,reward,2120,314.95970697574745,326.08,SF-P3O-NoDual,Walker2d-v4,3
159396,reward,2121,219.98299702845358,306.219,SF-P3O-NoDual,Walker2d-v4,3
159561,reward,2122,295.4658316129767,309.343,SF-P3O-NoDual,Walker2d-v4,3
159597,reward,2123,27.55097260487949,307.095,SF-P3O-NoDual,Walker2d-v4,3
159740,reward,2124,232.73034546328063,303.805,SF-P3O-NoDual,Walker2d-v4,3
160000,speed,1051.8,2.79,SF-P3O-NoDual,Walker2d-v4,3
160001,spectral,0.040142,0.966109,-1.0,SF-P3O-NoDual,Walker2d-v4,3
160429,reward,2125,701.7590960277722,349.485,SF-P3O-NoDual,Walker2d-v4,3
160898,reward,2126,348.23159586684,355.357,SF-P3O-NoDual,Walker2d-v4,3
161181,reward,2127,401.58731938154165,324.696,SF-P3O-NoDual,Walker2d-v4,3
161557,reward,2128,318.8750079903793,318.761,SF-P3O-NoDual,Walker2d-v4,3
161749,reward,2129,336.1496661235371,319.729,SF-P3O-NoDual,Walker2d-v4,3
161902,reward,2130,253.53760770677098,313.587,SF-P3O-NoDual,Walker2d-v4,3
162068,reward,2131,274.27286491061386,319.016,SF-P3O-NoDual,Walker2d-v4,3
162249,reward,2132,285.7291519578115,318.042,SF-P3O-NoDual,Walker2d-v4,3
162396,reward,2133,251.8130015867201,340.469,SF-P3O-NoDual,Walker2d-v4,3
162552,reward,2134,260.36756687307485,343.232,SF-P3O-NoDual,Walker2d-v4,3
162847,reward,2135,423.6088471584508,315.417,SF-P3O-NoDual,Walker2d-v4,3
163002,reward,2136,247.08794366228435,305.303,SF-P3O-NoDual,Walker2d-v4,3
163197,reward,2137,353.9551796221945,300.54,SF-P3O-NoDual,Walker2d-v4,3
163355,reward,2138,281.5724881168901,296.809,SF-P3O-NoDual,Walker2d-v4,3
163627,reward,2139,393.45821486120394,302.54,SF-P3O-NoDual,Walker2d-v4,3
163807,reward,2140,286.43639970250257,305.83,SF-P3O-NoDual,Walker2d-v4,3
163840,loss,0.064638152718544,0.4624364376068115,SF-P3O-NoDual,Walker2d-v4,3
163840,diagnostics,0.0,27.79,12.8719,0.042133,0.965546,-1.0,0.077969,SF-P3O-NoDual,Walker2d-v4,3
163960,reward,2141,260.56899063337784,304.46,SF-P3O-NoDual,Walker2d-v4,3
164092,reward,2142,241.9293286056805,300.08,SF-P3O-NoDual,Walker2d-v4,3
164258,reward,2143,271.1352502764363,302.012,SF-P3O-NoDual,Walker2d-v4,3
164444,reward,2144,295.8773222122711,305.563,SF-P3O-NoDual,Walker2d-v4,3
164654,reward,2145,155.89024237027766,278.791,SF-P3O-NoDual,Walker2d-v4,3
164885,reward,2146,337.9554134796971,287.878,SF-P3O-NoDual,Walker2d-v4,3
165103,reward,2147,313.30913729091077,283.813,SF-P3O-NoDual,Walker2d-v4,3
165314,reward,2148,314.5037223447969,287.106,SF-P3O-NoDual,Walker2d-v4,3
165453,reward,2149,239.4160045666057,271.702,SF-P3O-NoDual,Walker2d-v4,3
165672,reward,2150,335.02382109301175,276.561,SF-P3O-NoDual,Walker2d-v4,3
165827,reward,2151,264.7534032726047,276.979,SF-P3O-NoDual,Walker2d-v4,3
165972,reward,2152,256.98673546784846,278.485,SF-P3O-NoDual,Walker2d-v4,3
166170,reward,2153,314.5969965436491,282.831,SF-P3O-NoDual,Walker2d-v4,3
166296,reward,2154,53.13469689232038,258.557,SF-P3O-NoDual,Walker2d-v4,3
166593,reward,2155,392.27080475557705,282.195,SF-P3O-NoDual,Walker2d-v4,3
166712,reward,2156,201.34150208604805,268.534,SF-P3O-NoDual,Walker2d-v4,3
166850,reward,2157,249.59559417115673,262.162,SF-P3O-NoDual,Walker2d-v4,3
166976,reward,2158,213.90229752810046,252.102,SF-P3O-NoDual,Walker2d-v4,3
167221,reward,2159,123.72189746282454,240.533,SF-P3O-NoDual,Walker2d-v4,3
167410,reward,2160,327.54302115812686,239.785,SF-P3O-NoDual,Walker2d-v4,3
167622,reward,2161,321.9243725367734,245.502,SF-P3O-NoDual,Walker2d-v4,3
167965,reward,2162,186.16137601263554,238.419,SF-P3O-NoDual,Walker2d-v4,3
168227,reward,2163,397.4034426997362,246.7,SF-P3O-NoDual,Walker2d-v4,3
168462,reward,2164,130.94797356568904,254.481,SF-P3O-NoDual,Walker2d-v4,3
168632,reward,2165,297.2368191248818,244.978,SF-P3O-NoDual,Walker2d-v4,3
168815,reward,2166,329.7579116874847,257.819,SF-P3O-NoDual,Walker2d-v4,3
168999,reward,2167,307.9143939173739,263.651,SF-P3O-NoDual,Walker2d-v4,3
169156,reward,2168,269.7837370247233,269.239,SF-P3O-NoDual,Walker2d-v4,3
169271,reward,2169,211.88657786033446,278.056,SF-P3O-NoDual,Walker2d-v4,3
169505,reward,2170,336.0322971471222,278.905,SF-P3O-NoDual,Walker2d-v4,3
169676,reward,2171,89.55567648023896,255.668,SF-P3O-NoDual,Walker2d-v4,3
169816,reward,2172,243.3964367760799,261.392,SF-P3O-NoDual,Walker2d-v4,3
170000,speed,1065.26,2.95,SF-P3O-NoDual,Walker2d-v4,3
170001,spectral,0.042133,0.965546,-1.0,SF-P3O-NoDual,Walker2d-v4,3
170038,reward,2173,350.8635797080942,256.738,SF-P3O-NoDual,Walker2d-v4,3
170272,reward,2174,360.7603543522328,279.719,SF-P3O-NoDual,Walker2d-v4,3
170436,reward,2175,296.0154339645148,279.597,SF-P3O-NoDual,Walker2d-v4,3
170636,reward,2176,339.637268484036,280.585,SF-P3O-NoDual,Walker2d-v4,3
170759,reward,2177,207.0320798946069,270.496,SF-P3O-NoDual,Walker2d-v4,3
170911,reward,2178,43.478528035607354,247.866,SF-P3O-NoDual,Walker2d-v4,3
171027,reward,2179,222.05714255284008,248.883,SF-P3O-NoDual,Walker2d-v4,3
171163,reward,2180,224.79228292385656,237.759,SF-P3O-NoDual,Walker2d-v4,3
171298,reward,2181,241.81642276418023,252.985,SF-P3O-NoDual,Walker2d-v4,3
171508,reward,2182,367.3866117795852,265.384,SF-P3O-NoDual,Walker2d-v4,3
171674,reward,2183,287.270775982323,259.025,SF-P3O-NoDual,Walker2d-v4,3
171789,reward,2184,206.38395850385484,243.587,SF-P3O-NoDual,Walker2d-v4,3
171940,reward,2185,64.55127980601193,220.441,SF-P3O-NoDual,Walker2d-v4,3
172032,loss,0.06501888483762741,0.3832777738571167,SF-P3O-NoDual,Walker2d-v4,3
172094,reward,2186,289.11642679295517,215.389,SF-P3O-NoDual,Walker2d-v4,3
172254,reward,2187,315.0189434803402,226.187,SF-P3O-NoDual,Walker2d-v4,3
172406,reward,2188,269.4158592556337,248.781,SF-P3O-NoDual,Walker2d-v4,3
172664,reward,2189,387.19469009134883,265.295,SF-P3O-NoDual,Walker2d-v4,3
172908,reward,2190,389.4488349392596,281.76,SF-P3O-NoDual,Walker2d-v4,3
173049,reward,2191,269.04599030532506,284.483,SF-P3O-NoDual,Walker2d-v4,3
173202,reward,2192,91.8855660777424,256.933,SF-P3O-NoDual,Walker2d-v4,3
173365,reward,2193,273.94088106301007,255.6,SF-P3O-NoDual,Walker2d-v4,3
173525,reward,2194,52.97088777851302,240.259,SF-P3O-NoDual,Walker2d-v4,3
173766,reward,2195,361.6806612296435,269.972,SF-P3O-NoDual,Walker2d-v4,3
174035,reward,2196,335.75821139262064,274.636,SF-P3O-NoDual,Walker2d-v4,3
174236,reward,2197,294.5390217380552,272.588,SF-P3O-NoDual,Walker2d-v4,3
174441,reward,2198,75.75519942317118,253.222,SF-P3O-NoDual,Walker2d-v4,3
174682,reward,2199,89.03100645823183,223.406,SF-P3O-NoDual,Walker2d-v4,3
174940,reward,2200,157.90297159700575,200.251,SF-P3O-NoDual,Walker2d-v4,3
175087,reward,2201,269.31043924154335,200.277,SF-P3O-NoDual,Walker2d-v4,3
175286,reward,2202,314.03701226022207,222.493,SF-P3O-NoDual,Walker2d-v4,3
175485,reward,2203,340.90254010865067,229.189,SF-P3O-NoDual,Walker2d-v4,3
175632,reward,2204,298.49366250884395,253.741,SF-P3O-NoDual,Walker2d-v4,3
175786,reward,2205,275.43804576519005,245.117,SF-P3O-NoDual,Walker2d-v4,3
175914,reward,2206,256.564063649334,237.197,SF-P3O-NoDual,Walker2d-v4,3
176046,reward,2207,234.58503915318883,231.202,SF-P3O-NoDual,Walker2d-v4,3
176189,reward,2208,229.66478959639463,246.593,SF-P3O-NoDual,Walker2d-v4,3
176355,reward,2209,296.9672469381295,267.387,SF-P3O-NoDual,Walker2d-v4,3
176666,reward,2210,402.0725217478954,291.804,SF-P3O-NoDual,Walker2d-v4,3
176855,reward,2211,329.513260395699,297.824,SF-P3O-NoDual,Walker2d-v4,3
176957,reward,2212,161.8922404321241,282.609,SF-P3O-NoDual,Walker2d-v4,3
177226,reward,2213,127.87128027422577,261.306,SF-P3O-NoDual,Walker2d-v4,3
177428,reward,2214,334.45192942128045,264.902,SF-P3O-NoDual,Walker2d-v4,3
177725,reward,2215,462.5765731043469,283.616,SF-P3O-NoDual,Walker2d-v4,3
177885,reward,2216,295.6497725736962,287.524,SF-P3O-NoDual,Walker2d-v4,3
178151,reward,2217,154.08184633883533,279.474,SF-P3O-NoDual,Walker2d-v4,3
178281,reward,2218,213.51923598814173,277.86,SF-P3O-NoDual,Walker2d-v4,3
178401,reward,2219,203.4279220134923,268.506,SF-P3O-NoDual,Walker2d-v4,3
178584,reward,2220,287.9965758493208,257.098,SF-P3O-NoDual,Walker2d-v4,3
178733,reward,2221,285.5296053685407,252.7,SF-P3O-NoDual,Walker2d-v4,3
178838,reward,2222,173.63718386356896,253.874,SF-P3O-NoDual,Walker2d-v4,3
178999,reward,2223,283.85687365319853,269.473,SF-P3O-NoDual,Walker2d-v4,3
179173,reward,2224,304.1316024539795,266.441,SF-P3O-NoDual,Walker2d-v4,3
179436,reward,2225,403.9933850338865,260.582,SF-P3O-NoDual,Walker2d-v4,3
179649,reward,2226,125.56291586134132,243.574,SF-P3O-NoDual,Walker2d-v4,3
179823,reward,2227,308.3465264221351,259.0,SF-P3O-NoDual,Walker2d-v4,3
180000,speed,1016.47,3.11,SF-P3O-NoDual,Walker2d-v4,3
180001,spectral,0.043813,0.965115,-1.0,SF-P3O-NoDual,Walker2d-v4,3
180079,reward,2228,398.34885674769345,277.483,SF-P3O-NoDual,Walker2d-v4,3
180224,loss,0.047290947288274765,0.3858855366706848,SF-P3O-NoDual,Walker2d-v4,3
180224,diagnostics,0.0,28.3,17.7809,0.045603,0.964575,-1.0,0.077775,SF-P3O-NoDual,Walker2d-v4,3
180295,reward,2229,332.27158842615466,290.368,SF-P3O-NoDual,Walker2d-v4,3
180540,reward,2230,369.5447325256411,298.522,SF-P3O-NoDual,Walker2d-v4,3
180730,reward,2231,298.9792475562912,299.867,SF-P3O-NoDual,Walker2d-v4,3
180901,reward,2232,306.99489675797906,313.203,SF-P3O-NoDual,Walker2d-v4,3
181113,reward,2233,312.4943667655861,316.067,SF-P3O-NoDual,Walker2d-v4,3
181365,reward,2234,401.67259183930986,325.821,SF-P3O-NoDual,Walker2d-v4,3
181584,reward,2235,331.35712399902377,318.557,SF-P3O-NoDual,Walker2d-v4,3
181905,reward,2236,464.5267623850493,352.454,SF-P3O-NoDual,Walker2d-v4,3
182080,reward,2237,304.1416327990387,352.033,SF-P3O-NoDual,Walker2d-v4,3
182235,reward,2238,273.90338938261624,339.589,SF-P3O-NoDual,Walker2d-v4,3
182388,reward,2239,288.9356461999713,335.255,SF-P3O-NoDual,Walker2d-v4,3
182531,reward,2240,250.54338767134067,323.355,SF-P3O-NoDual,Walker2d-v4,3
183010,reward,2241,565.7910273243582,350.036,SF-P3O-NoDual,Walker2d-v4,3
183147,reward,2242,260.2128726555617,345.358,SF-P3O-NoDual,Walker2d-v4,3
183385,reward,2243,362.17603229318206,350.326,SF-P3O-NoDual,Walker2d-v4,3
183616,reward,2244,120.19618892092568,322.178,SF-P3O-NoDual,Walker2d-v4,3
183788,reward,2245,302.08950229097053,319.252,SF-P3O-NoDual,Walker2d-v4,3
183968,reward,2246,297.86834488011647,302.586,SF-P3O-NoDual,Walker2d-v4,3
184141,reward,2247,281.5419654012826,300.326,SF-P3O-NoDual,Walker2d-v4,3
184300,reward,2248,297.5180568163601,302.687,SF-P3O-NoDual,Walker2d-v4,3
184405,reward,2249,23.20829307360824,276.115,SF-P3O-NoDual,Walker2d-v4,3
184640,reward,2250,344.5419652952354,285.514,SF-P3O-NoDual,Walker2d-v4,3
184863,reward,2251,371.3839234270756,266.074,SF-P3O-NoDual,Walker2d-v4,3
185377,reward,2252,298.8304929746967,269.935,SF-P3O-NoDual,Walker2d-v4,3
185500,reward,2253,30.138549627975138,236.732,SF-P3O-NoDual,Walker2d-v4,3
185650,reward,2254,274.30883343227566,252.143,SF-P3O-NoDual,Walker2d-v4,3
185820,reward,2255,287.0573481305042,250.64,SF-P3O-NoDual,Walker2d-v4,3
186037,reward,2256,322.89954765505274,253.143,SF-P3O-NoDual,Walker2d-v4,3
186481,reward,2257,560.5058319626272,281.039,SF-P3O-NoDual,Walker2d-v4,3
186757,reward,2258,397.0959686101348,290.997,SF-P3O-NoDual,Walker2d-v4,3
186897,reward,2259,264.823258747388,315.159,SF-P3O-NoDual,Walker2d-v4,3
187104,reward,2260,339.5314910555069,314.658,SF-P3O-NoDual,Walker2d-v4,3
187240,reward,2261,287.7396745767012,306.293,SF-P3O-NoDual,Walker2d-v4,3
187435,reward,2262,352.09576280281095,311.62,SF-P3O-NoDual,Walker2d-v4,3
187636,reward,2263,342.69640595907845,342.875,SF-P3O-NoDual,Walker2d-v4,3
187951,reward,2264,430.61656115868414,358.506,SF-P3O-NoDual,Walker2d-v4,3
188227,reward,2265,436.15386380948223,373.416,SF-P3O-NoDual,Walker2d-v4,3
188384,reward,2266,261.0922751495251,367.235,SF-P3O-NoDual,Walker2d-v4,3
188416,loss,0.048572394996881485,0.6211094856262207,SF-P3O-NoDual,Walker2d-v4,3
188521,reward,2267,268.11422324678375,337.996,SF-P3O-NoDual,Walker2d-v4,3
188693,reward,2268,293.63378360215995,327.65,SF-P3O-NoDual,Walker2d-v4,3
188934,reward,2269,343.74486882997917,335.542,SF-P3O-NoDual,Walker2d-v4,3
189133,reward,2270,332.3917391493228,334.828,SF-P3O-NoDual,Walker2d-v4,3
189277,reward,2271,245.91738273557306,330.646,SF-P3O-NoDual,Walker2d-v4,3
189427,reward,2272,263.18859019695583,321.755,SF-P3O-NoDual,Walker2d-v4,3
189597,reward,2273,316.3060696594702,319.116,SF-P3O-NoDual,Walker2d-v4,3
189849,reward,2274,394.18799432651196,315.473,SF-P3O-NoDual,Walker2d-v4,3
190000,speed,720.97,3.34,SF-P3O-NoDual,Walker2d-v4,3
190001,spectral,0.047182,0.964119,-1.0,SF-P3O-NoDual,Walker2d-v4,3
190001,reward,2275,14.588964481222686,273.317,SF-P3O-NoDual,Walker2d-v4,3
190108,reward,2276,193.4675841611535,266.554,SF-P3O-NoDual,Walker2d-v4,3
190261,reward,2277,265.7692444330068,266.32,SF-P3O-NoDual,Walker2d-v4,3
190406,reward,2278,263.5233380099703,263.309,SF-P3O-NoDual,Walker2d-v4,3
190608,reward,2279,322.12640900846617,261.147,SF-P3O-NoDual,Walker2d-v4,3
190729,reward,2280,49.90895906549426,232.898,SF-P3O-NoDual,Walker2d-v4,3
190891,reward,2281,277.09407126303546,236.016,SF-P3O-NoDual,Walker2d-v4,3
191069,reward,2282,330.00594300815214,242.698,SF-P3O-NoDual,Walker2d-v4,3
191303,reward,2283,377.75912354017237,248.843,SF-P3O-NoDual,Walker2d-v4,3
191492,reward,2284,346.45366152231315,244.07,SF-P3O-NoDual,Walker2d-v4,3
191776,reward,2285,414.4609959735781,284.057,SF-P3O-NoDual,Walker2d-v4,3
191973,reward,2286,304.0829910757889,295.118,SF-P3O-NoDual,Walker2d-v4,3
192099,reward,2287,195.78835429812466,288.12,SF-P3O-NoDual,Walker2d-v4,3
192244,reward,2288,258.9463758226364,287.663,SF-P3O-NoDual,Walker2d-v4,3
192402,reward,2289,292.36263573135267,284.686,SF-P3O-NoDual,Walker2d-v4,3
192543,reward,2290,249.69269879749004,304.665,SF-P3O-NoDual,Walker2d-v4,3
192935,reward,2291,511.36537737053743,328.092,SF-P3O-NoDual,Walker2d-v4,3
193135,reward,2292,324.63963943887177,327.555,SF-P3O-NoDual,Walker2d-v4,3
193350,reward,2293,346.69353053347083,324.449,SF-P3O-NoDual,Walker2d-v4,3
193529,reward,2294,304.91414949475893,320.295,SF-P3O-NoDual,Walker2d-v4,3
193762,reward,2295,126.47821616791994,291.496,SF-P3O-NoDual,Walker2d-v4,3
193926,reward,2296,288.61266077874205,289.949,SF-P3O-NoDual,Walker2d-v4,3
194069,reward,2297,272.9104154407474,297.662,SF-P3O-NoDual,Walker2d-v4,3
194197,reward,2298,206.34141822923937,292.401,SF-P3O-NoDual,Walker2d-v4,3
194308,reward,2299,182.64733884248886,281.43,SF-P3O-NoDual,Walker2d-v4,3
194425,reward,2300,25.012539814857995,258.962,SF-P3O-NoDual,Walker2d-v4,3
194580,reward,2301,291.7276322670246,236.998,SF-P3O-NoDual,Walker2d-v4,3
194763,reward,2302,295.9185203615791,234.126,SF-P3O-NoDual,Walker2d-v4,3
194850,reward,2303,56.779956543918054,205.134,SF-P3O-NoDual,Walker2d-v4,3
194969,reward,2304,256.9973528604552,200.343,SF-P3O-NoDual,Walker2d-v4,3
195163,reward,2305,309.23060976465786,218.618,SF-P3O-NoDual,Walker2d-v4,3
195330,reward,2306,254.4819634748772,215.205,SF-P3O-NoDual,Walker2d-v4,3
195631,reward,2307,420.23562687921714,229.937,SF-P3O-NoDual,Walker2d-v4,3
195755,reward,2308,246.0875907213403,233.912,SF-P3O-NoDual,Walker2d-v4,3
195902,reward,2309,49.94748140120054,220.642,SF-P3O-NoDual,Walker2d-v4,3
196127,reward,2310,388.00261095551247,256.941,SF-P3O-NoDual,Walker2d-v4,3
196266,reward,2311,245.90111102144772,252.358,SF-P3O-NoDual,Walker2d-v4,3
196418,reward,2312,263.69768922252706,249.136,SF-P3O-NoDual,Walker2d-v4,3
196546,reward,2313,228.24096300753178,266.282,SF-P3O-NoDual,Walker2d-v4,3
196608,loss,0.03999458625912666,0.46687421202659607,SF-P3O-NoDual,Walker2d-v4,3
196608,diagnostics,0.0,28.78,23.9405,0.048617,0.963764,-1.0,0.07779,SF-P3O-NoDual,Walker2d-v4,3
196736,reward,2314,319.62202885948597,272.545,SF-P3O-NoDual,Walker2d-v4,3
196925,reward,2315,327.8948634120019,274.411,SF-P3O-NoDual,Walker2d-v4,3
197096,reward,2316,334.6877766328144,282.432,SF-P3O-NoDual,Walker2d-v4,3
197249,reward,2317,311.2376952371824,271.532,SF-P3O-NoDual,Walker2d-v4,3
197432,reward,2318,343.0001494327517,281.223,SF-P3O-NoDual,Walker2d-v4,3
197754,reward,2319,419.3438575647795,318.163,SF-P3O-NoDual,Walker2d-v4,3
197956,reward,2320,337.75648207378174,313.138,SF-P3O-NoDual,Walker2d-v4,3
198140,reward,2321,307.82159439901443,319.33,SF-P3O-NoDual,Walker2d-v4,3
198280,reward,2322,248.2968726680085,317.79,SF-P3O-NoDual,Walker2d-v4,3
198450,reward,2323,317.1965308071849,326.686,SF-P3O-NoDual,Walker2d-v4,3
198638,reward,2324,306.42063313848143,325.366,SF-P3O-NoDual,Walker2d-v4,3
198895,reward,2325,115.0724244727096,304.083,SF-P3O-NoDual,Walker2d-v4,3
199066,reward,2326,285.5764917955415,299.172,SF-P3O-NoDual,Walker2d-v4,3
199249,reward,2327,272.8675776098497,295.335,SF-P3O-NoDual,Walker2d-v4,3
199393,reward,2328,254.5431133801022,286.49,SF-P3O-NoDual,Walker2d-v4,3
199572,reward,2329,320.05829939194876,276.561,SF-P3O-NoDual,Walker2d-v4,3
199764,reward,2330,305.62626555886715,273.348,SF-P3O-NoDual,Walker2d-v4,3
199874,reward,2331,206.92249078771022,263.258,SF-P3O-NoDual,Walker2d-v4,3
200000,speed,1029.65,3.51,SF-P3O-NoDual,Walker2d-v4,3
200001,spectral,0.048617,0.963764,-1.0,SF-P3O-NoDual,Walker2d-v4,3
200114,reward,2332,347.7772048445187,273.206,SF-P3O-NoDual,Walker2d-v4,3
200269,reward,2333,294.3973997964436,270.926,SF-P3O-NoDual,Walker2d-v4,3
200546,reward,2334,350.6861962022358,275.353,SF-P3O-NoDual,Walker2d-v4,3
200700,reward,2335,295.07490839826744,293.353,SF-P3O-NoDual,Walker2d-v4,3
200832,reward,2336,73.2342966207686,272.119,SF-P3O-NoDual,Walker2d-v4,3
200987,reward,2337,291.14470749365165,273.946,SF-P3O-NoDual,Walker2d-v4,3
201198,reward,2338,344.43492068118763,282.936,SF-P3O-NoDual,Walker2d-v4,3
201316,reward,2339,214.09886256754797,272.34,SF-P3O-NoDual,Walker2d-v4,3
201465,reward,2340,283.29997874239206,270.107,SF-P3O-NoDual,Walker2d-v4,3
201591,reward,2341,259.87785595092976,275.403,SF-P3O-NoDual,Walker2d-v4,3
201782,reward,2342,327.5426162988448,273.379,SF-P3O-NoDual,Walker2d-v4,3
202079,reward,2343,439.4231307188235,287.882,SF-P3O-NoDual,Walker2d-v4,3
202236,reward,2344,268.92753214882555,279.706,SF-P3O-NoDual,Walker2d-v4,3
202481,reward,2345,406.6895073623345,290.867,SF-P3O-NoDual,Walker2d-v4,3
202781,reward,2346,422.37634850969425,325.782,SF-P3O-NoDual,Walker2d-v4,3
202935,reward,2347,277.87635283496377,324.455,SF-P3O-NoDual,Walker2d-v4,3
203088,reward,2348,273.0801116147302,317.319,SF-P3O-NoDual,Walker2d-v4,3
203222,reward,2349,72.7543570164397,303.185,SF-P3O-NoDual,Walker2d-v4,3
203608,reward,2350,545.3616875234341,329.391,SF-P3O-NoDual,Walker2d-v4,3
203788,reward,2351,307.6729739489504,334.17,SF-P3O-NoDual,Walker2d-v4,3
204030,reward,2352,385.2933065885967,339.946,SF-P3O-NoDual,Walker2d-v4,3
204215,reward,2353,87.70352361893431,304.774,SF-P3O-NoDual,Walker2d-v4,3
204460,reward,2354,395.00277541381416,317.381,SF-P3O-NoDual,Walker2d-v4,3
204634,reward,2355,308.57033125058246,307.569,SF-P3O-NoDual,Walker2d-v4,3
204800,loss,0.04386244714260101,0.4397040605545044,SF-P3O-NoDual,Walker2d-v4,3
204811,reward,2356,64.24980942467623,271.757,SF-P3O-NoDual,Walker2d-v4,3
204971,reward,2357,286.91916845939534,272.661,SF-P3O-NoDual,Walker2d-v4,3
205108,reward,2358,213.3272738084824,266.686,SF-P3O-NoDual,Walker2d-v4,3
205278,reward,2359,296.2590882396543,289.036,SF-P3O-NoDual,Walker2d-v4,3
205471,reward,2360,322.3633735667818,266.736,SF-P3O-NoDual,Walker2d-v4,3
205603,reward,2361,235.60882920364716,259.53,SF-P3O-NoDual,Walker2d-v4,3
205806,reward,2362,346.5211176068563,255.653,SF-P3O-NoDual,Walker2d-v4,3
205974,reward,2363,317.2104970660308,278.603,SF-P3O-NoDual,Walker2d-v4,3
206129,reward,2364,253.91100382367839,264.494,SF-P3O-NoDual,Walker2d-v4,3
206418,reward,2365,456.41419316412936,279.278,SF-P3O-NoDual,Walker2d-v4,3
206564,reward,2366,63.654471049433525,279.219,SF-P3O-NoDual,Walker2d-v4,3
206788,reward,2367,359.20252526386383,286.447,SF-P3O-NoDual,Walker2d-v4,3
206998,reward,2368,338.19477859899797,298.934,SF-P3O-NoDual,Walker2d-v4,3
207126,reward,2369,220.91571136400202,291.4,SF-P3O-NoDual,Walker2d-v4,3
207323,reward,2370,351.7692943114173,294.34,SF-P3O-NoDual,Walker2d-v4,3
207524,reward,2371,351.8823807804432,305.968,SF-P3O-NoDual,Walker2d-v4,3
207717,reward,2372,356.8097370303147,306.996,SF-P3O-NoDual,Walker2d-v4,3
207895,reward,2373,296.5190637516363,304.927,SF-P3O-NoDual,Walker2d-v4,3
208079,reward,2374,321.7779325204788,311.714,SF-P3O-NoDual,Walker2d-v4,3
208271,reward,2375,331.2677902356318,299.199,SF-P3O-NoDual,Walker2d-v4,3
208505,reward,2376,176.7945894444727,310.513,SF-P3O-NoDual,Walker2d-v4,3
208721,reward,2377,316.5012753021828,306.243,SF-P3O-NoDual,Walker2d-v4,3
208851,reward,2378,245.0134040286573,296.925,SF-P3O-NoDual,Walker2d-v4,3
209140,reward,2379,418.758243850985,316.709,SF-P3O-NoDual,Walker2d-v4,3
209343,reward,2380,320.8717801686163,313.62,SF-P3O-NoDual,Walker2d-v4,3
209564,reward,2381,355.91584360306354,314.023,SF-P3O-NoDual,Walker2d-v4,3
209784,reward,2382,382.8623157490497,316.628,SF-P3O-NoDual,Walker2d-v4,3
210000,speed,1084.98,3.66,SF-P3O-NoDual,Walker2d-v4,3
210001,perturb,0.050162,0.963314,-1.0,136126,846,1.124259,1,SF-P3O-NoDual,Walker2d-v4,3
210068,reward,2383,403.35391698042804,327.312,SF-P3O-NoDual,Walker2d-v4,3
210444,reward,2384,524.710447853788,347.605,SF-P3O-NoDual,Walker2d-v4,3
210616,reward,2385,286.5853494296563,343.137,SF-P3O-NoDual,Walker2d-v4,3
210837,reward,2386,307.6325141053045,356.221,SF-P3O-NoDual,Walker2d-v4,3
210960,reward,2387,97.18120235732773,334.289,SF-P3O-NoDual,Walker2d-v4,3
211264,reward,2388,432.5538206783255,353.043,SF-P3O-NoDual,Walker2d-v4,3
211462,reward,2389,323.30883763580374,343.498,SF-P3O-NoDual,Walker2d-v4,3
211637,reward,2390,297.6789738074635,341.178,SF-P3O-NoDual,Walker2d-v4,3
211800,reward,2391,277.26758428192,333.313,SF-P3O-NoDual,Walker2d-v4,3
212008,reward,2392,292.80352806179593,324.308,SF-P3O-NoDual,Walker2d-v4,3
212155,reward,2393,54.893086408486994,289.462,SF-P3O-NoDual,Walker2d-v4,3
212314,reward,2394,272.5237853845054,264.243,SF-P3O-NoDual,Walker2d-v4,3
212446,reward,2395,231.91845491353828,258.776,SF-P3O-NoDual,Walker2d-v4,3
212623,reward,2396,302.67697802611764,258.281,SF-P3O-NoDual,Walker2d-v4,3
212951,reward,2397,425.49680024933735,291.112,SF-P3O-NoDual,Walker2d-v4,3
212992,loss,0.1633942723274231,1.0304142236709595,SF-P3O-NoDual,Walker2d-v4,3
212992,diagnostics,0.0,29.41,71.8299,0.044366,0.964773,-1.0,0.104912,SF-P3O-NoDual,Walker2d-v4,3
213064,reward,2398,220.81376936050737,269.938,SF-P3O-NoDual,Walker2d-v4,3
213329,reward,2399,407.2905235907202,278.336,SF-P3O-NoDual,Walker2d-v4,3
213495,reward,2400,278.57492004099134,276.426,SF-P3O-NoDual,Walker2d-v4,3
213628,reward,2401,235.30740595346163,272.23,SF-P3O-NoDual,Walker2d-v4,3
213808,reward,2402,87.61673240788954,251.711,SF-P3O-NoDual,Walker2d-v4,3
213972,reward,2403,284.9001518116632,274.712,SF-P3O-NoDual,Walker2d-v4,3
214128,reward,2404,286.4586786076688,276.105,SF-P3O-NoDual,Walker2d-v4,3
214285,reward,2405,275.9379251242055,280.507,SF-P3O-NoDual,Walker2d-v4,3
214419,reward,2406,244.20626884698987,274.66,SF-P3O-NoDual,Walker2d-v4,3
214673,reward,2407,430.9700539496896,275.208,SF-P3O-NoDual,Walker2d-v4,3
214827,reward,2408,250.56244166860725,278.183,SF-P3O-NoDual,Walker2d-v4,3
214961,reward,2409,266.7171336313304,264.125,SF-P3O-NoDual,Walker2d-v4,3
215072,reward,2410,113.94185834024805,247.662,SF-P3O-NoDual,Walker2d-v4,3
215310,reward,2411,341.3524025950214,258.266,SF-P3O-NoDual,Walker2d-v4,3
215585,reward,2412,331.88854551866626,282.694,SF-P3O-NoDual,Walker2d-v4,3
215741,reward,2413,106.06784920539464,264.81,SF-P3O-NoDual,Walker2d-v4,3
215932,reward,2414,286.32665167185866,264.797,SF-P3O-NoDual,Walker2d-v4,3
216195,reward,2415,359.24879689813565,273.128,SF-P3O-NoDual,Walker2d-v4,3
216359,reward,2416,298.9470079329365,278.602,SF-P3O-NoDual,Walker2d-v4,3
216459,reward,2417,182.94028603477568,253.799,SF-P3O-NoDual,Walker2d-v4,3
216659,reward,2418,348.33913716708673,263.577,SF-P3O-NoDual,Walker2d-v4,3
216883,reward,2419,370.669598050068,273.972,SF-P3O-NoDual,Walker2d-v4,3
217084,reward,2420,312.8102750699679,293.859,SF-P3O-NoDual,Walker2d-v4,3
217274,reward,2421,360.1554125178579,295.739,SF-P3O-NoDual,Walker2d-v4,3
217504,reward,2422,393.02128629481433,301.853,SF-P3O-NoDual,Walker2d-v4,3
217729,reward,2423,133.19431540100524,304.565,SF-P3O-NoDual,Walker2d-v4,3
217911,reward,2424,297.1489417506308,305.648,SF-P3O-NoDual,Walker2d-v4,3
218076,reward,2425,280.8778278996846,297.81,SF-P3O-NoDual,Walker2d-v4,3
218192,reward,2426,228.10463329094935,290.726,SF-P3O-NoDual,Walker2d-v4,3
218301,reward,2427,199.60811105971004,292.393,SF-P3O-NoDual,Walker2d-v4,3
218473,reward,2428,276.19886555921437,285.179,SF-P3O-NoDual,Walker2d-v4,3
218603,reward,2429,280.6578709154026,276.178,SF-P3O-NoDual,Walker2d-v4,3
218769,reward,2430,316.6510433286703,276.562,SF-P3O-NoDual,Walker2d-v4,3
219011,reward,2431,369.23123471623757,277.469,SF-P3O-NoDual,Walker2d-v4,3
219166,reward,2432,284.70889947105843,266.638,SF-P3O-NoDual,Walker2d-v4,3
219325,reward,2433,271.8776647402874,280.507,SF-P3O-NoDual,Walker2d-v4,3
219491,reward,2434,312.24440610557104,282.016,SF-P3O-NoDual,Walker2d-v4,3
219682,reward,2435,312.05186366752076,285.133,SF-P3O-NoDual,Walker2d-v4,3
219828,reward,2436,279.86907445571234,290.31,SF-P3O-NoDual,Walker2d-v4,3
219935,reward,2437,203.96300853153508,290.745,SF-P3O-NoDual,Walker2d-v4,3
220000,speed,1026.73,3.82,SF-P3O-NoDual,Walker2d-v4,3
220001,spectral,0.044366,0.964773,-1.0,SF-P3O-NoDual,Walker2d-v4,3
220037,reward,2438,180.0953822459429,281.135,SF-P3O-NoDual,Walker2d-v4,3
220248,reward,2439,353.15077178928124,288.384,SF-P3O-NoDual,Walker2d-v4,3
220524,reward,2440,463.3840528741687,303.058,SF-P3O-NoDual,Walker2d-v4,3
220643,reward,2441,233.33816791196637,289.468,SF-P3O-NoDual,Walker2d-v4,3
220843,reward,2442,328.3495338555929,293.832,SF-P3O-NoDual,Walker2d-v4,3
221152,reward,2443,373.62654982349335,304.007,SF-P3O-NoDual,Walker2d-v4,3
221184,loss,-0.07683596760034561,0.6404474973678589,SF-P3O-NoDual,Walker2d-v4,3
221279,reward,2444,246.8216406206762,297.465,SF-P3O-NoDual,Walker2d-v4,3
221425,reward,2445,246.45472607192576,290.905,SF-P3O-NoDual,Walker2d-v4,3
221590,reward,2446,298.28507510700643,292.747,SF-P3O-NoDual,Walker2d-v4,3
221876,reward,2447,407.98995032729295,313.15,SF-P3O-NoDual,Walker2d-v4,3
222077,reward,2448,334.26293038085225,328.566,SF-P3O-NoDual,Walker2d-v4,3
222304,reward,2449,358.0993158773951,329.061,SF-P3O-NoDual,Walker2d-v4,3
222412,reward,2450,194.78835223837908,302.202,SF-P3O-NoDual,Walker2d-v4,3
222630,reward,2451,425.4243924831677,321.41,SF-P3O-NoDual,Walker2d-v4,3
222791,reward,2452,297.2000404534455,318.295,SF-P3O-NoDual,Walker2d-v4,3
222901,reward,2453,197.18546076807527,300.651,SF-P3O-NoDual,Walker2d-v4,3
223085,reward,2454,350.9732002328244,311.066,SF-P3O-NoDual,Walker2d-v4,3
223250,reward,2455,316.25470591556063,318.046,SF-P3O-NoDual,Walker2d-v4,3
223427,reward,2456,295.88360237584754,317.806,SF-P3O-NoDual,Walker2d-v4,3
223594,reward,2457,324.1374616193674,309.421,SF-P3O-NoDual,Walker2d-v4,3
223869,reward,2458,405.4842981078378,316.543,SF-P3O-NoDual,Walker2d-v4,3
224033,reward,2459,280.1232451228539,308.745,SF-P3O-NoDual,Walker2d-v4,3
224169,reward,2460,253.20397547691164,314.587,SF-P3O-NoDual,Walker2d-v4,3
224357,reward,2461,109.78100553423327,283.023,SF-P3O-NoDual,Walker2d-v4,3
224485,reward,2462,231.6877867612971,276.471,SF-P3O-NoDual,Walker2d-v4,3
224683,reward,2463,151.98108520787446,271.951,SF-P3O-NoDual,Walker2d-v4,3
224898,reward,2464,335.8234447783232,270.436,SF-P3O-NoDual,Walker2d-v4,3
225078,reward,2465,334.14439743125456,272.225,SF-P3O-NoDual,Walker2d-v4,3
225269,reward,2466,322.65416632951644,274.902,SF-P3O-NoDual,Walker2d-v4,3
225484,reward,2467,360.4972973235367,278.538,SF-P3O-NoDual,Walker2d-v4,3
225682,reward,2468,333.4575742979473,271.335,SF-P3O-NoDual,Walker2d-v4,3
225950,reward,2469,423.2109525213304,285.644,SF-P3O-NoDual,Walker2d-v4,3
226258,reward,2470,446.85129871127896,305.009,SF-P3O-NoDual,Walker2d-v4,3
226439,reward,2471,304.0586848025562,324.437,SF-P3O-NoDual,Walker2d-v4,3
226662,reward,2472,357.56420056651075,337.024,SF-P3O-NoDual,Walker2d-v4,3
226894,reward,2473,363.8455484620452,358.211,SF-P3O-NoDual,Walker2d-v4,3
227067,reward,2474,310.6529837917123,355.694,SF-P3O-NoDual,Walker2d-v4,3
227292,reward,2475,323.1715907264343,354.596,SF-P3O-NoDual,Walker2d-v4,3
227472,reward,2476,339.1859995695876,356.25,SF-P3O-NoDual,Walker2d-v4,3
227623,reward,2477,265.41076840132814,346.741,SF-P3O-NoDual,Walker2d-v4,3
227795,reward,2478,321.8421037596638,345.579,SF-P3O-NoDual,Walker2d-v4,3
227924,reward,2479,56.28151245831981,308.886,SF-P3O-NoDual,Walker2d-v4,3
227978,reward,2480,45.92111186593484,268.793,SF-P3O-NoDual,Walker2d-v4,3
228121,reward,2481,265.9391670229252,264.981,SF-P3O-NoDual,Walker2d-v4,3
228355,reward,2482,408.7681953041413,270.102,SF-P3O-NoDual,Walker2d-v4,3
228540,reward,2483,264.4337941629599,260.161,SF-P3O-NoDual,Walker2d-v4,3
228661,reward,2484,217.1215387734308,250.808,SF-P3O-NoDual,Walker2d-v4,3
228838,reward,2485,330.30822210386714,251.521,SF-P3O-NoDual,Walker2d-v4,3
229015,reward,2486,289.1499199954819,246.518,SF-P3O-NoDual,Walker2d-v4,3
229218,reward,2487,336.40502835600637,253.617,SF-P3O-NoDual,Walker2d-v4,3
229376,loss,0.03094872459769249,0.6670589447021484,SF-P3O-NoDual,Walker2d-v4,3
229376,diagnostics,0.0,30.01,43.5863,0.048636,0.963523,-1.0,0.097634,SF-P3O-NoDual,Walker2d-v4,3
229390,reward,2488,315.2685369521867,252.96,SF-P3O-NoDual,Walker2d-v4,3
229658,reward,2489,448.5654113067597,292.188,SF-P3O-NoDual,Walker2d-v4,3
229770,reward,2490,60.42351981941381,293.638,SF-P3O-NoDual,Walker2d-v4,3
229914,reward,2491,253.69360134704786,292.414,SF-P3O-NoDual,Walker2d-v4,3
230000,speed,705.58,4.06,SF-P3O-NoDual,Walker2d-v4,3
230001,spectral,0.048636,0.963523,-1.0,SF-P3O-NoDual,Walker2d-v4,3
230283,reward,2492,440.0367802909228,295.541,SF-P3O-NoDual,Walker2d-v4,3
230423,reward,2493,232.76788621770464,292.374,SF-P3O-NoDual,Walker2d-v4,3
230598,reward,2494,286.7978413666162,299.342,SF-P3O-NoDual,Walker2d-v4,3
230798,reward,2495,322.6415204205173,298.575,SF-P3O-NoDual,Walker2d-v4,3
230984,reward,2496,114.73536391318407,281.134,SF-P3O-NoDual,Walker2d-v4,3
231300,reward,2497,480.02839312558416,295.496,SF-P3O-NoDual,Walker2d-v4,3
231449,reward,2498,252.70022651998423,289.239,SF-P3O-NoDual,Walker2d-v4,3
231636,reward,2499,320.7653864599888,276.459,SF-P3O-NoDual,Walker2d-v4,3
231758,reward,2500,237.0948871668592,294.126,SF-P3O-NoDual,Walker2d-v4,3
231959,reward,2501,364.093667595096,305.166,SF-P3O-NoDual,Walker2d-v4,3
232114,reward,2502,278.0774583303055,288.97,SF-P3O-NoDual,Walker2d-v4,3
232290,reward,2503,302.7754354414809,295.971,SF-P3O-NoDual,Walker2d-v4,3
232504,reward,2504,138.51151641423093,281.142,SF-P3O-NoDual,Walker2d-v4,3
232692,reward,2505,347.237885934604,283.602,SF-P3O-NoDual,Walker2d-v4,3
232801,reward,2506,40.937034061991966,276.222,SF-P3O-NoDual,Walker2d-v4,3
232973,reward,2507,313.92485834953004,259.612,SF-P3O-NoDual,Walker2d-v4,3
233068,reward,2508,194.5870471907662,253.801,SF-P3O-NoDual,Walker2d-v4,3
233254,reward,2509,312.9119566230105,253.015,SF-P3O-NoDual,Walker2d-v4,3
233445,reward,2510,377.16034305945965,267.022,SF-P3O-NoDual,Walker2d-v4,3
233579,reward,2511,260.96323799926864,256.709,SF-P3O-NoDual,Walker2d-v4,3
233721,reward,2512,247.03973492074954,253.605,SF-P3O-NoDual,Walker2d-v4,3
233940,reward,2513,100.94445609916477,233.422,SF-P3O-NoDual,Walker2d-v4,3
234107,reward,2514,271.48105096664614,246.719,SF-P3O-NoDual,Walker2d-v4,3
234321,reward,2515,356.66794448046676,247.662,SF-P3O-NoDual,Walker2d-v4,3
234703,reward,2516,483.94782409643994,291.963,SF-P3O-NoDual,Walker2d-v4,3
234934,reward,2517,350.91900168098726,295.662,SF-P3O-NoDual,Walker2d-v4,3
235085,reward,2518,261.9963699676001,302.403,SF-P3O-NoDual,Walker2d-v4,3
235218,reward,2519,242.44168997513114,295.356,SF-P3O-NoDual,Walker2d-v4,3
235352,reward,2520,249.931211308615,282.633,SF-P3O-NoDual,Walker2d-v4,3
235517,reward,2521,287.3882149636162,285.276,SF-P3O-NoDual,Walker2d-v4,3
235691,reward,2522,292.386692804746,289.81,SF-P3O-NoDual,Walker2d-v4,3
235882,reward,2523,331.2289378879967,312.839,SF-P3O-NoDual,Walker2d-v4,3
236026,reward,2524,260.213119777116,311.712,SF-P3O-NoDual,Walker2d-v4,3
236135,reward,2525,220.25702381071264,298.071,SF-P3O-NoDual,Walker2d-v4,3
236284,reward,2526,277.86110422750653,277.462,SF-P3O-NoDual,Walker2d-v4,3
236537,reward,2527,361.18773058591074,278.489,SF-P3O-NoDual,Walker2d-v4,3
236749,reward,2528,373.71690310952795,289.661,SF-P3O-NoDual,Walker2d-v4,3
236896,reward,2529,269.10796710164044,292.328,SF-P3O-NoDual,Walker2d-v4,3
237083,reward,2530,339.62011411876495,301.297,SF-P3O-NoDual,Walker2d-v4,3
237245,reward,2531,262.217680004684,298.78,SF-P3O-NoDual,Walker2d-v4,3
237436,reward,2532,313.71904064706786,300.913,SF-P3O-NoDual,Walker2d-v4,3
237568,loss,-0.05919910594820976,0.574333131313324,SF-P3O-NoDual,Walker2d-v4,3
237572,reward,2533,264.9312495244849,294.283,SF-P3O-NoDual,Walker2d-v4,3
237742,reward,2534,311.13160461478327,299.375,SF-P3O-NoDual,Walker2d-v4,3
238004,reward,2535,430.5431746437929,320.404,SF-P3O-NoDual,Walker2d-v4,3
238140,reward,2536,209.65419870845184,313.583,SF-P3O-NoDual,Walker2d-v4,3
238316,reward,2537,311.8316882259851,308.647,SF-P3O-NoDual,Walker2d-v4,3
238493,reward,2538,330.0652578290949,304.282,SF-P3O-NoDual,Walker2d-v4,3
238715,reward,2539,372.1610304169265,314.588,SF-P3O-NoDual,Walker2d-v4,3
238899,reward,2540,314.2397783603145,312.049,SF-P3O-NoDual,Walker2d-v4,3
239075,reward,2541,331.81616315320264,319.009,SF-P3O-NoDual,Walker2d-v4,3
239231,reward,2542,278.3963969458107,315.477,SF-P3O-NoDual,Walker2d-v4,3
239433,reward,2543,327.90971740509207,321.775,SF-P3O-NoDual,Walker2d-v4,3
239628,reward,2544,370.36740585198174,327.698,SF-P3O-NoDual,Walker2d-v4,3
239915,reward,2545,487.13163681501254,333.357,SF-P3O-NoDual,Walker2d-v4,3
240000,speed,993.0,4.23,SF-P3O-NoDual,Walker2d-v4,3
240001,spectral,0.050634,0.962934,-1.0,SF-P3O-NoDual,Walker2d-v4,3
240081,reward,2546,292.3588561186801,341.628,SF-P3O-NoDual,Walker2d-v4,3
240237,reward,2547,288.2587851747991,339.271,SF-P3O-NoDual,Walker2d-v4,3
240459,reward,2548,345.96544109598625,340.861,SF-P3O-NoDual,Walker2d-v4,3
240722,reward,2549,405.8823296045099,344.233,SF-P3O-NoDual,Walker2d-v4,3
240935,reward,2550,359.8497840857792,348.794,SF-P3O-NoDual,Walker2d-v4,3
241093,reward,2551,297.17244019253627,345.329,SF-P3O-NoDual,Walker2d-v4,3
241308,reward,2552,344.6559796949953,351.955,SF-P3O-NoDual,Walker2d-v4,3
241474,reward,2553,309.74560477813213,350.139,SF-P3O-NoDual,Walker2d-v4,3
241717,reward,2554,440.4037448947847,357.142,SF-P3O-NoDual,Walker2d-v4,3
241882,reward,2555,343.94317276456536,342.824,SF-P3O-NoDual,Walker2d-v4,3
242008,reward,2556,59.84562804910699,319.572,SF-P3O-NoDual,Walker2d-v4,3
242190,reward,2557,310.9541450180279,321.842,SF-P3O-NoDual,Walker2d-v4,3
242389,reward,2558,356.02517285671513,322.848,SF-P3O-NoDual,Walker2d-v4,3
242596,reward,2559,387.17730394544037,320.977,SF-P3O-NoDual,Walker2d-v4,3
242747,reward,2560,301.63403239673505,315.156,SF-P3O-NoDual,Walker2d-v4,3
242908,reward,2561,319.04953941397616,317.343,SF-P3O-NoDual,Walker2d-v4,3
243096,reward,2562,307.7491943779459,313.653,SF-P3O-NoDual,Walker2d-v4,3
243268,reward,2563,308.2586416861458,313.504,SF-P3O-NoDual,Walker2d-v4,3
243468,reward,2564,321.6751724911406,301.631,SF-P3O-NoDual,Walker2d-v4,3
243695,reward,2565,361.52235745545806,303.389,SF-P3O-NoDual,Walker2d-v4,3
243879,reward,2566,328.368253451802,330.241,SF-P3O-NoDual,Walker2d-v4,3
244037,reward,2567,319.8121285799819,331.127,SF-P3O-NoDual,Walker2d-v4,3
244144,reward,2568,185.0238460801642,314.027,SF-P3O-NoDual,Walker2d-v4,3
244310,reward,2569,332.0751018385991,308.517,SF-P3O-NoDual,Walker2d-v4,3
244470,reward,2570,288.5649581219294,307.21,SF-P3O-NoDual,Walker2d-v4,3
245177,reward,2571,523.7849822253501,327.683,SF-P3O-NoDual,Walker2d-v4,3
245311,reward,2572,257.72704612947814,322.681,SF-P3O-NoDual,Walker2d-v4,3
245513,reward,2573,365.2235901099434,328.378,SF-P3O-NoDual,Walker2d-v4,3
245661,reward,2574,283.420449073058,324.552,SF-P3O-NoDual,Walker2d-v4,3
245760,loss,0.022680271416902542,0.5490052700042725,SF-P3O-NoDual,Walker2d-v4,3
245760,diagnostics,0.0,30.54,28.5131,0.052369,0.962366,-1.0,0.096305,SF-P3O-NoDual,Walker2d-v4,3
245866,reward,2575,337.826368244289,322.183,SF-P3O-NoDual,Walker2d-v4,3
246064,reward,2576,390.69314279366336,328.415,SF-P3O-NoDual,Walker2d-v4,3
246265,reward,2577,330.02549764640065,329.436,SF-P3O-NoDual,Walker2d-v4,3
246388,reward,2578,221.9253889970041,333.127,SF-P3O-NoDual,Walker2d-v4,3
246585,reward,2579,265.05295956997327,326.424,SF-P3O-NoDual,Walker2d-v4,3
246722,reward,2580,271.9259727816124,324.761,SF-P3O-NoDual,Walker2d-v4,3
246939,reward,2581,394.65811506371887,311.848,SF-P3O-NoDual,Walker2d-v4,3
247125,reward,2582,336.9637763629912,319.772,SF-P3O-NoDual,Walker2d-v4,3
247273,reward,2583,249.32809657170503,308.182,SF-P3O-NoDual,Walker2d-v4,3
247458,reward,2584,329.2717115194141,312.767,SF-P3O-NoDual,Walker2d-v4,3
247587,reward,2585,216.34674406503024,300.619,SF-P3O-NoDual,Walker2d-v4,3
247959,reward,2586,268.2758907262151,288.377,SF-P3O-NoDual,Walker2d-v4,3
248141,reward,2587,333.94951486079964,288.77,SF-P3O-NoDual,Walker2d-v4,3
248189,reward,2588,40.96404356678279,270.674,SF-P3O-NoDual,Walker2d-v4,3
248340,reward,2589,285.1027787533333,272.679,SF-P3O-NoDual,Walker2d-v4,3
248544,reward,2590,349.6586177893384,280.452,SF-P3O-NoDual,Walker2d-v4,3
248726,reward,2591,281.7132491485459,269.157,SF-P3O-NoDual,Walker2d-v4,3
248956,reward,2592,389.48480487071487,274.41,SF-P3O-NoDual,Walker2d-v4,3
249116,reward,2593,256.5920064418616,275.136,SF-P3O-NoDual,Walker2d-v4,3
249291,reward,2594,283.7364153531882,270.582,SF-P3O-NoDual,Walker2d-v4,3
249607,reward,2595,212.4396891942724,270.192,SF-P3O-NoDual,Walker2d-v4,3
249842,reward,2596,395.7103959486076,282.935,SF-P3O-NoDual,Walker2d-v4,3
249996,reward,2597,271.02577024604227,276.643,SF-P3O-NoDual,Walker2d-v4,3
250000,speed,1044.38,4.39,SF-P3O-NoDual,Walker2d-v4,3
250001,spectral,0.052369,0.962366,-1.0,SF-P3O-NoDual,Walker2d-v4,3
250171,reward,2598,320.2925526797228,304.576,SF-P3O-NoDual,Walker2d-v4,3
250400,reward,2599,374.7055486722711,313.536,SF-P3O-NoDual,Walker2d-v4,3
250572,reward,2600,310.1172227989326,309.582,SF-P3O-NoDual,Walker2d-v4,3
250753,reward,2601,314.9004032306132,312.9,SF-P3O-NoDual,Walker2d-v4,3
250879,reward,2602,233.93922163379187,297.346,SF-P3O-NoDual,Walker2d-v4,3
251089,reward,2603,320.15108253116745,303.702,SF-P3O-NoDual,Walker2d-v4,3
251301,reward,2604,382.4244591355923,313.571,SF-P3O-NoDual,Walker2d-v4,3
251458,reward,2605,298.0606780662167,322.133,SF-P3O-NoDual,Walker2d-v4,3
251576,reward,2606,221.19243726459658,304.681,SF-P3O-NoDual,Walker2d-v4,3
251759,reward,2607,309.80146781354546,308.559,SF-P3O-NoDual,Walker2d-v4,3
251988,reward,2608,432.983447259984,319.828,SF-P3O-NoDual,Walker2d-v4,3
252163,reward,2609,334.4011283915661,315.797,SF-P3O-NoDual,Walker2d-v4,3
252333,reward,2610,311.11892792146375,315.897,SF-P3O-NoDual,Walker2d-v4,3
252517,reward,2611,349.2859072065705,319.336,SF-P3O-NoDual,Walker2d-v4,3
252692,reward,2612,300.8638326310932,326.028,SF-P3O-NoDual,Walker2d-v4,3
252902,reward,2613,389.31533551859144,332.945,SF-P3O-NoDual,Walker2d-v4,3
253077,reward,2614,340.5344953853085,328.756,SF-P3O-NoDual,Walker2d-v4,3
253264,reward,2615,322.3462177343801,331.184,SF-P3O-NoDual,Walker2d-v4,3
253473,reward,2616,385.56407032167687,347.621,SF-P3O-NoDual,Walker2d-v4,3
253613,reward,2617,293.1382352864475,345.955,SF-P3O-NoDual,Walker2d-v4,3
253741,reward,2618,211.618176488031,323.819,SF-P3O-NoDual,Walker2d-v4,3
253891,reward,2619,253.74731411836552,315.753,SF-P3O-NoDual,Walker2d-v4,3
253952,loss,-0.02578181028366089,0.5590677857398987,SF-P3O-NoDual,Walker2d-v4,3
254037,reward,2620,258.76787730984523,310.518,SF-P3O-NoDual,Walker2d-v4,3
254207,reward,2621,308.3595711957998,306.426,SF-P3O-NoDual,Walker2d-v4,3
254348,reward,2622,281.30174162304166,304.469,SF-P3O-NoDual,Walker2d-v4,3
254502,reward,2623,293.73609454440714,294.911,SF-P3O-NoDual,Walker2d-v4,3
254654,reward,2624,249.71344418991157,285.829,SF-P3O-NoDual,Walker2d-v4,3
254790,reward,2625,232.76592859668045,276.871,SF-P3O-NoDual,Walker2d-v4,3
254976,reward,2626,340.36129997354226,272.351,SF-P3O-NoDual,Walker2d-v4,3
255067,reward,2627,155.71308999920166,258.608,SF-P3O-NoDual,Walker2d-v4,3
255471,reward,2628,450.82295931542393,282.529,SF-P3O-NoDual,Walker2d-v4,3
255651,reward,2629,308.6607606887738,288.02,SF-P3O-NoDual,Walker2d-v4,3
255760,reward,2630,70.26231008670867,269.17,SF-P3O-NoDual,Walker2d-v4,3
255948,reward,2631,350.4909243846707,273.383,SF-P3O-NoDual,Walker2d-v4,3
256112,reward,2632,298.769702047603,275.13,SF-P3O-NoDual,Walker2d-v4,3
256272,reward,2633,292.8731780987552,275.043,SF-P3O-NoDual,Walker2d-v4,3
256470,reward,2634,391.4268377438571,289.215,SF-P3O-NoDual,Walker2d-v4,3
256906,reward,2635,522.6553787356434,318.204,SF-P3O-NoDual,Walker2d-v4,3
257096,reward,2636,335.3261245010612,317.7,SF-P3O-NoDual,Walker2d-v4,3
257307,reward,2637,367.22874488717395,338.852,SF-P3O-NoDual,Walker2d-v4,3
257545,reward,2638,400.8535090084223,333.855,SF-P3O-NoDual,Walker2d-v4,3
257790,reward,2639,420.7523825711723,345.064,SF-P3O-NoDual,Walker2d-v4,3
257972,reward,2640,311.43298904432265,369.181,SF-P3O-NoDual,Walker2d-v4,3
258124,reward,2641,303.51156910287534,364.483,SF-P3O-NoDual,Walker2d-v4,3
258294,reward,2642,282.60996993026725,362.867,SF-P3O-NoDual,Walker2d-v4,3
258437,reward,2643,280.762065319332,361.656,SF-P3O-NoDual,Walker2d-v4,3
258642,reward,2644,375.1395404242273,360.027,SF-P3O-NoDual,Walker2d-v4,3
258858,reward,2645,401.3622921919922,347.898,SF-P3O-NoDual,Walker2d-v4,3
259100,reward,2646,428.7890672837165,357.244,SF-P3O-NoDual,Walker2d-v4,3
259393,reward,2647,212.27095242991547,341.748,SF-P3O-NoDual,Walker2d-v4,3
259613,reward,2648,315.37963422847366,333.201,SF-P3O-NoDual,Walker2d-v4,3
259822,reward,2649,383.56766330687464,329.483,SF-P3O-NoDual,Walker2d-v4,3
259992,reward,2650,337.4778219602293,332.087,SF-P3O-NoDual,Walker2d-v4,3
260000,speed,1013.39,4.55,SF-P3O-NoDual,Walker2d-v4,3
260001,perturb,0.054083,0.961921,-1.0,136108,864,1.084194,2,SF-P3O-NoDual,Walker2d-v4,3
260139,reward,2651,310.2306382130913,332.759,SF-P3O-NoDual,Walker2d-v4,3
260292,reward,2652,260.03584531017026,330.502,SF-P3O-NoDual,Walker2d-v4,3
260417,reward,2653,77.15083833170111,310.14,SF-P3O-NoDual,Walker2d-v4,3
260583,reward,2654,320.94913858279017,304.721,SF-P3O-NoDual,Walker2d-v4,3
260768,reward,2655,306.8058483238805,295.266,SF-P3O-NoDual,Walker2d-v4,3
260929,reward,2656,310.15321377642994,283.402,SF-P3O-NoDual,Walker2d-v4,3
261064,reward,2657,256.32164633948514,287.807,SF-P3O-NoDual,Walker2d-v4,3
261409,reward,2658,464.0658667302743,302.676,SF-P3O-NoDual,Walker2d-v4,3
261567,reward,2659,322.86028978498535,296.605,SF-P3O-NoDual,Walker2d-v4,3
261758,reward,2660,355.58925513484525,298.416,SF-P3O-NoDual,Walker2d-v4,3
262072,reward,2661,464.1957916803269,313.813,SF-P3O-NoDual,Walker2d-v4,3
262144,loss,0.009593766182661057,0.9276891350746155,SF-P3O-NoDual,Walker2d-v4,3
262144,diagnostics,0.0,31.14,39.3932,0.050044,0.962992,-1.0,0.104843,SF-P3O-NoDual,Walker2d-v4,3
262391,reward,2662,449.27417900574284,332.737,SF-P3O-NoDual,Walker2d-v4,3
262662,reward,2663,452.6119732946606,370.283,SF-P3O-NoDual,Walker2d-v4,3
262833,reward,2664,346.8304346704903,372.871,SF-P3O-NoDual,Walker2d-v4,3
262993,reward,2665,295.91986129960986,371.782,SF-P3O-NoDual,Walker2d-v4,3
263159,reward,2666,309.00467543652485,371.667,SF-P3O-NoDual,Walker2d-v4,3
263319,reward,2667,296.1200857023837,375.647,SF-P3O-NoDual,Walker2d-v4,3
263494,reward,2668,319.24826310314876,361.165,SF-P3O-NoDual,Walker2d-v4,3
263652,reward,2669,284.7651285090698,357.356,SF-P3O-NoDual,Walker2d-v4,3
263842,reward,2670,338.3639886710795,355.633,SF-P3O-NoDual,Walker2d-v4,3
264003,reward,2671,338.68793078085787,343.083,SF-P3O-NoDual,Walker2d-v4,3
264161,reward,2672,299.5800294584034,328.113,SF-P3O-NoDual,Walker2d-v4,3
264320,reward,2673,270.476833416907,309.9,SF-P3O-NoDual,Walker2d-v4,3
264459,reward,2674,263.172803267001,301.534,SF-P3O-NoDual,Walker2d-v4,3
264614,reward,2675,309.9507967973143,302.937,SF-P3O-NoDual,Walker2d-v4,3
264855,reward,2676,364.3207276264091,308.469,SF-P3O-NoDual,Walker2d-v4,3
264980,reward,2677,226.90080189949953,301.547,SF-P3O-NoDual,Walker2d-v4,3
265181,reward,2678,350.3557021443692,304.657,SF-P3O-NoDual,Walker2d-v4,3
265339,reward,2679,295.98585249729285,305.78,SF-P3O-NoDual,Walker2d-v4,3
265515,reward,2680,340.076793203022,305.951,SF-P3O-NoDual,Walker2d-v4,3
265770,reward,2681,405.9091323433112,312.673,SF-P3O-NoDual,Walker2d-v4,3
265898,reward,2682,242.40431528946613,306.955,SF-P3O-NoDual,Walker2d-v4,3
266062,reward,2683,285.51078390451255,308.459,SF-P3O-NoDual,Walker2d-v4,3
266256,reward,2684,333.96874307209646,315.538,SF-P3O-NoDual,Walker2d-v4,3
266616,reward,2685,460.571090872469,330.6,SF-P3O-NoDual,Walker2d-v4,3
266816,reward,2686,342.083613875663,328.377,SF-P3O-NoDual,Walker2d-v4,3
266981,reward,2687,322.6157653514547,337.948,SF-P3O-NoDual,Walker2d-v4,3
267157,reward,2688,326.0631944760206,335.519,SF-P3O-NoDual,Walker2d-v4,3
267322,reward,2689,315.52348003538145,337.473,SF-P3O-NoDual,Walker2d-v4,3
267469,reward,2690,261.0555629031125,329.571,SF-P3O-NoDual,Walker2d-v4,3
267647,reward,2691,354.9587153890578,324.476,SF-P3O-NoDual,Walker2d-v4,3
267943,reward,2692,428.57640438678123,343.093,SF-P3O-NoDual,Walker2d-v4,3
268057,reward,2693,227.22225168469717,337.264,SF-P3O-NoDual,Walker2d-v4,3
268202,reward,2694,266.9944096688518,330.566,SF-P3O-NoDual,Walker2d-v4,3
268348,reward,2695,260.4654032852589,310.556,SF-P3O-NoDual,Walker2d-v4,3
268497,reward,2696,276.43978380248456,303.991,SF-P3O-NoDual,Walker2d-v4,3
268776,reward,2697,403.5042683795453,312.08,SF-P3O-NoDual,Walker2d-v4,3
268969,reward,2698,313.7598824932898,310.85,SF-P3O-NoDual,Walker2d-v4,3
269166,reward,2699,342.9773660495965,313.595,SF-P3O-NoDual,Walker2d-v4,3
269228,reward,2700,60.21041004285985,293.511,SF-P3O-NoDual,Walker2d-v4,3
269447,reward,2701,344.6318072399626,292.478,SF-P3O-NoDual,Walker2d-v4,3
269605,reward,2702,290.43918649456094,278.664,SF-P3O-NoDual,Walker2d-v4,3
269779,reward,2703,286.53228651122157,284.595,SF-P3O-NoDual,Walker2d-v4,3
269947,reward,2704,126.41293680750557,270.537,SF-P3O-NoDual,Walker2d-v4,3
270000,speed,1015.15,4.71,SF-P3O-NoDual,Walker2d-v4,3
270001,spectral,0.050044,0.962992,-1.0,SF-P3O-NoDual,Walker2d-v4,3
270136,reward,2705,353.4362647244351,279.834,SF-P3O-NoDual,Walker2d-v4,3
270336,loss,0.024913951754570007,0.6807982325553894,SF-P3O-NoDual,Walker2d-v4,3
270420,reward,2706,407.48027908488314,292.938,SF-P3O-NoDual,Walker2d-v4,3
270638,reward,2707,393.97488427542254,291.986,SF-P3O-NoDual,Walker2d-v4,3
270833,reward,2708,340.0740817994885,294.617,SF-P3O-NoDual,Walker2d-v4,3
271000,reward,2709,304.9369542555846,290.813,SF-P3O-NoDual,Walker2d-v4,3
271228,reward,2710,160.87971576351865,300.88,SF-P3O-NoDual,Walker2d-v4,3
271413,reward,2711,346.9147283724436,301.108,SF-P3O-NoDual,Walker2d-v4,3
271612,reward,2712,366.44423014565933,308.709,SF-P3O-NoDual,Walker2d-v4,3
271755,reward,2713,291.7788356201329,309.233,SF-P3O-NoDual,Walker2d-v4,3
271941,reward,2714,319.5863476382196,328.551,SF-P3O-NoDual,Walker2d-v4,3
272160,reward,2715,340.01115447658873,327.208,SF-P3O-NoDual,Walker2d-v4,3
272390,reward,2716,426.16596371465107,329.077,SF-P3O-NoDual,Walker2d-v4,3
272918,reward,2717,565.1849154472281,346.198,SF-P3O-NoDual,Walker2d-v4,3
273066,reward,2718,306.2507855790533,342.815,SF-P3O-NoDual,Walker2d-v4,3
273229,reward,2719,308.44249552745003,343.166,SF-P3O-NoDual,Walker2d-v4,3
273468,reward,2720,416.07004871025646,368.685,SF-P3O-NoDual,Walker2d-v4,3
273657,reward,2721,368.6684506093165,370.86,SF-P3O-NoDual,Walker2d-v4,3
273873,reward,2722,170.09990683319015,351.226,SF-P3O-NoDual,Walker2d-v4,3
274014,reward,2723,254.44831099624176,347.493,SF-P3O-NoDual,Walker2d-v4,3
274234,reward,2724,352.5218421120218,350.786,SF-P3O-NoDual,Walker2d-v4,3
274422,reward,2725,397.242127874297,356.509,SF-P3O-NoDual,Walker2d-v4,3
274591,reward,2726,335.6881796862153,347.462,SF-P3O-NoDual,Walker2d-v4,3
274719,reward,2727,267.7148337208789,317.715,SF-P3O-NoDual,Walker2d-v4,3
274873,reward,2728,275.66297675700207,314.656,SF-P3O-NoDual,Walker2d-v4,3
275082,reward,2729,354.41172258848275,319.253,SF-P3O-NoDual,Walker2d-v4,3
275123,reward,2730,35.77675289587739,281.224,SF-P3O-NoDual,Walker2d-v4,3
275314,reward,2731,358.9247977109316,280.249,SF-P3O-NoDual,Walker2d-v4,3
275517,reward,2732,312.95920723503866,294.535,SF-P3O-NoDual,Walker2d-v4,3
275683,reward,2733,339.7682698841622,303.067,SF-P3O-NoDual,Walker2d-v4,3
275862,reward,2734,273.9714718275622,295.212,SF-P3O-NoDual,Walker2d-v4,3
276020,reward,2735,288.2754019901229,284.315,SF-P3O-NoDual,Walker2d-v4,3
276074,reward,2736,39.506574785115234,254.697,SF-P3O-NoDual,Walker2d-v4,3
276225,reward,2737,316.7783032095373,259.604,SF-P3O-NoDual,Walker2d-v4,3
276400,reward,2738,333.9929273191114,265.437,SF-P3O-NoDual,Walker2d-v4,3
276610,reward,2739,363.8546208572058,266.381,SF-P3O-NoDual,Walker2d-v4,3
276802,reward,2740,343.40448174855527,297.144,SF-P3O-NoDual,Walker2d-v4,3
276979,reward,2741,331.7021269820986,294.421,SF-P3O-NoDual,Walker2d-v4,3
277133,reward,2742,293.7298878352317,292.498,SF-P3O-NoDual,Walker2d-v4,3
277305,reward,2743,298.7769141039603,288.399,SF-P3O-NoDual,Walker2d-v4,3
277469,reward,2744,303.5670502795438,291.359,SF-P3O-NoDual,Walker2d-v4,3
277631,reward,2745,288.8996596996461,291.421,SF-P3O-NoDual,Walker2d-v4,3
277833,reward,2746,367.0325675516157,324.174,SF-P3O-NoDual,Walker2d-v4,3
278027,reward,2747,318.2043954440131,324.316,SF-P3O-NoDual,Walker2d-v4,3
278188,reward,2748,290.47948526172326,319.965,SF-P3O-NoDual,Walker2d-v4,3
278368,reward,2749,342.612462958779,317.841,SF-P3O-NoDual,Walker2d-v4,3
278528,loss,-0.06539930403232574,0.6397459506988525,SF-P3O-NoDual,Walker2d-v4,3
278528,diagnostics,0.0,31.59,36.1541,0.053029,0.96217,-1.0,0.100347,SF-P3O-NoDual,Walker2d-v4,3
278659,reward,2750,485.0268144007864,332.003,SF-P3O-NoDual,Walker2d-v4,3
278855,reward,2751,326.34111247475835,331.467,SF-P3O-NoDual,Walker2d-v4,3
279053,reward,2752,363.61381689858956,338.455,SF-P3O-NoDual,Walker2d-v4,3
279204,reward,2753,274.18730199307265,335.996,SF-P3O-NoDual,Walker2d-v4,3
279375,reward,2754,287.19451667793703,334.359,SF-P3O-NoDual,Walker2d-v4,3
279562,reward,2755,366.62853101799493,342.132,SF-P3O-NoDual,Walker2d-v4,3
279687,reward,2756,217.80256896945684,327.209,SF-P3O-NoDual,Walker2d-v4,3
279826,reward,2757,309.9047744485763,326.379,SF-P3O-NoDual,Walker2d-v4,3
279979,reward,2758,302.38445507991946,327.57,SF-P3O-NoDual,Walker2d-v4,3
280000,speed,723.25,4.95,SF-P3O-NoDual,Walker2d-v4,3
280001,spectral,0.053029,0.96217,-1.0,SF-P3O-NoDual,Walker2d-v4,3
280121,reward,2759,279.88799977252773,321.297,SF-P3O-NoDual,Walker2d-v4,3
280369,reward,2760,387.034269490238,311.498,SF-P3O-NoDual,Walker2d-v4,3
280585,reward,2761,363.0002466792566,315.164,SF-P3O-NoDual,Walker2d-v4,3
280755,reward,2762,311.87722337084364,309.99,SF-P3O-NoDual,Walker2d-v4,3
280976,reward,2763,403.54855650609994,322.926,SF-P3O-NoDual,Walker2d-v4,3
281193,reward,2764,405.33216761531156,334.74,SF-P3O-NoDual,Walker2d-v4,3
281373,reward,2765,365.25837646330234,334.603,SF-P3O-NoDual,Walker2d-v4,3
281563,reward,2766,385.9960611527429,351.422,SF-P3O-NoDual,Walker2d-v4,3
281763,reward,2767,354.95107598492507,355.927,SF-P3O-NoDual,Walker2d-v4,3
281947,reward,2768,366.4216965303458,362.331,SF-P3O-NoDual,Walker2d-v4,3
282116,reward,2769,308.6715546590255,365.209,SF-P3O-NoDual,Walker2d-v4,3
282244,reward,2770,264.46583439031673,352.952,SF-P3O-NoDual,Walker2d-v4,3
282411,reward,2771,348.1370307572719,351.466,SF-P3O-NoDual,Walker2d-v4,3
282563,reward,2772,286.12056310342547,348.89,SF-P3O-NoDual,Walker2d-v4,3
282691,reward,2773,243.39026433968382,332.874,SF-P3O-NoDual,Walker2d-v4,3
282854,reward,2774,332.7251772615551,325.614,SF-P3O-NoDual,Walker2d-v4,3
282951,reward,2775,199.85785368761069,309.074,SF-P3O-NoDual,Walker2d-v4,3
283120,reward,2776,367.3213677136219,307.206,SF-P3O-NoDual,Walker2d-v4,3
283287,reward,2777,332.11597053186915,304.923,SF-P3O-NoDual,Walker2d-v4,3
283430,reward,2778,256.7044762608871,293.951,SF-P3O-NoDual,Walker2d-v4,3
283462,reward,2779,20.67267161570888,265.151,SF-P3O-NoDual,Walker2d-v4,3
283622,reward,2780,297.9940534012703,268.504,SF-P3O-NoDual,Walker2d-v4,3
283792,reward,2781,306.2850786896307,264.319,SF-P3O-NoDual,Walker2d-v4,3
283949,reward,2782,302.7763504839761,265.984,SF-P3O-NoDual,Walker2d-v4,3
284158,reward,2783,367.3715598694792,278.382,SF-P3O-NoDual,Walker2d-v4,3
284341,reward,2784,346.9540934708541,279.805,SF-P3O-NoDual,Walker2d-v4,3
284524,reward,2785,344.651378422894,294.285,SF-P3O-NoDual,Walker2d-v4,3
284695,reward,2786,360.4285240352996,293.595,SF-P3O-NoDual,Walker2d-v4,3
284894,reward,2787,398.05304370616,300.189,SF-P3O-NoDual,Walker2d-v4,3
285087,reward,2788,362.86890815659643,310.806,SF-P3O-NoDual,Walker2d-v4,3
285261,reward,2789,321.70816985722377,340.909,SF-P3O-NoDual,Walker2d-v4,3
285515,reward,2790,378.83898774208126,348.994,SF-P3O-NoDual,Walker2d-v4,3
285652,reward,2791,240.39454748263816,342.405,SF-P3O-NoDual,Walker2d-v4,3
285839,reward,2792,365.4977239082729,348.677,SF-P3O-NoDual,Walker2d-v4,3
286045,reward,2793,330.17776473920867,344.957,SF-P3O-NoDual,Walker2d-v4,3
286183,reward,2794,279.5271433681815,338.215,SF-P3O-NoDual,Walker2d-v4,3
286380,reward,2795,379.58629778595804,341.708,SF-P3O-NoDual,Walker2d-v4,3
286720,loss,0.023412737995386124,0.7818797826766968,SF-P3O-NoDual,Walker2d-v4,3
286722,reward,2796,469.2511484181903,352.59,SF-P3O-NoDual,Walker2d-v4,3
286962,reward,2797,432.8344433344745,356.069,SF-P3O-NoDual,Walker2d-v4,3
287129,reward,2798,299.1427343680298,349.696,SF-P3O-NoDual,Walker2d-v4,3
287286,reward,2799,309.57754378496156,348.483,SF-P3O-NoDual,Walker2d-v4,3
287427,reward,2800,299.3808901520268,340.537,SF-P3O-NoDual,Walker2d-v4,3
287598,reward,2801,336.0187701300579,350.099,SF-P3O-NoDual,Walker2d-v4,3
287705,reward,2802,205.6811981618692,334.118,SF-P3O-NoDual,Walker2d-v4,3
287911,reward,2803,396.3645104650114,340.736,SF-P3O-NoDual,Walker2d-v4,3
288070,reward,2804,295.2661966541664,342.31,SF-P3O-NoDual,Walker2d-v4,3
288273,reward,2805,362.66064834739296,340.618,SF-P3O-NoDual,Walker2d-v4,3
288449,reward,2806,333.58461728250495,327.051,SF-P3O-NoDual,Walker2d-v4,3
288599,reward,2807,273.2420597083557,311.092,SF-P3O-NoDual,Walker2d-v4,3
288755,reward,2808,313.04010820693395,312.482,SF-P3O-NoDual,Walker2d-v4,3
288932,reward,2809,337.5074308959005,315.275,SF-P3O-NoDual,Walker2d-v4,3
289125,reward,2810,341.5792540129634,319.494,SF-P3O-NoDual,Walker2d-v4,3
289283,reward,2811,298.9944702949738,315.792,SF-P3O-NoDual,Walker2d-v4,3
289349,reward,2812,58.35480313989669,301.059,SF-P3O-NoDual,Walker2d-v4,3
289561,reward,2813,325.7088000712953,293.994,SF-P3O-NoDual,Walker2d-v4,3
289819,reward,2814,450.03734882895924,309.471,SF-P3O-NoDual,Walker2d-v4,3
289972,reward,2815,275.1627021806626,300.721,SF-P3O-NoDual,Walker2d-v4,3
290000,speed,1054.91,5.1,SF-P3O-NoDual,Walker2d-v4,3
290001,spectral,0.054208,0.961808,-1.0,SF-P3O-NoDual,Walker2d-v4,3
290124,reward,2816,311.0485818645249,298.468,SF-P3O-NoDual,Walker2d-v4,3
290349,reward,2817,411.73971249817146,312.317,SF-P3O-NoDual,Walker2d-v4,3
290514,reward,2818,310.3305418043702,312.046,SF-P3O-NoDual,Walker2d-v4,3
290693,reward,2819,333.7435954171907,311.67,SF-P3O-NoDual,Walker2d-v4,3
291009,reward,2820,462.3558615910028,323.748,SF-P3O-NoDual,Walker2d-v4,3
291208,reward,2821,332.2147064215569,327.07,SF-P3O-NoDual,Walker2d-v4,3
291417,reward,2822,389.826070155609,360.217,SF-P3O-NoDual,Walker2d-v4,3
291655,reward,2823,380.01589525327097,365.648,SF-P3O-NoDual,Walker2d-v4,3
291785,reward,2824,268.2980894293535,347.474,SF-P3O-NoDual,Walker2d-v4,3
292006,reward,2825,344.24754325542773,354.382,SF-P3O-NoDual,Walker2d-v4,3
292168,reward,2826,265.05793709227396,349.783,SF-P3O-NoDual,Walker2d-v4,3
292325,reward,2827,281.6060514263537,336.77,SF-P3O-NoDual,Walker2d-v4,3
292531,reward,2828,364.6006600161886,342.197,SF-P3O-NoDual,Walker2d-v4,3
292718,reward,2829,343.99948434125577,343.222,SF-P3O-NoDual,Walker2d-v4,3
293019,reward,2830,475.4025957740796,344.527,SF-P3O-NoDual,Walker2d-v4,3
293222,reward,2831,397.5378816124862,351.059,SF-P3O-NoDual,Walker2d-v4,3
293462,reward,2832,406.6967040502009,352.746,SF-P3O-NoDual,Walker2d-v4,3
293653,reward,2833,320.7414838567661,346.819,SF-P3O-NoDual,Walker2d-v4,3
293888,reward,2834,434.9110190613994,363.48,SF-P3O-NoDual,Walker2d-v4,3
294074,reward,2835,321.98409297034533,361.254,SF-P3O-NoDual,Walker2d-v4,3
294238,reward,2836,322.4949607070042,366.997,SF-P3O-NoDual,Walker2d-v4,3
294392,reward,2837,297.72592005416897,368.609,SF-P3O-NoDual,Walker2d-v4,3
294561,reward,2838,317.9412192293591,363.944,SF-P3O-NoDual,Walker2d-v4,3
294789,reward,2839,421.8883369661708,371.732,SF-P3O-NoDual,Walker2d-v4,3
294912,loss,-0.0009071929380297661,0.745474636554718,SF-P3O-NoDual,Walker2d-v4,3
294912,diagnostics,0.0,31.97,28.278,0.055681,0.961355,-1.0,0.099711,SF-P3O-NoDual,Walker2d-v4,3
294935,reward,2840,288.3013213424649,353.022,SF-P3O-NoDual,Walker2d-v4,3
295159,reward,2841,146.25019397797843,327.894,SF-P3O-NoDual,Walker2d-v4,3
295301,reward,2842,273.7361636390758,314.597,SF-P3O-NoDual,Walker2d-v4,3
295486,reward,2843,343.31107567762854,316.854,SF-P3O-NoDual,Walker2d-v4,3
295721,reward,2844,416.8988385314589,315.053,SF-P3O-NoDual,Walker2d-v4,3
295870,reward,2845,302.7077115540482,313.126,SF-P3O-NoDual,Walker2d-v4,3
296039,reward,2846,301.4600437622743,311.022,SF-P3O-NoDual,Walker2d-v4,3
296139,reward,2847,71.6713287377507,288.417,SF-P3O-NoDual,Walker2d-v4,3
296328,reward,2848,321.59619207643726,288.782,SF-P3O-NoDual,Walker2d-v4,3
296533,reward,2849,409.9395808997384,287.587,SF-P3O-NoDual,Walker2d-v4,3
296726,reward,2850,385.9115126706569,297.348,SF-P3O-NoDual,Walker2d-v4,3
296896,reward,2851,231.64465781747137,305.888,SF-P3O-NoDual,Walker2d-v4,3
297039,reward,2852,287.9319067452484,307.307,SF-P3O-NoDual,Walker2d-v4,3
297309,reward,2853,452.7662672240394,318.253,SF-P3O-NoDual,Walker2d-v4,3
297457,reward,2854,243.986059021701,300.962,SF-P3O-NoDual,Walker2d-v4,3
297540,reward,2855,69.11732729081716,277.602,SF-P3O-NoDual,Walker2d-v4,3
297702,reward,2856,333.7257151135007,280.829,SF-P3O-NoDual,Walker2d-v4,3
297844,reward,2857,276.0253180609235,301.264,SF-P3O-NoDual,Walker2d-v4,3
297978,reward,2858,295.3796710658635,298.643,SF-P3O-NoDual,Walker2d-v4,3
298211,reward,2859,394.1336541959698,297.062,SF-P3O-NoDual,Walker2d-v4,3
298360,reward,2860,321.6004612388876,290.631,SF-P3O-NoDual,Walker2d-v4,3
298573,reward,2861,324.7721052467617,299.944,SF-P3O-NoDual,Walker2d-v4,3
298884,reward,2862,460.8406443295401,317.235,SF-P3O-NoDual,Walker2d-v4,3
299030,reward,2863,306.0608642724835,302.564,SF-P3O-NoDual,Walker2d-v4,3
299196,reward,2864,341.26972162425943,312.293,SF-P3O-NoDual,Walker2d-v4,3
299421,reward,2865,347.4835215056856,340.129,SF-P3O-NoDual,Walker2d-v4,3
299568,reward,2866,240.99346674666032,330.856,SF-P3O-NoDual,Walker2d-v4,3
299721,reward,2867,306.97833949954844,333.951,SF-P3O-NoDual,Walker2d-v4,3
299876,reward,2868,283.0311752158266,332.716,SF-P3O-NoDual,Walker2d-v4,3
300000,speed,1035.52,5.26,SF-P3O-NoDual,Walker2d-v4,3
300001,spectral,0.055681,0.961355,-1.0,SF-P3O-NoDual,Walker2d-v4,3
300055,reward,2869,330.54122693950467,326.357,SF-P3O-NoDual,Walker2d-v4,3
300290,reward,2870,435.1600440672057,337.713,SF-P3O-NoDual,Walker2d-v4,3
300602,reward,2871,456.39401422172574,350.875,SF-P3O-NoDual,Walker2d-v4,3
300809,reward,2872,390.28235538851493,343.819,SF-P3O-NoDual,Walker2d-v4,3
300991,reward,2873,338.79813949204606,347.093,SF-P3O-NoDual,Walker2d-v4,3
301199,reward,2874,391.35599726279423,352.102,SF-P3O-NoDual,Walker2d-v4,3
301386,reward,2875,387.8900796196957,356.142,SF-P3O-NoDual,Walker2d-v4,3
301544,reward,2876,271.4007807053491,359.183,SF-P3O-NoDual,Walker2d-v4,3
301724,reward,2877,339.8510140021244,362.47,SF-P3O-NoDual,Walker2d-v4,3
301910,reward,2878,346.87119228664665,368.854,SF-P3O-NoDual,Walker2d-v4,3
302057,reward,2879,281.7216939514454,363.973,SF-P3O-NoDual,Walker2d-v4,3
302294,reward,2880,380.41860021383417,358.498,SF-P3O-NoDual,Walker2d-v4,3
302477,reward,2881,337.1664385169148,346.576,SF-P3O-NoDual,Walker2d-v4,3
302683,reward,2882,341.36419987402735,341.684,SF-P3O-NoDual,Walker2d-v4,3
302886,reward,2883,343.5938622556338,342.163,SF-P3O-NoDual,Walker2d-v4,3
303040,reward,2884,302.19344721759774,333.247,SF-P3O-NoDual,Walker2d-v4,3
303104,loss,-0.07026316225528717,0.6518835425376892,SF-P3O-NoDual,Walker2d-v4,3
303210,reward,2885,326.4870041822895,327.107,SF-P3O-NoDual,Walker2d-v4,3
303353,reward,2886,320.92505899746646,332.059,SF-P3O-NoDual,Walker2d-v4,3
303538,reward,2887,352.3074959752894,333.305,SF-P3O-NoDual,Walker2d-v4,3
303694,reward,2888,331.60536567296094,331.778,SF-P3O-NoDual,Walker2d-v4,3
303883,reward,2889,375.60196276403997,341.166,SF-P3O-NoDual,Walker2d-v4,3
304071,reward,2890,384.431968442818,341.568,SF-P3O-NoDual,Walker2d-v4,3
304280,reward,2891,386.8609684763635,346.537,SF-P3O-NoDual,Walker2d-v4,3
304452,reward,2892,336.63873764317543,346.065,SF-P3O-NoDual,Walker2d-v4,3
304668,reward,2893,403.66356344711085,352.072,SF-P3O-NoDual,Walker2d-v4,3
304905,reward,2894,461.7134752964752,368.024,SF-P3O-NoDual,Walker2d-v4,3
305067,reward,2895,269.7949910922436,362.354,SF-P3O-NoDual,Walker2d-v4,3
305235,reward,2896,328.8820209051949,363.15,SF-P3O-NoDual,Walker2d-v4,3
305443,reward,2897,380.9475778891248,366.014,SF-P3O-NoDual,Walker2d-v4,3
305628,reward,2898,355.70207800732055,368.424,SF-P3O-NoDual,Walker2d-v4,3
305788,reward,2899,312.1543679918258,362.079,SF-P3O-NoDual,Walker2d-v4,3
305978,reward,2900,346.21985135845904,358.258,SF-P3O-NoDual,Walker2d-v4,3
306117,reward,2901,262.46224587481464,345.818,SF-P3O-NoDual,Walker2d-v4,3
306298,reward,2902,315.6362468817239,343.718,SF-P3O-NoDual,Walker2d-v4,3
306496,reward,2903,367.18054251491014,340.069,SF-P3O-NoDual,Walker2d-v4,3
306680,reward,2904,356.8410972088524,329.582,SF-P3O-NoDual,Walker2d-v4,3
306857,reward,2905,327.3193482170236,335.335,SF-P3O-NoDual,Walker2d-v4,3
307044,reward,2906,361.724181545798,338.619,SF-P3O-NoDual,Walker2d-v4,3
307219,reward,2907,79.72006165060199,308.496,SF-P3O-NoDual,Walker2d-v4,3
307378,reward,2908,329.79476098146085,305.905,SF-P3O-NoDual,Walker2d-v4,3
307623,reward,2909,459.25221864258174,320.615,SF-P3O-NoDual,Walker2d-v4,3
307849,reward,2910,415.6091880564821,327.554,SF-P3O-NoDual,Walker2d-v4,3
307963,reward,2911,218.10495657668085,323.118,SF-P3O-NoDual,Walker2d-v4,3
308141,reward,2912,368.95536465919275,328.45,SF-P3O-NoDual,Walker2d-v4,3
308332,reward,2913,394.39758184868515,331.172,SF-P3O-NoDual,Walker2d-v4,3
308526,reward,2914,364.53826284578327,331.942,SF-P3O-NoDual,Walker2d-v4,3
308718,reward,2915,347.2837375142527,333.938,SF-P3O-NoDual,Walker2d-v4,3
308896,reward,2916,343.97413003096875,332.163,SF-P3O-NoDual,Walker2d-v4,3
309034,reward,2917,275.9552997289035,351.787,SF-P3O-NoDual,Walker2d-v4,3
309274,reward,2918,432.9337448875203,362.1,SF-P3O-NoDual,Walker2d-v4,3
309422,reward,2919,308.84111329983534,347.059,SF-P3O-NoDual,Walker2d-v4,3
309554,reward,2920,240.73775450716963,329.572,SF-P3O-NoDual,Walker2d-v4,3
309766,reward,2921,400.4448343687229,347.806,SF-P3O-NoDual,Walker2d-v4,3
309959,reward,2922,335.06818822390227,344.417,SF-P3O-NoDual,Walker2d-v4,3
310000,speed,1058.6,5.42,SF-P3O-NoDual,Walker2d-v4,3
310001,perturb,0.057053,0.961011,-1.0,136102,870,1.169415,3,SF-P3O-NoDual,Walker2d-v4,3
310172,reward,2923,384.32522826526576,343.41,SF-P3O-NoDual,Walker2d-v4,3
310344,reward,2924,327.05775557923,339.662,SF-P3O-NoDual,Walker2d-v4,3
310518,reward,2925,340.67502059563617,339.001,SF-P3O-NoDual,Walker2d-v4,3
310686,reward,2926,315.03713652927064,336.108,SF-P3O-NoDual,Walker2d-v4,3
310862,reward,2927,345.1328902252239,343.025,SF-P3O-NoDual,Walker2d-v4,3
311047,reward,2928,346.3677364995524,334.369,SF-P3O-NoDual,Walker2d-v4,3
311207,reward,2929,293.9922795810232,332.884,SF-P3O-NoDual,Walker2d-v4,3
311296,loss,-0.020087242126464844,0.7282889485359192,SF-P3O-NoDual,Walker2d-v4,3
311296,diagnostics,0.0,32.57,33.2097,0.052889,0.962109,-1.0,0.108769,SF-P3O-NoDual,Walker2d-v4,3
311499,reward,2930,460.92407447397477,354.903,SF-P3O-NoDual,Walker2d-v4,3
311765,reward,2931,448.49351834359294,359.707,SF-P3O-NoDual,Walker2d-v4,3
312031,reward,2932,433.65459365919753,369.566,SF-P3O-NoDual,Walker2d-v4,3
312160,reward,2933,253.55935992189666,356.489,SF-P3O-NoDual,Walker2d-v4,3
312349,reward,2934,394.0044579322767,363.184,SF-P3O-NoDual,Walker2d-v4,3
312608,reward,2935,465.90725089575824,375.707,SF-P3O-NoDual,Walker2d-v4,3
312785,reward,2936,343.15296339787386,378.519,SF-P3O-NoDual,Walker2d-v4,3
312933,reward,2937,292.11949773940944,373.218,SF-P3O-NoDual,Walker2d-v4,3
313174,reward,2938,401.3319519416973,378.714,SF-P3O-NoDual,Walker2d-v4,3
313350,reward,2939,366.1172696384787,385.926,SF-P3O-NoDual,Walker2d-v4,3
313544,reward,2940,366.7852403401501,376.513,SF-P3O-NoDual,Walker2d-v4,3
313741,reward,2941,390.23795970960106,370.687,SF-P3O-NoDual,Walker2d-v4,3
313946,reward,2942,365.80559831880873,363.902,SF-P3O-NoDual,Walker2d-v4,3
314105,reward,2943,334.313264015596,371.978,SF-P3O-NoDual,Walker2d-v4,3
314303,reward,2944,378.5204909429165,370.429,SF-P3O-NoDual,Walker2d-v4,3
314499,reward,2945,341.1989231939966,357.958,SF-P3O-NoDual,Walker2d-v4,3
314725,reward,2946,382.66216425699315,361.909,SF-P3O-NoDual,Walker2d-v4,3
314896,reward,2947,359.47750539316024,368.645,SF-P3O-NoDual,Walker2d-v4,3
315141,reward,2948,424.87035187227235,370.999,SF-P3O-NoDual,Walker2d-v4,3
315312,reward,2949,326.760167613859,367.063,SF-P3O-NoDual,Walker2d-v4,3
315546,reward,2950,457.0584122327858,376.09,SF-P3O-NoDual,Walker2d-v4,3
315825,reward,2951,482.01336442478765,385.268,SF-P3O-NoDual,Walker2d-v4,3
316026,reward,2952,393.7645373755096,388.064,SF-P3O-NoDual,Walker2d-v4,3
316200,reward,2953,326.48165797779245,387.281,SF-P3O-NoDual,Walker2d-v4,3
316400,reward,2954,435.9415889989793,393.023,SF-P3O-NoDual,Walker2d-v4,3
316613,reward,2955,403.96831065871163,399.3,SF-P3O-NoDual,Walker2d-v4,3
316788,reward,2956,387.8829133381013,399.822,SF-P3O-NoDual,Walker2d-v4,3
316974,reward,2957,340.4253388309811,397.917,SF-P3O-NoDual,Walker2d-v4,3
317115,reward,2958,277.57263565710196,383.187,SF-P3O-NoDual,Walker2d-v4,3
317301,reward,2959,380.9479627883255,388.606,SF-P3O-NoDual,Walker2d-v4,3
317445,reward,2960,314.1639446354759,374.316,SF-P3O-NoDual,Walker2d-v4,3
317586,reward,2961,293.79310892381744,355.494,SF-P3O-NoDual,Walker2d-v4,3
317797,reward,2962,400.70495309366885,356.188,SF-P3O-NoDual,Walker2d-v4,3
317958,reward,2963,323.71136428632127,355.911,SF-P3O-NoDual,Walker2d-v4,3
318149,reward,2964,385.7472986034912,350.892,SF-P3O-NoDual,Walker2d-v4,3
318319,reward,2965,330.4161216064178,343.537,SF-P3O-NoDual,Walker2d-v4,3
318512,reward,2966,374.5291408290876,342.201,SF-P3O-NoDual,Walker2d-v4,3
318684,reward,2967,320.73464573797605,340.232,SF-P3O-NoDual,Walker2d-v4,3
318938,reward,2968,402.19764320408893,352.695,SF-P3O-NoDual,Walker2d-v4,3
319128,reward,2969,383.92711468397323,352.993,SF-P3O-NoDual,Walker2d-v4,3
319350,reward,2970,425.97125009238937,364.173,SF-P3O-NoDual,Walker2d-v4,3
319488,loss,0.002537209540605545,0.5901990532875061,SF-P3O-NoDual,Walker2d-v4,3
319491,reward,2971,268.5781406457446,361.652,SF-P3O-NoDual,Walker2d-v4,3
319717,reward,2972,431.26793026931995,364.708,SF-P3O-NoDual,Walker2d-v4,3
319951,reward,2973,371.38856559742,369.476,SF-P3O-NoDual,Walker2d-v4,3
320000,speed,705.99,5.66,SF-P3O-NoDual,Walker2d-v4,3
320001,spectral,0.054686,0.961485,-1.0,SF-P3O-NoDual,Walker2d-v4,3
320152,reward,2974,396.408759096237,370.542,SF-P3O-NoDual,Walker2d-v4,3
320354,reward,2975,375.1498255072887,375.015,SF-P3O-NoDual,Walker2d-v4,3
320521,reward,2976,320.9123656007692,369.654,SF-P3O-NoDual,Walker2d-v4,3
320658,reward,2977,297.2823650560659,367.308,SF-P3O-NoDual,Walker2d-v4,3
320804,reward,2978,318.3329533018692,358.922,SF-P3O-NoDual,Walker2d-v4,3
321038,reward,2979,428.432615568218,363.372,SF-P3O-NoDual,Walker2d-v4,3
321189,reward,2980,324.1992150738379,353.195,SF-P3O-NoDual,Walker2d-v4,3
321335,reward,2981,294.4579000156172,355.783,SF-P3O-NoDual,Walker2d-v4,3
321502,reward,2982,338.4730048824837,346.504,SF-P3O-NoDual,Walker2d-v4,3
321655,reward,2983,310.4552531703649,340.41,SF-P3O-NoDual,Walker2d-v4,3
321797,reward,2984,281.8832621907179,328.958,SF-P3O-NoDual,Walker2d-v4,3
321984,reward,2985,390.4386211673008,330.487,SF-P3O-NoDual,Walker2d-v4,3
322176,reward,2986,374.0466552293591,335.8,SF-P3O-NoDual,Walker2d-v4,3
322340,reward,2987,321.5881713704379,338.231,SF-P3O-NoDual,Walker2d-v4,3
322530,reward,2988,390.72381810129906,345.47,SF-P3O-NoDual,Walker2d-v4,3
322721,reward,2989,388.1231882415139,341.439,SF-P3O-NoDual,Walker2d-v4,3
322935,reward,2990,409.00914319880894,349.92,SF-P3O-NoDual,Walker2d-v4,3
323147,reward,2991,390.51900580180956,359.526,SF-P3O-NoDual,Walker2d-v4,3
323289,reward,2992,283.05272002993837,353.984,SF-P3O-NoDual,Walker2d-v4,3
323522,reward,2993,387.74046733993384,361.713,SF-P3O-NoDual,Walker2d-v4,3
323688,reward,2994,347.51043294355475,368.275,SF-P3O-NoDual,Walker2d-v4,3
323960,reward,2995,453.0099772222187,374.532,SF-P3O-NoDual,Walker2d-v4,3
324245,reward,2996,473.8309788138511,384.511,SF-P3O-NoDual,Walker2d-v4,3
324427,reward,2997,107.33704470331243,363.086,SF-P3O-NoDual,Walker2d-v4,3
324645,reward,2998,403.00643119105257,364.314,SF-P3O-NoDual,Walker2d-v4,3
324813,reward,2999,334.1156935097176,358.913,SF-P3O-NoDual,Walker2d-v4,3
325015,reward,3000,375.5629891061703,355.569,SF-P3O-NoDual,Walker2d-v4,3
325118,reward,3001,204.3606181058085,336.953,SF-P3O-NoDual,Walker2d-v4,3
325261,reward,3002,289.28561319818897,337.576,SF-P3O-NoDual,Walker2d-v4,3
325446,reward,3003,359.56417140490436,334.758,SF-P3O-NoDual,Walker2d-v4,3
325717,reward,3004,444.7709578379264,344.484,SF-P3O-NoDual,Walker2d-v4,3
325945,reward,3005,438.620315304224,343.045,SF-P3O-NoDual,Walker2d-v4,3
326112,reward,3006,310.11680056547317,326.674,SF-P3O-NoDual,Walker2d-v4,3
326282,reward,3007,324.5623749337739,348.397,SF-P3O-NoDual,Walker2d-v4,3
326446,reward,3008,324.4295537372539,340.539,SF-P3O-NoDual,Walker2d-v4,3
326602,reward,3009,340.7545899862005,341.203,SF-P3O-NoDual,Walker2d-v4,3
326732,reward,3010,265.50250409080036,330.197,SF-P3O-NoDual,Walker2d-v4,3
326911,reward,3011,322.15748287834197,341.976,SF-P3O-NoDual,Walker2d-v4,3
327105,reward,3012,383.21889876517434,351.37,SF-P3O-NoDual,Walker2d-v4,3
327282,reward,3013,371.9961847370847,352.613,SF-P3O-NoDual,Walker2d-v4,3
327680,loss,-0.04521145671606064,0.5806531310081482,SF-P3O-NoDual,Walker2d-v4,3
327680,diagnostics,0.0,33.11,14.3812,0.056497,0.961035,-1.0,0.098602,SF-P3O-NoDual,Walker2d-v4,3
327752,reward,3014,615.5812814423398,369.694,SF-P3O-NoDual,Walker2d-v4,3
327924,reward,3015,353.7604140669355,361.208,SF-P3O-NoDual,Walker2d-v4,3
328039,reward,3016,244.86298115640238,354.683,SF-P3O-NoDual,Walker2d-v4,3
328178,reward,3017,296.9416847846713,351.921,SF-P3O-NoDual,Walker2d-v4,3
328369,reward,3018,384.13666922097525,357.891,SF-P3O-NoDual,Walker2d-v4,3
328506,reward,3019,278.42123055594124,351.658,SF-P3O-NoDual,Walker2d-v4,3
328636,reward,3020,252.01170361583698,350.309,SF-P3O-NoDual,Walker2d-v4,3
328766,reward,3021,267.0753395834582,344.801,SF-P3O-NoDual,Walker2d-v4,3
328961,reward,3022,391.5923430347304,345.638,SF-P3O-NoDual,Walker2d-v4,3
329176,reward,3023,387.3346125899757,347.172,SF-P3O-NoDual,Walker2d-v4,3
329418,reward,3024,440.8762418981552,329.701,SF-P3O-NoDual,Walker2d-v4,3
329667,reward,3025,424.893561419789,336.815,SF-P3O-NoDual,Walker2d-v4,3
329860,reward,3026,412.86202616074235,353.615,SF-P3O-NoDual,Walker2d-v4,3
330000,speed,1045.97,5.82,SF-P3O-NoDual,Walker2d-v4,3
330001,spectral,0.056497,0.961035,-1.0,SF-P3O-NoDual,Walker2d-v4,3
330078,reward,3027,444.4469162469087,368.365,SF-P3O-NoDual,Walker2d-v4,3
330205,reward,3028,206.19130380480036,350.571,SF-P3O-NoDual,Walker2d-v4,3
330375,reward,3029,359.63635396879226,358.692,SF-P3O-NoDual,Walker2d-v4,3
330571,reward,3030,398.0313234413614,373.294,SF-P3O-NoDual,Walker2d-v4,3
330721,reward,3031,237.6899958063229,370.355,SF-P3O-NoDual,Walker2d-v4,3
330864,reward,3032,270.57924032595804,358.254,SF-P3O-NoDual,Walker2d-v4,3
331080,reward,3033,440.43629666850717,363.564,SF-P3O-NoDual,Walker2d-v4,3
331289,reward,3034,409.54763517331355,360.431,SF-P3O-NoDual,Walker2d-v4,3
331445,reward,3035,306.6962746331396,348.612,SF-P3O-NoDual,Walker2d-v4,3
331695,reward,3036,455.1109073329912,352.837,SF-P3O-NoDual,Walker2d-v4,3
331911,reward,3037,381.2527478180338,346.517,SF-P3O-NoDual,Walker2d-v4,3
332068,reward,3038,315.2314374661797,357.421,SF-P3O-NoDual,Walker2d-v4,3
332251,reward,3039,367.91329870968195,358.249,SF-P3O-NoDual,Walker2d-v4,3
332398,reward,3040,307.0933551734936,349.155,SF-P3O-NoDual,Walker2d-v4,3
332541,reward,3041,328.43364672043754,358.229,SF-P3O-NoDual,Walker2d-v4,3
332716,reward,3042,334.65585316940894,364.637,SF-P3O-NoDual,Walker2d-v4,3
333110,reward,3043,314.40954477567647,352.034,SF-P3O-NoDual,Walker2d-v4,3
333325,reward,3044,403.70089850909596,351.45,SF-P3O-NoDual,Walker2d-v4,3
333490,reward,3045,300.97590024090647,350.878,SF-P3O-NoDual,Walker2d-v4,3
333661,reward,3046,356.06877522417983,340.974,SF-P3O-NoDual,Walker2d-v4,3
333809,reward,3047,296.3222789480946,332.48,SF-P3O-NoDual,Walker2d-v4,3
334033,reward,3048,397.2567598748778,340.683,SF-P3O-NoDual,Walker2d-v4,3
334182,reward,3049,316.4568631701948,335.537,SF-P3O-NoDual,Walker2d-v4,3
334372,reward,3050,352.37969039890555,340.066,SF-P3O-NoDual,Walker2d-v4,3
334578,reward,3051,376.2940230568241,344.852,SF-P3O-NoDual,Walker2d-v4,3
334839,reward,3052,411.1569720349638,352.502,SF-P3O-NoDual,Walker2d-v4,3
335001,reward,3053,337.0486295838519,354.766,SF-P3O-NoDual,Walker2d-v4,3
335163,reward,3054,331.8705572255353,347.583,SF-P3O-NoDual,Walker2d-v4,3
335344,reward,3055,368.2160210381133,354.307,SF-P3O-NoDual,Walker2d-v4,3
335497,reward,3056,323.7759763821632,351.078,SF-P3O-NoDual,Walker2d-v4,3
335695,reward,3057,366.6054569077608,358.106,SF-P3O-NoDual,Walker2d-v4,3
335840,reward,3058,282.11837559308333,346.592,SF-P3O-NoDual,Walker2d-v4,3
335872,loss,0.005357073619961739,0.5766720175743103,SF-P3O-NoDual,Walker2d-v4,3
336070,reward,3059,433.15511277565963,358.262,SF-P3O-NoDual,Walker2d-v4,3
336194,reward,3060,251.12280198027247,348.136,SF-P3O-NoDual,Walker2d-v4,3
336341,reward,3061,311.377620044611,341.645,SF-P3O-NoDual,Walker2d-v4,3
336508,reward,3062,328.5064543030802,333.38,SF-P3O-NoDual,Walker2d-v4,3
336708,reward,3063,387.34481445545254,338.409,SF-P3O-NoDual,Walker2d-v4,3
336837,reward,3064,268.10443604570116,332.033,SF-P3O-NoDual,Walker2d-v4,3
337023,reward,3065,330.52566578244057,328.264,SF-P3O-NoDual,Walker2d-v4,3
337195,reward,3066,351.14273357070783,331.0,SF-P3O-NoDual,Walker2d-v4,3
337415,reward,3067,454.39156303095064,339.779,SF-P3O-NoDual,Walker2d-v4,3
337581,reward,3068,366.4436234536446,348.211,SF-P3O-NoDual,Walker2d-v4,3
337763,reward,3069,339.74688993088654,338.871,SF-P3O-NoDual,Walker2d-v4,3
338026,reward,3070,421.3491458919622,355.893,SF-P3O-NoDual,Walker2d-v4,3
338182,reward,3071,319.7745432283376,356.733,SF-P3O-NoDual,Walker2d-v4,3
338381,reward,3072,403.9662054656944,364.279,SF-P3O-NoDual,Walker2d-v4,3
338545,reward,3073,329.0528783405696,358.45,SF-P3O-NoDual,Walker2d-v4,3
338714,reward,3074,339.1565167983584,365.555,SF-P3O-NoDual,Walker2d-v4,3
338868,reward,3075,307.8657136238782,363.289,SF-P3O-NoDual,Walker2d-v4,3
339011,reward,3076,284.901248753462,356.665,SF-P3O-NoDual,Walker2d-v4,3
339241,reward,3077,416.9255910139635,352.918,SF-P3O-NoDual,Walker2d-v4,3
339452,reward,3078,426.563746917515,358.93,SF-P3O-NoDual,Walker2d-v4,3
339618,reward,3079,330.31914893536026,357.987,SF-P3O-NoDual,Walker2d-v4,3
339755,reward,3080,267.8077084816731,342.633,SF-P3O-NoDual,Walker2d-v4,3
339974,reward,3081,428.8494019878589,353.541,SF-P3O-NoDual,Walker2d-v4,3
340000,speed,1032.44,5.98,SF-P3O-NoDual,Walker2d-v4,3
340001,spectral,0.058128,0.960589,-1.0,SF-P3O-NoDual,Walker2d-v4,3
340233,reward,3082,429.47697671312653,356.092,SF-P3O-NoDual,Walker2d-v4,3
340417,reward,3083,358.9853248696196,359.085,SF-P3O-NoDual,Walker2d-v4,3
340575,reward,3084,342.1917815399474,359.389,SF-P3O-NoDual,Walker2d-v4,3
340734,reward,3085,341.02661283541505,362.705,SF-P3O-NoDual,Walker2d-v4,3
340912,reward,3086,336.60328086184364,367.875,SF-P3O-NoDual,Walker2d-v4,3
341105,reward,3087,361.8672656386277,362.369,SF-P3O-NoDual,Walker2d-v4,3
341308,reward,3088,404.11951087020594,360.125,SF-P3O-NoDual,Walker2d-v4,3
341476,reward,3089,349.7896636890801,362.072,SF-P3O-NoDual,Walker2d-v4,3
341669,reward,3090,405.61884214234664,375.853,SF-P3O-NoDual,Walker2d-v4,3
341842,reward,3091,321.1276366535571,365.081,SF-P3O-NoDual,Walker2d-v4,3
342022,reward,3092,327.9677343966767,354.93,SF-P3O-NoDual,Walker2d-v4,3
342176,reward,3093,299.8377561421618,349.015,SF-P3O-NoDual,Walker2d-v4,3
342344,reward,3094,317.61928005205476,346.558,SF-P3O-NoDual,Walker2d-v4,3
342539,reward,3095,403.1287308691371,352.768,SF-P3O-NoDual,Walker2d-v4,3
342735,reward,3096,401.45368843884887,359.253,SF-P3O-NoDual,Walker2d-v4,3
342907,reward,3097,367.8088709635416,359.847,SF-P3O-NoDual,Walker2d-v4,3
343024,reward,3098,247.22151430849388,344.157,SF-P3O-NoDual,Walker2d-v4,3
343267,reward,3099,433.82307873810015,352.561,SF-P3O-NoDual,Walker2d-v4,3
343421,reward,3100,327.68258149691735,344.767,SF-P3O-NoDual,Walker2d-v4,3
343599,reward,3101,357.4560755915038,348.4,SF-P3O-NoDual,Walker2d-v4,3
343741,reward,3102,287.49494035524725,344.353,SF-P3O-NoDual,Walker2d-v4,3
343915,reward,3103,318.12564765203246,346.181,SF-P3O-NoDual,Walker2d-v4,3
344064,loss,0.06249193847179413,0.8359452486038208,SF-P3O-NoDual,Walker2d-v4,3
344064,diagnostics,0.0,33.58,45.0307,0.05949,0.960223,-1.0,0.096381,SF-P3O-NoDual,Walker2d-v4,3
344072,reward,3104,338.3289265557846,348.252,SF-P3O-NoDual,Walker2d-v4,3
344217,reward,3105,307.57567319221585,338.697,SF-P3O-NoDual,Walker2d-v4,3
344402,reward,3106,366.7128549489307,335.223,SF-P3O-NoDual,Walker2d-v4,3
344579,reward,3107,351.81220987087056,333.623,SF-P3O-NoDual,Walker2d-v4,3
344727,reward,3108,315.98464751658673,340.5,SF-P3O-NoDual,Walker2d-v4,3
344887,reward,3109,303.5380053460634,327.471,SF-P3O-NoDual,Walker2d-v4,3
345097,reward,3110,402.72191686707663,334.975,SF-P3O-NoDual,Walker2d-v4,3
345328,reward,3111,395.54039861594697,338.784,SF-P3O-NoDual,Walker2d-v4,3
345463,reward,3112,316.05414377447613,341.639,SF-P3O-NoDual,Walker2d-v4,3
345622,reward,3113,332.48473738081987,343.075,SF-P3O-NoDual,Walker2d-v4,3
345787,reward,3114,317.145526289546,340.957,SF-P3O-NoDual,Walker2d-v4,3
345932,reward,3115,295.9535560351,339.795,SF-P3O-NoDual,Walker2d-v4,3
346132,reward,3116,388.75322615740254,341.999,SF-P3O-NoDual,Walker2d-v4,3
346309,reward,3117,357.7264042737761,342.59,SF-P3O-NoDual,Walker2d-v4,3
346457,reward,3118,320.1114286734191,343.003,SF-P3O-NoDual,Walker2d-v4,3
346593,reward,3119,297.30793480133826,342.38,SF-P3O-NoDual,Walker2d-v4,3
346759,reward,3120,341.7915584145785,336.287,SF-P3O-NoDual,Walker2d-v4,3
346933,reward,3121,375.41135491318863,334.274,SF-P3O-NoDual,Walker2d-v4,3
347119,reward,3122,374.7863610887824,340.147,SF-P3O-NoDual,Walker2d-v4,3
347267,reward,3123,305.55848477692075,337.455,SF-P3O-NoDual,Walker2d-v4,3
347446,reward,3124,342.4830146104001,339.988,SF-P3O-NoDual,Walker2d-v4,3
347622,reward,3125,389.3538925833488,349.328,SF-P3O-NoDual,Walker2d-v4,3
347802,reward,3126,367.0960094784331,347.163,SF-P3O-NoDual,Walker2d-v4,3
347951,reward,3127,308.70111062766347,342.26,SF-P3O-NoDual,Walker2d-v4,3
348123,reward,3128,367.9150050725701,347.04,SF-P3O-NoDual,Walker2d-v4,3
348237,reward,3129,208.5440262243043,338.164,SF-P3O-NoDual,Walker2d-v4,3
348447,reward,3130,419.9082121322492,345.976,SF-P3O-NoDual,Walker2d-v4,3
348623,reward,3131,339.98515206157384,342.433,SF-P3O-NoDual,Walker2d-v4,3
348803,reward,3132,343.0692790484999,339.261,SF-P3O-NoDual,Walker2d-v4,3
349017,reward,3133,409.4452962905639,349.65,SF-P3O-NoDual,Walker2d-v4,3
349195,reward,3134,357.18680347457854,351.12,SF-P3O-NoDual,Walker2d-v4,3
349347,reward,3135,299.70405186983555,342.155,SF-P3O-NoDual,Walker2d-v4,3
349683,reward,3136,508.4093563620163,356.287,SF-P3O-NoDual,Walker2d-v4,3
349840,reward,3137,309.3427383196917,356.351,SF-P3O-NoDual,Walker2d-v4,3
350000,speed,998.81,6.15,SF-P3O-NoDual,Walker2d-v4,3
350001,spectral,0.05949,0.960223,-1.0,SF-P3O-NoDual,Walker2d-v4,3
350074,reward,3138,424.2658289129783,361.986,SF-P3O-NoDual,Walker2d-v4,3
350258,reward,3139,400.42269671376675,381.174,SF-P3O-NoDual,Walker2d-v4,3
350477,reward,3140,425.5061782801769,381.734,SF-P3O-NoDual,Walker2d-v4,3
350707,reward,3141,425.89315100797825,390.325,SF-P3O-NoDual,Walker2d-v4,3
350891,reward,3142,347.7940643159245,390.797,SF-P3O-NoDual,Walker2d-v4,3
351064,reward,3143,324.9041521762477,382.343,SF-P3O-NoDual,Walker2d-v4,3
351311,reward,3144,374.02070057777485,384.026,SF-P3O-NoDual,Walker2d-v4,3
351550,reward,3145,442.21592701777075,398.277,SF-P3O-NoDual,Walker2d-v4,3
351769,reward,3146,438.04382452152186,391.241,SF-P3O-NoDual,Walker2d-v4,3
351939,reward,3147,353.51079735847986,395.658,SF-P3O-NoDual,Walker2d-v4,3
352091,reward,3148,290.2922406680293,382.26,SF-P3O-NoDual,Walker2d-v4,3
352256,loss,-0.13758118450641632,0.5779078602790833,SF-P3O-NoDual,Walker2d-v4,3
352374,reward,3149,447.4638224895986,386.964,SF-P3O-NoDual,Walker2d-v4,3
352560,reward,3150,363.64237255273116,380.778,SF-P3O-NoDual,Walker2d-v4,3
352702,reward,3151,293.86760896024117,367.576,SF-P3O-NoDual,Walker2d-v4,3
352911,reward,3152,406.4856400008253,373.445,SF-P3O-NoDual,Walker2d-v4,3
353054,reward,3153,277.7765237523626,368.732,SF-P3O-NoDual,Walker2d-v4,3
353255,reward,3154,374.4311212017175,368.773,SF-P3O-NoDual,Walker2d-v4,3
353394,reward,3155,289.47711279765394,353.499,SF-P3O-NoDual,Walker2d-v4,3
353592,reward,3156,412.8528233580584,350.98,SF-P3O-NoDual,Walker2d-v4,3
353790,reward,3157,399.064458164222,355.535,SF-P3O-NoDual,Walker2d-v4,3
353968,reward,3158,400.75317443004803,366.581,SF-P3O-NoDual,Walker2d-v4,3
354127,reward,3159,358.0099351625453,357.636,SF-P3O-NoDual,Walker2d-v4,3
354296,reward,3160,335.8188678737244,354.854,SF-P3O-NoDual,Walker2d-v4,3
354440,reward,3161,64.31635075103229,331.899,SF-P3O-NoDual,Walker2d-v4,3
354623,reward,3162,352.2282109328717,326.473,SF-P3O-NoDual,Walker2d-v4,3
354811,reward,3163,368.93996952705675,335.589,SF-P3O-NoDual,Walker2d-v4,3
355029,reward,3164,407.789145519055,338.925,SF-P3O-NoDual,Walker2d-v4,3
355247,reward,3165,397.2369674811735,349.701,SF-P3O-NoDual,Walker2d-v4,3
355460,reward,3166,381.75691447228377,346.591,SF-P3O-NoDual,Walker2d-v4,3
355641,reward,3167,353.15289964969753,342.0,SF-P3O-NoDual,Walker2d-v4,3
355806,reward,3168,325.94787221945506,334.52,SF-P3O-NoDual,Walker2d-v4,3
356056,reward,3169,432.8636593000729,342.005,SF-P3O-NoDual,Walker2d-v4,3
356263,reward,3170,376.5536482024236,346.079,SF-P3O-NoDual,Walker2d-v4,3
356390,reward,3171,267.4544095921466,366.392,SF-P3O-NoDual,Walker2d-v4,3
356585,reward,3172,383.1527673978702,369.485,SF-P3O-NoDual,Walker2d-v4,3
356749,reward,3173,330.4113548708568,365.632,SF-P3O-NoDual,Walker2d-v4,3
356867,reward,3174,227.0333171643294,347.556,SF-P3O-NoDual,Walker2d-v4,3
356996,reward,3175,262.2040312750942,334.053,SF-P3O-NoDual,Walker2d-v4,3
357188,reward,3176,383.94740244867023,334.272,SF-P3O-NoDual,Walker2d-v4,3
357327,reward,3177,320.92159661409755,331.049,SF-P3O-NoDual,Walker2d-v4,3
357473,reward,3178,309.647340097521,329.419,SF-P3O-NoDual,Walker2d-v4,3
357653,reward,3179,98.11157872469924,295.944,SF-P3O-NoDual,Walker2d-v4,3
357818,reward,3180,350.47981157362074,293.336,SF-P3O-NoDual,Walker2d-v4,3
357967,reward,3181,296.1538154781114,296.206,SF-P3O-NoDual,Walker2d-v4,3
358196,reward,3182,437.39383965440834,301.63,SF-P3O-NoDual,Walker2d-v4,3
358358,reward,3183,345.03718534365396,303.093,SF-P3O-NoDual,Walker2d-v4,3
358523,reward,3184,331.35420727101285,313.525,SF-P3O-NoDual,Walker2d-v4,3
358741,reward,3185,394.31399082394285,326.736,SF-P3O-NoDual,Walker2d-v4,3
358927,reward,3186,412.9453466742465,329.636,SF-P3O-NoDual,Walker2d-v4,3
359086,reward,3187,359.8367802914977,333.527,SF-P3O-NoDual,Walker2d-v4,3
359264,reward,3188,330.5406224232501,335.617,SF-P3O-NoDual,Walker2d-v4,3
359441,reward,3189,351.0602699178251,360.912,SF-P3O-NoDual,Walker2d-v4,3
359604,reward,3190,307.46574730402136,356.61,SF-P3O-NoDual,Walker2d-v4,3
359769,reward,3191,323.57524571773723,359.352,SF-P3O-NoDual,Walker2d-v4,3
359944,reward,3192,353.755493180126,350.988,SF-P3O-NoDual,Walker2d-v4,3
360000,speed,1069.71,6.3,SF-P3O-NoDual,Walker2d-v4,3
360001,perturb,0.060296,0.959991,-1.0,201626,882,1.635069,4,SF-P3O-NoDual,Walker2d-v4,3
360119,reward,3193,349.6887323442417,351.454,SF-P3O-NoDual,Walker2d-v4,3
360276,reward,3194,293.77802457944716,347.696,SF-P3O-NoDual,Walker2d-v4,3
360448,loss,0.004482004791498184,0.6645579934120178,SF-P3O-NoDual,Walker2d-v4,3
360448,diagnostics,0.0,34.02,37.9194,0.052633,0.961916,-1.0,0.101829,SF-P3O-NoDual,Walker2d-v4,3
360468,reward,3195,385.11460082668367,346.776,SF-P3O-NoDual,Walker2d-v4,3
360606,reward,3196,329.8797700915122,338.47,SF-P3O-NoDual,Walker2d-v4,3
360786,reward,3197,397.86774738397537,342.273,SF-P3O-NoDual,Walker2d-v4,3
360993,reward,3198,388.56415124733087,348.075,SF-P3O-NoDual,Walker2d-v4,3
361223,reward,3199,412.32449221690143,354.201,SF-P3O-NoDual,Walker2d-v4,3
361388,reward,3200,332.6447331015923,356.719,SF-P3O-NoDual,Walker2d-v4,3
361564,reward,3201,370.41841030057856,361.404,SF-P3O-NoDual,Walker2d-v4,3
361757,reward,3202,367.5038096387879,362.778,SF-P3O-NoDual,Walker2d-v4,3
361936,reward,3203,367.4049615832603,364.55,SF-P3O-NoDual,Walker2d-v4,3
362066,reward,3204,289.6412187061561,364.136,SF-P3O-NoDual,Walker2d-v4,3
362267,reward,3205,396.25114817271356,365.25,SF-P3O-NoDual,Walker2d-v4,3
362425,reward,3206,303.7868357556431,362.641,SF-P3O-NoDual,Walker2d-v4,3
362621,reward,3207,399.2386322260049,362.778,SF-P3O-NoDual,Walker2d-v4,3
362755,reward,3208,294.2761274269686,353.349,SF-P3O-NoDual,Walker2d-v4,3
362929,reward,3209,342.8216074731349,346.399,SF-P3O-NoDual,Walker2d-v4,3
363132,reward,3210,385.6220931124523,351.696,SF-P3O-NoDual,Walker2d-v4,3
363316,reward,3211,357.0758229393774,350.362,SF-P3O-NoDual,Walker2d-v4,3
363495,reward,3212,354.03185989981404,349.015,SF-P3O-NoDual,Walker2d-v4,3
363691,reward,3213,435.6112562533011,355.836,SF-P3O-NoDual,Walker2d-v4,3
363865,reward,3214,393.3863940783275,366.21,SF-P3O-NoDual,Walker2d-v4,3
364008,reward,3215,284.2516598429733,355.01,SF-P3O-NoDual,Walker2d-v4,3
364198,reward,3216,134.6169595488381,338.093,SF-P3O-NoDual,Walker2d-v4,3
364371,reward,3217,336.5483489322996,331.824,SF-P3O-NoDual,Walker2d-v4,3
364563,reward,3218,363.04594486155037,338.701,SF-P3O-NoDual,Walker2d-v4,3
364729,reward,3219,312.8209665937677,335.701,SF-P3O-NoDual,Walker2d-v4,3
364874,reward,3220,280.4636255908697,325.185,SF-P3O-NoDual,Walker2d-v4,3
365037,reward,3221,343.28388170626636,323.806,SF-P3O-NoDual,Walker2d-v4,3
365221,reward,3222,362.30023677632056,324.633,SF-P3O-NoDual,Walker2d-v4,3
365405,reward,3223,375.3085751399194,318.603,SF-P3O-NoDual,Walker2d-v4,3
365615,reward,3224,393.5564793363653,318.62,SF-P3O-NoDual,Walker2d-v4,3
365787,reward,3225,362.7706640411221,326.472,SF-P3O-NoDual,Walker2d-v4,3
365956,reward,3226,371.01496871951645,350.111,SF-P3O-NoDual,Walker2d-v4,3
366128,reward,3227,302.550051886333,346.712,SF-P3O-NoDual,Walker2d-v4,3
366328,reward,3228,372.89370463115694,347.696,SF-P3O-NoDual,Walker2d-v4,3
366467,reward,3229,278.2603993960782,344.24,SF-P3O-NoDual,Walker2d-v4,3
366641,reward,3230,381.78339904744195,354.372,SF-P3O-NoDual,Walker2d-v4,3
366840,reward,3231,384.3460074277151,358.478,SF-P3O-NoDual,Walker2d-v4,3
367030,reward,3232,376.2975548981233,359.878,SF-P3O-NoDual,Walker2d-v4,3
367229,reward,3233,385.5709563255696,360.904,SF-P3O-NoDual,Walker2d-v4,3
367420,reward,3234,373.6719031622938,358.916,SF-P3O-NoDual,Walker2d-v4,3
367618,reward,3235,402.60036253261376,362.899,SF-P3O-NoDual,Walker2d-v4,3
367789,reward,3236,344.3233129450153,360.23,SF-P3O-NoDual,Walker2d-v4,3
368019,reward,3237,446.04333092289056,374.579,SF-P3O-NoDual,Walker2d-v4,3
368149,reward,3238,262.26053489747494,363.516,SF-P3O-NoDual,Walker2d-v4,3
368277,reward,3239,268.2642852715338,362.516,SF-P3O-NoDual,Walker2d-v4,3
368474,reward,3240,391.9890623313332,363.537,SF-P3O-NoDual,Walker2d-v4,3
368602,reward,3241,286.32501355535743,353.735,SF-P3O-NoDual,Walker2d-v4,3
368640,loss,-0.10355015844106674,0.5848135948181152,SF-P3O-NoDual,Walker2d-v4,3
368758,reward,3242,334.5336867083119,349.558,SF-P3O-NoDual,Walker2d-v4,3
368953,reward,3243,403.36088204501397,351.337,SF-P3O-NoDual,Walker2d-v4,3
369128,reward,3244,370.7951704443295,351.05,SF-P3O-NoDual,Walker2d-v4,3
369275,reward,3245,310.97748510571034,341.887,SF-P3O-NoDual,Walker2d-v4,3
369486,reward,3246,377.198299297261,345.175,SF-P3O-NoDual,Walker2d-v4,3
369655,reward,3247,369.4460147557968,337.515,SF-P3O-NoDual,Walker2d-v4,3
369752,reward,3248,214.0699677686309,332.696,SF-P3O-NoDual,Walker2d-v4,3
369886,reward,3249,306.63523384006237,336.533,SF-P3O-NoDual,Walker2d-v4,3
370000,speed,697.06,6.54,SF-P3O-NoDual,Walker2d-v4,3
370001,spectral,0.054073,0.961553,-1.0,SF-P3O-NoDual,Walker2d-v4,3
370196,reward,3250,484.38223224974723,345.772,SF-P3O-NoDual,Walker2d-v4,3
370330,reward,3251,294.0249582743605,346.542,SF-P3O-NoDual,Walker2d-v4,3
370512,reward,3252,386.4631609114455,351.735,SF-P3O-NoDual,Walker2d-v4,3
370688,reward,3253,102.84582310433473,321.684,SF-P3O-NoDual,Walker2d-v4,3
370911,reward,3254,411.8944067254559,325.794,SF-P3O-NoDual,Walker2d-v4,3
371087,reward,3255,365.7235139977231,331.268,SF-P3O-NoDual,Walker2d-v4,3
371217,reward,3256,306.0763396571884,324.156,SF-P3O-NoDual,Walker2d-v4,3
371365,reward,3257,304.02672357780625,317.614,SF-P3O-NoDual,Walker2d-v4,3
371545,reward,3258,360.3812543852371,332.245,SF-P3O-NoDual,Walker2d-v4,3
371772,reward,3259,409.1075799789301,342.493,SF-P3O-NoDual,Walker2d-v4,3
371959,reward,3260,421.3030421872908,336.185,SF-P3O-NoDual,Walker2d-v4,3
372108,reward,3261,337.75025011091765,340.557,SF-P3O-NoDual,Walker2d-v4,3
372301,reward,3262,370.06416139944207,338.917,SF-P3O-NoDual,Walker2d-v4,3
372449,reward,3263,320.4798388956753,360.681,SF-P3O-NoDual,Walker2d-v4,3
372603,reward,3264,309.84685769233374,350.476,SF-P3O-NoDual,Walker2d-v4,3
372772,reward,3265,363.65725756922745,350.269,SF-P3O-NoDual,Walker2d-v4,3
372974,reward,3266,425.4059876836237,362.202,SF-P3O-NoDual,Walker2d-v4,3
373170,reward,3267,403.68522179889544,372.168,SF-P3O-NoDual,Walker2d-v4,3
373316,reward,3268,334.0848014567682,369.538,SF-P3O-NoDual,Walker2d-v4,3
373488,reward,3269,370.1744311566801,365.645,SF-P3O-NoDual,Walker2d-v4,3
373672,reward,3270,342.3327844287003,357.748,SF-P3O-NoDual,Walker2d-v4,3
373847,reward,3271,370.69501656028444,361.043,SF-P3O-NoDual,Walker2d-v4,3
373982,reward,3272,279.4151030198474,351.978,SF-P3O-NoDual,Walker2d-v4,3
374139,reward,3273,320.61209887857956,351.991,SF-P3O-NoDual,Walker2d-v4,3
374353,reward,3274,137.4672069696137,334.753,SF-P3O-NoDual,Walker2d-v4,3
374720,reward,3275,576.6695205212632,356.054,SF-P3O-NoDual,Walker2d-v4,3
374926,reward,3276,419.7956743514982,355.493,SF-P3O-NoDual,Walker2d-v4,3
375079,reward,3277,341.95036524102466,349.32,SF-P3O-NoDual,Walker2d-v4,3
375284,reward,3278,374.8385899808979,353.395,SF-P3O-NoDual,Walker2d-v4,3
375509,reward,3279,447.2263338860784,361.1,SF-P3O-NoDual,Walker2d-v4,3
375689,reward,3280,350.1424610284415,361.881,SF-P3O-NoDual,Walker2d-v4,3
375939,reward,3281,438.7928633751329,368.691,SF-P3O-NoDual,Walker2d-v4,3
376124,reward,3282,350.65009891817056,375.815,SF-P3O-NoDual,Walker2d-v4,3
376287,reward,3283,335.889102217467,377.342,SF-P3O-NoDual,Walker2d-v4,3
376443,reward,3284,323.6072677740666,395.956,SF-P3O-NoDual,Walker2d-v4,3
376638,reward,3285,391.82863711855026,377.472,SF-P3O-NoDual,Walker2d-v4,3
376832,loss,0.014410342089831829,0.49294787645339966,SF-P3O-NoDual,Walker2d-v4,3
376832,diagnostics,0.0,34.47,22.2497,0.055542,0.961156,-1.0,0.094126,SF-P3O-NoDual,Walker2d-v4,3
376843,reward,3286,399.74120145139,375.467,SF-P3O-NoDual,Walker2d-v4,3
377091,reward,3287,422.60806616112336,383.532,SF-P3O-NoDual,Walker2d-v4,3
377259,reward,3288,331.44738089146114,379.193,SF-P3O-NoDual,Walker2d-v4,3
377358,reward,3289,190.14131116043612,353.485,SF-P3O-NoDual,Walker2d-v4,3
377484,reward,3290,269.725192529465,345.443,SF-P3O-NoDual,Walker2d-v4,3
377606,reward,3291,254.85390138464595,327.049,SF-P3O-NoDual,Walker2d-v4,3
377752,reward,3292,307.78754228781145,322.763,SF-P3O-NoDual,Walker2d-v4,3
377966,reward,3293,451.52584028167985,334.327,SF-P3O-NoDual,Walker2d-v4,3
378162,reward,3294,428.6057470297713,344.826,SF-P3O-NoDual,Walker2d-v4,3
378302,reward,3295,299.09995315015186,335.554,SF-P3O-NoDual,Walker2d-v4,3
378459,reward,3296,307.209632684989,326.3,SF-P3O-NoDual,Walker2d-v4,3
378622,reward,3297,366.2374039358647,320.663,SF-P3O-NoDual,Walker2d-v4,3
378829,reward,3298,378.84891591013593,325.404,SF-P3O-NoDual,Walker2d-v4,3
379016,reward,3299,353.8203885686305,341.771,SF-P3O-NoDual,Walker2d-v4,3
379154,reward,3300,299.17975237097266,344.717,SF-P3O-NoDual,Walker2d-v4,3
379323,reward,3301,338.57321578615876,353.089,SF-P3O-NoDual,Walker2d-v4,3
379515,reward,3302,376.85257123661313,359.995,SF-P3O-NoDual,Walker2d-v4,3
379694,reward,3303,345.00671915185455,349.343,SF-P3O-NoDual,Walker2d-v4,3
379870,reward,3304,355.91678484918117,342.075,SF-P3O-NoDual,Walker2d-v4,3
380000,speed,1032.41,6.7,SF-P3O-NoDual,Walker2d-v4,3
380001,spectral,0.055542,0.961156,-1.0,SF-P3O-NoDual,Walker2d-v4,3
380144,reward,3305,491.4436840937327,361.309,SF-P3O-NoDual,Walker2d-v4,3
380258,reward,3306,242.3259325663749,354.821,SF-P3O-NoDual,Walker2d-v4,3
380460,reward,3307,359.12815494381323,354.11,SF-P3O-NoDual,Walker2d-v4,3
380676,reward,3308,427.0748616443073,358.932,SF-P3O-NoDual,Walker2d-v4,3
380856,reward,3309,355.33458597403217,359.084,SF-P3O-NoDual,Walker2d-v4,3
381007,reward,3310,310.984590270469,360.264,SF-P3O-NoDual,Walker2d-v4,3
381185,reward,3311,347.3311128230166,361.14,SF-P3O-NoDual,Walker2d-v4,3
381365,reward,3312,390.4421178351387,362.499,SF-P3O-NoDual,Walker2d-v4,3
381434,reward,3313,80.97959249095987,336.096,SF-P3O-NoDual,Walker2d-v4,3
381614,reward,3314,361.449198187451,336.649,SF-P3O-NoDual,Walker2d-v4,3
381770,reward,3315,344.5950507479468,321.965,SF-P3O-NoDual,Walker2d-v4,3
381901,reward,3316,280.45426594802154,325.777,SF-P3O-NoDual,Walker2d-v4,3
382123,reward,3317,394.1147521679937,329.276,SF-P3O-NoDual,Walker2d-v4,3
382350,reward,3318,442.0548465920825,330.774,SF-P3O-NoDual,Walker2d-v4,3
382491,reward,3319,283.2791309488104,323.568,SF-P3O-NoDual,Walker2d-v4,3
382685,reward,3320,379.2382209368659,330.394,SF-P3O-NoDual,Walker2d-v4,3
382898,reward,3321,430.76311231461733,338.737,SF-P3O-NoDual,Walker2d-v4,3
383060,reward,3322,352.78537974915514,334.971,SF-P3O-NoDual,Walker2d-v4,3
383253,reward,3323,404.2505848317801,367.298,SF-P3O-NoDual,Walker2d-v4,3
383387,reward,3324,317.53543239949886,362.907,SF-P3O-NoDual,Walker2d-v4,3
383631,reward,3325,456.27468439321547,374.075,SF-P3O-NoDual,Walker2d-v4,3
383759,reward,3326,286.214824662383,374.651,SF-P3O-NoDual,Walker2d-v4,3
383918,reward,3327,337.82159110884203,369.022,SF-P3O-NoDual,Walker2d-v4,3
384066,reward,3328,330.1944851106921,357.836,SF-P3O-NoDual,Walker2d-v4,3
384244,reward,3329,310.41752877097684,360.55,SF-P3O-NoDual,Walker2d-v4,3
384394,reward,3330,335.96905911622235,356.223,SF-P3O-NoDual,Walker2d-v4,3
384541,reward,3331,315.94900406087163,344.741,SF-P3O-NoDual,Walker2d-v4,3
384693,reward,3332,293.973944195728,338.86,SF-P3O-NoDual,Walker2d-v4,3
384856,reward,3333,329.8628029176271,331.421,SF-P3O-NoDual,Walker2d-v4,3
384989,reward,3334,278.93880320532674,327.562,SF-P3O-NoDual,Walker2d-v4,3
385024,loss,-0.03748723119497299,0.6100568175315857,SF-P3O-NoDual,Walker2d-v4,3
385251,reward,3335,454.04772343458734,327.339,SF-P3O-NoDual,Walker2d-v4,3
385420,reward,3336,350.1810555997697,333.736,SF-P3O-NoDual,Walker2d-v4,3
385581,reward,3337,363.265453749058,336.28,SF-P3O-NoDual,Walker2d-v4,3
385746,reward,3338,364.04801641213703,339.665,SF-P3O-NoDual,Walker2d-v4,3
385923,reward,3339,363.1076462125297,344.934,SF-P3O-NoDual,Walker2d-v4,3
386077,reward,3340,301.18351610864346,341.456,SF-P3O-NoDual,Walker2d-v4,3
386267,reward,3341,422.16595124623564,352.077,SF-P3O-NoDual,Walker2d-v4,3
386471,reward,3342,356.26570550419956,358.307,SF-P3O-NoDual,Walker2d-v4,3
386657,reward,3343,389.11823091811647,364.232,SF-P3O-NoDual,Walker2d-v4,3
386837,reward,3344,401.2272254134267,376.461,SF-P3O-NoDual,Walker2d-v4,3
387023,reward,3345,396.68970541218283,370.725,SF-P3O-NoDual,Walker2d-v4,3
387212,reward,3346,376.5772067813246,373.365,SF-P3O-NoDual,Walker2d-v4,3
387404,reward,3347,403.0096550515822,377.339,SF-P3O-NoDual,Walker2d-v4,3
387565,reward,3348,314.24889483090874,372.359,SF-P3O-NoDual,Walker2d-v4,3
387707,reward,3349,311.37506892642955,367.186,SF-P3O-NoDual,Walker2d-v4,3
387868,reward,3350,354.0288417800542,372.471,SF-P3O-NoDual,Walker2d-v4,3
387990,reward,3351,240.05255247962103,354.259,SF-P3O-NoDual,Walker2d-v4,3
388183,reward,3352,408.9524547383259,359.528,SF-P3O-NoDual,Walker2d-v4,3
388381,reward,3353,408.18487161706156,361.435,SF-P3O-NoDual,Walker2d-v4,3
388533,reward,3354,345.08771072521967,355.821,SF-P3O-NoDual,Walker2d-v4,3
388649,reward,3355,254.44742097776,341.596,SF-P3O-NoDual,Walker2d-v4,3
388848,reward,3356,418.9583729978454,345.835,SF-P3O-NoDual,Walker2d-v4,3
389038,reward,3357,390.9225064146211,344.626,SF-P3O-NoDual,Walker2d-v4,3
389304,reward,3358,492.6833898138508,362.469,SF-P3O-NoDual,Walker2d-v4,3
389444,reward,3359,307.3853823970158,362.07,SF-P3O-NoDual,Walker2d-v4,3
389570,reward,3360,251.93064541796585,351.861,SF-P3O-NoDual,Walker2d-v4,3
389760,reward,3361,404.90916164121444,368.346,SF-P3O-NoDual,Walker2d-v4,3
389937,reward,3362,359.83447254896174,363.434,SF-P3O-NoDual,Walker2d-v4,3
390000,speed,1023.92,6.86,SF-P3O-NoDual,Walker2d-v4,3
390001,spectral,0.056536,0.960987,-1.0,SF-P3O-NoDual,Walker2d-v4,3
390111,reward,3363,385.7865706751906,361.195,SF-P3O-NoDual,Walker2d-v4,3
390224,reward,3364,243.91354800850974,351.077,SF-P3O-NoDual,Walker2d-v4,3
390386,reward,3365,311.98850792362737,356.831,SF-P3O-NoDual,Walker2d-v4,3
390542,reward,3366,320.3276702155012,346.968,SF-P3O-NoDual,Walker2d-v4,3
390739,reward,3367,389.1382763478511,346.79,SF-P3O-NoDual,Walker2d-v4,3
390956,reward,3368,438.8225505836719,341.404,SF-P3O-NoDual,Walker2d-v4,3
391088,reward,3369,287.2919436901854,339.394,SF-P3O-NoDual,Walker2d-v4,3
391226,reward,3370,310.63150486617354,345.264,SF-P3O-NoDual,Walker2d-v4,3
391362,reward,3371,279.8966131962403,332.763,SF-P3O-NoDual,Walker2d-v4,3
391535,reward,3372,395.94960907520044,336.375,SF-P3O-NoDual,Walker2d-v4,3
391745,reward,3373,369.29629665375063,334.726,SF-P3O-NoDual,Walker2d-v4,3
391967,reward,3374,442.3625806336778,354.571,SF-P3O-NoDual,Walker2d-v4,3
392122,reward,3375,296.308073524792,353.003,SF-P3O-NoDual,Walker2d-v4,3
392205,reward,3376,151.81674128721932,336.151,SF-P3O-NoDual,Walker2d-v4,3
392335,reward,3377,246.10531185726305,321.848,SF-P3O-NoDual,Walker2d-v4,3
392514,reward,3378,337.5482956725303,311.721,SF-P3O-NoDual,Walker2d-v4,3
392700,reward,3379,382.1738195051516,321.209,SF-P3O-NoDual,Walker2d-v4,3
392903,reward,3380,377.19781536932095,327.866,SF-P3O-NoDual,Walker2d-v4,3
393043,reward,3381,276.4807891591751,327.524,SF-P3O-NoDual,Walker2d-v4,3
393216,loss,-0.02011316642165184,1.628565788269043,SF-P3O-NoDual,Walker2d-v4,3
393216,diagnostics,0.0,34.79,117.523,0.057858,0.960594,-1.0,0.091158,SF-P3O-NoDual,Walker2d-v4,3
393222,reward,3382,373.95636205511437,325.325,SF-P3O-NoDual,Walker2d-v4,3
393377,reward,3383,328.6554490690085,321.261,SF-P3O-NoDual,Walker2d-v4,3
393526,reward,3384,336.3035195476387,310.655,SF-P3O-NoDual,Walker2d-v4,3
393644,reward,3385,241.99143289426874,305.223,SF-P3O-NoDual,Walker2d-v4,3
393848,reward,3386,425.82544029762823,332.624,SF-P3O-NoDual,Walker2d-v4,3
394057,reward,3387,389.7330840703859,346.987,SF-P3O-NoDual,Walker2d-v4,3
394241,reward,3388,377.1223373234458,350.944,SF-P3O-NoDual,Walker2d-v4,3
394422,reward,3389,387.99313320234705,351.526,SF-P3O-NoDual,Walker2d-v4,3
394620,reward,3390,421.5873826472088,355.965,SF-P3O-NoDual,Walker2d-v4,3
394824,reward,3391,430.92125642467533,371.409,SF-P3O-NoDual,Walker2d-v4,3
394975,reward,3392,339.92300589427657,368.006,SF-P3O-NoDual,Walker2d-v4,3
395214,reward,3393,479.1971717156102,383.06,SF-P3O-NoDual,Walker2d-v4,3
395432,reward,3394,417.13326372514166,391.143,SF-P3O-NoDual,Walker2d-v4,3
395621,reward,3395,375.88468446235265,404.532,SF-P3O-NoDual,Walker2d-v4,3
395759,reward,3396,309.07567157644297,392.857,SF-P3O-NoDual,Walker2d-v4,3
395885,reward,3397,300.5357692695862,383.937,SF-P3O-NoDual,Walker2d-v4,3
396138,reward,3398,451.1477249011088,391.34,SF-P3O-NoDual,Walker2d-v4,3
396156,reward,3399,7.912350647258324,353.332,SF-P3O-NoDual,Walker2d-v4,3
396338,reward,3400,357.62022815895347,346.935,SF-P3O-NoDual,Walker2d-v4,3
396481,reward,3401,310.9102286415223,334.934,SF-P3O-NoDual,Walker2d-v4,3
396668,reward,3402,380.7653662464999,339.018,SF-P3O-NoDual,Walker2d-v4,3
396909,reward,3403,436.1055903596315,334.709,SF-P3O-NoDual,Walker2d-v4,3
397064,reward,3404,347.3615608780202,327.732,SF-P3O-NoDual,Walker2d-v4,3
397253,reward,3405,387.8625803576574,328.93,SF-P3O-NoDual,Walker2d-v4,3
397414,reward,3406,322.6230101640254,330.284,SF-P3O-NoDual,Walker2d-v4,3
397589,reward,3407,360.35337009372773,336.266,SF-P3O-NoDual,Walker2d-v4,3
397743,reward,3408,357.70602275348773,326.922,SF-P3O-NoDual,Walker2d-v4,3
397882,reward,3409,324.8794695042638,358.619,SF-P3O-NoDual,Walker2d-v4,3
398010,reward,3410,265.04003955681543,349.361,SF-P3O-NoDual,Walker2d-v4,3
398129,reward,3411,257.8753586893531,344.057,SF-P3O-NoDual,Walker2d-v4,3
398303,reward,3412,336.30047956206863,339.611,SF-P3O-NoDual,Walker2d-v4,3
398498,reward,3413,419.16653593072925,337.917,SF-P3O-NoDual,Walker2d-v4,3
398646,reward,3414,342.09863417469495,337.391,SF-P3O-NoDual,Walker2d-v4,3
398795,reward,3415,304.4107191148065,329.045,SF-P3O-NoDual,Walker2d-v4,3
398968,reward,3416,370.24834548701716,333.808,SF-P3O-NoDual,Walker2d-v4,3
399108,reward,3417,304.31625237797977,328.204,SF-P3O-NoDual,Walker2d-v4,3
399169,reward,3418,47.388535514352476,297.172,SF-P3O-NoDual,Walker2d-v4,3
399319,reward,3419,329.29029234946876,297.614,SF-P3O-NoDual,Walker2d-v4,3
399504,reward,3420,347.90631887322354,305.9,SF-P3O-NoDual,Walker2d-v4,3
399689,reward,3421,374.6468943022364,317.577,SF-P3O-NoDual,Walker2d-v4,3
399836,reward,3422,294.9806301026998,313.445,SF-P3O-NoDual,Walker2d-v4,3
400000,speed,1039.57,7.02,SF-P3O-NoDual,Walker2d-v4,3
400001,spectral,0.057858,0.960594,-1.0,SF-P3O-NoDual,Walker2d-v4,3
400104,reward,3423,467.76042930369,318.305,SF-P3O-NoDual,Walker2d-v4,3
400271,reward,3424,394.18681357436014,323.514,SF-P3O-NoDual,Walker2d-v4,3
400456,reward,3425,390.7134738403449,332.144,SF-P3O-NoDual,Walker2d-v4,3
400581,reward,3426,247.03383257705627,319.822,SF-P3O-NoDual,Walker2d-v4,3
400754,reward,3427,358.2321742557135,325.214,SF-P3O-NoDual,Walker2d-v4,3
400884,reward,3428,261.79883705140196,346.655,SF-P3O-NoDual,Walker2d-v4,3
401060,reward,3429,412.95876795237905,355.022,SF-P3O-NoDual,Walker2d-v4,3
401223,reward,3430,307.23537146890914,350.955,SF-P3O-NoDual,Walker2d-v4,3
401364,reward,3431,297.6117626466099,343.251,SF-P3O-NoDual,Walker2d-v4,3
401408,loss,-0.02542935125529766,0.6439946889877319,SF-P3O-NoDual,Walker2d-v4,3
401521,reward,3432,321.27176087193493,345.88,SF-P3O-NoDual,Walker2d-v4,3
401682,reward,3433,353.02149019145565,334.406,SF-P3O-NoDual,Walker2d-v4,3
401828,reward,3434,297.12599487316896,324.7,SF-P3O-NoDual,Walker2d-v4,3
401963,reward,3435,295.36009479295325,315.165,SF-P3O-NoDual,Walker2d-v4,3
402106,reward,3436,306.7120386785541,321.133,SF-P3O-NoDual,Walker2d-v4,3
402406,reward,3437,501.45080452079173,335.455,SF-P3O-NoDual,Walker2d-v4,3
402543,reward,3438,300.9474027515588,339.37,SF-P3O-NoDual,Walker2d-v4,3
402665,reward,3439,279.12902120736044,325.987,SF-P3O-NoDual,Walker2d-v4,3
402789,reward,3440,273.88680079368834,322.652,SF-P3O-NoDual,Walker2d-v4,3
402935,reward,3441,290.73954855142966,321.964,SF-P3O-NoDual,Walker2d-v4,3
403126,reward,3442,434.2112682289741,333.258,SF-P3O-NoDual,Walker2d-v4,3
403270,reward,3443,312.9450630658801,329.251,SF-P3O-NoDual,Walker2d-v4,3
403398,reward,3444,259.95817218166724,325.534,SF-P3O-NoDual,Walker2d-v4,3
403556,reward,3445,276.9610810587933,323.694,SF-P3O-NoDual,Walker2d-v4,3
403669,reward,3446,234.79326151117044,316.502,SF-P3O-NoDual,Walker2d-v4,3
403855,reward,3447,378.5267370667754,304.21,SF-P3O-NoDual,Walker2d-v4,3
404036,reward,3448,425.83968578434457,316.699,SF-P3O-NoDual,Walker2d-v4,3
404214,reward,3449,394.02054980952954,328.188,SF-P3O-NoDual,Walker2d-v4,3
404356,reward,3450,315.9455143584419,332.394,SF-P3O-NoDual,Walker2d-v4,3
404503,reward,3451,314.70871964443717,334.791,SF-P3O-NoDual,Walker2d-v4,3
404651,reward,3452,306.9728561071163,322.067,SF-P3O-NoDual,Walker2d-v4,3
404817,reward,3453,366.47156125074395,327.42,SF-P3O-NoDual,Walker2d-v4,3
405010,reward,3454,350.3081702156897,336.455,SF-P3O-NoDual,Walker2d-v4,3
405162,reward,3455,340.10099877823967,342.769,SF-P3O-NoDual,Walker2d-v4,3
405313,reward,3456,311.1304146346618,350.403,SF-P3O-NoDual,Walker2d-v4,3
405468,reward,3457,368.91611348996327,349.441,SF-P3O-NoDual,Walker2d-v4,3
405629,reward,3458,340.12612349927207,340.87,SF-P3O-NoDual,Walker2d-v4,3
405767,reward,3459,295.6173639082711,331.03,SF-P3O-NoDual,Walker2d-v4,3
405873,reward,3460,203.60531111153398,319.796,SF-P3O-NoDual,Walker2d-v4,3
406013,reward,3461,290.80854798513445,317.406,SF-P3O-NoDual,Walker2d-v4,3
406160,reward,3462,298.7152316423158,316.58,SF-P3O-NoDual,Walker2d-v4,3
406330,reward,3463,353.41485782989946,315.274,SF-P3O-NoDual,Walker2d-v4,3
406547,reward,3464,413.45854250547416,321.589,SF-P3O-NoDual,Walker2d-v4,3
406723,reward,3465,422.6598380553176,329.845,SF-P3O-NoDual,Walker2d-v4,3
406879,reward,3466,353.41854473489104,334.074,SF-P3O-NoDual,Walker2d-v4,3
407018,reward,3467,304.82779649902386,327.665,SF-P3O-NoDual,Walker2d-v4,3
407199,reward,3468,350.23808571339407,328.676,SF-P3O-NoDual,Walker2d-v4,3
407350,reward,3469,325.4858058902396,331.663,SF-P3O-NoDual,Walker2d-v4,3
407504,reward,3470,292.2372855013175,340.526,SF-P3O-NoDual,Walker2d-v4,3
407678,reward,3471,446.7153537701328,356.117,SF-P3O-NoDual,Walker2d-v4,3
407828,reward,3472,309.1993974218118,357.166,SF-P3O-NoDual,Walker2d-v4,3
407998,reward,3473,334.3071082345228,355.255,SF-P3O-NoDual,Walker2d-v4,3
408210,reward,3474,423.75243771595467,356.284,SF-P3O-NoDual,Walker2d-v4,3
408391,reward,3475,381.6065660062495,352.179,SF-P3O-NoDual,Walker2d-v4,3
408573,reward,3476,381.0098484798316,354.938,SF-P3O-NoDual,Walker2d-v4,3
408749,reward,3477,377.5875464438689,362.214,SF-P3O-NoDual,Walker2d-v4,3
408905,reward,3478,365.78792416345664,363.769,SF-P3O-NoDual,Walker2d-v4,3
409153,reward,3479,479.042539212361,379.125,SF-P3O-NoDual,Walker2d-v4,3
409311,reward,3480,353.3499486424016,385.236,SF-P3O-NoDual,Walker2d-v4,3
409521,reward,3481,400.3981471144665,380.604,SF-P3O-NoDual,Walker2d-v4,3
409600,loss,0.020638357847929,0.7563660740852356,SF-P3O-NoDual,Walker2d-v4,3
409600,diagnostics,0.0,35.21,26.7301,0.060852,0.959754,-1.0,0.089356,SF-P3O-NoDual,Walker2d-v4,3
409678,reward,3482,332.3182852603295,382.916,SF-P3O-NoDual,Walker2d-v4,3
409823,reward,3483,294.87404139536335,378.973,SF-P3O-NoDual,Walker2d-v4,3
409988,reward,3484,357.7222851229294,372.37,SF-P3O-NoDual,Walker2d-v4,3
410000,speed,712.5,7.26,SF-P3O-NoDual,Walker2d-v4,3
410001,perturb,0.060852,0.959754,-1.0,136084,888,1.171846,5,SF-P3O-NoDual,Walker2d-v4,3
410171,reward,3485,386.63292453112683,372.872,SF-P3O-NoDual,Walker2d-v4,3
410323,reward,3486,334.4995480520975,368.221,SF-P3O-NoDual,Walker2d-v4,3
410499,reward,3487,406.5465837047159,371.117,SF-P3O-NoDual,Walker2d-v4,3
410642,reward,3488,318.9136100013732,366.43,SF-P3O-NoDual,Walker2d-v4,3
410777,reward,3489,296.5121399875565,348.177,SF-P3O-NoDual,Walker2d-v4,3
410941,reward,3490,308.3827780192951,343.68,SF-P3O-NoDual,Walker2d-v4,3
411129,reward,3491,421.5571771011096,345.796,SF-P3O-NoDual,Walker2d-v4,3
411296,reward,3492,358.6700256944222,348.431,SF-P3O-NoDual,Walker2d-v4,3
411465,reward,3493,370.8488150971397,356.029,SF-P3O-NoDual,Walker2d-v4,3
411617,reward,3494,351.32453568427616,355.389,SF-P3O-NoDual,Walker2d-v4,3
411760,reward,3495,309.7534948070183,347.701,SF-P3O-NoDual,Walker2d-v4,3
411950,reward,3496,401.8933091900441,354.44,SF-P3O-NoDual,Walker2d-v4,3
412142,reward,3497,380.4977739697877,351.835,SF-P3O-NoDual,Walker2d-v4,3
412300,reward,3498,370.96982353706136,357.041,SF-P3O-NoDual,Walker2d-v4,3
412441,reward,3499,341.03697473118484,361.493,SF-P3O-NoDual,Walker2d-v4,3
412586,reward,3500,320.6778630826693,362.723,SF-P3O-NoDual,Walker2d-v4,3
412764,reward,3501,344.6257007929909,355.03,SF-P3O-NoDual,Walker2d-v4,3
412881,reward,3502,260.86339992644884,345.249,SF-P3O-NoDual,Walker2d-v4,3
413089,reward,3503,416.27337483279837,349.792,SF-P3O-NoDual,Walker2d-v4,3
413312,reward,3504,442.5320464830469,358.912,SF-P3O-NoDual,Walker2d-v4,3
413443,reward,3505,291.22650106430854,357.06,SF-P3O-NoDual,Walker2d-v4,3
413593,reward,3506,338.47140289579954,350.717,SF-P3O-NoDual,Walker2d-v4,3
413729,reward,3507,316.5448520740118,344.322,SF-P3O-NoDual,Walker2d-v4,3
413876,reward,3508,302.5116791698215,337.476,SF-P3O-NoDual,Walker2d-v4,3
414103,reward,3509,460.1151945870951,349.384,SF-P3O-NoDual,Walker2d-v4,3
414263,reward,3510,373.0068449802478,354.617,SF-P3O-NoDual,Walker2d-v4,3
414512,reward,3511,178.4138627096524,337.996,SF-P3O-NoDual,Walker2d-v4,3
414748,reward,3512,440.76535710863794,355.986,SF-P3O-NoDual,Walker2d-v4,3
414857,reward,3513,221.28617531979265,336.487,SF-P3O-NoDual,Walker2d-v4,3
414971,reward,3514,237.83978580100026,316.018,SF-P3O-NoDual,Walker2d-v4,3
415136,reward,3515,352.49428564799706,322.145,SF-P3O-NoDual,Walker2d-v4,3
415329,reward,3516,442.6723771189138,332.565,SF-P3O-NoDual,Walker2d-v4,3
415491,reward,3517,341.4880827252997,335.059,SF-P3O-NoDual,Walker2d-v4,3
415675,reward,3518,406.91406610722345,345.5,SF-P3O-NoDual,Walker2d-v4,3
415821,reward,3519,308.7691367703209,330.365,SF-P3O-NoDual,Walker2d-v4,3
415965,reward,3520,313.0352918303763,324.368,SF-P3O-NoDual,Walker2d-v4,3
416126,reward,3521,338.2031142860838,340.347,SF-P3O-NoDual,Walker2d-v4,3
416154,reward,3522,22.15296699375122,298.486,SF-P3O-NoDual,Walker2d-v4,3
416313,reward,3523,342.5532487205331,310.612,SF-P3O-NoDual,Walker2d-v4,3
416483,reward,3524,375.21320853463527,324.35,SF-P3O-NoDual,Walker2d-v4,3
416684,reward,3525,400.6390724568161,329.164,SF-P3O-NoDual,Walker2d-v4,3
416887,reward,3526,403.09004267652034,325.206,SF-P3O-NoDual,Walker2d-v4,3
417039,reward,3527,315.6601501027916,322.623,SF-P3O-NoDual,Walker2d-v4,3
417207,reward,3528,378.33829204423387,319.765,SF-P3O-NoDual,Walker2d-v4,3
417336,reward,3529,274.22278564041534,316.311,SF-P3O-NoDual,Walker2d-v4,3
417471,reward,3530,294.3073957737908,314.438,SF-P3O-NoDual,Walker2d-v4,3
417635,reward,3531,344.0494444842974,315.023,SF-P3O-NoDual,Walker2d-v4,3
417758,reward,3532,290.6630099168799,341.874,SF-P3O-NoDual,Walker2d-v4,3
417792,loss,0.03859102725982666,0.5012632012367249,SF-P3O-NoDual,Walker2d-v4,3
417904,reward,3533,305.1601031614965,338.134,SF-P3O-NoDual,Walker2d-v4,3
418050,reward,3534,320.8027447668647,332.693,SF-P3O-NoDual,Walker2d-v4,3
418248,reward,3535,390.62437296481045,331.692,SF-P3O-NoDual,Walker2d-v4,3
418456,reward,3536,435.15142939116214,334.898,SF-P3O-NoDual,Walker2d-v4,3
418622,reward,3537,375.79128907062585,340.911,SF-P3O-NoDual,Walker2d-v4,3
418835,reward,3538,430.52940368282697,346.13,SF-P3O-NoDual,Walker2d-v4,3
419061,reward,3539,455.1337881829906,364.221,SF-P3O-NoDual,Walker2d-v4,3
419179,reward,3540,237.3330792868421,358.524,SF-P3O-NoDual,Walker2d-v4,3
419414,reward,3541,458.9461374237938,370.014,SF-P3O-NoDual,Walker2d-v4,3
419613,reward,3542,379.13348372038934,378.861,SF-P3O-NoDual,Walker2d-v4,3
419737,reward,3543,246.01634915138533,372.946,SF-P3O-NoDual,Walker2d-v4,3
419878,reward,3544,287.8454701023321,369.65,SF-P3O-NoDual,Walker2d-v4,3
420000,speed,1043.25,7.42,SF-P3O-NoDual,Walker2d-v4,3
420001,spectral,0.057936,0.960564,-1.0,SF-P3O-NoDual,Walker2d-v4,3
420079,reward,3545,429.273147016563,373.515,SF-P3O-NoDual,Walker2d-v4,3
420260,reward,3546,425.1098025369166,372.511,SF-P3O-NoDual,Walker2d-v4,3
420405,reward,3547,284.14024541970986,363.346,SF-P3O-NoDual,Walker2d-v4,3
420596,reward,3548,422.5102449536377,362.544,SF-P3O-NoDual,Walker2d-v4,3
420778,reward,3549,380.6076682482294,355.092,SF-P3O-NoDual,Walker2d-v4,3
420980,reward,3550,435.86822388222373,374.945,SF-P3O-NoDual,Walker2d-v4,3
421169,reward,3551,379.1196253556295,366.962,SF-P3O-NoDual,Walker2d-v4,3
421326,reward,3552,355.4213140650672,364.591,SF-P3O-NoDual,Walker2d-v4,3
421478,reward,3553,284.93475219558246,368.483,SF-P3O-NoDual,Walker2d-v4,3
421638,reward,3554,317.15464325908175,371.414,SF-P3O-NoDual,Walker2d-v4,3
421673,reward,3555,32.56355364375908,331.743,SF-P3O-NoDual,Walker2d-v4,3
421853,reward,3556,396.55909966212215,328.888,SF-P3O-NoDual,Walker2d-v4,3
422032,reward,3557,387.57125638894865,339.231,SF-P3O-NoDual,Walker2d-v4,3
422169,reward,3558,323.2901989771637,329.309,SF-P3O-NoDual,Walker2d-v4,3
422355,reward,3559,421.6003066307462,333.408,SF-P3O-NoDual,Walker2d-v4,3
422560,reward,3560,429.7424023636104,332.796,SF-P3O-NoDual,Walker2d-v4,3
422665,reward,3561,177.16856167819753,312.601,SF-P3O-NoDual,Walker2d-v4,3
422829,reward,3562,368.21040064988244,313.88,SF-P3O-NoDual,Walker2d-v4,3
422972,reward,3563,336.6788433654905,319.054,SF-P3O-NoDual,Walker2d-v4,3
423118,reward,3564,313.4863002963896,318.687,SF-P3O-NoDual,Walker2d-v4,3
423277,reward,3565,364.3761094954714,351.868,SF-P3O-NoDual,Walker2d-v4,3
423408,reward,3566,316.82075089016354,343.895,SF-P3O-NoDual,Walker2d-v4,3
423530,reward,3567,282.55629451769875,333.393,SF-P3O-NoDual,Walker2d-v4,3
423705,reward,3568,404.91587588764486,341.556,SF-P3O-NoDual,Walker2d-v4,3
423882,reward,3569,407.3273611896361,340.128,SF-P3O-NoDual,Walker2d-v4,3
424070,reward,3570,398.5002749459989,337.004,SF-P3O-NoDual,Walker2d-v4,3
424188,reward,3571,313.39661678163924,350.627,SF-P3O-NoDual,Walker2d-v4,3
424419,reward,3572,463.7693023370283,360.183,SF-P3O-NoDual,Walker2d-v4,3
424581,reward,3573,353.1982041215147,361.835,SF-P3O-NoDual,Walker2d-v4,3
424743,reward,3574,332.9490872578787,363.781,SF-P3O-NoDual,Walker2d-v4,3
424891,reward,3575,315.46757193611916,358.89,SF-P3O-NoDual,Walker2d-v4,3
425090,reward,3576,441.01102343526264,371.309,SF-P3O-NoDual,Walker2d-v4,3
425272,reward,3577,414.9675761917952,384.55,SF-P3O-NoDual,Walker2d-v4,3
425587,reward,3578,534.472951067729,397.506,SF-P3O-NoDual,Walker2d-v4,3
425810,reward,3579,386.2506993521293,395.398,SF-P3O-NoDual,Walker2d-v4,3
425984,loss,-0.005411555990576744,0.7255600690841675,SF-P3O-NoDual,Walker2d-v4,3
425984,diagnostics,0.0,35.77,33.3997,0.059395,0.960165,-1.0,0.092758,SF-P3O-NoDual,Walker2d-v4,3
425991,reward,3580,369.762655065094,392.525,SF-P3O-NoDual,Walker2d-v4,3
426105,reward,3581,244.75153485778014,385.66,SF-P3O-NoDual,Walker2d-v4,3
426289,reward,3582,367.38233443115786,376.021,SF-P3O-NoDual,Walker2d-v4,3
426448,reward,3583,368.04105303644775,377.506,SF-P3O-NoDual,Walker2d-v4,3
426622,reward,3584,369.5636188642677,381.167,SF-P3O-NoDual,Walker2d-v4,3
426809,reward,3585,411.37584894750677,390.758,SF-P3O-NoDual,Walker2d-v4,3
426977,reward,3586,397.60217407231306,386.417,SF-P3O-NoDual,Walker2d-v4,3
427115,reward,3587,313.4591294368837,376.266,SF-P3O-NoDual,Walker2d-v4,3
427279,reward,3588,395.27635989360664,362.347,SF-P3O-NoDual,Walker2d-v4,3
427404,reward,3589,284.79719253432023,352.201,SF-P3O-NoDual,Walker2d-v4,3
427571,reward,3590,343.10411001373075,349.535,SF-P3O-NoDual,Walker2d-v4,3
427759,reward,3591,395.42838306635946,364.603,SF-P3O-NoDual,Walker2d-v4,3
427970,reward,3592,475.5142584258372,375.416,SF-P3O-NoDual,Walker2d-v4,3
428128,reward,3593,373.7459190675114,375.987,SF-P3O-NoDual,Walker2d-v4,3
428267,reward,3594,318.3112849517471,370.861,SF-P3O-NoDual,Walker2d-v4,3
428391,reward,3595,292.82041513046113,359.006,SF-P3O-NoDual,Walker2d-v4,3
428555,reward,3596,375.1416311001635,356.76,SF-P3O-NoDual,Walker2d-v4,3
428725,reward,3597,358.95589229589126,361.31,SF-P3O-NoDual,Walker2d-v4,3
428878,reward,3598,359.9859735940699,357.781,SF-P3O-NoDual,Walker2d-v4,3
429036,reward,3599,353.49032896023965,364.65,SF-P3O-NoDual,Walker2d-v4,3
429237,reward,3600,434.9018479205962,373.83,SF-P3O-NoDual,Walker2d-v4,3
429376,reward,3601,322.9599014804448,366.583,SF-P3O-NoDual,Walker2d-v4,3
429582,reward,3602,456.17527349325394,364.649,SF-P3O-NoDual,Walker2d-v4,3
429750,reward,3603,392.8763340024441,366.562,SF-P3O-NoDual,Walker2d-v4,3
429922,reward,3604,393.25117300354435,374.056,SF-P3O-NoDual,Walker2d-v4,3
430000,speed,1045.24,7.58,SF-P3O-NoDual,Walker2d-v4,3
430001,spectral,0.059395,0.960165,-1.0,SF-P3O-NoDual,Walker2d-v4,3
430065,reward,3605,358.518654352597,380.626,SF-P3O-NoDual,Walker2d-v4,3
430209,reward,3606,258.59848120070586,368.971,SF-P3O-NoDual,Walker2d-v4,3
430392,reward,3607,379.94130687541895,371.07,SF-P3O-NoDual,Walker2d-v4,3
430566,reward,3608,374.447792661422,372.516,SF-P3O-NoDual,Walker2d-v4,3
430651,reward,3609,166.46755805035073,353.814,SF-P3O-NoDual,Walker2d-v4,3
430842,reward,3610,395.27561088629136,349.851,SF-P3O-NoDual,Walker2d-v4,3
431043,reward,3611,396.2525279323409,357.18,SF-P3O-NoDual,Walker2d-v4,3
431255,reward,3612,446.97206684744975,356.26,SF-P3O-NoDual,Walker2d-v4,3
431421,reward,3613,369.547402600528,353.927,SF-P3O-NoDual,Walker2d-v4,3
431551,reward,3614,262.3779097735204,340.84,SF-P3O-NoDual,Walker2d-v4,3
431703,reward,3615,342.3956965604158,339.228,SF-P3O-NoDual,Walker2d-v4,3
431871,reward,3616,371.9675122567518,350.565,SF-P3O-NoDual,Walker2d-v4,3
432001,reward,3617,290.1802991814518,341.588,SF-P3O-NoDual,Walker2d-v4,3
432218,reward,3618,424.5802141802934,346.602,SF-P3O-NoDual,Walker2d-v4,3
432398,reward,3619,364.33373949364415,366.388,SF-P3O-NoDual,Walker2d-v4,3
432564,reward,3620,341.6433753727309,361.025,SF-P3O-NoDual,Walker2d-v4,3
432728,reward,3621,335.9506399133548,354.995,SF-P3O-NoDual,Walker2d-v4,3
432989,reward,3622,463.3292690631184,356.631,SF-P3O-NoDual,Walker2d-v4,3
433123,reward,3623,309.3543832202542,350.611,SF-P3O-NoDual,Walker2d-v4,3
433305,reward,3624,421.8310977593651,366.557,SF-P3O-NoDual,Walker2d-v4,3
433481,reward,3625,377.2099900101375,370.038,SF-P3O-NoDual,Walker2d-v4,3
433598,reward,3626,265.0135961853074,359.343,SF-P3O-NoDual,Walker2d-v4,3
433715,reward,3627,262.51870776990694,356.577,SF-P3O-NoDual,Walker2d-v4,3
433836,reward,3628,260.85315332927905,340.204,SF-P3O-NoDual,Walker2d-v4,3
434004,reward,3629,341.5247599453785,337.923,SF-P3O-NoDual,Walker2d-v4,3
434125,reward,3630,270.0777474676662,330.766,SF-P3O-NoDual,Walker2d-v4,3
434176,loss,-0.0444524772465229,0.6964864730834961,SF-P3O-NoDual,Walker2d-v4,3
434298,reward,3631,391.57042224743026,336.328,SF-P3O-NoDual,Walker2d-v4,3
434478,reward,3632,351.59367275637146,325.155,SF-P3O-NoDual,Walker2d-v4,3
434603,reward,3633,322.03556250587405,326.423,SF-P3O-NoDual,Walker2d-v4,3
434722,reward,3634,285.3308714865607,312.773,SF-P3O-NoDual,Walker2d-v4,3
434892,reward,3635,330.93313441167663,308.145,SF-P3O-NoDual,Walker2d-v4,3
435079,reward,3636,421.4445997810307,323.788,SF-P3O-NoDual,Walker2d-v4,3
435239,reward,3637,304.8882884649913,328.025,SF-P3O-NoDual,Walker2d-v4,3
435376,reward,3638,281.03327469181073,330.043,SF-P3O-NoDual,Walker2d-v4,3
435561,reward,3639,390.7453684546988,334.965,SF-P3O-NoDual,Walker2d-v4,3
435720,reward,3640,352.9306790286105,343.251,SF-P3O-NoDual,Walker2d-v4,3
435927,reward,3641,423.10097302134557,346.404,SF-P3O-NoDual,Walker2d-v4,3
436136,reward,3642,424.17592293790267,353.662,SF-P3O-NoDual,Walker2d-v4,3
436331,reward,3643,413.83523079221885,362.842,SF-P3O-NoDual,Walker2d-v4,3
436511,reward,3644,387.73329182118323,373.082,SF-P3O-NoDual,Walker2d-v4,3
436684,reward,3645,387.1639213288816,378.705,SF-P3O-NoDual,Walker2d-v4,3
436800,reward,3646,227.23338969660668,359.284,SF-P3O-NoDual,Walker2d-v4,3
437033,reward,3647,475.58033037646817,376.353,SF-P3O-NoDual,Walker2d-v4,3
437204,reward,3648,353.34406894715397,383.584,SF-P3O-NoDual,Walker2d-v4,3
437343,reward,3649,317.1483040922683,376.225,SF-P3O-NoDual,Walker2d-v4,3
437424,reward,3650,166.11593573768906,357.543,SF-P3O-NoDual,Walker2d-v4,3
437570,reward,3651,326.91393223236884,347.924,SF-P3O-NoDual,Walker2d-v4,3
437702,reward,3652,272.6686792983954,332.774,SF-P3O-NoDual,Walker2d-v4,3
437860,reward,3653,331.2940585566231,324.52,SF-P3O-NoDual,Walker2d-v4,3
438025,reward,3654,358.2053419143506,321.567,SF-P3O-NoDual,Walker2d-v4,3
438145,reward,3655,237.94753169754216,306.645,SF-P3O-NoDual,Walker2d-v4,3
438272,reward,3656,310.29574362302174,314.951,SF-P3O-NoDual,Walker2d-v4,3
438481,reward,3657,435.4629200929095,310.94,SF-P3O-NoDual,Walker2d-v4,3
438616,reward,3658,311.76099738316367,306.781,SF-P3O-NoDual,Walker2d-v4,3
438772,reward,3659,321.60013973417904,307.227,SF-P3O-NoDual,Walker2d-v4,3
438941,reward,3660,353.22769919678854,325.938,SF-P3O-NoDual,Walker2d-v4,3
439112,reward,3661,403.2991215318085,333.576,SF-P3O-NoDual,Walker2d-v4,3
439366,reward,3662,468.6745429062594,353.177,SF-P3O-NoDual,Walker2d-v4,3
439551,reward,3663,386.28731242156584,358.676,SF-P3O-NoDual,Walker2d-v4,3
439768,reward,3664,470.8201303587447,369.938,SF-P3O-NoDual,Walker2d-v4,3
439958,reward,3665,405.7111574589575,386.714,SF-P3O-NoDual,Walker2d-v4,3
440000,speed,1028.34,7.74,SF-P3O-NoDual,Walker2d-v4,3
440001,spectral,0.060888,0.959748,-1.0,SF-P3O-NoDual,Walker2d-v4,3
440110,reward,3666,343.46221142596266,390.031,SF-P3O-NoDual,Walker2d-v4,3
440252,reward,3667,300.94080523991425,376.578,SF-P3O-NoDual,Walker2d-v4,3
440453,reward,3668,409.81236423857086,386.384,SF-P3O-NoDual,Walker2d-v4,3
440652,reward,3669,425.59238862168473,396.783,SF-P3O-NoDual,Walker2d-v4,3
440908,reward,3670,530.0908815760775,414.469,SF-P3O-NoDual,Walker2d-v4,3
441047,reward,3671,323.9734535513162,406.537,SF-P3O-NoDual,Walker2d-v4,3
441218,reward,3672,384.97313237706845,398.166,SF-P3O-NoDual,Walker2d-v4,3
441356,reward,3673,312.3586342867785,390.774,SF-P3O-NoDual,Walker2d-v4,3
441512,reward,3674,324.7437227570035,376.166,SF-P3O-NoDual,Walker2d-v4,3
441634,reward,3675,270.40059247534884,362.635,SF-P3O-NoDual,Walker2d-v4,3
441850,reward,3676,449.9005042566136,373.279,SF-P3O-NoDual,Walker2d-v4,3
441956,reward,3677,196.92208508983958,362.877,SF-P3O-NoDual,Walker2d-v4,3
442087,reward,3678,303.3197017286686,352.228,SF-P3O-NoDual,Walker2d-v4,3
442234,reward,3679,339.82171579057575,343.65,SF-P3O-NoDual,Walker2d-v4,3
442356,reward,3680,242.54853258551506,314.896,SF-P3O-NoDual,Walker2d-v4,3
442368,loss,-0.09901072829961777,0.6232312917709351,SF-P3O-NoDual,Walker2d-v4,3
442368,diagnostics,0.0,36.19,21.0091,0.062381,0.959298,-1.0,0.085931,SF-P3O-NoDual,Walker2d-v4,3
442534,reward,3681,406.7248095225041,323.171,SF-P3O-NoDual,Walker2d-v4,3
442665,reward,3682,275.7811192180008,312.252,SF-P3O-NoDual,Walker2d-v4,3
442815,reward,3683,343.8012961320765,315.396,SF-P3O-NoDual,Walker2d-v4,3
442956,reward,3684,331.0116336158654,316.023,SF-P3O-NoDual,Walker2d-v4,3
443040,reward,3685,170.54337757253506,306.037,SF-P3O-NoDual,Walker2d-v4,3
443190,reward,3686,357.52945220896055,296.8,SF-P3O-NoDual,Walker2d-v4,3
443330,reward,3687,312.3459693532751,308.343,SF-P3O-NoDual,Walker2d-v4,3
443456,reward,3688,302.6836224842565,308.279,SF-P3O-NoDual,Walker2d-v4,3
443616,reward,3689,340.6112651508291,308.358,SF-P3O-NoDual,Walker2d-v4,3
443797,reward,3690,380.5656000431831,322.16,SF-P3O-NoDual,Walker2d-v4,3
443919,reward,3691,274.4468532921152,308.932,SF-P3O-NoDual,Walker2d-v4,3
444027,reward,3692,226.00898336453324,303.955,SF-P3O-NoDual,Walker2d-v4,3
444188,reward,3693,372.24850548986046,306.8,SF-P3O-NoDual,Walker2d-v4,3
444416,reward,3694,455.05479596111905,319.204,SF-P3O-NoDual,Walker2d-v4,3
444550,reward,3695,314.090290857141,333.559,SF-P3O-NoDual,Walker2d-v4,3
444660,reward,3696,217.08053521162648,319.514,SF-P3O-NoDual,Walker2d-v4,3
444852,reward,3697,428.5427715910986,331.133,SF-P3O-NoDual,Walker2d-v4,3
444987,reward,3698,319.86749191998405,332.852,SF-P3O-NoDual,Walker2d-v4,3
445149,reward,3699,344.08236121630864,333.199,SF-P3O-NoDual,Walker2d-v4,3
445306,reward,3700,390.4688662664938,334.189,SF-P3O-NoDual,Walker2d-v4,3
445487,reward,3701,407.2877904482047,347.473,SF-P3O-NoDual,Walker2d-v4,3
445668,reward,3702,383.28283772115645,363.201,SF-P3O-NoDual,Walker2d-v4,3
445847,reward,3703,350.5114361907697,361.027,SF-P3O-NoDual,Walker2d-v4,3
445977,reward,3704,292.74347007646065,344.796,SF-P3O-NoDual,Walker2d-v4,3
446285,reward,3705,475.48738573495604,360.935,SF-P3O-NoDual,Walker2d-v4,3
446400,reward,3706,269.5360585419473,366.181,SF-P3O-NoDual,Walker2d-v4,3
446553,reward,3707,350.73715150294424,358.4,SF-P3O-NoDual,Walker2d-v4,3
446696,reward,3708,326.89585061058705,359.103,SF-P3O-NoDual,Walker2d-v4,3
446890,reward,3709,396.48278241643237,364.343,SF-P3O-NoDual,Walker2d-v4,3
447041,reward,3710,340.02816782685494,359.299,SF-P3O-NoDual,Walker2d-v4,3
447165,reward,3711,273.5504975681433,345.926,SF-P3O-NoDual,Walker2d-v4,3
447297,reward,3712,298.2875800127871,337.426,SF-P3O-NoDual,Walker2d-v4,3
447438,reward,3713,346.01436530272315,336.976,SF-P3O-NoDual,Walker2d-v4,3
447574,reward,3714,308.6506375620847,338.567,SF-P3O-NoDual,Walker2d-v4,3
447705,reward,3715,279.827356636164,319.001,SF-P3O-NoDual,Walker2d-v4,3
447825,reward,3716,261.53708838521123,318.201,SF-P3O-NoDual,Walker2d-v4,3
447981,reward,3717,328.1597703832715,315.943,SF-P3O-NoDual,Walker2d-v4,3
448097,reward,3718,250.67499491845493,308.321,SF-P3O-NoDual,Walker2d-v4,3
448233,reward,3719,300.0110920924936,298.674,SF-P3O-NoDual,Walker2d-v4,3
448388,reward,3720,343.33884336458715,299.005,SF-P3O-NoDual,Walker2d-v4,3
448519,reward,3721,305.04518398181824,302.155,SF-P3O-NoDual,Walker2d-v4,3
448692,reward,3722,402.11768210050843,312.538,SF-P3O-NoDual,Walker2d-v4,3
448863,reward,3723,380.7300841394512,316.009,SF-P3O-NoDual,Walker2d-v4,3
449092,reward,3724,456.98995374430217,330.843,SF-P3O-NoDual,Walker2d-v4,3
449219,reward,3725,288.72173479338954,331.733,SF-P3O-NoDual,Walker2d-v4,3
449396,reward,3726,395.63603777132147,345.143,SF-P3O-NoDual,Walker2d-v4,3
449565,reward,3727,357.0843860384172,348.035,SF-P3O-NoDual,Walker2d-v4,3
449691,reward,3728,276.09312832978924,350.577,SF-P3O-NoDual,Walker2d-v4,3
449803,reward,3729,246.85553637365803,345.261,SF-P3O-NoDual,Walker2d-v4,3
449970,reward,3730,377.1305404830147,348.64,SF-P3O-NoDual,Walker2d-v4,3
450000,speed,1053.94,7.9,SF-P3O-NoDual,Walker2d-v4,3
450001,spectral,0.062381,0.959298,-1.0,SF-P3O-NoDual,Walker2d-v4,3
450170,reward,3731,449.0925613771289,363.045,SF-P3O-NoDual,Walker2d-v4,3
450326,reward,3732,336.68791017980664,356.502,SF-P3O-NoDual,Walker2d-v4,3
450462,reward,3733,308.8122952007337,349.31,SF-P3O-NoDual,Walker2d-v4,3
450560,loss,-0.0601036436855793,0.6857974529266357,SF-P3O-NoDual,Walker2d-v4,3
450601,reward,3734,301.02110280361507,333.714,SF-P3O-NoDual,Walker2d-v4,3
450766,reward,3735,101.71443882308367,315.013,SF-P3O-NoDual,Walker2d-v4,3
450890,reward,3736,273.63539977768704,302.813,SF-P3O-NoDual,Walker2d-v4,3
451105,reward,3737,417.4449513920178,308.849,SF-P3O-NoDual,Walker2d-v4,3
451312,reward,3738,429.42581634170034,324.182,SF-P3O-NoDual,Walker2d-v4,3
451487,reward,3739,360.1983878699891,335.516,SF-P3O-NoDual,Walker2d-v4,3
451604,reward,3740,244.5381822421212,322.257,SF-P3O-NoDual,Walker2d-v4,3
451721,reward,3741,228.30026050357205,300.178,SF-P3O-NoDual,Walker2d-v4,3
451866,reward,3742,319.57406656035187,298.466,SF-P3O-NoDual,Walker2d-v4,3
452055,reward,3743,430.11504844350054,310.597,SF-P3O-NoDual,Walker2d-v4,3
452214,reward,3744,302.6541930703695,310.76,SF-P3O-NoDual,Walker2d-v4,3
452344,reward,3745,301.1047458864164,330.699,SF-P3O-NoDual,Walker2d-v4,3
452676,reward,3746,571.31397195814,360.467,SF-P3O-NoDual,Walker2d-v4,3
452834,reward,3747,361.0502335727442,354.827,SF-P3O-NoDual,Walker2d-v4,3
452940,reward,3748,223.12936648368694,334.198,SF-P3O-NoDual,Walker2d-v4,3
453101,reward,3749,378.3214432514969,336.01,SF-P3O-NoDual,Walker2d-v4,3
453266,reward,3750,371.6790689036382,348.724,SF-P3O-NoDual,Walker2d-v4,3
453411,reward,3751,312.87623863779874,357.182,SF-P3O-NoDual,Walker2d-v4,3
453553,reward,3752,289.37760228907536,354.162,SF-P3O-NoDual,Walker2d-v4,3
453742,reward,3753,404.59311007382763,351.61,SF-P3O-NoDual,Walker2d-v4,3
453923,reward,3754,412.740066541527,362.619,SF-P3O-NoDual,Walker2d-v4,3
454124,reward,3755,420.28963969808706,374.537,SF-P3O-NoDual,Walker2d-v4,3
454296,reward,3756,384.8184339021421,355.888,SF-P3O-NoDual,Walker2d-v4,3
454497,reward,3757,433.96956022738135,363.179,SF-P3O-NoDual,Walker2d-v4,3
454640,reward,3758,306.5241715672902,371.519,SF-P3O-NoDual,Walker2d-v4,3
454651,reward,3759,0.5627283831818553,333.743,SF-P3O-NoDual,Walker2d-v4,3
454804,reward,3760,354.29120480205285,332.004,SF-P3O-NoDual,Walker2d-v4,3
454945,reward,3761,342.43702027055303,334.96,SF-P3O-NoDual,Walker2d-v4,3
455087,reward,3762,307.6263035238578,336.785,SF-P3O-NoDual,Walker2d-v4,3
455172,reward,3763,171.54764119122123,313.481,SF-P3O-NoDual,Walker2d-v4,3
455336,reward,3764,370.2350126813526,309.23,SF-P3O-NoDual,Walker2d-v4,3
455530,reward,3765,393.87330423192356,306.589,SF-P3O-NoDual,Walker2d-v4,3
455708,reward,3766,394.5903714687346,307.566,SF-P3O-NoDual,Walker2d-v4,3
455852,reward,3767,307.37400622938253,294.906,SF-P3O-NoDual,Walker2d-v4,3
455983,reward,3768,307.100125358633,294.964,SF-P3O-NoDual,Walker2d-v4,3
456095,reward,3769,219.73786368523088,316.881,SF-P3O-NoDual,Walker2d-v4,3
456299,reward,3770,441.5609902073523,325.608,SF-P3O-NoDual,Walker2d-v4,3
456439,reward,3771,348.3046320001211,326.195,SF-P3O-NoDual,Walker2d-v4,3
456571,reward,3772,310.60177798284576,326.493,SF-P3O-NoDual,Walker2d-v4,3
456689,reward,3773,247.37006423699634,334.075,SF-P3O-NoDual,Walker2d-v4,3
456831,reward,3774,338.80192439704604,330.932,SF-P3O-NoDual,Walker2d-v4,3
456952,reward,3775,262.7957441129457,317.824,SF-P3O-NoDual,Walker2d-v4,3
457090,reward,3776,283.01823150676836,306.667,SF-P3O-NoDual,Walker2d-v4,3
457232,reward,3777,298.65559992488556,305.795,SF-P3O-NoDual,Walker2d-v4,3
457465,reward,3778,464.256829643081,321.51,SF-P3O-NoDual,Walker2d-v4,3
457597,reward,3779,287.4947158886128,328.286,SF-P3O-NoDual,Walker2d-v4,3
457734,reward,3780,315.93026951618793,315.723,SF-P3O-NoDual,Walker2d-v4,3
457898,reward,3781,388.5509096269251,319.748,SF-P3O-NoDual,Walker2d-v4,3
458090,reward,3782,395.52138993053444,328.24,SF-P3O-NoDual,Walker2d-v4,3
458228,reward,3783,311.8652159245387,334.689,SF-P3O-NoDual,Walker2d-v4,3
458405,reward,3784,391.9493718561148,340.004,SF-P3O-NoDual,Walker2d-v4,3
458604,reward,3785,389.6304003712176,352.687,SF-P3O-NoDual,Walker2d-v4,3
458752,loss,0.036673739552497864,0.9043667912483215,SF-P3O-NoDual,Walker2d-v4,3
458752,diagnostics,0.0,36.74,34.1359,0.065873,0.958359,-1.0,0.084566,SF-P3O-NoDual,Walker2d-v4,3
458793,reward,3786,383.09728614693154,362.695,SF-P3O-NoDual,Walker2d-v4,3
459025,reward,3787,431.51255750655025,375.981,SF-P3O-NoDual,Walker2d-v4,3
459191,reward,3788,387.50373726067517,368.306,SF-P3O-NoDual,Walker2d-v4,3
459340,reward,3789,319.7863106803002,371.535,SF-P3O-NoDual,Walker2d-v4,3
459478,reward,3790,308.61205015740074,370.803,SF-P3O-NoDual,Walker2d-v4,3
459631,reward,3791,326.27140371986263,364.575,SF-P3O-NoDual,Walker2d-v4,3
459762,reward,3792,305.21564559322485,355.544,SF-P3O-NoDual,Walker2d-v4,3
459951,reward,3793,425.15663587209343,366.874,SF-P3O-NoDual,Walker2d-v4,3
460000,speed,708.91,8.13,SF-P3O-NoDual,Walker2d-v4,3
460001,perturb,0.065873,0.958359,-1.0,267144,900,2.240607,6,SF-P3O-NoDual,Walker2d-v4,3
460111,reward,3794,343.17589317708274,361.996,SF-P3O-NoDual,Walker2d-v4,3
460281,reward,3795,402.446146892879,363.278,SF-P3O-NoDual,Walker2d-v4,3
460442,reward,3796,351.11552021152085,360.08,SF-P3O-NoDual,Walker2d-v4,3
460579,reward,3797,305.357864694788,347.464,SF-P3O-NoDual,Walker2d-v4,3
460726,reward,3798,351.1219452240998,343.826,SF-P3O-NoDual,Walker2d-v4,3
460845,reward,3799,267.38196542530704,338.586,SF-P3O-NoDual,Walker2d-v4,3
461068,reward,3800,482.77744910271167,356.002,SF-P3O-NoDual,Walker2d-v4,3
461189,reward,3801,262.1630687308423,349.591,SF-P3O-NoDual,Walker2d-v4,3
461434,reward,3802,481.9085369105304,367.261,SF-P3O-NoDual,Walker2d-v4,3
461612,reward,3803,394.5064053008292,364.195,SF-P3O-NoDual,Walker2d-v4,3
461740,reward,3804,321.3670242130121,362.015,SF-P3O-NoDual,Walker2d-v4,3
461867,reward,3805,298.89298405387194,351.659,SF-P3O-NoDual,Walker2d-v4,3
462014,reward,3806,365.38531977460104,353.086,SF-P3O-NoDual,Walker2d-v4,3
462131,reward,3807,276.26841745816233,350.177,SF-P3O-NoDual,Walker2d-v4,3
462289,reward,3808,403.11902178254167,355.377,SF-P3O-NoDual,Walker2d-v4,3
462449,reward,3809,371.02543890798495,365.741,SF-P3O-NoDual,Walker2d-v4,3
462667,reward,3810,434.28924107684526,360.893,SF-P3O-NoDual,Walker2d-v4,3
462822,reward,3811,353.85796213258146,370.062,SF-P3O-NoDual,Walker2d-v4,3
462975,reward,3812,352.00494029391484,357.072,SF-P3O-NoDual,Walker2d-v4,3
463070,reward,3813,173.413532570613,334.962,SF-P3O-NoDual,Walker2d-v4,3
463202,reward,3814,243.97244692073545,327.223,SF-P3O-NoDual,Walker2d-v4,3
463343,reward,3815,311.43314213382547,328.477,SF-P3O-NoDual,Walker2d-v4,3
463499,reward,3816,351.68478964615406,327.107,SF-P3O-NoDual,Walker2d-v4,3
463704,reward,3817,451.31531282815143,344.612,SF-P3O-NoDual,Walker2d-v4,3
463887,reward,3818,420.26437674981275,346.326,SF-P3O-NoDual,Walker2d-v4,3
464028,reward,3819,312.43469767644297,340.467,SF-P3O-NoDual,Walker2d-v4,3
464175,reward,3820,338.4885110841058,330.887,SF-P3O-NoDual,Walker2d-v4,3
464312,reward,3821,348.7871419933887,330.38,SF-P3O-NoDual,Walker2d-v4,3
464419,reward,3822,245.1806651107135,319.697,SF-P3O-NoDual,Walker2d-v4,3
464559,reward,3823,305.41697821291274,332.898,SF-P3O-NoDual,Walker2d-v4,3
464757,reward,3824,446.6284814690582,353.163,SF-P3O-NoDual,Walker2d-v4,3
464968,reward,3825,449.392560527744,366.959,SF-P3O-NoDual,Walker2d-v4,3
465097,reward,3826,286.7119182088602,360.462,SF-P3O-NoDual,Walker2d-v4,3
465270,reward,3827,408.33417015901546,356.164,SF-P3O-NoDual,Walker2d-v4,3
465414,reward,3828,300.5840022204908,344.196,SF-P3O-NoDual,Walker2d-v4,3
465559,reward,3829,355.9104636745251,348.543,SF-P3O-NoDual,Walker2d-v4,3
465761,reward,3830,427.9237567878222,357.487,SF-P3O-NoDual,Walker2d-v4,3
465931,reward,3831,382.7672303165901,360.885,SF-P3O-NoDual,Walker2d-v4,3
466115,reward,3832,435.95927344558976,379.963,SF-P3O-NoDual,Walker2d-v4,3
466244,reward,3833,297.29643170948407,379.151,SF-P3O-NoDual,Walker2d-v4,3
466353,reward,3834,244.07199468950105,358.895,SF-P3O-NoDual,Walker2d-v4,3
466474,reward,3835,267.090299990465,340.665,SF-P3O-NoDual,Walker2d-v4,3
466640,reward,3836,368.6780058855285,348.862,SF-P3O-NoDual,Walker2d-v4,3
466786,reward,3837,362.62139079419995,344.29,SF-P3O-NoDual,Walker2d-v4,3
466944,loss,-0.0038521597161889076,0.5346303582191467,SF-P3O-NoDual,Walker2d-v4,3
466984,reward,3838,359.03591550543473,350.135,SF-P3O-NoDual,Walker2d-v4,3
467173,reward,3839,417.3983064842438,356.284,SF-P3O-NoDual,Walker2d-v4,3
467323,reward,3840,346.70281356578005,348.162,SF-P3O-NoDual,Walker2d-v4,3
467517,reward,3841,427.5366682851045,352.639,SF-P3O-NoDual,Walker2d-v4,3
467647,reward,3842,313.187849057884,340.362,SF-P3O-NoDual,Walker2d-v4,3
467792,reward,3843,347.161482931747,345.348,SF-P3O-NoDual,Walker2d-v4,3
467938,reward,3844,345.4336366290357,355.485,SF-P3O-NoDual,Walker2d-v4,3
468109,reward,3845,368.3803178718216,365.614,SF-P3O-NoDual,Walker2d-v4,3
468243,reward,3846,329.62039854660264,361.708,SF-P3O-NoDual,Walker2d-v4,3
468390,reward,3847,365.2897141517971,361.975,SF-P3O-NoDual,Walker2d-v4,3
468532,reward,3848,326.7143200761907,358.743,SF-P3O-NoDual,Walker2d-v4,3
468710,reward,3849,411.3804026176696,358.141,SF-P3O-NoDual,Walker2d-v4,3
468845,reward,3850,310.19812693125607,354.49,SF-P3O-NoDual,Walker2d-v4,3
469011,reward,3851,373.35801951483097,349.072,SF-P3O-NoDual,Walker2d-v4,3
469178,reward,3852,396.8731457312708,357.441,SF-P3O-NoDual,Walker2d-v4,3
469366,reward,3853,415.1823829661722,364.243,SF-P3O-NoDual,Walker2d-v4,3
469502,reward,3854,336.59500954335766,363.359,SF-P3O-NoDual,Walker2d-v4,3
469576,reward,3855,133.1077653595288,339.832,SF-P3O-NoDual,Walker2d-v4,3
469739,reward,3856,346.82691582982983,341.553,SF-P3O-NoDual,Walker2d-v4,3
469919,reward,3857,383.1918926829481,343.343,SF-P3O-NoDual,Walker2d-v4,3
470000,speed,1044.53,8.29,SF-P3O-NoDual,Walker2d-v4,3
470001,spectral,0.055703,0.960744,-1.0,SF-P3O-NoDual,Walker2d-v4,3
470077,reward,3858,377.21016869221097,348.392,SF-P3O-NoDual,Walker2d-v4,3
470232,reward,3859,333.21374150456467,340.576,SF-P3O-NoDual,Walker2d-v4,3
470479,reward,3860,476.11879641706344,357.168,SF-P3O-NoDual,Walker2d-v4,3
470638,reward,3861,366.20097087453206,356.452,SF-P3O-NoDual,Walker2d-v4,3
470806,reward,3862,397.7578473153246,356.541,SF-P3O-NoDual,Walker2d-v4,3
470955,reward,3863,329.0396672371679,347.926,SF-P3O-NoDual,Walker2d-v4,3
471116,reward,3864,345.82705344431974,348.849,SF-P3O-NoDual,Walker2d-v4,3
471291,reward,3865,372.3251737443755,372.771,SF-P3O-NoDual,Walker2d-v4,3
471478,reward,3866,407.2348904139762,378.812,SF-P3O-NoDual,Walker2d-v4,3
471623,reward,3867,372.3414236385373,377.727,SF-P3O-NoDual,Walker2d-v4,3
471790,reward,3868,381.1065088255431,378.117,SF-P3O-NoDual,Walker2d-v4,3
471907,reward,3869,230.20642862240763,367.816,SF-P3O-NoDual,Walker2d-v4,3
472091,reward,3870,402.13739366548714,360.418,SF-P3O-NoDual,Walker2d-v4,3
472310,reward,3871,472.33241313010467,371.031,SF-P3O-NoDual,Walker2d-v4,3
472470,reward,3872,393.00513201471404,370.556,SF-P3O-NoDual,Walker2d-v4,3
472607,reward,3873,332.1519399011128,370.867,SF-P3O-NoDual,Walker2d-v4,3
472795,reward,3874,399.7356232147266,376.258,SF-P3O-NoDual,Walker2d-v4,3
472955,reward,3875,375.99229721585715,376.624,SF-P3O-NoDual,Walker2d-v4,3
473122,reward,3876,381.5019801948594,374.051,SF-P3O-NoDual,Walker2d-v4,3
473362,reward,3877,493.8970767187899,386.207,SF-P3O-NoDual,Walker2d-v4,3
473543,reward,3878,414.87172189709423,389.583,SF-P3O-NoDual,Walker2d-v4,3
473781,reward,3879,466.2628337671838,413.189,SF-P3O-NoDual,Walker2d-v4,3
473926,reward,3880,370.0980481392339,409.985,SF-P3O-NoDual,Walker2d-v4,3
474053,reward,3881,282.0760942440443,390.959,SF-P3O-NoDual,Walker2d-v4,3
474196,reward,3882,350.10294683425127,386.669,SF-P3O-NoDual,Walker2d-v4,3
474367,reward,3883,370.69471721141645,390.523,SF-P3O-NoDual,Walker2d-v4,3
474561,reward,3884,382.6951180038972,388.819,SF-P3O-NoDual,Walker2d-v4,3
474740,reward,3885,373.93443869946145,388.613,SF-P3O-NoDual,Walker2d-v4,3
474856,reward,3886,232.68680544100008,373.732,SF-P3O-NoDual,Walker2d-v4,3
475054,reward,3887,398.9217602277568,364.234,SF-P3O-NoDual,Walker2d-v4,3
475136,loss,0.06923481076955795,0.6763076782226562,SF-P3O-NoDual,Walker2d-v4,3
475136,diagnostics,0.0,37.35,28.8929,0.057396,0.960272,-1.0,0.084187,SF-P3O-NoDual,Walker2d-v4,3
475202,reward,3888,372.0039810841303,359.948,SF-P3O-NoDual,Walker2d-v4,3
475327,reward,3889,293.76046649738953,342.697,SF-P3O-NoDual,Walker2d-v4,3
475554,reward,3890,446.40738404525365,350.328,SF-P3O-NoDual,Walker2d-v4,3
475725,reward,3891,409.7558831491737,363.096,SF-P3O-NoDual,Walker2d-v4,3
475909,reward,3892,429.3848280505921,371.025,SF-P3O-NoDual,Walker2d-v4,3
476048,reward,3893,314.96291904182726,365.451,SF-P3O-NoDual,Walker2d-v4,3
476187,reward,3894,313.1862825329313,358.5,SF-P3O-NoDual,Walker2d-v4,3
476335,reward,3895,352.04062209629654,356.311,SF-P3O-NoDual,Walker2d-v4,3
476537,reward,3896,438.64426263463037,376.907,SF-P3O-NoDual,Walker2d-v4,3
476732,reward,3897,437.0816185023594,380.723,SF-P3O-NoDual,Walker2d-v4,3
476895,reward,3898,406.3118805802254,384.154,SF-P3O-NoDual,Walker2d-v4,3
476985,reward,3899,170.5140485540685,371.829,SF-P3O-NoDual,Walker2d-v4,3
477141,reward,3900,372.5562953979729,364.444,SF-P3O-NoDual,Walker2d-v4,3
477246,reward,3901,170.44983014280334,340.513,SF-P3O-NoDual,Walker2d-v4,3
477409,reward,3902,408.3175862253657,338.407,SF-P3O-NoDual,Walker2d-v4,3
477612,reward,3903,452.9061613639023,352.201,SF-P3O-NoDual,Walker2d-v4,3
477752,reward,3904,73.46044876406565,328.228,SF-P3O-NoDual,Walker2d-v4,3
477935,reward,3905,419.2916505203295,334.953,SF-P3O-NoDual,Walker2d-v4,3
478091,reward,3906,376.0786702878328,328.697,SF-P3O-NoDual,Walker2d-v4,3
478231,reward,3907,348.76020130406965,319.865,SF-P3O-NoDual,Walker2d-v4,3
478325,reward,3908,193.82938343629093,298.616,SF-P3O-NoDual,Walker2d-v4,3
478644,reward,3909,569.3973050994992,338.505,SF-P3O-NoDual,Walker2d-v4,3
478835,reward,3910,427.21919213094935,343.971,SF-P3O-NoDual,Walker2d-v4,3
478976,reward,3911,355.70697285955464,362.497,SF-P3O-NoDual,Walker2d-v4,3
479191,reward,3912,483.0881748812894,369.974,SF-P3O-NoDual,Walker2d-v4,3
479307,reward,3913,269.47136334481223,351.63,SF-P3O-NoDual,Walker2d-v4,3
479410,reward,3914,242.58115113658664,368.542,SF-P3O-NoDual,Walker2d-v4,3
479520,reward,3915,263.10360408616293,352.924,SF-P3O-NoDual,Walker2d-v4,3
479666,reward,3916,360.0753066653086,351.323,SF-P3O-NoDual,Walker2d-v4,3
479797,reward,3917,316.5160042328624,348.099,SF-P3O-NoDual,Walker2d-v4,3
479990,reward,3918,421.2491395824926,370.841,SF-P3O-NoDual,Walker2d-v4,3
480000,speed,1017.77,8.46,SF-P3O-NoDual,Walker2d-v4,3
480001,spectral,0.057396,0.960272,-1.0,SF-P3O-NoDual,Walker2d-v4,3
480124,reward,3919,309.3285281119078,344.834,SF-P3O-NoDual,Walker2d-v4,3
480294,reward,3920,392.5438002039591,341.366,SF-P3O-NoDual,Walker2d-v4,3
480469,reward,3921,398.3284045357144,345.629,SF-P3O-NoDual,Walker2d-v4,3
480638,reward,3922,398.0716356442704,337.127,SF-P3O-NoDual,Walker2d-v4,3
480811,reward,3923,352.2815506744464,345.408,SF-P3O-NoDual,Walker2d-v4,3
481012,reward,3924,416.59654978064486,362.809,SF-P3O-NoDual,Walker2d-v4,3
481172,reward,3925,414.85207795910105,377.984,SF-P3O-NoDual,Walker2d-v4,3
481232,reward,3926,66.23530538167016,348.6,SF-P3O-NoDual,Walker2d-v4,3
481428,reward,3927,456.18539943042515,362.567,SF-P3O-NoDual,Walker2d-v4,3
481561,reward,3928,287.83670793157626,349.226,SF-P3O-NoDual,Walker2d-v4,3
481688,reward,3929,321.6104510500272,350.454,SF-P3O-NoDual,Walker2d-v4,3
481858,reward,3930,386.77831887890056,349.878,SF-P3O-NoDual,Walker2d-v4,3
482002,reward,3931,348.7476103525946,344.92,SF-P3O-NoDual,Walker2d-v4,3
482183,reward,3932,380.52131101690173,343.165,SF-P3O-NoDual,Walker2d-v4,3
482284,reward,3933,229.84996842302618,330.921,SF-P3O-NoDual,Walker2d-v4,3
482444,reward,3934,383.3246412209486,327.594,SF-P3O-NoDual,Walker2d-v4,3
482588,reward,3935,315.9654440370305,317.706,SF-P3O-NoDual,Walker2d-v4,3
482731,reward,3936,338.4694151790871,344.929,SF-P3O-NoDual,Walker2d-v4,3
482916,reward,3937,364.68398307760634,335.779,SF-P3O-NoDual,Walker2d-v4,3
483048,reward,3938,327.80363341365916,339.775,SF-P3O-NoDual,Walker2d-v4,3
483246,reward,3939,429.4072844480387,350.555,SF-P3O-NoDual,Walker2d-v4,3
483328,loss,0.022189496085047722,0.5442808866500854,SF-P3O-NoDual,Walker2d-v4,3
483401,reward,3940,372.2786182524257,349.105,SF-P3O-NoDual,Walker2d-v4,3
483599,reward,3941,450.4010579056825,359.271,SF-P3O-NoDual,Walker2d-v4,3
483744,reward,3942,94.25808177501084,330.644,SF-P3O-NoDual,Walker2d-v4,3
483919,reward,3943,418.55150689073497,349.514,SF-P3O-NoDual,Walker2d-v4,3
484070,reward,3944,377.5293421949885,348.935,SF-P3O-NoDual,Walker2d-v4,3
484223,reward,3945,344.6008645534743,351.798,SF-P3O-NoDual,Walker2d-v4,3
484431,reward,3946,436.25277942231816,361.577,SF-P3O-NoDual,Walker2d-v4,3
484585,reward,3947,409.6488018369135,366.073,SF-P3O-NoDual,Walker2d-v4,3
484679,reward,3948,180.21987431651812,351.315,SF-P3O-NoDual,Walker2d-v4,3
484834,reward,3949,375.7215707565245,345.946,SF-P3O-NoDual,Walker2d-v4,3
484938,reward,3950,210.19166025683998,329.738,SF-P3O-NoDual,Walker2d-v4,3
485119,reward,3951,386.07534675077096,323.305,SF-P3O-NoDual,Walker2d-v4,3
485280,reward,3952,403.81604975325274,354.261,SF-P3O-NoDual,Walker2d-v4,3
485412,reward,3953,309.4331656970163,343.349,SF-P3O-NoDual,Walker2d-v4,3
485593,reward,3954,424.2860913708368,348.025,SF-P3O-NoDual,Walker2d-v4,3
485672,reward,3955,41.230687109270114,317.688,SF-P3O-NoDual,Walker2d-v4,3
485835,reward,3956,380.208073230493,312.083,SF-P3O-NoDual,Walker2d-v4,3
485971,reward,3957,342.29730619351034,305.348,SF-P3O-NoDual,Walker2d-v4,3
486106,reward,3958,310.89387137703864,318.415,SF-P3O-NoDual,Walker2d-v4,3
486281,reward,3959,425.7717980173596,323.42,SF-P3O-NoDual,Walker2d-v4,3
486473,reward,3960,426.1541100393847,345.017,SF-P3O-NoDual,Walker2d-v4,3
486597,reward,3961,264.4495459078039,332.854,SF-P3O-NoDual,Walker2d-v4,3
486770,reward,3962,402.4739555012904,332.72,SF-P3O-NoDual,Walker2d-v4,3
486926,reward,3963,353.0820014537941,337.085,SF-P3O-NoDual,Walker2d-v4,3
487055,reward,3964,297.84129321002354,324.44,SF-P3O-NoDual,Walker2d-v4,3
487184,reward,3965,352.27643335417116,355.545,SF-P3O-NoDual,Walker2d-v4,3
487334,reward,3966,307.9196438238037,348.316,SF-P3O-NoDual,Walker2d-v4,3
487520,reward,3967,356.3217917289459,349.718,SF-P3O-NoDual,Walker2d-v4,3
487711,reward,3968,386.3776258925564,357.267,SF-P3O-NoDual,Walker2d-v4,3
487909,reward,3969,454.0105276932716,360.091,SF-P3O-NoDual,Walker2d-v4,3
488079,reward,3970,381.88975358487914,355.664,SF-P3O-NoDual,Walker2d-v4,3
488238,reward,3971,404.8591139551749,369.705,SF-P3O-NoDual,Walker2d-v4,3
488438,reward,3972,379.37924191089644,367.396,SF-P3O-NoDual,Walker2d-v4,3
488586,reward,3973,346.91822483726816,366.779,SF-P3O-NoDual,Walker2d-v4,3
488738,reward,3974,337.5947371829856,370.755,SF-P3O-NoDual,Walker2d-v4,3
488894,reward,3975,348.375974403741,370.365,SF-P3O-NoDual,Walker2d-v4,3
489106,reward,3976,483.4162138980623,387.914,SF-P3O-NoDual,Walker2d-v4,3
489299,reward,3977,400.77896639503143,392.36,SF-P3O-NoDual,Walker2d-v4,3
489405,reward,3978,249.9337016756267,378.716,SF-P3O-NoDual,Walker2d-v4,3
489516,reward,3979,240.51999980878963,357.367,SF-P3O-NoDual,Walker2d-v4,3
489688,reward,3980,398.14903672527305,358.993,SF-P3O-NoDual,Walker2d-v4,3
490000,speed,1060.41,8.61,SF-P3O-NoDual,Walker2d-v4,3
490001,spectral,0.058937,0.959901,-1.0,SF-P3O-NoDual,Walker2d-v4,3
490039,reward,3981,550.0996221379744,373.517,SF-P3O-NoDual,Walker2d-v4,3
490176,reward,3982,356.0090898902038,371.18,SF-P3O-NoDual,Walker2d-v4,3
490301,reward,3983,288.79823176533694,365.368,SF-P3O-NoDual,Walker2d-v4,3
490483,reward,3984,445.8028433141298,376.188,SF-P3O-NoDual,Walker2d-v4,3
490650,reward,3985,390.43913032448046,380.395,SF-P3O-NoDual,Walker2d-v4,3
490777,reward,3986,307.56284334780264,362.809,SF-P3O-NoDual,Walker2d-v4,3
490912,reward,3987,305.35286565957415,353.267,SF-P3O-NoDual,Walker2d-v4,3
491146,reward,3988,174.74249764285102,345.748,SF-P3O-NoDual,Walker2d-v4,3
491358,reward,3989,440.81552308637293,365.777,SF-P3O-NoDual,Walker2d-v4,3
491519,reward,3990,391.2507170363108,365.087,SF-P3O-NoDual,Walker2d-v4,3
491520,loss,-0.04161680117249489,0.5037614107131958,SF-P3O-NoDual,Walker2d-v4,3
491520,diagnostics,0.0,37.83,23.5141,0.060376,0.959518,-1.0,0.083862,SF-P3O-NoDual,Walker2d-v4,3
491624,reward,3991,177.7209970592182,327.849,SF-P3O-NoDual,Walker2d-v4,3
491766,reward,3992,348.36537840367043,327.085,SF-P3O-NoDual,Walker2d-v4,3
491926,reward,3993,369.0779639661187,335.113,SF-P3O-NoDual,Walker2d-v4,3
492076,reward,3994,341.271221383162,324.66,SF-P3O-NoDual,Walker2d-v4,3
492205,reward,3995,364.8690559691199,322.103,SF-P3O-NoDual,Walker2d-v4,3
492362,reward,3996,356.2776388169283,326.974,SF-P3O-NoDual,Walker2d-v4,3
492520,reward,3997,358.69165543505886,332.308,SF-P3O-NoDual,Walker2d-v4,3
492671,reward,3998,345.64613979454805,349.399,SF-P3O-NoDual,Walker2d-v4,3
492817,reward,3999,351.61818372846017,340.479,SF-P3O-NoDual,Walker2d-v4,3
492869,reward,4000,56.19670925607879,306.973,SF-P3O-NoDual,Walker2d-v4,3
492996,reward,4001,295.2394553242753,318.725,SF-P3O-NoDual,Walker2d-v4,3
493148,reward,4002,360.83852038711854,319.973,SF-P3O-NoDual,Walker2d-v4,3
493355,reward,4003,473.30995502301954,330.396,SF-P3O-NoDual,Walker2d-v4,3
493475,reward,4004,257.92912522930607,322.062,SF-P3O-NoDual,Walker2d-v4,3
493637,reward,4005,373.3603025707856,322.911,SF-P3O-NoDual,Walker2d-v4,3
493816,reward,4006,401.74107716932264,327.457,SF-P3O-NoDual,Walker2d-v4,3
493998,reward,4007,397.2398638828631,331.312,SF-P3O-NoDual,Walker2d-v4,3
494092,reward,4008,186.41018067623497,315.388,SF-P3O-NoDual,Walker2d-v4,3
494280,reward,4009,423.02783455075365,322.529,SF-P3O-NoDual,Walker2d-v4,3
494445,reward,4010,378.6790225258391,354.778,SF-P3O-NoDual,Walker2d-v4,3
494574,reward,4011,314.6245312491346,356.716,SF-P3O-NoDual,Walker2d-v4,3
494724,reward,4012,343.84159535593903,355.016,SF-P3O-NoDual,Walker2d-v4,3
494885,reward,4013,355.47960829172655,343.233,SF-P3O-NoDual,Walker2d-v4,3
495053,reward,4014,403.3356461484054,357.774,SF-P3O-NoDual,Walker2d-v4,3
495214,reward,4015,351.9083022376663,355.629,SF-P3O-NoDual,Walker2d-v4,3
495339,reward,4016,290.96038128855395,344.551,SF-P3O-NoDual,Walker2d-v4,3
495492,reward,4017,385.8552938686187,343.412,SF-P3O-NoDual,Walker2d-v4,3
495623,reward,4018,330.89596135023714,357.861,SF-P3O-NoDual,Walker2d-v4,3
495761,reward,4019,314.56967501088127,347.015,SF-P3O-NoDual,Walker2d-v4,3
495905,reward,4020,334.4399455781884,342.591,SF-P3O-NoDual,Walker2d-v4,3
496062,reward,4021,339.5992658950668,345.089,SF-P3O-NoDual,Walker2d-v4,3
496244,reward,4022,399.5312601050072,350.658,SF-P3O-NoDual,Walker2d-v4,3
496366,reward,4023,251.09394606330795,340.219,SF-P3O-NoDual,Walker2d-v4,3
496558,reward,4024,423.69177166475885,342.255,SF-P3O-NoDual,Walker2d-v4,3
496724,reward,4025,419.9413010483313,349.058,SF-P3O-NoDual,Walker2d-v4,3
496866,reward,4026,368.09968153064875,356.772,SF-P3O-NoDual,Walker2d-v4,3
497079,reward,4027,474.1443003777814,365.601,SF-P3O-NoDual,Walker2d-v4,3
497215,reward,4028,338.20180393568194,366.331,SF-P3O-NoDual,Walker2d-v4,3
497390,reward,4029,372.15539785122314,372.09,SF-P3O-NoDual,Walker2d-v4,3
497530,reward,4030,307.89333992963316,369.435,SF-P3O-NoDual,Walker2d-v4,3
497643,reward,4031,254.08296908210042,360.884,SF-P3O-NoDual,Walker2d-v4,3
497786,reward,4032,328.1821762770104,353.749,SF-P3O-NoDual,Walker2d-v4,3
497948,reward,4033,387.7142531078479,367.411,SF-P3O-NoDual,Walker2d-v4,3
498096,reward,4034,358.29449764972503,360.871,SF-P3O-NoDual,Walker2d-v4,3
498287,reward,4035,427.061995068655,361.583,SF-P3O-NoDual,Walker2d-v4,3
498403,reward,4036,261.4049247555434,350.914,SF-P3O-NoDual,Walker2d-v4,3
498560,reward,4037,382.98153159107807,341.797,SF-P3O-NoDual,Walker2d-v4,3
498691,reward,4038,328.54762948200374,340.832,SF-P3O-NoDual,Walker2d-v4,3
498824,reward,4039,303.84610380770795,334.001,SF-P3O-NoDual,Walker2d-v4,3
498944,reward,4040,76.96527650926193,310.908,SF-P3O-NoDual,Walker2d-v4,3
499146,reward,4041,401.27143755089986,325.627,SF-P3O-NoDual,Walker2d-v4,3
499308,reward,4042,412.17228072268614,334.026,SF-P3O-NoDual,Walker2d-v4,3
499451,reward,4043,299.3307383896866,325.188,SF-P3O-NoDual,Walker2d-v4,3
499611,reward,4044,371.11261556189345,326.469,SF-P3O-NoDual,Walker2d-v4,3
499712,loss,-0.043134115636348724,0.6265435218811035,SF-P3O-NoDual,Walker2d-v4,3
499785,reward,4045,433.46349407779957,327.11,SF-P3O-NoDual,Walker2d-v4,3
499953,reward,4046,383.1527705176105,339.284,SF-P3O-NoDual,Walker2d-v4,3
500000,speed,717.99,8.85,SF-P3O-NoDual,Walker2d-v4,3
500001,spectral,0.062109,0.958998,-1.0,SF-P3O-NoDual,Walker2d-v4,3
500141,reward,4047,451.63920838621505,346.15,SF-P3O-NoDual,Walker2d-v4,3
500330,reward,4048,445.5751003088167,357.853,SF-P3O-NoDual,Walker2d-v4,3
500519,reward,4049,419.83937520648885,369.452,SF-P3O-NoDual,Walker2d-v4,3
500678,reward,4050,392.89741914690325,401.045,SF-P3O-NoDual,Walker2d-v4,3
500831,reward,4051,386.3435003033059,399.553,SF-P3O-NoDual,Walker2d-v4,3
500964,reward,4052,289.08518542196214,387.244,SF-P3O-NoDual,Walker2d-v4,3
501097,reward,4053,309.16766239255975,388.228,SF-P3O-NoDual,Walker2d-v4,3
501251,reward,4054,374.23365707361023,388.54,SF-P3O-NoDual,Walker2d-v4,3
501435,reward,4055,451.6211609605915,390.356,SF-P3O-NoDual,Walker2d-v4,3
501630,reward,4056,434.9749114570248,395.538,SF-P3O-NoDual,Walker2d-v4,3
501784,reward,4057,367.7319703026455,387.147,SF-P3O-NoDual,Walker2d-v4,3
501933,reward,4058,360.01017638943955,378.591,SF-P3O-NoDual,Walker2d-v4,3
502062,reward,4059,300.1740772732739,366.624,SF-P3O-NoDual,Walker2d-v4,3
502260,reward,4060,455.2771284152226,372.862,SF-P3O-NoDual,Walker2d-v4,3
502429,reward,4061,351.3719147605391,369.365,SF-P3O-NoDual,Walker2d-v4,3
502682,reward,4062,509.39954394356573,391.396,SF-P3O-NoDual,Walker2d-v4,3
502812,reward,4063,289.38695407609777,389.418,SF-P3O-NoDual,Walker2d-v4,3
502986,reward,4064,415.49862173931723,393.545,SF-P3O-NoDual,Walker2d-v4,3
503137,reward,4065,373.56724966844394,385.739,SF-P3O-NoDual,Walker2d-v4,3
503278,reward,4066,340.8802425579518,376.33,SF-P3O-NoDual,Walker2d-v4,3
503468,reward,4067,441.1916305234863,383.676,SF-P3O-NoDual,Walker2d-v4,3
503611,reward,4068,367.8114369696812,384.456,SF-P3O-NoDual,Walker2d-v4,3
503771,reward,4069,370.8057432687225,391.519,SF-P3O-NoDual,Walker2d-v4,3
503930,reward,4070,361.31578764405987,382.123,SF-P3O-NoDual,Walker2d-v4,3
504114,reward,4071,473.3174168893262,394.317,SF-P3O-NoDual,Walker2d-v4,3
504240,reward,4072,291.4802720446933,372.526,SF-P3O-NoDual,Walker2d-v4,3
504382,reward,4073,352.26795847048095,378.814,SF-P3O-NoDual,Walker2d-v4,3
504508,reward,4074,269.2003076857853,364.184,SF-P3O-NoDual,Walker2d-v4,3
504643,reward,4075,355.1274997707328,362.34,SF-P3O-NoDual,Walker2d-v4,3
504786,reward,4076,339.8857190211932,362.24,SF-P3O-NoDual,Walker2d-v4,3
504948,reward,4077,395.5749996939345,357.679,SF-P3O-NoDual,Walker2d-v4,3
505177,reward,4078,454.63987251448316,366.362,SF-P3O-NoDual,Walker2d-v4,3
505329,reward,4079,358.0110921434882,365.082,SF-P3O-NoDual,Walker2d-v4,3
505478,reward,4080,379.6925672550306,366.92,SF-P3O-NoDual,Walker2d-v4,3
505606,reward,4081,322.6989567886031,351.858,SF-P3O-NoDual,Walker2d-v4,3
505751,reward,4082,336.1550175161068,356.325,SF-P3O-NoDual,Walker2d-v4,3
505851,reward,4083,218.70963523206433,342.97,SF-P3O-NoDual,Walker2d-v4,3
505980,reward,4084,306.7112864868796,346.721,SF-P3O-NoDual,Walker2d-v4,3
506137,reward,4085,361.4239996076113,347.35,SF-P3O-NoDual,Walker2d-v4,3
506348,reward,4086,459.92753595468406,359.354,SF-P3O-NoDual,Walker2d-v4,3
506498,reward,4087,351.8543757896028,354.982,SF-P3O-NoDual,Walker2d-v4,3
506650,reward,4088,385.9029129218595,348.109,SF-P3O-NoDual,Walker2d-v4,3
506815,reward,4089,413.256222572648,353.633,SF-P3O-NoDual,Walker2d-v4,3
506977,reward,4090,393.17820786417764,354.982,SF-P3O-NoDual,Walker2d-v4,3
507101,reward,4091,297.4085185465568,352.453,SF-P3O-NoDual,Walker2d-v4,3
507233,reward,4092,323.50641039056507,351.188,SF-P3O-NoDual,Walker2d-v4,3
507384,reward,4093,348.85162979684793,364.202,SF-P3O-NoDual,Walker2d-v4,3
507535,reward,4094,369.4113912715377,370.472,SF-P3O-NoDual,Walker2d-v4,3
507739,reward,4095,436.47548798555124,377.977,SF-P3O-NoDual,Walker2d-v4,3
507901,reward,4096,355.39507634099033,367.524,SF-P3O-NoDual,Walker2d-v4,3
507904,loss,-0.01718747615814209,0.6596536636352539,SF-P3O-NoDual,Walker2d-v4,3
507904,diagnostics,0.0,38.32,17.9398,0.063643,0.958617,-1.0,0.08124,SF-P3O-NoDual,Walker2d-v4,3
508101,reward,4097,459.09795674980046,378.248,SF-P3O-NoDual,Walker2d-v4,3
508250,reward,4098,365.37859220482335,376.196,SF-P3O-NoDual,Walker2d-v4,3
508398,reward,4099,361.98041898781344,371.068,SF-P3O-NoDual,Walker2d-v4,3
508503,reward,4100,216.94301691831947,353.445,SF-P3O-NoDual,Walker2d-v4,3
508758,reward,4101,478.6367503650451,371.568,SF-P3O-NoDual,Walker2d-v4,3
508934,reward,4102,412.8993813845473,380.507,SF-P3O-NoDual,Walker2d-v4,3
509034,reward,4103,210.62090267448025,366.684,SF-P3O-NoDual,Walker2d-v4,3
509174,reward,4104,332.7595156039216,363.019,SF-P3O-NoDual,Walker2d-v4,3
509290,reward,4105,267.60188965350414,346.131,SF-P3O-NoDual,Walker2d-v4,3
509425,reward,4106,351.24118793756804,345.716,SF-P3O-NoDual,Walker2d-v4,3
509580,reward,4107,372.68092645329887,337.074,SF-P3O-NoDual,Walker2d-v4,3
509657,reward,4108,139.43586526382236,314.48,SF-P3O-NoDual,Walker2d-v4,3
509830,reward,4109,439.10051783711145,322.192,SF-P3O-NoDual,Walker2d-v4,3
509974,reward,4110,315.72349054326963,332.07,SF-P3O-NoDual,Walker2d-v4,3
510000,speed,1052.9,9.0,SF-P3O-NoDual,Walker2d-v4,3
510001,perturb,0.063643,0.958617,-1.0,201614,894,1.698977,7,SF-P3O-NoDual,Walker2d-v4,3
510112,reward,4111,320.9078347939158,316.297,SF-P3O-NoDual,Walker2d-v4,3
510306,reward,4112,397.24904097335866,314.732,SF-P3O-NoDual,Walker2d-v4,3
510500,reward,4113,435.09787949757697,337.18,SF-P3O-NoDual,Walker2d-v4,3
510634,reward,4114,324.4364443335483,336.348,SF-P3O-NoDual,Walker2d-v4,3
510799,reward,4115,403.96017170841793,349.983,SF-P3O-NoDual,Walker2d-v4,3
510961,reward,4116,389.4797356053,353.807,SF-P3O-NoDual,Walker2d-v4,3
511143,reward,4117,394.6994334519782,356.009,SF-P3O-NoDual,Walker2d-v4,3
511290,reward,4118,352.05800756884196,377.271,SF-P3O-NoDual,Walker2d-v4,3
511471,reward,4119,437.33700170794293,377.095,SF-P3O-NoDual,Walker2d-v4,3
511692,reward,4120,467.22521900264,392.245,SF-P3O-NoDual,Walker2d-v4,3
511873,reward,4121,415.34793621136055,401.689,SF-P3O-NoDual,Walker2d-v4,3
511997,reward,4122,288.6641470502315,390.831,SF-P3O-NoDual,Walker2d-v4,3
512207,reward,4123,454.58905732207836,392.78,SF-P3O-NoDual,Walker2d-v4,3
512305,reward,4124,197.40720069477723,380.077,SF-P3O-NoDual,Walker2d-v4,3
512491,reward,4125,449.7298707596821,384.654,SF-P3O-NoDual,Walker2d-v4,3
512637,reward,4126,368.48916982633193,382.555,SF-P3O-NoDual,Walker2d-v4,3
512800,reward,4127,389.7812129592285,382.063,SF-P3O-NoDual,Walker2d-v4,3
512995,reward,4128,475.0494736677502,394.362,SF-P3O-NoDual,Walker2d-v4,3
513149,reward,4129,357.1568321850339,386.344,SF-P3O-NoDual,Walker2d-v4,3
513303,reward,4130,378.34382921247163,377.456,SF-P3O-NoDual,Walker2d-v4,3
513479,reward,4131,419.76736896284757,377.898,SF-P3O-NoDual,Walker2d-v4,3
513671,reward,4132,446.968096112807,393.728,SF-P3O-NoDual,Walker2d-v4,3
513816,reward,4133,367.5591295316102,385.025,SF-P3O-NoDual,Walker2d-v4,3
513967,reward,4134,338.780813842588,399.163,SF-P3O-NoDual,Walker2d-v4,3
514127,reward,4135,336.2934574467725,387.819,SF-P3O-NoDual,Walker2d-v4,3
514254,reward,4136,343.8828491571109,385.358,SF-P3O-NoDual,Walker2d-v4,3
514391,reward,4137,329.05275864161746,379.285,SF-P3O-NoDual,Walker2d-v4,3
514539,reward,4138,367.70860244264736,368.551,SF-P3O-NoDual,Walker2d-v4,3
514671,reward,4139,326.90885313403794,365.527,SF-P3O-NoDual,Walker2d-v4,3
514757,reward,4140,162.3379924952999,343.926,SF-P3O-NoDual,Walker2d-v4,3
514877,reward,4141,272.9782970397061,329.247,SF-P3O-NoDual,Walker2d-v4,3
515018,reward,4142,342.24529884707357,318.775,SF-P3O-NoDual,Walker2d-v4,3
515168,reward,4143,386.25551774123977,320.644,SF-P3O-NoDual,Walker2d-v4,3
515297,reward,4144,305.3701020915328,317.303,SF-P3O-NoDual,Walker2d-v4,3
515421,reward,4145,281.95311300480904,311.869,SF-P3O-NoDual,Walker2d-v4,3
515578,reward,4146,362.8837852388791,313.769,SF-P3O-NoDual,Walker2d-v4,3
515757,reward,4147,419.40054292936395,322.804,SF-P3O-NoDual,Walker2d-v4,3
515907,reward,4148,357.38773151558604,321.772,SF-P3O-NoDual,Walker2d-v4,3
516079,reward,4149,441.28089015018793,333.209,SF-P3O-NoDual,Walker2d-v4,3
516096,loss,-0.07931273430585861,0.47178342938423157,SF-P3O-NoDual,Walker2d-v4,3
516270,reward,4150,470.09921317240395,363.985,SF-P3O-NoDual,Walker2d-v4,3
516394,reward,4151,290.57339750376144,365.745,SF-P3O-NoDual,Walker2d-v4,3
516470,reward,4152,148.7051327802807,346.391,SF-P3O-NoDual,Walker2d-v4,3
516651,reward,4153,418.2372864541139,349.589,SF-P3O-NoDual,Walker2d-v4,3
516800,reward,4154,363.6453898018709,355.417,SF-P3O-NoDual,Walker2d-v4,3
516932,reward,4155,307.90865156504447,358.012,SF-P3O-NoDual,Walker2d-v4,3
517143,reward,4156,445.6634280348116,366.29,SF-P3O-NoDual,Walker2d-v4,3
517332,reward,4157,461.2119155316553,370.471,SF-P3O-NoDual,Walker2d-v4,3
517472,reward,4158,341.4705971472347,368.88,SF-P3O-NoDual,Walker2d-v4,3
517615,reward,4159,325.71084398700486,357.323,SF-P3O-NoDual,Walker2d-v4,3
517771,reward,4160,373.94772523709537,347.707,SF-P3O-NoDual,Walker2d-v4,3
517964,reward,4161,465.45432588683383,365.196,SF-P3O-NoDual,Walker2d-v4,3
518143,reward,4162,385.7495236123483,388.9,SF-P3O-NoDual,Walker2d-v4,3
518269,reward,4163,292.99372009992703,376.376,SF-P3O-NoDual,Walker2d-v4,3
518421,reward,4164,324.04630238593955,372.416,SF-P3O-NoDual,Walker2d-v4,3
518564,reward,4165,370.3286867399537,378.658,SF-P3O-NoDual,Walker2d-v4,3
518703,reward,4166,293.1362457736937,363.405,SF-P3O-NoDual,Walker2d-v4,3
518827,reward,4167,279.1691839168733,345.201,SF-P3O-NoDual,Walker2d-v4,3
518940,reward,4168,230.67308404003904,334.121,SF-P3O-NoDual,Walker2d-v4,3
519067,reward,4169,301.0377973512152,331.654,SF-P3O-NoDual,Walker2d-v4,3
519229,reward,4170,393.78361244261026,333.637,SF-P3O-NoDual,Walker2d-v4,3
519391,reward,4171,389.87031638675444,326.079,SF-P3O-NoDual,Walker2d-v4,3
519554,reward,4172,375.49403113933244,325.053,SF-P3O-NoDual,Walker2d-v4,3
519694,reward,4173,313.50821353812097,327.105,SF-P3O-NoDual,Walker2d-v4,3
519844,reward,4174,336.6529907489771,328.365,SF-P3O-NoDual,Walker2d-v4,3
520000,speed,993.34,9.17,SF-P3O-NoDual,Walker2d-v4,3
520001,spectral,0.058924,0.959815,-1.0,SF-P3O-NoDual,Walker2d-v4,3
520024,reward,4175,402.20849393105465,331.553,SF-P3O-NoDual,Walker2d-v4,3
520166,reward,4176,331.5656701477343,335.396,SF-P3O-NoDual,Walker2d-v4,3
520365,reward,4177,486.699268064475,356.149,SF-P3O-NoDual,Walker2d-v4,3
520491,reward,4178,291.90212838407115,362.272,SF-P3O-NoDual,Walker2d-v4,3
520674,reward,4179,413.63973498788494,373.532,SF-P3O-NoDual,Walker2d-v4,3
520800,reward,4180,262.7302542018447,360.427,SF-P3O-NoDual,Walker2d-v4,3
520891,reward,4181,193.1377100714401,340.754,SF-P3O-NoDual,Walker2d-v4,3
521037,reward,4182,338.4772651961398,337.052,SF-P3O-NoDual,Walker2d-v4,3
521175,reward,4183,349.07112671725133,340.608,SF-P3O-NoDual,Walker2d-v4,3
521347,reward,4184,384.31032675014234,345.374,SF-P3O-NoDual,Walker2d-v4,3
521486,reward,4185,351.4222137389087,340.296,SF-P3O-NoDual,Walker2d-v4,3
521631,reward,4186,323.2539884537501,339.464,SF-P3O-NoDual,Walker2d-v4,3
521770,reward,4187,301.2851556742448,320.923,SF-P3O-NoDual,Walker2d-v4,3
521918,reward,4188,353.4643325681927,327.079,SF-P3O-NoDual,Walker2d-v4,3
522026,reward,4189,239.55454181555965,309.671,SF-P3O-NoDual,Walker2d-v4,3
522147,reward,4190,289.0054614539057,312.298,SF-P3O-NoDual,Walker2d-v4,3
522306,reward,4191,392.6551693680664,332.25,SF-P3O-NoDual,Walker2d-v4,3
522456,reward,4192,359.88698688489876,334.391,SF-P3O-NoDual,Walker2d-v4,3
522672,reward,4193,469.77629904807645,346.461,SF-P3O-NoDual,Walker2d-v4,3
522848,reward,4194,411.15784207527344,349.146,SF-P3O-NoDual,Walker2d-v4,3
522982,reward,4195,325.61583744863646,346.566,SF-P3O-NoDual,Walker2d-v4,3
523159,reward,4196,444.9638993535676,358.737,SF-P3O-NoDual,Walker2d-v4,3
523217,reward,4197,96.21886123242476,338.23,SF-P3O-NoDual,Walker2d-v4,3
523371,reward,4198,336.4976681677934,336.533,SF-P3O-NoDual,Walker2d-v4,3
523536,reward,4199,409.8489476151364,353.563,SF-P3O-NoDual,Walker2d-v4,3
523691,reward,4200,398.7431998082422,364.536,SF-P3O-NoDual,Walker2d-v4,3
523811,reward,4201,276.1362922807311,352.885,SF-P3O-NoDual,Walker2d-v4,3
523975,reward,4202,355.45348601345387,352.441,SF-P3O-NoDual,Walker2d-v4,3
524093,reward,4203,241.52889070007595,329.616,SF-P3O-NoDual,Walker2d-v4,3
524226,reward,4204,321.526329518748,320.653,SF-P3O-NoDual,Walker2d-v4,3
524288,loss,0.09030942618846893,0.7420912981033325,SF-P3O-NoDual,Walker2d-v4,3
524288,diagnostics,0.0,38.9,33.9323,0.06032,0.959397,-1.0,0.082832,SF-P3O-NoDual,Walker2d-v4,3
524339,reward,4205,269.77575152357065,315.069,SF-P3O-NoDual,Walker2d-v4,3
524503,reward,4206,392.7054338820149,309.843,SF-P3O-NoDual,Walker2d-v4,3
524656,reward,4207,361.20791991259074,336.342,SF-P3O-NoDual,Walker2d-v4,3
524787,reward,4208,325.40315117834155,335.233,SF-P3O-NoDual,Walker2d-v4,3
524931,reward,4209,330.4719978893738,327.295,SF-P3O-NoDual,Walker2d-v4,3
525040,reward,4210,239.70317390159713,311.391,SF-P3O-NoDual,Walker2d-v4,3
525136,reward,4211,214.69491502459928,305.247,SF-P3O-NoDual,Walker2d-v4,3
525297,reward,4212,402.6762810279211,309.969,SF-P3O-NoDual,Walker2d-v4,3
525461,reward,4213,415.93270231554646,327.41,SF-P3O-NoDual,Walker2d-v4,3
525627,reward,4214,397.5620492303602,335.013,SF-P3O-NoDual,Walker2d-v4,3
525771,reward,4215,353.28638661450435,343.364,SF-P3O-NoDual,Walker2d-v4,3
525928,reward,4216,354.9224494981281,339.586,SF-P3O-NoDual,Walker2d-v4,3
526179,reward,4217,506.9736137374502,354.163,SF-P3O-NoDual,Walker2d-v4,3
526341,reward,4218,385.8263863603499,360.205,SF-P3O-NoDual,Walker2d-v4,3
526587,reward,4219,486.98197489801885,375.856,SF-P3O-NoDual,Walker2d-v4,3
526743,reward,4220,364.39908503783045,388.326,SF-P3O-NoDual,Walker2d-v4,3
526884,reward,4221,342.9109832888542,401.147,SF-P3O-NoDual,Walker2d-v4,3
527011,reward,4222,301.6380544997575,391.043,SF-P3O-NoDual,Walker2d-v4,3
527166,reward,4223,379.9411653883057,387.444,SF-P3O-NoDual,Walker2d-v4,3
527314,reward,4224,385.607272418933,386.249,SF-P3O-NoDual,Walker2d-v4,3
527454,reward,4225,351.11873489902575,386.032,SF-P3O-NoDual,Walker2d-v4,3
527624,reward,4226,416.10558720269506,392.15,SF-P3O-NoDual,Walker2d-v4,3
527770,reward,4227,357.385805236643,377.192,SF-P3O-NoDual,Walker2d-v4,3
527943,reward,4228,398.4188229703629,378.451,SF-P3O-NoDual,Walker2d-v4,3
528098,reward,4229,359.6650923305555,365.719,SF-P3O-NoDual,Walker2d-v4,3
528326,reward,4230,494.43069905548276,378.722,SF-P3O-NoDual,Walker2d-v4,3
528463,reward,4231,343.26225638549295,378.757,SF-P3O-NoDual,Walker2d-v4,3
528610,reward,4232,371.61936102827093,385.755,SF-P3O-NoDual,Walker2d-v4,3
528793,reward,4233,408.8423550178678,388.646,SF-P3O-NoDual,Walker2d-v4,3
528942,reward,4234,362.09467494805483,386.294,SF-P3O-NoDual,Walker2d-v4,3
529091,reward,4235,346.08691828282224,385.791,SF-P3O-NoDual,Walker2d-v4,3
529231,reward,4236,365.19617124007584,380.7,SF-P3O-NoDual,Walker2d-v4,3
529379,reward,4237,315.19315287190256,376.481,SF-P3O-NoDual,Walker2d-v4,3
529525,reward,4238,359.16017343745784,372.555,SF-P3O-NoDual,Walker2d-v4,3
529701,reward,4239,432.25818931533854,379.814,SF-P3O-NoDual,Walker2d-v4,3
529822,reward,4240,286.5935737808064,359.031,SF-P3O-NoDual,Walker2d-v4,3
529969,reward,4241,365.1829647870786,361.223,SF-P3O-NoDual,Walker2d-v4,3
530000,speed,1043.82,9.33,SF-P3O-NoDual,Walker2d-v4,3
530001,spectral,0.06032,0.959397,-1.0,SF-P3O-NoDual,Walker2d-v4,3
530136,reward,4242,365.4711345042834,360.608,SF-P3O-NoDual,Walker2d-v4,3
530279,reward,4243,392.37120587674684,358.961,SF-P3O-NoDual,Walker2d-v4,3
530409,reward,4244,319.13003607303756,354.664,SF-P3O-NoDual,Walker2d-v4,3
530578,reward,4245,409.0019730258318,360.956,SF-P3O-NoDual,Walker2d-v4,3
530751,reward,4246,429.24194859754516,367.36,SF-P3O-NoDual,Walker2d-v4,3
530891,reward,4247,341.9706329417192,370.038,SF-P3O-NoDual,Walker2d-v4,3
531029,reward,4248,350.0675061236097,369.129,SF-P3O-NoDual,Walker2d-v4,3
531132,reward,4249,213.0608757933048,347.209,SF-P3O-NoDual,Walker2d-v4,3
531272,reward,4250,335.0490165865353,352.055,SF-P3O-NoDual,Walker2d-v4,3
531439,reward,4251,390.67011414451747,354.603,SF-P3O-NoDual,Walker2d-v4,3
531481,reward,4252,47.28599518715025,322.785,SF-P3O-NoDual,Walker2d-v4,3
531593,reward,4253,263.2230448759841,309.87,SF-P3O-NoDual,Walker2d-v4,3
531804,reward,4254,467.0865217371672,324.666,SF-P3O-NoDual,Walker2d-v4,3
531985,reward,4255,381.0232635003035,321.868,SF-P3O-NoDual,Walker2d-v4,3
532114,reward,4256,305.249668834568,309.469,SF-P3O-NoDual,Walker2d-v4,3
532288,reward,4257,415.66395112112787,316.838,SF-P3O-NoDual,Walker2d-v4,3
532411,reward,4258,280.78035873196404,309.909,SF-P3O-NoDual,Walker2d-v4,3
532480,loss,-0.06265702843666077,0.4278782904148102,SF-P3O-NoDual,Walker2d-v4,3
532554,reward,4259,320.6443623644865,320.668,SF-P3O-NoDual,Walker2d-v4,3
532659,reward,4260,244.0955117351282,311.572,SF-P3O-NoDual,Walker2d-v4,3
532859,reward,4261,493.857954732542,321.891,SF-P3O-NoDual,Walker2d-v4,3
533009,reward,4262,362.4503556551472,353.407,SF-P3O-NoDual,Walker2d-v4,3
533153,reward,4263,363.8017348713587,363.465,SF-P3O-NoDual,Walker2d-v4,3
533305,reward,4264,372.8182977920372,354.039,SF-P3O-NoDual,Walker2d-v4,3
533451,reward,4265,370.4302343803744,352.979,SF-P3O-NoDual,Walker2d-v4,3
533592,reward,4266,343.01823452559677,356.756,SF-P3O-NoDual,Walker2d-v4,3
533706,reward,4267,267.36691147107723,341.926,SF-P3O-NoDual,Walker2d-v4,3
533786,reward,4268,152.9488203659724,329.143,SF-P3O-NoDual,Walker2d-v4,3
533941,reward,4269,380.4557736307941,335.124,SF-P3O-NoDual,Walker2d-v4,3
534140,reward,4270,486.891467326363,359.404,SF-P3O-NoDual,Walker2d-v4,3
534319,reward,4271,443.48841554092166,354.367,SF-P3O-NoDual,Walker2d-v4,3
534541,reward,4272,470.40968212351476,365.163,SF-P3O-NoDual,Walker2d-v4,3
534651,reward,4273,231.16150852031947,351.899,SF-P3O-NoDual,Walker2d-v4,3
534776,reward,4274,296.9097407542388,344.308,SF-P3O-NoDual,Walker2d-v4,3
534824,reward,4275,53.82788160803617,312.648,SF-P3O-NoDual,Walker2d-v4,3
534950,reward,4276,298.2856747904737,308.175,SF-P3O-NoDual,Walker2d-v4,3
535103,reward,4277,348.28136824054076,316.266,SF-P3O-NoDual,Walker2d-v4,3
535265,reward,4278,390.32414196401413,340.004,SF-P3O-NoDual,Walker2d-v4,3
535401,reward,4279,341.9299285766011,336.151,SF-P3O-NoDual,Walker2d-v4,3
535504,reward,4280,249.7260474888986,312.434,SF-P3O-NoDual,Walker2d-v4,3
535654,reward,4281,362.03890936744864,304.289,SF-P3O-NoDual,Walker2d-v4,3
535817,reward,4282,405.28721856406054,297.777,SF-P3O-NoDual,Walker2d-v4,3
535933,reward,4283,272.0012141644258,301.861,SF-P3O-NoDual,Walker2d-v4,3
536089,reward,4284,376.8374917677135,309.854,SF-P3O-NoDual,Walker2d-v4,3
536229,reward,4285,363.80711191009135,340.852,SF-P3O-NoDual,Walker2d-v4,3
536392,reward,4286,356.0024699984193,346.624,SF-P3O-NoDual,Walker2d-v4,3
536506,reward,4287,312.50568818341884,343.046,SF-P3O-NoDual,Walker2d-v4,3
536675,reward,4288,418.81268211184477,345.895,SF-P3O-NoDual,Walker2d-v4,3
536840,reward,4289,394.19042903454465,351.121,SF-P3O-NoDual,Walker2d-v4,3
536936,reward,4290,188.42880710164044,344.991,SF-P3O-NoDual,Walker2d-v4,3
537103,reward,4291,402.6353288715362,349.051,SF-P3O-NoDual,Walker2d-v4,3
537236,reward,4292,324.6356986313422,340.986,SF-P3O-NoDual,Walker2d-v4,3
537297,reward,4293,83.86106657156913,322.172,SF-P3O-NoDual,Walker2d-v4,3
537453,reward,4294,365.6604670854518,321.054,SF-P3O-NoDual,Walker2d-v4,3
537644,reward,4295,395.4765002150457,324.221,SF-P3O-NoDual,Walker2d-v4,3
537839,reward,4296,484.8094923618243,337.102,SF-P3O-NoDual,Walker2d-v4,3
538014,reward,4297,421.8376462077685,348.035,SF-P3O-NoDual,Walker2d-v4,3
538217,reward,4298,468.59890308511166,353.013,SF-P3O-NoDual,Walker2d-v4,3
538373,reward,4299,350.0193855175494,348.596,SF-P3O-NoDual,Walker2d-v4,3
538485,reward,4300,245.45272108657466,354.299,SF-P3O-NoDual,Walker2d-v4,3
538677,reward,4301,451.9458252576277,359.23,SF-P3O-NoDual,Walker2d-v4,3
538829,reward,4302,361.62391069736475,362.929,SF-P3O-NoDual,Walker2d-v4,3
538981,reward,4303,373.6244422100057,391.905,SF-P3O-NoDual,Walker2d-v4,3
539167,reward,4304,427.32144506437015,398.071,SF-P3O-NoDual,Walker2d-v4,3
539328,reward,4305,374.0143381219633,395.925,SF-P3O-NoDual,Walker2d-v4,3
539480,reward,4306,381.9617801635539,385.64,SF-P3O-NoDual,Walker2d-v4,3
539585,reward,4307,236.94801889656347,367.151,SF-P3O-NoDual,Walker2d-v4,3
539740,reward,4308,375.5697217100457,357.848,SF-P3O-NoDual,Walker2d-v4,3
539872,reward,4309,321.0549748415432,354.952,SF-P3O-NoDual,Walker2d-v4,3
540000,speed,1071.03,9.49,SF-P3O-NoDual,Walker2d-v4,3
540001,spectral,0.061492,0.959185,-1.0,SF-P3O-NoDual,Walker2d-v4,3
540012,reward,4310,370.5646382205136,367.463,SF-P3O-NoDual,Walker2d-v4,3
540172,reward,4311,427.91045546664463,365.059,SF-P3O-NoDual,Walker2d-v4,3
540283,reward,4312,264.7805496587888,355.375,SF-P3O-NoDual,Walker2d-v4,3
540396,reward,4313,278.06094539926664,345.819,SF-P3O-NoDual,Walker2d-v4,3
540569,reward,4314,420.16843743883027,345.103,SF-P3O-NoDual,Walker2d-v4,3
540672,loss,-0.04417729005217552,0.6356308460235596,SF-P3O-NoDual,Walker2d-v4,3
540672,diagnostics,0.0,39.28,19.7456,0.062523,0.958963,-1.0,0.078473,SF-P3O-NoDual,Walker2d-v4,3
540725,reward,4315,365.4993577067784,344.252,SF-P3O-NoDual,Walker2d-v4,3
540873,reward,4316,371.3777545354834,343.193,SF-P3O-NoDual,Walker2d-v4,3
541031,reward,4317,371.0670563732452,356.605,SF-P3O-NoDual,Walker2d-v4,3
541153,reward,4318,285.30001559973255,347.578,SF-P3O-NoDual,Walker2d-v4,3
541337,reward,4319,438.978695017799,359.371,SF-P3O-NoDual,Walker2d-v4,3
541542,reward,4320,485.56429478187874,370.871,SF-P3O-NoDual,Walker2d-v4,3
541778,reward,4321,483.5607418429066,376.436,SF-P3O-NoDual,Walker2d-v4,3
541950,reward,4322,413.8172975105736,391.339,SF-P3O-NoDual,Walker2d-v4,3
542098,reward,4323,358.9337805189593,399.427,SF-P3O-NoDual,Walker2d-v4,3
542241,reward,4324,325.925692995309,390.002,SF-P3O-NoDual,Walker2d-v4,3
542409,reward,4325,401.53481117920467,393.606,SF-P3O-NoDual,Walker2d-v4,3
542616,reward,4326,456.75237737210045,402.143,SF-P3O-NoDual,Walker2d-v4,3
542767,reward,4327,370.51997817614665,402.089,SF-P3O-NoDual,Walker2d-v4,3
542933,reward,4328,414.2113095931362,414.98,SF-P3O-NoDual,Walker2d-v4,3
543050,reward,4329,297.4514045382941,400.827,SF-P3O-NoDual,Walker2d-v4,3
543115,reward,4330,107.0138973258548,362.972,SF-P3O-NoDual,Walker2d-v4,3
543312,reward,4331,433.99431407309856,358.015,SF-P3O-NoDual,Walker2d-v4,3
543480,reward,4332,396.9258799015773,356.326,SF-P3O-NoDual,Walker2d-v4,3
543621,reward,4333,378.5868638340635,358.292,SF-P3O-NoDual,Walker2d-v4,3
543802,reward,4334,413.11013979086977,367.01,SF-P3O-NoDual,Walker2d-v4,3
543990,reward,4335,453.2775802123663,372.184,SF-P3O-NoDual,Walker2d-v4,3
544068,reward,4336,145.0845941603805,341.018,SF-P3O-NoDual,Walker2d-v4,3
544253,reward,4337,417.40113509077827,345.706,SF-P3O-NoDual,Walker2d-v4,3
544492,reward,4338,490.81843583533777,353.366,SF-P3O-NoDual,Walker2d-v4,3
544666,reward,4339,421.142583926663,365.736,SF-P3O-NoDual,Walker2d-v4,3
544841,reward,4340,416.74699512888344,396.709,SF-P3O-NoDual,Walker2d-v4,3
544972,reward,4341,305.9053119551534,383.9,SF-P3O-NoDual,Walker2d-v4,3
545125,reward,4342,372.7804285448841,381.485,SF-P3O-NoDual,Walker2d-v4,3
545282,reward,4343,383.5120518075891,381.978,SF-P3O-NoDual,Walker2d-v4,3
545445,reward,4344,385.50601924050153,379.218,SF-P3O-NoDual,Walker2d-v4,3
545633,reward,4345,446.13838853298404,378.504,SF-P3O-NoDual,Walker2d-v4,3
545767,reward,4346,326.5586075123733,396.651,SF-P3O-NoDual,Walker2d-v4,3
545919,reward,4347,390.7400019882337,393.985,SF-P3O-NoDual,Walker2d-v4,3
546006,reward,4348,186.7472031972394,363.578,SF-P3O-NoDual,Walker2d-v4,3
546224,reward,4349,503.1523306551618,371.779,SF-P3O-NoDual,Walker2d-v4,3
546452,reward,4350,469.3241902074465,377.036,SF-P3O-NoDual,Walker2d-v4,3
546592,reward,4351,327.67487064470106,379.213,SF-P3O-NoDual,Walker2d-v4,3
546736,reward,4352,372.11988580753103,379.147,SF-P3O-NoDual,Walker2d-v4,3
547035,reward,4353,574.0126898552597,398.197,SF-P3O-NoDual,Walker2d-v4,3
547156,reward,4354,295.07409916707775,389.154,SF-P3O-NoDual,Walker2d-v4,3
547291,reward,4355,317.168641405852,376.257,SF-P3O-NoDual,Walker2d-v4,3
547455,reward,4356,376.4249721152674,381.244,SF-P3O-NoDual,Walker2d-v4,3
547632,reward,4357,445.9802063798435,386.768,SF-P3O-NoDual,Walker2d-v4,3
547800,reward,4358,407.29869929468293,408.823,SF-P3O-NoDual,Walker2d-v4,3
547976,reward,4359,419.71362496732536,400.479,SF-P3O-NoDual,Walker2d-v4,3
548106,reward,4360,310.19967867469046,384.567,SF-P3O-NoDual,Walker2d-v4,3
548267,reward,4361,422.33301919344,394.033,SF-P3O-NoDual,Walker2d-v4,3
548394,reward,4362,274.9025031956213,384.311,SF-P3O-NoDual,Walker2d-v4,3
548541,reward,4363,363.53117649734975,363.263,SF-P3O-NoDual,Walker2d-v4,3
548737,reward,4364,488.8597106403832,382.641,SF-P3O-NoDual,Walker2d-v4,3
548864,loss,-0.004397099371999502,0.6273531317710876,SF-P3O-NoDual,Walker2d-v4,3
548876,reward,4365,357.6356715486722,386.688,SF-P3O-NoDual,Walker2d-v4,3
549062,reward,4366,450.7993429315857,394.125,SF-P3O-NoDual,Walker2d-v4,3
549234,reward,4367,425.3446071520169,392.062,SF-P3O-NoDual,Walker2d-v4,3
549369,reward,4368,329.13775800201074,384.246,SF-P3O-NoDual,Walker2d-v4,3
549490,reward,4369,288.6756763162536,371.142,SF-P3O-NoDual,Walker2d-v4,3
549667,reward,4370,431.53681030824606,383.276,SF-P3O-NoDual,Walker2d-v4,3
549755,reward,4371,182.72231753523667,359.315,SF-P3O-NoDual,Walker2d-v4,3
549912,reward,4372,378.7477904416311,369.699,SF-P3O-NoDual,Walker2d-v4,3
550000,speed,699.56,9.73,SF-P3O-NoDual,Walker2d-v4,3
550001,spectral,0.06384,0.958662,-1.0,SF-P3O-NoDual,Walker2d-v4,3
550047,reward,4373,335.8093292265333,366.927,SF-P3O-NoDual,Walker2d-v4,3
550206,reward,4374,424.72960307978434,360.514,SF-P3O-NoDual,Walker2d-v4,3
550354,reward,4375,381.76686245059796,362.927,SF-P3O-NoDual,Walker2d-v4,3
550579,reward,4376,481.7963805670894,366.027,SF-P3O-NoDual,Walker2d-v4,3
550710,reward,4377,307.93514387070036,354.286,SF-P3O-NoDual,Walker2d-v4,3
550845,reward,4378,342.4591486134204,355.618,SF-P3O-NoDual,Walker2d-v4,3
550986,reward,4379,340.0956822146952,360.76,SF-P3O-NoDual,Walker2d-v4,3
551152,reward,4380,398.62822405586786,357.469,SF-P3O-NoDual,Walker2d-v4,3
551329,reward,4381,417.5348750435673,380.95,SF-P3O-NoDual,Walker2d-v4,3
551471,reward,4382,311.6244968860904,374.238,SF-P3O-NoDual,Walker2d-v4,3
551636,reward,4383,391.0791946802764,379.765,SF-P3O-NoDual,Walker2d-v4,3
551845,reward,4384,463.90359956874306,383.682,SF-P3O-NoDual,Walker2d-v4,3
552051,reward,4385,426.8872968082091,388.194,SF-P3O-NoDual,Walker2d-v4,3
552190,reward,4386,351.08616045815376,375.123,SF-P3O-NoDual,Walker2d-v4,3
552329,reward,4387,350.64420194944864,379.394,SF-P3O-NoDual,Walker2d-v4,3
552490,reward,4388,359.10935895483203,381.059,SF-P3O-NoDual,Walker2d-v4,3
552628,reward,4389,334.34643875286065,380.484,SF-P3O-NoDual,Walker2d-v4,3
552796,reward,4390,413.5027742731612,381.972,SF-P3O-NoDual,Walker2d-v4,3
552976,reward,4391,405.503655341098,380.769,SF-P3O-NoDual,Walker2d-v4,3
553126,reward,4392,373.33522044967583,386.94,SF-P3O-NoDual,Walker2d-v4,3
553275,reward,4393,372.33751495641104,385.066,SF-P3O-NoDual,Walker2d-v4,3
553415,reward,4394,323.34640479796906,371.01,SF-P3O-NoDual,Walker2d-v4,3
553568,reward,4395,385.9735139706477,366.919,SF-P3O-NoDual,Walker2d-v4,3
553749,reward,4396,449.218292571493,376.732,SF-P3O-NoDual,Walker2d-v4,3
553917,reward,4397,416.9034744622541,383.358,SF-P3O-NoDual,Walker2d-v4,3
554081,reward,4398,401.53518136451004,387.6,SF-P3O-NoDual,Walker2d-v4,3
554193,reward,4399,261.23003140954,380.289,SF-P3O-NoDual,Walker2d-v4,3
554339,reward,4400,338.61992955791385,372.8,SF-P3O-NoDual,Walker2d-v4,3
554503,reward,4401,361.84563876502784,368.435,SF-P3O-NoDual,Walker2d-v4,3
554623,reward,4402,285.92668530836255,359.694,SF-P3O-NoDual,Walker2d-v4,3
554774,reward,4403,365.18639241628597,358.979,SF-P3O-NoDual,Walker2d-v4,3
554969,reward,4404,456.99571845569136,372.343,SF-P3O-NoDual,Walker2d-v4,3
555079,reward,4405,260.27227413041487,359.773,SF-P3O-NoDual,Walker2d-v4,3
555202,reward,4406,259.9529112197695,340.847,SF-P3O-NoDual,Walker2d-v4,3
555344,reward,4407,340.84924089690315,333.241,SF-P3O-NoDual,Walker2d-v4,3
555515,reward,4408,425.8832026595492,335.676,SF-P3O-NoDual,Walker2d-v4,3
555644,reward,4409,326.3016129484557,342.183,SF-P3O-NoDual,Walker2d-v4,3
555783,reward,4410,318.83750103827117,340.205,SF-P3O-NoDual,Walker2d-v4,3
555909,reward,4411,286.5450216137715,332.675,SF-P3O-NoDual,Walker2d-v4,3
556043,reward,4412,328.34437158069704,336.917,SF-P3O-NoDual,Walker2d-v4,3
556199,reward,4413,389.30207459330876,339.328,SF-P3O-NoDual,Walker2d-v4,3
556412,reward,4414,466.8600599756928,340.315,SF-P3O-NoDual,Walker2d-v4,3
556601,reward,4415,422.3317387801697,356.521,SF-P3O-NoDual,Walker2d-v4,3
556763,reward,4416,388.64817295289595,369.39,SF-P3O-NoDual,Walker2d-v4,3
556895,reward,4417,338.0224223741841,369.108,SF-P3O-NoDual,Walker2d-v4,3
557056,loss,-0.07901369035243988,0.9087803363800049,SF-P3O-NoDual,Walker2d-v4,3
557056,diagnostics,0.0,39.74,48.4462,0.065173,0.958379,-1.0,0.077434,SF-P3O-NoDual,Walker2d-v4,3
557059,reward,4418,417.35061405420606,368.254,SF-P3O-NoDual,Walker2d-v4,3
557219,reward,4419,408.4196406671593,376.466,SF-P3O-NoDual,Walker2d-v4,3
557402,reward,4420,455.47051634591037,390.129,SF-P3O-NoDual,Walker2d-v4,3
557555,reward,4421,399.1539991331181,401.39,SF-P3O-NoDual,Walker2d-v4,3
557752,reward,4422,470.06298465296993,415.562,SF-P3O-NoDual,Walker2d-v4,3
557938,reward,4423,453.2516410574889,421.957,SF-P3O-NoDual,Walker2d-v4,3
558069,reward,4424,330.6919186111477,408.34,SF-P3O-NoDual,Walker2d-v4,3
558244,reward,4425,440.45675501983067,410.153,SF-P3O-NoDual,Walker2d-v4,3
558361,reward,4426,272.4238493725218,398.53,SF-P3O-NoDual,Walker2d-v4,3
558505,reward,4427,335.43502276000964,398.272,SF-P3O-NoDual,Walker2d-v4,3
558701,reward,4428,453.5544019493666,401.892,SF-P3O-NoDual,Walker2d-v4,3
558811,reward,4429,248.54944137917897,385.905,SF-P3O-NoDual,Walker2d-v4,3
558950,reward,4430,351.3924356989213,375.497,SF-P3O-NoDual,Walker2d-v4,3
559151,reward,4431,494.21798181960776,385.004,SF-P3O-NoDual,Walker2d-v4,3
559280,reward,4432,302.9784543600924,368.295,SF-P3O-NoDual,Walker2d-v4,3
559485,reward,4433,490.6119677981285,372.031,SF-P3O-NoDual,Walker2d-v4,3
559659,reward,4434,414.688833256192,380.431,SF-P3O-NoDual,Walker2d-v4,3
559858,reward,4435,473.0356896419448,383.689,SF-P3O-NoDual,Walker2d-v4,3
559930,reward,4436,151.51661986896167,371.598,SF-P3O-NoDual,Walker2d-v4,3
560000,speed,1015.53,9.89,SF-P3O-NoDual,Walker2d-v4,3
560001,perturb,0.065173,0.958379,-1.0,201608,900,1.66822,8,SF-P3O-NoDual,Walker2d-v4,3
560261,reward,4437,567.7904130626257,394.834,SF-P3O-NoDual,Walker2d-v4,3
560419,reward,4438,388.7652244062016,388.355,SF-P3O-NoDual,Walker2d-v4,3
560553,reward,4439,332.8778358590604,396.788,SF-P3O-NoDual,Walker2d-v4,3
560707,reward,4440,404.70530669045365,402.119,SF-P3O-NoDual,Walker2d-v4,3
560868,reward,4441,385.6769309160407,391.265,SF-P3O-NoDual,Walker2d-v4,3
561130,reward,4442,559.1206987526182,416.879,SF-P3O-NoDual,Walker2d-v4,3
561250,reward,4443,275.78522572993256,395.396,SF-P3O-NoDual,Walker2d-v4,3
561432,reward,4444,412.81376185067245,395.209,SF-P3O-NoDual,Walker2d-v4,3
561592,reward,4445,393.75992173810215,387.281,SF-P3O-NoDual,Walker2d-v4,3
561738,reward,4446,391.07911834473765,411.237,SF-P3O-NoDual,Walker2d-v4,3
561867,reward,4447,296.9490431825803,384.153,SF-P3O-NoDual,Walker2d-v4,3
561991,reward,4448,297.6080654625382,375.038,SF-P3O-NoDual,Walker2d-v4,3
562076,reward,4449,177.23747958329218,359.474,SF-P3O-NoDual,Walker2d-v4,3
562168,reward,4450,187.30060455392373,337.733,SF-P3O-NoDual,Walker2d-v4,3
562337,reward,4451,406.0966347595781,339.775,SF-P3O-NoDual,Walker2d-v4,3
562500,reward,4452,394.06641056580696,323.27,SF-P3O-NoDual,Walker2d-v4,3
562676,reward,4453,448.979527228463,340.589,SF-P3O-NoDual,Walker2d-v4,3
562848,reward,4454,380.89472556529523,337.397,SF-P3O-NoDual,Walker2d-v4,3
563006,reward,4455,374.22320135169855,335.443,SF-P3O-NoDual,Walker2d-v4,3
563129,reward,4456,288.34148863435644,325.17,SF-P3O-NoDual,Walker2d-v4,3
563272,reward,4457,328.4980750913404,328.325,SF-P3O-NoDual,Walker2d-v4,3
563402,reward,4458,320.1699758162629,330.581,SF-P3O-NoDual,Walker2d-v4,3
563554,reward,4459,363.4879044585519,349.206,SF-P3O-NoDual,Walker2d-v4,3
563660,reward,4460,231.06343868079952,353.582,SF-P3O-NoDual,Walker2d-v4,3
563802,reward,4461,347.68574457154716,347.741,SF-P3O-NoDual,Walker2d-v4,3
563989,reward,4462,458.83454240606665,354.218,SF-P3O-NoDual,Walker2d-v4,3
564110,reward,4463,274.31445927095666,336.751,SF-P3O-NoDual,Walker2d-v4,3
564270,reward,4464,393.4401022126424,338.006,SF-P3O-NoDual,Walker2d-v4,3
564421,reward,4465,376.84951536249264,338.269,SF-P3O-NoDual,Walker2d-v4,3
564589,reward,4466,408.76637145906335,350.311,SF-P3O-NoDual,Walker2d-v4,3
564762,reward,4467,407.73368277329445,358.235,SF-P3O-NoDual,Walker2d-v4,3
564945,reward,4468,436.48165652649215,369.866,SF-P3O-NoDual,Walker2d-v4,3
565039,reward,4469,219.33865923757625,355.451,SF-P3O-NoDual,Walker2d-v4,3
565172,reward,4470,355.5816899301918,367.903,SF-P3O-NoDual,Walker2d-v4,3
565248,loss,-0.017659001052379608,0.5653928518295288,SF-P3O-NoDual,Walker2d-v4,3
565312,reward,4471,355.18902042995256,368.653,SF-P3O-NoDual,Walker2d-v4,3
565475,reward,4472,411.4733127628151,363.917,SF-P3O-NoDual,Walker2d-v4,3
565703,reward,4473,497.3544530630265,386.221,SF-P3O-NoDual,Walker2d-v4,3
565811,reward,4474,210.29947367686682,367.907,SF-P3O-NoDual,Walker2d-v4,3
565989,reward,4475,446.6113237075512,374.883,SF-P3O-NoDual,Walker2d-v4,3
566161,reward,4476,420.68951735427396,376.075,SF-P3O-NoDual,Walker2d-v4,3
566401,reward,4477,511.0509834571628,386.407,SF-P3O-NoDual,Walker2d-v4,3
566550,reward,4478,354.25378061172944,378.184,SF-P3O-NoDual,Walker2d-v4,3
566694,reward,4479,358.15525155974484,392.066,SF-P3O-NoDual,Walker2d-v4,3
566864,reward,4480,390.79740994120846,395.587,SF-P3O-NoDual,Walker2d-v4,3
566975,reward,4481,237.71623815578204,383.84,SF-P3O-NoDual,Walker2d-v4,3
567084,reward,4482,278.0260290277637,370.495,SF-P3O-NoDual,Walker2d-v4,3
567191,reward,4483,244.7320986366864,345.233,SF-P3O-NoDual,Walker2d-v4,3
567360,reward,4484,404.163019505913,364.62,SF-P3O-NoDual,Walker2d-v4,3
567513,reward,4485,379.07055556744234,357.865,SF-P3O-NoDual,Walker2d-v4,3
567718,reward,4486,493.4189054512076,365.138,SF-P3O-NoDual,Walker2d-v4,3
567890,reward,4487,415.82646000784223,355.616,SF-P3O-NoDual,Walker2d-v4,3
568079,reward,4488,442.90410046724395,364.481,SF-P3O-NoDual,Walker2d-v4,3
568239,reward,4489,403.4437800598191,369.01,SF-P3O-NoDual,Walker2d-v4,3
568413,reward,4490,431.16850461422143,373.047,SF-P3O-NoDual,Walker2d-v4,3
568563,reward,4491,377.21796942188695,386.997,SF-P3O-NoDual,Walker2d-v4,3
568702,reward,4492,330.69130562604533,392.264,SF-P3O-NoDual,Walker2d-v4,3
568861,reward,4493,386.5702374974299,406.447,SF-P3O-NoDual,Walker2d-v4,3
568983,reward,4494,281.5879546376629,394.19,SF-P3O-NoDual,Walker2d-v4,3
569143,reward,4495,407.0515810712793,396.988,SF-P3O-NoDual,Walker2d-v4,3
569327,reward,4496,443.9786702497325,392.044,SF-P3O-NoDual,Walker2d-v4,3
569477,reward,4497,364.8873743184631,386.95,SF-P3O-NoDual,Walker2d-v4,3
569606,reward,4498,335.7360938843159,376.233,SF-P3O-NoDual,Walker2d-v4,3
569758,reward,4499,388.788691339618,374.768,SF-P3O-NoDual,Walker2d-v4,3
569916,reward,4500,333.52265021968117,365.003,SF-P3O-NoDual,Walker2d-v4,3
570000,speed,1042.28,10.05,SF-P3O-NoDual,Walker2d-v4,3
570001,spectral,0.060938,0.959574,-1.0,SF-P3O-NoDual,Walker2d-v4,3
570089,reward,4501,450.8400829116783,372.365,SF-P3O-NoDual,Walker2d-v4,3
570228,reward,4502,365.910379616021,375.887,SF-P3O-NoDual,Walker2d-v4,3
570432,reward,4503,498.0573312771693,387.036,SF-P3O-NoDual,Walker2d-v4,3
570572,reward,4504,345.32011306313257,393.409,SF-P3O-NoDual,Walker2d-v4,3
570701,reward,4505,302.22998924078814,382.927,SF-P3O-NoDual,Walker2d-v4,3
570847,reward,4506,363.26532821803414,374.856,SF-P3O-NoDual,Walker2d-v4,3
571031,reward,4507,474.12585844303413,385.78,SF-P3O-NoDual,Walker2d-v4,3
571195,reward,4508,392.57871104792713,391.464,SF-P3O-NoDual,Walker2d-v4,3
571363,reward,4509,400.5416429643682,392.639,SF-P3O-NoDual,Walker2d-v4,3
571514,reward,4510,380.08968378396304,397.296,SF-P3O-NoDual,Walker2d-v4,3
571648,reward,4511,321.5950290117281,384.371,SF-P3O-NoDual,Walker2d-v4,3
571814,reward,4512,406.0379293905762,388.384,SF-P3O-NoDual,Walker2d-v4,3
571958,reward,4513,368.88323762625026,375.467,SF-P3O-NoDual,Walker2d-v4,3
572126,reward,4514,435.0331529644994,384.438,SF-P3O-NoDual,Walker2d-v4,3
572330,reward,4515,481.4415348452592,402.359,SF-P3O-NoDual,Walker2d-v4,3
572508,reward,4516,422.79837684833285,408.313,SF-P3O-NoDual,Walker2d-v4,3
572611,reward,4517,252.29438351398673,386.129,SF-P3O-NoDual,Walker2d-v4,3
572768,reward,4518,413.3463761244787,388.206,SF-P3O-NoDual,Walker2d-v4,3
572938,reward,4519,409.38755806179904,389.091,SF-P3O-NoDual,Walker2d-v4,3
573094,reward,4520,401.0145673939674,391.183,SF-P3O-NoDual,Walker2d-v4,3
573233,reward,4521,329.22978301053314,391.947,SF-P3O-NoDual,Walker2d-v4,3
573415,reward,4522,435.95071699202475,394.938,SF-P3O-NoDual,Walker2d-v4,3
573440,loss,-0.041350193321704865,0.7407459020614624,SF-P3O-NoDual,Walker2d-v4,3
573440,diagnostics,0.0,40.33,20.8042,0.062455,0.959167,-1.0,0.083857,SF-P3O-NoDual,Walker2d-v4,3
573556,reward,4523,365.43493453573285,394.593,SF-P3O-NoDual,Walker2d-v4,3
573670,reward,4524,235.7252554704463,374.662,SF-P3O-NoDual,Walker2d-v4,3
573864,reward,4525,470.75925165178825,373.594,SF-P3O-NoDual,Walker2d-v4,3
574051,reward,4526,472.45864434290144,378.56,SF-P3O-NoDual,Walker2d-v4,3
574242,reward,4527,417.947125968463,395.125,SF-P3O-NoDual,Walker2d-v4,3
574436,reward,4528,478.8527795544506,401.676,SF-P3O-NoDual,Walker2d-v4,3
574600,reward,4529,393.8990803371424,400.127,SF-P3O-NoDual,Walker2d-v4,3
574779,reward,4530,428.611198384908,402.887,SF-P3O-NoDual,Walker2d-v4,3
574940,reward,4531,393.57686693587823,409.322,SF-P3O-NoDual,Walker2d-v4,3
575071,reward,4532,322.1392378807925,397.94,SF-P3O-NoDual,Walker2d-v4,3
575209,reward,4533,342.2835136166166,395.625,SF-P3O-NoDual,Walker2d-v4,3
575361,reward,4534,365.62848267527175,408.616,SF-P3O-NoDual,Walker2d-v4,3
575535,reward,4535,427.8288924086376,404.323,SF-P3O-NoDual,Walker2d-v4,3
575694,reward,4536,407.682451091739,397.845,SF-P3O-NoDual,Walker2d-v4,3
575816,reward,4537,307.8992872701747,386.84,SF-P3O-NoDual,Walker2d-v4,3
575939,reward,4538,290.4455261790184,367.999,SF-P3O-NoDual,Walker2d-v4,3
576149,reward,4539,471.1591100824634,375.725,SF-P3O-NoDual,Walker2d-v4,3
576271,reward,4540,287.4797288070496,361.612,SF-P3O-NoDual,Walker2d-v4,3
576435,reward,4541,410.782198806615,363.333,SF-P3O-NoDual,Walker2d-v4,3
576569,reward,4542,310.6879104526476,362.188,SF-P3O-NoDual,Walker2d-v4,3
576707,reward,4543,351.29660794582014,363.089,SF-P3O-NoDual,Walker2d-v4,3
576837,reward,4544,334.9913442055339,360.025,SF-P3O-NoDual,Walker2d-v4,3
576974,reward,4545,341.24074280895246,351.366,SF-P3O-NoDual,Walker2d-v4,3
577166,reward,4546,469.699311184134,357.568,SF-P3O-NoDual,Walker2d-v4,3
577292,reward,4547,333.78673918836984,360.157,SF-P3O-NoDual,Walker2d-v4,3
577470,reward,4548,460.61778325942873,377.174,SF-P3O-NoDual,Walker2d-v4,3
577633,reward,4549,424.24886489827117,372.483,SF-P3O-NoDual,Walker2d-v4,3
577805,reward,4550,427.53259813155216,386.488,SF-P3O-NoDual,Walker2d-v4,3
577965,reward,4551,397.8715376525713,385.197,SF-P3O-NoDual,Walker2d-v4,3
578139,reward,4552,405.2742020209428,394.656,SF-P3O-NoDual,Walker2d-v4,3
578269,reward,4553,306.19053935691716,390.145,SF-P3O-NoDual,Walker2d-v4,3
578397,reward,4554,301.6741367245108,386.814,SF-P3O-NoDual,Walker2d-v4,3
578612,reward,4555,438.1900524967106,396.509,SF-P3O-NoDual,Walker2d-v4,3
578775,reward,4556,387.8968146961157,388.328,SF-P3O-NoDual,Walker2d-v4,3
578943,reward,4557,460.34894863351826,400.985,SF-P3O-NoDual,Walker2d-v4,3
579101,reward,4558,405.2535052125504,395.448,SF-P3O-NoDual,Walker2d-v4,3
579304,reward,4559,449.87045942318287,398.01,SF-P3O-NoDual,Walker2d-v4,3
579496,reward,4560,475.28502482525147,402.786,SF-P3O-NoDual,Walker2d-v4,3
579632,reward,4561,324.31487466962636,395.43,SF-P3O-NoDual,Walker2d-v4,3
579775,reward,4562,390.86306600168007,393.989,SF-P3O-NoDual,Walker2d-v4,3
579948,reward,4563,409.2216693390575,404.292,SF-P3O-NoDual,Walker2d-v4,3
580000,speed,1059.91,10.21,SF-P3O-NoDual,Walker2d-v4,3
580001,spectral,0.062455,0.959167,-1.0,SF-P3O-NoDual,Walker2d-v4,3
580095,reward,4564,339.17802253469836,408.042,SF-P3O-NoDual,Walker2d-v4,3
580242,reward,4565,369.4175904246614,401.165,SF-P3O-NoDual,Walker2d-v4,3
580394,reward,4566,394.2391232520202,401.799,SF-P3O-NoDual,Walker2d-v4,3
580523,reward,4567,299.19162587090125,385.683,SF-P3O-NoDual,Walker2d-v4,3
580644,reward,4568,275.17846450689296,372.676,SF-P3O-NoDual,Walker2d-v4,3
580728,reward,4569,168.98733021946788,344.588,SF-P3O-NoDual,Walker2d-v4,3
580896,reward,4570,392.56657992891485,336.316,SF-P3O-NoDual,Walker2d-v4,3
581044,reward,4571,363.3251470026038,340.217,SF-P3O-NoDual,Walker2d-v4,3
581192,reward,4572,391.22724643061315,340.253,SF-P3O-NoDual,Walker2d-v4,3
581294,reward,4573,221.08063316609525,321.439,SF-P3O-NoDual,Walker2d-v4,3
581453,reward,4574,418.3935310287461,329.361,SF-P3O-NoDual,Walker2d-v4,3
581607,reward,4575,385.22609158077574,330.942,SF-P3O-NoDual,Walker2d-v4,3
581632,loss,-0.10969837009906769,0.5781304836273193,SF-P3O-NoDual,Walker2d-v4,3
581791,reward,4576,415.93212829351205,333.111,SF-P3O-NoDual,Walker2d-v4,3
581922,reward,4577,311.0239039369074,334.294,SF-P3O-NoDual,Walker2d-v4,3
582093,reward,4578,447.4939996327499,351.526,SF-P3O-NoDual,Walker2d-v4,3
582316,reward,4579,480.2245753439862,382.649,SF-P3O-NoDual,Walker2d-v4,3
582455,reward,4580,351.0314381044903,378.496,SF-P3O-NoDual,Walker2d-v4,3
582607,reward,4581,376.56482806167134,379.82,SF-P3O-NoDual,Walker2d-v4,3
582731,reward,4582,295.3319452941067,370.23,SF-P3O-NoDual,Walker2d-v4,3
582944,reward,4583,496.8480340478136,397.807,SF-P3O-NoDual,Walker2d-v4,3
583164,reward,4584,483.2407550722929,404.292,SF-P3O-NoDual,Walker2d-v4,3
583317,reward,4585,376.8380139688799,403.453,SF-P3O-NoDual,Walker2d-v4,3
583460,reward,4586,358.2377613878652,397.684,SF-P3O-NoDual,Walker2d-v4,3
583572,reward,4587,261.8990647716975,392.771,SF-P3O-NoDual,Walker2d-v4,3
583690,reward,4588,281.352394851562,376.157,SF-P3O-NoDual,Walker2d-v4,3
583875,reward,4589,455.9813516012992,373.733,SF-P3O-NoDual,Walker2d-v4,3
584039,reward,4590,412.37460954275286,379.867,SF-P3O-NoDual,Walker2d-v4,3
584218,reward,4591,446.91868589143223,386.902,SF-P3O-NoDual,Walker2d-v4,3
584375,reward,4592,421.54844538224296,399.524,SF-P3O-NoDual,Walker2d-v4,3
584498,reward,4593,294.8858178229563,379.328,SF-P3O-NoDual,Walker2d-v4,3
584631,reward,4594,337.9318797441002,364.797,SF-P3O-NoDual,Walker2d-v4,3
584755,reward,4595,302.83185499126347,357.396,SF-P3O-NoDual,Walker2d-v4,3
584902,reward,4596,367.55148122187495,358.328,SF-P3O-NoDual,Walker2d-v4,3
585041,reward,4597,353.8652361162174,367.524,SF-P3O-NoDual,Walker2d-v4,3
585174,reward,4598,332.0373710266314,372.593,SF-P3O-NoDual,Walker2d-v4,3
585314,reward,4599,354.8508575270706,362.48,SF-P3O-NoDual,Walker2d-v4,3
585492,reward,4600,450.36393698191955,366.279,SF-P3O-NoDual,Walker2d-v4,3
585641,reward,4601,366.93294605605917,358.28,SF-P3O-NoDual,Walker2d-v4,3
585814,reward,4602,451.1931893170813,361.244,SF-P3O-NoDual,Walker2d-v4,3
585936,reward,4603,263.53854678273945,358.11,SF-P3O-NoDual,Walker2d-v4,3
586046,reward,4604,255.93791452953678,349.91,SF-P3O-NoDual,Walker2d-v4,3
586194,reward,4605,371.2456643854492,356.752,SF-P3O-NoDual,Walker2d-v4,3
586291,reward,4606,211.18426254000352,341.115,SF-P3O-NoDual,Walker2d-v4,3
586421,reward,4607,308.5460855609154,336.583,SF-P3O-NoDual,Walker2d-v4,3
586532,reward,4608,266.63150998675036,330.042,SF-P3O-NoDual,Walker2d-v4,3
586695,reward,4609,436.4489846582127,338.202,SF-P3O-NoDual,Walker2d-v4,3
586877,reward,4610,466.068065017879,339.773,SF-P3O-NoDual,Walker2d-v4,3
587015,reward,4611,325.10940611656906,335.59,SF-P3O-NoDual,Walker2d-v4,3
587234,reward,4612,528.7385381679479,343.345,SF-P3O-NoDual,Walker2d-v4,3
587374,reward,4613,316.88442288226594,348.679,SF-P3O-NoDual,Walker2d-v4,3
587552,reward,4614,456.0628479705179,368.692,SF-P3O-NoDual,Walker2d-v4,3
587692,reward,4615,346.3534939448313,366.203,SF-P3O-NoDual,Walker2d-v4,3
587870,reward,4616,440.70645401800977,389.155,SF-P3O-NoDual,Walker2d-v4,3
588049,reward,4617,421.3761240473843,400.438,SF-P3O-NoDual,Walker2d-v4,3
588200,reward,4618,358.67993227461375,409.643,SF-P3O-NoDual,Walker2d-v4,3
588359,reward,4619,389.85544800461145,404.983,SF-P3O-NoDual,Walker2d-v4,3
588566,reward,4620,473.22324709416864,405.699,SF-P3O-NoDual,Walker2d-v4,3
588731,reward,4621,402.3830941863013,413.426,SF-P3O-NoDual,Walker2d-v4,3
588950,reward,4622,530.1788036710356,413.57,SF-P3O-NoDual,Walker2d-v4,3
589077,reward,4623,319.38638287819657,413.821,SF-P3O-NoDual,Walker2d-v4,3
589272,reward,4624,447.48025202145703,412.962,SF-P3O-NoDual,Walker2d-v4,3
589423,reward,4625,394.8803897411338,417.815,SF-P3O-NoDual,Walker2d-v4,3
589593,reward,4626,426.56434912626696,416.401,SF-P3O-NoDual,Walker2d-v4,3
589751,reward,4627,381.5789019247314,412.421,SF-P3O-NoDual,Walker2d-v4,3
589824,loss,0.003933237865567207,0.7922197580337524,SF-P3O-NoDual,Walker2d-v4,3
589824,diagnostics,0.0,40.82,34.9928,0.065567,0.958406,-1.0,0.080487,SF-P3O-NoDual,Walker2d-v4,3
589919,reward,4628,437.49713256471927,420.303,SF-P3O-NoDual,Walker2d-v4,3
590000,speed,701.17,10.44,SF-P3O-NoDual,Walker2d-v4,3
590001,spectral,0.065567,0.958406,-1.0,SF-P3O-NoDual,Walker2d-v4,3
590060,reward,4629,360.36017679314506,417.353,SF-P3O-NoDual,Walker2d-v4,3
590221,reward,4630,427.10443315628,412.741,SF-P3O-NoDual,Walker2d-v4,3
590381,reward,4631,424.93236985374773,414.996,SF-P3O-NoDual,Walker2d-v4,3
590543,reward,4632,407.753924539791,402.754,SF-P3O-NoDual,Walker2d-v4,3
590737,reward,4633,486.2407524104565,419.439,SF-P3O-NoDual,Walker2d-v4,3
590828,reward,4634,207.0335353538561,395.395,SF-P3O-NoDual,Walker2d-v4,3
591010,reward,4635,435.38609319593115,399.445,SF-P3O-NoDual,Walker2d-v4,3
591130,reward,4636,284.83125135545765,385.272,SF-P3O-NoDual,Walker2d-v4,3
591238,reward,4637,235.51698327864293,370.666,SF-P3O-NoDual,Walker2d-v4,3
591374,reward,4638,318.1882502393162,358.735,SF-P3O-NoDual,Walker2d-v4,3
591491,reward,4639,270.2287236275075,349.722,SF-P3O-NoDual,Walker2d-v4,3
591681,reward,4640,455.29421976308475,352.541,SF-P3O-NoDual,Walker2d-v4,3
591834,reward,4641,411.44265162969083,351.192,SF-P3O-NoDual,Walker2d-v4,3
592028,reward,4642,462.4173126767285,356.658,SF-P3O-NoDual,Walker2d-v4,3
592117,reward,4643,180.1573665538835,326.05,SF-P3O-NoDual,Walker2d-v4,3
592260,reward,4644,365.02197262723354,341.848,SF-P3O-NoDual,Walker2d-v4,3
592465,reward,4645,506.3307614977508,348.943,SF-P3O-NoDual,Walker2d-v4,3
592618,reward,4646,398.38162757630846,360.298,SF-P3O-NoDual,Walker2d-v4,3
592800,reward,4647,467.23715243362955,383.47,SF-P3O-NoDual,Walker2d-v4,3
592956,reward,4648,389.9408205513977,390.645,SF-P3O-NoDual,Walker2d-v4,3
593066,reward,4649,266.94198560706127,390.317,SF-P3O-NoDual,Walker2d-v4,3
593188,reward,4650,275.2185241812807,372.309,SF-P3O-NoDual,Walker2d-v4,3
593340,reward,4651,379.658474277621,369.131,SF-P3O-NoDual,Walker2d-v4,3
593511,reward,4652,403.3187792249664,363.221,SF-P3O-NoDual,Walker2d-v4,3
593658,reward,4653,382.98414287062786,383.503,SF-P3O-NoDual,Walker2d-v4,3
593803,reward,4654,380.4154946169585,385.043,SF-P3O-NoDual,Walker2d-v4,3
593953,reward,4655,368.54023134303566,371.264,SF-P3O-NoDual,Walker2d-v4,3
594047,reward,4656,195.37334036259057,350.963,SF-P3O-NoDual,Walker2d-v4,3
594195,reward,4657,374.979284038556,341.737,SF-P3O-NoDual,Walker2d-v4,3
594366,reward,4658,425.9045941452516,345.333,SF-P3O-NoDual,Walker2d-v4,3
594487,reward,4659,284.23459547925853,347.063,SF-P3O-NoDual,Walker2d-v4,3
594631,reward,4660,355.65417698166686,355.106,SF-P3O-NoDual,Walker2d-v4,3
594805,reward,4661,456.70911569035013,362.811,SF-P3O-NoDual,Walker2d-v4,3
594972,reward,4662,385.1849566870268,360.998,SF-P3O-NoDual,Walker2d-v4,3
595092,reward,4663,300.4694218659154,352.747,SF-P3O-NoDual,Walker2d-v4,3
595231,reward,4664,366.10486298856875,351.315,SF-P3O-NoDual,Walker2d-v4,3
595396,reward,4665,405.8972602469316,355.051,SF-P3O-NoDual,Walker2d-v4,3
595534,reward,4666,336.8494620594753,369.199,SF-P3O-NoDual,Walker2d-v4,3
595659,reward,4667,298.21000726497647,361.522,SF-P3O-NoDual,Walker2d-v4,3
595836,reward,4668,451.2554708506046,364.057,SF-P3O-NoDual,Walker2d-v4,3
595987,reward,4669,390.8619231865862,374.72,SF-P3O-NoDual,Walker2d-v4,3
596127,reward,4670,345.4312350202836,373.697,SF-P3O-NoDual,Walker2d-v4,3
596287,reward,4671,386.00194040474366,366.627,SF-P3O-NoDual,Walker2d-v4,3
596440,reward,4672,376.58243145816255,365.766,SF-P3O-NoDual,Walker2d-v4,3
596556,reward,4673,256.35890108346365,361.355,SF-P3O-NoDual,Walker2d-v4,3
596706,reward,4674,379.22798277139503,362.668,SF-P3O-NoDual,Walker2d-v4,3
596838,reward,4675,321.87007784210624,354.265,SF-P3O-NoDual,Walker2d-v4,3
596985,reward,4676,364.08056526842245,356.988,SF-P3O-NoDual,Walker2d-v4,3
597122,reward,4677,349.9338298478655,362.16,SF-P3O-NoDual,Walker2d-v4,3
597235,reward,4678,236.94155570384774,340.729,SF-P3O-NoDual,Walker2d-v4,3
597395,reward,4679,370.69119843857015,338.712,SF-P3O-NoDual,Walker2d-v4,3
597526,reward,4680,344.4091787696455,338.61,SF-P3O-NoDual,Walker2d-v4,3
597689,reward,4681,405.73024610225445,340.583,SF-P3O-NoDual,Walker2d-v4,3
597813,reward,4682,282.0195094243402,331.126,SF-P3O-NoDual,Walker2d-v4,3
597956,reward,4683,367.56512147712596,342.247,SF-P3O-NoDual,Walker2d-v4,3
598016,loss,0.0020412011072039604,0.7178215980529785,SF-P3O-NoDual,Walker2d-v4,3
598138,reward,4684,442.5642184070572,348.581,SF-P3O-NoDual,Walker2d-v4,3
598301,reward,4685,421.7119153727619,358.565,SF-P3O-NoDual,Walker2d-v4,3
598464,reward,4686,420.0012280801984,364.157,SF-P3O-NoDual,Walker2d-v4,3
598684,reward,4687,515.9257867877114,380.756,SF-P3O-NoDual,Walker2d-v4,3
598835,reward,4688,388.70009036131006,395.932,SF-P3O-NoDual,Walker2d-v4,3
599003,reward,4689,435.96495885599137,402.459,SF-P3O-NoDual,Walker2d-v4,3
599156,reward,4690,391.6227562983346,407.181,SF-P3O-NoDual,Walker2d-v4,3
599306,reward,4691,390.5518379283232,405.663,SF-P3O-NoDual,Walker2d-v4,3
599465,reward,4692,410.64319540881746,418.525,SF-P3O-NoDual,Walker2d-v4,3
599604,reward,4693,358.32410728449264,417.601,SF-P3O-NoDual,Walker2d-v4,3
599778,reward,4694,449.3693007090208,418.282,SF-P3O-NoDual,Walker2d-v4,3
599938,reward,4695,407.1044191505327,416.821,SF-P3O-NoDual,Walker2d-v4,3
600000,speed,1036.59,10.61,SF-P3O-NoDual,Walker2d-v4,3
600001,spectral,0.066915,0.958082,-1.0,SF-P3O-NoDual,Walker2d-v4,3
600037,reward,4696,181.49907571838003,392.971,SF-P3O-NoDual,Walker2d-v4,3
600187,reward,4697,392.24078540099066,380.602,SF-P3O-NoDual,Walker2d-v4,3
600345,reward,4698,395.4078575085178,381.273,SF-P3O-NoDual,Walker2d-v4,3
600505,reward,4699,364.8734613863017,374.164,SF-P3O-NoDual,Walker2d-v4,3
600655,reward,4700,364.55461847592903,371.457,SF-P3O-NoDual,Walker2d-v4,3
600794,reward,4701,353.5012775001717,367.752,SF-P3O-NoDual,Walker2d-v4,3
600968,reward,4702,416.51657597862743,368.339,SF-P3O-NoDual,Walker2d-v4,3
601140,reward,4703,420.9694054312655,374.604,SF-P3O-NoDual,Walker2d-v4,3
601275,reward,4704,338.02018844671665,363.469,SF-P3O-NoDual,Walker2d-v4,3
601430,reward,4705,429.062699829185,365.665,SF-P3O-NoDual,Walker2d-v4,3
601613,reward,4706,427.19476734566297,390.234,SF-P3O-NoDual,Walker2d-v4,3
601751,reward,4707,344.8806058457585,385.498,SF-P3O-NoDual,Walker2d-v4,3
601893,reward,4708,366.78604380191615,382.636,SF-P3O-NoDual,Walker2d-v4,3
602040,reward,4709,378.57927928407884,384.007,SF-P3O-NoDual,Walker2d-v4,3
602229,reward,4710,461.90672167481415,393.742,SF-P3O-NoDual,Walker2d-v4,3
602367,reward,4711,353.13352419141376,393.705,SF-P3O-NoDual,Walker2d-v4,3
602551,reward,4712,449.53446489410356,397.007,SF-P3O-NoDual,Walker2d-v4,3
602707,reward,4713,386.35145317960473,393.545,SF-P3O-NoDual,Walker2d-v4,3
602877,reward,4714,448.139018884125,404.557,SF-P3O-NoDual,Walker2d-v4,3
603049,reward,4715,431.58594571149655,404.809,SF-P3O-NoDual,Walker2d-v4,3
603246,reward,4716,514.4216266762185,413.532,SF-P3O-NoDual,Walker2d-v4,3
603412,reward,4717,402.4622969885838,419.29,SF-P3O-NoDual,Walker2d-v4,3
603536,reward,4718,289.25565874855215,411.537,SF-P3O-NoDual,Walker2d-v4,3
603703,reward,4719,403.7063646538542,414.05,SF-P3O-NoDual,Walker2d-v4,3
603927,reward,4720,494.6794741480231,417.327,SF-P3O-NoDual,Walker2d-v4,3
604070,reward,4721,361.0960983111564,418.123,SF-P3O-NoDual,Walker2d-v4,3
604221,reward,4722,379.8481086667308,411.155,SF-P3O-NoDual,Walker2d-v4,3
604401,reward,4723,446.91261955766817,417.211,SF-P3O-NoDual,Walker2d-v4,3
604562,reward,4724,391.54872775296747,411.552,SF-P3O-NoDual,Walker2d-v4,3
604733,reward,4725,436.4857436782606,412.042,SF-P3O-NoDual,Walker2d-v4,3
604870,reward,4726,333.5773642483415,393.957,SF-P3O-NoDual,Walker2d-v4,3
605034,reward,4727,427.23304409488344,396.434,SF-P3O-NoDual,Walker2d-v4,3
605216,reward,4728,427.9215507363505,410.301,SF-P3O-NoDual,Walker2d-v4,3
605357,reward,4729,316.63155082209255,401.593,SF-P3O-NoDual,Walker2d-v4,3
605528,reward,4730,438.1179103743329,395.937,SF-P3O-NoDual,Walker2d-v4,3
605685,reward,4731,393.466299016352,399.174,SF-P3O-NoDual,Walker2d-v4,3
605829,reward,4732,381.49309088588313,399.339,SF-P3O-NoDual,Walker2d-v4,3
606002,reward,4733,455.53424739565423,400.201,SF-P3O-NoDual,Walker2d-v4,3
606151,reward,4734,370.0902071189228,398.055,SF-P3O-NoDual,Walker2d-v4,3
606208,loss,-0.10690109431743622,0.5142999291419983,SF-P3O-NoDual,Walker2d-v4,3
606208,diagnostics,0.0,41.26,43.1986,0.068314,0.957728,-1.0,0.079635,SF-P3O-NoDual,Walker2d-v4,3
606329,reward,4735,454.7219535995417,399.879,SF-P3O-NoDual,Walker2d-v4,3
606480,reward,4736,343.98072058627037,400.919,SF-P3O-NoDual,Walker2d-v4,3
606638,reward,4737,366.3424785019784,394.83,SF-P3O-NoDual,Walker2d-v4,3
606818,reward,4738,435.76954591251217,395.615,SF-P3O-NoDual,Walker2d-v4,3
606988,reward,4739,439.7889567974882,407.931,SF-P3O-NoDual,Walker2d-v4,3
607152,reward,4740,399.2844494747629,404.047,SF-P3O-NoDual,Walker2d-v4,3
607299,reward,4741,346.2512684391533,399.326,SF-P3O-NoDual,Walker2d-v4,3
607465,reward,4742,411.12050432114467,402.288,SF-P3O-NoDual,Walker2d-v4,3
607619,reward,4743,371.6574995262536,393.901,SF-P3O-NoDual,Walker2d-v4,3
607870,reward,4744,529.9582014659987,409.888,SF-P3O-NoDual,Walker2d-v4,3
608020,reward,4745,363.77439187604796,400.793,SF-P3O-NoDual,Walker2d-v4,3
608183,reward,4746,405.36132271645926,406.931,SF-P3O-NoDual,Walker2d-v4,3
608345,reward,4747,440.25449010663164,414.322,SF-P3O-NoDual,Walker2d-v4,3
608529,reward,4748,470.2170614139227,417.767,SF-P3O-NoDual,Walker2d-v4,3
608662,reward,4749,321.7174678324523,405.96,SF-P3O-NoDual,Walker2d-v4,3
608795,reward,4750,333.51805653283657,399.383,SF-P3O-NoDual,Walker2d-v4,3
608944,reward,4751,391.7936937266201,403.937,SF-P3O-NoDual,Walker2d-v4,3
609116,reward,4752,423.1909765056645,405.144,SF-P3O-NoDual,Walker2d-v4,3
609306,reward,4753,491.74928478366485,417.153,SF-P3O-NoDual,Walker2d-v4,3
609455,reward,4754,360.9275679203062,400.25,SF-P3O-NoDual,Walker2d-v4,3
609592,reward,4755,340.612995731602,397.934,SF-P3O-NoDual,Walker2d-v4,3
609745,reward,4756,370.9723650233472,394.495,SF-P3O-NoDual,Walker2d-v4,3
609896,reward,4757,382.41823612735067,388.712,SF-P3O-NoDual,Walker2d-v4,3
610000,speed,1037.84,10.77,SF-P3O-NoDual,Walker2d-v4,3
610001,perturb,0.068314,0.957728,-1.0,267132,912,2.278769,9,SF-P3O-NoDual,Walker2d-v4,3
610142,reward,4758,534.6921536911727,395.159,SF-P3O-NoDual,Walker2d-v4,3
610338,reward,4759,489.4746233577775,411.935,SF-P3O-NoDual,Walker2d-v4,3
610543,reward,4760,507.9945347162345,429.383,SF-P3O-NoDual,Walker2d-v4,3
610655,reward,4761,272.1306729691863,417.416,SF-P3O-NoDual,Walker2d-v4,3
610820,reward,4762,397.10484218776224,414.808,SF-P3O-NoDual,Walker2d-v4,3
610948,reward,4763,317.5614713201408,397.389,SF-P3O-NoDual,Walker2d-v4,3
611117,reward,4764,421.9868816733128,403.495,SF-P3O-NoDual,Walker2d-v4,3
611249,reward,4765,318.6378276250109,401.297,SF-P3O-NoDual,Walker2d-v4,3
611438,reward,4766,475.1073588488066,411.711,SF-P3O-NoDual,Walker2d-v4,3
611599,reward,4767,412.1910167947451,414.688,SF-P3O-NoDual,Walker2d-v4,3
611803,reward,4768,477.31143757248134,408.95,SF-P3O-NoDual,Walker2d-v4,3
611932,reward,4769,297.6411662086827,389.767,SF-P3O-NoDual,Walker2d-v4,3
612052,reward,4770,302.84995082983323,369.252,SF-P3O-NoDual,Walker2d-v4,3
612206,reward,4771,391.9553925104864,381.235,SF-P3O-NoDual,Walker2d-v4,3
612358,reward,4772,406.85370767667155,382.21,SF-P3O-NoDual,Walker2d-v4,3
612498,reward,4773,353.2417133902717,385.778,SF-P3O-NoDual,Walker2d-v4,3
612691,reward,4774,440.57426602736484,387.636,SF-P3O-NoDual,Walker2d-v4,3
612888,reward,4775,467.66247230006064,402.539,SF-P3O-NoDual,Walker2d-v4,3
613074,reward,4776,433.4161341772612,398.37,SF-P3O-NoDual,Walker2d-v4,3
613199,reward,4777,315.17233211349384,388.668,SF-P3O-NoDual,Walker2d-v4,3
613385,reward,4778,470.56265943688555,387.993,SF-P3O-NoDual,Walker2d-v4,3
613528,reward,4779,356.077651043044,393.837,SF-P3O-NoDual,Walker2d-v4,3
613671,reward,4780,360.6583705631225,399.617,SF-P3O-NoDual,Walker2d-v4,3
613823,reward,4781,408.58517163219284,401.28,SF-P3O-NoDual,Walker2d-v4,3
613967,reward,4782,367.7055599290727,397.366,SF-P3O-NoDual,Walker2d-v4,3
614108,reward,4783,354.9556188507283,397.537,SF-P3O-NoDual,Walker2d-v4,3
614286,reward,4784,436.60248237496944,397.14,SF-P3O-NoDual,Walker2d-v4,3
614400,loss,0.05292431265115738,0.7298566699028015,SF-P3O-NoDual,Walker2d-v4,3
614409,reward,4785,316.80944922549764,382.055,SF-P3O-NoDual,Walker2d-v4,3
614570,reward,4786,416.391540431348,380.352,SF-P3O-NoDual,Walker2d-v4,3
614735,reward,4787,437.48158424252443,392.583,SF-P3O-NoDual,Walker2d-v4,3
614889,reward,4788,400.8568416993623,385.612,SF-P3O-NoDual,Walker2d-v4,3
615025,reward,4789,329.8088941643702,382.986,SF-P3O-NoDual,Walker2d-v4,3
615210,reward,4790,461.8587511152951,393.106,SF-P3O-NoDual,Walker2d-v4,3
615438,reward,4791,523.3611820357644,404.583,SF-P3O-NoDual,Walker2d-v4,3
615639,reward,4792,475.48318246050707,415.361,SF-P3O-NoDual,Walker2d-v4,3
615798,reward,4793,385.3469886122362,418.4,SF-P3O-NoDual,Walker2d-v4,3
615961,reward,4794,407.02382253819627,415.442,SF-P3O-NoDual,Walker2d-v4,3
616124,reward,4795,417.08739428623824,425.47,SF-P3O-NoDual,Walker2d-v4,3
616295,reward,4796,420.3989103586046,425.871,SF-P3O-NoDual,Walker2d-v4,3
616468,reward,4797,437.990695240199,425.922,SF-P3O-NoDual,Walker2d-v4,3
616633,reward,4798,410.55854266161015,426.892,SF-P3O-NoDual,Walker2d-v4,3
616809,reward,4799,414.5028031566297,435.361,SF-P3O-NoDual,Walker2d-v4,3
617036,reward,4800,524.1099675964091,441.586,SF-P3O-NoDual,Walker2d-v4,3
617194,reward,4801,426.54053226102457,431.904,SF-P3O-NoDual,Walker2d-v4,3
617351,reward,4802,392.76164138608084,423.632,SF-P3O-NoDual,Walker2d-v4,3
617507,reward,4803,403.6275783317496,425.46,SF-P3O-NoDual,Walker2d-v4,3
617647,reward,4804,348.5415285145255,419.612,SF-P3O-NoDual,Walker2d-v4,3
617807,reward,4805,392.77920805964544,417.181,SF-P3O-NoDual,Walker2d-v4,3
617966,reward,4806,415.89844472623565,416.731,SF-P3O-NoDual,Walker2d-v4,3
618141,reward,4807,419.1970302778326,414.852,SF-P3O-NoDual,Walker2d-v4,3
618299,reward,4808,412.780290323684,415.074,SF-P3O-NoDual,Walker2d-v4,3
618429,reward,4809,329.34676462071445,406.558,SF-P3O-NoDual,Walker2d-v4,3
618560,reward,4810,306.09595767411236,384.757,SF-P3O-NoDual,Walker2d-v4,3
618724,reward,4811,420.2619467021935,384.129,SF-P3O-NoDual,Walker2d-v4,3
618906,reward,4812,439.17436445729857,388.77,SF-P3O-NoDual,Walker2d-v4,3
619035,reward,4813,316.84372946529214,380.092,SF-P3O-NoDual,Walker2d-v4,3
619185,reward,4814,425.02051823914826,387.74,SF-P3O-NoDual,Walker2d-v4,3
619371,reward,4815,487.01604707972876,397.164,SF-P3O-NoDual,Walker2d-v4,3
619522,reward,4816,383.4785018031402,393.922,SF-P3O-NoDual,Walker2d-v4,3
619745,reward,4817,529.8039475839123,404.982,SF-P3O-NoDual,Walker2d-v4,3
619893,reward,4818,366.3196740596125,400.336,SF-P3O-NoDual,Walker2d-v4,3
620000,speed,1068.33,10.92,SF-P3O-NoDual,Walker2d-v4,3
620001,spectral,0.061054,0.959515,-1.0,SF-P3O-NoDual,Walker2d-v4,3
620096,reward,4819,472.1987471415384,414.621,SF-P3O-NoDual,Walker2d-v4,3
620238,reward,4820,363.9997610432133,420.412,SF-P3O-NoDual,Walker2d-v4,3
620393,reward,4821,416.137091546718,419.999,SF-P3O-NoDual,Walker2d-v4,3
620554,reward,4822,431.06998886346673,419.189,SF-P3O-NoDual,Walker2d-v4,3
620736,reward,4823,441.06000382296895,431.61,SF-P3O-NoDual,Walker2d-v4,3
620870,reward,4824,354.3034929377911,424.539,SF-P3O-NoDual,Walker2d-v4,3
621044,reward,4825,448.6149767636755,420.699,SF-P3O-NoDual,Walker2d-v4,3
621131,reward,4826,189.22702891035803,401.273,SF-P3O-NoDual,Walker2d-v4,3
621314,reward,4827,451.37284055674496,393.43,SF-P3O-NoDual,Walker2d-v4,3
621451,reward,4828,344.3575387186948,391.234,SF-P3O-NoDual,Walker2d-v4,3
621641,reward,4829,467.91887822621646,390.806,SF-P3O-NoDual,Walker2d-v4,3
621752,reward,4830,255.61460148133625,379.968,SF-P3O-NoDual,Walker2d-v4,3
621886,reward,4831,337.8021445785181,372.134,SF-P3O-NoDual,Walker2d-v4,3
622039,reward,4832,356.5618527312627,364.683,SF-P3O-NoDual,Walker2d-v4,3
622198,reward,4833,385.63079965608415,359.14,SF-P3O-NoDual,Walker2d-v4,3
622342,reward,4834,358.27816307027115,359.538,SF-P3O-NoDual,Walker2d-v4,3
622478,reward,4835,329.76091669481974,347.652,SF-P3O-NoDual,Walker2d-v4,3
622592,loss,-0.03270557522773743,0.7636460065841675,SF-P3O-NoDual,Walker2d-v4,3
622592,diagnostics,0.0,41.9,16.0303,0.06235,0.959191,-1.0,0.084115,SF-P3O-NoDual,Walker2d-v4,3
622608,reward,4836,316.8075053835466,360.411,SF-P3O-NoDual,Walker2d-v4,3
622751,reward,4837,382.86516732828204,353.56,SF-P3O-NoDual,Walker2d-v4,3
622984,reward,4838,526.690153722637,371.793,SF-P3O-NoDual,Walker2d-v4,3
623166,reward,4839,438.72844860749797,368.874,SF-P3O-NoDual,Walker2d-v4,3
623323,reward,4840,411.7623110489848,384.489,SF-P3O-NoDual,Walker2d-v4,3
623460,reward,4841,346.6829086030689,385.377,SF-P3O-NoDual,Walker2d-v4,3
623597,reward,4842,353.5661238858435,385.077,SF-P3O-NoDual,Walker2d-v4,3
623735,reward,4843,355.0415501462166,382.018,SF-P3O-NoDual,Walker2d-v4,3
623864,reward,4844,328.4020580391657,379.031,SF-P3O-NoDual,Walker2d-v4,3
623973,reward,4845,249.55624507468258,371.01,SF-P3O-NoDual,Walker2d-v4,3
624146,reward,4846,435.63945765110014,382.893,SF-P3O-NoDual,Walker2d-v4,3
624319,reward,4847,419.26529922841655,386.533,SF-P3O-NoDual,Walker2d-v4,3
624443,reward,4848,337.0787525587626,367.572,SF-P3O-NoDual,Walker2d-v4,3
624625,reward,4849,448.4116033049426,368.541,SF-P3O-NoDual,Walker2d-v4,3
624774,reward,4850,394.53257042266796,366.818,SF-P3O-NoDual,Walker2d-v4,3
624952,reward,4851,467.64342586608063,378.914,SF-P3O-NoDual,Walker2d-v4,3
625115,reward,4852,406.40863771954804,384.198,SF-P3O-NoDual,Walker2d-v4,3
625294,reward,4853,444.559316437976,393.15,SF-P3O-NoDual,Walker2d-v4,3
625499,reward,4854,467.8408022872601,407.094,SF-P3O-NoDual,Walker2d-v4,3
625683,reward,4855,464.7662270738986,428.615,SF-P3O-NoDual,Walker2d-v4,3
625899,reward,4856,530.229989630234,438.074,SF-P3O-NoDual,Walker2d-v4,3
626050,reward,4857,378.1493133278926,433.962,SF-P3O-NoDual,Walker2d-v4,3
626183,reward,4858,353.801139342354,435.634,SF-P3O-NoDual,Walker2d-v4,3
626331,reward,4859,387.7864560854112,429.572,SF-P3O-NoDual,Walker2d-v4,3
626477,reward,4860,381.50676773448544,428.269,SF-P3O-NoDual,Walker2d-v4,3
626630,reward,4861,407.59744798415045,422.265,SF-P3O-NoDual,Walker2d-v4,3
626778,reward,4862,379.95324001783194,419.619,SF-P3O-NoDual,Walker2d-v4,3
626937,reward,4863,386.07507309296085,413.771,SF-P3O-NoDual,Walker2d-v4,3
627082,reward,4864,375.34242687010317,404.521,SF-P3O-NoDual,Walker2d-v4,3
627232,reward,4865,366.86460199355,394.731,SF-P3O-NoDual,Walker2d-v4,3
627367,reward,4866,329.8209766336709,374.69,SF-P3O-NoDual,Walker2d-v4,3
627546,reward,4867,406.1190463140243,377.487,SF-P3O-NoDual,Walker2d-v4,3
627674,reward,4868,318.3852751851117,373.945,SF-P3O-NoDual,Walker2d-v4,3
627823,reward,4869,380.4032513960597,373.207,SF-P3O-NoDual,Walker2d-v4,3
627984,reward,4870,408.84418767126175,375.941,SF-P3O-NoDual,Walker2d-v4,3
628155,reward,4871,435.18183366670127,378.699,SF-P3O-NoDual,Walker2d-v4,3
628321,reward,4872,430.23333353926677,383.727,SF-P3O-NoDual,Walker2d-v4,3
628493,reward,4873,461.4503617241265,391.265,SF-P3O-NoDual,Walker2d-v4,3
628633,reward,4874,369.99203953312065,390.729,SF-P3O-NoDual,Walker2d-v4,3
628788,reward,4875,375.55038603217065,391.598,SF-P3O-NoDual,Walker2d-v4,3
628943,reward,4876,374.919351231672,396.108,SF-P3O-NoDual,Walker2d-v4,3
629065,reward,4877,284.9475313698402,383.991,SF-P3O-NoDual,Walker2d-v4,3
629295,reward,4878,514.5806532148885,403.61,SF-P3O-NoDual,Walker2d-v4,3
629475,reward,4879,432.71373519810555,408.841,SF-P3O-NoDual,Walker2d-v4,3
629639,reward,4880,437.46445153509,411.703,SF-P3O-NoDual,Walker2d-v4,3
629759,reward,4881,278.30931796445645,396.016,SF-P3O-NoDual,Walker2d-v4,3
629879,reward,4882,228.72308799605824,375.865,SF-P3O-NoDual,Walker2d-v4,3
630000,speed,1009.4,11.09,SF-P3O-NoDual,Walker2d-v4,3
630001,spectral,0.06235,0.959191,-1.0,SF-P3O-NoDual,Walker2d-v4,3
630023,reward,4883,404.8494545098604,370.205,SF-P3O-NoDual,Walker2d-v4,3
630227,reward,4884,491.28920161421115,382.335,SF-P3O-NoDual,Walker2d-v4,3
630417,reward,4885,454.5980728288975,390.239,SF-P3O-NoDual,Walker2d-v4,3
630583,reward,4886,426.8282830130947,395.43,SF-P3O-NoDual,Walker2d-v4,3
630719,reward,4887,334.5647283599975,400.392,SF-P3O-NoDual,Walker2d-v4,3
630784,loss,-0.12517249584197998,0.5536913275718689,SF-P3O-NoDual,Walker2d-v4,3
630853,reward,4888,324.2748472174084,381.362,SF-P3O-NoDual,Walker2d-v4,3
631026,reward,4889,442.0227177536204,382.292,SF-P3O-NoDual,Walker2d-v4,3
631187,reward,4890,390.4246407835026,377.588,SF-P3O-NoDual,Walker2d-v4,3
631330,reward,4891,350.0662729091527,384.764,SF-P3O-NoDual,Walker2d-v4,3
631507,reward,4892,427.2626496428184,404.618,SF-P3O-NoDual,Walker2d-v4,3
631647,reward,4893,342.8758344904664,398.421,SF-P3O-NoDual,Walker2d-v4,3
631802,reward,4894,405.2658678634654,389.818,SF-P3O-NoDual,Walker2d-v4,3
631968,reward,4895,413.0361407128208,385.662,SF-P3O-NoDual,Walker2d-v4,3
632139,reward,4896,444.3769899339588,387.417,SF-P3O-NoDual,Walker2d-v4,3
632286,reward,4897,402.60564439632515,394.221,SF-P3O-NoDual,Walker2d-v4,3
632436,reward,4898,388.11982709760423,400.606,SF-P3O-NoDual,Walker2d-v4,3
632602,reward,4899,440.1859209596958,400.422,SF-P3O-NoDual,Walker2d-v4,3
632791,reward,4900,467.40764165845377,408.12,SF-P3O-NoDual,Walker2d-v4,3
632943,reward,4901,363.0613081028705,409.42,SF-P3O-NoDual,Walker2d-v4,3
633084,reward,4902,349.3209851093552,401.626,SF-P3O-NoDual,Walker2d-v4,3
633242,reward,4903,406.63354557003294,408.001,SF-P3O-NoDual,Walker2d-v4,3
633394,reward,4904,400.0359698300461,407.478,SF-P3O-NoDual,Walker2d-v4,3
633543,reward,4905,387.50887817011983,404.926,SF-P3O-NoDual,Walker2d-v4,3
633707,reward,4906,430.8651308538256,403.574,SF-P3O-NoDual,Walker2d-v4,3
633935,reward,4907,536.2290118479928,416.937,SF-P3O-NoDual,Walker2d-v4,3
634103,reward,4908,419.91891988670886,420.117,SF-P3O-NoDual,Walker2d-v4,3
634276,reward,4909,440.2871507163967,420.127,SF-P3O-NoDual,Walker2d-v4,3
634376,reward,4910,245.91500331348215,397.978,SF-P3O-NoDual,Walker2d-v4,3
634559,reward,4911,493.4850272283453,411.02,SF-P3O-NoDual,Walker2d-v4,3
634733,reward,4912,456.23188020983616,421.711,SF-P3O-NoDual,Walker2d-v4,3
634900,reward,4913,411.58100608144514,422.206,SF-P3O-NoDual,Walker2d-v4,3
635075,reward,4914,407.8425190531519,422.986,SF-P3O-NoDual,Walker2d-v4,3
635260,reward,4915,459.9707220872079,430.233,SF-P3O-NoDual,Walker2d-v4,3
635421,reward,4916,406.3877119299613,427.785,SF-P3O-NoDual,Walker2d-v4,3
635590,reward,4917,416.1881006704042,415.781,SF-P3O-NoDual,Walker2d-v4,3
635750,reward,4918,381.12906098422695,411.902,SF-P3O-NoDual,Walker2d-v4,3
635905,reward,4919,413.0846470311979,409.182,SF-P3O-NoDual,Walker2d-v4,3
636027,reward,4920,306.12522893127505,415.203,SF-P3O-NoDual,Walker2d-v4,3
636241,reward,4921,515.4674776954232,417.401,SF-P3O-NoDual,Walker2d-v4,3
636387,reward,4922,384.651589968741,410.243,SF-P3O-NoDual,Walker2d-v4,3
636544,reward,4923,384.1168130685548,407.496,SF-P3O-NoDual,Walker2d-v4,3
636702,reward,4924,416.5862332695667,408.371,SF-P3O-NoDual,Walker2d-v4,3
636831,reward,4925,331.6144244351854,395.535,SF-P3O-NoDual,Walker2d-v4,3
636991,reward,4926,415.63421356282794,396.46,SF-P3O-NoDual,Walker2d-v4,3
637153,reward,4927,408.1282675324027,395.654,SF-P3O-NoDual,Walker2d-v4,3
637287,reward,4928,353.65199069301167,392.906,SF-P3O-NoDual,Walker2d-v4,3
637446,reward,4929,408.0951259342309,392.407,SF-P3O-NoDual,Walker2d-v4,3
637574,reward,4930,322.24813984451214,394.019,SF-P3O-NoDual,Walker2d-v4,3
637763,reward,4931,478.5186486431247,390.325,SF-P3O-NoDual,Walker2d-v4,3
637949,reward,4932,486.9863482913911,400.558,SF-P3O-NoDual,Walker2d-v4,3
638013,reward,4933,117.54163123839177,373.901,SF-P3O-NoDual,Walker2d-v4,3
638170,reward,4934,441.230506180523,376.365,SF-P3O-NoDual,Walker2d-v4,3
638318,reward,4935,378.759182462848,381.079,SF-P3O-NoDual,Walker2d-v4,3
638483,reward,4936,449.62937553325435,384.479,SF-P3O-NoDual,Walker2d-v4,3
638641,reward,4937,395.2779769364881,383.194,SF-P3O-NoDual,Walker2d-v4,3
638818,reward,4938,451.5675064283265,392.985,SF-P3O-NoDual,Walker2d-v4,3
638975,reward,4939,409.76998159472254,393.153,SF-P3O-NoDual,Walker2d-v4,3
638976,loss,0.037850674241781235,0.5512883067131042,SF-P3O-NoDual,Walker2d-v4,3
638976,diagnostics,0.0,42.32,28.1955,0.064892,0.958577,-1.0,0.080095,SF-P3O-NoDual,Walker2d-v4,3
639135,reward,4940,400.62790743247865,400.991,SF-P3O-NoDual,Walker2d-v4,3
639307,reward,4941,402.0287617916234,393.342,SF-P3O-NoDual,Walker2d-v4,3
639484,reward,4942,458.0976406522385,390.453,SF-P3O-NoDual,Walker2d-v4,3
639638,reward,4943,378.91730710350623,416.591,SF-P3O-NoDual,Walker2d-v4,3
639808,reward,4944,410.3365193260946,413.501,SF-P3O-NoDual,Walker2d-v4,3
639984,reward,4945,430.2380888637496,418.649,SF-P3O-NoDual,Walker2d-v4,3
640000,speed,715.35,11.32,SF-P3O-NoDual,Walker2d-v4,3
640001,spectral,0.064892,0.958577,-1.0,SF-P3O-NoDual,Walker2d-v4,3
640089,reward,4946,244.82720505482737,398.169,SF-P3O-NoDual,Walker2d-v4,3
640232,reward,4947,388.25687247018504,397.467,SF-P3O-NoDual,Walker2d-v4,3
640412,reward,4948,441.3188810731977,396.442,SF-P3O-NoDual,Walker2d-v4,3
640569,reward,4949,385.87937647782127,394.053,SF-P3O-NoDual,Walker2d-v4,3
640750,reward,4950,489.4924849901088,402.939,SF-P3O-NoDual,Walker2d-v4,3
640875,reward,4951,293.3191687878375,392.068,SF-P3O-NoDual,Walker2d-v4,3
640983,reward,4952,282.07014742642053,374.466,SF-P3O-NoDual,Walker2d-v4,3
641178,reward,4953,466.9583134615122,383.27,SF-P3O-NoDual,Walker2d-v4,3
641333,reward,4954,366.6478343511253,378.901,SF-P3O-NoDual,Walker2d-v4,3
641560,reward,4955,487.9356205062491,384.671,SF-P3O-NoDual,Walker2d-v4,3
641716,reward,4956,389.13199135200216,399.101,SF-P3O-NoDual,Walker2d-v4,3
641895,reward,4957,509.73771490553,411.249,SF-P3O-NoDual,Walker2d-v4,3
642055,reward,4958,448.791077127552,411.996,SF-P3O-NoDual,Walker2d-v4,3
642227,reward,4959,450.28398226707844,418.437,SF-P3O-NoDual,Walker2d-v4,3
642400,reward,4960,436.02951160248233,413.091,SF-P3O-NoDual,Walker2d-v4,3
642528,reward,4961,350.2900515511164,418.788,SF-P3O-NoDual,Walker2d-v4,3
642682,reward,4962,411.10871985461966,431.691,SF-P3O-NoDual,Walker2d-v4,3
642800,reward,4963,281.98180141350264,413.194,SF-P3O-NoDual,Walker2d-v4,3
642957,reward,4964,404.4469252286009,416.974,SF-P3O-NoDual,Walker2d-v4,3
643099,reward,4965,347.9032337031733,402.971,SF-P3O-NoDual,Walker2d-v4,3
643253,reward,4966,381.04184452295544,402.161,SF-P3O-NoDual,Walker2d-v4,3
643406,reward,4967,414.7504082024661,392.663,SF-P3O-NoDual,Walker2d-v4,3
643568,reward,4968,365.99839472123017,384.383,SF-P3O-NoDual,Walker2d-v4,3
643709,reward,4969,367.7880613752309,376.134,SF-P3O-NoDual,Walker2d-v4,3
643860,reward,4970,398.42558212286326,372.374,SF-P3O-NoDual,Walker2d-v4,3
643966,reward,4971,241.16313434257543,361.461,SF-P3O-NoDual,Walker2d-v4,3
644124,reward,4972,424.1058751935735,362.761,SF-P3O-NoDual,Walker2d-v4,3
644272,reward,4973,359.5697621921391,370.519,SF-P3O-NoDual,Walker2d-v4,3
644421,reward,4974,377.18395097738545,367.793,SF-P3O-NoDual,Walker2d-v4,3
644561,reward,4975,363.1500724770576,369.318,SF-P3O-NoDual,Walker2d-v4,3
644698,reward,4976,340.4954253621729,365.263,SF-P3O-NoDual,Walker2d-v4,3
644847,reward,4977,381.1142482145923,361.899,SF-P3O-NoDual,Walker2d-v4,3
644978,reward,4978,348.69385401607315,360.169,SF-P3O-NoDual,Walker2d-v4,3
645085,reward,4979,219.07560907211231,345.298,SF-P3O-NoDual,Walker2d-v4,3
645247,reward,4980,419.1658448099677,347.372,SF-P3O-NoDual,Walker2d-v4,3
645390,reward,4981,370.2283209176027,360.278,SF-P3O-NoDual,Walker2d-v4,3
645572,reward,4982,457.3384339690752,363.602,SF-P3O-NoDual,Walker2d-v4,3
645720,reward,4983,380.98678349902843,365.743,SF-P3O-NoDual,Walker2d-v4,3
645841,reward,4984,308.7588477988048,358.901,SF-P3O-NoDual,Walker2d-v4,3
646020,reward,4985,431.8692167079726,365.773,SF-P3O-NoDual,Walker2d-v4,3
646176,reward,4986,383.1539833749945,370.039,SF-P3O-NoDual,Walker2d-v4,3
646335,reward,4987,439.5708510789219,375.884,SF-P3O-NoDual,Walker2d-v4,3
646501,reward,4988,424.2367505550623,383.438,SF-P3O-NoDual,Walker2d-v4,3
646675,reward,4989,416.7648737152536,403.207,SF-P3O-NoDual,Walker2d-v4,3
646825,reward,4990,371.8179039354765,398.473,SF-P3O-NoDual,Walker2d-v4,3
646986,reward,4991,403.01944516539317,401.752,SF-P3O-NoDual,Walker2d-v4,3
647168,loss,-0.031198903918266296,0.7098715901374817,SF-P3O-NoDual,Walker2d-v4,3
647186,reward,4992,494.03411122775043,405.421,SF-P3O-NoDual,Walker2d-v4,3
647338,reward,4993,414.4832694026293,408.771,SF-P3O-NoDual,Walker2d-v4,3
647527,reward,4994,493.4260479545568,427.238,SF-P3O-NoDual,Walker2d-v4,3
647716,reward,4995,473.4981393176208,431.401,SF-P3O-NoDual,Walker2d-v4,3
647854,reward,4996,364.0826864199091,429.493,SF-P3O-NoDual,Walker2d-v4,3
648011,reward,4997,413.45812017697773,426.882,SF-P3O-NoDual,Walker2d-v4,3
648172,reward,4998,430.1753105741987,427.476,SF-P3O-NoDual,Walker2d-v4,3
648308,reward,4999,326.5497751488475,418.454,SF-P3O-NoDual,Walker2d-v4,3
648477,reward,5000,449.04824755651254,426.178,SF-P3O-NoDual,Walker2d-v4,3
648639,reward,5001,398.4519025457669,425.721,SF-P3O-NoDual,Walker2d-v4,3
648800,reward,5002,417.7192529866665,418.089,SF-P3O-NoDual,Walker2d-v4,3
648955,reward,5003,380.9537057527423,414.736,SF-P3O-NoDual,Walker2d-v4,3
649119,reward,5004,407.68515094169305,406.162,SF-P3O-NoDual,Walker2d-v4,3
649309,reward,5005,467.0361101596606,405.516,SF-P3O-NoDual,Walker2d-v4,3
649438,reward,5006,318.2195817269025,400.93,SF-P3O-NoDual,Walker2d-v4,3
649578,reward,5007,354.89083232149176,395.073,SF-P3O-NoDual,Walker2d-v4,3
649736,reward,5008,425.0909591838624,394.565,SF-P3O-NoDual,Walker2d-v4,3
649899,reward,5009,424.6912087169444,404.379,SF-P3O-NoDual,Walker2d-v4,3
650000,speed,1019.45,11.48,SF-P3O-NoDual,Walker2d-v4,3
650001,spectral,0.066121,0.958255,-1.0,SF-P3O-NoDual,Walker2d-v4,3
650080,reward,5010,476.4087456080435,407.115,SF-P3O-NoDual,Walker2d-v4,3
650228,reward,5011,393.809996400943,406.651,SF-P3O-NoDual,Walker2d-v4,3
650376,reward,5012,366.3353773197764,401.512,SF-P3O-NoDual,Walker2d-v4,3
650535,reward,5013,428.3945186535321,406.256,SF-P3O-NoDual,Walker2d-v4,3
650670,reward,5014,322.47580431598453,397.735,SF-P3O-NoDual,Walker2d-v4,3
650780,reward,5015,252.6979012165918,376.301,SF-P3O-NoDual,Walker2d-v4,3
650929,reward,5016,388.5113225626954,383.331,SF-P3O-NoDual,Walker2d-v4,3
651088,reward,5017,410.17954477097584,388.86,SF-P3O-NoDual,Walker2d-v4,3
651259,reward,5018,425.94563859007826,388.945,SF-P3O-NoDual,Walker2d-v4,3
651420,reward,5019,424.406956724733,388.917,SF-P3O-NoDual,Walker2d-v4,3
651564,reward,5020,378.15553850618613,379.091,SF-P3O-NoDual,Walker2d-v4,3
651723,reward,5021,447.00489085912113,384.411,SF-P3O-NoDual,Walker2d-v4,3
651884,reward,5022,434.36716394679144,391.214,SF-P3O-NoDual,Walker2d-v4,3
652068,reward,5023,488.3675746950816,397.211,SF-P3O-NoDual,Walker2d-v4,3
652261,reward,5024,485.47121310569423,413.511,SF-P3O-NoDual,Walker2d-v4,3
652416,reward,5025,414.7883679553465,429.72,SF-P3O-NoDual,Walker2d-v4,3
652575,reward,5026,410.45776004551215,431.914,SF-P3O-NoDual,Walker2d-v4,3
652690,reward,5027,265.01198679978677,417.398,SF-P3O-NoDual,Walker2d-v4,3
652810,reward,5028,301.3403769543385,404.937,SF-P3O-NoDual,Walker2d-v4,3
652973,reward,5029,435.22376550754984,406.019,SF-P3O-NoDual,Walker2d-v4,3
653176,reward,5030,507.9064326726569,418.994,SF-P3O-NoDual,Walker2d-v4,3
653307,reward,5031,312.63048217286797,405.557,SF-P3O-NoDual,Walker2d-v4,3
653473,reward,5032,440.70190973697373,406.19,SF-P3O-NoDual,Walker2d-v4,3
653617,reward,5033,368.19982102001103,394.173,SF-P3O-NoDual,Walker2d-v4,3
653761,reward,5034,380.9948421396077,383.726,SF-P3O-NoDual,Walker2d-v4,3
653925,reward,5035,399.8113245111788,382.228,SF-P3O-NoDual,Walker2d-v4,3
654090,reward,5036,411.56407430868984,382.339,SF-P3O-NoDual,Walker2d-v4,3
654231,reward,5037,395.4632768653804,395.384,SF-P3O-NoDual,Walker2d-v4,3
654387,reward,5038,413.9234805468261,406.642,SF-P3O-NoDual,Walker2d-v4,3
654570,reward,5039,471.83363994034903,410.303,SF-P3O-NoDual,Walker2d-v4,3
654734,reward,5040,405.0231859680399,400.015,SF-P3O-NoDual,Walker2d-v4,3
654900,reward,5041,457.7539184963975,414.527,SF-P3O-NoDual,Walker2d-v4,3
655083,reward,5042,466.2994637647453,417.087,SF-P3O-NoDual,Walker2d-v4,3
655253,reward,5043,469.84927578873584,427.252,SF-P3O-NoDual,Walker2d-v4,3
655360,loss,-0.05593927577137947,0.8142697811126709,SF-P3O-NoDual,Walker2d-v4,3
655360,diagnostics,0.0,42.68,20.4336,0.067368,0.957926,-1.0,0.078284,SF-P3O-NoDual,Walker2d-v4,3
655430,reward,5044,454.7904974024007,434.631,SF-P3O-NoDual,Walker2d-v4,3
655576,reward,5045,394.4032134785942,434.09,SF-P3O-NoDual,Walker2d-v4,3
655763,reward,5046,471.02186531587694,440.036,SF-P3O-NoDual,Walker2d-v4,3
655915,reward,5047,390.4513650152075,439.535,SF-P3O-NoDual,Walker2d-v4,3
656075,reward,5048,436.6224529190427,441.805,SF-P3O-NoDual,Walker2d-v4,3
656229,reward,5049,395.0704908225519,434.129,SF-P3O-NoDual,Walker2d-v4,3
656377,reward,5050,380.1204785787304,431.638,SF-P3O-NoDual,Walker2d-v4,3
656544,reward,5051,458.8956505129289,431.752,SF-P3O-NoDual,Walker2d-v4,3
656703,reward,5052,382.84360725462966,423.407,SF-P3O-NoDual,Walker2d-v4,3
656812,reward,5053,236.00479651383068,400.022,SF-P3O-NoDual,Walker2d-v4,3
656970,reward,5054,426.917891932821,397.235,SF-P3O-NoDual,Walker2d-v4,3
657151,reward,5055,466.9438933073674,404.489,SF-P3O-NoDual,Walker2d-v4,3
657351,reward,5056,493.53943645895475,406.741,SF-P3O-NoDual,Walker2d-v4,3
657483,reward,5057,331.5238891895736,400.848,SF-P3O-NoDual,Walker2d-v4,3
657625,reward,5058,391.1753371787198,396.304,SF-P3O-NoDual,Walker2d-v4,3
657783,reward,5059,392.4654166874279,396.043,SF-P3O-NoDual,Walker2d-v4,3
657915,reward,5060,350.10790777032014,393.042,SF-P3O-NoDual,Walker2d-v4,3
658039,reward,5061,310.2470595493382,378.177,SF-P3O-NoDual,Walker2d-v4,3
658213,reward,5062,456.53092109371073,385.546,SF-P3O-NoDual,Walker2d-v4,3
658393,reward,5063,479.61168016113584,409.906,SF-P3O-NoDual,Walker2d-v4,3
658566,reward,5064,469.4362035195901,414.158,SF-P3O-NoDual,Walker2d-v4,3
658733,reward,5065,426.2308191335299,410.087,SF-P3O-NoDual,Walker2d-v4,3
658895,reward,5066,416.7673046730793,402.41,SF-P3O-NoDual,Walker2d-v4,3
659046,reward,5067,395.2089795622627,408.778,SF-P3O-NoDual,Walker2d-v4,3
659203,reward,5068,412.03167122029504,410.864,SF-P3O-NoDual,Walker2d-v4,3
659363,reward,5069,408.05729256180695,412.423,SF-P3O-NoDual,Walker2d-v4,3
659525,reward,5070,451.8348057126663,422.596,SF-P3O-NoDual,Walker2d-v4,3
659681,reward,5071,403.521803892172,431.923,SF-P3O-NoDual,Walker2d-v4,3
659859,reward,5072,413.4804102189374,427.618,SF-P3O-NoDual,Walker2d-v4,3
659994,reward,5073,340.0289970884957,413.66,SF-P3O-NoDual,Walker2d-v4,3
660000,speed,1071.33,11.64,SF-P3O-NoDual,Walker2d-v4,3
660001,perturb,0.067368,0.957926,-1.0,267138,906,2.321676,10,SF-P3O-NoDual,Walker2d-v4,3
660163,reward,5074,436.7081004946101,410.387,SF-P3O-NoDual,Walker2d-v4,3
660330,reward,5075,438.52287231343684,411.616,SF-P3O-NoDual,Walker2d-v4,3
660473,reward,5076,348.9022135168085,404.83,SF-P3O-NoDual,Walker2d-v4,3
660620,reward,5077,373.200523535427,402.629,SF-P3O-NoDual,Walker2d-v4,3
660775,reward,5078,394.5188465622241,400.878,SF-P3O-NoDual,Walker2d-v4,3
660925,reward,5079,414.0101028906126,401.473,SF-P3O-NoDual,Walker2d-v4,3
661052,reward,5080,318.7248380175811,388.162,SF-P3O-NoDual,Walker2d-v4,3
661185,reward,5081,312.4153567762226,379.051,SF-P3O-NoDual,Walker2d-v4,3
661329,reward,5082,382.50949511894413,375.954,SF-P3O-NoDual,Walker2d-v4,3
661492,reward,5083,402.97310501459845,382.249,SF-P3O-NoDual,Walker2d-v4,3
661600,reward,5084,261.3447827830916,364.712,SF-P3O-NoDual,Walker2d-v4,3
661748,reward,5085,358.22620264920914,356.683,SF-P3O-NoDual,Walker2d-v4,3
661914,reward,5086,427.16404939786844,364.509,SF-P3O-NoDual,Walker2d-v4,3
662098,reward,5087,469.63177396580164,374.152,SF-P3O-NoDual,Walker2d-v4,3
662239,reward,5088,373.6632406021268,372.066,SF-P3O-NoDual,Walker2d-v4,3
662405,reward,5089,422.15622981252056,372.881,SF-P3O-NoDual,Walker2d-v4,3
662524,reward,5090,282.90509554571815,369.299,SF-P3O-NoDual,Walker2d-v4,3
662687,reward,5091,423.08649232044456,380.366,SF-P3O-NoDual,Walker2d-v4,3
662841,reward,5092,414.54105907059665,383.569,SF-P3O-NoDual,Walker2d-v4,3
662994,reward,5093,395.12203651302633,382.784,SF-P3O-NoDual,Walker2d-v4,3
663137,reward,5094,363.8219796797212,393.032,SF-P3O-NoDual,Walker2d-v4,3
663248,reward,5095,275.08753670507605,384.718,SF-P3O-NoDual,Walker2d-v4,3
663378,reward,5096,331.9472380501783,375.196,SF-P3O-NoDual,Walker2d-v4,3
663536,reward,5097,403.3931095751654,368.572,SF-P3O-NoDual,Walker2d-v4,3
663552,loss,-0.05511949956417084,0.4726433753967285,SF-P3O-NoDual,Walker2d-v4,3
663638,reward,5098,225.9658592687318,353.803,SF-P3O-NoDual,Walker2d-v4,3
663785,reward,5099,401.11474841185634,351.699,SF-P3O-NoDual,Walker2d-v4,3
663937,reward,5100,416.0843464673206,365.016,SF-P3O-NoDual,Walker2d-v4,3
664098,reward,5101,406.04287343318725,363.312,SF-P3O-NoDual,Walker2d-v4,3
664290,reward,5102,530.7280965440742,374.931,SF-P3O-NoDual,Walker2d-v4,3
664459,reward,5103,424.24899175829177,377.843,SF-P3O-NoDual,Walker2d-v4,3
664626,reward,5104,413.2533785090194,382.787,SF-P3O-NoDual,Walker2d-v4,3
664781,reward,5105,387.1532351299138,393.993,SF-P3O-NoDual,Walker2d-v4,3
664938,reward,5106,382.2358533232349,399.022,SF-P3O-NoDual,Walker2d-v4,3
665095,reward,5107,403.83693180179404,399.066,SF-P3O-NoDual,Walker2d-v4,3
665231,reward,5108,330.2605930178397,409.496,SF-P3O-NoDual,Walker2d-v4,3
665428,reward,5109,492.24030838446936,418.608,SF-P3O-NoDual,Walker2d-v4,3
665586,reward,5110,415.89986198538503,418.59,SF-P3O-NoDual,Walker2d-v4,3
665738,reward,5111,382.6820793745591,416.254,SF-P3O-NoDual,Walker2d-v4,3
665855,reward,5112,301.4728357144578,393.328,SF-P3O-NoDual,Walker2d-v4,3
666023,reward,5113,434.9223493844889,394.396,SF-P3O-NoDual,Walker2d-v4,3
666196,reward,5114,472.81163126421916,400.352,SF-P3O-NoDual,Walker2d-v4,3
666346,reward,5115,404.2920729879923,402.065,SF-P3O-NoDual,Walker2d-v4,3
666464,reward,5116,316.5950339131833,395.501,SF-P3O-NoDual,Walker2d-v4,3
666600,reward,5117,374.61483637167765,392.579,SF-P3O-NoDual,Walker2d-v4,3
666786,reward,5118,470.3072316227739,406.584,SF-P3O-NoDual,Walker2d-v4,3
666930,reward,5119,366.7277501238007,394.033,SF-P3O-NoDual,Walker2d-v4,3
667071,reward,5120,374.97980373190546,389.941,SF-P3O-NoDual,Walker2d-v4,3
667257,reward,5121,482.31188685644486,399.904,SF-P3O-NoDual,Walker2d-v4,3
667434,reward,5122,457.26289023653254,415.483,SF-P3O-NoDual,Walker2d-v4,3
667589,reward,5123,398.70206851909114,411.861,SF-P3O-NoDual,Walker2d-v4,3
667740,reward,5124,354.44149831302525,400.024,SF-P3O-NoDual,Walker2d-v4,3
667874,reward,5125,325.9167658556176,392.186,SF-P3O-NoDual,Walker2d-v4,3
668035,reward,5126,420.81406864737727,402.608,SF-P3O-NoDual,Walker2d-v4,3
668209,reward,5127,450.91261710163377,410.238,SF-P3O-NoDual,Walker2d-v4,3
668372,reward,5128,432.54825341823613,406.462,SF-P3O-NoDual,Walker2d-v4,3
668539,reward,5129,471.9938943051677,416.988,SF-P3O-NoDual,Walker2d-v4,3
668694,reward,5130,406.97502541402827,420.188,SF-P3O-NoDual,Walker2d-v4,3
668800,reward,5131,234.14305719318213,395.371,SF-P3O-NoDual,Walker2d-v4,3
668964,reward,5132,436.79451609581025,393.324,SF-P3O-NoDual,Walker2d-v4,3
669122,reward,5133,447.48983356213006,398.203,SF-P3O-NoDual,Walker2d-v4,3
669268,reward,5134,405.27626217527916,403.286,SF-P3O-NoDual,Walker2d-v4,3
669403,reward,5135,333.83527175526507,404.078,SF-P3O-NoDual,Walker2d-v4,3
669581,reward,5136,460.10171881692753,408.007,SF-P3O-NoDual,Walker2d-v4,3
669720,reward,5137,352.4790668299627,398.164,SF-P3O-NoDual,Walker2d-v4,3
669883,reward,5138,427.9975862584871,397.709,SF-P3O-NoDual,Walker2d-v4,3
670000,speed,1031.67,11.8,SF-P3O-NoDual,Walker2d-v4,3
670001,spectral,0.060064,0.959804,-1.0,SF-P3O-NoDual,Walker2d-v4,3
670028,reward,5139,400.136700429337,390.523,SF-P3O-NoDual,Walker2d-v4,3
670253,reward,5140,510.2039723066977,400.846,SF-P3O-NoDual,Walker2d-v4,3
670388,reward,5141,337.5393379511369,411.185,SF-P3O-NoDual,Walker2d-v4,3
670539,reward,5142,387.9812508284727,406.304,SF-P3O-NoDual,Walker2d-v4,3
670682,reward,5143,347.5347840975929,396.309,SF-P3O-NoDual,Walker2d-v4,3
670856,reward,5144,423.6445838110536,398.145,SF-P3O-NoDual,Walker2d-v4,3
670991,reward,5145,349.71078672704635,399.733,SF-P3O-NoDual,Walker2d-v4,3
671139,reward,5146,391.1002739235054,392.833,SF-P3O-NoDual,Walker2d-v4,3
671346,reward,5147,512.9332529754881,408.878,SF-P3O-NoDual,Walker2d-v4,3
671513,reward,5148,437.58919729709544,409.837,SF-P3O-NoDual,Walker2d-v4,3
671675,reward,5149,417.05351461938653,411.529,SF-P3O-NoDual,Walker2d-v4,3
671744,loss,-0.025898294523358345,0.45956069231033325,SF-P3O-NoDual,Walker2d-v4,3
671744,diagnostics,0.0,43.29,8.4571,0.061504,0.959465,-1.0,0.085051,SF-P3O-NoDual,Walker2d-v4,3
671819,reward,5150,392.3788693520168,399.747,SF-P3O-NoDual,Walker2d-v4,3
671952,reward,5151,333.94098439853985,399.387,SF-P3O-NoDual,Walker2d-v4,3
672102,reward,5152,365.635148058727,397.152,SF-P3O-NoDual,Walker2d-v4,3
672239,reward,5153,366.45045582368846,399.044,SF-P3O-NoDual,Walker2d-v4,3
672402,reward,5154,421.2784392205998,398.807,SF-P3O-NoDual,Walker2d-v4,3
672533,reward,5155,348.01002953978286,398.637,SF-P3O-NoDual,Walker2d-v4,3
672678,reward,5156,367.4426021390939,396.271,SF-P3O-NoDual,Walker2d-v4,3
672796,reward,5157,292.191877573908,374.197,SF-P3O-NoDual,Walker2d-v4,3
672931,reward,5158,341.55462328414524,364.594,SF-P3O-NoDual,Walker2d-v4,3
672995,reward,5159,92.75945288344239,332.164,SF-P3O-NoDual,Walker2d-v4,3
673162,reward,5160,440.3736599065776,336.964,SF-P3O-NoDual,Walker2d-v4,3
673327,reward,5161,458.0644837226262,349.376,SF-P3O-NoDual,Walker2d-v4,3
673366,reward,5162,44.7425266884458,317.287,SF-P3O-NoDual,Walker2d-v4,3
673520,reward,5163,424.2815808396089,323.07,SF-P3O-NoDual,Walker2d-v4,3
673675,reward,5164,423.7150487679304,323.314,SF-P3O-NoDual,Walker2d-v4,3
673820,reward,5165,370.19916812925385,325.533,SF-P3O-NoDual,Walker2d-v4,3
673960,reward,5166,356.45719639014527,324.434,SF-P3O-NoDual,Walker2d-v4,3
674103,reward,5167,386.7925108470409,333.894,SF-P3O-NoDual,Walker2d-v4,3
674232,reward,5168,307.2764874502631,330.466,SF-P3O-NoDual,Walker2d-v4,3
674447,reward,5169,524.5768542919923,373.648,SF-P3O-NoDual,Walker2d-v4,3
674609,reward,5170,433.5592421161597,372.967,SF-P3O-NoDual,Walker2d-v4,3
674656,reward,5171,53.40372834347519,332.5,SF-P3O-NoDual,Walker2d-v4,3
674731,reward,5172,141.65435667667987,342.192,SF-P3O-NoDual,Walker2d-v4,3
674883,reward,5173,409.84679056639635,340.748,SF-P3O-NoDual,Walker2d-v4,3
675022,reward,5174,352.2786544743912,333.604,SF-P3O-NoDual,Walker2d-v4,3
675206,reward,5175,493.09786997417024,345.894,SF-P3O-NoDual,Walker2d-v4,3
675374,reward,5176,403.0209864306618,350.551,SF-P3O-NoDual,Walker2d-v4,3
675540,reward,5177,441.1306655819191,355.985,SF-P3O-NoDual,Walker2d-v4,3
675700,reward,5178,398.80452429358064,365.137,SF-P3O-NoDual,Walker2d-v4,3
675871,reward,5179,459.5654498759424,358.636,SF-P3O-NoDual,Walker2d-v4,3
676028,reward,5180,400.1229898062043,355.293,SF-P3O-NoDual,Walker2d-v4,3
676211,reward,5181,462.73359476407677,396.226,SF-P3O-NoDual,Walker2d-v4,3
676356,reward,5182,364.8218799479998,418.542,SF-P3O-NoDual,Walker2d-v4,3
676537,reward,5183,472.05068719891113,424.763,SF-P3O-NoDual,Walker2d-v4,3
676685,reward,5184,391.24502619595336,428.659,SF-P3O-NoDual,Walker2d-v4,3
676835,reward,5185,411.9486071623934,420.544,SF-P3O-NoDual,Walker2d-v4,3
676993,reward,5186,418.51057871800685,422.093,SF-P3O-NoDual,Walker2d-v4,3
677176,reward,5187,476.05899421585815,425.586,SF-P3O-NoDual,Walker2d-v4,3
677341,reward,5188,433.27102284119974,429.033,SF-P3O-NoDual,Walker2d-v4,3
677492,reward,5189,389.3084343766358,422.007,SF-P3O-NoDual,Walker2d-v4,3
677550,reward,5190,99.25399144875858,391.92,SF-P3O-NoDual,Walker2d-v4,3
677715,reward,5191,449.4689743738332,390.594,SF-P3O-NoDual,Walker2d-v4,3
677896,reward,5192,476.3413320559743,401.746,SF-P3O-NoDual,Walker2d-v4,3
678075,reward,5193,474.7719004030821,402.018,SF-P3O-NoDual,Walker2d-v4,3
678219,reward,5194,371.9958711531849,400.093,SF-P3O-NoDual,Walker2d-v4,3
678387,reward,5195,472.40068980910996,406.138,SF-P3O-NoDual,Walker2d-v4,3
678561,reward,5196,445.25145797230874,408.812,SF-P3O-NoDual,Walker2d-v4,3
678702,reward,5197,382.1036069597752,399.417,SF-P3O-NoDual,Walker2d-v4,3
678846,reward,5198,387.70377268404894,394.86,SF-P3O-NoDual,Walker2d-v4,3
679009,reward,5199,436.38903673289116,399.568,SF-P3O-NoDual,Walker2d-v4,3
679137,reward,5200,349.38131114855094,424.581,SF-P3O-NoDual,Walker2d-v4,3
679295,reward,5201,408.721436048148,420.506,SF-P3O-NoDual,Walker2d-v4,3
679450,reward,5202,402.8829574264751,413.16,SF-P3O-NoDual,Walker2d-v4,3
679594,reward,5203,389.5451488029815,404.638,SF-P3O-NoDual,Walker2d-v4,3
679758,reward,5204,442.4207318715105,411.68,SF-P3O-NoDual,Walker2d-v4,3
679913,reward,5205,397.6535879704396,404.205,SF-P3O-NoDual,Walker2d-v4,3
679936,loss,0.07503095269203186,0.5992013216018677,SF-P3O-NoDual,Walker2d-v4,3
680000,speed,730.94,12.03,SF-P3O-NoDual,Walker2d-v4,3
680001,spectral,0.062593,0.959218,-1.0,SF-P3O-NoDual,Walker2d-v4,3
680073,reward,5206,451.154881188827,404.796,SF-P3O-NoDual,Walker2d-v4,3
680204,reward,5207,345.56125514347195,401.141,SF-P3O-NoDual,Walker2d-v4,3
680439,reward,5208,578.9829024923315,420.269,SF-P3O-NoDual,Walker2d-v4,3
680582,reward,5209,374.73272251883816,414.104,SF-P3O-NoDual,Walker2d-v4,3
680749,reward,5210,450.90295232863195,424.256,SF-P3O-NoDual,Walker2d-v4,3
680921,reward,5211,465.37602001215,429.921,SF-P3O-NoDual,Walker2d-v4,3
681069,reward,5212,362.28774092979194,425.862,SF-P3O-NoDual,Walker2d-v4,3
681225,reward,5213,422.624669354594,429.17,SF-P3O-NoDual,Walker2d-v4,3
681359,reward,5214,343.78686637271477,419.306,SF-P3O-NoDual,Walker2d-v4,3
681519,reward,5215,403.97081324941985,419.938,SF-P3O-NoDual,Walker2d-v4,3
681660,reward,5216,359.0250310943682,410.725,SF-P3O-NoDual,Walker2d-v4,3
681822,reward,5217,437.3746838430958,419.906,SF-P3O-NoDual,Walker2d-v4,3
681995,reward,5218,439.2776568254284,405.936,SF-P3O-NoDual,Walker2d-v4,3
682151,reward,5219,387.03083389469447,407.166,SF-P3O-NoDual,Walker2d-v4,3
682278,reward,5220,321.329428918323,394.208,SF-P3O-NoDual,Walker2d-v4,3
682432,reward,5221,414.94758636207195,389.166,SF-P3O-NoDual,Walker2d-v4,3
682602,reward,5222,463.94181454654034,399.331,SF-P3O-NoDual,Walker2d-v4,3
682750,reward,5223,381.39302909180077,395.208,SF-P3O-NoDual,Walker2d-v4,3
682900,reward,5224,369.3337070159331,397.762,SF-P3O-NoDual,Walker2d-v4,3
683059,reward,5225,433.5253250101653,400.718,SF-P3O-NoDual,Walker2d-v4,3
683242,reward,5226,463.0573037980682,411.121,SF-P3O-NoDual,Walker2d-v4,3
683405,reward,5227,428.89828799627094,410.273,SF-P3O-NoDual,Walker2d-v4,3
683560,reward,5228,404.5825425355502,406.804,SF-P3O-NoDual,Walker2d-v4,3
683699,reward,5229,381.830057846599,406.284,SF-P3O-NoDual,Walker2d-v4,3
683843,reward,5230,372.48744887373533,411.4,SF-P3O-NoDual,Walker2d-v4,3
683973,reward,5231,363.27339324019636,406.232,SF-P3O-NoDual,Walker2d-v4,3
684176,reward,5232,497.1634774600001,409.554,SF-P3O-NoDual,Walker2d-v4,3
684250,reward,5233,144.4468400829461,385.86,SF-P3O-NoDual,Walker2d-v4,3
684369,reward,5234,291.4587270604291,378.072,SF-P3O-NoDual,Walker2d-v4,3
684513,reward,5235,389.71538248568,373.691,SF-P3O-NoDual,Walker2d-v4,3
684660,reward,5236,373.55378203814024,364.741,SF-P3O-NoDual,Walker2d-v4,3
684824,reward,5237,427.74407340778146,364.626,SF-P3O-NoDual,Walker2d-v4,3
684980,reward,5238,401.8377897345402,364.351,SF-P3O-NoDual,Walker2d-v4,3
685139,reward,5239,434.2041877416271,369.589,SF-P3O-NoDual,Walker2d-v4,3
685270,reward,5240,344.6983499332921,366.81,SF-P3O-NoDual,Walker2d-v4,3
685405,reward,5241,357.97508504927947,366.28,SF-P3O-NoDual,Walker2d-v4,3
685561,reward,5242,404.18744615183834,356.982,SF-P3O-NoDual,Walker2d-v4,3
685705,reward,5243,399.3580117600735,382.473,SF-P3O-NoDual,Walker2d-v4,3
685824,reward,5244,273.29102782364896,380.657,SF-P3O-NoDual,Walker2d-v4,3
686014,reward,5245,483.9744676677522,390.082,SF-P3O-NoDual,Walker2d-v4,3
686179,reward,5246,438.5263614642391,396.58,SF-P3O-NoDual,Walker2d-v4,3
686344,reward,5247,450.7388553814459,398.879,SF-P3O-NoDual,Walker2d-v4,3
686486,reward,5248,378.00947479240625,396.496,SF-P3O-NoDual,Walker2d-v4,3
686630,reward,5249,360.2869639233488,389.105,SF-P3O-NoDual,Walker2d-v4,3
686813,reward,5250,454.39031814777,400.074,SF-P3O-NoDual,Walker2d-v4,3
686971,reward,5251,398.4952197820601,404.126,SF-P3O-NoDual,Walker2d-v4,3
687128,reward,5252,428.40729125587285,406.548,SF-P3O-NoDual,Walker2d-v4,3
687319,reward,5253,449.8956018286377,411.602,SF-P3O-NoDual,Walker2d-v4,3
687483,reward,5254,429.06727279019833,427.179,SF-P3O-NoDual,Walker2d-v4,3
687622,reward,5255,354.56488375860664,414.238,SF-P3O-NoDual,Walker2d-v4,3
687730,reward,5256,249.80053051868165,395.366,SF-P3O-NoDual,Walker2d-v4,3
687879,reward,5257,385.2076048273165,388.813,SF-P3O-NoDual,Walker2d-v4,3
688040,reward,5258,430.48386665460254,394.06,SF-P3O-NoDual,Walker2d-v4,3
688128,loss,-0.002749171108007431,0.7093015909194946,SF-P3O-NoDual,Walker2d-v4,3
688128,diagnostics,0.0,43.66,26.2076,0.06363,0.959031,-1.0,0.080698,SF-P3O-NoDual,Walker2d-v4,3
688199,reward,5259,413.25436643168524,399.357,SF-P3O-NoDual,Walker2d-v4,3
688330,reward,5260,357.311195211704,389.649,SF-P3O-NoDual,Walker2d-v4,3
688489,reward,5261,401.1684165762122,389.916,SF-P3O-NoDual,Walker2d-v4,3
688651,reward,5262,423.5742980793112,389.433,SF-P3O-NoDual,Walker2d-v4,3
688807,reward,5263,399.34598549107574,384.378,SF-P3O-NoDual,Walker2d-v4,3
688965,reward,5264,436.03140062443845,385.074,SF-P3O-NoDual,Walker2d-v4,3
689156,reward,5265,502.94091102347403,399.912,SF-P3O-NoDual,Walker2d-v4,3
689348,reward,5266,492.62860046459537,424.195,SF-P3O-NoDual,Walker2d-v4,3
689562,reward,5267,529.6771642820224,438.642,SF-P3O-NoDual,Walker2d-v4,3
689698,reward,5268,357.31936389332986,431.325,SF-P3O-NoDual,Walker2d-v4,3
689861,reward,5269,416.6906196043322,431.669,SF-P3O-NoDual,Walker2d-v4,3
690000,speed,1024.37,12.19,SF-P3O-NoDual,Walker2d-v4,3
690001,spectral,0.06363,0.959031,-1.0,SF-P3O-NoDual,Walker2d-v4,3
690094,reward,5270,611.9889459834048,457.137,SF-P3O-NoDual,Walker2d-v4,3
690260,reward,5271,450.40232896112786,462.06,SF-P3O-NoDual,Walker2d-v4,3
690424,reward,5272,436.4028893371384,463.343,SF-P3O-NoDual,Walker2d-v4,3
690560,reward,5273,345.80980206166413,457.989,SF-P3O-NoDual,Walker2d-v4,3
690693,reward,5274,338.9723970470964,448.283,SF-P3O-NoDual,Walker2d-v4,3
690842,reward,5275,384.8075604567585,436.47,SF-P3O-NoDual,Walker2d-v4,3
691001,reward,5276,426.6503825044043,429.872,SF-P3O-NoDual,Walker2d-v4,3
691141,reward,5277,355.5990790249315,412.464,SF-P3O-NoDual,Walker2d-v4,3
691293,reward,5278,412.6459268572711,417.997,SF-P3O-NoDual,Walker2d-v4,3
691450,reward,5279,410.3249027902706,417.36,SF-P3O-NoDual,Walker2d-v4,3
691636,reward,5280,472.60119596709575,403.422,SF-P3O-NoDual,Walker2d-v4,3
691830,reward,5281,497.18978796406657,408.1,SF-P3O-NoDual,Walker2d-v4,3
691992,reward,5282,402.8966085216482,404.75,SF-P3O-NoDual,Walker2d-v4,3
692159,reward,5283,484.1362222375222,418.582,SF-P3O-NoDual,Walker2d-v4,3
692280,reward,5284,296.6777862610861,414.353,SF-P3O-NoDual,Walker2d-v4,3
692410,reward,5285,321.0060540088653,407.973,SF-P3O-NoDual,Walker2d-v4,3
692582,reward,5286,440.71559726126134,409.379,SF-P3O-NoDual,Walker2d-v4,3
692633,reward,5287,60.68096957206065,379.888,SF-P3O-NoDual,Walker2d-v4,3
692787,reward,5288,419.5996134231941,380.583,SF-P3O-NoDual,Walker2d-v4,3
692957,reward,5289,445.2782524094146,384.078,SF-P3O-NoDual,Walker2d-v4,3
693114,reward,5290,424.82183277038456,379.3,SF-P3O-NoDual,Walker2d-v4,3
693279,reward,5291,450.82548187673063,374.664,SF-P3O-NoDual,Walker2d-v4,3
693439,reward,5292,425.90888138408826,376.965,SF-P3O-NoDual,Walker2d-v4,3
693578,reward,5293,368.45070269824873,365.397,SF-P3O-NoDual,Walker2d-v4,3
693760,reward,5294,480.2610732548365,383.755,SF-P3O-NoDual,Walker2d-v4,3
693892,reward,5295,333.5794940761654,385.012,SF-P3O-NoDual,Walker2d-v4,3
694017,reward,5296,309.78462271058333,371.919,SF-P3O-NoDual,Walker2d-v4,3
694157,reward,5297,382.7116757488506,404.122,SF-P3O-NoDual,Walker2d-v4,3
694322,reward,5298,419.84906423490247,404.147,SF-P3O-NoDual,Walker2d-v4,3
694466,reward,5299,377.7997342708096,397.399,SF-P3O-NoDual,Walker2d-v4,3
694646,reward,5300,487.9867335396059,403.716,SF-P3O-NoDual,Walker2d-v4,3
694796,reward,5301,379.83537812401363,396.617,SF-P3O-NoDual,Walker2d-v4,3
694940,reward,5302,380.7952128132091,392.105,SF-P3O-NoDual,Walker2d-v4,3
695344,reward,5303,714.0703842161876,426.667,SF-P3O-NoDual,Walker2d-v4,3
695490,reward,5304,367.6631358713884,415.408,SF-P3O-NoDual,Walker2d-v4,3
695699,reward,5305,465.0147056848716,428.551,SF-P3O-NoDual,Walker2d-v4,3
695855,reward,5306,428.59194056682543,440.432,SF-P3O-NoDual,Walker2d-v4,3
695996,reward,5307,371.63830615227124,439.324,SF-P3O-NoDual,Walker2d-v4,3
696148,reward,5308,381.1080930121031,435.45,SF-P3O-NoDual,Walker2d-v4,3
696320,loss,-0.11111432313919067,0.41520848870277405,SF-P3O-NoDual,Walker2d-v4,3
696329,reward,5309,465.3605573603987,444.206,SF-P3O-NoDual,Walker2d-v4,3
696470,reward,5310,367.89980800765903,432.198,SF-P3O-NoDual,Walker2d-v4,3
696572,reward,5311,246.4872987232114,418.863,SF-P3O-NoDual,Walker2d-v4,3
696737,reward,5312,447.7833889695034,425.562,SF-P3O-NoDual,Walker2d-v4,3
696892,reward,5313,420.39708977909135,396.194,SF-P3O-NoDual,Walker2d-v4,3
697034,reward,5314,375.02211924382334,396.93,SF-P3O-NoDual,Walker2d-v4,3
697223,reward,5315,514.5019710416467,401.879,SF-P3O-NoDual,Walker2d-v4,3
697374,reward,5316,417.88185341764023,400.808,SF-P3O-NoDual,Walker2d-v4,3
697523,reward,5317,393.80398705071843,403.025,SF-P3O-NoDual,Walker2d-v4,3
697726,reward,5318,574.3118533199129,422.345,SF-P3O-NoDual,Walker2d-v4,3
697890,reward,5319,467.64503188589356,422.573,SF-P3O-NoDual,Walker2d-v4,3
698043,reward,5320,405.3918105781772,426.323,SF-P3O-NoDual,Walker2d-v4,3
698210,reward,5321,441.5276148723791,445.827,SF-P3O-NoDual,Walker2d-v4,3
698355,reward,5322,365.5782830328122,437.606,SF-P3O-NoDual,Walker2d-v4,3
698512,reward,5323,416.9393056814189,437.26,SF-P3O-NoDual,Walker2d-v4,3
698707,reward,5324,528.9705223764016,452.655,SF-P3O-NoDual,Walker2d-v4,3
698863,reward,5325,391.53888855255997,440.359,SF-P3O-NoDual,Walker2d-v4,3
699016,reward,5326,423.1954116687173,440.89,SF-P3O-NoDual,Walker2d-v4,3
699168,reward,5327,401.53571970073665,441.663,SF-P3O-NoDual,Walker2d-v4,3
699328,reward,5328,407.12010814274936,424.944,SF-P3O-NoDual,Walker2d-v4,3
699518,reward,5329,487.6849680012558,426.948,SF-P3O-NoDual,Walker2d-v4,3
699657,reward,5330,335.9095784330414,420.0,SF-P3O-NoDual,Walker2d-v4,3
699806,reward,5331,385.0464632755141,414.352,SF-P3O-NoDual,Walker2d-v4,3
699945,reward,5332,372.4926149523222,415.043,SF-P3O-NoDual,Walker2d-v4,3
700000,speed,1118.76,12.34,SF-P3O-NoDual,Walker2d-v4,3
700001,spectral,0.064714,0.958848,-1.0,SF-P3O-NoDual,Walker2d-v4,3
700101,reward,5333,395.17730035574317,412.867,SF-P3O-NoDual,Walker2d-v4,3
700281,reward,5334,503.8869711027274,410.359,SF-P3O-NoDual,Walker2d-v4,3
700464,reward,5335,460.9584256502054,417.301,SF-P3O-NoDual,Walker2d-v4,3
700624,reward,5336,427.2721938731102,417.708,SF-P3O-NoDual,Walker2d-v4,3
700816,reward,5337,465.5680927207076,424.112,SF-P3O-NoDual,Walker2d-v4,3
700955,reward,5338,372.88229859681877,420.688,SF-P3O-NoDual,Walker2d-v4,3
701101,reward,5339,378.54942101459943,409.774,SF-P3O-NoDual,Walker2d-v4,3
701250,reward,5340,372.72001713978733,413.455,SF-P3O-NoDual,Walker2d-v4,3
701426,reward,5341,455.4696826647704,420.498,SF-P3O-NoDual,Walker2d-v4,3
701591,reward,5342,417.43241551737316,424.992,SF-P3O-NoDual,Walker2d-v4,3
701723,reward,5343,339.63530813482663,419.437,SF-P3O-NoDual,Walker2d-v4,3
701914,reward,5344,495.4665489028179,418.595,SF-P3O-NoDual,Walker2d-v4,3
702075,reward,5345,426.39519167305025,415.139,SF-P3O-NoDual,Walker2d-v4,3
702227,reward,5346,410.24255421537555,413.436,SF-P3O-NoDual,Walker2d-v4,3
702387,reward,5347,431.7908091226189,410.058,SF-P3O-NoDual,Walker2d-v4,3
702518,reward,5348,339.08942830751374,406.679,SF-P3O-NoDual,Walker2d-v4,3
702689,reward,5349,430.4596332306781,411.87,SF-P3O-NoDual,Walker2d-v4,3
702824,reward,5350,364.2622230090852,411.024,SF-P3O-NoDual,Walker2d-v4,3
702991,reward,5351,424.6669476180364,407.944,SF-P3O-NoDual,Walker2d-v4,3
703144,reward,5352,369.276740581153,403.129,SF-P3O-NoDual,Walker2d-v4,3
703305,reward,5353,417.864890759112,410.951,SF-P3O-NoDual,Walker2d-v4,3
703478,reward,5354,438.48875157662,405.254,SF-P3O-NoDual,Walker2d-v4,3
703625,reward,5355,368.3076621268151,399.445,SF-P3O-NoDual,Walker2d-v4,3
703794,reward,5356,436.6601374444276,402.087,SF-P3O-NoDual,Walker2d-v4,3
703941,reward,5357,366.7291290029959,395.581,SF-P3O-NoDual,Walker2d-v4,3
704111,reward,5358,459.23804461320805,407.595,SF-P3O-NoDual,Walker2d-v4,3
704263,reward,5359,406.1102729291575,405.16,SF-P3O-NoDual,Walker2d-v4,3
704427,reward,5360,419.94564944283474,410.729,SF-P3O-NoDual,Walker2d-v4,3
704512,loss,0.011648183688521385,0.5709536075592041,SF-P3O-NoDual,Walker2d-v4,3
704512,diagnostics,0.0,44.07,22.3813,0.065979,0.958539,-1.0,0.07952,SF-P3O-NoDual,Walker2d-v4,3
704582,reward,5361,403.6172541454093,408.624,SF-P3O-NoDual,Walker2d-v4,3
704735,reward,5362,406.068535949779,412.303,SF-P3O-NoDual,Walker2d-v4,3
704868,reward,5363,303.99314977695775,400.916,SF-P3O-NoDual,Walker2d-v4,3
705020,reward,5364,397.99744562814504,396.867,SF-P3O-NoDual,Walker2d-v4,3
705159,reward,5365,360.54096638420896,396.09,SF-P3O-NoDual,Walker2d-v4,3
705320,reward,5366,421.93212188710703,394.617,SF-P3O-NoDual,Walker2d-v4,3
705479,reward,5367,409.57432429394623,398.902,SF-P3O-NoDual,Walker2d-v4,3
705635,reward,5368,415.91895898155275,394.57,SF-P3O-NoDual,Walker2d-v4,3
705805,reward,5369,451.2384869252975,399.083,SF-P3O-NoDual,Walker2d-v4,3
705961,reward,5370,438.9344750118381,400.982,SF-P3O-NoDual,Walker2d-v4,3
706141,reward,5371,485.9564984401482,409.215,SF-P3O-NoDual,Walker2d-v4,3
706337,reward,5372,496.0725249334796,418.216,SF-P3O-NoDual,Walker2d-v4,3
706474,reward,5373,367.7109168395445,424.588,SF-P3O-NoDual,Walker2d-v4,3
706633,reward,5374,449.17537912802135,429.705,SF-P3O-NoDual,Walker2d-v4,3
706769,reward,5375,371.15225807351436,430.767,SF-P3O-NoDual,Walker2d-v4,3
706932,reward,5376,435.0231132454128,432.076,SF-P3O-NoDual,Walker2d-v4,3
707101,reward,5377,485.2679792834464,439.645,SF-P3O-NoDual,Walker2d-v4,3
707257,reward,5378,375.7320567745643,435.626,SF-P3O-NoDual,Walker2d-v4,3
707401,reward,5379,376.18343673394344,428.121,SF-P3O-NoDual,Walker2d-v4,3
707584,reward,5380,516.68957414558,435.896,SF-P3O-NoDual,Walker2d-v4,3
707766,reward,5381,483.2800555241109,435.629,SF-P3O-NoDual,Walker2d-v4,3
707945,reward,5382,454.86596392398343,431.508,SF-P3O-NoDual,Walker2d-v4,3
708158,reward,5383,545.8000462624269,449.317,SF-P3O-NoDual,Walker2d-v4,3
708282,reward,5384,349.9877430521135,439.398,SF-P3O-NoDual,Walker2d-v4,3
708455,reward,5385,448.19550151689367,447.103,SF-P3O-NoDual,Walker2d-v4,3
708637,reward,5386,520.9246933382801,455.693,SF-P3O-NoDual,Walker2d-v4,3
708795,reward,5387,414.79869733553267,448.646,SF-P3O-NoDual,Walker2d-v4,3
708961,reward,5388,442.1093339393342,455.284,SF-P3O-NoDual,Walker2d-v4,3
709144,reward,5389,495.1828441077839,467.183,SF-P3O-NoDual,Walker2d-v4,3
709239,reward,5390,191.13967285600094,434.628,SF-P3O-NoDual,Walker2d-v4,3
709395,reward,5391,401.45962201584445,426.446,SF-P3O-NoDual,Walker2d-v4,3
709542,reward,5392,403.73998412699507,421.334,SF-P3O-NoDual,Walker2d-v4,3
709744,reward,5393,500.52340924371316,416.806,SF-P3O-NoDual,Walker2d-v4,3
709904,reward,5394,423.90488423009333,424.198,SF-P3O-NoDual,Walker2d-v4,3
710000,speed,1011.82,12.51,SF-P3O-NoDual,Walker2d-v4,3
710001,perturb,0.065979,0.958539,-1.0,201608,900,1.655339,11,SF-P3O-NoDual,Walker2d-v4,3
710055,reward,5395,419.28864663830234,421.307,SF-P3O-NoDual,Walker2d-v4,3
710213,reward,5396,378.12799571804305,407.028,SF-P3O-NoDual,Walker2d-v4,3
710351,reward,5397,369.15567223801247,402.463,SF-P3O-NoDual,Walker2d-v4,3
710546,reward,5398,513.3539810091243,409.588,SF-P3O-NoDual,Walker2d-v4,3
710675,reward,5399,312.37871651646986,391.307,SF-P3O-NoDual,Walker2d-v4,3
710847,reward,5400,436.82097304380164,415.875,SF-P3O-NoDual,Walker2d-v4,3
711003,reward,5401,440.98166282295404,419.828,SF-P3O-NoDual,Walker2d-v4,3
711114,reward,5402,273.3637034078338,406.79,SF-P3O-NoDual,Walker2d-v4,3
711251,reward,5403,318.88148723859786,388.626,SF-P3O-NoDual,Walker2d-v4,3
711398,reward,5404,372.6994617806446,383.505,SF-P3O-NoDual,Walker2d-v4,3
711549,reward,5405,381.7057657478206,379.747,SF-P3O-NoDual,Walker2d-v4,3
711662,reward,5406,257.388085369567,367.673,SF-P3O-NoDual,Walker2d-v4,3
711826,reward,5407,436.858610109341,374.443,SF-P3O-NoDual,Walker2d-v4,3
712004,reward,5408,474.2661498432336,370.534,SF-P3O-NoDual,Walker2d-v4,3
712206,reward,5409,521.1330983334008,391.41,SF-P3O-NoDual,Walker2d-v4,3
712346,reward,5410,359.20730416483127,383.649,SF-P3O-NoDual,Walker2d-v4,3
712506,reward,5411,409.0585426803446,380.456,SF-P3O-NoDual,Walker2d-v4,3
712673,reward,5412,458.72406768409206,398.992,SF-P3O-NoDual,Walker2d-v4,3
712704,loss,-0.04520316421985626,0.53522127866745,SF-P3O-NoDual,Walker2d-v4,3
712875,reward,5413,503.6288691063755,417.467,SF-P3O-NoDual,Walker2d-v4,3
713015,reward,5414,397.3016896574729,419.927,SF-P3O-NoDual,Walker2d-v4,3
713171,reward,5415,428.5030355349612,424.607,SF-P3O-NoDual,Walker2d-v4,3
713347,reward,5416,462.9770920776496,445.166,SF-P3O-NoDual,Walker2d-v4,3
713534,reward,5417,447.4193675260396,446.222,SF-P3O-NoDual,Walker2d-v4,3
713673,reward,5418,383.1117513053875,437.106,SF-P3O-NoDual,Walker2d-v4,3
713843,reward,5419,454.9630898120755,430.489,SF-P3O-NoDual,Walker2d-v4,3
714029,reward,5420,448.00522793521503,439.369,SF-P3O-NoDual,Walker2d-v4,3
714155,reward,5421,326.9524802799923,431.159,SF-P3O-NoDual,Walker2d-v4,3
714285,reward,5422,338.88483985311706,419.175,SF-P3O-NoDual,Walker2d-v4,3
714446,reward,5423,442.29900996638656,413.042,SF-P3O-NoDual,Walker2d-v4,3
714589,reward,5424,351.8967186339292,408.501,SF-P3O-NoDual,Walker2d-v4,3
714810,reward,5425,521.4691476283913,417.798,SF-P3O-NoDual,Walker2d-v4,3
714954,reward,5426,379.2889243805825,409.429,SF-P3O-NoDual,Walker2d-v4,3
715050,reward,5427,209.55773291807444,385.643,SF-P3O-NoDual,Walker2d-v4,3
715187,reward,5428,352.1638061380504,382.548,SF-P3O-NoDual,Walker2d-v4,3
715350,reward,5429,438.43997858170684,380.896,SF-P3O-NoDual,Walker2d-v4,3
715488,reward,5430,347.5529676130017,370.851,SF-P3O-NoDual,Walker2d-v4,3
715641,reward,5431,401.7426617353424,378.33,SF-P3O-NoDual,Walker2d-v4,3
715809,reward,5432,451.3294505315036,389.574,SF-P3O-NoDual,Walker2d-v4,3
715984,reward,5433,391.5510352413916,384.499,SF-P3O-NoDual,Walker2d-v4,3
716071,reward,5434,191.35202742550678,368.445,SF-P3O-NoDual,Walker2d-v4,3
716230,reward,5435,418.1809624072464,358.116,SF-P3O-NoDual,Walker2d-v4,3
716386,reward,5436,396.2377086237024,359.811,SF-P3O-NoDual,Walker2d-v4,3
716542,reward,5437,428.3851365574583,381.694,SF-P3O-NoDual,Walker2d-v4,3
716674,reward,5438,338.2595323002193,380.303,SF-P3O-NoDual,Walker2d-v4,3
716843,reward,5439,432.40357755381075,379.7,SF-P3O-NoDual,Walker2d-v4,3
717006,reward,5440,420.82122925710837,387.026,SF-P3O-NoDual,Walker2d-v4,3
717159,reward,5441,413.6366945935492,388.216,SF-P3O-NoDual,Walker2d-v4,3
717304,reward,5442,364.8331051278573,379.566,SF-P3O-NoDual,Walker2d-v4,3
717486,reward,5443,489.38384578791533,389.349,SF-P3O-NoDual,Walker2d-v4,3
717657,reward,5444,444.0804050970748,414.622,SF-P3O-NoDual,Walker2d-v4,3
717777,reward,5445,273.645427801287,400.169,SF-P3O-NoDual,Walker2d-v4,3
717913,reward,5446,346.00402652321094,395.145,SF-P3O-NoDual,Walker2d-v4,3
718070,reward,5447,398.7350231255492,392.18,SF-P3O-NoDual,Walker2d-v4,3
718212,reward,5448,378.6599294441426,396.22,SF-P3O-NoDual,Walker2d-v4,3
718349,reward,5449,325.32906010146996,385.513,SF-P3O-NoDual,Walker2d-v4,3
718495,reward,5450,384.4287723635557,381.874,SF-P3O-NoDual,Walker2d-v4,3
718680,reward,5451,470.9969684333055,387.61,SF-P3O-NoDual,Walker2d-v4,3
718772,reward,5452,178.3362462551702,368.96,SF-P3O-NoDual,Walker2d-v4,3
718923,reward,5453,408.90094881701236,360.912,SF-P3O-NoDual,Walker2d-v4,3
719023,reward,5454,218.06054611417946,338.31,SF-P3O-NoDual,Walker2d-v4,3
719146,reward,5455,303.01925240781827,341.247,SF-P3O-NoDual,Walker2d-v4,3
719253,reward,5456,250.16238074687922,331.663,SF-P3O-NoDual,Walker2d-v4,3
719376,reward,5457,325.7729917974581,324.367,SF-P3O-NoDual,Walker2d-v4,3
719540,reward,5458,424.3765818342315,328.938,SF-P3O-NoDual,Walker2d-v4,3
719711,reward,5459,443.14986665194346,340.72,SF-P3O-NoDual,Walker2d-v4,3
719863,reward,5460,387.96604913880583,341.074,SF-P3O-NoDual,Walker2d-v4,3
720000,speed,1063.33,12.66,SF-P3O-NoDual,Walker2d-v4,3
720000,reward,5461,365.81923554416676,330.556,SF-P3O-NoDual,Walker2d-v4,3
720001,spectral,0.062728,0.959502,-1.0,SF-P3O-NoDual,Walker2d-v4,3
720182,reward,5462,483.9547536282572,361.118,SF-P3O-NoDual,Walker2d-v4,3
720288,reward,5463,235.24012970366616,343.752,SF-P3O-NoDual,Walker2d-v4,3
720459,reward,5464,448.9248363621346,366.839,SF-P3O-NoDual,Walker2d-v4,3
720602,reward,5465,386.2775052310637,375.164,SF-P3O-NoDual,Walker2d-v4,3
720767,reward,5466,407.6373409020679,390.912,SF-P3O-NoDual,Walker2d-v4,3
720896,loss,-0.032112933695316315,0.7172273397445679,SF-P3O-NoDual,Walker2d-v4,3
720896,diagnostics,0.0,44.59,30.5794,0.063911,0.959192,-1.0,0.084113,SF-P3O-NoDual,Walker2d-v4,3
720978,reward,5467,518.9906449369196,410.234,SF-P3O-NoDual,Walker2d-v4,3
721158,reward,5468,473.39496667103924,415.136,SF-P3O-NoDual,Walker2d-v4,3
721341,reward,5469,470.6747968883068,417.888,SF-P3O-NoDual,Walker2d-v4,3
721505,reward,5470,436.4905002157107,422.74,SF-P3O-NoDual,Walker2d-v4,3
721655,reward,5471,391.2351730778317,425.282,SF-P3O-NoDual,Walker2d-v4,3
721831,reward,5472,474.6855246818069,424.355,SF-P3O-NoDual,Walker2d-v4,3
722009,reward,5473,472.9921400097547,448.13,SF-P3O-NoDual,Walker2d-v4,3
722189,reward,5474,474.46357407415275,450.684,SF-P3O-NoDual,Walker2d-v4,3
722343,reward,5475,399.7967052836667,452.036,SF-P3O-NoDual,Walker2d-v4,3
722518,reward,5476,459.0983179153868,457.182,SF-P3O-NoDual,Walker2d-v4,3
722663,reward,5477,359.554587637338,441.239,SF-P3O-NoDual,Walker2d-v4,3
722821,reward,5478,420.3881083506267,435.938,SF-P3O-NoDual,Walker2d-v4,3
722995,reward,5479,484.50064039037153,437.321,SF-P3O-NoDual,Walker2d-v4,3
723147,reward,5480,421.71249205432287,435.843,SF-P3O-NoDual,Walker2d-v4,3
723347,reward,5481,524.9841017487529,449.218,SF-P3O-NoDual,Walker2d-v4,3
723506,reward,5482,442.18111349269327,445.967,SF-P3O-NoDual,Walker2d-v4,3
723680,reward,5483,468.7361981117481,445.542,SF-P3O-NoDual,Walker2d-v4,3
723845,reward,5484,459.9434623075844,444.09,SF-P3O-NoDual,Walker2d-v4,3
724019,reward,5485,428.05279179820576,446.915,SF-P3O-NoDual,Walker2d-v4,3
724186,reward,5486,409.08086047155314,441.913,SF-P3O-NoDual,Walker2d-v4,3
724354,reward,5487,465.1976188327013,452.478,SF-P3O-NoDual,Walker2d-v4,3
724506,reward,5488,389.97995797525215,449.437,SF-P3O-NoDual,Walker2d-v4,3
724666,reward,5489,453.98843365072634,446.386,SF-P3O-NoDual,Walker2d-v4,3
724786,reward,5490,287.6076908114207,432.975,SF-P3O-NoDual,Walker2d-v4,3
724953,reward,5491,446.76749273497893,425.154,SF-P3O-NoDual,Walker2d-v4,3
725102,reward,5492,410.0970278698795,421.945,SF-P3O-NoDual,Walker2d-v4,3
725251,reward,5493,358.2244524440512,410.894,SF-P3O-NoDual,Walker2d-v4,3
725425,reward,5494,440.4766285438364,408.947,SF-P3O-NoDual,Walker2d-v4,3
725591,reward,5495,458.2301132824538,411.965,SF-P3O-NoDual,Walker2d-v4,3
725785,reward,5496,513.2376260304223,422.381,SF-P3O-NoDual,Walker2d-v4,3
725930,reward,5497,399.51536688866196,415.812,SF-P3O-NoDual,Walker2d-v4,3
726066,reward,5498,326.59183713820704,409.474,SF-P3O-NoDual,Walker2d-v4,3
726222,reward,5499,418.62355480978414,405.937,SF-P3O-NoDual,Walker2d-v4,3
726365,reward,5500,374.6617849625167,414.643,SF-P3O-NoDual,Walker2d-v4,3
726536,reward,5501,483.8092620261307,418.347,SF-P3O-NoDual,Walker2d-v4,3
726717,reward,5502,475.5273803696432,424.89,SF-P3O-NoDual,Walker2d-v4,3
726830,reward,5503,266.6776836592991,415.735,SF-P3O-NoDual,Walker2d-v4,3
726992,reward,5504,431.56086472128754,414.844,SF-P3O-NoDual,Walker2d-v4,3
727151,reward,5505,444.0734204379994,413.428,SF-P3O-NoDual,Walker2d-v4,3
727302,reward,5506,404.4686607948047,402.551,SF-P3O-NoDual,Walker2d-v4,3
727455,reward,5507,386.5779729609191,401.257,SF-P3O-NoDual,Walker2d-v4,3
727623,reward,5508,453.22857078905855,413.921,SF-P3O-NoDual,Walker2d-v4,3
727794,reward,5509,453.1200131827594,417.371,SF-P3O-NoDual,Walker2d-v4,3
727927,reward,5510,356.15126744470797,415.52,SF-P3O-NoDual,Walker2d-v4,3
728097,reward,5511,447.3259933935407,411.871,SF-P3O-NoDual,Walker2d-v4,3
728219,reward,5512,312.27240924850366,395.546,SF-P3O-NoDual,Walker2d-v4,3
728352,reward,5513,341.89683002499646,403.068,SF-P3O-NoDual,Walker2d-v4,3
728505,reward,5514,400.02596428074173,399.914,SF-P3O-NoDual,Walker2d-v4,3
728661,reward,5515,406.2893287135561,396.136,SF-P3O-NoDual,Walker2d-v4,3
728803,reward,5516,386.3772523932992,394.327,SF-P3O-NoDual,Walker2d-v4,3
728949,reward,5517,410.7789530707604,396.747,SF-P3O-NoDual,Walker2d-v4,3
729088,loss,-0.13431037962436676,0.4724953770637512,SF-P3O-NoDual,Walker2d-v4,3
729092,reward,5518,366.4561447195394,388.069,SF-P3O-NoDual,Walker2d-v4,3
729237,reward,5519,389.35861840128706,381.693,SF-P3O-NoDual,Walker2d-v4,3
729392,reward,5520,410.73967253782547,387.152,SF-P3O-NoDual,Walker2d-v4,3
729554,reward,5521,462.57505800939276,388.677,SF-P3O-NoDual,Walker2d-v4,3
729697,reward,5522,359.8024782419355,393.43,SF-P3O-NoDual,Walker2d-v4,3
729838,reward,5523,355.30578142822895,394.771,SF-P3O-NoDual,Walker2d-v4,3
730000,speed,716.09,12.89,SF-P3O-NoDual,Walker2d-v4,3
730001,spectral,0.065039,0.958942,-1.0,SF-P3O-NoDual,Walker2d-v4,3
730011,reward,5524,446.69067681040667,399.437,SF-P3O-NoDual,Walker2d-v4,3
730148,reward,5525,336.167516715499,392.425,SF-P3O-NoDual,Walker2d-v4,3
730329,reward,5526,479.5760417077322,401.745,SF-P3O-NoDual,Walker2d-v4,3
730483,reward,5527,406.1186599874905,401.279,SF-P3O-NoDual,Walker2d-v4,3
730652,reward,5528,455.73436444591846,410.207,SF-P3O-NoDual,Walker2d-v4,3
730801,reward,5529,386.77664185335976,409.949,SF-P3O-NoDual,Walker2d-v4,3
730934,reward,5530,342.87946474732047,403.163,SF-P3O-NoDual,Walker2d-v4,3
731141,reward,5531,484.0465182391718,405.31,SF-P3O-NoDual,Walker2d-v4,3
731289,reward,5532,402.36260207818566,409.566,SF-P3O-NoDual,Walker2d-v4,3
731445,reward,5533,387.983867065947,412.834,SF-P3O-NoDual,Walker2d-v4,3
731590,reward,5534,401.828585317664,408.347,SF-P3O-NoDual,Walker2d-v4,3
731747,reward,5535,427.13503332658354,417.444,SF-P3O-NoDual,Walker2d-v4,3
731800,reward,5536,93.91170633732791,378.878,SF-P3O-NoDual,Walker2d-v4,3
731949,reward,5537,414.09839122514586,379.676,SF-P3O-NoDual,Walker2d-v4,3
732098,reward,5538,445.68853602785833,378.671,SF-P3O-NoDual,Walker2d-v4,3
732275,reward,5539,473.11854106553267,387.305,SF-P3O-NoDual,Walker2d-v4,3
732429,reward,5540,434.5796363515358,396.475,SF-P3O-NoDual,Walker2d-v4,3
732589,reward,5541,418.6992038283761,389.941,SF-P3O-NoDual,Walker2d-v4,3
732737,reward,5542,397.8883257389078,389.493,SF-P3O-NoDual,Walker2d-v4,3
732899,reward,5543,389.3267239412852,389.627,SF-P3O-NoDual,Walker2d-v4,3
733039,reward,5544,355.01153239131156,384.946,SF-P3O-NoDual,Walker2d-v4,3
733194,reward,5545,422.1826482797709,384.451,SF-P3O-NoDual,Walker2d-v4,3
733338,reward,5546,375.6299290665537,412.622,SF-P3O-NoDual,Walker2d-v4,3
733483,reward,5547,362.4825024696938,407.461,SF-P3O-NoDual,Walker2d-v4,3
733661,reward,5548,462.2557386323567,409.117,SF-P3O-NoDual,Walker2d-v4,3
733843,reward,5549,458.3041555961339,407.636,SF-P3O-NoDual,Walker2d-v4,3
734011,reward,5550,456.482415053725,409.826,SF-P3O-NoDual,Walker2d-v4,3
734178,reward,5551,455.6437889268557,413.521,SF-P3O-NoDual,Walker2d-v4,3
734326,reward,5552,352.46973660272135,408.979,SF-P3O-NoDual,Walker2d-v4,3
734494,reward,5553,452.11433667916674,415.258,SF-P3O-NoDual,Walker2d-v4,3
734645,reward,5554,409.42279099757906,420.699,SF-P3O-NoDual,Walker2d-v4,3
734789,reward,5555,370.2701762713075,415.508,SF-P3O-NoDual,Walker2d-v4,3
734945,reward,5556,388.76583964266615,416.821,SF-P3O-NoDual,Walker2d-v4,3
735095,reward,5557,387.746543421023,419.348,SF-P3O-NoDual,Walker2d-v4,3
735274,reward,5558,481.0033158491269,421.222,SF-P3O-NoDual,Walker2d-v4,3
735432,reward,5559,415.3590542099664,416.928,SF-P3O-NoDual,Walker2d-v4,3
735574,reward,5560,380.1081810842014,409.29,SF-P3O-NoDual,Walker2d-v4,3
735736,reward,5561,424.44244109778145,406.17,SF-P3O-NoDual,Walker2d-v4,3
735882,reward,5562,396.9757215892935,410.621,SF-P3O-NoDual,Walker2d-v4,3
736057,reward,5563,460.99329209678444,411.509,SF-P3O-NoDual,Walker2d-v4,3
736199,reward,5564,367.25374576047756,407.292,SF-P3O-NoDual,Walker2d-v4,3
736339,reward,5565,376.1680370643187,407.882,SF-P3O-NoDual,Walker2d-v4,3
736526,reward,5566,544.9366091810557,423.499,SF-P3O-NoDual,Walker2d-v4,3
736687,reward,5567,420.4485383441034,426.769,SF-P3O-NoDual,Walker2d-v4,3
736821,reward,5568,359.3359907249403,414.602,SF-P3O-NoDual,Walker2d-v4,3
736993,reward,5569,435.42641899388036,416.609,SF-P3O-NoDual,Walker2d-v4,3
737127,reward,5570,368.8520539342979,415.483,SF-P3O-NoDual,Walker2d-v4,3
737280,loss,-0.07163356244564056,0.5733374357223511,SF-P3O-NoDual,Walker2d-v4,3
737280,diagnostics,0.0,44.97,38.7897,0.066022,0.958729,-1.0,0.080321,SF-P3O-NoDual,Walker2d-v4,3
737280,reward,5571,414.3277869261272,414.472,SF-P3O-NoDual,Walker2d-v4,3
737455,reward,5572,472.50458306176404,422.025,SF-P3O-NoDual,Walker2d-v4,3
737611,reward,5573,414.2192877753985,417.347,SF-P3O-NoDual,Walker2d-v4,3
737762,reward,5574,410.67647405128747,421.69,SF-P3O-NoDual,Walker2d-v4,3
737930,reward,5575,471.210618881665,431.194,SF-P3O-NoDual,Walker2d-v4,3
738042,reward,5576,237.38097885006775,400.438,SF-P3O-NoDual,Walker2d-v4,3
738217,reward,5577,441.9834105170111,402.592,SF-P3O-NoDual,Walker2d-v4,3
738354,reward,5578,364.3465186154451,403.093,SF-P3O-NoDual,Walker2d-v4,3
738513,reward,5579,429.88934164441923,402.539,SF-P3O-NoDual,Walker2d-v4,3
738672,reward,5580,436.33738930973465,409.288,SF-P3O-NoDual,Walker2d-v4,3
738816,reward,5581,424.01067922209904,410.256,SF-P3O-NoDual,Walker2d-v4,3
738937,reward,5582,310.6039380318973,394.066,SF-P3O-NoDual,Walker2d-v4,3
739106,reward,5583,455.06944954736554,398.151,SF-P3O-NoDual,Walker2d-v4,3
739248,reward,5584,398.38090284309584,396.921,SF-P3O-NoDual,Walker2d-v4,3
739394,reward,5585,365.88808868407904,386.389,SF-P3O-NoDual,Walker2d-v4,3
739536,reward,5586,349.5042095805604,397.601,SF-P3O-NoDual,Walker2d-v4,3
739688,reward,5587,362.4521067288928,389.648,SF-P3O-NoDual,Walker2d-v4,3
739809,reward,5588,308.9570420500268,384.109,SF-P3O-NoDual,Walker2d-v4,3
739950,reward,5589,378.83609404947435,379.004,SF-P3O-NoDual,Walker2d-v4,3
740000,speed,1085.56,13.05,SF-P3O-NoDual,Walker2d-v4,3
740001,spectral,0.066022,0.958729,-1.0,SF-P3O-NoDual,Walker2d-v4,3
740099,reward,5590,399.35030920904165,375.305,SF-P3O-NoDual,Walker2d-v4,3
740297,reward,5591,573.8599433442424,390.29,SF-P3O-NoDual,Walker2d-v4,3
740481,reward,5592,530.9827511299172,412.328,SF-P3O-NoDual,Walker2d-v4,3
740647,reward,5593,427.28005119811394,409.549,SF-P3O-NoDual,Walker2d-v4,3
740816,reward,5594,466.1901301759891,416.33,SF-P3O-NoDual,Walker2d-v4,3
740980,reward,5595,467.550464318016,426.496,SF-P3O-NoDual,Walker2d-v4,3
741126,reward,5596,392.10941926348505,430.757,SF-P3O-NoDual,Walker2d-v4,3
741273,reward,5597,392.71631524405194,433.783,SF-P3O-NoDual,Walker2d-v4,3
741456,reward,5598,470.15729968303447,449.903,SF-P3O-NoDual,Walker2d-v4,3
741634,reward,5599,490.5273638139002,461.072,SF-P3O-NoDual,Walker2d-v4,3
741807,reward,5600,478.1777836900846,468.955,SF-P3O-NoDual,Walker2d-v4,3
741967,reward,5601,385.70839229365663,450.14,SF-P3O-NoDual,Walker2d-v4,3
742095,reward,5602,331.4805872300127,430.19,SF-P3O-NoDual,Walker2d-v4,3
742251,reward,5603,418.6419061054739,429.326,SF-P3O-NoDual,Walker2d-v4,3
742448,reward,5604,539.0824600028491,436.615,SF-P3O-NoDual,Walker2d-v4,3
742605,reward,5605,417.66419557506157,431.627,SF-P3O-NoDual,Walker2d-v4,3
742777,reward,5606,492.5544211594594,441.671,SF-P3O-NoDual,Walker2d-v4,3
742969,reward,5607,499.76924488634324,452.376,SF-P3O-NoDual,Walker2d-v4,3
743136,reward,5608,422.11316984582487,447.572,SF-P3O-NoDual,Walker2d-v4,3
743311,reward,5609,504.8419247185527,449.003,SF-P3O-NoDual,Walker2d-v4,3
743473,reward,5610,438.2168624437977,445.007,SF-P3O-NoDual,Walker2d-v4,3
743607,reward,5611,345.50150315427373,440.987,SF-P3O-NoDual,Walker2d-v4,3
743781,reward,5612,477.0483666055534,455.543,SF-P3O-NoDual,Walker2d-v4,3
743922,reward,5613,365.68213534451877,450.247,SF-P3O-NoDual,Walker2d-v4,3
744090,reward,5614,443.62873410952426,440.702,SF-P3O-NoDual,Walker2d-v4,3
744235,reward,5615,367.0844598962999,435.644,SF-P3O-NoDual,Walker2d-v4,3
744381,reward,5616,410.6679788841187,427.455,SF-P3O-NoDual,Walker2d-v4,3
744484,reward,5617,215.79435890157845,399.058,SF-P3O-NoDual,Walker2d-v4,3
744655,reward,5618,476.82986551040915,404.53,SF-P3O-NoDual,Walker2d-v4,3
744841,reward,5619,484.0955755005716,402.455,SF-P3O-NoDual,Walker2d-v4,3
744983,reward,5620,401.5417521690345,398.787,SF-P3O-NoDual,Walker2d-v4,3
745140,reward,5621,414.3202781931564,405.669,SF-P3O-NoDual,Walker2d-v4,3
745308,reward,5622,419.2144940783345,399.886,SF-P3O-NoDual,Walker2d-v4,3
745420,reward,5623,262.3072418428042,389.548,SF-P3O-NoDual,Walker2d-v4,3
745472,loss,-0.035596027970314026,0.5760639309883118,SF-P3O-NoDual,Walker2d-v4,3
745564,reward,5624,370.45864957463,382.231,SF-P3O-NoDual,Walker2d-v4,3
745703,reward,5625,376.7949359937961,383.203,SF-P3O-NoDual,Walker2d-v4,3
745864,reward,5626,442.2324026677918,386.359,SF-P3O-NoDual,Walker2d-v4,3
746048,reward,5627,517.0457414536999,416.484,SF-P3O-NoDual,Walker2d-v4,3
746192,reward,5628,383.6470527129887,407.166,SF-P3O-NoDual,Walker2d-v4,3
746248,reward,5629,98.66558709999921,368.623,SF-P3O-NoDual,Walker2d-v4,3
746361,reward,5630,269.45914773313143,355.415,SF-P3O-NoDual,Walker2d-v4,3
746525,reward,5631,441.8658289095116,358.169,SF-P3O-NoDual,Walker2d-v4,3
746709,reward,5632,531.5054961826137,369.398,SF-P3O-NoDual,Walker2d-v4,3
746861,reward,5633,424.62686645342495,385.63,SF-P3O-NoDual,Walker2d-v4,3
746971,reward,5634,258.2405595594619,374.408,SF-P3O-NoDual,Walker2d-v4,3
747130,reward,5635,445.14220347623956,381.243,SF-P3O-NoDual,Walker2d-v4,3
747267,reward,5636,254.54207236743963,362.474,SF-P3O-NoDual,Walker2d-v4,3
747433,reward,5637,454.41654801901524,356.211,SF-P3O-NoDual,Walker2d-v4,3
747612,reward,5638,473.31182084918913,365.178,SF-P3O-NoDual,Walker2d-v4,3
747759,reward,5639,389.80825592496416,394.292,SF-P3O-NoDual,Walker2d-v4,3
747916,reward,5640,421.01731839447905,409.448,SF-P3O-NoDual,Walker2d-v4,3
748080,reward,5641,445.8587047474511,409.847,SF-P3O-NoDual,Walker2d-v4,3
748219,reward,5642,378.7259307312663,394.569,SF-P3O-NoDual,Walker2d-v4,3
748348,reward,5643,305.9741031852472,382.704,SF-P3O-NoDual,Walker2d-v4,3
748471,reward,5644,315.0069729676283,388.38,SF-P3O-NoDual,Walker2d-v4,3
748613,reward,5645,381.1888856564401,381.985,SF-P3O-NoDual,Walker2d-v4,3
748772,reward,5646,413.9260878669395,397.923,SF-P3O-NoDual,Walker2d-v4,3
748915,reward,5647,378.2570113156193,390.308,SF-P3O-NoDual,Walker2d-v4,3
749059,reward,5648,396.7365747911313,382.65,SF-P3O-NoDual,Walker2d-v4,3
749207,reward,5649,424.6909331961327,386.138,SF-P3O-NoDual,Walker2d-v4,3
749350,reward,5650,385.70093633421914,382.607,SF-P3O-NoDual,Walker2d-v4,3
749513,reward,5651,444.7870724394554,382.499,SF-P3O-NoDual,Walker2d-v4,3
749567,reward,5652,62.42258312505029,350.869,SF-P3O-NoDual,Walker2d-v4,3
749709,reward,5653,401.2154252689707,360.393,SF-P3O-NoDual,Walker2d-v4,3
749879,reward,5654,457.2689957844827,374.619,SF-P3O-NoDual,Walker2d-v4,3
750000,speed,1035.89,13.21,SF-P3O-NoDual,Walker2d-v4,3
750001,spectral,0.067054,0.958554,-1.0,SF-P3O-NoDual,Walker2d-v4,3
750046,reward,5655,432.4277821106172,379.743,SF-P3O-NoDual,Walker2d-v4,3
750151,reward,5656,258.20382218509326,364.171,SF-P3O-NoDual,Walker2d-v4,3
750303,reward,5657,403.9907760648693,366.744,SF-P3O-NoDual,Walker2d-v4,3
750462,reward,5658,414.1477184780089,368.486,SF-P3O-NoDual,Walker2d-v4,3
750610,reward,5659,398.92794774795044,365.909,SF-P3O-NoDual,Walker2d-v4,3
750743,reward,5660,347.17185093087807,362.056,SF-P3O-NoDual,Walker2d-v4,3
750908,reward,5661,425.6938827512085,360.147,SF-P3O-NoDual,Walker2d-v4,3
751079,reward,5662,452.86075094975075,399.191,SF-P3O-NoDual,Walker2d-v4,3
751247,reward,5663,480.91722618618616,407.161,SF-P3O-NoDual,Walker2d-v4,3
751438,reward,5664,497.2270698654338,411.157,SF-P3O-NoDual,Walker2d-v4,3
751609,reward,5665,440.49986454080863,411.964,SF-P3O-NoDual,Walker2d-v4,3
751763,reward,5666,393.50549130732105,425.494,SF-P3O-NoDual,Walker2d-v4,3
751928,reward,5667,450.20057734402855,430.115,SF-P3O-NoDual,Walker2d-v4,3
752074,reward,5668,387.0585512758684,427.406,SF-P3O-NoDual,Walker2d-v4,3
752210,reward,5669,358.78858003190237,423.392,SF-P3O-NoDual,Walker2d-v4,3
752411,reward,5670,577.929275927716,446.468,SF-P3O-NoDual,Walker2d-v4,3
753159,reward,5671,1052.9915345934996,509.198,SF-P3O-NoDual,Walker2d-v4,3
753268,reward,5672,224.49946899970126,486.362,SF-P3O-NoDual,Walker2d-v4,3
753422,reward,5673,408.18744604824377,479.089,SF-P3O-NoDual,Walker2d-v4,3
753604,reward,5674,517.7370810601219,481.14,SF-P3O-NoDual,Walker2d-v4,3
753664,loss,0.06541550904512405,0.4739045202732086,SF-P3O-NoDual,Walker2d-v4,3
753664,diagnostics,0.0,45.32,35.4756,0.068085,0.958262,-1.0,0.079164,SF-P3O-NoDual,Walker2d-v4,3
753735,reward,5675,341.3617412078462,471.226,SF-P3O-NoDual,Walker2d-v4,3
753893,reward,5676,427.60340502128304,474.636,SF-P3O-NoDual,Walker2d-v4,3
754049,reward,5677,422.15133573531205,471.831,SF-P3O-NoDual,Walker2d-v4,3
754246,reward,5678,511.72362188487,484.297,SF-P3O-NoDual,Walker2d-v4,3
754414,reward,5679,414.8931871550509,489.908,SF-P3O-NoDual,Walker2d-v4,3
754581,reward,5680,430.57057444689906,475.172,SF-P3O-NoDual,Walker2d-v4,3
754743,reward,5681,436.68264300685325,413.541,SF-P3O-NoDual,Walker2d-v4,3
754877,reward,5682,345.7748246855631,425.669,SF-P3O-NoDual,Walker2d-v4,3
755026,reward,5683,404.3740496144234,425.287,SF-P3O-NoDual,Walker2d-v4,3
755192,reward,5684,462.84709455834496,419.798,SF-P3O-NoDual,Walker2d-v4,3
755361,reward,5685,424.13055842216147,428.075,SF-P3O-NoDual,Walker2d-v4,3
755527,reward,5686,425.1901851668573,427.834,SF-P3O-NoDual,Walker2d-v4,3
755675,reward,5687,398.6720043088607,425.486,SF-P3O-NoDual,Walker2d-v4,3
755797,reward,5688,299.5149945565828,404.265,SF-P3O-NoDual,Walker2d-v4,3
755954,reward,5689,418.96944024856106,404.673,SF-P3O-NoDual,Walker2d-v4,3
756116,reward,5690,426.9142172023234,404.307,SF-P3O-NoDual,Walker2d-v4,3
756266,reward,5691,422.0218110038883,402.841,SF-P3O-NoDual,Walker2d-v4,3
756450,reward,5692,553.7418207744835,423.638,SF-P3O-NoDual,Walker2d-v4,3
756619,reward,5693,457.8349933900397,428.984,SF-P3O-NoDual,Walker2d-v4,3
756764,reward,5694,393.92836438911706,422.092,SF-P3O-NoDual,Walker2d-v4,3
756923,reward,5695,440.82579232036585,423.761,SF-P3O-NoDual,Walker2d-v4,3
757066,reward,5696,337.11983607405557,414.954,SF-P3O-NoDual,Walker2d-v4,3
757278,reward,5697,490.6708169054539,424.154,SF-P3O-NoDual,Walker2d-v4,3
757456,reward,5698,505.190484046136,444.722,SF-P3O-NoDual,Walker2d-v4,3
757629,reward,5699,459.84045876689987,448.809,SF-P3O-NoDual,Walker2d-v4,3
757788,reward,5700,434.048759345346,449.522,SF-P3O-NoDual,Walker2d-v4,3
757940,reward,5701,397.1224268757512,447.032,SF-P3O-NoDual,Walker2d-v4,3
758089,reward,5702,363.0912407929441,427.967,SF-P3O-NoDual,Walker2d-v4,3
758284,reward,5703,506.43654305247856,432.827,SF-P3O-NoDual,Walker2d-v4,3
758452,reward,5704,458.31027133662496,439.266,SF-P3O-NoDual,Walker2d-v4,3
758585,reward,5705,309.41775009452374,426.125,SF-P3O-NoDual,Walker2d-v4,3
758732,reward,5706,395.9474800944501,432.008,SF-P3O-NoDual,Walker2d-v4,3
758886,reward,5707,408.20909118935873,423.761,SF-P3O-NoDual,Walker2d-v4,3
759047,reward,5708,451.10847011040926,418.353,SF-P3O-NoDual,Walker2d-v4,3
759238,reward,5709,536.1327296566365,425.982,SF-P3O-NoDual,Walker2d-v4,3
759378,reward,5710,369.9096191197704,419.569,SF-P3O-NoDual,Walker2d-v4,3
759535,reward,5711,402.8844352297998,420.145,SF-P3O-NoDual,Walker2d-v4,3
759670,reward,5712,353.5970898995521,419.195,SF-P3O-NoDual,Walker2d-v4,3
759828,reward,5713,463.5315117788884,414.905,SF-P3O-NoDual,Walker2d-v4,3
759963,reward,5714,351.40013673480286,404.214,SF-P3O-NoDual,Walker2d-v4,3
760000,speed,1085.57,13.36,SF-P3O-NoDual,Walker2d-v4,3
760001,perturb,0.068085,0.958262,-1.0,267132,912,2.263535,12,SF-P3O-NoDual,Walker2d-v4,3
760119,reward,5715,410.6899526390335,414.341,SF-P3O-NoDual,Walker2d-v4,3
760286,reward,5716,447.04209968046837,419.451,SF-P3O-NoDual,Walker2d-v4,3
760441,reward,5717,422.12742127033755,420.842,SF-P3O-NoDual,Walker2d-v4,3
760592,reward,5718,406.99972640467473,416.431,SF-P3O-NoDual,Walker2d-v4,3
760760,reward,5719,408.2538128473179,403.644,SF-P3O-NoDual,Walker2d-v4,3
760869,reward,5720,261.7324927863753,392.826,SF-P3O-NoDual,Walker2d-v4,3
761024,reward,5721,400.8856282542655,392.626,SF-P3O-NoDual,Walker2d-v4,3
761179,reward,5722,393.44101600689226,396.61,SF-P3O-NoDual,Walker2d-v4,3
761316,reward,5723,361.36573660544155,386.394,SF-P3O-NoDual,Walker2d-v4,3
761445,reward,5724,329.62400005287657,384.216,SF-P3O-NoDual,Walker2d-v4,3
761604,reward,5725,417.8324134990611,384.93,SF-P3O-NoDual,Walker2d-v4,3
761759,reward,5726,435.22731005253195,383.749,SF-P3O-NoDual,Walker2d-v4,3
761856,loss,-0.09690146893262863,0.6723634600639343,SF-P3O-NoDual,Walker2d-v4,3
761907,reward,5727,409.84338204545577,382.521,SF-P3O-NoDual,Walker2d-v4,3
762102,reward,5728,533.3160727726568,395.152,SF-P3O-NoDual,Walker2d-v4,3
762257,reward,5729,448.9585710443212,399.223,SF-P3O-NoDual,Walker2d-v4,3
762417,reward,5730,448.72000310354133,417.921,SF-P3O-NoDual,Walker2d-v4,3
762581,reward,5731,432.83456878723126,421.116,SF-P3O-NoDual,Walker2d-v4,3
762737,reward,5732,435.9826638934706,425.37,SF-P3O-NoDual,Walker2d-v4,3
762904,reward,5733,448.10702451806725,434.045,SF-P3O-NoDual,Walker2d-v4,3
763063,reward,5734,429.57564779101,444.04,SF-P3O-NoDual,Walker2d-v4,3
763203,reward,5735,370.47366898815716,439.304,SF-P3O-NoDual,Walker2d-v4,3
763364,reward,5736,445.9360526189454,440.375,SF-P3O-NoDual,Walker2d-v4,3
763483,reward,5737,310.51416755716184,430.442,SF-P3O-NoDual,Walker2d-v4,3
763637,reward,5738,401.34347788833264,417.245,SF-P3O-NoDual,Walker2d-v4,3
763837,reward,5739,479.0073277573064,420.249,SF-P3O-NoDual,Walker2d-v4,3
763984,reward,5740,386.3414218005854,414.012,SF-P3O-NoDual,Walker2d-v4,3
764164,reward,5741,500.4324652313659,420.771,SF-P3O-NoDual,Walker2d-v4,3
764294,reward,5742,318.6480194531797,409.038,SF-P3O-NoDual,Walker2d-v4,3
764413,reward,5743,311.95780958486415,395.423,SF-P3O-NoDual,Walker2d-v4,3
764566,reward,5744,408.831255576883,393.349,SF-P3O-NoDual,Walker2d-v4,3
764702,reward,5745,351.85648839609087,391.487,SF-P3O-NoDual,Walker2d-v4,3
764820,reward,5746,298.09423328184835,376.703,SF-P3O-NoDual,Walker2d-v4,3
764973,reward,5747,417.8527189735425,387.437,SF-P3O-NoDual,Walker2d-v4,3
765126,reward,5748,397.6465074564552,387.067,SF-P3O-NoDual,Walker2d-v4,3
765290,reward,5749,440.95382077444407,383.261,SF-P3O-NoDual,Walker2d-v4,3
765454,reward,5750,425.3352841982592,387.161,SF-P3O-NoDual,Walker2d-v4,3
765614,reward,5751,432.55979690932605,380.374,SF-P3O-NoDual,Walker2d-v4,3
765786,reward,5752,482.47958730857425,396.757,SF-P3O-NoDual,Walker2d-v4,3
765960,reward,5753,481.69363967082563,413.73,SF-P3O-NoDual,Walker2d-v4,3
766120,reward,5754,432.33231598685416,416.08,SF-P3O-NoDual,Walker2d-v4,3
766286,reward,5755,444.91484178084113,425.386,SF-P3O-NoDual,Walker2d-v4,3
766448,reward,5756,452.08048121774283,440.785,SF-P3O-NoDual,Walker2d-v4,3
766585,reward,5757,359.65605174675534,434.965,SF-P3O-NoDual,Walker2d-v4,3
766771,reward,5758,495.90281185937596,444.791,SF-P3O-NoDual,Walker2d-v4,3
766986,reward,5759,582.5289917523229,458.948,SF-P3O-NoDual,Walker2d-v4,3
767139,reward,5760,420.60733683488195,458.476,SF-P3O-NoDual,Walker2d-v4,3
767311,reward,5761,472.3564152269186,462.455,SF-P3O-NoDual,Walker2d-v4,3
767446,reward,5762,385.8430298675167,452.792,SF-P3O-NoDual,Walker2d-v4,3
767603,reward,5763,426.3840994178819,447.261,SF-P3O-NoDual,Walker2d-v4,3
767758,reward,5764,403.4164099200849,444.369,SF-P3O-NoDual,Walker2d-v4,3
767876,reward,5765,281.6245421536525,428.04,SF-P3O-NoDual,Walker2d-v4,3
768031,reward,5766,445.0252389015325,427.334,SF-P3O-NoDual,Walker2d-v4,3
768166,reward,5767,356.16379053981467,426.985,SF-P3O-NoDual,Walker2d-v4,3
768343,reward,5768,468.64672542345306,424.26,SF-P3O-NoDual,Walker2d-v4,3
768496,reward,5769,417.55681863278693,407.762,SF-P3O-NoDual,Walker2d-v4,3
768679,reward,5770,501.71327556042695,415.873,SF-P3O-NoDual,Walker2d-v4,3
768822,reward,5771,387.91919029003367,407.429,SF-P3O-NoDual,Walker2d-v4,3
768984,reward,5772,420.1203261184107,410.857,SF-P3O-NoDual,Walker2d-v4,3
769130,reward,5773,402.26501566609835,408.445,SF-P3O-NoDual,Walker2d-v4,3
769279,reward,5774,375.160631892761,405.62,SF-P3O-NoDual,Walker2d-v4,3
769402,reward,5775,321.2843893467812,409.586,SF-P3O-NoDual,Walker2d-v4,3
769536,reward,5776,353.43996794642635,400.427,SF-P3O-NoDual,Walker2d-v4,3
769690,reward,5777,436.01946020142344,408.413,SF-P3O-NoDual,Walker2d-v4,3
769900,reward,5778,533.0448579296946,414.852,SF-P3O-NoDual,Walker2d-v4,3
770000,speed,1051.93,13.52,SF-P3O-NoDual,Walker2d-v4,3
770001,spectral,0.061832,0.959871,-1.0,SF-P3O-NoDual,Walker2d-v4,3
770048,loss,-0.06765985488891602,0.551882266998291,SF-P3O-NoDual,Walker2d-v4,3
770048,diagnostics,0.0,45.89,17.7941,0.063078,0.959542,-1.0,0.086891,SF-P3O-NoDual,Walker2d-v4,3
770065,reward,5779,425.5417420123583,415.651,SF-P3O-NoDual,Walker2d-v4,3
770125,reward,5780,105.91922026153762,376.071,SF-P3O-NoDual,Walker2d-v4,3
770273,reward,5781,390.3528855010569,376.315,SF-P3O-NoDual,Walker2d-v4,3
770453,reward,5782,470.4106150663087,381.344,SF-P3O-NoDual,Walker2d-v4,3
770636,reward,5783,487.4091853945599,389.858,SF-P3O-NoDual,Walker2d-v4,3
770763,reward,5784,343.521701875581,386.694,SF-P3O-NoDual,Walker2d-v4,3
770909,reward,5785,389.2094873293797,393.487,SF-P3O-NoDual,Walker2d-v4,3
771024,reward,5786,289.3865980160601,387.082,SF-P3O-NoDual,Walker2d-v4,3
771192,reward,5787,495.9092929617192,393.071,SF-P3O-NoDual,Walker2d-v4,3
771345,reward,5788,421.9130580829635,381.957,SF-P3O-NoDual,Walker2d-v4,3
771496,reward,5789,360.62089705821,375.465,SF-P3O-NoDual,Walker2d-v4,3
771641,reward,5790,382.93835330952453,403.167,SF-P3O-NoDual,Walker2d-v4,3
771783,reward,5791,360.3407664190962,400.166,SF-P3O-NoDual,Walker2d-v4,3
771916,reward,5792,349.19753246851667,388.045,SF-P3O-NoDual,Walker2d-v4,3
772071,reward,5793,388.81085848641703,378.185,SF-P3O-NoDual,Walker2d-v4,3
772221,reward,5794,387.65847831598654,382.599,SF-P3O-NoDual,Walker2d-v4,3
772407,reward,5795,511.7751819131734,394.855,SF-P3O-NoDual,Walker2d-v4,3
772573,reward,5796,453.9862960822599,411.315,SF-P3O-NoDual,Walker2d-v4,3
772733,reward,5797,401.46444425313854,401.871,SF-P3O-NoDual,Walker2d-v4,3
772903,reward,5798,473.4366238596791,407.023,SF-P3O-NoDual,Walker2d-v4,3
773047,reward,5799,381.7953038295082,409.14,SF-P3O-NoDual,Walker2d-v4,3
773210,reward,5800,405.2597605596466,411.373,SF-P3O-NoDual,Walker2d-v4,3
773368,reward,5801,410.3435486078636,416.373,SF-P3O-NoDual,Walker2d-v4,3
773536,reward,5802,477.4340487213367,429.196,SF-P3O-NoDual,Walker2d-v4,3
773693,reward,5803,428.7764155043733,433.193,SF-P3O-NoDual,Walker2d-v4,3
773849,reward,5804,438.1443237445644,438.242,SF-P3O-NoDual,Walker2d-v4,3
774024,reward,5805,451.3322236119073,432.197,SF-P3O-NoDual,Walker2d-v4,3
774212,reward,5806,546.1043036282565,441.409,SF-P3O-NoDual,Walker2d-v4,3
774380,reward,5807,380.72726007617445,439.335,SF-P3O-NoDual,Walker2d-v4,3
774530,reward,5808,402.13377376564284,432.205,SF-P3O-NoDual,Walker2d-v4,3
774666,reward,5809,356.4585547988649,429.671,SF-P3O-NoDual,Walker2d-v4,3
774792,reward,5810,315.7556184558251,420.721,SF-P3O-NoDual,Walker2d-v4,3
774970,reward,5811,476.5557028629986,427.342,SF-P3O-NoDual,Walker2d-v4,3
775171,reward,5812,600.967135764182,439.696,SF-P3O-NoDual,Walker2d-v4,3
775338,reward,5813,502.79273114822684,447.097,SF-P3O-NoDual,Walker2d-v4,3
775493,reward,5814,409.3231985829765,444.215,SF-P3O-NoDual,Walker2d-v4,3
775619,reward,5815,341.3617290680564,433.218,SF-P3O-NoDual,Walker2d-v4,3
775801,reward,5816,532.7543451096846,431.883,SF-P3O-NoDual,Walker2d-v4,3
775936,reward,5817,335.8698897522598,427.397,SF-P3O-NoDual,Walker2d-v4,3
776076,reward,5818,361.19104518566604,423.303,SF-P3O-NoDual,Walker2d-v4,3
776240,reward,5819,441.50457421789724,431.808,SF-P3O-NoDual,Walker2d-v4,3
776365,reward,5820,322.07701574064146,432.44,SF-P3O-NoDual,Walker2d-v4,3
776552,reward,5821,488.8057329279765,433.665,SF-P3O-NoDual,Walker2d-v4,3
776719,reward,5822,474.6162725114772,421.03,SF-P3O-NoDual,Walker2d-v4,3
776878,reward,5823,440.23746346360855,414.774,SF-P3O-NoDual,Walker2d-v4,3
777007,reward,5824,337.33335885087894,407.575,SF-P3O-NoDual,Walker2d-v4,3
777149,reward,5825,377.46550338319213,411.186,SF-P3O-NoDual,Walker2d-v4,3
777293,reward,5826,389.80108015727546,396.89,SF-P3O-NoDual,Walker2d-v4,3
777457,reward,5827,443.1818942144592,407.621,SF-P3O-NoDual,Walker2d-v4,3
777604,reward,5828,395.911163680351,411.093,SF-P3O-NoDual,Walker2d-v4,3
777751,reward,5829,379.43565043689296,404.887,SF-P3O-NoDual,Walker2d-v4,3
777891,reward,5830,341.83299412227694,406.862,SF-P3O-NoDual,Walker2d-v4,3
778048,reward,5831,406.1547408510382,398.597,SF-P3O-NoDual,Walker2d-v4,3
778183,reward,5832,360.5770841290855,387.193,SF-P3O-NoDual,Walker2d-v4,3
778240,loss,-0.06998717784881592,0.44144344329833984,SF-P3O-NoDual,Walker2d-v4,3
778396,reward,5833,589.4815620322005,402.118,SF-P3O-NoDual,Walker2d-v4,3
778542,reward,5834,422.05233655495357,410.589,SF-P3O-NoDual,Walker2d-v4,3
778720,reward,5835,506.7440124939921,423.517,SF-P3O-NoDual,Walker2d-v4,3
778867,reward,5836,380.910893594491,422.628,SF-P3O-NoDual,Walker2d-v4,3
779055,reward,5837,520.1227445733693,430.322,SF-P3O-NoDual,Walker2d-v4,3
779233,reward,5838,541.6108579633059,444.892,SF-P3O-NoDual,Walker2d-v4,3
779403,reward,5839,468.23932101008467,453.773,SF-P3O-NoDual,Walker2d-v4,3
779586,reward,5840,503.6549166234286,469.955,SF-P3O-NoDual,Walker2d-v4,3
779745,reward,5841,414.3794015750878,470.777,SF-P3O-NoDual,Walker2d-v4,3
779903,reward,5842,426.3611889284944,477.356,SF-P3O-NoDual,Walker2d-v4,3
780000,speed,726.09,13.75,SF-P3O-NoDual,Walker2d-v4,3
780001,spectral,0.064078,0.959303,-1.0,SF-P3O-NoDual,Walker2d-v4,3
780053,reward,5843,425.039186748717,460.911,SF-P3O-NoDual,Walker2d-v4,3
780204,reward,5844,403.86030866409993,459.092,SF-P3O-NoDual,Walker2d-v4,3
780360,reward,5845,385.711772268862,446.989,SF-P3O-NoDual,Walker2d-v4,3
780492,reward,5846,333.6778650238093,442.266,SF-P3O-NoDual,Walker2d-v4,3
780648,reward,5847,445.5542917336933,434.809,SF-P3O-NoDual,Walker2d-v4,3
780821,reward,5848,472.41994537255675,427.89,SF-P3O-NoDual,Walker2d-v4,3
780969,reward,5849,409.23172417803494,421.989,SF-P3O-NoDual,Walker2d-v4,3
781118,reward,5850,422.649272439902,413.888,SF-P3O-NoDual,Walker2d-v4,3
781265,reward,5851,373.77513298624103,409.828,SF-P3O-NoDual,Walker2d-v4,3
781399,reward,5852,377.71737810795094,404.964,SF-P3O-NoDual,Walker2d-v4,3
781588,reward,5853,507.1822840964034,413.178,SF-P3O-NoDual,Walker2d-v4,3
781897,reward,5854,620.8699344944972,434.879,SF-P3O-NoDual,Walker2d-v4,3
782089,reward,5855,526.0639593594328,448.914,SF-P3O-NoDual,Walker2d-v4,3
782252,reward,5856,475.4787736461897,463.094,SF-P3O-NoDual,Walker2d-v4,3
782425,reward,5857,544.5438454341408,472.993,SF-P3O-NoDual,Walker2d-v4,3
782585,reward,5858,435.06354097712926,469.258,SF-P3O-NoDual,Walker2d-v4,3
782744,reward,5859,440.71163817452987,472.406,SF-P3O-NoDual,Walker2d-v4,3
782824,reward,5860,153.81647613794885,445.522,SF-P3O-NoDual,Walker2d-v4,3
782992,reward,5861,472.7998859371783,455.425,SF-P3O-NoDual,Walker2d-v4,3
783151,reward,5862,435.62103351232844,461.215,SF-P3O-NoDual,Walker2d-v4,3
783345,reward,5863,540.1099446963509,464.508,SF-P3O-NoDual,Walker2d-v4,3
783532,reward,5864,532.0938432340824,455.63,SF-P3O-NoDual,Walker2d-v4,3
783723,reward,5865,491.85254980473377,452.209,SF-P3O-NoDual,Walker2d-v4,3
783883,reward,5866,457.588344832261,450.42,SF-P3O-NoDual,Walker2d-v4,3
784028,reward,5867,385.67459199313805,434.533,SF-P3O-NoDual,Walker2d-v4,3
784162,reward,5868,347.43761207681507,425.771,SF-P3O-NoDual,Walker2d-v4,3
784297,reward,5869,355.1619136106924,417.216,SF-P3O-NoDual,Walker2d-v4,3
784457,reward,5870,448.30796595470866,446.665,SF-P3O-NoDual,Walker2d-v4,3
784606,reward,5871,418.3421749350682,441.219,SF-P3O-NoDual,Walker2d-v4,3
784764,reward,5872,415.29263329690775,439.186,SF-P3O-NoDual,Walker2d-v4,3
784940,reward,5873,503.4855971927042,435.524,SF-P3O-NoDual,Walker2d-v4,3
785086,reward,5874,394.5446992829382,421.769,SF-P3O-NoDual,Walker2d-v4,3
785293,reward,5875,596.0221311511276,432.186,SF-P3O-NoDual,Walker2d-v4,3
785474,reward,5876,513.9475614467553,437.822,SF-P3O-NoDual,Walker2d-v4,3
785601,reward,5877,325.1416038607051,431.768,SF-P3O-NoDual,Walker2d-v4,3
785797,reward,5878,491.01181979684793,446.126,SF-P3O-NoDual,Walker2d-v4,3
785935,reward,5879,370.1240357399915,447.622,SF-P3O-NoDual,Walker2d-v4,3
786103,reward,5880,464.0829412951656,449.2,SF-P3O-NoDual,Walker2d-v4,3
786294,reward,5881,560.7806155609835,463.443,SF-P3O-NoDual,Walker2d-v4,3
786432,loss,-0.1003037765622139,0.6348707675933838,SF-P3O-NoDual,Walker2d-v4,3
786432,diagnostics,0.0,46.24,26.147,0.065049,0.959077,-1.0,0.083272,SF-P3O-NoDual,Walker2d-v4,3
786436,reward,5882,398.3775311731289,461.752,SF-P3O-NoDual,Walker2d-v4,3
786595,reward,5883,419.0786116478242,453.311,SF-P3O-NoDual,Walker2d-v4,3
786755,reward,5884,429.93605353230305,456.85,SF-P3O-NoDual,Walker2d-v4,3
786962,reward,5885,538.4630360756789,451.094,SF-P3O-NoDual,Walker2d-v4,3
787134,reward,5886,462.836734697284,445.983,SF-P3O-NoDual,Walker2d-v4,3
787316,reward,5887,552.5719486294304,468.726,SF-P3O-NoDual,Walker2d-v4,3
787463,reward,5888,407.6371912326574,460.389,SF-P3O-NoDual,Walker2d-v4,3
787641,reward,5889,465.45403241331917,469.922,SF-P3O-NoDual,Walker2d-v4,3
787790,reward,5890,400.3324413044109,463.547,SF-P3O-NoDual,Walker2d-v4,3
787943,reward,5891,386.8663197368723,446.155,SF-P3O-NoDual,Walker2d-v4,3
788080,reward,5892,370.470249356983,443.365,SF-P3O-NoDual,Walker2d-v4,3
788252,reward,5893,445.0359862585683,445.96,SF-P3O-NoDual,Walker2d-v4,3
788420,reward,5894,444.295517250728,447.396,SF-P3O-NoDual,Walker2d-v4,3
788590,reward,5895,468.980332107396,440.448,SF-P3O-NoDual,Walker2d-v4,3
788736,reward,5896,400.10799890922294,434.175,SF-P3O-NoDual,Walker2d-v4,3
788882,reward,5897,389.40767953263287,417.859,SF-P3O-NoDual,Walker2d-v4,3
789024,reward,5898,405.741021129267,417.669,SF-P3O-NoDual,Walker2d-v4,3
789158,reward,5899,356.7473039194447,406.798,SF-P3O-NoDual,Walker2d-v4,3
789300,reward,5900,357.28483964585587,402.494,SF-P3O-NoDual,Walker2d-v4,3
789454,reward,5901,400.0969425935179,403.817,SF-P3O-NoDual,Walker2d-v4,3
789628,reward,5902,489.6721342041209,415.737,SF-P3O-NoDual,Walker2d-v4,3
789784,reward,5903,457.14608072319214,416.948,SF-P3O-NoDual,Walker2d-v4,3
789939,reward,5904,401.5623297087048,412.675,SF-P3O-NoDual,Walker2d-v4,3
790000,speed,1032.06,13.91,SF-P3O-NoDual,Walker2d-v4,3
790001,spectral,0.065049,0.959077,-1.0,SF-P3O-NoDual,Walker2d-v4,3
790123,reward,5905,513.3352158963543,417.11,SF-P3O-NoDual,Walker2d-v4,3
790288,reward,5906,503.97783660811547,427.497,SF-P3O-NoDual,Walker2d-v4,3
790473,reward,5907,510.68637006347745,439.625,SF-P3O-NoDual,Walker2d-v4,3
790631,reward,5908,422.6633552657812,441.317,SF-P3O-NoDual,Walker2d-v4,3
790787,reward,5909,444.17977522442203,450.06,SF-P3O-NoDual,Walker2d-v4,3
790906,reward,5910,281.2731012773424,442.459,SF-P3O-NoDual,Walker2d-v4,3
791073,reward,5911,450.94370065217527,447.544,SF-P3O-NoDual,Walker2d-v4,3
791216,reward,5912,409.7154986072661,439.548,SF-P3O-NoDual,Walker2d-v4,3
791352,reward,5913,342.52549674253333,428.086,SF-P3O-NoDual,Walker2d-v4,3
791510,reward,5914,465.213783715885,434.451,SF-P3O-NoDual,Walker2d-v4,3
791687,reward,5915,486.25046795571177,431.743,SF-P3O-NoDual,Walker2d-v4,3
791898,reward,5916,593.7998906575117,440.725,SF-P3O-NoDual,Walker2d-v4,3
792061,reward,5917,429.18686334988274,432.575,SF-P3O-NoDual,Walker2d-v4,3
792212,reward,5918,413.5105384863183,431.66,SF-P3O-NoDual,Walker2d-v4,3
792363,reward,5919,405.4212034314931,427.784,SF-P3O-NoDual,Walker2d-v4,3
792540,reward,5920,518.4803804980041,451.505,SF-P3O-NoDual,Walker2d-v4,3
792697,reward,5921,449.80197751011065,451.391,SF-P3O-NoDual,Walker2d-v4,3
792885,reward,5922,537.1863330678713,464.138,SF-P3O-NoDual,Walker2d-v4,3
793049,reward,5923,449.6397105290485,474.849,SF-P3O-NoDual,Walker2d-v4,3
793218,reward,5924,485.0127909015363,476.829,SF-P3O-NoDual,Walker2d-v4,3
793343,reward,5925,322.49279460946343,460.453,SF-P3O-NoDual,Walker2d-v4,3
793533,reward,5926,544.6012972912733,455.533,SF-P3O-NoDual,Walker2d-v4,3
793694,reward,5927,448.87311022569014,457.502,SF-P3O-NoDual,Walker2d-v4,3
793838,reward,5928,404.82235730486315,456.633,SF-P3O-NoDual,Walker2d-v4,3
793999,reward,5929,448.61015188789486,460.952,SF-P3O-NoDual,Walker2d-v4,3
794134,reward,5930,316.61337769315804,440.765,SF-P3O-NoDual,Walker2d-v4,3
794339,reward,5931,601.1438057141381,455.9,SF-P3O-NoDual,Walker2d-v4,3
794477,reward,5932,364.1387928495037,438.595,SF-P3O-NoDual,Walker2d-v4,3
794624,loss,0.01037464290857315,0.8003449440002441,SF-P3O-NoDual,Walker2d-v4,3
794632,reward,5933,440.4234805853688,437.673,SF-P3O-NoDual,Walker2d-v4,3
794788,reward,5934,453.3164625738358,434.504,SF-P3O-NoDual,Walker2d-v4,3
794887,reward,5935,227.63646117034904,425.018,SF-P3O-NoDual,Walker2d-v4,3
795047,reward,5936,414.4534145320013,412.003,SF-P3O-NoDual,Walker2d-v4,3
795241,reward,5937,545.2992813656374,421.646,SF-P3O-NoDual,Walker2d-v4,3
795422,reward,5938,510.694222152179,432.233,SF-P3O-NoDual,Walker2d-v4,3
795571,reward,5939,410.6155055238886,428.433,SF-P3O-NoDual,Walker2d-v4,3
795712,reward,5940,387.9108612927335,435.563,SF-P3O-NoDual,Walker2d-v4,3
795842,reward,5941,326.7031186011526,408.119,SF-P3O-NoDual,Walker2d-v4,3
796015,reward,5942,503.40617233863804,422.046,SF-P3O-NoDual,Walker2d-v4,3
796194,reward,5943,465.86383044374156,424.59,SF-P3O-NoDual,Walker2d-v4,3
796360,reward,5944,499.68522780574403,429.227,SF-P3O-NoDual,Walker2d-v4,3
796592,reward,5945,628.8287557214784,469.346,SF-P3O-NoDual,Walker2d-v4,3
796761,reward,5946,464.7786292021165,474.379,SF-P3O-NoDual,Walker2d-v4,3
796934,reward,5947,459.838531887466,465.832,SF-P3O-NoDual,Walker2d-v4,3
797106,reward,5948,524.2434136534534,467.187,SF-P3O-NoDual,Walker2d-v4,3
797296,reward,5949,532.1155142739857,479.337,SF-P3O-NoDual,Walker2d-v4,3
797450,reward,5950,419.7370106002192,482.52,SF-P3O-NoDual,Walker2d-v4,3
797594,reward,5951,396.1639299153962,489.466,SF-P3O-NoDual,Walker2d-v4,3
797742,reward,5952,406.63853831509255,479.789,SF-P3O-NoDual,Walker2d-v4,3
797924,reward,5953,574.4863076577292,490.652,SF-P3O-NoDual,Walker2d-v4,3
798098,reward,5954,492.14450109659674,489.898,SF-P3O-NoDual,Walker2d-v4,3
798306,reward,5955,531.5022373436688,480.165,SF-P3O-NoDual,Walker2d-v4,3
798449,reward,5956,381.41870404335424,471.829,SF-P3O-NoDual,Walker2d-v4,3
798623,reward,5957,471.759599661158,473.021,SF-P3O-NoDual,Walker2d-v4,3
798801,reward,5958,533.181881638699,473.915,SF-P3O-NoDual,Walker2d-v4,3
798916,reward,5959,257.1198327232755,446.415,SF-P3O-NoDual,Walker2d-v4,3
799081,reward,5960,490.4698394950091,453.489,SF-P3O-NoDual,Walker2d-v4,3
799258,reward,5961,525.4355048133709,466.416,SF-P3O-NoDual,Walker2d-v4,3
799401,reward,5962,370.5672846699333,462.809,SF-P3O-NoDual,Walker2d-v4,3
799584,reward,5963,502.27230863483123,455.587,SF-P3O-NoDual,Walker2d-v4,3
799765,reward,5964,462.2149641519192,452.594,SF-P3O-NoDual,Walker2d-v4,3
799945,reward,5965,538.6159122803373,453.306,SF-P3O-NoDual,Walker2d-v4,3
800000,speed,1078.74,14.07,SF-P3O-NoDual,Walker2d-v4,3
800001,spectral,0.066014,0.958811,-1.0,SF-P3O-NoDual,Walker2d-v4,3
800107,reward,5966,420.9994040846695,457.264,SF-P3O-NoDual,Walker2d-v4,3
800262,reward,5967,428.0650388685588,452.894,SF-P3O-NoDual,Walker2d-v4,3
800429,reward,5968,474.3300350328438,447.009,SF-P3O-NoDual,Walker2d-v4,3
800609,reward,5969,542.9910878068972,475.596,SF-P3O-NoDual,Walker2d-v4,3
800795,reward,5970,524.3520615481425,478.984,SF-P3O-NoDual,Walker2d-v4,3
800952,reward,5971,432.35194703981864,469.676,SF-P3O-NoDual,Walker2d-v4,3
801140,reward,5972,496.2760972730901,482.247,SF-P3O-NoDual,Walker2d-v4,3
801301,reward,5973,469.96352484914223,479.016,SF-P3O-NoDual,Walker2d-v4,3
801414,reward,5974,302.9717682452678,463.092,SF-P3O-NoDual,Walker2d-v4,3
801575,reward,5975,414.5290220845163,450.683,SF-P3O-NoDual,Walker2d-v4,3
801729,reward,5976,427.5623512480846,451.339,SF-P3O-NoDual,Walker2d-v4,3
801891,reward,5977,403.5180330863764,448.885,SF-P3O-NoDual,Walker2d-v4,3
802054,reward,5978,416.75698325874924,443.127,SF-P3O-NoDual,Walker2d-v4,3
802195,reward,5979,385.9848253774272,427.427,SF-P3O-NoDual,Walker2d-v4,3
802386,reward,5980,508.891382725759,425.881,SF-P3O-NoDual,Walker2d-v4,3
802527,reward,5981,373.1189586542331,419.957,SF-P3O-NoDual,Walker2d-v4,3
802666,reward,5982,375.2575266108743,407.855,SF-P3O-NoDual,Walker2d-v4,3
802816,loss,-0.047516223043203354,0.6655312776565552,SF-P3O-NoDual,Walker2d-v4,3
802816,diagnostics,0.0,46.56,21.7721,0.067129,0.958525,-1.0,0.080469,SF-P3O-NoDual,Walker2d-v4,3
802820,reward,5983,405.00713345923566,401.36,SF-P3O-NoDual,Walker2d-v4,3
802932,reward,5984,286.53466906880664,399.716,SF-P3O-NoDual,Walker2d-v4,3
803086,reward,5985,423.8162259843381,400.645,SF-P3O-NoDual,Walker2d-v4,3
803233,reward,5986,409.05732065139335,398.794,SF-P3O-NoDual,Walker2d-v4,3
803377,reward,5987,394.1940445802567,397.862,SF-P3O-NoDual,Walker2d-v4,3
803548,reward,5988,470.461148001144,403.232,SF-P3O-NoDual,Walker2d-v4,3
803695,reward,5989,379.3911533313183,402.573,SF-P3O-NoDual,Walker2d-v4,3
803858,reward,5990,436.5349633067874,395.337,SF-P3O-NoDual,Walker2d-v4,3
804010,reward,5991,384.3334921482315,396.459,SF-P3O-NoDual,Walker2d-v4,3
804151,reward,5992,389.07911335962706,397.841,SF-P3O-NoDual,Walker2d-v4,3
804324,reward,5993,458.42863137001206,403.183,SF-P3O-NoDual,Walker2d-v4,3
804438,reward,5994,275.30786004591647,402.06,SF-P3O-NoDual,Walker2d-v4,3
804636,reward,5995,592.5511328345144,418.934,SF-P3O-NoDual,Walker2d-v4,3
804804,reward,5996,471.94843563941754,425.223,SF-P3O-NoDual,Walker2d-v4,3
804954,reward,5997,402.8288545671415,426.086,SF-P3O-NoDual,Walker2d-v4,3
805117,reward,5998,458.5590431760237,424.896,SF-P3O-NoDual,Walker2d-v4,3
805240,reward,5999,312.42362149587717,418.2,SF-P3O-NoDual,Walker2d-v4,3
805435,reward,6000,541.4015472995287,428.686,SF-P3O-NoDual,Walker2d-v4,3
805488,reward,6001,63.277595461041955,396.581,SF-P3O-NoDual,Walker2d-v4,3
805644,reward,6002,420.9323784168644,399.766,SF-P3O-NoDual,Walker2d-v4,3
805786,reward,6003,364.1591905779896,390.339,SF-P3O-NoDual,Walker2d-v4,3
805975,reward,6004,545.5062217624126,417.359,SF-P3O-NoDual,Walker2d-v4,3
806130,reward,6005,421.2334867522123,400.227,SF-P3O-NoDual,Walker2d-v4,3
806182,reward,6006,62.948003587196986,359.327,SF-P3O-NoDual,Walker2d-v4,3
806354,reward,6007,497.968245472727,368.841,SF-P3O-NoDual,Walker2d-v4,3
806575,reward,6008,535.14201209739,376.499,SF-P3O-NoDual,Walker2d-v4,3
806736,reward,6009,442.5246994372076,389.509,SF-P3O-NoDual,Walker2d-v4,3
806857,reward,6010,299.39483117657704,365.309,SF-P3O-NoDual,Walker2d-v4,3
807010,reward,6011,407.7787624282544,399.759,SF-P3O-NoDual,Walker2d-v4,3
807185,reward,6012,523.4207398127446,410.008,SF-P3O-NoDual,Walker2d-v4,3
807335,reward,6013,429.0134221270546,416.493,SF-P3O-NoDual,Walker2d-v4,3
807487,reward,6014,419.5916057185181,403.902,SF-P3O-NoDual,Walker2d-v4,3
807643,reward,6015,422.34257382874154,404.012,SF-P3O-NoDual,Walker2d-v4,3
807784,reward,6016,369.88512057539765,434.706,SF-P3O-NoDual,Walker2d-v4,3
807941,reward,6017,428.29084842796675,427.738,SF-P3O-NoDual,Walker2d-v4,3
808110,reward,6018,470.1163552251338,421.236,SF-P3O-NoDual,Walker2d-v4,3
808290,reward,6019,545.9120850078954,431.575,SF-P3O-NoDual,Walker2d-v4,3
808474,reward,6020,491.6025671529291,450.795,SF-P3O-NoDual,Walker2d-v4,3
808628,reward,6021,418.23787545689703,451.841,SF-P3O-NoDual,Walker2d-v4,3
808815,reward,6022,544.4305358819089,453.942,SF-P3O-NoDual,Walker2d-v4,3
809006,reward,6023,541.899716859529,465.231,SF-P3O-NoDual,Walker2d-v4,3
809139,reward,6024,375.4914667791675,460.821,SF-P3O-NoDual,Walker2d-v4,3
809299,reward,6025,445.544542222844,463.141,SF-P3O-NoDual,Walker2d-v4,3
809365,reward,6026,121.9241865114115,438.345,SF-P3O-NoDual,Walker2d-v4,3
809539,reward,6027,460.1598334648151,441.532,SF-P3O-NoDual,Walker2d-v4,3
809759,reward,6028,578.5737552071687,452.378,SF-P3O-NoDual,Walker2d-v4,3
809898,reward,6029,357.68856177631034,433.555,SF-P3O-NoDual,Walker2d-v4,3
810000,speed,1050.02,14.23,SF-P3O-NoDual,Walker2d-v4,3
810001,perturb,0.067129,0.958525,-1.0,201602,906,1.619998,13,SF-P3O-NoDual,Walker2d-v4,3
810070,reward,6030,522.8949823873845,436.685,SF-P3O-NoDual,Walker2d-v4,3
810118,reward,6031,57.12255712597297,400.573,SF-P3O-NoDual,Walker2d-v4,3
810287,reward,6032,488.9036300365288,395.02,SF-P3O-NoDual,Walker2d-v4,3
810436,reward,6033,402.55458951892365,381.086,SF-P3O-NoDual,Walker2d-v4,3
810618,reward,6034,464.78942126492376,390.016,SF-P3O-NoDual,Walker2d-v4,3
810777,reward,6035,443.7879184021709,389.84,SF-P3O-NoDual,Walker2d-v4,3
810934,reward,6036,442.7320840871164,421.921,SF-P3O-NoDual,Walker2d-v4,3
811008,loss,-0.029962021857500076,0.6077542901039124,SF-P3O-NoDual,Walker2d-v4,3
811169,reward,6037,674.5987823173516,443.365,SF-P3O-NoDual,Walker2d-v4,3
811317,reward,6038,412.588302951754,426.766,SF-P3O-NoDual,Walker2d-v4,3
811449,reward,6039,353.6922827458518,426.366,SF-P3O-NoDual,Walker2d-v4,3
811611,reward,6040,426.0360818930164,416.681,SF-P3O-NoDual,Walker2d-v4,3
811759,reward,6041,406.14029489958386,451.582,SF-P3O-NoDual,Walker2d-v4,3
811938,reward,6042,515.6402689557244,454.256,SF-P3O-NoDual,Walker2d-v4,3
812058,reward,6043,305.0861339820656,444.509,SF-P3O-NoDual,Walker2d-v4,3
812228,reward,6044,496.5463936086528,447.685,SF-P3O-NoDual,Walker2d-v4,3
812383,reward,6045,455.3561842609299,448.842,SF-P3O-NoDual,Walker2d-v4,3
812519,reward,6046,365.8738177116326,441.156,SF-P3O-NoDual,Walker2d-v4,3
812700,reward,6047,471.7904374470369,420.875,SF-P3O-NoDual,Walker2d-v4,3
812850,reward,6048,418.1846481108034,421.435,SF-P3O-NoDual,Walker2d-v4,3
813021,reward,6049,472.04662486021397,433.27,SF-P3O-NoDual,Walker2d-v4,3
813190,reward,6050,447.7614374734747,435.443,SF-P3O-NoDual,Walker2d-v4,3
813374,reward,6051,526.3321617960685,447.462,SF-P3O-NoDual,Walker2d-v4,3
813525,reward,6052,426.70286589246507,438.568,SF-P3O-NoDual,Walker2d-v4,3
813702,reward,6053,503.53550299434306,458.413,SF-P3O-NoDual,Walker2d-v4,3
813842,reward,6054,364.6099912281618,445.219,SF-P3O-NoDual,Walker2d-v4,3
813970,reward,6055,336.80755444297336,433.365,SF-P3O-NoDual,Walker2d-v4,3
814111,reward,6056,376.35370967124777,434.412,SF-P3O-NoDual,Walker2d-v4,3
814235,reward,6057,314.56977249302565,418.69,SF-P3O-NoDual,Walker2d-v4,3
814368,reward,6058,371.7068330271214,414.043,SF-P3O-NoDual,Walker2d-v4,3
814509,reward,6059,426.4783987415718,409.486,SF-P3O-NoDual,Walker2d-v4,3
814654,reward,6060,395.8098074098399,404.291,SF-P3O-NoDual,Walker2d-v4,3
814798,reward,6061,392.84132082148136,390.942,SF-P3O-NoDual,Walker2d-v4,3
814969,reward,6062,432.05258183724317,391.477,SF-P3O-NoDual,Walker2d-v4,3
815128,reward,6063,443.7347856792631,385.496,SF-P3O-NoDual,Walker2d-v4,3
815262,reward,6064,369.555511729604,385.991,SF-P3O-NoDual,Walker2d-v4,3
815413,reward,6065,369.64347094790867,389.275,SF-P3O-NoDual,Walker2d-v4,3
815576,reward,6066,451.8616310997375,396.825,SF-P3O-NoDual,Walker2d-v4,3
815765,reward,6067,543.6209130826201,419.731,SF-P3O-NoDual,Walker2d-v4,3
815916,reward,6068,416.46960404592625,424.207,SF-P3O-NoDual,Walker2d-v4,3
816142,reward,6069,586.0416975456748,440.163,SF-P3O-NoDual,Walker2d-v4,3
816329,reward,6070,471.6883293358361,447.751,SF-P3O-NoDual,Walker2d-v4,3
816487,reward,6071,450.69717555053245,453.537,SF-P3O-NoDual,Walker2d-v4,3
816666,reward,6072,568.6903755594191,467.2,SF-P3O-NoDual,Walker2d-v4,3
816836,reward,6073,496.13197966291614,472.44,SF-P3O-NoDual,Walker2d-v4,3
817029,reward,6074,464.88744099567737,481.973,SF-P3O-NoDual,Walker2d-v4,3
817158,reward,6075,347.30888178978597,479.74,SF-P3O-NoDual,Walker2d-v4,3
817292,reward,6076,331.78934668002074,467.733,SF-P3O-NoDual,Walker2d-v4,3
817464,reward,6077,489.5524674284741,462.326,SF-P3O-NoDual,Walker2d-v4,3
817641,reward,6078,533.5400983337146,474.033,SF-P3O-NoDual,Walker2d-v4,3
817851,reward,6079,524.8581715120254,467.914,SF-P3O-NoDual,Walker2d-v4,3
818012,reward,6080,446.34980698021565,465.381,SF-P3O-NoDual,Walker2d-v4,3
818183,reward,6081,510.2832193736949,471.339,SF-P3O-NoDual,Walker2d-v4,3
818365,reward,6082,455.53473245161405,460.024,SF-P3O-NoDual,Walker2d-v4,3
818471,reward,6083,238.90196825000592,434.301,SF-P3O-NoDual,Walker2d-v4,3
818642,reward,6084,466.09551740929066,434.421,SF-P3O-NoDual,Walker2d-v4,3
818787,reward,6085,411.64070393125866,440.855,SF-P3O-NoDual,Walker2d-v4,3
818964,reward,6086,474.85675063504607,455.161,SF-P3O-NoDual,Walker2d-v4,3
819114,reward,6087,395.89242402368086,445.795,SF-P3O-NoDual,Walker2d-v4,3
819200,loss,-0.14472511410713196,0.5482972860336304,SF-P3O-NoDual,Walker2d-v4,3
819200,diagnostics,0.0,47.01,33.6336,0.064967,0.959255,-1.0,0.084296,SF-P3O-NoDual,Walker2d-v4,3
819307,reward,6088,571.4848216214629,449.59,SF-P3O-NoDual,Walker2d-v4,3
819545,reward,6089,600.207183140356,457.125,SF-P3O-NoDual,Walker2d-v4,3
819695,reward,6090,418.98873443987645,454.389,SF-P3O-NoDual,Walker2d-v4,3
819853,reward,6091,424.9893899804931,445.859,SF-P3O-NoDual,Walker2d-v4,3
819990,reward,6092,363.3609854977065,436.642,SF-P3O-NoDual,Walker2d-v4,3
820000,speed,723.43,14.46,SF-P3O-NoDual,Walker2d-v4,3
820001,spectral,0.064967,0.959255,-1.0,SF-P3O-NoDual,Walker2d-v4,3
820167,reward,6093,509.38892825005496,463.691,SF-P3O-NoDual,Walker2d-v4,3
820338,reward,6094,480.3952191984032,465.121,SF-P3O-NoDual,Walker2d-v4,3
820485,reward,6095,395.1090791136523,463.467,SF-P3O-NoDual,Walker2d-v4,3
820641,reward,6096,448.8106286435456,460.863,SF-P3O-NoDual,Walker2d-v4,3
820792,reward,6097,387.2438577820937,459.998,SF-P3O-NoDual,Walker2d-v4,3
820891,reward,6098,219.71890367541175,424.821,SF-P3O-NoDual,Walker2d-v4,3
821041,reward,6099,444.9332544525152,409.294,SF-P3O-NoDual,Walker2d-v4,3
821164,reward,6100,325.0528807719205,399.9,SF-P3O-NoDual,Walker2d-v4,3
821355,reward,6101,548.0307090511909,412.204,SF-P3O-NoDual,Walker2d-v4,3
821521,reward,6102,476.6717210426069,423.536,SF-P3O-NoDual,Walker2d-v4,3
821679,reward,6103,432.5551010350333,415.852,SF-P3O-NoDual,Walker2d-v4,3
821848,reward,6104,476.47761158832753,415.46,SF-P3O-NoDual,Walker2d-v4,3
821989,reward,6105,380.6329737544907,414.013,SF-P3O-NoDual,Walker2d-v4,3
822125,reward,6106,360.0350710063139,405.135,SF-P3O-NoDual,Walker2d-v4,3
822280,reward,6107,427.5594928496025,409.167,SF-P3O-NoDual,Walker2d-v4,3
822456,reward,6108,500.66787723850143,437.262,SF-P3O-NoDual,Walker2d-v4,3
822592,reward,6109,371.54216378717985,429.923,SF-P3O-NoDual,Walker2d-v4,3
822707,reward,6110,276.05034068499054,425.022,SF-P3O-NoDual,Walker2d-v4,3
822772,reward,6111,117.09972068990419,381.929,SF-P3O-NoDual,Walker2d-v4,3
822892,reward,6112,300.2848534209932,364.291,SF-P3O-NoDual,Walker2d-v4,3
822978,reward,6113,162.0049222378874,337.236,SF-P3O-NoDual,Walker2d-v4,3
823137,reward,6114,483.79225297952536,337.967,SF-P3O-NoDual,Walker2d-v4,3
823270,reward,6115,339.87614779644883,333.891,SF-P3O-NoDual,Walker2d-v4,3
823399,reward,6116,331.9969681018785,331.087,SF-P3O-NoDual,Walker2d-v4,3
823573,reward,6117,539.7281924881245,342.304,SF-P3O-NoDual,Walker2d-v4,3
823706,reward,6118,338.65377334943315,326.103,SF-P3O-NoDual,Walker2d-v4,3
823865,reward,6119,457.59385798776486,334.708,SF-P3O-NoDual,Walker2d-v4,3
824030,reward,6120,468.59083305897116,353.962,SF-P3O-NoDual,Walker2d-v4,3
824174,reward,6121,364.5177043503823,378.704,SF-P3O-NoDual,Walker2d-v4,3
824310,reward,6122,358.0913072349352,384.485,SF-P3O-NoDual,Walker2d-v4,3
824453,reward,6123,394.2396799026672,407.708,SF-P3O-NoDual,Walker2d-v4,3
824585,reward,6124,334.4710598908569,392.776,SF-P3O-NoDual,Walker2d-v4,3
824774,reward,6125,565.8378230924762,415.372,SF-P3O-NoDual,Walker2d-v4,3
824911,reward,6126,385.9112257520263,420.764,SF-P3O-NoDual,Walker2d-v4,3
825048,reward,6127,357.42196388458706,402.533,SF-P3O-NoDual,Walker2d-v4,3
825277,reward,6128,654.8062302315074,434.148,SF-P3O-NoDual,Walker2d-v4,3
825402,reward,6129,315.95323954432524,419.984,SF-P3O-NoDual,Walker2d-v4,3
825550,reward,6130,382.22701971049156,411.348,SF-P3O-NoDual,Walker2d-v4,3
825699,reward,6131,450.8202451091474,419.978,SF-P3O-NoDual,Walker2d-v4,3
825844,reward,6132,369.89475628745237,421.158,SF-P3O-NoDual,Walker2d-v4,3
825971,reward,6133,333.3297984473776,415.067,SF-P3O-NoDual,Walker2d-v4,3
826155,reward,6134,518.8770109327129,433.508,SF-P3O-NoDual,Walker2d-v4,3
826331,reward,6135,510.43895957613375,427.968,SF-P3O-NoDual,Walker2d-v4,3
826460,reward,6136,367.7814224272315,426.155,SF-P3O-NoDual,Walker2d-v4,3
826641,reward,6137,556.0762020694708,446.02,SF-P3O-NoDual,Walker2d-v4,3
826785,reward,6138,415.42254656766397,422.082,SF-P3O-NoDual,Walker2d-v4,3
826904,reward,6139,262.04487740628235,416.691,SF-P3O-NoDual,Walker2d-v4,3
827060,reward,6140,422.3627963264801,420.705,SF-P3O-NoDual,Walker2d-v4,3
827215,reward,6141,420.67860814336603,417.691,SF-P3O-NoDual,Walker2d-v4,3
827352,reward,6142,362.20330996484796,416.922,SF-P3O-NoDual,Walker2d-v4,3
827392,loss,-0.0584757924079895,0.7192551493644714,SF-P3O-NoDual,Walker2d-v4,3
827475,reward,6143,328.70986892489105,416.46,SF-P3O-NoDual,Walker2d-v4,3
827630,reward,6144,406.8116411741637,405.253,SF-P3O-NoDual,Walker2d-v4,3
827796,reward,6145,477.755933177521,401.985,SF-P3O-NoDual,Walker2d-v4,3
827955,reward,6146,436.01331442206765,408.808,SF-P3O-NoDual,Walker2d-v4,3
828120,reward,6147,470.5046260625515,400.251,SF-P3O-NoDual,Walker2d-v4,3
828256,reward,6148,374.8688412572632,396.195,SF-P3O-NoDual,Walker2d-v4,3
828426,reward,6149,518.7441125549747,421.865,SF-P3O-NoDual,Walker2d-v4,3
828597,reward,6150,462.82966223466366,425.912,SF-P3O-NoDual,Walker2d-v4,3
828730,reward,6151,337.15165861349254,417.559,SF-P3O-NoDual,Walker2d-v4,3
828852,reward,6152,322.5436098646222,413.593,SF-P3O-NoDual,Walker2d-v4,3
828986,reward,6153,361.80118886609097,416.902,SF-P3O-NoDual,Walker2d-v4,3
829127,reward,6154,401.20749735160825,416.342,SF-P3O-NoDual,Walker2d-v4,3
829234,reward,6155,272.1279180281868,395.779,SF-P3O-NoDual,Walker2d-v4,3
829422,reward,6156,558.2788087634283,408.006,SF-P3O-NoDual,Walker2d-v4,3
829547,reward,6157,336.16925295068353,394.572,SF-P3O-NoDual,Walker2d-v4,3
829702,reward,6158,423.4377122548554,399.429,SF-P3O-NoDual,Walker2d-v4,3
829845,reward,6159,416.8713613134028,389.242,SF-P3O-NoDual,Walker2d-v4,3
829950,reward,6160,248.69172037756968,367.828,SF-P3O-NoDual,Walker2d-v4,3
830000,speed,1032.63,14.62,SF-P3O-NoDual,Walker2d-v4,3
830001,spectral,0.065855,0.95902,-1.0,SF-P3O-NoDual,Walker2d-v4,3
830099,reward,6161,391.6121027072825,373.274,SF-P3O-NoDual,Walker2d-v4,3
830166,reward,6162,116.38947329564186,352.659,SF-P3O-NoDual,Walker2d-v4,3
830298,reward,6163,318.06904122645244,348.285,SF-P3O-NoDual,Walker2d-v4,3
830444,reward,6164,421.4742793351971,350.312,SF-P3O-NoDual,Walker2d-v4,3
830607,reward,6165,440.5316060854516,367.153,SF-P3O-NoDual,Walker2d-v4,3
830746,reward,6166,363.554475715656,347.68,SF-P3O-NoDual,Walker2d-v4,3
830907,reward,6167,457.8336372044882,359.847,SF-P3O-NoDual,Walker2d-v4,3
831049,reward,6168,408.2179078966246,358.325,SF-P3O-NoDual,Walker2d-v4,3
831164,reward,6169,291.32091706998966,345.77,SF-P3O-NoDual,Walker2d-v4,3
831319,reward,6170,455.98555899516634,366.499,SF-P3O-NoDual,Walker2d-v4,3
831517,reward,6171,577.3821870547532,385.076,SF-P3O-NoDual,Walker2d-v4,3
831769,reward,6172,681.1145736394961,441.548,SF-P3O-NoDual,Walker2d-v4,3
831906,reward,6173,389.5119088354389,448.693,SF-P3O-NoDual,Walker2d-v4,3
832044,reward,6174,386.0435339753624,445.15,SF-P3O-NoDual,Walker2d-v4,3
832178,reward,6175,354.256916994535,436.522,SF-P3O-NoDual,Walker2d-v4,3
832353,reward,6176,505.4993270193371,450.717,SF-P3O-NoDual,Walker2d-v4,3
832488,reward,6177,350.79143250814394,440.012,SF-P3O-NoDual,Walker2d-v4,3
832627,reward,6178,369.3490105074814,436.126,SF-P3O-NoDual,Walker2d-v4,3
832799,reward,6179,497.7443678404046,456.768,SF-P3O-NoDual,Walker2d-v4,3
832924,reward,6180,317.6489544605193,442.934,SF-P3O-NoDual,Walker2d-v4,3
833140,reward,6181,645.282204312493,449.724,SF-P3O-NoDual,Walker2d-v4,3
833318,reward,6182,444.2507462095222,426.038,SF-P3O-NoDual,Walker2d-v4,3
833480,reward,6183,444.058202652477,431.492,SF-P3O-NoDual,Walker2d-v4,3
833622,reward,6184,402.83231859333165,433.171,SF-P3O-NoDual,Walker2d-v4,3
833789,reward,6185,503.8308760768848,448.129,SF-P3O-NoDual,Walker2d-v4,3
833932,reward,6186,392.46256529753083,436.825,SF-P3O-NoDual,Walker2d-v4,3
834070,reward,6187,365.8346502625241,438.329,SF-P3O-NoDual,Walker2d-v4,3
834234,reward,6188,470.4242579329184,448.437,SF-P3O-NoDual,Walker2d-v4,3
834303,reward,6189,102.72823060354239,408.935,SF-P3O-NoDual,Walker2d-v4,3
834447,reward,6190,372.8498493084156,414.455,SF-P3O-NoDual,Walker2d-v4,3
834616,reward,6191,491.07223104661773,399.034,SF-P3O-NoDual,Walker2d-v4,3
834786,reward,6192,552.7093556940795,409.88,SF-P3O-NoDual,Walker2d-v4,3
834993,reward,6193,646.3862661938357,430.113,SF-P3O-NoDual,Walker2d-v4,3
835198,reward,6194,530.1061919356198,442.84,SF-P3O-NoDual,Walker2d-v4,3
835343,reward,6195,402.5759529199965,432.715,SF-P3O-NoDual,Walker2d-v4,3
835512,reward,6196,461.3545446223839,439.604,SF-P3O-NoDual,Walker2d-v4,3
835584,loss,0.015118038281798363,0.5422461628913879,SF-P3O-NoDual,Walker2d-v4,3
835584,diagnostics,0.0,47.33,36.0389,0.066769,0.958795,-1.0,0.079103,SF-P3O-NoDual,Walker2d-v4,3
835633,reward,6197,318.50376303074125,434.871,SF-P3O-NoDual,Walker2d-v4,3
835761,reward,6198,346.9249004264028,422.521,SF-P3O-NoDual,Walker2d-v4,3
835878,reward,6199,297.4541549376511,441.994,SF-P3O-NoDual,Walker2d-v4,3
836068,reward,6200,565.4679213308051,461.256,SF-P3O-NoDual,Walker2d-v4,3
836237,reward,6201,439.52526913690343,456.101,SF-P3O-NoDual,Walker2d-v4,3
836449,reward,6202,569.9300320083569,457.823,SF-P3O-NoDual,Walker2d-v4,3
836619,reward,6203,474.1589245589897,440.6,SF-P3O-NoDual,Walker2d-v4,3
836736,reward,6204,294.40502502062805,417.03,SF-P3O-NoDual,Walker2d-v4,3
836890,reward,6205,437.5162676077917,420.524,SF-P3O-NoDual,Walker2d-v4,3
837047,reward,6206,424.24727377985266,416.813,SF-P3O-NoDual,Walker2d-v4,3
837200,reward,6207,425.82542989629616,427.546,SF-P3O-NoDual,Walker2d-v4,3
837361,reward,6208,445.1163794122951,437.365,SF-P3O-NoDual,Walker2d-v4,3
837592,reward,6209,715.9448365225976,479.214,SF-P3O-NoDual,Walker2d-v4,3
837919,reward,6210,718.5832270890571,494.525,SF-P3O-NoDual,Walker2d-v4,3
838054,reward,6211,369.7079261120004,487.544,SF-P3O-NoDual,Walker2d-v4,3
838221,reward,6212,523.6832135117279,482.919,SF-P3O-NoDual,Walker2d-v4,3
838382,reward,6213,481.53676589178383,483.657,SF-P3O-NoDual,Walker2d-v4,3
838517,reward,6214,352.47059693036033,489.463,SF-P3O-NoDual,Walker2d-v4,3
838668,reward,6215,409.21894708305797,486.633,SF-P3O-NoDual,Walker2d-v4,3
838840,reward,6216,513.6953041226943,495.578,SF-P3O-NoDual,Walker2d-v4,3
838983,reward,6217,391.9780552551095,492.194,SF-P3O-NoDual,Walker2d-v4,3
839170,reward,6218,518.3357700272511,499.515,SF-P3O-NoDual,Walker2d-v4,3
839316,reward,6219,393.3231308272208,467.253,SF-P3O-NoDual,Walker2d-v4,3
839478,reward,6220,489.64053470296864,444.359,SF-P3O-NoDual,Walker2d-v4,3
839626,reward,6221,448.53729211249737,452.242,SF-P3O-NoDual,Walker2d-v4,3
839730,reward,6222,243.61657215252293,424.235,SF-P3O-NoDual,Walker2d-v4,3
839854,reward,6223,330.9558927569515,409.177,SF-P3O-NoDual,Walker2d-v4,3
840000,speed,1098.04,14.77,SF-P3O-NoDual,Walker2d-v4,3
840001,spectral,0.066769,0.958795,-1.0,SF-P3O-NoDual,Walker2d-v4,3
840032,reward,6224,432.2389848925399,417.154,SF-P3O-NoDual,Walker2d-v4,3
840212,reward,6225,531.6457534378748,429.397,SF-P3O-NoDual,Walker2d-v4,3
840383,reward,6226,505.9588342399361,428.623,SF-P3O-NoDual,Walker2d-v4,3
840596,reward,6227,677.5351700373399,457.179,SF-P3O-NoDual,Walker2d-v4,3
840729,reward,6228,363.48595804965845,441.694,SF-P3O-NoDual,Walker2d-v4,3
840865,reward,6229,351.72676013798804,437.534,SF-P3O-NoDual,Walker2d-v4,3
841005,reward,6230,361.31806791693333,424.702,SF-P3O-NoDual,Walker2d-v4,3
841170,reward,6231,478.8033108865428,427.729,SF-P3O-NoDual,Walker2d-v4,3
841322,reward,6232,440.5610095629897,447.423,SF-P3O-NoDual,Walker2d-v4,3
841500,reward,6233,525.5687231750978,466.884,SF-P3O-NoDual,Walker2d-v4,3
841669,reward,6234,509.74859227645794,474.635,SF-P3O-NoDual,Walker2d-v4,3
841862,reward,6235,602.8591144960691,481.757,SF-P3O-NoDual,Walker2d-v4,3
842007,reward,6236,406.9799396831926,471.859,SF-P3O-NoDual,Walker2d-v4,3
842184,reward,6237,133.73624172043577,417.479,SF-P3O-NoDual,Walker2d-v4,3
842362,reward,6238,490.3920542815834,430.169,SF-P3O-NoDual,Walker2d-v4,3
842549,reward,6239,486.76708407750357,443.673,SF-P3O-NoDual,Walker2d-v4,3
842702,reward,6240,431.6326197284119,450.705,SF-P3O-NoDual,Walker2d-v4,3
842866,reward,6241,489.5706201337393,451.782,SF-P3O-NoDual,Walker2d-v4,3
843031,reward,6242,480.04256517067626,455.73,SF-P3O-NoDual,Walker2d-v4,3
843183,reward,6243,440.13498165475136,447.186,SF-P3O-NoDual,Walker2d-v4,3
843366,reward,6244,516.570965976427,447.869,SF-P3O-NoDual,Walker2d-v4,3
843557,reward,6245,573.0638683397484,444.889,SF-P3O-NoDual,Walker2d-v4,3
843747,reward,6246,552.5838776615192,459.449,SF-P3O-NoDual,Walker2d-v4,3
843776,loss,0.03670509159564972,0.7612111568450928,SF-P3O-NoDual,Walker2d-v4,3
843903,reward,6247,429.9351437298339,489.069,SF-P3O-NoDual,Walker2d-v4,3
844063,reward,6248,480.337302088904,488.064,SF-P3O-NoDual,Walker2d-v4,3
844205,reward,6249,406.45324744624025,480.033,SF-P3O-NoDual,Walker2d-v4,3
844378,reward,6250,483.1794377245213,485.187,SF-P3O-NoDual,Walker2d-v4,3
844562,reward,6251,478.3759823552106,484.068,SF-P3O-NoDual,Walker2d-v4,3
844786,reward,6252,674.1251640793936,503.476,SF-P3O-NoDual,Walker2d-v4,3
844980,reward,6253,502.9427578213611,509.757,SF-P3O-NoDual,Walker2d-v4,3
845147,reward,6254,509.7680766363331,509.076,SF-P3O-NoDual,Walker2d-v4,3
845379,reward,6255,773.4018657980272,529.11,SF-P3O-NoDual,Walker2d-v4,3
845571,reward,6256,537.6857266080202,527.62,SF-P3O-NoDual,Walker2d-v4,3
845708,reward,6257,384.72155954992513,523.099,SF-P3O-NoDual,Walker2d-v4,3
845780,reward,6258,125.94406631113358,487.66,SF-P3O-NoDual,Walker2d-v4,3
845983,reward,6259,574.3792352350936,504.452,SF-P3O-NoDual,Walker2d-v4,3
846134,reward,6260,413.92127664467085,497.527,SF-P3O-NoDual,Walker2d-v4,3
846278,reward,6261,401.87149148605425,489.876,SF-P3O-NoDual,Walker2d-v4,3
846486,reward,6262,498.28512032462845,472.292,SF-P3O-NoDual,Walker2d-v4,3
846621,reward,6263,344.81178505509763,456.479,SF-P3O-NoDual,Walker2d-v4,3
846780,reward,6264,471.2679319722811,452.629,SF-P3O-NoDual,Walker2d-v4,3
846992,reward,6265,537.2557422698084,429.014,SF-P3O-NoDual,Walker2d-v4,3
847131,reward,6266,392.45593709570596,414.491,SF-P3O-NoDual,Walker2d-v4,3
847296,reward,6267,463.75251062962286,422.395,SF-P3O-NoDual,Walker2d-v4,3
847482,reward,6268,529.6747070374771,462.768,SF-P3O-NoDual,Walker2d-v4,3
847625,reward,6269,380.3780867687687,443.367,SF-P3O-NoDual,Walker2d-v4,3
847756,reward,6270,347.38710669696167,436.714,SF-P3O-NoDual,Walker2d-v4,3
847944,reward,6271,540.0817868094324,450.535,SF-P3O-NoDual,Walker2d-v4,3
848107,reward,6272,447.8894870382149,445.496,SF-P3O-NoDual,Walker2d-v4,3
848231,reward,6273,323.40121945846795,443.354,SF-P3O-NoDual,Walker2d-v4,3
848350,reward,6274,300.306930961037,426.258,SF-P3O-NoDual,Walker2d-v4,3
848477,reward,6275,329.27968022945254,405.461,SF-P3O-NoDual,Walker2d-v4,3
848622,reward,6276,365.62666782141963,402.778,SF-P3O-NoDual,Walker2d-v4,3
848767,reward,6277,398.9190527056841,396.294,SF-P3O-NoDual,Walker2d-v4,3
848941,reward,6278,493.35942564049253,392.663,SF-P3O-NoDual,Walker2d-v4,3
849108,reward,6279,521.1288374654424,406.738,SF-P3O-NoDual,Walker2d-v4,3
849275,reward,6280,511.8721155537315,423.187,SF-P3O-NoDual,Walker2d-v4,3
849460,reward,6281,548.7665961873046,424.055,SF-P3O-NoDual,Walker2d-v4,3
849670,reward,6282,681.8697868632494,447.453,SF-P3O-NoDual,Walker2d-v4,3
849825,reward,6283,436.6977537086233,458.783,SF-P3O-NoDual,Walker2d-v4,3
849965,reward,6284,390.4125341579252,467.793,SF-P3O-NoDual,Walker2d-v4,3
850000,speed,1058.64,14.93,SF-P3O-NoDual,Walker2d-v4,3
850001,spectral,0.067658,0.958584,-1.0,SF-P3O-NoDual,Walker2d-v4,3
850108,reward,6285,398.2288103832024,474.688,SF-P3O-NoDual,Walker2d-v4,3
850260,reward,6286,381.3696919185967,476.262,SF-P3O-NoDual,Walker2d-v4,3
850430,reward,6287,529.6496805564026,489.336,SF-P3O-NoDual,Walker2d-v4,3
850608,reward,6288,536.8252608904188,493.682,SF-P3O-NoDual,Walker2d-v4,3
850830,reward,6289,621.1633259416684,503.686,SF-P3O-NoDual,Walker2d-v4,3
851004,reward,6290,537.7963820989712,506.278,SF-P3O-NoDual,Walker2d-v4,3
851320,reward,6291,745.6197726662385,525.963,SF-P3O-NoDual,Walker2d-v4,3
851487,reward,6292,508.6323096750352,508.64,SF-P3O-NoDual,Walker2d-v4,3
851668,reward,6293,539.9710025367402,518.967,SF-P3O-NoDual,Walker2d-v4,3
851873,reward,6294,621.1769841310436,542.043,SF-P3O-NoDual,Walker2d-v4,3
851968,loss,-0.028090085834264755,0.615709125995636,SF-P3O-NoDual,Walker2d-v4,3
851968,diagnostics,0.0,47.65,15.1937,0.068462,0.958387,-1.0,0.078235,SF-P3O-NoDual,Walker2d-v4,3
852012,reward,6295,371.12923854126865,539.333,SF-P3O-NoDual,Walker2d-v4,3
852159,reward,6296,420.97611936266327,543.294,SF-P3O-NoDual,Walker2d-v4,3
852336,reward,6297,536.2446195451658,543.954,SF-P3O-NoDual,Walker2d-v4,3
852524,reward,6298,603.8002939738817,550.651,SF-P3O-NoDual,Walker2d-v4,3
852669,reward,6299,424.2787723226618,530.963,SF-P3O-NoDual,Walker2d-v4,3
852823,reward,6300,453.8358080135791,522.566,SF-P3O-NoDual,Walker2d-v4,3
852890,reward,6301,117.35722552908011,459.74,SF-P3O-NoDual,Walker2d-v4,3
853064,reward,6302,467.84873654747696,455.662,SF-P3O-NoDual,Walker2d-v4,3
853213,reward,6303,416.6932944789215,443.334,SF-P3O-NoDual,Walker2d-v4,3
853373,reward,6304,471.2193904698587,428.338,SF-P3O-NoDual,Walker2d-v4,3
853556,reward,6305,558.2500296745947,447.05,SF-P3O-NoDual,Walker2d-v4,3
853733,reward,6306,513.939427146111,456.347,SF-P3O-NoDual,Walker2d-v4,3
853881,reward,6307,433.6230422154072,446.085,SF-P3O-NoDual,Walker2d-v4,3
854125,reward,6308,738.401821949876,459.545,SF-P3O-NoDual,Walker2d-v4,3
854291,reward,6309,505.63466689332523,467.68,SF-P3O-NoDual,Walker2d-v4,3
854474,reward,6310,578.24071992047,480.121,SF-P3O-NoDual,Walker2d-v4,3
854665,reward,6311,523.9084060213547,520.776,SF-P3O-NoDual,Walker2d-v4,3
854846,reward,6312,514.5357118627613,525.445,SF-P3O-NoDual,Walker2d-v4,3
855019,reward,6313,517.8044145052021,535.556,SF-P3O-NoDual,Walker2d-v4,3
855227,reward,6314,618.2028345454942,550.254,SF-P3O-NoDual,Walker2d-v4,3
855372,reward,6315,405.04862845561746,534.934,SF-P3O-NoDual,Walker2d-v4,3
855628,reward,6316,687.5621336567744,552.296,SF-P3O-NoDual,Walker2d-v4,3
855743,reward,6317,300.39204779838855,538.973,SF-P3O-NoDual,Walker2d-v4,3
855870,reward,6318,355.6200188798095,500.695,SF-P3O-NoDual,Walker2d-v4,3
856034,reward,6319,445.106797958339,494.642,SF-P3O-NoDual,Walker2d-v4,3
856202,reward,6320,485.6550073924702,485.384,SF-P3O-NoDual,Walker2d-v4,3
856377,reward,6321,477.4277149869282,480.736,SF-P3O-NoDual,Walker2d-v4,3
856514,reward,6322,348.9646647238927,464.178,SF-P3O-NoDual,Walker2d-v4,3
856710,reward,6323,559.9037514093617,468.388,SF-P3O-NoDual,Walker2d-v4,3
856913,reward,6324,638.8479116954479,470.453,SF-P3O-NoDual,Walker2d-v4,3
857235,reward,6325,674.4079580492141,497.389,SF-P3O-NoDual,Walker2d-v4,3
857415,reward,6326,529.8751786253329,481.62,SF-P3O-NoDual,Walker2d-v4,3
857635,reward,6327,710.7069031873726,522.652,SF-P3O-NoDual,Walker2d-v4,3
857784,reward,6328,418.9819892920028,528.988,SF-P3O-NoDual,Walker2d-v4,3
857946,reward,6329,479.9208570381759,532.469,SF-P3O-NoDual,Walker2d-v4,3
858133,reward,6330,603.5743449276786,544.261,SF-P3O-NoDual,Walker2d-v4,3
858251,reward,6331,261.6622644327406,522.685,SF-P3O-NoDual,Walker2d-v4,3
858413,reward,6332,500.66518994114455,537.855,SF-P3O-NoDual,Walker2d-v4,3
858583,reward,6333,507.43743926783577,532.608,SF-P3O-NoDual,Walker2d-v4,3
858726,reward,6334,392.4449458683129,507.968,SF-P3O-NoDual,Walker2d-v4,3
858935,reward,6335,599.7192439390433,500.499,SF-P3O-NoDual,Walker2d-v4,3
859141,reward,6336,568.1928799878466,504.331,SF-P3O-NoDual,Walker2d-v4,3
859259,reward,6337,310.08737995438463,464.269,SF-P3O-NoDual,Walker2d-v4,3
859395,reward,6338,386.13577221058927,460.984,SF-P3O-NoDual,Walker2d-v4,3
859615,reward,6339,602.4826285778815,473.24,SF-P3O-NoDual,Walker2d-v4,3
859752,reward,6340,396.2449165514044,452.507,SF-P3O-NoDual,Walker2d-v4,3
859929,reward,6341,492.9820930265433,475.639,SF-P3O-NoDual,Walker2d-v4,3
860000,speed,1027.92,15.09,SF-P3O-NoDual,Walker2d-v4,3
860001,perturb,0.068462,0.958387,-1.0,267132,912,2.246866,14,SF-P3O-NoDual,Walker2d-v4,3
860105,reward,6342,489.1152176537609,474.484,SF-P3O-NoDual,Walker2d-v4,3
860160,loss,-0.07225358486175537,0.45375844836235046,SF-P3O-NoDual,Walker2d-v4,3
860269,reward,6343,484.66032984862846,472.207,SF-P3O-NoDual,Walker2d-v4,3
860427,reward,6344,463.1708690504949,479.279,SF-P3O-NoDual,Walker2d-v4,3
860564,reward,6345,374.07540937375467,456.715,SF-P3O-NoDual,Walker2d-v4,3
860757,reward,6346,556.2703360275738,455.522,SF-P3O-NoDual,Walker2d-v4,3
860895,reward,6347,393.4424143901173,463.858,SF-P3O-NoDual,Walker2d-v4,3
861107,reward,6348,638.7758836913912,489.122,SF-P3O-NoDual,Walker2d-v4,3
861289,reward,6349,591.4713148995806,488.021,SF-P3O-NoDual,Walker2d-v4,3
861457,reward,6350,518.1473427852505,500.211,SF-P3O-NoDual,Walker2d-v4,3
861588,reward,6351,374.7967528512229,488.393,SF-P3O-NoDual,Walker2d-v4,3
861807,reward,6352,615.8240142132925,501.063,SF-P3O-NoDual,Walker2d-v4,3
862004,reward,6353,578.4047355843255,510.438,SF-P3O-NoDual,Walker2d-v4,3
862144,reward,6354,377.9104547276305,501.912,SF-P3O-NoDual,Walker2d-v4,3
862318,reward,6355,461.1556733382384,510.62,SF-P3O-NoDual,Walker2d-v4,3
862492,reward,6356,498.41308824211126,504.834,SF-P3O-NoDual,Walker2d-v4,3
862690,reward,6357,568.2364877731103,522.314,SF-P3O-NoDual,Walker2d-v4,3
862909,reward,6358,664.96043181854,524.932,SF-P3O-NoDual,Walker2d-v4,3
863099,reward,6359,553.2798417863144,521.113,SF-P3O-NoDual,Walker2d-v4,3
863255,reward,6360,441.0184990202905,513.4,SF-P3O-NoDual,Walker2d-v4,3
863449,reward,6361,529.4925289406023,528.87,SF-P3O-NoDual,Walker2d-v4,3
863600,reward,6362,446.9503614227422,511.982,SF-P3O-NoDual,Walker2d-v4,3
863767,reward,6363,467.8191970578457,500.924,SF-P3O-NoDual,Walker2d-v4,3
863893,reward,6364,304.1778593987508,493.55,SF-P3O-NoDual,Walker2d-v4,3
864083,reward,6365,525.7527115094981,500.01,SF-P3O-NoDual,Walker2d-v4,3
864224,reward,6366,380.5462557590744,488.223,SF-P3O-NoDual,Walker2d-v4,3
864409,reward,6367,523.5467241362901,483.754,SF-P3O-NoDual,Walker2d-v4,3
864582,reward,6368,500.17912849033274,467.276,SF-P3O-NoDual,Walker2d-v4,3
864758,reward,6369,528.2402320961697,464.772,SF-P3O-NoDual,Walker2d-v4,3
864939,reward,6370,574.6661031074086,478.137,SF-P3O-NoDual,Walker2d-v4,3
865118,reward,6371,506.01067363944196,475.789,SF-P3O-NoDual,Walker2d-v4,3
865292,reward,6372,486.1424401524034,479.708,SF-P3O-NoDual,Walker2d-v4,3
865474,reward,6373,547.5733761097606,487.684,SF-P3O-NoDual,Walker2d-v4,3
865678,reward,6374,570.1372996292503,514.279,SF-P3O-NoDual,Walker2d-v4,3
865805,reward,6375,335.6284277055413,495.267,SF-P3O-NoDual,Walker2d-v4,3
865930,reward,6376,349.8030814227505,492.193,SF-P3O-NoDual,Walker2d-v4,3
866102,reward,6377,516.7200755372932,491.51,SF-P3O-NoDual,Walker2d-v4,3
866309,reward,6378,602.7732877727648,501.769,SF-P3O-NoDual,Walker2d-v4,3
866488,reward,6379,528.784334693206,501.824,SF-P3O-NoDual,Walker2d-v4,3
866713,reward,6380,690.163918697206,513.374,SF-P3O-NoDual,Walker2d-v4,3
866855,reward,6381,392.1825069325585,501.991,SF-P3O-NoDual,Walker2d-v4,3
867035,reward,6382,570.5803654828856,510.435,SF-P3O-NoDual,Walker2d-v4,3
867308,reward,6383,722.2815222482604,527.905,SF-P3O-NoDual,Walker2d-v4,3
867487,reward,6384,498.2338846806928,520.715,SF-P3O-NoDual,Walker2d-v4,3
867647,reward,6385,421.3356953901929,529.286,SF-P3O-NoDual,Walker2d-v4,3
867814,reward,6386,521.252938244446,546.431,SF-P3O-NoDual,Walker2d-v4,3
868024,reward,6387,628.1162639241941,557.57,SF-P3O-NoDual,Walker2d-v4,3
868227,reward,6388,626.528221097018,559.946,SF-P3O-NoDual,Walker2d-v4,3
868352,loss,0.03862621635198593,0.5979944467544556,SF-P3O-NoDual,Walker2d-v4,3
868352,diagnostics,0.0,48.18,27.7787,0.063867,0.959535,-1.0,0.08176,SF-P3O-NoDual,Walker2d-v4,3
868422,reward,6389,585.0328130472876,565.571,SF-P3O-NoDual,Walker2d-v4,3
868597,reward,6390,513.4016508526587,547.895,SF-P3O-NoDual,Walker2d-v4,3
868809,reward,6391,647.4649369864293,573.423,SF-P3O-NoDual,Walker2d-v4,3
869006,reward,6392,628.7134011668622,579.236,SF-P3O-NoDual,Walker2d-v4,3
869216,reward,6393,556.7111152814208,562.679,SF-P3O-NoDual,Walker2d-v4,3
869345,reward,6394,339.70235114811095,546.826,SF-P3O-NoDual,Walker2d-v4,3
869493,reward,6395,409.1393994552986,545.606,SF-P3O-NoDual,Walker2d-v4,3
869686,reward,6396,596.6396918084109,553.145,SF-P3O-NoDual,Walker2d-v4,3
869881,reward,6397,581.743822213331,548.508,SF-P3O-NoDual,Walker2d-v4,3
870000,speed,726.19,15.32,SF-P3O-NoDual,Walker2d-v4,3
870001,spectral,0.063867,0.959535,-1.0,SF-P3O-NoDual,Walker2d-v4,3
870024,reward,6398,388.1263380135486,524.668,SF-P3O-NoDual,Walker2d-v4,3
870244,reward,6399,677.1087289667846,533.875,SF-P3O-NoDual,Walker2d-v4,3
870420,reward,6400,541.8378076061257,536.719,SF-P3O-NoDual,Walker2d-v4,3
870581,reward,6401,427.22761079514737,514.695,SF-P3O-NoDual,Walker2d-v4,3
870756,reward,6402,498.8243182495559,501.706,SF-P3O-NoDual,Walker2d-v4,3
870949,reward,6403,584.5381816280991,504.489,SF-P3O-NoDual,Walker2d-v4,3
871136,reward,6404,531.8268199179819,523.701,SF-P3O-NoDual,Walker2d-v4,3
871329,reward,6405,539.8052831797795,536.768,SF-P3O-NoDual,Walker2d-v4,3
871532,reward,6406,588.0305577854747,535.907,SF-P3O-NoDual,Walker2d-v4,3
871705,reward,6407,546.6646619423876,532.399,SF-P3O-NoDual,Walker2d-v4,3
871884,reward,6408,535.4257902898174,547.129,SF-P3O-NoDual,Walker2d-v4,3
872065,reward,6409,570.5402590550474,536.472,SF-P3O-NoDual,Walker2d-v4,3
872212,reward,6410,398.4566387777913,522.134,SF-P3O-NoDual,Walker2d-v4,3
872414,reward,6411,587.7765890132308,538.189,SF-P3O-NoDual,Walker2d-v4,3
872595,reward,6412,512.8847591113129,539.595,SF-P3O-NoDual,Walker2d-v4,3
872770,reward,6413,522.2559038871748,533.367,SF-P3O-NoDual,Walker2d-v4,3
873028,reward,6414,872.7558365390277,567.46,SF-P3O-NoDual,Walker2d-v4,3
873260,reward,6415,651.643348296741,578.643,SF-P3O-NoDual,Walker2d-v4,3
873434,reward,6416,552.6586082431199,575.106,SF-P3O-NoDual,Walker2d-v4,3
873637,reward,6417,622.5294790691269,582.693,SF-P3O-NoDual,Walker2d-v4,3
873804,reward,6418,522.9880561901398,581.449,SF-P3O-NoDual,Walker2d-v4,3
873951,reward,6419,448.48439059574133,569.243,SF-P3O-NoDual,Walker2d-v4,3
874076,reward,6420,314.83781503784144,560.881,SF-P3O-NoDual,Walker2d-v4,3
874266,reward,6421,531.0423132294435,555.208,SF-P3O-NoDual,Walker2d-v4,3
874402,reward,6422,370.5588706926406,540.975,SF-P3O-NoDual,Walker2d-v4,3
874596,reward,6423,574.3927263699877,546.189,SF-P3O-NoDual,Walker2d-v4,3
874824,reward,6424,572.8308965276991,516.197,SF-P3O-NoDual,Walker2d-v4,3
875004,reward,6425,460.6511530363579,497.097,SF-P3O-NoDual,Walker2d-v4,3
875175,reward,6426,498.87058251286123,491.719,SF-P3O-NoDual,Walker2d-v4,3
875340,reward,6427,443.76730048899157,473.842,SF-P3O-NoDual,Walker2d-v4,3
875519,reward,6428,538.361497826221,475.38,SF-P3O-NoDual,Walker2d-v4,3
875661,reward,6429,388.09134278599356,469.34,SF-P3O-NoDual,Walker2d-v4,3
875848,reward,6430,541.6420342597396,492.021,SF-P3O-NoDual,Walker2d-v4,3
876043,reward,6431,578.3953946150658,496.756,SF-P3O-NoDual,Walker2d-v4,3
876190,reward,6432,394.87085944871944,499.187,SF-P3O-NoDual,Walker2d-v4,3
876385,reward,6433,546.8030257110921,496.428,SF-P3O-NoDual,Walker2d-v4,3
876544,loss,-0.06263890117406845,0.6719352602958679,SF-P3O-NoDual,Walker2d-v4,3
876592,reward,6434,586.4337303103454,497.789,SF-P3O-NoDual,Walker2d-v4,3
876736,reward,6435,385.17681351819664,490.241,SF-P3O-NoDual,Walker2d-v4,3
876928,reward,6436,541.5515699855299,494.509,SF-P3O-NoDual,Walker2d-v4,3
877119,reward,6437,598.7244313585961,510.005,SF-P3O-NoDual,Walker2d-v4,3
877330,reward,6438,677.199095286763,523.889,SF-P3O-NoDual,Walker2d-v4,3
877510,reward,6439,557.1214979426911,540.792,SF-P3O-NoDual,Walker2d-v4,3
877735,reward,6440,668.6874555264227,553.496,SF-P3O-NoDual,Walker2d-v4,3
877928,reward,6441,509.69664354597745,546.627,SF-P3O-NoDual,Walker2d-v4,3
878132,reward,6442,588.3612315392031,565.976,SF-P3O-NoDual,Walker2d-v4,3
878284,reward,6443,435.08883154705035,554.804,SF-P3O-NoDual,Walker2d-v4,3
878432,reward,6444,392.988095834333,535.46,SF-P3O-NoDual,Walker2d-v4,3
878589,reward,6445,467.9540516993199,543.737,SF-P3O-NoDual,Walker2d-v4,3
878801,reward,6446,632.3194433255378,552.814,SF-P3O-NoDual,Walker2d-v4,3
878990,reward,6447,520.5507777358256,544.997,SF-P3O-NoDual,Walker2d-v4,3
879167,reward,6448,510.04493818797107,528.281,SF-P3O-NoDual,Walker2d-v4,3
879367,reward,6449,578.6572275632166,530.435,SF-P3O-NoDual,Walker2d-v4,3
879555,reward,6450,551.8308590839154,518.749,SF-P3O-NoDual,Walker2d-v4,3
879718,reward,6451,470.3937808282182,514.819,SF-P3O-NoDual,Walker2d-v4,3
879885,reward,6452,501.3986771585912,506.123,SF-P3O-NoDual,Walker2d-v4,3
880000,speed,1077.9,15.47,SF-P3O-NoDual,Walker2d-v4,3
880001,spectral,0.064798,0.959299,-1.0,SF-P3O-NoDual,Walker2d-v4,3
880097,reward,6453,545.0563782302713,517.119,SF-P3O-NoDual,Walker2d-v4,3
880306,reward,6454,612.7367475797502,539.094,SF-P3O-NoDual,Walker2d-v4,3
880483,reward,6455,494.1195132643518,541.711,SF-P3O-NoDual,Walker2d-v4,3
880663,reward,6456,539.779858536668,532.457,SF-P3O-NoDual,Walker2d-v4,3
880854,reward,6457,573.536833617061,537.755,SF-P3O-NoDual,Walker2d-v4,3
881064,reward,6458,579.1997877361551,544.671,SF-P3O-NoDual,Walker2d-v4,3
881211,reward,6459,413.91378223108524,528.197,SF-P3O-NoDual,Walker2d-v4,3
881358,reward,6460,407.66358490389604,513.78,SF-P3O-NoDual,Walker2d-v4,3
881545,reward,6461,546.106771567432,521.351,SF-P3O-NoDual,Walker2d-v4,3
881705,reward,6462,505.03814182308076,521.715,SF-P3O-NoDual,Walker2d-v4,3
881858,reward,6463,399.0378625471133,507.113,SF-P3O-NoDual,Walker2d-v4,3
882055,reward,6464,583.2995562080989,504.17,SF-P3O-NoDual,Walker2d-v4,3
882270,reward,6465,582.3814560285216,512.996,SF-P3O-NoDual,Walker2d-v4,3
882476,reward,6466,649.4019696113246,523.958,SF-P3O-NoDual,Walker2d-v4,3
882624,reward,6467,424.47182550385304,509.051,SF-P3O-NoDual,Walker2d-v4,3
882797,reward,6468,474.94975890427645,498.626,SF-P3O-NoDual,Walker2d-v4,3
882942,reward,6469,415.80558133358966,498.816,SF-P3O-NoDual,Walker2d-v4,3
883084,reward,6470,375.42973810507925,495.592,SF-P3O-NoDual,Walker2d-v4,3
883282,reward,6471,619.8965597576957,502.971,SF-P3O-NoDual,Walker2d-v4,3
883452,reward,6472,513.2793203084324,503.795,SF-P3O-NoDual,Walker2d-v4,3
883631,reward,6473,496.10594071616396,513.502,SF-P3O-NoDual,Walker2d-v4,3
883769,reward,6474,377.8169464001246,492.954,SF-P3O-NoDual,Walker2d-v4,3
884026,reward,6475,763.4658968024488,511.062,SF-P3O-NoDual,Walker2d-v4,3
884129,reward,6476,235.41127378235072,469.663,SF-P3O-NoDual,Walker2d-v4,3
884267,reward,6477,384.8361800532433,465.7,SF-P3O-NoDual,Walker2d-v4,3
884445,reward,6478,527.8707460491175,470.992,SF-P3O-NoDual,Walker2d-v4,3
884639,reward,6479,604.8349923346993,489.895,SF-P3O-NoDual,Walker2d-v4,3
884736,loss,-0.08312943577766418,0.5702494382858276,SF-P3O-NoDual,Walker2d-v4,3
884736,diagnostics,0.0,48.51,24.5318,0.065689,0.959074,-1.0,0.079867,SF-P3O-NoDual,Walker2d-v4,3
884851,reward,6480,590.2405144463239,511.376,SF-P3O-NoDual,Walker2d-v4,3
884933,reward,6481,169.83062942158708,466.369,SF-P3O-NoDual,Walker2d-v4,3
885069,reward,6482,376.23087057104175,452.664,SF-P3O-NoDual,Walker2d-v4,3
885206,reward,6483,373.43194763715115,440.397,SF-P3O-NoDual,Walker2d-v4,3
885364,reward,6484,492.31385300323103,451.847,SF-P3O-NoDual,Walker2d-v4,3
885595,reward,6485,648.9478217356168,440.395,SF-P3O-NoDual,Walker2d-v4,3
885754,reward,6486,456.758900015129,462.53,SF-P3O-NoDual,Walker2d-v4,3
885887,reward,6487,343.3655295680076,458.383,SF-P3O-NoDual,Walker2d-v4,3
886100,reward,6488,632.4564955541127,468.841,SF-P3O-NoDual,Walker2d-v4,3
886291,reward,6489,559.8642103753738,464.344,SF-P3O-NoDual,Walker2d-v4,3
886334,reward,6490,45.750421674893374,409.895,SF-P3O-NoDual,Walker2d-v4,3
886501,reward,6491,503.59690628440865,443.272,SF-P3O-NoDual,Walker2d-v4,3
886789,reward,6492,745.8400694035822,480.233,SF-P3O-NoDual,Walker2d-v4,3
887000,reward,6493,617.2938263521456,504.619,SF-P3O-NoDual,Walker2d-v4,3
887200,reward,6494,621.6980164804493,517.557,SF-P3O-NoDual,Walker2d-v4,3
887384,reward,6495,546.8951721802612,507.352,SF-P3O-NoDual,Walker2d-v4,3
887574,reward,6496,587.4973432553455,520.426,SF-P3O-NoDual,Walker2d-v4,3
887725,reward,6497,401.7900220235008,526.268,SF-P3O-NoDual,Walker2d-v4,3
887903,reward,6498,529.5532184426443,515.978,SF-P3O-NoDual,Walker2d-v4,3
887946,reward,6499,46.32750219682612,464.624,SF-P3O-NoDual,Walker2d-v4,3
888162,reward,6500,588.4017600577228,518.889,SF-P3O-NoDual,Walker2d-v4,3
888316,reward,6501,446.6532996643301,513.195,SF-P3O-NoDual,Walker2d-v4,3
888499,reward,6502,557.6157231660385,494.373,SF-P3O-NoDual,Walker2d-v4,3
888672,reward,6503,459.1925192378372,478.562,SF-P3O-NoDual,Walker2d-v4,3
888723,reward,6504,57.01976360885111,422.095,SF-P3O-NoDual,Walker2d-v4,3
888905,reward,6505,521.5022298736753,419.555,SF-P3O-NoDual,Walker2d-v4,3
888956,reward,6506,61.00423210688669,366.906,SF-P3O-NoDual,Walker2d-v4,3
889015,reward,6507,77.53252174993109,334.48,SF-P3O-NoDual,Walker2d-v4,3
889232,reward,6508,699.3968434843002,351.465,SF-P3O-NoDual,Walker2d-v4,3
889709,reward,6509,914.4705146604365,438.279,SF-P3O-NoDual,Walker2d-v4,3
889879,reward,6510,526.8396351771098,432.123,SF-P3O-NoDual,Walker2d-v4,3
890000,speed,1070.15,15.63,SF-P3O-NoDual,Walker2d-v4,3
890001,spectral,0.065689,0.959074,-1.0,SF-P3O-NoDual,Walker2d-v4,3
890041,reward,6511,503.1080156654451,437.768,SF-P3O-NoDual,Walker2d-v4,3
890223,reward,6512,472.21256412936344,429.228,SF-P3O-NoDual,Walker2d-v4,3
890417,reward,6513,582.5701576731341,441.566,SF-P3O-NoDual,Walker2d-v4,3
890595,reward,6514,577.3493493659798,493.599,SF-P3O-NoDual,Walker2d-v4,3
890759,reward,6515,491.9281910957354,490.641,SF-P3O-NoDual,Walker2d-v4,3
890938,reward,6516,470.8252712818602,531.623,SF-P3O-NoDual,Walker2d-v4,3
891108,reward,6517,534.5281745733798,577.323,SF-P3O-NoDual,Walker2d-v4,3
891256,reward,6518,431.2940241566331,550.513,SF-P3O-NoDual,Walker2d-v4,3
891448,reward,6519,562.7925478154755,515.345,SF-P3O-NoDual,Walker2d-v4,3
891622,reward,6520,500.2401792001404,512.685,SF-P3O-NoDual,Walker2d-v4,3
891807,reward,6521,566.9663547242205,519.071,SF-P3O-NoDual,Walker2d-v4,3
891943,reward,6522,397.4099216914308,511.59,SF-P3O-NoDual,Walker2d-v4,3
892125,reward,6523,534.0176944197701,506.735,SF-P3O-NoDual,Walker2d-v4,3
892286,reward,6524,432.5067045438117,492.251,SF-P3O-NoDual,Walker2d-v4,3
892473,reward,6525,543.4169884641268,497.4,SF-P3O-NoDual,Walker2d-v4,3
892618,reward,6526,412.1169967328883,491.529,SF-P3O-NoDual,Walker2d-v4,3
892797,reward,6527,529.9629944444115,491.072,SF-P3O-NoDual,Walker2d-v4,3
892928,loss,-0.04602453112602234,0.5174671411514282,SF-P3O-NoDual,Walker2d-v4,3
892956,reward,6528,439.82806538396613,491.926,SF-P3O-NoDual,Walker2d-v4,3
893114,reward,6529,465.7678667167558,482.223,SF-P3O-NoDual,Walker2d-v4,3
893325,reward,6530,688.8247947560757,501.082,SF-P3O-NoDual,Walker2d-v4,3
893513,reward,6531,587.1654301101639,503.102,SF-P3O-NoDual,Walker2d-v4,3
893702,reward,6532,581.8468314717404,521.545,SF-P3O-NoDual,Walker2d-v4,3
893850,reward,6533,405.2094074146153,508.665,SF-P3O-NoDual,Walker2d-v4,3
894053,reward,6534,643.4765559331951,529.762,SF-P3O-NoDual,Walker2d-v4,3
894184,reward,6535,351.5254848289191,510.572,SF-P3O-NoDual,Walker2d-v4,3
894361,reward,6536,503.39717306786855,519.7,SF-P3O-NoDual,Walker2d-v4,3
894541,reward,6537,562.1288539684933,522.917,SF-P3O-NoDual,Walker2d-v4,3
894707,reward,6538,484.97595492659366,527.432,SF-P3O-NoDual,Walker2d-v4,3
894878,reward,6539,498.5225428732961,530.707,SF-P3O-NoDual,Walker2d-v4,3
895046,reward,6540,487.05931584380886,510.531,SF-P3O-NoDual,Walker2d-v4,3
895219,reward,6541,472.141323165048,499.028,SF-P3O-NoDual,Walker2d-v4,3
895399,reward,6542,529.5687972421578,493.801,SF-P3O-NoDual,Walker2d-v4,3
895598,reward,6543,605.0301740885646,513.783,SF-P3O-NoDual,Walker2d-v4,3
895803,reward,6544,659.3790230727896,515.373,SF-P3O-NoDual,Walker2d-v4,3
895992,reward,6545,575.1265619058885,537.733,SF-P3O-NoDual,Walker2d-v4,3
896152,reward,6546,448.340242240064,532.227,SF-P3O-NoDual,Walker2d-v4,3
896335,reward,6547,550.4001281476872,531.054,SF-P3O-NoDual,Walker2d-v4,3
896532,reward,6548,631.2526103877034,545.682,SF-P3O-NoDual,Walker2d-v4,3
896723,reward,6549,510.5647721127684,546.886,SF-P3O-NoDual,Walker2d-v4,3
896888,reward,6550,473.05236361166055,545.486,SF-P3O-NoDual,Walker2d-v4,3
897097,reward,6551,630.348611371995,561.306,SF-P3O-NoDual,Walker2d-v4,3
897249,reward,6552,410.4912509024968,549.399,SF-P3O-NoDual,Walker2d-v4,3
897464,reward,6553,648.7248759160772,553.768,SF-P3O-NoDual,Walker2d-v4,3
897626,reward,6554,479.7600128701239,535.806,SF-P3O-NoDual,Walker2d-v4,3
897855,reward,6555,676.2461333289077,545.918,SF-P3O-NoDual,Walker2d-v4,3
898065,reward,6556,684.5301652690836,569.537,SF-P3O-NoDual,Walker2d-v4,3
898251,reward,6557,536.9931329030112,568.196,SF-P3O-NoDual,Walker2d-v4,3
898379,reward,6558,340.07337130272373,539.078,SF-P3O-NoDual,Walker2d-v4,3
898582,reward,6559,529.3162401077238,540.954,SF-P3O-NoDual,Walker2d-v4,3
898703,reward,6560,306.6281128449487,524.311,SF-P3O-NoDual,Walker2d-v4,3
898886,reward,6561,518.9297220952639,513.169,SF-P3O-NoDual,Walker2d-v4,3
898940,reward,6562,65.51390277088915,478.672,SF-P3O-NoDual,Walker2d-v4,3
899183,reward,6563,736.0678410369128,487.406,SF-P3O-NoDual,Walker2d-v4,3
899402,reward,6564,725.0329562814668,511.933,SF-P3O-NoDual,Walker2d-v4,3
899586,reward,6565,544.0534627970014,498.714,SF-P3O-NoDual,Walker2d-v4,3
899773,reward,6566,548.048695120695,485.066,SF-P3O-NoDual,Walker2d-v4,3
899921,reward,6567,453.8325176372172,476.75,SF-P3O-NoDual,Walker2d-v4,3
900000,speed,1028.11,15.79,SF-P3O-NoDual,Walker2d-v4,3
900001,spectral,0.066664,0.958805,-1.0,SF-P3O-NoDual,Walker2d-v4,3
900133,reward,6568,637.3180911074634,506.474,SF-P3O-NoDual,Walker2d-v4,3
900309,reward,6569,533.1124097606465,506.854,SF-P3O-NoDual,Walker2d-v4,3
900414,reward,6570,243.49946327848158,500.541,SF-P3O-NoDual,Walker2d-v4,3
900578,reward,6571,485.4029851494498,497.188,SF-P3O-NoDual,Walker2d-v4,3
900770,reward,6572,618.0796467355179,552.445,SF-P3O-NoDual,Walker2d-v4,3
901044,reward,6573,865.8396603799594,565.422,SF-P3O-NoDual,Walker2d-v4,3
901120,loss,-0.04466162249445915,0.5206001996994019,SF-P3O-NoDual,Walker2d-v4,3
901120,diagnostics,0.0,48.82,32.8182,0.067541,0.958588,-1.0,0.078679,SF-P3O-NoDual,Walker2d-v4,3
901187,reward,6574,402.41984015546217,533.161,SF-P3O-NoDual,Walker2d-v4,3
901407,reward,6575,682.682697428337,547.024,SF-P3O-NoDual,Walker2d-v4,3
901542,reward,6576,366.18818020510304,528.838,SF-P3O-NoDual,Walker2d-v4,3
901698,reward,6577,438.4618407602535,527.3,SF-P3O-NoDual,Walker2d-v4,3
901886,reward,6578,577.1229607349981,521.281,SF-P3O-NoDual,Walker2d-v4,3
902042,reward,6579,452.78106973945194,513.248,SF-P3O-NoDual,Walker2d-v4,3
902219,reward,6580,529.761002283549,541.874,SF-P3O-NoDual,Walker2d-v4,3
902392,reward,6581,522.3850028391444,545.572,SF-P3O-NoDual,Walker2d-v4,3
902589,reward,6582,628.2779632350718,546.592,SF-P3O-NoDual,Walker2d-v4,3
902758,reward,6583,508.9962358169829,510.908,SF-P3O-NoDual,Walker2d-v4,3
902830,reward,6584,145.57802927767625,485.223,SF-P3O-NoDual,Walker2d-v4,3
903066,reward,6585,724.8537019368184,489.441,SF-P3O-NoDual,Walker2d-v4,3
903226,reward,6586,461.13839082644984,498.936,SF-P3O-NoDual,Walker2d-v4,3
903399,reward,6587,525.3280867021554,507.622,SF-P3O-NoDual,Walker2d-v4,3
903696,reward,6588,907.3466188513283,540.645,SF-P3O-NoDual,Walker2d-v4,3
903871,reward,6589,515.4985240350327,546.916,SF-P3O-NoDual,Walker2d-v4,3
904063,reward,6590,453.59627498932196,539.3,SF-P3O-NoDual,Walker2d-v4,3
904250,reward,6591,555.672614839584,542.629,SF-P3O-NoDual,Walker2d-v4,3
904447,reward,6592,646.9282310848704,544.494,SF-P3O-NoDual,Walker2d-v4,3
904621,reward,6593,532.8844394799842,546.882,SF-P3O-NoDual,Walker2d-v4,3
904805,reward,6594,539.3727661276675,586.262,SF-P3O-NoDual,Walker2d-v4,3
904974,reward,6595,488.21084099383665,562.598,SF-P3O-NoDual,Walker2d-v4,3
905162,reward,6596,630.2783148911155,579.512,SF-P3O-NoDual,Walker2d-v4,3
905218,reward,6597,67.19388779937675,533.698,SF-P3O-NoDual,Walker2d-v4,3
905421,reward,6598,551.7402937908088,498.138,SF-P3O-NoDual,Walker2d-v4,3
905688,reward,6599,821.351124268016,528.723,SF-P3O-NoDual,Walker2d-v4,3
905853,reward,6600,505.5125203192124,533.915,SF-P3O-NoDual,Walker2d-v4,3
906020,reward,6601,502.93756173257833,528.641,SF-P3O-NoDual,Walker2d-v4,3
906237,reward,6602,650.8070797798907,529.029,SF-P3O-NoDual,Walker2d-v4,3
906435,reward,6603,618.7558309382879,537.616,SF-P3O-NoDual,Walker2d-v4,3
906623,reward,6604,580.8353787949832,541.762,SF-P3O-NoDual,Walker2d-v4,3
906811,reward,6605,575.0764501168372,550.449,SF-P3O-NoDual,Walker2d-v4,3
907029,reward,6606,685.4866530297342,555.97,SF-P3O-NoDual,Walker2d-v4,3
907192,reward,6607,421.47315995623563,591.398,SF-P3O-NoDual,Walker2d-v4,3
907399,reward,6608,619.9837092683182,598.222,SF-P3O-NoDual,Walker2d-v4,3
907597,reward,6609,611.8552001200649,577.272,SF-P3O-NoDual,Walker2d-v4,3
907862,reward,6610,854.3956095244903,612.161,SF-P3O-NoDual,Walker2d-v4,3
908044,reward,6611,559.9680215349847,617.864,SF-P3O-NoDual,Walker2d-v4,3
908196,reward,6612,456.44879424066744,598.428,SF-P3O-NoDual,Walker2d-v4,3
908342,reward,6613,387.43599893642437,575.296,SF-P3O-NoDual,Walker2d-v4,3
908531,reward,6614,570.879135978863,574.3,SF-P3O-NoDual,Walker2d-v4,3
908711,reward,6615,498.61628404338086,566.654,SF-P3O-NoDual,Walker2d-v4,3
908879,reward,6616,484.1825576435682,546.524,SF-P3O-NoDual,Walker2d-v4,3
909009,reward,6617,321.2662329269327,536.503,SF-P3O-NoDual,Walker2d-v4,3
909187,reward,6618,542.593181052175,528.764,SF-P3O-NoDual,Walker2d-v4,3
909312,loss,-0.007975265383720398,0.5701863169670105,SF-P3O-NoDual,Walker2d-v4,3
909332,reward,6619,361.28195891855626,503.707,SF-P3O-NoDual,Walker2d-v4,3
909544,reward,6620,611.8162583558263,479.449,SF-P3O-NoDual,Walker2d-v4,3
909701,reward,6621,413.69493861123374,464.822,SF-P3O-NoDual,Walker2d-v4,3
909914,reward,6622,696.242696698934,488.801,SF-P3O-NoDual,Walker2d-v4,3
910000,speed,737.12,16.02,SF-P3O-NoDual,Walker2d-v4,3
910001,perturb,0.06837,0.958375,-1.0,197244,912,1.260413,15,SF-P3O-NoDual,Walker2d-v4,3
910103,reward,6623,576.9424108187991,507.752,SF-P3O-NoDual,Walker2d-v4,3
910271,reward,6624,495.5006644321523,500.214,SF-P3O-NoDual,Walker2d-v4,3
910433,reward,6625,494.73645159696974,499.826,SF-P3O-NoDual,Walker2d-v4,3
910583,reward,6626,426.43337264443244,494.051,SF-P3O-NoDual,Walker2d-v4,3
910804,reward,6627,660.0889420119925,527.933,SF-P3O-NoDual,Walker2d-v4,3
910994,reward,6628,577.5809690442335,531.432,SF-P3O-NoDual,Walker2d-v4,3
911189,reward,6629,569.1749814939218,552.221,SF-P3O-NoDual,Walker2d-v4,3
911402,reward,6630,672.3757459059591,558.277,SF-P3O-NoDual,Walker2d-v4,3
911572,reward,6631,473.2353465585513,564.231,SF-P3O-NoDual,Walker2d-v4,3
911726,reward,6632,459.4974334454458,540.557,SF-P3O-NoDual,Walker2d-v4,3
911929,reward,6633,527.6216841832182,535.625,SF-P3O-NoDual,Walker2d-v4,3
912132,reward,6634,635.2055755401487,549.595,SF-P3O-NoDual,Walker2d-v4,3
912370,reward,6635,769.0203336913208,577.023,SF-P3O-NoDual,Walker2d-v4,3
912597,reward,6636,608.4521250825044,595.225,SF-P3O-NoDual,Walker2d-v4,3
912775,reward,6637,524.4344149059174,581.66,SF-P3O-NoDual,Walker2d-v4,3
912977,reward,6638,645.8672335518647,588.488,SF-P3O-NoDual,Walker2d-v4,3
913123,reward,6639,431.885076018544,574.759,SF-P3O-NoDual,Walker2d-v4,3
913333,reward,6640,662.2328668250792,573.745,SF-P3O-NoDual,Walker2d-v4,3
913527,reward,6641,560.7352280942121,582.495,SF-P3O-NoDual,Walker2d-v4,3
913723,reward,6642,608.4513034562991,597.391,SF-P3O-NoDual,Walker2d-v4,3
913903,reward,6643,539.8727240484722,598.616,SF-P3O-NoDual,Walker2d-v4,3
914078,reward,6644,552.5597799260826,590.351,SF-P3O-NoDual,Walker2d-v4,3
914268,reward,6645,585.4417751458242,571.993,SF-P3O-NoDual,Walker2d-v4,3
914459,reward,6646,558.4946013025389,566.998,SF-P3O-NoDual,Walker2d-v4,3
914647,reward,6647,542.7807539782541,568.832,SF-P3O-NoDual,Walker2d-v4,3
914829,reward,6648,545.4099191264622,558.786,SF-P3O-NoDual,Walker2d-v4,3
915057,reward,6649,643.5641705553037,579.954,SF-P3O-NoDual,Walker2d-v4,3
915229,reward,6650,507.8356916214013,564.515,SF-P3O-NoDual,Walker2d-v4,3
915439,reward,6651,686.1692955685329,577.058,SF-P3O-NoDual,Walker2d-v4,3
915612,reward,6652,479.870631075134,564.2,SF-P3O-NoDual,Walker2d-v4,3
915771,reward,6653,450.08788169260436,555.221,SF-P3O-NoDual,Walker2d-v4,3
915958,reward,6654,565.9254553701062,556.558,SF-P3O-NoDual,Walker2d-v4,3
916153,reward,6655,508.14083109021857,548.828,SF-P3O-NoDual,Walker2d-v4,3
916311,reward,6656,466.47262793385215,539.626,SF-P3O-NoDual,Walker2d-v4,3
916555,reward,6657,752.4363442269537,560.591,SF-P3O-NoDual,Walker2d-v4,3
916765,reward,6658,627.2255234115369,568.773,SF-P3O-NoDual,Walker2d-v4,3
916961,reward,6659,592.9148019327649,563.708,SF-P3O-NoDual,Walker2d-v4,3
917162,reward,6660,629.9888164007936,575.923,SF-P3O-NoDual,Walker2d-v4,3
917374,reward,6661,623.6886889824515,569.675,SF-P3O-NoDual,Walker2d-v4,3
917504,loss,-0.045678019523620605,0.5676935911178589,SF-P3O-NoDual,Walker2d-v4,3
917504,diagnostics,0.0,49.2,25.4515,0.065841,0.958974,-1.0,0.090722,SF-P3O-NoDual,Walker2d-v4,3
917561,reward,6662,586.9918607309642,580.387,SF-P3O-NoDual,Walker2d-v4,3
917727,reward,6663,471.50073771057123,582.529,SF-P3O-NoDual,Walker2d-v4,3
917985,reward,6664,833.4079015018647,609.277,SF-P3O-NoDual,Walker2d-v4,3
918172,reward,6665,582.0825500545257,616.671,SF-P3O-NoDual,Walker2d-v4,3
918354,reward,6666,525.6669718802926,622.59,SF-P3O-NoDual,Walker2d-v4,3
918564,reward,6667,643.0926182060732,611.656,SF-P3O-NoDual,Walker2d-v4,3
918770,reward,6668,632.4246502611463,612.176,SF-P3O-NoDual,Walker2d-v4,3
918934,reward,6669,493.2019112443637,602.205,SF-P3O-NoDual,Walker2d-v4,3
919135,reward,6670,658.9302449230812,605.099,SF-P3O-NoDual,Walker2d-v4,3
919336,reward,6671,662.7904965816042,609.009,SF-P3O-NoDual,Walker2d-v4,3
919647,reward,6672,934.2414623923663,643.734,SF-P3O-NoDual,Walker2d-v4,3
919855,reward,6673,670.1318896877883,663.597,SF-P3O-NoDual,Walker2d-v4,3
919976,reward,6674,331.6967685578932,613.426,SF-P3O-NoDual,Walker2d-v4,3
920000,speed,1050.73,16.18,SF-P3O-NoDual,Walker2d-v4,3
920001,spectral,0.065841,0.958974,-1.0,SF-P3O-NoDual,Walker2d-v4,3
920118,reward,6675,416.6522943274295,596.883,SF-P3O-NoDual,Walker2d-v4,3
920367,reward,6676,799.5689147729676,624.273,SF-P3O-NoDual,Walker2d-v4,3
920560,reward,6677,559.390917700235,615.903,SF-P3O-NoDual,Walker2d-v4,3
920773,reward,6678,689.4249077815664,621.603,SF-P3O-NoDual,Walker2d-v4,3
920920,reward,6679,412.0201485664859,613.485,SF-P3O-NoDual,Walker2d-v4,3
921087,reward,6680,490.74672614822066,596.666,SF-P3O-NoDual,Walker2d-v4,3
921289,reward,6681,605.5116604916243,590.939,SF-P3O-NoDual,Walker2d-v4,3
921486,reward,6682,642.9216100437347,561.807,SF-P3O-NoDual,Walker2d-v4,3
921678,reward,6683,596.167237549863,554.41,SF-P3O-NoDual,Walker2d-v4,3
921888,reward,6684,626.1089024591666,583.851,SF-P3O-NoDual,Walker2d-v4,3
922027,reward,6685,382.89429946108083,580.476,SF-P3O-NoDual,Walker2d-v4,3
922218,reward,6686,605.3366668416663,561.052,SF-P3O-NoDual,Walker2d-v4,3
922425,reward,6687,673.23631130209,572.437,SF-P3O-NoDual,Walker2d-v4,3
922635,reward,6688,627.8449908016239,566.279,SF-P3O-NoDual,Walker2d-v4,3
922824,reward,6689,615.1699264866878,586.594,SF-P3O-NoDual,Walker2d-v4,3
923059,reward,6690,748.3991115802869,612.359,SF-P3O-NoDual,Walker2d-v4,3
923244,reward,6691,574.8865107113309,609.297,SF-P3O-NoDual,Walker2d-v4,3
923463,reward,6692,691.7045652912213,614.175,SF-P3O-NoDual,Walker2d-v4,3
923677,reward,6693,642.0038978338184,618.759,SF-P3O-NoDual,Walker2d-v4,3
923879,reward,6694,609.4897611253883,617.097,SF-P3O-NoDual,Walker2d-v4,3
924069,reward,6695,579.3319428653955,636.74,SF-P3O-NoDual,Walker2d-v4,3
924271,reward,6696,575.1901876883204,633.726,SF-P3O-NoDual,Walker2d-v4,3
924506,reward,6697,729.9702250290479,639.399,SF-P3O-NoDual,Walker2d-v4,3
924676,reward,6698,457.87325303149134,622.402,SF-P3O-NoDual,Walker2d-v4,3
924837,reward,6699,464.45794896162283,607.331,SF-P3O-NoDual,Walker2d-v4,3
924963,reward,6700,319.6397652314317,564.455,SF-P3O-NoDual,Walker2d-v4,3
925172,reward,6701,664.998139626129,573.466,SF-P3O-NoDual,Walker2d-v4,3
925346,reward,6702,491.7531721977082,553.471,SF-P3O-NoDual,Walker2d-v4,3
925512,reward,6703,495.66041368456376,538.836,SF-P3O-NoDual,Walker2d-v4,3
925666,reward,6704,415.2407430460009,519.412,SF-P3O-NoDual,Walker2d-v4,3
925696,loss,0.08890660107135773,0.5271251201629639,SF-P3O-NoDual,Walker2d-v4,3
925849,reward,6705,560.7256559758346,517.551,SF-P3O-NoDual,Walker2d-v4,3
926039,reward,6706,610.8368145505191,521.116,SF-P3O-NoDual,Walker2d-v4,3
926263,reward,6707,678.9069199669286,516.009,SF-P3O-NoDual,Walker2d-v4,3
926547,reward,6708,893.2277902102425,559.545,SF-P3O-NoDual,Walker2d-v4,3
926718,reward,6709,529.383251988835,566.037,SF-P3O-NoDual,Walker2d-v4,3
926928,reward,6710,612.4205653354858,595.315,SF-P3O-NoDual,Walker2d-v4,3
927132,reward,6711,645.5772468367527,593.373,SF-P3O-NoDual,Walker2d-v4,3
927334,reward,6712,681.4834271037412,612.346,SF-P3O-NoDual,Walker2d-v4,3
927501,reward,6713,496.12270385682024,612.393,SF-P3O-NoDual,Walker2d-v4,3
927705,reward,6714,652.8611089827067,636.155,SF-P3O-NoDual,Walker2d-v4,3
927909,reward,6715,631.2195674702342,643.204,SF-P3O-NoDual,Walker2d-v4,3
928127,reward,6716,721.4350162917203,654.264,SF-P3O-NoDual,Walker2d-v4,3
928288,reward,6717,470.1040368679057,633.383,SF-P3O-NoDual,Walker2d-v4,3
928474,reward,6718,560.6784070348864,600.129,SF-P3O-NoDual,Walker2d-v4,3
928695,reward,6719,717.5761209981961,618.948,SF-P3O-NoDual,Walker2d-v4,3
928904,reward,6720,674.5461286025019,625.16,SF-P3O-NoDual,Walker2d-v4,3
929053,reward,6721,425.72491988192763,603.175,SF-P3O-NoDual,Walker2d-v4,3
929230,reward,6722,493.01293131449484,584.328,SF-P3O-NoDual,Walker2d-v4,3
929467,reward,6723,743.4659102493032,609.062,SF-P3O-NoDual,Walker2d-v4,3
929590,reward,6724,315.3029456669555,575.307,SF-P3O-NoDual,Walker2d-v4,3
929784,reward,6725,621.8560744303422,574.37,SF-P3O-NoDual,Walker2d-v4,3
929971,reward,6726,582.2394916541006,560.451,SF-P3O-NoDual,Walker2d-v4,3
930000,speed,1073.73,16.33,SF-P3O-NoDual,Walker2d-v4,3
930001,spectral,0.066614,0.958793,-1.0,SF-P3O-NoDual,Walker2d-v4,3
930145,reward,6727,538.5458179848068,567.295,SF-P3O-NoDual,Walker2d-v4,3
930318,reward,6728,532.7448944168026,564.502,SF-P3O-NoDual,Walker2d-v4,3
930549,reward,6729,667.8458216527536,559.528,SF-P3O-NoDual,Walker2d-v4,3
930796,reward,6730,743.1843871850539,566.392,SF-P3O-NoDual,Walker2d-v4,3
930938,reward,6731,390.07280476101647,562.827,SF-P3O-NoDual,Walker2d-v4,3
931132,reward,6732,560.7035089277817,569.596,SF-P3O-NoDual,Walker2d-v4,3
931331,reward,6733,633.2908719596109,558.579,SF-P3O-NoDual,Walker2d-v4,3
931556,reward,6734,724.6104580559825,599.509,SF-P3O-NoDual,Walker2d-v4,3
931684,reward,6735,330.83791481185966,570.408,SF-P3O-NoDual,Walker2d-v4,3
931908,reward,6736,763.0318241887891,588.487,SF-P3O-NoDual,Walker2d-v4,3
932061,reward,6737,394.45727271480797,574.078,SF-P3O-NoDual,Walker2d-v4,3
932225,reward,6738,477.6730485240976,568.571,SF-P3O-NoDual,Walker2d-v4,3
932379,reward,6739,432.50102664755553,545.036,SF-P3O-NoDual,Walker2d-v4,3
932573,reward,6740,569.4346314436879,527.661,SF-P3O-NoDual,Walker2d-v4,3
932718,reward,6741,395.4551407617377,528.2,SF-P3O-NoDual,Walker2d-v4,3
932902,reward,6742,568.8048836521035,529.01,SF-P3O-NoDual,Walker2d-v4,3
933060,reward,6743,442.03430761136605,509.884,SF-P3O-NoDual,Walker2d-v4,3
933185,reward,6744,364.06808592604483,473.83,SF-P3O-NoDual,Walker2d-v4,3
933355,reward,6745,537.7158952494456,494.518,SF-P3O-NoDual,Walker2d-v4,3
933515,reward,6746,482.75895796846146,466.49,SF-P3O-NoDual,Walker2d-v4,3
933703,reward,6747,534.0394520686137,480.449,SF-P3O-NoDual,Walker2d-v4,3
933875,reward,6748,559.4429673257825,488.626,SF-P3O-NoDual,Walker2d-v4,3
933888,loss,0.0337151475250721,0.5966252088546753,SF-P3O-NoDual,Walker2d-v4,3
933888,diagnostics,0.0,49.45,38.9049,0.067196,0.958659,-1.0,0.079939,SF-P3O-NoDual,Walker2d-v4,3
934068,reward,6749,591.4537795844865,504.521,SF-P3O-NoDual,Walker2d-v4,3
934261,reward,6750,567.8838951884267,504.366,SF-P3O-NoDual,Walker2d-v4,3
934443,reward,6751,542.8739259389296,519.108,SF-P3O-NoDual,Walker2d-v4,3
934496,reward,6752,63.57867494909231,468.585,SF-P3O-NoDual,Walker2d-v4,3
934683,reward,6753,548.3139342453977,479.213,SF-P3O-NoDual,Walker2d-v4,3
934830,reward,6754,428.07759030345693,485.614,SF-P3O-NoDual,Walker2d-v4,3
934972,reward,6755,392.6067926173522,471.103,SF-P3O-NoDual,Walker2d-v4,3
935112,reward,6756,374.7091954701338,460.298,SF-P3O-NoDual,Walker2d-v4,3
935269,reward,6757,475.3089207070845,454.425,SF-P3O-NoDual,Walker2d-v4,3
935446,reward,6758,482.5336600893813,446.734,SF-P3O-NoDual,Walker2d-v4,3
935561,reward,6759,286.1244549518009,416.201,SF-P3O-NoDual,Walker2d-v4,3
935700,reward,6760,372.5612835273697,396.669,SF-P3O-NoDual,Walker2d-v4,3
935908,reward,6761,643.441413533686,406.726,SF-P3O-NoDual,Walker2d-v4,3
936056,reward,6762,409.3512088857003,441.303,SF-P3O-NoDual,Walker2d-v4,3
936261,reward,6763,609.0291164031765,447.374,SF-P3O-NoDual,Walker2d-v4,3
936404,reward,6764,385.74859909084046,443.141,SF-P3O-NoDual,Walker2d-v4,3
936589,reward,6765,593.3471573850729,463.216,SF-P3O-NoDual,Walker2d-v4,3
936843,reward,6766,827.5283362730271,508.497,SF-P3O-NoDual,Walker2d-v4,3
937087,reward,6767,588.0417385356742,519.771,SF-P3O-NoDual,Walker2d-v4,3
937208,reward,6768,334.29454968725736,504.947,SF-P3O-NoDual,Walker2d-v4,3
937349,reward,6769,392.37628367901937,515.572,SF-P3O-NoDual,Walker2d-v4,3
937575,reward,6770,617.0245368080824,540.018,SF-P3O-NoDual,Walker2d-v4,3
937817,reward,6771,722.1921725399446,547.893,SF-P3O-NoDual,Walker2d-v4,3
937997,reward,6772,542.1718113467616,561.175,SF-P3O-NoDual,Walker2d-v4,3
938081,reward,6773,176.21350012092662,517.894,SF-P3O-NoDual,Walker2d-v4,3
938268,reward,6774,574.5293704580367,536.772,SF-P3O-NoDual,Walker2d-v4,3
938458,reward,6775,550.8380119565774,532.521,SF-P3O-NoDual,Walker2d-v4,3
938605,reward,6776,421.948314032475,491.963,SF-P3O-NoDual,Walker2d-v4,3
938744,reward,6777,379.20358087497243,471.079,SF-P3O-NoDual,Walker2d-v4,3
938975,reward,6778,773.0744999992987,514.957,SF-P3O-NoDual,Walker2d-v4,3
939200,reward,6779,701.1134376839681,545.831,SF-P3O-NoDual,Walker2d-v4,3
939407,reward,6780,667.9704401573132,550.926,SF-P3O-NoDual,Walker2d-v4,3
939639,reward,6781,766.4141526554293,555.348,SF-P3O-NoDual,Walker2d-v4,3
939892,reward,6782,797.2089090628721,580.851,SF-P3O-NoDual,Walker2d-v4,3
940000,speed,1036.37,16.49,SF-P3O-NoDual,Walker2d-v4,3
940001,spectral,0.067196,0.958659,-1.0,SF-P3O-NoDual,Walker2d-v4,3
940085,reward,6783,552.5576887505612,618.486,SF-P3O-NoDual,Walker2d-v4,3
940257,reward,6784,541.9853057254018,615.231,SF-P3O-NoDual,Walker2d-v4,3
940412,reward,6785,475.2116413499327,607.669,SF-P3O-NoDual,Walker2d-v4,3
940622,reward,6786,637.27626262383,629.202,SF-P3O-NoDual,Walker2d-v4,3
940766,reward,6787,404.7979029000024,631.761,SF-P3O-NoDual,Walker2d-v4,3
940943,reward,6788,554.1736843262092,609.871,SF-P3O-NoDual,Walker2d-v4,3
941164,reward,6789,670.6372455295925,606.823,SF-P3O-NoDual,Walker2d-v4,3
941353,reward,6790,574.6322503746761,597.49,SF-P3O-NoDual,Walker2d-v4,3
941413,reward,6791,108.4044741264615,531.689,SF-P3O-NoDual,Walker2d-v4,3
941522,reward,6792,265.61089785174914,478.529,SF-P3O-NoDual,Walker2d-v4,3
941677,reward,6793,466.4055680468799,469.914,SF-P3O-NoDual,Walker2d-v4,3
941816,reward,6794,378.85684745794293,453.601,SF-P3O-NoDual,Walker2d-v4,3
941971,reward,6795,445.6277952204698,450.642,SF-P3O-NoDual,Walker2d-v4,3
942080,loss,-0.11210005730390549,0.46302056312561035,SF-P3O-NoDual,Walker2d-v4,3
942133,reward,6796,457.868875429937,432.702,SF-P3O-NoDual,Walker2d-v4,3
942414,reward,6797,892.0474517439767,481.427,SF-P3O-NoDual,Walker2d-v4,3
942635,reward,6798,712.1063805782085,497.22,SF-P3O-NoDual,Walker2d-v4,3
942898,reward,6799,698.9364064978794,500.05,SF-P3O-NoDual,Walker2d-v4,3
943090,reward,6800,482.3428329760984,490.821,SF-P3O-NoDual,Walker2d-v4,3
943294,reward,6801,615.0441560412534,541.485,SF-P3O-NoDual,Walker2d-v4,3
943463,reward,6802,488.4134561174765,563.765,SF-P3O-NoDual,Walker2d-v4,3
943680,reward,6803,654.1847973096036,582.543,SF-P3O-NoDual,Walker2d-v4,3
943888,reward,6804,611.2269655341915,605.78,SF-P3O-NoDual,Walker2d-v4,3
944108,reward,6805,715.3964647765133,632.757,SF-P3O-NoDual,Walker2d-v4,3
944345,reward,6806,835.7435863511433,670.544,SF-P3O-NoDual,Walker2d-v4,3
944558,reward,6807,710.7717560367427,652.417,SF-P3O-NoDual,Walker2d-v4,3
944733,reward,6808,554.1849816639748,636.625,SF-P3O-NoDual,Walker2d-v4,3
944923,reward,6809,550.3698330104286,621.768,SF-P3O-NoDual,Walker2d-v4,3
945144,reward,6810,709.269607641318,644.461,SF-P3O-NoDual,Walker2d-v4,3
945275,reward,6811,366.565673879156,619.613,SF-P3O-NoDual,Walker2d-v4,3
945350,reward,6812,147.37114755080142,585.508,SF-P3O-NoDual,Walker2d-v4,3
945547,reward,6813,569.409884201658,577.031,SF-P3O-NoDual,Walker2d-v4,3
945682,reward,6814,386.14031579288877,554.522,SF-P3O-NoDual,Walker2d-v4,3
945821,reward,6815,370.511638732913,520.034,SF-P3O-NoDual,Walker2d-v4,3
945900,reward,6816,167.92625597898754,453.252,SF-P3O-NoDual,Walker2d-v4,3
946092,reward,6817,550.8331783364295,437.258,SF-P3O-NoDual,Walker2d-v4,3
946309,reward,6818,701.0555641901998,451.945,SF-P3O-NoDual,Walker2d-v4,3
946515,reward,6819,652.7139591825492,462.18,SF-P3O-NoDual,Walker2d-v4,3
946689,reward,6820,494.69099018556,440.722,SF-P3O-NoDual,Walker2d-v4,3
946887,reward,6821,650.7976262769079,469.145,SF-P3O-NoDual,Walker2d-v4,3
947132,reward,6822,787.199868484468,533.128,SF-P3O-NoDual,Walker2d-v4,3
947223,reward,6823,200.63904703002015,496.251,SF-P3O-NoDual,Walker2d-v4,3
947272,reward,6824,59.182346064235034,463.555,SF-P3O-NoDual,Walker2d-v4,3
947451,reward,6825,496.6184449566091,476.166,SF-P3O-NoDual,Walker2d-v4,3
947608,reward,6826,462.200386892842,505.593,SF-P3O-NoDual,Walker2d-v4,3
947809,reward,6827,650.4479073125179,515.555,SF-P3O-NoDual,Walker2d-v4,3
948046,reward,6828,817.392087408191,527.188,SF-P3O-NoDual,Walker2d-v4,3
948270,reward,6829,719.4372373096031,533.861,SF-P3O-NoDual,Walker2d-v4,3
948403,reward,6830,367.2153182042009,521.113,SF-P3O-NoDual,Walker2d-v4,3
948607,reward,6831,665.6930415415192,522.603,SF-P3O-NoDual,Walker2d-v4,3
948739,reward,6832,381.0885873931814,481.991,SF-P3O-NoDual,Walker2d-v4,3
948940,reward,6833,617.0127148153541,523.629,SF-P3O-NoDual,Walker2d-v4,3
949130,reward,6834,543.4978555901142,572.06,SF-P3O-NoDual,Walker2d-v4,3
949419,reward,6835,1029.481381341802,625.347,SF-P3O-NoDual,Walker2d-v4,3
949624,reward,6836,571.3800589698855,636.265,SF-P3O-NoDual,Walker2d-v4,3
949828,reward,6837,661.7745629431067,637.397,SF-P3O-NoDual,Walker2d-v4,3
949951,reward,6838,309.64683064324635,586.623,SF-P3O-NoDual,Walker2d-v4,3
950000,speed,1089.98,16.64,SF-P3O-NoDual,Walker2d-v4,3
950001,spectral,0.067928,0.958497,-1.0,SF-P3O-NoDual,Walker2d-v4,3
950083,reward,6839,354.29339608808215,550.108,SF-P3O-NoDual,Walker2d-v4,3
950230,reward,6840,411.5318299002746,554.54,SF-P3O-NoDual,Walker2d-v4,3
950272,loss,-0.07039303332567215,0.609551191329956,SF-P3O-NoDual,Walker2d-v4,3
950272,diagnostics,0.0,49.75,50.7047,0.068617,0.958353,-1.0,0.077903,SF-P3O-NoDual,Walker2d-v4,3
950363,reward,6841,328.0507056921943,520.776,SF-P3O-NoDual,Walker2d-v4,3
950529,reward,6842,510.75190066131137,533.742,SF-P3O-NoDual,Walker2d-v4,3
950737,reward,6843,581.9856331581477,530.239,SF-P3O-NoDual,Walker2d-v4,3
950932,reward,6844,535.9979031183947,529.489,SF-P3O-NoDual,Walker2d-v4,3
951092,reward,6845,451.28586392780795,471.67,SF-P3O-NoDual,Walker2d-v4,3
951265,reward,6846,577.125434452611,472.244,SF-P3O-NoDual,Walker2d-v4,3
951479,reward,6847,703.4065657910021,476.408,SF-P3O-NoDual,Walker2d-v4,3
951638,reward,6848,450.9297774649188,490.536,SF-P3O-NoDual,Walker2d-v4,3
951868,reward,6849,748.756422478575,529.982,SF-P3O-NoDual,Walker2d-v4,3
952127,reward,6850,824.7941785647027,571.308,SF-P3O-NoDual,Walker2d-v4,3
952328,reward,6851,637.3376374148494,602.237,SF-P3O-NoDual,Walker2d-v4,3
952561,reward,6852,729.3253877443221,624.094,SF-P3O-NoDual,Walker2d-v4,3
952694,reward,6853,376.6310974842374,603.559,SF-P3O-NoDual,Walker2d-v4,3
952874,reward,6854,522.1316800324417,602.172,SF-P3O-NoDual,Walker2d-v4,3
953086,reward,6855,644.6639542151328,621.51,SF-P3O-NoDual,Walker2d-v4,3
953336,reward,6856,804.9062249105483,644.288,SF-P3O-NoDual,Walker2d-v4,3
953522,reward,6857,570.005239757451,630.948,SF-P3O-NoDual,Walker2d-v4,3
953643,reward,6858,296.2439472612237,615.48,SF-P3O-NoDual,Walker2d-v4,3
953862,reward,6859,686.9549741490605,609.299,SF-P3O-NoDual,Walker2d-v4,3
954036,reward,6860,504.87278618958476,577.307,SF-P3O-NoDual,Walker2d-v4,3
954170,reward,6861,361.4866367414338,549.722,SF-P3O-NoDual,Walker2d-v4,3
954348,reward,6862,527.8385685139851,529.574,SF-P3O-NoDual,Walker2d-v4,3
954553,reward,6863,620.2903116120884,553.939,SF-P3O-NoDual,Walker2d-v4,3
954750,reward,6864,620.5629110413987,563.783,SF-P3O-NoDual,Walker2d-v4,3
954903,reward,6865,450.4295484330335,544.359,SF-P3O-NoDual,Walker2d-v4,3
955146,reward,6866,831.7222556792474,547.041,SF-P3O-NoDual,Walker2d-v4,3
955340,reward,6867,603.8485589208085,550.425,SF-P3O-NoDual,Walker2d-v4,3
955467,reward,6868,327.3018551926901,553.531,SF-P3O-NoDual,Walker2d-v4,3
955694,reward,6869,686.0628423722545,553.442,SF-P3O-NoDual,Walker2d-v4,3
955845,reward,6870,419.2696704782924,544.881,SF-P3O-NoDual,Walker2d-v4,3
956055,reward,6871,666.9577897091586,575.428,SF-P3O-NoDual,Walker2d-v4,3
956217,reward,6872,516.5756708892072,574.302,SF-P3O-NoDual,Walker2d-v4,3
956421,reward,6873,642.5186711843667,576.525,SF-P3O-NoDual,Walker2d-v4,3
956586,reward,6874,494.25490774429613,563.894,SF-P3O-NoDual,Walker2d-v4,3
956794,reward,6875,656.0434427472021,584.456,SF-P3O-NoDual,Walker2d-v4,3
956997,reward,6876,639.0498496764827,565.188,SF-P3O-NoDual,Walker2d-v4,3
957243,reward,6877,785.9586498856036,583.399,SF-P3O-NoDual,Walker2d-v4,3
957488,reward,6878,801.8584526295202,630.855,SF-P3O-NoDual,Walker2d-v4,3
957671,reward,6879,542.6522877469705,616.514,SF-P3O-NoDual,Walker2d-v4,3
957806,reward,6880,372.47317305494937,611.834,SF-P3O-NoDual,Walker2d-v4,3
957932,reward,6881,321.4806499148883,577.287,SF-P3O-NoDual,Walker2d-v4,3
958107,reward,6882,487.9634807381159,574.425,SF-P3O-NoDual,Walker2d-v4,3
958307,reward,6883,610.5338969084723,571.227,SF-P3O-NoDual,Walker2d-v4,3
958464,loss,0.028309814631938934,0.48695865273475647,SF-P3O-NoDual,Walker2d-v4,3
958543,reward,6884,716.8796495658338,593.489,SF-P3O-NoDual,Walker2d-v4,3
958720,reward,6885,491.35660226665266,577.021,SF-P3O-NoDual,Walker2d-v4,3
958842,reward,6886,313.828871385625,544.499,SF-P3O-NoDual,Walker2d-v4,3
959045,reward,6887,609.174756413993,526.82,SF-P3O-NoDual,Walker2d-v4,3
959258,reward,6888,665.4452592879811,513.179,SF-P3O-NoDual,Walker2d-v4,3
959435,reward,6889,501.0909139062871,509.023,SF-P3O-NoDual,Walker2d-v4,3
959671,reward,6890,721.8095936281477,543.956,SF-P3O-NoDual,Walker2d-v4,3
959811,reward,6891,398.0973964402168,551.618,SF-P3O-NoDual,Walker2d-v4,3
960000,speed,719.62,16.88,SF-P3O-NoDual,Walker2d-v4,3
960001,perturb,0.069424,0.958147,-1.0,262780,912,1.717931,16,SF-P3O-NoDual,Walker2d-v4,3
960073,reward,6892,870.408295918494,589.863,SF-P3O-NoDual,Walker2d-v4,3
960269,reward,6893,681.0838431555393,596.918,SF-P3O-NoDual,Walker2d-v4,3
960453,reward,6894,596.322078606043,584.862,SF-P3O-NoDual,Walker2d-v4,3
960657,reward,6895,674.0583189242313,603.132,SF-P3O-NoDual,Walker2d-v4,3
960850,reward,6896,576.5920369775606,629.408,SF-P3O-NoDual,Walker2d-v4,3
961089,reward,6897,706.5710590141898,639.148,SF-P3O-NoDual,Walker2d-v4,3
961282,reward,6898,577.571423531933,630.36,SF-P3O-NoDual,Walker2d-v4,3
961452,reward,6899,525.0896312495552,632.76,SF-P3O-NoDual,Walker2d-v4,3
961663,reward,6900,632.4798144374,623.827,SF-P3O-NoDual,Walker2d-v4,3
961815,reward,6901,403.94413925927125,624.412,SF-P3O-NoDual,Walker2d-v4,3
961992,reward,6902,550.3367996971974,592.405,SF-P3O-NoDual,Walker2d-v4,3
962213,reward,6903,702.5630394398113,594.553,SF-P3O-NoDual,Walker2d-v4,3
962402,reward,6904,506.6602066982696,585.587,SF-P3O-NoDual,Walker2d-v4,3
962612,reward,6905,689.1945898008631,587.1,SF-P3O-NoDual,Walker2d-v4,3
962765,reward,6906,431.6344484444713,572.605,SF-P3O-NoDual,Walker2d-v4,3
962997,reward,6907,795.6783449458959,581.515,SF-P3O-NoDual,Walker2d-v4,3
963189,reward,6908,608.2920163178375,584.587,SF-P3O-NoDual,Walker2d-v4,3
963361,reward,6909,514.8471024289038,583.563,SF-P3O-NoDual,Walker2d-v4,3
963544,reward,6910,557.1244557466754,576.028,SF-P3O-NoDual,Walker2d-v4,3
963772,reward,6911,782.9083402095512,613.924,SF-P3O-NoDual,Walker2d-v4,3
963914,reward,6912,444.9796891212378,603.388,SF-P3O-NoDual,Walker2d-v4,3
964119,reward,6913,595.5377113913171,592.686,SF-P3O-NoDual,Walker2d-v4,3
964350,reward,6914,766.144417902514,618.634,SF-P3O-NoDual,Walker2d-v4,3
964580,reward,6915,628.6089029143798,612.576,SF-P3O-NoDual,Walker2d-v4,3
964826,reward,6916,756.1175030739253,645.024,SF-P3O-NoDual,Walker2d-v4,3
965044,reward,6917,651.1329633288907,630.569,SF-P3O-NoDual,Walker2d-v4,3
965295,reward,6918,792.5314259308282,648.993,SF-P3O-NoDual,Walker2d-v4,3
965489,reward,6919,604.2957252076744,657.938,SF-P3O-NoDual,Walker2d-v4,3
965710,reward,6920,748.1438740258453,677.04,SF-P3O-NoDual,Walker2d-v4,3
965913,reward,6921,640.5369393331604,662.803,SF-P3O-NoDual,Walker2d-v4,3
966113,reward,6922,656.5037383894461,683.955,SF-P3O-NoDual,Walker2d-v4,3
966332,reward,6923,691.9689036176205,693.598,SF-P3O-NoDual,Walker2d-v4,3
966525,reward,6924,576.007132598202,674.585,SF-P3O-NoDual,Walker2d-v4,3
966656,loss,-0.033143118023872375,0.4805485010147095,SF-P3O-NoDual,Walker2d-v4,3
966656,diagnostics,0.0,50.17,33.1816,0.065487,0.959012,-1.0,0.085477,SF-P3O-NoDual,Walker2d-v4,3
966702,reward,6925,537.8203564264355,665.506,SF-P3O-NoDual,Walker2d-v4,3
966838,reward,6926,383.70840139141933,628.265,SF-P3O-NoDual,Walker2d-v4,3
967026,reward,6927,587.7878164780207,621.93,SF-P3O-NoDual,Walker2d-v4,3
967227,reward,6928,646.0977730969454,607.287,SF-P3O-NoDual,Walker2d-v4,3
967394,reward,6929,520.7484293223554,598.932,SF-P3O-NoDual,Walker2d-v4,3
967559,reward,6930,522.0283550880132,576.321,SF-P3O-NoDual,Walker2d-v4,3
967764,reward,6931,667.340452594633,579.001,SF-P3O-NoDual,Walker2d-v4,3
967932,reward,6932,510.1831802719979,564.369,SF-P3O-NoDual,Walker2d-v4,3
968136,reward,6933,665.4480657409965,561.717,SF-P3O-NoDual,Walker2d-v4,3
968295,reward,6934,465.35343422664016,550.652,SF-P3O-NoDual,Walker2d-v4,3
968517,reward,6935,665.2376933176482,563.393,SF-P3O-NoDual,Walker2d-v4,3
968712,reward,6936,622.9373624226018,587.316,SF-P3O-NoDual,Walker2d-v4,3
968912,reward,6937,659.1361846593171,594.451,SF-P3O-NoDual,Walker2d-v4,3
969170,reward,6938,776.6700952964352,607.508,SF-P3O-NoDual,Walker2d-v4,3
969380,reward,6939,656.3081112442137,621.064,SF-P3O-NoDual,Walker2d-v4,3
969611,reward,6940,719.6535806693232,640.827,SF-P3O-NoDual,Walker2d-v4,3
969801,reward,6941,612.3191071666363,635.325,SF-P3O-NoDual,Walker2d-v4,3
970000,speed,1035.76,17.04,SF-P3O-NoDual,Walker2d-v4,3
970001,spectral,0.065487,0.959012,-1.0,SF-P3O-NoDual,Walker2d-v4,3
970017,reward,6942,735.3500724368647,657.841,SF-P3O-NoDual,Walker2d-v4,3
970230,reward,6943,696.3344366603453,660.93,SF-P3O-NoDual,Walker2d-v4,3
970407,reward,6944,551.3685127787131,669.532,SF-P3O-NoDual,Walker2d-v4,3
970585,reward,6945,573.4457959273628,660.352,SF-P3O-NoDual,Walker2d-v4,3
970804,reward,6946,649.1325095905,662.972,SF-P3O-NoDual,Walker2d-v4,3
971026,reward,6947,721.2272929866459,669.181,SF-P3O-NoDual,Walker2d-v4,3
971174,reward,6948,411.7786362074843,632.692,SF-P3O-NoDual,Walker2d-v4,3
971360,reward,6949,573.1859124229967,624.38,SF-P3O-NoDual,Walker2d-v4,3
971579,reward,6950,653.403653896114,617.755,SF-P3O-NoDual,Walker2d-v4,3
971818,reward,6951,800.6461752180118,636.587,SF-P3O-NoDual,Walker2d-v4,3
972018,reward,6952,633.7326039996602,626.426,SF-P3O-NoDual,Walker2d-v4,3
972256,reward,6953,719.8333818422097,628.775,SF-P3O-NoDual,Walker2d-v4,3
972481,reward,6954,726.9611942337508,646.335,SF-P3O-NoDual,Walker2d-v4,3
972546,reward,6955,111.0720929123696,600.097,SF-P3O-NoDual,Walker2d-v4,3
972750,reward,6956,632.2610193823413,598.41,SF-P3O-NoDual,Walker2d-v4,3
972925,reward,6957,525.583925286055,578.846,SF-P3O-NoDual,Walker2d-v4,3
973151,reward,6958,767.8377405728626,614.452,SF-P3O-NoDual,Walker2d-v4,3
973368,reward,6959,649.1103540497705,622.044,SF-P3O-NoDual,Walker2d-v4,3
973501,reward,6960,376.76339270311064,594.38,SF-P3O-NoDual,Walker2d-v4,3
973735,reward,6961,745.0402440852922,588.82,SF-P3O-NoDual,Walker2d-v4,3
973981,reward,6962,812.2046730271269,606.667,SF-P3O-NoDual,Walker2d-v4,3
974186,reward,6963,618.9607837606558,596.58,SF-P3O-NoDual,Walker2d-v4,3
974357,reward,6964,534.4509433732746,577.329,SF-P3O-NoDual,Walker2d-v4,3
974509,reward,6965,445.9233131016953,610.814,SF-P3O-NoDual,Walker2d-v4,3
974665,reward,6966,463.58997277326,593.947,SF-P3O-NoDual,Walker2d-v4,3
974848,loss,-0.0702747330069542,1.0276421308517456,SF-P3O-NoDual,Walker2d-v4,3
974889,reward,6967,641.2643780595969,605.515,SF-P3O-NoDual,Walker2d-v4,3
975083,reward,6968,584.827624969712,587.214,SF-P3O-NoDual,Walker2d-v4,3
975218,reward,6969,345.02069920032824,556.805,SF-P3O-NoDual,Walker2d-v4,3
975429,reward,6970,637.9387044065265,582.922,SF-P3O-NoDual,Walker2d-v4,3
975598,reward,6971,537.4088639494992,562.159,SF-P3O-NoDual,Walker2d-v4,3
975760,reward,6972,494.6900051343421,530.408,SF-P3O-NoDual,Walker2d-v4,3
975963,reward,6973,662.8333787955872,534.795,SF-P3O-NoDual,Walker2d-v4,3
976134,reward,6974,487.8055441638025,530.13,SF-P3O-NoDual,Walker2d-v4,3
976333,reward,6975,638.4632751385479,549.384,SF-P3O-NoDual,Walker2d-v4,3
976555,reward,6976,691.8745886936977,572.213,SF-P3O-NoDual,Walker2d-v4,3
976711,reward,6977,426.2785186390181,550.714,SF-P3O-NoDual,Walker2d-v4,3
976966,reward,6978,851.1286945302533,577.344,SF-P3O-NoDual,Walker2d-v4,3
977026,reward,6979,110.55506271918095,553.898,SF-P3O-NoDual,Walker2d-v4,3
977222,reward,6980,625.6275225878491,552.667,SF-P3O-NoDual,Walker2d-v4,3
977391,reward,6981,523.5817846297274,551.284,SF-P3O-NoDual,Walker2d-v4,3
977734,reward,6982,1074.7010829739938,609.285,SF-P3O-NoDual,Walker2d-v4,3
977957,reward,6983,732.8809049059422,616.29,SF-P3O-NoDual,Walker2d-v4,3
978170,reward,6984,682.8894163309415,635.798,SF-P3O-NoDual,Walker2d-v4,3
978334,reward,6985,498.46316424378387,621.798,SF-P3O-NoDual,Walker2d-v4,3
978460,reward,6986,334.42719127682545,586.053,SF-P3O-NoDual,Walker2d-v4,3
978673,reward,6987,721.1773070530426,615.543,SF-P3O-NoDual,Walker2d-v4,3
978797,reward,6988,321.9108882798458,562.621,SF-P3O-NoDual,Walker2d-v4,3
978925,reward,6989,344.59466527489417,586.025,SF-P3O-NoDual,Walker2d-v4,3
979136,reward,6990,687.1224516147836,592.175,SF-P3O-NoDual,Walker2d-v4,3
979357,reward,6991,676.9872061952551,607.515,SF-P3O-NoDual,Walker2d-v4,3
979575,reward,6992,711.604264286358,571.206,SF-P3O-NoDual,Walker2d-v4,3
979754,reward,6993,522.7419002725684,550.192,SF-P3O-NoDual,Walker2d-v4,3
979959,reward,6994,676.4983515233047,549.553,SF-P3O-NoDual,Walker2d-v4,3
980000,speed,1023.91,17.2,SF-P3O-NoDual,Walker2d-v4,3
980001,spectral,0.06614,0.958868,-1.0,SF-P3O-NoDual,Walker2d-v4,3
980171,reward,6995,644.4386517837902,564.15,SF-P3O-NoDual,Walker2d-v4,3
980383,reward,6996,709.9819835883482,601.706,SF-P3O-NoDual,Walker2d-v4,3
980572,reward,6997,590.1135580483949,588.599,SF-P3O-NoDual,Walker2d-v4,3
980785,reward,6998,702.3129143877393,626.64,SF-P3O-NoDual,Walker2d-v4,3
981010,reward,6999,735.4632509295302,665.726,SF-P3O-NoDual,Walker2d-v4,3
981156,reward,7000,371.3113054997914,634.145,SF-P3O-NoDual,Walker2d-v4,3
981411,reward,7001,873.7218883182854,653.819,SF-P3O-NoDual,Walker2d-v4,3
981685,reward,7002,822.2328639340275,664.882,SF-P3O-NoDual,Walker2d-v4,3
981863,reward,7003,514.5640651638876,664.064,SF-P3O-NoDual,Walker2d-v4,3
982053,reward,7004,597.9758168635323,656.212,SF-P3O-NoDual,Walker2d-v4,3
982283,reward,7005,778.3885297462398,669.607,SF-P3O-NoDual,Walker2d-v4,3
982336,reward,7006,61.20038791510393,604.728,SF-P3O-NoDual,Walker2d-v4,3
982538,reward,7007,650.4936159824827,610.766,SF-P3O-NoDual,Walker2d-v4,3
982778,reward,7008,725.6904290825413,613.104,SF-P3O-NoDual,Walker2d-v4,3
983038,reward,7009,794.4460879945918,619.002,SF-P3O-NoDual,Walker2d-v4,3
983040,loss,0.07730540633201599,0.43765756487846375,SF-P3O-NoDual,Walker2d-v4,3
983040,diagnostics,0.0,50.46,46.3638,0.066933,0.958678,-1.0,0.079814,SF-P3O-NoDual,Walker2d-v4,3
983234,reward,7010,586.4637979877872,640.518,SF-P3O-NoDual,Walker2d-v4,3
983410,reward,7011,537.8946913178236,606.935,SF-P3O-NoDual,Walker2d-v4,3
983600,reward,7012,558.9859116032472,580.61,SF-P3O-NoDual,Walker2d-v4,3
983817,reward,7013,673.9168866795349,596.546,SF-P3O-NoDual,Walker2d-v4,3
984022,reward,7014,637.775482419561,600.526,SF-P3O-NoDual,Walker2d-v4,3
984207,reward,7015,567.3046969614121,579.417,SF-P3O-NoDual,Walker2d-v4,3
984368,reward,7016,468.5689865675576,620.154,SF-P3O-NoDual,Walker2d-v4,3
984599,reward,7017,751.153093334624,630.22,SF-P3O-NoDual,Walker2d-v4,3
984847,reward,7018,862.3435576833555,643.885,SF-P3O-NoDual,Walker2d-v4,3
985065,reward,7019,660.0752105794223,630.448,SF-P3O-NoDual,Walker2d-v4,3
985226,reward,7020,515.0283585049287,623.305,SF-P3O-NoDual,Walker2d-v4,3
985347,reward,7021,302.44965804015595,599.76,SF-P3O-NoDual,Walker2d-v4,3
985552,reward,7022,655.9420597293052,609.456,SF-P3O-NoDual,Walker2d-v4,3
985747,reward,7023,581.0368131714024,600.168,SF-P3O-NoDual,Walker2d-v4,3
985910,reward,7024,511.8759274300056,587.578,SF-P3O-NoDual,Walker2d-v4,3
985960,reward,7025,58.49742781705667,536.697,SF-P3O-NoDual,Walker2d-v4,3
986177,reward,7026,711.0485579975802,560.945,SF-P3O-NoDual,Walker2d-v4,3
986337,reward,7027,463.6364796122529,532.193,SF-P3O-NoDual,Walker2d-v4,3
986592,reward,7028,794.0142376202401,525.36,SF-P3O-NoDual,Walker2d-v4,3
986854,reward,7029,832.8085255722657,542.634,SF-P3O-NoDual,Walker2d-v4,3
987021,reward,7030,508.54741562952114,541.986,SF-P3O-NoDual,Walker2d-v4,3
987232,reward,7031,668.5335943376508,578.594,SF-P3O-NoDual,Walker2d-v4,3
987405,reward,7032,526.434710568582,565.643,SF-P3O-NoDual,Walker2d-v4,3
987648,reward,7033,798.5655507869939,587.396,SF-P3O-NoDual,Walker2d-v4,3
987830,reward,7034,565.3064018629702,592.739,SF-P3O-NoDual,Walker2d-v4,3
987996,reward,7035,469.8745066231357,633.877,SF-P3O-NoDual,Walker2d-v4,3
988129,reward,7036,335.9334126231623,596.365,SF-P3O-NoDual,Walker2d-v4,3
988277,reward,7037,431.4491560175505,593.147,SF-P3O-NoDual,Walker2d-v4,3
988455,reward,7038,563.0795334914324,570.053,SF-P3O-NoDual,Walker2d-v4,3
988578,reward,7039,297.9859695621192,516.571,SF-P3O-NoDual,Walker2d-v4,3
988780,reward,7040,635.6551264864706,529.282,SF-P3O-NoDual,Walker2d-v4,3
988962,reward,7041,566.1801551196398,519.046,SF-P3O-NoDual,Walker2d-v4,3
989113,reward,7042,446.90536525805413,511.094,SF-P3O-NoDual,Walker2d-v4,3
989327,reward,7043,650.8784609085076,496.325,SF-P3O-NoDual,Walker2d-v4,3
989478,reward,7044,425.5142049076257,482.346,SF-P3O-NoDual,Walker2d-v4,3
989613,reward,7045,347.7866066727824,470.137,SF-P3O-NoDual,Walker2d-v4,3
989828,reward,7046,624.0125905541719,498.945,SF-P3O-NoDual,Walker2d-v4,3
990000,speed,1078.88,17.35,SF-P3O-NoDual,Walker2d-v4,3
990001,spectral,0.066933,0.958678,-1.0,SF-P3O-NoDual,Walker2d-v4,3
990008,reward,7047,563.0691926247348,512.107,SF-P3O-NoDual,Walker2d-v4,3
990158,reward,7048,432.55806110841047,499.055,SF-P3O-NoDual,Walker2d-v4,3
990358,reward,7049,620.8939890054863,531.345,SF-P3O-NoDual,Walker2d-v4,3
990501,reward,7050,410.0716566734433,508.787,SF-P3O-NoDual,Walker2d-v4,3
990720,reward,7051,710.4427866074225,523.213,SF-P3O-NoDual,Walker2d-v4,3
990913,reward,7052,588.4695042895231,537.37,SF-P3O-NoDual,Walker2d-v4,3
991062,reward,7053,437.72931727737245,516.055,SF-P3O-NoDual,Walker2d-v4,3
991216,reward,7054,427.91044264803355,516.294,SF-P3O-NoDual,Walker2d-v4,3
991232,loss,-0.01033000648021698,0.6932626366615295,SF-P3O-NoDual,Walker2d-v4,3
991434,reward,7055,674.8645679976681,549.002,SF-P3O-NoDual,Walker2d-v4,3
991611,reward,7056,570.8259183075398,543.684,SF-P3O-NoDual,Walker2d-v4,3
991739,reward,7057,339.5609719295014,521.333,SF-P3O-NoDual,Walker2d-v4,3
991866,reward,7058,346.08239432180545,512.685,SF-P3O-NoDual,Walker2d-v4,3
992031,reward,7059,511.66673197693876,501.762,SF-P3O-NoDual,Walker2d-v4,3
992247,reward,7060,647.5171685451081,525.507,SF-P3O-NoDual,Walker2d-v4,3
992401,reward,7061,479.92406369079356,502.455,SF-P3O-NoDual,Walker2d-v4,3
992615,reward,7062,678.014678045478,511.41,SF-P3O-NoDual,Walker2d-v4,3
992803,reward,7063,607.9781038456829,528.435,SF-P3O-NoDual,Walker2d-v4,3
992978,reward,7064,531.2340874369005,538.767,SF-P3O-NoDual,Walker2d-v4,3
993171,reward,7065,641.4099184875515,535.421,SF-P3O-NoDual,Walker2d-v4,3
993392,reward,7066,695.761092870793,547.915,SF-P3O-NoDual,Walker2d-v4,3
993573,reward,7067,574.0058407190569,571.359,SF-P3O-NoDual,Walker2d-v4,3
993735,reward,7068,499.58414417524324,586.71,SF-P3O-NoDual,Walker2d-v4,3
993890,reward,7069,443.7707046213188,579.92,SF-P3O-NoDual,Walker2d-v4,3
994036,reward,7070,412.84743048145396,556.453,SF-P3O-NoDual,Walker2d-v4,3
994209,reward,7071,522.1327643705936,560.674,SF-P3O-NoDual,Walker2d-v4,3
994422,reward,7072,774.1667436791372,570.289,SF-P3O-NoDual,Walker2d-v4,3
994664,reward,7073,842.769117528156,593.768,SF-P3O-NoDual,Walker2d-v4,3
994826,reward,7074,496.4772224715422,590.292,SF-P3O-NoDual,Walker2d-v4,3
995010,reward,7075,615.2906859515631,587.681,SF-P3O-NoDual,Walker2d-v4,3
995218,reward,7076,702.0709911515253,588.312,SF-P3O-NoDual,Walker2d-v4,3
995406,reward,7077,610.2947011222365,591.94,SF-P3O-NoDual,Walker2d-v4,3
995631,reward,7078,742.029266315587,616.185,SF-P3O-NoDual,Walker2d-v4,3
995789,reward,7079,442.8245830990134,616.09,SF-P3O-NoDual,Walker2d-v4,3
995996,reward,7080,680.5730246217598,642.863,SF-P3O-NoDual,Walker2d-v4,3
996132,reward,7081,365.56363382448393,627.206,SF-P3O-NoDual,Walker2d-v4,3
996369,reward,7082,725.707955529172,622.36,SF-P3O-NoDual,Walker2d-v4,3
996419,reward,7083,56.71507296777482,543.755,SF-P3O-NoDual,Walker2d-v4,3
996585,reward,7084,491.22174903744434,543.229,SF-P3O-NoDual,Walker2d-v4,3
996723,reward,7085,384.4992968336172,520.15,SF-P3O-NoDual,Walker2d-v4,3
996916,reward,7086,589.6250796274497,508.905,SF-P3O-NoDual,Walker2d-v4,3
997115,reward,7087,639.8944426128131,511.865,SF-P3O-NoDual,Walker2d-v4,3
997337,reward,7088,697.8914482095994,507.452,SF-P3O-NoDual,Walker2d-v4,3
997501,reward,7089,467.2999591278582,509.899,SF-P3O-NoDual,Walker2d-v4,3
997718,reward,7090,685.4020549719872,510.382,SF-P3O-NoDual,Walker2d-v4,3
997928,reward,7091,682.0260528520853,542.028,SF-P3O-NoDual,Walker2d-v4,3
998091,reward,7092,497.889540746217,519.246,SF-P3O-NoDual,Walker2d-v4,3
998255,reward,7093,484.76603442879747,562.052,SF-P3O-NoDual,Walker2d-v4,3
998428,reward,7094,562.5416756058729,569.184,SF-P3O-NoDual,Walker2d-v4,3
998557,reward,7095,348.13075242161074,565.547,SF-P3O-NoDual,Walker2d-v4,3
998769,reward,7096,657.0383921803141,572.288,SF-P3O-NoDual,Walker2d-v4,3
998926,reward,7097,434.9405890538984,551.793,SF-P3O-NoDual,Walker2d-v4,3
999167,reward,7098,784.6724496181987,560.471,SF-P3O-NoDual,Walker2d-v4,3
999338,reward,7099,520.6704597697249,565.808,SF-P3O-NoDual,Walker2d-v4,3
999394,reward,7100,103.54474898034394,507.622,SF-P3O-NoDual,Walker2d-v4,3
999424,loss,-0.02406897023320198,0.7507972717285156,SF-P3O-NoDual,Walker2d-v4,3
999424,diagnostics,0.0,50.73,87.8641,0.068407,0.958274,-1.0,0.07702,SF-P3O-NoDual,Walker2d-v4,3
999524,reward,7101,353.44207996213913,474.764,SF-P3O-NoDual,Walker2d-v4,3
999793,reward,7102,909.7370451913096,515.948,SF-P3O-NoDual,Walker2d-v4,3
1000000,speed,718.64,17.59,SF-P3O-NoDual,Walker2d-v4,3
