step,tag
9,reward,1,6.525949334517596,6.526,SF-P3O,Hopper-v4,0
19,reward,2,4.294562039076938,5.41,SF-P3O,Hopper-v4,0
36,reward,3,11.476605250071518,7.432,SF-P3O,Hopper-v4,0
58,reward,4,17.482069204490973,9.945,SF-P3O,Hopper-v4,0
79,reward,5,17.70205344957795,11.496,SF-P3O,Hopper-v4,0
89,reward,6,6.003546361957763,10.581,SF-P3O,Hopper-v4,0
103,reward,7,13.31764298742667,10.972,SF-P3O,Hopper-v4,0
120,reward,8,15.167109019893383,11.496,SF-P3O,Hopper-v4,0
133,reward,9,11.128685040810868,11.455,SF-P3O,Hopper-v4,0
143,reward,10,8.050301596505097,11.115,SF-P3O,Hopper-v4,0
159,reward,11,10.13543115241146,11.476,SF-P3O,Hopper-v4,0
172,reward,12,11.698144609350873,12.216,SF-P3O,Hopper-v4,0
194,reward,13,22.46836405604187,13.315,SF-P3O,Hopper-v4,0
202,reward,14,5.16259351671145,12.083,SF-P3O,Hopper-v4,0
211,reward,15,5.989234505836216,10.912,SF-P3O,Hopper-v4,0
226,reward,16,14.322578397727105,11.744,SF-P3O,Hopper-v4,0
240,reward,17,11.70346297402401,11.583,SF-P3O,Hopper-v4,0
254,reward,18,9.20846679419359,10.987,SF-P3O,Hopper-v4,0
264,reward,19,6.671211730780828,10.541,SF-P3O,Hopper-v4,0
271,reward,20,3.298639024139099,10.066,SF-P3O,Hopper-v4,0
289,reward,21,18.663650533973307,10.919,SF-P3O,Hopper-v4,0
298,reward,22,6.436711382729475,10.392,SF-P3O,Hopper-v4,0
308,reward,23,5.233518199463326,8.669,SF-P3O,Hopper-v4,0
315,reward,24,4.145321219090395,8.567,SF-P3O,Hopper-v4,0
326,reward,25,7.330965705192668,8.701,SF-P3O,Hopper-v4,0
334,reward,26,5.366404490484405,7.806,SF-P3O,Hopper-v4,0
359,reward,27,18.3988344651082,8.475,SF-P3O,Hopper-v4,0
367,reward,28,5.129986274891817,8.068,SF-P3O,Hopper-v4,0
379,reward,29,5.405504815534894,7.941,SF-P3O,Hopper-v4,0
387,reward,30,5.684107953348405,8.18,SF-P3O,Hopper-v4,0
398,reward,31,6.930901283387548,7.006,SF-P3O,Hopper-v4,0
410,reward,32,9.039753254261454,7.267,SF-P3O,Hopper-v4,0
420,reward,33,7.38118498586319,7.481,SF-P3O,Hopper-v4,0
445,reward,34,29.715756472887147,10.038,SF-P3O,Hopper-v4,0
455,reward,35,6.152733547507799,9.921,SF-P3O,Hopper-v4,0
463,reward,36,6.193454841923343,10.003,SF-P3O,Hopper-v4,0
471,reward,37,5.534495273365865,8.717,SF-P3O,Hopper-v4,0
482,reward,38,8.074664225454631,9.011,SF-P3O,Hopper-v4,0
503,reward,39,18.641835813370967,10.335,SF-P3O,Hopper-v4,0
515,reward,40,8.692670905812241,10.636,SF-P3O,Hopper-v4,0
531,reward,41,10.706094981290535,11.013,SF-P3O,Hopper-v4,0
549,reward,42,11.264202407442768,11.236,SF-P3O,Hopper-v4,0
559,reward,43,7.346696825001469,11.232,SF-P3O,Hopper-v4,0
568,reward,44,4.003793531298617,8.661,SF-P3O,Hopper-v4,0
584,reward,45,13.414103897944342,9.387,SF-P3O,Hopper-v4,0
598,reward,46,11.989799680592801,9.967,SF-P3O,Hopper-v4,0
615,reward,47,13.246507329695357,10.738,SF-P3O,Hopper-v4,0
646,reward,48,11.268883931838413,11.057,SF-P3O,Hopper-v4,0
655,reward,49,5.494593503044917,9.743,SF-P3O,Hopper-v4,0
667,reward,50,7.99752032379374,9.673,SF-P3O,Hopper-v4,0
675,reward,51,4.957837296873001,9.098,SF-P3O,Hopper-v4,0
701,reward,52,29.71395610552682,10.943,SF-P3O,Hopper-v4,0
734,reward,53,20.842491845979726,12.293,SF-P3O,Hopper-v4,0
746,reward,54,9.740225317600999,12.867,SF-P3O,Hopper-v4,0
757,reward,55,8.436624151476266,12.369,SF-P3O,Hopper-v4,0
783,reward,56,34.79433345097337,14.649,SF-P3O,Hopper-v4,0
794,reward,57,5.710486382837503,13.896,SF-P3O,Hopper-v4,0
807,reward,58,7.323572508995545,13.501,SF-P3O,Hopper-v4,0
829,reward,59,23.80991036487588,15.333,SF-P3O,Hopper-v4,0
837,reward,60,5.47937830572868,15.081,SF-P3O,Hopper-v4,0
849,reward,61,7.468801333663084,15.332,SF-P3O,Hopper-v4,0
860,reward,62,5.724997559656576,12.933,SF-P3O,Hopper-v4,0
886,reward,63,17.79478593486241,12.628,SF-P3O,Hopper-v4,0
903,reward,64,14.164139961870344,13.071,SF-P3O,Hopper-v4,0
915,reward,65,5.329073769884015,12.76,SF-P3O,Hopper-v4,0
924,reward,66,6.894419923595002,9.97,SF-P3O,Hopper-v4,0
939,reward,67,5.199421733184789,9.919,SF-P3O,Hopper-v4,0
957,reward,68,17.5202270421363,10.939,SF-P3O,Hopper-v4,0
966,reward,69,6.444265070642448,9.202,SF-P3O,Hopper-v4,0
977,reward,70,5.886509710543099,9.243,SF-P3O,Hopper-v4,0
986,reward,71,5.380806323693294,9.034,SF-P3O,Hopper-v4,0
1004,reward,72,17.516974137602414,10.213,SF-P3O,Hopper-v4,0
1013,reward,73,6.162382652085735,9.05,SF-P3O,Hopper-v4,0
1031,reward,74,17.877816600076596,9.421,SF-P3O,Hopper-v4,0
1048,reward,75,10.635580916613183,9.952,SF-P3O,Hopper-v4,0
1057,reward,76,6.684847650270399,9.931,SF-P3O,Hopper-v4,0
1067,reward,77,7.096062190117641,10.121,SF-P3O,Hopper-v4,0
1106,reward,78,50.45884938324129,13.414,SF-P3O,Hopper-v4,0
1116,reward,79,7.038081533013968,13.474,SF-P3O,Hopper-v4,0
1130,reward,80,9.467411679099271,13.832,SF-P3O,Hopper-v4,0
1150,reward,81,9.776495471818807,14.271,SF-P3O,Hopper-v4,0
1178,reward,82,35.16534750177507,16.036,SF-P3O,Hopper-v4,0
1190,reward,83,8.49340466393151,16.269,SF-P3O,Hopper-v4,0
1200,reward,84,7.685890657616612,15.25,SF-P3O,Hopper-v4,0
1213,reward,85,11.8033260373063,15.367,SF-P3O,Hopper-v4,0
1222,reward,86,6.710387190116418,15.37,SF-P3O,Hopper-v4,0
1247,reward,87,27.262630624915197,17.386,SF-P3O,Hopper-v4,0
1260,reward,88,9.911676013152531,13.331,SF-P3O,Hopper-v4,0
1273,reward,89,11.591967984183459,13.787,SF-P3O,Hopper-v4,0
1282,reward,90,6.852602603760332,13.525,SF-P3O,Hopper-v4,0
1297,reward,91,11.42113030902032,13.69,SF-P3O,Hopper-v4,0
1318,reward,92,21.22498403404294,12.296,SF-P3O,Hopper-v4,0
1328,reward,93,7.673551672041377,12.214,SF-P3O,Hopper-v4,0
1338,reward,94,7.825409067594008,12.228,SF-P3O,Hopper-v4,0
1349,reward,95,8.029582825041475,11.85,SF-P3O,Hopper-v4,0
1387,reward,96,37.70893585335427,14.95,SF-P3O,Hopper-v4,0
1406,reward,97,17.29929204919473,13.954,SF-P3O,Hopper-v4,0
1420,reward,98,9.686043128259424,13.931,SF-P3O,Hopper-v4,0
1438,reward,99,21.73303697152771,14.945,SF-P3O,Hopper-v4,0
1452,reward,100,11.360794886411961,15.396,SF-P3O,Hopper-v4,0
1466,reward,101,11.220562098967383,15.376,SF-P3O,Hopper-v4,0
1479,reward,102,10.372444611485095,14.291,SF-P3O,Hopper-v4,0
1492,reward,103,5.867309622580879,14.11,SF-P3O,Hopper-v4,0
1509,reward,104,16.589509874083348,14.987,SF-P3O,Hopper-v4,0
1524,reward,105,7.871997372157659,14.971,SF-P3O,Hopper-v4,0
1536,reward,106,8.042309342258566,12.004,SF-P3O,Hopper-v4,0
1547,reward,107,8.91733181619639,11.166,SF-P3O,Hopper-v4,0
1556,reward,108,5.973005471648133,10.795,SF-P3O,Hopper-v4,0
1567,reward,109,7.538100486642689,9.375,SF-P3O,Hopper-v4,0
1577,reward,110,6.934771223185459,8.933,SF-P3O,Hopper-v4,0
1584,reward,111,5.036250664619497,8.314,SF-P3O,Hopper-v4,0
1600,reward,112,13.247282347841226,8.602,SF-P3O,Hopper-v4,0
1611,reward,113,7.70910717260385,8.786,SF-P3O,Hopper-v4,0
1620,reward,114,7.064069843354659,7.833,SF-P3O,Hopper-v4,0
1632,reward,115,8.107460338476212,7.857,SF-P3O,Hopper-v4,0
1643,reward,116,7.2925458618390735,7.782,SF-P3O,Hopper-v4,0
1651,reward,117,4.412084086148502,7.331,SF-P3O,Hopper-v4,0
1661,reward,118,6.1553283218923,7.35,SF-P3O,Hopper-v4,0
1701,reward,119,58.369605037229654,12.433,SF-P3O,Hopper-v4,0
1716,reward,120,14.546228840846045,13.194,SF-P3O,Hopper-v4,0
1725,reward,121,6.75006729993513,13.365,SF-P3O,Hopper-v4,0
1751,reward,122,24.212875692388845,14.462,SF-P3O,Hopper-v4,0
1759,reward,123,5.833865373572548,14.274,SF-P3O,Hopper-v4,0
1774,reward,124,11.013339285503962,14.669,SF-P3O,Hopper-v4,0
1793,reward,125,15.54372475584039,15.413,SF-P3O,Hopper-v4,0
1803,reward,126,6.375147438311699,15.321,SF-P3O,Hopper-v4,0
1812,reward,127,7.371296165901699,15.617,SF-P3O,Hopper-v4,0
1852,reward,128,43.97283309574569,19.399,SF-P3O,Hopper-v4,0
1885,reward,129,36.56714740488996,17.219,SF-P3O,Hopper-v4,0
1895,reward,130,5.857342837465743,16.35,SF-P3O,Hopper-v4,0
1909,reward,131,11.725758014821478,16.847,SF-P3O,Hopper-v4,0
1919,reward,132,7.641055096575261,15.19,SF-P3O,Hopper-v4,0
1942,reward,133,14.608693511232165,16.068,SF-P3O,Hopper-v4,0
1954,reward,134,4.55324302229138,15.422,SF-P3O,Hopper-v4,0
1963,reward,135,6.713353803629964,14.539,SF-P3O,Hopper-v4,0
1993,reward,136,34.327570062495084,17.334,SF-P3O,Hopper-v4,0
2010,reward,137,14.698032867973366,18.067,SF-P3O,Hopper-v4,0
2024,reward,138,9.868338949543077,14.656,SF-P3O,Hopper-v4,0
2037,reward,139,9.91922632871104,11.991,SF-P3O,Hopper-v4,0
2048,reward,140,9.129565342174278,12.318,SF-P3O,Hopper-v4,0
2069,reward,141,21.45200369398114,13.291,SF-P3O,Hopper-v4,0
2080,reward,142,4.6778085276020915,12.995,SF-P3O,Hopper-v4,0
2097,reward,143,10.111963283751285,12.545,SF-P3O,Hopper-v4,0
2110,reward,144,5.925651080800291,12.682,SF-P3O,Hopper-v4,0
2123,reward,145,9.409892547974968,12.952,SF-P3O,Hopper-v4,0
2131,reward,146,5.18368578080998,10.038,SF-P3O,Hopper-v4,0
2144,reward,147,11.074156637195479,9.675,SF-P3O,Hopper-v4,0
2166,reward,148,22.945779476521608,10.983,SF-P3O,Hopper-v4,0
2188,reward,149,20.023714393424413,11.993,SF-P3O,Hopper-v4,0
2200,reward,150,7.15449358609219,11.796,SF-P3O,Hopper-v4,0
2221,reward,151,7.6900149422933355,10.42,SF-P3O,Hopper-v4,0
2248,reward,152,12.278107370253267,11.18,SF-P3O,Hopper-v4,0
2264,reward,153,9.733961365657754,11.142,SF-P3O,Hopper-v4,0
2273,reward,154,5.506770671101044,11.1,SF-P3O,Hopper-v4,0
2346,reward,155,92.0133752826586,19.36,SF-P3O,Hopper-v4,0
2357,reward,156,8.194571076713725,19.661,SF-P3O,Hopper-v4,0
2405,reward,157,77.41300305356494,26.295,SF-P3O,Hopper-v4,0
2422,reward,158,11.675851291171682,25.168,SF-P3O,Hopper-v4,0
2431,reward,159,6.142213114644894,23.78,SF-P3O,Hopper-v4,0
2445,reward,160,11.547537393839947,24.22,SF-P3O,Hopper-v4,0
2454,reward,161,4.852529440678677,23.936,SF-P3O,Hopper-v4,0
2470,reward,162,8.928588823791749,23.601,SF-P3O,Hopper-v4,0
2485,reward,163,13.894626755554256,24.017,SF-P3O,Hopper-v4,0
2492,reward,164,3.068672449465801,23.773,SF-P3O,Hopper-v4,0
2504,reward,165,8.654973369433065,15.437,SF-P3O,Hopper-v4,0
2517,reward,166,10.968692906201497,15.715,SF-P3O,Hopper-v4,0
2527,reward,167,6.351530154071755,8.609,SF-P3O,Hopper-v4,0
2542,reward,168,11.063459832635152,8.547,SF-P3O,Hopper-v4,0
2563,reward,169,17.04287495680113,9.637,SF-P3O,Hopper-v4,0
2613,reward,170,59.708135597853044,14.453,SF-P3O,Hopper-v4,0
2621,reward,171,4.271430327233944,14.395,SF-P3O,Hopper-v4,0
2637,reward,172,10.107817818471027,14.513,SF-P3O,Hopper-v4,0
2647,reward,173,7.661791075691526,13.89,SF-P3O,Hopper-v4,0
2667,reward,174,20.898397249953998,15.673,SF-P3O,Hopper-v4,0
2678,reward,175,8.372551155100396,15.645,SF-P3O,Hopper-v4,0
2696,reward,176,12.789302564237449,15.827,SF-P3O,Hopper-v4,0
2722,reward,177,31.906574137015273,18.382,SF-P3O,Hopper-v4,0
2739,reward,178,9.489281189346425,18.225,SF-P3O,Hopper-v4,0
2758,reward,179,16.656632271292306,18.186,SF-P3O,Hopper-v4,0
2773,reward,180,14.153251670222721,13.631,SF-P3O,Hopper-v4,0
2793,reward,181,21.40271180150948,15.344,SF-P3O,Hopper-v4,0
2807,reward,182,10.216943689202306,15.355,SF-P3O,Hopper-v4,0
2816,reward,183,7.370776056329351,15.326,SF-P3O,Hopper-v4,0
2835,reward,184,16.148140419936798,14.851,SF-P3O,Hopper-v4,0
2843,reward,185,5.047505808902041,14.518,SF-P3O,Hopper-v4,0
2852,reward,186,6.156367771484775,13.855,SF-P3O,Hopper-v4,0
2870,reward,187,13.107756046112417,11.975,SF-P3O,Hopper-v4,0
2882,reward,188,9.883571400855486,12.014,SF-P3O,Hopper-v4,0
2895,reward,189,8.43330123385005,11.192,SF-P3O,Hopper-v4,0
2904,reward,190,7.073716651616705,10.484,SF-P3O,Hopper-v4,0
2914,reward,191,8.222789922321518,9.166,SF-P3O,Hopper-v4,0
2926,reward,192,5.937101322905916,8.738,SF-P3O,Hopper-v4,0
2936,reward,193,7.767540623188827,8.778,SF-P3O,Hopper-v4,0
2948,reward,194,6.792125668661608,7.842,SF-P3O,Hopper-v4,0
2959,reward,195,6.609481506184204,7.998,SF-P3O,Hopper-v4,0
2968,reward,196,5.8416594606197085,7.967,SF-P3O,Hopper-v4,0
2996,reward,197,33.93125705549024,10.049,SF-P3O,Hopper-v4,0
3004,reward,198,5.213604154413377,9.582,SF-P3O,Hopper-v4,0
3037,reward,199,21.81011209366897,10.92,SF-P3O,Hopper-v4,0
3049,reward,200,7.669745669761614,10.98,SF-P3O,Hopper-v4,0
3058,reward,201,6.1632244557015845,10.774,SF-P3O,Hopper-v4,0
3077,reward,202,18.2378526374131,12.004,SF-P3O,Hopper-v4,0
3085,reward,203,4.050569746812212,11.632,SF-P3O,Hopper-v4,0
3123,reward,204,31.6988803807838,14.123,SF-P3O,Hopper-v4,0
3134,reward,205,9.37507536933547,14.399,SF-P3O,Hopper-v4,0
3143,reward,206,6.578831209671447,14.473,SF-P3O,Hopper-v4,0
3167,reward,207,31.86554271342334,14.266,SF-P3O,Hopper-v4,0
3182,reward,208,9.919028669176331,14.737,SF-P3O,Hopper-v4,0
3197,reward,209,11.341458990196877,13.69,SF-P3O,Hopper-v4,0
3208,reward,210,9.242286498607468,13.847,SF-P3O,Hopper-v4,0
3223,reward,211,9.836917729926755,14.215,SF-P3O,Hopper-v4,0
3235,reward,212,8.491306092444942,13.24,SF-P3O,Hopper-v4,0
3243,reward,213,4.520657778687358,13.287,SF-P3O,Hopper-v4,0
3252,reward,214,6.244126896579981,10.742,SF-P3O,Hopper-v4,0
3263,reward,215,7.472361923296975,10.551,SF-P3O,Hopper-v4,0
3281,reward,216,16.3093453750652,11.524,SF-P3O,Hopper-v4,0
3290,reward,217,7.618604061197013,9.1,SF-P3O,Hopper-v4,0
3306,reward,218,14.792520048230202,9.587,SF-P3O,Hopper-v4,0
3318,reward,219,11.356111087542379,9.588,SF-P3O,Hopper-v4,0
3338,reward,220,17.761608678806237,10.44,SF-P3O,Hopper-v4,0
3356,reward,221,17.751073611445165,11.232,SF-P3O,Hopper-v4,0
3369,reward,222,7.6824714643412,11.151,SF-P3O,Hopper-v4,0
3382,reward,223,9.84286436063486,11.683,SF-P3O,Hopper-v4,0
3393,reward,224,8.503127317093618,11.909,SF-P3O,Hopper-v4,0
3403,reward,225,8.068706494223855,11.969,SF-P3O,Hopper-v4,0
3419,reward,226,4.68665021164979,10.806,SF-P3O,Hopper-v4,0
3428,reward,227,5.502418598641137,10.595,SF-P3O,Hopper-v4,0
3483,reward,228,91.50802948780435,18.266,SF-P3O,Hopper-v4,0
3495,reward,229,8.338195291954921,17.965,SF-P3O,Hopper-v4,0
3522,reward,230,6.671395369946596,16.855,SF-P3O,Hopper-v4,0
3535,reward,231,9.87106567635012,16.067,SF-P3O,Hopper-v4,0
3550,reward,232,9.539862542291102,16.253,SF-P3O,Hopper-v4,0
3563,reward,233,9.078037801342687,16.177,SF-P3O,Hopper-v4,0
3573,reward,234,6.939222119897568,16.02,SF-P3O,Hopper-v4,0
3588,reward,235,12.471025808579718,16.461,SF-P3O,Hopper-v4,0
3611,reward,236,25.892387212532945,18.581,SF-P3O,Hopper-v4,0
3622,reward,237,5.670226366594226,18.598,SF-P3O,Hopper-v4,0
3633,reward,238,7.49084697526363,10.196,SF-P3O,Hopper-v4,0
3659,reward,239,27.91144505167382,12.154,SF-P3O,Hopper-v4,0
3669,reward,240,7.700338945738741,12.256,SF-P3O,Hopper-v4,0
3681,reward,241,10.221606199103874,12.291,SF-P3O,Hopper-v4,0
3705,reward,242,17.992332558632917,13.137,SF-P3O,Hopper-v4,0
3730,reward,243,9.881883075944256,13.217,SF-P3O,Hopper-v4,0
3755,reward,244,16.29818814682349,14.153,SF-P3O,Hopper-v4,0
3794,reward,245,52.570081742945554,18.163,SF-P3O,Hopper-v4,0
3809,reward,246,12.980390863479151,16.872,SF-P3O,Hopper-v4,0
3818,reward,247,5.1571060264255575,16.82,SF-P3O,Hopper-v4,0
3828,reward,248,7.394323519519502,16.811,SF-P3O,Hopper-v4,0
3837,reward,249,5.962753262253732,14.616,SF-P3O,Hopper-v4,0
3845,reward,250,5.889126109545298,14.435,SF-P3O,Hopper-v4,0
3856,reward,251,8.380774812561707,14.251,SF-P3O,Hopper-v4,0
3869,reward,252,7.474361292912818,13.199,SF-P3O,Hopper-v4,0
3877,reward,253,5.19016317152166,12.73,SF-P3O,Hopper-v4,0
3891,reward,254,7.6128818068474615,11.861,SF-P3O,Hopper-v4,0
3906,reward,255,12.83950780726681,7.888,SF-P3O,Hopper-v4,0
3925,reward,256,17.207645898253315,8.311,SF-P3O,Hopper-v4,0
3935,reward,257,7.495828900079866,8.545,SF-P3O,Hopper-v4,0
3945,reward,258,6.933591886088272,8.499,SF-P3O,Hopper-v4,0
3956,reward,259,7.522796669986517,8.655,SF-P3O,Hopper-v4,0
3978,reward,260,21.81166178874353,10.247,SF-P3O,Hopper-v4,0
3986,reward,261,3.4267109689364768,9.752,SF-P3O,Hopper-v4,0
4009,reward,262,27.08486473759321,11.713,SF-P3O,Hopper-v4,0
4021,reward,263,9.131295775060472,12.107,SF-P3O,Hopper-v4,0
4033,reward,264,8.156750070739822,12.161,SF-P3O,Hopper-v4,0
4050,reward,265,11.174359838322172,11.995,SF-P3O,Hopper-v4,0
4060,reward,266,6.964624528681366,10.97,SF-P3O,Hopper-v4,0
4086,reward,267,28.476503510352103,13.068,SF-P3O,Hopper-v4,0
4098,reward,268,8.294510871617181,13.204,SF-P3O,Hopper-v4,0
4112,reward,269,9.081276958798838,13.36,SF-P3O,Hopper-v4,0
4137,reward,270,14.190263946612825,12.598,SF-P3O,Hopper-v4,0
4148,reward,271,8.118208516811084,13.067,SF-P3O,Hopper-v4,0
4162,reward,272,8.414519112926458,11.2,SF-P3O,Hopper-v4,0
4174,reward,273,7.536271845747315,11.041,SF-P3O,Hopper-v4,0
4184,reward,274,8.208180066204577,11.046,SF-P3O,Hopper-v4,0
4197,reward,275,8.030229061764894,10.731,SF-P3O,Hopper-v4,0
4219,reward,276,20.953325224681752,12.13,SF-P3O,Hopper-v4,0
4230,reward,277,7.456613362248643,10.028,SF-P3O,Hopper-v4,0
4245,reward,278,15.13511244859786,10.712,SF-P3O,Hopper-v4,0
4263,reward,279,16.933317966420397,11.498,SF-P3O,Hopper-v4,0
4273,reward,280,7.745436335229953,10.853,SF-P3O,Hopper-v4,0
4304,reward,281,12.393826914937465,11.281,SF-P3O,Hopper-v4,0
4313,reward,282,5.97689650823139,11.037,SF-P3O,Hopper-v4,0
4337,reward,283,27.166064046429085,13.0,SF-P3O,Hopper-v4,0
4349,reward,284,9.250827004951137,13.104,SF-P3O,Hopper-v4,0
4362,reward,285,8.759021806715149,13.177,SF-P3O,Hopper-v4,0
4371,reward,286,7.019225014135635,11.784,SF-P3O,Hopper-v4,0
4379,reward,287,4.58449355710763,11.496,SF-P3O,Hopper-v4,0
4388,reward,288,6.600118372386711,10.643,SF-P3O,Hopper-v4,0
4443,reward,289,80.57590407394167,17.007,SF-P3O,Hopper-v4,0
4464,reward,290,18.941602948401098,18.127,SF-P3O,Hopper-v4,0
4471,reward,291,4.483639955693629,17.336,SF-P3O,Hopper-v4,0
4482,reward,292,7.194324414752539,17.458,SF-P3O,Hopper-v4,0
4491,reward,293,7.465168874094471,15.487,SF-P3O,Hopper-v4,0
4500,reward,294,6.654069460009078,15.228,SF-P3O,Hopper-v4,0
4516,reward,295,5.560255279109515,14.908,SF-P3O,Hopper-v4,0
4527,reward,296,10.776042347391913,15.284,SF-P3O,Hopper-v4,0
4539,reward,297,8.006676554583816,15.626,SF-P3O,Hopper-v4,0
4547,reward,298,6.357009659490012,15.601,SF-P3O,Hopper-v4,0
4561,reward,299,7.540568226371557,8.298,SF-P3O,Hopper-v4,0
4580,reward,300,15.400521937222354,7.944,SF-P3O,Hopper-v4,0
4591,reward,301,6.348808944905802,8.13,SF-P3O,Hopper-v4,0
4603,reward,302,8.276899728035128,8.239,SF-P3O,Hopper-v4,0
4622,reward,303,10.806299689516553,8.573,SF-P3O,Hopper-v4,0
4643,reward,304,23.329048569289526,10.24,SF-P3O,Hopper-v4,0
4652,reward,305,6.147745034756599,10.299,SF-P3O,Hopper-v4,0
4660,reward,306,5.381005727967881,9.759,SF-P3O,Hopper-v4,0
4669,reward,307,5.498829522341746,9.509,SF-P3O,Hopper-v4,0
4679,reward,308,8.426452333987951,9.716,SF-P3O,Hopper-v4,0
4712,reward,309,54.187787629242656,14.38,SF-P3O,Hopper-v4,0
4722,reward,310,7.266521148016692,13.567,SF-P3O,Hopper-v4,0
4757,reward,311,28.970426617329835,15.829,SF-P3O,Hopper-v4,0
4770,reward,312,8.297993448014823,15.831,SF-P3O,Hopper-v4,0
4784,reward,313,13.337382457587172,16.084,SF-P3O,Hopper-v4,0
4795,reward,314,7.774214477852201,14.529,SF-P3O,Hopper-v4,0
4805,reward,315,6.324756668764971,14.547,SF-P3O,Hopper-v4,0
4820,reward,316,9.241967960109466,14.933,SF-P3O,Hopper-v4,0
4832,reward,317,8.0503709255172,15.188,SF-P3O,Hopper-v4,0
4846,reward,318,11.569075058367288,15.502,SF-P3O,Hopper-v4,0
4857,reward,319,8.37440575123771,10.921,SF-P3O,Hopper-v4,0
4870,reward,320,9.69980298961151,11.164,SF-P3O,Hopper-v4,0
4879,reward,321,6.065532888139751,8.874,SF-P3O,Hopper-v4,0
4886,reward,322,4.945713136511277,8.538,SF-P3O,Hopper-v4,0
4898,reward,323,9.77232208911635,8.182,SF-P3O,Hopper-v4,0
4928,reward,324,18.883803350159432,9.293,SF-P3O,Hopper-v4,0
4938,reward,325,8.158559202288586,9.476,SF-P3O,Hopper-v4,0
4952,reward,326,8.695567375550965,9.422,SF-P3O,Hopper-v4,0
4959,reward,327,4.7979069506610825,9.096,SF-P3O,Hopper-v4,0
4979,reward,328,11.52279265418555,9.092,SF-P3O,Hopper-v4,0
4988,reward,329,5.648146053270293,8.819,SF-P3O,Hopper-v4,0
5008,reward,330,13.565095146861458,9.206,SF-P3O,Hopper-v4,0
5020,reward,331,9.99912664216124,9.599,SF-P3O,Hopper-v4,0
5042,reward,332,16.93416208528943,10.798,SF-P3O,Hopper-v4,0
5059,reward,333,10.372243934584624,10.858,SF-P3O,Hopper-v4,0
5075,reward,334,7.61036290103484,9.73,SF-P3O,Hopper-v4,0
5087,reward,335,9.039378737902672,9.818,SF-P3O,Hopper-v4,0
5123,reward,336,45.57485321708363,13.506,SF-P3O,Hopper-v4,0
5133,reward,337,7.747184194630837,13.801,SF-P3O,Hopper-v4,0
5149,reward,338,9.105282125211074,13.56,SF-P3O,Hopper-v4,0
5169,reward,339,19.727285604352907,14.967,SF-P3O,Hopper-v4,0
5178,reward,340,7.5164928497015575,14.363,SF-P3O,Hopper-v4,0
5187,reward,341,5.867739851968539,13.949,SF-P3O,Hopper-v4,0
5206,reward,342,7.359249534407955,12.992,SF-P3O,Hopper-v4,0
5217,reward,343,7.397731814085806,12.695,SF-P3O,Hopper-v4,0
5225,reward,344,5.194039685885804,12.453,SF-P3O,Hopper-v4,0
5249,reward,345,23.586622815019773,13.908,SF-P3O,Hopper-v4,0
5259,reward,346,7.945907823962664,10.145,SF-P3O,Hopper-v4,0
5268,reward,347,6.916928775996086,10.062,SF-P3O,Hopper-v4,0
5276,reward,348,5.327467570071322,9.684,SF-P3O,Hopper-v4,0
5297,reward,349,9.543940840633061,8.666,SF-P3O,Hopper-v4,0
5305,reward,350,6.020699423472929,8.516,SF-P3O,Hopper-v4,0
5326,reward,351,10.511059591699802,8.98,SF-P3O,Hopper-v4,0
5338,reward,352,6.772381534945601,8.922,SF-P3O,Hopper-v4,0
5349,reward,353,8.60703944533538,9.043,SF-P3O,Hopper-v4,0
5363,reward,354,9.213142710333255,9.445,SF-P3O,Hopper-v4,0
5373,reward,355,4.951532080620089,7.581,SF-P3O,Hopper-v4,0
5380,reward,356,3.9535038949883416,7.182,SF-P3O,Hopper-v4,0
5390,reward,357,7.9565677335406075,7.286,SF-P3O,Hopper-v4,0
5399,reward,358,6.964179526723698,7.449,SF-P3O,Hopper-v4,0
5414,reward,359,11.56368072894494,7.651,SF-P3O,Hopper-v4,0
5428,reward,360,8.310949513250534,7.88,SF-P3O,Hopper-v4,0
5440,reward,361,6.2865589417790035,7.458,SF-P3O,Hopper-v4,0
5457,reward,362,15.767827167295545,8.357,SF-P3O,Hopper-v4,0
5475,reward,363,10.561748120137125,8.553,SF-P3O,Hopper-v4,0
5483,reward,364,4.648662632085478,8.097,SF-P3O,Hopper-v4,0
5504,reward,365,18.134202142328498,9.415,SF-P3O,Hopper-v4,0
5516,reward,366,8.72497306814136,9.892,SF-P3O,Hopper-v4,0
5534,reward,367,13.59456208236351,10.456,SF-P3O,Hopper-v4,0
5547,reward,368,8.900653013483922,10.649,SF-P3O,Hopper-v4,0
5557,reward,369,7.973544515175341,10.29,SF-P3O,Hopper-v4,0
5568,reward,370,8.051163421480364,10.264,SF-P3O,Hopper-v4,0
5577,reward,371,6.255537852496299,10.261,SF-P3O,Hopper-v4,0
5593,reward,372,15.466923795011882,10.231,SF-P3O,Hopper-v4,0
5603,reward,373,7.8068655171494905,9.956,SF-P3O,Hopper-v4,0
5612,reward,374,5.954385957404609,10.086,SF-P3O,Hopper-v4,0
5624,reward,375,8.616041872522459,9.134,SF-P3O,Hopper-v4,0
5635,reward,376,9.242741980364,9.186,SF-P3O,Hopper-v4,0
5645,reward,377,8.042136964959319,8.631,SF-P3O,Hopper-v4,0
5656,reward,378,7.289375193435078,8.47,SF-P3O,Hopper-v4,0
5673,reward,379,14.349337365757682,9.107,SF-P3O,Hopper-v4,0
5697,reward,380,22.2690017651949,10.529,SF-P3O,Hopper-v4,0
5729,reward,381,44.56594115667247,14.36,SF-P3O,Hopper-v4,0
5745,reward,382,8.165880693927921,13.63,SF-P3O,Hopper-v4,0
5754,reward,383,5.517669417036672,13.401,SF-P3O,Hopper-v4,0
5794,reward,384,61.42535767074094,18.948,SF-P3O,Hopper-v4,0
5803,reward,385,5.62909171472385,18.65,SF-P3O,Hopper-v4,0
5826,reward,386,21.485092559551838,19.874,SF-P3O,Hopper-v4,0
5839,reward,387,8.538342165191164,19.924,SF-P3O,Hopper-v4,0
5864,reward,388,32.614812038071506,22.456,SF-P3O,Hopper-v4,0
5879,reward,389,12.820276188220387,22.303,SF-P3O,Hopper-v4,0
5891,reward,390,7.068759302292849,20.783,SF-P3O,Hopper-v4,0
5903,reward,391,8.44541119844447,17.171,SF-P3O,Hopper-v4,0
5915,reward,392,8.267454905635752,17.181,SF-P3O,Hopper-v4,0
5924,reward,393,6.776244668682459,17.307,SF-P3O,Hopper-v4,0
5937,reward,394,11.866074170440553,12.351,SF-P3O,Hopper-v4,0
5949,reward,395,9.4641899286793,12.735,SF-P3O,Hopper-v4,0
5962,reward,396,5.934350398341792,11.18,SF-P3O,Hopper-v4,0
5972,reward,397,5.2516010439001555,10.851,SF-P3O,Hopper-v4,0
5991,reward,398,16.90002167503544,9.279,SF-P3O,Hopper-v4,0
6003,reward,399,6.209271416019652,8.618,SF-P3O,Hopper-v4,0
6036,reward,400,39.053879285381285,11.817,SF-P3O,Hopper-v4,0
6044,reward,401,5.467015249924351,11.519,SF-P3O,Hopper-v4,0
6060,reward,402,11.523901940825139,11.845,SF-P3O,Hopper-v4,0
6071,reward,403,8.558432856870242,12.023,SF-P3O,Hopper-v4,0
6088,reward,404,16.104092359044905,12.447,SF-P3O,Hopper-v4,0
6100,reward,405,9.343158609822265,12.435,SF-P3O,Hopper-v4,0
6109,reward,406,6.890061727941904,12.53,SF-P3O,Hopper-v4,0
6117,reward,407,5.500349530121863,12.555,SF-P3O,Hopper-v4,0
6127,reward,408,5.536268566194326,11.419,SF-P3O,Hopper-v4,0
6141,reward,409,13.174827791750236,12.115,SF-P3O,Hopper-v4,0
6151,reward,410,7.8947310897461165,8.999,SF-P3O,Hopper-v4,0
6166,reward,411,10.096263580926038,9.462,SF-P3O,Hopper-v4,0
6181,reward,412,12.178600070598177,9.528,SF-P3O,Hopper-v4,0
6199,reward,413,11.252928723566061,9.797,SF-P3O,Hopper-v4,0
6213,reward,414,7.296162605437678,8.916,SF-P3O,Hopper-v4,0
6228,reward,415,12.238784957163789,9.206,SF-P3O,Hopper-v4,0
6239,reward,416,7.040022284731157,9.221,SF-P3O,Hopper-v4,0
6255,reward,417,13.554672364449122,10.026,SF-P3O,Hopper-v4,0
6284,reward,418,21.8303856989161,11.656,SF-P3O,Hopper-v4,0
6296,reward,419,7.2222955052963815,11.06,SF-P3O,Hopper-v4,0
6309,reward,420,10.386111102764792,11.31,SF-P3O,Hopper-v4,0
6317,reward,421,5.843806056713003,10.884,SF-P3O,Hopper-v4,0
6327,reward,422,7.980745381490601,10.465,SF-P3O,Hopper-v4,0
6340,reward,423,6.896924733517055,10.029,SF-P3O,Hopper-v4,0
6348,reward,424,5.232811608848574,9.823,SF-P3O,Hopper-v4,0
6363,reward,425,8.578723424870478,9.457,SF-P3O,Hopper-v4,0
6386,reward,426,26.85089570295001,11.438,SF-P3O,Hopper-v4,0
6400,reward,427,10.052908942718023,11.088,SF-P3O,Hopper-v4,0
6415,reward,428,12.133731619655853,10.118,SF-P3O,Hopper-v4,0
6430,reward,429,10.259197001894485,10.422,SF-P3O,Hopper-v4,0
6441,reward,430,8.151836986551073,10.198,SF-P3O,Hopper-v4,0
6465,reward,431,23.24648934082683,11.938,SF-P3O,Hopper-v4,0
6473,reward,432,5.593918933242756,11.7,SF-P3O,Hopper-v4,0
6500,reward,433,16.328035532570716,12.643,SF-P3O,Hopper-v4,0
6524,reward,434,21.18670778680184,14.238,SF-P3O,Hopper-v4,0
6542,reward,435,18.731233008797762,15.253,SF-P3O,Hopper-v4,0
6554,reward,436,10.427795646261131,13.611,SF-P3O,Hopper-v4,0
6592,reward,437,50.24398894482255,17.63,SF-P3O,Hopper-v4,0
6607,reward,438,9.900256233912366,17.407,SF-P3O,Hopper-v4,0
6638,reward,439,37.68909346066509,20.15,SF-P3O,Hopper-v4,0
6646,reward,440,5.930022648207695,19.928,SF-P3O,Hopper-v4,0
6669,reward,441,26.638797117165886,20.267,SF-P3O,Hopper-v4,0
6680,reward,442,7.036257434449924,20.411,SF-P3O,Hopper-v4,0
6703,reward,443,17.590302326288075,20.537,SF-P3O,Hopper-v4,0
6719,reward,444,10.335573561019475,19.452,SF-P3O,Hopper-v4,0
6729,reward,445,8.12614890244744,18.392,SF-P3O,Hopper-v4,0
6747,reward,446,15.379468471417265,18.887,SF-P3O,Hopper-v4,0
6763,reward,447,14.35556866708269,15.298,SF-P3O,Hopper-v4,0
6779,reward,448,11.84120464775038,15.492,SF-P3O,Hopper-v4,0
6792,reward,449,12.864429842945523,13.01,SF-P3O,Hopper-v4,0
6803,reward,450,5.5264137141810235,12.969,SF-P3O,Hopper-v4,0
6817,reward,451,8.603079098689985,11.166,SF-P3O,Hopper-v4,0
6826,reward,452,6.449283334327862,11.107,SF-P3O,Hopper-v4,0
6847,reward,453,17.691493395817908,11.117,SF-P3O,Hopper-v4,0
6856,reward,454,6.565763963367094,10.74,SF-P3O,Hopper-v4,0
6868,reward,455,7.948105209191226,10.722,SF-P3O,Hopper-v4,0
6901,reward,456,21.626317255171394,11.347,SF-P3O,Hopper-v4,0
6923,reward,457,6.703795682367272,10.582,SF-P3O,Hopper-v4,0
6935,reward,458,7.457876759694161,10.144,SF-P3O,Hopper-v4,0
6945,reward,459,5.719107126700628,9.429,SF-P3O,Hopper-v4,0
6956,reward,460,8.336968066406802,9.71,SF-P3O,Hopper-v4,0
6968,reward,461,9.559065077787084,9.806,SF-P3O,Hopper-v4,0
6990,reward,462,5.332722098969202,9.694,SF-P3O,Hopper-v4,0
7004,reward,463,12.203036474593937,9.145,SF-P3O,Hopper-v4,0
7010,reward,464,2.463622457645805,8.735,SF-P3O,Hopper-v4,0
7025,reward,465,13.859425967557375,9.326,SF-P3O,Hopper-v4,0
7039,reward,466,7.795262410222595,7.943,SF-P3O,Hopper-v4,0
7056,reward,467,13.521060384643413,8.625,SF-P3O,Hopper-v4,0
7070,reward,468,10.80562459518606,8.96,SF-P3O,Hopper-v4,0
7081,reward,469,5.533619972313426,8.941,SF-P3O,Hopper-v4,0
7113,reward,470,38.11068661442036,11.918,SF-P3O,Hopper-v4,0
7130,reward,471,9.90770219804251,11.953,SF-P3O,Hopper-v4,0
7139,reward,472,5.583373704246821,11.978,SF-P3O,Hopper-v4,0
7161,reward,473,7.453627492976533,11.503,SF-P3O,Hopper-v4,0
7169,reward,474,6.162526641779143,11.873,SF-P3O,Hopper-v4,0
7178,reward,475,5.833315610416017,11.071,SF-P3O,Hopper-v4,0
7188,reward,476,7.344895193945468,11.026,SF-P3O,Hopper-v4,0
7197,reward,477,7.144008107548844,10.388,SF-P3O,Hopper-v4,0
7215,reward,478,11.309251375836904,10.438,SF-P3O,Hopper-v4,0
7229,reward,479,10.433902705821891,10.928,SF-P3O,Hopper-v4,0
7244,reward,480,6.024487676273357,7.72,SF-P3O,Hopper-v4,0
7257,reward,481,9.677230977514423,7.697,SF-P3O,Hopper-v4,0
7285,reward,482,24.25152042632426,9.563,SF-P3O,Hopper-v4,0
7297,reward,483,7.2205769554379575,9.54,SF-P3O,Hopper-v4,0
7306,reward,484,5.156511288808596,9.44,SF-P3O,Hopper-v4,0
7318,reward,485,8.712412963279045,9.727,SF-P3O,Hopper-v4,0
7330,reward,486,7.941951047270608,9.787,SF-P3O,Hopper-v4,0
7351,reward,487,22.784099085802893,11.351,SF-P3O,Hopper-v4,0
7388,reward,488,53.14982175372019,15.535,SF-P3O,Hopper-v4,0
7396,reward,489,5.840098699469575,15.076,SF-P3O,Hopper-v4,0
7416,reward,490,7.6889900184337305,15.242,SF-P3O,Hopper-v4,0
7428,reward,491,8.003533162983725,15.075,SF-P3O,Hopper-v4,0
7441,reward,492,7.604996662296716,13.41,SF-P3O,Hopper-v4,0
7461,reward,493,20.747441225327453,14.763,SF-P3O,Hopper-v4,0
7472,reward,494,8.99259469046182,15.147,SF-P3O,Hopper-v4,0
7482,reward,495,6.476509810030132,14.923,SF-P3O,Hopper-v4,0
7492,reward,496,7.293410852398588,14.858,SF-P3O,Hopper-v4,0
7499,reward,497,4.409084467658703,13.021,SF-P3O,Hopper-v4,0
7513,reward,498,12.91436782886511,8.997,SF-P3O,Hopper-v4,0
7536,reward,499,22.13576846650397,10.627,SF-P3O,Hopper-v4,0
7559,reward,500,21.93722313725328,12.051,SF-P3O,Hopper-v4,0
7572,reward,501,9.773204098239995,12.228,SF-P3O,Hopper-v4,0
7597,reward,502,27.580067270360825,14.226,SF-P3O,Hopper-v4,0
7616,reward,503,18.42094269344238,13.993,SF-P3O,Hopper-v4,0
7630,reward,504,4.701720513186762,13.564,SF-P3O,Hopper-v4,0
7638,reward,505,5.250288493902492,13.442,SF-P3O,Hopper-v4,0
7645,reward,506,4.056571402596396,13.118,SF-P3O,Hopper-v4,0
7658,reward,507,9.182340785020479,13.595,SF-P3O,Hopper-v4,0
7671,reward,508,5.7619060969306375,12.88,SF-P3O,Hopper-v4,0
7680,reward,509,5.489435342100472,11.215,SF-P3O,Hopper-v4,0
7689,reward,510,6.303514585922562,9.652,SF-P3O,Hopper-v4,0
7704,reward,511,7.256034408704341,9.4,SF-P3O,Hopper-v4,0
7717,reward,512,10.220468335934338,7.664,SF-P3O,Hopper-v4,0
7728,reward,513,8.725478347216098,6.695,SF-P3O,Hopper-v4,0
7737,reward,514,6.031255776416358,6.828,SF-P3O,Hopper-v4,0
7751,reward,515,10.468044438218953,7.35,SF-P3O,Hopper-v4,0
7783,reward,516,46.917425839585825,11.636,SF-P3O,Hopper-v4,0
7795,reward,517,7.583401541383371,11.476,SF-P3O,Hopper-v4,0
7815,reward,518,15.122295367229631,12.412,SF-P3O,Hopper-v4,0
7854,reward,519,48.364785095170085,16.699,SF-P3O,Hopper-v4,0
7866,reward,520,10.48216936798586,17.117,SF-P3O,Hopper-v4,0
7876,reward,521,7.408123351548422,17.132,SF-P3O,Hopper-v4,0
7889,reward,522,6.638170642845282,16.774,SF-P3O,Hopper-v4,0
7919,reward,523,6.077264359203372,16.509,SF-P3O,Hopper-v4,0
7949,reward,524,27.499929920904627,18.656,SF-P3O,Hopper-v4,0
7981,reward,525,39.994699749492966,21.609,SF-P3O,Hopper-v4,0
7992,reward,526,8.712073269216265,17.788,SF-P3O,Hopper-v4,0
8004,reward,527,9.528260422377226,17.983,SF-P3O,Hopper-v4,0
8013,reward,528,5.252266790550495,16.996,SF-P3O,Hopper-v4,0
8032,reward,529,18.96636928300508,14.056,SF-P3O,Hopper-v4,0
8050,reward,530,13.600509240452698,14.368,SF-P3O,Hopper-v4,0
8070,reward,531,15.717296222904261,15.199,SF-P3O,Hopper-v4,0
8082,reward,532,6.68764568604916,15.204,SF-P3O,Hopper-v4,0
8095,reward,533,5.11105901048558,15.107,SF-P3O,Hopper-v4,0
8104,reward,534,6.023941968557523,12.959,SF-P3O,Hopper-v4,0
8112,reward,535,4.44566726664734,9.405,SF-P3O,Hopper-v4,0
8123,reward,536,9.398482134326118,9.473,SF-P3O,Hopper-v4,0
8132,reward,537,6.540654028588056,9.174,SF-P3O,Hopper-v4,0
8160,reward,538,33.10352285033957,11.96,SF-P3O,Hopper-v4,0
8169,reward,539,6.199017234363686,10.683,SF-P3O,Hopper-v4,0
8181,reward,540,9.799515709730745,10.303,SF-P3O,Hopper-v4,0
8192,loss,-0.15104712545871735,0.45730799436569214,SF-P3O,Hopper-v4,0
8203,reward,541,21.819457060614475,10.913,SF-P3O,Hopper-v4,0
8215,reward,542,9.317855052537228,11.176,SF-P3O,Hopper-v4,0
8229,reward,543,9.005971903155556,11.565,SF-P3O,Hopper-v4,0
8291,reward,544,111.3207071830394,22.095,SF-P3O,Hopper-v4,0
8329,reward,545,40.819944607805915,25.733,SF-P3O,Hopper-v4,0
8359,reward,546,24.928675837456687,27.286,SF-P3O,Hopper-v4,0
8383,reward,547,21.743083373603913,28.806,SF-P3O,Hopper-v4,0
8413,reward,548,36.24035596362254,29.119,SF-P3O,Hopper-v4,0
8447,reward,549,51.824416895498146,33.682,SF-P3O,Hopper-v4,0
8468,reward,550,20.706294736375565,34.773,SF-P3O,Hopper-v4,0
8479,reward,551,8.299610442892215,33.421,SF-P3O,Hopper-v4,0
8492,reward,552,8.393267886027592,33.328,SF-P3O,Hopper-v4,0
8504,reward,553,9.908319104667726,33.418,SF-P3O,Hopper-v4,0
8518,reward,554,13.548336328869645,23.641,SF-P3O,Hopper-v4,0
8564,reward,555,74.72674183410624,27.032,SF-P3O,Hopper-v4,0
8620,reward,556,100.86097773498508,34.625,SF-P3O,Hopper-v4,0
8651,reward,557,34.798896406343964,35.931,SF-P3O,Hopper-v4,0
8660,reward,558,6.039591729834195,32.911,SF-P3O,Hopper-v4,0
8689,reward,559,28.78365534545326,30.607,SF-P3O,Hopper-v4,0
8700,reward,560,8.693972728060787,29.405,SF-P3O,Hopper-v4,0
8712,reward,561,6.350000523210353,29.21,SF-P3O,Hopper-v4,0
8723,reward,562,4.942548210045098,28.865,SF-P3O,Hopper-v4,0
8747,reward,563,27.180401382477207,30.593,SF-P3O,Hopper-v4,0
8784,reward,564,58.53586125047071,35.091,SF-P3O,Hopper-v4,0
8795,reward,565,8.549759209000666,28.474,SF-P3O,Hopper-v4,0
8819,reward,566,12.103211359284494,19.598,SF-P3O,Hopper-v4,0
8853,reward,567,49.40034873276609,21.058,SF-P3O,Hopper-v4,0
8869,reward,568,10.652633369993513,21.519,SF-P3O,Hopper-v4,0
8883,reward,569,9.926709488131594,19.634,SF-P3O,Hopper-v4,0
8911,reward,570,38.35356820269465,22.6,SF-P3O,Hopper-v4,0
8921,reward,571,6.7607330752118395,22.641,SF-P3O,Hopper-v4,0
8932,reward,572,9.106190414006267,23.057,SF-P3O,Hopper-v4,0
8976,reward,573,67.18661668680193,27.058,SF-P3O,Hopper-v4,0
8985,reward,574,5.578547599763576,21.762,SF-P3O,Hopper-v4,0
9023,reward,575,61.72310468532088,27.079,SF-P3O,Hopper-v4,0
9039,reward,576,10.758086356845082,26.945,SF-P3O,Hopper-v4,0
9079,reward,577,28.55787699231809,24.86,SF-P3O,Hopper-v4,0
9133,reward,578,79.16143739520149,31.711,SF-P3O,Hopper-v4,0
9142,reward,579,6.839131312553721,31.403,SF-P3O,Hopper-v4,0
9150,reward,580,5.98922828092384,28.166,SF-P3O,Hopper-v4,0
9192,reward,581,70.3955842891442,34.53,SF-P3O,Hopper-v4,0
9206,reward,582,8.730116332026109,34.492,SF-P3O,Hopper-v4,0
9220,reward,583,11.324150185839159,28.906,SF-P3O,Hopper-v4,0
9233,reward,584,11.379596054453726,29.486,SF-P3O,Hopper-v4,0
9259,reward,585,31.10557084771756,26.424,SF-P3O,Hopper-v4,0
9275,reward,586,11.81291796441202,26.53,SF-P3O,Hopper-v4,0
9304,reward,587,31.87797423043316,26.862,SF-P3O,Hopper-v4,0
9318,reward,588,8.81609554055453,19.827,SF-P3O,Hopper-v4,0
9353,reward,589,53.46627447543737,24.49,SF-P3O,Hopper-v4,0
9368,reward,590,4.882591849131794,24.379,SF-P3O,Hopper-v4,0
9419,reward,591,85.0939712073437,25.849,SF-P3O,Hopper-v4,0
9455,reward,592,46.86884684098614,29.663,SF-P3O,Hopper-v4,0
9475,reward,593,24.435052258993128,30.974,SF-P3O,Hopper-v4,0
9483,reward,594,5.777722504609731,30.414,SF-P3O,Hopper-v4,0
9532,reward,595,71.1342918686155,34.417,SF-P3O,Hopper-v4,0
9544,reward,596,6.087300291377193,33.844,SF-P3O,Hopper-v4,0
9556,reward,597,10.534210951497728,31.71,SF-P3O,Hopper-v4,0
9620,reward,598,122.93918962943803,43.122,SF-P3O,Hopper-v4,0
9668,reward,599,78.3125431212777,45.607,SF-P3O,Hopper-v4,0
9683,reward,600,11.981379212809383,46.316,SF-P3O,Hopper-v4,0
9693,reward,601,7.961238935455304,38.603,SF-P3O,Hopper-v4,0
9739,reward,602,72.59071497180165,41.175,SF-P3O,Hopper-v4,0
9752,reward,603,6.914134910690455,39.423,SF-P3O,Hopper-v4,0
9772,reward,604,14.983543892916822,40.344,SF-P3O,Hopper-v4,0
9801,reward,605,38.07843074889142,37.038,SF-P3O,Hopper-v4,0
9832,reward,606,38.92707254141496,40.322,SF-P3O,Hopper-v4,0
9867,reward,607,54.738618486551175,44.743,SF-P3O,Hopper-v4,0
9899,reward,608,24.441390757667236,34.893,SF-P3O,Hopper-v4,0
9909,reward,609,7.595112960111322,27.821,SF-P3O,Hopper-v4,0
9932,reward,610,27.472182437721315,29.37,SF-P3O,Hopper-v4,0
9944,reward,611,10.282729988205928,29.602,SF-P3O,Hopper-v4,0
9963,reward,612,9.23512866096361,23.267,SF-P3O,Hopper-v4,0
9980,reward,613,15.170505412511611,24.092,SF-P3O,Hopper-v4,0
10000,speed,844.32,0.2,SF-P3O,Hopper-v4,0
10001,spectral,0.000941,0.957036,0.1509,SF-P3O,Hopper-v4,0
10025,reward,614,65.99201376475013,29.193,SF-P3O,Hopper-v4,0
10044,reward,615,20.467194514960674,27.432,SF-P3O,Hopper-v4,0
10054,reward,616,6.792753812961716,24.219,SF-P3O,Hopper-v4,0
10066,reward,617,8.022695728816842,19.547,SF-P3O,Hopper-v4,0
10079,reward,618,7.54918012817825,17.858,SF-P3O,Hopper-v4,0
10129,reward,619,76.80120689858974,24.779,SF-P3O,Hopper-v4,0
10153,reward,620,27.137093645534584,24.745,SF-P3O,Hopper-v4,0
10205,reward,621,79.51760437177654,31.669,SF-P3O,Hopper-v4,0
10242,reward,622,62.80208237996267,37.025,SF-P3O,Hopper-v4,0
10256,reward,623,12.520091216135299,36.76,SF-P3O,Hopper-v4,0
10268,reward,624,5.852830566254908,30.746,SF-P3O,Hopper-v4,0
10275,reward,625,5.100365633489954,29.21,SF-P3O,Hopper-v4,0
10299,reward,626,24.825660284537843,31.013,SF-P3O,Hopper-v4,0
10309,reward,627,6.499635160375087,30.861,SF-P3O,Hopper-v4,0
10319,reward,628,6.098746333780911,30.716,SF-P3O,Hopper-v4,0
10369,reward,629,77.34922928422625,30.77,SF-P3O,Hopper-v4,0
10410,reward,630,50.99674293455101,33.156,SF-P3O,Hopper-v4,0
10424,reward,631,11.856727105965687,26.39,SF-P3O,Hopper-v4,0
10474,reward,632,77.52250426092382,27.862,SF-P3O,Hopper-v4,0
10524,reward,633,76.25391972771756,34.236,SF-P3O,Hopper-v4,0
10599,reward,634,154.0197476313912,49.052,SF-P3O,Hopper-v4,0
10615,reward,635,13.623873360443179,49.905,SF-P3O,Hopper-v4,0
10625,reward,636,6.973182774109089,48.119,SF-P3O,Hopper-v4,0
10635,reward,637,5.4427339206209435,48.014,SF-P3O,Hopper-v4,0
10646,reward,638,7.980461717595028,48.202,SF-P3O,Hopper-v4,0
10657,reward,639,6.7915646354849395,41.146,SF-P3O,Hopper-v4,0
10671,reward,640,9.535397917993624,37.0,SF-P3O,Hopper-v4,0
10683,reward,641,9.30982826421705,36.745,SF-P3O,Hopper-v4,0
10710,reward,642,34.97388909340528,32.49,SF-P3O,Hopper-v4,0
10727,reward,643,14.024626178006748,26.268,SF-P3O,Hopper-v4,0
10740,reward,644,10.827550487748306,11.948,SF-P3O,Hopper-v4,0
10754,reward,645,12.54757495366942,11.841,SF-P3O,Hopper-v4,0
10774,reward,646,20.39840185705845,13.183,SF-P3O,Hopper-v4,0
10788,reward,647,11.338154873601656,13.773,SF-P3O,Hopper-v4,0
10821,reward,648,32.75601794106596,16.25,SF-P3O,Hopper-v4,0
10832,reward,649,9.32153009741514,16.503,SF-P3O,Hopper-v4,0
10842,reward,650,6.807578524566582,16.231,SF-P3O,Hopper-v4,0
10856,reward,651,12.182148432995982,16.518,SF-P3O,Hopper-v4,0
10871,reward,652,13.521453779394765,14.373,SF-P3O,Hopper-v4,0
10879,reward,653,6.2616575912921375,13.596,SF-P3O,Hopper-v4,0
10902,reward,654,28.487603995205887,15.362,SF-P3O,Hopper-v4,0
10921,reward,655,18.29694436034929,15.937,SF-P3O,Hopper-v4,0
10959,reward,656,52.90981826056109,19.188,SF-P3O,Hopper-v4,0
10967,reward,657,6.407962816045849,18.695,SF-P3O,Hopper-v4,0
11004,reward,658,55.76554051937254,20.996,SF-P3O,Hopper-v4,0
11013,reward,659,6.52108128273211,20.716,SF-P3O,Hopper-v4,0
11038,reward,660,29.5704221920507,22.992,SF-P3O,Hopper-v4,0
11052,reward,661,13.49567666958408,23.124,SF-P3O,Hopper-v4,0
11068,reward,662,17.30436706157502,23.502,SF-P3O,Hopper-v4,0
11078,reward,663,7.597977174656609,23.636,SF-P3O,Hopper-v4,0
11091,reward,664,10.344229262407437,21.821,SF-P3O,Hopper-v4,0
11138,reward,665,68.53504912639357,26.845,SF-P3O,Hopper-v4,0
11165,reward,666,29.126845677081324,24.467,SF-P3O,Hopper-v4,0
11179,reward,667,8.413071726986633,24.667,SF-P3O,Hopper-v4,0
11219,reward,668,64.7986348929281,25.571,SF-P3O,Hopper-v4,0
11229,reward,669,5.026222348944418,25.421,SF-P3O,Hopper-v4,0
11265,reward,670,50.664268055509105,27.531,SF-P3O,Hopper-v4,0
11291,reward,671,30.286653172915084,29.21,SF-P3O,Hopper-v4,0
11329,reward,672,60.7749103568853,33.557,SF-P3O,Hopper-v4,0
11351,reward,673,27.97180187993211,35.594,SF-P3O,Hopper-v4,0
11364,reward,674,10.023384507159722,35.562,SF-P3O,Hopper-v4,0
11388,reward,675,10.891078256119535,29.798,SF-P3O,Hopper-v4,0
11401,reward,676,11.100577911567264,27.995,SF-P3O,Hopper-v4,0
11424,reward,677,20.837516187132056,29.238,SF-P3O,Hopper-v4,0
11464,reward,678,50.06628040674958,27.764,SF-P3O,Hopper-v4,0
11482,reward,679,7.153776886105511,27.977,SF-P3O,Hopper-v4,0
11494,reward,680,8.90963030829875,23.802,SF-P3O,Hopper-v4,0
11508,reward,681,13.297030886918334,22.103,SF-P3O,Hopper-v4,0
11542,reward,682,39.2798238231347,19.953,SF-P3O,Hopper-v4,0
11595,reward,683,86.70404336380247,25.826,SF-P3O,Hopper-v4,0
11646,reward,684,52.85272503296763,30.109,SF-P3O,Hopper-v4,0
11677,reward,685,42.04909132431489,33.225,SF-P3O,Hopper-v4,0
11701,reward,686,31.488112732447647,35.264,SF-P3O,Hopper-v4,0
11727,reward,687,29.073792487662356,36.087,SF-P3O,Hopper-v4,0
11747,reward,688,22.75559104446448,33.356,SF-P3O,Hopper-v4,0
11875,reward,689,219.91494200322919,54.632,SF-P3O,Hopper-v4,0
11899,reward,690,27.566432619291234,56.498,SF-P3O,Hopper-v4,0
11921,reward,691,17.777557780967953,56.946,SF-P3O,Hopper-v4,0
11967,reward,692,80.72494517550952,61.091,SF-P3O,Hopper-v4,0
11984,reward,693,15.084732799630403,53.929,SF-P3O,Hopper-v4,0
12023,reward,694,54.49115205044991,54.093,SF-P3O,Hopper-v4,0
12049,reward,695,37.84755987383835,53.672,SF-P3O,Hopper-v4,0
12067,reward,696,9.272712118269661,51.451,SF-P3O,Hopper-v4,0
12128,reward,697,106.52735336155423,59.196,SF-P3O,Hopper-v4,0
12138,reward,698,6.44681405865865,57.565,SF-P3O,Hopper-v4,0
12152,reward,699,9.303851746967066,36.504,SF-P3O,Hopper-v4,0
12162,reward,700,6.8415599642824825,34.432,SF-P3O,Hopper-v4,0
12185,reward,701,25.393732199308968,35.193,SF-P3O,Hopper-v4,0
12194,reward,702,6.631507917330341,27.784,SF-P3O,Hopper-v4,0
12205,reward,703,6.85906290119754,26.962,SF-P3O,Hopper-v4,0
12219,reward,704,8.618351455343232,22.374,SF-P3O,Hopper-v4,0
12237,reward,705,16.00123864323247,20.19,SF-P3O,Hopper-v4,0
12259,reward,706,25.503293041686348,21.813,SF-P3O,Hopper-v4,0
12278,reward,707,21.058955054592335,13.266,SF-P3O,Hopper-v4,0
12335,reward,708,101.36625298494867,22.758,SF-P3O,Hopper-v4,0
12351,reward,709,13.290247803821883,23.156,SF-P3O,Hopper-v4,0
12406,reward,710,80.62485901842537,30.535,SF-P3O,Hopper-v4,0
12419,reward,711,9.17283010861157,28.913,SF-P3O,Hopper-v4,0
12436,reward,712,16.700322379024524,29.92,SF-P3O,Hopper-v4,0
12475,reward,713,46.38677747617908,33.872,SF-P3O,Hopper-v4,0
12488,reward,714,9.94949668956423,34.005,SF-P3O,Hopper-v4,0
12496,reward,715,4.485509357409205,32.854,SF-P3O,Hopper-v4,0
12519,reward,716,26.35796835055102,32.939,SF-P3O,Hopper-v4,0
12570,reward,717,84.18023264597454,39.251,SF-P3O,Hopper-v4,0
12588,reward,718,16.27382388181676,30.742,SF-P3O,Hopper-v4,0
12598,reward,719,6.860092591092794,30.099,SF-P3O,Hopper-v4,0
12616,reward,720,12.471867039142294,23.284,SF-P3O,Hopper-v4,0
12628,reward,721,10.943473838002713,23.461,SF-P3O,Hopper-v4,0
12646,reward,722,13.589007270083874,23.15,SF-P3O,Hopper-v4,0
12659,reward,723,10.196759343206839,19.531,SF-P3O,Hopper-v4,0
12671,reward,724,10.059501702547989,19.542,SF-P3O,Hopper-v4,0
12684,reward,725,11.640587910649536,20.257,SF-P3O,Hopper-v4,0
12707,reward,726,14.761943731313997,19.098,SF-P3O,Hopper-v4,0
12721,reward,727,13.58694698585053,12.038,SF-P3O,Hopper-v4,0
12749,reward,728,30.79530809850966,13.491,SF-P3O,Hopper-v4,0
12770,reward,729,18.156573493814292,14.62,SF-P3O,Hopper-v4,0
12777,reward,730,4.131625194006847,13.786,SF-P3O,Hopper-v4,0
12796,reward,731,18.314632643245176,14.523,SF-P3O,Hopper-v4,0
12815,reward,732,21.853161676607435,15.35,SF-P3O,Hopper-v4,0
12845,reward,733,36.719068858968285,18.002,SF-P3O,Hopper-v4,0
12853,reward,734,5.507021356035239,17.547,SF-P3O,Hopper-v4,0
12869,reward,735,8.383436067739002,17.221,SF-P3O,Hopper-v4,0
12885,reward,736,8.993802369550128,16.644,SF-P3O,Hopper-v4,0
12909,reward,737,15.88514794222725,16.874,SF-P3O,Hopper-v4,0
12921,reward,738,5.610046295602464,14.355,SF-P3O,Hopper-v4,0
12953,reward,739,41.894733416444986,16.729,SF-P3O,Hopper-v4,0
12962,reward,740,5.937170365805987,16.91,SF-P3O,Hopper-v4,0
12980,reward,741,10.706643147635049,16.149,SF-P3O,Hopper-v4,0
12991,reward,742,8.699087695536186,14.834,SF-P3O,Hopper-v4,0
13002,reward,743,7.169996315907383,11.879,SF-P3O,Hopper-v4,0
13013,reward,744,6.391046932025069,11.967,SF-P3O,Hopper-v4,0
13055,reward,745,66.976161261876,17.826,SF-P3O,Hopper-v4,0
13066,reward,746,5.869995620532031,17.514,SF-P3O,Hopper-v4,0
13094,reward,747,15.1569921655245,17.441,SF-P3O,Hopper-v4,0
13108,reward,748,9.26467157389058,17.807,SF-P3O,Hopper-v4,0
13131,reward,749,24.03551803891883,16.021,SF-P3O,Hopper-v4,0
13157,reward,750,34.25600871462399,18.853,SF-P3O,Hopper-v4,0
13172,reward,751,12.259356351626073,19.008,SF-P3O,Hopper-v4,0
13181,reward,752,6.288125312856221,18.767,SF-P3O,Hopper-v4,0
13190,reward,753,7.041073373145565,18.754,SF-P3O,Hopper-v4,0
13203,reward,754,6.1776304160029545,18.733,SF-P3O,Hopper-v4,0
13227,reward,755,10.931583839459167,13.128,SF-P3O,Hopper-v4,0
13244,reward,756,16.795110340594128,14.221,SF-P3O,Hopper-v4,0
13256,reward,757,9.25148357976,13.63,SF-P3O,Hopper-v4,0
13265,reward,758,6.640240377720625,13.368,SF-P3O,Hopper-v4,0
13295,reward,759,40.8397199729839,15.048,SF-P3O,Hopper-v4,0
13306,reward,760,8.642388821976098,12.487,SF-P3O,Hopper-v4,0
13328,reward,761,25.463414695886584,13.807,SF-P3O,Hopper-v4,0
13341,reward,762,8.023385849371167,13.981,SF-P3O,Hopper-v4,0
13389,reward,763,75.20134805598154,20.797,SF-P3O,Hopper-v4,0
13400,reward,764,9.330339468251486,21.112,SF-P3O,Hopper-v4,0
13413,reward,765,10.756304634773684,21.094,SF-P3O,Hopper-v4,0
13451,reward,766,44.220147182012596,23.837,SF-P3O,Hopper-v4,0
13508,reward,767,98.01487843196725,32.713,SF-P3O,Hopper-v4,0
13576,reward,768,113.92678150628541,43.442,SF-P3O,Hopper-v4,0
13589,reward,769,9.496270721677545,40.308,SF-P3O,Hopper-v4,0
13596,reward,770,4.701607002415593,39.913,SF-P3O,Hopper-v4,0
13605,reward,771,6.498848060994839,38.017,SF-P3O,Hopper-v4,0
13632,reward,772,24.74925891769036,39.69,SF-P3O,Hopper-v4,0
13649,reward,773,6.581051032651659,32.828,SF-P3O,Hopper-v4,0
13658,reward,774,5.0295914417581535,32.397,SF-P3O,Hopper-v4,0
13668,reward,775,5.805661120702466,31.902,SF-P3O,Hopper-v4,0
13680,reward,776,8.440234839612508,28.324,SF-P3O,Hopper-v4,0
13713,reward,777,42.740098390473044,22.797,SF-P3O,Hopper-v4,0
13743,reward,778,31.23747285047549,14.528,SF-P3O,Hopper-v4,0
13760,reward,779,10.392352831973637,14.618,SF-P3O,Hopper-v4,0
13770,reward,780,7.646532182238851,14.912,SF-P3O,Hopper-v4,0
13781,reward,781,7.1907926887897196,14.981,SF-P3O,Hopper-v4,0
13801,reward,782,17.550806721754036,14.261,SF-P3O,Hopper-v4,0
13820,reward,783,14.259051357410689,15.029,SF-P3O,Hopper-v4,0
13852,reward,784,25.751974408939976,17.101,SF-P3O,Hopper-v4,0
13882,reward,785,40.97380927044449,20.618,SF-P3O,Hopper-v4,0
13892,reward,786,7.586020372968149,20.533,SF-P3O,Hopper-v4,0
13928,reward,787,55.27444193130541,21.786,SF-P3O,Hopper-v4,0
13941,reward,788,8.618468880351498,19.524,SF-P3O,Hopper-v4,0
13953,reward,789,10.126897101069046,19.498,SF-P3O,Hopper-v4,0
13964,reward,790,9.007639651148994,19.634,SF-P3O,Hopper-v4,0
13982,reward,791,15.630535192930843,20.478,SF-P3O,Hopper-v4,0
13998,reward,792,11.864620809788825,19.909,SF-P3O,Hopper-v4,0
14016,reward,793,17.57848650984846,20.241,SF-P3O,Hopper-v4,0
14028,reward,794,7.818118872936392,18.448,SF-P3O,Hopper-v4,0
14044,reward,795,11.773081791668,15.528,SF-P3O,Hopper-v4,0
14054,reward,796,8.128616414260147,15.582,SF-P3O,Hopper-v4,0
14095,reward,797,55.6114742306665,15.616,SF-P3O,Hopper-v4,0
14110,reward,798,11.932187649536539,15.947,SF-P3O,Hopper-v4,0
14178,reward,799,92.08950897074214,24.143,SF-P3O,Hopper-v4,0
14234,reward,800,96.32435714246694,32.875,SF-P3O,Hopper-v4,0
14249,reward,801,11.331292042658582,32.445,SF-P3O,Hopper-v4,0
14257,reward,802,5.895348972895947,31.848,SF-P3O,Hopper-v4,0
14294,reward,803,28.683623606409423,32.959,SF-P3O,Hopper-v4,0
14305,reward,804,6.292393595118926,32.806,SF-P3O,Hopper-v4,0
14318,reward,805,8.394193691109558,32.468,SF-P3O,Hopper-v4,0
14330,reward,806,8.917802181248247,32.547,SF-P3O,Hopper-v4,0
14360,reward,807,29.327434364361736,29.919,SF-P3O,Hopper-v4,0
14408,reward,808,77.46889731554467,36.472,SF-P3O,Hopper-v4,0
14429,reward,809,14.004487348247944,28.664,SF-P3O,Hopper-v4,0
14444,reward,810,9.266672588691259,19.958,SF-P3O,Hopper-v4,0
14466,reward,811,20.70990402267544,20.896,SF-P3O,Hopper-v4,0
14476,reward,812,8.210381547864841,21.128,SF-P3O,Hopper-v4,0
14487,reward,813,8.765283910896953,19.136,SF-P3O,Hopper-v4,0
14508,reward,814,21.88092128403592,20.695,SF-P3O,Hopper-v4,0
14519,reward,815,6.7604247094917,20.531,SF-P3O,Hopper-v4,0
14536,reward,816,15.493015875844014,21.189,SF-P3O,Hopper-v4,0
14570,reward,817,26.733817842980006,20.929,SF-P3O,Hopper-v4,0
14582,reward,818,8.362879439181569,14.019,SF-P3O,Hopper-v4,0
14597,reward,819,10.634795929106344,13.682,SF-P3O,Hopper-v4,0
14630,reward,820,32.32363158543449,15.988,SF-P3O,Hopper-v4,0
14665,reward,821,30.390886519143674,16.956,SF-P3O,Hopper-v4,0
14674,reward,822,6.488330438537963,16.783,SF-P3O,Hopper-v4,0
14716,reward,823,62.908104978450915,22.198,SF-P3O,Hopper-v4,0
14738,reward,824,17.977086468775454,21.807,SF-P3O,Hopper-v4,0
14752,reward,825,7.614114839767219,21.893,SF-P3O,Hopper-v4,0
14761,reward,826,6.708158676979156,21.014,SF-P3O,Hopper-v4,0
14770,reward,827,6.743241250850617,19.015,SF-P3O,Hopper-v4,0
14809,reward,828,44.60797227388379,22.64,SF-P3O,Hopper-v4,0
14838,reward,829,22.44188381506171,23.82,SF-P3O,Hopper-v4,0
14849,reward,830,7.765990171720477,21.365,SF-P3O,Hopper-v4,0
14904,reward,831,79.50138618089156,26.276,SF-P3O,Hopper-v4,0
14937,reward,832,55.37808992630015,31.165,SF-P3O,Hopper-v4,0
14951,reward,833,8.513671641611882,25.725,SF-P3O,Hopper-v4,0
15001,reward,834,79.54527036386207,31.882,SF-P3O,Hopper-v4,0
15013,reward,835,7.193671411718724,31.84,SF-P3O,Hopper-v4,0
15027,reward,836,12.10616326489535,32.38,SF-P3O,Hopper-v4,0
15039,reward,837,9.819332188253602,32.687,SF-P3O,Hopper-v4,0
15060,reward,838,24.27235717442941,30.654,SF-P3O,Hopper-v4,0
15093,reward,839,44.213287731337125,32.831,SF-P3O,Hopper-v4,0
15111,reward,840,15.15139047409063,33.569,SF-P3O,Hopper-v4,0
15145,reward,841,56.77455169812424,31.297,SF-P3O,Hopper-v4,0
15154,reward,842,6.761828189092536,26.435,SF-P3O,Hopper-v4,0
15169,reward,843,12.853692496333531,26.869,SF-P3O,Hopper-v4,0
15207,reward,844,61.7312547564264,25.088,SF-P3O,Hopper-v4,0
15224,reward,845,11.731741711969626,25.542,SF-P3O,Hopper-v4,0
15251,reward,846,32.89088322682614,27.62,SF-P3O,Hopper-v4,0
15261,reward,847,4.828900425659779,27.121,SF-P3O,Hopper-v4,0
15284,reward,848,14.111004826491543,26.105,SF-P3O,Hopper-v4,0
15302,reward,849,20.555397604171414,23.739,SF-P3O,Hopper-v4,0
15324,reward,850,14.759709921627735,23.7,SF-P3O,Hopper-v4,0
15333,reward,851,5.0230023092312415,18.525,SF-P3O,Hopper-v4,0
15371,reward,852,51.766480888121784,23.025,SF-P3O,Hopper-v4,0
15397,reward,853,29.002157595952614,24.64,SF-P3O,Hopper-v4,0
15426,reward,854,30.97190982201929,21.564,SF-P3O,Hopper-v4,0
15498,reward,855,135.56964828953812,33.948,SF-P3O,Hopper-v4,0
15527,reward,856,41.38479854078655,34.797,SF-P3O,Hopper-v4,0
15545,reward,857,18.447828978792494,36.159,SF-P3O,Hopper-v4,0
15563,reward,858,20.142356937401388,36.762,SF-P3O,Hopper-v4,0
15612,reward,859,74.89698879481605,42.196,SF-P3O,Hopper-v4,0
15623,reward,860,7.741626381080119,41.495,SF-P3O,Hopper-v4,0
15666,reward,861,63.54936599488629,47.347,SF-P3O,Hopper-v4,0
15677,reward,862,7.585337346503715,42.929,SF-P3O,Hopper-v4,0
15685,reward,863,4.586256903626741,40.488,SF-P3O,Hopper-v4,0
15709,reward,864,25.339543150987264,39.924,SF-P3O,Hopper-v4,0
15722,reward,865,10.554201134744291,27.423,SF-P3O,Hopper-v4,0
15733,reward,866,6.930839369759502,23.977,SF-P3O,Hopper-v4,0
15741,reward,867,6.199225776586002,22.753,SF-P3O,Hopper-v4,0
15749,reward,868,4.95724871590659,21.234,SF-P3O,Hopper-v4,0
15762,reward,869,7.864812465596704,14.531,SF-P3O,Hopper-v4,0
15776,reward,870,10.741223710178812,14.831,SF-P3O,Hopper-v4,0
15808,reward,871,40.367635014602634,12.513,SF-P3O,Hopper-v4,0
15843,reward,872,59.18640265641871,17.673,SF-P3O,Hopper-v4,0
15856,reward,873,10.078885323297234,18.222,SF-P3O,Hopper-v4,0
15878,reward,874,20.713381155958768,17.759,SF-P3O,Hopper-v4,0
15908,reward,875,27.484863361488422,19.452,SF-P3O,Hopper-v4,0
15924,reward,876,12.376713329955393,19.997,SF-P3O,Hopper-v4,0
15936,reward,877,8.010545949513704,20.178,SF-P3O,Hopper-v4,0
15982,reward,878,71.2774867180302,26.81,SF-P3O,Hopper-v4,0
16025,reward,879,68.44187754540827,32.868,SF-P3O,Hopper-v4,0
16039,reward,880,10.039902934462706,32.798,SF-P3O,Hopper-v4,0
16073,reward,881,49.186899334072294,33.68,SF-P3O,Hopper-v4,0
16103,reward,882,42.36925409309968,31.998,SF-P3O,Hopper-v4,0
16146,reward,883,62.562760444739794,37.246,SF-P3O,Hopper-v4,0
16177,reward,884,33.41142818723326,38.516,SF-P3O,Hopper-v4,0
16186,reward,885,7.319446460247924,36.5,SF-P3O,Hopper-v4,0
16197,reward,886,7.213775852645788,35.983,SF-P3O,Hopper-v4,0
16237,reward,887,53.31536818181119,40.514,SF-P3O,Hopper-v4,0
16284,reward,888,58.46847570688039,39.233,SF-P3O,Hopper-v4,0
16293,reward,889,5.7390822011164,32.963,SF-P3O,Hopper-v4,0
16301,reward,890,6.089528494824597,32.568,SF-P3O,Hopper-v4,0
16325,reward,891,23.59842998537426,30.009,SF-P3O,Hopper-v4,0
16350,reward,892,31.009009684564795,28.873,SF-P3O,Hopper-v4,0
16365,reward,893,10.001207641539587,23.617,SF-P3O,Hopper-v4,0
16384,loss,-0.10064572840929031,0.548136830329895,SF-P3O,Hopper-v4,0
16384,diagnostics,0.0,52.99,1.5718,0.002474,0.955739,0.1851,0.159868,SF-P3O,Hopper-v4,0
16392,reward,894,30.50465531608378,23.326,SF-P3O,Hopper-v4,0
16402,reward,895,8.381605327518507,23.432,SF-P3O,Hopper-v4,0
16483,reward,896,120.57298210302022,34.768,SF-P3O,Hopper-v4,0
16522,reward,897,49.05483402248274,34.342,SF-P3O,Hopper-v4,0
16549,reward,898,36.703274766116465,32.165,SF-P3O,Hopper-v4,0
16588,reward,899,47.938300230828034,36.385,SF-P3O,Hopper-v4,0
16608,reward,900,16.723609877339122,37.449,SF-P3O,Hopper-v4,0
16616,reward,901,6.112110340308723,35.7,SF-P3O,Hopper-v4,0
16659,reward,902,69.07153245552867,39.506,SF-P3O,Hopper-v4,0
16671,reward,903,7.31151746987624,39.237,SF-P3O,Hopper-v4,0
16687,reward,904,14.670299829761122,37.654,SF-P3O,Hopper-v4,0
16788,reward,905,196.0823838981164,56.424,SF-P3O,Hopper-v4,0
16836,reward,906,77.7312837644064,52.14,SF-P3O,Hopper-v4,0
16851,reward,907,10.911897529712997,48.326,SF-P3O,Hopper-v4,0
16865,reward,908,11.938163998166457,45.849,SF-P3O,Hopper-v4,0
16875,reward,909,6.1380090150131,41.669,SF-P3O,Hopper-v4,0
16903,reward,910,12.69979451499364,41.267,SF-P3O,Hopper-v4,0
16922,reward,911,20.427281556694115,42.698,SF-P3O,Hopper-v4,0
16939,reward,912,16.89630398983453,37.481,SF-P3O,Hopper-v4,0
16954,reward,913,11.41062640333978,37.891,SF-P3O,Hopper-v4,0
16994,reward,914,66.54499828032009,43.078,SF-P3O,Hopper-v4,0
17046,reward,915,83.80786488807449,31.851,SF-P3O,Hopper-v4,0
17077,reward,916,44.67174090726666,28.545,SF-P3O,Hopper-v4,0
17104,reward,917,36.57161586642338,31.111,SF-P3O,Hopper-v4,0
17117,reward,918,10.178539272664413,30.935,SF-P3O,Hopper-v4,0
17140,reward,919,27.628589888778546,33.084,SF-P3O,Hopper-v4,0
17189,reward,920,78.42989451291704,39.657,SF-P3O,Hopper-v4,0
17196,reward,921,4.642063781146449,38.078,SF-P3O,Hopper-v4,0
17236,reward,922,69.32584049873961,43.321,SF-P3O,Hopper-v4,0
17266,reward,923,39.97811865202881,46.178,SF-P3O,Hopper-v4,0
17284,reward,924,10.092708309113235,40.533,SF-P3O,Hopper-v4,0
17301,reward,925,16.99007981544206,33.851,SF-P3O,Hopper-v4,0
17318,reward,926,11.345065616468068,30.518,SF-P3O,Hopper-v4,0
17326,reward,927,4.797943390809836,27.341,SF-P3O,Hopper-v4,0
17351,reward,928,28.959471564245764,29.219,SF-P3O,Hopper-v4,0
17371,reward,929,8.228210372970418,27.279,SF-P3O,Hopper-v4,0
17408,reward,930,53.275159046592165,24.763,SF-P3O,Hopper-v4,0
17434,reward,931,16.25608446555454,25.925,SF-P3O,Hopper-v4,0
17446,reward,932,8.278056867845871,19.82,SF-P3O,Hopper-v4,0
17466,reward,933,19.498344769127442,17.772,SF-P3O,Hopper-v4,0
17507,reward,934,69.9995947018701,23.763,SF-P3O,Hopper-v4,0
17543,reward,935,53.33670293149142,27.397,SF-P3O,Hopper-v4,0
17557,reward,936,11.539648454789097,27.417,SF-P3O,Hopper-v4,0
17572,reward,937,14.64010286002905,28.401,SF-P3O,Hopper-v4,0
17580,reward,938,5.118508017340067,26.017,SF-P3O,Hopper-v4,0
17594,reward,939,9.41663891968647,26.136,SF-P3O,Hopper-v4,0
17611,reward,940,17.683878561479265,22.577,SF-P3O,Hopper-v4,0
17663,reward,941,75.86071986183191,28.537,SF-P3O,Hopper-v4,0
17675,reward,942,10.234218304730856,28.733,SF-P3O,Hopper-v4,0
17694,reward,943,11.20892071660944,27.904,SF-P3O,Hopper-v4,0
17750,reward,944,98.13608059882763,30.718,SF-P3O,Hopper-v4,0
17771,reward,945,23.95651567524919,27.78,SF-P3O,Hopper-v4,0
17823,reward,946,95.78092507065011,36.204,SF-P3O,Hopper-v4,0
17844,reward,947,14.594548468786328,36.199,SF-P3O,Hopper-v4,0
17875,reward,948,38.79894150506293,39.567,SF-P3O,Hopper-v4,0
17924,reward,949,76.39764555115357,46.265,SF-P3O,Hopper-v4,0
17986,reward,950,108.07283179494783,55.304,SF-P3O,Hopper-v4,0
17996,reward,951,5.449786331856419,48.263,SF-P3O,Hopper-v4,0
18020,reward,952,28.981418126130837,50.138,SF-P3O,Hopper-v4,0
18068,reward,953,70.72040514625232,56.089,SF-P3O,Hopper-v4,0
18099,reward,954,40.18191329216383,50.293,SF-P3O,Hopper-v4,0
18129,reward,955,41.836562848575966,52.081,SF-P3O,Hopper-v4,0
18147,reward,956,16.674047778130003,44.171,SF-P3O,Hopper-v4,0
18158,reward,957,8.282106457301754,43.54,SF-P3O,Hopper-v4,0
18191,reward,958,51.21811913606329,44.781,SF-P3O,Hopper-v4,0
18213,reward,959,17.59927306366462,38.902,SF-P3O,Hopper-v4,0
18225,reward,960,10.242497033449428,29.119,SF-P3O,Hopper-v4,0
18243,reward,961,17.19467815901572,30.293,SF-P3O,Hopper-v4,0
18262,reward,962,17.607585741587208,29.156,SF-P3O,Hopper-v4,0
18302,reward,963,65.30725002216491,28.614,SF-P3O,Hopper-v4,0
18395,reward,964,183.90956883358675,42.987,SF-P3O,Hopper-v4,0
18412,reward,965,10.68566976706137,39.872,SF-P3O,Hopper-v4,0
18434,reward,966,21.201352853938133,40.325,SF-P3O,Hopper-v4,0
18494,reward,967,99.39498484966845,49.436,SF-P3O,Hopper-v4,0
18529,reward,968,51.56685720702732,49.471,SF-P3O,Hopper-v4,0
18558,reward,969,34.93971881733157,51.205,SF-P3O,Hopper-v4,0
18575,reward,970,15.283778944082059,51.709,SF-P3O,Hopper-v4,0
18612,reward,971,37.230063953355625,53.713,SF-P3O,Hopper-v4,0
18650,reward,972,54.06641572467596,57.359,SF-P3O,Hopper-v4,0
18671,reward,973,18.140404412790065,52.642,SF-P3O,Hopper-v4,0
18678,reward,974,4.3102352383799705,34.682,SF-P3O,Hopper-v4,0
18732,reward,975,86.87284774058116,42.301,SF-P3O,Hopper-v4,0
18749,reward,976,10.520009782065104,41.233,SF-P3O,Hopper-v4,0
18773,reward,977,40.942023713820284,35.387,SF-P3O,Hopper-v4,0
18781,reward,978,6.406755378877266,30.871,SF-P3O,Hopper-v4,0
18802,reward,979,20.480246042122484,29.425,SF-P3O,Hopper-v4,0
18836,reward,980,31.048745113246046,31.002,SF-P3O,Hopper-v4,0
18897,reward,981,105.5068379092501,37.829,SF-P3O,Hopper-v4,0
19015,reward,982,223.04422783253406,54.727,SF-P3O,Hopper-v4,0
19029,reward,983,11.566618141258655,54.07,SF-P3O,Hopper-v4,0
19040,reward,984,8.557493038209497,54.495,SF-P3O,Hopper-v4,0
19049,reward,985,6.782375951266423,46.486,SF-P3O,Hopper-v4,0
19069,reward,986,20.484902731576884,47.482,SF-P3O,Hopper-v4,0
19110,reward,987,59.649651286583634,49.353,SF-P3O,Hopper-v4,0
19154,reward,988,68.625806149975,55.575,SF-P3O,Hopper-v4,0
19190,reward,989,60.71587400988089,59.598,SF-P3O,Hopper-v4,0
19211,reward,990,21.64018361425133,58.657,SF-P3O,Hopper-v4,0
19225,reward,991,11.141118434644365,49.221,SF-P3O,Hopper-v4,0
19292,reward,992,123.59225163214165,39.276,SF-P3O,Hopper-v4,0
19322,reward,993,37.248697585070126,41.844,SF-P3O,Hopper-v4,0
19363,reward,994,35.09218796134539,44.497,SF-P3O,Hopper-v4,0
19377,reward,995,10.741777891527759,44.893,SF-P3O,Hopper-v4,0
19391,reward,996,10.827686542787527,43.928,SF-P3O,Hopper-v4,0
19446,reward,997,84.10768173502504,46.373,SF-P3O,Hopper-v4,0
19492,reward,998,75.11624495511477,47.022,SF-P3O,Hopper-v4,0
19506,reward,999,12.643470151075846,42.215,SF-P3O,Hopper-v4,0
19517,reward,1000,7.117739741702996,40.763,SF-P3O,Hopper-v4,0
19564,reward,1001,77.01347665415527,47.35,SF-P3O,Hopper-v4,0
19589,reward,1002,27.47866537144588,37.739,SF-P3O,Hopper-v4,0
19599,reward,1003,7.13582882690497,34.727,SF-P3O,Hopper-v4,0
19612,reward,1004,10.383899800981677,32.257,SF-P3O,Hopper-v4,0
19620,reward,1005,5.029213906613553,31.685,SF-P3O,Hopper-v4,0
19695,reward,1006,112.83412046500857,41.886,SF-P3O,Hopper-v4,0
19703,reward,1007,4.117909396283763,33.887,SF-P3O,Hopper-v4,0
19763,reward,1008,97.70250895966839,36.146,SF-P3O,Hopper-v4,0
19776,reward,1009,11.822743019072458,36.064,SF-P3O,Hopper-v4,0
19804,reward,1010,34.75744097263247,38.828,SF-P3O,Hopper-v4,0
19879,reward,1011,127.31390937143279,43.858,SF-P3O,Hopper-v4,0
19926,reward,1012,83.48208261056988,49.458,SF-P3O,Hopper-v4,0
19965,reward,1013,63.70991494984953,55.115,SF-P3O,Hopper-v4,0
20000,speed,731.91,0.43,SF-P3O,Hopper-v4,0
20001,spectral,0.002474,0.955739,0.1851,SF-P3O,Hopper-v4,0
20006,reward,1014,60.54255862337667,60.131,SF-P3O,Hopper-v4,0
20054,reward,1015,78.88953827007747,67.517,SF-P3O,Hopper-v4,0
20082,reward,1016,8.587297192509075,57.093,SF-P3O,Hopper-v4,0
20136,reward,1017,86.10849284766006,65.292,SF-P3O,Hopper-v4,0
20199,reward,1018,109.86443922447079,66.508,SF-P3O,Hopper-v4,0
20234,reward,1019,58.71432710546444,71.197,SF-P3O,Hopper-v4,0
20285,reward,1020,84.82647966925742,76.204,SF-P3O,Hopper-v4,0
20305,reward,1021,21.389287907852147,65.611,SF-P3O,Hopper-v4,0
20367,reward,1022,105.56616784128477,67.82,SF-P3O,Hopper-v4,0
20383,reward,1023,11.672376567267875,62.616,SF-P3O,Hopper-v4,0
20397,reward,1024,15.164284643146097,58.078,SF-P3O,Hopper-v4,0
20447,reward,1025,78.29399768259576,58.019,SF-P3O,Hopper-v4,0
20471,reward,1026,29.504725521643586,60.11,SF-P3O,Hopper-v4,0
20488,reward,1027,6.951387529976532,52.195,SF-P3O,Hopper-v4,0
20529,reward,1028,61.09655531738122,47.318,SF-P3O,Hopper-v4,0
20538,reward,1029,6.267520537706692,42.073,SF-P3O,Hopper-v4,0
20550,reward,1030,10.003993877233587,34.591,SF-P3O,Hopper-v4,0
20607,reward,1031,96.97176689985193,42.149,SF-P3O,Hopper-v4,0
20628,reward,1032,24.703023509698532,34.063,SF-P3O,Hopper-v4,0
20680,reward,1033,81.6925680981159,41.065,SF-P3O,Hopper-v4,0
20733,reward,1034,80.23803401519756,47.572,SF-P3O,Hopper-v4,0
20768,reward,1035,58.46269127819273,45.589,SF-P3O,Hopper-v4,0
20872,reward,1036,180.73456452879253,60.712,SF-P3O,Hopper-v4,0
20933,reward,1037,99.41992090771559,69.959,SF-P3O,Hopper-v4,0
20949,reward,1038,16.59832146801524,65.509,SF-P3O,Hopper-v4,0
20987,reward,1039,59.08103205085772,70.791,SF-P3O,Hopper-v4,0
21002,reward,1040,11.74311800269595,70.965,SF-P3O,Hopper-v4,0
21073,reward,1041,138.2172213218164,75.089,SF-P3O,Hopper-v4,0
21104,reward,1042,25.288372392996646,75.148,SF-P3O,Hopper-v4,0
21116,reward,1043,9.355210416388841,67.914,SF-P3O,Hopper-v4,0
21144,reward,1044,37.06117108950998,63.596,SF-P3O,Hopper-v4,0
21199,reward,1045,85.14035976879374,66.264,SF-P3O,Hopper-v4,0
21296,reward,1046,155.2679351133186,63.717,SF-P3O,Hopper-v4,0
21311,reward,1047,11.58610696002104,54.934,SF-P3O,Hopper-v4,0
21329,reward,1048,19.84491180844436,55.259,SF-P3O,Hopper-v4,0
21355,reward,1049,34.82561234812355,52.833,SF-P3O,Hopper-v4,0
21396,reward,1050,60.660108287980236,57.725,SF-P3O,Hopper-v4,0
21422,reward,1051,5.634338229476607,44.466,SF-P3O,Hopper-v4,0
21429,reward,1052,4.8539042734187365,42.423,SF-P3O,Hopper-v4,0
21437,reward,1053,6.398035149587059,42.127,SF-P3O,Hopper-v4,0
21463,reward,1054,9.333478625285247,39.354,SF-P3O,Hopper-v4,0
21515,reward,1055,85.99124880676159,39.44,SF-P3O,Hopper-v4,0
21538,reward,1056,27.068168995915556,26.62,SF-P3O,Hopper-v4,0
21578,reward,1057,35.56936721886317,29.018,SF-P3O,Hopper-v4,0
21588,reward,1058,4.251835700955791,27.459,SF-P3O,Hopper-v4,0
21600,reward,1059,9.208611928024824,24.897,SF-P3O,Hopper-v4,0
21639,reward,1060,58.423648527269144,24.673,SF-P3O,Hopper-v4,0
21651,reward,1061,8.212338585689263,24.931,SF-P3O,Hopper-v4,0
21664,reward,1062,11.580701408200476,25.604,SF-P3O,Hopper-v4,0
21680,reward,1063,12.514956627185505,26.215,SF-P3O,Hopper-v4,0
21717,reward,1064,62.337835401826766,31.516,SF-P3O,Hopper-v4,0
21728,reward,1065,8.118514815336878,23.729,SF-P3O,Hopper-v4,0
21759,reward,1066,43.05362462675644,25.327,SF-P3O,Hopper-v4,0
21767,reward,1067,6.28276914337391,22.398,SF-P3O,Hopper-v4,0
21803,reward,1068,50.30661443115148,27.004,SF-P3O,Hopper-v4,0
21866,reward,1069,105.68347546704015,36.651,SF-P3O,Hopper-v4,0
21916,reward,1070,79.6477105553161,38.774,SF-P3O,Hopper-v4,0
21946,reward,1071,50.073692891231936,42.96,SF-P3O,Hopper-v4,0
21981,reward,1072,59.01798344749682,47.704,SF-P3O,Hopper-v4,0
22006,reward,1073,2.876204454078316,46.74,SF-P3O,Hopper-v4,0
22024,reward,1074,17.000819497292692,42.206,SF-P3O,Hopper-v4,0
22112,reward,1075,127.64564142962426,54.159,SF-P3O,Hopper-v4,0
22132,reward,1076,21.324959860392077,51.986,SF-P3O,Hopper-v4,0
22153,reward,1077,24.595363852768486,53.817,SF-P3O,Hopper-v4,0
22161,reward,1078,5.670737318017025,49.354,SF-P3O,Hopper-v4,0
22211,reward,1079,91.35551056183749,47.921,SF-P3O,Hopper-v4,0
22222,reward,1080,7.932905368690939,40.749,SF-P3O,Hopper-v4,0
22281,reward,1081,103.11098532561381,46.053,SF-P3O,Hopper-v4,0
22292,reward,1082,8.77365832680186,41.029,SF-P3O,Hopper-v4,0
22302,reward,1083,7.1892897846332025,41.46,SF-P3O,Hopper-v4,0
22334,reward,1084,51.9962189088539,44.96,SF-P3O,Hopper-v4,0
22361,reward,1085,44.79552571735577,36.675,SF-P3O,Hopper-v4,0
22418,reward,1086,95.30255395239037,44.072,SF-P3O,Hopper-v4,0
22455,reward,1087,34.852792776128894,45.098,SF-P3O,Hopper-v4,0
22465,reward,1088,8.012021729133146,45.332,SF-P3O,Hopper-v4,0
22522,reward,1089,95.08173486603775,45.705,SF-P3O,Hopper-v4,0
22544,reward,1090,11.986689512923034,46.11,SF-P3O,Hopper-v4,0
22557,reward,1091,10.244989998686252,36.824,SF-P3O,Hopper-v4,0
22612,reward,1092,83.10919500392998,44.257,SF-P3O,Hopper-v4,0
22629,reward,1093,13.790403320486753,44.917,SF-P3O,Hopper-v4,0
22640,reward,1094,7.944121331526029,40.512,SF-P3O,Hopper-v4,0
22650,reward,1095,7.139635337213791,36.746,SF-P3O,Hopper-v4,0
22658,reward,1096,6.378559111940101,27.854,SF-P3O,Hopper-v4,0
22743,reward,1097,169.30445333513651,41.299,SF-P3O,Hopper-v4,0
22760,reward,1098,13.827555073621491,41.881,SF-P3O,Hopper-v4,0
22809,reward,1099,80.0893141786393,40.381,SF-P3O,Hopper-v4,0
22831,reward,1100,4.277082282118445,39.611,SF-P3O,Hopper-v4,0
22861,reward,1101,29.332795515803745,41.519,SF-P3O,Hopper-v4,0
22914,reward,1102,87.7208817647413,41.98,SF-P3O,Hopper-v4,0
22927,reward,1103,7.9901058747912455,41.4,SF-P3O,Hopper-v4,0
22951,reward,1104,29.80422085576457,43.586,SF-P3O,Hopper-v4,0
22962,reward,1105,9.462797409242212,43.819,SF-P3O,Hopper-v4,0
23017,reward,1106,95.32695968806544,52.714,SF-P3O,Hopper-v4,0
23075,reward,1107,95.93090094707897,45.376,SF-P3O,Hopper-v4,0
23108,reward,1108,39.70850581802187,47.964,SF-P3O,Hopper-v4,0
23200,reward,1109,196.52190571387916,59.608,SF-P3O,Hopper-v4,0
23222,reward,1110,27.82178962127815,61.962,SF-P3O,Hopper-v4,0
23241,reward,1111,16.37270268370811,60.666,SF-P3O,Hopper-v4,0
23251,reward,1112,6.680207731499623,52.562,SF-P3O,Hopper-v4,0
23263,reward,1113,8.75138912889868,52.638,SF-P3O,Hopper-v4,0
23296,reward,1114,56.7550822712752,55.333,SF-P3O,Hopper-v4,0
23361,reward,1115,129.39133238705458,67.326,SF-P3O,Hopper-v4,0
23409,reward,1116,79.91811002318336,65.785,SF-P3O,Hopper-v4,0
23435,reward,1117,29.983536761373,59.19,SF-P3O,Hopper-v4,0
23461,reward,1118,30.591408678652705,58.279,SF-P3O,Hopper-v4,0
23471,reward,1119,8.073728238951828,39.434,SF-P3O,Hopper-v4,0
23489,reward,1120,17.03924786270783,38.356,SF-P3O,Hopper-v4,0
23514,reward,1121,26.798150481861274,39.398,SF-P3O,Hopper-v4,0
23525,reward,1122,8.65823459058071,39.596,SF-P3O,Hopper-v4,0
23562,reward,1123,31.970680256988576,41.918,SF-P3O,Hopper-v4,0
23637,reward,1124,146.0949181564161,50.852,SF-P3O,Hopper-v4,0
23698,reward,1125,74.85062935487913,45.398,SF-P3O,Hopper-v4,0
23729,reward,1126,47.973461464095365,42.203,SF-P3O,Hopper-v4,0
23771,reward,1127,69.55429811478245,46.16,SF-P3O,Hopper-v4,0
23807,reward,1128,28.687212493581967,45.97,SF-P3O,Hopper-v4,0
23862,reward,1129,86.93838540322226,53.857,SF-P3O,Hopper-v4,0
23874,reward,1130,8.104120078997306,52.963,SF-P3O,Hopper-v4,0
23887,reward,1131,8.849647830057986,51.168,SF-P3O,Hopper-v4,0
23900,reward,1132,10.975380947428537,51.4,SF-P3O,Hopper-v4,0
23914,reward,1133,12.873643401271986,49.49,SF-P3O,Hopper-v4,0
23997,reward,1134,154.3052539884637,50.311,SF-P3O,Hopper-v4,0
24011,reward,1135,9.787025767566645,43.805,SF-P3O,Hopper-v4,0
24056,reward,1136,67.22320668960603,45.73,SF-P3O,Hopper-v4,0
24063,reward,1137,4.729483549880645,39.247,SF-P3O,Hopper-v4,0
24105,reward,1138,62.40946150564329,42.62,SF-P3O,Hopper-v4,0
24124,reward,1139,19.326639110589817,35.858,SF-P3O,Hopper-v4,0
24146,reward,1140,26.253916887949476,37.673,SF-P3O,Hopper-v4,0
24156,reward,1141,7.98453138212604,37.587,SF-P3O,Hopper-v4,0
24191,reward,1142,60.8702501170944,42.576,SF-P3O,Hopper-v4,0
24205,reward,1143,12.050837808081113,42.494,SF-P3O,Hopper-v4,0
24280,reward,1144,131.4579932163898,40.209,SF-P3O,Hopper-v4,0
24312,reward,1145,53.31492684104861,44.562,SF-P3O,Hopper-v4,0
24342,reward,1146,42.08919377400833,42.049,SF-P3O,Hopper-v4,0
24353,reward,1147,8.45859749524263,42.422,SF-P3O,Hopper-v4,0
24368,reward,1148,12.209139084516055,37.402,SF-P3O,Hopper-v4,0
24378,reward,1149,7.9919653097933026,36.268,SF-P3O,Hopper-v4,0
24390,reward,1150,7.082882948718015,34.351,SF-P3O,Hopper-v4,0
24448,reward,1151,90.68599042561144,42.621,SF-P3O,Hopper-v4,0
24474,reward,1152,31.06243112312601,39.64,SF-P3O,Hopper-v4,0
24548,reward,1153,101.02906210900882,48.538,SF-P3O,Hopper-v4,0
24576,loss,-0.18158192932605743,0.4730307161808014,SF-P3O,Hopper-v4,0
24610,reward,1154,89.3775367310309,44.33,SF-P3O,Hopper-v4,0
24643,reward,1155,44.58836420817212,43.458,SF-P3O,Hopper-v4,0
24713,reward,1156,115.07120072536681,50.756,SF-P3O,Hopper-v4,0
24785,reward,1157,132.83021334187777,63.193,SF-P3O,Hopper-v4,0
24804,reward,1158,20.146830072770694,63.987,SF-P3O,Hopper-v4,0
24814,reward,1159,8.484542742881121,64.036,SF-P3O,Hopper-v4,0
24856,reward,1160,50.289394603599185,68.357,SF-P3O,Hopper-v4,0
24876,reward,1161,17.768882484779727,61.065,SF-P3O,Hopper-v4,0
24903,reward,1162,25.818670909778305,60.54,SF-P3O,Hopper-v4,0
24917,reward,1163,12.873625268950981,51.725,SF-P3O,Hopper-v4,0
24935,reward,1164,18.38653344880981,44.626,SF-P3O,Hopper-v4,0
24974,reward,1165,65.5781234977963,46.725,SF-P3O,Hopper-v4,0
25043,reward,1166,133.67723422207993,48.585,SF-P3O,Hopper-v4,0
25075,reward,1167,52.72335306856416,40.575,SF-P3O,Hopper-v4,0
25095,reward,1168,15.866587975898772,40.147,SF-P3O,Hopper-v4,0
25143,reward,1169,80.61179023401297,47.359,SF-P3O,Hopper-v4,0
25210,reward,1170,131.32406608157243,55.463,SF-P3O,Hopper-v4,0
25251,reward,1171,70.35905254175786,60.722,SF-P3O,Hopper-v4,0
25273,reward,1172,23.49179415018526,60.489,SF-P3O,Hopper-v4,0
25317,reward,1173,73.20819049622598,66.523,SF-P3O,Hopper-v4,0
25387,reward,1174,101.36486979733284,74.821,SF-P3O,Hopper-v4,0
25418,reward,1175,34.92686910971323,71.755,SF-P3O,Hopper-v4,0
25444,reward,1176,30.5348936564417,61.441,SF-P3O,Hopper-v4,0
25471,reward,1177,35.41192344121995,59.71,SF-P3O,Hopper-v4,0
25481,reward,1178,7.5307239823768635,58.876,SF-P3O,Hopper-v4,0
25540,reward,1179,107.23723574781026,61.539,SF-P3O,Hopper-v4,0
25626,reward,1180,180.13820755547522,66.42,SF-P3O,Hopper-v4,0
25684,reward,1181,107.84539335726153,70.169,SF-P3O,Hopper-v4,0
25770,reward,1182,152.20228501694777,83.04,SF-P3O,Hopper-v4,0
25780,reward,1183,7.680367536535362,76.487,SF-P3O,Hopper-v4,0
25812,reward,1184,45.35276915574945,70.886,SF-P3O,Hopper-v4,0
25822,reward,1185,9.18297670674939,68.312,SF-P3O,Hopper-v4,0
25890,reward,1186,122.3192650582786,77.49,SF-P3O,Hopper-v4,0
25948,reward,1187,104.4011468049311,84.389,SF-P3O,Hopper-v4,0
26021,reward,1188,132.7819009771479,96.914,SF-P3O,Hopper-v4,0
26034,reward,1189,11.068989019065318,87.297,SF-P3O,Hopper-v4,0
26056,reward,1190,26.85666863389504,71.969,SF-P3O,Hopper-v4,0
26108,reward,1191,93.71699957097776,70.556,SF-P3O,Hopper-v4,0
26117,reward,1192,6.692038685323661,56.005,SF-P3O,Hopper-v4,0
26164,reward,1193,83.02896130006559,63.54,SF-P3O,Hopper-v4,0
26205,reward,1194,65.7017260737641,65.575,SF-P3O,Hopper-v4,0
26274,reward,1195,128.8274930344874,77.54,SF-P3O,Hopper-v4,0
26314,reward,1196,62.28134591308088,71.536,SF-P3O,Hopper-v4,0
26378,reward,1197,114.98469800440685,72.594,SF-P3O,Hopper-v4,0
26467,reward,1198,135.87377545030654,72.903,SF-P3O,Hopper-v4,0
26534,reward,1199,123.43371061135082,84.14,SF-P3O,Hopper-v4,0
26596,reward,1200,107.7367986658802,92.228,SF-P3O,Hopper-v4,0
26676,reward,1201,167.46995427117315,99.603,SF-P3O,Hopper-v4,0
26696,reward,1202,20.367644436185618,100.971,SF-P3O,Hopper-v4,0
26716,reward,1203,23.71403699697799,95.039,SF-P3O,Hopper-v4,0
26750,reward,1204,43.712963506708526,92.84,SF-P3O,Hopper-v4,0
26792,reward,1205,65.03258802046943,86.461,SF-P3O,Hopper-v4,0
26815,reward,1206,25.535962741196602,82.786,SF-P3O,Hopper-v4,0
26826,reward,1207,8.358221107024256,72.124,SF-P3O,Hopper-v4,0
26865,reward,1208,59.65750936966062,64.502,SF-P3O,Hopper-v4,0
26881,reward,1209,12.738038453600439,53.432,SF-P3O,Hopper-v4,0
26902,reward,1210,21.1616984975945,44.775,SF-P3O,Hopper-v4,0
26921,reward,1211,19.36092299692082,29.964,SF-P3O,Hopper-v4,0
27015,reward,1212,200.30285963046757,47.957,SF-P3O,Hopper-v4,0
27028,reward,1213,8.618125475508364,46.448,SF-P3O,Hopper-v4,0
27057,reward,1214,49.59396009113631,47.036,SF-P3O,Hopper-v4,0
27096,reward,1215,66.71606163457565,47.204,SF-P3O,Hopper-v4,0
27113,reward,1216,14.04473771014784,46.055,SF-P3O,Hopper-v4,0
27132,reward,1217,14.172090113878978,46.637,SF-P3O,Hopper-v4,0
27182,reward,1218,82.77298840226864,48.948,SF-P3O,Hopper-v4,0
27200,reward,1219,20.748423640582487,49.749,SF-P3O,Hopper-v4,0
27241,reward,1220,58.13491492349452,53.447,SF-P3O,Hopper-v4,0
27284,reward,1221,63.58762580837384,57.869,SF-P3O,Hopper-v4,0
27305,reward,1222,21.477372832396863,39.987,SF-P3O,Hopper-v4,0
27380,reward,1223,140.65724648161034,53.191,SF-P3O,Hopper-v4,0
27413,reward,1224,51.60408517515965,53.392,SF-P3O,Hopper-v4,0
27450,reward,1225,53.232350449726376,52.043,SF-P3O,Hopper-v4,0
27484,reward,1226,55.948911978094706,56.234,SF-P3O,Hopper-v4,0
27574,reward,1227,124.26541497272855,67.243,SF-P3O,Hopper-v4,0
27586,reward,1228,8.996741052034718,59.865,SF-P3O,Hopper-v4,0
27625,reward,1229,62.49910896689319,64.04,SF-P3O,Hopper-v4,0
27691,reward,1230,113.13665217201589,69.541,SF-P3O,Hopper-v4,0
27764,reward,1231,130.37701548456783,76.219,SF-P3O,Hopper-v4,0
27805,reward,1232,67.82057120642733,80.854,SF-P3O,Hopper-v4,0
27908,reward,1233,204.74954627252265,87.263,SF-P3O,Hopper-v4,0
27957,reward,1234,79.45183445219449,90.048,SF-P3O,Hopper-v4,0
27968,reward,1235,8.321146972979687,85.557,SF-P3O,Hopper-v4,0
28019,reward,1236,83.97869468376649,88.36,SF-P3O,Hopper-v4,0
28111,reward,1237,152.2593062571286,91.159,SF-P3O,Hopper-v4,0
28121,reward,1238,6.5131767262103475,90.911,SF-P3O,Hopper-v4,0
28139,reward,1239,16.32788878666001,86.294,SF-P3O,Hopper-v4,0
28199,reward,1240,110.78342663155395,86.058,SF-P3O,Hopper-v4,0
28251,reward,1241,88.78209494381362,81.899,SF-P3O,Hopper-v4,0
28283,reward,1242,34.94395633274697,78.611,SF-P3O,Hopper-v4,0
28319,reward,1243,51.59171802433452,63.295,SF-P3O,Hopper-v4,0
28353,reward,1244,56.52830367945422,61.003,SF-P3O,Hopper-v4,0
28373,reward,1245,13.952386188725107,61.566,SF-P3O,Hopper-v4,0
28428,reward,1246,99.7515495469314,63.143,SF-P3O,Hopper-v4,0
28441,reward,1247,10.150129600076658,48.932,SF-P3O,Hopper-v4,0
28484,reward,1248,66.00568189929164,54.882,SF-P3O,Hopper-v4,0
28536,reward,1249,84.78901001329783,61.728,SF-P3O,Hopper-v4,0
28553,reward,1250,17.962697983622057,52.446,SF-P3O,Hopper-v4,0
28587,reward,1251,45.83842165334787,48.151,SF-P3O,Hopper-v4,0
28625,reward,1252,54.37264086616355,50.094,SF-P3O,Hopper-v4,0
28650,reward,1253,26.732462534549295,47.608,SF-P3O,Hopper-v4,0
28671,reward,1254,21.61040811327064,44.117,SF-P3O,Hopper-v4,0
28706,reward,1255,47.28733868664417,47.45,SF-P3O,Hopper-v4,0
28725,reward,1256,18.810432791751857,39.356,SF-P3O,Hopper-v4,0
28787,reward,1257,108.32353334543518,49.173,SF-P3O,Hopper-v4,0
28859,reward,1258,87.60609725128705,51.333,SF-P3O,Hopper-v4,0
28875,reward,1259,12.77807402808003,44.132,SF-P3O,Hopper-v4,0
28894,reward,1260,17.530817504636822,44.089,SF-P3O,Hopper-v4,0
28911,reward,1261,15.969356919140006,41.102,SF-P3O,Hopper-v4,0
28937,reward,1262,33.347734508983024,39.0,SF-P3O,Hopper-v4,0
28988,reward,1263,83.14200616983905,44.641,SF-P3O,Hopper-v4,0
29048,reward,1264,95.49897957829579,52.029,SF-P3O,Hopper-v4,0
29057,reward,1265,3.8923445290216545,47.69,SF-P3O,Hopper-v4,0
29100,reward,1266,60.269147803986115,51.836,SF-P3O,Hopper-v4,0
29150,reward,1267,82.1010770129117,49.214,SF-P3O,Hopper-v4,0
29227,reward,1268,155.981612314833,56.051,SF-P3O,Hopper-v4,0
29277,reward,1269,85.90550254508194,63.364,SF-P3O,Hopper-v4,0
29341,reward,1270,116.86381019853661,73.297,SF-P3O,Hopper-v4,0
29376,reward,1271,58.95387106203432,77.596,SF-P3O,Hopper-v4,0
29420,reward,1272,76.8638564147186,81.947,SF-P3O,Hopper-v4,0
29435,reward,1273,14.522740718585965,75.085,SF-P3O,Hopper-v4,0
29501,reward,1274,119.70248234499577,77.506,SF-P3O,Hopper-v4,0
29536,reward,1275,39.839989446092346,81.1,SF-P3O,Hopper-v4,0
29591,reward,1276,90.73659026147355,84.147,SF-P3O,Hopper-v4,0
29622,reward,1277,51.05614513227469,81.043,SF-P3O,Hopper-v4,0
29678,reward,1278,92.22759671776983,74.667,SF-P3O,Hopper-v4,0
29785,reward,1279,241.7132000246772,90.248,SF-P3O,Hopper-v4,0
29833,reward,1280,79.92342922684088,86.554,SF-P3O,Hopper-v4,0
29911,reward,1281,155.65226449295525,96.224,SF-P3O,Hopper-v4,0
29924,reward,1282,8.470147214389733,89.384,SF-P3O,Hopper-v4,0
29945,reward,1283,21.70653042263999,90.103,SF-P3O,Hopper-v4,0
29968,reward,1284,27.49960664757822,80.883,SF-P3O,Hopper-v4,0
30000,speed,659.04,0.68,SF-P3O,Hopper-v4,0
30001,spectral,0.00785,0.958843,0.2009,SF-P3O,Hopper-v4,0
30041,reward,1285,133.33653754025497,90.232,SF-P3O,Hopper-v4,0
30064,reward,1286,23.98442065671533,83.557,SF-P3O,Hopper-v4,0
30073,reward,1287,6.806049690755043,79.132,SF-P3O,Hopper-v4,0
30106,reward,1288,50.08458853359886,74.918,SF-P3O,Hopper-v4,0
30165,reward,1289,107.28542588131137,61.475,SF-P3O,Hopper-v4,0
30200,reward,1290,56.87958357505416,59.171,SF-P3O,Hopper-v4,0
30294,reward,1291,186.19082775319285,62.224,SF-P3O,Hopper-v4,0
30354,reward,1292,109.73638326548233,72.351,SF-P3O,Hopper-v4,0
30384,reward,1293,25.577849559997073,72.738,SF-P3O,Hopper-v4,0
30504,reward,1294,268.29765599340766,96.818,SF-P3O,Hopper-v4,0
30516,reward,1295,10.047227595268753,84.489,SF-P3O,Hopper-v4,0
30531,reward,1296,13.050452012575397,83.396,SF-P3O,Hopper-v4,0
30547,reward,1297,15.403242626349591,84.255,SF-P3O,Hopper-v4,0
30600,reward,1298,87.10572905910487,87.957,SF-P3O,Hopper-v4,0
30622,reward,1299,28.046242643522547,80.034,SF-P3O,Hopper-v4,0
30678,reward,1300,90.69194804983978,83.415,SF-P3O,Hopper-v4,0
30786,reward,1301,200.826339188248,84.878,SF-P3O,Hopper-v4,0
30850,reward,1302,71.53654097995629,81.058,SF-P3O,Hopper-v4,0
30857,reward,1303,4.358426188668754,78.936,SF-P3O,Hopper-v4,0
30908,reward,1304,88.74795961045405,60.981,SF-P3O,Hopper-v4,0
30982,reward,1305,154.74336246604233,75.451,SF-P3O,Hopper-v4,0
31019,reward,1306,63.26613363022198,80.473,SF-P3O,Hopper-v4,0
31033,reward,1307,14.318063719490404,80.364,SF-P3O,Hopper-v4,0
31043,reward,1308,8.169098057792135,72.47,SF-P3O,Hopper-v4,0
31086,reward,1309,69.34604676223937,76.6,SF-P3O,Hopper-v4,0
31107,reward,1310,23.839354654035883,69.915,SF-P3O,Hopper-v4,0
31143,reward,1311,55.693140027524606,55.402,SF-P3O,Hopper-v4,0
31214,reward,1312,137.18610146179435,61.967,SF-P3O,Hopper-v4,0
31224,reward,1313,6.098719826816575,62.141,SF-P3O,Hopper-v4,0
31247,reward,1314,22.615922892891955,55.528,SF-P3O,Hopper-v4,0
31296,reward,1315,82.3715951619326,48.29,SF-P3O,Hopper-v4,0
31359,reward,1316,101.98923739331975,52.163,SF-P3O,Hopper-v4,0
31399,reward,1317,66.57829482832858,57.389,SF-P3O,Hopper-v4,0
31462,reward,1318,100.65964775049194,66.638,SF-P3O,Hopper-v4,0
31499,reward,1319,57.4328743622157,65.446,SF-P3O,Hopper-v4,0
31554,reward,1320,91.91218915383003,72.254,SF-P3O,Hopper-v4,0
31580,reward,1321,29.60024200849436,69.644,SF-P3O,Hopper-v4,0
31617,reward,1322,59.22523249306492,61.848,SF-P3O,Hopper-v4,0
31667,reward,1323,86.45935707693774,69.884,SF-P3O,Hopper-v4,0
31699,reward,1324,37.6589714644401,71.389,SF-P3O,Hopper-v4,0
31714,reward,1325,13.69012041826945,64.521,SF-P3O,Hopper-v4,0
31740,reward,1326,32.866803175803646,57.608,SF-P3O,Hopper-v4,0
31777,reward,1327,53.87055543234883,56.338,SF-P3O,Hopper-v4,0
31788,reward,1328,7.182319031579936,46.99,SF-P3O,Hopper-v4,0
31871,reward,1329,155.85729060029257,56.832,SF-P3O,Hopper-v4,0
31929,reward,1330,70.88340488590843,54.729,SF-P3O,Hopper-v4,0
32005,reward,1331,155.58156274035122,67.328,SF-P3O,Hopper-v4,0
32024,reward,1332,17.11204962453145,63.116,SF-P3O,Hopper-v4,0
32066,reward,1333,48.295963795583326,59.3,SF-P3O,Hopper-v4,0
32093,reward,1334,34.04350479854334,58.938,SF-P3O,Hopper-v4,0
32117,reward,1335,28.474686856372482,60.417,SF-P3O,Hopper-v4,0
32137,reward,1336,23.77551118009567,59.508,SF-P3O,Hopper-v4,0
32197,reward,1337,105.84755724515658,64.705,SF-P3O,Hopper-v4,0
32228,reward,1338,51.04981431138092,69.092,SF-P3O,Hopper-v4,0
32238,reward,1339,8.341218828232243,54.341,SF-P3O,Hopper-v4,0
32323,reward,1340,162.39304321943612,63.491,SF-P3O,Hopper-v4,0
32386,reward,1341,112.72405921604214,59.206,SF-P3O,Hopper-v4,0
32452,reward,1342,114.64727483458697,68.959,SF-P3O,Hopper-v4,0
32485,reward,1343,38.001884696877795,67.93,SF-P3O,Hopper-v4,0
32571,reward,1344,124.44384347717292,76.97,SF-P3O,Hopper-v4,0
32581,reward,1345,7.650859360486087,74.888,SF-P3O,Hopper-v4,0
32649,reward,1346,120.66024797503445,84.576,SF-P3O,Hopper-v4,0
32658,reward,1347,5.6000090330922525,74.551,SF-P3O,Hopper-v4,0
32690,reward,1348,37.030723299428416,73.149,SF-P3O,Hopper-v4,0
32716,reward,1349,30.458946188935723,75.361,SF-P3O,Hopper-v4,0
32728,reward,1350,9.55800874504699,60.078,SF-P3O,Hopper-v4,0
32768,loss,-0.07899661362171173,0.614465594291687,SF-P3O,Hopper-v4,0
32768,diagnostics,0.0,53.52,3.0254,0.013153,0.958915,0.2085,0.155753,SF-P3O,Hopper-v4,0
32812,reward,1351,167.67249898395366,65.572,SF-P3O,Hopper-v4,0
32880,reward,1352,126.87957985299894,66.796,SF-P3O,Hopper-v4,0
32954,reward,1353,119.29784546155595,74.925,SF-P3O,Hopper-v4,0
33004,reward,1354,86.80689247100358,71.162,SF-P3O,Hopper-v4,0
33117,reward,1355,242.8266949464339,94.679,SF-P3O,Hopper-v4,0
33212,reward,1356,164.2223758327522,99.035,SF-P3O,Hopper-v4,0
33299,reward,1357,175.9673525308446,116.072,SF-P3O,Hopper-v4,0
33420,reward,1358,159.56230864596085,128.325,SF-P3O,Hopper-v4,0
33524,reward,1359,229.77140303512206,148.256,SF-P3O,Hopper-v4,0
33572,reward,1360,83.83273190519157,155.684,SF-P3O,Hopper-v4,0
33664,reward,1361,199.97050665150297,158.914,SF-P3O,Hopper-v4,0
33715,reward,1362,87.93197592106802,155.019,SF-P3O,Hopper-v4,0
33761,reward,1363,55.68775278562632,148.658,SF-P3O,Hopper-v4,0
33831,reward,1364,131.61928678308044,153.139,SF-P3O,Hopper-v4,0
33904,reward,1365,149.92140874631215,143.849,SF-P3O,Hopper-v4,0
33964,reward,1366,107.68888309721183,138.195,SF-P3O,Hopper-v4,0
34026,reward,1367,114.63491949343864,132.062,SF-P3O,Hopper-v4,0
34071,reward,1368,65.42532930731551,122.648,SF-P3O,Hopper-v4,0
34152,reward,1369,158.7631468372573,115.548,SF-P3O,Hopper-v4,0
34203,reward,1370,84.93811805358874,115.658,SF-P3O,Hopper-v4,0
34257,reward,1371,98.18928737189074,105.48,SF-P3O,Hopper-v4,0
34288,reward,1372,50.95446139233289,101.782,SF-P3O,Hopper-v4,0
34303,reward,1373,14.753944147236684,97.689,SF-P3O,Hopper-v4,0
34346,reward,1374,71.37527283034215,91.664,SF-P3O,Hopper-v4,0
34466,reward,1375,234.1095306302237,100.083,SF-P3O,Hopper-v4,0
34500,reward,1376,58.994220368770044,95.214,SF-P3O,Hopper-v4,0
34541,reward,1377,66.25044440041958,90.375,SF-P3O,Hopper-v4,0
34630,reward,1378,192.4876713133107,103.082,SF-P3O,Hopper-v4,0
34677,reward,1379,78.85246281612392,95.091,SF-P3O,Hopper-v4,0
34716,reward,1380,66.10147214797279,93.207,SF-P3O,Hopper-v4,0
34762,reward,1381,78.57367200496711,91.245,SF-P3O,Hopper-v4,0
34794,reward,1382,53.10787322461136,91.461,SF-P3O,Hopper-v4,0
34840,reward,1383,79.72325580564531,97.958,SF-P3O,Hopper-v4,0
34879,reward,1384,66.14757764237291,97.435,SF-P3O,Hopper-v4,0
34974,reward,1385,211.86694260813647,95.211,SF-P3O,Hopper-v4,0
35033,reward,1386,104.6031754153191,99.771,SF-P3O,Hopper-v4,0
35088,reward,1387,90.42719076014927,102.189,SF-P3O,Hopper-v4,0
35169,reward,1388,176.19474122834103,100.56,SF-P3O,Hopper-v4,0
35208,reward,1389,58.91268225137363,98.566,SF-P3O,Hopper-v4,0
35235,reward,1390,43.99491241695573,96.355,SF-P3O,Hopper-v4,0
35289,reward,1391,97.10960902718408,98.209,SF-P3O,Hopper-v4,0
35319,reward,1392,53.937123510278596,98.292,SF-P3O,Hopper-v4,0
35446,reward,1393,302.87265959852823,120.607,SF-P3O,Hopper-v4,0
35505,reward,1394,87.35257503731204,122.727,SF-P3O,Hopper-v4,0
35581,reward,1395,152.1239656723385,116.753,SF-P3O,Hopper-v4,0
35637,reward,1396,94.09916461392639,115.702,SF-P3O,Hopper-v4,0
35703,reward,1397,100.93313345657022,116.753,SF-P3O,Hopper-v4,0
35740,reward,1398,58.29846992251125,104.963,SF-P3O,Hopper-v4,0
35769,reward,1399,46.8412778616687,103.756,SF-P3O,Hopper-v4,0
35867,reward,1400,179.0126701815473,117.258,SF-P3O,Hopper-v4,0
35940,reward,1401,138.08823866153062,121.356,SF-P3O,Hopper-v4,0
35948,reward,1402,4.43066437429097,116.405,SF-P3O,Hopper-v4,0
36041,reward,1403,167.74943355822035,102.893,SF-P3O,Hopper-v4,0
36082,reward,1404,64.28776402223275,100.586,SF-P3O,Hopper-v4,0
36109,reward,1405,47.05426589201616,90.08,SF-P3O,Hopper-v4,0
36179,reward,1406,131.16581377411666,93.786,SF-P3O,Hopper-v4,0
36283,reward,1407,235.79130929783946,107.272,SF-P3O,Hopper-v4,0
36324,reward,1408,70.7978077087443,108.522,SF-P3O,Hopper-v4,0
36351,reward,1409,43.28481616921132,108.166,SF-P3O,Hopper-v4,0
36431,reward,1410,168.93514330804746,107.159,SF-P3O,Hopper-v4,0
36476,reward,1411,77.40482541491384,101.09,SF-P3O,Hopper-v4,0
36581,reward,1412,230.98802688443746,123.746,SF-P3O,Hopper-v4,0
36645,reward,1413,120.2394149523371,118.995,SF-P3O,Hopper-v4,0
36703,reward,1414,98.70578047025008,122.437,SF-P3O,Hopper-v4,0
36756,reward,1415,92.38350489257644,126.97,SF-P3O,Hopper-v4,0
36876,reward,1416,286.84120619467353,142.537,SF-P3O,Hopper-v4,0
36920,reward,1417,70.76065422926523,126.034,SF-P3O,Hopper-v4,0
36931,reward,1418,7.07798134220473,119.662,SF-P3O,Hopper-v4,0
36987,reward,1419,97.14131116293517,125.048,SF-P3O,Hopper-v4,0
37043,reward,1420,100.29189007541433,118.183,SF-P3O,Hopper-v4,0
37108,reward,1421,119.29826368076637,122.373,SF-P3O,Hopper-v4,0
37169,reward,1422,108.71961709414646,110.146,SF-P3O,Hopper-v4,0
37236,reward,1423,125.99176097996235,110.721,SF-P3O,Hopper-v4,0
37276,reward,1424,68.68621810203193,107.719,SF-P3O,Hopper-v4,0
37363,reward,1425,181.335588218654,116.614,SF-P3O,Hopper-v4,0
37407,reward,1426,72.93153101833573,95.223,SF-P3O,Hopper-v4,0
37446,reward,1427,64.22440626803228,94.57,SF-P3O,Hopper-v4,0
37493,reward,1428,82.96563589262168,102.159,SF-P3O,Hopper-v4,0
37595,reward,1429,221.56148547306287,114.601,SF-P3O,Hopper-v4,0
37640,reward,1430,70.33196116922902,111.605,SF-P3O,Hopper-v4,0
37709,reward,1431,123.77403973309823,112.052,SF-P3O,Hopper-v4,0
37740,reward,1432,43.19605166712231,105.5,SF-P3O,Hopper-v4,0
37845,reward,1433,248.79002811951545,117.78,SF-P3O,Hopper-v4,0
37892,reward,1434,80.56118535550743,118.967,SF-P3O,Hopper-v4,0
37938,reward,1435,79.05107625138963,108.739,SF-P3O,Hopper-v4,0
38040,reward,1436,202.70923299576336,121.717,SF-P3O,Hopper-v4,0
38082,reward,1437,68.70976236831035,122.165,SF-P3O,Hopper-v4,0
38139,reward,1438,101.05814794128983,123.974,SF-P3O,Hopper-v4,0
38168,reward,1439,48.50176796870135,106.668,SF-P3O,Hopper-v4,0
38217,reward,1440,86.78646511974036,108.314,SF-P3O,Hopper-v4,0
38253,reward,1441,57.954310058347545,101.732,SF-P3O,Hopper-v4,0
38311,reward,1442,106.2193677921163,108.034,SF-P3O,Hopper-v4,0
38376,reward,1443,115.76602692530197,94.732,SF-P3O,Hopper-v4,0
38385,reward,1444,6.781706426283658,87.354,SF-P3O,Hopper-v4,0
38426,reward,1445,68.47315333865706,86.296,SF-P3O,Hopper-v4,0
38479,reward,1446,97.02229957165707,75.727,SF-P3O,Hopper-v4,0
38557,reward,1447,151.42769946883425,83.999,SF-P3O,Hopper-v4,0
38669,reward,1448,207.85254614944395,94.679,SF-P3O,Hopper-v4,0
38760,reward,1449,207.19670799388192,110.548,SF-P3O,Hopper-v4,0
38795,reward,1450,57.58786438438174,107.628,SF-P3O,Hopper-v4,0
38851,reward,1451,97.43842787352231,111.577,SF-P3O,Hopper-v4,0
38891,reward,1452,66.52680922919237,107.607,SF-P3O,Hopper-v4,0
39006,reward,1453,239.64816677951305,119.996,SF-P3O,Hopper-v4,0
39079,reward,1454,143.21077489728535,133.638,SF-P3O,Hopper-v4,0
39177,reward,1455,205.5770191700653,147.349,SF-P3O,Hopper-v4,0
39233,reward,1456,95.64497895934116,147.211,SF-P3O,Hopper-v4,0
39283,reward,1457,86.0706183364876,140.675,SF-P3O,Hopper-v4,0
39326,reward,1458,73.15649469581406,127.206,SF-P3O,Hopper-v4,0
39383,reward,1459,100.1012668650623,116.496,SF-P3O,Hopper-v4,0
39439,reward,1460,94.84790145682715,120.222,SF-P3O,Hopper-v4,0
39524,reward,1461,177.06584959641785,128.185,SF-P3O,Hopper-v4,0
39593,reward,1462,134.18508588944766,134.951,SF-P3O,Hopper-v4,0
39646,reward,1463,94.13915958492161,120.4,SF-P3O,Hopper-v4,0
39659,reward,1464,11.164794595432458,107.195,SF-P3O,Hopper-v4,0
39703,reward,1465,64.9095256429749,93.129,SF-P3O,Hopper-v4,0
39743,reward,1466,59.41053613785668,89.505,SF-P3O,Hopper-v4,0
39790,reward,1467,84.39574573417835,89.338,SF-P3O,Hopper-v4,0
39864,reward,1468,110.89242890449053,93.111,SF-P3O,Hopper-v4,0
39905,reward,1469,68.23868847680319,89.925,SF-P3O,Hopper-v4,0
39936,reward,1470,51.03128672290837,85.543,SF-P3O,Hopper-v4,0
40000,speed,750.4,0.9,SF-P3O,Hopper-v4,0
40001,spectral,0.013153,0.958915,0.2085,SF-P3O,Hopper-v4,0
40035,reward,1471,230.34109347320273,90.871,SF-P3O,Hopper-v4,0
40096,reward,1472,105.5509560671912,88.007,SF-P3O,Hopper-v4,0
40197,reward,1473,226.5922641157844,101.253,SF-P3O,Hopper-v4,0
40250,reward,1474,64.25889314367241,106.562,SF-P3O,Hopper-v4,0
40294,reward,1475,74.53859061532647,107.525,SF-P3O,Hopper-v4,0
40352,reward,1476,83.7515069349487,109.959,SF-P3O,Hopper-v4,0
40405,reward,1477,88.21623612034377,110.341,SF-P3O,Hopper-v4,0
40483,reward,1478,140.51544310474543,113.303,SF-P3O,Hopper-v4,0
40545,reward,1479,110.6113161540985,117.541,SF-P3O,Hopper-v4,0
40584,reward,1480,65.69212333795339,119.007,SF-P3O,Hopper-v4,0
40652,reward,1481,116.78499548246529,107.651,SF-P3O,Hopper-v4,0
40714,reward,1482,113.63747262107628,108.46,SF-P3O,Hopper-v4,0
40774,reward,1483,90.6850660211772,94.869,SF-P3O,Hopper-v4,0
40828,reward,1484,88.39920232027451,97.283,SF-P3O,Hopper-v4,0
40868,reward,1485,66.31146508839396,96.46,SF-P3O,Hopper-v4,0
40913,reward,1486,75.36770070564539,95.622,SF-P3O,Hopper-v4,0
40932,reward,1487,19.86351043756793,88.787,SF-P3O,Hopper-v4,0
40960,loss,-0.08774532377719879,0.4634609818458557,SF-P3O,Hopper-v4,0
41006,reward,1488,144.36749341474714,89.172,SF-P3O,Hopper-v4,0
41094,reward,1489,143.62507033476209,92.473,SF-P3O,Hopper-v4,0
41144,reward,1490,80.01598974660509,93.906,SF-P3O,Hopper-v4,0
41223,reward,1491,161.43201825627798,98.37,SF-P3O,Hopper-v4,0
41270,reward,1492,78.68524595766591,94.875,SF-P3O,Hopper-v4,0
41336,reward,1493,130.51805873830045,98.859,SF-P3O,Hopper-v4,0
41385,reward,1494,87.419049077449,98.761,SF-P3O,Hopper-v4,0
41455,reward,1495,141.46122943436123,106.276,SF-P3O,Hopper-v4,0
41513,reward,1496,104.00592973424797,109.139,SF-P3O,Hopper-v4,0
41563,reward,1497,81.95579943870202,115.349,SF-P3O,Hopper-v4,0
41623,reward,1498,108.27658722018894,111.739,SF-P3O,Hopper-v4,0
41641,reward,1499,21.69113402733939,99.546,SF-P3O,Hopper-v4,0
41748,reward,1500,228.1203540397856,114.357,SF-P3O,Hopper-v4,0
41864,reward,1501,263.9058564622221,124.604,SF-P3O,Hopper-v4,0
41954,reward,1502,179.50996313033323,134.686,SF-P3O,Hopper-v4,0
42035,reward,1503,169.84540244612862,138.619,SF-P3O,Hopper-v4,0
42137,reward,1504,225.1006065316775,152.387,SF-P3O,Hopper-v4,0
42223,reward,1505,155.2807643640177,153.769,SF-P3O,Hopper-v4,0
42318,reward,1506,209.37040321097925,164.306,SF-P3O,Hopper-v4,0
42386,reward,1507,118.5667309927064,167.967,SF-P3O,Hopper-v4,0
42500,reward,1508,269.9679836485518,184.136,SF-P3O,Hopper-v4,0
42568,reward,1509,123.86451522289725,194.353,SF-P3O,Hopper-v4,0
42633,reward,1510,120.90863925938595,183.632,SF-P3O,Hopper-v4,0
42644,reward,1511,6.113870901778118,157.853,SF-P3O,Hopper-v4,0
42736,reward,1512,203.2067136626431,160.223,SF-P3O,Hopper-v4,0
42823,reward,1513,192.5806082805431,162.496,SF-P3O,Hopper-v4,0
42916,reward,1514,206.40533168097917,160.627,SF-P3O,Hopper-v4,0
42963,reward,1515,81.24651039526607,153.223,SF-P3O,Hopper-v4,0
43034,reward,1516,122.82691148845828,144.569,SF-P3O,Hopper-v4,0
43074,reward,1517,66.65251444164242,139.377,SF-P3O,Hopper-v4,0
43144,reward,1518,120.818891117497,124.462,SF-P3O,Hopper-v4,0
43230,reward,1519,189.37274401513807,131.013,SF-P3O,Hopper-v4,0
43321,reward,1520,198.55224170011385,138.778,SF-P3O,Hopper-v4,0
43423,reward,1521,229.61710586739983,161.128,SF-P3O,Hopper-v4,0
43436,reward,1522,12.279224587683824,142.035,SF-P3O,Hopper-v4,0
43509,reward,1523,153.09080428504433,138.086,SF-P3O,Hopper-v4,0
43573,reward,1524,110.67672495588391,128.513,SF-P3O,Hopper-v4,0
43615,reward,1525,63.16613473943057,126.705,SF-P3O,Hopper-v4,0
43721,reward,1526,189.60621526408877,133.383,SF-P3O,Hopper-v4,0
43805,reward,1527,158.93598989216153,142.612,SF-P3O,Hopper-v4,0
43895,reward,1528,203.54450356968118,150.884,SF-P3O,Hopper-v4,0
44004,reward,1529,229.4408846612573,154.891,SF-P3O,Hopper-v4,0
44054,reward,1530,85.51967491599953,143.588,SF-P3O,Hopper-v4,0
44117,reward,1531,115.20510215533561,132.147,SF-P3O,Hopper-v4,0
44235,reward,1532,261.0172957506742,157.02,SF-P3O,Hopper-v4,0
44354,reward,1533,253.08802554589371,167.02,SF-P3O,Hopper-v4,0
44442,reward,1534,177.39417028781395,173.692,SF-P3O,Hopper-v4,0
44468,reward,1535,39.31835973402251,171.307,SF-P3O,Hopper-v4,0
44550,reward,1536,174.98060342928227,169.844,SF-P3O,Hopper-v4,0
44653,reward,1537,226.6944521243021,176.62,SF-P3O,Hopper-v4,0
44705,reward,1538,90.94509537080465,165.36,SF-P3O,Hopper-v4,0
44810,reward,1539,254.1301342116994,167.829,SF-P3O,Hopper-v4,0
44881,reward,1540,139.89052022063032,173.266,SF-P3O,Hopper-v4,0
44972,reward,1541,183.64223791003624,180.11,SF-P3O,Hopper-v4,0
45039,reward,1542,128.29512033587932,166.838,SF-P3O,Hopper-v4,0
45091,reward,1543,83.97308971523738,149.926,SF-P3O,Hopper-v4,0
45161,reward,1544,119.2635335786368,144.113,SF-P3O,Hopper-v4,0
45279,reward,1545,282.1934414407339,168.401,SF-P3O,Hopper-v4,0
45326,reward,1546,78.41121444274013,158.744,SF-P3O,Hopper-v4,0
45443,reward,1547,265.43991024450514,162.618,SF-P3O,Hopper-v4,0
45533,reward,1548,199.54742868325897,173.479,SF-P3O,Hopper-v4,0
45592,reward,1549,100.79484395510296,158.145,SF-P3O,Hopper-v4,0
45655,reward,1550,118.99166279689777,156.055,SF-P3O,Hopper-v4,0
45698,reward,1551,73.5332653393655,145.044,SF-P3O,Hopper-v4,0
45794,reward,1552,211.60997735984606,153.376,SF-P3O,Hopper-v4,0
45843,reward,1553,84.78322344321134,153.457,SF-P3O,Hopper-v4,0
45890,reward,1554,81.21862966244484,149.652,SF-P3O,Hopper-v4,0
46000,reward,1555,233.60243269196306,144.793,SF-P3O,Hopper-v4,0
46064,reward,1556,118.04143812681944,148.756,SF-P3O,Hopper-v4,0
46153,reward,1557,190.1931439314445,141.232,SF-P3O,Hopper-v4,0
46222,reward,1558,128.1298630367696,134.09,SF-P3O,Hopper-v4,0
46295,reward,1559,136.6439684888259,137.675,SF-P3O,Hopper-v4,0
46354,reward,1560,101.49292959074809,135.925,SF-P3O,Hopper-v4,0
46451,reward,1561,211.13032592784916,149.685,SF-P3O,Hopper-v4,0
46526,reward,1562,134.51032355184205,141.975,SF-P3O,Hopper-v4,0
46570,reward,1563,78.03463951720641,141.3,SF-P3O,Hopper-v4,0
46662,reward,1564,187.77742052099896,151.956,SF-P3O,Hopper-v4,0
46729,reward,1565,130.30278397997685,141.626,SF-P3O,Hopper-v4,0
46818,reward,1566,159.90717175353205,145.812,SF-P3O,Hopper-v4,0
46911,reward,1567,211.18698606849284,147.912,SF-P3O,Hopper-v4,0
47025,reward,1568,247.9607412415609,159.895,SF-P3O,Hopper-v4,0
47081,reward,1569,98.10268622072246,156.041,SF-P3O,Hopper-v4,0
47179,reward,1570,195.95898069422222,165.487,SF-P3O,Hopper-v4,0
47279,reward,1571,237.37036387744334,168.111,SF-P3O,Hopper-v4,0
47349,reward,1572,132.78387448653504,167.939,SF-P3O,Hopper-v4,0
47394,reward,1573,74.32529615944138,167.568,SF-P3O,Hopper-v4,0
47450,reward,1574,93.74454391770234,158.164,SF-P3O,Hopper-v4,0
47509,reward,1575,106.81687266863523,155.816,SF-P3O,Hopper-v4,0
47585,reward,1576,146.1000012837295,154.435,SF-P3O,Hopper-v4,0
47631,reward,1577,78.7372989551392,141.19,SF-P3O,Hopper-v4,0
47710,reward,1578,159.75485246142833,132.369,SF-P3O,Hopper-v4,0
47836,reward,1579,313.4516903496426,153.904,SF-P3O,Hopper-v4,0
47937,reward,1580,237.2187507395692,158.03,SF-P3O,Hopper-v4,0
48017,reward,1581,156.71418823363598,149.965,SF-P3O,Hopper-v4,0
48117,reward,1582,221.0007250762291,158.786,SF-P3O,Hopper-v4,0
48167,reward,1583,79.15539137325267,159.269,SF-P3O,Hopper-v4,0
48277,reward,1584,228.89381552428227,172.784,SF-P3O,Hopper-v4,0
48391,reward,1585,254.58605243432882,187.561,SF-P3O,Hopper-v4,0
48434,reward,1586,63.74022420115636,179.325,SF-P3O,Hopper-v4,0
48525,reward,1587,204.02435427859513,191.854,SF-P3O,Hopper-v4,0
48543,reward,1588,21.228739439027983,178.001,SF-P3O,Hopper-v4,0
48630,reward,1589,178.31956436349603,164.488,SF-P3O,Hopper-v4,0
48731,reward,1590,242.776339660759,165.044,SF-P3O,Hopper-v4,0
48822,reward,1591,208.7690380078946,170.249,SF-P3O,Hopper-v4,0
48881,reward,1592,108.54025304604538,159.003,SF-P3O,Hopper-v4,0
48923,reward,1593,70.48088588182102,158.136,SF-P3O,Hopper-v4,0
48978,reward,1594,98.05890756634484,145.052,SF-P3O,Hopper-v4,0
49042,reward,1595,116.65832969333881,131.26,SF-P3O,Hopper-v4,0
49128,reward,1596,156.629710040456,140.549,SF-P3O,Hopper-v4,0
49152,loss,-0.01180965080857277,0.4355216324329376,SF-P3O,Hopper-v4,0
49152,diagnostics,0.0,53.98,2.5495,0.017725,0.95786,0.2296,0.151372,SF-P3O,Hopper-v4,0
49216,reward,1597,191.38735262993538,139.285,SF-P3O,Hopper-v4,0
49290,reward,1598,154.6860437496822,152.631,SF-P3O,Hopper-v4,0
49363,reward,1599,145.537732757858,149.352,SF-P3O,Hopper-v4,0
49446,reward,1600,176.64759235970726,142.74,SF-P3O,Hopper-v4,0
49499,reward,1601,79.04271451414867,129.767,SF-P3O,Hopper-v4,0
49608,reward,1602,250.0491420474154,143.918,SF-P3O,Hopper-v4,0
49723,reward,1603,261.80734077636583,163.05,SF-P3O,Hopper-v4,0
49814,reward,1604,191.66486714925094,172.411,SF-P3O,Hopper-v4,0
49934,reward,1605,249.2405766451767,185.669,SF-P3O,Hopper-v4,0
49969,reward,1606,60.26315640532805,176.033,SF-P3O,Hopper-v4,0
50000,speed,459.65,1.26,SF-P3O,Hopper-v4,0
50001,spectral,0.017725,0.95786,0.2296,SF-P3O,Hopper-v4,0
50027,reward,1607,95.1173943809751,166.406,SF-P3O,Hopper-v4,0
50144,reward,1608,245.64534219434228,175.502,SF-P3O,Hopper-v4,0
50258,reward,1609,238.25754758987287,184.774,SF-P3O,Hopper-v4,0
50343,reward,1610,177.09602983386623,184.818,SF-P3O,Hopper-v4,0
50382,reward,1611,64.8490520057313,183.399,SF-P3O,Hopper-v4,0
50510,reward,1612,285.0271895127493,186.897,SF-P3O,Hopper-v4,0
50614,reward,1613,225.84588756979244,183.301,SF-P3O,Hopper-v4,0
50727,reward,1614,294.77832297377375,193.612,SF-P3O,Hopper-v4,0
50811,reward,1615,183.38472828475918,187.026,SF-P3O,Hopper-v4,0
50903,reward,1616,201.01214150625833,201.101,SF-P3O,Hopper-v4,0
50938,reward,1617,58.271747535714844,197.417,SF-P3O,Hopper-v4,0
51055,reward,1618,224.80095498103353,195.332,SF-P3O,Hopper-v4,0
51135,reward,1619,166.29836417842267,188.136,SF-P3O,Hopper-v4,0
51204,reward,1620,136.52967349860967,184.08,SF-P3O,Hopper-v4,0
51335,reward,1621,291.7170889284981,206.767,SF-P3O,Hopper-v4,0
51425,reward,1622,184.57307977567018,196.721,SF-P3O,Hopper-v4,0
51525,reward,1623,229.2333821326366,197.06,SF-P3O,Hopper-v4,0
51653,reward,1624,314.70346685336585,199.052,SF-P3O,Hopper-v4,0
51766,reward,1625,221.87976059282892,202.902,SF-P3O,Hopper-v4,0
51886,reward,1626,278.1015661749401,210.611,SF-P3O,Hopper-v4,0
52005,reward,1627,237.89852474681751,228.574,SF-P3O,Hopper-v4,0
52091,reward,1628,144.43890808490264,220.537,SF-P3O,Hopper-v4,0
52205,reward,1629,288.4966018883733,232.757,SF-P3O,Hopper-v4,0
52291,reward,1630,187.07561258239156,237.812,SF-P3O,Hopper-v4,0
52387,reward,1631,224.36138052474615,231.076,SF-P3O,Hopper-v4,0
52485,reward,1632,220.0584473079938,234.625,SF-P3O,Hopper-v4,0
52584,reward,1633,219.8111527336071,233.683,SF-P3O,Hopper-v4,0
52709,reward,1634,309.54798130034686,233.167,SF-P3O,Hopper-v4,0
52749,reward,1635,69.65098389813332,217.944,SF-P3O,Hopper-v4,0
52848,reward,1636,225.46710979838446,212.681,SF-P3O,Hopper-v4,0
52938,reward,1637,187.777532193734,207.669,SF-P3O,Hopper-v4,0
53051,reward,1638,267.74555569397563,219.999,SF-P3O,Hopper-v4,0
53142,reward,1639,197.4608776802822,210.896,SF-P3O,Hopper-v4,0
53231,reward,1640,183.94043722161376,210.582,SF-P3O,Hopper-v4,0
53342,reward,1641,248.88780567226834,213.035,SF-P3O,Hopper-v4,0
53437,reward,1642,215.87537350143032,212.616,SF-P3O,Hopper-v4,0
53538,reward,1643,200.39560694990337,210.675,SF-P3O,Hopper-v4,0
53680,reward,1644,322.61326702604794,211.981,SF-P3O,Hopper-v4,0
53785,reward,1645,238.87104764622285,228.903,SF-P3O,Hopper-v4,0
53874,reward,1646,192.59798341006103,225.617,SF-P3O,Hopper-v4,0
53965,reward,1647,196.72065621385804,226.511,SF-P3O,Hopper-v4,0
54058,reward,1648,199.13701042641964,219.65,SF-P3O,Hopper-v4,0
54100,reward,1649,70.65700899406824,206.97,SF-P3O,Hopper-v4,0
54157,reward,1650,101.54529369738744,198.73,SF-P3O,Hopper-v4,0
54247,reward,1651,193.97952338257352,193.239,SF-P3O,Hopper-v4,0
54324,reward,1652,157.25744913907175,187.377,SF-P3O,Hopper-v4,0
54442,reward,1653,285.3345023941606,195.871,SF-P3O,Hopper-v4,0
54540,reward,1654,224.57808720477448,186.068,SF-P3O,Hopper-v4,0
54587,reward,1655,79.65626125188479,170.146,SF-P3O,Hopper-v4,0
54654,reward,1656,127.02006448654969,163.589,SF-P3O,Hopper-v4,0
54750,reward,1657,227.09807584665825,166.626,SF-P3O,Hopper-v4,0
54835,reward,1658,167.61866665648745,163.474,SF-P3O,Hopper-v4,0
54949,reward,1659,249.34014330425248,181.343,SF-P3O,Hopper-v4,0
55060,reward,1660,233.7262111954293,194.561,SF-P3O,Hopper-v4,0
55158,reward,1661,215.012995850306,196.664,SF-P3O,Hopper-v4,0
55283,reward,1662,284.35093410102814,209.374,SF-P3O,Hopper-v4,0
55395,reward,1663,270.63120720134174,207.903,SF-P3O,Hopper-v4,0
55439,reward,1664,78.5266196427347,193.298,SF-P3O,Hopper-v4,0
55523,reward,1665,184.84151724027936,203.817,SF-P3O,Hopper-v4,0
55626,reward,1666,228.7185986836215,213.986,SF-P3O,Hopper-v4,0
55721,reward,1667,214.82700879126796,212.759,SF-P3O,Hopper-v4,0
55816,reward,1668,201.27160951724466,216.125,SF-P3O,Hopper-v4,0
55909,reward,1669,208.49737220539237,212.04,SF-P3O,Hopper-v4,0
56012,reward,1670,227.1499189568717,211.383,SF-P3O,Hopper-v4,0
56153,reward,1671,291.72550764807517,219.054,SF-P3O,Hopper-v4,0
56251,reward,1672,210.1157113609395,211.631,SF-P3O,Hopper-v4,0
56357,reward,1673,216.04773570546433,206.172,SF-P3O,Hopper-v4,0
56457,reward,1674,235.33713401058537,221.853,SF-P3O,Hopper-v4,0
56557,reward,1675,229.58516887558102,226.328,SF-P3O,Hopper-v4,0
56632,reward,1676,141.0523578734277,217.561,SF-P3O,Hopper-v4,0
56722,reward,1677,192.26014580335936,215.304,SF-P3O,Hopper-v4,0
56838,reward,1678,259.4593314809747,221.123,SF-P3O,Hopper-v4,0
56878,reward,1679,66.87737780184204,206.961,SF-P3O,Hopper-v4,0
56972,reward,1680,203.50167244990948,204.596,SF-P3O,Hopper-v4,0
57066,reward,1681,211.27355790297406,196.551,SF-P3O,Hopper-v4,0
57117,reward,1682,90.25091141175187,184.565,SF-P3O,Hopper-v4,0
57155,reward,1683,58.143851616948226,168.774,SF-P3O,Hopper-v4,0
57214,reward,1684,105.40922398163883,155.781,SF-P3O,Hopper-v4,0
57315,reward,1685,222.83466213673566,155.106,SF-P3O,Hopper-v4,0
57344,loss,-0.03885079175233841,0.28738680481910706,SF-P3O,Hopper-v4,0
57379,reward,1686,119.94998543237386,152.996,SF-P3O,Hopper-v4,0
57450,reward,1687,138.6452617220724,147.635,SF-P3O,Hopper-v4,0
57570,reward,1688,300.8519658851591,151.774,SF-P3O,Hopper-v4,0
57677,reward,1689,221.22986505340853,167.209,SF-P3O,Hopper-v4,0
57767,reward,1690,208.01219149772226,167.66,SF-P3O,Hopper-v4,0
57857,reward,1691,200.65476274990348,166.598,SF-P3O,Hopper-v4,0
57940,reward,1692,182.69750299249105,175.843,SF-P3O,Hopper-v4,0
58044,reward,1693,199.23761020141376,189.952,SF-P3O,Hopper-v4,0
58131,reward,1694,193.3624256083262,198.748,SF-P3O,Hopper-v4,0
58199,reward,1695,131.9650186218857,189.661,SF-P3O,Hopper-v4,0
58288,reward,1696,187.37056893167048,196.403,SF-P3O,Hopper-v4,0
58392,reward,1697,220.45356611531392,204.584,SF-P3O,Hopper-v4,0
58465,reward,1698,144.3878320499038,188.937,SF-P3O,Hopper-v4,0
58559,reward,1699,214.36431484756685,188.251,SF-P3O,Hopper-v4,0
58654,reward,1700,193.38840172615332,186.788,SF-P3O,Hopper-v4,0
58772,reward,1701,300.65118540453346,196.788,SF-P3O,Hopper-v4,0
58838,reward,1702,126.25038637097353,191.143,SF-P3O,Hopper-v4,0
58909,reward,1703,141.05367080895823,185.325,SF-P3O,Hopper-v4,0
59000,reward,1704,195.29041058483776,185.518,SF-P3O,Hopper-v4,0
59025,reward,1705,42.723720889614654,176.593,SF-P3O,Hopper-v4,0
59122,reward,1706,220.72382088782473,179.929,SF-P3O,Hopper-v4,0
59210,reward,1707,186.00225092264782,176.484,SF-P3O,Hopper-v4,0
59317,reward,1708,265.4849786354975,188.593,SF-P3O,Hopper-v4,0
59444,reward,1709,314.6157106495318,198.618,SF-P3O,Hopper-v4,0
59564,reward,1710,312.32114338850323,210.512,SF-P3O,Hopper-v4,0
59651,reward,1711,188.48339577541242,199.295,SF-P3O,Hopper-v4,0
59742,reward,1712,201.08863212290515,206.779,SF-P3O,Hopper-v4,0
59836,reward,1713,187.4642404420232,211.42,SF-P3O,Hopper-v4,0
59935,reward,1714,213.43582309133208,213.234,SF-P3O,Hopper-v4,0
60000,speed,686.45,1.51,SF-P3O,Hopper-v4,0
60001,spectral,0.019403,0.956663,0.2452,SF-P3O,Hopper-v4,0
60017,reward,1715,162.93026129545447,225.255,SF-P3O,Hopper-v4,0
60101,reward,1716,182.2489211436905,221.408,SF-P3O,Hopper-v4,0
60188,reward,1717,190.4218385466616,221.849,SF-P3O,Hopper-v4,0
60297,reward,1718,251.6138963054154,220.462,SF-P3O,Hopper-v4,0
60367,reward,1719,130.29372674810992,202.03,SF-P3O,Hopper-v4,0
60384,reward,1720,20.285192388916535,172.827,SF-P3O,Hopper-v4,0
60487,reward,1721,204.11359093373898,174.39,SF-P3O,Hopper-v4,0
60570,reward,1722,182.5031768998674,172.531,SF-P3O,Hopper-v4,0
60679,reward,1723,271.040543497261,180.889,SF-P3O,Hopper-v4,0
60777,reward,1724,192.55659301181714,178.801,SF-P3O,Hopper-v4,0
60865,reward,1725,186.23295050984856,181.131,SF-P3O,Hopper-v4,0
60939,reward,1726,139.26424701557573,176.833,SF-P3O,Hopper-v4,0
61031,reward,1727,199.2926736563695,177.72,SF-P3O,Hopper-v4,0
61115,reward,1728,179.0267526499325,170.461,SF-P3O,Hopper-v4,0
61216,reward,1729,197.60974644704297,177.193,SF-P3O,Hopper-v4,0
61344,reward,1730,318.1813399095104,206.982,SF-P3O,Hopper-v4,0
61461,reward,1731,274.388705998293,214.01,SF-P3O,Hopper-v4,0
61563,reward,1732,214.47341296249678,217.207,SF-P3O,Hopper-v4,0
61697,reward,1733,322.538262253482,222.356,SF-P3O,Hopper-v4,0
61820,reward,1734,282.0881720943553,231.31,SF-P3O,Hopper-v4,0
61908,reward,1735,188.43169990090178,231.53,SF-P3O,Hopper-v4,0
62017,reward,1736,265.07208850655195,244.11,SF-P3O,Hopper-v4,0
62092,reward,1737,154.97508369963626,239.679,SF-P3O,Hopper-v4,0
62182,reward,1738,184.989192169888,240.275,SF-P3O,Hopper-v4,0
62218,reward,1739,60.37751917812172,226.552,SF-P3O,Hopper-v4,0
62339,reward,1740,270.80919482773606,221.814,SF-P3O,Hopper-v4,0
62424,reward,1741,183.6829897940658,212.744,SF-P3O,Hopper-v4,0
62542,reward,1742,268.8021300331376,218.177,SF-P3O,Hopper-v4,0
62636,reward,1743,210.93067664390958,207.016,SF-P3O,Hopper-v4,0
62744,reward,1744,257.61650279338136,204.569,SF-P3O,Hopper-v4,0
62824,reward,1745,161.00717103561735,201.826,SF-P3O,Hopper-v4,0
62915,reward,1746,184.44534916346524,193.764,SF-P3O,Hopper-v4,0
63004,reward,1747,184.17799905816847,196.684,SF-P3O,Hopper-v4,0
63129,reward,1748,294.2901720156743,207.614,SF-P3O,Hopper-v4,0
63222,reward,1749,187.71243805372444,220.347,SF-P3O,Hopper-v4,0
63354,reward,1750,314.19676247112034,224.686,SF-P3O,Hopper-v4,0
63458,reward,1751,226.99381167941047,229.017,SF-P3O,Hopper-v4,0
63575,reward,1752,291.0502987786525,231.242,SF-P3O,Hopper-v4,0
63659,reward,1753,163.37251606744368,226.486,SF-P3O,Hopper-v4,0
63774,reward,1754,290.37145743914067,229.762,SF-P3O,Hopper-v4,0
63833,reward,1755,103.46944902704975,224.008,SF-P3O,Hopper-v4,0
63927,reward,1756,210.08282951471682,226.572,SF-P3O,Hopper-v4,0
64011,reward,1757,178.50623239831395,226.005,SF-P3O,Hopper-v4,0
64076,reward,1758,118.2250538503294,208.398,SF-P3O,Hopper-v4,0
64158,reward,1759,178.69029472791792,207.496,SF-P3O,Hopper-v4,0
64243,reward,1760,180.27330820037318,194.104,SF-P3O,Hopper-v4,0
64322,reward,1761,169.37453637110949,188.342,SF-P3O,Hopper-v4,0
64446,reward,1762,293.6495456903056,188.602,SF-P3O,Hopper-v4,0
64572,reward,1763,290.4510621069099,201.309,SF-P3O,Hopper-v4,0
64686,reward,1764,239.79419302032338,196.252,SF-P3O,Hopper-v4,0
64726,reward,1765,66.77307223651492,192.582,SF-P3O,Hopper-v4,0
64837,reward,1766,269.09482904469877,198.483,SF-P3O,Hopper-v4,0
64926,reward,1767,172.18374665204266,197.851,SF-P3O,Hopper-v4,0
64975,reward,1768,86.79073162195766,194.708,SF-P3O,Hopper-v4,0
65058,reward,1769,175.4299435215358,194.381,SF-P3O,Hopper-v4,0
65144,reward,1770,187.14130397524963,195.068,SF-P3O,Hopper-v4,0
65269,reward,1771,302.07350224260693,208.338,SF-P3O,Hopper-v4,0
65283,reward,1772,13.902011741528918,180.363,SF-P3O,Hopper-v4,0
65412,reward,1773,336.95214300793475,185.014,SF-P3O,Hopper-v4,0
65536,loss,0.04576442763209343,0.276504248380661,SF-P3O,Hopper-v4,0
65536,diagnostics,0.0,54.36,3.5072,0.020903,0.956657,0.2677,0.150009,SF-P3O,Hopper-v4,0
65538,reward,1774,317.02898293402393,192.737,SF-P3O,Hopper-v4,0
65629,reward,1775,181.93781460480614,204.254,SF-P3O,Hopper-v4,0
65721,reward,1776,215.02167357952882,198.846,SF-P3O,Hopper-v4,0
65819,reward,1777,241.6044462193122,205.788,SF-P3O,Hopper-v4,0
65955,reward,1778,334.8589697214812,230.595,SF-P3O,Hopper-v4,0
66045,reward,1779,201.50670921979278,233.203,SF-P3O,Hopper-v4,0
66163,reward,1780,303.6546418594421,244.854,SF-P3O,Hopper-v4,0
66279,reward,1781,291.54268069963143,243.801,SF-P3O,Hopper-v4,0
66374,reward,1782,215.77434799401144,263.988,SF-P3O,Hopper-v4,0
66472,reward,1783,190.07946755361246,249.301,SF-P3O,Hopper-v4,0
66525,reward,1784,93.87424089917381,226.985,SF-P3O,Hopper-v4,0
66627,reward,1785,228.2911620788804,231.621,SF-P3O,Hopper-v4,0
66756,reward,1786,347.08844602105296,244.828,SF-P3O,Hopper-v4,0
66868,reward,1787,262.1591683296385,246.883,SF-P3O,Hopper-v4,0
66972,reward,1788,243.30868810244905,237.728,SF-P3O,Hopper-v4,0
67096,reward,1789,291.29415462491824,246.707,SF-P3O,Hopper-v4,0
67236,reward,1790,320.29175997787763,248.37,SF-P3O,Hopper-v4,0
67323,reward,1791,182.50765979504408,237.467,SF-P3O,Hopper-v4,0
67409,reward,1792,183.4493160311268,234.234,SF-P3O,Hopper-v4,0
67475,reward,1793,116.91549224877802,226.918,SF-P3O,Hopper-v4,0
67539,reward,1794,115.34072106850898,229.065,SF-P3O,Hopper-v4,0
67678,reward,1795,311.03734498824736,237.339,SF-P3O,Hopper-v4,0
67758,reward,1796,155.90226715996891,218.221,SF-P3O,Hopper-v4,0
67812,reward,1797,95.40409703311337,201.545,SF-P3O,Hopper-v4,0
67902,reward,1798,200.23586996805872,197.238,SF-P3O,Hopper-v4,0
67947,reward,1799,71.83877678650282,175.292,SF-P3O,Hopper-v4,0
68042,reward,1800,221.7562686084617,165.439,SF-P3O,Hopper-v4,0
68130,reward,1801,185.50159659615807,165.738,SF-P3O,Hopper-v4,0
68226,reward,1802,205.78574758460476,167.972,SF-P3O,Hopper-v4,0
68271,reward,1803,78.0096614375153,164.081,SF-P3O,Hopper-v4,0
68369,reward,1804,235.2560146508,176.073,SF-P3O,Hopper-v4,0
68491,reward,1805,260.05565160288313,170.975,SF-P3O,Hopper-v4,0
68581,reward,1806,190.46446540185633,174.431,SF-P3O,Hopper-v4,0
68680,reward,1807,199.83529073153323,184.874,SF-P3O,Hopper-v4,0
68779,reward,1808,196.44277637138583,184.495,SF-P3O,Hopper-v4,0
68863,reward,1809,186.10277783517256,195.921,SF-P3O,Hopper-v4,0
68952,reward,1810,200.11866193805955,193.757,SF-P3O,Hopper-v4,0
69028,reward,1811,152.97717800474888,190.505,SF-P3O,Hopper-v4,0
69156,reward,1812,307.81376521340246,200.708,SF-P3O,Hopper-v4,0
69207,reward,1813,89.19002781900718,201.826,SF-P3O,Hopper-v4,0
69306,reward,1814,239.0664252229037,202.207,SF-P3O,Hopper-v4,0
69427,reward,1815,307.90323122738243,206.991,SF-P3O,Hopper-v4,0
69551,reward,1816,242.02070583571742,212.147,SF-P3O,Hopper-v4,0
69649,reward,1817,208.45069922702586,213.009,SF-P3O,Hopper-v4,0
69787,reward,1818,342.7764987613125,227.642,SF-P3O,Hopper-v4,0
69902,reward,1819,251.0606473244362,234.138,SF-P3O,Hopper-v4,0
69937,reward,1820,55.88251218490192,219.714,SF-P3O,Hopper-v4,0
70000,speed,649.75,1.76,SF-P3O,Hopper-v4,0
70001,spectral,0.020903,0.956657,0.2677,SF-P3O,Hopper-v4,0
70096,reward,1821,353.5745362936581,239.774,SF-P3O,Hopper-v4,0
70197,reward,1822,227.65201660320085,231.758,SF-P3O,Hopper-v4,0
70270,reward,1823,145.09190169767163,237.348,SF-P3O,Hopper-v4,0
70359,reward,1824,204.35113596485954,233.876,SF-P3O,Hopper-v4,0
70426,reward,1825,128.87025213680147,215.973,SF-P3O,Hopper-v4,0
70551,reward,1826,284.8253044079859,220.254,SF-P3O,Hopper-v4,0
70683,reward,1827,309.3593471454393,230.344,SF-P3O,Hopper-v4,0
70810,reward,1828,322.76497031354194,228.343,SF-P3O,Hopper-v4,0
70934,reward,1829,295.07018689989707,232.744,SF-P3O,Hopper-v4,0
71026,reward,1830,212.49193709634596,248.405,SF-P3O,Hopper-v4,0
71151,reward,1831,286.0698848370535,241.655,SF-P3O,Hopper-v4,0
71270,reward,1832,294.51116758410024,248.341,SF-P3O,Hopper-v4,0
71357,reward,1833,187.2746140127414,252.559,SF-P3O,Hopper-v4,0
71488,reward,1834,329.5252588978954,265.076,SF-P3O,Hopper-v4,0
71604,reward,1835,229.7263799115785,275.162,SF-P3O,Hopper-v4,0
71728,reward,1836,325.46490457607246,279.226,SF-P3O,Hopper-v4,0
71819,reward,1837,192.70813180430534,267.561,SF-P3O,Hopper-v4,0
71942,reward,1838,321.77980394972855,267.462,SF-P3O,Hopper-v4,0
72040,reward,1839,220.34482594522026,259.99,SF-P3O,Hopper-v4,0
72157,reward,1840,292.97123106981223,268.038,SF-P3O,Hopper-v4,0
72286,reward,1841,324.14436113565085,271.845,SF-P3O,Hopper-v4,0
72411,reward,1842,241.12389145041493,266.506,SF-P3O,Hopper-v4,0
72497,reward,1843,182.93731214525064,266.073,SF-P3O,Hopper-v4,0
72580,reward,1844,164.32753208376988,249.553,SF-P3O,Hopper-v4,0
72683,reward,1845,265.8495846278282,253.165,SF-P3O,Hopper-v4,0
72789,reward,1846,200.3008056611652,240.649,SF-P3O,Hopper-v4,0
72900,reward,1847,275.3582424772601,248.914,SF-P3O,Hopper-v4,0
73005,reward,1848,230.79314259631067,239.815,SF-P3O,Hopper-v4,0
73097,reward,1849,210.69934370692565,238.851,SF-P3O,Hopper-v4,0
73175,reward,1850,144.87484967117067,224.041,SF-P3O,Hopper-v4,0
73279,reward,1851,243.82747990666337,216.009,SF-P3O,Hopper-v4,0
73409,reward,1852,308.59251757221443,222.756,SF-P3O,Hopper-v4,0
73525,reward,1853,291.103549247486,233.573,SF-P3O,Hopper-v4,0
73654,reward,1854,304.0498549027925,247.545,SF-P3O,Hopper-v4,0
73728,loss,-0.10359278321266174,0.24798275530338287,SF-P3O,Hopper-v4,0
73775,reward,1855,287.85642645431915,249.746,SF-P3O,Hopper-v4,0
73923,reward,1856,371.9557019232071,266.911,SF-P3O,Hopper-v4,0
74023,reward,1857,226.6951084026416,262.045,SF-P3O,Hopper-v4,0
74139,reward,1858,282.094206335151,267.175,SF-P3O,Hopper-v4,0
74235,reward,1859,217.2723908187566,267.832,SF-P3O,Hopper-v4,0
74340,reward,1860,238.6624442641364,277.211,SF-P3O,Hopper-v4,0
74464,reward,1861,299.7606283828881,282.804,SF-P3O,Hopper-v4,0
74556,reward,1862,195.41806434057423,271.487,SF-P3O,Hopper-v4,0
74672,reward,1863,279.5287602192238,270.329,SF-P3O,Hopper-v4,0
74758,reward,1864,178.43660985733308,257.768,SF-P3O,Hopper-v4,0
74847,reward,1865,191.05483951543846,248.088,SF-P3O,Hopper-v4,0
74968,reward,1866,268.6648629722572,237.759,SF-P3O,Hopper-v4,0
75060,reward,1867,210.8269166284831,236.172,SF-P3O,Hopper-v4,0
75179,reward,1868,306.85953662422946,238.649,SF-P3O,Hopper-v4,0
75292,reward,1869,289.1978829152506,245.841,SF-P3O,Hopper-v4,0
75418,reward,1870,301.30393229028493,252.105,SF-P3O,Hopper-v4,0
75536,reward,1871,296.8440852963072,251.814,SF-P3O,Hopper-v4,0
75663,reward,1872,314.32388386106015,263.704,SF-P3O,Hopper-v4,0
75792,reward,1873,337.67139732152134,269.518,SF-P3O,Hopper-v4,0
75888,reward,1874,208.40386762905138,272.515,SF-P3O,Hopper-v4,0
76016,reward,1875,302.5672100388091,283.666,SF-P3O,Hopper-v4,0
76118,reward,1876,227.6840241100912,279.568,SF-P3O,Hopper-v4,0
76216,reward,1877,233.73019323621708,281.859,SF-P3O,Hopper-v4,0
76327,reward,1878,260.5712887679881,277.23,SF-P3O,Hopper-v4,0
76444,reward,1879,278.63211108871457,276.173,SF-P3O,Hopper-v4,0
76536,reward,1880,205.36230458345472,266.579,SF-P3O,Hopper-v4,0
76660,reward,1881,286.0530331686065,265.5,SF-P3O,Hopper-v4,0
76750,reward,1882,186.6400893288654,252.732,SF-P3O,Hopper-v4,0
76866,reward,1883,271.943047486398,246.159,SF-P3O,Hopper-v4,0
76993,reward,1884,304.09971940167634,255.728,SF-P3O,Hopper-v4,0
77075,reward,1885,173.79557956169688,242.851,SF-P3O,Hopper-v4,0
77198,reward,1886,302.77091555566693,250.36,SF-P3O,Hopper-v4,0
77309,reward,1887,287.7486484562095,255.762,SF-P3O,Hopper-v4,0
77439,reward,1888,323.5357417798754,262.058,SF-P3O,Hopper-v4,0
77531,reward,1889,205.49365860647833,254.744,SF-P3O,Hopper-v4,0
77639,reward,1890,266.1535821689466,260.823,SF-P3O,Hopper-v4,0
77735,reward,1891,219.63871525430514,254.182,SF-P3O,Hopper-v4,0
77858,reward,1892,314.5856618151691,266.977,SF-P3O,Hopper-v4,0
77946,reward,1893,174.49637920822838,257.232,SF-P3O,Hopper-v4,0
78068,reward,1894,304.09490772214036,257.231,SF-P3O,Hopper-v4,0
78157,reward,1895,188.14967780671947,258.667,SF-P3O,Hopper-v4,0
78243,reward,1896,177.98321977120736,246.188,SF-P3O,Hopper-v4,0
78344,reward,1897,214.24960484733086,238.838,SF-P3O,Hopper-v4,0
78474,reward,1898,313.49862999980235,237.834,SF-P3O,Hopper-v4,0
78602,reward,1899,311.7496134099107,248.46,SF-P3O,Hopper-v4,0
78687,reward,1900,171.76725585367177,239.021,SF-P3O,Hopper-v4,0
78804,reward,1901,248.17803887981523,241.875,SF-P3O,Hopper-v4,0
78898,reward,1902,189.15059817850045,229.332,SF-P3O,Hopper-v4,0
78991,reward,1903,209.5078158255349,232.833,SF-P3O,Hopper-v4,0
79104,reward,1904,283.436330564845,230.767,SF-P3O,Hopper-v4,0
79207,reward,1905,235.29662268818043,235.482,SF-P3O,Hopper-v4,0
79343,reward,1906,342.2162332517819,251.905,SF-P3O,Hopper-v4,0
79474,reward,1907,303.9606237999234,260.876,SF-P3O,Hopper-v4,0
79559,reward,1908,179.4051834648813,247.467,SF-P3O,Hopper-v4,0
79653,reward,1909,224.10248625658596,238.702,SF-P3O,Hopper-v4,0
79739,reward,1910,186.14408103261044,240.14,SF-P3O,Hopper-v4,0
79857,reward,1911,294.8493428712124,244.807,SF-P3O,Hopper-v4,0
79944,reward,1912,189.02137073479972,244.794,SF-P3O,Hopper-v4,0
80000,speed,693.35,2.0,SF-P3O,Hopper-v4,0
80001,spectral,0.021974,0.955466,0.2456,SF-P3O,Hopper-v4,0
80061,reward,1913,289.56260469542894,252.799,SF-P3O,Hopper-v4,0
80148,reward,1914,190.52610840658247,243.508,SF-P3O,Hopper-v4,0
80250,reward,1915,197.70642300450467,239.749,SF-P3O,Hopper-v4,0
80355,reward,1916,261.0596559257687,231.634,SF-P3O,Hopper-v4,0
80486,reward,1917,286.8019689864459,229.918,SF-P3O,Hopper-v4,0
80596,reward,1918,269.1027955028781,238.888,SF-P3O,Hopper-v4,0
80693,reward,1919,211.44560618182192,237.622,SF-P3O,Hopper-v4,0
80808,reward,1920,285.46718440766585,247.554,SF-P3O,Hopper-v4,0
80939,reward,1921,341.3350231170916,252.203,SF-P3O,Hopper-v4,0
81028,reward,1922,185.53675979429113,251.854,SF-P3O,Hopper-v4,0
81088,reward,1923,104.42012847938149,233.34,SF-P3O,Hopper-v4,0
81175,reward,1924,193.36731907222662,233.624,SF-P3O,Hopper-v4,0
81274,reward,1925,228.6984223428309,236.723,SF-P3O,Hopper-v4,0
81414,reward,1926,314.01196143439313,242.019,SF-P3O,Hopper-v4,0
81536,reward,1927,313.20163104816976,244.659,SF-P3O,Hopper-v4,0
81624,reward,1928,191.33338263406102,236.882,SF-P3O,Hopper-v4,0
81711,reward,1929,183.30580871934941,234.068,SF-P3O,Hopper-v4,0
81841,reward,1930,313.2760055341938,236.849,SF-P3O,Hopper-v4,0
81920,loss,-0.03569944202899933,0.3193247616291046,SF-P3O,Hopper-v4,0
81920,diagnostics,0.0,54.61,11.6874,0.022754,0.955196,0.2581,0.147494,SF-P3O,Hopper-v4,0
81962,reward,1931,290.0155018639399,231.717,SF-P3O,Hopper-v4,0
82077,reward,1932,296.4368813099943,242.807,SF-P3O,Hopper-v4,0
82194,reward,1933,292.27721760270583,261.592,SF-P3O,Hopper-v4,0
82304,reward,1934,272.8636587458677,269.542,SF-P3O,Hopper-v4,0
82395,reward,1935,189.15256395729293,265.587,SF-P3O,Hopper-v4,0
82479,reward,1936,171.40711085099608,251.327,SF-P3O,Hopper-v4,0
82572,reward,1937,210.60389353682515,241.067,SF-P3O,Hopper-v4,0
82680,reward,1938,225.1805837411436,244.452,SF-P3O,Hopper-v4,0
82811,reward,1939,334.68774928731676,259.59,SF-P3O,Hopper-v4,0
82917,reward,1940,261.31951438157324,254.394,SF-P3O,Hopper-v4,0
83009,reward,1941,197.68752760589007,245.162,SF-P3O,Hopper-v4,0
83134,reward,1942,291.85740245872745,244.704,SF-P3O,Hopper-v4,0
83240,reward,1943,255.34840738464123,241.011,SF-P3O,Hopper-v4,0
83324,reward,1944,178.11752196972327,231.536,SF-P3O,Hopper-v4,0
83436,reward,1945,265.74416811116004,239.195,SF-P3O,Hopper-v4,0
83524,reward,1946,182.90274860020108,240.345,SF-P3O,Hopper-v4,0
83630,reward,1947,256.2745698792526,244.912,SF-P3O,Hopper-v4,0
83757,reward,1948,305.66659492375624,252.961,SF-P3O,Hopper-v4,0
83826,reward,1949,126.69864508617802,232.162,SF-P3O,Hopper-v4,0
83940,reward,1950,265.44005289514234,232.574,SF-P3O,Hopper-v4,0
84034,reward,1951,206.25322777703676,233.43,SF-P3O,Hopper-v4,0
84136,reward,1952,240.10924437424023,228.256,SF-P3O,Hopper-v4,0
84226,reward,1953,198.33857171123466,222.555,SF-P3O,Hopper-v4,0
84317,reward,1954,208.08305096296638,225.551,SF-P3O,Hopper-v4,0
84438,reward,1955,291.28969386670485,228.106,SF-P3O,Hopper-v4,0
84547,reward,1956,237.77011588419126,233.592,SF-P3O,Hopper-v4,0
84664,reward,1957,287.0738102899672,236.672,SF-P3O,Hopper-v4,0
84728,reward,1958,117.47012351991879,217.853,SF-P3O,Hopper-v4,0
84833,reward,1959,254.56731961468537,230.64,SF-P3O,Hopper-v4,0
84938,reward,1960,245.59381312362703,228.655,SF-P3O,Hopper-v4,0
85032,reward,1961,209.97660722699675,229.027,SF-P3O,Hopper-v4,0
85151,reward,1962,282.42659381020536,233.259,SF-P3O,Hopper-v4,0
85276,reward,1963,309.1303526207208,244.338,SF-P3O,Hopper-v4,0
85370,reward,1964,207.9788162054137,244.328,SF-P3O,Hopper-v4,0
85483,reward,1965,285.86354974191147,243.785,SF-P3O,Hopper-v4,0
85598,reward,1966,291.34595133593785,249.143,SF-P3O,Hopper-v4,0
85720,reward,1967,295.3669253529322,249.972,SF-P3O,Hopper-v4,0
85851,reward,1968,324.61564745644324,270.687,SF-P3O,Hopper-v4,0
85914,reward,1969,117.05237023683065,256.935,SF-P3O,Hopper-v4,0
86013,reward,1970,231.13142526051584,255.489,SF-P3O,Hopper-v4,0
86117,reward,1971,241.2369685859149,258.615,SF-P3O,Hopper-v4,0
86226,reward,1972,281.8697138568375,258.559,SF-P3O,Hopper-v4,0
86357,reward,1973,319.210434176028,259.567,SF-P3O,Hopper-v4,0
86462,reward,1974,264.0518348711366,265.174,SF-P3O,Hopper-v4,0
86548,reward,1975,190.18895489156895,255.607,SF-P3O,Hopper-v4,0
86568,reward,1976,28.752816247714108,229.348,SF-P3O,Hopper-v4,0
86660,reward,1977,204.0101704552372,220.212,SF-P3O,Hopper-v4,0
86763,reward,1978,246.13592027706125,212.364,SF-P3O,Hopper-v4,0
86861,reward,1979,229.28657373875131,223.587,SF-P3O,Hopper-v4,0
86978,reward,1980,301.14994627673065,230.589,SF-P3O,Hopper-v4,0
87067,reward,1981,198.45712289526818,226.311,SF-P3O,Hopper-v4,0
87154,reward,1982,190.804165458616,217.205,SF-P3O,Hopper-v4,0
87259,reward,1983,248.0488296358226,210.089,SF-P3O,Hopper-v4,0
87370,reward,1984,258.26877497741526,209.51,SF-P3O,Hopper-v4,0
87463,reward,1985,203.001668348908,210.792,SF-P3O,Hopper-v4,0
87546,reward,1986,165.3509906496004,224.451,SF-P3O,Hopper-v4,0
87669,reward,1987,302.54700716562104,234.305,SF-P3O,Hopper-v4,0
87756,reward,1988,190.71081510298092,228.763,SF-P3O,Hopper-v4,0
87859,reward,1989,244.54311834256941,230.288,SF-P3O,Hopper-v4,0
87953,reward,1990,219.1583399127973,222.089,SF-P3O,Hopper-v4,0
88073,reward,1991,296.16815269965264,231.86,SF-P3O,Hopper-v4,0
88179,reward,1992,263.1516026884384,239.095,SF-P3O,Hopper-v4,0
88296,reward,1993,316.37409225664084,245.927,SF-P3O,Hopper-v4,0
88412,reward,1994,287.73182522367364,248.874,SF-P3O,Hopper-v4,0
88515,reward,1995,240.64478095026547,252.638,SF-P3O,Hopper-v4,0
88644,reward,1996,311.9870767178912,267.302,SF-P3O,Hopper-v4,0
88730,reward,1997,189.382564709853,255.985,SF-P3O,Hopper-v4,0
88830,reward,1998,235.6229757330445,260.476,SF-P3O,Hopper-v4,0
88952,reward,1999,285.09749564649593,264.532,SF-P3O,Hopper-v4,0
89038,reward,2000,185.03465792478906,261.12,SF-P3O,Hopper-v4,0
89147,reward,2001,262.867123293296,257.789,SF-P3O,Hopper-v4,0
89228,reward,2002,169.3101180855574,248.405,SF-P3O,Hopper-v4,0
89331,reward,2003,230.26583294583358,239.794,SF-P3O,Hopper-v4,0
89429,reward,2004,225.63237257035118,233.584,SF-P3O,Hopper-v4,0
89511,reward,2005,163.49029243404618,225.869,SF-P3O,Hopper-v4,0
89600,reward,2006,185.0129624995539,213.172,SF-P3O,Hopper-v4,0
89688,reward,2007,189.52680701128895,213.186,SF-P3O,Hopper-v4,0
89812,reward,2008,300.8545993892315,219.709,SF-P3O,Hopper-v4,0
89915,reward,2009,254.9827606405605,216.698,SF-P3O,Hopper-v4,0
90000,speed,691.7,2.24,SF-P3O,Hopper-v4,0
90001,spectral,0.022754,0.955196,0.2581,SF-P3O,Hopper-v4,0
90012,reward,2010,224.2774098390769,220.622,SF-P3O,Hopper-v4,0
90101,reward,2011,185.56933420149156,212.892,SF-P3O,Hopper-v4,0
90112,loss,0.008285436779260635,0.3809901773929596,SF-P3O,Hopper-v4,0
90227,reward,2012,310.7482490495516,227.036,SF-P3O,Hopper-v4,0
90349,reward,2013,296.87425488424446,233.697,SF-P3O,Hopper-v4,0
90466,reward,2014,293.0487068394653,240.439,SF-P3O,Hopper-v4,0
90591,reward,2015,318.0691590705331,255.896,SF-P3O,Hopper-v4,0
90707,reward,2016,302.17904377737926,267.613,SF-P3O,Hopper-v4,0
90829,reward,2017,295.2199580562818,278.182,SF-P3O,Hopper-v4,0
90920,reward,2018,192.88024268162332,267.385,SF-P3O,Hopper-v4,0
91016,reward,2019,221.95070541403842,264.082,SF-P3O,Hopper-v4,0
91105,reward,2020,199.89067411681577,261.643,SF-P3O,Hopper-v4,0
91219,reward,2021,286.9037195699432,271.776,SF-P3O,Hopper-v4,0
91338,reward,2022,291.33844169778376,269.835,SF-P3O,Hopper-v4,0
91433,reward,2023,210.26403470525563,261.174,SF-P3O,Hopper-v4,0
91567,reward,2024,298.62153538907813,261.732,SF-P3O,Hopper-v4,0
91667,reward,2025,226.54578267570378,252.579,SF-P3O,Hopper-v4,0
91762,reward,2026,210.1554057585642,243.377,SF-P3O,Hopper-v4,0
91813,reward,2027,89.29783084123004,222.785,SF-P3O,Hopper-v4,0
91931,reward,2028,298.392653669245,233.336,SF-P3O,Hopper-v4,0
92053,reward,2029,318.57412219205804,242.998,SF-P3O,Hopper-v4,0
92146,reward,2030,212.33544141093284,244.243,SF-P3O,Hopper-v4,0
92256,reward,2031,270.2056871945062,242.573,SF-P3O,Hopper-v4,0
92373,reward,2032,298.2541531989337,243.265,SF-P3O,Hopper-v4,0
92472,reward,2033,224.47179735038816,244.685,SF-P3O,Hopper-v4,0
92565,reward,2034,213.01656573297902,236.125,SF-P3O,Hopper-v4,0
92669,reward,2035,242.70527234991863,237.741,SF-P3O,Hopper-v4,0
92774,reward,2036,257.8985146226372,242.515,SF-P3O,Hopper-v4,0
92863,reward,2037,195.44638277850402,253.13,SF-P3O,Hopper-v4,0
92979,reward,2038,280.0938980020372,251.3,SF-P3O,Hopper-v4,0
93079,reward,2039,234.43404525805443,242.886,SF-P3O,Hopper-v4,0
93204,reward,2040,316.73648710480717,253.326,SF-P3O,Hopper-v4,0
93289,reward,2041,182.87075543734085,244.593,SF-P3O,Hopper-v4,0
93381,reward,2042,200.5757866400759,234.825,SF-P3O,Hopper-v4,0
93457,reward,2043,153.06205078495663,227.684,SF-P3O,Hopper-v4,0
93577,reward,2044,286.48907185762255,235.031,SF-P3O,Hopper-v4,0
93700,reward,2045,309.68811207791305,241.73,SF-P3O,Hopper-v4,0
93819,reward,2046,317.6997854394035,247.71,SF-P3O,Hopper-v4,0
93934,reward,2047,290.4345119504547,257.208,SF-P3O,Hopper-v4,0
94008,reward,2048,149.255034261504,244.125,SF-P3O,Hopper-v4,0
94094,reward,2049,186.24182998252857,239.305,SF-P3O,Hopper-v4,0
94226,reward,2050,299.9050315038691,237.622,SF-P3O,Hopper-v4,0
94304,reward,2051,149.85515350524693,234.321,SF-P3O,Hopper-v4,0
94415,reward,2052,277.94107678250487,242.057,SF-P3O,Hopper-v4,0
94516,reward,2053,239.47904976644563,250.699,SF-P3O,Hopper-v4,0
94619,reward,2054,237.58612482221238,245.809,SF-P3O,Hopper-v4,0
94744,reward,2055,286.79577800655505,243.519,SF-P3O,Hopper-v4,0
94875,reward,2056,333.8336631972122,245.133,SF-P3O,Hopper-v4,0
94960,reward,2057,171.0210462049906,233.191,SF-P3O,Hopper-v4,0
95084,reward,2058,325.7154453792227,250.837,SF-P3O,Hopper-v4,0
95170,reward,2059,186.72416071053271,250.886,SF-P3O,Hopper-v4,0
95256,reward,2060,187.0820601050051,239.603,SF-P3O,Hopper-v4,0
95379,reward,2061,318.47751235597644,256.466,SF-P3O,Hopper-v4,0
95490,reward,2062,288.3057730633792,257.502,SF-P3O,Hopper-v4,0
95629,reward,2063,315.18490455569923,265.073,SF-P3O,Hopper-v4,0
95743,reward,2064,277.7308619616315,269.087,SF-P3O,Hopper-v4,0
95841,reward,2065,229.75466465409647,263.383,SF-P3O,Hopper-v4,0
95947,reward,2066,263.06645618549516,256.306,SF-P3O,Hopper-v4,0
96064,reward,2067,293.4075579129597,268.545,SF-P3O,Hopper-v4,0
96147,reward,2068,173.85841068285112,253.359,SF-P3O,Hopper-v4,0
96233,reward,2069,183.387321080287,253.026,SF-P3O,Hopper-v4,0
96345,reward,2070,274.09534115647364,261.727,SF-P3O,Hopper-v4,0
96438,reward,2071,200.8189995260051,249.961,SF-P3O,Hopper-v4,0
96515,reward,2072,154.5628144240502,236.587,SF-P3O,Hopper-v4,0
96631,reward,2073,293.5491544496156,234.423,SF-P3O,Hopper-v4,0
96730,reward,2074,216.0751017715644,228.258,SF-P3O,Hopper-v4,0
96820,reward,2075,187.68752866115574,224.051,SF-P3O,Hopper-v4,0
96939,reward,2076,301.1412316074364,227.858,SF-P3O,Hopper-v4,0
97032,reward,2077,206.38910625379782,219.157,SF-P3O,Hopper-v4,0
97118,reward,2078,180.41122613983217,219.812,SF-P3O,Hopper-v4,0
97206,reward,2079,194.21513604744263,220.895,SF-P3O,Hopper-v4,0
97327,reward,2080,317.49110635916963,225.234,SF-P3O,Hopper-v4,0
97429,reward,2081,222.41114600635694,227.393,SF-P3O,Hopper-v4,0
97551,reward,2082,317.7826757561334,243.715,SF-P3O,Hopper-v4,0
97667,reward,2083,293.3291677746115,243.693,SF-P3O,Hopper-v4,0
97784,reward,2084,293.7463791543914,251.46,SF-P3O,Hopper-v4,0
97911,reward,2085,301.69879233955584,262.862,SF-P3O,Hopper-v4,0
98015,reward,2086,251.2671088316349,257.874,SF-P3O,Hopper-v4,0
98124,reward,2087,272.1859198881073,264.454,SF-P3O,Hopper-v4,0
98246,reward,2088,284.5677840387209,274.87,SF-P3O,Hopper-v4,0
98304,loss,-0.05802234262228012,0.3717575967311859,SF-P3O,Hopper-v4,0
98304,diagnostics,0.0,54.83,7.7088,0.024163,0.955569,0.258,0.147154,SF-P3O,Hopper-v4,0
98364,reward,2089,299.4672953454361,285.395,SF-P3O,Hopper-v4,0
98490,reward,2090,307.90661393526267,284.436,SF-P3O,Hopper-v4,0
98599,reward,2091,269.40244387763363,289.135,SF-P3O,Hopper-v4,0
98727,reward,2092,320.7666722791971,289.434,SF-P3O,Hopper-v4,0
98849,reward,2093,304.95930427385576,290.597,SF-P3O,Hopper-v4,0
98969,reward,2094,308.4116696096357,292.063,SF-P3O,Hopper-v4,0
99101,reward,2095,319.913956782814,293.885,SF-P3O,Hopper-v4,0
99223,reward,2096,326.9332399681978,301.451,SF-P3O,Hopper-v4,0
99311,reward,2097,196.76447114206044,293.909,SF-P3O,Hopper-v4,0
99424,reward,2098,283.59429626383604,293.812,SF-P3O,Hopper-v4,0
99550,reward,2099,292.6709138727285,293.132,SF-P3O,Hopper-v4,0
99675,reward,2100,317.43458076569266,294.085,SF-P3O,Hopper-v4,0
99797,reward,2101,284.0086376349244,295.546,SF-P3O,Hopper-v4,0
99925,reward,2102,290.873771027056,292.556,SF-P3O,Hopper-v4,0
100000,speed,455.16,2.61,SF-P3O,Hopper-v4,0
100001,spectral,0.024163,0.955569,0.258,SF-P3O,Hopper-v4,0
100047,reward,2103,290.47272381168165,291.108,SF-P3O,Hopper-v4,0
100162,reward,2104,278.6429455481468,288.131,SF-P3O,Hopper-v4,0
100277,reward,2105,290.20309101895714,285.16,SF-P3O,Hopper-v4,0
100370,reward,2106,200.65256719830163,272.532,SF-P3O,Hopper-v4,0
100485,reward,2107,282.03117277198027,281.058,SF-P3O,Hopper-v4,0
100604,reward,2108,279.715048824516,280.671,SF-P3O,Hopper-v4,0
100698,reward,2109,220.31553476889923,273.435,SF-P3O,Hopper-v4,0
100824,reward,2110,310.5272216084137,272.744,SF-P3O,Hopper-v4,0
100950,reward,2111,297.64539303056324,274.108,SF-P3O,Hopper-v4,0
101065,reward,2112,290.2634362844093,274.047,SF-P3O,Hopper-v4,0
101166,reward,2113,250.13855249462512,270.013,SF-P3O,Hopper-v4,0
101275,reward,2114,273.71294698025565,269.52,SF-P3O,Hopper-v4,0
101380,reward,2115,260.9244611003245,266.593,SF-P3O,Hopper-v4,0
101505,reward,2116,309.9830373122767,277.526,SF-P3O,Hopper-v4,0
101616,reward,2117,254.54509235860627,274.777,SF-P3O,Hopper-v4,0
101716,reward,2118,242.43910034407466,271.049,SF-P3O,Hopper-v4,0
101832,reward,2119,288.94255887995126,277.912,SF-P3O,Hopper-v4,0
101950,reward,2120,281.44489334251864,275.004,SF-P3O,Hopper-v4,0
102050,reward,2121,249.7378857741339,270.213,SF-P3O,Hopper-v4,0
102165,reward,2122,290.55188363358036,270.242,SF-P3O,Hopper-v4,0
102281,reward,2123,285.65207492243,273.793,SF-P3O,Hopper-v4,0
102399,reward,2124,293.28204445376826,275.75,SF-P3O,Hopper-v4,0
102528,reward,2125,347.73778956109805,284.432,SF-P3O,Hopper-v4,0
102655,reward,2126,292.1839753689562,282.652,SF-P3O,Hopper-v4,0
102772,reward,2127,293.2107746936205,286.518,SF-P3O,Hopper-v4,0
102885,reward,2128,291.82337848606755,291.457,SF-P3O,Hopper-v4,0
103003,reward,2129,288.14817089551974,291.377,SF-P3O,Hopper-v4,0
103119,reward,2130,284.0580003338502,291.639,SF-P3O,Hopper-v4,0
103238,reward,2131,291.8849879867019,295.853,SF-P3O,Hopper-v4,0
103340,reward,2132,251.47629286066731,291.946,SF-P3O,Hopper-v4,0
103455,reward,2133,297.24579817320176,293.105,SF-P3O,Hopper-v4,0
103576,reward,2134,296.15914746294715,293.393,SF-P3O,Hopper-v4,0
103700,reward,2135,300.7234876303054,288.691,SF-P3O,Hopper-v4,0
103822,reward,2136,322.49826619043233,291.723,SF-P3O,Hopper-v4,0
103938,reward,2137,290.1784850391778,291.42,SF-P3O,Hopper-v4,0
104014,reward,2138,147.832594985678,277.021,SF-P3O,Hopper-v4,0
104135,reward,2139,321.8693066313469,280.393,SF-P3O,Hopper-v4,0
104228,reward,2140,207.85035618987607,272.772,SF-P3O,Hopper-v4,0
104337,reward,2141,276.62553235781303,271.246,SF-P3O,Hopper-v4,0
104447,reward,2142,275.01142908647194,273.599,SF-P3O,Hopper-v4,0
104561,reward,2143,245.26843061337925,268.402,SF-P3O,Hopper-v4,0
104680,reward,2144,307.8939768937241,269.575,SF-P3O,Hopper-v4,0
104761,reward,2145,169.08330955648938,256.411,SF-P3O,Hopper-v4,0
104879,reward,2146,277.49037458731203,251.91,SF-P3O,Hopper-v4,0
105004,reward,2147,298.7095136875714,252.763,SF-P3O,Hopper-v4,0
105130,reward,2148,293.16034969780867,267.296,SF-P3O,Hopper-v4,0
105249,reward,2149,289.08446762134747,264.018,SF-P3O,Hopper-v4,0
105373,reward,2150,306.3360715888678,273.866,SF-P3O,Hopper-v4,0
105493,reward,2151,303.4320634927552,276.547,SF-P3O,Hopper-v4,0
105621,reward,2152,291.4952810054115,278.195,SF-P3O,Hopper-v4,0
105747,reward,2153,336.80588238555606,287.349,SF-P3O,Hopper-v4,0
105864,reward,2154,301.89742745724413,286.749,SF-P3O,Hopper-v4,0
105995,reward,2155,300.6905563820752,299.91,SF-P3O,Hopper-v4,0
106097,reward,2156,252.1018185683202,297.371,SF-P3O,Hopper-v4,0
106224,reward,2157,302.90013142268657,297.79,SF-P3O,Hopper-v4,0
106343,reward,2158,301.6826228327027,298.643,SF-P3O,Hopper-v4,0
106463,reward,2159,307.9303340921368,300.527,SF-P3O,Hopper-v4,0
106496,loss,-0.05829685926437378,0.26434072852134705,SF-P3O,Hopper-v4,0
106576,reward,2160,271.3244733269823,297.026,SF-P3O,Hopper-v4,0
106703,reward,2161,297.3559226232694,296.418,SF-P3O,Hopper-v4,0
106823,reward,2162,312.21743130632626,298.491,SF-P3O,Hopper-v4,0
106951,reward,2163,318.41322205727033,296.651,SF-P3O,Hopper-v4,0
107067,reward,2164,296.9025413888974,296.152,SF-P3O,Hopper-v4,0
107193,reward,2165,336.17349881219235,299.7,SF-P3O,Hopper-v4,0
107311,reward,2166,318.1814635124071,306.308,SF-P3O,Hopper-v4,0
107441,reward,2167,308.7113268637684,306.889,SF-P3O,Hopper-v4,0
107562,reward,2168,300.43918650467117,306.765,SF-P3O,Hopper-v4,0
107665,reward,2169,267.299521331321,302.702,SF-P3O,Hopper-v4,0
107785,reward,2170,289.96857501567104,304.566,SF-P3O,Hopper-v4,0
107890,reward,2171,241.51377440621704,298.982,SF-P3O,Hopper-v4,0
108011,reward,2172,304.7795679173679,298.238,SF-P3O,Hopper-v4,0
108133,reward,2173,315.76471816109176,297.973,SF-P3O,Hopper-v4,0
108251,reward,2174,296.07183161050216,297.89,SF-P3O,Hopper-v4,0
108370,reward,2175,297.3652021060393,294.01,SF-P3O,Hopper-v4,0
108487,reward,2176,272.3322958206063,289.425,SF-P3O,Hopper-v4,0
108609,reward,2177,329.5824416297519,291.512,SF-P3O,Hopper-v4,0
108718,reward,2178,274.7850071925629,288.946,SF-P3O,Hopper-v4,0
108827,reward,2179,265.82099232251716,288.798,SF-P3O,Hopper-v4,0
108953,reward,2180,327.2239876048543,292.524,SF-P3O,Hopper-v4,0
109068,reward,2181,275.76982518669234,295.95,SF-P3O,Hopper-v4,0
109189,reward,2182,292.9583538977642,294.767,SF-P3O,Hopper-v4,0
109307,reward,2183,287.58716567529575,291.95,SF-P3O,Hopper-v4,0
109429,reward,2184,313.9179354426298,293.734,SF-P3O,Hopper-v4,0
109506,reward,2185,158.16744861195576,279.815,SF-P3O,Hopper-v4,0
109610,reward,2186,258.69762950998023,278.451,SF-P3O,Hopper-v4,0
109730,reward,2187,301.74548407585337,275.667,SF-P3O,Hopper-v4,0
109854,reward,2188,308.3353427788633,279.022,SF-P3O,Hopper-v4,0
109961,reward,2189,269.5943447492298,279.4,SF-P3O,Hopper-v4,0
110000,speed,691.35,2.85,SF-P3O,Hopper-v4,0
110001,spectral,0.025086,0.956094,0.2063,SF-P3O,Hopper-v4,0
110084,reward,2190,301.9055844888268,276.868,SF-P3O,Hopper-v4,0
110208,reward,2191,303.05603436568725,279.597,SF-P3O,Hopper-v4,0
110329,reward,2192,280.26927827777536,278.328,SF-P3O,Hopper-v4,0
110450,reward,2193,294.8192178166822,279.051,SF-P3O,Hopper-v4,0
110568,reward,2194,288.37698840657214,276.497,SF-P3O,Hopper-v4,0
110609,reward,2195,68.27830602267412,267.508,SF-P3O,Hopper-v4,0
110734,reward,2196,318.0790458043543,273.446,SF-P3O,Hopper-v4,0
110858,reward,2197,287.6451340979456,272.036,SF-P3O,Hopper-v4,0
110986,reward,2198,290.9713333592899,270.3,SF-P3O,Hopper-v4,0
111096,reward,2199,275.1430113173257,270.854,SF-P3O,Hopper-v4,0
111223,reward,2200,319.0626010160856,272.57,SF-P3O,Hopper-v4,0
111341,reward,2201,295.62732926822815,271.827,SF-P3O,Hopper-v4,0
111499,reward,2202,424.29319302170643,286.23,SF-P3O,Hopper-v4,0
111611,reward,2203,257.6631057429846,282.514,SF-P3O,Hopper-v4,0
111734,reward,2204,299.6245030822334,283.639,SF-P3O,Hopper-v4,0
111860,reward,2205,304.7835065828956,307.289,SF-P3O,Hopper-v4,0
111991,reward,2206,345.1457972373198,309.996,SF-P3O,Hopper-v4,0
112107,reward,2207,270.2655043614312,308.258,SF-P3O,Hopper-v4,0
112231,reward,2208,292.3386605759238,308.395,SF-P3O,Hopper-v4,0
112326,reward,2209,214.26868214676156,302.307,SF-P3O,Hopper-v4,0
112452,reward,2210,340.448020443477,304.446,SF-P3O,Hopper-v4,0
112563,reward,2211,269.6177785092423,301.845,SF-P3O,Hopper-v4,0
112672,reward,2212,275.2479843678156,286.94,SF-P3O,Hopper-v4,0
112779,reward,2213,270.2401210032338,288.198,SF-P3O,Hopper-v4,0
112898,reward,2214,308.6414948675386,289.1,SF-P3O,Hopper-v4,0
113023,reward,2215,310.4910600841962,289.671,SF-P3O,Hopper-v4,0
113141,reward,2216,310.0310420062055,286.159,SF-P3O,Hopper-v4,0
113249,reward,2217,267.3246710787896,285.865,SF-P3O,Hopper-v4,0
113346,reward,2218,232.98596962311248,279.93,SF-P3O,Hopper-v4,0
113457,reward,2219,253.65200193675943,283.868,SF-P3O,Hopper-v4,0
113572,reward,2220,277.2038942372405,277.544,SF-P3O,Hopper-v4,0
113662,reward,2221,195.64749760910462,270.147,SF-P3O,Hopper-v4,0
113744,reward,2222,159.13997909595707,258.536,SF-P3O,Hopper-v4,0
113861,reward,2223,265.37494423322596,258.049,SF-P3O,Hopper-v4,0
113965,reward,2224,264.6519275233637,253.65,SF-P3O,Hopper-v4,0
114084,reward,2225,297.3352010881638,252.335,SF-P3O,Hopper-v4,0
114200,reward,2226,293.0653640501743,250.638,SF-P3O,Hopper-v4,0
114325,reward,2227,305.1076170431344,254.416,SF-P3O,Hopper-v4,0
114404,reward,2228,160.96777382292953,247.215,SF-P3O,Hopper-v4,0
114468,reward,2229,118.58744364108452,233.708,SF-P3O,Hopper-v4,0
114569,reward,2230,242.52478598321028,230.24,SF-P3O,Hopper-v4,0
114671,reward,2231,249.34300576699763,235.61,SF-P3O,Hopper-v4,0
114688,loss,-0.02857832796871662,0.2781693935394287,SF-P3O,Hopper-v4,0
114688,diagnostics,0.0,55.09,30.7119,0.026062,0.954622,0.1994,0.145963,SF-P3O,Hopper-v4,0
114787,reward,2232,311.7876213280842,250.875,SF-P3O,Hopper-v4,0
114910,reward,2233,329.45373739028605,257.282,SF-P3O,Hopper-v4,0
115036,reward,2234,305.02410563090405,261.32,SF-P3O,Hopper-v4,0
115151,reward,2235,301.87147384005783,261.773,SF-P3O,Hopper-v4,0
115274,reward,2236,319.7050036568113,264.437,SF-P3O,Hopper-v4,0
115382,reward,2237,271.59520794586376,261.086,SF-P3O,Hopper-v4,0
115516,reward,2238,347.6019270172802,279.749,SF-P3O,Hopper-v4,0
115641,reward,2239,319.2925064586534,299.82,SF-P3O,Hopper-v4,0
115729,reward,2240,194.39275875603934,295.007,SF-P3O,Hopper-v4,0
115854,reward,2241,323.25167619222026,302.398,SF-P3O,Hopper-v4,0
115973,reward,2242,320.84669548760854,303.304,SF-P3O,Hopper-v4,0
116092,reward,2243,280.94582838741024,298.453,SF-P3O,Hopper-v4,0
116220,reward,2244,333.3236443668352,301.283,SF-P3O,Hopper-v4,0
116352,reward,2245,340.28751638610225,305.124,SF-P3O,Hopper-v4,0
116479,reward,2246,318.6580050012806,305.02,SF-P3O,Hopper-v4,0
116599,reward,2247,313.7700647267281,309.237,SF-P3O,Hopper-v4,0
116725,reward,2248,296.12095710175026,304.089,SF-P3O,Hopper-v4,0
116788,reward,2249,111.35925920995884,283.296,SF-P3O,Hopper-v4,0
116897,reward,2250,275.1663156911863,291.373,SF-P3O,Hopper-v4,0
117006,reward,2251,271.9279292754716,286.241,SF-P3O,Hopper-v4,0
117133,reward,2252,317.6654636942091,285.922,SF-P3O,Hopper-v4,0
117239,reward,2253,268.27968034958246,284.656,SF-P3O,Hopper-v4,0
117368,reward,2254,282.94679444501145,279.618,SF-P3O,Hopper-v4,0
117487,reward,2255,311.50418680553724,276.74,SF-P3O,Hopper-v4,0
117618,reward,2256,306.0909222171902,275.483,SF-P3O,Hopper-v4,0
117732,reward,2257,290.5692444177262,273.163,SF-P3O,Hopper-v4,0
117859,reward,2258,308.30056836097435,274.381,SF-P3O,Hopper-v4,0
117984,reward,2259,322.6187006968782,295.507,SF-P3O,Hopper-v4,0
118086,reward,2260,204.01993701671677,288.392,SF-P3O,Hopper-v4,0
118224,reward,2261,297.04250868018966,290.904,SF-P3O,Hopper-v4,0
118379,reward,2262,365.8617972022525,295.723,SF-P3O,Hopper-v4,0
118487,reward,2263,266.744716907294,295.57,SF-P3O,Hopper-v4,0
118618,reward,2264,314.6905815784495,298.744,SF-P3O,Hopper-v4,0
118748,reward,2265,298.2163753615832,297.416,SF-P3O,Hopper-v4,0
118875,reward,2266,316.00081840015207,298.407,SF-P3O,Hopper-v4,0
118993,reward,2267,296.5195191477089,299.002,SF-P3O,Hopper-v4,0
119113,reward,2268,316.85342874060956,299.857,SF-P3O,Hopper-v4,0
119233,reward,2269,289.7699713574933,296.572,SF-P3O,Hopper-v4,0
119331,reward,2270,232.51673988602974,299.422,SF-P3O,Hopper-v4,0
119451,reward,2271,290.46603348359923,298.764,SF-P3O,Hopper-v4,0
119567,reward,2272,267.4263491743293,288.92,SF-P3O,Hopper-v4,0
119685,reward,2273,304.4691490264238,292.693,SF-P3O,Hopper-v4,0
119796,reward,2274,291.89549046142895,290.413,SF-P3O,Hopper-v4,0
119923,reward,2275,317.0587571498333,292.298,SF-P3O,Hopper-v4,0
120000,speed,706.48,3.09,SF-P3O,Hopper-v4,0
120001,spectral,0.026062,0.954622,0.1994,SF-P3O,Hopper-v4,0
120065,reward,2276,345.8036070163637,295.278,SF-P3O,Hopper-v4,0
120184,reward,2277,318.74018298907595,297.5,SF-P3O,Hopper-v4,0
120331,reward,2278,374.0899556550669,303.224,SF-P3O,Hopper-v4,0
120469,reward,2279,330.2125976267389,307.268,SF-P3O,Hopper-v4,0
120595,reward,2280,336.0223367438678,317.618,SF-P3O,Hopper-v4,0
120751,reward,2281,424.7599795939355,331.048,SF-P3O,Hopper-v4,0
120876,reward,2282,328.05271400597405,337.11,SF-P3O,Hopper-v4,0
120983,reward,2283,271.0526752647028,333.769,SF-P3O,Hopper-v4,0
121117,reward,2284,317.3658295680881,336.316,SF-P3O,Hopper-v4,0
121242,reward,2285,330.9029474324388,337.7,SF-P3O,Hopper-v4,0
121330,reward,2286,184.67711774905658,321.588,SF-P3O,Hopper-v4,0
121439,reward,2287,275.11413322140345,317.225,SF-P3O,Hopper-v4,0
121555,reward,2288,307.8271125253582,310.599,SF-P3O,Hopper-v4,0
121686,reward,2289,306.99153151155025,308.277,SF-P3O,Hopper-v4,0
121807,reward,2290,256.7237113623968,300.347,SF-P3O,Hopper-v4,0
121931,reward,2291,298.7792370622308,287.749,SF-P3O,Hopper-v4,0
122033,reward,2292,247.4989010489496,279.693,SF-P3O,Hopper-v4,0
122147,reward,2293,310.5958266258282,283.648,SF-P3O,Hopper-v4,0
122254,reward,2294,275.89986913070675,279.501,SF-P3O,Hopper-v4,0
122367,reward,2295,276.77121884179684,274.088,SF-P3O,Hopper-v4,0
122481,reward,2296,281.4129619603367,283.761,SF-P3O,Hopper-v4,0
122604,reward,2297,301.658715531852,286.416,SF-P3O,Hopper-v4,0
122731,reward,2298,301.594597983376,285.793,SF-P3O,Hopper-v4,0
122838,reward,2299,267.6364317555601,281.857,SF-P3O,Hopper-v4,0
122880,loss,-0.029422186315059662,0.2760228216648102,SF-P3O,Hopper-v4,0
122934,reward,2300,218.78913712772606,278.064,SF-P3O,Hopper-v4,0
123057,reward,2301,315.3345965286566,279.719,SF-P3O,Hopper-v4,0
123153,reward,2302,232.20605273158023,278.19,SF-P3O,Hopper-v4,0
123288,reward,2303,350.5656792299246,282.187,SF-P3O,Hopper-v4,0
123402,reward,2304,242.01085650501767,278.798,SF-P3O,Hopper-v4,0
123531,reward,2305,323.11512841273657,283.432,SF-P3O,Hopper-v4,0
123635,reward,2306,253.4161201414319,280.633,SF-P3O,Hopper-v4,0
123755,reward,2307,312.7209590829165,281.739,SF-P3O,Hopper-v4,0
123869,reward,2308,298.5824244071259,281.438,SF-P3O,Hopper-v4,0
123984,reward,2309,287.7079614804217,283.445,SF-P3O,Hopper-v4,0
124105,reward,2310,319.7472940147409,293.541,SF-P3O,Hopper-v4,0
124235,reward,2311,359.0300142421931,297.91,SF-P3O,Hopper-v4,0
124360,reward,2312,318.23992873869383,306.514,SF-P3O,Hopper-v4,0
124494,reward,2313,327.41954911175964,304.199,SF-P3O,Hopper-v4,0
124618,reward,2314,301.73706090310856,310.172,SF-P3O,Hopper-v4,0
124731,reward,2315,285.6745985355313,306.428,SF-P3O,Hopper-v4,0
124863,reward,2316,323.7125063925316,313.457,SF-P3O,Hopper-v4,0
124996,reward,2317,322.4313978186392,314.428,SF-P3O,Hopper-v4,0
125108,reward,2318,279.6500523500303,312.535,SF-P3O,Hopper-v4,0
125225,reward,2319,286.2695868115627,312.391,SF-P3O,Hopper-v4,0
125333,reward,2320,266.74510346282693,307.091,SF-P3O,Hopper-v4,0
125456,reward,2321,321.44646719304126,303.333,SF-P3O,Hopper-v4,0
125588,reward,2322,335.8646129609106,305.095,SF-P3O,Hopper-v4,0
125702,reward,2323,270.2816914240117,299.381,SF-P3O,Hopper-v4,0
125827,reward,2324,311.09782169236837,300.317,SF-P3O,Hopper-v4,0
125965,reward,2325,330.132660503823,304.763,SF-P3O,Hopper-v4,0
126077,reward,2326,286.09556704546526,301.001,SF-P3O,Hopper-v4,0
126187,reward,2327,259.8384962828422,294.742,SF-P3O,Hopper-v4,0
126288,reward,2328,253.70041812038613,292.147,SF-P3O,Hopper-v4,0
126409,reward,2329,303.5689064053292,293.877,SF-P3O,Hopper-v4,0
126532,reward,2330,292.93077936459366,296.496,SF-P3O,Hopper-v4,0
126648,reward,2331,286.93390848004873,293.044,SF-P3O,Hopper-v4,0
126763,reward,2332,239.27708948613645,283.386,SF-P3O,Hopper-v4,0
126875,reward,2333,283.1020789585006,284.668,SF-P3O,Hopper-v4,0
127039,reward,2334,443.56381947898376,297.914,SF-P3O,Hopper-v4,0
127180,reward,2335,317.83018417635594,296.684,SF-P3O,Hopper-v4,0
127299,reward,2336,290.2457490676718,297.099,SF-P3O,Hopper-v4,0
127423,reward,2337,314.9676849814991,302.612,SF-P3O,Hopper-v4,0
127549,reward,2338,317.59067497666604,309.001,SF-P3O,Hopper-v4,0
127676,reward,2339,315.9628863466388,310.24,SF-P3O,Hopper-v4,0
127801,reward,2340,281.26616125549504,309.074,SF-P3O,Hopper-v4,0
127922,reward,2341,316.2705624359699,312.008,SF-P3O,Hopper-v4,0
128045,reward,2342,306.64251319944367,318.744,SF-P3O,Hopper-v4,0
128153,reward,2343,260.4726754389609,316.481,SF-P3O,Hopper-v4,0
128273,reward,2344,295.5739187054288,301.682,SF-P3O,Hopper-v4,0
128384,reward,2345,278.1835211850201,297.718,SF-P3O,Hopper-v4,0
128482,reward,2346,219.1913254332011,290.612,SF-P3O,Hopper-v4,0
128605,reward,2347,287.56419710362036,287.872,SF-P3O,Hopper-v4,0
128735,reward,2348,297.30380471766796,285.843,SF-P3O,Hopper-v4,0
128857,reward,2349,321.1741823374375,286.364,SF-P3O,Hopper-v4,0
128962,reward,2350,265.67959265489395,284.806,SF-P3O,Hopper-v4,0
129085,reward,2351,302.3265355525647,283.411,SF-P3O,Hopper-v4,0
129226,reward,2352,339.49412479236094,286.696,SF-P3O,Hopper-v4,0
129352,reward,2353,316.61977937172037,292.311,SF-P3O,Hopper-v4,0
129487,reward,2354,346.4510506101362,297.399,SF-P3O,Hopper-v4,0
129596,reward,2355,275.8740218546944,297.168,SF-P3O,Hopper-v4,0
129721,reward,2356,347.06519433739646,309.955,SF-P3O,Hopper-v4,0
129848,reward,2357,292.7895535899112,310.478,SF-P3O,Hopper-v4,0
129922,reward,2358,147.97425449247575,295.545,SF-P3O,Hopper-v4,0
130000,speed,675.73,3.33,SF-P3O,Hopper-v4,0
130001,spectral,0.026527,0.954915,0.2037,SF-P3O,Hopper-v4,0
130014,reward,2359,198.68130613392728,283.296,SF-P3O,Hopper-v4,0
130126,reward,2360,292.50598933279485,285.978,SF-P3O,Hopper-v4,0
130226,reward,2361,248.47643210505632,280.593,SF-P3O,Hopper-v4,0
130348,reward,2362,298.92633527697643,276.536,SF-P3O,Hopper-v4,0
130454,reward,2363,248.71122229481318,269.746,SF-P3O,Hopper-v4,0
130580,reward,2364,315.11425751123073,266.612,SF-P3O,Hopper-v4,0
130689,reward,2365,264.26740551233524,265.451,SF-P3O,Hopper-v4,0
130865,reward,2366,483.34463109223924,279.079,SF-P3O,Hopper-v4,0
130979,reward,2367,302.41749255453595,280.042,SF-P3O,Hopper-v4,0
131035,reward,2368,97.78850848171997,275.023,SF-P3O,Hopper-v4,0
131072,loss,-0.04462149366736412,0.43234899640083313,SF-P3O,Hopper-v4,0
131072,diagnostics,0.0,55.31,15.9975,0.027332,0.955312,0.1873,0.145671,SF-P3O,Hopper-v4,0
131150,reward,2369,303.1144035760274,285.467,SF-P3O,Hopper-v4,0
131284,reward,2370,351.2371942234357,291.34,SF-P3O,Hopper-v4,0
131415,reward,2371,340.03222709251105,300.495,SF-P3O,Hopper-v4,0
131550,reward,2372,348.7797712514882,305.481,SF-P3O,Hopper-v4,0
131669,reward,2373,302.85463592865824,310.895,SF-P3O,Hopper-v4,0
131813,reward,2374,386.2917622592445,318.013,SF-P3O,Hopper-v4,0
131945,reward,2375,311.57024451343506,322.743,SF-P3O,Hopper-v4,0
132064,reward,2376,302.2968393163995,304.638,SF-P3O,Hopper-v4,0
132207,reward,2377,372.3838514415786,311.635,SF-P3O,Hopper-v4,0
132335,reward,2378,332.9069233482635,335.147,SF-P3O,Hopper-v4,0
132441,reward,2379,265.3564402926274,331.371,SF-P3O,Hopper-v4,0
132558,reward,2380,296.4978215268339,325.897,SF-P3O,Hopper-v4,0
132688,reward,2381,337.58815334964754,325.653,SF-P3O,Hopper-v4,0
132811,reward,2382,336.49861357164013,324.425,SF-P3O,Hopper-v4,0
132938,reward,2383,356.34601581511805,329.774,SF-P3O,Hopper-v4,0
133062,reward,2384,301.1235966524753,321.257,SF-P3O,Hopper-v4,0
133180,reward,2385,310.8350806153953,321.183,SF-P3O,Hopper-v4,0
133308,reward,2386,335.8523384191114,324.539,SF-P3O,Hopper-v4,0
133436,reward,2387,306.5256535201001,317.953,SF-P3O,Hopper-v4,0
133566,reward,2388,321.2317427040096,316.786,SF-P3O,Hopper-v4,0
133665,reward,2389,216.45097179513996,311.895,SF-P3O,Hopper-v4,0
133737,reward,2390,138.6179685840028,296.107,SF-P3O,Hopper-v4,0
133858,reward,2391,298.04774661572367,292.153,SF-P3O,Hopper-v4,0
133998,reward,2392,354.8895268846798,293.992,SF-P3O,Hopper-v4,0
134040,reward,2393,72.50833992202175,265.608,SF-P3O,Hopper-v4,0
134164,reward,2394,300.03431543217664,265.499,SF-P3O,Hopper-v4,0
134273,reward,2395,268.1218693177318,261.228,SF-P3O,Hopper-v4,0
134398,reward,2396,308.05178333506296,258.448,SF-P3O,Hopper-v4,0
134556,reward,2397,422.95996046843266,270.091,SF-P3O,Hopper-v4,0
134663,reward,2398,261.94333486324035,264.163,SF-P3O,Hopper-v4,0
134783,reward,2399,314.6541146059448,273.983,SF-P3O,Hopper-v4,0
134849,reward,2400,120.47676582101381,272.169,SF-P3O,Hopper-v4,0
134949,reward,2401,247.05870319126032,267.07,SF-P3O,Hopper-v4,0
135075,reward,2402,313.33167591805477,262.914,SF-P3O,Hopper-v4,0
135199,reward,2403,294.7369710475651,285.137,SF-P3O,Hopper-v4,0
135313,reward,2404,274.3721704549862,282.571,SF-P3O,Hopper-v4,0
135442,reward,2405,313.084135185224,287.067,SF-P3O,Hopper-v4,0
135572,reward,2406,341.2628340373071,290.388,SF-P3O,Hopper-v4,0
135684,reward,2407,297.8137476836508,277.873,SF-P3O,Hopper-v4,0
135820,reward,2408,352.6895312295745,286.948,SF-P3O,Hopper-v4,0
135951,reward,2409,337.33648684511144,289.216,SF-P3O,Hopper-v4,0
136063,reward,2410,279.1929391071194,305.088,SF-P3O,Hopper-v4,0
136185,reward,2411,313.3459675250162,311.717,SF-P3O,Hopper-v4,0
136314,reward,2412,324.33712761352086,312.817,SF-P3O,Hopper-v4,0
136442,reward,2413,342.61962177924806,317.605,SF-P3O,Hopper-v4,0
136568,reward,2414,323.3546770417094,322.504,SF-P3O,Hopper-v4,0
136689,reward,2415,287.39654528513853,319.935,SF-P3O,Hopper-v4,0
136784,reward,2416,213.49518354729094,307.158,SF-P3O,Hopper-v4,0
136918,reward,2417,292.5986831264119,306.637,SF-P3O,Hopper-v4,0
137061,reward,2418,367.1352181335895,308.081,SF-P3O,Hopper-v4,0
137182,reward,2419,291.48066547207156,303.496,SF-P3O,Hopper-v4,0
137289,reward,2420,271.9534026646135,302.772,SF-P3O,Hopper-v4,0
137417,reward,2421,346.3995276728953,306.077,SF-P3O,Hopper-v4,0
137528,reward,2422,304.34221463633156,304.078,SF-P3O,Hopper-v4,0
137606,reward,2423,161.1821064685698,285.934,SF-P3O,Hopper-v4,0
137737,reward,2424,342.3830399354486,287.837,SF-P3O,Hopper-v4,0
137803,reward,2425,125.39670656068806,271.637,SF-P3O,Hopper-v4,0
137932,reward,2426,298.1663904939462,280.104,SF-P3O,Hopper-v4,0
138052,reward,2427,308.21058336568956,281.665,SF-P3O,Hopper-v4,0
138137,reward,2428,189.17483275776283,263.869,SF-P3O,Hopper-v4,0
138271,reward,2429,329.96141839670673,267.717,SF-P3O,Hopper-v4,0
138380,reward,2430,271.66527386640547,267.688,SF-P3O,Hopper-v4,0
138519,reward,2431,372.1939700382121,270.268,SF-P3O,Hopper-v4,0
138652,reward,2432,345.3234775813537,274.366,SF-P3O,Hopper-v4,0
138759,reward,2433,240.03622614825818,282.251,SF-P3O,Hopper-v4,0
138845,reward,2434,184.93625689548915,266.507,SF-P3O,Hopper-v4,0
138935,reward,2435,189.18214940040608,272.885,SF-P3O,Hopper-v4,0
139047,reward,2436,287.6852794430003,271.837,SF-P3O,Hopper-v4,0
139137,reward,2437,201.65933038429236,261.182,SF-P3O,Hopper-v4,0
139259,reward,2438,267.71229356385527,269.036,SF-P3O,Hopper-v4,0
139264,loss,-0.021953076124191284,0.4094971716403961,SF-P3O,Hopper-v4,0
139409,reward,2439,393.2701605142584,275.366,SF-P3O,Hopper-v4,0
139520,reward,2440,272.9862079009297,275.499,SF-P3O,Hopper-v4,0
139637,reward,2441,323.2927700287862,270.608,SF-P3O,Hopper-v4,0
139774,reward,2442,337.77071490319224,269.853,SF-P3O,Hopper-v4,0
139889,reward,2443,286.3251523826866,274.482,SF-P3O,Hopper-v4,0
140000,speed,463.17,3.69,SF-P3O,Hopper-v4,0
140001,spectral,0.028023,0.954268,0.1757,SF-P3O,Hopper-v4,0
140034,reward,2444,357.6455210582606,291.753,SF-P3O,Hopper-v4,0
140159,reward,2445,318.51190366307736,304.686,SF-P3O,Hopper-v4,0
140281,reward,2446,318.1881941887298,307.736,SF-P3O,Hopper-v4,0
140409,reward,2447,343.18681681355105,321.889,SF-P3O,Hopper-v4,0
140516,reward,2448,268.5359708040013,321.971,SF-P3O,Hopper-v4,0
140635,reward,2449,294.83204551653023,312.128,SF-P3O,Hopper-v4,0
140763,reward,2450,314.67377344312524,316.296,SF-P3O,Hopper-v4,0
140843,reward,2451,162.21821678102646,300.189,SF-P3O,Hopper-v4,0
140993,reward,2452,394.9723080635302,305.909,SF-P3O,Hopper-v4,0
141121,reward,2453,351.18160846595435,312.395,SF-P3O,Hopper-v4,0
141240,reward,2454,303.07873336696105,306.938,SF-P3O,Hopper-v4,0
141357,reward,2455,319.6696769154911,307.054,SF-P3O,Hopper-v4,0
141470,reward,2456,283.073031291678,303.542,SF-P3O,Hopper-v4,0
141595,reward,2457,347.651148502853,303.989,SF-P3O,Hopper-v4,0
141718,reward,2458,332.0104169659446,310.336,SF-P3O,Hopper-v4,0
141863,reward,2459,395.73096744110796,320.426,SF-P3O,Hopper-v4,0
141984,reward,2460,314.04903742653806,320.364,SF-P3O,Hopper-v4,0
142107,reward,2461,325.5690343179647,336.699,SF-P3O,Hopper-v4,0
142252,reward,2462,385.3932601399285,335.741,SF-P3O,Hopper-v4,0
142360,reward,2463,267.2525154759803,327.348,SF-P3O,Hopper-v4,0
142484,reward,2464,307.68990615221185,327.809,SF-P3O,Hopper-v4,0
142613,reward,2465,336.47699139878307,329.49,SF-P3O,Hopper-v4,0
142738,reward,2466,302.7117721475844,331.454,SF-P3O,Hopper-v4,0
142844,reward,2467,263.999455201578,323.088,SF-P3O,Hopper-v4,0
142996,reward,2468,393.9949950668301,329.287,SF-P3O,Hopper-v4,0
143130,reward,2469,339.40160323681374,323.654,SF-P3O,Hopper-v4,0
143238,reward,2470,260.4692866939264,318.296,SF-P3O,Hopper-v4,0
143364,reward,2471,317.938810966911,317.533,SF-P3O,Hopper-v4,0
143490,reward,2472,327.99741053469137,311.793,SF-P3O,Hopper-v4,0
143620,reward,2473,347.72458959444936,319.84,SF-P3O,Hopper-v4,0
143747,reward,2474,343.85723435312156,323.457,SF-P3O,Hopper-v4,0
143865,reward,2475,309.56361719071884,320.766,SF-P3O,Hopper-v4,0
143970,reward,2476,253.13025495450808,315.808,SF-P3O,Hopper-v4,0
144099,reward,2477,340.62429562533464,323.47,SF-P3O,Hopper-v4,0
144223,reward,2478,314.8383059126873,315.555,SF-P3O,Hopper-v4,0
144360,reward,2479,371.51516076817677,318.766,SF-P3O,Hopper-v4,0
144484,reward,2480,330.5652635036715,325.775,SF-P3O,Hopper-v4,0
144616,reward,2481,309.78589405137876,324.96,SF-P3O,Hopper-v4,0
144745,reward,2482,346.4863632541235,326.809,SF-P3O,Hopper-v4,0
144889,reward,2483,385.0800930297192,330.545,SF-P3O,Hopper-v4,0
145030,reward,2484,384.15200598124164,334.574,SF-P3O,Hopper-v4,0
145154,reward,2485,316.72097107401396,335.29,SF-P3O,Hopper-v4,0
145286,reward,2486,347.04971111936453,344.682,SF-P3O,Hopper-v4,0
145404,reward,2487,312.4339962252448,341.863,SF-P3O,Hopper-v4,0
145509,reward,2488,258.26036550331145,336.205,SF-P3O,Hopper-v4,0
145620,reward,2489,288.4983788442101,327.903,SF-P3O,Hopper-v4,0
145728,reward,2490,276.1552486830643,322.462,SF-P3O,Hopper-v4,0
145859,reward,2491,324.7619115456024,323.96,SF-P3O,Hopper-v4,0
145944,reward,2492,184.11647959072357,307.723,SF-P3O,Hopper-v4,0
146065,reward,2493,316.6797652828758,300.883,SF-P3O,Hopper-v4,0
146157,reward,2494,210.1133885010601,283.479,SF-P3O,Hopper-v4,0
146280,reward,2495,334.2244086842307,285.229,SF-P3O,Hopper-v4,0
146383,reward,2496,233.10063250546182,273.834,SF-P3O,Hopper-v4,0
146513,reward,2497,324.2016209070877,275.011,SF-P3O,Hopper-v4,0
146637,reward,2498,325.66574905986425,281.752,SF-P3O,Hopper-v4,0
146759,reward,2499,312.78703993648315,284.181,SF-P3O,Hopper-v4,0
146864,reward,2500,255.03439753822582,282.069,SF-P3O,Hopper-v4,0
146990,reward,2501,321.65006190043704,281.757,SF-P3O,Hopper-v4,0
147120,reward,2502,345.4786206637331,297.894,SF-P3O,Hopper-v4,0
147245,reward,2503,326.6359005481552,298.889,SF-P3O,Hopper-v4,0
147347,reward,2504,257.6207211360709,303.64,SF-P3O,Hopper-v4,0
147429,reward,2505,178.9121294418096,288.109,SF-P3O,Hopper-v4,0
147456,loss,-0.052272599190473557,0.34627217054367065,SF-P3O,Hopper-v4,0
147456,diagnostics,0.0,55.53,14.647,0.028816,0.953883,0.1863,0.144311,SF-P3O,Hopper-v4,0
147557,reward,2506,343.13316763334296,299.112,SF-P3O,Hopper-v4,0
147668,reward,2507,291.5936950089224,295.851,SF-P3O,Hopper-v4,0
147792,reward,2508,317.8058645241031,295.065,SF-P3O,Hopper-v4,0
147921,reward,2509,332.55645621723636,297.042,SF-P3O,Hopper-v4,0
148041,reward,2510,306.2824406978046,302.167,SF-P3O,Hopper-v4,0
148163,reward,2511,321.85134981258915,302.187,SF-P3O,Hopper-v4,0
148277,reward,2512,285.7650061815225,296.216,SF-P3O,Hopper-v4,0
148319,reward,2513,75.18336512537562,271.07,SF-P3O,Hopper-v4,0
148427,reward,2514,280.98429870415407,273.407,SF-P3O,Hopper-v4,0
148554,reward,2515,328.149158538818,288.33,SF-P3O,Hopper-v4,0
148669,reward,2516,303.8486621951752,284.402,SF-P3O,Hopper-v4,0
148811,reward,2517,357.24171085306847,290.967,SF-P3O,Hopper-v4,0
148910,reward,2518,243.45597785439813,283.532,SF-P3O,Hopper-v4,0
149024,reward,2519,309.50787545284135,281.227,SF-P3O,Hopper-v4,0
149132,reward,2520,275.65166358998476,278.164,SF-P3O,Hopper-v4,0
149255,reward,2521,318.99680193249753,277.878,SF-P3O,Hopper-v4,0
149370,reward,2522,309.8679754483483,280.289,SF-P3O,Hopper-v4,0
149493,reward,2523,305.1459657353338,303.285,SF-P3O,Hopper-v4,0
149617,reward,2524,317.4049376997409,306.927,SF-P3O,Hopper-v4,0
149726,reward,2525,290.9219884746578,303.204,SF-P3O,Hopper-v4,0
149852,reward,2526,345.8705107395424,307.407,SF-P3O,Hopper-v4,0
149959,reward,2527,265.4549797090954,298.228,SF-P3O,Hopper-v4,0
150000,speed,719.62,3.92,SF-P3O,Hopper-v4,0
150001,spectral,0.028816,0.953883,0.1863,SF-P3O,Hopper-v4,0
150089,reward,2528,327.8239427957495,306.665,SF-P3O,Hopper-v4,0
150194,reward,2529,249.4067861231194,300.655,SF-P3O,Hopper-v4,0
150294,reward,2530,231.76642009877258,296.266,SF-P3O,Hopper-v4,0
150392,reward,2531,226.7400801347797,287.04,SF-P3O,Hopper-v4,0
150513,reward,2532,322.660819197614,288.32,SF-P3O,Hopper-v4,0
150603,reward,2533,196.38421835590947,277.443,SF-P3O,Hopper-v4,0
150720,reward,2534,290.9094006155533,274.794,SF-P3O,Hopper-v4,0
150837,reward,2535,299.86528208244374,275.688,SF-P3O,Hopper-v4,0
150992,reward,2536,393.3016263693221,280.431,SF-P3O,Hopper-v4,0
151110,reward,2537,307.5870958482068,284.645,SF-P3O,Hopper-v4,0
151230,reward,2538,302.02137828346685,282.064,SF-P3O,Hopper-v4,0
151356,reward,2539,315.9821933131698,288.722,SF-P3O,Hopper-v4,0
151488,reward,2540,346.64879912541363,300.21,SF-P3O,Hopper-v4,0
151596,reward,2541,260.96208548269885,303.632,SF-P3O,Hopper-v4,0
151706,reward,2542,280.8769004133919,299.454,SF-P3O,Hopper-v4,0
151869,reward,2543,458.2655510262472,325.642,SF-P3O,Hopper-v4,0
151998,reward,2544,343.6294428224014,330.914,SF-P3O,Hopper-v4,0
152107,reward,2545,289.20775809439795,329.848,SF-P3O,Hopper-v4,0
152235,reward,2546,307.70434887925524,321.289,SF-P3O,Hopper-v4,0
152375,reward,2547,382.93729393884297,328.824,SF-P3O,Hopper-v4,0
152506,reward,2548,330.15889209003734,331.637,SF-P3O,Hopper-v4,0
152636,reward,2549,348.926694403714,334.932,SF-P3O,Hopper-v4,0
152786,reward,2550,370.5703036825911,337.324,SF-P3O,Hopper-v4,0
152910,reward,2551,342.4232001730828,345.47,SF-P3O,Hopper-v4,0
153061,reward,2552,381.27870139442365,355.51,SF-P3O,Hopper-v4,0
153201,reward,2553,373.09562404899145,346.993,SF-P3O,Hopper-v4,0
153341,reward,2554,352.26028430427175,347.856,SF-P3O,Hopper-v4,0
153459,reward,2555,326.63205475381443,351.599,SF-P3O,Hopper-v4,0
153600,reward,2556,365.4124514544723,357.37,SF-P3O,Hopper-v4,0
153694,reward,2557,225.83745197748698,341.66,SF-P3O,Hopper-v4,0
153806,reward,2558,286.8719716916657,337.331,SF-P3O,Hopper-v4,0
153913,reward,2559,271.74766587734285,329.613,SF-P3O,Hopper-v4,0
154061,reward,2560,383.9166812168126,330.948,SF-P3O,Hopper-v4,0
154179,reward,2561,295.1845743040327,326.224,SF-P3O,Hopper-v4,0
154278,reward,2562,230.24090454052904,311.12,SF-P3O,Hopper-v4,0
154412,reward,2563,349.6801534676097,308.778,SF-P3O,Hopper-v4,0
154525,reward,2564,265.99369966075557,300.152,SF-P3O,Hopper-v4,0
154654,reward,2565,336.5572885995206,301.144,SF-P3O,Hopper-v4,0
154784,reward,2566,346.7960317286287,299.283,SF-P3O,Hopper-v4,0
154914,reward,2567,348.41395251291726,311.54,SF-P3O,Hopper-v4,0
155014,reward,2568,234.75146837884643,306.328,SF-P3O,Hopper-v4,0
155117,reward,2569,255.96600820087957,304.75,SF-P3O,Hopper-v4,0
155265,reward,2570,371.66283581185394,303.525,SF-P3O,Hopper-v4,0
155372,reward,2571,269.5097475901127,300.957,SF-P3O,Hopper-v4,0
155447,reward,2572,149.6641599706005,292.9,SF-P3O,Hopper-v4,0
155576,reward,2573,341.50784057513874,292.082,SF-P3O,Hopper-v4,0
155648,loss,-0.004889948293566704,0.44644662737846375,SF-P3O,Hopper-v4,0
155700,reward,2574,327.30037428472673,298.213,SF-P3O,Hopper-v4,0
155829,reward,2575,353.0072531169297,299.858,SF-P3O,Hopper-v4,0
155920,reward,2576,200.3145581833753,285.21,SF-P3O,Hopper-v4,0
156052,reward,2577,358.8745647063413,286.256,SF-P3O,Hopper-v4,0
156186,reward,2578,357.24119094797595,298.505,SF-P3O,Hopper-v4,0
156290,reward,2579,240.80621366465607,296.989,SF-P3O,Hopper-v4,0
156452,reward,2580,428.3216975454769,302.655,SF-P3O,Hopper-v4,0
156607,reward,2581,382.351206363525,313.939,SF-P3O,Hopper-v4,0
156726,reward,2582,329.4535684580513,331.918,SF-P3O,Hopper-v4,0
156840,reward,2583,296.19103423742587,327.386,SF-P3O,Hopper-v4,0
156943,reward,2584,232.8437120637541,317.94,SF-P3O,Hopper-v4,0
157067,reward,2585,334.5926364833168,316.099,SF-P3O,Hopper-v4,0
157191,reward,2586,347.4090749414853,330.808,SF-P3O,Hopper-v4,0
157315,reward,2587,319.11244612813823,326.832,SF-P3O,Hopper-v4,0
157457,reward,2588,372.150942701915,328.323,SF-P3O,Hopper-v4,0
157564,reward,2589,266.1581604544898,330.858,SF-P3O,Hopper-v4,0
157694,reward,2590,319.07770381398666,319.934,SF-P3O,Hopper-v4,0
157832,reward,2591,341.25102166551466,315.824,SF-P3O,Hopper-v4,0
157950,reward,2592,313.1052653688925,314.189,SF-P3O,Hopper-v4,0
158101,reward,2593,409.44228209867754,325.514,SF-P3O,Hopper-v4,0
158213,reward,2594,298.5239000515752,332.082,SF-P3O,Hopper-v4,0
158332,reward,2595,310.7075356656375,329.694,SF-P3O,Hopper-v4,0
158468,reward,2596,356.61775887987574,330.615,SF-P3O,Hopper-v4,0
158601,reward,2597,364.12547593622287,335.116,SF-P3O,Hopper-v4,0
158722,reward,2598,323.2762853279776,330.229,SF-P3O,Hopper-v4,0
158842,reward,2599,305.6976507120601,334.182,SF-P3O,Hopper-v4,0
158988,reward,2600,334.0212401211205,335.677,SF-P3O,Hopper-v4,0
159170,reward,2601,476.69592338928123,349.221,SF-P3O,Hopper-v4,0
159300,reward,2602,348.235921040675,352.734,SF-P3O,Hopper-v4,0
159409,reward,2603,289.75551605197865,340.766,SF-P3O,Hopper-v4,0
159524,reward,2604,291.2464034730349,340.038,SF-P3O,Hopper-v4,0
159634,reward,2605,285.05412359451515,337.473,SF-P3O,Hopper-v4,0
159775,reward,2606,379.6838173202256,339.779,SF-P3O,Hopper-v4,0
159887,reward,2607,275.8151065427311,330.948,SF-P3O,Hopper-v4,0
160000,speed,723.04,4.16,SF-P3O,Hopper-v4,0
160001,spectral,0.029315,0.953547,0.1794,SF-P3O,Hopper-v4,0
160019,reward,2608,333.0861617440394,331.929,SF-P3O,Hopper-v4,0
160130,reward,2609,271.4566919037011,328.505,SF-P3O,Hopper-v4,0
160237,reward,2610,263.7593362731568,321.479,SF-P3O,Hopper-v4,0
160361,reward,2611,314.01218200114243,305.211,SF-P3O,Hopper-v4,0
160528,reward,2612,462.24747928515455,316.612,SF-P3O,Hopper-v4,0
160626,reward,2613,230.01034381832037,310.637,SF-P3O,Hopper-v4,0
160756,reward,2614,294.0082892526097,310.913,SF-P3O,Hopper-v4,0
160825,reward,2615,133.0649442111342,295.714,SF-P3O,Hopper-v4,0
160931,reward,2616,248.25599959697905,282.572,SF-P3O,Hopper-v4,0
161048,reward,2617,286.93256338734915,283.683,SF-P3O,Hopper-v4,0
161175,reward,2618,342.95932314996895,284.671,SF-P3O,Hopper-v4,0
161288,reward,2619,282.70860545738384,285.796,SF-P3O,Hopper-v4,0
161389,reward,2620,250.19265644596115,284.439,SF-P3O,Hopper-v4,0
161507,reward,2621,307.3406219490847,283.772,SF-P3O,Hopper-v4,0
161625,reward,2622,290.97892837193336,266.645,SF-P3O,Hopper-v4,0
161748,reward,2623,337.38038671097326,277.382,SF-P3O,Hopper-v4,0
161878,reward,2624,357.94085050059863,283.775,SF-P3O,Hopper-v4,0
162001,reward,2625,325.2859127252263,302.998,SF-P3O,Hopper-v4,0
162127,reward,2626,342.2277155834825,312.395,SF-P3O,Hopper-v4,0
162255,reward,2627,353.0917375693276,319.011,SF-P3O,Hopper-v4,0
162367,reward,2628,270.6414421649039,311.779,SF-P3O,Hopper-v4,0
162495,reward,2629,295.71083189173436,313.079,SF-P3O,Hopper-v4,0
162653,reward,2630,443.3406631783702,332.394,SF-P3O,Hopper-v4,0
162769,reward,2631,297.07285880848826,331.367,SF-P3O,Hopper-v4,0
162891,reward,2632,327.5039282788385,335.02,SF-P3O,Hopper-v4,0
163055,reward,2633,464.0737818726864,347.689,SF-P3O,Hopper-v4,0
163182,reward,2634,340.30344565644526,345.925,SF-P3O,Hopper-v4,0
163300,reward,2635,305.3460571559926,343.931,SF-P3O,Hopper-v4,0
163420,reward,2636,316.2272129093867,341.331,SF-P3O,Hopper-v4,0
163528,reward,2637,275.4540845957226,333.567,SF-P3O,Hopper-v4,0
163648,reward,2638,319.4672660867766,338.45,SF-P3O,Hopper-v4,0
163748,reward,2639,240.45069214704145,332.924,SF-P3O,Hopper-v4,0
163840,loss,-0.01446682307869196,0.3847452402114868,SF-P3O,Hopper-v4,0
163840,diagnostics,0.0,55.72,8.3198,0.029834,0.954901,0.1578,0.144438,SF-P3O,Hopper-v4,0
163866,reward,2640,279.42724005845577,316.533,SF-P3O,Hopper-v4,0
164034,reward,2641,455.45317873296494,332.371,SF-P3O,Hopper-v4,0
164154,reward,2642,300.69572043955384,329.69,SF-P3O,Hopper-v4,0
164280,reward,2643,347.4105841756088,318.024,SF-P3O,Hopper-v4,0
164402,reward,2644,323.36644780409296,316.33,SF-P3O,Hopper-v4,0
164535,reward,2645,364.2344487194537,322.219,SF-P3O,Hopper-v4,0
164688,reward,2646,430.3712976656993,333.633,SF-P3O,Hopper-v4,0
164805,reward,2647,308.9988782439349,336.988,SF-P3O,Hopper-v4,0
164916,reward,2648,277.04423735222855,332.745,SF-P3O,Hopper-v4,0
165033,reward,2649,311.86625146372523,339.887,SF-P3O,Hopper-v4,0
165131,reward,2650,239.85615908135378,335.93,SF-P3O,Hopper-v4,0
165267,reward,2651,377.50324707432503,328.135,SF-P3O,Hopper-v4,0
165409,reward,2652,359.22626742225333,333.988,SF-P3O,Hopper-v4,0
165511,reward,2653,236.0572271416138,322.852,SF-P3O,Hopper-v4,0
165629,reward,2654,302.7661737188622,320.792,SF-P3O,Hopper-v4,0
165783,reward,2655,415.2261501894459,325.892,SF-P3O,Hopper-v4,0
165891,reward,2656,279.25197364198397,310.78,SF-P3O,Hopper-v4,0
166016,reward,2657,340.2877480127191,313.909,SF-P3O,Hopper-v4,0
166143,reward,2658,327.64044077186315,318.968,SF-P3O,Hopper-v4,0
166281,reward,2659,355.2455386937192,323.306,SF-P3O,Hopper-v4,0
166431,reward,2660,418.21910226586107,341.142,SF-P3O,Hopper-v4,0
166558,reward,2661,327.1339497808914,336.105,SF-P3O,Hopper-v4,0
166699,reward,2662,391.1771302160076,339.301,SF-P3O,Hopper-v4,0
166812,reward,2663,296.23130928841704,345.318,SF-P3O,Hopper-v4,0
166953,reward,2664,393.00377762719125,354.342,SF-P3O,Hopper-v4,0
167077,reward,2665,332.5628991388514,346.075,SF-P3O,Hopper-v4,0
167227,reward,2666,403.427324379552,358.493,SF-P3O,Hopper-v4,0
167358,reward,2667,340.54504176451417,358.519,SF-P3O,Hopper-v4,0
167479,reward,2668,326.5473281992447,358.409,SF-P3O,Hopper-v4,0
167617,reward,2669,341.7225757471198,357.057,SF-P3O,Hopper-v4,0
167746,reward,2670,360.68130648605137,351.303,SF-P3O,Hopper-v4,0
167832,reward,2671,190.0898763030694,337.599,SF-P3O,Hopper-v4,0
167934,reward,2672,252.44696019783188,323.726,SF-P3O,Hopper-v4,0
168061,reward,2673,324.39657246031874,326.542,SF-P3O,Hopper-v4,0
168186,reward,2674,329.1286144523124,320.155,SF-P3O,Hopper-v4,0
168309,reward,2675,322.55582517559054,319.154,SF-P3O,Hopper-v4,0
168420,reward,2676,293.47933993803065,308.159,SF-P3O,Hopper-v4,0
168536,reward,2677,296.5915453435885,303.764,SF-P3O,Hopper-v4,0
168644,reward,2678,261.06032738555587,297.215,SF-P3O,Hopper-v4,0
168759,reward,2679,293.5608549119523,292.399,SF-P3O,Hopper-v4,0
168872,reward,2680,303.0947869703334,286.64,SF-P3O,Hopper-v4,0
168974,reward,2681,232.8797124013671,290.919,SF-P3O,Hopper-v4,0
169125,reward,2682,407.6238309143889,306.437,SF-P3O,Hopper-v4,0
169169,reward,2683,76.39373435113006,281.637,SF-P3O,Hopper-v4,0
169291,reward,2684,316.7096604873252,280.395,SF-P3O,Hopper-v4,0
169407,reward,2685,303.59697389459666,278.499,SF-P3O,Hopper-v4,0
169500,reward,2686,212.89124710052738,270.44,SF-P3O,Hopper-v4,0
169599,reward,2687,233.34491470632778,264.116,SF-P3O,Hopper-v4,0
169715,reward,2688,294.6923265490469,267.479,SF-P3O,Hopper-v4,0
169824,reward,2689,268.85425737012537,265.008,SF-P3O,Hopper-v4,0
169931,reward,2690,266.7683722259475,261.376,SF-P3O,Hopper-v4,0
170000,speed,664.35,4.41,SF-P3O,Hopper-v4,0
170001,spectral,0.029834,0.954901,0.1578,SF-P3O,Hopper-v4,0
170040,reward,2691,273.05250862989965,265.393,SF-P3O,Hopper-v4,0
170139,reward,2692,235.84504419149113,248.215,SF-P3O,Hopper-v4,0
170259,reward,2693,327.932748437841,273.369,SF-P3O,Hopper-v4,0
170395,reward,2694,363.44595232019657,278.042,SF-P3O,Hopper-v4,0
170530,reward,2695,369.65798400336615,284.649,SF-P3O,Hopper-v4,0
170659,reward,2696,345.07189487802174,297.867,SF-P3O,Hopper-v4,0
170786,reward,2697,350.1998516901163,309.552,SF-P3O,Hopper-v4,0
170921,reward,2698,360.1077864212713,316.094,SF-P3O,Hopper-v4,0
171051,reward,2699,355.8233979411224,324.791,SF-P3O,Hopper-v4,0
171161,reward,2700,280.1378043074132,326.127,SF-P3O,Hopper-v4,0
171329,reward,2701,513.3171723988112,350.154,SF-P3O,Hopper-v4,0
171448,reward,2702,326.503889080375,359.22,SF-P3O,Hopper-v4,0
171553,reward,2703,269.5198170233991,353.379,SF-P3O,Hopper-v4,0
171666,reward,2704,298.38772195588183,346.873,SF-P3O,Hopper-v4,0
171777,reward,2705,283.585970328816,338.266,SF-P3O,Hopper-v4,0
171916,reward,2706,379.9964677094789,341.758,SF-P3O,Hopper-v4,0
172030,reward,2707,290.9696984267,335.835,SF-P3O,Hopper-v4,0
172032,loss,-0.03500638157129288,0.49976423382759094,SF-P3O,Hopper-v4,0
172142,reward,2708,285.8514872264051,328.409,SF-P3O,Hopper-v4,0
172257,reward,2709,306.0562780709996,323.433,SF-P3O,Hopper-v4,0
172370,reward,2710,287.4756913724323,324.166,SF-P3O,Hopper-v4,0
172480,reward,2711,285.1983435339071,301.355,SF-P3O,Hopper-v4,0
172639,reward,2712,448.6488442938383,313.569,SF-P3O,Hopper-v4,0
172768,reward,2713,323.81215220513417,318.998,SF-P3O,Hopper-v4,0
172881,reward,2714,291.2502555905361,318.285,SF-P3O,Hopper-v4,0
173014,reward,2715,353.62627599414395,325.289,SF-P3O,Hopper-v4,0
173143,reward,2716,345.37130139813297,321.826,SF-P3O,Hopper-v4,0
173299,reward,2717,397.99269751023013,332.528,SF-P3O,Hopper-v4,0
173430,reward,2718,363.8254691974228,340.326,SF-P3O,Hopper-v4,0
173542,reward,2719,285.6553941115375,338.286,SF-P3O,Hopper-v4,0
173668,reward,2720,320.7006127985425,341.608,SF-P3O,Hopper-v4,0
173796,reward,2721,347.43022574306303,347.831,SF-P3O,Hopper-v4,0
173918,reward,2722,328.16713820297326,335.783,SF-P3O,Hopper-v4,0
174044,reward,2723,337.12745591229555,337.115,SF-P3O,Hopper-v4,0
174167,reward,2724,330.51554876902725,341.041,SF-P3O,Hopper-v4,0
174306,reward,2725,376.9918182130033,343.378,SF-P3O,Hopper-v4,0
174412,reward,2726,272.47339005053834,336.088,SF-P3O,Hopper-v4,0
174566,reward,2727,396.0950339868689,335.898,SF-P3O,Hopper-v4,0
174723,reward,2728,441.2086194396351,343.637,SF-P3O,Hopper-v4,0
174885,reward,2729,449.9479557889182,360.066,SF-P3O,Hopper-v4,0
174997,reward,2730,300.09737282085865,358.005,SF-P3O,Hopper-v4,0
175084,reward,2731,184.51320150611684,341.714,SF-P3O,Hopper-v4,0
175193,reward,2732,288.9751541721678,337.795,SF-P3O,Hopper-v4,0
175272,reward,2733,155.45420080499187,319.627,SF-P3O,Hopper-v4,0
175393,reward,2734,325.9698522015874,319.173,SF-P3O,Hopper-v4,0
175511,reward,2735,311.0225301339625,312.576,SF-P3O,Hopper-v4,0
175616,reward,2736,266.98586576119425,312.027,SF-P3O,Hopper-v4,0
175753,reward,2737,375.2054171320726,309.938,SF-P3O,Hopper-v4,0
175872,reward,2738,311.4395730297592,296.961,SF-P3O,Hopper-v4,0
175985,reward,2739,296.41420857677275,281.608,SF-P3O,Hopper-v4,0
176129,reward,2740,349.78505873384756,286.577,SF-P3O,Hopper-v4,0
176238,reward,2741,281.74640019527556,296.3,SF-P3O,Hopper-v4,0
176374,reward,2742,358.15097494998315,303.217,SF-P3O,Hopper-v4,0
176504,reward,2743,334.36016161449675,321.108,SF-P3O,Hopper-v4,0
176633,reward,2744,345.8040031656216,323.091,SF-P3O,Hopper-v4,0
176741,reward,2745,276.03426691507553,319.593,SF-P3O,Hopper-v4,0
176937,reward,2746,587.3511164224412,351.629,SF-P3O,Hopper-v4,0
177057,reward,2747,328.3285421878224,346.941,SF-P3O,Hopper-v4,0
177164,reward,2748,275.4120503840988,343.339,SF-P3O,Hopper-v4,0
177310,reward,2749,346.837470379322,348.381,SF-P3O,Hopper-v4,0
177450,reward,2750,383.7191952740504,351.774,SF-P3O,Hopper-v4,0
177582,reward,2751,340.2611512025689,357.626,SF-P3O,Hopper-v4,0
177720,reward,2752,308.65051160658226,352.676,SF-P3O,Hopper-v4,0
177857,reward,2753,382.1363087275322,357.453,SF-P3O,Hopper-v4,0
177983,reward,2754,314.4467442396204,354.318,SF-P3O,Hopper-v4,0
178110,reward,2755,341.6774363212963,360.882,SF-P3O,Hopper-v4,0
178254,reward,2756,385.36025399553284,340.683,SF-P3O,Hopper-v4,0
178376,reward,2757,333.68897390376475,341.219,SF-P3O,Hopper-v4,0
178491,reward,2758,272.80327874171076,340.958,SF-P3O,Hopper-v4,0
178630,reward,2759,375.1028535545152,343.785,SF-P3O,Hopper-v4,0
178775,reward,2760,377.37916650630734,343.151,SF-P3O,Hopper-v4,0
178906,reward,2761,351.4825111481681,344.273,SF-P3O,Hopper-v4,0
179030,reward,2762,327.09085078920015,346.117,SF-P3O,Hopper-v4,0
179186,reward,2763,405.1463428162769,348.418,SF-P3O,Hopper-v4,0
179314,reward,2764,331.16901539467045,350.09,SF-P3O,Hopper-v4,0
179457,reward,2765,398.2014892271145,355.742,SF-P3O,Hopper-v4,0
179596,reward,2766,370.1232524119773,354.219,SF-P3O,Hopper-v4,0
179696,reward,2767,226.0766251364396,343.458,SF-P3O,Hopper-v4,0
179821,reward,2768,325.32367764698074,348.71,SF-P3O,Hopper-v4,0
179947,reward,2769,338.00235207438527,345.0,SF-P3O,Hopper-v4,0
180000,speed,691.5,4.65,SF-P3O,Hopper-v4,0
180001,spectral,0.030569,0.955865,0.1542,SF-P3O,Hopper-v4,0
180059,reward,2770,294.612551813569,336.723,SF-P3O,Hopper-v4,0
180183,reward,2771,322.6308334526219,333.838,SF-P3O,Hopper-v4,0
180224,loss,0.07551860064268112,0.27462536096572876,SF-P3O,Hopper-v4,0
180224,diagnostics,0.0,55.89,29.0661,0.031223,0.956523,0.1399,0.144888,SF-P3O,Hopper-v4,0
180321,reward,2772,323.8892552083117,333.518,SF-P3O,Hopper-v4,0
180441,reward,2773,306.0446148106481,323.607,SF-P3O,Hopper-v4,0
180581,reward,2774,401.28332176671165,330.619,SF-P3O,Hopper-v4,0
180691,reward,2775,281.87226457432297,318.986,SF-P3O,Hopper-v4,0
180806,reward,2776,285.86156081701046,310.56,SF-P3O,Hopper-v4,0
180922,reward,2777,307.8824943735113,318.74,SF-P3O,Hopper-v4,0
181040,reward,2778,315.0571174636148,317.714,SF-P3O,Hopper-v4,0
181157,reward,2779,320.4750792625202,315.961,SF-P3O,Hopper-v4,0
181274,reward,2780,291.8758539112191,315.687,SF-P3O,Hopper-v4,0
181435,reward,2781,465.32101942951897,329.956,SF-P3O,Hopper-v4,0
181561,reward,2782,344.94085199252527,332.061,SF-P3O,Hopper-v4,0
181686,reward,2783,334.3861783607123,334.896,SF-P3O,Hopper-v4,0
181808,reward,2784,328.60193404965474,327.627,SF-P3O,Hopper-v4,0
181932,reward,2785,308.84254917701713,330.324,SF-P3O,Hopper-v4,0
182064,reward,2786,348.3073263093588,336.569,SF-P3O,Hopper-v4,0
182227,reward,2787,458.64596756296135,351.645,SF-P3O,Hopper-v4,0
182315,reward,2788,194.89860029050976,339.63,SF-P3O,Hopper-v4,0
182435,reward,2789,336.09921007668805,341.192,SF-P3O,Hopper-v4,0
182588,reward,2790,439.88256019855265,355.993,SF-P3O,Hopper-v4,0
182696,reward,2791,279.071499075287,337.368,SF-P3O,Hopper-v4,0
182815,reward,2792,317.95327704528773,334.669,SF-P3O,Hopper-v4,0
182941,reward,2793,334.42624919025195,334.673,SF-P3O,Hopper-v4,0
183075,reward,2794,370.4986580065705,338.863,SF-P3O,Hopper-v4,0
183192,reward,2795,319.77383432853105,339.956,SF-P3O,Hopper-v4,0
183308,reward,2796,306.5606529840648,335.781,SF-P3O,Hopper-v4,0
183426,reward,2797,306.906183538076,320.607,SF-P3O,Hopper-v4,0
183550,reward,2798,324.5623582525924,333.573,SF-P3O,Hopper-v4,0
183672,reward,2799,303.57169658307396,330.321,SF-P3O,Hopper-v4,0
183796,reward,2800,282.0348195439389,314.536,SF-P3O,Hopper-v4,0
183919,reward,2801,330.29982866407346,319.659,SF-P3O,Hopper-v4,0
184030,reward,2802,300.25187261230303,317.889,SF-P3O,Hopper-v4,0
184169,reward,2803,366.1271505795164,321.059,SF-P3O,Hopper-v4,0
184293,reward,2804,343.24957289029993,318.334,SF-P3O,Hopper-v4,0
184455,reward,2805,464.31622992500695,332.788,SF-P3O,Hopper-v4,0
184616,reward,2806,447.1470513568594,346.847,SF-P3O,Hopper-v4,0
184737,reward,2807,318.95219201432866,348.051,SF-P3O,Hopper-v4,0
184853,reward,2808,310.16361622543786,346.611,SF-P3O,Hopper-v4,0
184982,reward,2809,342.4600294357554,350.5,SF-P3O,Hopper-v4,0
185102,reward,2810,305.6428714731514,352.861,SF-P3O,Hopper-v4,0
185243,reward,2811,391.5338363334944,358.984,SF-P3O,Hopper-v4,0
185366,reward,2812,322.01697014451105,361.161,SF-P3O,Hopper-v4,0
185481,reward,2813,289.58115584184264,353.506,SF-P3O,Hopper-v4,0
185568,reward,2814,190.56090891427118,338.237,SF-P3O,Hopper-v4,0
185712,reward,2815,392.84559528387894,331.09,SF-P3O,Hopper-v4,0
185824,reward,2816,264.2841908453112,312.804,SF-P3O,Hopper-v4,0
185939,reward,2817,300.99750473283007,311.009,SF-P3O,Hopper-v4,0
186045,reward,2818,265.5477790461703,306.547,SF-P3O,Hopper-v4,0
186164,reward,2819,325.5052131521645,304.852,SF-P3O,Hopper-v4,0
186292,reward,2820,301.72471062785627,304.46,SF-P3O,Hopper-v4,0
186432,reward,2821,389.9278214187002,304.299,SF-P3O,Hopper-v4,0
186565,reward,2822,352.47031105897713,307.345,SF-P3O,Hopper-v4,0
186684,reward,2823,327.387199459993,311.125,SF-P3O,Hopper-v4,0
186812,reward,2824,347.2955179400454,326.799,SF-P3O,Hopper-v4,0
186934,reward,2825,305.200838825593,318.034,SF-P3O,Hopper-v4,0
187038,reward,2826,261.91202555850015,317.797,SF-P3O,Hopper-v4,0
187152,reward,2827,286.11290993420954,316.308,SF-P3O,Hopper-v4,0
187276,reward,2828,332.65131411497254,323.019,SF-P3O,Hopper-v4,0
187408,reward,2829,316.25253451113144,322.094,SF-P3O,Hopper-v4,0
187523,reward,2830,294.02993008415416,321.324,SF-P3O,Hopper-v4,0
187644,reward,2831,302.5577370229423,312.587,SF-P3O,Hopper-v4,0
187738,reward,2832,209.7837923447366,298.318,SF-P3O,Hopper-v4,0
187863,reward,2833,304.7073933349984,296.05,SF-P3O,Hopper-v4,0
187996,reward,2834,351.84986134470864,296.506,SF-P3O,Hopper-v4,0
188099,reward,2835,248.5441058673834,290.84,SF-P3O,Hopper-v4,0
188223,reward,2836,336.63510989803444,298.312,SF-P3O,Hopper-v4,0
188339,reward,2837,306.71406910479067,300.373,SF-P3O,Hopper-v4,0
188416,loss,0.08859434723854065,0.5191073417663574,SF-P3O,Hopper-v4,0
188483,reward,2838,361.31952447222255,303.239,SF-P3O,Hopper-v4,0
188591,reward,2839,280.6150774908083,299.676,SF-P3O,Hopper-v4,0
188730,reward,2840,402.1928833983635,310.492,SF-P3O,Hopper-v4,0
188849,reward,2841,323.2724122818687,312.563,SF-P3O,Hopper-v4,0
189052,reward,2842,597.9004825086723,351.375,SF-P3O,Hopper-v4,0
189153,reward,2843,255.3333755389398,346.438,SF-P3O,Hopper-v4,0
189280,reward,2844,334.79333496574515,344.732,SF-P3O,Hopper-v4,0
189407,reward,2845,347.7578563952483,354.653,SF-P3O,Hopper-v4,0
189535,reward,2846,350.1754218554703,356.007,SF-P3O,Hopper-v4,0
189678,reward,2847,369.14004788566564,362.25,SF-P3O,Hopper-v4,0
189795,reward,2848,299.94927074759966,356.113,SF-P3O,Hopper-v4,0
189914,reward,2849,313.652574047312,359.417,SF-P3O,Hopper-v4,0
190000,speed,476.19,5.0,SF-P3O,Hopper-v4,0
190001,spectral,0.031732,0.956282,0.1319,SF-P3O,Hopper-v4,0
190030,reward,2850,298.9658437607322,349.094,SF-P3O,Hopper-v4,0
190150,reward,2851,322.528736290402,349.02,SF-P3O,Hopper-v4,0
190324,reward,2852,495.41243266086093,338.771,SF-P3O,Hopper-v4,0
190449,reward,2853,348.8736855047323,348.125,SF-P3O,Hopper-v4,0
190583,reward,2854,354.684062513046,350.114,SF-P3O,Hopper-v4,0
190737,reward,2855,420.2351727376566,357.362,SF-P3O,Hopper-v4,0
190866,reward,2856,352.64313992427356,357.608,SF-P3O,Hopper-v4,0
190981,reward,2857,278.00815086649754,348.495,SF-P3O,Hopper-v4,0
191092,reward,2858,268.72619372694356,345.373,SF-P3O,Hopper-v4,0
191199,reward,2859,258.2303939249972,339.831,SF-P3O,Hopper-v4,0
191379,reward,2860,519.7483666410402,361.909,SF-P3O,Hopper-v4,0
191548,reward,2861,474.5238015236268,377.109,SF-P3O,Hopper-v4,0
191677,reward,2862,355.5381534735336,363.121,SF-P3O,Hopper-v4,0
191802,reward,2863,315.93201986684113,359.827,SF-P3O,Hopper-v4,0
191849,reward,2864,80.2338457461613,332.382,SF-P3O,Hopper-v4,0
191969,reward,2865,333.93546235368,323.752,SF-P3O,Hopper-v4,0
192112,reward,2866,385.7480785936701,327.062,SF-P3O,Hopper-v4,0
192230,reward,2867,312.4613938798703,330.508,SF-P3O,Hopper-v4,0
192336,reward,2868,270.4241088221913,330.678,SF-P3O,Hopper-v4,0
192474,reward,2869,382.36921119512533,343.091,SF-P3O,Hopper-v4,0
192563,reward,2870,197.41327943739978,310.858,SF-P3O,Hopper-v4,0
192668,reward,2871,267.61887648487624,290.167,SF-P3O,Hopper-v4,0
192815,reward,2872,402.8076686875272,294.894,SF-P3O,Hopper-v4,0
192904,reward,2873,200.77244576430394,283.378,SF-P3O,Hopper-v4,0
193015,reward,2874,289.3279306600249,304.288,SF-P3O,Hopper-v4,0
193134,reward,2875,318.0351407123957,302.698,SF-P3O,Hopper-v4,0
193262,reward,2876,342.6937808653008,298.392,SF-P3O,Hopper-v4,0
193427,reward,2877,481.2807808608214,315.274,SF-P3O,Hopper-v4,0
193553,reward,2878,341.63183250654487,322.395,SF-P3O,Hopper-v4,0
193712,reward,2879,445.96580835213524,328.755,SF-P3O,Hopper-v4,0
193853,reward,2880,390.46434268973564,348.06,SF-P3O,Hopper-v4,0
193970,reward,2881,306.0142694725273,351.899,SF-P3O,Hopper-v4,0
194097,reward,2882,352.2320477513761,346.842,SF-P3O,Hopper-v4,0
194263,reward,2883,511.185210248303,377.883,SF-P3O,Hopper-v4,0
194390,reward,2884,324.9505056972301,381.445,SF-P3O,Hopper-v4,0
194566,reward,2885,519.3350139319933,401.575,SF-P3O,Hopper-v4,0
194655,reward,2886,183.00286821808987,385.606,SF-P3O,Hopper-v4,0
194777,reward,2887,325.37912617254796,370.016,SF-P3O,Hopper-v4,0
194903,reward,2888,341.16805957706276,369.97,SF-P3O,Hopper-v4,0
195017,reward,2889,312.0900387780983,356.582,SF-P3O,Hopper-v4,0
195138,reward,2890,314.71675441465925,349.007,SF-P3O,Hopper-v4,0
195263,reward,2891,333.31399635511286,351.737,SF-P3O,Hopper-v4,0
195421,reward,2892,471.66247373828276,363.68,SF-P3O,Hopper-v4,0
195540,reward,2893,297.55420496595167,342.317,SF-P3O,Hopper-v4,0
195655,reward,2894,296.7873717168934,339.501,SF-P3O,Hopper-v4,0
195778,reward,2895,319.7164436805118,319.539,SF-P3O,Hopper-v4,0
195896,reward,2896,293.02351733555963,330.541,SF-P3O,Hopper-v4,0
196051,reward,2897,456.5686184131276,343.66,SF-P3O,Hopper-v4,0
196187,reward,2898,374.0042317610043,346.944,SF-P3O,Hopper-v4,0
196310,reward,2899,328.23959659191075,348.559,SF-P3O,Hopper-v4,0
196429,reward,2900,319.71971990592044,349.059,SF-P3O,Hopper-v4,0
196547,reward,2901,317.05257092140295,347.433,SF-P3O,Hopper-v4,0
196608,loss,-0.03530239313840866,0.3758757710456848,SF-P3O,Hopper-v4,0
196608,diagnostics,0.0,56.1,23.1335,0.032701,0.955996,0.1234,0.144515,SF-P3O,Hopper-v4,0
196660,reward,2902,278.4121207776941,328.108,SF-P3O,Hopper-v4,0
196792,reward,2903,351.60268980350827,333.513,SF-P3O,Hopper-v4,0
196892,reward,2904,236.28245507797524,327.462,SF-P3O,Hopper-v4,0
197019,reward,2905,367.93592539546137,332.284,SF-P3O,Hopper-v4,0
197143,reward,2906,325.7050735631136,335.552,SF-P3O,Hopper-v4,0
197259,reward,2907,305.5759743374563,320.453,SF-P3O,Hopper-v4,0
197384,reward,2908,322.60442030112404,315.313,SF-P3O,Hopper-v4,0
197518,reward,2909,372.6326251634947,319.752,SF-P3O,Hopper-v4,0
197640,reward,2910,338.2550024446956,321.606,SF-P3O,Hopper-v4,0
197766,reward,2911,313.3409567473406,321.235,SF-P3O,Hopper-v4,0
197902,reward,2912,388.1364483586232,332.207,SF-P3O,Hopper-v4,0
198035,reward,2913,363.9685085742357,333.444,SF-P3O,Hopper-v4,0
198191,reward,2914,476.0410689696917,357.42,SF-P3O,Hopper-v4,0
198365,reward,2915,519.191015667744,372.545,SF-P3O,Hopper-v4,0
198485,reward,2916,312.2584633091359,371.2,SF-P3O,Hopper-v4,0
198610,reward,2917,337.10279954952034,374.353,SF-P3O,Hopper-v4,0
198739,reward,2918,344.1383431362346,376.507,SF-P3O,Hopper-v4,0
198855,reward,2919,301.1236092392657,369.356,SF-P3O,Hopper-v4,0
198983,reward,2920,340.60185984141094,369.59,SF-P3O,Hopper-v4,0
199107,reward,2921,337.4302871230443,371.999,SF-P3O,Hopper-v4,0
199229,reward,2922,326.22098598578424,365.808,SF-P3O,Hopper-v4,0
199334,reward,2923,265.4117331073426,355.952,SF-P3O,Hopper-v4,0
199461,reward,2924,348.86354533090446,343.234,SF-P3O,Hopper-v4,0
199570,reward,2925,280.41918824372567,319.357,SF-P3O,Hopper-v4,0
199691,reward,2926,327.0309209950791,320.834,SF-P3O,Hopper-v4,0
199826,reward,2927,348.04386136885546,321.928,SF-P3O,Hopper-v4,0
199945,reward,2928,289.6047461687392,316.475,SF-P3O,Hopper-v4,0
200000,speed,671.59,5.25,SF-P3O,Hopper-v4,0
200001,spectral,0.032701,0.955996,0.1234,SF-P3O,Hopper-v4,0
200071,reward,2929,353.70756111690594,321.733,SF-P3O,Hopper-v4,0
200194,reward,2930,325.6548723557688,320.239,SF-P3O,Hopper-v4,0
200314,reward,2931,310.4287182891046,317.539,SF-P3O,Hopper-v4,0
200416,reward,2932,255.3304358406442,310.45,SF-P3O,Hopper-v4,0
200541,reward,2933,324.78965357108234,316.387,SF-P3O,Hopper-v4,0
200657,reward,2934,303.7532807295217,311.876,SF-P3O,Hopper-v4,0
200736,reward,2935,164.60735351127965,300.295,SF-P3O,Hopper-v4,0
200857,reward,2936,315.24783044373527,299.117,SF-P3O,Hopper-v4,0
200981,reward,2937,315.73353570036556,295.886,SF-P3O,Hopper-v4,0
201101,reward,2938,324.4879924870839,299.374,SF-P3O,Hopper-v4,0
201225,reward,2939,321.77544136549636,296.181,SF-P3O,Hopper-v4,0
201348,reward,2940,319.82723639885234,295.598,SF-P3O,Hopper-v4,0
201489,reward,2941,403.26728156107936,304.882,SF-P3O,Hopper-v4,0
201577,reward,2942,194.4692925471403,298.796,SF-P3O,Hopper-v4,0
201701,reward,2943,331.7489746092983,299.492,SF-P3O,Hopper-v4,0
201822,reward,2944,329.4060863378936,302.057,SF-P3O,Hopper-v4,0
201939,reward,2945,311.8226237714966,316.779,SF-P3O,Hopper-v4,0
202060,reward,2946,319.90537687729534,317.244,SF-P3O,Hopper-v4,0
202170,reward,2947,289.71670861846496,314.643,SF-P3O,Hopper-v4,0
202276,reward,2948,268.0990710907492,309.004,SF-P3O,Hopper-v4,0
202400,reward,2949,322.3081922217191,309.057,SF-P3O,Hopper-v4,0
202564,reward,2950,473.00177202153964,324.375,SF-P3O,Hopper-v4,0
202689,reward,2951,343.00299309461633,318.348,SF-P3O,Hopper-v4,0
202812,reward,2952,334.5975017369636,332.361,SF-P3O,Hopper-v4,0
202976,reward,2953,483.2349387535236,347.51,SF-P3O,Hopper-v4,0
203098,reward,2954,332.2811005902713,347.797,SF-P3O,Hopper-v4,0
203217,reward,2955,312.6535040472261,347.88,SF-P3O,Hopper-v4,0
203356,reward,2956,377.55293025218924,353.645,SF-P3O,Hopper-v4,0
203474,reward,2957,314.35376848295147,356.109,SF-P3O,Hopper-v4,0
203590,reward,2958,297.9491653164561,359.094,SF-P3O,Hopper-v4,0
203731,reward,2959,355.75590488975695,362.438,SF-P3O,Hopper-v4,0
203859,reward,2960,357.98583606725344,350.937,SF-P3O,Hopper-v4,0
203986,reward,2961,312.61427997446054,347.898,SF-P3O,Hopper-v4,0
204113,reward,2962,354.57329483927685,349.895,SF-P3O,Hopper-v4,0
204236,reward,2963,336.4441273987002,335.216,SF-P3O,Hopper-v4,0
204338,reward,2964,255.39324883735162,327.528,SF-P3O,Hopper-v4,0
204443,reward,2965,262.3267656420454,322.495,SF-P3O,Hopper-v4,0
204566,reward,2966,333.5662735304799,318.096,SF-P3O,Hopper-v4,0
204690,reward,2967,347.2238784728852,321.383,SF-P3O,Hopper-v4,0
204800,loss,-0.08257432281970978,0.43167197704315186,SF-P3O,Hopper-v4,0
204838,reward,2968,443.0945879801083,335.898,SF-P3O,Hopper-v4,0
204955,reward,2969,304.12703162419444,330.735,SF-P3O,Hopper-v4,0
205123,reward,2970,456.302684566835,340.567,SF-P3O,Hopper-v4,0
205240,reward,2971,299.84262285187236,339.289,SF-P3O,Hopper-v4,0
205374,reward,2972,358.38817533921303,339.671,SF-P3O,Hopper-v4,0
205493,reward,2973,302.69302630901024,336.296,SF-P3O,Hopper-v4,0
205608,reward,2974,305.1661900850573,341.273,SF-P3O,Hopper-v4,0
205725,reward,2975,314.75056815056575,346.516,SF-P3O,Hopper-v4,0
205851,reward,2976,331.98141239337235,346.357,SF-P3O,Hopper-v4,0
206006,reward,2977,428.51925252725164,354.487,SF-P3O,Hopper-v4,0
206169,reward,2978,473.9987359290237,357.577,SF-P3O,Hopper-v4,0
206337,reward,2979,505.9951665627954,377.764,SF-P3O,Hopper-v4,0
206460,reward,2980,332.73261106811077,365.407,SF-P3O,Hopper-v4,0
206583,reward,2981,326.10959613434693,368.033,SF-P3O,Hopper-v4,0
206711,reward,2982,356.2036304451169,367.815,SF-P3O,Hopper-v4,0
206851,reward,2983,374.5609245584751,375.002,SF-P3O,Hopper-v4,0
206983,reward,2984,360.78081983665254,380.563,SF-P3O,Hopper-v4,0
207144,reward,2985,479.9604758099591,397.084,SF-P3O,Hopper-v4,0
207297,reward,2986,428.521728761625,406.738,SF-P3O,Hopper-v4,0
207442,reward,2987,413.57001369729295,405.243,SF-P3O,Hopper-v4,0
207570,reward,2988,353.56566229330315,393.2,SF-P3O,Hopper-v4,0
207689,reward,2989,312.6319228220364,373.864,SF-P3O,Hopper-v4,0
207836,reward,2990,415.5291864804097,382.143,SF-P3O,Hopper-v4,0
208004,reward,2991,448.2921155838003,394.362,SF-P3O,Hopper-v4,0
208139,reward,2992,355.897969715504,394.331,SF-P3O,Hopper-v4,0
208322,reward,2993,508.12666992229197,407.688,SF-P3O,Hopper-v4,0
208460,reward,2994,371.13494296228816,408.723,SF-P3O,Hopper-v4,0
208584,reward,2995,312.8077074804494,392.008,SF-P3O,Hopper-v4,0
208733,reward,2996,406.00929564050296,389.757,SF-P3O,Hopper-v4,0
208838,reward,2997,270.50975388596254,375.451,SF-P3O,Hopper-v4,0
208966,reward,2998,324.9011086522993,372.584,SF-P3O,Hopper-v4,0
209101,reward,2999,364.7217622973462,377.793,SF-P3O,Hopper-v4,0
209278,reward,3000,506.94648735304315,386.935,SF-P3O,Hopper-v4,0
209404,reward,3001,327.41542834592224,374.847,SF-P3O,Hopper-v4,0
209530,reward,3002,328.44421166110396,372.102,SF-P3O,Hopper-v4,0
209674,reward,3003,412.2790310433456,362.517,SF-P3O,Hopper-v4,0
209799,reward,3004,345.56609715525184,359.96,SF-P3O,Hopper-v4,0
209938,reward,3005,378.138655097149,366.493,SF-P3O,Hopper-v4,0
210000,speed,615.63,5.52,SF-P3O,Hopper-v4,0
210001,spectral,0.033598,0.955975,0.1254,SF-P3O,Hopper-v4,0
210097,reward,3006,468.2003650988147,372.712,SF-P3O,Hopper-v4,0
210219,reward,3007,316.20380326766843,377.282,SF-P3O,Hopper-v4,0
210341,reward,3008,323.1006466750674,377.102,SF-P3O,Hopper-v4,0
210460,reward,3009,302.72965364401375,370.902,SF-P3O,Hopper-v4,0
210501,reward,3010,72.1400560837517,327.422,SF-P3O,Hopper-v4,0
210658,reward,3011,437.3812923961262,338.418,SF-P3O,Hopper-v4,0
210781,reward,3012,331.7688633946281,338.751,SF-P3O,Hopper-v4,0
210905,reward,3013,330.0292782759473,330.526,SF-P3O,Hopper-v4,0
211018,reward,3014,280.13258560859936,323.983,SF-P3O,Hopper-v4,0
211146,reward,3015,346.12489434976965,320.781,SF-P3O,Hopper-v4,0
211325,reward,3016,529.8932935649486,326.95,SF-P3O,Hopper-v4,0
211475,reward,3017,428.5609693772987,338.186,SF-P3O,Hopper-v4,0
211595,reward,3018,328.9768318822738,338.774,SF-P3O,Hopper-v4,0
211749,reward,3019,446.960641760513,353.197,SF-P3O,Hopper-v4,0
211862,reward,3020,274.6185342352142,373.445,SF-P3O,Hopper-v4,0
211985,reward,3021,328.4362289218993,362.55,SF-P3O,Hopper-v4,0
212102,reward,3022,313.6051831753261,360.734,SF-P3O,Hopper-v4,0
212249,reward,3023,419.13600338951403,369.645,SF-P3O,Hopper-v4,0
212363,reward,3024,286.1398041544832,370.245,SF-P3O,Hopper-v4,0
212466,reward,3025,243.8484534540294,360.018,SF-P3O,Hopper-v4,0
212622,reward,3026,461.5350476951319,353.182,SF-P3O,Hopper-v4,0
212789,reward,3027,488.52500621861964,359.178,SF-P3O,Hopper-v4,0
212919,reward,3028,346.2321279062955,360.904,SF-P3O,Hopper-v4,0
212992,loss,0.11058755218982697,0.5432763695716858,SF-P3O,Hopper-v4,0
212992,diagnostics,0.0,56.31,31.7395,0.034239,0.955736,0.1123,0.144595,SF-P3O,Hopper-v4,0
213040,reward,3029,331.2005827392536,349.328,SF-P3O,Hopper-v4,0
213168,reward,3030,345.3206107303816,356.398,SF-P3O,Hopper-v4,0
213323,reward,3031,442.93734017065833,367.848,SF-P3O,Hopper-v4,0
213487,reward,3032,478.1941536434738,384.307,SF-P3O,Hopper-v4,0
213609,reward,3033,333.5464324377096,375.748,SF-P3O,Hopper-v4,0
213687,reward,3034,153.23426720923405,362.457,SF-P3O,Hopper-v4,0
213827,reward,3035,365.7143750585056,374.644,SF-P3O,Hopper-v4,0
213940,reward,3036,299.6583263048038,358.456,SF-P3O,Hopper-v4,0
214032,reward,3037,209.37316591385667,330.541,SF-P3O,Hopper-v4,0
214125,reward,3038,219.3989924524896,317.858,SF-P3O,Hopper-v4,0
214231,reward,3039,268.5555674957752,311.593,SF-P3O,Hopper-v4,0
214272,reward,3040,72.05078603592634,284.266,SF-P3O,Hopper-v4,0
214436,reward,3041,470.2755307471199,287.0,SF-P3O,Hopper-v4,0
214558,reward,3042,326.47184048386094,271.828,SF-P3O,Hopper-v4,0
214687,reward,3043,343.06072976825595,272.779,SF-P3O,Hopper-v4,0
214810,reward,3044,319.1190730892539,289.368,SF-P3O,Hopper-v4,0
214935,reward,3045,348.1211991706699,287.609,SF-P3O,Hopper-v4,0
215062,reward,3046,348.9936459954364,292.542,SF-P3O,Hopper-v4,0
215192,reward,3047,340.70240505292514,305.675,SF-P3O,Hopper-v4,0
215325,reward,3048,353.48684591638334,319.084,SF-P3O,Hopper-v4,0
215457,reward,3049,352.64493181973984,327.493,SF-P3O,Hopper-v4,0
215588,reward,3050,353.4276600168565,355.63,SF-P3O,Hopper-v4,0
215750,reward,3051,489.8058001333794,357.583,SF-P3O,Hopper-v4,0
215869,reward,3052,312.0540223144998,356.142,SF-P3O,Hopper-v4,0
215977,reward,3053,286.36086653217507,350.472,SF-P3O,Hopper-v4,0
216131,reward,3054,420.5828110162494,360.618,SF-P3O,Hopper-v4,0
216263,reward,3055,362.77507329654975,362.083,SF-P3O,Hopper-v4,0
216427,reward,3056,468.3610252147974,374.02,SF-P3O,Hopper-v4,0
216555,reward,3057,348.58569165530497,374.808,SF-P3O,Hopper-v4,0
216716,reward,3058,483.2282449124293,387.783,SF-P3O,Hopper-v4,0
216870,reward,3059,442.1720279684273,396.735,SF-P3O,Hopper-v4,0
216985,reward,3060,282.3707495369868,389.63,SF-P3O,Hopper-v4,0
217133,reward,3061,441.846521024527,384.834,SF-P3O,Hopper-v4,0
217252,reward,3062,322.61421896126075,385.89,SF-P3O,Hopper-v4,0
217380,reward,3063,326.4940372626123,389.903,SF-P3O,Hopper-v4,0
217548,reward,3064,456.90203462970726,393.535,SF-P3O,Hopper-v4,0
217708,reward,3065,470.50133014076073,404.308,SF-P3O,Hopper-v4,0
217837,reward,3066,347.2040675506779,392.192,SF-P3O,Hopper-v4,0
217923,reward,3067,191.30807166081593,376.464,SF-P3O,Hopper-v4,0
218057,reward,3068,377.30425569391986,365.872,SF-P3O,Hopper-v4,0
218164,reward,3069,274.69981671927144,349.125,SF-P3O,Hopper-v4,0
218316,reward,3070,395.92522509277404,360.48,SF-P3O,Hopper-v4,0
218433,reward,3071,317.92455551206837,348.088,SF-P3O,Hopper-v4,0
218550,reward,3072,307.7600912373499,346.602,SF-P3O,Hopper-v4,0
218683,reward,3073,347.4691377528348,348.7,SF-P3O,Hopper-v4,0
218807,reward,3074,330.60658244401037,336.07,SF-P3O,Hopper-v4,0
218926,reward,3075,325.3618381320978,321.556,SF-P3O,Hopper-v4,0
219078,reward,3076,411.5196758292673,327.988,SF-P3O,Hopper-v4,0
219253,reward,3077,504.3753506986278,359.295,SF-P3O,Hopper-v4,0
219363,reward,3078,279.46577765742984,349.511,SF-P3O,Hopper-v4,0
219492,reward,3079,321.32056419456325,354.173,SF-P3O,Hopper-v4,0
219621,reward,3080,340.416520524057,348.622,SF-P3O,Hopper-v4,0
219780,reward,3081,442.32062645080975,361.062,SF-P3O,Hopper-v4,0
219905,reward,3082,307.74283689404757,361.06,SF-P3O,Hopper-v4,0
220000,speed,635.01,5.78,SF-P3O,Hopper-v4,0
220001,spectral,0.034239,0.955736,0.1123,SF-P3O,Hopper-v4,0
220060,reward,3083,392.0616922561981,365.519,SF-P3O,Hopper-v4,0
220197,reward,3084,376.48512316979037,370.107,SF-P3O,Hopper-v4,0
220355,reward,3085,474.938298051175,385.065,SF-P3O,Hopper-v4,0
220532,reward,3086,529.7802457079079,396.891,SF-P3O,Hopper-v4,0
220677,reward,3087,393.30204250688746,385.783,SF-P3O,Hopper-v4,0
220799,reward,3088,324.007632361244,390.238,SF-P3O,Hopper-v4,0
220958,reward,3089,454.1863180896327,403.524,SF-P3O,Hopper-v4,0
221084,reward,3090,337.98061958488046,403.281,SF-P3O,Hopper-v4,0
221184,loss,0.005178327672183514,0.611889660358429,SF-P3O,Hopper-v4,0
221247,reward,3091,516.4605489628625,410.695,SF-P3O,Hopper-v4,0
221354,reward,3092,259.10642545683913,405.831,SF-P3O,Hopper-v4,0
221480,reward,3093,320.7030254607895,398.695,SF-P3O,Hopper-v4,0
221599,reward,3094,322.9880564981186,393.345,SF-P3O,Hopper-v4,0
221721,reward,3095,321.83132552843324,378.035,SF-P3O,Hopper-v4,0
221849,reward,3096,353.7200551368559,360.429,SF-P3O,Hopper-v4,0
221978,reward,3097,344.7315497886624,355.572,SF-P3O,Hopper-v4,0
222106,reward,3098,342.88214842174483,357.459,SF-P3O,Hopper-v4,0
222217,reward,3099,288.43712949791757,340.884,SF-P3O,Hopper-v4,0
222332,reward,3100,304.2487528632021,337.511,SF-P3O,Hopper-v4,0
222462,reward,3101,347.2792781487053,320.593,SF-P3O,Hopper-v4,0
222663,reward,3102,590.4248688047442,353.725,SF-P3O,Hopper-v4,0
222790,reward,3103,344.68726207127014,356.123,SF-P3O,Hopper-v4,0
222963,reward,3104,514.5414683443348,375.278,SF-P3O,Hopper-v4,0
223092,reward,3105,346.04360064807037,377.7,SF-P3O,Hopper-v4,0
223207,reward,3106,304.7948260688235,372.807,SF-P3O,Hopper-v4,0
223344,reward,3107,343.9184647660553,372.726,SF-P3O,Hopper-v4,0
223517,reward,3108,503.5583418069843,388.793,SF-P3O,Hopper-v4,0
223671,reward,3109,460.7990684410738,406.03,SF-P3O,Hopper-v4,0
223810,reward,3110,385.9877571161817,414.203,SF-P3O,Hopper-v4,0
223938,reward,3111,360.84488891787174,415.56,SF-P3O,Hopper-v4,0
224056,reward,3112,319.21727297903243,388.439,SF-P3O,Hopper-v4,0
224193,reward,3113,372.3549506378822,391.206,SF-P3O,Hopper-v4,0
224351,reward,3114,443.78574831378666,384.13,SF-P3O,Hopper-v4,0
224490,reward,3115,361.9828981495725,385.724,SF-P3O,Hopper-v4,0
224612,reward,3116,319.7420984959795,387.219,SF-P3O,Hopper-v4,0
224735,reward,3117,307.38691393445635,383.566,SF-P3O,Hopper-v4,0
224876,reward,3118,425.60437189523634,375.771,SF-P3O,Hopper-v4,0
224990,reward,3119,301.3999970081233,359.831,SF-P3O,Hopper-v4,0
225109,reward,3120,309.7524353672495,352.207,SF-P3O,Hopper-v4,0
225293,reward,3121,548.2637703330123,370.949,SF-P3O,Hopper-v4,0
225466,reward,3122,496.6322458031696,388.691,SF-P3O,Hopper-v4,0
225575,reward,3123,256.9013238094425,377.145,SF-P3O,Hopper-v4,0
225681,reward,3124,268.83093251090895,359.65,SF-P3O,Hopper-v4,0
225862,reward,3125,531.3576224364042,376.587,SF-P3O,Hopper-v4,0
226030,reward,3126,510.619305970997,395.675,SF-P3O,Hopper-v4,0
226212,reward,3127,560.1947925704454,420.956,SF-P3O,Hopper-v4,0
226337,reward,3128,336.3121221685067,412.026,SF-P3O,Hopper-v4,0
226473,reward,3129,384.7677471452058,420.363,SF-P3O,Hopper-v4,0
226602,reward,3130,347.31565047268367,424.12,SF-P3O,Hopper-v4,0
226758,reward,3131,460.0985623096547,415.303,SF-P3O,Hopper-v4,0
226929,reward,3132,503.8778397400139,416.028,SF-P3O,Hopper-v4,0
227052,reward,3133,331.6074288258161,423.498,SF-P3O,Hopper-v4,0
227227,reward,3134,519.9616014714459,448.611,SF-P3O,Hopper-v4,0
227343,reward,3135,302.4482332956364,425.72,SF-P3O,Hopper-v4,0
227490,reward,3136,436.071850064867,418.266,SF-P3O,Hopper-v4,0
227622,reward,3137,330.3153819821222,395.278,SF-P3O,Hopper-v4,0
227752,reward,3138,362.32879148602456,397.879,SF-P3O,Hopper-v4,0
227887,reward,3139,376.377280541367,397.04,SF-P3O,Hopper-v4,0
228057,reward,3140,502.74274270359484,412.583,SF-P3O,Hopper-v4,0
228189,reward,3141,352.5774601379143,401.831,SF-P3O,Hopper-v4,0
228383,reward,3142,558.0969457710478,407.253,SF-P3O,Hopper-v4,0
228514,reward,3143,344.1961541113706,408.512,SF-P3O,Hopper-v4,0
228644,reward,3144,364.69186846988646,392.985,SF-P3O,Hopper-v4,0
228761,reward,3145,302.9419882555314,393.034,SF-P3O,Hopper-v4,0
228875,reward,3146,301.35138761703445,379.562,SF-P3O,Hopper-v4,0
229004,reward,3147,345.01618213611613,381.032,SF-P3O,Hopper-v4,0
229161,reward,3148,393.46699906525066,384.146,SF-P3O,Hopper-v4,0
229336,reward,3149,511.6395612914373,397.672,SF-P3O,Hopper-v4,0
229376,loss,0.007133934646844864,0.5940437316894531,SF-P3O,Hopper-v4,0
229376,diagnostics,0.0,56.52,42.3103,0.035715,0.957254,0.1085,0.145242,SF-P3O,Hopper-v4,0
229496,reward,3150,450.0464612521727,392.403,SF-P3O,Hopper-v4,0
229631,reward,3151,359.8961815076283,393.134,SF-P3O,Hopper-v4,0
229755,reward,3152,306.325042473335,367.957,SF-P3O,Hopper-v4,0
229866,reward,3153,273.41311851503156,360.879,SF-P3O,Hopper-v4,0
230000,speed,445.48,6.15,SF-P3O,Hopper-v4,0
230001,spectral,0.035715,0.957254,0.1085,SF-P3O,Hopper-v4,0
230082,reward,3154,689.7264745891406,393.382,SF-P3O,Hopper-v4,0
230247,reward,3155,493.70728507584215,412.459,SF-P3O,Hopper-v4,0
230377,reward,3156,354.34205892602495,417.758,SF-P3O,Hopper-v4,0
230483,reward,3157,258.48910811734555,409.105,SF-P3O,Hopper-v4,0
230610,reward,3158,335.12893730001855,403.271,SF-P3O,Hopper-v4,0
230750,reward,3159,394.1989131065954,391.527,SF-P3O,Hopper-v4,0
230904,reward,3160,467.59400869000257,393.282,SF-P3O,Hopper-v4,0
231035,reward,3161,351.23360093083284,392.416,SF-P3O,Hopper-v4,0
231163,reward,3162,324.46162701695073,394.23,SF-P3O,Hopper-v4,0
231330,reward,3163,491.71265275585637,416.059,SF-P3O,Hopper-v4,0
231504,reward,3164,523.5926308355208,399.446,SF-P3O,Hopper-v4,0
231636,reward,3165,369.83090554566957,387.058,SF-P3O,Hopper-v4,0
231754,reward,3166,312.235449079347,382.848,SF-P3O,Hopper-v4,0
231896,reward,3167,410.08645400085095,398.008,SF-P3O,Hopper-v4,0
232056,reward,3168,487.5767475826363,413.252,SF-P3O,Hopper-v4,0
232207,reward,3169,437.61901518051764,417.594,SF-P3O,Hopper-v4,0
232334,reward,3170,337.85059989487365,404.62,SF-P3O,Hopper-v4,0
232502,reward,3171,518.4667084482951,421.343,SF-P3O,Hopper-v4,0
232636,reward,3172,365.0615932305406,425.403,SF-P3O,Hopper-v4,0
232765,reward,3173,337.1409320685522,409.946,SF-P3O,Hopper-v4,0
232892,reward,3174,342.99869487589007,391.887,SF-P3O,Hopper-v4,0
233016,reward,3175,350.0631910434339,389.91,SF-P3O,Hopper-v4,0
233133,reward,3176,316.9805190858671,390.384,SF-P3O,Hopper-v4,0
233280,reward,3177,411.3735836698992,390.513,SF-P3O,Hopper-v4,0
233464,reward,3178,555.8723267658753,397.343,SF-P3O,Hopper-v4,0
233592,reward,3179,350.43322282524406,388.624,SF-P3O,Hopper-v4,0
233753,reward,3180,484.23699231198174,403.263,SF-P3O,Hopper-v4,0
233908,reward,3181,456.06962066630985,397.023,SF-P3O,Hopper-v4,0
234042,reward,3182,351.2983145458301,395.647,SF-P3O,Hopper-v4,0
234228,reward,3183,575.0196090845423,419.435,SF-P3O,Hopper-v4,0
234399,reward,3184,491.050304959192,434.24,SF-P3O,Hopper-v4,0
234525,reward,3185,349.31340871131124,434.165,SF-P3O,Hopper-v4,0
234675,reward,3186,397.85951319988897,442.253,SF-P3O,Hopper-v4,0
234807,reward,3187,355.427815067887,436.658,SF-P3O,Hopper-v4,0
234937,reward,3188,358.7591004525293,416.947,SF-P3O,Hopper-v4,0
235064,reward,3189,356.0509495850285,417.509,SF-P3O,Hopper-v4,0
235188,reward,3190,341.9607627950273,403.281,SF-P3O,Hopper-v4,0
235303,reward,3191,297.7706983067848,387.451,SF-P3O,Hopper-v4,0
235480,reward,3192,530.9741242109658,405.419,SF-P3O,Hopper-v4,0
235661,reward,3193,545.3156178374699,402.448,SF-P3O,Hopper-v4,0
235786,reward,3194,336.4567869297968,386.989,SF-P3O,Hopper-v4,0
235861,reward,3195,149.69489436221917,367.027,SF-P3O,Hopper-v4,0
235981,reward,3196,317.88106057486675,359.029,SF-P3O,Hopper-v4,0
236126,reward,3197,415.79466238435305,365.066,SF-P3O,Hopper-v4,0
236253,reward,3198,340.4143663702913,363.231,SF-P3O,Hopper-v4,0
236378,reward,3199,343.9316902298397,362.019,SF-P3O,Hopper-v4,0
236496,reward,3200,307.3843292316584,358.562,SF-P3O,Hopper-v4,0
236675,reward,3201,528.128961320945,381.598,SF-P3O,Hopper-v4,0
236848,reward,3202,539.1204075073788,382.412,SF-P3O,Hopper-v4,0
236953,reward,3203,249.34994423581477,352.816,SF-P3O,Hopper-v4,0
237096,reward,3204,423.6191915440273,361.532,SF-P3O,Hopper-v4,0
237218,reward,3205,322.71879000120964,378.834,SF-P3O,Hopper-v4,0
237341,reward,3206,334.45357072269275,380.492,SF-P3O,Hopper-v4,0
237468,reward,3207,349.2404384192398,373.836,SF-P3O,Hopper-v4,0
237568,loss,0.06807894259691238,0.46202176809310913,SF-P3O,Hopper-v4,0
237596,reward,3208,344.7102388322505,374.266,SF-P3O,Hopper-v4,0
237748,reward,3209,456.0156329139096,385.474,SF-P3O,Hopper-v4,0
237877,reward,3210,339.43937555295264,388.68,SF-P3O,Hopper-v4,0
237995,reward,3211,304.3106862508011,366.298,SF-P3O,Hopper-v4,0
238109,reward,3212,289.08868814685286,341.295,SF-P3O,Hopper-v4,0
238229,reward,3213,313.1301765196511,347.673,SF-P3O,Hopper-v4,0
238393,reward,3214,519.0858363762237,357.219,SF-P3O,Hopper-v4,0
238558,reward,3215,493.0036625312417,374.248,SF-P3O,Hopper-v4,0
238763,reward,3216,663.2080282104358,407.123,SF-P3O,Hopper-v4,0
238920,reward,3217,495.70669684867335,421.77,SF-P3O,Hopper-v4,0
239066,reward,3218,440.0106897875,431.3,SF-P3O,Hopper-v4,0
239180,reward,3219,288.46356224888973,414.545,SF-P3O,Hopper-v4,0
239305,reward,3220,326.0354854890357,413.204,SF-P3O,Hopper-v4,0
239441,reward,3221,381.2363664639175,420.897,SF-P3O,Hopper-v4,0
239568,reward,3222,324.7093263209377,424.459,SF-P3O,Hopper-v4,0
239721,reward,3223,474.24148648757534,440.57,SF-P3O,Hopper-v4,0
239911,reward,3224,584.9808055832867,447.16,SF-P3O,Hopper-v4,0
240000,speed,676.41,6.4,SF-P3O,Hopper-v4,0
240001,spectral,0.036422,0.956869,0.1116,SF-P3O,Hopper-v4,0
240036,reward,3225,343.5557449773046,432.215,SF-P3O,Hopper-v4,0
240159,reward,3226,317.9614098241191,397.69,SF-P3O,Hopper-v4,0
240278,reward,3227,321.2598189600094,380.245,SF-P3O,Hopper-v4,0
240409,reward,3228,366.9532851764018,372.94,SF-P3O,Hopper-v4,0
240526,reward,3229,304.80176661175193,374.574,SF-P3O,Hopper-v4,0
240638,reward,3230,290.2715187584825,370.997,SF-P3O,Hopper-v4,0
240768,reward,3231,366.2152602288424,369.495,SF-P3O,Hopper-v4,0
240942,reward,3232,542.5728388565171,391.281,SF-P3O,Hopper-v4,0
241075,reward,3233,376.8634085330465,381.544,SF-P3O,Hopper-v4,0
241206,reward,3234,362.53485966184064,359.299,SF-P3O,Hopper-v4,0
241334,reward,3235,341.3831392615676,359.082,SF-P3O,Hopper-v4,0
241455,reward,3236,319.51018085329764,359.237,SF-P3O,Hopper-v4,0
241631,reward,3237,534.1768172961644,380.528,SF-P3O,Hopper-v4,0
241754,reward,3238,332.7797301376819,377.111,SF-P3O,Hopper-v4,0
241917,reward,3239,479.07278942887496,394.538,SF-P3O,Hopper-v4,0
242099,reward,3240,519.9954307503898,417.51,SF-P3O,Hopper-v4,0
242223,reward,3241,334.70368004874916,414.359,SF-P3O,Hopper-v4,0
242367,reward,3242,401.77298541502796,400.279,SF-P3O,Hopper-v4,0
242561,reward,3243,585.1184658398239,421.105,SF-P3O,Hopper-v4,0
242727,reward,3244,523.9649116309092,437.248,SF-P3O,Hopper-v4,0
242912,reward,3245,522.4785946571255,455.357,SF-P3O,Hopper-v4,0
243082,reward,3246,528.881641944727,476.295,SF-P3O,Hopper-v4,0
243256,reward,3247,516.5893961328617,474.536,SF-P3O,Hopper-v4,0
243413,reward,3248,495.0245893230737,490.76,SF-P3O,Hopper-v4,0
243559,reward,3249,449.29602609362877,487.783,SF-P3O,Hopper-v4,0
243684,reward,3250,332.55666763396636,469.039,SF-P3O,Hopper-v4,0
243867,reward,3251,597.8391979651418,495.352,SF-P3O,Hopper-v4,0
243969,reward,3252,254.80162437307774,480.655,SF-P3O,Hopper-v4,0
244121,reward,3253,389.31022084703386,461.074,SF-P3O,Hopper-v4,0
244264,reward,3254,416.32366155845654,450.31,SF-P3O,Hopper-v4,0
244396,reward,3255,344.5439368666135,432.517,SF-P3O,Hopper-v4,0
244581,reward,3256,567.5134936189394,436.38,SF-P3O,Hopper-v4,0
244695,reward,3257,298.5278440126385,414.574,SF-P3O,Hopper-v4,0
244899,reward,3258,604.1465062751004,425.486,SF-P3O,Hopper-v4,0
245027,reward,3259,348.75086757100985,415.431,SF-P3O,Hopper-v4,0
245149,reward,3260,320.5206578347984,414.228,SF-P3O,Hopper-v4,0
245336,reward,3261,567.3414225344998,411.178,SF-P3O,Hopper-v4,0
245452,reward,3262,297.95340337116016,415.493,SF-P3O,Hopper-v4,0
245622,reward,3263,529.3311043345461,429.495,SF-P3O,Hopper-v4,0
245746,reward,3264,340.4875839074489,421.912,SF-P3O,Hopper-v4,0
245760,loss,0.09474512934684753,0.6147027611732483,SF-P3O,Hopper-v4,0
245760,diagnostics,0.0,56.74,23.784,0.037441,0.956667,0.1122,0.145046,SF-P3O,Hopper-v4,0
245894,reward,3265,440.77952858887716,431.535,SF-P3O,Hopper-v4,0
246017,reward,3266,336.45741560041466,408.43,SF-P3O,Hopper-v4,0
246154,reward,3267,367.83122663508635,415.36,SF-P3O,Hopper-v4,0
246258,reward,3268,261.4314255729209,381.088,SF-P3O,Hopper-v4,0
246406,reward,3269,459.8537676344486,392.199,SF-P3O,Hopper-v4,0
246648,reward,3270,744.9765549300288,434.644,SF-P3O,Hopper-v4,0
246803,reward,3271,465.5692315271731,424.467,SF-P3O,Hopper-v4,0
246911,reward,3272,268.4695323452071,421.519,SF-P3O,Hopper-v4,0
247047,reward,3273,378.23370668805023,406.409,SF-P3O,Hopper-v4,0
247175,reward,3274,347.24980809965234,407.085,SF-P3O,Hopper-v4,0
247296,reward,3275,309.1315717708297,393.92,SF-P3O,Hopper-v4,0
247444,reward,3276,447.07389363959453,404.982,SF-P3O,Hopper-v4,0
247669,reward,3277,730.1479728671835,441.214,SF-P3O,Hopper-v4,0
247788,reward,3278,305.66676198564835,445.637,SF-P3O,Hopper-v4,0
247895,reward,3279,249.68750823887916,424.621,SF-P3O,Hopper-v4,0
248068,reward,3280,529.3578196147478,403.059,SF-P3O,Hopper-v4,0
248199,reward,3281,345.9629131483181,391.098,SF-P3O,Hopper-v4,0
248364,reward,3282,503.46437217941065,414.598,SF-P3O,Hopper-v4,0
248488,reward,3283,331.98116990555405,409.972,SF-P3O,Hopper-v4,0
248613,reward,3284,342.0795285788991,409.455,SF-P3O,Hopper-v4,0
248743,reward,3285,360.53350876282684,414.596,SF-P3O,Hopper-v4,0
248879,reward,3286,384.9028449389552,408.378,SF-P3O,Hopper-v4,0
249005,reward,3287,353.5304506251294,370.717,SF-P3O,Hopper-v4,0
249039,reward,3288,61.56571473185334,346.307,SF-P3O,Hopper-v4,0
249230,reward,3289,597.0899132066799,381.047,SF-P3O,Hopper-v4,0
249412,reward,3290,535.2172326589358,381.633,SF-P3O,Hopper-v4,0
249568,reward,3291,462.3765518128496,393.274,SF-P3O,Hopper-v4,0
249807,reward,3292,728.0021760032378,415.728,SF-P3O,Hopper-v4,0
249930,reward,3293,313.36229298097186,413.866,SF-P3O,Hopper-v4,0
250000,speed,676.4,6.65,SF-P3O,Hopper-v4,0
250001,spectral,0.037441,0.956667,0.1122,SF-P3O,Hopper-v4,0
250123,reward,3294,583.6239196451963,438.02,SF-P3O,Hopper-v4,0
250242,reward,3295,315.62253112529436,433.529,SF-P3O,Hopper-v4,0
250417,reward,3296,552.2659404667788,450.266,SF-P3O,Hopper-v4,0
250582,reward,3297,459.3751863048734,460.85,SF-P3O,Hopper-v4,0
250698,reward,3298,302.63316401623706,484.957,SF-P3O,Hopper-v4,0
250837,reward,3299,375.153538002568,462.763,SF-P3O,Hopper-v4,0
250959,reward,3300,330.7744544997072,442.319,SF-P3O,Hopper-v4,0
251158,reward,3301,564.6773368855295,452.549,SF-P3O,Hopper-v4,0
251284,reward,3302,326.9365125849275,412.442,SF-P3O,Hopper-v4,0
251451,reward,3303,504.1132325284122,431.518,SF-P3O,Hopper-v4,0
251580,reward,3304,341.2862573428549,407.284,SF-P3O,Hopper-v4,0
251700,reward,3305,322.19908069785663,407.941,SF-P3O,Hopper-v4,0
251829,reward,3306,359.84755274998474,388.7,SF-P3O,Hopper-v4,0
251948,reward,3307,327.0134623370284,375.463,SF-P3O,Hopper-v4,0
252122,reward,3308,489.40304251745886,394.14,SF-P3O,Hopper-v4,0
252271,reward,3309,416.1106886108948,398.236,SF-P3O,Hopper-v4,0
252388,reward,3310,296.93357098417243,394.852,SF-P3O,Hopper-v4,0
252516,reward,3311,342.1051992498306,372.595,SF-P3O,Hopper-v4,0
252643,reward,3312,353.05087877117717,375.206,SF-P3O,Hopper-v4,0
252773,reward,3313,369.8713660062077,361.782,SF-P3O,Hopper-v4,0
252883,reward,3314,271.53435948127367,354.807,SF-P3O,Hopper-v4,0
253021,reward,3315,395.49108712873596,362.136,SF-P3O,Hopper-v4,0
253136,reward,3316,301.2464346358469,356.276,SF-P3O,Hopper-v4,0
253304,reward,3317,528.8217700965625,376.457,SF-P3O,Hopper-v4,0
253465,reward,3318,494.79675571104974,376.996,SF-P3O,Hopper-v4,0
253642,reward,3319,535.3665731188323,388.922,SF-P3O,Hopper-v4,0
253761,reward,3320,313.4476733633512,390.573,SF-P3O,Hopper-v4,0
253885,reward,3321,339.4120383434402,390.304,SF-P3O,Hopper-v4,0
253952,loss,0.07331417500972748,0.478717178106308,SF-P3O,Hopper-v4,0
254006,reward,3322,341.25059960671,389.124,SF-P3O,Hopper-v4,0
254122,reward,3323,305.9870495791535,382.735,SF-P3O,Hopper-v4,0
254248,reward,3324,333.0193330916418,388.884,SF-P3O,Hopper-v4,0
254411,reward,3325,518.1107801964539,401.146,SF-P3O,Hopper-v4,0
254576,reward,3326,478.85481052295546,418.907,SF-P3O,Hopper-v4,0
254700,reward,3327,348.2015609272828,400.845,SF-P3O,Hopper-v4,0
254826,reward,3328,348.9852875709942,386.264,SF-P3O,Hopper-v4,0
255014,reward,3329,593.1399862244067,392.041,SF-P3O,Hopper-v4,0
255132,reward,3330,287.2950905607293,389.426,SF-P3O,Hopper-v4,0
255298,reward,3331,483.2593220500238,403.81,SF-P3O,Hopper-v4,0
255423,reward,3332,338.6658181789655,403.552,SF-P3O,Hopper-v4,0
255560,reward,3333,369.2902929730532,409.882,SF-P3O,Hopper-v4,0
255685,reward,3334,340.239719016,410.604,SF-P3O,Hopper-v4,0
255856,reward,3335,521.2142437825917,410.915,SF-P3O,Hopper-v4,0
255994,reward,3336,389.53680408795066,401.983,SF-P3O,Hopper-v4,0
256177,reward,3337,574.2189853358163,424.585,SF-P3O,Hopper-v4,0
256298,reward,3338,330.16851582186143,422.703,SF-P3O,Hopper-v4,0
256471,reward,3339,519.0643373889536,415.295,SF-P3O,Hopper-v4,0
256561,reward,3340,176.93630679935168,404.259,SF-P3O,Hopper-v4,0
256713,reward,3341,447.69168590709955,400.703,SF-P3O,Hopper-v4,0
256842,reward,3342,362.4151830298026,403.078,SF-P3O,Hopper-v4,0
256957,reward,3343,297.31037654837223,395.88,SF-P3O,Hopper-v4,0
257150,reward,3344,552.4088780229806,417.097,SF-P3O,Hopper-v4,0
257304,reward,3345,473.29038623657914,412.304,SF-P3O,Hopper-v4,0
257430,reward,3346,329.62044914339486,406.313,SF-P3O,Hopper-v4,0
257564,reward,3347,367.88166631872093,385.679,SF-P3O,Hopper-v4,0
257715,reward,3348,437.7342532238246,396.435,SF-P3O,Hopper-v4,0
257833,reward,3349,328.43082912807455,377.372,SF-P3O,Hopper-v4,0
257997,reward,3350,510.9878843011565,410.777,SF-P3O,Hopper-v4,0
258121,reward,3351,324.6452306038721,398.473,SF-P3O,Hopper-v4,0
258284,reward,3352,498.70981595289226,412.102,SF-P3O,Hopper-v4,0
258446,reward,3353,512.1548970035527,433.586,SF-P3O,Hopper-v4,0
258610,reward,3354,479.41683189654117,426.287,SF-P3O,Hopper-v4,0
258731,reward,3355,322.33355093360336,411.192,SF-P3O,Hopper-v4,0
258868,reward,3356,379.4621962804346,416.176,SF-P3O,Hopper-v4,0
258987,reward,3357,313.3857314736499,410.726,SF-P3O,Hopper-v4,0
259186,reward,3358,611.3577801181913,428.088,SF-P3O,Hopper-v4,0
259302,reward,3359,310.52214905192176,426.298,SF-P3O,Hopper-v4,0
259467,reward,3360,450.8496317215589,420.284,SF-P3O,Hopper-v4,0
259602,reward,3361,392.126150160431,427.032,SF-P3O,Hopper-v4,0
259715,reward,3362,290.59947566380174,406.221,SF-P3O,Hopper-v4,0
259844,reward,3363,367.04769067176574,391.71,SF-P3O,Hopper-v4,0
260000,speed,697.18,6.88,SF-P3O,Hopper-v4,0
260001,spectral,0.037796,0.95741,0.1117,SF-P3O,Hopper-v4,0
260021,reward,3364,551.5441687847958,398.923,SF-P3O,Hopper-v4,0
260146,reward,3365,345.8754138845469,401.277,SF-P3O,Hopper-v4,0
260259,reward,3366,297.4618773858525,393.077,SF-P3O,Hopper-v4,0
260338,reward,3367,162.28728693331973,377.967,SF-P3O,Hopper-v4,0
260462,reward,3368,332.3068259496739,350.062,SF-P3O,Hopper-v4,0
260577,reward,3369,301.72341556624417,349.182,SF-P3O,Hopper-v4,0
260712,reward,3370,340.9019357718029,338.187,SF-P3O,Hopper-v4,0
260827,reward,3371,289.08540753027916,327.883,SF-P3O,Hopper-v4,0
261005,reward,3372,550.0709989558472,353.831,SF-P3O,Hopper-v4,0
261128,reward,3373,314.9466919340451,348.62,SF-P3O,Hopper-v4,0
261259,reward,3374,369.26943371265463,330.393,SF-P3O,Hopper-v4,0
261461,reward,3375,637.6599577231884,359.571,SF-P3O,Hopper-v4,0
261612,reward,3376,462.3334577093572,376.059,SF-P3O,Hopper-v4,0
261791,reward,3377,518.9162797785099,411.721,SF-P3O,Hopper-v4,0
261942,reward,3378,461.49175085830353,424.64,SF-P3O,Hopper-v4,0
262104,reward,3379,512.4018697937188,445.708,SF-P3O,Hopper-v4,0
262144,loss,-0.07779588550329208,0.41576528549194336,SF-P3O,Hopper-v4,0
262144,diagnostics,0.0,56.95,25.2387,0.038795,0.957428,0.1127,0.145512,SF-P3O,Hopper-v4,0
262236,reward,3380,376.6126301977418,449.279,SF-P3O,Hopper-v4,0
262420,reward,3381,580.3290916644991,478.403,SF-P3O,Hopper-v4,0
262605,reward,3382,590.3353190438479,482.43,SF-P3O,Hopper-v4,0
262736,reward,3383,351.7718558553283,486.112,SF-P3O,Hopper-v4,0
262924,reward,3384,564.5347484876356,505.639,SF-P3O,Hopper-v4,0
263046,reward,3385,328.6830635842822,474.741,SF-P3O,Hopper-v4,0
263212,reward,3386,500.2213598701717,478.53,SF-P3O,Hopper-v4,0
263343,reward,3387,374.18993023426236,464.057,SF-P3O,Hopper-v4,0
263499,reward,3388,487.26614851853896,466.635,SF-P3O,Hopper-v4,0
263663,reward,3389,515.1109918961437,466.906,SF-P3O,Hopper-v4,0
263831,reward,3390,493.9899941333969,478.643,SF-P3O,Hopper-v4,0
263958,reward,3391,343.1109436812062,454.921,SF-P3O,Hopper-v4,0
264140,reward,3392,564.657845630605,452.354,SF-P3O,Hopper-v4,0
264273,reward,3393,354.6933843090345,452.646,SF-P3O,Hopper-v4,0
264399,reward,3394,341.09748744955226,430.302,SF-P3O,Hopper-v4,0
264511,reward,3395,278.8522846956584,425.319,SF-P3O,Hopper-v4,0
264655,reward,3396,433.55045465183923,418.652,SF-P3O,Hopper-v4,0
264800,reward,3397,427.1636013444824,423.949,SF-P3O,Hopper-v4,0
264933,reward,3398,358.85752363509425,411.108,SF-P3O,Hopper-v4,0
265051,reward,3399,315.8736352827979,391.185,SF-P3O,Hopper-v4,0
265186,reward,3400,362.8204947467954,378.068,SF-P3O,Hopper-v4,0
265374,reward,3401,629.4084596681985,406.698,SF-P3O,Hopper-v4,0
265500,reward,3402,335.79313987000415,383.811,SF-P3O,Hopper-v4,0
265616,reward,3403,292.2357492382774,377.565,SF-P3O,Hopper-v4,0
265798,reward,3404,577.8895202398838,401.244,SF-P3O,Hopper-v4,0
265927,reward,3405,345.27399539823716,407.887,SF-P3O,Hopper-v4,0
266094,reward,3406,561.0048779973461,420.632,SF-P3O,Hopper-v4,0
266218,reward,3407,325.383493585094,410.454,SF-P3O,Hopper-v4,0
266384,reward,3408,535.1952370818273,428.088,SF-P3O,Hopper-v4,0
266546,reward,3409,440.47105398858616,440.548,SF-P3O,Hopper-v4,0
266691,reward,3410,446.1296359629953,448.879,SF-P3O,Hopper-v4,0
266868,reward,3411,571.4713819758148,443.085,SF-P3O,Hopper-v4,0
267015,reward,3412,432.03082601004286,452.709,SF-P3O,Hopper-v4,0
267159,reward,3413,445.1350622293956,467.999,SF-P3O,Hopper-v4,0
267300,reward,3414,396.79912021904033,449.889,SF-P3O,Hopper-v4,0
267421,reward,3415,311.52896295577756,446.515,SF-P3O,Hopper-v4,0
267624,reward,3416,661.316530543434,456.546,SF-P3O,Hopper-v4,0
267804,reward,3417,532.6732317227837,477.275,SF-P3O,Hopper-v4,0
267919,reward,3418,301.4423374297697,453.9,SF-P3O,Hopper-v4,0
268095,reward,3419,517.34433216039,461.587,SF-P3O,Hopper-v4,0
268274,reward,3420,529.3707453869135,469.911,SF-P3O,Hopper-v4,0
268400,reward,3421,354.36160501694366,448.2,SF-P3O,Hopper-v4,0
268556,reward,3422,489.47498128734253,453.945,SF-P3O,Hopper-v4,0
268689,reward,3423,362.2843225493279,445.66,SF-P3O,Hopper-v4,0
268859,reward,3424,545.5744192890119,460.537,SF-P3O,Hopper-v4,0
268972,reward,3425,302.45840761250304,459.63,SF-P3O,Hopper-v4,0
269135,reward,3426,508.06073791614654,444.305,SF-P3O,Hopper-v4,0
269256,reward,3427,337.05090866454935,424.742,SF-P3O,Hopper-v4,0
269409,reward,3428,466.43904273787297,441.242,SF-P3O,Hopper-v4,0
269572,reward,3429,504.2069902302685,439.928,SF-P3O,Hopper-v4,0
269711,reward,3430,405.58570941188566,427.55,SF-P3O,Hopper-v4,0
269885,reward,3431,550.6022580785548,447.174,SF-P3O,Hopper-v4,0
270000,speed,680.61,7.13,SF-P3O,Hopper-v4,0
270001,spectral,0.038795,0.957428,0.1127,SF-P3O,Hopper-v4,0
270028,reward,3432,408.6350772360508,439.09,SF-P3O,Hopper-v4,0
270205,reward,3433,561.067861633551,458.968,SF-P3O,Hopper-v4,0
270321,reward,3434,289.8357176141749,433.394,SF-P3O,Hopper-v4,0
270336,loss,-0.040215130895376205,0.7859382629394531,SF-P3O,Hopper-v4,0
270438,reward,3435,302.53451517075104,433.402,SF-P3O,Hopper-v4,0
270614,reward,3436,524.1133043700852,435.007,SF-P3O,Hopper-v4,0
270743,reward,3437,345.5154853611231,435.854,SF-P3O,Hopper-v4,0
270980,reward,3438,749.1722802156683,464.127,SF-P3O,Hopper-v4,0
271158,reward,3439,540.2007181147012,467.726,SF-P3O,Hopper-v4,0
271330,reward,3440,533.9305326654066,480.561,SF-P3O,Hopper-v4,0
271482,reward,3441,448.43710201121417,470.344,SF-P3O,Hopper-v4,0
271661,reward,3442,504.73944608386927,479.955,SF-P3O,Hopper-v4,0
271831,reward,3443,523.883666174717,476.236,SF-P3O,Hopper-v4,0
272002,reward,3444,548.2104033537788,502.074,SF-P3O,Hopper-v4,0
272143,reward,3445,427.14057799205847,514.534,SF-P3O,Hopper-v4,0
272328,reward,3446,545.1404123634215,516.637,SF-P3O,Hopper-v4,0
272502,reward,3447,523.369700435282,534.422,SF-P3O,Hopper-v4,0
272622,reward,3448,319.26608456083403,491.432,SF-P3O,Hopper-v4,0
272780,reward,3449,493.146585828185,486.726,SF-P3O,Hopper-v4,0
272876,reward,3450,222.24884463755174,455.558,SF-P3O,Hopper-v4,0
273002,reward,3451,336.4574177740291,444.36,SF-P3O,Hopper-v4,0
273163,reward,3452,493.5459459409416,443.241,SF-P3O,Hopper-v4,0
273357,reward,3453,574.7637990796451,448.329,SF-P3O,Hopper-v4,0
273536,reward,3454,574.6293181581588,450.971,SF-P3O,Hopper-v4,0
273689,reward,3455,438.00404334993357,452.057,SF-P3O,Hopper-v4,0
273876,reward,3456,548.0674593511146,452.35,SF-P3O,Hopper-v4,0
273996,reward,3457,306.64114731473484,430.677,SF-P3O,Hopper-v4,0
274144,reward,3458,449.0282659115528,443.653,SF-P3O,Hopper-v4,0
274328,reward,3459,575.6602051812354,451.905,SF-P3O,Hopper-v4,0
274455,reward,3460,346.88169863261993,464.368,SF-P3O,Hopper-v4,0
274648,reward,3461,601.8005335179031,490.902,SF-P3O,Hopper-v4,0
274800,reward,3462,427.32208864592434,484.28,SF-P3O,Hopper-v4,0
274977,reward,3463,521.3239088683125,478.936,SF-P3O,Hopper-v4,0
275143,reward,3464,546.5763779100788,476.131,SF-P3O,Hopper-v4,0
275330,reward,3465,542.1715474134796,486.547,SF-P3O,Hopper-v4,0
275446,reward,3466,310.30203941050553,462.771,SF-P3O,Hopper-v4,0
275634,reward,3467,575.033725228387,489.61,SF-P3O,Hopper-v4,0
275781,reward,3468,432.34323163809853,487.942,SF-P3O,Hopper-v4,0
275965,reward,3469,584.5542563944402,488.831,SF-P3O,Hopper-v4,0
276092,reward,3470,340.42271561300316,488.185,SF-P3O,Hopper-v4,0
276265,reward,3471,527.3726427970298,480.742,SF-P3O,Hopper-v4,0
276404,reward,3472,397.17271917226515,477.727,SF-P3O,Hopper-v4,0
276587,reward,3473,568.2444340435632,482.419,SF-P3O,Hopper-v4,0
276712,reward,3474,330.62336748399076,460.824,SF-P3O,Hopper-v4,0
276863,reward,3475,376.5933633713123,444.266,SF-P3O,Hopper-v4,0
277022,reward,3476,458.0163472234862,459.038,SF-P3O,Hopper-v4,0
277183,reward,3477,496.6193483606811,451.196,SF-P3O,Hopper-v4,0
277311,reward,3478,356.35771889936956,443.598,SF-P3O,Hopper-v4,0
277450,reward,3479,396.62498108662317,424.805,SF-P3O,Hopper-v4,0
277607,reward,3480,490.43091173696484,439.806,SF-P3O,Hopper-v4,0
277810,reward,3481,682.3972623733177,455.308,SF-P3O,Hopper-v4,0
277995,reward,3482,551.7267160973911,470.763,SF-P3O,Hopper-v4,0
278175,reward,3483,540.4320871880013,467.982,SF-P3O,Hopper-v4,0
278197,reward,3484,33.55173983900665,438.275,SF-P3O,Hopper-v4,0
278392,reward,3485,571.302019683295,457.746,SF-P3O,Hopper-v4,0
278528,loss,0.053984884172677994,1.0002267360687256,SF-P3O,Hopper-v4,0
278528,diagnostics,0.0,57.16,101.7134,0.040182,0.956636,0.1126,0.145159,SF-P3O,Hopper-v4,0
278528,reward,3486,385.11116986928744,450.455,SF-P3O,Hopper-v4,0
278661,reward,3487,380.2595492400001,438.819,SF-P3O,Hopper-v4,0
278826,reward,3488,520.4224471185659,455.226,SF-P3O,Hopper-v4,0
278951,reward,3489,346.3518561144728,450.199,SF-P3O,Hopper-v4,0
279079,reward,3490,357.8165345582253,436.937,SF-P3O,Hopper-v4,0
279250,reward,3491,532.8191675201895,421.979,SF-P3O,Hopper-v4,0
279401,reward,3492,454.2006270194446,412.227,SF-P3O,Hopper-v4,0
279496,reward,3493,217.33990183911163,379.918,SF-P3O,Hopper-v4,0
279663,reward,3494,505.59644443251756,427.122,SF-P3O,Hopper-v4,0
279783,reward,3495,303.9085556955297,400.383,SF-P3O,Hopper-v4,0
279962,reward,3496,571.0086845093741,418.972,SF-P3O,Hopper-v4,0
280000,speed,460.5,7.49,SF-P3O,Hopper-v4,0
280001,spectral,0.040182,0.956636,0.1126,SF-P3O,Hopper-v4,0
280141,reward,3497,523.6749588867692,433.314,SF-P3O,Hopper-v4,0
280283,reward,3498,425.7189272196436,423.844,SF-P3O,Hopper-v4,0
280416,reward,3499,352.8703345800213,424.495,SF-P3O,Hopper-v4,0
280540,reward,3500,331.6161956393633,421.875,SF-P3O,Hopper-v4,0
280664,reward,3501,342.8200604238077,402.875,SF-P3O,Hopper-v4,0
280783,reward,3502,306.24070985061996,388.079,SF-P3O,Hopper-v4,0
280926,reward,3503,417.5536807060506,408.101,SF-P3O,Hopper-v4,0
281094,reward,3504,527.2861108740078,410.27,SF-P3O,Hopper-v4,0
281274,reward,3505,594.0192232069226,439.281,SF-P3O,Hopper-v4,0
281439,reward,3506,529.9298061719178,435.173,SF-P3O,Hopper-v4,0
281717,reward,3507,825.3554204369527,465.341,SF-P3O,Hopper-v4,0
281873,reward,3508,484.940238781793,471.263,SF-P3O,Hopper-v4,0
282033,reward,3509,517.7638939164376,487.753,SF-P3O,Hopper-v4,0
282216,reward,3510,570.0231601875053,511.593,SF-P3O,Hopper-v4,0
282348,reward,3511,371.2479151572328,514.436,SF-P3O,Hopper-v4,0
282464,reward,3512,305.8030038668657,514.392,SF-P3O,Hopper-v4,0
282662,reward,3513,582.5469508782519,530.892,SF-P3O,Hopper-v4,0
282816,reward,3514,462.07544764542325,524.371,SF-P3O,Hopper-v4,0
282935,reward,3515,332.1167485539994,498.18,SF-P3O,Hopper-v4,0
283124,reward,3516,583.0292885511387,503.49,SF-P3O,Hopper-v4,0
283297,reward,3517,574.6047681257503,478.415,SF-P3O,Hopper-v4,0
283474,reward,3518,558.1691558441365,485.738,SF-P3O,Hopper-v4,0
283634,reward,3519,499.9203404898523,483.954,SF-P3O,Hopper-v4,0
283755,reward,3520,310.79751099294054,458.031,SF-P3O,Hopper-v4,0
283915,reward,3521,506.1721401290053,471.524,SF-P3O,Hopper-v4,0
284015,reward,3522,244.53307926419208,465.397,SF-P3O,Hopper-v4,0
284148,reward,3523,339.7406788683389,441.116,SF-P3O,Hopper-v4,0
284289,reward,3524,393.3452765439975,434.243,SF-P3O,Hopper-v4,0
284416,reward,3525,352.7650129868084,436.308,SF-P3O,Hopper-v4,0
284580,reward,3526,501.7845747343891,428.183,SF-P3O,Hopper-v4,0
284749,reward,3527,516.6256058869749,422.385,SF-P3O,Hopper-v4,0
284882,reward,3528,365.6406652092334,403.132,SF-P3O,Hopper-v4,0
285068,reward,3529,601.0053547300051,413.241,SF-P3O,Hopper-v4,0
285190,reward,3530,320.71673552849967,414.233,SF-P3O,Hopper-v4,0
285290,reward,3531,245.87300110558454,388.203,SF-P3O,Hopper-v4,0
285400,reward,3532,274.35390475379427,391.185,SF-P3O,Hopper-v4,0
285595,reward,3533,583.6563642317766,415.577,SF-P3O,Hopper-v4,0
285718,reward,3534,335.1245463909491,409.755,SF-P3O,Hopper-v4,0
285825,reward,3535,263.27904292540484,400.806,SF-P3O,Hopper-v4,0
285954,reward,3536,331.30959356447016,383.758,SF-P3O,Hopper-v4,0
286109,reward,3537,449.1621730596773,377.012,SF-P3O,Hopper-v4,0
286300,reward,3538,561.303915016583,396.578,SF-P3O,Hopper-v4,0
286425,reward,3539,331.2638078563853,369.604,SF-P3O,Hopper-v4,0
286575,reward,3540,443.99342610810254,381.932,SF-P3O,Hopper-v4,0
286720,loss,-0.001680225133895874,0.5348318815231323,SF-P3O,Hopper-v4,0
286742,reward,3541,517.2197002059868,409.067,SF-P3O,Hopper-v4,0
286898,reward,3542,482.929898906899,429.924,SF-P3O,Hopper-v4,0
287073,reward,3543,505.7579111908577,422.134,SF-P3O,Hopper-v4,0
287248,reward,3544,541.3603648701566,442.758,SF-P3O,Hopper-v4,0
287435,reward,3545,598.5063356951923,476.281,SF-P3O,Hopper-v4,0
287616,reward,3546,579.7032236947083,501.12,SF-P3O,Hopper-v4,0
287795,reward,3547,538.6999986667322,510.074,SF-P3O,Hopper-v4,0
287916,reward,3548,316.5136639060584,485.595,SF-P3O,Hopper-v4,0
288014,reward,3549,219.26746929637648,474.395,SF-P3O,Hopper-v4,0
288131,reward,3550,307.22784367420223,460.719,SF-P3O,Hopper-v4,0
288281,reward,3551,455.75229606249076,454.572,SF-P3O,Hopper-v4,0
288449,reward,3552,509.9019655831852,457.269,SF-P3O,Hopper-v4,0
288491,reward,3553,73.80412189488679,414.074,SF-P3O,Hopper-v4,0
288638,reward,3554,433.1877370854074,403.256,SF-P3O,Hopper-v4,0
288758,reward,3555,310.23640673598493,374.429,SF-P3O,Hopper-v4,0
288954,reward,3556,598.1792977533232,376.277,SF-P3O,Hopper-v4,0
289078,reward,3557,337.0461417962653,356.112,SF-P3O,Hopper-v4,0
289289,reward,3558,659.315878180581,390.392,SF-P3O,Hopper-v4,0
289474,reward,3559,553.9747575977568,423.863,SF-P3O,Hopper-v4,0
289651,reward,3560,529.8305446968595,446.123,SF-P3O,Hopper-v4,0
289792,reward,3561,417.28498946715973,442.276,SF-P3O,Hopper-v4,0
289965,reward,3562,549.1332627853751,446.199,SF-P3O,Hopper-v4,0
290000,speed,663.71,7.74,SF-P3O,Hopper-v4,0
290001,spectral,0.040993,0.956594,0.1104,SF-P3O,Hopper-v4,0
290136,reward,3563,546.2247661474725,493.441,SF-P3O,Hopper-v4,0
290317,reward,3564,571.7143288204712,507.294,SF-P3O,Hopper-v4,0
290502,reward,3565,603.8717508377182,536.658,SF-P3O,Hopper-v4,0
290654,reward,3566,464.6686560454125,523.307,SF-P3O,Hopper-v4,0
290834,reward,3567,581.7905661203658,547.781,SF-P3O,Hopper-v4,0
290961,reward,3568,344.1353870087366,516.263,SF-P3O,Hopper-v4,0
291133,reward,3569,557.8251041329593,516.648,SF-P3O,Hopper-v4,0
291252,reward,3570,305.71075724949054,494.236,SF-P3O,Hopper-v4,0
291427,reward,3571,538.9657743552565,506.404,SF-P3O,Hopper-v4,0
291598,reward,3572,545.1034562585191,506.001,SF-P3O,Hopper-v4,0
291770,reward,3573,523.8538092966087,503.764,SF-P3O,Hopper-v4,0
291901,reward,3574,366.84635105868483,483.277,SF-P3O,Hopper-v4,0
292076,reward,3575,570.6614611758387,479.956,SF-P3O,Hopper-v4,0
292200,reward,3576,318.3080466379306,465.32,SF-P3O,Hopper-v4,0
292329,reward,3577,364.8195992145868,443.623,SF-P3O,Hopper-v4,0
292490,reward,3578,480.422437860748,457.252,SF-P3O,Hopper-v4,0
292657,reward,3579,527.0887062940407,454.178,SF-P3O,Hopper-v4,0
292780,reward,3580,330.94061045696435,456.701,SF-P3O,Hopper-v4,0
292991,reward,3581,627.4073323549964,465.545,SF-P3O,Hopper-v4,0
293179,reward,3582,577.8309476520592,468.818,SF-P3O,Hopper-v4,0
293365,reward,3583,602.7083168179456,476.703,SF-P3O,Hopper-v4,0
293510,reward,3584,412.47463998768376,481.266,SF-P3O,Hopper-v4,0
293648,reward,3585,392.4122114471115,463.441,SF-P3O,Hopper-v4,0
293830,reward,3586,549.636026942795,486.574,SF-P3O,Hopper-v4,0
294062,reward,3587,728.5227946613586,522.944,SF-P3O,Hopper-v4,0
294249,reward,3588,610.9423248873162,535.996,SF-P3O,Hopper-v4,0
294430,reward,3589,591.6822280588084,542.456,SF-P3O,Hopper-v4,0
294532,reward,3590,258.96728277594866,535.258,SF-P3O,Hopper-v4,0
294731,reward,3591,623.7730642538004,534.895,SF-P3O,Hopper-v4,0
294885,reward,3592,452.1167958315098,522.324,SF-P3O,Hopper-v4,0
294912,loss,0.012534037232398987,0.38253068923950195,SF-P3O,Hopper-v4,0
294912,diagnostics,0.0,57.45,20.8557,0.042179,0.956041,0.1051,0.144871,SF-P3O,Hopper-v4,0
295067,reward,3593,554.606771755986,517.513,SF-P3O,Hopper-v4,0
295262,reward,3594,635.6027434585063,539.826,SF-P3O,Hopper-v4,0
295426,reward,3595,500.7549137896968,550.66,SF-P3O,Hopper-v4,0
295619,reward,3596,586.4010733643,554.337,SF-P3O,Hopper-v4,0
295781,reward,3597,491.0454920951201,530.589,SF-P3O,Hopper-v4,0
295959,reward,3598,577.4660262724291,527.242,SF-P3O,Hopper-v4,0
296147,reward,3599,592.2743661142348,527.301,SF-P3O,Hopper-v4,0
296311,reward,3600,512.6030412152436,552.664,SF-P3O,Hopper-v4,0
296479,reward,3601,543.4900176114131,544.636,SF-P3O,Hopper-v4,0
296606,reward,3602,338.6596253328647,533.29,SF-P3O,Hopper-v4,0
296759,reward,3603,459.32594980022185,523.762,SF-P3O,Hopper-v4,0
296952,reward,3604,604.3329555515613,520.635,SF-P3O,Hopper-v4,0
297119,reward,3605,535.5026920668244,524.11,SF-P3O,Hopper-v4,0
297264,reward,3606,418.3595970140094,507.306,SF-P3O,Hopper-v4,0
297391,reward,3607,361.39320633021634,494.341,SF-P3O,Hopper-v4,0
297566,reward,3608,544.3473094905047,491.029,SF-P3O,Hopper-v4,0
297707,reward,3609,422.3580905239623,474.037,SF-P3O,Hopper-v4,0
297904,reward,3610,605.7974247870374,483.357,SF-P3O,Hopper-v4,0
298105,reward,3611,632.9676535031874,492.304,SF-P3O,Hopper-v4,0
298275,reward,3612,530.1226790225018,511.451,SF-P3O,Hopper-v4,0
298471,reward,3613,605.0464419420495,526.023,SF-P3O,Hopper-v4,0
298653,reward,3614,550.9850775962256,520.688,SF-P3O,Hopper-v4,0
298770,reward,3615,307.3937823290347,497.877,SF-P3O,Hopper-v4,0
298944,reward,3616,547.924608166174,510.834,SF-P3O,Hopper-v4,0
299094,reward,3617,441.06175383402444,518.8,SF-P3O,Hopper-v4,0
299296,reward,3618,630.6521727298137,527.431,SF-P3O,Hopper-v4,0
299413,reward,3619,294.6473524950267,514.66,SF-P3O,Hopper-v4,0
299540,reward,3620,336.68401569232935,487.749,SF-P3O,Hopper-v4,0
299698,reward,3621,450.8032231788416,469.532,SF-P3O,Hopper-v4,0
299838,reward,3622,392.48328141972917,455.768,SF-P3O,Hopper-v4,0
300000,speed,660.74,7.99,SF-P3O,Hopper-v4,0
300001,spectral,0.042179,0.956041,0.1051,SF-P3O,Hopper-v4,0
300016,reward,3623,555.5056845789788,450.814,SF-P3O,Hopper-v4,0
300147,reward,3624,362.93780170220623,432.009,SF-P3O,Hopper-v4,0
300292,reward,3625,416.98597460409377,442.969,SF-P3O,Hopper-v4,0
300486,reward,3626,620.3176913641483,450.208,SF-P3O,Hopper-v4,0
300611,reward,3627,335.20874605920994,439.623,SF-P3O,Hopper-v4,0
300737,reward,3628,341.31846796981455,410.689,SF-P3O,Hopper-v4,0
300932,reward,3629,607.8331802510606,442.008,SF-P3O,Hopper-v4,0
301103,reward,3630,544.2384273455825,462.763,SF-P3O,Hopper-v4,0
301248,reward,3631,435.2593188840841,461.209,SF-P3O,Hopper-v4,0
301380,reward,3632,355.6153497482876,457.522,SF-P3O,Hopper-v4,0
301515,reward,3633,371.05631124276454,439.077,SF-P3O,Hopper-v4,0
301647,reward,3634,369.70273560185825,439.754,SF-P3O,Hopper-v4,0
301834,reward,3635,600.8478274697462,458.14,SF-P3O,Hopper-v4,0
301986,reward,3636,441.0457819488457,440.213,SF-P3O,Hopper-v4,0
302127,reward,3637,401.4805836702268,446.84,SF-P3O,Hopper-v4,0
302347,reward,3638,674.6417376234178,480.172,SF-P3O,Hopper-v4,0
302538,reward,3639,586.2626185225658,478.015,SF-P3O,Hopper-v4,0
302658,reward,3640,319.83168805010445,455.574,SF-P3O,Hopper-v4,0
302830,reward,3641,484.1466334732736,460.463,SF-P3O,Hopper-v4,0
303016,reward,3642,585.3126087766941,483.433,SF-P3O,Hopper-v4,0
303104,loss,-0.04961957037448883,0.44956743717193604,SF-P3O,Hopper-v4,0
303141,reward,3643,329.40858392647874,479.268,SF-P3O,Hopper-v4,0
303294,reward,3644,455.6801747532127,487.866,SF-P3O,Hopper-v4,0
303441,reward,3645,432.62742674591857,471.044,SF-P3O,Hopper-v4,0
303615,reward,3646,564.6703661307903,483.406,SF-P3O,Hopper-v4,0
303731,reward,3647,266.3957215882979,469.898,SF-P3O,Hopper-v4,0
303924,reward,3648,616.1393272564187,464.048,SF-P3O,Hopper-v4,0
304123,reward,3649,642.1508052681188,469.636,SF-P3O,Hopper-v4,0
304269,reward,3650,435.58504681240737,481.212,SF-P3O,Hopper-v4,0
304446,reward,3651,533.8467214842544,486.182,SF-P3O,Hopper-v4,0
304565,reward,3652,329.35428149186805,460.586,SF-P3O,Hopper-v4,0
304759,reward,3653,627.0818247890772,490.353,SF-P3O,Hopper-v4,0
304897,reward,3654,405.26838556738966,485.312,SF-P3O,Hopper-v4,0
305011,reward,3655,292.7874138658366,471.328,SF-P3O,Hopper-v4,0
305184,reward,3656,492.02990342723865,464.064,SF-P3O,Hopper-v4,0
305314,reward,3657,348.5628483592071,472.281,SF-P3O,Hopper-v4,0
305546,reward,3658,722.4625008452136,482.913,SF-P3O,Hopper-v4,0
305667,reward,3659,332.6411010686074,451.962,SF-P3O,Hopper-v4,0
305846,reward,3660,527.5575344238949,461.159,SF-P3O,Hopper-v4,0
305977,reward,3661,357.9161560046582,443.566,SF-P3O,Hopper-v4,0
306151,reward,3662,578.4683324039287,468.478,SF-P3O,Hopper-v4,0
306324,reward,3663,562.9947581185512,462.069,SF-P3O,Hopper-v4,0
306450,reward,3664,331.68191934137127,454.71,SF-P3O,Hopper-v4,0
306577,reward,3665,335.019156177898,458.933,SF-P3O,Hopper-v4,0
306714,reward,3666,389.0462143533209,448.635,SF-P3O,Hopper-v4,0
306901,reward,3667,586.8806529399609,472.467,SF-P3O,Hopper-v4,0
307069,reward,3668,543.3918603735983,454.56,SF-P3O,Hopper-v4,0
307222,reward,3669,479.5484854568937,469.251,SF-P3O,Hopper-v4,0
307361,reward,3670,419.612913517997,458.456,SF-P3O,Hopper-v4,0
307492,reward,3671,355.7361696114463,458.238,SF-P3O,Hopper-v4,0
307651,reward,3672,473.5513125301056,447.746,SF-P3O,Hopper-v4,0
307785,reward,3673,389.31799542683655,430.379,SF-P3O,Hopper-v4,0
307912,reward,3674,349.46465915532355,432.157,SF-P3O,Hopper-v4,0
308032,reward,3675,314.9635035718619,430.151,SF-P3O,Hopper-v4,0
308153,reward,3676,327.8641811588518,424.033,SF-P3O,Hopper-v4,0
308340,reward,3677,557.7893780390187,421.124,SF-P3O,Hopper-v4,0
308509,reward,3678,568.851249126155,423.67,SF-P3O,Hopper-v4,0
308697,reward,3679,588.5414621525746,434.569,SF-P3O,Hopper-v4,0
308894,reward,3680,601.032569731734,452.711,SF-P3O,Hopper-v4,0
309088,reward,3681,559.680657508081,473.106,SF-P3O,Hopper-v4,0
309217,reward,3682,357.4664742981402,461.497,SF-P3O,Hopper-v4,0
309417,reward,3683,624.1220076314758,484.978,SF-P3O,Hopper-v4,0
309593,reward,3684,540.8690725648911,504.118,SF-P3O,Hopper-v4,0
309771,reward,3685,577.2868582261245,530.35,SF-P3O,Hopper-v4,0
309953,reward,3686,571.0149978579632,554.665,SF-P3O,Hopper-v4,0
310000,speed,654.89,8.25,SF-P3O,Hopper-v4,0
310001,spectral,0.042885,0.955617,0.1053,SF-P3O,Hopper-v4,0
310154,reward,3687,640.8636609278819,562.973,SF-P3O,Hopper-v4,0
310314,reward,3688,478.2352646228463,553.911,SF-P3O,Hopper-v4,0
310513,reward,3689,599.8127370716794,555.038,SF-P3O,Hopper-v4,0
310639,reward,3690,338.75344260616424,528.811,SF-P3O,Hopper-v4,0
310798,reward,3691,498.21798513471254,522.664,SF-P3O,Hopper-v4,0
310929,reward,3692,360.71730703798954,522.989,SF-P3O,Hopper-v4,0
311054,reward,3693,340.34323720352455,494.611,SF-P3O,Hopper-v4,0
311147,reward,3694,209.29025634969554,461.454,SF-P3O,Hopper-v4,0
311296,loss,0.0006787218153476715,0.9431285858154297,SF-P3O,Hopper-v4,0
311296,diagnostics,0.0,57.71,85.5824,0.043606,0.954982,0.1057,0.14444,SF-P3O,Hopper-v4,0
311337,reward,3695,605.4799900018846,464.273,SF-P3O,Hopper-v4,0
311467,reward,3696,355.208752555128,442.692,SF-P3O,Hopper-v4,0
311653,reward,3697,620.8906090508009,440.695,SF-P3O,Hopper-v4,0
311819,reward,3698,527.7999309057043,445.651,SF-P3O,Hopper-v4,0
311981,reward,3699,502.4971256230936,435.92,SF-P3O,Hopper-v4,0
312108,reward,3700,348.8787043700143,436.932,SF-P3O,Hopper-v4,0
312270,reward,3701,489.42217156087173,436.053,SF-P3O,Hopper-v4,0
312455,reward,3702,613.8848464138202,461.37,SF-P3O,Hopper-v4,0
312621,reward,3703,460.5187854358036,473.387,SF-P3O,Hopper-v4,0
312794,reward,3704,550.9618690737364,507.554,SF-P3O,Hopper-v4,0
312958,reward,3705,509.7210949956337,497.978,SF-P3O,Hopper-v4,0
313158,reward,3706,604.3274761976165,522.89,SF-P3O,Hopper-v4,0
313281,reward,3707,330.1552187934439,493.817,SF-P3O,Hopper-v4,0
313409,reward,3708,349.3718746536651,475.974,SF-P3O,Hopper-v4,0
313594,reward,3709,584.6151158448703,484.186,SF-P3O,Hopper-v4,0
313768,reward,3710,546.3949014865141,503.937,SF-P3O,Hopper-v4,0
313983,reward,3711,679.2381041220749,522.919,SF-P3O,Hopper-v4,0
314114,reward,3712,352.77366092951604,496.808,SF-P3O,Hopper-v4,0
314285,reward,3713,530.4722854743741,503.803,SF-P3O,Hopper-v4,0
314460,reward,3714,578.4411702175489,506.551,SF-P3O,Hopper-v4,0
314635,reward,3715,540.8162408125369,509.661,SF-P3O,Hopper-v4,0
314828,reward,3716,611.1041410933751,510.338,SF-P3O,Hopper-v4,0
315016,reward,3717,566.9901609265206,534.022,SF-P3O,Hopper-v4,0
315152,reward,3718,395.08225398931575,538.593,SF-P3O,Hopper-v4,0
315272,reward,3719,326.52284393359173,512.784,SF-P3O,Hopper-v4,0
315504,reward,3720,687.6144750988492,526.906,SF-P3O,Hopper-v4,0
315642,reward,3721,386.7313990281263,497.655,SF-P3O,Hopper-v4,0
315824,reward,3722,592.7380573026472,521.651,SF-P3O,Hopper-v4,0
315978,reward,3723,464.0598529850227,515.01,SF-P3O,Hopper-v4,0
316139,reward,3724,511.99651353983336,508.366,SF-P3O,Hopper-v4,0
316345,reward,3725,653.7225980206614,519.656,SF-P3O,Hopper-v4,0
316535,reward,3726,587.7571427802557,517.322,SF-P3O,Hopper-v4,0
316739,reward,3727,616.2714517425072,522.25,SF-P3O,Hopper-v4,0
316943,reward,3728,632.1396562085766,545.955,SF-P3O,Hopper-v4,0
317115,reward,3729,557.4546163443123,569.049,SF-P3O,Hopper-v4,0
317282,reward,3730,516.2545692955027,551.913,SF-P3O,Hopper-v4,0
317507,reward,3731,733.0357018593395,586.543,SF-P3O,Hopper-v4,0
317722,reward,3732,688.9304217995889,596.162,SF-P3O,Hopper-v4,0
317900,reward,3733,541.0512303378821,603.861,SF-P3O,Hopper-v4,0
318099,reward,3734,600.1706636203849,612.679,SF-P3O,Hopper-v4,0
318270,reward,3735,537.3855140250027,601.045,SF-P3O,Hopper-v4,0
318473,reward,3736,631.7600419128595,605.445,SF-P3O,Hopper-v4,0
318681,reward,3737,636.7562613199968,607.494,SF-P3O,Hopper-v4,0
318886,reward,3738,606.3441804796339,604.914,SF-P3O,Hopper-v4,0
319012,reward,3739,344.9405084345643,583.663,SF-P3O,Hopper-v4,0
319143,reward,3740,356.7516000575025,567.713,SF-P3O,Hopper-v4,0
319328,reward,3741,607.9508856732613,555.204,SF-P3O,Hopper-v4,0
319452,reward,3742,324.51681078497603,518.763,SF-P3O,Hopper-v4,0
319488,loss,0.03036845475435257,0.44117602705955505,SF-P3O,Hopper-v4,0
319616,reward,3743,519.6855454182928,516.626,SF-P3O,Hopper-v4,0
319741,reward,3744,339.4514568078208,490.554,SF-P3O,Hopper-v4,0
319940,reward,3745,602.4777757698807,497.064,SF-P3O,Hopper-v4,0
320000,speed,442.17,8.63,SF-P3O,Hopper-v4,0
320001,spectral,0.044524,0.953409,0.1053,SF-P3O,Hopper-v4,0
320069,reward,3746,354.3166808789418,469.319,SF-P3O,Hopper-v4,0
320224,reward,3747,466.1290774076427,452.256,SF-P3O,Hopper-v4,0
320352,reward,3748,343.7504288642947,425.997,SF-P3O,Hopper-v4,0
320496,reward,3749,429.11464173402135,434.414,SF-P3O,Hopper-v4,0
320683,reward,3750,627.4470023209391,461.484,SF-P3O,Hopper-v4,0
320834,reward,3751,467.56445439111496,447.445,SF-P3O,Hopper-v4,0
320973,reward,3752,400.8406909677411,455.078,SF-P3O,Hopper-v4,0
321104,reward,3753,356.29781482481843,438.739,SF-P3O,Hopper-v4,0
321223,reward,3754,308.8003057711294,435.674,SF-P3O,Hopper-v4,0
321413,reward,3755,591.15105284707,434.541,SF-P3O,Hopper-v4,0
321590,reward,3756,550.2316601909791,454.133,SF-P3O,Hopper-v4,0
321733,reward,3757,408.4181719984766,448.362,SF-P3O,Hopper-v4,0
321885,reward,3758,448.1481039542282,458.801,SF-P3O,Hopper-v4,0
322083,reward,3759,601.4928948630338,476.039,SF-P3O,Hopper-v4,0
322254,reward,3760,560.4182749053277,469.336,SF-P3O,Hopper-v4,0
322391,reward,3761,382.3787883203569,460.818,SF-P3O,Hopper-v4,0
322513,reward,3762,308.8786628701033,451.622,SF-P3O,Hopper-v4,0
322681,reward,3763,552.10464991072,471.202,SF-P3O,Hopper-v4,0
322814,reward,3764,364.27239546882134,476.749,SF-P3O,Hopper-v4,0
322913,reward,3765,236.19422769944467,441.254,SF-P3O,Hopper-v4,0
323094,reward,3766,566.3663511917466,442.867,SF-P3O,Hopper-v4,0
323272,reward,3767,581.4905350402025,460.174,SF-P3O,Hopper-v4,0
323395,reward,3768,322.8519339351099,447.645,SF-P3O,Hopper-v4,0
323614,reward,3769,686.7356102521537,456.169,SF-P3O,Hopper-v4,0
323730,reward,3770,282.6880360341652,428.396,SF-P3O,Hopper-v4,0
323916,reward,3771,595.6575012502454,449.724,SF-P3O,Hopper-v4,0
324093,reward,3772,563.8548444462517,475.222,SF-P3O,Hopper-v4,0
324274,reward,3773,566.3427850431572,476.645,SF-P3O,Hopper-v4,0
324438,reward,3774,514.310996195194,491.649,SF-P3O,Hopper-v4,0
324620,reward,3775,567.2496289738076,524.755,SF-P3O,Hopper-v4,0
324741,reward,3776,322.0587675345915,500.324,SF-P3O,Hopper-v4,0
324898,reward,3777,482.0890745685123,490.384,SF-P3O,Hopper-v4,0
325025,reward,3778,351.8176767322132,493.28,SF-P3O,Hopper-v4,0
325187,reward,3779,499.419719664345,474.549,SF-P3O,Hopper-v4,0
325359,reward,3780,558.7124425616904,502.151,SF-P3O,Hopper-v4,0
325514,reward,3781,472.4312400839543,489.829,SF-P3O,Hopper-v4,0
325643,reward,3782,368.14586234478924,470.258,SF-P3O,Hopper-v4,0
325802,reward,3783,511.32109663050494,464.756,SF-P3O,Hopper-v4,0
325938,reward,3784,387.3001503979504,452.055,SF-P3O,Hopper-v4,0
326136,reward,3785,588.3523587578563,454.165,SF-P3O,Hopper-v4,0
326260,reward,3786,335.42964016006914,455.502,SF-P3O,Hopper-v4,0
326379,reward,3787,312.2916535109737,438.522,SF-P3O,Hopper-v4,0
326516,reward,3788,398.71878448153666,443.212,SF-P3O,Hopper-v4,0
326640,reward,3789,335.5067487365534,426.821,SF-P3O,Hopper-v4,0
326778,reward,3790,407.3948263316949,411.689,SF-P3O,Hopper-v4,0
326979,reward,3791,612.4268440209382,425.689,SF-P3O,Hopper-v4,0
327178,reward,3792,634.3163882714031,452.306,SF-P3O,Hopper-v4,0
327333,reward,3793,467.55068287566996,447.929,SF-P3O,Hopper-v4,0
327514,reward,3794,586.8006453471979,467.879,SF-P3O,Hopper-v4,0
327644,reward,3795,353.85993666051576,444.43,SF-P3O,Hopper-v4,0
327680,loss,-0.054377131164073944,0.4966844320297241,SF-P3O,Hopper-v4,0
327680,diagnostics,0.0,57.97,65.9886,0.045034,0.953057,0.108,0.14365,SF-P3O,Hopper-v4,0
327831,reward,3796,618.7569194641569,472.762,SF-P3O,Hopper-v4,0
328015,reward,3797,538.4119292734035,495.374,SF-P3O,Hopper-v4,0
328042,reward,3798,41.855451513701205,459.688,SF-P3O,Hopper-v4,0
328236,reward,3799,621.2240242385044,488.26,SF-P3O,Hopper-v4,0
328415,reward,3800,560.1182154427836,503.532,SF-P3O,Hopper-v4,0
328548,reward,3801,381.64558177120256,480.454,SF-P3O,Hopper-v4,0
328740,reward,3802,606.8035978244818,477.703,SF-P3O,Hopper-v4,0
328930,reward,3803,575.518150028396,488.499,SF-P3O,Hopper-v4,0
329012,reward,3804,173.37997649000002,447.157,SF-P3O,Hopper-v4,0
329195,reward,3805,578.5674204519369,469.628,SF-P3O,Hopper-v4,0
329352,reward,3806,477.0786650062079,455.46,SF-P3O,Hopper-v4,0
329542,reward,3807,563.8014714358119,457.999,SF-P3O,Hopper-v4,0
329776,reward,3808,753.418981912308,529.156,SF-P3O,Hopper-v4,0
329961,reward,3809,564.2141854021557,523.455,SF-P3O,Hopper-v4,0
330000,speed,652.87,8.88,SF-P3O,Hopper-v4,0
330001,spectral,0.045034,0.953057,0.108,SF-P3O,Hopper-v4,0
330120,reward,3810,509.68432214842,518.411,SF-P3O,Hopper-v4,0
330317,reward,3811,607.9170951328614,541.038,SF-P3O,Hopper-v4,0
330521,reward,3812,640.7385375736251,544.432,SF-P3O,Hopper-v4,0
330682,reward,3813,503.6142773078041,537.241,SF-P3O,Hopper-v4,0
330868,reward,3814,593.2778033980351,579.231,SF-P3O,Hopper-v4,0
331068,reward,3815,619.8084485990566,583.355,SF-P3O,Hopper-v4,0
331198,reward,3816,364.7705210219743,572.125,SF-P3O,Hopper-v4,0
331388,reward,3817,579.2075850633223,573.665,SF-P3O,Hopper-v4,0
331583,reward,3818,606.704770945613,558.994,SF-P3O,Hopper-v4,0
331829,reward,3819,764.0662455557477,578.979,SF-P3O,Hopper-v4,0
332070,reward,3820,765.7436645448546,604.585,SF-P3O,Hopper-v4,0
332267,reward,3821,609.6458968594878,604.758,SF-P3O,Hopper-v4,0
332461,reward,3822,593.4850509608649,600.032,SF-P3O,Hopper-v4,0
332659,reward,3823,577.1140070288694,607.382,SF-P3O,Hopper-v4,0
332829,reward,3824,495.4396684384683,597.599,SF-P3O,Hopper-v4,0
333001,reward,3825,554.3783135533541,591.056,SF-P3O,Hopper-v4,0
333199,reward,3826,584.4653952249581,613.025,SF-P3O,Hopper-v4,0
333378,reward,3827,605.2948878109318,615.634,SF-P3O,Hopper-v4,0
333562,reward,3828,582.3036312904208,613.194,SF-P3O,Hopper-v4,0
333686,reward,3829,324.09252721082026,569.196,SF-P3O,Hopper-v4,0
333849,reward,3830,513.7861011097898,544.001,SF-P3O,Hopper-v4,0
334030,reward,3831,580.8963671417063,541.126,SF-P3O,Hopper-v4,0
334218,reward,3832,598.1408560214642,541.591,SF-P3O,Hopper-v4,0
334437,reward,3833,636.3935651574781,547.519,SF-P3O,Hopper-v4,0
334660,reward,3834,669.516147125718,564.927,SF-P3O,Hopper-v4,0
334859,reward,3835,616.1703886150125,571.106,SF-P3O,Hopper-v4,0
335015,reward,3836,431.59004383846496,555.818,SF-P3O,Hopper-v4,0
335198,reward,3837,578.5729834082813,553.146,SF-P3O,Hopper-v4,0
335331,reward,3838,360.76516638956053,530.992,SF-P3O,Hopper-v4,0
335542,reward,3839,647.5393756558434,563.337,SF-P3O,Hopper-v4,0
335724,reward,3840,607.8088752084906,572.739,SF-P3O,Hopper-v4,0
335851,reward,3841,341.2331338914426,548.773,SF-P3O,Hopper-v4,0
335872,loss,-0.08631664514541626,0.3111706078052521,SF-P3O,Hopper-v4,0
336017,reward,3842,514.1040218835257,540.369,SF-P3O,Hopper-v4,0
336105,reward,3843,185.77953966304287,495.308,SF-P3O,Hopper-v4,0
336296,reward,3844,608.1762040211763,489.174,SF-P3O,Hopper-v4,0
336473,reward,3845,566.8626972142381,484.243,SF-P3O,Hopper-v4,0
336659,reward,3846,546.5978827236007,495.744,SF-P3O,Hopper-v4,0
336839,reward,3847,588.3653264181817,496.723,SF-P3O,Hopper-v4,0
337027,reward,3848,573.1226016307031,517.959,SF-P3O,Hopper-v4,0
337293,reward,3849,820.992325627568,535.304,SF-P3O,Hopper-v4,0
337412,reward,3850,318.09644534666336,506.333,SF-P3O,Hopper-v4,0
337615,reward,3851,642.5755427595491,536.467,SF-P3O,Hopper-v4,0
337840,reward,3852,716.3963718330127,556.696,SF-P3O,Hopper-v4,0
337970,reward,3853,359.38778883987203,574.057,SF-P3O,Hopper-v4,0
338096,reward,3854,336.560872783577,546.896,SF-P3O,Hopper-v4,0
338293,reward,3855,601.2051509464015,550.33,SF-P3O,Hopper-v4,0
338511,reward,3856,673.8133558140654,563.052,SF-P3O,Hopper-v4,0
338704,reward,3857,590.2346738449909,563.239,SF-P3O,Hopper-v4,0
338911,reward,3858,629.0571562619645,568.832,SF-P3O,Hopper-v4,0
339099,reward,3859,606.6826802877965,547.401,SF-P3O,Hopper-v4,0
339284,reward,3860,583.7548589738053,573.967,SF-P3O,Hopper-v4,0
339494,reward,3861,663.6811316355702,576.077,SF-P3O,Hopper-v4,0
339690,reward,3862,594.6155005542219,563.899,SF-P3O,Hopper-v4,0
339886,reward,3863,609.7277394344845,588.933,SF-P3O,Hopper-v4,0
340000,speed,664.12,9.13,SF-P3O,Hopper-v4,0
340001,spectral,0.046237,0.952855,0.1069,SF-P3O,Hopper-v4,0
340087,reward,3864,594.5969760718081,614.737,SF-P3O,Hopper-v4,0
340295,reward,3865,612.4651532385567,615.863,SF-P3O,Hopper-v4,0
340496,reward,3866,630.0736192726264,611.489,SF-P3O,Hopper-v4,0
340701,reward,3867,639.1771926885591,616.383,SF-P3O,Hopper-v4,0
340896,reward,3868,600.7855664205354,613.556,SF-P3O,Hopper-v4,0
341090,reward,3869,591.9023251941416,612.078,SF-P3O,Hopper-v4,0
341287,reward,3870,637.3152438161896,617.434,SF-P3O,Hopper-v4,0
341472,reward,3871,577.0229489113837,608.768,SF-P3O,Hopper-v4,0
341652,reward,3872,572.0273320274699,606.509,SF-P3O,Hopper-v4,0
341875,reward,3873,694.9791032931265,615.035,SF-P3O,Hopper-v4,0
342087,reward,3874,669.8205001229288,622.557,SF-P3O,Hopper-v4,0
342277,reward,3875,615.3618611514062,622.847,SF-P3O,Hopper-v4,0
342402,reward,3876,349.5574257052814,594.795,SF-P3O,Hopper-v4,0
342592,reward,3877,575.5413254215073,588.431,SF-P3O,Hopper-v4,0
342806,reward,3878,638.2437233483704,592.177,SF-P3O,Hopper-v4,0
342997,reward,3879,564.3705745235334,589.424,SF-P3O,Hopper-v4,0
343178,reward,3880,586.7587357830226,584.368,SF-P3O,Hopper-v4,0
343370,reward,3881,590.8886903362093,585.755,SF-P3O,Hopper-v4,0
343463,reward,3882,204.71526283960355,549.024,SF-P3O,Hopper-v4,0
343662,reward,3883,603.1069095745951,539.837,SF-P3O,Hopper-v4,0
343866,reward,3884,646.5125417926344,537.506,SF-P3O,Hopper-v4,0
344060,reward,3885,569.1714328554356,532.887,SF-P3O,Hopper-v4,0
344064,loss,-0.029454290866851807,0.44285690784454346,SF-P3O,Hopper-v4,0
344064,diagnostics,0.0,58.3,43.6199,0.047052,0.95297,0.1059,0.143536,SF-P3O,Hopper-v4,0
344249,reward,3886,629.1986915993883,560.851,SF-P3O,Hopper-v4,0
344436,reward,3887,577.8476094116913,561.081,SF-P3O,Hopper-v4,0
344622,reward,3888,599.9026735881155,557.247,SF-P3O,Hopper-v4,0
344804,reward,3889,580.4137362530499,558.852,SF-P3O,Hopper-v4,0
344989,reward,3890,584.8891782861364,558.665,SF-P3O,Hopper-v4,0
345155,reward,3891,516.6825008735252,551.244,SF-P3O,Hopper-v4,0
345344,reward,3892,586.111091169749,589.384,SF-P3O,Hopper-v4,0
345608,reward,3893,838.2427850761262,612.897,SF-P3O,Hopper-v4,0
345800,reward,3894,604.9741239636347,608.743,SF-P3O,Hopper-v4,0
345944,reward,3895,416.801290672795,593.506,SF-P3O,Hopper-v4,0
346110,reward,3896,510.316192936221,581.618,SF-P3O,Hopper-v4,0
346315,reward,3897,654.4339791191926,589.277,SF-P3O,Hopper-v4,0
346486,reward,3898,495.2260748195107,578.809,SF-P3O,Hopper-v4,0
346678,reward,3899,622.4594671798267,583.014,SF-P3O,Hopper-v4,0
346871,reward,3900,604.7314710595849,584.998,SF-P3O,Hopper-v4,0
347054,reward,3901,584.5893790675232,591.789,SF-P3O,Hopper-v4,0
347253,reward,3902,593.8295603111341,592.56,SF-P3O,Hopper-v4,0
347473,reward,3903,673.7841244794251,576.115,SF-P3O,Hopper-v4,0
347652,reward,3904,570.6693888399964,572.684,SF-P3O,Hopper-v4,0
347834,reward,3905,581.2622255903016,589.13,SF-P3O,Hopper-v4,0
348009,reward,3906,549.1666691553412,593.015,SF-P3O,Hopper-v4,0
348196,reward,3907,595.052224226185,587.077,SF-P3O,Hopper-v4,0
348398,reward,3908,615.8302509458356,599.137,SF-P3O,Hopper-v4,0
348597,reward,3909,613.1134463610213,598.203,SF-P3O,Hopper-v4,0
348798,reward,3910,653.2910691185735,603.059,SF-P3O,Hopper-v4,0
348984,reward,3911,581.6690275005942,602.767,SF-P3O,Hopper-v4,0
349154,reward,3912,518.1803296530626,595.202,SF-P3O,Hopper-v4,0
349351,reward,3913,596.7551150107375,587.499,SF-P3O,Hopper-v4,0
349538,reward,3914,585.5979014321522,588.992,SF-P3O,Hopper-v4,0
349737,reward,3915,632.2447737881238,594.09,SF-P3O,Hopper-v4,0
349940,reward,3916,653.7864517926932,604.552,SF-P3O,Hopper-v4,0
350000,speed,651.21,9.39,SF-P3O,Hopper-v4,0
350001,spectral,0.047052,0.95297,0.1059,SF-P3O,Hopper-v4,0
350090,reward,3917,430.41324352329167,588.088,SF-P3O,Hopper-v4,0
350295,reward,3918,639.5297499490244,590.458,SF-P3O,Hopper-v4,0
350426,reward,3919,343.16923731328905,563.464,SF-P3O,Hopper-v4,0
350636,reward,3920,668.5653625465407,564.991,SF-P3O,Hopper-v4,0
350832,reward,3921,635.8020899795076,570.404,SF-P3O,Hopper-v4,0
351027,reward,3922,627.7590071628429,581.362,SF-P3O,Hopper-v4,0
351212,reward,3923,571.1406811873335,578.801,SF-P3O,Hopper-v4,0
351370,reward,3924,503.36836244574437,570.578,SF-P3O,Hopper-v4,0
351572,reward,3925,633.1105151072975,570.664,SF-P3O,Hopper-v4,0
351750,reward,3926,542.198422284422,559.506,SF-P3O,Hopper-v4,0
351943,reward,3927,633.7565323866767,579.84,SF-P3O,Hopper-v4,0
352118,reward,3928,566.4330552300613,572.53,SF-P3O,Hopper-v4,0
352256,loss,-0.043199677020311356,0.6458226442337036,SF-P3O,Hopper-v4,0
352319,reward,3929,666.5842568715038,604.872,SF-P3O,Hopper-v4,0
352519,reward,3930,628.0675555422863,600.822,SF-P3O,Hopper-v4,0
352755,reward,3931,747.3492784585595,611.977,SF-P3O,Hopper-v4,0
352953,reward,3932,602.8526350194443,609.486,SF-P3O,Hopper-v4,0
353114,reward,3933,506.2823234923787,603.0,SF-P3O,Hopper-v4,0
353289,reward,3934,563.0299498543894,608.966,SF-P3O,Hopper-v4,0
353508,reward,3935,677.1444758683656,613.37,SF-P3O,Hopper-v4,0
353728,reward,3936,687.4235848080817,627.892,SF-P3O,Hopper-v4,0
353924,reward,3937,593.6105191699904,623.878,SF-P3O,Hopper-v4,0
354114,reward,3938,613.8894716160555,628.623,SF-P3O,Hopper-v4,0
354308,reward,3939,603.8785505571908,622.353,SF-P3O,Hopper-v4,0
354510,reward,3940,631.5854539853514,622.705,SF-P3O,Hopper-v4,0
354711,reward,3941,604.6572676770053,608.435,SF-P3O,Hopper-v4,0
354965,reward,3942,770.5582700568601,625.206,SF-P3O,Hopper-v4,0
355143,reward,3943,536.4407868052454,628.222,SF-P3O,Hopper-v4,0
355283,reward,3944,406.46728609106134,612.566,SF-P3O,Hopper-v4,0
355419,reward,3945,390.4153613201859,583.893,SF-P3O,Hopper-v4,0
355583,reward,3946,503.4504569111611,565.495,SF-P3O,Hopper-v4,0
355775,reward,3947,626.1466880475255,568.749,SF-P3O,Hopper-v4,0
355974,reward,3948,607.4955105563137,568.11,SF-P3O,Hopper-v4,0
356186,reward,3949,659.918715661499,573.714,SF-P3O,Hopper-v4,0
356376,reward,3950,578.3783569344397,568.393,SF-P3O,Hopper-v4,0
356575,reward,3951,616.8484632290648,569.612,SF-P3O,Hopper-v4,0
356784,reward,3952,635.1077947425994,556.067,SF-P3O,Hopper-v4,0
357002,reward,3953,641.7446705570932,566.597,SF-P3O,Hopper-v4,0
357172,reward,3954,524.1463846745237,578.365,SF-P3O,Hopper-v4,0
357333,reward,3955,503.7727892869835,589.701,SF-P3O,Hopper-v4,0
357505,reward,3956,565.3161632782549,595.888,SF-P3O,Hopper-v4,0
357693,reward,3957,596.7990399022747,592.953,SF-P3O,Hopper-v4,0
357893,reward,3958,640.7001312534477,596.273,SF-P3O,Hopper-v4,0
358082,reward,3959,612.9638614789285,591.578,SF-P3O,Hopper-v4,0
358294,reward,3960,633.299558894026,597.07,SF-P3O,Hopper-v4,0
358432,reward,3961,395.6463792656682,574.95,SF-P3O,Hopper-v4,0
358608,reward,3962,582.674634722098,569.706,SF-P3O,Hopper-v4,0
358783,reward,3963,574.1366279606833,562.946,SF-P3O,Hopper-v4,0
358970,reward,3964,576.1062750974568,568.142,SF-P3O,Hopper-v4,0
359183,reward,3965,652.6732124246303,583.032,SF-P3O,Hopper-v4,0
359377,reward,3966,616.0675117311896,588.107,SF-P3O,Hopper-v4,0
359535,reward,3967,479.1679680299671,576.344,SF-P3O,Hopper-v4,0
359700,reward,3968,508.2280485207642,563.096,SF-P3O,Hopper-v4,0
359893,reward,3969,603.5389618689558,562.154,SF-P3O,Hopper-v4,0
360000,speed,668.09,9.64,SF-P3O,Hopper-v4,0
360001,spectral,0.047963,0.952468,0.1037,SF-P3O,Hopper-v4,0
360095,reward,3970,635.2146276166827,562.345,SF-P3O,Hopper-v4,0
360254,reward,3971,499.19429734908954,572.7,SF-P3O,Hopper-v4,0
360441,reward,3972,615.1549569721898,575.948,SF-P3O,Hopper-v4,0
360448,loss,0.06735523790121078,0.7534035444259644,SF-P3O,Hopper-v4,0
360448,diagnostics,0.0,58.53,42.9296,0.048474,0.952107,0.1044,0.143066,SF-P3O,Hopper-v4,0
360655,reward,3973,659.1896052091392,584.454,SF-P3O,Hopper-v4,0
360947,reward,3974,898.6519398167418,616.708,SF-P3O,Hopper-v4,0
361147,reward,3975,601.8444952884829,611.625,SF-P3O,Hopper-v4,0
361338,reward,3976,591.2181441664302,609.14,SF-P3O,Hopper-v4,0
361541,reward,3977,662.25001752334,627.449,SF-P3O,Hopper-v4,0
361711,reward,3978,533.690095960458,629.995,SF-P3O,Hopper-v4,0
361898,reward,3979,589.289915651935,628.57,SF-P3O,Hopper-v4,0
362086,reward,3980,582.2716113264479,623.276,SF-P3O,Hopper-v4,0
362276,reward,3981,635.9658115586581,636.953,SF-P3O,Hopper-v4,0
362457,reward,3982,577.5970704707506,633.197,SF-P3O,Hopper-v4,0
362651,reward,3983,627.1851789170213,629.996,SF-P3O,Hopper-v4,0
362840,reward,3984,606.6203011420014,600.793,SF-P3O,Hopper-v4,0
363032,reward,3985,612.6573573723379,601.875,SF-P3O,Hopper-v4,0
363216,reward,3986,563.4119236786556,599.094,SF-P3O,Hopper-v4,0
363402,reward,3987,572.7059923484368,590.14,SF-P3O,Hopper-v4,0
363605,reward,3988,625.9314869526542,599.364,SF-P3O,Hopper-v4,0
363808,reward,3989,645.7380260212453,605.008,SF-P3O,Hopper-v4,0
363999,reward,3990,605.6853727815891,607.35,SF-P3O,Hopper-v4,0
364179,reward,3991,579.2384309976449,601.677,SF-P3O,Hopper-v4,0
364366,reward,3992,587.8168545908588,602.699,SF-P3O,Hopper-v4,0
364548,reward,3993,595.5203260773819,599.533,SF-P3O,Hopper-v4,0
364740,reward,3994,612.8138582253508,600.152,SF-P3O,Hopper-v4,0
364865,reward,3995,347.5946582244389,573.646,SF-P3O,Hopper-v4,0
365035,reward,3996,552.5313375985473,572.558,SF-P3O,Hopper-v4,0
365196,reward,3997,509.2550366707379,566.213,SF-P3O,Hopper-v4,0
365348,reward,3998,454.2135738607288,549.041,SF-P3O,Hopper-v4,0
365498,reward,3999,460.6601950581436,530.533,SF-P3O,Hopper-v4,0
365689,reward,4000,623.5601406074603,532.32,SF-P3O,Hopper-v4,0
365877,reward,4001,617.2793657551086,536.125,SF-P3O,Hopper-v4,0
366057,reward,4002,540.0539105293464,531.348,SF-P3O,Hopper-v4,0
366244,reward,4003,580.5416113012398,529.85,SF-P3O,Hopper-v4,0
366418,reward,4004,553.132140364622,523.882,SF-P3O,Hopper-v4,0
366601,reward,4005,606.0008482939332,549.723,SF-P3O,Hopper-v4,0
366769,reward,4006,507.92471781303624,545.262,SF-P3O,Hopper-v4,0
366920,reward,4007,444.60326425377656,538.797,SF-P3O,Hopper-v4,0
367081,reward,4008,488.3238149837636,542.208,SF-P3O,Hopper-v4,0
367273,reward,4009,596.5780259871805,555.8,SF-P3O,Hopper-v4,0
367440,reward,4010,515.4634910455804,544.99,SF-P3O,Hopper-v4,0
367606,reward,4011,530.5610056993833,536.318,SF-P3O,Hopper-v4,0
367809,reward,4012,636.3875538981523,545.952,SF-P3O,Hopper-v4,0
367958,reward,4013,439.9828344755229,531.896,SF-P3O,Hopper-v4,0
368103,reward,4014,433.474023336226,519.93,SF-P3O,Hopper-v4,0
368292,reward,4015,591.0317959084972,518.433,SF-P3O,Hopper-v4,0
368473,reward,4016,563.9008689669138,524.031,SF-P3O,Hopper-v4,0
368640,loss,0.05179331824183464,0.8798645734786987,SF-P3O,Hopper-v4,0
368663,reward,4017,628.8898944235884,542.459,SF-P3O,Hopper-v4,0
368856,reward,4018,628.2607958869645,556.453,SF-P3O,Hopper-v4,0
369026,reward,4019,530.5181357116702,549.847,SF-P3O,Hopper-v4,0
369209,reward,4020,604.9670961995363,558.797,SF-P3O,Hopper-v4,0
369391,reward,4021,565.5462458060241,562.296,SF-P3O,Hopper-v4,0
369587,reward,4022,629.5284067021092,561.61,SF-P3O,Hopper-v4,0
369762,reward,4023,563.4906801298386,573.961,SF-P3O,Hopper-v4,0
369943,reward,4024,595.7189751004752,590.185,SF-P3O,Hopper-v4,0
370000,speed,431.29,10.02,SF-P3O,Hopper-v4,0
370001,spectral,0.049286,0.95188,0.1057,SF-P3O,Hopper-v4,0
370121,reward,4025,533.7178533115126,584.454,SF-P3O,Hopper-v4,0
370260,reward,4026,406.15226217823556,568.679,SF-P3O,Hopper-v4,0
370459,reward,4027,608.2197518881839,566.612,SF-P3O,Hopper-v4,0
370628,reward,4028,545.129111363166,558.299,SF-P3O,Hopper-v4,0
370819,reward,4029,596.4328589058813,564.89,SF-P3O,Hopper-v4,0
370985,reward,4030,528.8976645837421,557.283,SF-P3O,Hopper-v4,0
371163,reward,4031,573.2055025471755,558.049,SF-P3O,Hopper-v4,0
371347,reward,4032,602.0919790455206,555.306,SF-P3O,Hopper-v4,0
371536,reward,4033,571.1135376923646,556.068,SF-P3O,Hopper-v4,0
371713,reward,4034,553.8363795809356,551.88,SF-P3O,Hopper-v4,0
371906,reward,4035,619.5091853737841,560.459,SF-P3O,Hopper-v4,0
372080,reward,4036,492.0652112782067,569.05,SF-P3O,Hopper-v4,0
372244,reward,4037,504.1767435410911,558.646,SF-P3O,Hopper-v4,0
372413,reward,4038,531.1480099577299,557.248,SF-P3O,Hopper-v4,0
372602,reward,4039,600.1697407090587,557.621,SF-P3O,Hopper-v4,0
372808,reward,4040,659.3335523749754,570.665,SF-P3O,Hopper-v4,0
372991,reward,4041,574.2779066892891,570.772,SF-P3O,Hopper-v4,0
373145,reward,4042,470.0293708099363,557.566,SF-P3O,Hopper-v4,0
373329,reward,4043,596.5210798224452,560.107,SF-P3O,Hopper-v4,0
373511,reward,4044,587.3572733214722,563.459,SF-P3O,Hopper-v4,0
373694,reward,4045,585.3224092068449,560.04,SF-P3O,Hopper-v4,0
373894,reward,4046,628.3217843445951,573.666,SF-P3O,Hopper-v4,0
374065,reward,4047,544.392719435015,577.687,SF-P3O,Hopper-v4,0
374227,reward,4048,507.1928383673006,575.292,SF-P3O,Hopper-v4,0
374422,reward,4049,597.1291920819015,574.988,SF-P3O,Hopper-v4,0
374619,reward,4050,620.3214705674252,571.087,SF-P3O,Hopper-v4,0
374808,reward,4051,616.3466731586699,575.293,SF-P3O,Hopper-v4,0
374929,reward,4052,321.2224719910698,560.413,SF-P3O,Hopper-v4,0
375092,reward,4053,513.9639906586481,552.157,SF-P3O,Hopper-v4,0
375279,reward,4054,592.1745829413775,552.639,SF-P3O,Hopper-v4,0
375444,reward,4055,520.944198010812,546.201,SF-P3O,Hopper-v4,0
375619,reward,4056,565.8523831766024,539.954,SF-P3O,Hopper-v4,0
375793,reward,4057,558.7432872457321,541.389,SF-P3O,Hopper-v4,0
375969,reward,4058,570.1407796318913,547.684,SF-P3O,Hopper-v4,0
376156,reward,4059,622.223950355379,550.193,SF-P3O,Hopper-v4,0
376338,reward,4060,596.1918412466079,547.78,SF-P3O,Hopper-v4,0
376524,reward,4061,574.295165435664,543.575,SF-P3O,Hopper-v4,0
376714,reward,4062,625.2891248762271,573.982,SF-P3O,Hopper-v4,0
376832,loss,-0.017790798097848892,1.543896198272705,SF-P3O,Hopper-v4,0
376832,diagnostics,0.0,58.81,138.3181,0.050109,0.951311,0.1037,0.142692,SF-P3O,Hopper-v4,0
376869,reward,4063,469.92238557690666,569.578,SF-P3O,Hopper-v4,0
377055,reward,4064,584.6131422941885,568.822,SF-P3O,Hopper-v4,0
377215,reward,4065,499.6282223920575,566.69,SF-P3O,Hopper-v4,0
377390,reward,4066,534.1989100754901,563.525,SF-P3O,Hopper-v4,0
377572,reward,4067,579.2218723081639,565.573,SF-P3O,Hopper-v4,0
377777,reward,4068,645.7014080726104,573.129,SF-P3O,Hopper-v4,0
377952,reward,4069,571.2387180821834,568.03,SF-P3O,Hopper-v4,0
378148,reward,4070,611.9020778499315,569.601,SF-P3O,Hopper-v4,0
378342,reward,4071,624.2562080883531,574.597,SF-P3O,Hopper-v4,0
378534,reward,4072,620.9926061919642,574.168,SF-P3O,Hopper-v4,0
378733,reward,4073,633.456178115437,590.521,SF-P3O,Hopper-v4,0
378903,reward,4074,539.8274196182196,586.042,SF-P3O,Hopper-v4,0
379098,reward,4075,629.7284416526892,599.052,SF-P3O,Hopper-v4,0
379260,reward,4076,498.13757343908645,595.446,SF-P3O,Hopper-v4,0
379420,reward,4077,492.97047802695477,586.821,SF-P3O,Hopper-v4,0
379563,reward,4078,424.43303431251184,564.694,SF-P3O,Hopper-v4,0
379754,reward,4079,604.6038648466773,568.031,SF-P3O,Hopper-v4,0
379957,reward,4080,656.3606642300003,572.477,SF-P3O,Hopper-v4,0
380000,speed,661.07,10.28,SF-P3O,Hopper-v4,0
380001,perturb,0.050109,0.951311,0.1037,349,422,0.0,1,SF-P3O,Hopper-v4,0
380145,reward,4081,590.8566199610464,569.137,SF-P3O,Hopper-v4,0
380310,reward,4082,512.4360989844484,558.281,SF-P3O,Hopper-v4,0
380482,reward,4083,567.864323510702,551.722,SF-P3O,Hopper-v4,0
380668,reward,4084,584.6087505400603,556.2,SF-P3O,Hopper-v4,0
380831,reward,4085,505.90334843289827,543.817,SF-P3O,Hopper-v4,0
381021,reward,4086,575.6915694020298,551.573,SF-P3O,Hopper-v4,0
381195,reward,4087,544.004556369713,556.676,SF-P3O,Hopper-v4,0
381384,reward,4088,618.1461317991503,576.048,SF-P3O,Hopper-v4,0
381574,reward,4089,613.961301719067,576.983,SF-P3O,Hopper-v4,0
381760,reward,4090,579.7759480748442,569.325,SF-P3O,Hopper-v4,0
381948,reward,4091,594.7370239675704,569.713,SF-P3O,Hopper-v4,0
382086,reward,4092,392.58722311109926,557.728,SF-P3O,Hopper-v4,0
382272,reward,4093,606.1238325764068,561.554,SF-P3O,Hopper-v4,0
382459,reward,4094,593.2272741784396,562.416,SF-P3O,Hopper-v4,0
382631,reward,4095,557.901282750004,567.616,SF-P3O,Hopper-v4,0
382820,reward,4096,614.3156378900599,571.478,SF-P3O,Hopper-v4,0
383017,reward,4097,653.8695809774944,582.465,SF-P3O,Hopper-v4,0
383183,reward,4098,513.198130237308,571.97,SF-P3O,Hopper-v4,0
383356,reward,4099,540.7318489175865,564.647,SF-P3O,Hopper-v4,0
383537,reward,4100,567.9350856761387,563.463,SF-P3O,Hopper-v4,0
383693,reward,4101,469.1585670572314,550.905,SF-P3O,Hopper-v4,0
383842,reward,4102,447.43040878438165,556.389,SF-P3O,Hopper-v4,0
384006,reward,4103,506.087026797782,546.385,SF-P3O,Hopper-v4,0
384123,reward,4104,285.7794896691551,515.641,SF-P3O,Hopper-v4,0
384289,reward,4105,528.6337088070408,512.714,SF-P3O,Hopper-v4,0
384468,reward,4106,544.9051329670102,505.773,SF-P3O,Hopper-v4,0
384630,reward,4107,482.5440850310085,488.64,SF-P3O,Hopper-v4,0
384816,reward,4108,586.6800732885031,495.989,SF-P3O,Hopper-v4,0
384955,reward,4109,381.35308606284235,480.051,SF-P3O,Hopper-v4,0
385024,loss,0.03724323958158493,0.6220824718475342,SF-P3O,Hopper-v4,0
385159,reward,4110,660.9371900209645,489.351,SF-P3O,Hopper-v4,0
385357,reward,4111,644.9836691848069,506.933,SF-P3O,Hopper-v4,0
385543,reward,4112,616.9848315727934,523.889,SF-P3O,Hopper-v4,0
385705,reward,4113,503.4296511984562,523.623,SF-P3O,Hopper-v4,0
385880,reward,4114,556.1132441942457,550.656,SF-P3O,Hopper-v4,0
386067,reward,4115,564.7621367342135,554.269,SF-P3O,Hopper-v4,0
386254,reward,4116,600.400691344409,559.819,SF-P3O,Hopper-v4,0
386427,reward,4117,573.6529636275185,568.93,SF-P3O,Hopper-v4,0
386572,reward,4118,444.88039822983325,554.75,SF-P3O,Hopper-v4,0
386763,reward,4119,613.5892928523743,577.973,SF-P3O,Hopper-v4,0
386945,reward,4120,596.8535656079555,571.565,SF-P3O,Hopper-v4,0
387129,reward,4121,602.2425060114076,567.291,SF-P3O,Hopper-v4,0
387336,reward,4122,641.5406587015772,569.747,SF-P3O,Hopper-v4,0
387527,reward,4123,599.2409459378177,579.328,SF-P3O,Hopper-v4,0
387719,reward,4124,614.7239289359164,585.189,SF-P3O,Hopper-v4,0
387910,reward,4125,548.1052355088946,583.523,SF-P3O,Hopper-v4,0
388101,reward,4126,622.7410437618277,585.757,SF-P3O,Hopper-v4,0
388275,reward,4127,537.8075001203057,582.173,SF-P3O,Hopper-v4,0
388460,reward,4128,591.3287366811843,596.817,SF-P3O,Hopper-v4,0
388615,reward,4129,474.01489973891114,582.86,SF-P3O,Hopper-v4,0
388775,reward,4130,489.06601095181264,572.081,SF-P3O,Hopper-v4,0
388956,reward,4131,558.3102630660474,567.688,SF-P3O,Hopper-v4,0
389152,reward,4132,563.4656142471916,559.88,SF-P3O,Hopper-v4,0
389323,reward,4133,565.7119289630871,556.528,SF-P3O,Hopper-v4,0
389488,reward,4134,521.620352470854,547.217,SF-P3O,Hopper-v4,0
389662,reward,4135,547.0045047536543,547.107,SF-P3O,Hopper-v4,0
389787,reward,4136,333.77102610066964,518.21,SF-P3O,Hopper-v4,0
389981,reward,4137,618.1351986184852,526.243,SF-P3O,Hopper-v4,0
390000,speed,646.31,10.53,SF-P3O,Hopper-v4,0
390001,spectral,0.05107,0.951308,0.1033,SF-P3O,Hopper-v4,0
390143,reward,4138,521.4890607588601,519.259,SF-P3O,Hopper-v4,0
390337,reward,4139,630.8670727061849,534.944,SF-P3O,Hopper-v4,0
390498,reward,4140,498.1037551854536,535.848,SF-P3O,Hopper-v4,0
390688,reward,4141,611.456704794176,541.163,SF-P3O,Hopper-v4,0
390872,reward,4142,596.9938948133218,544.515,SF-P3O,Hopper-v4,0
391017,reward,4143,441.00419816945146,532.045,SF-P3O,Hopper-v4,0
391198,reward,4144,571.7490533395695,537.057,SF-P3O,Hopper-v4,0
391390,reward,4145,590.4539752235224,541.402,SF-P3O,Hopper-v4,0
391561,reward,4146,547.3546168831681,562.761,SF-P3O,Hopper-v4,0
391745,reward,4147,588.8269130091727,559.83,SF-P3O,Hopper-v4,0
391929,reward,4148,566.5292936155133,564.334,SF-P3O,Hopper-v4,0
392116,reward,4149,626.2945556818524,563.877,SF-P3O,Hopper-v4,0
392294,reward,4150,553.3805444983193,569.404,SF-P3O,Hopper-v4,0
392434,reward,4151,395.24318396308917,547.783,SF-P3O,Hopper-v4,0
392607,reward,4152,569.8434200588597,545.068,SF-P3O,Hopper-v4,0
392794,reward,4153,585.4213447400033,559.51,SF-P3O,Hopper-v4,0
392981,reward,4154,565.543235464191,558.889,SF-P3O,Hopper-v4,0
393125,reward,4155,430.31440296000187,542.875,SF-P3O,Hopper-v4,0
393216,loss,-0.016565993428230286,0.7685856819152832,SF-P3O,Hopper-v4,0
393216,diagnostics,0.0,59.06,62.6186,0.051971,0.950737,0.1015,0.167722,SF-P3O,Hopper-v4,0
393281,reward,4156,505.32544081801325,538.672,SF-P3O,Hopper-v4,0
393465,reward,4157,555.2221387073821,535.312,SF-P3O,Hopper-v4,0
393655,reward,4158,617.8233043399148,540.441,SF-P3O,Hopper-v4,0
393838,reward,4159,588.3120538409153,536.643,SF-P3O,Hopper-v4,0
394023,reward,4160,586.6325417874916,539.968,SF-P3O,Hopper-v4,0
394207,reward,4161,583.8660185609345,558.83,SF-P3O,Hopper-v4,0
394394,reward,4162,605.5424510352525,562.4,SF-P3O,Hopper-v4,0
394590,reward,4163,627.7061288988953,566.629,SF-P3O,Hopper-v4,0
394789,reward,4164,610.1453075078975,571.089,SF-P3O,Hopper-v4,0
394934,reward,4165,438.6977627611905,571.927,SF-P3O,Hopper-v4,0
395119,reward,4166,587.4549189033769,580.14,SF-P3O,Hopper-v4,0
395310,reward,4167,613.275294514735,585.946,SF-P3O,Hopper-v4,0
395489,reward,4168,569.2587082984169,581.089,SF-P3O,Hopper-v4,0
395683,reward,4169,612.6592512372797,583.524,SF-P3O,Hopper-v4,0
395842,reward,4170,517.9222092693735,576.653,SF-P3O,Hopper-v4,0
396018,reward,4171,565.0592037626718,574.772,SF-P3O,Hopper-v4,0
396215,reward,4172,608.1504032505707,575.033,SF-P3O,Hopper-v4,0
396399,reward,4173,561.6529177532368,568.428,SF-P3O,Hopper-v4,0
396554,reward,4174,486.88782204761304,556.102,SF-P3O,Hopper-v4,0
396729,reward,4175,559.4056969994572,568.173,SF-P3O,Hopper-v4,0
396920,reward,4176,617.4515807067986,571.172,SF-P3O,Hopper-v4,0
397115,reward,4177,623.7660977242622,572.221,SF-P3O,Hopper-v4,0
397292,reward,4178,566.5852461115165,571.954,SF-P3O,Hopper-v4,0
397487,reward,4179,643.8655720487192,575.075,SF-P3O,Hopper-v4,0
397659,reward,4180,549.9951524686543,578.282,SF-P3O,Hopper-v4,0
397841,reward,4181,589.9457706139303,580.771,SF-P3O,Hopper-v4,0
398006,reward,4182,523.648385510335,572.32,SF-P3O,Hopper-v4,0
398135,reward,4183,356.760242728822,551.831,SF-P3O,Hopper-v4,0
398321,reward,4184,617.8248812358825,564.925,SF-P3O,Hopper-v4,0
398531,reward,4185,645.895978591929,573.574,SF-P3O,Hopper-v4,0
398710,reward,4186,569.6090357121655,568.79,SF-P3O,Hopper-v4,0
398909,reward,4187,598.2962900488706,566.243,SF-P3O,Hopper-v4,0
399093,reward,4188,591.7774315481023,568.762,SF-P3O,Hopper-v4,0
399243,reward,4189,437.64879725556636,548.14,SF-P3O,Hopper-v4,0
399405,reward,4190,495.5538029133584,542.696,SF-P3O,Hopper-v4,0
399581,reward,4191,547.019208216688,538.403,SF-P3O,Hopper-v4,0
399759,reward,4192,578.0482173368812,543.843,SF-P3O,Hopper-v4,0
399952,reward,4193,608.4530182150744,569.013,SF-P3O,Hopper-v4,0
400000,speed,640.94,10.79,SF-P3O,Hopper-v4,0
400001,spectral,0.051971,0.950737,0.1015,SF-P3O,Hopper-v4,0
400136,reward,4194,592.4088385463125,566.471,SF-P3O,Hopper-v4,0
400316,reward,4195,572.0801277589832,559.089,SF-P3O,Hopper-v4,0
400488,reward,4196,558.5017258687378,557.979,SF-P3O,Hopper-v4,0
400659,reward,4197,554.8549527020659,553.635,SF-P3O,Hopper-v4,0
400821,reward,4198,531.8314220261458,547.64,SF-P3O,Hopper-v4,0
400988,reward,4199,520.9162031088281,555.967,SF-P3O,Hopper-v4,0
401168,reward,4200,581.6193680983409,564.573,SF-P3O,Hopper-v4,0
401378,reward,4201,650.2113642872707,574.893,SF-P3O,Hopper-v4,0
401408,loss,-0.0038917548954486847,0.8709333539009094,SF-P3O,Hopper-v4,0
401555,reward,4202,557.6199625567249,572.85,SF-P3O,Hopper-v4,0
401738,reward,4203,600.2345249710806,572.028,SF-P3O,Hopper-v4,0
401927,reward,4204,625.199647858879,575.307,SF-P3O,Hopper-v4,0
402119,reward,4205,627.0926636329827,580.808,SF-P3O,Hopper-v4,0
402304,reward,4206,593.180799740502,584.276,SF-P3O,Hopper-v4,0
402491,reward,4207,612.6879018078052,590.059,SF-P3O,Hopper-v4,0
402668,reward,4208,574.1435188755481,594.291,SF-P3O,Hopper-v4,0
402857,reward,4209,576.7447528275028,599.873,SF-P3O,Hopper-v4,0
403053,reward,4210,626.1667371283361,604.328,SF-P3O,Hopper-v4,0
403241,reward,4211,591.5197088004002,598.459,SF-P3O,Hopper-v4,0
403429,reward,4212,624.9448320480628,605.192,SF-P3O,Hopper-v4,0
403620,reward,4213,631.224174002171,608.29,SF-P3O,Hopper-v4,0
403812,reward,4214,595.4815977940482,605.319,SF-P3O,Hopper-v4,0
403996,reward,4215,593.2545258070535,601.935,SF-P3O,Hopper-v4,0
404185,reward,4216,565.743400319159,599.191,SF-P3O,Hopper-v4,0
404388,reward,4217,636.7117572339068,601.594,SF-P3O,Hopper-v4,0
404570,reward,4218,564.0789280395409,600.587,SF-P3O,Hopper-v4,0
404755,reward,4219,597.6586334943828,602.678,SF-P3O,Hopper-v4,0
404902,reward,4220,433.0864344156239,583.37,SF-P3O,Hopper-v4,0
405039,reward,4221,362.0602730615926,560.424,SF-P3O,Hopper-v4,0
405220,reward,4222,584.3023371573773,556.36,SF-P3O,Hopper-v4,0
405409,reward,4223,630.2790475771998,556.266,SF-P3O,Hopper-v4,0
405588,reward,4224,584.4643218745899,555.164,SF-P3O,Hopper-v4,0
405779,reward,4225,597.6670332266764,555.605,SF-P3O,Hopper-v4,0
405977,reward,4226,637.6647384942489,562.797,SF-P3O,Hopper-v4,0
406165,reward,4227,587.5394854583459,557.88,SF-P3O,Hopper-v4,0
406359,reward,4228,631.9048341218638,564.663,SF-P3O,Hopper-v4,0
406559,reward,4229,630.3955470001281,567.936,SF-P3O,Hopper-v4,0
406736,reward,4230,577.8796496094283,582.416,SF-P3O,Hopper-v4,0
406927,reward,4231,598.2537471832994,606.035,SF-P3O,Hopper-v4,0
407107,reward,4232,595.9127253722041,607.196,SF-P3O,Hopper-v4,0
407272,reward,4233,472.69558457455855,591.438,SF-P3O,Hopper-v4,0
407444,reward,4234,560.4853301076081,589.04,SF-P3O,Hopper-v4,0
407616,reward,4235,547.6095043489806,584.034,SF-P3O,Hopper-v4,0
407793,reward,4236,564.0274597060285,576.67,SF-P3O,Hopper-v4,0
407975,reward,4237,608.5134256955907,578.768,SF-P3O,Hopper-v4,0
408156,reward,4238,582.4395022025797,573.821,SF-P3O,Hopper-v4,0
408326,reward,4239,562.7425126777615,567.056,SF-P3O,Hopper-v4,0
408510,reward,4240,604.1867652593937,569.687,SF-P3O,Hopper-v4,0
408685,reward,4241,578.7791403355964,567.739,SF-P3O,Hopper-v4,0
408862,reward,4242,574.5632116243007,565.604,SF-P3O,Hopper-v4,0
409065,reward,4243,650.6555754465004,583.4,SF-P3O,Hopper-v4,0
409228,reward,4244,518.2749659559342,579.179,SF-P3O,Hopper-v4,0
409412,reward,4245,574.277734413116,581.846,SF-P3O,Hopper-v4,0
409592,reward,4246,578.4780103177959,583.291,SF-P3O,Hopper-v4,0
409600,loss,0.03827163577079773,0.4749194085597992,SF-P3O,Hopper-v4,0
409600,diagnostics,0.0,59.32,38.0204,0.053441,0.951177,0.103,0.170414,SF-P3O,Hopper-v4,0
409768,reward,4247,584.6186207238259,580.902,SF-P3O,Hopper-v4,0
409964,reward,4248,619.571186086655,584.615,SF-P3O,Hopper-v4,0
410000,speed,448.88,11.17,SF-P3O,Hopper-v4,0
410001,spectral,0.053441,0.951177,0.103,SF-P3O,Hopper-v4,0
410139,reward,4249,556.5907027991823,584.0,SF-P3O,Hopper-v4,0
410318,reward,4250,593.7604271437319,582.957,SF-P3O,Hopper-v4,0
410494,reward,4251,569.1517565797633,581.994,SF-P3O,Hopper-v4,0
410672,reward,4252,581.7086384911954,582.709,SF-P3O,Hopper-v4,0
410852,reward,4253,586.978197193028,576.341,SF-P3O,Hopper-v4,0
411036,reward,4254,583.6172429258696,582.875,SF-P3O,Hopper-v4,0
411218,reward,4255,567.4556921652296,582.193,SF-P3O,Hopper-v4,0
411379,reward,4256,509.7943355345592,575.325,SF-P3O,Hopper-v4,0
411562,reward,4257,583.3620636159299,575.199,SF-P3O,Hopper-v4,0
411748,reward,4258,595.6680801389657,572.809,SF-P3O,Hopper-v4,0
411916,reward,4259,530.9310397385827,570.243,SF-P3O,Hopper-v4,0
412096,reward,4260,579.9650363832874,568.863,SF-P3O,Hopper-v4,0
412285,reward,4261,605.1530283878743,572.463,SF-P3O,Hopper-v4,0
412463,reward,4262,583.361648567555,572.629,SF-P3O,Hopper-v4,0
412652,reward,4263,609.9967642819618,574.93,SF-P3O,Hopper-v4,0
412828,reward,4264,552.1679919862429,571.786,SF-P3O,Hopper-v4,0
413014,reward,4265,625.5302684547598,577.593,SF-P3O,Hopper-v4,0
413206,reward,4266,608.6083661937967,587.474,SF-P3O,Hopper-v4,0
413378,reward,4267,565.4954898973396,585.688,SF-P3O,Hopper-v4,0
413568,reward,4268,619.2878969422986,588.05,SF-P3O,Hopper-v4,0
413758,reward,4269,607.7468236635997,595.731,SF-P3O,Hopper-v4,0
413938,reward,4270,572.2431786633309,594.959,SF-P3O,Hopper-v4,0
414118,reward,4271,597.9038259063307,594.234,SF-P3O,Hopper-v4,0
414307,reward,4272,613.9542834122253,597.293,SF-P3O,Hopper-v4,0
414463,reward,4273,485.1683543099894,584.811,SF-P3O,Hopper-v4,0
414637,reward,4274,573.9169767786893,586.986,SF-P3O,Hopper-v4,0
414809,reward,4275,566.5998534583517,581.093,SF-P3O,Hopper-v4,0
414999,reward,4276,605.5461382586982,580.786,SF-P3O,Hopper-v4,0
415179,reward,4277,576.1437615695028,581.851,SF-P3O,Hopper-v4,0
415344,reward,4278,535.3943515169279,573.462,SF-P3O,Hopper-v4,0
415520,reward,4279,556.2065361909041,568.308,SF-P3O,Hopper-v4,0
415730,reward,4280,644.2582280868455,575.509,SF-P3O,Hopper-v4,0
415922,reward,4281,596.104192332328,575.329,SF-P3O,Hopper-v4,0
416123,reward,4282,619.532986187631,575.887,SF-P3O,Hopper-v4,0
416305,reward,4283,580.1137394453228,585.382,SF-P3O,Hopper-v4,0
416475,reward,4284,527.250921050298,580.715,SF-P3O,Hopper-v4,0
416668,reward,4285,652.8696603248612,589.342,SF-P3O,Hopper-v4,0
416804,reward,4286,384.76589170517764,567.264,SF-P3O,Hopper-v4,0
416973,reward,4287,534.6235194071937,563.112,SF-P3O,Hopper-v4,0
417150,reward,4288,577.385985810947,567.311,SF-P3O,Hopper-v4,0
417342,reward,4289,626.4144723489263,574.332,SF-P3O,Hopper-v4,0
417539,reward,4290,623.7538913134354,572.282,SF-P3O,Hopper-v4,0
417711,reward,4291,550.457649345164,567.717,SF-P3O,Hopper-v4,0
417792,loss,0.04308691993355751,1.9206794500350952,SF-P3O,Hopper-v4,0
417869,reward,4292,479.540743011797,553.718,SF-P3O,Hopper-v4,0
418069,reward,4293,617.7203394180813,557.478,SF-P3O,Hopper-v4,0
418254,reward,4294,594.724177804457,564.226,SF-P3O,Hopper-v4,0
418448,reward,4295,625.7312930651599,561.512,SF-P3O,Hopper-v4,0
418641,reward,4296,625.375101272201,585.573,SF-P3O,Hopper-v4,0
418825,reward,4297,594.603190543755,591.571,SF-P3O,Hopper-v4,0
419015,reward,4298,580.3712531901269,591.869,SF-P3O,Hopper-v4,0
419179,reward,4299,517.2927056171607,580.957,SF-P3O,Hopper-v4,0
419380,reward,4300,635.62405172817,582.144,SF-P3O,Hopper-v4,0
419548,reward,4301,503.76120867407275,577.474,SF-P3O,Hopper-v4,0
419730,reward,4302,591.7720997953122,588.698,SF-P3O,Hopper-v4,0
419905,reward,4303,571.5552401299859,584.081,SF-P3O,Hopper-v4,0
420000,speed,638.37,11.43,SF-P3O,Hopper-v4,0
420001,spectral,0.054177,0.950645,0.1022,SF-P3O,Hopper-v4,0
420069,reward,4304,533.8842855921304,577.997,SF-P3O,Hopper-v4,0
420264,reward,4305,599.5528024302981,575.379,SF-P3O,Hopper-v4,0
420449,reward,4306,577.8210949842605,570.624,SF-P3O,Hopper-v4,0
420654,reward,4307,640.7893154059691,575.242,SF-P3O,Hopper-v4,0
420834,reward,4308,599.2517513453976,577.13,SF-P3O,Hopper-v4,0
421018,reward,4309,586.9558008967817,584.097,SF-P3O,Hopper-v4,0
421184,reward,4310,538.5633729312389,574.391,SF-P3O,Hopper-v4,0
421362,reward,4311,582.1743051153351,582.232,SF-P3O,Hopper-v4,0
421557,reward,4312,620.0067489004622,585.055,SF-P3O,Hopper-v4,0
421726,reward,4313,537.1692222929942,581.617,SF-P3O,Hopper-v4,0
421888,reward,4314,517.0903948876843,579.937,SF-P3O,Hopper-v4,0
422064,reward,4315,574.4882509282354,577.431,SF-P3O,Hopper-v4,0
422254,reward,4316,612.8577173853054,580.935,SF-P3O,Hopper-v4,0
422447,reward,4317,638.5148243445816,580.707,SF-P3O,Hopper-v4,0
422632,reward,4318,628.2611988211312,583.608,SF-P3O,Hopper-v4,0
422824,reward,4319,622.1121043908478,587.124,SF-P3O,Hopper-v4,0
423016,reward,4320,623.3147947833371,595.599,SF-P3O,Hopper-v4,0
423197,reward,4321,584.5066030906028,595.832,SF-P3O,Hopper-v4,0
423334,reward,4322,385.2540397196958,572.357,SF-P3O,Hopper-v4,0
423519,reward,4323,603.5995903349695,579.0,SF-P3O,Hopper-v4,0
423697,reward,4324,564.0762731578893,583.699,SF-P3O,Hopper-v4,0
423867,reward,4325,547.6670884503998,581.016,SF-P3O,Hopper-v4,0
424066,reward,4326,630.9685619529732,582.828,SF-P3O,Hopper-v4,0
424258,reward,4327,619.1754168562934,580.894,SF-P3O,Hopper-v4,0
424430,reward,4328,536.5709344312338,571.725,SF-P3O,Hopper-v4,0
424604,reward,4329,558.4850541762228,565.362,SF-P3O,Hopper-v4,0
424792,reward,4330,587.4175300514969,561.772,SF-P3O,Hopper-v4,0
424988,reward,4331,638.1280421687424,567.134,SF-P3O,Hopper-v4,0
425146,reward,4332,503.34018085761824,578.943,SF-P3O,Hopper-v4,0
425324,reward,4333,598.9649820531118,578.479,SF-P3O,Hopper-v4,0
425521,reward,4334,639.8599900617548,586.058,SF-P3O,Hopper-v4,0
425723,reward,4335,568.0686339239089,588.098,SF-P3O,Hopper-v4,0
425903,reward,4336,565.7979711241439,581.581,SF-P3O,Hopper-v4,0
425984,loss,0.037588104605674744,1.1745846271514893,SF-P3O,Hopper-v4,0
425984,diagnostics,0.0,59.52,83.213,0.054552,0.950768,0.1037,0.169658,SF-P3O,Hopper-v4,0
426088,reward,4337,625.2549832200314,582.189,SF-P3O,Hopper-v4,0
426279,reward,4338,620.895473049223,590.621,SF-P3O,Hopper-v4,0
426464,reward,4339,596.5343470210198,594.426,SF-P3O,Hopper-v4,0
426651,reward,4340,612.8821733766024,596.973,SF-P3O,Hopper-v4,0
426833,reward,4341,578.5053534276071,591.01,SF-P3O,Hopper-v4,0
427013,reward,4342,599.0416292162695,600.581,SF-P3O,Hopper-v4,0
427212,reward,4343,623.6679458561815,603.051,SF-P3O,Hopper-v4,0
427409,reward,4344,613.6838880795757,600.433,SF-P3O,Hopper-v4,0
427577,reward,4345,526.8340100171081,596.31,SF-P3O,Hopper-v4,0
427764,reward,4346,594.372783996994,599.167,SF-P3O,Hopper-v4,0
427950,reward,4347,611.9127779887049,597.833,SF-P3O,Hopper-v4,0
428141,reward,4348,624.400786746661,598.184,SF-P3O,Hopper-v4,0
428325,reward,4349,587.2729677827128,597.257,SF-P3O,Hopper-v4,0
428477,reward,4350,467.91826645971196,582.761,SF-P3O,Hopper-v4,0
428670,reward,4351,651.2877682510398,590.039,SF-P3O,Hopper-v4,0
428840,reward,4352,546.2313902909037,584.758,SF-P3O,Hopper-v4,0
429018,reward,4353,566.0049257439647,578.992,SF-P3O,Hopper-v4,0
429193,reward,4354,569.7006443827778,574.594,SF-P3O,Hopper-v4,0
429397,reward,4355,655.2075870900942,587.431,SF-P3O,Hopper-v4,0
429547,reward,4356,453.42944372543656,573.337,SF-P3O,Hopper-v4,0
429734,reward,4357,628.0804778259811,574.953,SF-P3O,Hopper-v4,0
429906,reward,4358,541.6514166080688,566.678,SF-P3O,Hopper-v4,0
430000,speed,643.9,11.69,SF-P3O,Hopper-v4,0
430001,perturb,0.054552,0.950768,0.1037,340,431,0.0,2,SF-P3O,Hopper-v4,0
430068,reward,4359,522.7710854698386,560.228,SF-P3O,Hopper-v4,0
430257,reward,4360,598.759846551277,573.312,SF-P3O,Hopper-v4,0
430444,reward,4361,609.7245221667391,569.156,SF-P3O,Hopper-v4,0
430638,reward,4362,636.5535503166378,578.188,SF-P3O,Hopper-v4,0
430785,reward,4363,433.4277260652648,564.931,SF-P3O,Hopper-v4,0
430997,reward,4364,680.672502428658,576.028,SF-P3O,Hopper-v4,0
431130,reward,4365,366.6582413250102,547.173,SF-P3O,Hopper-v4,0
431303,reward,4366,553.6103948044463,557.191,SF-P3O,Hopper-v4,0
431487,reward,4367,590.2523246081345,553.408,SF-P3O,Hopper-v4,0
431655,reward,4368,518.7032289930639,551.113,SF-P3O,Hopper-v4,0
431840,reward,4369,612.7239851010348,560.109,SF-P3O,Hopper-v4,0
432025,reward,4370,610.0758296409443,561.24,SF-P3O,Hopper-v4,0
432217,reward,4371,641.858473511582,564.454,SF-P3O,Hopper-v4,0
432356,reward,4372,400.1546103903114,540.814,SF-P3O,Hopper-v4,0
432532,reward,4373,575.4401279272206,555.015,SF-P3O,Hopper-v4,0
432693,reward,4374,492.61368283207037,536.209,SF-P3O,Hopper-v4,0
432851,reward,4375,503.7355137416869,549.917,SF-P3O,Hopper-v4,0
433038,reward,4376,593.8123490393916,553.937,SF-P3O,Hopper-v4,0
433209,reward,4377,557.4954691146469,550.661,SF-P3O,Hopper-v4,0
433401,reward,4378,633.737963514946,562.165,SF-P3O,Hopper-v4,0
433536,reward,4379,391.2394425889648,540.016,SF-P3O,Hopper-v4,0
433723,reward,4380,605.4084584107512,539.55,SF-P3O,Hopper-v4,0
433878,reward,4381,479.28027848935614,523.292,SF-P3O,Hopper-v4,0
434074,reward,4382,622.0777478130387,545.484,SF-P3O,Hopper-v4,0
434176,loss,0.0027564652264118195,0.722530722618103,SF-P3O,Hopper-v4,0
434237,reward,4383,502.13207407610724,538.153,SF-P3O,Hopper-v4,0
434430,reward,4384,618.2069839560584,550.713,SF-P3O,Hopper-v4,0
434613,reward,4385,596.5642437146016,559.996,SF-P3O,Hopper-v4,0
434805,reward,4386,584.2392702785764,559.038,SF-P3O,Hopper-v4,0
435006,reward,4387,649.7865217971552,568.267,SF-P3O,Hopper-v4,0
435182,reward,4388,572.3565091077015,562.129,SF-P3O,Hopper-v4,0
435353,reward,4389,545.31784119194,577.537,SF-P3O,Hopper-v4,0
435526,reward,4390,563.9849219232628,573.395,SF-P3O,Hopper-v4,0
435687,reward,4391,498.3582359650614,575.302,SF-P3O,Hopper-v4,0
435865,reward,4392,591.8247800927935,572.277,SF-P3O,Hopper-v4,0
436022,reward,4393,495.1596777991171,571.58,SF-P3O,Hopper-v4,0
436223,reward,4394,618.1665744499561,571.576,SF-P3O,Hopper-v4,0
436401,reward,4395,589.351967727293,570.855,SF-P3O,Hopper-v4,0
436573,reward,4396,532.1455991928539,565.645,SF-P3O,Hopper-v4,0
436740,reward,4397,545.416206817024,555.208,SF-P3O,Hopper-v4,0
436911,reward,4398,572.1855472661051,555.191,SF-P3O,Hopper-v4,0
437099,reward,4399,628.2338359106134,563.483,SF-P3O,Hopper-v4,0
437265,reward,4400,542.2449977324668,561.309,SF-P3O,Hopper-v4,0
437444,reward,4401,573.001235017071,568.773,SF-P3O,Hopper-v4,0
437623,reward,4402,603.4836360268915,569.939,SF-P3O,Hopper-v4,0
437815,reward,4403,635.2746327123459,583.95,SF-P3O,Hopper-v4,0
437989,reward,4404,562.3234031301525,578.366,SF-P3O,Hopper-v4,0
438150,reward,4405,513.0770499522229,570.739,SF-P3O,Hopper-v4,0
438346,reward,4406,609.0861963339687,578.433,SF-P3O,Hopper-v4,0
438490,reward,4407,433.154355925278,567.206,SF-P3O,Hopper-v4,0
438672,reward,4408,590.8307533272301,569.071,SF-P3O,Hopper-v4,0
438876,reward,4409,612.8432042302869,567.532,SF-P3O,Hopper-v4,0
439041,reward,4410,516.7289159828414,564.98,SF-P3O,Hopper-v4,0
439220,reward,4411,587.4108010530105,566.421,SF-P3O,Hopper-v4,0
439397,reward,4412,596.8250275083782,565.755,SF-P3O,Hopper-v4,0
439593,reward,4413,633.2015178031539,565.548,SF-P3O,Hopper-v4,0
439778,reward,4414,594.3956943258532,568.755,SF-P3O,Hopper-v4,0
439973,reward,4415,636.9689502954201,581.145,SF-P3O,Hopper-v4,0
440000,speed,610.98,11.96,SF-P3O,Hopper-v4,0
440001,spectral,0.055219,0.950339,0.1048,SF-P3O,Hopper-v4,0
440159,reward,4416,599.6519018516425,580.201,SF-P3O,Hopper-v4,0
440332,reward,4417,567.9653782659452,593.682,SF-P3O,Hopper-v4,0
440478,reward,4418,441.397640953537,578.739,SF-P3O,Hopper-v4,0
440622,reward,4419,436.7089259757696,561.125,SF-P3O,Hopper-v4,0
440815,reward,4420,630.1278503088929,572.465,SF-P3O,Hopper-v4,0
440995,reward,4421,592.9550008618813,573.02,SF-P3O,Hopper-v4,0
441187,reward,4422,642.9138969772948,577.629,SF-P3O,Hopper-v4,0
441367,reward,4423,581.0677976479967,572.415,SF-P3O,Hopper-v4,0
441555,reward,4424,628.5224819094009,575.828,SF-P3O,Hopper-v4,0
441734,reward,4425,589.7925784887593,571.11,SF-P3O,Hopper-v4,0
441916,reward,4426,570.209438000368,568.166,SF-P3O,Hopper-v4,0
442063,reward,4427,431.5532655209263,554.525,SF-P3O,Hopper-v4,0
442239,reward,4428,545.4662222592228,564.932,SF-P3O,Hopper-v4,0
442368,loss,0.024092547595500946,0.6499900221824646,SF-P3O,Hopper-v4,0
442368,diagnostics,0.0,59.74,33.3892,0.056072,0.949738,0.1048,0.167189,SF-P3O,Hopper-v4,0
442429,reward,4429,623.3486429083865,583.596,SF-P3O,Hopper-v4,0
442607,reward,4430,574.5359177482289,578.037,SF-P3O,Hopper-v4,0
442764,reward,4431,500.78680663342703,568.82,SF-P3O,Hopper-v4,0
442944,reward,4432,576.4370235423273,562.172,SF-P3O,Hopper-v4,0
443115,reward,4433,551.4258623092685,559.208,SF-P3O,Hopper-v4,0
443297,reward,4434,581.3322290761456,554.489,SF-P3O,Hopper-v4,0
443485,reward,4435,597.2085465679136,555.23,SF-P3O,Hopper-v4,0
443655,reward,4436,541.182770760951,552.328,SF-P3O,Hopper-v4,0
443840,reward,4437,581.5620401058814,567.329,SF-P3O,Hopper-v4,0
444009,reward,4438,533.7069209176652,566.153,SF-P3O,Hopper-v4,0
444149,reward,4439,407.7109625275598,544.589,SF-P3O,Hopper-v4,0
444311,reward,4440,524.851755489854,539.62,SF-P3O,Hopper-v4,0
444472,reward,4441,510.3503756131118,540.577,SF-P3O,Hopper-v4,0
444673,reward,4442,653.8488406764916,548.318,SF-P3O,Hopper-v4,0
444865,reward,4443,615.7842729238969,554.754,SF-P3O,Hopper-v4,0
445047,reward,4444,602.5147630399308,556.872,SF-P3O,Hopper-v4,0
445235,reward,4445,605.7517934593159,557.726,SF-P3O,Hopper-v4,0
445367,reward,4446,366.048136336452,540.213,SF-P3O,Hopper-v4,0
445523,reward,4447,516.189680154378,533.676,SF-P3O,Hopper-v4,0
445707,reward,4448,612.2132285840538,541.526,SF-P3O,Hopper-v4,0
445882,reward,4449,585.0806877849006,559.263,SF-P3O,Hopper-v4,0
446056,reward,4450,547.9970578745429,561.578,SF-P3O,Hopper-v4,0
446228,reward,4451,574.0780731323196,567.951,SF-P3O,Hopper-v4,0
446411,reward,4452,600.853728371641,562.651,SF-P3O,Hopper-v4,0
446599,reward,4453,620.9397400495794,563.167,SF-P3O,Hopper-v4,0
446779,reward,4454,580.1357972681961,560.929,SF-P3O,Hopper-v4,0
446950,reward,4455,559.6158678079722,556.315,SF-P3O,Hopper-v4,0
447104,reward,4456,471.00225612143936,566.811,SF-P3O,Hopper-v4,0
447257,reward,4457,470.99802529760586,562.291,SF-P3O,Hopper-v4,0
447425,reward,4458,539.3725800942716,555.007,SF-P3O,Hopper-v4,0
447600,reward,4459,555.7298508078994,552.072,SF-P3O,Hopper-v4,0
447768,reward,4460,538.3686548742876,551.109,SF-P3O,Hopper-v4,0
447946,reward,4461,576.9330869533684,551.395,SF-P3O,Hopper-v4,0
448134,reward,4462,609.2237721965162,552.232,SF-P3O,Hopper-v4,0
448326,reward,4463,621.0166578063007,552.24,SF-P3O,Hopper-v4,0
448518,reward,4464,623.80818296825,556.607,SF-P3O,Hopper-v4,0
448694,reward,4465,581.9504018236257,558.84,SF-P3O,Hopper-v4,0
448889,reward,4466,608.5509128048691,572.595,SF-P3O,Hopper-v4,0
449066,reward,4467,575.5504043476656,583.05,SF-P3O,Hopper-v4,0
449199,reward,4468,363.8667399351166,565.5,SF-P3O,Hopper-v4,0
449375,reward,4469,541.9001783965874,564.117,SF-P3O,Hopper-v4,0
449534,reward,4470,496.68301765009915,559.948,SF-P3O,Hopper-v4,0
449717,reward,4471,594.4950135137227,561.705,SF-P3O,Hopper-v4,0
449899,reward,4472,608.4538544544197,561.628,SF-P3O,Hopper-v4,0
450000,speed,646.93,12.22,SF-P3O,Hopper-v4,0
450001,spectral,0.056072,0.949738,0.1048,SF-P3O,Hopper-v4,0
450045,reward,4473,447.5929590297947,544.285,SF-P3O,Hopper-v4,0
450219,reward,4474,571.4195167942435,539.046,SF-P3O,Hopper-v4,0
450395,reward,4475,583.7802078963915,539.229,SF-P3O,Hopper-v4,0
450560,loss,-0.018804388120770454,0.8190101385116577,SF-P3O,Hopper-v4,0
450576,reward,4476,593.7543629003416,537.75,SF-P3O,Hopper-v4,0
450728,reward,4477,465.6353523010508,526.758,SF-P3O,Hopper-v4,0
450912,reward,4478,609.6027245497343,551.332,SF-P3O,Hopper-v4,0
451102,reward,4479,603.4052970057905,557.482,SF-P3O,Hopper-v4,0
451291,reward,4480,610.9008656946417,568.904,SF-P3O,Hopper-v4,0
451476,reward,4481,617.7532664259844,571.23,SF-P3O,Hopper-v4,0
451672,reward,4482,627.5107124756332,573.136,SF-P3O,Hopper-v4,0
451838,reward,4483,536.2254969654302,581.999,SF-P3O,Hopper-v4,0
452026,reward,4484,594.9815108699854,584.355,SF-P3O,Hopper-v4,0
452217,reward,4485,624.8545755198276,588.462,SF-P3O,Hopper-v4,0
452381,reward,4486,526.5376339913355,581.741,SF-P3O,Hopper-v4,0
452565,reward,4487,597.8492122554972,594.962,SF-P3O,Hopper-v4,0
452753,reward,4488,600.666399366197,594.068,SF-P3O,Hopper-v4,0
452924,reward,4489,560.0679370051889,589.735,SF-P3O,Hopper-v4,0
453098,reward,4490,550.722419250853,583.717,SF-P3O,Hopper-v4,0
453287,reward,4491,634.9132105794242,585.433,SF-P3O,Hopper-v4,0
453480,reward,4492,622.544365955919,584.936,SF-P3O,Hopper-v4,0
453648,reward,4493,543.924811271179,585.706,SF-P3O,Hopper-v4,0
453818,reward,4494,544.4505874775867,580.653,SF-P3O,Hopper-v4,0
454014,reward,4495,631.7952106810209,581.347,SF-P3O,Hopper-v4,0
454211,reward,4496,625.268726358745,591.22,SF-P3O,Hopper-v4,0
454388,reward,4497,598.0175794857993,591.237,SF-P3O,Hopper-v4,0
454577,reward,4498,627.8850918489064,593.959,SF-P3O,Hopper-v4,0
454749,reward,4499,544.826824558287,592.435,SF-P3O,Hopper-v4,0
454938,reward,4500,623.3898520369962,599.702,SF-P3O,Hopper-v4,0
455134,reward,4501,624.3374634524318,598.644,SF-P3O,Hopper-v4,0
455308,reward,4502,558.1480119989086,592.204,SF-P3O,Hopper-v4,0
455497,reward,4503,626.0377400393133,600.416,SF-P3O,Hopper-v4,0
455688,reward,4504,632.9094780771031,609.262,SF-P3O,Hopper-v4,0
455816,reward,4505,347.5718030148392,580.839,SF-P3O,Hopper-v4,0
456001,reward,4506,618.6930687854416,580.182,SF-P3O,Hopper-v4,0
456182,reward,4507,589.8882219763235,579.369,SF-P3O,Hopper-v4,0
456367,reward,4508,617.8398385562346,578.364,SF-P3O,Hopper-v4,0
456556,reward,4509,606.9874088151809,584.58,SF-P3O,Hopper-v4,0
456741,reward,4510,613.884844561471,583.63,SF-P3O,Hopper-v4,0
456917,reward,4511,583.6403921561408,579.56,SF-P3O,Hopper-v4,0
457112,reward,4512,647.5199276386876,588.497,SF-P3O,Hopper-v4,0
457287,reward,4513,567.4883172860833,582.642,SF-P3O,Hopper-v4,0
457464,reward,4514,598.6656597527649,579.218,SF-P3O,Hopper-v4,0
457641,reward,4515,579.6085471141747,602.422,SF-P3O,Hopper-v4,0
457825,reward,4516,565.6903014695827,597.121,SF-P3O,Hopper-v4,0
457996,reward,4517,547.3380355871053,592.866,SF-P3O,Hopper-v4,0
458193,reward,4518,621.4594006504215,593.228,SF-P3O,Hopper-v4,0
458373,reward,4519,584.4607374822637,590.976,SF-P3O,Hopper-v4,0
458563,reward,4520,639.7854709921758,593.566,SF-P3O,Hopper-v4,0
458740,reward,4521,571.2709830570282,592.329,SF-P3O,Hopper-v4,0
458752,loss,0.028834594413638115,2.0779080390930176,SF-P3O,Hopper-v4,0
458752,diagnostics,0.0,59.94,150.0416,0.057153,0.949117,0.1067,0.168469,SF-P3O,Hopper-v4,0
458903,reward,4522,529.000714096864,580.477,SF-P3O,Hopper-v4,0
459087,reward,4523,619.2356611248662,585.652,SF-P3O,Hopper-v4,0
459277,reward,4524,622.748517835551,588.06,SF-P3O,Hopper-v4,0
459447,reward,4525,551.5236419949116,585.251,SF-P3O,Hopper-v4,0
459612,reward,4526,531.6420624013718,581.847,SF-P3O,Hopper-v4,0
459782,reward,4527,542.5520150686383,581.368,SF-P3O,Hopper-v4,0
459968,reward,4528,602.3258275204695,579.455,SF-P3O,Hopper-v4,0
460000,speed,438.75,12.6,SF-P3O,Hopper-v4,0
460001,spectral,0.057153,0.949117,0.1067,SF-P3O,Hopper-v4,0
460150,reward,4529,604.950248210559,581.504,SF-P3O,Hopper-v4,0
460335,reward,4530,621.2271066647471,579.648,SF-P3O,Hopper-v4,0
460513,reward,4531,592.7020170185161,581.791,SF-P3O,Hopper-v4,0
460687,reward,4532,581.5079258345179,587.042,SF-P3O,Hopper-v4,0
460879,reward,4533,612.909755746651,586.409,SF-P3O,Hopper-v4,0
461053,reward,4534,586.4573203335243,582.78,SF-P3O,Hopper-v4,0
461221,reward,4535,553.0647814914965,582.934,SF-P3O,Hopper-v4,0
461408,reward,4536,607.5648130382446,590.526,SF-P3O,Hopper-v4,0
461589,reward,4537,620.4522196745816,598.316,SF-P3O,Hopper-v4,0
461766,reward,4538,584.3237533573665,596.516,SF-P3O,Hopper-v4,0
461965,reward,4539,642.6295791956612,600.284,SF-P3O,Hopper-v4,0
462145,reward,4540,578.0304630188932,595.964,SF-P3O,Hopper-v4,0
462276,reward,4541,368.3127825992387,573.525,SF-P3O,Hopper-v4,0
462471,reward,4542,669.3250134686483,582.307,SF-P3O,Hopper-v4,0
462654,reward,4543,599.6387636519295,580.98,SF-P3O,Hopper-v4,0
462823,reward,4544,529.2162483397138,575.256,SF-P3O,Hopper-v4,0
463007,reward,4545,609.2061643026611,580.87,SF-P3O,Hopper-v4,0
463184,reward,4546,563.4793722447577,576.461,SF-P3O,Hopper-v4,0
463364,reward,4547,588.0513493615384,573.221,SF-P3O,Hopper-v4,0
463546,reward,4548,609.8985484870938,575.779,SF-P3O,Hopper-v4,0
463731,reward,4549,610.6949082927961,572.585,SF-P3O,Hopper-v4,0
463905,reward,4550,559.912551187869,570.774,SF-P3O,Hopper-v4,0
464092,reward,4551,627.3748309036708,596.68,SF-P3O,Hopper-v4,0
464269,reward,4552,584.1335117812655,588.161,SF-P3O,Hopper-v4,0
464445,reward,4553,569.5825999666882,585.155,SF-P3O,Hopper-v4,0
464628,reward,4554,620.5840348306699,594.292,SF-P3O,Hopper-v4,0
464801,reward,4555,572.5959627035371,590.631,SF-P3O,Hopper-v4,0
464992,reward,4556,631.74106452046,597.457,SF-P3O,Hopper-v4,0
465177,reward,4557,598.054393292283,598.457,SF-P3O,Hopper-v4,0
465370,reward,4558,661.0609142778442,603.573,SF-P3O,Hopper-v4,0
465538,reward,4559,558.3246275316415,598.336,SF-P3O,Hopper-v4,0
465711,reward,4560,545.861609592419,596.931,SF-P3O,Hopper-v4,0
465904,reward,4561,641.6226606471612,598.356,SF-P3O,Hopper-v4,0
466092,reward,4562,623.5712441553998,602.3,SF-P3O,Hopper-v4,0
466275,reward,4563,615.8920334752335,606.931,SF-P3O,Hopper-v4,0
466445,reward,4564,541.7585835534502,599.048,SF-P3O,Hopper-v4,0
466649,reward,4565,641.7211933914717,605.961,SF-P3O,Hopper-v4,0
466834,reward,4566,629.83980799588,605.771,SF-P3O,Hopper-v4,0
466944,loss,-0.0977962464094162,0.4470307230949402,SF-P3O,Hopper-v4,0
467039,reward,4567,644.7752502662182,610.443,SF-P3O,Hopper-v4,0
467201,reward,4568,513.9791003455645,595.735,SF-P3O,Hopper-v4,0
467382,reward,4569,591.7102978136064,599.073,SF-P3O,Hopper-v4,0
467564,reward,4570,587.3396759103412,603.221,SF-P3O,Hopper-v4,0
467760,reward,4571,635.532369133831,602.612,SF-P3O,Hopper-v4,0
467945,reward,4572,605.3120475590276,600.786,SF-P3O,Hopper-v4,0
468129,reward,4573,600.2059765901422,599.217,SF-P3O,Hopper-v4,0
468310,reward,4574,583.3469233036881,603.376,SF-P3O,Hopper-v4,0
468476,reward,4575,548.5788753517536,594.062,SF-P3O,Hopper-v4,0
468647,reward,4576,565.1274437681006,587.591,SF-P3O,Hopper-v4,0
468824,reward,4577,597.255380474989,582.839,SF-P3O,Hopper-v4,0
469000,reward,4578,577.0680667357503,589.148,SF-P3O,Hopper-v4,0
469193,reward,4579,634.8842730151755,593.465,SF-P3O,Hopper-v4,0
469358,reward,4580,545.7662442351589,589.308,SF-P3O,Hopper-v4,0
469540,reward,4581,615.8097315410506,587.335,SF-P3O,Hopper-v4,0
469717,reward,4582,569.5600021478899,583.76,SF-P3O,Hopper-v4,0
469888,reward,4583,548.3388843095928,578.574,SF-P3O,Hopper-v4,0
470000,speed,665.21,12.85,SF-P3O,Hopper-v4,0
470001,spectral,0.057803,0.949541,0.1048,SF-P3O,Hopper-v4,0
470063,reward,4584,572.3916464856657,577.478,SF-P3O,Hopper-v4,0
470251,reward,4585,627.254083246883,585.346,SF-P3O,Hopper-v4,0
470423,reward,4586,552.3955279585132,584.072,SF-P3O,Hopper-v4,0
470585,reward,4587,519.7621021154891,576.323,SF-P3O,Hopper-v4,0
470788,reward,4588,660.0648691776515,584.623,SF-P3O,Hopper-v4,0
470940,reward,4589,475.79133540626697,568.713,SF-P3O,Hopper-v4,0
471110,reward,4590,545.618720454354,568.699,SF-P3O,Hopper-v4,0
471277,reward,4591,531.1683814938765,560.235,SF-P3O,Hopper-v4,0
471452,reward,4592,576.5190164234953,560.93,SF-P3O,Hopper-v4,0
471637,reward,4593,630.2646417629983,569.123,SF-P3O,Hopper-v4,0
471815,reward,4594,594.7386399988181,571.358,SF-P3O,Hopper-v4,0
472003,reward,4595,638.0160386374562,572.434,SF-P3O,Hopper-v4,0
472183,reward,4596,597.9398948544018,576.988,SF-P3O,Hopper-v4,0
472356,reward,4597,576.0780901311772,582.62,SF-P3O,Hopper-v4,0
472544,reward,4598,618.4549191817283,578.459,SF-P3O,Hopper-v4,0
472700,reward,4599,490.9149435516909,579.971,SF-P3O,Hopper-v4,0
472858,reward,4600,492.1574080492078,574.625,SF-P3O,Hopper-v4,0
473024,reward,4601,527.8228154634744,574.291,SF-P3O,Hopper-v4,0
473196,reward,4602,561.4487428720192,572.784,SF-P3O,Hopper-v4,0
473385,reward,4603,602.4129298994625,569.998,SF-P3O,Hopper-v4,0
473530,reward,4604,432.3529979177548,553.76,SF-P3O,Hopper-v4,0
473713,reward,4605,598.3728647934543,549.796,SF-P3O,Hopper-v4,0
473892,reward,4606,596.5829795550914,549.66,SF-P3O,Hopper-v4,0
474041,reward,4607,475.4062949565332,539.593,SF-P3O,Hopper-v4,0
474227,reward,4608,622.3950704286679,539.987,SF-P3O,Hopper-v4,0
474401,reward,4609,574.7515386277926,548.37,SF-P3O,Hopper-v4,0
474596,reward,4610,647.777147185344,563.932,SF-P3O,Hopper-v4,0
474783,reward,4611,632.0513920622627,574.355,SF-P3O,Hopper-v4,0
474935,reward,4612,478.4601322897877,566.056,SF-P3O,Hopper-v4,0
475136,loss,0.03950844705104828,1.223698377609253,SF-P3O,Hopper-v4,0
475136,diagnostics,0.0,60.13,48.124,0.058552,0.948792,0.1065,0.165057,SF-P3O,Hopper-v4,0
475138,reward,4613,640.0347885907238,569.819,SF-P3O,Hopper-v4,0
475315,reward,4614,582.0599300227032,584.789,SF-P3O,Hopper-v4,0
475504,reward,4615,636.6028757119706,588.612,SF-P3O,Hopper-v4,0
475677,reward,4616,569.2825776805665,585.882,SF-P3O,Hopper-v4,0
475864,reward,4617,638.9327863514269,602.235,SF-P3O,Hopper-v4,0
476022,reward,4618,511.22542384382837,591.118,SF-P3O,Hopper-v4,0
476197,reward,4619,589.8221766628092,592.625,SF-P3O,Hopper-v4,0
476372,reward,4620,573.3030339989779,585.178,SF-P3O,Hopper-v4,0
476549,reward,4621,582.7609893630421,580.248,SF-P3O,Hopper-v4,0
476687,reward,4622,405.2208624583146,572.925,SF-P3O,Hopper-v4,0
476870,reward,4623,612.0823241966307,570.129,SF-P3O,Hopper-v4,0
477050,reward,4624,597.8591878412233,571.709,SF-P3O,Hopper-v4,0
477229,reward,4625,598.1138569930733,567.86,SF-P3O,Hopper-v4,0
477403,reward,4626,548.9386370298284,565.826,SF-P3O,Hopper-v4,0
477572,reward,4627,565.3139849822396,558.464,SF-P3O,Hopper-v4,0
477754,reward,4628,607.9343094304605,568.135,SF-P3O,Hopper-v4,0
477936,reward,4629,597.9189393752084,568.945,SF-P3O,Hopper-v4,0
478108,reward,4630,579.0471744364539,569.519,SF-P3O,Hopper-v4,0
478286,reward,4631,591.0459879250863,570.348,SF-P3O,Hopper-v4,0
478455,reward,4632,559.6398254716137,585.789,SF-P3O,Hopper-v4,0
478639,reward,4633,632.4133237130422,587.823,SF-P3O,Hopper-v4,0
478830,reward,4634,618.373732911895,589.874,SF-P3O,Hopper-v4,0
479005,reward,4635,577.9833925069362,587.861,SF-P3O,Hopper-v4,0
479173,reward,4636,519.0511372411618,584.872,SF-P3O,Hopper-v4,0
479349,reward,4637,578.2885128335095,586.17,SF-P3O,Hopper-v4,0
479536,reward,4638,613.4052585078248,586.717,SF-P3O,Hopper-v4,0
479710,reward,4639,565.852898050958,583.51,SF-P3O,Hopper-v4,0
479881,reward,4640,574.4483383237318,583.05,SF-P3O,Hopper-v4,0
480000,speed,634.83,13.11,SF-P3O,Hopper-v4,0
480001,perturb,0.058552,0.948792,0.1065,65870,437,0.457796,3,SF-P3O,Hopper-v4,0
480043,reward,4641,522.8564546651485,576.231,SF-P3O,Hopper-v4,0
480225,reward,4642,596.0374350495981,579.871,SF-P3O,Hopper-v4,0
480412,reward,4643,624.2445699619391,579.054,SF-P3O,Hopper-v4,0
480597,reward,4644,607.547871142871,577.972,SF-P3O,Hopper-v4,0
480778,reward,4645,621.7652312867835,582.35,SF-P3O,Hopper-v4,0
480968,reward,4646,649.0955159015765,595.354,SF-P3O,Hopper-v4,0
481148,reward,4647,595.6814654461583,597.094,SF-P3O,Hopper-v4,0
481335,reward,4648,618.7144929386168,597.624,SF-P3O,Hopper-v4,0
481519,reward,4649,626.4911430341134,603.688,SF-P3O,Hopper-v4,0
481690,reward,4650,560.03482647396,602.247,SF-P3O,Hopper-v4,0
481880,reward,4651,631.2943755686948,613.091,SF-P3O,Hopper-v4,0
482045,reward,4652,516.2911111880643,605.116,SF-P3O,Hopper-v4,0
482222,reward,4653,571.6505329820167,599.857,SF-P3O,Hopper-v4,0
482395,reward,4654,536.4808777498513,592.75,SF-P3O,Hopper-v4,0
482571,reward,4655,557.3460521101115,586.308,SF-P3O,Hopper-v4,0
482751,reward,4656,587.0426562908482,580.103,SF-P3O,Hopper-v4,0
482926,reward,4657,582.0554794557296,578.74,SF-P3O,Hopper-v4,0
483116,reward,4658,637.6358323660601,580.632,SF-P3O,Hopper-v4,0
483305,reward,4659,653.3768032387004,583.321,SF-P3O,Hopper-v4,0
483328,loss,-0.01233675330877304,0.7694591879844666,SF-P3O,Hopper-v4,0
483478,reward,4660,579.3889835088908,585.256,SF-P3O,Hopper-v4,0
483644,reward,4661,525.2832261107615,574.655,SF-P3O,Hopper-v4,0
483806,reward,4662,517.7696586065002,574.803,SF-P3O,Hopper-v4,0
483976,reward,4663,538.4970110879985,571.488,SF-P3O,Hopper-v4,0
484155,reward,4664,593.334062249892,577.173,SF-P3O,Hopper-v4,0
484303,reward,4665,455.19451181379685,566.958,SF-P3O,Hopper-v4,0
484477,reward,4666,584.2582136460819,566.679,SF-P3O,Hopper-v4,0
484663,reward,4667,640.0543804086892,572.479,SF-P3O,Hopper-v4,0
484837,reward,4668,578.4509783093932,566.561,SF-P3O,Hopper-v4,0
485014,reward,4669,594.0947792894378,560.633,SF-P3O,Hopper-v4,0
485194,reward,4670,591.0269094955996,561.796,SF-P3O,Hopper-v4,0
485365,reward,4671,562.9278861199379,565.561,SF-P3O,Hopper-v4,0
485539,reward,4672,559.6807107397221,569.752,SF-P3O,Hopper-v4,0
485703,reward,4673,530.6971397654455,568.972,SF-P3O,Hopper-v4,0
485843,reward,4674,404.8695202710985,550.126,SF-P3O,Hopper-v4,0
486018,reward,4675,574.7586486416284,562.082,SF-P3O,Hopper-v4,0
486186,reward,4676,540.7749411756164,557.734,SF-P3O,Hopper-v4,0
486366,reward,4677,602.293198402343,553.957,SF-P3O,Hopper-v4,0
486551,reward,4678,625.3923747166384,558.652,SF-P3O,Hopper-v4,0
486733,reward,4679,616.1220174521868,560.854,SF-P3O,Hopper-v4,0
486909,reward,4680,591.0661891215582,560.858,SF-P3O,Hopper-v4,0
487071,reward,4681,528.3705399911058,557.403,SF-P3O,Hopper-v4,0
487247,reward,4682,576.1766921014231,559.052,SF-P3O,Hopper-v4,0
487431,reward,4683,611.5490372478894,567.137,SF-P3O,Hopper-v4,0
487593,reward,4684,529.629363554806,579.613,SF-P3O,Hopper-v4,0
487771,reward,4685,594.3424392560299,581.572,SF-P3O,Hopper-v4,0
487942,reward,4686,558.6786228715929,583.362,SF-P3O,Hopper-v4,0
488119,reward,4687,609.5949103260643,584.092,SF-P3O,Hopper-v4,0
488293,reward,4688,577.8586326402452,579.339,SF-P3O,Hopper-v4,0
488482,reward,4689,633.9781125144063,581.124,SF-P3O,Hopper-v4,0
488648,reward,4690,538.242805664977,575.842,SF-P3O,Hopper-v4,0
488819,reward,4691,576.0369212563879,580.609,SF-P3O,Hopper-v4,0
488982,reward,4692,544.566410769901,577.448,SF-P3O,Hopper-v4,0
489162,reward,4693,612.4572560396323,577.539,SF-P3O,Hopper-v4,0
489341,reward,4694,594.0799900409002,583.984,SF-P3O,Hopper-v4,0
489517,reward,4695,583.0351818653444,582.853,SF-P3O,Hopper-v4,0
489692,reward,4696,568.0339098125213,583.788,SF-P3O,Hopper-v4,0
489845,reward,4697,470.2540375987109,569.854,SF-P3O,Hopper-v4,0
490000,speed,640.65,13.37,SF-P3O,Hopper-v4,0
490001,spectral,0.05754,0.949349,0.1063,SF-P3O,Hopper-v4,0
490018,reward,4698,569.2828407288895,568.997,SF-P3O,Hopper-v4,0
490189,reward,4699,578.1743377654271,563.416,SF-P3O,Hopper-v4,0
490372,reward,4700,616.6816465195866,571.26,SF-P3O,Hopper-v4,0
490541,reward,4701,541.4382489153915,567.8,SF-P3O,Hopper-v4,0
490712,reward,4702,589.319341569192,572.276,SF-P3O,Hopper-v4,0
490887,reward,4703,585.0430274704536,569.534,SF-P3O,Hopper-v4,0
491052,reward,4704,532.6036153484569,563.387,SF-P3O,Hopper-v4,0
491216,reward,4705,543.7029740239493,559.453,SF-P3O,Hopper-v4,0
491400,reward,4706,622.059038278591,564.856,SF-P3O,Hopper-v4,0
491520,loss,-0.007355057634413242,0.692193865776062,SF-P3O,Hopper-v4,0
491520,diagnostics,0.0,60.36,38.1661,0.058211,0.94905,0.1052,0.179262,SF-P3O,Hopper-v4,0
491571,reward,4707,571.2093149281937,574.951,SF-P3O,Hopper-v4,0
491754,reward,4708,589.7471084569647,576.998,SF-P3O,Hopper-v4,0
491926,reward,4709,559.099687355006,575.09,SF-P3O,Hopper-v4,0
492094,reward,4710,556.1712760301878,569.039,SF-P3O,Hopper-v4,0
492268,reward,4711,578.4731696454954,572.743,SF-P3O,Hopper-v4,0
492440,reward,4712,549.6109655373439,568.772,SF-P3O,Hopper-v4,0
492621,reward,4713,614.9136114020076,571.759,SF-P3O,Hopper-v4,0
492788,reward,4714,550.8380829254411,573.583,SF-P3O,Hopper-v4,0
492968,reward,4715,585.9609406974533,577.808,SF-P3O,Hopper-v4,0
493146,reward,4716,587.551349626441,574.358,SF-P3O,Hopper-v4,0
493325,reward,4717,568.69878392874,574.106,SF-P3O,Hopper-v4,0
493502,reward,4718,601.6691179956707,575.299,SF-P3O,Hopper-v4,0
493679,reward,4719,584.4318354342548,577.832,SF-P3O,Hopper-v4,0
493840,reward,4720,533.4466345309979,575.559,SF-P3O,Hopper-v4,0
494011,reward,4721,580.9047295826637,575.803,SF-P3O,Hopper-v4,0
494147,reward,4722,388.51502291664735,559.693,SF-P3O,Hopper-v4,0
494324,reward,4723,574.0294109326832,555.605,SF-P3O,Hopper-v4,0
494501,reward,4724,583.9851140296547,558.919,SF-P3O,Hopper-v4,0
494677,reward,4725,588.1745336997488,559.141,SF-P3O,Hopper-v4,0
494836,reward,4726,511.36330449113035,551.522,SF-P3O,Hopper-v4,0
495021,reward,4727,601.1353771269622,554.766,SF-P3O,Hopper-v4,0
495209,reward,4728,624.9648146702829,557.095,SF-P3O,Hopper-v4,0
495392,reward,4729,611.6263301249478,559.815,SF-P3O,Hopper-v4,0
495563,reward,4730,575.3903398244989,564.009,SF-P3O,Hopper-v4,0
495703,reward,4731,433.0834063821681,549.227,SF-P3O,Hopper-v4,0
495830,reward,4732,353.72274680528665,545.748,SF-P3O,Hopper-v4,0
496001,reward,4733,578.0927061992288,546.154,SF-P3O,Hopper-v4,0
496182,reward,4734,592.9126578532268,547.047,SF-P3O,Hopper-v4,0
496353,reward,4735,568.7859646622171,545.108,SF-P3O,Hopper-v4,0
496524,reward,4736,562.2708182492001,550.199,SF-P3O,Hopper-v4,0
496696,reward,4737,572.8095797490423,547.366,SF-P3O,Hopper-v4,0
496855,reward,4738,511.65504923300205,536.035,SF-P3O,Hopper-v4,0
497003,reward,4739,447.5633390019085,519.629,SF-P3O,Hopper-v4,0
497177,reward,4740,569.9625885847145,519.086,SF-P3O,Hopper-v4,0
497353,reward,4741,604.3912848273118,536.217,SF-P3O,Hopper-v4,0
497527,reward,4742,558.2804226662715,556.672,SF-P3O,Hopper-v4,0
497685,reward,4743,511.37012410075044,550.0,SF-P3O,Hopper-v4,0
497852,reward,4744,542.383417897365,544.947,SF-P3O,Hopper-v4,0
498032,reward,4745,599.4056689937387,548.009,SF-P3O,Hopper-v4,0
498215,reward,4746,600.4779245282019,551.83,SF-P3O,Hopper-v4,0
498389,reward,4747,572.4503503393577,551.794,SF-P3O,Hopper-v4,0
498550,reward,4748,535.0275101008668,554.131,SF-P3O,Hopper-v4,0
498707,reward,4749,516.5405606452962,561.029,SF-P3O,Hopper-v4,0
498866,reward,4750,508.0178276276325,554.835,SF-P3O,Hopper-v4,0
499042,reward,4751,601.4802775500683,554.543,SF-P3O,Hopper-v4,0
499201,reward,4752,526.3828148308196,551.354,SF-P3O,Hopper-v4,0
499376,reward,4753,597.3280801810619,559.949,SF-P3O,Hopper-v4,0
499549,reward,4754,567.1583038256343,562.427,SF-P3O,Hopper-v4,0
499690,reward,4755,415.88382024738524,544.075,SF-P3O,Hopper-v4,0
499712,loss,0.07333100587129593,0.8472710847854614,SF-P3O,Hopper-v4,0
499878,reward,4756,639.8045823793741,548.007,SF-P3O,Hopper-v4,0
500000,speed,427.38,13.76,SF-P3O,Hopper-v4,0
500001,spectral,0.058688,0.949207,0.1062,SF-P3O,Hopper-v4,0
500067,reward,4757,630.7063489595721,553.833,SF-P3O,Hopper-v4,0
500239,reward,4758,580.2675774101222,558.357,SF-P3O,Hopper-v4,0
500421,reward,4759,595.7180017426988,566.275,SF-P3O,Hopper-v4,0
500586,reward,4760,532.7850027172982,568.751,SF-P3O,Hopper-v4,0
500778,reward,4761,612.4026598241243,569.844,SF-P3O,Hopper-v4,0
500938,reward,4762,522.1501749560625,569.42,SF-P3O,Hopper-v4,0
501102,reward,4763,516.5966875806248,561.347,SF-P3O,Hopper-v4,0
501277,reward,4764,591.0573211754585,563.737,SF-P3O,Hopper-v4,0
501477,reward,4765,663.0471565748484,588.454,SF-P3O,Hopper-v4,0
501657,reward,4766,581.1201435235209,582.585,SF-P3O,Hopper-v4,0
501835,reward,4767,601.2004256429109,579.635,SF-P3O,Hopper-v4,0
502016,reward,4768,607.8118204366126,582.389,SF-P3O,Hopper-v4,0
502182,reward,4769,525.0711236819733,575.324,SF-P3O,Hopper-v4,0
502362,reward,4770,607.1263930973001,582.758,SF-P3O,Hopper-v4,0
502536,reward,4771,575.8037579664552,579.099,SF-P3O,Hopper-v4,0
502736,reward,4772,651.5608163622022,592.04,SF-P3O,Hopper-v4,0
502922,reward,4773,595.4668999618084,599.927,SF-P3O,Hopper-v4,0
503109,reward,4774,597.7090007674317,600.592,SF-P3O,Hopper-v4,0
503288,reward,4775,581.8877838585778,592.476,SF-P3O,Hopper-v4,0
503475,reward,4776,621.7867554508052,596.542,SF-P3O,Hopper-v4,0
503658,reward,4777,629.9705587924402,599.419,SF-P3O,Hopper-v4,0
503844,reward,4778,638.9458131512577,602.533,SF-P3O,Hopper-v4,0
504020,reward,4779,572.3490406303938,607.261,SF-P3O,Hopper-v4,0
504198,reward,4780,593.9591640263376,605.944,SF-P3O,Hopper-v4,0
504383,reward,4781,617.6040572705222,610.124,SF-P3O,Hopper-v4,0
504578,reward,4782,633.0028474541518,608.268,SF-P3O,Hopper-v4,0
504763,reward,4783,610.1956744343458,609.741,SF-P3O,Hopper-v4,0
504956,reward,4784,632.6404599475392,613.234,SF-P3O,Hopper-v4,0
505118,reward,4785,537.5273898257452,608.798,SF-P3O,Hopper-v4,0
505315,reward,4786,636.6645833474286,610.286,SF-P3O,Hopper-v4,0
505499,reward,4787,594.9133545155315,606.78,SF-P3O,Hopper-v4,0
505657,reward,4788,498.3874591214203,592.724,SF-P3O,Hopper-v4,0
505842,reward,4789,614.0399127304485,596.893,SF-P3O,Hopper-v4,0
506032,reward,4790,634.0121677078324,600.899,SF-P3O,Hopper-v4,0
506199,reward,4791,531.2911318044844,592.267,SF-P3O,Hopper-v4,0
506304,reward,4792,260.6259334121449,555.03,SF-P3O,Hopper-v4,0
506486,reward,4793,619.4949680619179,555.96,SF-P3O,Hopper-v4,0
506670,reward,4794,622.0604774342356,554.902,SF-P3O,Hopper-v4,0
506849,reward,4795,603.1214351680086,561.461,SF-P3O,Hopper-v4,0
507016,reward,4796,548.2981963782585,552.625,SF-P3O,Hopper-v4,0
507203,reward,4797,634.0150456769509,556.535,SF-P3O,Hopper-v4,0
507387,reward,4798,608.6438715519915,567.56,SF-P3O,Hopper-v4,0
507577,reward,4799,600.4524775018011,566.202,SF-P3O,Hopper-v4,0
507747,reward,4800,540.2610493475164,556.826,SF-P3O,Hopper-v4,0
507904,loss,-0.014905390329658985,0.48498475551605225,SF-P3O,Hopper-v4,0
507904,diagnostics,0.0,60.52,34.9406,0.059188,0.948952,0.1081,0.175207,SF-P3O,Hopper-v4,0
507931,reward,4801,579.1738232217439,561.615,SF-P3O,Hopper-v4,0
508104,reward,4802,570.0883030803495,592.561,SF-P3O,Hopper-v4,0
508277,reward,4803,581.613807097793,588.773,SF-P3O,Hopper-v4,0
508480,reward,4804,658.0039939278471,592.367,SF-P3O,Hopper-v4,0
508663,reward,4805,610.2242593681176,593.077,SF-P3O,Hopper-v4,0
508854,reward,4806,637.7745296517328,602.025,SF-P3O,Hopper-v4,0
509047,reward,4807,635.6272321646476,602.186,SF-P3O,Hopper-v4,0
509235,reward,4808,580.3776690181994,599.36,SF-P3O,Hopper-v4,0
509422,reward,4809,611.8608001743463,600.501,SF-P3O,Hopper-v4,0
509603,reward,4810,603.216529562296,606.796,SF-P3O,Hopper-v4,0
509791,reward,4811,629.4796504276097,611.827,SF-P3O,Hopper-v4,0
509977,reward,4812,593.0632705383013,614.124,SF-P3O,Hopper-v4,0
510000,speed,650.33,14.02,SF-P3O,Hopper-v4,0
510001,spectral,0.059188,0.948952,0.1081,SF-P3O,Hopper-v4,0
510151,reward,4813,588.1219305212375,614.775,SF-P3O,Hopper-v4,0
510345,reward,4814,639.603258148568,612.935,SF-P3O,Hopper-v4,0
510534,reward,4815,639.7974703574157,615.892,SF-P3O,Hopper-v4,0
510693,reward,4816,496.4563217247044,601.76,SF-P3O,Hopper-v4,0
510871,reward,4817,585.9670263508302,596.794,SF-P3O,Hopper-v4,0
511072,reward,4818,638.0833586281227,602.565,SF-P3O,Hopper-v4,0
511254,reward,4819,599.7392138424236,601.353,SF-P3O,Hopper-v4,0
511423,reward,4820,552.8926593939432,596.32,SF-P3O,Hopper-v4,0
511616,reward,4821,646.7228207794061,598.045,SF-P3O,Hopper-v4,0
511783,reward,4822,557.6355247990907,594.502,SF-P3O,Hopper-v4,0
511952,reward,4823,559.8841043489309,591.678,SF-P3O,Hopper-v4,0
512121,reward,4824,520.5875674888654,579.777,SF-P3O,Hopper-v4,0
512308,reward,4825,618.5322652733862,577.65,SF-P3O,Hopper-v4,0
512467,reward,4826,508.3602578906176,578.84,SF-P3O,Hopper-v4,0
512643,reward,4827,575.7648134909043,577.82,SF-P3O,Hopper-v4,0
512817,reward,4828,548.8258513855293,568.895,SF-P3O,Hopper-v4,0
512989,reward,4829,559.148286523305,564.835,SF-P3O,Hopper-v4,0
513178,reward,4830,606.2393645124739,570.17,SF-P3O,Hopper-v4,0
513344,reward,4831,550.8418365041144,560.582,SF-P3O,Hopper-v4,0
513522,reward,4832,571.7542538879976,561.994,SF-P3O,Hopper-v4,0
513701,reward,4833,586.6605954694102,564.672,SF-P3O,Hopper-v4,0
513874,reward,4834,567.6051051468673,569.373,SF-P3O,Hopper-v4,0
514074,reward,4835,621.6812412149485,569.688,SF-P3O,Hopper-v4,0
514264,reward,4836,641.3709613844195,582.989,SF-P3O,Hopper-v4,0
514437,reward,4837,577.0348946603667,583.116,SF-P3O,Hopper-v4,0
514614,reward,4838,571.1663752284293,585.35,SF-P3O,Hopper-v4,0
514776,reward,4839,525.9971931128758,582.035,SF-P3O,Hopper-v4,0
514961,reward,4840,635.3480793052997,584.946,SF-P3O,Hopper-v4,0
515158,reward,4841,669.9269880107679,596.855,SF-P3O,Hopper-v4,0
515342,reward,4842,573.2910218201367,597.008,SF-P3O,Hopper-v4,0
515528,reward,4843,604.3093445827955,598.773,SF-P3O,Hopper-v4,0
515717,reward,4844,649.0583980517158,606.918,SF-P3O,Hopper-v4,0
515893,reward,4845,591.1699406686892,603.867,SF-P3O,Hopper-v4,0
516039,reward,4846,445.90622023564373,584.321,SF-P3O,Hopper-v4,0
516096,loss,0.07485215365886688,0.28426337242126465,SF-P3O,Hopper-v4,0
516214,reward,4847,605.044430631355,587.122,SF-P3O,Hopper-v4,0
516375,reward,4848,516.1966287046135,581.625,SF-P3O,Hopper-v4,0
516544,reward,4849,568.2978627736552,585.855,SF-P3O,Hopper-v4,0
516723,reward,4850,589.5430432623748,581.274,SF-P3O,Hopper-v4,0
516892,reward,4851,569.3101886213005,571.213,SF-P3O,Hopper-v4,0
517071,reward,4852,606.3130917217987,574.515,SF-P3O,Hopper-v4,0
517258,reward,4853,593.7480594546633,573.459,SF-P3O,Hopper-v4,0
517432,reward,4854,593.4513237952445,567.898,SF-P3O,Hopper-v4,0
517602,reward,4855,569.6797380616134,565.749,SF-P3O,Hopper-v4,0
517772,reward,4856,569.0993181788318,578.068,SF-P3O,Hopper-v4,0
517936,reward,4857,535.485750249591,571.113,SF-P3O,Hopper-v4,0
518110,reward,4858,596.3024064920861,579.123,SF-P3O,Hopper-v4,0
518279,reward,4859,553.2118806374627,577.614,SF-P3O,Hopper-v4,0
518452,reward,4860,574.5100212573815,576.111,SF-P3O,Hopper-v4,0
518632,reward,4861,619.6369402341905,581.144,SF-P3O,Hopper-v4,0
518801,reward,4862,567.6339472936905,577.276,SF-P3O,Hopper-v4,0
518979,reward,4863,581.2571772297102,576.027,SF-P3O,Hopper-v4,0
519166,reward,4864,629.5395236772825,579.636,SF-P3O,Hopper-v4,0
519331,reward,4865,545.4703099462157,577.215,SF-P3O,Hopper-v4,0
519521,reward,4866,611.618790384882,581.467,SF-P3O,Hopper-v4,0
519718,reward,4867,647.4484173599576,592.663,SF-P3O,Hopper-v4,0
519917,reward,4868,637.8266073412773,596.815,SF-P3O,Hopper-v4,0
520000,speed,650.28,14.27,SF-P3O,Hopper-v4,0
520001,spectral,0.060228,0.948444,0.1051,SF-P3O,Hopper-v4,0
520092,reward,4869,578.8220499666268,599.376,SF-P3O,Hopper-v4,0
520269,reward,4870,564.5256245190336,598.378,SF-P3O,Hopper-v4,0
520445,reward,4871,594.6783803852157,595.882,SF-P3O,Hopper-v4,0
520625,reward,4872,620.182435632579,601.137,SF-P3O,Hopper-v4,0
520782,reward,4873,504.76510570832824,593.488,SF-P3O,Hopper-v4,0
520954,reward,4874,569.6599988385138,587.5,SF-P3O,Hopper-v4,0
521129,reward,4875,583.9523753972031,591.348,SF-P3O,Hopper-v4,0
521179,reward,4876,86.65349892133251,538.851,SF-P3O,Hopper-v4,0
521346,reward,4877,556.4491817237399,529.752,SF-P3O,Hopper-v4,0
521536,reward,4878,627.8687175609721,528.756,SF-P3O,Hopper-v4,0
521696,reward,4879,512.6418432604222,522.138,SF-P3O,Hopper-v4,0
521861,reward,4880,543.0022159602602,519.985,SF-P3O,Hopper-v4,0
522049,reward,4881,612.3074308269091,521.748,SF-P3O,Hopper-v4,0
522221,reward,4882,574.5173819125987,517.182,SF-P3O,Hopper-v4,0
522404,reward,4883,599.3189613975572,526.637,SF-P3O,Hopper-v4,0
522584,reward,4884,622.2827196163888,531.899,SF-P3O,Hopper-v4,0
522764,reward,4885,612.1632280004245,534.721,SF-P3O,Hopper-v4,0
522940,reward,4886,577.1326834137207,583.768,SF-P3O,Hopper-v4,0
523120,reward,4887,596.0207940266298,587.726,SF-P3O,Hopper-v4,0
523306,reward,4888,627.5945604220341,587.698,SF-P3O,Hopper-v4,0
523478,reward,4889,587.9576713403766,595.23,SF-P3O,Hopper-v4,0
523646,reward,4890,539.8319723861537,594.913,SF-P3O,Hopper-v4,0
523825,reward,4891,600.2626489719246,593.708,SF-P3O,Hopper-v4,0
523999,reward,4892,568.1218202117693,593.069,SF-P3O,Hopper-v4,0
524170,reward,4893,579.305961487728,591.067,SF-P3O,Hopper-v4,0
524288,loss,0.0055558402091264725,1.2369924783706665,SF-P3O,Hopper-v4,0
524288,diagnostics,0.0,60.72,124.4117,0.061031,0.948067,0.1056,0.17903,SF-P3O,Hopper-v4,0
524342,reward,4894,565.9715928697025,585.436,SF-P3O,Hopper-v4,0
524529,reward,4895,630.2741381230618,587.247,SF-P3O,Hopper-v4,0
524720,reward,4896,632.7403554432386,592.808,SF-P3O,Hopper-v4,0
524882,reward,4897,526.4369931507606,585.85,SF-P3O,Hopper-v4,0
525054,reward,4898,570.5142866995386,580.142,SF-P3O,Hopper-v4,0
525209,reward,4899,489.9471234082348,570.341,SF-P3O,Hopper-v4,0
525374,reward,4900,547.5615207743258,571.114,SF-P3O,Hopper-v4,0
525548,reward,4901,581.4979291195176,569.237,SF-P3O,Hopper-v4,0
525723,reward,4902,577.2863527921221,570.154,SF-P3O,Hopper-v4,0
525907,reward,4903,639.8564309678434,576.209,SF-P3O,Hopper-v4,0
526085,reward,4904,594.58989508444,579.071,SF-P3O,Hopper-v4,0
526219,reward,4905,378.7887771771123,553.922,SF-P3O,Hopper-v4,0
526392,reward,4906,582.4944726289913,548.897,SF-P3O,Hopper-v4,0
526577,reward,4907,633.0942005132151,559.563,SF-P3O,Hopper-v4,0
526746,reward,4908,549.5468438266237,557.466,SF-P3O,Hopper-v4,0
526907,reward,4909,539.0831462381775,562.38,SF-P3O,Hopper-v4,0
527082,reward,4910,593.3197209160656,566.956,SF-P3O,Hopper-v4,0
527263,reward,4911,624.6389793175017,571.27,SF-P3O,Hopper-v4,0
527427,reward,4912,558.2620148483783,569.367,SF-P3O,Hopper-v4,0
527609,reward,4913,625.205281748591,567.902,SF-P3O,Hopper-v4,0
527786,reward,4914,602.9118528540196,568.735,SF-P3O,Hopper-v4,0
527957,reward,4915,567.4594812675695,587.602,SF-P3O,Hopper-v4,0
528116,reward,4916,527.8838108296885,582.141,SF-P3O,Hopper-v4,0
528272,reward,4917,499.6415374330569,568.795,SF-P3O,Hopper-v4,0
528453,reward,4918,602.2654362453438,574.067,SF-P3O,Hopper-v4,0
528625,reward,4919,587.9375644224754,578.953,SF-P3O,Hopper-v4,0
528799,reward,4920,581.8487428260146,577.805,SF-P3O,Hopper-v4,0
528957,reward,4921,515.8478296017549,566.926,SF-P3O,Hopper-v4,0
529133,reward,4922,582.6960399779407,569.37,SF-P3O,Hopper-v4,0
529316,reward,4923,605.6549279070301,567.415,SF-P3O,Hopper-v4,0
529498,reward,4924,616.9985580147921,568.823,SF-P3O,Hopper-v4,0
529676,reward,4925,582.7829568279283,570.356,SF-P3O,Hopper-v4,0
529848,reward,4926,564.8624308306912,574.054,SF-P3O,Hopper-v4,0
530000,speed,669.35,14.52,SF-P3O,Hopper-v4,0
530001,perturb,0.061031,0.948067,0.1056,328,443,0.0,4,SF-P3O,Hopper-v4,0
530020,reward,4927,574.5817033234804,581.548,SF-P3O,Hopper-v4,0
530208,reward,4928,628.8081922785805,584.202,SF-P3O,Hopper-v4,0
530387,reward,4929,609.0034651912915,586.308,SF-P3O,Hopper-v4,0
530553,reward,4930,571.41900706266,585.266,SF-P3O,Hopper-v4,0
530713,reward,4931,510.6604232386047,584.747,SF-P3O,Hopper-v4,0
530889,reward,4932,592.3387291613078,585.711,SF-P3O,Hopper-v4,0
531049,reward,4933,522.2280515373101,577.368,SF-P3O,Hopper-v4,0
531196,reward,4934,454.3646928623647,561.105,SF-P3O,Hopper-v4,0
531360,reward,4935,544.19442758273,557.246,SF-P3O,Hopper-v4,0
531514,reward,4936,503.9924878780012,551.159,SF-P3O,Hopper-v4,0
531688,reward,4937,569.8383007131238,550.685,SF-P3O,Hopper-v4,0
531861,reward,4938,578.8723378519776,545.691,SF-P3O,Hopper-v4,0
532038,reward,4939,596.8817668668697,544.479,SF-P3O,Hopper-v4,0
532205,reward,4940,550.4723204288115,542.384,SF-P3O,Hopper-v4,0
532377,reward,4941,576.1921922107942,548.938,SF-P3O,Hopper-v4,0
532480,loss,-0.0636446550488472,0.8057676553726196,SF-P3O,Hopper-v4,0
532543,reward,4942,557.8856538900623,545.492,SF-P3O,Hopper-v4,0
532705,reward,4943,525.1705151784928,545.786,SF-P3O,Hopper-v4,0
532885,reward,4944,594.882028198552,559.838,SF-P3O,Hopper-v4,0
533053,reward,4945,560.0424909965367,561.423,SF-P3O,Hopper-v4,0
533227,reward,4946,590.7376135713839,570.098,SF-P3O,Hopper-v4,0
533399,reward,4947,550.7369567565664,568.187,SF-P3O,Hopper-v4,0
533578,reward,4948,594.6565971165484,569.766,SF-P3O,Hopper-v4,0
533745,reward,4949,551.467408765059,565.224,SF-P3O,Hopper-v4,0
533905,reward,4950,516.831806834209,561.86,SF-P3O,Hopper-v4,0
534088,reward,4951,601.1555447013643,564.357,SF-P3O,Hopper-v4,0
534256,reward,4952,566.5960175898882,565.228,SF-P3O,Hopper-v4,0
534446,reward,4953,618.9874044937402,574.609,SF-P3O,Hopper-v4,0
534622,reward,4954,598.7533464547153,574.997,SF-P3O,Hopper-v4,0
534788,reward,4955,543.4071159722756,573.333,SF-P3O,Hopper-v4,0
534959,reward,4956,563.1058352777143,570.57,SF-P3O,Hopper-v4,0
535149,reward,4957,631.7701880278149,578.673,SF-P3O,Hopper-v4,0
535325,reward,4958,600.810347902398,579.289,SF-P3O,Hopper-v4,0
535484,reward,4959,525.3778385408272,576.68,SF-P3O,Hopper-v4,0
535657,reward,4960,573.0385778280865,582.3,SF-P3O,Hopper-v4,0
535822,reward,4961,535.9666208004842,575.781,SF-P3O,Hopper-v4,0
535989,reward,4962,564.7751783098405,575.599,SF-P3O,Hopper-v4,0
536149,reward,4963,515.4935684734568,565.25,SF-P3O,Hopper-v4,0
536315,reward,4964,553.2525715179448,560.7,SF-P3O,Hopper-v4,0
536490,reward,4965,584.5891867747685,564.818,SF-P3O,Hopper-v4,0
536663,reward,4966,581.1204126212252,566.619,SF-P3O,Hopper-v4,0
536827,reward,4967,522.2949781475322,555.672,SF-P3O,Hopper-v4,0
536993,reward,4968,547.4067120873158,550.332,SF-P3O,Hopper-v4,0
537160,reward,4969,540.6538753162356,551.859,SF-P3O,Hopper-v4,0
537295,reward,4970,387.61997558812254,533.317,SF-P3O,Hopper-v4,0
537465,reward,4971,572.3445186866048,536.955,SF-P3O,Hopper-v4,0
537639,reward,4972,588.399616977858,539.318,SF-P3O,Hopper-v4,0
537818,reward,4973,582.3021190956305,545.998,SF-P3O,Hopper-v4,0
537983,reward,4974,551.3643397983637,545.81,SF-P3O,Hopper-v4,0
538138,reward,4975,504.53735743580995,537.804,SF-P3O,Hopper-v4,0
538303,reward,4976,554.0375089797872,535.096,SF-P3O,Hopper-v4,0
538474,reward,4977,560.39395798568,538.906,SF-P3O,Hopper-v4,0
538642,reward,4978,556.2761863507351,539.793,SF-P3O,Hopper-v4,0
538823,reward,4979,626.5052806746338,548.378,SF-P3O,Hopper-v4,0
538986,reward,4980,531.6721677181858,562.783,SF-P3O,Hopper-v4,0
539170,reward,4981,625.7159065843418,568.12,SF-P3O,Hopper-v4,0
539351,reward,4982,621.0741022679032,571.388,SF-P3O,Hopper-v4,0
539533,reward,4983,619.2338060530484,575.081,SF-P3O,Hopper-v4,0
539704,reward,4984,578.9427039191098,577.839,SF-P3O,Hopper-v4,0
539883,reward,4985,588.1549904053468,586.201,SF-P3O,Hopper-v4,0
540000,speed,652.37,14.78,SF-P3O,Hopper-v4,0
540001,spectral,0.061497,0.947732,0.107,SF-P3O,Hopper-v4,0
540048,reward,4986,541.836842425453,584.981,SF-P3O,Hopper-v4,0
540245,reward,4987,673.1079594831998,596.252,SF-P3O,Hopper-v4,0
540415,reward,4988,579.3367927278666,598.558,SF-P3O,Hopper-v4,0
540579,reward,4989,540.5774544938267,589.965,SF-P3O,Hopper-v4,0
540672,loss,0.07925926148891449,0.8422896862030029,SF-P3O,Hopper-v4,0
540672,diagnostics,0.0,60.88,45.931,0.061951,0.948824,0.1069,0.170951,SF-P3O,Hopper-v4,0
540751,reward,4990,587.5997406180903,595.558,SF-P3O,Hopper-v4,0
540926,reward,4991,580.3241828711233,591.019,SF-P3O,Hopper-v4,0
541087,reward,4992,523.9921191918863,581.311,SF-P3O,Hopper-v4,0
541233,reward,4993,455.66719709625653,564.954,SF-P3O,Hopper-v4,0
541399,reward,4994,570.1713015365718,564.077,SF-P3O,Hopper-v4,0
541575,reward,4995,598.018984378311,565.063,SF-P3O,Hopper-v4,0
541752,reward,4996,570.4864337748252,567.928,SF-P3O,Hopper-v4,0
541873,reward,4997,336.87913635445415,534.305,SF-P3O,Hopper-v4,0
542054,reward,4998,605.6860763720388,536.94,SF-P3O,Hopper-v4,0
542219,reward,4999,550.2308859224268,537.906,SF-P3O,Hopper-v4,0
542383,reward,5000,547.9649051557409,533.942,SF-P3O,Hopper-v4,0
542549,reward,5001,556.3830502830568,531.548,SF-P3O,Hopper-v4,0
542699,reward,5002,469.6343601714384,526.112,SF-P3O,Hopper-v4,0
542872,reward,5003,596.020956661199,540.148,SF-P3O,Hopper-v4,0
543034,reward,5004,533.9069812312301,536.521,SF-P3O,Hopper-v4,0
543190,reward,5005,507.31699707250357,527.451,SF-P3O,Hopper-v4,0
543333,reward,5006,444.68505977014206,514.871,SF-P3O,Hopper-v4,0
543505,reward,5007,573.5735478070355,538.54,SF-P3O,Hopper-v4,0
543674,reward,5008,560.4593260044916,534.018,SF-P3O,Hopper-v4,0
543829,reward,5009,510.8792960073398,530.082,SF-P3O,Hopper-v4,0
544014,reward,5010,633.1146975341017,538.597,SF-P3O,Hopper-v4,0
544184,reward,5011,576.8940102510992,540.649,SF-P3O,Hopper-v4,0
544349,reward,5012,557.6763643341294,549.453,SF-P3O,Hopper-v4,0
544504,reward,5013,498.62553561549,539.713,SF-P3O,Hopper-v4,0
544671,reward,5014,556.5931507813968,541.982,SF-P3O,Hopper-v4,0
544815,reward,5015,446.965582197052,535.947,SF-P3O,Hopper-v4,0
544985,reward,5016,552.5185363659571,546.73,SF-P3O,Hopper-v4,0
545155,reward,5017,567.6329363014283,546.136,SF-P3O,Hopper-v4,0
545318,reward,5018,546.0721128844023,544.697,SF-P3O,Hopper-v4,0
545505,reward,5019,637.3306873967756,557.342,SF-P3O,Hopper-v4,0
545675,reward,5020,557.3036576459227,549.761,SF-P3O,Hopper-v4,0
545851,reward,5021,592.595126812643,551.331,SF-P3O,Hopper-v4,0
545989,reward,5022,410.75327894691884,536.639,SF-P3O,Hopper-v4,0
546165,reward,5023,586.8496809693626,545.461,SF-P3O,Hopper-v4,0
546333,reward,5024,562.4894465344865,546.051,SF-P3O,Hopper-v4,0
546480,reward,5025,458.44208322219384,547.199,SF-P3O,Hopper-v4,0
546641,reward,5026,531.4811393588254,545.095,SF-P3O,Hopper-v4,0
546797,reward,5027,516.1131356875004,539.943,SF-P3O,Hopper-v4,0
546926,reward,5028,364.2525185886669,521.761,SF-P3O,Hopper-v4,0
547099,reward,5029,568.4448439911317,514.872,SF-P3O,Hopper-v4,0
547256,reward,5030,513.9239401394099,510.535,SF-P3O,Hopper-v4,0
547412,reward,5031,503.4330467483584,501.618,SF-P3O,Hopper-v4,0
547575,reward,5032,550.9100805454823,515.634,SF-P3O,Hopper-v4,0
547754,reward,5033,589.7871260829098,515.928,SF-P3O,Hopper-v4,0
547933,reward,5034,605.7706412245025,520.256,SF-P3O,Hopper-v4,0
548111,reward,5035,610.649751505902,535.477,SF-P3O,Hopper-v4,0
548278,reward,5036,558.4149105459003,538.17,SF-P3O,Hopper-v4,0
548452,reward,5037,590.4899707850889,545.608,SF-P3O,Hopper-v4,0
548583,reward,5038,361.34972154617316,545.317,SF-P3O,Hopper-v4,0
548758,reward,5039,590.7574192298995,547.549,SF-P3O,Hopper-v4,0
548864,loss,0.0896657258272171,1.531258225440979,SF-P3O,Hopper-v4,0
548931,reward,5040,604.4258425089812,556.599,SF-P3O,Hopper-v4,0
549137,reward,5041,655.9642607682936,571.852,SF-P3O,Hopper-v4,0
549333,reward,5042,599.4945016613573,576.71,SF-P3O,Hopper-v4,0
549519,reward,5043,555.7624482159598,573.308,SF-P3O,Hopper-v4,0
549731,reward,5044,665.1505603956368,579.246,SF-P3O,Hopper-v4,0
549963,reward,5045,704.8841433202699,588.669,SF-P3O,Hopper-v4,0
550000,speed,412.86,15.18,SF-P3O,Hopper-v4,0
550001,spectral,0.062623,0.948567,0.1059,SF-P3O,Hopper-v4,0
550176,reward,5046,672.0294979449583,600.031,SF-P3O,Hopper-v4,0
550382,reward,5047,647.4228256245634,605.724,SF-P3O,Hopper-v4,0
550575,reward,5048,564.4968697680015,626.039,SF-P3O,Hopper-v4,0
550791,reward,5049,675.5949855962203,634.523,SF-P3O,Hopper-v4,0
550981,reward,5050,609.4989870179172,635.03,SF-P3O,Hopper-v4,0
551193,reward,5051,638.5185341215548,633.285,SF-P3O,Hopper-v4,0
551442,reward,5052,803.5256296224537,653.688,SF-P3O,Hopper-v4,0
551647,reward,5053,628.4747420988433,660.96,SF-P3O,Hopper-v4,0
551840,reward,5054,606.2518491120871,655.07,SF-P3O,Hopper-v4,0
552072,reward,5055,767.7966810820085,661.361,SF-P3O,Hopper-v4,0
552264,reward,5056,559.7981004083357,650.138,SF-P3O,Hopper-v4,0
552470,reward,5057,664.7251257412063,651.868,SF-P3O,Hopper-v4,0
552686,reward,5058,675.0427294858412,662.923,SF-P3O,Hopper-v4,0
552878,reward,5059,572.760304314456,652.639,SF-P3O,Hopper-v4,0
553085,reward,5060,658.6522700727298,657.555,SF-P3O,Hopper-v4,0
553285,reward,5061,601.9673909577647,653.899,SF-P3O,Hopper-v4,0
553508,reward,5062,671.081004896692,640.655,SF-P3O,Hopper-v4,0
553725,reward,5063,687.2050285483427,646.528,SF-P3O,Hopper-v4,0
553930,reward,5064,639.2767187515974,649.831,SF-P3O,Hopper-v4,0
554181,reward,5065,818.869033513566,654.938,SF-P3O,Hopper-v4,0
554393,reward,5066,661.3246308891261,665.09,SF-P3O,Hopper-v4,0
554609,reward,5067,682.7667760345319,666.895,SF-P3O,Hopper-v4,0
554832,reward,5068,737.6059835907032,673.151,SF-P3O,Hopper-v4,0
555044,reward,5069,671.487498437415,683.024,SF-P3O,Hopper-v4,0
555259,reward,5070,677.7460626712258,684.933,SF-P3O,Hopper-v4,0
555422,reward,5071,529.8542351301314,677.722,SF-P3O,Hopper-v4,0
555618,reward,5072,578.6781590186887,668.481,SF-P3O,Hopper-v4,0
555825,reward,5073,655.1821981595066,665.279,SF-P3O,Hopper-v4,0
556043,reward,5074,688.499175874656,670.201,SF-P3O,Hopper-v4,0
556264,reward,5075,694.1657371564394,657.731,SF-P3O,Hopper-v4,0
556469,reward,5076,628.3320399521265,654.432,SF-P3O,Hopper-v4,0
556677,reward,5077,635.3102429035433,649.686,SF-P3O,Hopper-v4,0
556891,reward,5078,668.2489049479443,642.75,SF-P3O,Hopper-v4,0
557056,loss,0.033216025680303574,0.25045251846313477,SF-P3O,Hopper-v4,0
557056,diagnostics,0.0,60.99,51.2893,0.063027,0.948731,0.1064,0.176311,SF-P3O,Hopper-v4,0
557082,reward,5079,601.7938419454094,635.781,SF-P3O,Hopper-v4,0
557283,reward,5080,605.2879796602256,628.535,SF-P3O,Hopper-v4,0
557519,reward,5081,778.580939726599,653.408,SF-P3O,Hopper-v4,0
557746,reward,5082,740.815779456654,669.622,SF-P3O,Hopper-v4,0
557997,reward,5083,779.7916223166617,682.083,SF-P3O,Hopper-v4,0
558206,reward,5084,663.4983645638094,679.583,SF-P3O,Hopper-v4,0
558401,reward,5085,578.5558559039662,668.022,SF-P3O,Hopper-v4,0
558618,reward,5086,674.1588378367763,672.604,SF-P3O,Hopper-v4,0
558815,reward,5087,608.3832959363309,669.912,SF-P3O,Hopper-v4,0
559015,reward,5088,594.8047990480766,662.567,SF-P3O,Hopper-v4,0
559207,reward,5089,591.4283372265493,661.531,SF-P3O,Hopper-v4,0
559407,reward,5090,566.5271312186483,657.654,SF-P3O,Hopper-v4,0
559646,reward,5091,749.9128524997586,654.788,SF-P3O,Hopper-v4,0
559838,reward,5092,578.5012276548858,638.556,SF-P3O,Hopper-v4,0
560000,speed,596.44,15.46,SF-P3O,Hopper-v4,0
560001,spectral,0.063027,0.948731,0.1064,SF-P3O,Hopper-v4,0
560059,reward,5093,704.8036028316826,631.057,SF-P3O,Hopper-v4,0
560250,reward,5094,576.9714118947047,622.405,SF-P3O,Hopper-v4,0
560459,reward,5095,652.495659506847,629.799,SF-P3O,Hopper-v4,0
560668,reward,5096,644.5807631594034,626.841,SF-P3O,Hopper-v4,0
560876,reward,5097,640.8083245181483,630.083,SF-P3O,Hopper-v4,0
561071,reward,5098,590.8278678368393,629.686,SF-P3O,Hopper-v4,0
561298,reward,5099,725.1309611666336,643.056,SF-P3O,Hopper-v4,0
561501,reward,5100,597.1522056475245,646.118,SF-P3O,Hopper-v4,0
561713,reward,5101,664.9433110051514,637.622,SF-P3O,Hopper-v4,0
561900,reward,5102,553.4894195299182,635.12,SF-P3O,Hopper-v4,0
562085,reward,5103,530.2498846770752,617.665,SF-P3O,Hopper-v4,0
562277,reward,5104,559.9770791156014,615.966,SF-P3O,Hopper-v4,0
562503,reward,5105,707.0718277366478,621.423,SF-P3O,Hopper-v4,0
562724,reward,5106,698.4504270656973,626.81,SF-P3O,Hopper-v4,0
562921,reward,5107,595.1581141058531,622.245,SF-P3O,Hopper-v4,0
563116,reward,5108,588.9018952256513,622.053,SF-P3O,Hopper-v4,0
563321,reward,5109,631.5857901695094,612.698,SF-P3O,Hopper-v4,0
563517,reward,5110,586.3024101365064,611.613,SF-P3O,Hopper-v4,0
563684,reward,5111,490.12933646506525,594.132,SF-P3O,Hopper-v4,0
563875,reward,5112,564.9548503037755,595.278,SF-P3O,Hopper-v4,0
564064,reward,5113,564.2462041525453,598.678,SF-P3O,Hopper-v4,0
564282,reward,5114,664.9605348443271,609.176,SF-P3O,Hopper-v4,0
564478,reward,5115,594.5181416515204,597.921,SF-P3O,Hopper-v4,0
564671,reward,5116,616.0828545764728,589.684,SF-P3O,Hopper-v4,0
564880,reward,5117,642.5988068874216,594.428,SF-P3O,Hopper-v4,0
565092,reward,5118,666.6487823605706,602.203,SF-P3O,Hopper-v4,0
565248,loss,-0.08066661655902863,0.18187980353832245,SF-P3O,Hopper-v4,0
565321,reward,5119,693.3846123794153,608.383,SF-P3O,Hopper-v4,0
565558,reward,5120,747.8529132642958,624.538,SF-P3O,Hopper-v4,0
565753,reward,5121,558.7864435524998,631.403,SF-P3O,Hopper-v4,0
565953,reward,5122,613.6246306874333,636.27,SF-P3O,Hopper-v4,0
566143,reward,5123,603.9617443123166,640.242,SF-P3O,Hopper-v4,0
566344,reward,5124,607.3145570318684,634.477,SF-P3O,Hopper-v4,0
566554,reward,5125,632.0185762623814,638.227,SF-P3O,Hopper-v4,0
566758,reward,5126,612.5034120738054,637.869,SF-P3O,Hopper-v4,0
566980,reward,5127,694.2169268429601,643.031,SF-P3O,Hopper-v4,0
567181,reward,5128,621.3400293551668,638.5,SF-P3O,Hopper-v4,0
567361,reward,5129,563.9562192763533,625.558,SF-P3O,Hopper-v4,0
567565,reward,5130,625.4967261365427,613.322,SF-P3O,Hopper-v4,0
567771,reward,5131,627.9317664096786,620.236,SF-P3O,Hopper-v4,0
567975,reward,5132,637.5225383053005,622.626,SF-P3O,Hopper-v4,0
568162,reward,5133,619.4064375844707,624.171,SF-P3O,Hopper-v4,0
568350,reward,5134,606.0776349278358,624.047,SF-P3O,Hopper-v4,0
568575,reward,5135,699.8246314733929,630.828,SF-P3O,Hopper-v4,0
568794,reward,5136,669.7738587646719,636.555,SF-P3O,Hopper-v4,0
568989,reward,5137,569.3224551121468,624.065,SF-P3O,Hopper-v4,0
569182,reward,5138,592.8562665796192,621.217,SF-P3O,Hopper-v4,0
569415,reward,5139,729.6605753219789,637.787,SF-P3O,Hopper-v4,0
569596,reward,5140,564.4219080957108,631.68,SF-P3O,Hopper-v4,0
569796,reward,5141,584.8740179907076,627.374,SF-P3O,Hopper-v4,0
569993,reward,5142,617.5355451824878,625.375,SF-P3O,Hopper-v4,0
570000,speed,594.2,15.74,SF-P3O,Hopper-v4,0
570001,spectral,0.063761,0.948092,0.1077,SF-P3O,Hopper-v4,0
570188,reward,5143,593.5108674175235,622.786,SF-P3O,Hopper-v4,0
570395,reward,5144,641.8733504072111,626.365,SF-P3O,Hopper-v4,0
570597,reward,5145,609.5885787466722,617.342,SF-P3O,Hopper-v4,0
570805,reward,5146,623.4250818315579,612.707,SF-P3O,Hopper-v4,0
570996,reward,5147,598.9194034496393,615.667,SF-P3O,Hopper-v4,0
571197,reward,5148,634.9709690091166,619.878,SF-P3O,Hopper-v4,0
571390,reward,5149,578.4020779713397,604.752,SF-P3O,Hopper-v4,0
571602,reward,5150,666.8356742833648,614.994,SF-P3O,Hopper-v4,0
571810,reward,5151,614.6459135905649,617.971,SF-P3O,Hopper-v4,0
572000,reward,5152,577.4505049076805,613.962,SF-P3O,Hopper-v4,0
572238,reward,5153,750.9542335512297,629.707,SF-P3O,Hopper-v4,0
572430,reward,5154,571.4098495607165,622.66,SF-P3O,Hopper-v4,0
572624,reward,5155,646.1611141815769,626.317,SF-P3O,Hopper-v4,0
572864,reward,5156,805.3929622108797,644.514,SF-P3O,Hopper-v4,0
573053,reward,5157,589.1683917872236,643.539,SF-P3O,Hopper-v4,0
573281,reward,5158,687.0782551984155,648.75,SF-P3O,Hopper-v4,0
573440,loss,0.02362595498561859,0.2971220016479492,SF-P3O,Hopper-v4,0
573440,diagnostics,0.0,61.12,28.7084,0.064678,0.948517,0.1104,0.178102,SF-P3O,Hopper-v4,0
573484,reward,5159,600.4043733602729,650.95,SF-P3O,Hopper-v4,0
573719,reward,5160,753.4748345008372,659.614,SF-P3O,Hopper-v4,0
573914,reward,5161,601.7947201470683,658.329,SF-P3O,Hopper-v4,0
574136,reward,5162,667.6169605450234,667.346,SF-P3O,Hopper-v4,0
574315,reward,5163,560.0902906290452,648.259,SF-P3O,Hopper-v4,0
574493,reward,5164,533.8950750616852,644.508,SF-P3O,Hopper-v4,0
574748,reward,5165,839.0392198403705,663.796,SF-P3O,Hopper-v4,0
574935,reward,5166,560.1471804186373,639.271,SF-P3O,Hopper-v4,0
575139,reward,5167,625.6164334601357,642.916,SF-P3O,Hopper-v4,0
575323,reward,5168,570.0964594660545,631.218,SF-P3O,Hopper-v4,0
575513,reward,5169,569.702427362297,628.147,SF-P3O,Hopper-v4,0
575721,reward,5170,622.3204483046192,615.032,SF-P3O,Hopper-v4,0
575915,reward,5171,614.7297939336779,616.325,SF-P3O,Hopper-v4,0
576126,reward,5172,657.9715278113471,615.361,SF-P3O,Hopper-v4,0
576323,reward,5173,598.6158066252754,619.213,SF-P3O,Hopper-v4,0
576496,reward,5174,490.9979538203482,614.924,SF-P3O,Hopper-v4,0
576691,reward,5175,584.4550041427367,589.465,SF-P3O,Hopper-v4,0
576877,reward,5176,581.7918838421234,591.63,SF-P3O,Hopper-v4,0
577083,reward,5177,622.1740358136683,591.286,SF-P3O,Hopper-v4,0
577325,reward,5178,795.9841816490709,613.874,SF-P3O,Hopper-v4,0
577536,reward,5179,637.5082667055062,620.655,SF-P3O,Hopper-v4,0
577746,reward,5180,645.5550738776843,622.978,SF-P3O,Hopper-v4,0
577936,reward,5181,568.3970684994223,618.345,SF-P3O,Hopper-v4,0
578215,reward,5182,907.7387522624811,643.322,SF-P3O,Hopper-v4,0
578411,reward,5183,606.1766096744249,644.078,SF-P3O,Hopper-v4,0
578621,reward,5184,625.8016352327513,657.558,SF-P3O,Hopper-v4,0
578851,reward,5185,718.19529436895,670.932,SF-P3O,Hopper-v4,0
579105,reward,5186,815.7679607181745,694.33,SF-P3O,Hopper-v4,0
579309,reward,5187,648.1348284693516,696.926,SF-P3O,Hopper-v4,0
579500,reward,5188,585.1089317764505,675.838,SF-P3O,Hopper-v4,0
579738,reward,5189,774.1451622789261,689.502,SF-P3O,Hopper-v4,0
579946,reward,5190,633.366222126251,688.283,SF-P3O,Hopper-v4,0
580000,speed,604.25,16.02,SF-P3O,Hopper-v4,0
580001,perturb,0.064678,0.948517,0.1104,322,449,0.0,5,SF-P3O,Hopper-v4,0
580142,reward,5191,582.6589605704106,689.709,SF-P3O,Hopper-v4,0
580366,reward,5192,713.9296362481375,670.329,SF-P3O,Hopper-v4,0
580570,reward,5193,618.8577582717451,671.597,SF-P3O,Hopper-v4,0
580761,reward,5194,594.4278781218992,668.459,SF-P3O,Hopper-v4,0
581004,reward,5195,797.1033403508409,676.35,SF-P3O,Hopper-v4,0
581235,reward,5196,714.0981153821872,666.183,SF-P3O,Hopper-v4,0
581454,reward,5197,696.7830904884617,671.048,SF-P3O,Hopper-v4,0
581632,loss,-0.023901481181383133,0.2362871766090393,SF-P3O,Hopper-v4,0
581656,reward,5198,632.73657994784,675.811,SF-P3O,Hopper-v4,0
581848,reward,5199,578.3151797920862,656.228,SF-P3O,Hopper-v4,0
582090,reward,5200,768.3925310106738,669.73,SF-P3O,Hopper-v4,0
582262,reward,5201,530.8704926538571,664.551,SF-P3O,Hopper-v4,0
582495,reward,5202,734.0273536639777,666.561,SF-P3O,Hopper-v4,0
582693,reward,5203,601.8107435119208,664.857,SF-P3O,Hopper-v4,0
582918,reward,5204,718.1586326643552,677.23,SF-P3O,Hopper-v4,0
583119,reward,5205,604.7614233429565,657.995,SF-P3O,Hopper-v4,0
583319,reward,5206,601.8129652636413,646.767,SF-P3O,Hopper-v4,0
583519,reward,5207,638.6195932916556,640.951,SF-P3O,Hopper-v4,0
583672,reward,5208,423.44577336010076,620.021,SF-P3O,Hopper-v4,0
583869,reward,5209,590.5301577841327,621.243,SF-P3O,Hopper-v4,0
584081,reward,5210,638.1485241448329,608.219,SF-P3O,Hopper-v4,0
584315,reward,5211,734.6646829112038,628.598,SF-P3O,Hopper-v4,0
584539,reward,5212,717.8217298950543,626.977,SF-P3O,Hopper-v4,0
584736,reward,5213,606.9778819034052,627.494,SF-P3O,Hopper-v4,0
584979,reward,5214,779.4725578953838,633.626,SF-P3O,Hopper-v4,0
585173,reward,5215,603.650299691259,633.514,SF-P3O,Hopper-v4,0
585401,reward,5216,743.518607422325,647.685,SF-P3O,Hopper-v4,0
585600,reward,5217,576.2267590979847,641.446,SF-P3O,Hopper-v4,0
585811,reward,5218,639.7172033371153,663.073,SF-P3O,Hopper-v4,0
586012,reward,5219,614.8349020087447,665.503,SF-P3O,Hopper-v4,0
586259,reward,5220,799.8177406638831,681.67,SF-P3O,Hopper-v4,0
586477,reward,5221,698.0875409461331,678.013,SF-P3O,Hopper-v4,0
586657,reward,5222,544.2430065707351,660.655,SF-P3O,Hopper-v4,0
586838,reward,5223,544.3314935163585,654.39,SF-P3O,Hopper-v4,0
587023,reward,5224,545.6398079668334,631.007,SF-P3O,Hopper-v4,0
587239,reward,5225,692.3632571390677,639.878,SF-P3O,Hopper-v4,0
587432,reward,5226,580.2208820317531,623.548,SF-P3O,Hopper-v4,0
587636,reward,5227,622.0464209877204,628.13,SF-P3O,Hopper-v4,0
587824,reward,5228,577.2621191292163,621.885,SF-P3O,Hopper-v4,0
588000,reward,5229,514.1515544786847,611.816,SF-P3O,Hopper-v4,0
588201,reward,5230,632.5048733783368,595.085,SF-P3O,Hopper-v4,0
588437,reward,5231,769.0893920806272,602.185,SF-P3O,Hopper-v4,0
588629,reward,5232,572.8886678335923,605.05,SF-P3O,Hopper-v4,0
588829,reward,5233,579.3706589020694,608.554,SF-P3O,Hopper-v4,0
589021,reward,5234,572.8342406620857,611.273,SF-P3O,Hopper-v4,0
589216,reward,5235,569.6639869404175,599.003,SF-P3O,Hopper-v4,0
589387,reward,5236,499.89683652187273,590.971,SF-P3O,Hopper-v4,0
589600,reward,5237,664.5107838247262,595.217,SF-P3O,Hopper-v4,0
589758,reward,5238,424.9729232046825,579.988,SF-P3O,Hopper-v4,0
589824,loss,0.061579905450344086,0.41500571370124817,SF-P3O,Hopper-v4,0
589824,diagnostics,0.0,61.27,47.295,0.065433,0.948437,0.103,0.172016,SF-P3O,Hopper-v4,0
589991,reward,5239,762.7576776862892,604.849,SF-P3O,Hopper-v4,0
590000,speed,405.19,16.43,SF-P3O,Hopper-v4,0
590001,spectral,0.065433,0.948437,0.103,SF-P3O,Hopper-v4,0
590178,reward,5240,592.8425217713698,600.883,SF-P3O,Hopper-v4,0
590375,reward,5241,658.3338846904913,589.807,SF-P3O,Hopper-v4,0
590586,reward,5242,686.9928427061099,601.218,SF-P3O,Hopper-v4,0
590777,reward,5243,589.9542447600746,602.276,SF-P3O,Hopper-v4,0
590944,reward,5244,468.7855971879697,591.871,SF-P3O,Hopper-v4,0
591132,reward,5245,608.0211353478373,595.707,SF-P3O,Hopper-v4,0
591335,reward,5246,623.1992392557275,608.037,SF-P3O,Hopper-v4,0
591543,reward,5247,659.78988521022,607.565,SF-P3O,Hopper-v4,0
591733,reward,5248,641.3106535324151,629.199,SF-P3O,Hopper-v4,0
591927,reward,5249,587.1659843876499,611.64,SF-P3O,Hopper-v4,0
592157,reward,5250,765.5379300145892,628.909,SF-P3O,Hopper-v4,0
592355,reward,5251,609.1570766679838,623.991,SF-P3O,Hopper-v4,0
592561,reward,5252,629.5430105801761,618.246,SF-P3O,Hopper-v4,0
592752,reward,5253,570.2477940247344,616.276,SF-P3O,Hopper-v4,0
592937,reward,5254,535.951529924739,622.992,SF-P3O,Hopper-v4,0
593142,reward,5255,648.7235113700165,627.063,SF-P3O,Hopper-v4,0
593347,reward,5256,657.2049980846784,630.463,SF-P3O,Hopper-v4,0
593554,reward,5257,619.4556578429556,626.43,SF-P3O,Hopper-v4,0
593751,reward,5258,627.3214930176475,625.031,SF-P3O,Hopper-v4,0
593962,reward,5259,674.4252380921084,633.757,SF-P3O,Hopper-v4,0
594193,reward,5260,759.4603602853502,633.149,SF-P3O,Hopper-v4,0
594398,reward,5261,617.4460557639585,633.978,SF-P3O,Hopper-v4,0
594603,reward,5262,646.5028404449398,635.674,SF-P3O,Hopper-v4,0
594803,reward,5263,617.3909216702796,640.388,SF-P3O,Hopper-v4,0
594980,reward,5264,544.7336622182513,641.266,SF-P3O,Hopper-v4,0
595182,reward,5265,614.6463539671557,637.859,SF-P3O,Hopper-v4,0
595387,reward,5266,654.2576831580737,637.564,SF-P3O,Hopper-v4,0
595662,reward,5267,871.5452832832453,662.773,SF-P3O,Hopper-v4,0
595833,reward,5268,521.8686449208943,652.228,SF-P3O,Hopper-v4,0
596028,reward,5269,626.5863531724774,647.444,SF-P3O,Hopper-v4,0
596220,reward,5270,594.4492813869592,630.943,SF-P3O,Hopper-v4,0
596477,reward,5271,855.8214585031426,654.78,SF-P3O,Hopper-v4,0
596663,reward,5272,549.9627143570011,645.126,SF-P3O,Hopper-v4,0
596861,reward,5273,551.6833204303811,638.555,SF-P3O,Hopper-v4,0
597040,reward,5274,533.3169745382455,637.414,SF-P3O,Hopper-v4,0
597249,reward,5275,639.1565734063415,639.865,SF-P3O,Hopper-v4,0
597461,reward,5276,664.6829651054557,640.907,SF-P3O,Hopper-v4,0
597648,reward,5277,613.757341937908,615.129,SF-P3O,Hopper-v4,0
597842,reward,5278,612.7877462973975,624.22,SF-P3O,Hopper-v4,0
598016,loss,-0.045315954834222794,0.3571217358112335,SF-P3O,Hopper-v4,0
598028,reward,5279,538.9846908391526,615.46,SF-P3O,Hopper-v4,0
598225,reward,5280,611.2139491043375,617.137,SF-P3O,Hopper-v4,0
598443,reward,5281,686.7458438748243,600.229,SF-P3O,Hopper-v4,0
598641,reward,5282,598.5520519170176,605.088,SF-P3O,Hopper-v4,0
598842,reward,5283,653.5029562892372,615.27,SF-P3O,Hopper-v4,0
599098,reward,5284,810.0196181597042,642.94,SF-P3O,Hopper-v4,0
599277,reward,5285,554.9949677402824,634.524,SF-P3O,Hopper-v4,0
599477,reward,5286,616.1732549158285,629.673,SF-P3O,Hopper-v4,0
599649,reward,5287,533.2356778958932,621.621,SF-P3O,Hopper-v4,0
599847,reward,5288,607.792683689262,621.122,SF-P3O,Hopper-v4,0
600000,speed,592.42,16.71,SF-P3O,Hopper-v4,0
600001,spectral,0.066017,0.948016,0.1004,SF-P3O,Hopper-v4,0
600025,reward,5289,548.2303187103211,622.046,SF-P3O,Hopper-v4,0
600284,reward,5290,819.1045213431464,642.835,SF-P3O,Hopper-v4,0
600473,reward,5291,593.8595262386996,633.547,SF-P3O,Hopper-v4,0
600676,reward,5292,631.1507557266791,636.806,SF-P3O,Hopper-v4,0
600904,reward,5293,736.4805564109442,645.104,SF-P3O,Hopper-v4,0
601110,reward,5294,647.6076505044722,628.863,SF-P3O,Hopper-v4,0
601297,reward,5295,592.9037720231385,632.654,SF-P3O,Hopper-v4,0
601493,reward,5296,565.8645287756649,627.623,SF-P3O,Hopper-v4,0
601701,reward,5297,623.5300363706136,636.652,SF-P3O,Hopper-v4,0
601939,reward,5298,785.6987744305915,654.443,SF-P3O,Hopper-v4,0
602125,reward,5299,599.0641991953646,659.526,SF-P3O,Hopper-v4,0
602334,reward,5300,651.892095320772,642.805,SF-P3O,Hopper-v4,0
602494,reward,5301,441.8490094416487,627.604,SF-P3O,Hopper-v4,0
602683,reward,5302,560.4838630549541,620.537,SF-P3O,Hopper-v4,0
602873,reward,5303,610.4207279085696,607.931,SF-P3O,Hopper-v4,0
603079,reward,5304,657.9278742994254,608.963,SF-P3O,Hopper-v4,0
603272,reward,5305,588.0159442247931,608.475,SF-P3O,Hopper-v4,0
603467,reward,5306,600.6944882697505,611.958,SF-P3O,Hopper-v4,0
603705,reward,5307,786.2904666026623,628.234,SF-P3O,Hopper-v4,0
603900,reward,5308,580.7112161669332,607.735,SF-P3O,Hopper-v4,0
604102,reward,5309,636.2351237268489,611.452,SF-P3O,Hopper-v4,0
604299,reward,5310,621.1687153060445,608.38,SF-P3O,Hopper-v4,0
604495,reward,5311,660.4931496750968,630.244,SF-P3O,Hopper-v4,0
604696,reward,5312,594.6981529859394,633.666,SF-P3O,Hopper-v4,0
604876,reward,5313,591.9093493145416,631.814,SF-P3O,Hopper-v4,0
605068,reward,5314,618.9178142641497,627.913,SF-P3O,Hopper-v4,0
605272,reward,5315,606.223170961987,629.734,SF-P3O,Hopper-v4,0
605434,reward,5316,507.90961322070444,620.456,SF-P3O,Hopper-v4,0
605655,reward,5317,708.8294148714918,612.71,SF-P3O,Hopper-v4,0
605877,reward,5318,707.2318764293611,625.362,SF-P3O,Hopper-v4,0
606138,reward,5319,816.0816116243975,643.346,SF-P3O,Hopper-v4,0
606208,loss,0.04515679553151131,0.9371537566184998,SF-P3O,Hopper-v4,0
606208,diagnostics,0.0,61.46,46.1517,0.066472,0.947421,0.1046,0.170743,SF-P3O,Hopper-v4,0
606343,reward,5320,653.5316194582133,646.583,SF-P3O,Hopper-v4,0
606528,reward,5321,592.7398716015501,639.807,SF-P3O,Hopper-v4,0
606726,reward,5322,623.9304211359423,642.73,SF-P3O,Hopper-v4,0
606915,reward,5323,643.4523807167863,647.885,SF-P3O,Hopper-v4,0
607095,reward,5324,621.4310158386153,648.136,SF-P3O,Hopper-v4,0
607321,reward,5325,722.1347956672481,659.727,SF-P3O,Hopper-v4,0
607506,reward,5326,607.1004662581906,669.646,SF-P3O,Hopper-v4,0
607687,reward,5327,617.5221137045413,660.516,SF-P3O,Hopper-v4,0
607870,reward,5328,622.9769961543798,652.09,SF-P3O,Hopper-v4,0
608061,reward,5329,634.9185574487191,633.974,SF-P3O,Hopper-v4,0
608262,reward,5330,671.2425568888799,635.745,SF-P3O,Hopper-v4,0
608456,reward,5331,629.1645554300678,639.387,SF-P3O,Hopper-v4,0
608659,reward,5332,630.6574210800966,640.06,SF-P3O,Hopper-v4,0
608798,reward,5333,407.05842111903183,616.421,SF-P3O,Hopper-v4,0
608987,reward,5334,605.715053333617,614.849,SF-P3O,Hopper-v4,0
609182,reward,5335,612.8394499603197,603.92,SF-P3O,Hopper-v4,0
609386,reward,5336,644.5885173122975,607.668,SF-P3O,Hopper-v4,0
609584,reward,5337,645.3743787696255,610.454,SF-P3O,Hopper-v4,0
609746,reward,5338,527.1157588071713,600.867,SF-P3O,Hopper-v4,0
609916,reward,5339,576.7510141382206,595.051,SF-P3O,Hopper-v4,0
610000,speed,579.16,17.0,SF-P3O,Hopper-v4,0
610001,spectral,0.066472,0.947421,0.1046,SF-P3O,Hopper-v4,0
610067,reward,5340,461.0793286967974,574.034,SF-P3O,Hopper-v4,0
610246,reward,5341,596.7939683305043,570.797,SF-P3O,Hopper-v4,0
610445,reward,5342,631.2873639286978,570.86,SF-P3O,Hopper-v4,0
610644,reward,5343,647.249845186123,594.879,SF-P3O,Hopper-v4,0
610810,reward,5344,532.8497888772588,587.593,SF-P3O,Hopper-v4,0
610979,reward,5345,570.8423946163998,583.393,SF-P3O,Hopper-v4,0
611174,reward,5346,638.4832562839706,582.783,SF-P3O,Hopper-v4,0
611377,reward,5347,651.2475607498716,583.37,SF-P3O,Hopper-v4,0
611564,reward,5348,586.4692233614483,589.305,SF-P3O,Hopper-v4,0
611724,reward,5349,527.1292219231289,584.343,SF-P3O,Hopper-v4,0
611902,reward,5350,584.9682026870373,596.732,SF-P3O,Hopper-v4,0
612123,reward,5351,720.9775815514816,609.15,SF-P3O,Hopper-v4,0
612367,reward,5352,806.392106558739,626.661,SF-P3O,Hopper-v4,0
612551,reward,5353,614.5582566182072,623.392,SF-P3O,Hopper-v4,0
612746,reward,5354,614.5825197469389,631.565,SF-P3O,Hopper-v4,0
612942,reward,5355,647.2891147652044,639.21,SF-P3O,Hopper-v4,0
613131,reward,5356,642.3356493571843,639.595,SF-P3O,Hopper-v4,0
613298,reward,5357,552.2077698295267,629.691,SF-P3O,Hopper-v4,0
613486,reward,5358,619.0414305640925,632.948,SF-P3O,Hopper-v4,0
613678,reward,5359,612.7531199831911,641.511,SF-P3O,Hopper-v4,0
613915,reward,5360,769.7737267181925,659.991,SF-P3O,Hopper-v4,0
614070,reward,5361,487.05593368810327,636.599,SF-P3O,Hopper-v4,0
614251,reward,5362,592.7572810638424,615.235,SF-P3O,Hopper-v4,0
614400,loss,-0.029329106211662292,0.7563050389289856,SF-P3O,Hopper-v4,0
614433,reward,5363,602.0990916531388,613.99,SF-P3O,Hopper-v4,0
614610,reward,5364,594.0727679337081,611.939,SF-P3O,Hopper-v4,0
614791,reward,5365,598.5205550382732,607.062,SF-P3O,Hopper-v4,0
614990,reward,5366,672.6132330558297,610.089,SF-P3O,Hopper-v4,0
615198,reward,5367,649.7365133622642,619.842,SF-P3O,Hopper-v4,0
615365,reward,5368,517.7549084271814,609.714,SF-P3O,Hopper-v4,0
615541,reward,5369,589.4521356684699,607.384,SF-P3O,Hopper-v4,0
615708,reward,5370,521.734222587809,582.58,SF-P3O,Hopper-v4,0
615907,reward,5371,658.0141586915294,599.675,SF-P3O,Hopper-v4,0
616097,reward,5372,658.3685946714033,606.237,SF-P3O,Hopper-v4,0
616291,reward,5373,608.9190606942025,606.919,SF-P3O,Hopper-v4,0
616478,reward,5374,623.7833755564317,609.89,SF-P3O,Hopper-v4,0
616645,reward,5375,537.1331696075429,603.751,SF-P3O,Hopper-v4,0
616832,reward,5376,627.386254221884,599.228,SF-P3O,Hopper-v4,0
617007,reward,5377,595.8704180924962,593.842,SF-P3O,Hopper-v4,0
617180,reward,5378,590.8849229515513,601.155,SF-P3O,Hopper-v4,0
617406,reward,5379,748.0618694764087,617.016,SF-P3O,Hopper-v4,0
617590,reward,5380,613.1392184842733,626.156,SF-P3O,Hopper-v4,0
617772,reward,5381,618.3848904797111,622.193,SF-P3O,Hopper-v4,0
617960,reward,5382,640.5061884754274,620.407,SF-P3O,Hopper-v4,0
618147,reward,5383,632.0293131627391,622.718,SF-P3O,Hopper-v4,0
618334,reward,5384,605.4854743125171,620.888,SF-P3O,Hopper-v4,0
618521,reward,5385,639.1132430862918,631.086,SF-P3O,Hopper-v4,0
618694,reward,5386,551.9347446706294,623.541,SF-P3O,Hopper-v4,0
618871,reward,5387,559.6440620929083,619.918,SF-P3O,Hopper-v4,0
619052,reward,5388,596.6519536156154,620.495,SF-P3O,Hopper-v4,0
619238,reward,5389,590.4235245218998,604.731,SF-P3O,Hopper-v4,0
619453,reward,5390,679.7369882397687,611.391,SF-P3O,Hopper-v4,0
619642,reward,5391,646.4024416478426,614.193,SF-P3O,Hopper-v4,0
619843,reward,5392,664.5000482416823,616.592,SF-P3O,Hopper-v4,0
620000,speed,602.69,17.27,SF-P3O,Hopper-v4,0
620001,spectral,0.066843,0.948139,0.1072,SF-P3O,Hopper-v4,0
620061,reward,5393,716.0448874288714,624.994,SF-P3O,Hopper-v4,0
620253,reward,5394,633.3921724611752,627.784,SF-P3O,Hopper-v4,0
620437,reward,5395,598.2435447184714,623.697,SF-P3O,Hopper-v4,0
620632,reward,5396,655.885626999359,634.093,SF-P3O,Hopper-v4,0
620811,reward,5397,605.9071150749804,638.719,SF-P3O,Hopper-v4,0
621046,reward,5398,778.714272726119,656.925,SF-P3O,Hopper-v4,0
621224,reward,5399,594.1647249301142,657.299,SF-P3O,Hopper-v4,0
621418,reward,5400,644.7327713261903,653.799,SF-P3O,Hopper-v4,0
621622,reward,5401,631.6397850951984,652.322,SF-P3O,Hopper-v4,0
621817,reward,5402,648.9592692715111,650.768,SF-P3O,Hopper-v4,0
621974,reward,5403,510.53106604824666,630.217,SF-P3O,Hopper-v4,0
622166,reward,5404,663.6348253644517,633.241,SF-P3O,Hopper-v4,0
622345,reward,5405,591.6902044797782,632.586,SF-P3O,Hopper-v4,0
622528,reward,5406,592.5171998435176,626.249,SF-P3O,Hopper-v4,0
622592,loss,-0.06063319742679596,0.4496384263038635,SF-P3O,Hopper-v4,0
622592,diagnostics,0.0,61.62,35.8958,0.067137,0.948059,0.1125,0.171803,SF-P3O,Hopper-v4,0
622721,reward,5407,621.4946098431343,627.808,SF-P3O,Hopper-v4,0
622907,reward,5408,617.3257314737137,611.669,SF-P3O,Hopper-v4,0
623084,reward,5409,607.166149008537,612.969,SF-P3O,Hopper-v4,0
623276,reward,5410,648.2423139699861,613.32,SF-P3O,Hopper-v4,0
623456,reward,5411,611.0477312342041,611.261,SF-P3O,Hopper-v4,0
623636,reward,5412,597.0373361637072,606.069,SF-P3O,Hopper-v4,0
623818,reward,5413,612.6850249745904,616.284,SF-P3O,Hopper-v4,0
623998,reward,5414,605.4680002540757,610.467,SF-P3O,Hopper-v4,0
624168,reward,5415,552.0962365420619,606.508,SF-P3O,Hopper-v4,0
624365,reward,5416,634.5058595907124,610.707,SF-P3O,Hopper-v4,0
624499,reward,5417,363.89075812485453,584.947,SF-P3O,Hopper-v4,0
624679,reward,5418,601.1370855013217,583.328,SF-P3O,Hopper-v4,0
624867,reward,5419,639.6186500308414,586.573,SF-P3O,Hopper-v4,0
625061,reward,5420,632.1683955461922,584.966,SF-P3O,Hopper-v4,0
625245,reward,5421,615.8697235325216,585.448,SF-P3O,Hopper-v4,0
625426,reward,5422,600.9552220763676,585.839,SF-P3O,Hopper-v4,0
625625,reward,5423,653.1707972076797,589.888,SF-P3O,Hopper-v4,0
625811,reward,5424,594.4274524636584,588.784,SF-P3O,Hopper-v4,0
625998,reward,5425,620.5648261477612,595.631,SF-P3O,Hopper-v4,0
626166,reward,5426,543.8422862067691,586.565,SF-P3O,Hopper-v4,0
626349,reward,5427,605.8334937734606,610.759,SF-P3O,Hopper-v4,0
626550,reward,5428,638.6279823566413,614.508,SF-P3O,Hopper-v4,0
626714,reward,5429,542.803901324739,604.826,SF-P3O,Hopper-v4,0
626907,reward,5430,641.2186941964683,605.731,SF-P3O,Hopper-v4,0
627093,reward,5431,631.4682340662675,607.291,SF-P3O,Hopper-v4,0
627229,reward,5432,392.6417461213873,586.46,SF-P3O,Hopper-v4,0
627426,reward,5433,634.3717763738131,584.58,SF-P3O,Hopper-v4,0
627619,reward,5434,653.6945541272455,590.507,SF-P3O,Hopper-v4,0
627781,reward,5435,527.5112100529307,581.201,SF-P3O,Hopper-v4,0
627976,reward,5436,662.9207284442722,593.109,SF-P3O,Hopper-v4,0
628134,reward,5437,506.07410432926577,583.133,SF-P3O,Hopper-v4,0
628302,reward,5438,558.0217749595303,575.073,SF-P3O,Hopper-v4,0
628473,reward,5439,569.3806754311922,577.73,SF-P3O,Hopper-v4,0
628676,reward,5440,636.7636836643958,577.285,SF-P3O,Hopper-v4,0
628862,reward,5441,638.2173274290311,577.96,SF-P3O,Hopper-v4,0
629031,reward,5442,567.9240057656216,595.488,SF-P3O,Hopper-v4,0
629179,reward,5443,459.91176108578657,578.042,SF-P3O,Hopper-v4,0
629357,reward,5444,592.8165520005209,571.954,SF-P3O,Hopper-v4,0
629494,reward,5445,394.38896096468176,558.642,SF-P3O,Hopper-v4,0
629663,reward,5446,553.8192292537208,547.732,SF-P3O,Hopper-v4,0
629856,reward,5447,638.6892826845602,560.993,SF-P3O,Hopper-v4,0
630000,speed,604.77,17.55,SF-P3O,Hopper-v4,0
630001,perturb,0.067137,0.948059,0.1125,319,452,0.0,6,SF-P3O,Hopper-v4,0
630066,reward,5448,666.2830629619879,571.819,SF-P3O,Hopper-v4,0
630240,reward,5449,574.3349404076255,572.315,SF-P3O,Hopper-v4,0
630420,reward,5450,596.8584554753427,568.324,SF-P3O,Hopper-v4,0
630609,reward,5451,642.6021923247259,568.763,SF-P3O,Hopper-v4,0
630772,reward,5452,542.9070864240277,566.261,SF-P3O,Hopper-v4,0
630784,loss,-0.009801208972930908,1.3231620788574219,SF-P3O,Hopper-v4,0
630946,reward,5453,591.0774385016501,579.378,SF-P3O,Hopper-v4,0
631132,reward,5454,630.0663958444618,583.103,SF-P3O,Hopper-v4,0
631325,reward,5455,666.6767689809702,610.331,SF-P3O,Hopper-v4,0
631509,reward,5456,626.6572350899934,617.615,SF-P3O,Hopper-v4,0
631703,reward,5457,647.210049013742,618.467,SF-P3O,Hopper-v4,0
631885,reward,5458,619.5869967858449,613.798,SF-P3O,Hopper-v4,0
632072,reward,5459,632.0383287560257,619.568,SF-P3O,Hopper-v4,0
632257,reward,5460,622.1081339484728,622.093,SF-P3O,Hopper-v4,0
632442,reward,5461,603.4647015297915,618.179,SF-P3O,Hopper-v4,0
632590,reward,5462,449.85184205336526,608.874,SF-P3O,Hopper-v4,0
632773,reward,5463,618.7148250187158,611.638,SF-P3O,Hopper-v4,0
632941,reward,5464,564.1963102169937,605.051,SF-P3O,Hopper-v4,0
633122,reward,5465,599.4406164693801,598.327,SF-P3O,Hopper-v4,0
633293,reward,5466,575.6876746858319,593.23,SF-P3O,Hopper-v4,0
633496,reward,5467,696.8265215257095,598.192,SF-P3O,Hopper-v4,0
633687,reward,5468,620.8762787812492,598.321,SF-P3O,Hopper-v4,0
633879,reward,5469,628.4684921292813,597.964,SF-P3O,Hopper-v4,0
634053,reward,5470,569.5270120731867,592.705,SF-P3O,Hopper-v4,0
634239,reward,5471,626.0880669934287,594.968,SF-P3O,Hopper-v4,0
634454,reward,5472,691.2366269088469,619.106,SF-P3O,Hopper-v4,0
634640,reward,5473,641.1338457909524,621.348,SF-P3O,Hopper-v4,0
634834,reward,5474,642.3950389108383,629.168,SF-P3O,Hopper-v4,0
635029,reward,5475,649.7380097403245,634.198,SF-P3O,Hopper-v4,0
635209,reward,5476,616.3388989668242,638.263,SF-P3O,Hopper-v4,0
635379,reward,5477,548.8272180891262,623.463,SF-P3O,Hopper-v4,0
635571,reward,5478,644.6557454725394,625.841,SF-P3O,Hopper-v4,0
635765,reward,5479,643.3481870304245,627.329,SF-P3O,Hopper-v4,0
635927,reward,5480,504.33811704770227,620.81,SF-P3O,Hopper-v4,0
636127,reward,5481,668.9834416692364,625.1,SF-P3O,Hopper-v4,0
636306,reward,5482,587.163965960986,614.692,SF-P3O,Hopper-v4,0
636489,reward,5483,614.8018454302867,612.059,SF-P3O,Hopper-v4,0
636680,reward,5484,634.2386321263534,611.243,SF-P3O,Hopper-v4,0
636870,reward,5485,622.7976372769012,608.549,SF-P3O,Hopper-v4,0
637033,reward,5486,542.3848456554745,601.154,SF-P3O,Hopper-v4,0
637223,reward,5487,637.7902273017218,610.05,SF-P3O,Hopper-v4,0
637413,reward,5488,648.80242802901,610.465,SF-P3O,Hopper-v4,0
637584,reward,5489,573.3756791542439,603.468,SF-P3O,Hopper-v4,0
637774,reward,5490,625.2326252101553,615.557,SF-P3O,Hopper-v4,0
637937,reward,5491,529.4719824609404,601.606,SF-P3O,Hopper-v4,0
638112,reward,5492,563.7623845472416,599.266,SF-P3O,Hopper-v4,0
638247,reward,5493,395.037376956053,577.289,SF-P3O,Hopper-v4,0
638435,reward,5494,648.4524642848836,578.711,SF-P3O,Hopper-v4,0
638602,reward,5495,554.350586368416,571.866,SF-P3O,Hopper-v4,0
638781,reward,5496,606.5720764781322,578.285,SF-P3O,Hopper-v4,0
638937,reward,5497,507.5529817084793,565.261,SF-P3O,Hopper-v4,0
638976,loss,-0.10983815789222717,0.5586063861846924,SF-P3O,Hopper-v4,0
638976,diagnostics,0.0,61.8,44.919,0.068225,0.947965,0.1154,0.180218,SF-P3O,Hopper-v4,0
639096,reward,5498,514.7784498191455,551.859,SF-P3O,Hopper-v4,0
639290,reward,5499,627.870369623629,557.308,SF-P3O,Hopper-v4,0
639458,reward,5500,541.397819613286,548.925,SF-P3O,Hopper-v4,0
639644,reward,5501,604.8643160152117,556.464,SF-P3O,Hopper-v4,0
639834,reward,5502,641.0662243712602,564.194,SF-P3O,Hopper-v4,0
640000,speed,415.05,17.95,SF-P3O,Hopper-v4,0
640001,spectral,0.068225,0.947965,0.1154,SF-P3O,Hopper-v4,0
640035,reward,5503,612.9156095944163,585.982,SF-P3O,Hopper-v4,0
640228,reward,5504,619.5525464439391,583.092,SF-P3O,Hopper-v4,0
640428,reward,5505,632.6201364361583,590.919,SF-P3O,Hopper-v4,0
640638,reward,5506,672.6341055028463,597.525,SF-P3O,Hopper-v4,0
640822,reward,5507,603.1117817444048,607.081,SF-P3O,Hopper-v4,0
640999,reward,5508,605.2175391161352,616.125,SF-P3O,Hopper-v4,0
641192,reward,5509,668.7439094271883,620.212,SF-P3O,Hopper-v4,0
641377,reward,5510,618.5799128897157,627.931,SF-P3O,Hopper-v4,0
641550,reward,5511,579.8485069806711,625.429,SF-P3O,Hopper-v4,0
641724,reward,5512,565.9151188399951,617.914,SF-P3O,Hopper-v4,0
641893,reward,5513,568.165643341662,613.439,SF-P3O,Hopper-v4,0
642083,reward,5514,617.8097194736449,613.265,SF-P3O,Hopper-v4,0
642270,reward,5515,648.2839943665747,614.831,SF-P3O,Hopper-v4,0
642463,reward,5516,646.1338283785548,612.181,SF-P3O,Hopper-v4,0
642641,reward,5517,610.9588600192661,612.966,SF-P3O,Hopper-v4,0
642841,reward,5518,639.5917110142251,616.403,SF-P3O,Hopper-v4,0
643031,reward,5519,648.6079758184876,614.39,SF-P3O,Hopper-v4,0
643206,reward,5520,579.4555933572659,610.477,SF-P3O,Hopper-v4,0
643391,reward,5521,602.6796305528966,612.76,SF-P3O,Hopper-v4,0
643584,reward,5522,667.5613951648812,622.925,SF-P3O,Hopper-v4,0
643776,reward,5523,657.6813428905996,631.876,SF-P3O,Hopper-v4,0
643965,reward,5524,624.6166801173093,632.557,SF-P3O,Hopper-v4,0
644142,reward,5525,612.4468814618465,628.973,SF-P3O,Hopper-v4,0
644366,reward,5526,730.1629008360725,637.376,SF-P3O,Hopper-v4,0
644501,reward,5527,389.93324915795654,615.274,SF-P3O,Hopper-v4,0
644706,reward,5528,669.2393731982191,618.239,SF-P3O,Hopper-v4,0
644907,reward,5529,658.4322872025634,619.221,SF-P3O,Hopper-v4,0
645106,reward,5530,629.9071911478422,624.266,SF-P3O,Hopper-v4,0
645293,reward,5531,602.1095179959401,624.209,SF-P3O,Hopper-v4,0
645484,reward,5532,617.4803086445788,619.201,SF-P3O,Hopper-v4,0
645660,reward,5533,585.7282801481857,612.006,SF-P3O,Hopper-v4,0
645851,reward,5534,646.2935943102398,614.173,SF-P3O,Hopper-v4,0
646046,reward,5535,653.612101156032,618.29,SF-P3O,Hopper-v4,0
646232,reward,5536,615.3102719232769,606.805,SF-P3O,Hopper-v4,0
646411,reward,5537,612.7315413069316,629.084,SF-P3O,Hopper-v4,0
646581,reward,5538,573.6523318507524,619.526,SF-P3O,Hopper-v4,0
646778,reward,5539,674.0256055971694,621.085,SF-P3O,Hopper-v4,0
646950,reward,5540,554.6959402920183,613.564,SF-P3O,Hopper-v4,0
647128,reward,5541,598.1653862948749,613.17,SF-P3O,Hopper-v4,0
647168,loss,0.043626993894577026,0.9805572032928467,SF-P3O,Hopper-v4,0
647306,reward,5542,582.5488764723486,609.676,SF-P3O,Hopper-v4,0
647490,reward,5543,609.0809616658019,612.012,SF-P3O,Hopper-v4,0
647685,reward,5544,640.8799704313668,611.47,SF-P3O,Hopper-v4,0
647868,reward,5545,598.9799996099468,606.007,SF-P3O,Hopper-v4,0
648058,reward,5546,596.221487852668,604.098,SF-P3O,Hopper-v4,0
648258,reward,5547,643.3999391970609,607.165,SF-P3O,Hopper-v4,0
648439,reward,5548,615.756196395439,611.375,SF-P3O,Hopper-v4,0
648631,reward,5549,622.5135733497207,606.224,SF-P3O,Hopper-v4,0
648832,reward,5550,674.0034192254839,618.155,SF-P3O,Hopper-v4,0
649022,reward,5551,635.3198289672795,621.87,SF-P3O,Hopper-v4,0
649215,reward,5552,646.8139091579621,628.297,SF-P3O,Hopper-v4,0
649393,reward,5553,573.392731828704,624.728,SF-P3O,Hopper-v4,0
649594,reward,5554,638.4287662446883,624.483,SF-P3O,Hopper-v4,0
649771,reward,5555,598.9732636751962,624.482,SF-P3O,Hopper-v4,0
649970,reward,5556,637.0797723953992,628.568,SF-P3O,Hopper-v4,0
650000,speed,613.9,18.22,SF-P3O,Hopper-v4,0
650001,spectral,0.068619,0.948063,0.1246,SF-P3O,Hopper-v4,0
650174,reward,5557,656.7010294782158,629.898,SF-P3O,Hopper-v4,0
650357,reward,5558,581.3639389985648,626.459,SF-P3O,Hopper-v4,0
650551,reward,5559,612.149282573634,625.423,SF-P3O,Hopper-v4,0
650733,reward,5560,610.6077238808577,619.083,SF-P3O,Hopper-v4,0
650919,reward,5561,612.5249131934398,616.804,SF-P3O,Hopper-v4,0
651091,reward,5562,590.0075773383518,611.123,SF-P3O,Hopper-v4,0
651273,reward,5563,599.5079330042779,613.734,SF-P3O,Hopper-v4,0
651448,reward,5564,579.4334948159128,607.835,SF-P3O,Hopper-v4,0
651628,reward,5565,604.8008665965698,608.418,SF-P3O,Hopper-v4,0
651805,reward,5566,598.6420671214032,604.574,SF-P3O,Hopper-v4,0
651994,reward,5567,639.0404984179195,602.808,SF-P3O,Hopper-v4,0
652196,reward,5568,656.0178900295634,610.273,SF-P3O,Hopper-v4,0
652379,reward,5569,599.1588982337964,608.974,SF-P3O,Hopper-v4,0
652561,reward,5570,566.6465719607583,604.578,SF-P3O,Hopper-v4,0
652749,reward,5571,644.6388192539894,607.789,SF-P3O,Hopper-v4,0
652936,reward,5572,635.1699203204263,612.306,SF-P3O,Hopper-v4,0
653123,reward,5573,626.1632969006158,614.971,SF-P3O,Hopper-v4,0
653313,reward,5574,618.0067202192602,618.829,SF-P3O,Hopper-v4,0
653510,reward,5575,660.4617503682307,624.395,SF-P3O,Hopper-v4,0
653698,reward,5576,651.3701015942039,629.667,SF-P3O,Hopper-v4,0
653868,reward,5577,551.9925128489919,620.963,SF-P3O,Hopper-v4,0
654056,reward,5578,614.9099229158758,616.852,SF-P3O,Hopper-v4,0
654251,reward,5579,636.438495650732,620.58,SF-P3O,Hopper-v4,0
654446,reward,5580,637.4821819313164,627.663,SF-P3O,Hopper-v4,0
654640,reward,5581,640.9332114220653,627.293,SF-P3O,Hopper-v4,0
654824,reward,5582,625.9697132683744,626.373,SF-P3O,Hopper-v4,0
655016,reward,5583,631.9230590556095,626.949,SF-P3O,Hopper-v4,0
655212,reward,5584,654.6725709141409,630.615,SF-P3O,Hopper-v4,0
655360,loss,-0.1693739891052246,0.46333447098731995,SF-P3O,Hopper-v4,0
655360,diagnostics,0.0,62.0,31.7928,0.069037,0.94806,0.1219,0.175405,SF-P3O,Hopper-v4,0
655387,reward,5585,582.982012375516,622.867,SF-P3O,Hopper-v4,0
655587,reward,5586,619.9099487978525,619.721,SF-P3O,Hopper-v4,0
655782,reward,5587,651.471155913208,629.669,SF-P3O,Hopper-v4,0
655971,reward,5588,649.0528625206482,633.084,SF-P3O,Hopper-v4,0
656153,reward,5589,599.0909328395577,629.349,SF-P3O,Hopper-v4,0
656329,reward,5590,556.731069836047,621.274,SF-P3O,Hopper-v4,0
656521,reward,5591,619.8617708978215,619.167,SF-P3O,Hopper-v4,0
656712,reward,5592,634.0357214221725,619.973,SF-P3O,Hopper-v4,0
656907,reward,5593,655.1208641934788,622.293,SF-P3O,Hopper-v4,0
657094,reward,5594,630.3390255170146,619.86,SF-P3O,Hopper-v4,0
657271,reward,5595,594.9663325042505,621.058,SF-P3O,Hopper-v4,0
657467,reward,5596,637.8613777230105,622.853,SF-P3O,Hopper-v4,0
657666,reward,5597,662.1420735792138,623.92,SF-P3O,Hopper-v4,0
657799,reward,5598,350.3788693859395,594.053,SF-P3O,Hopper-v4,0
657987,reward,5599,636.054366389632,597.749,SF-P3O,Hopper-v4,0
658155,reward,5600,541.4366620533967,596.22,SF-P3O,Hopper-v4,0
658342,reward,5601,563.608275881756,590.594,SF-P3O,Hopper-v4,0
658522,reward,5602,598.1586180595573,587.007,SF-P3O,Hopper-v4,0
658718,reward,5603,649.8968592209251,586.484,SF-P3O,Hopper-v4,0
658911,reward,5604,653.3616215486621,588.787,SF-P3O,Hopper-v4,0
659046,reward,5605,378.6247246132526,567.152,SF-P3O,Hopper-v4,0
659237,reward,5606,626.6692779906765,566.033,SF-P3O,Hopper-v4,0
659416,reward,5607,600.9642199555842,559.915,SF-P3O,Hopper-v4,0
659605,reward,5608,637.2676667309458,588.604,SF-P3O,Hopper-v4,0
659801,reward,5609,639.6343178866825,588.962,SF-P3O,Hopper-v4,0
659983,reward,5610,614.5407897712323,596.273,SF-P3O,Hopper-v4,0
660000,speed,588.1,18.5,SF-P3O,Hopper-v4,0
660001,spectral,0.069037,0.94806,0.1219,SF-P3O,Hopper-v4,0
660166,reward,5611,635.7818486367438,603.49,SF-P3O,Hopper-v4,0
660368,reward,5612,631.4675259043519,606.821,SF-P3O,Hopper-v4,0
660546,reward,5613,591.6212937232344,600.993,SF-P3O,Hopper-v4,0
660715,reward,5614,569.2571783995273,592.583,SF-P3O,Hopper-v4,0
660895,reward,5615,605.6888697609439,615.289,SF-P3O,Hopper-v4,0
661091,reward,5616,642.3075964441412,616.853,SF-P3O,Hopper-v4,0
661275,reward,5617,627.3876801508493,619.495,SF-P3O,Hopper-v4,0
661456,reward,5618,570.1920254203033,612.788,SF-P3O,Hopper-v4,0
661644,reward,5619,621.4063271604857,610.965,SF-P3O,Hopper-v4,0
661867,reward,5620,734.7075882861116,622.982,SF-P3O,Hopper-v4,0
662051,reward,5621,622.6114218454783,621.665,SF-P3O,Hopper-v4,0
662244,reward,5622,637.9330283377905,622.311,SF-P3O,Hopper-v4,0
662419,reward,5623,587.9839270188271,621.948,SF-P3O,Hopper-v4,0
662613,reward,5624,651.8579191165691,630.208,SF-P3O,Hopper-v4,0
662843,reward,5625,773.4622044475284,646.985,SF-P3O,Hopper-v4,0
663045,reward,5626,661.4024983990511,648.894,SF-P3O,Hopper-v4,0
663201,reward,5627,494.8147438130572,635.637,SF-P3O,Hopper-v4,0
663373,reward,5628,583.5117656363586,636.969,SF-P3O,Hopper-v4,0
663552,loss,-0.015720108523964882,0.624993622303009,SF-P3O,Hopper-v4,0
663571,reward,5629,657.1403129051359,640.543,SF-P3O,Hopper-v4,0
663764,reward,5630,668.9603774176014,633.968,SF-P3O,Hopper-v4,0
663955,reward,5631,638.38500609473,635.545,SF-P3O,Hopper-v4,0
664143,reward,5632,607.7723327409321,632.529,SF-P3O,Hopper-v4,0
664322,reward,5633,588.7934046399537,632.61,SF-P3O,Hopper-v4,0
664486,reward,5634,530.7794241525604,620.502,SF-P3O,Hopper-v4,0
664671,reward,5635,630.2263233569688,606.179,SF-P3O,Hopper-v4,0
664866,reward,5636,639.309260526838,603.969,SF-P3O,Hopper-v4,0
665048,reward,5637,612.8931775730861,615.777,SF-P3O,Hopper-v4,0
665224,reward,5638,585.549449022358,615.981,SF-P3O,Hopper-v4,0
665398,reward,5639,563.22763194659,606.59,SF-P3O,Hopper-v4,0
665590,reward,5640,647.0067678300554,604.394,SF-P3O,Hopper-v4,0
665770,reward,5641,591.0966642827406,599.665,SF-P3O,Hopper-v4,0
665933,reward,5642,538.8765260493838,592.776,SF-P3O,Hopper-v4,0
666130,reward,5643,685.5222488227287,602.449,SF-P3O,Hopper-v4,0
666332,reward,5644,680.7226425226352,617.443,SF-P3O,Hopper-v4,0
666527,reward,5645,652.6919280347039,619.69,SF-P3O,Hopper-v4,0
666733,reward,5646,664.5213801743175,622.211,SF-P3O,Hopper-v4,0
666924,reward,5647,651.8297672065313,626.105,SF-P3O,Hopper-v4,0
667109,reward,5648,626.8845016315295,630.238,SF-P3O,Hopper-v4,0
667282,reward,5649,563.5286712734468,630.268,SF-P3O,Hopper-v4,0
667480,reward,5650,655.0978274248026,631.077,SF-P3O,Hopper-v4,0
667652,reward,5651,571.9907396155596,629.167,SF-P3O,Hopper-v4,0
667833,reward,5652,604.8709174243468,635.766,SF-P3O,Hopper-v4,0
668015,reward,5653,634.0237258857048,630.616,SF-P3O,Hopper-v4,0
668209,reward,5654,652.193314638213,627.763,SF-P3O,Hopper-v4,0
668395,reward,5655,622.7106193861089,624.765,SF-P3O,Hopper-v4,0
668571,reward,5656,590.0399645996847,617.317,SF-P3O,Hopper-v4,0
668766,reward,5657,655.98271527441,617.732,SF-P3O,Hopper-v4,0
668965,reward,5658,655.6636902844506,620.61,SF-P3O,Hopper-v4,0
669148,reward,5659,627.5256496008017,627.01,SF-P3O,Hopper-v4,0
669350,reward,5660,655.9465363119151,627.095,SF-P3O,Hopper-v4,0
669545,reward,5661,615.1405449035346,631.41,SF-P3O,Hopper-v4,0
669731,reward,5662,592.7410923161725,630.197,SF-P3O,Hopper-v4,0
669929,reward,5663,655.839747557685,632.378,SF-P3O,Hopper-v4,0
670000,speed,627.71,18.77,SF-P3O,Hopper-v4,0
670001,spectral,0.0694,0.948024,0.1244,SF-P3O,Hopper-v4,0
670113,reward,5664,631.6484501250179,630.324,SF-P3O,Hopper-v4,0
670296,reward,5665,620.8139668591493,630.134,SF-P3O,Hopper-v4,0
670484,reward,5666,642.0013358993655,635.33,SF-P3O,Hopper-v4,0
670661,reward,5667,604.5674239436337,630.189,SF-P3O,Hopper-v4,0
670789,reward,5668,357.12904078056505,600.335,SF-P3O,Hopper-v4,0
670963,reward,5669,584.2485571452335,596.008,SF-P3O,Hopper-v4,0
671143,reward,5670,615.3331572768925,591.946,SF-P3O,Hopper-v4,0
671342,reward,5671,675.243412388137,597.957,SF-P3O,Hopper-v4,0
671519,reward,5672,544.592314490314,593.142,SF-P3O,Hopper-v4,0
671697,reward,5673,605.2734395643095,588.085,SF-P3O,Hopper-v4,0
671744,loss,-0.06508174538612366,0.7054203152656555,SF-P3O,Hopper-v4,0
671744,diagnostics,0.0,62.2,55.9025,0.069776,0.948305,0.116,0.168786,SF-P3O,Hopper-v4,0
671873,reward,5674,601.6681861927912,585.087,SF-P3O,Hopper-v4,0
672047,reward,5675,581.8742032540888,581.193,SF-P3O,Hopper-v4,0
672243,reward,5676,655.7658699965211,582.57,SF-P3O,Hopper-v4,0
672423,reward,5677,613.4703317310598,583.46,SF-P3O,Hopper-v4,0
672610,reward,5678,620.5360026566904,609.801,SF-P3O,Hopper-v4,0
672802,reward,5679,643.0072697411505,615.676,SF-P3O,Hopper-v4,0
672996,reward,5680,677.1056699729794,621.854,SF-P3O,Hopper-v4,0
673145,reward,5681,460.15149967595664,600.344,SF-P3O,Hopper-v4,0
673323,reward,5682,593.2003222686744,605.205,SF-P3O,Hopper-v4,0
673506,reward,5683,598.3795921864789,604.516,SF-P3O,Hopper-v4,0
673671,reward,5684,564.0145870618306,600.751,SF-P3O,Hopper-v4,0
673866,reward,5685,643.0067932302792,606.864,SF-P3O,Hopper-v4,0
674056,reward,5686,649.6856212100723,606.256,SF-P3O,Hopper-v4,0
674261,reward,5687,693.8940617097265,614.298,SF-P3O,Hopper-v4,0
674448,reward,5688,590.4072544773592,611.285,SF-P3O,Hopper-v4,0
674637,reward,5689,637.7980420763316,610.764,SF-P3O,Hopper-v4,0
674821,reward,5690,629.245912164021,605.978,SF-P3O,Hopper-v4,0
674984,reward,5691,528.4464065835372,612.808,SF-P3O,Hopper-v4,0
675178,reward,5692,664.0327617732443,619.891,SF-P3O,Hopper-v4,0
675327,reward,5693,454.76368184261656,605.53,SF-P3O,Hopper-v4,0
675514,reward,5694,640.7719697204251,613.205,SF-P3O,Hopper-v4,0
675710,reward,5695,671.2132323092865,616.026,SF-P3O,Hopper-v4,0
675879,reward,5696,548.2825410213984,605.886,SF-P3O,Hopper-v4,0
676075,reward,5697,635.1470695180923,600.011,SF-P3O,Hopper-v4,0
676238,reward,5698,536.7012805771384,594.64,SF-P3O,Hopper-v4,0
676429,reward,5699,656.9746466180793,596.558,SF-P3O,Hopper-v4,0
676612,reward,5700,637.3881117780658,597.372,SF-P3O,Hopper-v4,0
676806,reward,5701,648.5282626214794,609.38,SF-P3O,Hopper-v4,0
676995,reward,5702,632.68943664192,606.246,SF-P3O,Hopper-v4,0
677169,reward,5703,566.301461747584,617.4,SF-P3O,Hopper-v4,0
677363,reward,5704,664.0087202156436,619.723,SF-P3O,Hopper-v4,0
677566,reward,5705,699.7953942495506,622.582,SF-P3O,Hopper-v4,0
677725,reward,5706,513.8764620494844,619.141,SF-P3O,Hopper-v4,0
677899,reward,5707,582.0672027971249,613.833,SF-P3O,Hopper-v4,0
678072,reward,5708,579.5767171934541,618.121,SF-P3O,Hopper-v4,0
678223,reward,5709,472.7286686939696,599.696,SF-P3O,Hopper-v4,0
678442,reward,5710,704.394477074409,606.397,SF-P3O,Hopper-v4,0
678626,reward,5711,617.2602828045623,603.27,SF-P3O,Hopper-v4,0
678810,reward,5712,627.2269940149131,602.724,SF-P3O,Hopper-v4,0
678988,reward,5713,595.0505258879732,605.599,SF-P3O,Hopper-v4,0
679185,reward,5714,685.5272312620784,607.75,SF-P3O,Hopper-v4,0
679365,reward,5715,612.24263466082,598.995,SF-P3O,Hopper-v4,0
679558,reward,5716,620.2301903255518,609.63,SF-P3O,Hopper-v4,0
679748,reward,5717,652.3952407190654,616.663,SF-P3O,Hopper-v4,0
679927,reward,5718,592.1557262808003,617.921,SF-P3O,Hopper-v4,0
679936,loss,-0.05532722920179367,0.377827525138855,SF-P3O,Hopper-v4,0
680000,speed,489.58,19.11,SF-P3O,Hopper-v4,0
680001,perturb,0.069994,0.948365,0.117,65849,458,0.552873,7,SF-P3O,Hopper-v4,0
680121,reward,5719,630.2196081581149,633.67,SF-P3O,Hopper-v4,0
680326,reward,5720,667.6420384316444,629.995,SF-P3O,Hopper-v4,0
680525,reward,5721,670.7188296292272,635.341,SF-P3O,Hopper-v4,0
680708,reward,5722,609.1089564495032,633.529,SF-P3O,Hopper-v4,0
680894,reward,5723,625.3657075244903,636.561,SF-P3O,Hopper-v4,0
681068,reward,5724,580.7509155978255,626.083,SF-P3O,Hopper-v4,0
681262,reward,5725,660.3384883891476,630.893,SF-P3O,Hopper-v4,0
681445,reward,5726,600.0844019778767,628.878,SF-P3O,Hopper-v4,0
681634,reward,5727,645.5730650086335,628.196,SF-P3O,Hopper-v4,0
681824,reward,5728,644.6569820442949,633.446,SF-P3O,Hopper-v4,0
682018,reward,5729,663.5220026970454,636.776,SF-P3O,Hopper-v4,0
682206,reward,5730,633.4248512768432,633.354,SF-P3O,Hopper-v4,0
682392,reward,5731,643.7875947032572,630.661,SF-P3O,Hopper-v4,0
682573,reward,5732,587.377966164894,628.488,SF-P3O,Hopper-v4,0
682775,reward,5733,662.5807135240489,632.21,SF-P3O,Hopper-v4,0
682965,reward,5734,620.2359985371808,636.158,SF-P3O,Hopper-v4,0
683158,reward,5735,624.9235558615901,632.617,SF-P3O,Hopper-v4,0
683349,reward,5736,656.8213060477046,638.29,SF-P3O,Hopper-v4,0
683555,reward,5737,689.6456339677266,642.698,SF-P3O,Hopper-v4,0
683733,reward,5738,589.5606934888267,637.188,SF-P3O,Hopper-v4,0
683931,reward,5739,626.7722970912221,633.513,SF-P3O,Hopper-v4,0
684117,reward,5740,640.9883114361379,634.269,SF-P3O,Hopper-v4,0
684252,reward,5741,380.6128449382532,607.952,SF-P3O,Hopper-v4,0
684449,reward,5742,670.300626871277,616.244,SF-P3O,Hopper-v4,0
684611,reward,5743,525.0928081183464,602.495,SF-P3O,Hopper-v4,0
684811,reward,5744,666.0903547659732,607.081,SF-P3O,Hopper-v4,0
685005,reward,5745,668.7221359809669,611.461,SF-P3O,Hopper-v4,0
685174,reward,5746,553.7126358560753,601.15,SF-P3O,Hopper-v4,0
685354,reward,5747,622.6811746553551,594.453,SF-P3O,Hopper-v4,0
685575,reward,5748,733.1182053986644,608.809,SF-P3O,Hopper-v4,0
685770,reward,5749,668.9139459985115,613.023,SF-P3O,Hopper-v4,0
685952,reward,5750,615.3188283132451,610.456,SF-P3O,Hopper-v4,0
686142,reward,5751,644.8809060688816,636.883,SF-P3O,Hopper-v4,0
686336,reward,5752,638.916547315675,633.745,SF-P3O,Hopper-v4,0
686533,reward,5753,640.4750001557476,645.283,SF-P3O,Hopper-v4,0
686737,reward,5754,662.4157394469777,644.916,SF-P3O,Hopper-v4,0
686941,reward,5755,649.0997700304865,642.953,SF-P3O,Hopper-v4,0
687127,reward,5756,622.8947614519617,649.871,SF-P3O,Hopper-v4,0
687322,reward,5757,659.630568063019,653.566,SF-P3O,Hopper-v4,0
687488,reward,5758,532.6675317458282,633.521,SF-P3O,Hopper-v4,0
687666,reward,5759,598.8584251709785,626.516,SF-P3O,Hopper-v4,0
687850,reward,5760,618.8640044441186,626.87,SF-P3O,Hopper-v4,0
688041,reward,5761,659.0295814180165,628.285,SF-P3O,Hopper-v4,0
688128,loss,0.023143190890550613,0.4133993983268738,SF-P3O,Hopper-v4,0
688128,diagnostics,0.0,62.4,27.1513,0.068388,0.948522,0.1186,0.189954,SF-P3O,Hopper-v4,0
688238,reward,5762,656.6187158143856,630.055,SF-P3O,Hopper-v4,0
688443,reward,5763,677.2884089426705,633.737,SF-P3O,Hopper-v4,0
688634,reward,5764,625.401842888996,630.035,SF-P3O,Hopper-v4,0
688837,reward,5765,664.6548318757091,631.591,SF-P3O,Hopper-v4,0
689030,reward,5766,650.7586951740009,634.377,SF-P3O,Hopper-v4,0
689228,reward,5767,665.4874839224682,634.963,SF-P3O,Hopper-v4,0
689398,reward,5768,552.1715741006426,636.913,SF-P3O,Hopper-v4,0
689573,reward,5769,598.3123236472038,636.859,SF-P3O,Hopper-v4,0
689750,reward,5770,584.3550679466667,633.408,SF-P3O,Hopper-v4,0
689933,reward,5771,631.1617606323799,630.621,SF-P3O,Hopper-v4,0
690000,speed,840.1,19.31,SF-P3O,Hopper-v4,0
690001,spectral,0.068388,0.948522,0.1186,SF-P3O,Hopper-v4,0
690114,reward,5772,604.057036697446,625.365,SF-P3O,Hopper-v4,0
690320,reward,5773,673.8405542163308,625.02,SF-P3O,Hopper-v4,0
690502,reward,5774,599.8703956736983,622.467,SF-P3O,Hopper-v4,0
690695,reward,5775,662.362233645571,622.238,SF-P3O,Hopper-v4,0
690887,reward,5776,638.7393621347792,621.036,SF-P3O,Hopper-v4,0
691082,reward,5777,647.7237366662561,619.259,SF-P3O,Hopper-v4,0
691273,reward,5778,624.9878322721204,626.541,SF-P3O,Hopper-v4,0
691450,reward,5779,611.7437840164471,627.884,SF-P3O,Hopper-v4,0
691637,reward,5780,638.0122708682859,633.25,SF-P3O,Hopper-v4,0
691801,reward,5781,526.7686658530706,622.811,SF-P3O,Hopper-v4,0
692000,reward,5782,679.7379746027942,630.379,SF-P3O,Hopper-v4,0
692181,reward,5783,609.0389005789879,623.899,SF-P3O,Hopper-v4,0
692361,reward,5784,617.1054246608711,625.622,SF-P3O,Hopper-v4,0
692547,reward,5785,612.0419417990588,620.59,SF-P3O,Hopper-v4,0
692738,reward,5786,656.8077451494449,622.397,SF-P3O,Hopper-v4,0
692926,reward,5787,635.075247056256,621.132,SF-P3O,Hopper-v4,0
693118,reward,5788,635.3521751007451,622.168,SF-P3O,Hopper-v4,0
693324,reward,5789,683.7331422019616,629.367,SF-P3O,Hopper-v4,0
693509,reward,5790,633.5764889402161,628.924,SF-P3O,Hopper-v4,0
693681,reward,5791,582.9019724601983,634.537,SF-P3O,Hopper-v4,0
693871,reward,5792,631.5044227404834,629.714,SF-P3O,Hopper-v4,0
694049,reward,5793,609.4743832653385,629.757,SF-P3O,Hopper-v4,0
694242,reward,5794,641.0553928950687,632.152,SF-P3O,Hopper-v4,0
694437,reward,5795,642.3494069160483,635.183,SF-P3O,Hopper-v4,0
694623,reward,5796,642.5367436507246,633.756,SF-P3O,Hopper-v4,0
694823,reward,5797,654.6744310150677,635.716,SF-P3O,Hopper-v4,0
695015,reward,5798,629.1179141602809,635.092,SF-P3O,Hopper-v4,0
695198,reward,5799,608.438000577903,627.563,SF-P3O,Hopper-v4,0
695389,reward,5800,637.1755544497684,627.923,SF-P3O,Hopper-v4,0
695582,reward,5801,673.6454619046832,636.997,SF-P3O,Hopper-v4,0
695768,reward,5802,636.9721490454966,637.544,SF-P3O,Hopper-v4,0
695964,reward,5803,662.0306228572018,642.8,SF-P3O,Hopper-v4,0
696152,reward,5804,640.7703912532619,642.771,SF-P3O,Hopper-v4,0
696320,loss,0.02774445340037346,1.5889543294906616,SF-P3O,Hopper-v4,0
696328,reward,5805,587.1161771009414,637.248,SF-P3O,Hopper-v4,0
696513,reward,5806,604.5802394781974,633.452,SF-P3O,Hopper-v4,0
696700,reward,5807,632.3311231471064,631.218,SF-P3O,Hopper-v4,0
696895,reward,5808,644.6317488144458,632.769,SF-P3O,Hopper-v4,0
697083,reward,5809,626.7257972353464,634.598,SF-P3O,Hopper-v4,0
697277,reward,5810,658.0984432558424,636.69,SF-P3O,Hopper-v4,0
697465,reward,5811,632.2499588730258,632.551,SF-P3O,Hopper-v4,0
697610,reward,5812,453.0884928334038,614.162,SF-P3O,Hopper-v4,0
697797,reward,5813,617.6644492327497,609.726,SF-P3O,Hopper-v4,0
697978,reward,5814,617.9186030721289,607.441,SF-P3O,Hopper-v4,0
698151,reward,5815,579.276132499928,606.656,SF-P3O,Hopper-v4,0
698330,reward,5816,597.5744739168267,605.956,SF-P3O,Hopper-v4,0
698523,reward,5817,639.4427024282746,606.667,SF-P3O,Hopper-v4,0
698712,reward,5818,634.8358671985064,605.687,SF-P3O,Hopper-v4,0
698907,reward,5819,650.9145864686325,608.106,SF-P3O,Hopper-v4,0
699078,reward,5820,577.2027803956004,600.017,SF-P3O,Hopper-v4,0
699274,reward,5821,666.9576903418115,603.488,SF-P3O,Hopper-v4,0
699445,reward,5822,560.6504869896744,614.244,SF-P3O,Hopper-v4,0
699623,reward,5823,571.0242555171619,609.58,SF-P3O,Hopper-v4,0
699814,reward,5824,643.255815464652,612.113,SF-P3O,Hopper-v4,0
699992,reward,5825,614.3638144152255,615.622,SF-P3O,Hopper-v4,0
700000,speed,806.84,19.52,SF-P3O,Hopper-v4,0
700001,spectral,0.068892,0.948626,0.1137,SF-P3O,Hopper-v4,0
700167,reward,5826,598.5582782165251,615.721,SF-P3O,Hopper-v4,0
700353,reward,5827,628.9462473604372,614.671,SF-P3O,Hopper-v4,0
700544,reward,5828,655.5914057256934,616.747,SF-P3O,Hopper-v4,0
700729,reward,5829,647.4427785601611,616.399,SF-P3O,Hopper-v4,0
700918,reward,5830,631.3248750739771,621.812,SF-P3O,Hopper-v4,0
701122,reward,5831,677.9053715945402,622.906,SF-P3O,Hopper-v4,0
701311,reward,5832,646.934983376261,631.535,SF-P3O,Hopper-v4,0
701507,reward,5833,678.0720762531291,642.24,SF-P3O,Hopper-v4,0
701697,reward,5834,625.0879277579559,640.423,SF-P3O,Hopper-v4,0
701912,reward,5835,698.2708074505472,648.813,SF-P3O,Hopper-v4,0
702111,reward,5836,636.8065186158095,652.638,SF-P3O,Hopper-v4,0
702302,reward,5837,666.2218841145486,656.366,SF-P3O,Hopper-v4,0
702500,reward,5838,655.2357024311136,656.33,SF-P3O,Hopper-v4,0
702683,reward,5839,612.0901472562748,652.795,SF-P3O,Hopper-v4,0
702873,reward,5840,654.3918672556059,655.102,SF-P3O,Hopper-v4,0
703060,reward,5841,642.0801512836947,651.519,SF-P3O,Hopper-v4,0
703245,reward,5842,642.4791205028114,651.074,SF-P3O,Hopper-v4,0
703445,reward,5843,673.8892158841406,650.655,SF-P3O,Hopper-v4,0
703607,reward,5844,550.784491271364,643.225,SF-P3O,Hopper-v4,0
703805,reward,5845,653.4189415040487,638.74,SF-P3O,Hopper-v4,0
703994,reward,5846,641.4183765059961,639.201,SF-P3O,Hopper-v4,0
704191,reward,5847,661.3211475126666,638.711,SF-P3O,Hopper-v4,0
704393,reward,5848,672.061556449217,640.394,SF-P3O,Hopper-v4,0
704512,loss,-0.12812510132789612,0.44094419479370117,SF-P3O,Hopper-v4,0
704512,diagnostics,0.0,62.57,29.676,0.069588,0.948426,0.1105,0.179065,SF-P3O,Hopper-v4,0
704569,reward,5849,588.0787643346176,637.992,SF-P3O,Hopper-v4,0
704734,reward,5850,534.1636916331519,625.97,SF-P3O,Hopper-v4,0
704900,reward,5851,547.7461304330755,616.536,SF-P3O,Hopper-v4,0
705074,reward,5852,582.0903436439742,610.497,SF-P3O,Hopper-v4,0
705259,reward,5853,635.1062526506672,606.619,SF-P3O,Hopper-v4,0
705440,reward,5854,603.55123926936,611.896,SF-P3O,Hopper-v4,0
705617,reward,5855,611.8102544513341,607.735,SF-P3O,Hopper-v4,0
705801,reward,5856,629.6203949012191,606.555,SF-P3O,Hopper-v4,0
705993,reward,5857,657.7190413305104,606.195,SF-P3O,Hopper-v4,0
706179,reward,5858,641.4559124298273,603.134,SF-P3O,Hopper-v4,0
706348,reward,5859,565.2431093384463,600.851,SF-P3O,Hopper-v4,0
706534,reward,5860,627.3958686540137,610.174,SF-P3O,Hopper-v4,0
706725,reward,5861,644.594789457707,619.859,SF-P3O,Hopper-v4,0
706897,reward,5862,564.4330847370637,618.093,SF-P3O,Hopper-v4,0
707082,reward,5863,635.2030073304517,618.103,SF-P3O,Hopper-v4,0
707237,reward,5864,506.7988943188856,608.427,SF-P3O,Hopper-v4,0
707412,reward,5865,600.5805016323038,607.304,SF-P3O,Hopper-v4,0
707594,reward,5866,626.963863448943,607.039,SF-P3O,Hopper-v4,0
707772,reward,5867,609.0809978472558,602.175,SF-P3O,Hopper-v4,0
707960,reward,5868,638.6465609544075,601.894,SF-P3O,Hopper-v4,0
708153,reward,5869,662.0117712881948,611.571,SF-P3O,Hopper-v4,0
708336,reward,5870,629.9091496512117,611.822,SF-P3O,Hopper-v4,0
708522,reward,5871,646.0576152827018,611.969,SF-P3O,Hopper-v4,0
708710,reward,5872,651.1926452223876,620.645,SF-P3O,Hopper-v4,0
708883,reward,5873,579.9102514243796,615.115,SF-P3O,Hopper-v4,0
709062,reward,5874,618.6733379007571,626.303,SF-P3O,Hopper-v4,0
709238,reward,5875,594.7676186488538,625.721,SF-P3O,Hopper-v4,0
709392,reward,5876,491.696900636291,612.195,SF-P3O,Hopper-v4,0
709566,reward,5877,583.0896468163673,609.596,SF-P3O,Hopper-v4,0
709745,reward,5878,609.0706208860664,606.638,SF-P3O,Hopper-v4,0
709921,reward,5879,598.832977116638,600.32,SF-P3O,Hopper-v4,0
710000,speed,818.05,19.72,SF-P3O,Hopper-v4,0
710001,spectral,0.069588,0.948426,0.1105,SF-P3O,Hopper-v4,0
710112,reward,5880,639.5583200822391,601.285,SF-P3O,Hopper-v4,0
710283,reward,5881,573.8648885358087,594.066,SF-P3O,Hopper-v4,0
710486,reward,5882,654.7576957721933,594.422,SF-P3O,Hopper-v4,0
710659,reward,5883,577.614748205102,594.193,SF-P3O,Hopper-v4,0
710848,reward,5884,641.457790390897,596.471,SF-P3O,Hopper-v4,0
711036,reward,5885,617.7137661947177,598.766,SF-P3O,Hopper-v4,0
711231,reward,5886,644.2525816702131,614.021,SF-P3O,Hopper-v4,0
711408,reward,5887,600.1228682221929,615.725,SF-P3O,Hopper-v4,0
711573,reward,5888,532.5409366986211,608.072,SF-P3O,Hopper-v4,0
711735,reward,5889,516.5385515669975,599.842,SF-P3O,Hopper-v4,0
711910,reward,5890,603.9637258357441,596.283,SF-P3O,Hopper-v4,0
712112,reward,5891,649.1878029202027,603.815,SF-P3O,Hopper-v4,0
712305,reward,5892,640.8598450568296,602.425,SF-P3O,Hopper-v4,0
712479,reward,5893,586.211319787646,603.285,SF-P3O,Hopper-v4,0
712666,reward,5894,634.6264127523183,602.602,SF-P3O,Hopper-v4,0
712704,loss,-0.07939299196004868,0.49311965703964233,SF-P3O,Hopper-v4,0
712850,reward,5895,636.5979212835396,604.49,SF-P3O,Hopper-v4,0
713036,reward,5896,644.6040634087373,604.525,SF-P3O,Hopper-v4,0
713221,reward,5897,636.6841109732626,608.181,SF-P3O,Hopper-v4,0
713379,reward,5898,509.5576738138292,605.883,SF-P3O,Hopper-v4,0
713553,reward,5899,594.1035554037703,613.64,SF-P3O,Hopper-v4,0
713745,reward,5900,657.2083910929879,618.964,SF-P3O,Hopper-v4,0
713930,reward,5901,629.2204243058628,616.967,SF-P3O,Hopper-v4,0
714105,reward,5902,601.928278679544,613.074,SF-P3O,Hopper-v4,0
714286,reward,5903,605.3995763038539,614.993,SF-P3O,Hopper-v4,0
714466,reward,5904,604.1735268922097,611.948,SF-P3O,Hopper-v4,0
714651,reward,5905,633.3911312725729,611.627,SF-P3O,Hopper-v4,0
714832,reward,5906,617.5787699951716,608.925,SF-P3O,Hopper-v4,0
715018,reward,5907,640.8449132546863,609.341,SF-P3O,Hopper-v4,0
715200,reward,5908,622.5530214726404,620.64,SF-P3O,Hopper-v4,0
715378,reward,5909,622.8630040418402,623.516,SF-P3O,Hopper-v4,0
715568,reward,5910,661.3723870671876,623.933,SF-P3O,Hopper-v4,0
715761,reward,5911,663.3397636946103,627.344,SF-P3O,Hopper-v4,0
715934,reward,5912,585.4599193935294,625.698,SF-P3O,Hopper-v4,0
716117,reward,5913,607.3500990225431,625.893,SF-P3O,Hopper-v4,0
716289,reward,5914,591.7226470505522,624.648,SF-P3O,Hopper-v4,0
716490,reward,5915,656.8071178449264,626.989,SF-P3O,Hopper-v4,0
716645,reward,5916,513.9785525773568,616.629,SF-P3O,Hopper-v4,0
716810,reward,5917,550.9462682741644,607.639,SF-P3O,Hopper-v4,0
716972,reward,5918,520.8557123853392,597.47,SF-P3O,Hopper-v4,0
717156,reward,5919,625.6092194095163,597.744,SF-P3O,Hopper-v4,0
717341,reward,5920,638.1262548409925,595.42,SF-P3O,Hopper-v4,0
717528,reward,5921,638.2954725638299,592.915,SF-P3O,Hopper-v4,0
717709,reward,5922,604.0028190420054,594.769,SF-P3O,Hopper-v4,0
717895,reward,5923,635.1630627174336,597.551,SF-P3O,Hopper-v4,0
718072,reward,5924,605.323245342211,598.911,SF-P3O,Hopper-v4,0
718255,reward,5925,628.8737012824032,596.117,SF-P3O,Hopper-v4,0
718420,reward,5926,538.5408349819216,598.574,SF-P3O,Hopper-v4,0
718596,reward,5927,595.28628613469,603.008,SF-P3O,Hopper-v4,0
718778,reward,5928,623.543446679007,613.276,SF-P3O,Hopper-v4,0
718965,reward,5929,639.4858185662654,614.664,SF-P3O,Hopper-v4,0
719148,reward,5930,608.1741930269121,611.669,SF-P3O,Hopper-v4,0
719341,reward,5931,665.248679167045,614.364,SF-P3O,Hopper-v4,0
719515,reward,5932,598.5591955129652,613.82,SF-P3O,Hopper-v4,0
719708,reward,5933,657.4614235376232,616.05,SF-P3O,Hopper-v4,0
719903,reward,5934,644.1471580749198,619.932,SF-P3O,Hopper-v4,0
720000,speed,817.59,19.92,SF-P3O,Hopper-v4,0
720001,spectral,0.070346,0.947938,0.1121,SF-P3O,Hopper-v4,0
720082,reward,5935,604.5621159259994,617.501,SF-P3O,Hopper-v4,0
720269,reward,5936,653.4123779636635,628.988,SF-P3O,Hopper-v4,0
720452,reward,5937,614.8599004135448,630.945,SF-P3O,Hopper-v4,0
720652,reward,5938,641.9769623678978,632.789,SF-P3O,Hopper-v4,0
720838,reward,5939,638.3936579965628,632.68,SF-P3O,Hopper-v4,0
720896,loss,0.03290995582938194,0.37638574838638306,SF-P3O,Hopper-v4,0
720896,diagnostics,0.0,62.75,17.62,0.070717,0.948118,0.1172,0.179468,SF-P3O,Hopper-v4,0
721018,reward,5940,603.8274703546087,632.245,SF-P3O,Hopper-v4,0
721207,reward,5941,644.3788189906398,630.158,SF-P3O,Hopper-v4,0
721403,reward,5942,672.3903864781573,637.541,SF-P3O,Hopper-v4,0
721584,reward,5943,625.2246481750151,634.317,SF-P3O,Hopper-v4,0
721779,reward,5944,677.0491086730397,637.608,SF-P3O,Hopper-v4,0
721954,reward,5945,587.7850105901929,635.93,SF-P3O,Hopper-v4,0
722141,reward,5946,632.7857081922806,633.867,SF-P3O,Hopper-v4,0
722329,reward,5947,662.2828527402203,638.609,SF-P3O,Hopper-v4,0
722510,reward,5948,612.4218223750299,635.654,SF-P3O,Hopper-v4,0
722713,reward,5949,691.8480112265607,640.999,SF-P3O,Hopper-v4,0
722883,reward,5950,577.5591905450923,638.373,SF-P3O,Hopper-v4,0
723059,reward,5951,619.1407453042125,635.849,SF-P3O,Hopper-v4,0
723238,reward,5952,620.5002725385491,630.66,SF-P3O,Hopper-v4,0
723430,reward,5953,675.1661009184849,635.654,SF-P3O,Hopper-v4,0
723611,reward,5954,624.1407209563693,630.363,SF-P3O,Hopper-v4,0
723796,reward,5955,639.9607424707435,635.581,SF-P3O,Hopper-v4,0
723974,reward,5956,615.3205100003969,633.834,SF-P3O,Hopper-v4,0
724155,reward,5957,631.656963422901,630.772,SF-P3O,Hopper-v4,0
724322,reward,5958,564.079161814204,625.937,SF-P3O,Hopper-v4,0
724514,reward,5959,665.0393486378422,623.256,SF-P3O,Hopper-v4,0
724701,reward,5960,640.3589937236704,629.536,SF-P3O,Hopper-v4,0
724881,reward,5961,622.142926607535,629.837,SF-P3O,Hopper-v4,0
725061,reward,5962,597.9280358110829,627.579,SF-P3O,Hopper-v4,0
725237,reward,5963,598.1934856616641,619.882,SF-P3O,Hopper-v4,0
725419,reward,5964,639.5879014460604,621.427,SF-P3O,Hopper-v4,0
725606,reward,5965,633.3062146206265,620.761,SF-P3O,Hopper-v4,0
725767,reward,5966,526.8209194979532,611.911,SF-P3O,Hopper-v4,0
725937,reward,5967,568.019261298309,605.548,SF-P3O,Hopper-v4,0
726125,reward,5968,644.3048416028519,613.57,SF-P3O,Hopper-v4,0
726302,reward,5969,591.2915212140413,606.195,SF-P3O,Hopper-v4,0
726478,reward,5970,606.1834539029215,602.778,SF-P3O,Hopper-v4,0
726664,reward,5971,612.1477860445488,601.778,SF-P3O,Hopper-v4,0
726831,reward,5972,541.0033150872613,596.086,SF-P3O,Hopper-v4,0
727007,reward,5973,601.1075386210123,596.377,SF-P3O,Hopper-v4,0
727195,reward,5974,648.3040264343714,597.249,SF-P3O,Hopper-v4,0
727395,reward,5975,701.5378251342595,604.072,SF-P3O,Hopper-v4,0
727571,reward,5976,580.4410996199313,609.434,SF-P3O,Hopper-v4,0
727743,reward,5977,586.0173148724746,611.234,SF-P3O,Hopper-v4,0
727940,reward,5978,661.3823415062016,612.942,SF-P3O,Hopper-v4,0
728129,reward,5979,643.6588121899819,618.178,SF-P3O,Hopper-v4,0
728319,reward,5980,644.764629226419,622.036,SF-P3O,Hopper-v4,0
728512,reward,5981,639.8832250225524,624.81,SF-P3O,Hopper-v4,0
728682,reward,5982,567.9052681391111,627.5,SF-P3O,Hopper-v4,0
728867,reward,5983,615.2190433876306,628.911,SF-P3O,Hopper-v4,0
729040,reward,5984,597.9898561621166,623.88,SF-P3O,Hopper-v4,0
729088,loss,-0.05090206861495972,0.5475321412086487,SF-P3O,Hopper-v4,0
729208,reward,5985,569.2555080137271,610.652,SF-P3O,Hopper-v4,0
729382,reward,5986,588.4233441163944,611.45,SF-P3O,Hopper-v4,0
729538,reward,5987,498.63543182825674,602.712,SF-P3O,Hopper-v4,0
729718,reward,5988,621.9124264214342,598.765,SF-P3O,Hopper-v4,0
729899,reward,5989,629.4359813907281,597.342,SF-P3O,Hopper-v4,0
730000,speed,536.61,20.23,SF-P3O,Hopper-v4,0
730001,perturb,0.071053,0.94835,0.1245,313,458,0.0,8,SF-P3O,Hopper-v4,0
730068,reward,5990,566.8128490162699,589.547,SF-P3O,Hopper-v4,0
730250,reward,5991,617.0500642378813,587.264,SF-P3O,Hopper-v4,0
730398,reward,5992,462.52141175438555,576.726,SF-P3O,Hopper-v4,0
730556,reward,5993,515.1233782310834,566.716,SF-P3O,Hopper-v4,0
730742,reward,5994,635.5902400682631,570.476,SF-P3O,Hopper-v4,0
730901,reward,5995,516.2239405314057,565.173,SF-P3O,Hopper-v4,0
731080,reward,5996,626.5414990773985,568.985,SF-P3O,Hopper-v4,0
731273,reward,5997,658.0237799976212,584.924,SF-P3O,Hopper-v4,0
731442,reward,5998,562.069225507212,578.939,SF-P3O,Hopper-v4,0
731630,reward,5999,651.2760070117868,581.123,SF-P3O,Hopper-v4,0
731795,reward,6000,554.2843748788106,579.87,SF-P3O,Hopper-v4,0
731968,reward,6001,599.208591139906,578.086,SF-P3O,Hopper-v4,0
732164,reward,6002,657.3726472327929,597.571,SF-P3O,Hopper-v4,0
732340,reward,6003,589.5807013475899,605.017,SF-P3O,Hopper-v4,0
732527,reward,6004,656.0115156331673,607.059,SF-P3O,Hopper-v4,0
732703,reward,6005,603.2442624782037,615.761,SF-P3O,Hopper-v4,0
732862,reward,6006,521.5233255359897,605.259,SF-P3O,Hopper-v4,0
733029,reward,6007,562.7149018422161,595.729,SF-P3O,Hopper-v4,0
733219,reward,6008,650.4890738597771,604.571,SF-P3O,Hopper-v4,0
733393,reward,6009,591.5334880204506,598.596,SF-P3O,Hopper-v4,0
733573,reward,6010,624.8050676792444,605.648,SF-P3O,Hopper-v4,0
733744,reward,6011,590.1292450585524,604.74,SF-P3O,Hopper-v4,0
733923,reward,6012,623.6204120524263,601.365,SF-P3O,Hopper-v4,0
734093,reward,6013,581.3408647497766,600.541,SF-P3O,Hopper-v4,0
734276,reward,6014,615.5342455661083,596.493,SF-P3O,Hopper-v4,0
734448,reward,6015,572.9341593979431,593.462,SF-P3O,Hopper-v4,0
734606,reward,6016,508.76198113913813,592.186,SF-P3O,Hopper-v4,0
734803,reward,6017,674.7046425489261,603.385,SF-P3O,Hopper-v4,0
734990,reward,6018,639.7531403531559,602.312,SF-P3O,Hopper-v4,0
735173,reward,6019,631.8527208321713,606.344,SF-P3O,Hopper-v4,0
735340,reward,6020,557.4046858454409,599.604,SF-P3O,Hopper-v4,0
735524,reward,6021,643.9687377616816,604.988,SF-P3O,Hopper-v4,0
735706,reward,6022,637.7347417153132,606.399,SF-P3O,Hopper-v4,0
735890,reward,6023,632.7583350524973,611.541,SF-P3O,Hopper-v4,0
736068,reward,6024,609.9202959725949,610.979,SF-P3O,Hopper-v4,0
736259,reward,6025,662.664854404133,619.952,SF-P3O,Hopper-v4,0
736444,reward,6026,634.2330899111275,632.5,SF-P3O,Hopper-v4,0
736626,reward,6027,610.929863012785,626.122,SF-P3O,Hopper-v4,0
736810,reward,6028,622.3922203411792,624.386,SF-P3O,Hopper-v4,0
736994,reward,6029,633.9791849596083,624.599,SF-P3O,Hopper-v4,0
737173,reward,6030,610.5821128074097,629.916,SF-P3O,Hopper-v4,0
737280,loss,0.028874196112155914,1.1413730382919312,SF-P3O,Hopper-v4,0
737280,diagnostics,0.0,62.88,61.9734,0.071347,0.948146,0.122,0.177716,SF-P3O,Hopper-v4,0
737336,reward,6031,535.7821868716052,619.098,SF-P3O,Hopper-v4,0
737517,reward,6032,629.4947585444273,618.274,SF-P3O,Hopper-v4,0
737688,reward,6033,583.8522746551142,613.383,SF-P3O,Hopper-v4,0
737865,reward,6034,589.4321040016233,611.334,SF-P3O,Hopper-v4,0
738048,reward,6035,632.6227198980084,608.33,SF-P3O,Hopper-v4,0
738206,reward,6036,507.4750398712017,595.654,SF-P3O,Hopper-v4,0
738392,reward,6037,649.9106347969839,599.552,SF-P3O,Hopper-v4,0
738569,reward,6038,616.9992099242963,599.013,SF-P3O,Hopper-v4,0
738707,reward,6039,414.16608136700336,577.032,SF-P3O,Hopper-v4,0
738885,reward,6040,611.7842642425874,577.152,SF-P3O,Hopper-v4,0
739065,reward,6041,619.7509319670644,585.549,SF-P3O,Hopper-v4,0
739246,reward,6042,626.3534886819486,585.235,SF-P3O,Hopper-v4,0
739421,reward,6043,611.7680471071841,588.026,SF-P3O,Hopper-v4,0
739606,reward,6044,648.0008707142642,593.883,SF-P3O,Hopper-v4,0
739762,reward,6045,495.7265930506345,580.194,SF-P3O,Hopper-v4,0
739949,reward,6046,646.181435418415,594.064,SF-P3O,Hopper-v4,0
740000,speed,806.75,20.44,SF-P3O,Hopper-v4,0
740001,spectral,0.071347,0.948146,0.122,SF-P3O,Hopper-v4,0
740127,reward,6047,607.6115307387815,589.834,SF-P3O,Hopper-v4,0
740309,reward,6048,624.3640987000089,590.571,SF-P3O,Hopper-v4,0
740476,reward,6049,569.2067925292856,606.075,SF-P3O,Hopper-v4,0
740651,reward,6050,602.8469348526794,605.181,SF-P3O,Hopper-v4,0
740838,reward,6051,628.9930099960632,606.105,SF-P3O,Hopper-v4,0
741008,reward,6052,583.2669001087216,601.797,SF-P3O,Hopper-v4,0
741184,reward,6053,592.2407843611797,599.844,SF-P3O,Hopper-v4,0
741372,reward,6054,653.1243419033732,600.356,SF-P3O,Hopper-v4,0
741547,reward,6055,589.6833029728697,609.752,SF-P3O,Hopper-v4,0
741708,reward,6056,532.8113507732518,598.415,SF-P3O,Hopper-v4,0
741881,reward,6057,585.4938389053914,596.203,SF-P3O,Hopper-v4,0
742053,reward,6058,587.298724106654,592.497,SF-P3O,Hopper-v4,0
742242,reward,6059,659.9069698149336,601.567,SF-P3O,Hopper-v4,0
742400,reward,6060,520.9112357583706,593.373,SF-P3O,Hopper-v4,0
742550,reward,6061,479.38375181950744,578.412,SF-P3O,Hopper-v4,0
742738,reward,6062,661.0918023622419,586.195,SF-P3O,Hopper-v4,0
742913,reward,6063,597.1089424884201,586.681,SF-P3O,Hopper-v4,0
743079,reward,6064,544.6457854687463,575.834,SF-P3O,Hopper-v4,0
743267,reward,6065,647.0059018054303,581.566,SF-P3O,Hopper-v4,0
743441,reward,6066,594.0591697656758,587.691,SF-P3O,Hopper-v4,0
743623,reward,6067,625.357978968786,591.677,SF-P3O,Hopper-v4,0
743801,reward,6068,592.6417176135253,592.211,SF-P3O,Hopper-v4,0
743983,reward,6069,626.3449982706416,588.855,SF-P3O,Hopper-v4,0
744163,reward,6070,626.1818254551475,599.382,SF-P3O,Hopper-v4,0
744336,reward,6071,608.9236896809733,612.336,SF-P3O,Hopper-v4,0
744523,reward,6072,647.3848993648174,610.965,SF-P3O,Hopper-v4,0
744666,reward,6073,439.42075036780426,595.197,SF-P3O,Hopper-v4,0
744847,reward,6074,630.0245659422523,603.735,SF-P3O,Hopper-v4,0
745030,reward,6075,630.0379952990818,602.038,SF-P3O,Hopper-v4,0
745203,reward,6076,599.3255544122002,602.564,SF-P3O,Hopper-v4,0
745377,reward,6077,595.0697135884898,599.536,SF-P3O,Hopper-v4,0
745472,loss,-0.05141385644674301,0.5706273913383484,SF-P3O,Hopper-v4,0
745568,reward,6078,656.3978283916438,605.911,SF-P3O,Hopper-v4,0
745752,reward,6079,637.8192701570474,607.059,SF-P3O,Hopper-v4,0
745908,reward,6080,517.4678870893057,596.187,SF-P3O,Hopper-v4,0
746064,reward,6081,513.5981652510964,586.655,SF-P3O,Hopper-v4,0
746245,reward,6082,618.4847263451379,583.765,SF-P3O,Hopper-v4,0
746405,reward,6083,516.8816674762511,591.511,SF-P3O,Hopper-v4,0
746582,reward,6084,610.4919082614831,589.557,SF-P3O,Hopper-v4,0
746763,reward,6085,627.0245321500608,589.256,SF-P3O,Hopper-v4,0
746944,reward,6086,626.8652511740324,592.01,SF-P3O,Hopper-v4,0
747128,reward,6087,643.3643040045541,596.84,SF-P3O,Hopper-v4,0
747307,reward,6088,610.7027759623296,592.27,SF-P3O,Hopper-v4,0
747474,reward,6089,561.9385491261198,584.682,SF-P3O,Hopper-v4,0
747665,reward,6090,668.4899090260981,599.784,SF-P3O,Hopper-v4,0
747862,reward,6091,671.5568287955074,615.58,SF-P3O,Hopper-v4,0
748029,reward,6092,576.9456775827045,611.426,SF-P3O,Hopper-v4,0
748197,reward,6093,575.5566368519628,617.294,SF-P3O,Hopper-v4,0
748361,reward,6094,555.8178751987035,611.826,SF-P3O,Hopper-v4,0
748535,reward,6095,602.2863864505347,609.352,SF-P3O,Hopper-v4,0
748701,reward,6096,535.3189463184203,600.198,SF-P3O,Hopper-v4,0
748864,reward,6097,536.2550374376938,589.487,SF-P3O,Hopper-v4,0
749046,reward,6098,628.8623960926484,591.303,SF-P3O,Hopper-v4,0
749196,reward,6099,480.2554278791593,583.135,SF-P3O,Hopper-v4,0
749365,reward,6100,583.314448614562,574.617,SF-P3O,Hopper-v4,0
749549,reward,6101,636.7920754755789,571.14,SF-P3O,Hopper-v4,0
749716,reward,6102,570.7768581354827,570.524,SF-P3O,Hopper-v4,0
749901,reward,6103,636.6720968834102,576.635,SF-P3O,Hopper-v4,0
750000,speed,820.36,20.64,SF-P3O,Hopper-v4,0
750001,spectral,0.071983,0.947983,0.1258,SF-P3O,Hopper-v4,0
750077,reward,6104,616.5262620405294,582.706,SF-P3O,Hopper-v4,0
750249,reward,6105,579.3715898873327,580.415,SF-P3O,Hopper-v4,0
750437,reward,6106,662.1709481505845,593.1,SF-P3O,Hopper-v4,0
750622,reward,6107,629.8147111474417,602.456,SF-P3O,Hopper-v4,0
750802,reward,6108,628.3251718944542,602.402,SF-P3O,Hopper-v4,0
750949,reward,6109,460.774726638087,600.454,SF-P3O,Hopper-v4,0
751119,reward,6110,579.2045833730405,600.043,SF-P3O,Hopper-v4,0
751287,reward,6111,563.3700812104549,592.701,SF-P3O,Hopper-v4,0
751461,reward,6112,601.8208969133217,595.805,SF-P3O,Hopper-v4,0
751644,reward,6113,642.4077882814581,596.379,SF-P3O,Hopper-v4,0
751821,reward,6114,624.0385659184207,597.13,SF-P3O,Hopper-v4,0
751977,reward,6115,500.8219988937448,589.275,SF-P3O,Hopper-v4,0
752151,reward,6116,598.3043500682256,582.888,SF-P3O,Hopper-v4,0
752329,reward,6117,621.6344299308681,582.07,SF-P3O,Hopper-v4,0
752515,reward,6118,649.2846801633091,584.166,SF-P3O,Hopper-v4,0
752699,reward,6119,628.8670091308973,600.975,SF-P3O,Hopper-v4,0
752873,reward,6120,609.1529776327657,603.97,SF-P3O,Hopper-v4,0
753054,reward,6121,629.2233741312535,610.556,SF-P3O,Hopper-v4,0
753217,reward,6122,547.4800019656902,605.122,SF-P3O,Hopper-v4,0
753385,reward,6123,548.529475786945,595.734,SF-P3O,Hopper-v4,0
753566,reward,6124,626.9250073072619,596.022,SF-P3O,Hopper-v4,0
753664,loss,0.0043333349749445915,0.7130341529846191,SF-P3O,Hopper-v4,0
753664,diagnostics,0.0,63.01,46.3651,0.072359,0.94804,0.1249,0.176826,SF-P3O,Hopper-v4,0
753733,reward,6125,570.9045361101796,603.031,SF-P3O,Hopper-v4,0
753912,reward,6126,621.0043703702211,605.301,SF-P3O,Hopper-v4,0
754098,reward,6127,625.1717209703728,605.654,SF-P3O,Hopper-v4,0
754269,reward,6128,597.9988037361956,600.526,SF-P3O,Hopper-v4,0
754445,reward,6129,602.7204646927916,597.911,SF-P3O,Hopper-v4,0
754605,reward,6130,527.7445186712536,589.77,SF-P3O,Hopper-v4,0
754782,reward,6131,602.2410518348182,587.072,SF-P3O,Hopper-v4,0
754962,reward,6132,610.8991259615688,593.414,SF-P3O,Hopper-v4,0
755134,reward,6133,586.7968138051988,597.241,SF-P3O,Hopper-v4,0
755325,reward,6134,659.5880964776057,600.507,SF-P3O,Hopper-v4,0
755500,reward,6135,604.5614261734718,603.873,SF-P3O,Hopper-v4,0
755670,reward,6136,587.7671937781024,600.549,SF-P3O,Hopper-v4,0
755840,reward,6137,569.1022131354229,594.942,SF-P3O,Hopper-v4,0
756009,reward,6138,569.3990585760737,592.082,SF-P3O,Hopper-v4,0
756198,reward,6139,631.2039868654897,594.93,SF-P3O,Hopper-v4,0
756386,reward,6140,651.9006310937568,607.346,SF-P3O,Hopper-v4,0
756563,reward,6141,605.0225020519321,607.624,SF-P3O,Hopper-v4,0
756730,reward,6142,570.6988661383577,603.604,SF-P3O,Hopper-v4,0
756919,reward,6143,642.4122872675358,609.166,SF-P3O,Hopper-v4,0
757092,reward,6144,585.2135882029659,601.728,SF-P3O,Hopper-v4,0
757267,reward,6145,598.9249060513421,601.165,SF-P3O,Hopper-v4,0
757443,reward,6146,617.76823507538,604.165,SF-P3O,Hopper-v4,0
757619,reward,6147,610.4935271917028,608.304,SF-P3O,Hopper-v4,0
757794,reward,6148,602.9784890850901,611.662,SF-P3O,Hopper-v4,0
757969,reward,6149,612.7212321316249,609.813,SF-P3O,Hopper-v4,0
758156,reward,6150,649.0054566299223,609.524,SF-P3O,Hopper-v4,0
758329,reward,6151,604.5011624647403,609.472,SF-P3O,Hopper-v4,0
758514,reward,6152,638.992223992717,616.301,SF-P3O,Hopper-v4,0
758699,reward,6153,641.3403046904759,616.194,SF-P3O,Hopper-v4,0
758879,reward,6154,637.7561042020532,621.448,SF-P3O,Hopper-v4,0
759069,reward,6155,656.2322278047762,627.179,SF-P3O,Hopper-v4,0
759259,reward,6156,637.6406729229313,629.166,SF-P3O,Hopper-v4,0
759423,reward,6157,552.0799434872736,623.325,SF-P3O,Hopper-v4,0
759575,reward,6158,501.06260473495644,613.133,SF-P3O,Hopper-v4,0
759766,reward,6159,628.5153407628721,614.713,SF-P3O,Hopper-v4,0
759931,reward,6160,551.9722605461807,605.009,SF-P3O,Hopper-v4,0
760000,speed,805.28,20.85,SF-P3O,Hopper-v4,0
760001,spectral,0.072359,0.94804,0.1249,SF-P3O,Hopper-v4,0
760101,reward,6161,580.1935862148879,602.579,SF-P3O,Hopper-v4,0
760266,reward,6162,550.8580538830607,593.765,SF-P3O,Hopper-v4,0
760464,reward,6163,691.4515393665047,598.776,SF-P3O,Hopper-v4,0
760637,reward,6164,592.2267083995532,594.223,SF-P3O,Hopper-v4,0
760788,reward,6165,490.1283380465334,577.613,SF-P3O,Hopper-v4,0
760965,reward,6166,604.2716560610387,574.276,SF-P3O,Hopper-v4,0
761147,reward,6167,635.7071952726556,582.639,SF-P3O,Hopper-v4,0
761323,reward,6168,594.7157673702089,592.004,SF-P3O,Hopper-v4,0
761504,reward,6169,607.863363527898,589.939,SF-P3O,Hopper-v4,0
761684,reward,6170,606.1445387330019,595.356,SF-P3O,Hopper-v4,0
761856,loss,-0.023823987692594528,0.47509875893592834,SF-P3O,Hopper-v4,0
761859,reward,6171,598.6432007167269,597.201,SF-P3O,Hopper-v4,0
762035,reward,6172,606.4105703829138,602.756,SF-P3O,Hopper-v4,0
762203,reward,6173,582.3336893740959,591.845,SF-P3O,Hopper-v4,0
762377,reward,6174,580.6676495547633,590.689,SF-P3O,Hopper-v4,0
762550,reward,6175,588.0180362917963,600.478,SF-P3O,Hopper-v4,0
762725,reward,6176,590.1627225054613,599.067,SF-P3O,Hopper-v4,0
762899,reward,6177,599.8175195904964,595.478,SF-P3O,Hopper-v4,0
763081,reward,6178,625.9028143956101,598.596,SF-P3O,Hopper-v4,0
763266,reward,6179,626.4885383372198,600.459,SF-P3O,Hopper-v4,0
763443,reward,6180,619.5765676541344,601.802,SF-P3O,Hopper-v4,0
763624,reward,6181,617.7137501321434,603.709,SF-P3O,Hopper-v4,0
763803,reward,6182,619.5946270897334,605.028,SF-P3O,Hopper-v4,0
763995,reward,6183,655.382581649675,612.332,SF-P3O,Hopper-v4,0
764176,reward,6184,629.3241018060017,617.198,SF-P3O,Hopper-v4,0
764359,reward,6185,624.4310541849973,620.839,SF-P3O,Hopper-v4,0
764535,reward,6186,603.2367480743222,622.147,SF-P3O,Hopper-v4,0
764721,reward,6187,624.4382951235931,624.609,SF-P3O,Hopper-v4,0
764889,reward,6188,568.723988641116,618.891,SF-P3O,Hopper-v4,0
765060,reward,6189,582.174770143539,614.46,SF-P3O,Hopper-v4,0
765229,reward,6190,578.8430611888857,610.386,SF-P3O,Hopper-v4,0
765406,reward,6191,602.660966800596,608.881,SF-P3O,Hopper-v4,0
765582,reward,6192,605.513405495928,607.473,SF-P3O,Hopper-v4,0
765758,reward,6193,603.5049214799727,602.285,SF-P3O,Hopper-v4,0
765951,reward,6194,656.3075211916166,604.983,SF-P3O,Hopper-v4,0
766125,reward,6195,603.3265760870732,602.873,SF-P3O,Hopper-v4,0
766301,reward,6196,597.5576024916446,602.305,SF-P3O,Hopper-v4,0
766484,reward,6197,642.1888007562992,604.08,SF-P3O,Hopper-v4,0
766671,reward,6198,645.4706103109617,611.755,SF-P3O,Hopper-v4,0
766849,reward,6199,623.3089887500822,615.868,SF-P3O,Hopper-v4,0
767031,reward,6200,639.1698446812821,621.901,SF-P3O,Hopper-v4,0
767205,reward,6201,600.0718229070367,621.642,SF-P3O,Hopper-v4,0
767388,reward,6202,632.1796106920143,624.309,SF-P3O,Hopper-v4,0
767560,reward,6203,592.8484409183554,623.243,SF-P3O,Hopper-v4,0
767724,reward,6204,553.4690573775488,612.959,SF-P3O,Hopper-v4,0
767898,reward,6205,589.8516352397633,611.612,SF-P3O,Hopper-v4,0
768055,reward,6206,515.4226508647671,603.398,SF-P3O,Hopper-v4,0
768249,reward,6207,651.8225913817139,604.362,SF-P3O,Hopper-v4,0
768427,reward,6208,618.1560725216217,601.63,SF-P3O,Hopper-v4,0
768593,reward,6209,567.8483195636667,596.084,SF-P3O,Hopper-v4,0
768786,reward,6210,679.8388922620708,600.151,SF-P3O,Hopper-v4,0
768969,reward,6211,639.2874419063455,604.072,SF-P3O,Hopper-v4,0
769145,reward,6212,608.4837552890052,601.703,SF-P3O,Hopper-v4,0
769329,reward,6213,634.5976590369687,605.878,SF-P3O,Hopper-v4,0
769515,reward,6214,645.0077891410798,615.032,SF-P3O,Hopper-v4,0
769690,reward,6215,612.339972525913,617.281,SF-P3O,Hopper-v4,0
769852,reward,6216,547.0620125317752,620.444,SF-P3O,Hopper-v4,0
770000,speed,827.3,21.05,SF-P3O,Hopper-v4,0
770001,spectral,0.072886,0.947877,0.1234,SF-P3O,Hopper-v4,0
770020,reward,6217,574.2688200786095,612.689,SF-P3O,Hopper-v4,0
770048,loss,-0.08441636711359024,0.4678666293621063,SF-P3O,Hopper-v4,0
770048,diagnostics,0.0,63.15,43.9947,0.073362,0.947269,0.1329,0.174392,SF-P3O,Hopper-v4,0
770197,reward,6218,608.8840822705088,611.762,SF-P3O,Hopper-v4,0
770384,reward,6219,657.4693943329171,620.724,SF-P3O,Hopper-v4,0
770572,reward,6220,647.8121088154857,617.521,SF-P3O,Hopper-v4,0
770760,reward,6221,600.6027720293164,613.653,SF-P3O,Hopper-v4,0
770954,reward,6222,655.3033910255259,618.335,SF-P3O,Hopper-v4,0
771132,reward,6223,611.9966423502825,616.075,SF-P3O,Hopper-v4,0
771305,reward,6224,580.1817850186417,609.592,SF-P3O,Hopper-v4,0
771479,reward,6225,593.5325539717795,607.711,SF-P3O,Hopper-v4,0
771653,reward,6226,591.632855161305,612.168,SF-P3O,Hopper-v4,0
771840,reward,6227,645.6820649076169,619.31,SF-P3O,Hopper-v4,0
772014,reward,6228,601.2643066485953,618.548,SF-P3O,Hopper-v4,0
772202,reward,6229,656.998062411542,618.501,SF-P3O,Hopper-v4,0
772393,reward,6230,646.9382216333765,618.413,SF-P3O,Hopper-v4,0
772578,reward,6231,645.3422196179479,622.887,SF-P3O,Hopper-v4,0
772766,reward,6232,655.9639892847131,622.953,SF-P3O,Hopper-v4,0
772960,reward,6233,669.3983871379619,628.693,SF-P3O,Hopper-v4,0
773140,reward,6234,617.9546470084694,632.471,SF-P3O,Hopper-v4,0
773303,reward,6235,529.030622743744,626.021,SF-P3O,Hopper-v4,0
773480,reward,6236,617.3073558140566,628.588,SF-P3O,Hopper-v4,0
773654,reward,6237,609.2491752765628,624.945,SF-P3O,Hopper-v4,0
773812,reward,6238,516.4223563832464,616.461,SF-P3O,Hopper-v4,0
774008,reward,6239,676.0141779408765,618.362,SF-P3O,Hopper-v4,0
774182,reward,6240,586.6128027060029,612.33,SF-P3O,Hopper-v4,0
774353,reward,6241,572.006681990253,604.996,SF-P3O,Hopper-v4,0
774537,reward,6242,624.9875720469635,601.898,SF-P3O,Hopper-v4,0
774707,reward,6243,583.0487381442443,593.263,SF-P3O,Hopper-v4,0
774880,reward,6244,592.478891272639,590.716,SF-P3O,Hopper-v4,0
775062,reward,6245,619.9441241531503,599.807,SF-P3O,Hopper-v4,0
775241,reward,6246,618.5000326737281,599.926,SF-P3O,Hopper-v4,0
775415,reward,6247,584.3857301881995,597.44,SF-P3O,Hopper-v4,0
775591,reward,6248,608.6215636474273,606.66,SF-P3O,Hopper-v4,0
775774,reward,6249,621.3851995725903,601.197,SF-P3O,Hopper-v4,0
775945,reward,6250,586.199031569289,601.156,SF-P3O,Hopper-v4,0
776123,reward,6251,603.8541161319125,604.34,SF-P3O,Hopper-v4,0
776300,reward,6252,595.7951690243095,601.421,SF-P3O,Hopper-v4,0
776482,reward,6253,616.0872138628611,604.725,SF-P3O,Hopper-v4,0
776655,reward,6254,592.8060882289101,604.758,SF-P3O,Hopper-v4,0
776829,reward,6255,588.2529537748416,601.589,SF-P3O,Hopper-v4,0
777006,reward,6256,598.7292274657034,599.612,SF-P3O,Hopper-v4,0
777183,reward,6257,595.0667416997914,600.68,SF-P3O,Hopper-v4,0
777365,reward,6258,621.5997095149374,601.978,SF-P3O,Hopper-v4,0
777540,reward,6259,614.9903726141554,601.338,SF-P3O,Hopper-v4,0
777715,reward,6260,607.5882256620376,603.477,SF-P3O,Hopper-v4,0
777891,reward,6261,600.0158906478293,603.093,SF-P3O,Hopper-v4,0
778077,reward,6262,643.1498862451513,607.829,SF-P3O,Hopper-v4,0
778240,loss,0.09749723970890045,1.41096031665802,SF-P3O,Hopper-v4,0
778259,reward,6263,624.7224713725668,608.692,SF-P3O,Hopper-v4,0
778438,reward,6264,604.4115481682518,609.853,SF-P3O,Hopper-v4,0
778626,reward,6265,653.374286994672,616.365,SF-P3O,Hopper-v4,0
778797,reward,6266,594.9429984553901,615.986,SF-P3O,Hopper-v4,0
778979,reward,6267,632.7882515131183,619.758,SF-P3O,Hopper-v4,0
779175,reward,6268,688.0910920641498,626.408,SF-P3O,Hopper-v4,0
779346,reward,6269,573.5897555204874,622.267,SF-P3O,Hopper-v4,0
779523,reward,6270,598.3721848145977,621.346,SF-P3O,Hopper-v4,0
779708,reward,6271,623.3232929567937,623.677,SF-P3O,Hopper-v4,0
779874,reward,6272,556.2061301661962,614.982,SF-P3O,Hopper-v4,0
780000,speed,541.47,21.36,SF-P3O,Hopper-v4,0
780001,perturb,0.073539,0.947363,0.1404,307,464,0.0,9,SF-P3O,Hopper-v4,0
780063,reward,6273,672.0817456243878,619.718,SF-P3O,Hopper-v4,0
780251,reward,6274,639.8363363740964,623.261,SF-P3O,Hopper-v4,0
780435,reward,6275,629.8096178274538,620.904,SF-P3O,Hopper-v4,0
780608,reward,6276,584.5102342716817,619.861,SF-P3O,Hopper-v4,0
780785,reward,6277,609.3107172069863,617.513,SF-P3O,Hopper-v4,0
780956,reward,6278,579.1317121913863,606.617,SF-P3O,Hopper-v4,0
781148,reward,6279,652.9765531808412,614.556,SF-P3O,Hopper-v4,0
781332,reward,6280,633.5162496912859,618.07,SF-P3O,Hopper-v4,0
781511,reward,6281,612.7331453558213,617.011,SF-P3O,Hopper-v4,0
781694,reward,6282,634.3589655025819,624.827,SF-P3O,Hopper-v4,0
781861,reward,6283,572.2361027845449,614.842,SF-P3O,Hopper-v4,0
782043,reward,6284,621.138959469341,612.972,SF-P3O,Hopper-v4,0
782217,reward,6285,593.5483596297887,609.346,SF-P3O,Hopper-v4,0
782388,reward,6286,555.8708899222027,606.482,SF-P3O,Hopper-v4,0
782573,reward,6287,615.8701574717317,607.138,SF-P3O,Hopper-v4,0
782757,reward,6288,629.9300901198562,612.218,SF-P3O,Hopper-v4,0
782937,reward,6289,612.2693532938126,608.147,SF-P3O,Hopper-v4,0
783113,reward,6290,617.256270855551,606.521,SF-P3O,Hopper-v4,0
783299,reward,6291,644.4030250229134,609.688,SF-P3O,Hopper-v4,0
783480,reward,6292,626.0711599556571,608.859,SF-P3O,Hopper-v4,0
783669,reward,6293,644.3689238217813,616.073,SF-P3O,Hopper-v4,0
783854,reward,6294,639.2305236699982,617.882,SF-P3O,Hopper-v4,0
784040,reward,6295,640.6194566851543,622.589,SF-P3O,Hopper-v4,0
784224,reward,6296,631.01294199406,630.103,SF-P3O,Hopper-v4,0
784403,reward,6297,628.6687070291704,631.383,SF-P3O,Hopper-v4,0
784583,reward,6298,625.264290303387,630.916,SF-P3O,Hopper-v4,0
784769,reward,6299,631.5899947143098,632.849,SF-P3O,Hopper-v4,0
784947,reward,6300,610.5983221599868,632.183,SF-P3O,Hopper-v4,0
785119,reward,6301,580.9065516998402,625.833,SF-P3O,Hopper-v4,0
785316,reward,6302,683.41894453563,631.568,SF-P3O,Hopper-v4,0
785497,reward,6303,620.3680522728382,629.168,SF-P3O,Hopper-v4,0
785681,reward,6304,641.0007725408717,629.345,SF-P3O,Hopper-v4,0
785875,reward,6305,662.942715108911,631.577,SF-P3O,Hopper-v4,0
786030,reward,6306,504.2883023666815,618.905,SF-P3O,Hopper-v4,0
786233,reward,6307,712.2344112635301,627.261,SF-P3O,Hopper-v4,0
786428,reward,6308,641.5079971579958,628.886,SF-P3O,Hopper-v4,0
786432,loss,-0.07690545916557312,0.7605534791946411,SF-P3O,Hopper-v4,0
786432,diagnostics,0.0,63.27,50.2934,0.073922,0.947389,0.1486,0.181522,SF-P3O,Hopper-v4,0
786622,reward,6309,665.815029084311,632.308,SF-P3O,Hopper-v4,0
786806,reward,6310,643.5561913934282,635.604,SF-P3O,Hopper-v4,0
786990,reward,6311,640.710109741871,641.584,SF-P3O,Hopper-v4,0
787130,reward,6312,431.92647597597136,616.435,SF-P3O,Hopper-v4,0
787293,reward,6313,552.569889590075,609.655,SF-P3O,Hopper-v4,0
787479,reward,6314,648.7923690313214,610.434,SF-P3O,Hopper-v4,0
787650,reward,6315,592.3286553683743,603.373,SF-P3O,Hopper-v4,0
787833,reward,6316,646.2895939611204,617.573,SF-P3O,Hopper-v4,0
788026,reward,6317,675.2070197415512,613.87,SF-P3O,Hopper-v4,0
788207,reward,6318,618.4628193324831,611.566,SF-P3O,Hopper-v4,0
788400,reward,6319,666.1641695268603,611.601,SF-P3O,Hopper-v4,0
788580,reward,6320,628.88538001764,610.134,SF-P3O,Hopper-v4,0
788750,reward,6321,587.0212453103752,604.765,SF-P3O,Hopper-v4,0
788937,reward,6322,656.8276742432158,627.255,SF-P3O,Hopper-v4,0
789122,reward,6323,636.5565042932316,635.654,SF-P3O,Hopper-v4,0
789298,reward,6324,600.498168803839,630.824,SF-P3O,Hopper-v4,0
789471,reward,6325,595.3660608041918,631.128,SF-P3O,Hopper-v4,0
789660,reward,6326,668.598934701002,633.359,SF-P3O,Hopper-v4,0
789845,reward,6327,645.3507660506248,630.373,SF-P3O,Hopper-v4,0
790000,speed,820.13,21.56,SF-P3O,Hopper-v4,0
790001,spectral,0.073922,0.947389,0.1486,SF-P3O,Hopper-v4,0
790028,reward,6328,643.585523083822,632.885,SF-P3O,Hopper-v4,0
790203,reward,6329,608.1279415092254,627.082,SF-P3O,Hopper-v4,0
790391,reward,6330,654.8166041211022,629.675,SF-P3O,Hopper-v4,0
790578,reward,6331,657.8217762082177,636.755,SF-P3O,Hopper-v4,0
790757,reward,6332,629.6559999213915,634.038,SF-P3O,Hopper-v4,0
790933,reward,6333,611.5406653976593,631.536,SF-P3O,Hopper-v4,0
791103,reward,6334,578.1622960199627,629.303,SF-P3O,Hopper-v4,0
791281,reward,6335,620.2621752804375,631.792,SF-P3O,Hopper-v4,0
791451,reward,6336,581.89789298763,623.122,SF-P3O,Hopper-v4,0
791631,reward,6337,627.3825908303821,621.325,SF-P3O,Hopper-v4,0
791794,reward,6338,534.2725988196404,610.394,SF-P3O,Hopper-v4,0
791961,reward,6339,573.3754575879879,606.919,SF-P3O,Hopper-v4,0
792139,reward,6340,603.0604351410369,601.743,SF-P3O,Hopper-v4,0
792316,reward,6341,607.2619828681167,596.687,SF-P3O,Hopper-v4,0
792494,reward,6342,611.8827597211562,594.91,SF-P3O,Hopper-v4,0
792691,reward,6343,677.287846549189,601.485,SF-P3O,Hopper-v4,0
792859,reward,6344,587.5596756574728,602.424,SF-P3O,Hopper-v4,0
793021,reward,6345,551.1866310547699,595.517,SF-P3O,Hopper-v4,0
793207,reward,6346,648.2934095223716,602.156,SF-P3O,Hopper-v4,0
793399,reward,6347,663.4528537567503,605.763,SF-P3O,Hopper-v4,0
793559,reward,6348,527.9590739621917,605.132,SF-P3O,Hopper-v4,0
793719,reward,6349,517.9226932050507,599.587,SF-P3O,Hopper-v4,0
793903,reward,6350,644.8847297403624,603.769,SF-P3O,Hopper-v4,0
794089,reward,6351,653.5257377469771,608.396,SF-P3O,Hopper-v4,0
794266,reward,6352,611.96943717488,608.404,SF-P3O,Hopper-v4,0
794443,reward,6353,605.3341690853326,601.209,SF-P3O,Hopper-v4,0
794624,loss,-0.008030185475945473,0.8549458980560303,SF-P3O,Hopper-v4,0
794630,reward,6354,660.4863578936341,608.502,SF-P3O,Hopper-v4,0
794821,reward,6355,661.4464230999173,619.527,SF-P3O,Hopper-v4,0
794994,reward,6356,605.8567506104403,615.284,SF-P3O,Hopper-v4,0
795166,reward,6357,592.5850147828139,608.197,SF-P3O,Hopper-v4,0
795352,reward,6358,646.4992804337415,620.051,SF-P3O,Hopper-v4,0
795534,reward,6359,639.7755019922819,632.236,SF-P3O,Hopper-v4,0
795713,reward,6360,631.6616539426744,630.914,SF-P3O,Hopper-v4,0
795905,reward,6361,680.4953302142609,633.611,SF-P3O,Hopper-v4,0
796097,reward,6362,660.7037685894273,638.484,SF-P3O,Hopper-v4,0
796291,reward,6363,669.738615057411,644.925,SF-P3O,Hopper-v4,0
796465,reward,6364,613.3072495438361,640.207,SF-P3O,Hopper-v4,0
796621,reward,6365,521.6892161710058,626.231,SF-P3O,Hopper-v4,0
796818,reward,6366,655.5602458036742,631.202,SF-P3O,Hopper-v4,0
796990,reward,6367,571.2991809061847,629.073,SF-P3O,Hopper-v4,0
797172,reward,6368,635.945759690804,628.018,SF-P3O,Hopper-v4,0
797344,reward,6369,587.2317354368431,622.763,SF-P3O,Hopper-v4,0
797527,reward,6370,634.7269247158661,623.07,SF-P3O,Hopper-v4,0
797697,reward,6371,584.0485550399685,613.425,SF-P3O,Hopper-v4,0
797865,reward,6372,562.3511585518646,603.59,SF-P3O,Hopper-v4,0
798045,reward,6373,625.7765422833996,599.194,SF-P3O,Hopper-v4,0
798216,reward,6374,591.8020921096385,597.043,SF-P3O,Hopper-v4,0
798402,reward,6375,648.7714363935762,609.751,SF-P3O,Hopper-v4,0
798591,reward,6376,670.7282138326377,611.268,SF-P3O,Hopper-v4,0
798761,reward,6377,587.6251449672877,612.901,SF-P3O,Hopper-v4,0
798931,reward,6378,589.8625915652832,608.292,SF-P3O,Hopper-v4,0
799117,reward,6379,656.5477918156021,615.224,SF-P3O,Hopper-v4,0
799292,reward,6380,612.9293265280642,613.044,SF-P3O,Hopper-v4,0
799470,reward,6381,604.4947803846196,615.089,SF-P3O,Hopper-v4,0
799642,reward,6382,587.2037805708687,617.574,SF-P3O,Hopper-v4,0
799840,reward,6383,704.2034934560636,625.417,SF-P3O,Hopper-v4,0
800000,speed,828.67,21.76,SF-P3O,Hopper-v4,0
800001,spectral,0.074231,0.947383,0.1462,SF-P3O,Hopper-v4,0
800015,reward,6384,612.0205242211239,627.439,SF-P3O,Hopper-v4,0
800192,reward,6385,614.5870986671354,624.02,SF-P3O,Hopper-v4,0
800380,reward,6386,643.4265190718821,621.29,SF-P3O,Hopper-v4,0
800562,reward,6387,631.1919185712794,625.647,SF-P3O,Hopper-v4,0
800750,reward,6388,648.4811995794872,631.509,SF-P3O,Hopper-v4,0
800924,reward,6389,608.4041011373698,626.694,SF-P3O,Hopper-v4,0
801109,reward,6390,645.6521228754842,629.967,SF-P3O,Hopper-v4,0
801264,reward,6391,492.9522833069249,618.812,SF-P3O,Hopper-v4,0
801406,reward,6392,440.55038533929985,604.147,SF-P3O,Hopper-v4,0
801578,reward,6393,593.3960207531456,593.066,SF-P3O,Hopper-v4,0
801761,reward,6394,634.8647206847658,595.351,SF-P3O,Hopper-v4,0
801952,reward,6395,674.5509661036436,601.347,SF-P3O,Hopper-v4,0
802126,reward,6396,591.9006970746733,596.194,SF-P3O,Hopper-v4,0
802313,reward,6397,652.2192297454446,598.297,SF-P3O,Hopper-v4,0
802476,reward,6398,543.1899066659513,587.768,SF-P3O,Hopper-v4,0
802666,reward,6399,663.5875490292855,593.286,SF-P3O,Hopper-v4,0
802816,loss,0.0028390856459736824,0.7771984338760376,SF-P3O,Hopper-v4,0
802816,diagnostics,0.0,63.4,48.5406,0.074493,0.947517,0.142,0.178091,SF-P3O,Hopper-v4,0
802830,reward,6400,547.9680141854701,583.518,SF-P3O,Hopper-v4,0
803019,reward,6401,651.7899973452542,599.402,SF-P3O,Hopper-v4,0
803194,reward,6402,598.7583642373434,615.223,SF-P3O,Hopper-v4,0
803381,reward,6403,655.5772824444351,621.441,SF-P3O,Hopper-v4,0
803578,reward,6404,672.2634925194221,625.181,SF-P3O,Hopper-v4,0
803763,reward,6405,643.409279219119,622.066,SF-P3O,Hopper-v4,0
803945,reward,6406,614.4219530248599,624.319,SF-P3O,Hopper-v4,0
804125,reward,6407,600.4337691452707,619.14,SF-P3O,Hopper-v4,0
804320,reward,6408,681.6218469919914,632.983,SF-P3O,Hopper-v4,0
804516,reward,6409,679.9134409575407,634.616,SF-P3O,Hopper-v4,0
804696,reward,6410,616.4529227107886,641.464,SF-P3O,Hopper-v4,0
804868,reward,6411,589.1280448443524,635.198,SF-P3O,Hopper-v4,0
805022,reward,6412,513.3555531414808,626.658,SF-P3O,Hopper-v4,0
805210,reward,6413,668.5558655587539,627.956,SF-P3O,Hopper-v4,0
805380,reward,6414,580.7289656962939,618.802,SF-P3O,Hopper-v4,0
805561,reward,6415,614.0603045807879,615.867,SF-P3O,Hopper-v4,0
805757,reward,6416,663.8344652732922,620.809,SF-P3O,Hopper-v4,0
805931,reward,6417,602.3893581623915,621.004,SF-P3O,Hopper-v4,0
806116,reward,6418,659.8160269112454,618.823,SF-P3O,Hopper-v4,0
806299,reward,6419,634.1525538822431,614.247,SF-P3O,Hopper-v4,0
806487,reward,6420,648.4738097537955,617.449,SF-P3O,Hopper-v4,0
806675,reward,6421,657.6762121748541,624.304,SF-P3O,Hopper-v4,0
806865,reward,6422,657.1031161292149,638.679,SF-P3O,Hopper-v4,0
807048,reward,6423,631.6130762323269,634.985,SF-P3O,Hopper-v4,0
807225,reward,6424,618.0144546603738,638.713,SF-P3O,Hopper-v4,0
807399,reward,6425,579.3289276352741,635.24,SF-P3O,Hopper-v4,0
807597,reward,6426,709.2519684211205,639.782,SF-P3O,Hopper-v4,0
807774,reward,6427,625.6194003212335,642.105,SF-P3O,Hopper-v4,0
807960,reward,6428,649.1407417572813,641.037,SF-P3O,Hopper-v4,0
808137,reward,6429,619.686861713364,639.591,SF-P3O,Hopper-v4,0
808321,reward,6430,638.1965581451587,638.563,SF-P3O,Hopper-v4,0
808520,reward,6431,699.0705265043317,642.703,SF-P3O,Hopper-v4,0
808696,reward,6432,600.6182628801434,637.054,SF-P3O,Hopper-v4,0
808873,reward,6433,611.901644051056,635.083,SF-P3O,Hopper-v4,0
809065,reward,6434,669.9957601416271,640.281,SF-P3O,Hopper-v4,0
809246,reward,6435,623.1974124821211,644.668,SF-P3O,Hopper-v4,0
809430,reward,6436,649.3748393033021,638.68,SF-P3O,Hopper-v4,0
809615,reward,6437,646.5611815133499,640.774,SF-P3O,Hopper-v4,0
809794,reward,6438,624.6339088424078,638.324,SF-P3O,Hopper-v4,0
809970,reward,6439,601.840696835024,636.539,SF-P3O,Hopper-v4,0
810000,speed,815.92,21.97,SF-P3O,Hopper-v4,0
810001,spectral,0.074493,0.947517,0.142,SF-P3O,Hopper-v4,0
810158,reward,6440,654.0108482029967,638.121,SF-P3O,Hopper-v4,0
810327,reward,6441,571.2963662805232,625.343,SF-P3O,Hopper-v4,0
810512,reward,6442,659.5681622594035,631.238,SF-P3O,Hopper-v4,0
810703,reward,6443,667.0103770791741,636.749,SF-P3O,Hopper-v4,0
810899,reward,6444,674.0838794199402,637.158,SF-P3O,Hopper-v4,0
811008,loss,0.03205295279622078,1.8063507080078125,SF-P3O,Hopper-v4,0
811087,reward,6445,660.7954196671451,640.918,SF-P3O,Hopper-v4,0
811252,reward,6446,563.8870711424617,632.369,SF-P3O,Hopper-v4,0
811397,reward,6447,450.9465540207722,612.807,SF-P3O,Hopper-v4,0
811571,reward,6448,599.8467803390671,610.329,SF-P3O,Hopper-v4,0
811702,reward,6449,377.7385667803056,587.918,SF-P3O,Hopper-v4,0
811874,reward,6450,601.068419598392,582.624,SF-P3O,Hopper-v4,0
812045,reward,6451,585.3762131277778,584.032,SF-P3O,Hopper-v4,0
812214,reward,6452,587.5357748833825,576.829,SF-P3O,Hopper-v4,0
812368,reward,6453,505.05340971256777,560.633,SF-P3O,Hopper-v4,0
812536,reward,6454,577.39186578546,550.964,SF-P3O,Hopper-v4,0
812689,reward,6455,512.1952168775592,536.104,SF-P3O,Hopper-v4,0
812877,reward,6456,648.4770060921393,544.563,SF-P3O,Hopper-v4,0
813039,reward,6457,560.2744679131752,555.496,SF-P3O,Hopper-v4,0
813229,reward,6458,669.4580070996298,562.457,SF-P3O,Hopper-v4,0
813388,reward,6459,526.5023708114618,577.333,SF-P3O,Hopper-v4,0
813579,reward,6460,665.3474436691118,583.761,SF-P3O,Hopper-v4,0
813724,reward,6461,459.8932367059549,571.213,SF-P3O,Hopper-v4,0
813913,reward,6462,671.8425839228139,579.644,SF-P3O,Hopper-v4,0
814081,reward,6463,577.3121354310227,586.869,SF-P3O,Hopper-v4,0
814237,reward,6464,501.8838749453908,579.319,SF-P3O,Hopper-v4,0
814399,reward,6465,547.2760018544442,582.827,SF-P3O,Hopper-v4,0
814572,reward,6466,611.0563821617407,579.085,SF-P3O,Hopper-v4,0
814728,reward,6467,528.442951183703,575.901,SF-P3O,Hopper-v4,0
814898,reward,6468,597.0380708261118,568.66,SF-P3O,Hopper-v4,0
815077,reward,6469,632.9314521924323,579.302,SF-P3O,Hopper-v4,0
815260,reward,6470,630.1641442797808,575.784,SF-P3O,Hopper-v4,0
815453,reward,6471,668.3074931900843,596.626,SF-P3O,Hopper-v4,0
815635,reward,6472,629.6135934869346,592.403,SF-P3O,Hopper-v4,0
815823,reward,6473,670.2030715039916,601.692,SF-P3O,Hopper-v4,0
815978,reward,6474,512.8849867989026,602.792,SF-P3O,Hopper-v4,0
816145,reward,6475,574.8963980793225,605.554,SF-P3O,Hopper-v4,0
816296,reward,6476,482.6915123286463,592.717,SF-P3O,Hopper-v4,0
816462,reward,6477,574.7055210583003,597.344,SF-P3O,Hopper-v4,0
816629,reward,6478,578.215124127551,595.461,SF-P3O,Hopper-v4,0
816776,reward,6479,470.086930892014,579.177,SF-P3O,Hopper-v4,0
816956,reward,6480,623.8144098890464,578.542,SF-P3O,Hopper-v4,0
817120,reward,6481,561.9740191881231,567.909,SF-P3O,Hopper-v4,0
817293,reward,6482,594.9892025723015,564.446,SF-P3O,Hopper-v4,0
817460,reward,6483,569.5670744492569,554.383,SF-P3O,Hopper-v4,0
817610,reward,6484,481.7581557260113,551.27,SF-P3O,Hopper-v4,0
817805,reward,6485,709.3877102783672,564.719,SF-P3O,Hopper-v4,0
817974,reward,6486,589.431565499012,575.393,SF-P3O,Hopper-v4,0
818128,reward,6487,516.2586457455373,569.548,SF-P3O,Hopper-v4,0
818298,reward,6488,598.2278706593822,571.55,SF-P3O,Hopper-v4,0
818479,reward,6489,627.1430096812023,587.255,SF-P3O,Hopper-v4,0
818676,reward,6490,689.3067240855398,593.804,SF-P3O,Hopper-v4,0
818829,reward,6491,497.80984996569214,587.388,SF-P3O,Hopper-v4,0
819005,reward,6492,615.7202720000015,589.461,SF-P3O,Hopper-v4,0
819191,reward,6493,632.5824949867703,595.763,SF-P3O,Hopper-v4,0
819200,loss,-0.034079816192388535,0.8019925355911255,SF-P3O,Hopper-v4,0
819200,diagnostics,0.0,63.53,108.8881,0.075452,0.947465,0.1334,0.173743,SF-P3O,Hopper-v4,0
819374,reward,6494,644.842326442594,612.071,SF-P3O,Hopper-v4,0
819552,reward,6495,619.2218828482058,603.054,SF-P3O,Hopper-v4,0
819722,reward,6496,586.6418062524208,602.775,SF-P3O,Hopper-v4,0
819910,reward,6497,661.6767663206886,617.317,SF-P3O,Hopper-v4,0
820000,speed,530.83,22.28,SF-P3O,Hopper-v4,0
820001,spectral,0.075452,0.947465,0.1334,SF-P3O,Hopper-v4,0
820078,reward,6498,571.6260486426344,614.657,SF-P3O,Hopper-v4,0
820251,reward,6499,594.1789601598186,611.361,SF-P3O,Hopper-v4,0
820448,reward,6500,690.7879801267811,611.509,SF-P3O,Hopper-v4,0
820628,reward,6501,630.2782488329042,624.756,SF-P3O,Hopper-v4,0
820796,reward,6502,575.3358058439821,620.717,SF-P3O,Hopper-v4,0
820972,reward,6503,619.7256429083113,619.432,SF-P3O,Hopper-v4,0
821136,reward,6504,561.1290248078204,611.06,SF-P3O,Hopper-v4,0
821325,reward,6505,666.147916924824,615.753,SF-P3O,Hopper-v4,0
821506,reward,6506,627.9646316044608,619.885,SF-P3O,Hopper-v4,0
821682,reward,6507,616.1998244464987,615.337,SF-P3O,Hopper-v4,0
821855,reward,6508,601.4465009173858,618.319,SF-P3O,Hopper-v4,0
822002,reward,6509,475.03925007291446,606.405,SF-P3O,Hopper-v4,0
822186,reward,6510,645.2738024277822,601.854,SF-P3O,Hopper-v4,0
822359,reward,6511,608.6890339235089,599.695,SF-P3O,Hopper-v4,0
822526,reward,6512,562.450709580139,598.407,SF-P3O,Hopper-v4,0
822703,reward,6513,607.7564997336027,597.21,SF-P3O,Hopper-v4,0
822877,reward,6514,594.3525116918272,600.532,SF-P3O,Hopper-v4,0
823066,reward,6515,656.007345630124,599.518,SF-P3O,Hopper-v4,0
823231,reward,6516,562.3794126777328,592.959,SF-P3O,Hopper-v4,0
823406,reward,6517,612.5576907852443,592.595,SF-P3O,Hopper-v4,0
823571,reward,6518,563.3747151267229,588.788,SF-P3O,Hopper-v4,0
823734,reward,6519,547.6685365198609,596.051,SF-P3O,Hopper-v4,0
823911,reward,6520,619.0287228068751,593.427,SF-P3O,Hopper-v4,0
824088,reward,6521,629.588713527224,595.516,SF-P3O,Hopper-v4,0
824256,reward,6522,579.1374628700682,597.185,SF-P3O,Hopper-v4,0
824431,reward,6523,614.4462879068786,597.854,SF-P3O,Hopper-v4,0
824609,reward,6524,614.2975858021202,599.849,SF-P3O,Hopper-v4,0
824790,reward,6525,637.1420343917033,597.962,SF-P3O,Hopper-v4,0
824974,reward,6526,655.5573847153497,607.28,SF-P3O,Hopper-v4,0
825154,reward,6527,636.6555166402543,609.69,SF-P3O,Hopper-v4,0
825331,reward,6528,605.2143468254026,613.874,SF-P3O,Hopper-v4,0
825524,reward,6529,673.7036209317566,626.477,SF-P3O,Hopper-v4,0
825693,reward,6530,576.6664660652444,622.241,SF-P3O,Hopper-v4,0
825861,reward,6531,587.7227198457091,618.054,SF-P3O,Hopper-v4,0
826054,reward,6532,668.2311001067726,626.964,SF-P3O,Hopper-v4,0
826216,reward,6533,543.0446508671747,619.824,SF-P3O,Hopper-v4,0
826387,reward,6534,597.9595435375118,618.19,SF-P3O,Hopper-v4,0
826571,reward,6535,638.8097492893389,618.357,SF-P3O,Hopper-v4,0
826742,reward,6536,586.0119581663462,611.402,SF-P3O,Hopper-v4,0
826915,reward,6537,598.7673044951027,607.613,SF-P3O,Hopper-v4,0
827085,reward,6538,584.1656626447642,605.508,SF-P3O,Hopper-v4,0
827256,reward,6539,583.8555250117731,596.523,SF-P3O,Hopper-v4,0
827392,loss,-0.03567861020565033,0.7753541469573975,SF-P3O,Hopper-v4,0
827433,reward,6540,610.8176004417247,599.939,SF-P3O,Hopper-v4,0
827588,reward,6541,512.7597250807073,592.442,SF-P3O,Hopper-v4,0
827739,reward,6542,494.0993141062288,575.029,SF-P3O,Hopper-v4,0
827900,reward,6543,540.8111490881776,574.806,SF-P3O,Hopper-v4,0
828074,reward,6544,604.4987698749717,575.46,SF-P3O,Hopper-v4,0
828251,reward,6545,613.4803412502262,572.927,SF-P3O,Hopper-v4,0
828405,reward,6546,506.2915721215564,564.955,SF-P3O,Hopper-v4,0
828595,reward,6547,661.0475460863017,571.183,SF-P3O,Hopper-v4,0
828794,reward,6548,710.015102715183,583.768,SF-P3O,Hopper-v4,0
828965,reward,6549,589.5050628163109,584.333,SF-P3O,Hopper-v4,0
829146,reward,6550,637.9108187748923,587.042,SF-P3O,Hopper-v4,0
829323,reward,6551,619.8293926358459,597.749,SF-P3O,Hopper-v4,0
829484,reward,6552,545.2260237162085,602.862,SF-P3O,Hopper-v4,0
829656,reward,6553,597.8947650191452,608.57,SF-P3O,Hopper-v4,0
829838,reward,6554,643.1973438673265,612.44,SF-P3O,Hopper-v4,0
829995,reward,6555,515.2761774812467,602.619,SF-P3O,Hopper-v4,0
830000,speed,808.63,22.49,SF-P3O,Hopper-v4,0
830001,perturb,0.075719,0.947327,0.1265,304,467,0.0,10,SF-P3O,Hopper-v4,0
830155,reward,6556,536.6013162890586,605.65,SF-P3O,Hopper-v4,0
830327,reward,6557,596.793172886393,599.225,SF-P3O,Hopper-v4,0
830491,reward,6558,557.5998927966704,583.983,SF-P3O,Hopper-v4,0
830668,reward,6559,613.795099808631,586.412,SF-P3O,Hopper-v4,0
830845,reward,6560,618.8297434872846,584.504,SF-P3O,Hopper-v4,0
831013,reward,6561,571.9850340803004,579.72,SF-P3O,Hopper-v4,0
831188,reward,6562,609.4396360715333,586.141,SF-P3O,Hopper-v4,0
831367,reward,6563,614.8703959385545,587.839,SF-P3O,Hopper-v4,0
831544,reward,6564,596.6201167069585,583.181,SF-P3O,Hopper-v4,0
831727,reward,6565,635.5276727706168,595.206,SF-P3O,Hopper-v4,0
831888,reward,6566,549.2694013554213,596.473,SF-P3O,Hopper-v4,0
832053,reward,6567,564.3970996089332,593.233,SF-P3O,Hopper-v4,0
832219,reward,6568,577.3243716382791,595.206,SF-P3O,Hopper-v4,0
832397,reward,6569,620.874097749099,595.914,SF-P3O,Hopper-v4,0
832567,reward,6570,593.1733845121298,593.348,SF-P3O,Hopper-v4,0
832749,reward,6571,634.4887498730001,599.598,SF-P3O,Hopper-v4,0
832917,reward,6572,585.394346779515,597.194,SF-P3O,Hopper-v4,0
833104,reward,6573,661.1697469569975,601.824,SF-P3O,Hopper-v4,0
833284,reward,6574,637.0351072202405,605.865,SF-P3O,Hopper-v4,0
833462,reward,6575,628.7003191301694,605.183,SF-P3O,Hopper-v4,0
833651,reward,6576,652.6735736394105,615.523,SF-P3O,Hopper-v4,0
833824,reward,6577,589.58167032939,618.042,SF-P3O,Hopper-v4,0
834004,reward,6578,635.8440388662383,623.894,SF-P3O,Hopper-v4,0
834158,reward,6579,513.3199633418365,613.138,SF-P3O,Hopper-v4,0
834337,reward,6580,619.7476779333324,615.796,SF-P3O,Hopper-v4,0
834522,reward,6581,655.1844921598065,617.865,SF-P3O,Hopper-v4,0
834711,reward,6582,669.0789815851532,626.234,SF-P3O,Hopper-v4,0
834852,reward,6583,421.338696056947,602.25,SF-P3O,Hopper-v4,0
835026,reward,6584,602.522595257201,598.799,SF-P3O,Hopper-v4,0
835201,reward,6585,590.617146554528,594.991,SF-P3O,Hopper-v4,0
835391,reward,6586,674.7499229330938,597.199,SF-P3O,Hopper-v4,0
835548,reward,6587,525.1034347139486,590.751,SF-P3O,Hopper-v4,0
835584,loss,0.0230795219540596,1.4800488948822021,SF-P3O,Hopper-v4,0
835584,diagnostics,0.0,63.67,82.4724,0.076499,0.94709,0.1247,0.178338,SF-P3O,Hopper-v4,0
835734,reward,6588,647.8825477905963,591.955,SF-P3O,Hopper-v4,0
835916,reward,6589,651.9361727092912,605.816,SF-P3O,Hopper-v4,0
836096,reward,6590,630.4308081718356,606.884,SF-P3O,Hopper-v4,0
836263,reward,6591,575.0842532064473,598.874,SF-P3O,Hopper-v4,0
836464,reward,6592,712.524306309678,603.219,SF-P3O,Hopper-v4,0
836641,reward,6593,626.5241355445417,623.738,SF-P3O,Hopper-v4,0
836805,reward,6594,557.2916585456054,619.214,SF-P3O,Hopper-v4,0
836977,reward,6595,588.1111816194115,618.964,SF-P3O,Hopper-v4,0
837139,reward,6596,553.5366570757644,606.843,SF-P3O,Hopper-v4,0
837317,reward,6597,634.644455987622,617.797,SF-P3O,Hopper-v4,0
837494,reward,6598,624.3736328239029,615.446,SF-P3O,Hopper-v4,0
837653,reward,6599,549.998871503238,605.252,SF-P3O,Hopper-v4,0
837827,reward,6600,615.6231253925699,603.771,SF-P3O,Hopper-v4,0
838009,reward,6601,621.6674730748067,608.43,SF-P3O,Hopper-v4,0
838178,reward,6602,580.0992404466724,595.187,SF-P3O,Hopper-v4,0
838348,reward,6603,587.2360113803085,591.258,SF-P3O,Hopper-v4,0
838528,reward,6604,634.1787071064031,598.947,SF-P3O,Hopper-v4,0
838718,reward,6605,658.0631374883033,605.942,SF-P3O,Hopper-v4,0
838900,reward,6606,642.5751970673132,614.846,SF-P3O,Hopper-v4,0
839086,reward,6607,651.4162530938748,616.523,SF-P3O,Hopper-v4,0
839268,reward,6608,647.8045895903105,618.866,SF-P3O,Hopper-v4,0
839448,reward,6609,629.3443557911907,626.801,SF-P3O,Hopper-v4,0
839615,reward,6610,584.5494644215602,623.693,SF-P3O,Hopper-v4,0
839784,reward,6611,580.9859599327248,619.625,SF-P3O,Hopper-v4,0
839973,reward,6612,651.3051675427073,626.746,SF-P3O,Hopper-v4,0
840000,speed,806.15,22.69,SF-P3O,Hopper-v4,0
840001,spectral,0.076499,0.94709,0.1247,SF-P3O,Hopper-v4,0
840151,reward,6613,606.2348464458624,628.646,SF-P3O,Hopper-v4,0
840339,reward,6614,653.9586177348677,630.624,SF-P3O,Hopper-v4,0
840497,reward,6615,539.8295511314002,618.8,SF-P3O,Hopper-v4,0
840678,reward,6616,639.1294437654279,618.456,SF-P3O,Hopper-v4,0
840878,reward,6617,673.6315602718706,620.677,SF-P3O,Hopper-v4,0
841058,reward,6618,605.9748556060349,616.494,SF-P3O,Hopper-v4,0
841231,reward,6619,591.7338040804475,612.733,SF-P3O,Hopper-v4,0
841406,reward,6620,604.62157921038,614.741,SF-P3O,Hopper-v4,0
841587,reward,6621,622.2878672741158,618.871,SF-P3O,Hopper-v4,0
841764,reward,6622,616.2111438117447,615.361,SF-P3O,Hopper-v4,0
841935,reward,6623,585.3043857226671,613.268,SF-P3O,Hopper-v4,0
842117,reward,6624,616.6921659651229,609.542,SF-P3O,Hopper-v4,0
842288,reward,6625,601.2484662491045,615.684,SF-P3O,Hopper-v4,0
842459,reward,6626,598.1905174345312,611.59,SF-P3O,Hopper-v4,0
842623,reward,6627,564.7742550098723,600.704,SF-P3O,Hopper-v4,0
842782,reward,6628,543.2954556318075,594.436,SF-P3O,Hopper-v4,0
842983,reward,6629,735.0635440134462,608.769,SF-P3O,Hopper-v4,0
843162,reward,6630,638.8016543284624,612.187,SF-P3O,Hopper-v4,0
843344,reward,6631,634.6546034286941,613.424,SF-P3O,Hopper-v4,0
843521,reward,6632,624.3095405004742,614.233,SF-P3O,Hopper-v4,0
843666,reward,6633,459.9396023283578,601.697,SF-P3O,Hopper-v4,0
843776,loss,-0.02577083930373192,0.37209635972976685,SF-P3O,Hopper-v4,0
843850,reward,6634,642.340741930913,604.262,SF-P3O,Hopper-v4,0
844036,reward,6635,649.4951841853575,609.087,SF-P3O,Hopper-v4,0
844208,reward,6636,571.5523144886928,606.423,SF-P3O,Hopper-v4,0
844402,reward,6637,681.6286906164878,618.108,SF-P3O,Hopper-v4,0
844585,reward,6638,638.4595634329428,627.625,SF-P3O,Hopper-v4,0
844767,reward,6639,632.0987981227377,617.328,SF-P3O,Hopper-v4,0
844944,reward,6640,609.7924259534695,614.427,SF-P3O,Hopper-v4,0
845134,reward,6641,656.9990867754523,616.662,SF-P3O,Hopper-v4,0
845315,reward,6642,626.086587045829,616.839,SF-P3O,Hopper-v4,0
845494,reward,6643,612.1614159925522,632.061,SF-P3O,Hopper-v4,0
845675,reward,6644,626.900542281293,630.517,SF-P3O,Hopper-v4,0
845849,reward,6645,608.8757462895572,626.456,SF-P3O,Hopper-v4,0
846029,reward,6646,622.7243272567262,631.573,SF-P3O,Hopper-v4,0
846219,reward,6647,671.3581837784573,630.546,SF-P3O,Hopper-v4,0
846397,reward,6648,613.991110721833,628.099,SF-P3O,Hopper-v4,0
846587,reward,6649,671.9406286320603,632.083,SF-P3O,Hopper-v4,0
846783,reward,6650,700.1845505384584,641.122,SF-P3O,Hopper-v4,0
846958,reward,6651,609.0622542836252,636.329,SF-P3O,Hopper-v4,0
847152,reward,6652,664.8034394602121,640.2,SF-P3O,Hopper-v4,0
847319,reward,6653,575.9976933877815,636.584,SF-P3O,Hopper-v4,0
847501,reward,6654,639.6774510007035,637.862,SF-P3O,Hopper-v4,0
847685,reward,6655,646.3963646277803,641.614,SF-P3O,Hopper-v4,0
847874,reward,6656,652.4854327315908,644.59,SF-P3O,Hopper-v4,0
848052,reward,6657,612.4908235608013,638.703,SF-P3O,Hopper-v4,0
848224,reward,6658,581.1863324493213,635.422,SF-P3O,Hopper-v4,0
848414,reward,6659,664.4038065110564,634.669,SF-P3O,Hopper-v4,0
848587,reward,6660,589.9790647002797,623.648,SF-P3O,Hopper-v4,0
848771,reward,6661,640.6801132317526,626.81,SF-P3O,Hopper-v4,0
848972,reward,6662,709.2217253227578,631.252,SF-P3O,Hopper-v4,0
849164,reward,6663,670.4840256676463,640.701,SF-P3O,Hopper-v4,0
849344,reward,6664,635.1862303600618,640.251,SF-P3O,Hopper-v4,0
849530,reward,6665,647.7109542693776,640.383,SF-P3O,Hopper-v4,0
849725,reward,6666,669.2922659871141,642.064,SF-P3O,Hopper-v4,0
849913,reward,6667,656.7690658152052,646.491,SF-P3O,Hopper-v4,0
850000,speed,823.64,22.9,SF-P3O,Hopper-v4,0
850001,spectral,0.076801,0.947303,0.122,SF-P3O,Hopper-v4,0
850108,reward,6668,695.4404136796885,657.917,SF-P3O,Hopper-v4,0
850284,reward,6669,609.2754790113503,652.404,SF-P3O,Hopper-v4,0
850471,reward,6670,636.618222375773,657.068,SF-P3O,Hopper-v4,0
850656,reward,6671,653.9184574937183,658.392,SF-P3O,Hopper-v4,0
850840,reward,6672,648.8790851074634,652.357,SF-P3O,Hopper-v4,0
851026,reward,6673,662.489734781236,651.558,SF-P3O,Hopper-v4,0
851203,reward,6674,621.2374604905816,650.163,SF-P3O,Hopper-v4,0
851393,reward,6675,668.7715805787432,652.269,SF-P3O,Hopper-v4,0
851582,reward,6676,660.3043334316511,651.37,SF-P3O,Hopper-v4,0
851758,reward,6677,623.1871947344465,648.012,SF-P3O,Hopper-v4,0
851939,reward,6678,626.8054285591166,641.149,SF-P3O,Hopper-v4,0
851968,loss,-0.03080805391073227,0.5473877787590027,SF-P3O,Hopper-v4,0
851968,diagnostics,0.0,63.84,74.8452,0.07759,0.947097,0.13,0.169694,SF-P3O,Hopper-v4,0
852110,reward,6679,593.0226388878889,639.523,SF-P3O,Hopper-v4,0
852298,reward,6680,657.2763735376878,641.589,SF-P3O,Hopper-v4,0
852477,reward,6681,621.5254866067453,638.35,SF-P3O,Hopper-v4,0
852662,reward,6682,654.1804770321252,638.88,SF-P3O,Hopper-v4,0
852810,reward,6683,466.3739982095197,619.268,SF-P3O,Hopper-v4,0
852982,reward,6684,595.8769412440299,616.732,SF-P3O,Hopper-v4,0
853158,reward,6685,625.3193237768097,612.387,SF-P3O,Hopper-v4,0
853341,reward,6686,640.3483051963274,610.392,SF-P3O,Hopper-v4,0
853524,reward,6687,637.7537060811323,611.848,SF-P3O,Hopper-v4,0
853703,reward,6688,620.1868501626675,611.186,SF-P3O,Hopper-v4,0
853884,reward,6689,624.6262331280046,614.347,SF-P3O,Hopper-v4,0
854076,reward,6690,685.0223964721763,617.121,SF-P3O,Hopper-v4,0
854253,reward,6691,625.8047537611287,617.549,SF-P3O,Hopper-v4,0
854427,reward,6692,599.4468352770334,612.076,SF-P3O,Hopper-v4,0
854612,reward,6693,648.8511348309399,630.324,SF-P3O,Hopper-v4,0
854800,reward,6694,671.6227740530006,637.898,SF-P3O,Hopper-v4,0
854991,reward,6695,661.9324824621071,641.56,SF-P3O,Hopper-v4,0
855165,reward,6696,621.6208598817342,639.687,SF-P3O,Hopper-v4,0
855348,reward,6697,647.0126660944192,640.613,SF-P3O,Hopper-v4,0
855550,reward,6698,719.0588655275499,650.5,SF-P3O,Hopper-v4,0
855738,reward,6699,658.6242768269835,653.9,SF-P3O,Hopper-v4,0
855917,reward,6700,625.1882961279862,647.916,SF-P3O,Hopper-v4,0
856109,reward,6701,679.0766978366854,653.243,SF-P3O,Hopper-v4,0
856283,reward,6702,594.6374840682125,652.763,SF-P3O,Hopper-v4,0
856478,reward,6703,686.0186967923845,656.479,SF-P3O,Hopper-v4,0
856672,reward,6704,666.9692099559977,656.014,SF-P3O,Hopper-v4,0
856861,reward,6705,668.7780592068762,656.699,SF-P3O,Hopper-v4,0
857033,reward,6706,602.9571015261126,654.832,SF-P3O,Hopper-v4,0
857200,reward,6707,566.1870318215923,646.75,SF-P3O,Hopper-v4,0
857396,reward,6708,701.4348432953527,644.987,SF-P3O,Hopper-v4,0
857571,reward,6709,587.9818902720403,637.923,SF-P3O,Hopper-v4,0
857757,reward,6710,648.0541945587612,640.21,SF-P3O,Hopper-v4,0
857948,reward,6711,667.2347912183205,639.025,SF-P3O,Hopper-v4,0
858133,reward,6712,655.6546461540174,645.127,SF-P3O,Hopper-v4,0
858318,reward,6713,651.7341184032188,641.699,SF-P3O,Hopper-v4,0
858496,reward,6714,613.4577978880716,636.347,SF-P3O,Hopper-v4,0
858691,reward,6715,700.3131822203237,639.501,SF-P3O,Hopper-v4,0
858873,reward,6716,634.962218523758,642.701,SF-P3O,Hopper-v4,0
859052,reward,6717,629.310548554237,649.014,SF-P3O,Hopper-v4,0
859233,reward,6718,630.0580412375366,641.876,SF-P3O,Hopper-v4,0
859419,reward,6719,655.0519963523432,648.583,SF-P3O,Hopper-v4,0
859600,reward,6720,636.3304030432543,647.411,SF-P3O,Hopper-v4,0
859787,reward,6721,664.3888399608486,647.126,SF-P3O,Hopper-v4,0
859969,reward,6722,644.1451189888483,645.975,SF-P3O,Hopper-v4,0
860000,speed,789.24,23.11,SF-P3O,Hopper-v4,0
860001,spectral,0.07759,0.947097,0.13,SF-P3O,Hopper-v4,0
860154,reward,6723,640.5821191120793,644.86,SF-P3O,Hopper-v4,0
860160,loss,-0.049240462481975555,0.40422049164772034,SF-P3O,Hopper-v4,0
860338,reward,6724,643.7796701341761,647.892,SF-P3O,Hopper-v4,0
860523,reward,6725,655.8184289709707,643.443,SF-P3O,Hopper-v4,0
860710,reward,6726,658.1944397272581,645.766,SF-P3O,Hopper-v4,0
860886,reward,6727,614.2582486831664,644.261,SF-P3O,Hopper-v4,0
861080,reward,6728,669.484948195164,648.203,SF-P3O,Hopper-v4,0
861273,reward,6729,683.1997034302593,651.018,SF-P3O,Hopper-v4,0
861458,reward,6730,650.1529505403757,652.4,SF-P3O,Hopper-v4,0
861641,reward,6731,647.7554748410697,650.737,SF-P3O,Hopper-v4,0
861840,reward,6732,689.466864999396,655.269,SF-P3O,Hopper-v4,0
862024,reward,6733,644.9495462383555,655.706,SF-P3O,Hopper-v4,0
862208,reward,6734,641.5968075708215,655.488,SF-P3O,Hopper-v4,0
862373,reward,6735,568.8698712210212,646.793,SF-P3O,Hopper-v4,0
862555,reward,6736,645.163818857378,645.49,SF-P3O,Hopper-v4,0
862733,reward,6737,629.4596653271454,647.01,SF-P3O,Hopper-v4,0
862905,reward,6738,598.0998660123727,639.871,SF-P3O,Hopper-v4,0
863092,reward,6739,648.6884325371552,636.42,SF-P3O,Hopper-v4,0
863279,reward,6740,659.5841148399993,637.363,SF-P3O,Hopper-v4,0
863436,reward,6741,525.1155484667448,625.099,SF-P3O,Hopper-v4,0
863611,reward,6742,620.4001922776134,618.193,SF-P3O,Hopper-v4,0
863795,reward,6743,637.9509049682622,617.493,SF-P3O,Hopper-v4,0
863982,reward,6744,654.7081350751278,618.804,SF-P3O,Hopper-v4,0
864150,reward,6745,582.6276130645434,620.18,SF-P3O,Hopper-v4,0
864319,reward,6746,578.7863641524119,613.542,SF-P3O,Hopper-v4,0
864499,reward,6747,628.331628512423,613.429,SF-P3O,Hopper-v4,0
864682,reward,6748,640.848944981532,617.704,SF-P3O,Hopper-v4,0
864864,reward,6749,627.9660690468779,615.632,SF-P3O,Hopper-v4,0
865039,reward,6750,609.2657755351273,610.6,SF-P3O,Hopper-v4,0
865226,reward,6751,657.2273451313522,623.811,SF-P3O,Hopper-v4,0
865401,reward,6752,610.6488632609686,622.836,SF-P3O,Hopper-v4,0
865598,reward,6753,720.8982789884496,631.131,SF-P3O,Hopper-v4,0
865781,reward,6754,642.4175211826979,629.902,SF-P3O,Hopper-v4,0
865966,reward,6755,643.8860930114732,636.028,SF-P3O,Hopper-v4,0
866153,reward,6756,656.9516719994548,643.844,SF-P3O,Hopper-v4,0
866327,reward,6757,598.4862282847121,640.86,SF-P3O,Hopper-v4,0
866508,reward,6758,640.1332870510788,640.788,SF-P3O,Hopper-v4,0
866695,reward,6759,651.9562415812188,643.187,SF-P3O,Hopper-v4,0
866870,reward,6760,597.6050411725008,642.021,SF-P3O,Hopper-v4,0
867057,reward,6761,646.8797409069797,640.986,SF-P3O,Hopper-v4,0
867238,reward,6762,636.8435523699145,643.606,SF-P3O,Hopper-v4,0
867404,reward,6763,564.0488373879638,627.921,SF-P3O,Hopper-v4,0
867588,reward,6764,648.8796487984032,628.567,SF-P3O,Hopper-v4,0
867770,reward,6765,637.9022366322097,627.969,SF-P3O,Hopper-v4,0
867958,reward,6766,654.4866372606089,627.722,SF-P3O,Hopper-v4,0
868136,reward,6767,622.1813016076751,630.092,SF-P3O,Hopper-v4,0
868313,reward,6768,614.9719795092199,627.576,SF-P3O,Hopper-v4,0
868352,loss,-0.08821439743041992,0.4612979292869568,SF-P3O,Hopper-v4,0
868352,diagnostics,0.0,64.02,18.2827,0.078579,0.946834,0.1314,0.169734,SF-P3O,Hopper-v4,0
868501,reward,6769,649.3823419551263,627.318,SF-P3O,Hopper-v4,0
868695,reward,6770,678.4197492425195,635.4,SF-P3O,Hopper-v4,0
868878,reward,6771,645.6540500178717,635.277,SF-P3O,Hopper-v4,0
869060,reward,6772,642.2038064333592,635.813,SF-P3O,Hopper-v4,0
869234,reward,6773,604.1686450044925,639.825,SF-P3O,Hopper-v4,0
869426,reward,6774,675.675500518447,642.505,SF-P3O,Hopper-v4,0
869613,reward,6775,657.0531008028487,644.42,SF-P3O,Hopper-v4,0
869806,reward,6776,680.554941120557,647.027,SF-P3O,Hopper-v4,0
869976,reward,6777,587.9336927390019,643.602,SF-P3O,Hopper-v4,0
870000,speed,528.73,23.42,SF-P3O,Hopper-v4,0
870001,spectral,0.078579,0.946834,0.1314,SF-P3O,Hopper-v4,0
870164,reward,6778,671.3550133919506,649.24,SF-P3O,Hopper-v4,0
870340,reward,6779,604.5007604669148,644.752,SF-P3O,Hopper-v4,0
870540,reward,6780,723.4490125224253,649.255,SF-P3O,Hopper-v4,0
870736,reward,6781,691.4764566327757,653.837,SF-P3O,Hopper-v4,0
870919,reward,6782,637.1906611950116,653.336,SF-P3O,Hopper-v4,0
871113,reward,6783,676.3011078484966,660.549,SF-P3O,Hopper-v4,0
871292,reward,6784,634.8838934282471,656.47,SF-P3O,Hopper-v4,0
871462,reward,6785,590.0423044409224,649.769,SF-P3O,Hopper-v4,0
871641,reward,6786,618.1424256274757,643.528,SF-P3O,Hopper-v4,0
871823,reward,6787,633.4789824708157,648.082,SF-P3O,Hopper-v4,0
872005,reward,6788,630.4643748167076,643.993,SF-P3O,Hopper-v4,0
872188,reward,6789,646.2224777222231,648.165,SF-P3O,Hopper-v4,0
872363,reward,6790,612.0353626057907,637.024,SF-P3O,Hopper-v4,0
872542,reward,6791,623.963551311191,630.273,SF-P3O,Hopper-v4,0
872723,reward,6792,628.8940139688456,629.443,SF-P3O,Hopper-v4,0
872898,reward,6793,603.0429062449487,622.117,SF-P3O,Hopper-v4,0
873078,reward,6794,638.3820464561251,622.467,SF-P3O,Hopper-v4,0
873240,reward,6795,544.3218490434834,617.895,SF-P3O,Hopper-v4,0
873418,reward,6796,625.1590213415141,618.596,SF-P3O,Hopper-v4,0
873599,reward,6797,640.6205135784902,619.311,SF-P3O,Hopper-v4,0
873787,reward,6798,664.1634245795863,622.681,SF-P3O,Hopper-v4,0
873957,reward,6799,595.6525960764942,617.624,SF-P3O,Hopper-v4,0
874129,reward,6800,597.2647079855242,616.146,SF-P3O,Hopper-v4,0
874319,reward,6801,664.1838217485496,620.168,SF-P3O,Hopper-v4,0
874492,reward,6802,604.0990030349147,617.689,SF-P3O,Hopper-v4,0
874676,reward,6803,647.8693000083853,622.172,SF-P3O,Hopper-v4,0
874871,reward,6804,689.2395115036986,627.257,SF-P3O,Hopper-v4,0
875063,reward,6805,675.8259720027072,640.408,SF-P3O,Hopper-v4,0
875252,reward,6806,676.5065902324797,645.543,SF-P3O,Hopper-v4,0
875431,reward,6807,635.1417050599978,644.995,SF-P3O,Hopper-v4,0
875623,reward,6808,675.3358391792408,646.112,SF-P3O,Hopper-v4,0
875805,reward,6809,634.094893968521,649.956,SF-P3O,Hopper-v4,0
875984,reward,6810,631.6998273753243,653.4,SF-P3O,Hopper-v4,0
876165,reward,6811,627.0926023489423,649.691,SF-P3O,Hopper-v4,0
876346,reward,6812,643.6178243821014,653.642,SF-P3O,Hopper-v4,0
876516,reward,6813,584.3834597085075,647.294,SF-P3O,Hopper-v4,0
876544,loss,-0.06270875036716461,0.6615172624588013,SF-P3O,Hopper-v4,0
876697,reward,6814,635.5042219955385,641.92,SF-P3O,Hopper-v4,0
876873,reward,6815,613.8508350549056,635.723,SF-P3O,Hopper-v4,0
877040,reward,6816,577.4691957792007,625.819,SF-P3O,Hopper-v4,0
877215,reward,6817,609.7667800162013,623.282,SF-P3O,Hopper-v4,0
877403,reward,6818,662.552770239408,622.003,SF-P3O,Hopper-v4,0
877593,reward,6819,668.2336768799036,625.417,SF-P3O,Hopper-v4,0
877780,reward,6820,659.9717757645226,628.244,SF-P3O,Hopper-v4,0
877953,reward,6821,603.9817275674334,625.933,SF-P3O,Hopper-v4,0
878130,reward,6822,619.8630624170008,623.558,SF-P3O,Hopper-v4,0
878303,reward,6823,614.9380417426207,626.613,SF-P3O,Hopper-v4,0
878475,reward,6824,593.3348667483403,622.396,SF-P3O,Hopper-v4,0
878642,reward,6825,580.0686875389882,619.018,SF-P3O,Hopper-v4,0
878817,reward,6826,609.0639144776999,622.178,SF-P3O,Hopper-v4,0
878997,reward,6827,630.9992643017883,624.301,SF-P3O,Hopper-v4,0
879180,reward,6828,642.3748584995525,622.283,SF-P3O,Hopper-v4,0
879352,reward,6829,604.5766798183171,615.917,SF-P3O,Hopper-v4,0
879520,reward,6830,585.0592051890959,608.426,SF-P3O,Hopper-v4,0
879700,reward,6831,638.0073804372524,611.829,SF-P3O,Hopper-v4,0
879890,reward,6832,672.6894990927798,617.111,SF-P3O,Hopper-v4,0
880000,speed,815.72,23.63,SF-P3O,Hopper-v4,0
880001,perturb,0.079061,0.946715,0.1205,65837,470,0.674699,11,SF-P3O,Hopper-v4,0
880081,reward,6833,673.4685131339224,622.964,SF-P3O,Hopper-v4,0
880266,reward,6834,651.366147146806,628.767,SF-P3O,Hopper-v4,0
880444,reward,6835,627.8925882573652,633.55,SF-P3O,Hopper-v4,0
880634,reward,6836,682.2698141494376,640.87,SF-P3O,Hopper-v4,0
880809,reward,6837,619.4979740986146,639.72,SF-P3O,Hopper-v4,0
880985,reward,6838,616.9152004380638,637.174,SF-P3O,Hopper-v4,0
881163,reward,6839,634.4533343226327,640.162,SF-P3O,Hopper-v4,0
881340,reward,6840,627.548422045372,644.411,SF-P3O,Hopper-v4,0
881525,reward,6841,647.3168625481106,645.342,SF-P3O,Hopper-v4,0
881719,reward,6842,679.0953971861011,645.982,SF-P3O,Hopper-v4,0
881900,reward,6843,633.5947260126536,641.995,SF-P3O,Hopper-v4,0
882082,reward,6844,643.3975544779829,641.198,SF-P3O,Hopper-v4,0
882269,reward,6845,670.8481627510354,645.494,SF-P3O,Hopper-v4,0
882449,reward,6846,635.3923120580154,640.806,SF-P3O,Hopper-v4,0
882638,reward,6847,665.3856163847367,645.395,SF-P3O,Hopper-v4,0
882821,reward,6848,643.8243849997109,648.086,SF-P3O,Hopper-v4,0
883010,reward,6849,669.9256276816056,651.633,SF-P3O,Hopper-v4,0
883188,reward,6850,627.5416126022137,651.632,SF-P3O,Hopper-v4,0
883368,reward,6851,637.1457404614213,650.615,SF-P3O,Hopper-v4,0
883547,reward,6852,628.4694530648512,645.553,SF-P3O,Hopper-v4,0
883716,reward,6853,573.4896459239907,639.542,SF-P3O,Hopper-v4,0
883905,reward,6854,674.8495886980461,642.687,SF-P3O,Hopper-v4,0
884082,reward,6855,625.82468402958,638.185,SF-P3O,Hopper-v4,0
884264,reward,6856,639.9905964530222,638.645,SF-P3O,Hopper-v4,0
884452,reward,6857,668.8657738899929,638.993,SF-P3O,Hopper-v4,0
884635,reward,6858,656.5384938457247,640.264,SF-P3O,Hopper-v4,0
884736,loss,-0.030012749135494232,1.2430839538574219,SF-P3O,Hopper-v4,0
884736,diagnostics,0.0,64.17,49.6759,0.077292,0.94756,0.1216,0.177337,SF-P3O,Hopper-v4,0
884818,reward,6859,647.2474341759197,637.996,SF-P3O,Hopper-v4,0
885009,reward,6860,686.4108980372974,643.883,SF-P3O,Hopper-v4,0
885199,reward,6861,671.2563364891239,647.294,SF-P3O,Hopper-v4,0
885389,reward,6862,676.5592190929467,652.103,SF-P3O,Hopper-v4,0
885572,reward,6863,644.219910444738,659.176,SF-P3O,Hopper-v4,0
885769,reward,6864,679.0476591544106,659.596,SF-P3O,Hopper-v4,0
885961,reward,6865,689.7195527247561,665.986,SF-P3O,Hopper-v4,0
886160,reward,6866,678.9213681315099,669.879,SF-P3O,Hopper-v4,0
886346,reward,6867,647.236495883061,667.716,SF-P3O,Hopper-v4,0
886536,reward,6868,660.7439081526666,668.136,SF-P3O,Hopper-v4,0
886706,reward,6869,593.1060090428297,662.722,SF-P3O,Hopper-v4,0
886900,reward,6870,681.7426578242121,662.255,SF-P3O,Hopper-v4,0
887094,reward,6871,689.6778436387111,664.097,SF-P3O,Hopper-v4,0
887293,reward,6872,723.4627323473128,668.788,SF-P3O,Hopper-v4,0
887483,reward,6873,683.8652997693326,672.752,SF-P3O,Hopper-v4,0
887652,reward,6874,583.2971570951852,663.177,SF-P3O,Hopper-v4,0
887847,reward,6875,682.2019113764559,662.426,SF-P3O,Hopper-v4,0
888026,reward,6876,637.9518012475002,658.329,SF-P3O,Hopper-v4,0
888199,reward,6877,606.146726042653,654.22,SF-P3O,Hopper-v4,0
888385,reward,6878,652.6858872602937,653.414,SF-P3O,Hopper-v4,0
888562,reward,6879,626.0336630268595,656.707,SF-P3O,Hopper-v4,0
888730,reward,6880,581.6823053986972,646.701,SF-P3O,Hopper-v4,0
888909,reward,6881,627.4206661124117,640.475,SF-P3O,Hopper-v4,0
889077,reward,6882,587.4266329610066,626.871,SF-P3O,Hopper-v4,0
889279,reward,6883,699.9700774507426,628.482,SF-P3O,Hopper-v4,0
889476,reward,6884,694.784107967203,639.63,SF-P3O,Hopper-v4,0
889675,reward,6885,693.5236479852791,640.763,SF-P3O,Hopper-v4,0
889864,reward,6886,661.4036162293148,643.108,SF-P3O,Hopper-v4,0
890000,speed,818.31,23.83,SF-P3O,Hopper-v4,0
890001,spectral,0.077292,0.94756,0.1216,SF-P3O,Hopper-v4,0
890046,reward,6887,650.628264254819,647.556,SF-P3O,Hopper-v4,0
890230,reward,6888,628.4448177679957,645.132,SF-P3O,Hopper-v4,0
890414,reward,6889,655.2301912775808,648.051,SF-P3O,Hopper-v4,0
890604,reward,6890,672.2760051950987,657.111,SF-P3O,Hopper-v4,0
890799,reward,6891,704.5301125582349,664.822,SF-P3O,Hopper-v4,0
890978,reward,6892,625.9157438944433,668.671,SF-P3O,Hopper-v4,0
891157,reward,6893,625.0156057267778,661.175,SF-P3O,Hopper-v4,0
891342,reward,6894,644.6818749541019,656.165,SF-P3O,Hopper-v4,0
891529,reward,6895,663.8738486378271,653.2,SF-P3O,Hopper-v4,0
891713,reward,6896,650.0594677190063,652.066,SF-P3O,Hopper-v4,0
891900,reward,6897,674.582299809623,654.461,SF-P3O,Hopper-v4,0
892057,reward,6898,516.67403614354,643.284,SF-P3O,Hopper-v4,0
892231,reward,6899,609.149215198027,638.676,SF-P3O,Hopper-v4,0
892419,reward,6900,656.8043772094663,637.129,SF-P3O,Hopper-v4,0
892606,reward,6901,664.2053584724936,633.096,SF-P3O,Hopper-v4,0
892793,reward,6902,656.0158124374834,636.106,SF-P3O,Hopper-v4,0
892928,loss,-0.05945328623056412,0.565992534160614,SF-P3O,Hopper-v4,0
892984,reward,6903,655.4159078860936,639.146,SF-P3O,Hopper-v4,0
893170,reward,6904,655.0323453848548,640.181,SF-P3O,Hopper-v4,0
893339,reward,6905,588.7347968551301,632.667,SF-P3O,Hopper-v4,0
893532,reward,6906,686.8704695828486,636.348,SF-P3O,Hopper-v4,0
893729,reward,6907,713.7320159660046,640.263,SF-P3O,Hopper-v4,0
893922,reward,6908,671.2701257921483,655.723,SF-P3O,Hopper-v4,0
894107,reward,6909,657.0459434098959,660.513,SF-P3O,Hopper-v4,0
894294,reward,6910,668.7168940703011,661.704,SF-P3O,Hopper-v4,0
894489,reward,6911,701.543248701881,665.438,SF-P3O,Hopper-v4,0
894677,reward,6912,659.5121102483927,665.787,SF-P3O,Hopper-v4,0
894851,reward,6913,609.9993076375507,661.246,SF-P3O,Hopper-v4,0
895048,reward,6914,677.336814838105,663.476,SF-P3O,Hopper-v4,0
895244,reward,6915,681.8209808436146,672.785,SF-P3O,Hopper-v4,0
895427,reward,6916,630.6020812091507,667.158,SF-P3O,Hopper-v4,0
895630,reward,6917,692.1496494202122,665.0,SF-P3O,Hopper-v4,0
895821,reward,6918,685.753955913146,666.448,SF-P3O,Hopper-v4,0
896007,reward,6919,668.4913851921676,667.593,SF-P3O,Hopper-v4,0
896185,reward,6920,618.8920234377704,662.61,SF-P3O,Hopper-v4,0
896377,reward,6921,693.4945129863733,661.805,SF-P3O,Hopper-v4,0
896572,reward,6922,685.6808627740774,664.422,SF-P3O,Hopper-v4,0
896764,reward,6923,678.2924675191487,671.251,SF-P3O,Hopper-v4,0
896955,reward,6924,679.564950777287,671.474,SF-P3O,Hopper-v4,0
897146,reward,6925,672.4671329703316,670.539,SF-P3O,Hopper-v4,0
897332,reward,6926,651.1508576836011,672.594,SF-P3O,Hopper-v4,0
897521,reward,6927,667.7467293176177,670.153,SF-P3O,Hopper-v4,0
897712,reward,6928,680.3588170055585,669.614,SF-P3O,Hopper-v4,0
897898,reward,6929,648.8713906388914,667.652,SF-P3O,Hopper-v4,0
898080,reward,6930,625.9867463055068,668.361,SF-P3O,Hopper-v4,0
898266,reward,6931,654.2842455103429,664.44,SF-P3O,Hopper-v4,0
898444,reward,6932,629.1527470086504,658.788,SF-P3O,Hopper-v4,0
898645,reward,6933,703.7330904044021,661.332,SF-P3O,Hopper-v4,0
898841,reward,6934,692.762931018613,662.651,SF-P3O,Hopper-v4,0
899039,reward,6935,674.9614780983308,662.901,SF-P3O,Hopper-v4,0
899221,reward,6936,644.657301892654,662.252,SF-P3O,Hopper-v4,0
899409,reward,6937,658.9579689199732,661.373,SF-P3O,Hopper-v4,0
899584,reward,6938,608.9447435486198,654.231,SF-P3O,Hopper-v4,0
899726,reward,6939,439.7407052131703,633.318,SF-P3O,Hopper-v4,0
899908,reward,6940,634.3502047323424,634.155,SF-P3O,Hopper-v4,0
900000,speed,825.44,24.03,SF-P3O,Hopper-v4,0
900001,spectral,0.077554,0.94758,0.1348,SF-P3O,Hopper-v4,0
900085,reward,6941,624.4914996816191,631.175,SF-P3O,Hopper-v4,0
900234,reward,6942,458.6799853074861,614.128,SF-P3O,Hopper-v4,0
900420,reward,6943,657.1956279079923,609.474,SF-P3O,Hopper-v4,0
900606,reward,6944,654.1527767618567,605.613,SF-P3O,Hopper-v4,0
900795,reward,6945,671.2380363070024,605.241,SF-P3O,Hopper-v4,0
900974,reward,6946,628.6244393407688,603.638,SF-P3O,Hopper-v4,0
901120,loss,-0.06019481271505356,0.42114028334617615,SF-P3O,Hopper-v4,0
901120,diagnostics,0.0,64.3,28.3906,0.078094,0.947316,0.1251,0.173838,SF-P3O,Hopper-v4,0
901159,reward,6947,657.6710913637774,603.509,SF-P3O,Hopper-v4,0
901353,reward,6948,685.7303755781443,611.187,SF-P3O,Hopper-v4,0
901554,reward,6949,695.7156204608112,636.785,SF-P3O,Hopper-v4,0
901751,reward,6950,703.0489595089981,643.655,SF-P3O,Hopper-v4,0
901935,reward,6951,655.3013996320531,646.736,SF-P3O,Hopper-v4,0
902119,reward,6952,659.167828604095,666.785,SF-P3O,Hopper-v4,0
902293,reward,6953,605.4080837128985,661.606,SF-P3O,Hopper-v4,0
902489,reward,6954,696.6565158631248,665.856,SF-P3O,Hopper-v4,0
902682,reward,6955,675.4956570678047,666.282,SF-P3O,Hopper-v4,0
902890,reward,6956,702.183621352527,673.638,SF-P3O,Hopper-v4,0
903083,reward,6957,695.2470437940227,677.396,SF-P3O,Hopper-v4,0
903257,reward,6958,602.9206484985019,669.115,SF-P3O,Hopper-v4,0
903440,reward,6959,647.5810951398831,664.301,SF-P3O,Hopper-v4,0
903631,reward,6960,683.5474672701073,662.351,SF-P3O,Hopper-v4,0
903825,reward,6961,688.4553032044367,665.666,SF-P3O,Hopper-v4,0
903999,reward,6962,603.7298455548762,660.123,SF-P3O,Hopper-v4,0
904172,reward,6963,605.8913630544212,660.171,SF-P3O,Hopper-v4,0
904360,reward,6964,660.5689751676852,656.562,SF-P3O,Hopper-v4,0
904564,reward,6965,713.8842419309549,660.401,SF-P3O,Hopper-v4,0
904758,reward,6966,684.0800080587734,658.591,SF-P3O,Hopper-v4,0
904932,reward,6967,607.710230112439,649.837,SF-P3O,Hopper-v4,0
905112,reward,6968,623.3361913908706,651.878,SF-P3O,Hopper-v4,0
905295,reward,6969,653.2984219342117,652.45,SF-P3O,Hopper-v4,0
905482,reward,6970,662.9854994923027,650.394,SF-P3O,Hopper-v4,0
905659,reward,6971,618.0456639234004,643.353,SF-P3O,Hopper-v4,0
905852,reward,6972,685.3467633917604,651.515,SF-P3O,Hopper-v4,0
906024,reward,6973,599.4525960015746,650.871,SF-P3O,Hopper-v4,0
906206,reward,6974,642.8555530535831,649.1,SF-P3O,Hopper-v4,0
906400,reward,6975,681.1724301106846,645.828,SF-P3O,Hopper-v4,0
906582,reward,6976,648.5471122406724,642.275,SF-P3O,Hopper-v4,0
906769,reward,6977,661.7983518324783,647.684,SF-P3O,Hopper-v4,0
906948,reward,6978,615.2495462857199,646.875,SF-P3O,Hopper-v4,0
907132,reward,6979,655.8806588887052,647.133,SF-P3O,Hopper-v4,0
907332,reward,6980,692.9390666724237,650.129,SF-P3O,Hopper-v4,0
907530,reward,6981,698.9286193762517,658.217,SF-P3O,Hopper-v4,0
907725,reward,6982,693.066613746479,658.989,SF-P3O,Hopper-v4,0
907922,reward,6983,691.4479654761022,668.189,SF-P3O,Hopper-v4,0
908115,reward,6984,676.9584514728928,671.599,SF-P3O,Hopper-v4,0
908299,reward,6985,656.8876477622055,669.17,SF-P3O,Hopper-v4,0
908482,reward,6986,636.5590837006706,667.972,SF-P3O,Hopper-v4,0
908673,reward,6987,677.8024808180234,669.572,SF-P3O,Hopper-v4,0
908864,reward,6988,687.5737994733461,676.804,SF-P3O,Hopper-v4,0
909057,reward,6989,695.8624044842475,680.803,SF-P3O,Hopper-v4,0
909237,reward,6990,624.302110704964,673.939,SF-P3O,Hopper-v4,0
909312,loss,0.06141609698534012,2.5651979446411133,SF-P3O,Hopper-v4,0
909414,reward,6991,618.3241731252216,665.878,SF-P3O,Hopper-v4,0
909608,reward,6992,679.2338527559117,664.495,SF-P3O,Hopper-v4,0
909791,reward,6993,653.0424239622048,660.655,SF-P3O,Hopper-v4,0
909970,reward,6994,624.2571504332552,655.385,SF-P3O,Hopper-v4,0
910000,speed,530.51,24.35,SF-P3O,Hopper-v4,0
910001,spectral,0.078629,0.947357,0.1159,SF-P3O,Hopper-v4,0
910159,reward,6995,669.9180549690984,656.688,SF-P3O,Hopper-v4,0
910333,reward,6996,604.1458991255834,653.446,SF-P3O,Hopper-v4,0
910511,reward,6997,625.5290179954736,648.219,SF-P3O,Hopper-v4,0
910696,reward,6998,659.0259832133107,645.364,SF-P3O,Hopper-v4,0
910863,reward,6999,566.9091696925346,632.469,SF-P3O,Hopper-v4,0
911067,reward,7000,693.0267023649719,639.341,SF-P3O,Hopper-v4,0
911257,reward,7001,674.5676352396887,644.966,SF-P3O,Hopper-v4,0
911439,reward,7002,645.258809029244,641.568,SF-P3O,Hopper-v4,0
911640,reward,7003,724.2966643061701,648.694,SF-P3O,Hopper-v4,0
911832,reward,7004,675.7053794053454,653.838,SF-P3O,Hopper-v4,0
912019,reward,7005,660.7041574039555,652.917,SF-P3O,Hopper-v4,0
912202,reward,7006,628.5566574921637,655.358,SF-P3O,Hopper-v4,0
912391,reward,7007,670.2553761026144,659.831,SF-P3O,Hopper-v4,0
912584,reward,7008,685.4470683166189,662.473,SF-P3O,Hopper-v4,0
912769,reward,7009,656.5661125989824,671.438,SF-P3O,Hopper-v4,0
912963,reward,7010,685.1141932594749,670.647,SF-P3O,Hopper-v4,0
913155,reward,7011,692.8045645819637,672.471,SF-P3O,Hopper-v4,0
913317,reward,7012,553.158741765843,663.261,SF-P3O,Hopper-v4,0
913509,reward,7013,683.0454375621034,659.136,SF-P3O,Hopper-v4,0
913688,reward,7014,626.0128775471287,654.167,SF-P3O,Hopper-v4,0
913865,reward,7015,626.080365652563,650.704,SF-P3O,Hopper-v4,0
914043,reward,7016,630.6295999887525,650.911,SF-P3O,Hopper-v4,0
914226,reward,7017,648.4811030652565,648.734,SF-P3O,Hopper-v4,0
914413,reward,7018,655.4617508391375,645.735,SF-P3O,Hopper-v4,0
914596,reward,7019,655.7471900916167,645.654,SF-P3O,Hopper-v4,0
914775,reward,7020,628.5771604881489,640.0,SF-P3O,Hopper-v4,0
914965,reward,7021,671.8412422288208,637.904,SF-P3O,Hopper-v4,0
915162,reward,7022,656.2208033484485,648.21,SF-P3O,Hopper-v4,0
915354,reward,7023,689.5924817074048,648.864,SF-P3O,Hopper-v4,0
915558,reward,7024,706.4618148189401,656.909,SF-P3O,Hopper-v4,0
915745,reward,7025,661.0493013931174,660.406,SF-P3O,Hopper-v4,0
915947,reward,7026,722.8731611696696,669.631,SF-P3O,Hopper-v4,0
916124,reward,7027,617.9126129664148,666.574,SF-P3O,Hopper-v4,0
916319,reward,7028,698.9530027496328,670.923,SF-P3O,Hopper-v4,0
916514,reward,7029,678.4846769917793,673.197,SF-P3O,Hopper-v4,0
916693,reward,7030,628.7709811362423,673.216,SF-P3O,Hopper-v4,0
916882,reward,7031,669.7894311281809,673.011,SF-P3O,Hopper-v4,0
917072,reward,7032,689.573493360172,676.346,SF-P3O,Hopper-v4,0
917260,reward,7033,662.8321751029132,673.67,SF-P3O,Hopper-v4,0
917443,reward,7034,647.0189153902519,667.726,SF-P3O,Hopper-v4,0
917504,loss,-0.0075247203931212425,0.5335963368415833,SF-P3O,Hopper-v4,0
917504,diagnostics,0.0,64.51,22.3826,0.079387,0.946899,0.1127,0.177474,SF-P3O,Hopper-v4,0
917631,reward,7035,654.1719753523788,667.038,SF-P3O,Hopper-v4,0
917802,reward,7036,596.884813755994,654.439,SF-P3O,Hopper-v4,0
917966,reward,7037,562.6414815667132,648.912,SF-P3O,Hopper-v4,0
918145,reward,7038,621.9159470687525,641.208,SF-P3O,Hopper-v4,0
918332,reward,7039,674.4871657149472,640.809,SF-P3O,Hopper-v4,0
918510,reward,7040,634.7071806019817,641.402,SF-P3O,Hopper-v4,0
918684,reward,7041,606.8981310541716,635.113,SF-P3O,Hopper-v4,0
918863,reward,7042,621.4411605348961,628.3,SF-P3O,Hopper-v4,0
919061,reward,7043,701.500337311987,632.167,SF-P3O,Hopper-v4,0
919238,reward,7044,617.645262056166,629.229,SF-P3O,Hopper-v4,0
919416,reward,7045,631.41410715088,626.954,SF-P3O,Hopper-v4,0
919608,reward,7046,666.8126868374382,633.946,SF-P3O,Hopper-v4,0
919796,reward,7047,663.47000252626,644.029,SF-P3O,Hopper-v4,0
919976,reward,7048,652.4248732321973,647.08,SF-P3O,Hopper-v4,0
920000,speed,747.16,24.57,SF-P3O,Hopper-v4,0
920001,spectral,0.079387,0.946899,0.1127,SF-P3O,Hopper-v4,0
920159,reward,7049,640.9409931945778,643.725,SF-P3O,Hopper-v4,0
920355,reward,7050,690.522974200412,649.307,SF-P3O,Hopper-v4,0
920546,reward,7051,687.9308731536408,657.41,SF-P3O,Hopper-v4,0
920728,reward,7052,648.4451116782857,660.111,SF-P3O,Hopper-v4,0
920902,reward,7053,606.3699580407598,650.598,SF-P3O,Hopper-v4,0
921090,reward,7054,669.64694483597,655.798,SF-P3O,Hopper-v4,0
921265,reward,7055,620.9608716542584,654.753,SF-P3O,Hopper-v4,0
921450,reward,7056,653.7007285543851,653.441,SF-P3O,Hopper-v4,0
921636,reward,7057,656.2085600044927,652.715,SF-P3O,Hopper-v4,0
921831,reward,7058,694.9907247706035,656.972,SF-P3O,Hopper-v4,0
922025,reward,7059,672.1375470871906,660.091,SF-P3O,Hopper-v4,0
922215,reward,7060,682.8947488674208,659.329,SF-P3O,Hopper-v4,0
922399,reward,7061,655.7949607221617,656.115,SF-P3O,Hopper-v4,0
922577,reward,7062,640.0594738499059,655.276,SF-P3O,Hopper-v4,0
922752,reward,7063,617.9472712062695,656.434,SF-P3O,Hopper-v4,0
922925,reward,7064,601.5833361039934,649.628,SF-P3O,Hopper-v4,0
923107,reward,7065,633.6608390225825,650.898,SF-P3O,Hopper-v4,0
923286,reward,7066,631.7867848283433,648.706,SF-P3O,Hopper-v4,0
923468,reward,7067,643.8811053685348,647.474,SF-P3O,Hopper-v4,0
923648,reward,7068,639.3450178609789,641.909,SF-P3O,Hopper-v4,0
923828,reward,7069,630.0229194018316,637.698,SF-P3O,Hopper-v4,0
924012,reward,7070,639.6440636770936,633.373,SF-P3O,Hopper-v4,0
924195,reward,7071,656.0205644914302,633.395,SF-P3O,Hopper-v4,0
924381,reward,7072,666.6811077985359,636.057,SF-P3O,Hopper-v4,0
924550,reward,7073,596.7989885763086,633.942,SF-P3O,Hopper-v4,0
924729,reward,7074,638.6097835640247,637.645,SF-P3O,Hopper-v4,0
924912,reward,7075,660.2697763166085,640.306,SF-P3O,Hopper-v4,0
925093,reward,7076,646.7479752275029,641.802,SF-P3O,Hopper-v4,0
925287,reward,7077,684.1316403359918,645.827,SF-P3O,Hopper-v4,0
925464,reward,7078,623.4710788255446,644.24,SF-P3O,Hopper-v4,0
925615,reward,7079,504.19743257906066,631.657,SF-P3O,Hopper-v4,0
925696,loss,0.00510401651263237,1.2126586437225342,SF-P3O,Hopper-v4,0
925807,reward,7080,672.9707006180192,634.99,SF-P3O,Hopper-v4,0
926006,reward,7081,685.0501679396461,637.893,SF-P3O,Hopper-v4,0
926183,reward,7082,605.8946926866008,631.814,SF-P3O,Hopper-v4,0
926380,reward,7083,687.0680623037625,640.841,SF-P3O,Hopper-v4,0
926562,reward,7084,639.7062205421084,640.951,SF-P3O,Hopper-v4,0
926746,reward,7085,645.8028517918558,639.504,SF-P3O,Hopper-v4,0
926934,reward,7086,652.5566159490392,640.085,SF-P3O,Hopper-v4,0
927134,reward,7087,697.7874741101083,641.451,SF-P3O,Hopper-v4,0
927327,reward,7088,690.3359119068687,648.137,SF-P3O,Hopper-v4,0
927514,reward,7089,660.1786688733287,663.735,SF-P3O,Hopper-v4,0
927698,reward,7090,652.8628785320303,661.724,SF-P3O,Hopper-v4,0
927895,reward,7091,699.0207767996909,663.121,SF-P3O,Hopper-v4,0
928091,reward,7092,686.6536028467369,671.197,SF-P3O,Hopper-v4,0
928273,reward,7093,642.5897566667317,666.749,SF-P3O,Hopper-v4,0
928436,reward,7094,557.1523227139386,658.494,SF-P3O,Hopper-v4,0
928623,reward,7095,663.8377746414428,660.298,SF-P3O,Hopper-v4,0
928804,reward,7096,643.4585817352253,659.388,SF-P3O,Hopper-v4,0
928979,reward,7097,591.1998916949609,648.729,SF-P3O,Hopper-v4,0
929164,reward,7098,656.5844766993639,645.354,SF-P3O,Hopper-v4,0
929352,reward,7099,665.9065149542173,645.927,SF-P3O,Hopper-v4,0
929548,reward,7100,685.7028965368023,649.211,SF-P3O,Hopper-v4,0
929731,reward,7101,646.6644200399204,643.975,SF-P3O,Hopper-v4,0
929906,reward,7102,595.9013753907652,634.9,SF-P3O,Hopper-v4,0
930000,speed,765.04,24.79,SF-P3O,Hopper-v4,0
930001,perturb,0.079668,0.946662,0.1208,298,473,0.0,12,SF-P3O,Hopper-v4,0
930085,reward,7103,638.3202935274486,634.473,SF-P3O,Hopper-v4,0
930278,reward,7104,685.5603756678076,647.314,SF-P3O,Hopper-v4,0
930468,reward,7105,661.0066061199958,647.031,SF-P3O,Hopper-v4,0
930646,reward,7106,626.553939480764,645.34,SF-P3O,Hopper-v4,0
930841,reward,7107,674.0929461463367,653.629,SF-P3O,Hopper-v4,0
931012,reward,7108,602.6464198543215,648.236,SF-P3O,Hopper-v4,0
931195,reward,7109,644.0135132827971,646.046,SF-P3O,Hopper-v4,0
931375,reward,7110,635.7273576008901,641.049,SF-P3O,Hopper-v4,0
931573,reward,7111,690.7050620205757,645.453,SF-P3O,Hopper-v4,0
931758,reward,7112,658.7192262084006,651.735,SF-P3O,Hopper-v4,0
931932,reward,7113,609.4065078017501,648.843,SF-P3O,Hopper-v4,0
932110,reward,7114,632.7029721496076,643.557,SF-P3O,Hopper-v4,0
932298,reward,7115,682.0201591442856,645.659,SF-P3O,Hopper-v4,0
932478,reward,7116,635.2712882173025,646.531,SF-P3O,Hopper-v4,0
932670,reward,7117,676.4016800596106,646.761,SF-P3O,Hopper-v4,0
932843,reward,7118,607.301770426052,647.227,SF-P3O,Hopper-v4,0
933030,reward,7119,665.9351067331681,649.419,SF-P3O,Hopper-v4,0
933227,reward,7120,689.4195508124823,654.788,SF-P3O,Hopper-v4,0
933403,reward,7121,614.7386850838265,647.192,SF-P3O,Hopper-v4,0
933586,reward,7122,644.66042743843,645.786,SF-P3O,Hopper-v4,0
933773,reward,7123,652.7419239995282,650.119,SF-P3O,Hopper-v4,0
933888,loss,-0.07733175158500671,0.939811110496521,SF-P3O,Hopper-v4,0
933888,diagnostics,0.0,64.63,28.2668,0.080129,0.946654,0.1213,0.154623,SF-P3O,Hopper-v4,0
933961,reward,7124,668.5996231351697,653.709,SF-P3O,Hopper-v4,0
934130,reward,7125,597.8539458766408,645.292,SF-P3O,Hopper-v4,0
934315,reward,7126,658.3649684733599,647.602,SF-P3O,Hopper-v4,0
934490,reward,7127,613.3499985665974,641.297,SF-P3O,Hopper-v4,0
934662,reward,7128,601.1695032620065,640.683,SF-P3O,Hopper-v4,0
934846,reward,7129,642.0487719323672,638.295,SF-P3O,Hopper-v4,0
935026,reward,7130,637.0250027455883,633.055,SF-P3O,Hopper-v4,0
935208,reward,7131,650.4371093973471,636.625,SF-P3O,Hopper-v4,0
935402,reward,7132,698.1876436058362,641.978,SF-P3O,Hopper-v4,0
935585,reward,7133,652.9121317591629,641.995,SF-P3O,Hopper-v4,0
935760,reward,7134,621.0728333741916,637.242,SF-P3O,Hopper-v4,0
935948,reward,7135,664.3826768459021,643.895,SF-P3O,Hopper-v4,0
936146,reward,7136,696.5506593622416,647.714,SF-P3O,Hopper-v4,0
936340,reward,7137,687.1275084635349,655.091,SF-P3O,Hopper-v4,0
936535,reward,7138,698.4572636743862,664.82,SF-P3O,Hopper-v4,0
936707,reward,7139,594.4670073225751,660.062,SF-P3O,Hopper-v4,0
936890,reward,7140,650.4246496709106,661.402,SF-P3O,Hopper-v4,0
937066,reward,7141,619.6907903951077,658.327,SF-P3O,Hopper-v4,0
937232,reward,7142,576.1711484933592,646.126,SF-P3O,Hopper-v4,0
937415,reward,7143,654.1192645391291,646.246,SF-P3O,Hopper-v4,0
937604,reward,7144,679.1192454183658,652.051,SF-P3O,Hopper-v4,0
937786,reward,7145,643.5928294533509,649.972,SF-P3O,Hopper-v4,0
937962,reward,7146,622.9847010954867,642.615,SF-P3O,Hopper-v4,0
938152,reward,7147,682.0785594285782,642.111,SF-P3O,Hopper-v4,0
938336,reward,7148,648.5647992360803,637.121,SF-P3O,Hopper-v4,0
938510,reward,7149,606.6822457459657,638.343,SF-P3O,Hopper-v4,0
938709,reward,7150,725.3589560892697,645.836,SF-P3O,Hopper-v4,0
938894,reward,7151,658.8377013373417,649.751,SF-P3O,Hopper-v4,0
939083,reward,7152,671.2053346577909,659.254,SF-P3O,Hopper-v4,0
939260,reward,7153,621.5843688966571,656.001,SF-P3O,Hopper-v4,0
939436,reward,7154,615.3694233339487,649.626,SF-P3O,Hopper-v4,0
939625,reward,7155,677.6967502564066,653.036,SF-P3O,Hopper-v4,0
939805,reward,7156,635.376026185512,654.275,SF-P3O,Hopper-v4,0
939971,reward,7157,567.6819678960966,642.836,SF-P3O,Hopper-v4,0
940000,speed,823.72,24.99,SF-P3O,Hopper-v4,0
940001,spectral,0.080129,0.946654,0.1213,SF-P3O,Hopper-v4,0
940147,reward,7158,624.9874593183293,640.478,SF-P3O,Hopper-v4,0
940319,reward,7159,609.6411196417878,640.774,SF-P3O,Hopper-v4,0
940489,reward,7160,598.9739859721341,628.135,SF-P3O,Hopper-v4,0
940672,reward,7161,647.5426728990235,627.006,SF-P3O,Hopper-v4,0
940848,reward,7162,628.7669305025386,622.762,SF-P3O,Hopper-v4,0
941017,reward,7163,573.9892688593072,618.003,SF-P3O,Hopper-v4,0
941203,reward,7164,668.5180040575744,623.317,SF-P3O,Hopper-v4,0
941391,reward,7165,683.9279716203512,623.941,SF-P3O,Hopper-v4,0
941584,reward,7166,685.7550464265279,628.978,SF-P3O,Hopper-v4,0
941770,reward,7167,652.8314315902023,637.493,SF-P3O,Hopper-v4,0
941946,reward,7168,618.7165953251347,636.866,SF-P3O,Hopper-v4,0
942080,loss,-0.050963643938302994,0.4563017189502716,SF-P3O,Hopper-v4,0
942132,reward,7169,677.2614719210325,643.628,SF-P3O,Hopper-v4,0
942314,reward,7170,640.6261561075602,647.794,SF-P3O,Hopper-v4,0
942499,reward,7171,651.7198631747833,648.211,SF-P3O,Hopper-v4,0
942678,reward,7172,622.3935713760875,647.574,SF-P3O,Hopper-v4,0
942860,reward,7173,631.8130701334086,653.356,SF-P3O,Hopper-v4,0
943057,reward,7174,696.1032404206354,656.115,SF-P3O,Hopper-v4,0
943253,reward,7175,699.4021238226159,657.662,SF-P3O,Hopper-v4,0
943417,reward,7176,566.7699302882196,645.764,SF-P3O,Hopper-v4,0
943610,reward,7177,708.3333824749603,651.314,SF-P3O,Hopper-v4,0
943782,reward,7178,599.257987492438,649.368,SF-P3O,Hopper-v4,0
943940,reward,7179,527.8450547990353,634.426,SF-P3O,Hopper-v4,0
944126,reward,7180,668.6460621078727,637.228,SF-P3O,Hopper-v4,0
944330,reward,7181,691.4289063870982,641.199,SF-P3O,Hopper-v4,0
944514,reward,7182,642.3982220584497,643.2,SF-P3O,Hopper-v4,0
944679,reward,7183,570.8118466970004,637.1,SF-P3O,Hopper-v4,0
944863,reward,7184,655.3704240444464,633.026,SF-P3O,Hopper-v4,0
945039,reward,7185,621.3715536347836,625.223,SF-P3O,Hopper-v4,0
945240,reward,7186,699.1105175385874,638.457,SF-P3O,Hopper-v4,0
945403,reward,7187,545.3137343632787,622.155,SF-P3O,Hopper-v4,0
945599,reward,7188,695.9078729135773,631.82,SF-P3O,Hopper-v4,0
945787,reward,7189,676.3252074420152,646.668,SF-P3O,Hopper-v4,0
945971,reward,7190,660.3994158722545,645.844,SF-P3O,Hopper-v4,0
946148,reward,7191,616.7582439562877,638.377,SF-P3O,Hopper-v4,0
946337,reward,7192,665.8150192205962,640.718,SF-P3O,Hopper-v4,0
946516,reward,7193,620.2807189732151,645.665,SF-P3O,Hopper-v4,0
946683,reward,7194,579.8699323692748,638.115,SF-P3O,Hopper-v4,0
946853,reward,7195,596.323915618459,635.61,SF-P3O,Hopper-v4,0
947031,reward,7196,636.5445732004393,629.354,SF-P3O,Hopper-v4,0
947230,reward,7197,702.1458781438342,645.037,SF-P3O,Hopper-v4,0
947413,reward,7198,636.8254184027098,639.129,SF-P3O,Hopper-v4,0
947592,reward,7199,633.2595746477589,634.822,SF-P3O,Hopper-v4,0
947777,reward,7200,660.3798549588596,634.82,SF-P3O,Hopper-v4,0
947976,reward,7201,678.6995698254705,641.014,SF-P3O,Hopper-v4,0
948168,reward,7202,684.9950689435092,642.932,SF-P3O,Hopper-v4,0
948358,reward,7203,684.2249260956735,649.327,SF-P3O,Hopper-v4,0
948542,reward,7204,651.0668359380387,656.447,SF-P3O,Hopper-v4,0
948720,reward,7205,627.4087483734929,659.555,SF-P3O,Hopper-v4,0
948906,reward,7206,663.4330762128989,662.244,SF-P3O,Hopper-v4,0
949092,reward,7207,663.3573956471264,658.365,SF-P3O,Hopper-v4,0
949261,reward,7208,571.3999079929056,651.822,SF-P3O,Hopper-v4,0
949437,reward,7209,613.856410962282,649.882,SF-P3O,Hopper-v4,0
949632,reward,7210,690.8736170170212,652.932,SF-P3O,Hopper-v4,0
949837,reward,7211,719.4108953774517,657.003,SF-P3O,Hopper-v4,0
950000,speed,783.46,25.2,SF-P3O,Hopper-v4,0
950001,spectral,0.080391,0.946387,0.1213,SF-P3O,Hopper-v4,0
950031,reward,7212,681.1821803076124,656.621,SF-P3O,Hopper-v4,0
950192,reward,7213,550.7004140947926,643.269,SF-P3O,Hopper-v4,0
950272,loss,-0.05116840451955795,0.39842668175697327,SF-P3O,Hopper-v4,0
950272,diagnostics,0.0,64.77,24.1836,0.080876,0.946094,0.1322,0.169249,SF-P3O,Hopper-v4,0
950353,reward,7214,552.2848021753742,633.391,SF-P3O,Hopper-v4,0
950541,reward,7215,679.561214742621,638.606,SF-P3O,Hopper-v4,0
950730,reward,7216,673.3876503280561,639.601,SF-P3O,Hopper-v4,0
950917,reward,7217,668.2467324320712,640.09,SF-P3O,Hopper-v4,0
951098,reward,7218,641.6956436378234,647.12,SF-P3O,Hopper-v4,0
951296,reward,7219,702.063280144331,655.941,SF-P3O,Hopper-v4,0
951468,reward,7220,597.2883787928041,646.582,SF-P3O,Hopper-v4,0
951640,reward,7221,599.1089302121204,634.552,SF-P3O,Hopper-v4,0
951824,reward,7222,654.5210165059668,631.886,SF-P3O,Hopper-v4,0
952019,reward,7223,693.838609155833,646.2,SF-P3O,Hopper-v4,0
952200,reward,7224,632.0388034809218,654.175,SF-P3O,Hopper-v4,0
952375,reward,7225,619.8349630387562,648.202,SF-P3O,Hopper-v4,0
952565,reward,7226,675.321229361766,648.396,SF-P3O,Hopper-v4,0
952741,reward,7227,619.6624034814586,643.537,SF-P3O,Hopper-v4,0
952942,reward,7228,726.6575500655999,652.034,SF-P3O,Hopper-v4,0
953135,reward,7229,679.4337794380018,649.771,SF-P3O,Hopper-v4,0
953316,reward,7230,643.8485167355358,654.427,SF-P3O,Hopper-v4,0
953499,reward,7231,654.8256230405226,659.998,SF-P3O,Hopper-v4,0
953689,reward,7232,686.6204458619079,663.208,SF-P3O,Hopper-v4,0
953873,reward,7233,642.0004669325391,658.024,SF-P3O,Hopper-v4,0
954060,reward,7234,673.0484595904427,662.125,SF-P3O,Hopper-v4,0
954242,reward,7235,655.603561730805,665.702,SF-P3O,Hopper-v4,0
954434,reward,7236,682.361890753016,666.406,SF-P3O,Hopper-v4,0
954607,reward,7237,599.338895466971,664.374,SF-P3O,Hopper-v4,0
954791,reward,7238,653.2907479679234,657.037,SF-P3O,Hopper-v4,0
954968,reward,7239,618.3180565923518,650.926,SF-P3O,Hopper-v4,0
955145,reward,7240,624.1692714712814,648.958,SF-P3O,Hopper-v4,0
955344,reward,7241,703.9496069076788,653.87,SF-P3O,Hopper-v4,0
955534,reward,7242,672.7046246394431,652.479,SF-P3O,Hopper-v4,0
955721,reward,7243,672.0909766281005,655.488,SF-P3O,Hopper-v4,0
955903,reward,7244,645.1479534760854,652.698,SF-P3O,Hopper-v4,0
956092,reward,7245,677.1215747182044,654.849,SF-P3O,Hopper-v4,0
956281,reward,7246,677.0932136065527,654.322,SF-P3O,Hopper-v4,0
956463,reward,7247,645.4511343476573,658.934,SF-P3O,Hopper-v4,0
956644,reward,7248,631.0342940710235,656.708,SF-P3O,Hopper-v4,0
956834,reward,7249,664.9996427486012,661.376,SF-P3O,Hopper-v4,0
957022,reward,7250,682.318208573699,667.191,SF-P3O,Hopper-v4,0
957198,reward,7251,625.8012428286697,659.376,SF-P3O,Hopper-v4,0
957376,reward,7252,627.449826802902,654.851,SF-P3O,Hopper-v4,0
957552,reward,7253,627.1036588149799,650.352,SF-P3O,Hopper-v4,0
957731,reward,7254,620.4078891177055,647.878,SF-P3O,Hopper-v4,0
957912,reward,7255,639.5665650705294,644.123,SF-P3O,Hopper-v4,0
958089,reward,7256,625.8333140959124,638.997,SF-P3O,Hopper-v4,0
958269,reward,7257,639.0339870186848,638.355,SF-P3O,Hopper-v4,0
958443,reward,7258,610.0945314357375,636.261,SF-P3O,Hopper-v4,0
958464,loss,0.03733868524432182,2.7300543785095215,SF-P3O,Hopper-v4,0
958635,reward,7259,686.7641348330872,638.437,SF-P3O,Hopper-v4,0
958802,reward,7260,570.3843453748592,627.244,SF-P3O,Hopper-v4,0
958987,reward,7261,660.4012762885412,630.704,SF-P3O,Hopper-v4,0
959155,reward,7262,583.2095780505252,626.28,SF-P3O,Hopper-v4,0
959338,reward,7263,659.1730062323392,629.487,SF-P3O,Hopper-v4,0
959505,reward,7264,578.4082001351235,625.287,SF-P3O,Hopper-v4,0
959690,reward,7265,667.1625651005768,628.046,SF-P3O,Hopper-v4,0
959864,reward,7266,607.974634634743,626.261,SF-P3O,Hopper-v4,0
960000,speed,536.96,25.51,SF-P3O,Hopper-v4,0
960001,spectral,0.08144,0.946142,0.1335,SF-P3O,Hopper-v4,0
960050,reward,7267,667.5202527686241,629.109,SF-P3O,Hopper-v4,0
960217,reward,7268,576.8400866419008,625.784,SF-P3O,Hopper-v4,0
960384,reward,7269,577.7194799510804,614.879,SF-P3O,Hopper-v4,0
960541,reward,7270,524.2706109721076,610.268,SF-P3O,Hopper-v4,0
960719,reward,7271,623.4064108752037,606.568,SF-P3O,Hopper-v4,0
960882,reward,7272,548.8178071481251,603.129,SF-P3O,Hopper-v4,0
961063,reward,7273,639.7147812066985,601.183,SF-P3O,Hopper-v4,0
961253,reward,7274,669.1759768421798,610.26,SF-P3O,Hopper-v4,0
961431,reward,7275,633.6687902706573,606.911,SF-P3O,Hopper-v4,0
961592,reward,7276,542.4892590251645,600.362,SF-P3O,Hopper-v4,0
961772,reward,7277,641.0507013683373,597.715,SF-P3O,Hopper-v4,0
961952,reward,7278,638.7656269384316,603.908,SF-P3O,Hopper-v4,0
962140,reward,7279,670.2016059619559,613.156,SF-P3O,Hopper-v4,0
962305,reward,7280,572.2355573302208,617.953,SF-P3O,Hopper-v4,0
962494,reward,7281,676.6922627121031,623.281,SF-P3O,Hopper-v4,0
962667,reward,7282,603.6134770083968,628.761,SF-P3O,Hopper-v4,0
962846,reward,7283,633.4420516264161,628.134,SF-P3O,Hopper-v4,0
963028,reward,7284,650.0985890048597,626.226,SF-P3O,Hopper-v4,0
963214,reward,7285,667.005181642967,629.559,SF-P3O,Hopper-v4,0
963383,reward,7286,592.0652026114952,634.517,SF-P3O,Hopper-v4,0
963563,reward,7287,638.6566922063005,634.278,SF-P3O,Hopper-v4,0
963752,reward,7288,675.2455435983313,637.926,SF-P3O,Hopper-v4,0
963930,reward,7289,616.680875463393,632.574,SF-P3O,Hopper-v4,0
964102,reward,7290,604.5241384249238,635.802,SF-P3O,Hopper-v4,0
964273,reward,7291,598.3142603655522,627.965,SF-P3O,Hopper-v4,0
964447,reward,7292,611.5015827551018,628.753,SF-P3O,Hopper-v4,0
964618,reward,7293,598.0590554804552,625.215,SF-P3O,Hopper-v4,0
964803,reward,7294,655.6117961698106,625.766,SF-P3O,Hopper-v4,0
964999,reward,7295,698.5801668169122,628.924,SF-P3O,Hopper-v4,0
965186,reward,7296,665.8198539419599,636.299,SF-P3O,Hopper-v4,0
965367,reward,7297,648.1960093883916,637.253,SF-P3O,Hopper-v4,0
965557,reward,7298,669.8531653158543,636.714,SF-P3O,Hopper-v4,0
965738,reward,7299,649.1714564344102,639.963,SF-P3O,Hopper-v4,0
965927,reward,7300,683.4156730864503,647.852,SF-P3O,Hopper-v4,0
966081,reward,7301,500.8585863148552,638.107,SF-P3O,Hopper-v4,0
966248,reward,7302,577.6452921980413,634.721,SF-P3O,Hopper-v4,0
966433,reward,7303,662.451536149237,641.16,SF-P3O,Hopper-v4,0
966611,reward,7304,630.6757716718895,638.667,SF-P3O,Hopper-v4,0
966656,loss,-0.092333123087883,0.5497853755950928,SF-P3O,Hopper-v4,0
966656,diagnostics,0.0,64.96,15.8272,0.082038,0.946262,0.1269,0.172479,SF-P3O,Hopper-v4,0
966779,reward,7305,575.072232584924,626.316,SF-P3O,Hopper-v4,0
966952,reward,7306,605.3878299170271,620.273,SF-P3O,Hopper-v4,0
967145,reward,7307,692.9235503628225,624.746,SF-P3O,Hopper-v4,0
967335,reward,7308,682.9450411431523,626.055,SF-P3O,Hopper-v4,0
967508,reward,7309,600.6937955012193,621.207,SF-P3O,Hopper-v4,0
967675,reward,7310,576.9764600794433,610.563,SF-P3O,Hopper-v4,0
967851,reward,7311,620.5509080114673,622.532,SF-P3O,Hopper-v4,0
968022,reward,7312,602.3083099162707,624.999,SF-P3O,Hopper-v4,0
968201,reward,7313,638.5578516586395,622.609,SF-P3O,Hopper-v4,0
968381,reward,7314,633.1134466755612,622.853,SF-P3O,Hopper-v4,0
968564,reward,7315,651.5993311924423,630.506,SF-P3O,Hopper-v4,0
968744,reward,7316,641.6447399481316,634.131,SF-P3O,Hopper-v4,0
968923,reward,7317,632.4043747510138,628.079,SF-P3O,Hopper-v4,0
969112,reward,7318,673.1176167659776,627.097,SF-P3O,Hopper-v4,0
969290,reward,7319,627.7098463270479,629.798,SF-P3O,Hopper-v4,0
969467,reward,7320,629.21325310245,635.022,SF-P3O,Hopper-v4,0
969656,reward,7321,679.4477088194154,640.912,SF-P3O,Hopper-v4,0
969846,reward,7322,687.7293032872844,649.454,SF-P3O,Hopper-v4,0
970000,speed,837.3,25.71,SF-P3O,Hopper-v4,0
970001,spectral,0.082038,0.946262,0.1269,SF-P3O,Hopper-v4,0
970013,reward,7323,581.7019681893123,643.768,SF-P3O,Hopper-v4,0
970200,reward,7324,664.1343728733173,646.87,SF-P3O,Hopper-v4,0
970380,reward,7325,623.7128338413505,644.082,SF-P3O,Hopper-v4,0
970567,reward,7326,653.3696439583673,645.254,SF-P3O,Hopper-v4,0
970751,reward,7327,652.8412186179277,647.298,SF-P3O,Hopper-v4,0
970930,reward,7328,639.3856365960436,643.925,SF-P3O,Hopper-v4,0
971109,reward,7329,633.2011179631505,644.474,SF-P3O,Hopper-v4,0
971293,reward,7330,642.257053065421,645.778,SF-P3O,Hopper-v4,0
971473,reward,7331,643.6941082424346,642.203,SF-P3O,Hopper-v4,0
971665,reward,7332,683.7039810809022,641.8,SF-P3O,Hopper-v4,0
971853,reward,7333,672.6925338838254,650.899,SF-P3O,Hopper-v4,0
972035,reward,7334,642.7300097352634,648.759,SF-P3O,Hopper-v4,0
972216,reward,7335,627.3461827395756,649.122,SF-P3O,Hopper-v4,0
972408,reward,7336,695.239481325112,653.309,SF-P3O,Hopper-v4,0
972581,reward,7337,614.6989095120338,649.495,SF-P3O,Hopper-v4,0
972764,reward,7338,642.6536703090981,649.822,SF-P3O,Hopper-v4,0
972935,reward,7339,604.6781031250616,646.969,SF-P3O,Hopper-v4,0
973103,reward,7340,582.3876168252986,640.982,SF-P3O,Hopper-v4,0
973285,reward,7341,648.2338700530058,641.436,SF-P3O,Hopper-v4,0
973463,reward,7342,624.7659708403838,635.543,SF-P3O,Hopper-v4,0
973637,reward,7343,610.0954523990192,629.283,SF-P3O,Hopper-v4,0
973816,reward,7344,626.9158392022392,627.702,SF-P3O,Hopper-v4,0
974004,reward,7345,686.188400529228,633.586,SF-P3O,Hopper-v4,0
974183,reward,7346,627.8488394560162,626.847,SF-P3O,Hopper-v4,0
974375,reward,7347,687.8624736171896,634.163,SF-P3O,Hopper-v4,0
974540,reward,7348,574.166064080294,627.314,SF-P3O,Hopper-v4,0
974706,reward,7349,574.5993091791248,624.306,SF-P3O,Hopper-v4,0
974848,loss,-0.01595381088554859,0.8402078151702881,SF-P3O,Hopper-v4,0
974889,reward,7350,645.615052166769,630.629,SF-P3O,Hopper-v4,0
975056,reward,7351,578.3362277933437,623.639,SF-P3O,Hopper-v4,0
975239,reward,7352,653.5044429604696,626.513,SF-P3O,Hopper-v4,0
975425,reward,7353,648.7602951177761,630.38,SF-P3O,Hopper-v4,0
975615,reward,7354,678.4391923201504,635.532,SF-P3O,Hopper-v4,0
975804,reward,7355,679.9643587104665,634.91,SF-P3O,Hopper-v4,0
975985,reward,7356,640.8849501412316,636.213,SF-P3O,Hopper-v4,0
976158,reward,7357,605.9289961467481,628.02,SF-P3O,Hopper-v4,0
976350,reward,7358,690.7430171176251,639.678,SF-P3O,Hopper-v4,0
976536,reward,7359,672.9865540662058,649.516,SF-P3O,Hopper-v4,0
976719,reward,7360,643.4885735501168,649.304,SF-P3O,Hopper-v4,0
976894,reward,7361,607.479156524444,652.218,SF-P3O,Hopper-v4,0
977075,reward,7362,641.6945033723954,651.037,SF-P3O,Hopper-v4,0
977255,reward,7363,640.7001991435127,650.231,SF-P3O,Hopper-v4,0
977434,reward,7364,638.0794141382479,646.195,SF-P3O,Hopper-v4,0
977616,reward,7365,651.5892452599287,643.357,SF-P3O,Hopper-v4,0
977786,reward,7366,595.7586294550923,638.845,SF-P3O,Hopper-v4,0
977979,reward,7367,700.1791665356793,648.27,SF-P3O,Hopper-v4,0
978151,reward,7368,603.2673822232222,639.522,SF-P3O,Hopper-v4,0
978305,reward,7369,498.05252409323674,622.029,SF-P3O,Hopper-v4,0
978489,reward,7370,662.3148391924739,623.912,SF-P3O,Hopper-v4,0
978667,reward,7371,630.6814889720018,626.232,SF-P3O,Hopper-v4,0
978848,reward,7372,649.3809140070492,627.0,SF-P3O,Hopper-v4,0
979031,reward,7373,657.2178475070697,628.652,SF-P3O,Hopper-v4,0
979190,reward,7374,536.2505937124193,618.469,SF-P3O,Hopper-v4,0
979366,reward,7375,622.2694343137309,615.537,SF-P3O,Hopper-v4,0
979541,reward,7376,614.7038946699018,617.432,SF-P3O,Hopper-v4,0
979727,reward,7377,658.426280872579,613.257,SF-P3O,Hopper-v4,0
979902,reward,7378,608.9618872907301,613.826,SF-P3O,Hopper-v4,0
980000,speed,848.46,25.91,SF-P3O,Hopper-v4,0
980001,perturb,0.082533,0.946122,0.1327,295,476,0.0,13,SF-P3O,Hopper-v4,0
980109,reward,7379,755.4783544430652,639.569,SF-P3O,Hopper-v4,0
980281,reward,7380,600.283086409094,633.365,SF-P3O,Hopper-v4,0
980466,reward,7381,653.6129920055569,635.659,SF-P3O,Hopper-v4,0
980648,reward,7382,636.9198721687968,634.412,SF-P3O,Hopper-v4,0
980831,reward,7383,655.1725978190467,634.208,SF-P3O,Hopper-v4,0
980988,reward,7384,517.3891746767159,632.322,SF-P3O,Hopper-v4,0
981163,reward,7385,617.837044380645,631.879,SF-P3O,Hopper-v4,0
981339,reward,7386,627.289237765643,633.137,SF-P3O,Hopper-v4,0
981527,reward,7387,674.4215798426603,634.737,SF-P3O,Hopper-v4,0
981713,reward,7388,659.6643365994872,639.807,SF-P3O,Hopper-v4,0
981900,reward,7389,664.5569493841995,630.715,SF-P3O,Hopper-v4,0
982085,reward,7390,658.9816958566682,636.585,SF-P3O,Hopper-v4,0
982264,reward,7391,635.2233998387303,634.746,SF-P3O,Hopper-v4,0
982440,reward,7392,620.52063575981,633.106,SF-P3O,Hopper-v4,0
982622,reward,7393,647.298612945603,632.318,SF-P3O,Hopper-v4,0
982804,reward,7394,646.1791898273722,645.197,SF-P3O,Hopper-v4,0
982979,reward,7395,611.679145673962,644.581,SF-P3O,Hopper-v4,0
983040,loss,-0.006064224988222122,0.6599376201629639,SF-P3O,Hopper-v4,0
983040,diagnostics,0.0,65.11,58.0971,0.083153,0.945836,0.1267,0.201814,SF-P3O,Hopper-v4,0
983161,reward,7396,647.5318470189287,646.606,SF-P3O,Hopper-v4,0
983329,reward,7397,582.7260303027235,637.436,SF-P3O,Hopper-v4,0
983524,reward,7398,696.1217897682833,641.082,SF-P3O,Hopper-v4,0
983708,reward,7399,648.7653228867987,639.503,SF-P3O,Hopper-v4,0
983889,reward,7400,648.2368763289892,638.428,SF-P3O,Hopper-v4,0
984066,reward,7401,629.0741453012732,637.813,SF-P3O,Hopper-v4,0
984246,reward,7402,640.7901186792296,639.84,SF-P3O,Hopper-v4,0
984416,reward,7403,592.5796034334264,634.368,SF-P3O,Hopper-v4,0
984608,reward,7404,688.4875499847512,638.599,SF-P3O,Hopper-v4,0
984778,reward,7405,591.7545568257212,636.607,SF-P3O,Hopper-v4,0
984960,reward,7406,645.1173546408273,636.365,SF-P3O,Hopper-v4,0
985144,reward,7407,653.8216552508381,643.475,SF-P3O,Hopper-v4,0
985324,reward,7408,641.8763339759631,638.05,SF-P3O,Hopper-v4,0
985515,reward,7409,684.2094308394902,641.595,SF-P3O,Hopper-v4,0
985688,reward,7410,609.7000103791072,637.741,SF-P3O,Hopper-v4,0
985861,reward,7411,613.7083529583942,636.204,SF-P3O,Hopper-v4,0
986041,reward,7412,646.7165670235886,636.797,SF-P3O,Hopper-v4,0
986215,reward,7413,618.71307825393,639.41,SF-P3O,Hopper-v4,0
986392,reward,7414,622.926995717811,632.854,SF-P3O,Hopper-v4,0
986563,reward,7415,601.8715142877659,633.866,SF-P3O,Hopper-v4,0
986740,reward,7416,625.206162654783,631.875,SF-P3O,Hopper-v4,0
986932,reward,7417,700.541309785204,636.547,SF-P3O,Hopper-v4,0
987107,reward,7418,611.6611564415139,633.525,SF-P3O,Hopper-v4,0
987283,reward,7419,619.8037519742412,627.085,SF-P3O,Hopper-v4,0
987454,reward,7420,598.3284954958477,625.948,SF-P3O,Hopper-v4,0
987629,reward,7421,613.6798926890704,625.945,SF-P3O,Hopper-v4,0
987798,reward,7422,583.378564354678,619.611,SF-P3O,Hopper-v4,0
987984,reward,7423,659.6837025992163,623.708,SF-P3O,Hopper-v4,0
988161,reward,7424,625.7819530800284,623.994,SF-P3O,Hopper-v4,0
988351,reward,7425,685.3869116973472,632.345,SF-P3O,Hopper-v4,0
988528,reward,7426,622.1211239576201,632.037,SF-P3O,Hopper-v4,0
988708,reward,7427,639.4556261901276,625.928,SF-P3O,Hopper-v4,0
988883,reward,7428,626.2622400407928,627.388,SF-P3O,Hopper-v4,0
989061,reward,7429,626.4547274902004,628.053,SF-P3O,Hopper-v4,0
989236,reward,7430,617.7293432803424,629.993,SF-P3O,Hopper-v4,0
989427,reward,7431,688.7498610000027,637.5,SF-P3O,Hopper-v4,0
989604,reward,7432,623.9836616290048,641.561,SF-P3O,Hopper-v4,0
989785,reward,7433,633.1225144668161,638.905,SF-P3O,Hopper-v4,0
989979,reward,7434,697.7413044382384,646.101,SF-P3O,Hopper-v4,0
990000,speed,838.48,26.11,SF-P3O,Hopper-v4,0
990001,spectral,0.083153,0.945836,0.1267,SF-P3O,Hopper-v4,0
990164,reward,7435,656.1575085703271,643.178,SF-P3O,Hopper-v4,0
990338,reward,7436,609.5127577604719,641.917,SF-P3O,Hopper-v4,0
990520,reward,7437,646.9821403146224,642.67,SF-P3O,Hopper-v4,0
990691,reward,7438,601.820991919068,640.225,SF-P3O,Hopper-v4,0
990866,reward,7439,622.537123588442,639.834,SF-P3O,Hopper-v4,0
991047,reward,7440,645.9707975350642,642.658,SF-P3O,Hopper-v4,0
991232,loss,0.07625219970941544,1.184252381324768,SF-P3O,Hopper-v4,0
991238,reward,7441,685.0124384908999,642.284,SF-P3O,Hopper-v4,0
991431,reward,7442,707.1178198970945,650.598,SF-P3O,Hopper-v4,0
991615,reward,7443,641.5803616330703,651.443,SF-P3O,Hopper-v4,0
991792,reward,7444,624.3585137848061,644.105,SF-P3O,Hopper-v4,0
991952,reward,7445,541.9828090831454,632.688,SF-P3O,Hopper-v4,0
992128,reward,7446,613.5871432620993,633.095,SF-P3O,Hopper-v4,0
992301,reward,7447,612.8719213364417,629.684,SF-P3O,Hopper-v4,0
992483,reward,7448,645.8549025653531,634.087,SF-P3O,Hopper-v4,0
992648,reward,7449,573.744597941086,629.208,SF-P3O,Hopper-v4,0
992838,reward,7450,683.8498997075968,632.996,SF-P3O,Hopper-v4,0
993012,reward,7451,600.2093961964486,624.516,SF-P3O,Hopper-v4,0
993181,reward,7452,581.1262012466404,611.917,SF-P3O,Hopper-v4,0
993363,reward,7453,639.4699967781112,611.706,SF-P3O,Hopper-v4,0
993534,reward,7454,595.8530866855741,608.855,SF-P3O,Hopper-v4,0
993722,reward,7455,652.0501019314726,619.862,SF-P3O,Hopper-v4,0
993910,reward,7456,686.5714494376689,627.16,SF-P3O,Hopper-v4,0
994093,reward,7457,658.1152559573815,631.684,SF-P3O,Hopper-v4,0
994261,reward,7458,584.3746487675542,625.536,SF-P3O,Hopper-v4,0
994426,reward,7459,574.5572293337764,625.618,SF-P3O,Hopper-v4,0
994617,reward,7460,679.9754589620139,625.23,SF-P3O,Hopper-v4,0
994794,reward,7461,632.9272274322992,628.502,SF-P3O,Hopper-v4,0
994982,reward,7462,671.1317211391391,637.503,SF-P3O,Hopper-v4,0
995175,reward,7463,708.061497290092,644.362,SF-P3O,Hopper-v4,0
995356,reward,7464,654.0655090110447,650.183,SF-P3O,Hopper-v4,0
995531,reward,7465,614.7207085835109,646.45,SF-P3O,Hopper-v4,0
995709,reward,7466,635.7946944100968,641.372,SF-P3O,Hopper-v4,0
995891,reward,7467,632.6835395502522,638.829,SF-P3O,Hopper-v4,0
996062,reward,7468,601.2768187083088,640.519,SF-P3O,Hopper-v4,0
996230,reward,7469,581.6554149778035,641.229,SF-P3O,Hopper-v4,0
996402,reward,7470,605.0316335737523,633.735,SF-P3O,Hopper-v4,0
996587,reward,7471,659.0707789155095,636.349,SF-P3O,Hopper-v4,0
996770,reward,7472,645.8564987113924,633.822,SF-P3O,Hopper-v4,0
996957,reward,7473,665.3627265411131,629.552,SF-P3O,Hopper-v4,0
997140,reward,7474,648.3451193256667,628.98,SF-P3O,Hopper-v4,0
997316,reward,7475,623.5535873961146,629.863,SF-P3O,Hopper-v4,0
997497,reward,7476,639.6118259767729,630.245,SF-P3O,Hopper-v4,0
997667,reward,7477,600.3658669601214,627.013,SF-P3O,Hopper-v4,0
997856,reward,7478,671.0086884335376,633.986,SF-P3O,Hopper-v4,0
998037,reward,7479,635.0098401523913,639.322,SF-P3O,Hopper-v4,0
998220,reward,7480,655.1959847015877,644.338,SF-P3O,Hopper-v4,0
998396,reward,7481,625.2670889898133,640.958,SF-P3O,Hopper-v4,0
998574,reward,7482,632.0360413535193,639.576,SF-P3O,Hopper-v4,0
998722,reward,7483,473.05787591647004,620.345,SF-P3O,Hopper-v4,0
998905,reward,7484,656.1731017266001,621.128,SF-P3O,Hopper-v4,0
999085,reward,7485,644.0207109173971,623.175,SF-P3O,Hopper-v4,0
999269,reward,7486,655.3572565755276,624.749,SF-P3O,Hopper-v4,0
999424,loss,-0.003668883815407753,0.6054269075393677,SF-P3O,Hopper-v4,0
999424,diagnostics,0.0,65.25,71.6003,0.083917,0.94614,0.1355,0.179662,SF-P3O,Hopper-v4,0
999450,reward,7487,632.3286301799782,627.946,SF-P3O,Hopper-v4,0
999619,reward,7488,586.571660801268,619.502,SF-P3O,Hopper-v4,0
999812,reward,7489,697.5420425266602,625.755,SF-P3O,Hopper-v4,0
999981,reward,7490,584.7403246286515,618.709,SF-P3O,Hopper-v4,0
1000000,speed,545.98,26.41,SF-P3O,Hopper-v4,0
